time,open,high,low,close,tick_volume,spread,real_volume,volume
2026-04-27 07:15:00,4727.5,4727.97,4725.85,4725.91,1912,18,0,1912
2026-04-27 07:18:00,4725.89,4727.28,4724.96,4726.9,1862,20,0,1862
2026-04-27 07:21:00,4726.92,4727.6,4726.22,4726.94,1848,20,0,1848
2026-04-27 07:24:00,4726.94,4727.0,4725.31,4725.67,1839,19,0,1839
2026-04-27 07:27:00,4725.68,4727.02,4725.12,4726.88,1895,21,0,1895
2026-04-27 07:30:00,4726.87,4728.45,4726.85,4727.14,1889,21,0,1889
2026-04-27 07:33:00,4727.14,4730.02,4725.37,4726.17,1983,21,0,1983
2026-04-27 07:36:00,4726.36,4727.53,4725.72,4727.34,1885,21,0,1885
2026-04-27 07:39:00,4727.36,4728.22,4726.63,4728.0,1887,21,0,1887
2026-04-27 07:42:00,4727.99,4728.17,4726.02,4726.22,1891,18,0,1891
2026-04-27 07:45:00,4726.2,4726.59,4724.87,4725.76,1900,16,0,1900
2026-04-27 07:48:00,4725.75,4725.96,4723.56,4724.27,1950,20,0,1950
2026-04-27 07:51:00,4724.29,4724.53,4723.21,4724.03,1896,21,0,1896
2026-04-27 07:54:00,4724.05,4725.05,4722.7,4723.04,1912,19,0,1912
2026-04-27 07:57:00,4723.06,4726.37,4723.01,4725.03,1970,19,0,1970
2026-04-27 08:00:00,4725.01,4725.46,4721.47,4721.91,1964,21,0,1964
2026-04-27 08:03:00,4721.92,4722.1,4720.94,4721.07,1960,21,0,1960
2026-04-27 08:06:00,4721.05,4721.51,4719.95,4720.22,1953,21,0,1953
2026-04-27 08:09:00,4720.23,4720.58,4719.35,4720.35,1883,19,0,1883
2026-04-27 08:12:00,4720.33,4720.53,4718.29,4718.42,1942,21,0,1942
2026-04-27 08:15:00,4718.43,4718.58,4716.06,4717.18,1994,21,0,1994
2026-04-27 08:18:00,4717.17,4718.98,4717.1,4718.54,1955,21,0,1955
2026-04-27 08:21:00,4718.54,4718.81,4717.89,4718.73,1916,18,0,1916
2026-04-27 08:24:00,4718.75,4719.54,4717.66,4718.52,2052,15,0,2052
2026-04-27 08:27:00,4718.52,4719.89,4718.07,4718.21,1935,15,0,1935
2026-04-27 08:30:00,4718.2,4718.36,4714.11,4715.38,2264,15,0,2264
2026-04-27 08:33:00,4715.31,4715.5,4710.15,4711.1,2162,21,0,2162
2026-04-27 08:36:00,4711.09,4712.4,4709.68,4710.51,2253,21,0,2253
2026-04-27 08:39:00,4710.53,4711.91,4709.77,4709.96,2063,21,0,2063
2026-04-27 08:42:00,4709.97,4712.28,4709.12,4711.66,2030,21,0,2030
2026-04-27 08:45:00,4711.66,4713.66,4711.33,4712.89,1957,20,0,1957
2026-04-27 08:48:00,4712.89,4713.46,4709.29,4710.2,2018,20,0,2018
2026-04-27 08:51:00,4710.17,4711.7,4708.68,4710.02,2103,21,0,2103
2026-04-27 08:54:00,4710.01,4712.91,4709.78,4712.29,2104,21,0,2104
2026-04-27 08:57:00,4712.31,4713.07,4709.74,4710.07,2032,21,0,2032
2026-04-27 09:00:00,4710.06,4713.14,4709.58,4711.37,2193,18,0,2193
2026-04-27 09:03:00,4711.39,4712.78,4709.22,4712.6,2209,17,0,2209
2026-04-27 09:06:00,4712.61,4712.8,4709.41,4712.44,2164,17,0,2164
2026-04-27 09:09:00,4712.41,4714.98,4711.85,4714.43,2031,16,0,2031
2026-04-27 09:12:00,4714.41,4715.65,4713.54,4714.49,2035,16,0,2035
2026-04-27 09:15:00,4714.49,4714.53,4711.59,4711.91,2089,18,0,2089
2026-04-27 09:18:00,4711.92,4713.91,4711.36,4713.58,2110,18,0,2110
2026-04-27 09:21:00,4713.6,4715.12,4713.6,4714.15,2007,16,0,2007
2026-04-27 09:24:00,4714.1,4715.68,4713.18,4713.72,2065,15,0,2065
2026-04-27 09:27:00,4713.74,4714.51,4712.4,4714.42,2075,18,0,2075
2026-04-27 09:30:00,4714.43,4714.47,4709.16,4712.59,2240,18,0,2240
2026-04-27 09:33:00,4712.58,4713.2,4709.63,4711.15,2099,17,0,2099
2026-04-27 09:36:00,4711.17,4713.44,4710.4,4713.43,2004,14,0,2004
2026-04-27 09:39:00,4713.33,4713.98,4710.24,4711.13,2073,13,0,2073
2026-04-27 09:42:00,4711.13,4712.89,4710.51,4710.69,2366,12,0,2366
2026-04-27 09:45:00,4710.69,4713.05,4709.92,4711.94,2066,12,0,2066
2026-04-27 09:48:00,4711.96,4715.55,4711.71,4715.15,2448,12,0,2448
2026-04-27 09:51:00,4715.15,4715.24,4713.29,4713.4,2045,12,0,2045
2026-04-27 09:54:00,4713.39,4714.61,4713.21,4713.87,1918,12,0,1918
2026-04-27 09:57:00,4713.82,4714.56,4711.93,4712.78,2073,16,0,2073
2026-04-27 10:00:00,4712.8,4714.45,4710.83,4714.38,2168,18,0,2168
2026-04-27 10:03:00,4714.36,4717.65,4713.9,4714.88,2141,18,0,2141
2026-04-27 10:06:00,4714.86,4718.26,4714.81,4715.76,2215,17,0,2215
2026-04-27 10:09:00,4715.78,4717.57,4714.14,4715.21,2133,17,0,2133
2026-04-27 10:12:00,4715.2,4717.48,4714.63,4717.08,2068,14,0,2068
2026-04-27 10:15:00,4717.09,4717.31,4712.33,4713.36,2084,14,0,2084
2026-04-27 10:18:00,4713.35,4716.7,4712.57,4715.35,2062,15,0,2062
2026-04-27 10:21:00,4715.34,4717.77,4713.56,4717.16,2253,12,0,2253
2026-04-27 10:24:00,4717.14,4718.3,4716.95,4717.2,2235,12,0,2235
2026-04-27 10:27:00,4717.23,4717.35,4714.21,4716.07,1991,12,0,1991
2026-04-27 10:30:00,4716.06,4716.89,4713.69,4715.94,2059,16,0,2059
2026-04-27 10:33:00,4715.93,4717.34,4714.57,4714.63,2133,12,0,2133
2026-04-27 10:36:00,4714.63,4715.32,4713.43,4714.25,1946,15,0,1946
2026-04-27 10:39:00,4714.24,4716.54,4714.19,4715.43,2024,18,0,2024
2026-04-27 10:42:00,4715.43,4716.76,4714.53,4714.85,2037,15,0,2037
2026-04-27 10:45:00,4714.86,4716.92,4714.65,4715.43,2269,12,0,2269
2026-04-27 10:48:00,4715.45,4715.61,4712.68,4713.75,2083,12,0,2083
2026-04-27 10:51:00,4713.72,4714.76,4710.4,4711.05,2134,18,0,2134
2026-04-27 10:54:00,4711.07,4713.59,4709.95,4713.23,2192,12,0,2192
2026-04-27 10:57:00,4713.24,4714.31,4712.69,4713.38,2389,12,0,2389
2026-04-27 11:00:00,4713.39,4714.26,4710.38,4711.6,2403,12,0,2403
2026-04-27 11:03:00,4711.59,4713.27,4710.73,4712.48,2101,15,0,2101
2026-04-27 11:06:00,4712.36,4713.16,4710.19,4712.72,2185,15,0,2185
2026-04-27 11:09:00,4712.69,4713.48,4710.15,4712.78,2239,15,0,2239
2026-04-27 11:12:00,4712.78,4713.81,4710.87,4710.91,2153,13,0,2153
2026-04-27 11:15:00,4710.93,4714.04,4710.86,4713.95,2112,13,0,2112
2026-04-27 11:18:00,4713.96,4714.04,4709.95,4711.27,2258,12,0,2258
2026-04-27 11:21:00,4711.26,4712.38,4709.49,4709.6,1996,13,0,1996
2026-04-27 11:24:00,4709.6,4711.79,4709.44,4709.63,2056,16,0,2056
2026-04-27 11:27:00,4709.62,4711.81,4709.6,4710.68,2107,18,0,2107
2026-04-27 11:30:00,4710.69,4710.74,4706.91,4709.01,2174,18,0,2174
2026-04-27 11:33:00,4709.0,4709.85,4707.78,4709.22,2138,12,0,2138
2026-04-27 11:36:00,4709.25,4709.37,4706.96,4708.43,2052,12,0,2052
2026-04-27 11:39:00,4708.4,4708.43,4705.34,4707.19,2170,12,0,2170
2026-04-27 11:42:00,4707.19,4711.86,4706.74,4711.84,2067,14,0,2067
2026-04-27 11:45:00,4711.83,4714.71,4711.77,4713.98,2039,13,0,2039
2026-04-27 11:48:00,4713.97,4714.21,4710.83,4711.43,2343,12,0,2343
2026-04-27 11:51:00,4711.4,4711.46,4707.09,4707.7,2147,12,0,2147
2026-04-27 11:54:00,4707.69,4708.64,4706.37,4708.47,2209,12,0,2209
2026-04-27 11:57:00,4708.47,4708.47,4705.56,4706.74,1985,12,0,1985
2026-04-27 12:00:00,4706.84,4708.18,4705.61,4706.73,2130,14,0,2130
2026-04-27 12:03:00,4706.8,4707.34,4705.65,4706.31,2275,12,0,2275
2026-04-27 12:06:00,4706.33,4708.33,4705.98,4707.23,2070,12,0,2070
2026-04-27 12:09:00,4707.25,4707.35,4702.49,4703.21,2299,12,0,2299
2026-04-27 12:12:00,4703.29,4706.12,4703.19,4705.16,2348,12,0,2348
2026-04-27 12:15:00,4705.16,4705.34,4703.47,4705.09,2372,12,0,2372
2026-04-27 12:18:00,4705.07,4705.98,4704.4,4705.1,2251,12,0,2251
2026-04-27 12:21:00,4705.11,4705.95,4704.96,4705.63,2058,12,0,2058
2026-04-27 12:24:00,4705.66,4706.65,4704.69,4705.12,1920,12,0,1920
2026-04-27 12:27:00,4705.12,4705.33,4701.56,4702.43,1970,14,0,1970
2026-04-27 12:30:00,4702.43,4703.87,4699.35,4703.87,2069,18,0,2069
2026-04-27 12:33:00,4703.84,4703.94,4701.7,4701.81,1991,16,0,1991
2026-04-27 12:36:00,4701.74,4703.41,4700.76,4702.88,2026,16,0,2026
2026-04-27 12:39:00,4702.9,4705.47,4702.78,4705.37,1966,13,0,1966
2026-04-27 12:42:00,4705.4,4705.4,4703.33,4704.66,1978,12,0,1978
2026-04-27 12:45:00,4704.66,4704.68,4701.24,4701.46,2047,12,0,2047
2026-04-27 12:48:00,4701.47,4701.5,4699.54,4699.56,1907,13,0,1907
2026-04-27 12:51:00,4699.55,4702.59,4699.54,4702.29,1934,16,0,1934
2026-04-27 12:54:00,4702.29,4702.46,4700.17,4702.05,1897,16,0,1897
2026-04-27 12:57:00,4702.08,4704.4,4702.06,4703.61,2268,12,0,2268
2026-04-27 13:00:00,4703.62,4704.78,4702.74,4703.81,2065,12,0,2065
2026-04-27 13:03:00,4703.8,4706.3,4703.79,4706.07,1907,14,0,1907
2026-04-27 13:06:00,4706.08,4706.88,4704.58,4704.84,1966,14,0,1966
2026-04-27 13:09:00,4704.85,4704.87,4703.25,4703.83,2165,12,0,2165
2026-04-27 13:12:00,4703.8,4703.98,4701.6,4701.95,1886,13,0,1886
2026-04-27 13:15:00,4701.95,4703.06,4699.54,4702.6,1926,17,0,1926
2026-04-27 13:18:00,4702.58,4703.8,4701.99,4703.53,2154,12,0,2154
2026-04-27 13:21:00,4703.5,4705.78,4703.5,4705.77,1921,12,0,1921
2026-04-27 13:24:00,4705.77,4705.85,4703.43,4703.92,1899,13,0,1899
2026-04-27 13:27:00,4703.94,4705.54,4703.53,4705.14,1896,15,0,1896
2026-04-27 13:30:00,4705.13,4707.3,4704.67,4706.84,1955,12,0,1955
2026-04-27 13:33:00,4706.86,4708.15,4705.35,4705.42,1983,14,0,1983
2026-04-27 13:36:00,4705.44,4709.55,4705.39,4708.35,1967,14,0,1967
2026-04-27 13:39:00,4708.35,4710.55,4707.53,4709.52,2363,12,0,2363
2026-04-27 13:42:00,4709.51,4710.22,4708.55,4709.03,1988,18,0,1988
2026-04-27 13:45:00,4709.02,4710.82,4708.21,4708.52,1995,16,0,1995
2026-04-27 13:48:00,4708.51,4709.21,4707.26,4707.39,1977,15,0,1977
2026-04-27 13:51:00,4707.38,4710.26,4707.11,4709.62,2079,12,0,2079
2026-04-27 13:54:00,4709.68,4710.96,4708.94,4709.51,2076,12,0,2076
2026-04-27 13:57:00,4709.52,4710.42,4708.28,4708.84,2266,12,0,2266
2026-04-27 14:00:00,4708.85,4709.11,4705.39,4706.41,2093,13,0,2093
2026-04-27 14:03:00,4706.4,4706.89,4705.44,4706.3,2165,12,0,2165
2026-04-27 14:06:00,4706.31,4707.82,4706.27,4706.83,2029,12,0,2029
2026-04-27 14:09:00,4706.84,4707.17,4704.83,4705.57,2213,12,0,2213
2026-04-27 14:12:00,4705.56,4705.82,4703.95,4704.04,2187,12,0,2187
2026-04-27 14:15:00,4704.05,4704.3,4700.66,4702.51,2272,12,0,2272
2026-04-27 14:18:00,4702.52,4704.86,4702.1,4703.0,2450,12,0,2450
2026-04-27 14:21:00,4703.02,4704.49,4700.25,4704.08,2105,13,0,2105
2026-04-27 14:24:00,4704.1,4706.21,4703.18,4705.89,2161,12,0,2161
2026-04-27 14:27:00,4705.89,4706.96,4704.85,4705.25,2397,12,0,2397
2026-04-27 14:30:00,4705.25,4708.14,4704.46,4708.09,2325,12,0,2325
2026-04-27 14:33:00,4708.09,4708.53,4704.76,4704.9,2361,12,0,2361
2026-04-27 14:36:00,4704.91,4705.35,4700.66,4702.68,2255,12,0,2255
2026-04-27 14:39:00,4702.69,4703.7,4700.05,4702.57,2286,12,0,2286
2026-04-27 14:42:00,4702.45,4704.26,4701.91,4702.61,2087,12,0,2087
2026-04-27 14:45:00,4702.61,4705.31,4702.59,4703.62,2035,12,0,2035
2026-04-27 14:48:00,4703.64,4703.91,4702.5,4702.72,2188,12,0,2188
2026-04-27 14:51:00,4702.75,4702.82,4700.95,4702.64,2133,12,0,2133
2026-04-27 14:54:00,4702.66,4703.6,4701.63,4702.55,1988,13,0,1988
2026-04-27 14:57:00,4702.56,4705.06,4700.89,4704.84,2460,12,0,2460
2026-04-27 15:00:00,4704.81,4706.17,4702.77,4702.98,2381,12,0,2381
2026-04-27 15:03:00,4702.97,4705.65,4702.56,4704.6,2207,12,0,2207
2026-04-27 15:06:00,4704.57,4705.39,4702.53,4705.14,2382,12,0,2382
2026-04-27 15:09:00,4705.13,4708.23,4704.13,4706.1,2443,12,0,2443
2026-04-27 15:12:00,4706.09,4709.14,4705.64,4708.84,2304,12,0,2304
2026-04-27 15:15:00,4708.8,4711.16,4707.34,4708.36,2385,13,0,2385
2026-04-27 15:18:00,4708.38,4712.63,4708.18,4712.03,2442,12,0,2442
2026-04-27 15:21:00,4712.0,4712.02,4708.12,4709.12,2515,12,0,2515
2026-04-27 15:24:00,4709.11,4711.17,4704.18,4707.17,2399,12,0,2399
2026-04-27 15:27:00,4707.2,4707.63,4701.86,4707.05,2636,12,0,2636
2026-04-27 15:30:00,4707.03,4707.84,4704.39,4705.54,2176,12,0,2176
2026-04-27 15:33:00,4705.53,4707.33,4704.05,4704.92,2405,12,0,2405
2026-04-27 15:36:00,4704.89,4705.28,4703.09,4703.42,2420,12,0,2420
2026-04-27 15:39:00,4703.41,4703.43,4697.45,4697.81,2523,12,0,2523
2026-04-27 15:42:00,4697.81,4701.36,4697.02,4698.9,2442,12,0,2442
2026-04-27 15:45:00,4698.91,4701.53,4697.59,4700.73,2601,12,0,2601
2026-04-27 15:48:00,4700.76,4704.49,4700.73,4704.26,2499,12,0,2499
2026-04-27 15:51:00,4704.43,4704.5,4701.74,4702.15,2297,12,0,2297
2026-04-27 15:54:00,4702.19,4702.98,4698.5,4698.75,2503,12,0,2503
2026-04-27 15:57:00,4698.72,4700.3,4697.0,4699.22,2560,12,0,2560
2026-04-27 16:00:00,4699.21,4700.63,4693.3,4695.27,2965,12,0,2965
2026-04-27 16:03:00,4695.24,4697.36,4693.35,4694.33,2696,12,0,2696
2026-04-27 16:06:00,4694.33,4696.41,4693.58,4695.52,2742,12,0,2742
2026-04-27 16:09:00,4695.53,4699.61,4695.25,4697.32,2467,12,0,2467
2026-04-27 16:12:00,4697.33,4697.98,4694.03,4696.0,2466,12,0,2466
2026-04-27 16:15:00,4695.97,4701.42,4695.54,4701.38,2650,12,0,2650
2026-04-27 16:18:00,4701.37,4703.39,4699.98,4702.51,2514,12,0,2514
2026-04-27 16:21:00,4702.52,4703.05,4699.12,4699.69,2358,12,0,2358
2026-04-27 16:24:00,4699.7,4700.27,4698.0,4698.56,2407,12,0,2407
2026-04-27 16:27:00,4698.55,4700.21,4697.57,4699.92,2430,12,0,2430
2026-04-27 16:30:00,4699.93,4702.56,4696.35,4699.16,2977,12,0,2977
2026-04-27 16:33:00,4699.19,4699.34,4692.06,4693.96,3040,12,0,3040
2026-04-27 16:36:00,4693.97,4695.39,4691.36,4693.13,3080,12,0,3080
2026-04-27 16:39:00,4693.13,4694.55,4688.97,4694.01,2971,12,0,2971
2026-04-27 16:42:00,4693.98,4694.48,4691.06,4693.31,2797,12,0,2797
2026-04-27 16:45:00,4693.31,4695.32,4690.62,4694.32,2898,12,0,2898
2026-04-27 16:48:00,4694.34,4695.79,4689.33,4691.59,2883,12,0,2883
2026-04-27 16:51:00,4691.59,4695.85,4689.57,4692.86,3044,12,0,3044
2026-04-27 16:54:00,4692.83,4695.61,4691.92,4693.6,2777,12,0,2777
2026-04-27 16:57:00,4693.58,4697.38,4693.2,4696.19,2819,12,0,2819
2026-04-27 17:00:00,4696.16,4696.28,4691.94,4693.9,2826,12,0,2826
2026-04-27 17:03:00,4693.91,4695.53,4691.37,4693.9,2940,12,0,2940
2026-04-27 17:06:00,4693.86,4696.27,4690.3,4690.91,3034,12,0,3034
2026-04-27 17:09:00,4690.93,4692.07,4687.76,4691.96,2786,12,0,2786
2026-04-27 17:12:00,4691.79,4693.08,4689.99,4692.53,2771,12,0,2771
2026-04-27 17:15:00,4692.55,4693.63,4690.84,4692.22,2690,12,0,2690
2026-04-27 17:18:00,4692.22,4696.66,4690.74,4695.13,2817,12,0,2817
2026-04-27 17:21:00,4695.16,4696.25,4692.99,4693.65,2704,12,0,2704
2026-04-27 17:24:00,4693.64,4694.28,4689.34,4689.57,2628,12,0,2628
2026-04-27 17:27:00,4689.55,4690.31,4686.21,4688.96,2567,12,0,2567
2026-04-27 17:30:00,4688.95,4689.08,4684.81,4685.97,2985,12,0,2985
2026-04-27 17:33:00,4685.85,4690.62,4683.57,4690.62,2669,12,0,2669
2026-04-27 17:36:00,4690.58,4696.65,4690.58,4691.97,2829,14,0,2829
2026-04-27 17:39:00,4691.95,4694.75,4690.29,4690.7,2486,12,0,2486
2026-04-27 17:42:00,4690.7,4695.08,4690.13,4693.46,2539,12,0,2539
2026-04-27 17:45:00,4693.47,4694.03,4691.11,4692.77,2283,13,0,2283
2026-04-27 17:48:00,4692.74,4693.28,4687.9,4688.35,2373,12,0,2373
2026-04-27 17:51:00,4688.34,4689.88,4679.99,4680.95,2573,12,0,2573
2026-04-27 17:54:00,4680.92,4681.45,4676.54,4677.77,2799,12,0,2799
2026-04-27 17:57:00,4677.77,4680.15,4676.65,4678.17,2555,12,0,2555
2026-04-27 18:00:00,4678.15,4679.41,4668.9,4673.09,2736,12,0,2736
2026-04-27 18:03:00,4673.06,4675.13,4667.13,4670.69,2879,13,0,2879
2026-04-27 18:06:00,4670.68,4673.48,4669.22,4673.4,2823,12,0,2823
2026-04-27 18:09:00,4673.4,4676.15,4670.08,4675.85,2886,12,0,2886
2026-04-27 18:12:00,4675.87,4676.97,4671.84,4674.51,2659,12,0,2659
2026-04-27 18:15:00,4674.5,4677.58,4672.95,4676.75,2551,12,0,2551
2026-04-27 18:18:00,4676.71,4678.15,4675.67,4677.7,2582,12,0,2582
2026-04-27 18:21:00,4677.69,4678.44,4671.83,4674.49,2734,12,0,2734
2026-04-27 18:24:00,4674.47,4675.82,4671.94,4675.69,2659,12,0,2659
2026-04-27 18:27:00,4675.71,4681.12,4675.59,4681.1,2722,12,0,2722
2026-04-27 18:30:00,4681.13,4682.53,4678.46,4679.08,2716,12,0,2716
2026-04-27 18:33:00,4679.11,4679.53,4676.99,4678.44,2544,12,0,2544
2026-04-27 18:36:00,4678.4,4679.29,4677.24,4678.13,2539,12,0,2539
2026-04-27 18:39:00,4678.1,4681.22,4677.98,4679.53,2315,12,0,2315
2026-04-27 18:42:00,4679.54,4680.27,4677.45,4677.54,2405,12,0,2405
2026-04-27 18:45:00,4677.5,4678.06,4674.94,4676.86,2598,12,0,2598
2026-04-27 18:48:00,4676.85,4677.14,4672.73,4674.5,2443,12,0,2443
2026-04-27 18:51:00,4674.5,4676.39,4673.92,4674.07,2654,12,0,2654
2026-04-27 18:54:00,4674.05,4674.4,4669.7,4669.85,2539,12,0,2539
2026-04-27 18:57:00,4669.84,4671.08,4667.9,4670.03,2485,12,0,2485
2026-04-27 19:00:00,4670.02,4670.23,4667.3,4669.89,2301,18,0,2301
2026-04-27 19:03:00,4670.0,4672.68,4668.65,4671.95,2216,15,0,2216
2026-04-27 19:06:00,4671.92,4674.44,4671.64,4673.67,2223,12,0,2223
2026-04-27 19:09:00,4673.62,4674.64,4671.93,4674.28,2117,13,0,2117
2026-04-27 19:12:00,4674.23,4674.92,4672.75,4674.53,2176,14,0,2176
2026-04-27 19:15:00,4674.56,4677.08,4674.01,4676.45,2201,13,0,2201
2026-04-27 19:18:00,4676.47,4677.74,4676.08,4676.42,2255,12,0,2255
2026-04-27 19:21:00,4676.42,4677.16,4674.74,4676.05,2576,12,0,2576
2026-04-27 19:24:00,4676.04,4676.24,4673.98,4674.44,2278,12,0,2278
2026-04-27 19:27:00,4674.42,4676.4,4673.72,4676.37,2067,12,0,2067
2026-04-27 19:30:00,4676.36,4678.22,4676.06,4677.58,2096,12,0,2096
2026-04-27 19:33:00,4677.61,4679.02,4677.49,4678.1,2366,12,0,2366
2026-04-27 19:36:00,4678.12,4679.5,4677.68,4678.98,2223,12,0,2223
2026-04-27 19:39:00,4678.97,4678.97,4676.09,4676.3,2173,12,0,2173
2026-04-27 19:42:00,4676.35,4676.78,4674.27,4674.8,1925,12,0,1925
2026-04-27 19:45:00,4674.79,4678.01,4674.74,4675.65,2011,13,0,2011
2026-04-27 19:48:00,4675.66,4677.06,4675.04,4676.94,1944,12,0,1944
2026-04-27 19:51:00,4676.95,4677.59,4674.98,4676.85,2020,16,0,2020
2026-04-27 19:54:00,4676.9,4677.43,4675.8,4676.67,2058,14,0,2058
2026-04-27 19:57:00,4676.7,4677.27,4676.04,4676.69,2088,12,0,2088
2026-04-27 20:00:00,4676.67,4678.48,4675.23,4675.54,2140,13,0,2140
2026-04-27 20:03:00,4675.53,4676.11,4673.69,4674.03,2118,13,0,2118
2026-04-27 20:06:00,4674.04,4675.39,4673.01,4673.56,2155,15,0,2155
2026-04-27 20:09:00,4673.58,4673.86,4671.67,4673.08,2144,17,0,2144
2026-04-27 20:12:00,4673.06,4674.74,4672.5,4673.71,2169,13,0,2169
2026-04-27 20:15:00,4673.68,4674.5,4670.19,4671.12,2336,12,0,2336
2026-04-27 20:18:00,4671.14,4671.6,4668.26,4670.6,2108,18,0,2108
2026-04-27 20:21:00,4670.6,4676.93,4670.43,4676.16,2513,13,0,2513
2026-04-27 20:24:00,4676.18,4678.87,4674.19,4678.01,2288,16,0,2288
2026-04-27 20:27:00,4678.03,4679.97,4676.74,4679.75,2250,14,0,2250
2026-04-27 20:30:00,4679.77,4683.78,4679.44,4683.76,2211,15,0,2211
2026-04-27 20:33:00,4683.83,4686.17,4682.66,4685.47,2200,16,0,2200
2026-04-27 20:36:00,4685.49,4685.5,4682.2,4682.47,2126,14,0,2126
2026-04-27 20:39:00,4682.47,4682.62,4679.93,4681.53,2187,12,0,2187
2026-04-27 20:42:00,4681.53,4683.21,4680.6,4683.13,2061,13,0,2061
2026-04-27 20:45:00,4683.14,4684.43,4681.46,4681.93,2110,13,0,2110
2026-04-27 20:48:00,4681.92,4683.17,4681.09,4683.11,2080,13,0,2080
2026-04-27 20:51:00,4683.11,4683.38,4681.95,4681.95,2060,14,0,2060
2026-04-27 20:54:00,4681.96,4683.85,4681.46,4683.28,2051,14,0,2051
2026-04-27 20:57:00,4683.25,4683.75,4682.11,4682.18,1990,15,0,1990
2026-04-27 21:00:00,4682.19,4682.2,4680.83,4681.38,2047,16,0,2047
2026-04-27 21:03:00,4681.39,4681.86,4679.37,4679.38,2013,15,0,2013
2026-04-27 21:06:00,4679.39,4681.97,4678.95,4681.9,2027,17,0,2027
2026-04-27 21:09:00,4681.91,4682.76,4681.04,4681.96,1916,13,0,1916
2026-04-27 21:12:00,4681.95,4682.54,4680.77,4681.52,1977,13,0,1977
2026-04-27 21:15:00,4681.49,4682.46,4680.59,4682.33,1931,13,0,1931
2026-04-27 21:18:00,4682.31,4682.62,4681.03,4682.38,2165,13,0,2165
2026-04-27 21:21:00,4682.36,4684.3,4682.29,4684.08,2062,12,0,2062
2026-04-27 21:24:00,4684.06,4684.62,4683.62,4684.37,2104,12,0,2104
2026-04-27 21:27:00,4684.38,4685.53,4683.26,4684.1,1994,12,0,1994
2026-04-27 21:30:00,4684.08,4684.3,4683.08,4683.79,2003,12,0,2003
2026-04-27 21:33:00,4683.81,4684.26,4683.11,4683.61,1937,12,0,1937
2026-04-27 21:36:00,4683.59,4683.98,4682.52,4683.38,1993,12,0,1993
2026-04-27 21:39:00,4683.38,4684.68,4682.9,4684.25,1901,13,0,1901
2026-04-27 21:42:00,4684.26,4685.39,4682.64,4682.81,1953,18,0,1953
2026-04-27 21:45:00,4682.83,4683.6,4681.57,4683.13,2169,12,0,2169
2026-04-27 21:48:00,4683.15,4685.0,4682.68,4684.63,1929,12,0,1929
2026-04-27 21:51:00,4684.64,4684.75,4684.04,4684.06,2245,12,0,2245
2026-04-27 21:54:00,4684.09,4684.31,4682.25,4682.39,1964,12,0,1964
2026-04-27 21:57:00,4682.39,4682.52,4680.61,4680.69,1899,17,0,1899
2026-04-27 22:00:00,4680.71,4680.75,4678.78,4680.63,2101,12,0,2101
2026-04-27 22:03:00,4680.65,4681.26,4678.51,4680.23,2022,13,0,2022
2026-04-27 22:06:00,4680.22,4680.43,4678.85,4679.6,2098,12,0,2098
2026-04-27 22:09:00,4679.61,4680.24,4678.97,4680.18,1876,12,0,1876
2026-04-27 22:12:00,4680.16,4681.0,4679.79,4680.31,1884,12,0,1884
2026-04-27 22:15:00,4680.3,4681.35,4679.82,4680.79,1877,13,0,1877
2026-04-27 22:18:00,4680.8,4681.91,4680.23,4681.48,1886,14,0,1886
2026-04-27 22:21:00,4681.5,4682.21,4681.12,4681.9,1898,13,0,1898
2026-04-27 22:24:00,4681.89,4682.64,4680.93,4681.07,2015,13,0,2015
2026-04-27 22:27:00,4681.07,4682.58,4681.07,4682.23,2068,12,0,2068
2026-04-27 22:30:00,4682.23,4682.42,4679.74,4680.14,1910,12,0,1910
2026-04-27 22:33:00,4680.17,4680.21,4677.28,4678.2,1930,15,0,1930
2026-04-27 22:36:00,4678.27,4678.63,4676.67,4677.76,1842,14,0,1842
2026-04-27 22:39:00,4677.77,4678.92,4676.79,4677.8,1911,13,0,1911
2026-04-27 22:42:00,4677.78,4680.2,4677.55,4679.96,2267,12,0,2267
2026-04-27 22:45:00,4679.97,4681.44,4678.42,4679.74,2135,13,0,2135
2026-04-27 22:48:00,4679.74,4681.27,4679.5,4680.5,2046,14,0,2046
2026-04-27 22:51:00,4680.51,4680.62,4679.14,4679.44,2132,13,0,2132
2026-04-27 22:54:00,4679.47,4680.4,4679.11,4679.14,2063,12,0,2063
2026-04-27 22:57:00,4679.15,4681.18,4679.04,4680.71,2259,13,0,2259
2026-04-27 23:00:00,4680.72,4681.48,4680.07,4680.24,2369,12,0,2369
2026-04-27 23:03:00,4680.22,4680.37,4678.5,4678.65,2092,12,0,2092
2026-04-27 23:06:00,4678.64,4678.82,4677.43,4678.77,2059,12,0,2059
2026-04-27 23:09:00,4678.75,4679.51,4678.7,4679.32,1819,12,0,1819
2026-04-27 23:12:00,4679.3,4679.46,4679.09,4679.19,1800,12,0,1800
2026-04-27 23:15:00,4679.17,4679.81,4679.12,4679.23,1784,12,0,1784
2026-04-27 23:18:00,4679.23,4679.65,4679.1,4679.54,1762,13,0,1762
2026-04-27 23:21:00,4679.52,4679.55,4678.65,4679.05,1770,15,0,1770
2026-04-27 23:24:00,4679.05,4680.11,4678.98,4679.87,1784,15,0,1784
2026-04-27 23:27:00,4679.87,4680.81,4679.62,4679.73,1793,17,0,1793
2026-04-27 23:30:00,4679.74,4680.51,4678.84,4679.25,1775,17,0,1775
2026-04-27 23:33:00,4679.26,4679.57,4678.78,4679.57,1736,14,0,1736
2026-04-27 23:36:00,4679.58,4680.24,4679.44,4679.72,1789,13,0,1789
2026-04-27 23:39:00,4679.72,4679.79,4679.14,4679.23,1731,16,0,1731
2026-04-27 23:42:00,4679.2,4680.2,4679.14,4680.1,1792,23,0,1792
2026-04-27 23:45:00,4680.13,4680.45,4679.49,4679.8,1809,23,0,1809
2026-04-27 23:48:00,4679.79,4680.13,4679.29,4679.41,1802,23,0,1802
2026-04-27 23:51:00,4679.44,4679.44,4678.4,4679.23,1777,23,0,1777
2026-04-27 23:54:00,4679.22,4679.76,4678.87,4678.9,1776,23,0,1776
2026-04-27 23:57:00,4678.93,4681.83,4678.79,4681.81,1233,23,0,1233
2026-04-28 01:00:00,4686.58,4686.91,4682.53,4683.22,5272,21,0,5272
2026-04-28 01:03:00,4683.21,4687.2,4682.36,4685.62,5216,21,0,5216
2026-04-28 01:06:00,4685.58,4689.38,4684.8,4688.95,2237,21,0,2237
2026-04-28 01:09:00,4688.96,4691.12,4688.59,4689.64,1964,21,0,1964
2026-04-28 01:12:00,4689.67,4690.67,4688.54,4689.2,1866,21,0,1866
2026-04-28 01:15:00,4689.23,4689.86,4687.28,4687.97,1891,21,0,1891
2026-04-28 01:18:00,4687.96,4688.8,4687.34,4687.88,1838,21,0,1838
2026-04-28 01:21:00,4687.86,4688.43,4686.89,4687.84,1821,21,0,1821
2026-04-28 01:24:00,4687.82,4688.17,4687.16,4687.93,1794,21,0,1794
2026-04-28 01:27:00,4687.92,4689.35,4687.84,4689.02,1759,21,0,1759
2026-04-28 01:30:00,4689.03,4689.65,4688.59,4688.82,1817,21,0,1817
2026-04-28 01:33:00,4688.8,4689.14,4687.26,4687.38,1818,21,0,1818
2026-04-28 01:36:00,4687.37,4688.42,4686.96,4688.4,1757,21,0,1757
2026-04-28 01:39:00,4688.37,4688.57,4687.8,4688.38,1756,21,0,1756
2026-04-28 01:42:00,4688.38,4688.9,4686.32,4687.36,1762,21,0,1762
2026-04-28 01:45:00,4687.36,4687.63,4686.14,4686.72,1792,21,0,1792
2026-04-28 01:48:00,4686.75,4687.4,4686.7,4687.23,1799,21,0,1799
2026-04-28 01:51:00,4687.21,4687.81,4686.37,4687.14,1803,21,0,1803
2026-04-28 01:54:00,4687.16,4687.64,4686.93,4687.09,1772,21,0,1772
2026-04-28 01:57:00,4687.08,4688.15,4687.05,4687.87,1766,21,0,1766
2026-04-28 02:00:00,4687.88,4688.89,4687.24,4688.67,1832,21,0,1832
2026-04-28 02:03:00,4688.68,4689.43,4687.52,4687.56,1813,21,0,1813
2026-04-28 02:06:00,4687.57,4688.59,4687.31,4688.5,1750,21,0,1750
2026-04-28 02:09:00,4688.49,4688.6,4687.4,4687.84,1765,21,0,1765
2026-04-28 02:12:00,4687.86,4690.02,4687.31,4689.83,1784,21,0,1784
2026-04-28 02:15:00,4689.84,4691.32,4689.47,4690.9,1794,21,0,1794
2026-04-28 02:18:00,4690.92,4691.37,4690.13,4690.13,1775,21,0,1775
2026-04-28 02:21:00,4690.12,4690.97,4689.96,4690.85,1825,21,0,1825
2026-04-28 02:24:00,4690.86,4691.23,4690.18,4690.27,1753,21,0,1753
2026-04-28 02:27:00,4690.32,4691.65,4690.19,4690.73,1817,21,0,1817
2026-04-28 02:30:00,4690.74,4692.07,4690.52,4691.64,1812,21,0,1812
2026-04-28 02:33:00,4691.63,4692.47,4691.31,4692.4,1742,21,0,1742
2026-04-28 02:36:00,4692.4,4693.6,4692.32,4693.55,1853,21,0,1853
2026-04-28 02:39:00,4693.54,4694.27,4692.25,4692.45,1826,21,0,1826
2026-04-28 02:42:00,4692.46,4694.44,4691.88,4694.35,1856,21,0,1856
2026-04-28 02:45:00,4694.34,4694.5,4693.35,4693.5,1818,21,0,1818
2026-04-28 02:48:00,4693.5,4695.03,4693.5,4694.29,1821,21,0,1821
2026-04-28 02:51:00,4694.23,4694.98,4693.87,4694.38,1773,21,0,1773
2026-04-28 02:54:00,4694.38,4694.78,4693.83,4694.16,1799,18,0,1799
2026-04-28 02:57:00,4694.14,4694.17,4691.96,4691.98,1762,16,0,1762
2026-04-28 03:00:00,4691.99,4696.63,4691.86,4696.6,1921,21,0,1921
2026-04-28 03:03:00,4696.62,4698.49,4694.49,4698.21,1989,21,0,1989
2026-04-28 03:06:00,4698.23,4700.16,4697.07,4699.1,1920,21,0,1920
2026-04-28 03:09:00,4699.08,4701.32,4699.03,4700.81,1967,21,0,1967
2026-04-28 03:12:00,4700.79,4700.83,4697.84,4697.88,1909,21,0,1909
2026-04-28 03:15:00,4697.89,4699.46,4697.39,4697.88,1930,21,0,1930
2026-04-28 03:18:00,4697.86,4698.49,4695.58,4696.37,1926,21,0,1926
2026-04-28 03:21:00,4696.37,4697.52,4695.55,4696.81,1918,21,0,1918
2026-04-28 03:24:00,4696.83,4697.74,4695.49,4695.77,1894,21,0,1894
2026-04-28 03:27:00,4695.75,4695.8,4692.22,4695.07,2045,21,0,2045
2026-04-28 03:30:00,4695.07,4695.26,4692.54,4694.83,2002,21,0,2002
2026-04-28 03:33:00,4694.8,4694.85,4692.66,4693.08,2017,21,0,2017
2026-04-28 03:36:00,4693.08,4694.71,4692.55,4694.35,1944,21,0,1944
2026-04-28 03:39:00,4694.37,4694.38,4691.76,4693.78,1930,21,0,1930
2026-04-28 03:42:00,4693.77,4694.57,4692.26,4693.63,1904,21,0,1904
2026-04-28 03:45:00,4693.65,4694.67,4692.44,4693.92,1955,20,0,1955
2026-04-28 03:48:00,4693.91,4694.31,4692.96,4693.85,1869,19,0,1869
2026-04-28 03:51:00,4693.85,4694.18,4692.42,4693.33,1860,16,0,1860
2026-04-28 03:54:00,4693.3,4693.63,4692.57,4693.33,1897,15,0,1897
2026-04-28 03:57:00,4693.33,4693.52,4690.36,4690.56,1930,15,0,1930
2026-04-28 04:00:00,4690.56,4690.9,4684.46,4686.02,2582,21,0,2582
2026-04-28 04:03:00,4686.13,4689.87,4686.07,4687.96,2336,21,0,2336
2026-04-28 04:06:00,4687.97,4690.57,4686.59,4689.69,2218,21,0,2218
2026-04-28 04:09:00,4689.71,4690.85,4687.95,4690.38,2158,21,0,2158
2026-04-28 04:12:00,4690.38,4690.38,4687.18,4688.01,2232,21,0,2232
2026-04-28 04:15:00,4688.0,4688.15,4685.65,4687.93,2250,21,0,2250
2026-04-28 04:18:00,4687.94,4689.51,4686.44,4687.28,2198,21,0,2198
2026-04-28 04:21:00,4687.29,4690.64,4687.28,4689.82,2166,21,0,2166
2026-04-28 04:24:00,4689.81,4689.82,4688.08,4689.23,2094,20,0,2094
2026-04-28 04:27:00,4689.25,4689.67,4686.88,4687.56,2075,19,0,2075
2026-04-28 04:30:00,4687.58,4687.84,4684.41,4684.89,2234,21,0,2234
2026-04-28 04:33:00,4684.89,4686.46,4683.8,4685.63,2132,21,0,2132
2026-04-28 04:36:00,4685.63,4689.52,4685.45,4688.71,2094,20,0,2094
2026-04-28 04:39:00,4688.74,4691.36,4688.33,4691.19,2136,21,0,2136
2026-04-28 04:42:00,4691.17,4691.24,4687.05,4687.26,2079,21,0,2079
2026-04-28 04:45:00,4687.25,4687.65,4685.32,4687.15,2118,21,0,2118
2026-04-28 04:48:00,4687.11,4687.11,4681.74,4682.44,2307,18,0,2307
2026-04-28 04:51:00,4682.4,4683.92,4680.66,4680.86,2409,21,0,2409
2026-04-28 04:54:00,4680.84,4681.55,4676.97,4677.3,2310,21,0,2310
2026-04-28 04:57:00,4677.29,4677.29,4669.37,4670.6,2596,21,0,2596
2026-04-28 05:00:00,4670.59,4670.74,4666.39,4668.22,2607,21,0,2607
2026-04-28 05:03:00,4668.19,4676.35,4668.14,4675.74,2418,21,0,2418
2026-04-28 05:06:00,4675.82,4676.64,4674.74,4674.74,2189,20,0,2189
2026-04-28 05:09:00,4674.74,4676.44,4672.89,4676.4,2094,19,0,2094
2026-04-28 05:12:00,4676.4,4677.8,4676.24,4677.37,2073,18,0,2073
2026-04-28 05:15:00,4677.38,4679.71,4677.17,4679.09,1959,17,0,1959
2026-04-28 05:18:00,4679.08,4679.47,4677.62,4677.92,1927,15,0,1927
2026-04-28 05:21:00,4677.89,4679.44,4677.04,4677.35,1924,15,0,1924
2026-04-28 05:24:00,4677.36,4677.53,4674.83,4675.12,2030,18,0,2030
2026-04-28 05:27:00,4675.14,4677.24,4674.46,4675.47,2029,21,0,2029
2026-04-28 05:30:00,4675.47,4675.53,4671.41,4673.76,2325,21,0,2325
2026-04-28 05:33:00,4673.73,4674.54,4671.56,4673.45,2135,21,0,2135
2026-04-28 05:36:00,4673.45,4673.83,4670.97,4671.47,2005,20,0,2005
2026-04-28 05:39:00,4671.45,4672.28,4670.75,4671.44,2043,20,0,2043
2026-04-28 05:42:00,4671.44,4673.19,4670.42,4670.9,1957,20,0,1957
2026-04-28 05:45:00,4670.89,4671.16,4668.58,4669.13,2117,20,0,2117
2026-04-28 05:48:00,4669.12,4670.68,4668.57,4670.45,2064,18,0,2064
2026-04-28 05:51:00,4670.42,4670.78,4668.55,4668.94,2028,19,0,2028
2026-04-28 05:54:00,4668.96,4670.91,4667.16,4667.16,2057,19,0,2057
2026-04-28 05:57:00,4667.2,4669.91,4666.54,4669.07,2212,19,0,2212
2026-04-28 06:00:00,4669.09,4671.03,4668.45,4670.07,2300,14,0,2300
2026-04-28 06:03:00,4670.04,4672.25,4669.34,4671.93,2254,14,0,2254
2026-04-28 06:06:00,4671.95,4672.97,4671.01,4672.32,2108,14,0,2108
2026-04-28 06:09:00,4672.32,4674.01,4671.69,4673.59,1891,14,0,1891
2026-04-28 06:12:00,4673.61,4674.19,4672.25,4672.91,1936,14,0,1936
2026-04-28 06:15:00,4672.88,4672.9,4671.25,4671.3,1883,16,0,1883
2026-04-28 06:18:00,4671.3,4675.11,4671.3,4674.38,1906,20,0,1906
2026-04-28 06:21:00,4674.39,4675.06,4672.25,4673.02,1880,20,0,1880
2026-04-28 06:24:00,4673.05,4673.43,4671.48,4672.73,1880,19,0,1880
2026-04-28 06:27:00,4672.74,4675.7,4672.34,4674.88,2052,20,0,2052
2026-04-28 06:30:00,4674.89,4675.35,4673.1,4673.11,1921,20,0,1921
2026-04-28 06:33:00,4673.11,4673.51,4671.72,4672.31,1953,14,0,1953
2026-04-28 06:36:00,4672.3,4673.99,4671.84,4673.79,1878,14,0,1878
2026-04-28 06:39:00,4673.8,4673.8,4672.12,4672.88,1908,14,0,1908
2026-04-28 06:42:00,4672.87,4673.77,4671.74,4671.97,1888,14,0,1888
2026-04-28 06:45:00,4671.97,4672.68,4671.32,4671.6,1845,14,0,1845
2026-04-28 06:48:00,4671.59,4671.96,4670.82,4671.24,1818,15,0,1818
2026-04-28 06:51:00,4671.24,4671.68,4670.46,4670.71,1791,15,0,1791
2026-04-28 06:54:00,4670.71,4671.6,4669.31,4671.47,1850,15,0,1850
2026-04-28 06:57:00,4671.48,4671.64,4670.52,4670.92,1805,18,0,1805
2026-04-28 07:00:00,4670.92,4671.25,4666.87,4667.77,1895,20,0,1895
2026-04-28 07:03:00,4667.74,4668.59,4667.28,4667.93,1877,17,0,1877
2026-04-28 07:06:00,4667.93,4668.45,4667.23,4668.26,1823,17,0,1823
2026-04-28 07:09:00,4668.23,4669.01,4667.49,4668.26,1834,16,0,1834
2026-04-28 07:12:00,4668.27,4669.98,4668.14,4669.64,2059,14,0,2059
2026-04-28 07:15:00,4669.65,4669.75,4668.61,4669.58,1843,14,0,1843
2026-04-28 07:18:00,4669.6,4669.63,4667.38,4667.66,1847,14,0,1847
2026-04-28 07:21:00,4667.67,4667.95,4666.84,4666.99,2076,14,0,2076
2026-04-28 07:24:00,4666.99,4667.61,4666.84,4666.88,1822,14,0,1822
2026-04-28 07:27:00,4666.87,4667.75,4666.84,4667.41,1793,14,0,1793
2026-04-28 07:30:00,4667.38,4668.66,4666.59,4668.26,1871,19,0,1871
2026-04-28 07:33:00,4668.24,4669.1,4667.71,4667.97,1802,20,0,1802
2026-04-28 07:36:00,4667.91,4668.75,4667.32,4668.53,1833,17,0,1833
2026-04-28 07:39:00,4668.55,4668.94,4667.47,4667.82,1893,14,0,1893
2026-04-28 07:42:00,4667.83,4669.85,4667.49,4669.8,1807,18,0,1807
2026-04-28 07:45:00,4669.77,4669.95,4668.16,4668.6,1793,20,0,1793
2026-04-28 07:48:00,4668.61,4668.76,4667.32,4667.77,2059,14,0,2059
2026-04-28 07:51:00,4667.79,4669.67,4667.6,4667.69,1795,14,0,1795
2026-04-28 07:54:00,4667.66,4668.53,4667.49,4667.72,1992,14,0,1992
2026-04-28 07:57:00,4667.74,4668.07,4667.31,4667.66,1870,14,0,1870
2026-04-28 08:00:00,4667.67,4667.98,4663.57,4666.15,2060,14,0,2060
2026-04-28 08:03:00,4666.18,4666.37,4661.78,4662.25,1977,20,0,1977
2026-04-28 08:06:00,4662.26,4662.71,4648.1,4653.81,2475,20,0,2475
2026-04-28 08:09:00,4653.83,4654.91,4650.8,4652.07,2190,20,0,2190
2026-04-28 08:12:00,4652.07,4652.8,4648.93,4652.34,2207,20,0,2207
2026-04-28 08:15:00,4652.32,4653.43,4651.09,4653.01,2014,20,0,2014
2026-04-28 08:18:00,4653.01,4658.75,4652.15,4657.83,2046,20,0,2046
2026-04-28 08:21:00,4657.81,4659.55,4657.57,4658.67,1941,20,0,1941
2026-04-28 08:24:00,4658.67,4658.98,4656.92,4658.41,1988,20,0,1988
2026-04-28 08:27:00,4658.43,4659.2,4657.36,4658.26,1868,20,0,1868
2026-04-28 08:30:00,4658.26,4658.57,4642.95,4649.18,2880,20,0,2880
2026-04-28 08:33:00,4649.19,4650.51,4640.46,4641.66,2710,20,0,2710
2026-04-28 08:36:00,4641.63,4641.71,4637.31,4637.56,2793,20,0,2793
2026-04-28 08:39:00,4637.57,4641.19,4628.32,4629.81,2777,20,0,2777
2026-04-28 08:42:00,4629.81,4630.48,4624.42,4624.79,2599,20,0,2599
2026-04-28 08:45:00,4624.81,4630.46,4623.83,4628.26,2532,20,0,2532
2026-04-28 08:48:00,4628.26,4630.8,4626.06,4627.52,2467,20,0,2467
2026-04-28 08:51:00,4627.7,4630.73,4626.64,4630.09,2482,18,0,2482
2026-04-28 08:54:00,4630.1,4634.27,4629.09,4633.74,2337,18,0,2337
2026-04-28 08:57:00,4633.77,4633.95,4631.72,4632.1,2295,16,0,2295
2026-04-28 09:00:00,4632.04,4632.08,4625.82,4628.96,2908,14,0,2908
2026-04-28 09:03:00,4628.93,4637.81,4628.49,4637.79,2413,14,0,2413
2026-04-28 09:06:00,4637.82,4642.89,4636.83,4641.61,2282,13,0,2282
2026-04-28 09:09:00,4641.68,4642.38,4638.3,4639.54,2355,15,0,2355
2026-04-28 09:12:00,4639.55,4640.84,4637.79,4640.61,2151,13,0,2151
2026-04-28 09:15:00,4640.62,4641.06,4635.5,4635.8,2174,14,0,2174
2026-04-28 09:18:00,4635.82,4636.35,4631.81,4631.94,2249,14,0,2249
2026-04-28 09:21:00,4631.95,4632.27,4623.45,4625.23,2399,16,0,2399
2026-04-28 09:24:00,4625.27,4627.81,4623.82,4627.09,2538,17,0,2538
2026-04-28 09:27:00,4627.07,4632.47,4626.61,4631.6,2302,13,0,2302
2026-04-28 09:30:00,4631.59,4634.3,4631.31,4633.0,2302,13,0,2302
2026-04-28 09:33:00,4633.02,4634.24,4627.03,4627.85,2272,15,0,2272
2026-04-28 09:36:00,4627.85,4630.06,4625.45,4628.79,2247,15,0,2247
2026-04-28 09:39:00,4628.82,4634.6,4627.66,4629.53,2334,17,0,2334
2026-04-28 09:42:00,4629.58,4632.32,4628.54,4629.72,2548,11,0,2548
2026-04-28 09:45:00,4629.71,4631.65,4623.78,4623.78,2410,11,0,2410
2026-04-28 09:48:00,4623.83,4631.57,4623.83,4629.73,2334,15,0,2334
2026-04-28 09:51:00,4629.79,4630.04,4623.4,4625.97,2329,12,0,2329
2026-04-28 09:54:00,4625.99,4629.93,4625.4,4629.44,2328,11,0,2328
2026-04-28 09:57:00,4629.47,4631.68,4627.9,4628.97,2239,11,0,2239
2026-04-28 10:00:00,4629.0,4635.36,4627.37,4635.07,2623,14,0,2623
2026-04-28 10:03:00,4635.05,4639.41,4634.38,4637.74,2359,12,0,2359
2026-04-28 10:06:00,4637.74,4638.58,4634.15,4634.23,2463,11,0,2463
2026-04-28 10:09:00,4634.23,4636.39,4632.39,4635.03,2228,11,0,2228
2026-04-28 10:12:00,4635.05,4636.14,4632.2,4634.26,2383,12,0,2383
2026-04-28 10:15:00,4634.22,4634.87,4630.59,4632.96,2269,11,0,2269
2026-04-28 10:18:00,4632.97,4634.51,4631.17,4632.07,2208,13,0,2208
2026-04-28 10:21:00,4632.08,4633.09,4629.52,4629.83,2161,15,0,2161
2026-04-28 10:24:00,4629.82,4630.91,4627.7,4628.53,2180,15,0,2180
2026-04-28 10:27:00,4628.54,4630.62,4627.28,4629.65,2233,15,0,2233
2026-04-28 10:30:00,4629.65,4635.02,4628.03,4634.45,2274,14,0,2274
2026-04-28 10:33:00,4634.45,4635.28,4626.12,4628.46,2329,14,0,2329
2026-04-28 10:36:00,4628.47,4630.2,4626.23,4626.68,2344,11,0,2344
2026-04-28 10:39:00,4626.69,4629.13,4626.22,4628.55,2358,11,0,2358
2026-04-28 10:42:00,4628.53,4633.44,4628.0,4629.35,2251,11,0,2251
2026-04-28 10:45:00,4629.34,4629.49,4626.84,4627.29,2475,11,0,2475
2026-04-28 10:48:00,4627.3,4628.56,4623.6,4623.78,2249,11,0,2249
2026-04-28 10:51:00,4623.75,4627.7,4623.37,4626.7,2147,12,0,2147
2026-04-28 10:54:00,4626.69,4627.17,4620.59,4625.11,2364,11,0,2364
2026-04-28 10:57:00,4625.13,4633.62,4624.89,4633.16,2323,17,0,2323
2026-04-28 11:00:00,4633.15,4633.53,4619.5,4620.1,2873,17,0,2873
2026-04-28 11:03:00,4620.12,4621.17,4617.35,4618.66,2560,16,0,2560
2026-04-28 11:06:00,4618.69,4622.8,4616.02,4621.47,2563,16,0,2563
2026-04-28 11:09:00,4621.6,4624.86,4614.71,4617.34,2464,15,0,2464
2026-04-28 11:12:00,4617.34,4621.43,4616.0,4620.27,2543,15,0,2543
2026-04-28 11:15:00,4620.29,4622.92,4619.04,4620.56,2433,13,0,2433
2026-04-28 11:18:00,4620.58,4623.74,4620.58,4622.87,2313,12,0,2313
2026-04-28 11:21:00,4622.88,4622.97,4619.6,4621.26,2259,14,0,2259
2026-04-28 11:24:00,4621.25,4623.07,4620.41,4622.9,2237,15,0,2237
2026-04-28 11:27:00,4622.89,4627.19,4621.01,4626.9,2220,14,0,2220
2026-04-28 11:30:00,4626.82,4634.46,4626.66,4634.28,2516,17,0,2516
2026-04-28 11:33:00,4634.29,4635.38,4630.19,4631.33,2373,14,0,2373
2026-04-28 11:36:00,4631.32,4631.57,4629.09,4630.6,2147,13,0,2147
2026-04-28 11:39:00,4630.59,4631.56,4626.9,4627.7,2122,13,0,2122
2026-04-28 11:42:00,4627.68,4630.54,4626.98,4628.16,2212,12,0,2212
2026-04-28 11:45:00,4628.15,4629.27,4626.96,4628.12,2177,16,0,2177
2026-04-28 11:48:00,4628.16,4628.19,4625.1,4626.02,2104,13,0,2104
2026-04-28 11:51:00,4626.04,4629.36,4625.62,4628.93,2146,11,0,2146
2026-04-28 11:54:00,4628.95,4630.17,4626.8,4628.56,2098,14,0,2098
2026-04-28 11:57:00,4628.57,4630.73,4627.59,4629.67,2039,14,0,2039
2026-04-28 12:00:00,4629.67,4630.04,4624.64,4627.0,2265,14,0,2265
2026-04-28 12:03:00,4626.96,4627.92,4621.63,4622.28,2230,15,0,2230
2026-04-28 12:06:00,4622.29,4626.39,4621.92,4625.39,2168,13,0,2168
2026-04-28 12:09:00,4625.39,4627.77,4624.01,4625.11,2171,14,0,2171
2026-04-28 12:12:00,4625.12,4627.93,4624.72,4625.39,2100,13,0,2100
2026-04-28 12:15:00,4625.37,4625.51,4621.88,4625.04,2221,14,0,2221
2026-04-28 12:18:00,4625.07,4625.97,4619.29,4619.92,2225,16,0,2225
2026-04-28 12:21:00,4619.9,4619.94,4613.69,4615.27,2465,11,0,2465
2026-04-28 12:24:00,4615.28,4617.86,4613.12,4616.94,2326,17,0,2326
2026-04-28 12:27:00,4616.93,4618.67,4615.5,4618.28,2496,11,0,2496
2026-04-28 12:30:00,4618.28,4619.12,4611.93,4612.88,2279,16,0,2279
2026-04-28 12:33:00,4612.8,4614.34,4609.69,4611.01,2454,16,0,2454
2026-04-28 12:36:00,4611.05,4613.71,4609.7,4612.29,2245,16,0,2245
2026-04-28 12:39:00,4612.27,4612.29,4608.67,4609.43,2253,13,0,2253
2026-04-28 12:42:00,4609.45,4613.4,4608.1,4613.4,2360,11,0,2360
2026-04-28 12:45:00,4613.64,4615.12,4609.04,4609.04,2375,11,0,2375
2026-04-28 12:48:00,4609.22,4612.75,4608.21,4611.57,2309,15,0,2309
2026-04-28 12:51:00,4611.58,4612.95,4610.07,4611.4,2652,11,0,2652
2026-04-28 12:54:00,4611.46,4612.12,4607.03,4608.97,2231,11,0,2231
2026-04-28 12:57:00,4608.95,4609.01,4604.58,4604.82,2253,11,0,2253
2026-04-28 13:00:00,4604.81,4612.25,4604.5,4611.34,2454,11,0,2454
2026-04-28 13:03:00,4611.33,4611.46,4606.71,4606.88,2206,11,0,2206
2026-04-28 13:06:00,4606.91,4611.5,4605.99,4610.64,2128,11,0,2128
2026-04-28 13:09:00,4610.65,4611.45,4608.98,4611.18,2225,11,0,2225
2026-04-28 13:12:00,4611.16,4613.58,4610.71,4612.65,2046,11,0,2046
2026-04-28 13:15:00,4612.66,4613.83,4611.09,4612.59,2029,15,0,2029
2026-04-28 13:18:00,4612.63,4616.46,4610.8,4615.22,2178,15,0,2178
2026-04-28 13:21:00,4615.24,4616.27,4611.74,4613.52,2107,17,0,2107
2026-04-28 13:24:00,4613.53,4613.72,4610.91,4611.36,2251,11,0,2251
2026-04-28 13:27:00,4611.37,4613.53,4610.99,4611.8,2049,11,0,2049
2026-04-28 13:30:00,4611.78,4614.9,4610.98,4613.59,2084,15,0,2084
2026-04-28 13:33:00,4613.58,4614.39,4611.86,4613.41,2035,14,0,2035
2026-04-28 13:36:00,4613.42,4615.18,4612.54,4613.4,2338,11,0,2338
2026-04-28 13:39:00,4613.27,4615.56,4613.05,4614.73,2070,11,0,2070
2026-04-28 13:42:00,4614.7,4615.84,4612.54,4613.16,2278,11,0,2278
2026-04-28 13:45:00,4613.18,4614.89,4612.37,4613.57,2107,15,0,2107
2026-04-28 13:48:00,4613.55,4615.47,4611.03,4612.74,2196,15,0,2196
2026-04-28 13:51:00,4612.72,4613.5,4608.19,4609.98,2225,11,0,2225
2026-04-28 13:54:00,4609.98,4610.39,4608.31,4608.32,2407,11,0,2407
2026-04-28 13:57:00,4608.33,4609.79,4603.22,4603.26,2274,11,0,2274
2026-04-28 14:00:00,4603.28,4608.74,4601.73,4606.95,2562,13,0,2562
2026-04-28 14:03:00,4606.97,4608.2,4603.97,4605.29,2459,11,0,2459
2026-04-28 14:06:00,4605.28,4606.27,4600.74,4602.9,2903,11,0,2903
2026-04-28 14:09:00,4603.05,4603.09,4599.2,4599.83,2394,11,0,2394
2026-04-28 14:12:00,4599.82,4600.77,4597.66,4598.6,2696,11,0,2696
2026-04-28 14:15:00,4598.57,4600.42,4596.58,4599.08,2618,11,0,2618
2026-04-28 14:18:00,4599.04,4599.3,4594.2,4596.05,2477,12,0,2477
2026-04-28 14:21:00,4596.06,4603.3,4594.04,4603.28,2809,11,0,2809
2026-04-28 14:24:00,4603.27,4604.21,4600.94,4602.5,2530,11,0,2530
2026-04-28 14:27:00,4602.49,4603.13,4598.29,4599.42,2327,11,0,2327
2026-04-28 14:30:00,4599.44,4599.84,4592.58,4593.03,2795,11,0,2795
2026-04-28 14:33:00,4593.05,4593.35,4587.91,4587.94,2800,11,0,2800
2026-04-28 14:36:00,4587.94,4588.43,4574.36,4575.22,3006,13,0,3006
2026-04-28 14:39:00,4575.26,4575.26,4568.01,4573.12,3220,11,0,3220
2026-04-28 14:42:00,4573.16,4574.67,4568.35,4572.01,3215,11,0,3215
2026-04-28 14:45:00,4572.03,4573.96,4565.63,4567.95,2985,11,0,2985
2026-04-28 14:48:00,4567.96,4568.05,4555.46,4557.46,3472,11,0,3472
2026-04-28 14:51:00,4557.45,4561.55,4555.46,4560.0,2918,11,0,2918
2026-04-28 14:54:00,4559.99,4564.23,4557.57,4563.86,2928,11,0,2928
2026-04-28 14:57:00,4563.89,4564.29,4559.05,4562.6,2717,11,0,2717
2026-04-28 15:00:00,4562.55,4565.86,4554.71,4564.37,3136,11,0,3136
2026-04-28 15:03:00,4564.4,4573.28,4563.5,4572.9,3079,11,0,3079
2026-04-28 15:06:00,4572.8,4573.7,4569.98,4572.86,2986,11,0,2986
2026-04-28 15:09:00,4572.9,4576.69,4569.67,4575.32,2870,11,0,2870
2026-04-28 15:12:00,4575.34,4581.7,4575.07,4581.6,2843,11,0,2843
2026-04-28 15:15:00,4581.61,4586.8,4579.87,4583.65,2922,11,0,2922
2026-04-28 15:18:00,4583.62,4597.88,4577.72,4591.68,3460,11,0,3460
2026-04-28 15:21:00,4591.67,4592.89,4576.55,4581.49,3232,12,0,3232
2026-04-28 15:24:00,4581.5,4582.64,4573.89,4578.65,2810,11,0,2810
2026-04-28 15:27:00,4578.66,4581.51,4576.85,4580.13,2694,11,0,2694
2026-04-28 15:30:00,4580.15,4580.33,4570.65,4578.01,2922,11,0,2922
2026-04-28 15:33:00,4578.16,4585.87,4577.28,4583.46,2751,11,0,2751
2026-04-28 15:36:00,4583.47,4584.78,4580.39,4580.47,2748,11,0,2748
2026-04-28 15:39:00,4580.46,4586.64,4580.4,4586.58,2812,11,0,2812
2026-04-28 15:42:00,4586.56,4588.79,4584.92,4586.91,3153,11,0,3153
2026-04-28 15:45:00,4586.91,4595.12,4584.16,4594.73,2854,11,0,2854
2026-04-28 15:48:00,4594.77,4599.45,4593.78,4595.95,2928,11,0,2928
2026-04-28 15:51:00,4595.93,4600.03,4594.46,4594.82,2957,11,0,2957
2026-04-28 15:54:00,4594.81,4598.74,4593.19,4597.25,2926,11,0,2926
2026-04-28 15:57:00,4597.23,4600.08,4592.0,4593.77,2624,11,0,2624
2026-04-28 16:00:00,4593.75,4594.62,4585.07,4586.28,3096,11,0,3096
2026-04-28 16:03:00,4586.26,4588.75,4582.84,4582.92,2874,11,0,2874
2026-04-28 16:06:00,4582.92,4583.11,4572.78,4572.78,2794,11,0,2794
2026-04-28 16:09:00,4572.78,4575.7,4571.27,4575.43,2882,11,0,2882
2026-04-28 16:12:00,4575.44,4581.59,4574.91,4576.2,3031,11,0,3031
2026-04-28 16:15:00,4576.2,4578.3,4573.98,4575.66,2906,11,0,2906
2026-04-28 16:18:00,4575.65,4580.56,4573.35,4579.29,2857,11,0,2857
2026-04-28 16:21:00,4579.29,4581.13,4576.65,4578.12,2855,11,0,2855
2026-04-28 16:24:00,4578.11,4578.64,4574.22,4578.18,2744,11,0,2744
2026-04-28 16:27:00,4578.17,4584.58,4572.2,4581.79,3373,11,0,3373
2026-04-28 16:30:00,4581.79,4581.88,4570.88,4576.38,3758,12,0,3758
2026-04-28 16:33:00,4576.35,4581.09,4575.18,4579.93,3463,11,0,3463
2026-04-28 16:36:00,4580.1,4582.77,4577.14,4578.12,3420,11,0,3420
2026-04-28 16:39:00,4578.09,4580.5,4573.6,4579.1,3369,11,0,3369
2026-04-28 16:42:00,4579.12,4591.56,4578.96,4581.79,3297,11,0,3297
2026-04-28 16:45:00,4581.76,4591.8,4580.3,4591.62,3146,11,0,3146
2026-04-28 16:48:00,4591.62,4592.65,4584.41,4585.15,3104,11,0,3104
2026-04-28 16:51:00,4585.14,4590.68,4581.35,4582.72,3302,11,0,3302
2026-04-28 16:54:00,4582.7,4582.71,4574.78,4577.64,3411,11,0,3411
2026-04-28 16:57:00,4577.6,4582.39,4577.09,4580.35,3026,11,0,3026
2026-04-28 17:00:00,4580.36,4580.67,4567.89,4569.66,3133,13,0,3133
2026-04-28 17:03:00,4569.7,4573.3,4564.99,4568.65,3528,11,0,3528
2026-04-28 17:06:00,4568.6,4575.03,4568.2,4572.47,3232,11,0,3232
2026-04-28 17:09:00,4572.48,4572.81,4566.1,4570.36,2940,11,0,2940
2026-04-28 17:12:00,4570.5,4572.41,4567.06,4568.32,2917,11,0,2917
2026-04-28 17:15:00,4568.33,4575.11,4564.25,4575.03,2896,11,0,2896
2026-04-28 17:18:00,4575.02,4577.84,4570.14,4573.05,3105,11,0,3105
2026-04-28 17:21:00,4573.04,4574.47,4565.87,4566.79,3100,11,0,3100
2026-04-28 17:24:00,4566.77,4571.81,4565.22,4569.92,3123,11,0,3123
2026-04-28 17:27:00,4570.01,4573.2,4568.71,4571.56,3167,11,0,3167
2026-04-28 17:30:00,4571.56,4577.52,4569.99,4577.01,2898,11,0,2898
2026-04-28 17:33:00,4576.96,4578.1,4564.49,4565.69,3101,11,0,3101
2026-04-28 17:36:00,4565.7,4565.98,4561.25,4563.88,3080,11,0,3080
2026-04-28 17:39:00,4563.87,4564.25,4557.22,4564.15,2929,11,0,2929
2026-04-28 17:42:00,4564.16,4565.77,4559.52,4564.13,3060,11,0,3060
2026-04-28 17:45:00,4564.12,4567.24,4560.86,4567.24,2830,11,0,2830
2026-04-28 17:48:00,4566.42,4567.16,4560.79,4561.83,2837,11,0,2837
2026-04-28 17:51:00,4561.81,4565.41,4557.36,4564.46,3265,11,0,3265
2026-04-28 17:54:00,4564.44,4571.03,4560.29,4568.44,2856,11,0,2856
2026-04-28 17:57:00,4568.41,4574.79,4565.46,4574.49,3026,12,0,3026
2026-04-28 18:00:00,4574.52,4581.88,4574.48,4577.49,3233,11,0,3233
2026-04-28 18:03:00,4577.52,4578.98,4574.21,4578.91,3049,11,0,3049
2026-04-28 18:06:00,4578.92,4580.04,4570.79,4572.31,2978,11,0,2978
2026-04-28 18:09:00,4572.32,4573.91,4570.4,4572.46,2756,11,0,2756
2026-04-28 18:12:00,4572.47,4574.78,4571.89,4572.69,3018,11,0,3018
2026-04-28 18:15:00,4572.69,4576.01,4570.01,4573.37,2581,11,0,2581
2026-04-28 18:18:00,4573.36,4574.21,4570.71,4571.35,2983,11,0,2983
2026-04-28 18:21:00,4571.3,4571.31,4567.02,4568.96,2923,11,0,2923
2026-04-28 18:24:00,4568.93,4576.12,4568.69,4575.87,2911,11,0,2911
2026-04-28 18:27:00,4575.87,4577.33,4573.77,4576.99,2890,11,0,2890
2026-04-28 18:30:00,4576.98,4577.75,4571.21,4573.09,2870,11,0,2870
2026-04-28 18:33:00,4573.08,4574.1,4571.18,4573.62,2997,11,0,2997
2026-04-28 18:36:00,4573.61,4581.41,4572.44,4577.64,2784,11,0,2784
2026-04-28 18:39:00,4577.64,4580.92,4577.36,4579.86,2784,11,0,2784
2026-04-28 18:42:00,4579.87,4580.45,4576.84,4577.82,2761,11,0,2761
2026-04-28 18:45:00,4577.82,4581.4,4576.64,4579.83,2577,11,0,2577
2026-04-28 18:48:00,4579.81,4584.51,4579.63,4584.33,2485,12,0,2485
2026-04-28 18:51:00,4584.35,4586.14,4581.49,4584.07,2819,11,0,2819
2026-04-28 18:54:00,4584.09,4584.8,4581.78,4583.03,2673,11,0,2673
2026-04-28 18:57:00,4583.04,4586.51,4581.9,4586.51,2717,11,0,2717
2026-04-28 19:00:00,4586.5,4586.88,4582.34,4583.35,2377,14,0,2377
2026-04-28 19:03:00,4583.33,4585.17,4582.52,4584.44,2496,12,0,2496
2026-04-28 19:06:00,4584.39,4586.39,4583.08,4583.29,2322,11,0,2322
2026-04-28 19:09:00,4583.29,4585.94,4582.8,4583.8,2137,11,0,2137
2026-04-28 19:12:00,4583.8,4585.41,4582.98,4585.34,2118,12,0,2118
2026-04-28 19:15:00,4585.25,4585.71,4577.88,4579.34,2206,12,0,2206
2026-04-28 19:18:00,4579.31,4583.26,4578.99,4582.91,2114,15,0,2114
2026-04-28 19:21:00,4582.9,4583.31,4581.19,4581.94,2186,12,0,2186
2026-04-28 19:24:00,4581.93,4585.56,4581.36,4584.47,2118,14,0,2118
2026-04-28 19:27:00,4584.48,4585.31,4582.72,4582.99,2099,12,0,2099
2026-04-28 19:30:00,4582.97,4585.21,4582.2,4583.12,2212,11,0,2212
2026-04-28 19:33:00,4583.13,4583.6,4580.57,4583.2,2308,11,0,2308
2026-04-28 19:36:00,4583.18,4586.83,4583.11,4584.61,2133,14,0,2133
2026-04-28 19:39:00,4584.63,4585.74,4583.76,4584.07,2380,11,0,2380
2026-04-28 19:42:00,4584.06,4585.08,4582.82,4585.03,2161,11,0,2161
2026-04-28 19:45:00,4585.04,4588.46,4583.88,4585.89,2183,12,0,2183
2026-04-28 19:48:00,4585.86,4590.01,4585.72,4588.33,2230,11,0,2230
2026-04-28 19:51:00,4588.35,4594.53,4588.04,4593.23,2197,17,0,2197
2026-04-28 19:54:00,4593.21,4594.38,4592.08,4593.15,2214,13,0,2214
2026-04-28 19:57:00,4593.11,4594.87,4591.58,4592.29,2153,12,0,2153
2026-04-28 20:00:00,4592.35,4594.11,4591.18,4592.52,2085,11,0,2085
2026-04-28 20:03:00,4592.49,4592.54,4588.62,4589.2,2172,11,0,2172
2026-04-28 20:06:00,4589.21,4591.84,4588.8,4590.57,2083,12,0,2083
2026-04-28 20:09:00,4590.58,4593.71,4590.1,4592.53,2130,13,0,2130
2026-04-28 20:12:00,4592.51,4594.84,4592.27,4593.76,2128,12,0,2128
2026-04-28 20:15:00,4593.78,4594.21,4588.32,4588.73,2127,17,0,2127
2026-04-28 20:18:00,4588.75,4589.03,4587.2,4588.61,2221,12,0,2221
2026-04-28 20:21:00,4588.62,4591.02,4588.31,4589.8,2159,11,0,2159
2026-04-28 20:24:00,4589.77,4595.56,4589.68,4593.22,2188,11,0,2188
2026-04-28 20:27:00,4593.23,4597.26,4593.2,4593.54,2322,12,0,2322
2026-04-28 20:30:00,4593.41,4596.36,4593.41,4595.22,2246,11,0,2246
2026-04-28 20:33:00,4595.24,4597.52,4595.22,4597.17,2263,11,0,2263
2026-04-28 20:36:00,4597.18,4598.86,4596.0,4596.92,2132,11,0,2132
2026-04-28 20:39:00,4596.93,4601.26,4596.58,4600.68,2478,11,0,2478
2026-04-28 20:42:00,4600.68,4601.51,4598.66,4599.12,2279,11,0,2279
2026-04-28 20:45:00,4599.12,4600.64,4597.89,4599.79,2498,11,0,2498
2026-04-28 20:48:00,4599.68,4600.1,4597.03,4597.94,2179,11,0,2179
2026-04-28 20:51:00,4597.96,4598.04,4596.47,4597.32,1988,11,0,1988
2026-04-28 20:54:00,4597.32,4598.09,4594.87,4595.51,2001,11,0,2001
2026-04-28 20:57:00,4595.53,4596.54,4594.18,4594.76,2046,13,0,2046
2026-04-28 21:00:00,4594.79,4598.57,4594.78,4597.16,2074,13,0,2074
2026-04-28 21:03:00,4597.18,4597.18,4592.17,4595.0,2087,15,0,2087
2026-04-28 21:06:00,4595.04,4596.0,4594.5,4595.89,2011,12,0,2011
2026-04-28 21:09:00,4595.89,4597.71,4594.8,4595.47,2059,12,0,2059
2026-04-28 21:12:00,4595.47,4596.82,4595.43,4596.05,2061,11,0,2061
2026-04-28 21:15:00,4596.05,4598.01,4596.02,4597.49,2068,12,0,2068
2026-04-28 21:18:00,4597.51,4599.46,4597.3,4597.7,2082,14,0,2082
2026-04-28 21:21:00,4597.7,4600.16,4597.14,4599.21,2261,14,0,2261
2026-04-28 21:24:00,4599.2,4600.58,4598.03,4598.14,2242,17,0,2242
2026-04-28 21:27:00,4598.33,4599.83,4598.11,4599.01,2115,12,0,2115
2026-04-28 21:30:00,4599.04,4599.63,4597.03,4597.25,2055,11,0,2055
2026-04-28 21:33:00,4597.28,4597.61,4594.47,4594.48,1989,13,0,1989
2026-04-28 21:36:00,4594.4,4596.54,4593.68,4595.73,2026,12,0,2026
2026-04-28 21:39:00,4595.72,4598.23,4595.71,4597.76,1974,12,0,1974
2026-04-28 21:42:00,4597.78,4598.17,4596.23,4597.9,1936,12,0,1936
2026-04-28 21:45:00,4597.89,4599.01,4597.16,4598.0,2037,13,0,2037
2026-04-28 21:48:00,4597.93,4598.81,4597.87,4598.15,2045,12,0,2045
2026-04-28 21:51:00,4598.11,4598.66,4597.22,4598.15,1933,12,0,1933
2026-04-28 21:54:00,4598.13,4598.62,4593.13,4594.35,1969,13,0,1969
2026-04-28 21:57:00,4594.35,4595.61,4594.14,4594.32,2044,12,0,2044
2026-04-28 22:00:00,4594.32,4597.54,4593.96,4597.34,1966,13,0,1966
2026-04-28 22:03:00,4597.35,4597.38,4594.92,4597.17,2253,11,0,2253
2026-04-28 22:06:00,4597.14,4598.8,4596.5,4596.84,2141,11,0,2141
2026-04-28 22:09:00,4596.83,4597.57,4596.52,4597.11,2324,11,0,2324
2026-04-28 22:12:00,4597.1,4597.62,4595.65,4595.71,2010,11,0,2010
2026-04-28 22:15:00,4595.7,4595.84,4594.24,4594.9,2015,11,0,2015
2026-04-28 22:18:00,4594.89,4595.75,4593.73,4593.82,1997,11,0,1997
2026-04-28 22:21:00,4593.85,4596.21,4593.84,4595.99,1953,13,0,1953
2026-04-28 22:24:00,4595.96,4597.29,4595.34,4597.05,2004,12,0,2004
2026-04-28 22:27:00,4597.04,4597.07,4596.1,4596.35,2056,11,0,2056
2026-04-28 22:30:00,4596.33,4596.73,4594.75,4595.56,2097,13,0,2097
2026-04-28 22:33:00,4595.56,4597.31,4595.26,4597.28,2235,11,0,2235
2026-04-28 22:36:00,4597.27,4597.93,4596.48,4597.52,2122,11,0,2122
2026-04-28 22:39:00,4597.51,4600.11,4597.49,4599.55,2353,11,0,2353
2026-04-28 22:42:00,4599.53,4599.54,4597.87,4598.54,2400,11,0,2400
2026-04-28 22:45:00,4598.53,4599.36,4597.61,4598.05,2468,11,0,2468
2026-04-28 22:48:00,4598.03,4598.42,4596.0,4596.29,2064,17,0,2064
2026-04-28 22:51:00,4596.29,4596.87,4594.93,4595.11,2297,11,0,2297
2026-04-28 22:54:00,4595.13,4596.44,4593.34,4595.97,2338,17,0,2338
2026-04-28 22:57:00,4595.99,4596.53,4594.24,4595.65,2447,12,0,2447
2026-04-28 23:00:00,4595.67,4596.84,4594.92,4595.73,2449,11,0,2449
2026-04-28 23:03:00,4595.72,4597.73,4595.38,4596.74,1992,11,0,1992
2026-04-28 23:06:00,4596.73,4598.45,4596.23,4598.35,2284,11,0,2284
2026-04-28 23:09:00,4598.39,4598.76,4597.35,4597.55,1898,11,0,1898
2026-04-28 23:12:00,4597.56,4598.44,4597.12,4597.41,1872,11,0,1872
2026-04-28 23:15:00,4597.43,4598.22,4594.66,4594.85,1836,12,0,1836
2026-04-28 23:18:00,4594.82,4595.57,4592.74,4593.1,1859,14,0,1859
2026-04-28 23:21:00,4593.13,4593.57,4591.58,4592.72,2110,11,0,2110
2026-04-28 23:24:00,4592.72,4593.3,4591.23,4592.1,2292,11,0,2292
2026-04-28 23:27:00,4592.1,4593.91,4591.31,4592.94,1933,11,0,1933
2026-04-28 23:30:00,4592.93,4595.45,4592.82,4594.54,2327,11,0,2327
2026-04-28 23:33:00,4594.54,4594.74,4593.9,4593.92,1944,11,0,1944
2026-04-28 23:36:00,4593.92,4595.26,4592.96,4594.97,1797,11,0,1797
2026-04-28 23:39:00,4594.99,4595.35,4594.23,4594.28,1844,15,0,1844
2026-04-28 23:42:00,4594.27,4594.62,4592.35,4593.39,1831,23,0,1831
2026-04-28 23:45:00,4593.42,4593.66,4592.96,4593.39,1797,23,0,1797
2026-04-28 23:48:00,4593.41,4593.41,4592.83,4593.06,1755,23,0,1755
2026-04-28 23:51:00,4593.05,4595.67,4593.04,4595.28,1802,23,0,1802
2026-04-28 23:54:00,4595.28,4596.48,4595.0,4595.44,1834,23,0,1834
2026-04-28 23:57:00,4595.47,4597.4,4595.47,4597.13,1245,23,0,1245
2026-04-29 01:00:00,4598.8,4600.96,4595.42,4597.22,5311,20,0,5311
2026-04-29 01:03:00,4597.2,4599.66,4596.19,4596.81,5182,20,0,5182
2026-04-29 01:06:00,4596.81,4597.92,4594.14,4596.15,2813,20,0,2813
2026-04-29 01:09:00,4596.16,4596.9,4594.73,4596.89,1798,20,0,1798
2026-04-29 01:12:00,4596.89,4596.93,4595.6,4596.29,1763,20,0,1763
2026-04-29 01:15:00,4596.31,4596.57,4595.11,4595.75,1799,20,0,1799
2026-04-29 01:18:00,4595.74,4597.16,4595.53,4596.27,1750,20,0,1750
2026-04-29 01:21:00,4596.27,4597.09,4596.17,4596.73,1768,19,0,1768
2026-04-29 01:24:00,4596.71,4596.88,4596.01,4596.21,1712,20,0,1712
2026-04-29 01:27:00,4596.21,4596.83,4595.17,4595.81,1746,19,0,1746
2026-04-29 01:30:00,4595.81,4597.09,4595.79,4596.22,1714,20,0,1714
2026-04-29 01:33:00,4596.23,4597.28,4596.03,4597.02,1736,18,0,1736
2026-04-29 01:36:00,4597.04,4597.06,4594.59,4594.85,1705,20,0,1705
2026-04-29 01:39:00,4594.88,4595.22,4593.35,4594.91,1764,20,0,1764
2026-04-29 01:42:00,4594.88,4594.92,4592.97,4593.61,1753,20,0,1753
2026-04-29 01:45:00,4593.64,4595.31,4592.99,4594.17,1793,19,0,1793
2026-04-29 01:48:00,4594.15,4594.32,4593.32,4593.77,1745,18,0,1745
2026-04-29 01:51:00,4593.79,4595.27,4592.57,4595.16,1733,19,0,1733
2026-04-29 01:54:00,4595.16,4595.24,4593.04,4593.04,1972,14,0,1972
2026-04-29 01:57:00,4592.96,4594.3,4592.43,4594.16,1766,15,0,1766
2026-04-29 02:00:00,4594.14,4594.52,4592.31,4593.25,1842,14,0,1842
2026-04-29 02:03:00,4593.25,4593.65,4591.32,4591.39,2087,14,0,2087
2026-04-29 02:06:00,4591.4,4591.97,4590.91,4591.69,1777,19,0,1777
2026-04-29 02:09:00,4591.68,4591.97,4589.53,4589.59,2033,14,0,2033
2026-04-29 02:12:00,4589.59,4591.29,4589.3,4590.95,1949,14,0,1949
2026-04-29 02:15:00,4590.97,4592.76,4590.28,4592.61,1811,18,0,1811
2026-04-29 02:18:00,4592.61,4592.73,4591.42,4592.31,2091,14,0,2091
2026-04-29 02:21:00,4592.3,4592.36,4591.36,4591.56,1762,14,0,1762
2026-04-29 02:24:00,4591.54,4592.33,4590.3,4591.1,1753,14,0,1753
2026-04-29 02:27:00,4591.1,4592.36,4591.04,4592.21,1709,18,0,1709
2026-04-29 02:30:00,4592.23,4593.41,4590.96,4590.96,1816,18,0,1816
2026-04-29 02:33:00,4590.97,4591.75,4589.95,4590.01,1804,18,0,1804
2026-04-29 02:36:00,4590.01,4590.02,4588.27,4588.85,1759,18,0,1759
2026-04-29 02:39:00,4588.86,4589.43,4587.88,4589.12,1795,18,0,1795
2026-04-29 02:42:00,4589.09,4590.63,4589.08,4589.91,2023,14,0,2023
2026-04-29 02:45:00,4589.88,4592.89,4589.53,4591.32,1842,18,0,1842
2026-04-29 02:48:00,4591.33,4591.56,4588.86,4590.74,1804,19,0,1804
2026-04-29 02:51:00,4590.66,4591.72,4590.0,4591.2,2027,14,0,2027
2026-04-29 02:54:00,4591.23,4593.74,4591.16,4593.42,1815,14,0,1815
2026-04-29 02:57:00,4593.43,4596.16,4593.36,4595.66,1867,14,0,1867
2026-04-29 03:00:00,4595.67,4605.1,4594.82,4601.69,2228,20,0,2228
2026-04-29 03:03:00,4601.68,4607.47,4600.7,4606.43,2110,20,0,2110
2026-04-29 03:06:00,4606.42,4608.14,4605.26,4607.77,2009,20,0,2009
2026-04-29 03:09:00,4607.67,4609.63,4606.87,4607.82,1938,20,0,1938
2026-04-29 03:12:00,4607.81,4610.6,4607.14,4607.38,1896,20,0,1896
2026-04-29 03:15:00,4607.35,4607.76,4603.4,4603.71,1903,20,0,1903
2026-04-29 03:18:00,4603.69,4604.84,4599.64,4601.25,1906,20,0,1906
2026-04-29 03:21:00,4601.25,4603.2,4599.64,4601.29,1914,20,0,1914
2026-04-29 03:24:00,4601.29,4604.62,4600.1,4603.7,1887,19,0,1887
2026-04-29 03:27:00,4603.67,4603.74,4598.65,4600.03,1968,20,0,1968
2026-04-29 03:30:00,4600.04,4601.53,4599.77,4601.25,1845,17,0,1845
2026-04-29 03:33:00,4601.25,4602.49,4600.33,4601.56,1822,17,0,1822
2026-04-29 03:36:00,4601.53,4601.84,4599.49,4601.62,1856,14,0,1856
2026-04-29 03:39:00,4601.62,4604.69,4601.59,4604.67,1877,17,0,1877
2026-04-29 03:42:00,4604.69,4604.92,4602.62,4603.73,1857,19,0,1857
2026-04-29 03:45:00,4603.76,4604.14,4600.09,4601.64,1956,20,0,1956
2026-04-29 03:48:00,4601.65,4601.95,4597.4,4598.32,1945,20,0,1945
2026-04-29 03:51:00,4598.72,4599.07,4596.32,4598.32,1946,20,0,1946
2026-04-29 03:54:00,4598.34,4600.15,4597.8,4600.03,1887,18,0,1887
2026-04-29 03:57:00,4600.02,4602.0,4599.26,4600.27,1877,16,0,1877
2026-04-29 04:00:00,4600.28,4600.42,4587.65,4588.32,2857,20,0,2857
2026-04-29 04:03:00,4588.31,4589.37,4580.21,4583.92,2604,20,0,2604
2026-04-29 04:06:00,4583.95,4586.41,4575.79,4576.95,2384,20,0,2384
2026-04-29 04:09:00,4576.97,4585.61,4576.94,4584.91,2220,20,0,2220
2026-04-29 04:12:00,4584.9,4585.48,4581.98,4582.6,2153,20,0,2153
2026-04-29 04:15:00,4582.6,4585.16,4579.09,4581.72,2173,20,0,2173
2026-04-29 04:18:00,4581.65,4585.91,4580.63,4584.96,2057,20,0,2057
2026-04-29 04:21:00,4584.95,4586.43,4582.22,4583.7,2126,18,0,2126
2026-04-29 04:24:00,4583.69,4585.81,4583.42,4584.82,2185,18,0,2185
2026-04-29 04:27:00,4584.83,4585.43,4580.18,4580.42,2097,18,0,2097
2026-04-29 04:30:00,4580.41,4584.79,4578.91,4583.76,2327,20,0,2327
2026-04-29 04:33:00,4583.73,4588.41,4583.58,4586.06,2153,20,0,2153
2026-04-29 04:36:00,4586.06,4589.18,4584.01,4584.55,2157,20,0,2157
2026-04-29 04:39:00,4584.55,4589.91,4582.49,4589.59,2164,16,0,2164
2026-04-29 04:42:00,4589.61,4591.53,4587.67,4590.43,2137,16,0,2137
2026-04-29 04:45:00,4590.42,4591.49,4583.93,4584.07,2134,18,0,2134
2026-04-29 04:48:00,4584.1,4584.36,4580.42,4581.12,2176,15,0,2176
2026-04-29 04:51:00,4581.11,4584.29,4580.73,4583.01,2085,14,0,2085
2026-04-29 04:54:00,4582.98,4583.98,4580.82,4581.31,1979,16,0,1979
2026-04-29 04:57:00,4581.3,4585.3,4580.87,4584.85,2024,18,0,2024
2026-04-29 05:00:00,4584.83,4595.37,4584.83,4593.74,2261,20,0,2261
2026-04-29 05:03:00,4593.72,4595.43,4591.81,4594.03,2121,20,0,2121
2026-04-29 05:06:00,4594.06,4601.29,4594.06,4599.55,2124,19,0,2124
2026-04-29 05:09:00,4599.56,4602.43,4598.14,4600.28,2327,14,0,2327
2026-04-29 05:12:00,4600.25,4601.37,4599.44,4600.95,2172,14,0,2172
2026-04-29 05:15:00,4600.92,4602.76,4599.98,4602.74,1928,14,0,1928
2026-04-29 05:18:00,4602.77,4604.17,4600.12,4600.4,2034,20,0,2034
2026-04-29 05:21:00,4600.41,4600.7,4599.03,4599.32,2032,14,0,2032
2026-04-29 05:24:00,4599.3,4603.1,4598.12,4601.15,2112,14,0,2112
2026-04-29 05:27:00,4601.18,4602.08,4598.97,4599.26,1994,16,0,1994
2026-04-29 05:30:00,4599.26,4601.89,4598.46,4600.72,2102,18,0,2102
2026-04-29 05:33:00,4600.74,4601.39,4597.47,4598.01,2120,19,0,2120
2026-04-29 05:36:00,4598.01,4598.92,4596.27,4596.82,2242,14,0,2242
2026-04-29 05:39:00,4596.82,4597.97,4595.5,4597.93,2042,14,0,2042
2026-04-29 05:42:00,4597.94,4598.63,4595.83,4596.86,1965,16,0,1965
2026-04-29 05:45:00,4596.89,4598.72,4596.32,4598.71,2035,19,0,2035
2026-04-29 05:48:00,4598.73,4601.18,4597.84,4598.6,2043,20,0,2043
2026-04-29 05:51:00,4598.59,4599.67,4592.87,4593.04,2049,17,0,2049
2026-04-29 05:54:00,4593.04,4594.62,4592.21,4593.2,2036,20,0,2036
2026-04-29 05:57:00,4593.18,4594.4,4592.63,4593.58,2089,14,0,2089
2026-04-29 06:00:00,4593.65,4595.4,4592.68,4594.67,1966,14,0,1966
2026-04-29 06:03:00,4594.65,4598.42,4594.29,4597.33,1976,18,0,1976
2026-04-29 06:06:00,4597.35,4600.22,4596.85,4600.2,2050,14,0,2050
2026-04-29 06:09:00,4600.2,4600.48,4598.52,4599.65,2115,14,0,2115
2026-04-29 06:12:00,4599.53,4603.04,4599.52,4601.82,2034,14,0,2034
2026-04-29 06:15:00,4601.82,4603.28,4601.01,4601.6,1952,14,0,1952
2026-04-29 06:18:00,4601.6,4601.82,4599.19,4600.21,1918,14,0,1918
2026-04-29 06:21:00,4600.18,4601.05,4598.92,4599.52,1988,15,0,1988
2026-04-29 06:24:00,4599.5,4600.76,4598.84,4598.86,1984,14,0,1984
2026-04-29 06:27:00,4598.86,4599.14,4597.15,4598.7,1981,19,0,1981
2026-04-29 06:30:00,4598.72,4598.75,4596.05,4596.36,1892,17,0,1892
2026-04-29 06:33:00,4596.37,4597.38,4595.95,4596.68,1868,17,0,1868
2026-04-29 06:36:00,4596.68,4596.98,4595.1,4595.11,1835,17,0,1835
2026-04-29 06:39:00,4595.1,4595.57,4593.9,4594.41,1879,20,0,1879
2026-04-29 06:42:00,4594.41,4594.56,4592.38,4593.72,1921,20,0,1921
2026-04-29 06:45:00,4593.72,4595.18,4592.63,4593.83,1909,20,0,1909
2026-04-29 06:48:00,4593.85,4595.28,4592.16,4594.99,1897,19,0,1897
2026-04-29 06:51:00,4595.01,4595.85,4594.53,4595.42,1909,14,0,1909
2026-04-29 06:54:00,4595.45,4595.93,4593.34,4594.66,1873,14,0,1873
2026-04-29 06:57:00,4594.64,4596.51,4594.36,4595.38,1818,18,0,1818
2026-04-29 07:00:00,4595.41,4598.68,4595.25,4598.47,1805,16,0,1805
2026-04-29 07:03:00,4598.46,4598.46,4596.82,4597.94,1983,14,0,1983
2026-04-29 07:06:00,4597.92,4599.13,4597.52,4598.99,2033,14,0,2033
2026-04-29 07:09:00,4598.97,4600.17,4598.96,4600.04,1793,14,0,1793
2026-04-29 07:12:00,4600.03,4603.5,4599.98,4600.64,1889,20,0,1889
2026-04-29 07:15:00,4600.65,4601.93,4598.99,4600.55,1939,20,0,1939
2026-04-29 07:18:00,4600.54,4601.25,4598.89,4599.29,1842,19,0,1842
2026-04-29 07:21:00,4599.27,4600.22,4599.24,4599.74,1801,14,0,1801
2026-04-29 07:24:00,4599.73,4599.77,4597.31,4597.79,1821,14,0,1821
2026-04-29 07:27:00,4597.79,4601.93,4597.78,4601.7,1819,15,0,1819
2026-04-29 07:30:00,4601.71,4603.82,4601.7,4603.37,1872,19,0,1872
2026-04-29 07:33:00,4603.36,4604.55,4602.17,4604.15,1926,17,0,1926
2026-04-29 07:36:00,4604.14,4605.58,4601.91,4602.5,1849,19,0,1849
2026-04-29 07:39:00,4602.53,4604.0,4601.91,4602.16,1906,19,0,1906
2026-04-29 07:42:00,4602.15,4602.82,4601.65,4602.17,1884,14,0,1884
2026-04-29 07:45:00,4602.17,4603.89,4602.16,4602.94,1798,14,0,1798
2026-04-29 07:48:00,4602.91,4604.44,4602.62,4603.74,1804,14,0,1804
2026-04-29 07:51:00,4603.76,4603.9,4602.71,4603.39,1780,16,0,1780
2026-04-29 07:54:00,4603.4,4605.58,4603.38,4604.33,1813,16,0,1813
2026-04-29 07:57:00,4604.32,4605.59,4604.17,4604.76,1842,19,0,1842
2026-04-29 08:00:00,4604.77,4605.56,4602.74,4604.28,1927,20,0,1927
2026-04-29 08:03:00,4604.29,4607.64,4603.91,4605.27,1972,20,0,1972
2026-04-29 08:06:00,4605.25,4606.04,4601.91,4601.99,1871,19,0,1871
2026-04-29 08:09:00,4601.97,4602.97,4601.57,4602.8,1857,18,0,1857
2026-04-29 08:12:00,4602.79,4602.99,4600.38,4600.99,1897,16,0,1897
2026-04-29 08:15:00,4600.97,4602.67,4600.97,4601.11,1860,15,0,1860
2026-04-29 08:18:00,4601.1,4601.76,4600.41,4601.14,1916,14,0,1916
2026-04-29 08:21:00,4601.15,4601.17,4598.63,4599.47,1839,17,0,1839
2026-04-29 08:24:00,4599.47,4600.52,4599.43,4600.25,1806,19,0,1806
2026-04-29 08:27:00,4600.26,4601.12,4599.16,4600.7,1903,19,0,1903
2026-04-29 08:30:00,4600.68,4601.64,4595.0,4596.15,2165,20,0,2165
2026-04-29 08:33:00,4596.13,4597.4,4594.96,4595.06,1961,20,0,1961
2026-04-29 08:36:00,4595.06,4596.93,4594.26,4594.64,1935,20,0,1935
2026-04-29 08:39:00,4594.65,4597.08,4594.17,4596.25,1951,19,0,1951
2026-04-29 08:42:00,4596.24,4599.33,4595.99,4599.01,1886,18,0,1886
2026-04-29 08:45:00,4599.0,4601.31,4598.64,4601.18,2064,20,0,2064
2026-04-29 08:48:00,4601.15,4601.62,4598.89,4601.62,1992,20,0,1992
2026-04-29 08:51:00,4601.68,4603.21,4598.0,4598.32,2021,19,0,2021
2026-04-29 08:54:00,4598.34,4598.52,4593.63,4594.01,1967,20,0,1967
2026-04-29 08:57:00,4594.01,4594.74,4590.69,4590.91,2094,20,0,2094
2026-04-29 09:00:00,4590.91,4598.61,4590.37,4596.72,2266,17,0,2266
2026-04-29 09:03:00,4596.73,4598.43,4595.76,4598.13,2182,12,0,2182
2026-04-29 09:06:00,4598.13,4598.53,4591.9,4594.28,2262,15,0,2262
2026-04-29 09:09:00,4594.26,4594.39,4589.11,4589.35,2297,11,0,2297
2026-04-29 09:12:00,4589.35,4590.42,4587.12,4588.47,2203,13,0,2203
2026-04-29 09:15:00,4588.46,4588.81,4585.98,4588.44,2110,11,0,2110
2026-04-29 09:18:00,4588.44,4589.36,4583.15,4586.21,2223,11,0,2223
2026-04-29 09:21:00,4586.21,4586.52,4581.39,4582.39,2336,11,0,2336
2026-04-29 09:24:00,4582.41,4587.94,4582.4,4586.15,2160,16,0,2160
2026-04-29 09:27:00,4586.14,4588.03,4584.85,4585.05,2326,11,0,2326
2026-04-29 09:30:00,4585.05,4586.88,4583.83,4584.37,2084,11,0,2084
2026-04-29 09:33:00,4584.34,4584.52,4580.85,4583.47,2174,11,0,2174
2026-04-29 09:36:00,4583.48,4585.33,4582.3,4583.18,2224,11,0,2224
2026-04-29 09:39:00,4583.23,4587.49,4583.18,4585.58,2234,12,0,2234
2026-04-29 09:42:00,4585.59,4586.77,4584.74,4584.87,2159,11,0,2159
2026-04-29 09:45:00,4584.89,4586.86,4584.09,4586.27,2070,11,0,2070
2026-04-29 09:48:00,4586.27,4586.29,4582.37,4582.4,2191,11,0,2191
2026-04-29 09:51:00,4582.42,4583.38,4581.14,4582.42,2235,13,0,2235
2026-04-29 09:54:00,4582.44,4584.59,4582.35,4584.56,2342,11,0,2342
2026-04-29 09:57:00,4584.55,4585.07,4583.79,4584.53,2012,11,0,2012
2026-04-29 10:00:00,4584.53,4585.89,4583.12,4583.41,2375,11,0,2375
2026-04-29 10:03:00,4583.42,4588.87,4583.42,4586.66,2288,17,0,2288
2026-04-29 10:06:00,4586.66,4587.6,4581.19,4581.53,2342,17,0,2342
2026-04-29 10:09:00,4581.5,4582.27,4577.27,4578.43,2370,17,0,2370
2026-04-29 10:12:00,4578.46,4580.58,4576.71,4578.69,2242,14,0,2242
2026-04-29 10:15:00,4578.68,4581.31,4578.08,4578.65,2247,11,0,2247
2026-04-29 10:18:00,4578.65,4579.04,4575.87,4578.37,2337,12,0,2337
2026-04-29 10:21:00,4578.35,4579.73,4576.93,4577.55,2181,14,0,2181
2026-04-29 10:24:00,4577.54,4577.66,4569.66,4570.0,2319,12,0,2319
2026-04-29 10:27:00,4570.01,4576.76,4570.01,4575.17,2283,16,0,2283
2026-04-29 10:30:00,4575.15,4578.15,4573.58,4577.42,2325,14,0,2325
2026-04-29 10:33:00,4577.45,4578.78,4575.21,4576.99,2631,11,0,2631
2026-04-29 10:36:00,4577.0,4577.35,4572.43,4576.88,2203,11,0,2203
2026-04-29 10:39:00,4576.87,4577.11,4570.82,4572.15,2475,11,0,2475
2026-04-29 10:42:00,4572.14,4573.07,4569.19,4570.4,2530,11,0,2530
2026-04-29 10:45:00,4570.37,4572.44,4567.51,4569.78,2497,12,0,2497
2026-04-29 10:48:00,4569.81,4572.46,4568.57,4571.55,2508,11,0,2508
2026-04-29 10:51:00,4571.54,4572.18,4569.24,4571.61,2210,11,0,2210
2026-04-29 10:54:00,4571.6,4571.96,4569.05,4570.15,2183,11,0,2183
2026-04-29 10:57:00,4570.18,4570.46,4567.33,4567.82,2147,11,0,2147
2026-04-29 11:00:00,4567.82,4573.31,4567.77,4569.92,2625,17,0,2625
2026-04-29 11:03:00,4569.89,4570.81,4566.4,4566.79,2430,13,0,2430
2026-04-29 11:06:00,4566.8,4568.87,4565.12,4567.04,2517,15,0,2517
2026-04-29 11:09:00,4567.04,4569.4,4564.66,4565.81,2363,15,0,2363
2026-04-29 11:12:00,4565.81,4568.28,4564.49,4565.27,2467,12,0,2467
2026-04-29 11:15:00,4565.24,4569.41,4565.21,4568.35,2368,11,0,2368
2026-04-29 11:18:00,4568.39,4570.7,4567.11,4570.37,2317,11,0,2317
2026-04-29 11:21:00,4570.37,4571.16,4565.87,4567.42,2220,11,0,2220
2026-04-29 11:24:00,4567.41,4571.39,4567.02,4568.83,2221,12,0,2221
2026-04-29 11:27:00,4568.83,4569.22,4565.88,4566.45,2298,13,0,2298
2026-04-29 11:30:00,4566.41,4568.13,4565.51,4567.37,2332,14,0,2332
2026-04-29 11:33:00,4567.41,4567.43,4560.02,4560.32,2418,12,0,2418
2026-04-29 11:36:00,4560.32,4562.24,4557.28,4561.33,2440,17,0,2440
2026-04-29 11:39:00,4561.32,4564.77,4559.23,4564.77,2514,11,0,2514
2026-04-29 11:42:00,4564.79,4568.82,4562.34,4568.3,2225,11,0,2225
2026-04-29 11:45:00,4568.31,4572.9,4568.22,4572.03,2426,11,0,2426
2026-04-29 11:48:00,4572.0,4572.27,4570.44,4571.37,2540,11,0,2540
2026-04-29 11:51:00,4571.37,4574.55,4571.37,4574.48,2200,11,0,2200
2026-04-29 11:54:00,4574.45,4575.88,4574.14,4575.34,2026,11,0,2026
2026-04-29 11:57:00,4575.32,4576.75,4573.09,4573.19,2003,12,0,2003
2026-04-29 12:00:00,4573.18,4575.04,4570.31,4572.97,2224,16,0,2224
2026-04-29 12:03:00,4572.98,4574.7,4572.55,4574.53,2126,13,0,2126
2026-04-29 12:06:00,4574.64,4575.66,4572.59,4573.24,2069,13,0,2069
2026-04-29 12:09:00,4573.26,4573.62,4571.46,4572.47,2074,12,0,2074
2026-04-29 12:12:00,4572.47,4575.17,4572.37,4574.04,2115,12,0,2115
2026-04-29 12:15:00,4573.94,4576.71,4573.43,4576.7,2278,11,0,2278
2026-04-29 12:18:00,4576.73,4580.86,4576.39,4576.7,2248,13,0,2248
2026-04-29 12:21:00,4576.72,4577.88,4572.4,4573.71,2162,13,0,2162
2026-04-29 12:24:00,4573.72,4573.75,4568.68,4569.15,2573,11,0,2573
2026-04-29 12:27:00,4569.16,4570.5,4565.74,4565.83,2406,11,0,2406
2026-04-29 12:30:00,4565.86,4567.02,4563.78,4565.34,2265,17,0,2265
2026-04-29 12:33:00,4565.34,4569.57,4565.13,4569.18,2527,11,0,2527
2026-04-29 12:36:00,4569.16,4569.18,4565.33,4565.46,2598,11,0,2598
2026-04-29 12:39:00,4565.44,4566.05,4561.62,4561.7,2460,11,0,2460
2026-04-29 12:42:00,4561.71,4562.55,4558.78,4558.91,2380,12,0,2380
2026-04-29 12:45:00,4559.01,4562.04,4558.37,4559.99,2397,11,0,2397
2026-04-29 12:48:00,4559.97,4560.61,4551.68,4555.08,2507,11,0,2507
2026-04-29 12:51:00,4555.07,4555.58,4552.61,4553.36,2462,17,0,2462
2026-04-29 12:54:00,4553.35,4556.88,4551.6,4551.6,2466,14,0,2466
2026-04-29 12:57:00,4551.61,4556.52,4551.53,4555.68,2195,13,0,2195
2026-04-29 13:00:00,4555.64,4559.43,4554.96,4559.3,2193,11,0,2193
2026-04-29 13:03:00,4559.33,4564.06,4559.33,4563.29,2238,11,0,2238
2026-04-29 13:06:00,4563.26,4563.91,4561.48,4562.45,2121,12,0,2121
2026-04-29 13:09:00,4562.49,4566.43,4562.49,4564.92,2143,12,0,2143
2026-04-29 13:12:00,4564.91,4568.24,4564.84,4568.01,2025,13,0,2025
2026-04-29 13:15:00,4568.04,4573.25,4567.99,4571.76,2198,14,0,2198
2026-04-29 13:18:00,4571.74,4572.42,4569.76,4569.76,2124,14,0,2124
2026-04-29 13:21:00,4569.78,4570.1,4568.4,4569.16,2150,14,0,2150
2026-04-29 13:24:00,4569.16,4572.69,4568.46,4572.18,2063,13,0,2063
2026-04-29 13:27:00,4572.19,4573.18,4570.8,4571.79,2122,11,0,2122
2026-04-29 13:30:00,4571.83,4576.61,4571.83,4575.29,2091,14,0,2091
2026-04-29 13:33:00,4575.28,4575.52,4572.41,4573.21,2123,15,0,2123
2026-04-29 13:36:00,4573.19,4573.84,4569.81,4569.86,2243,12,0,2243
2026-04-29 13:39:00,4569.88,4571.22,4569.35,4570.14,2141,12,0,2141
2026-04-29 13:42:00,4570.11,4570.13,4565.92,4566.37,2140,13,0,2140
2026-04-29 13:45:00,4566.35,4567.86,4564.9,4567.82,2542,11,0,2542
2026-04-29 13:48:00,4567.79,4570.63,4566.42,4570.6,2098,14,0,2098
2026-04-29 13:51:00,4570.61,4570.62,4565.04,4567.1,2186,13,0,2186
2026-04-29 13:54:00,4567.11,4567.84,4564.98,4565.6,2576,11,0,2576
2026-04-29 13:57:00,4565.57,4569.91,4563.93,4569.85,2140,11,0,2140
2026-04-29 14:00:00,4569.83,4571.22,4567.92,4570.63,2294,13,0,2294
2026-04-29 14:03:00,4570.59,4572.05,4566.68,4567.28,2762,11,0,2762
2026-04-29 14:06:00,4567.29,4569.67,4565.32,4569.04,2670,11,0,2670
2026-04-29 14:09:00,4569.05,4569.11,4565.34,4568.41,2672,11,0,2672
2026-04-29 14:12:00,4568.41,4570.75,4567.17,4567.98,2547,11,0,2547
2026-04-29 14:15:00,4567.99,4570.3,4567.25,4568.54,2601,11,0,2601
2026-04-29 14:18:00,4568.51,4570.28,4567.29,4567.51,2341,11,0,2341
2026-04-29 14:21:00,4567.51,4567.82,4564.55,4565.9,2694,11,0,2694
2026-04-29 14:24:00,4565.88,4569.17,4565.23,4567.07,2491,11,0,2491
2026-04-29 14:27:00,4567.06,4567.24,4564.03,4564.72,2357,11,0,2357
2026-04-29 14:30:00,4564.75,4566.04,4563.61,4565.04,2676,11,0,2676
2026-04-29 14:33:00,4565.05,4571.05,4564.89,4570.07,2536,11,0,2536
2026-04-29 14:36:00,4570.06,4571.84,4569.11,4569.93,2167,13,0,2167
2026-04-29 14:39:00,4569.91,4570.43,4565.55,4565.56,2687,11,0,2687
2026-04-29 14:42:00,4565.54,4567.43,4564.16,4566.9,2264,11,0,2264
2026-04-29 14:45:00,4566.91,4566.91,4562.51,4563.0,2320,11,0,2320
2026-04-29 14:48:00,4562.98,4564.66,4561.97,4562.85,2447,11,0,2447
2026-04-29 14:51:00,4562.84,4563.11,4559.82,4561.72,2536,11,0,2536
2026-04-29 14:54:00,4561.74,4562.16,4559.15,4560.93,2487,11,0,2487
2026-04-29 14:57:00,4560.92,4563.21,4560.2,4561.66,2699,11,0,2699
2026-04-29 15:00:00,4561.68,4564.9,4560.66,4563.72,2533,11,0,2533
2026-04-29 15:03:00,4563.74,4565.34,4562.29,4564.76,2725,11,0,2725
2026-04-29 15:06:00,4564.78,4568.28,4564.7,4565.13,2375,11,0,2375
2026-04-29 15:09:00,4565.14,4565.19,4560.71,4563.65,2551,11,0,2551
2026-04-29 15:12:00,4563.65,4566.53,4563.6,4564.53,2363,11,0,2363
2026-04-29 15:15:00,4564.53,4569.03,4564.53,4566.71,2317,11,0,2317
2026-04-29 15:18:00,4566.74,4568.78,4563.69,4564.24,2663,11,0,2663
2026-04-29 15:21:00,4564.24,4567.62,4563.45,4563.48,2515,11,0,2515
2026-04-29 15:24:00,4563.46,4564.03,4559.56,4561.41,2176,14,0,2176
2026-04-29 15:27:00,4561.42,4564.6,4559.42,4559.44,2389,11,0,2389
2026-04-29 15:30:00,4559.47,4559.71,4553.47,4555.16,2566,12,0,2566
2026-04-29 15:33:00,4555.14,4557.77,4551.21,4557.55,2638,11,0,2638
2026-04-29 15:36:00,4557.54,4557.57,4551.84,4552.95,2433,11,0,2433
2026-04-29 15:39:00,4552.93,4558.03,4552.93,4555.37,2597,11,0,2597
2026-04-29 15:42:00,4555.38,4559.83,4554.38,4557.74,2562,11,0,2562
2026-04-29 15:45:00,4557.73,4559.98,4556.19,4556.94,2425,11,0,2425
2026-04-29 15:48:00,4556.93,4557.62,4553.29,4553.7,2675,11,0,2675
2026-04-29 15:51:00,4553.67,4555.07,4546.23,4546.98,2665,11,0,2665
2026-04-29 15:54:00,4547.11,4549.2,4541.67,4543.49,2948,11,0,2948
2026-04-29 15:57:00,4543.52,4548.63,4543.49,4544.92,2903,11,0,2903
2026-04-29 16:00:00,4544.92,4553.25,4544.92,4552.64,3076,11,0,3076
2026-04-29 16:03:00,4552.59,4552.78,4546.73,4547.88,2813,11,0,2813
2026-04-29 16:06:00,4547.9,4549.7,4545.55,4547.88,2688,11,0,2688
2026-04-29 16:09:00,4547.92,4548.58,4545.48,4548.22,2634,11,0,2634
2026-04-29 16:12:00,4548.2,4550.84,4547.77,4549.88,2517,11,0,2517
2026-04-29 16:15:00,4549.87,4551.61,4545.76,4546.36,2759,11,0,2759
2026-04-29 16:18:00,4546.37,4547.63,4534.73,4540.01,2719,11,0,2719
2026-04-29 16:21:00,4540.05,4542.46,4535.45,4536.55,2569,13,0,2569
2026-04-29 16:24:00,4536.52,4538.93,4534.55,4536.13,2604,11,0,2604
2026-04-29 16:27:00,4536.2,4539.43,4534.54,4537.86,2724,11,0,2724
2026-04-29 16:30:00,4537.85,4539.5,4529.88,4532.35,3319,11,0,3319
2026-04-29 16:33:00,4532.38,4534.79,4530.58,4532.92,2877,12,0,2877
2026-04-29 16:36:00,4532.88,4533.98,4528.27,4529.34,3121,11,0,3121
2026-04-29 16:39:00,4529.33,4529.96,4518.41,4521.27,3145,11,0,3145
2026-04-29 16:42:00,4521.24,4521.26,4513.5,4514.77,3140,11,0,3140
2026-04-29 16:45:00,4514.77,4517.12,4510.17,4511.06,3062,11,0,3062
2026-04-29 16:48:00,4511.03,4520.84,4510.53,4520.05,3110,11,0,3110
2026-04-29 16:51:00,4520.03,4521.26,4514.97,4520.82,2987,11,0,2987
2026-04-29 16:54:00,4520.82,4530.01,4518.35,4529.39,3055,11,0,3055
2026-04-29 16:57:00,4529.39,4529.84,4521.69,4521.8,2843,11,0,2843
2026-04-29 17:00:00,4521.8,4524.54,4517.89,4523.29,2820,11,0,2820
2026-04-29 17:03:00,4523.26,4525.49,4521.8,4525.4,2953,11,0,2953
2026-04-29 17:06:00,4525.32,4526.91,4517.89,4519.22,2812,11,0,2812
2026-04-29 17:09:00,4519.24,4525.83,4518.51,4522.13,2953,11,0,2953
2026-04-29 17:12:00,4522.12,4528.25,4521.53,4526.06,2997,11,0,2997
2026-04-29 17:15:00,4526.23,4534.84,4524.34,4534.39,2802,11,0,2802
2026-04-29 17:18:00,4534.4,4537.05,4530.62,4533.75,2623,13,0,2623
2026-04-29 17:21:00,4533.77,4536.92,4532.24,4536.42,2667,11,0,2667
2026-04-29 17:24:00,4536.42,4537.12,4533.41,4534.18,2661,11,0,2661
2026-04-29 17:27:00,4534.18,4537.73,4531.48,4533.16,2716,11,0,2716
2026-04-29 17:30:00,4533.17,4538.04,4530.92,4536.14,3057,11,0,3057
2026-04-29 17:33:00,4536.12,4542.98,4536.12,4540.98,2867,11,0,2867
2026-04-29 17:36:00,4540.95,4542.33,4539.27,4540.65,2731,11,0,2731
2026-04-29 17:39:00,4540.68,4541.94,4537.73,4537.79,2584,11,0,2584
2026-04-29 17:42:00,4537.78,4539.77,4537.65,4538.8,2754,11,0,2754
2026-04-29 17:45:00,4538.8,4538.94,4533.57,4534.53,2515,11,0,2515
2026-04-29 17:48:00,4534.55,4536.25,4532.62,4534.78,2511,11,0,2511
2026-04-29 17:51:00,4534.78,4536.11,4532.17,4534.47,2745,11,0,2745
2026-04-29 17:54:00,4534.45,4540.55,4534.41,4537.59,2635,11,0,2635
2026-04-29 17:57:00,4537.41,4540.01,4536.37,4539.38,2535,11,0,2535
2026-04-29 18:00:00,4539.35,4545.96,4538.85,4542.6,2528,11,0,2528
2026-04-29 18:03:00,4542.59,4544.44,4540.52,4543.5,2482,11,0,2482
2026-04-29 18:06:00,4543.33,4546.87,4542.01,4542.02,2569,11,0,2569
2026-04-29 18:09:00,4542.19,4542.84,4538.49,4538.67,2712,11,0,2712
2026-04-29 18:12:00,4538.7,4540.33,4536.28,4538.02,2790,11,0,2790
2026-04-29 18:15:00,4538.0,4542.12,4536.24,4542.08,3055,11,0,3055
2026-04-29 18:18:00,4542.06,4543.54,4539.73,4541.72,2950,11,0,2950
2026-04-29 18:21:00,4541.7,4544.1,4540.58,4542.29,2702,11,0,2702
2026-04-29 18:24:00,4542.29,4546.5,4542.28,4545.59,2770,11,0,2770
2026-04-29 18:27:00,4545.56,4546.46,4541.49,4543.54,2746,11,0,2746
2026-04-29 18:30:00,4543.53,4544.85,4540.17,4541.92,2658,12,0,2658
2026-04-29 18:33:00,4541.91,4546.45,4541.21,4546.28,2547,12,0,2547
2026-04-29 18:36:00,4546.28,4552.69,4546.26,4548.94,2968,11,0,2968
2026-04-29 18:39:00,4548.93,4556.2,4548.27,4552.26,2678,11,0,2678
2026-04-29 18:42:00,4552.29,4554.12,4550.39,4553.24,2254,13,0,2254
2026-04-29 18:45:00,4553.21,4558.89,4553.09,4555.21,2746,11,0,2746
2026-04-29 18:48:00,4555.24,4556.74,4553.1,4556.49,2681,11,0,2681
2026-04-29 18:51:00,4556.51,4556.66,4544.72,4545.69,3405,11,0,3405
2026-04-29 18:54:00,4545.7,4548.17,4542.16,4544.78,3493,11,0,3493
2026-04-29 18:57:00,4544.74,4548.49,4543.94,4547.7,2829,11,0,2829
2026-04-29 19:00:00,4547.69,4560.16,4546.95,4559.94,2450,16,0,2450
2026-04-29 19:03:00,4559.97,4564.95,4557.76,4562.87,2665,13,0,2665
2026-04-29 19:06:00,4562.85,4563.78,4559.42,4561.09,2722,11,0,2722
2026-04-29 19:09:00,4561.21,4563.76,4559.71,4560.13,2461,11,0,2461
2026-04-29 19:12:00,4560.1,4560.2,4557.3,4559.12,2388,11,0,2388
2026-04-29 19:15:00,4559.14,4560.61,4557.73,4558.14,2255,12,0,2255
2026-04-29 19:18:00,4558.14,4560.6,4557.11,4557.48,2360,14,0,2360
2026-04-29 19:21:00,4557.48,4562.72,4557.48,4562.15,2236,14,0,2236
2026-04-29 19:24:00,4562.11,4563.0,4561.01,4561.86,2337,14,0,2337
2026-04-29 19:27:00,4561.87,4564.21,4560.21,4560.21,2271,13,0,2271
2026-04-29 19:30:00,4560.23,4560.23,4554.54,4554.76,2605,17,0,2605
2026-04-29 19:33:00,4554.73,4555.01,4549.78,4551.94,2638,17,0,2638
2026-04-29 19:36:00,4551.94,4552.72,4545.65,4548.68,2557,15,0,2557
2026-04-29 19:39:00,4548.65,4551.93,4548.61,4549.5,2480,12,0,2480
2026-04-29 19:42:00,4549.5,4551.34,4548.85,4550.31,2629,11,0,2629
2026-04-29 19:45:00,4550.28,4551.52,4548.72,4549.09,2546,11,0,2546
2026-04-29 19:48:00,4549.12,4549.17,4545.8,4547.11,2243,11,0,2243
2026-04-29 19:51:00,4547.12,4548.64,4544.47,4544.54,2180,11,0,2180
2026-04-29 19:54:00,4544.54,4546.11,4544.01,4544.57,2197,11,0,2197
2026-04-29 19:57:00,4544.58,4545.58,4543.42,4545.45,2182,13,0,2182
2026-04-29 20:00:00,4545.43,4546.73,4544.21,4545.27,2319,13,0,2319
2026-04-29 20:03:00,4545.26,4546.72,4542.85,4546.3,2292,13,0,2292
2026-04-29 20:06:00,4546.31,4550.58,4546.16,4550.04,2245,13,0,2245
2026-04-29 20:09:00,4550.03,4552.22,4549.53,4551.15,2192,12,0,2192
2026-04-29 20:12:00,4551.15,4552.28,4550.12,4550.7,2154,11,0,2154
2026-04-29 20:15:00,4550.68,4550.73,4547.91,4550.45,2197,14,0,2197
2026-04-29 20:18:00,4550.43,4552.08,4549.04,4551.61,2684,11,0,2684
2026-04-29 20:21:00,4551.62,4554.43,4550.33,4554.31,2338,17,0,2338
2026-04-29 20:24:00,4554.32,4554.48,4550.47,4552.21,2552,14,0,2552
2026-04-29 20:27:00,4552.19,4552.66,4546.0,4547.18,2531,13,0,2531
2026-04-29 20:30:00,4547.19,4548.6,4544.73,4546.84,2465,15,0,2465
2026-04-29 20:33:00,4546.83,4547.74,4542.79,4543.88,2327,11,0,2327
2026-04-29 20:36:00,4543.8,4546.53,4543.74,4545.59,2150,11,0,2150
2026-04-29 20:39:00,4545.6,4546.2,4543.08,4544.3,2183,11,0,2183
2026-04-29 20:42:00,4544.27,4545.54,4543.81,4544.78,2013,11,0,2013
2026-04-29 20:45:00,4544.79,4545.4,4542.86,4542.91,2161,11,0,2161
2026-04-29 20:48:00,4542.91,4546.16,4541.62,4545.31,2599,14,0,2599
2026-04-29 20:51:00,4545.32,4547.54,4543.05,4543.97,2437,12,0,2437
2026-04-29 20:54:00,4543.95,4544.73,4542.62,4543.63,2301,11,0,2301
2026-04-29 20:57:00,4543.64,4547.63,4543.42,4547.63,1961,11,0,1961
2026-04-29 21:00:00,4547.68,4553.02,4538.61,4544.65,3144,13,0,3144
2026-04-29 21:03:00,4544.67,4544.67,4539.11,4541.3,2997,17,0,2997
2026-04-29 21:06:00,4541.3,4541.62,4532.41,4535.3,3248,16,0,3248
2026-04-29 21:09:00,4535.24,4535.38,4530.47,4531.84,2996,17,0,2996
2026-04-29 21:12:00,4531.87,4534.34,4525.29,4525.61,2666,14,0,2666
2026-04-29 21:15:00,4525.56,4539.75,4525.15,4537.82,3137,17,0,3137
2026-04-29 21:18:00,4537.83,4538.86,4531.69,4536.19,2685,14,0,2685
2026-04-29 21:21:00,4536.15,4537.58,4533.41,4534.68,2638,12,0,2638
2026-04-29 21:24:00,4534.68,4536.81,4532.06,4532.25,2533,12,0,2533
2026-04-29 21:27:00,4532.26,4534.21,4529.75,4533.02,2476,12,0,2476
2026-04-29 21:30:00,4532.99,4534.19,4523.01,4527.25,2998,15,0,2998
2026-04-29 21:33:00,4527.24,4528.93,4520.54,4523.86,3027,17,0,3027
2026-04-29 21:36:00,4523.85,4540.62,4523.29,4528.28,3835,17,0,3835
2026-04-29 21:39:00,4528.3,4531.95,4524.17,4524.52,3103,14,0,3103
2026-04-29 21:42:00,4524.49,4528.05,4520.48,4520.48,3132,13,0,3132
2026-04-29 21:45:00,4520.5,4528.01,4518.22,4526.81,3173,14,0,3173
2026-04-29 21:48:00,4527.18,4533.08,4526.65,4532.51,3046,14,0,3046
2026-04-29 21:51:00,4532.51,4535.01,4531.33,4532.19,2794,12,0,2794
2026-04-29 21:54:00,4532.15,4540.37,4531.12,4539.32,3068,11,0,3068
2026-04-29 21:57:00,4539.31,4541.35,4534.99,4538.09,2755,14,0,2755
2026-04-29 22:00:00,4538.09,4545.34,4538.09,4540.15,2911,15,0,2911
2026-04-29 22:03:00,4540.17,4543.07,4533.32,4535.03,2683,13,0,2683
2026-04-29 22:06:00,4534.98,4541.55,4534.96,4540.9,2718,12,0,2718
2026-04-29 22:09:00,4540.99,4542.34,4537.68,4540.86,2624,11,0,2624
2026-04-29 22:12:00,4540.87,4548.86,4540.37,4547.82,2612,13,0,2612
2026-04-29 22:15:00,4547.79,4550.72,4545.29,4545.32,2605,14,0,2605
2026-04-29 22:18:00,4545.34,4549.07,4545.07,4545.07,2531,11,0,2531
2026-04-29 22:21:00,4545.12,4547.02,4542.21,4542.9,2512,12,0,2512
2026-04-29 22:24:00,4542.91,4545.32,4541.2,4543.44,2375,12,0,2375
2026-04-29 22:27:00,4543.42,4545.53,4542.23,4542.79,2356,13,0,2356
2026-04-29 22:30:00,4542.83,4545.0,4540.29,4540.69,2732,15,0,2732
2026-04-29 22:33:00,4540.71,4540.76,4537.71,4538.06,2512,13,0,2512
2026-04-29 22:36:00,4538.09,4541.51,4538.03,4540.59,2421,13,0,2421
2026-04-29 22:39:00,4540.56,4542.37,4539.16,4539.3,2328,12,0,2328
2026-04-29 22:42:00,4539.36,4540.02,4537.84,4539.55,2312,13,0,2312
2026-04-29 22:45:00,4539.55,4544.02,4539.41,4543.84,2214,14,0,2214
2026-04-29 22:48:00,4543.82,4548.42,4543.18,4547.63,2349,14,0,2349
2026-04-29 22:51:00,4547.64,4549.8,4546.73,4547.99,2400,17,0,2400
2026-04-29 22:54:00,4547.99,4549.26,4546.92,4548.87,2339,12,0,2339
2026-04-29 22:57:00,4548.86,4548.88,4544.18,4546.96,2544,13,0,2544
2026-04-29 23:00:00,4546.97,4547.65,4542.63,4547.47,3153,17,0,3153
2026-04-29 23:03:00,4547.5,4548.53,4543.99,4545.85,2701,13,0,2701
2026-04-29 23:06:00,4545.84,4553.53,4545.05,4552.31,2420,15,0,2420
2026-04-29 23:09:00,4552.32,4553.15,4550.02,4551.12,2346,12,0,2346
2026-04-29 23:12:00,4551.12,4551.59,4545.34,4546.24,2665,13,0,2665
2026-04-29 23:15:00,4546.35,4548.01,4541.71,4542.29,2750,14,0,2750
2026-04-29 23:18:00,4542.27,4546.3,4541.31,4545.57,2778,11,0,2778
2026-04-29 23:21:00,4545.56,4547.03,4544.1,4544.53,2301,11,0,2301
2026-04-29 23:24:00,4544.53,4545.7,4543.77,4544.27,2239,11,0,2239
2026-04-29 23:27:00,4544.3,4544.3,4542.69,4543.29,2078,11,0,2078
2026-04-29 23:30:00,4543.31,4546.03,4542.48,4542.89,2155,13,0,2155
2026-04-29 23:33:00,4542.89,4544.51,4542.58,4544.08,2108,12,0,2108
2026-04-29 23:36:00,4544.1,4545.78,4543.65,4545.43,2007,12,0,2007
2026-04-29 23:39:00,4545.43,4546.67,4545.08,4545.37,2052,12,0,2052
2026-04-29 23:42:00,4545.34,4545.81,4543.79,4543.82,2025,23,0,2025
2026-04-29 23:45:00,4543.79,4544.74,4542.04,4542.79,2102,23,0,2102
2026-04-29 23:48:00,4542.82,4543.15,4541.51,4541.75,2063,23,0,2063
2026-04-29 23:51:00,4541.76,4543.8,4541.53,4542.88,2034,23,0,2034
2026-04-29 23:54:00,4542.89,4543.8,4542.01,4543.13,2029,23,0,2029
2026-04-29 23:57:00,4543.15,4543.94,4542.96,4543.53,1383,23,0,1383
2026-04-30 01:00:00,4545.31,4545.62,4542.07,4542.84,4046,20,0,4046
2026-04-30 01:03:00,4542.84,4543.38,4539.3,4542.52,1892,20,0,1892
2026-04-30 01:06:00,4542.49,4545.98,4542.49,4545.67,1854,20,0,1854
2026-04-30 01:09:00,4545.69,4548.77,4545.32,4546.18,1904,20,0,1904
2026-04-30 01:12:00,4546.16,4546.95,4545.35,4546.33,1899,20,0,1899
2026-04-30 01:15:00,4546.3,4549.9,4546.3,4549.19,1999,20,0,1999
2026-04-30 01:18:00,4549.15,4550.45,4547.59,4549.9,1777,20,0,1777
2026-04-30 01:21:00,4549.9,4550.89,4548.51,4549.55,1904,20,0,1904
2026-04-30 01:24:00,4549.94,4550.6,4548.09,4549.09,1843,20,0,1843
2026-04-30 01:27:00,4549.12,4550.25,4548.66,4549.12,1804,20,0,1804
2026-04-30 01:30:00,4549.13,4552.17,4548.12,4551.2,1896,20,0,1896
2026-04-30 01:33:00,4551.19,4551.8,4548.95,4549.8,1857,19,0,1857
2026-04-30 01:36:00,4549.79,4550.05,4548.25,4548.63,1824,17,0,1824
2026-04-30 01:39:00,4548.6,4549.44,4547.86,4548.71,1847,19,0,1847
2026-04-30 01:42:00,4548.7,4549.34,4547.47,4548.44,1830,19,0,1830
2026-04-30 01:45:00,4548.46,4551.34,4547.77,4550.38,1902,20,0,1902
2026-04-30 01:48:00,4550.39,4551.94,4550.08,4551.82,1848,18,0,1848
2026-04-30 01:51:00,4551.85,4552.35,4551.35,4551.5,1864,18,0,1864
2026-04-30 01:54:00,4551.51,4551.65,4549.66,4550.06,1801,20,0,1801
2026-04-30 01:57:00,4550.09,4552.75,4549.98,4552.08,1906,20,0,1906
2026-04-30 02:00:00,4552.1,4554.07,4552.04,4552.05,1840,18,0,1840
2026-04-30 02:03:00,4552.08,4553.25,4551.13,4551.27,1885,14,0,1885
2026-04-30 02:06:00,4551.26,4551.89,4550.53,4550.99,1767,18,0,1767
2026-04-30 02:09:00,4550.99,4552.02,4550.82,4551.42,1892,14,0,1892
2026-04-30 02:12:00,4551.43,4553.58,4551.39,4553.32,1801,14,0,1801
2026-04-30 02:15:00,4553.33,4555.14,4551.13,4551.41,1897,20,0,1897
2026-04-30 02:18:00,4551.42,4552.22,4549.65,4552.12,1824,20,0,1824
2026-04-30 02:21:00,4552.11,4552.12,4551.1,4551.15,1834,14,0,1834
2026-04-30 02:24:00,4551.15,4552.41,4550.86,4551.74,1772,14,0,1772
2026-04-30 02:27:00,4551.73,4552.59,4551.61,4551.65,1941,14,0,1941
2026-04-30 02:30:00,4551.66,4552.34,4551.38,4551.67,1795,14,0,1795
2026-04-30 02:33:00,4551.67,4553.6,4551.64,4553.15,1812,17,0,1812
2026-04-30 02:36:00,4553.16,4554.71,4552.97,4554.45,1947,14,0,1947
2026-04-30 02:39:00,4554.46,4554.87,4554.1,4554.27,1776,14,0,1776
2026-04-30 02:42:00,4554.25,4554.7,4553.73,4554.46,1757,16,0,1757
2026-04-30 02:45:00,4554.45,4556.65,4554.01,4556.62,1878,17,0,1878
2026-04-30 02:48:00,4556.62,4558.74,4556.62,4558.33,1784,17,0,1784
2026-04-30 02:51:00,4558.3,4559.78,4557.24,4557.62,1846,20,0,1846
2026-04-30 02:54:00,4557.62,4559.37,4557.24,4559.37,1877,20,0,1877
2026-04-30 02:57:00,4559.36,4562.0,4559.08,4561.73,1893,17,0,1893
2026-04-30 03:00:00,4561.71,4568.61,4559.02,4560.22,2326,20,0,2326
2026-04-30 03:03:00,4560.22,4562.11,4558.05,4560.89,2290,20,0,2290
2026-04-30 03:06:00,4560.9,4565.07,4560.35,4561.01,2249,20,0,2249
2026-04-30 03:09:00,4561.02,4562.19,4559.24,4559.28,2328,20,0,2328
2026-04-30 03:12:00,4559.27,4563.06,4557.81,4558.04,2118,20,0,2118
2026-04-30 03:15:00,4558.1,4561.43,4556.52,4560.93,2448,20,0,2448
2026-04-30 03:18:00,4560.92,4564.55,4558.6,4558.95,2338,20,0,2338
2026-04-30 03:21:00,4558.97,4561.77,4558.33,4560.6,2170,19,0,2170
2026-04-30 03:24:00,4560.59,4564.1,4560.33,4563.96,2084,17,0,2084
2026-04-30 03:27:00,4563.95,4563.95,4560.11,4563.62,2136,18,0,2136
2026-04-30 03:30:00,4563.62,4566.47,4563.61,4563.77,2161,14,0,2161
2026-04-30 03:33:00,4563.83,4565.69,4562.38,4564.21,1999,19,0,1999
2026-04-30 03:36:00,4564.23,4564.68,4562.54,4563.22,1993,17,0,1993
2026-04-30 03:39:00,4563.24,4566.68,4562.26,4565.6,2043,19,0,2043
2026-04-30 03:42:00,4565.58,4566.98,4563.76,4566.96,1994,20,0,1994
2026-04-30 03:45:00,4566.98,4574.12,4566.59,4573.9,2176,20,0,2176
2026-04-30 03:48:00,4573.93,4574.01,4572.42,4573.16,1965,15,0,1965
2026-04-30 03:51:00,4573.18,4573.43,4570.59,4571.63,2020,17,0,2020
2026-04-30 03:54:00,4571.62,4573.65,4569.04,4570.23,2108,14,0,2108
2026-04-30 03:57:00,4570.22,4571.71,4569.08,4569.96,1957,17,0,1957
2026-04-30 04:00:00,4569.97,4571.25,4567.14,4568.74,2436,20,0,2436
2026-04-30 04:03:00,4568.74,4570.91,4565.62,4566.15,2236,20,0,2236
2026-04-30 04:06:00,4566.13,4568.56,4565.6,4567.06,2207,18,0,2207
2026-04-30 04:09:00,4567.07,4567.33,4564.63,4566.15,2227,17,0,2227
2026-04-30 04:12:00,4566.16,4568.74,4566.08,4568.43,2167,16,0,2167
2026-04-30 04:15:00,4568.5,4571.03,4568.49,4570.38,2264,17,0,2264
2026-04-30 04:18:00,4570.39,4571.38,4569.45,4570.25,2151,16,0,2151
2026-04-30 04:21:00,4570.24,4570.6,4565.86,4566.93,2213,17,0,2213
2026-04-30 04:24:00,4566.93,4573.01,4566.63,4572.19,2085,17,0,2085
2026-04-30 04:27:00,4572.18,4581.02,4572.18,4579.88,2330,20,0,2330
2026-04-30 04:30:00,4579.88,4581.39,4578.16,4580.16,2151,20,0,2151
2026-04-30 04:33:00,4580.16,4580.42,4573.16,4573.94,2246,20,0,2246
2026-04-30 04:36:00,4573.94,4577.2,4570.92,4576.5,2303,20,0,2303
2026-04-30 04:39:00,4576.49,4579.07,4575.21,4578.38,2190,18,0,2190
2026-04-30 04:42:00,4578.38,4578.86,4576.0,4576.3,2228,19,0,2228
2026-04-30 04:45:00,4576.25,4576.62,4573.85,4574.2,2225,14,0,2225
2026-04-30 04:48:00,4574.2,4579.33,4574.19,4577.42,2226,14,0,2226
2026-04-30 04:51:00,4577.41,4579.78,4577.22,4579.72,2227,14,0,2227
2026-04-30 04:54:00,4579.77,4582.48,4579.62,4579.62,2198,14,0,2198
2026-04-30 04:57:00,4579.64,4580.05,4578.49,4579.16,2125,14,0,2125
2026-04-30 05:00:00,4579.14,4581.87,4578.59,4579.39,2176,15,0,2176
2026-04-30 05:03:00,4579.37,4579.57,4576.37,4576.7,2041,18,0,2041
2026-04-30 05:06:00,4576.67,4578.94,4576.61,4577.32,2017,18,0,2017
2026-04-30 05:09:00,4577.31,4578.31,4575.35,4575.47,1978,16,0,1978
2026-04-30 05:12:00,4575.45,4579.96,4574.82,4579.66,2005,18,0,2005
2026-04-30 05:15:00,4579.65,4580.62,4577.76,4579.7,1920,18,0,1920
2026-04-30 05:18:00,4579.71,4579.72,4574.56,4575.65,1960,20,0,1960
2026-04-30 05:21:00,4575.64,4576.84,4574.17,4574.17,2052,14,0,2052
2026-04-30 05:24:00,4574.17,4576.06,4573.59,4573.76,1963,14,0,1963
2026-04-30 05:27:00,4573.77,4575.5,4571.76,4573.11,2028,14,0,2028
2026-04-30 05:30:00,4573.11,4574.07,4566.89,4568.83,2938,20,0,2938
2026-04-30 05:33:00,4568.84,4569.97,4566.15,4566.45,2412,20,0,2412
2026-04-30 05:36:00,4566.45,4569.3,4561.69,4563.47,2321,20,0,2321
2026-04-30 05:39:00,4563.43,4565.07,4562.77,4563.02,2124,20,0,2124
2026-04-30 05:42:00,4562.99,4563.43,4560.16,4562.35,2110,19,0,2110
2026-04-30 05:45:00,4562.34,4563.94,4559.75,4562.39,2084,20,0,2084
2026-04-30 05:48:00,4562.38,4564.06,4561.2,4563.96,2030,20,0,2030
2026-04-30 05:51:00,4563.96,4564.13,4560.72,4563.46,2013,19,0,2013
2026-04-30 05:54:00,4563.46,4565.15,4562.98,4564.82,2003,17,0,2003
2026-04-30 05:57:00,4564.83,4565.3,4562.28,4564.89,2032,19,0,2032
2026-04-30 06:00:00,4564.87,4568.6,4564.01,4568.4,1958,19,0,1958
2026-04-30 06:03:00,4568.43,4569.03,4566.33,4567.75,1972,20,0,1972
2026-04-30 06:06:00,4567.78,4568.51,4564.92,4566.99,1977,20,0,1977
2026-04-30 06:09:00,4566.99,4568.39,4565.84,4566.05,1957,20,0,1957
2026-04-30 06:12:00,4566.06,4566.57,4562.46,4564.9,2064,20,0,2064
2026-04-30 06:15:00,4564.87,4566.34,4563.23,4565.9,1943,20,0,1943
2026-04-30 06:18:00,4565.88,4566.68,4563.29,4564.48,1980,17,0,1980
2026-04-30 06:21:00,4564.48,4565.6,4564.29,4564.34,1854,16,0,1854
2026-04-30 06:24:00,4564.33,4566.88,4563.89,4565.24,1943,14,0,1943
2026-04-30 06:27:00,4565.22,4565.45,4562.79,4563.26,2008,20,0,2008
2026-04-30 06:30:00,4563.25,4563.87,4560.59,4561.53,1956,20,0,1956
2026-04-30 06:33:00,4561.56,4561.56,4560.14,4560.54,2052,14,0,2052
2026-04-30 06:36:00,4560.53,4560.67,4557.78,4559.91,2089,14,0,2089
2026-04-30 06:39:00,4559.91,4560.34,4557.7,4560.14,1871,15,0,1871
2026-04-30 06:42:00,4560.14,4562.43,4557.63,4561.51,1972,15,0,1972
2026-04-30 06:45:00,4561.51,4561.57,4559.24,4559.74,1993,19,0,1993
2026-04-30 06:48:00,4559.77,4560.48,4557.98,4558.04,2077,14,0,2077
2026-04-30 06:51:00,4558.03,4558.11,4556.17,4557.51,1921,14,0,1921
2026-04-30 06:54:00,4557.5,4558.84,4555.84,4556.25,2214,14,0,2214
2026-04-30 06:57:00,4556.27,4557.05,4555.74,4555.98,1895,14,0,1895
2026-04-30 07:00:00,4555.97,4556.58,4553.97,4554.05,1938,14,0,1938
2026-04-30 07:03:00,4554.05,4554.65,4550.88,4554.56,2019,19,0,2019
2026-04-30 07:06:00,4554.53,4555.9,4551.92,4554.54,2134,20,0,2134
2026-04-30 07:09:00,4554.55,4556.52,4553.23,4555.55,2061,17,0,2061
2026-04-30 07:12:00,4555.53,4555.76,4553.23,4555.37,2161,14,0,2161
2026-04-30 07:15:00,4555.36,4557.05,4552.19,4552.56,2101,18,0,2101
2026-04-30 07:18:00,4552.57,4553.26,4551.28,4551.41,2162,14,0,2162
2026-04-30 07:21:00,4551.4,4552.18,4549.56,4549.8,2285,14,0,2285
2026-04-30 07:24:00,4549.79,4551.06,4549.37,4549.75,2027,14,0,2027
2026-04-30 07:27:00,4549.66,4549.69,4545.87,4547.28,2075,19,0,2075
2026-04-30 07:30:00,4547.26,4547.68,4542.94,4543.7,2230,20,0,2230
2026-04-30 07:33:00,4543.7,4544.42,4540.87,4541.76,2067,20,0,2067
2026-04-30 07:36:00,4541.78,4543.04,4541.3,4542.55,2041,18,0,2041
2026-04-30 07:39:00,4542.55,4544.18,4541.3,4543.02,1966,16,0,1966
2026-04-30 07:42:00,4543.02,4544.85,4541.65,4544.7,2025,17,0,2025
2026-04-30 07:45:00,4544.69,4549.51,4544.63,4546.5,2052,16,0,2052
2026-04-30 07:48:00,4546.53,4548.12,4545.4,4547.9,2270,14,0,2270
2026-04-30 07:51:00,4547.89,4548.2,4545.54,4547.88,2068,14,0,2068
2026-04-30 07:54:00,4547.84,4547.94,4545.91,4546.42,1973,14,0,1973
2026-04-30 07:57:00,4546.44,4546.44,4541.98,4542.06,1993,17,0,1993
2026-04-30 08:00:00,4542.08,4548.95,4541.97,4547.86,2257,18,0,2257
2026-04-30 08:03:00,4547.9,4549.43,4546.23,4549.21,2022,20,0,2022
2026-04-30 08:06:00,4549.21,4553.19,4549.09,4552.7,2248,14,0,2248
2026-04-30 08:09:00,4552.72,4553.59,4551.53,4552.71,2095,15,0,2095
2026-04-30 08:12:00,4552.67,4553.34,4551.4,4553.24,2173,14,0,2173
2026-04-30 08:15:00,4553.25,4553.93,4551.78,4553.53,2071,14,0,2071
2026-04-30 08:18:00,4553.5,4554.21,4552.21,4552.62,2050,14,0,2050
2026-04-30 08:21:00,4552.62,4556.9,4552.55,4556.74,2176,14,0,2176
2026-04-30 08:24:00,4556.75,4558.96,4555.04,4555.19,2068,18,0,2068
2026-04-30 08:27:00,4555.2,4556.02,4554.05,4555.7,2190,14,0,2190
2026-04-30 08:30:00,4555.69,4561.45,4553.79,4561.07,2374,14,0,2374
2026-04-30 08:33:00,4561.09,4564.35,4560.31,4563.7,2106,19,0,2106
2026-04-30 08:36:00,4563.67,4565.42,4562.04,4565.1,2069,18,0,2069
2026-04-30 08:39:00,4565.09,4566.68,4563.79,4565.58,2140,14,0,2140
2026-04-30 08:42:00,4565.59,4565.74,4562.19,4563.92,2087,19,0,2087
2026-04-30 08:45:00,4563.92,4567.59,4563.65,4567.45,2411,14,0,2411
2026-04-30 08:48:00,4567.34,4567.91,4566.8,4567.74,1914,14,0,1914
2026-04-30 08:51:00,4567.68,4569.67,4566.37,4566.44,2029,14,0,2029
2026-04-30 08:54:00,4566.43,4566.8,4564.59,4564.88,2093,18,0,2093
2026-04-30 08:57:00,4564.87,4565.08,4562.19,4562.55,2067,17,0,2067
2026-04-30 09:00:00,4562.55,4565.39,4561.48,4561.97,2295,17,0,2295
2026-04-30 09:03:00,4561.95,4567.95,4560.17,4564.13,2302,17,0,2302
2026-04-30 09:06:00,4564.11,4565.8,4563.66,4564.61,2125,16,0,2125
2026-04-30 09:09:00,4564.61,4566.12,4562.78,4563.32,2298,15,0,2298
2026-04-30 09:12:00,4563.31,4567.64,4563.24,4566.17,2148,15,0,2148
2026-04-30 09:15:00,4566.11,4566.97,4563.66,4566.58,2242,13,0,2242
2026-04-30 09:18:00,4566.56,4568.22,4565.94,4568.06,2251,13,0,2251
2026-04-30 09:21:00,4568.05,4568.43,4565.86,4568.43,2120,11,0,2120
2026-04-30 09:24:00,4568.43,4571.05,4567.13,4567.32,2296,11,0,2296
2026-04-30 09:27:00,4567.32,4570.81,4567.11,4569.52,2304,11,0,2304
2026-04-30 09:30:00,4569.52,4578.36,4569.51,4577.12,2307,12,0,2307
2026-04-30 09:33:00,4577.13,4578.44,4574.62,4576.0,2459,14,0,2459
2026-04-30 09:36:00,4576.03,4578.33,4575.45,4576.49,2425,11,0,2425
2026-04-30 09:39:00,4576.51,4577.66,4572.14,4573.55,2274,11,0,2274
2026-04-30 09:42:00,4573.58,4575.22,4573.15,4575.17,2333,11,0,2333
2026-04-30 09:45:00,4575.18,4577.87,4574.74,4576.75,2171,11,0,2171
2026-04-30 09:48:00,4576.74,4579.67,4576.17,4579.57,2168,12,0,2168
2026-04-30 09:51:00,4579.6,4583.21,4579.17,4580.76,2198,12,0,2198
2026-04-30 09:54:00,4580.78,4586.78,4580.78,4585.4,2309,16,0,2309
2026-04-30 09:57:00,4585.41,4591.6,4585.37,4589.61,2334,15,0,2334
2026-04-30 10:00:00,4589.58,4591.05,4586.84,4587.74,2488,16,0,2488
2026-04-30 10:03:00,4587.74,4591.19,4586.29,4588.83,2369,13,0,2369
2026-04-30 10:06:00,4588.83,4593.44,4588.51,4592.17,2330,12,0,2330
2026-04-30 10:09:00,4592.17,4595.62,4591.8,4593.35,2468,11,0,2468
2026-04-30 10:12:00,4593.35,4594.18,4590.3,4591.73,2463,11,0,2463
2026-04-30 10:15:00,4591.76,4593.71,4587.59,4587.75,2272,11,0,2272
2026-04-30 10:18:00,4587.76,4590.22,4585.53,4586.52,2498,11,0,2498
2026-04-30 10:21:00,4586.5,4588.36,4584.98,4588.21,2042,11,0,2042
2026-04-30 10:24:00,4588.2,4589.59,4587.04,4588.86,2111,11,0,2111
2026-04-30 10:27:00,4588.86,4591.6,4588.46,4591.6,2126,12,0,2126
2026-04-30 10:30:00,4591.6,4592.77,4588.76,4589.16,2136,12,0,2136
2026-04-30 10:33:00,4589.12,4590.87,4588.14,4588.4,2118,14,0,2118
2026-04-30 10:36:00,4588.42,4592.12,4588.02,4592.05,2034,12,0,2034
2026-04-30 10:39:00,4592.06,4593.97,4589.83,4593.71,2047,15,0,2047
2026-04-30 10:42:00,4593.69,4598.11,4593.29,4596.79,2120,12,0,2120
2026-04-30 10:45:00,4596.79,4598.76,4593.6,4597.71,2186,14,0,2186
2026-04-30 10:48:00,4597.7,4600.92,4596.93,4597.14,2364,11,0,2364
2026-04-30 10:51:00,4597.12,4600.93,4596.76,4600.89,2169,11,0,2169
2026-04-30 10:54:00,4600.89,4601.36,4598.32,4599.1,2150,11,0,2150
2026-04-30 10:57:00,4602.33,4603.21,4596.68,4598.52,991,15,0,991
2026-04-30 11:00:00,4598.52,4602.69,4597.37,4602.39,1105,17,0,1105
2026-04-30 11:03:00,4602.36,4629.73,4601.99,4622.69,1286,15,0,1286
2026-04-30 11:06:00,4622.65,4625.03,4616.85,4618.64,1673,17,0,1673
2026-04-30 11:09:00,4618.64,4621.41,4615.46,4615.87,1979,16,0,1979
2026-04-30 11:12:00,4615.87,4620.55,4615.85,4618.85,2237,15,0,2237
2026-04-30 11:15:00,4618.86,4620.58,4616.84,4620.01,2138,13,0,2138
2026-04-30 11:18:00,4620.02,4620.03,4612.55,4613.74,2087,13,0,2087
2026-04-30 11:21:00,4613.75,4616.45,4612.05,4614.4,2125,14,0,2125
2026-04-30 11:24:00,4614.39,4617.73,4613.79,4616.36,2170,15,0,2170
2026-04-30 11:27:00,4616.54,4620.37,4616.37,4617.5,2148,14,0,2148
2026-04-30 11:30:00,4617.5,4619.66,4615.88,4616.21,2192,14,0,2192
2026-04-30 11:33:00,4616.3,4620.67,4614.16,4614.39,2231,16,0,2231
2026-04-30 11:36:00,4614.36,4620.71,4614.23,4619.89,2266,13,0,2266
2026-04-30 11:39:00,4619.9,4619.9,4613.88,4614.14,2248,13,0,2248
2026-04-30 11:42:00,4614.12,4616.2,4613.8,4614.99,2213,11,0,2213
2026-04-30 11:45:00,4615.08,4617.63,4614.3,4617.56,2128,13,0,2128
2026-04-30 11:48:00,4617.62,4619.39,4615.99,4616.49,2162,13,0,2162
2026-04-30 11:51:00,4616.48,4618.64,4615.62,4617.54,2020,13,0,2020
2026-04-30 11:54:00,4617.56,4618.47,4615.64,4617.04,2143,14,0,2143
2026-04-30 11:57:00,4617.07,4617.51,4616.04,4616.35,1977,13,0,1977
2026-04-30 12:00:00,4616.43,4617.5,4615.09,4615.53,2058,14,0,2058
2026-04-30 12:03:00,4615.52,4618.72,4615.14,4618.52,2056,15,0,2056
2026-04-30 12:06:00,4618.49,4620.16,4614.24,4616.87,2268,17,0,2268
2026-04-30 12:09:00,4616.88,4620.12,4615.08,4616.64,2322,17,0,2322
2026-04-30 12:12:00,4616.61,4619.62,4616.2,4618.95,2064,13,0,2064
2026-04-30 12:15:00,4618.88,4620.57,4616.44,4617.17,2163,14,0,2163
2026-04-30 12:18:00,4617.19,4618.2,4615.54,4616.35,2128,12,0,2128
2026-04-30 12:21:00,4616.35,4618.72,4615.52,4618.31,2185,14,0,2185
2026-04-30 12:24:00,4618.16,4620.47,4617.59,4619.03,2245,13,0,2245
2026-04-30 12:27:00,4619.01,4626.74,4618.62,4625.59,2382,17,0,2382
2026-04-30 12:30:00,4625.57,4631.79,4623.22,4626.01,3004,17,0,3004
2026-04-30 12:33:00,4626.02,4626.56,4623.2,4625.13,2454,14,0,2454
2026-04-30 12:36:00,4625.11,4626.55,4621.0,4623.49,2214,14,0,2214
2026-04-30 12:39:00,4623.5,4624.69,4618.98,4619.04,2117,13,0,2117
2026-04-30 12:42:00,4619.05,4620.57,4618.49,4619.26,2072,12,0,2072
2026-04-30 12:45:00,4619.27,4621.93,4618.18,4621.52,2076,12,0,2076
2026-04-30 12:48:00,4621.54,4624.35,4621.35,4622.63,2099,13,0,2099
2026-04-30 12:51:00,4622.71,4625.34,4621.91,4624.32,2085,14,0,2085
2026-04-30 12:54:00,4624.29,4627.25,4624.04,4624.83,2050,13,0,2050
2026-04-30 12:57:00,4624.86,4626.2,4623.49,4625.21,2059,14,0,2059
2026-04-30 13:00:00,4625.2,4628.91,4625.19,4626.0,2111,14,0,2111
2026-04-30 13:03:00,4626.02,4627.65,4623.73,4627.33,2077,16,0,2077
2026-04-30 13:06:00,4627.38,4629.25,4626.06,4626.88,2154,17,0,2154
2026-04-30 13:09:00,4626.85,4627.23,4625.38,4626.59,2049,12,0,2049
2026-04-30 13:12:00,4626.61,4628.35,4625.25,4626.77,2057,12,0,2057
2026-04-30 13:15:00,4626.78,4632.01,4626.21,4629.16,2104,17,0,2104
2026-04-30 13:18:00,4629.11,4630.47,4628.53,4629.13,2039,13,0,2039
2026-04-30 13:21:00,4629.14,4633.89,4628.74,4633.47,2070,15,0,2070
2026-04-30 13:24:00,4633.46,4636.07,4633.12,4635.3,2145,15,0,2145
2026-04-30 13:27:00,4635.31,4644.03,4635.28,4643.6,2698,17,0,2698
2026-04-30 13:30:00,4643.61,4646.9,4638.89,4640.35,2850,17,0,2850
2026-04-30 13:33:00,4640.29,4641.49,4634.86,4637.25,2388,14,0,2388
2026-04-30 13:36:00,4637.24,4638.67,4634.27,4637.73,2452,14,0,2452
2026-04-30 13:39:00,4637.7,4639.49,4636.69,4638.54,2288,13,0,2288
2026-04-30 13:42:00,4638.59,4641.08,4636.41,4636.6,2307,13,0,2307
2026-04-30 13:45:00,4636.6,4637.66,4634.22,4637.23,2224,14,0,2224
2026-04-30 13:48:00,4637.22,4638.28,4635.01,4637.47,2364,13,0,2364
2026-04-30 13:51:00,4637.44,4638.13,4636.2,4637.33,2269,12,0,2269
2026-04-30 13:54:00,4637.31,4637.99,4634.41,4634.52,2145,12,0,2145
2026-04-30 13:57:00,4634.49,4639.88,4633.84,4639.74,2011,14,0,2011
2026-04-30 14:00:00,4639.83,4642.65,4637.81,4642.09,2468,12,0,2468
2026-04-30 14:03:00,4642.12,4643.04,4639.1,4639.33,2764,11,0,2764
2026-04-30 14:06:00,4639.32,4641.46,4638.56,4641.31,2651,11,0,2651
2026-04-30 14:09:00,4641.3,4645.72,4641.29,4643.49,2535,12,0,2535
2026-04-30 14:12:00,4643.51,4644.4,4635.95,4635.97,2472,11,0,2472
2026-04-30 14:15:00,4636.0,4638.65,4634.15,4634.69,2768,11,0,2768
2026-04-30 14:18:00,4634.68,4639.9,4633.66,4639.06,2605,11,0,2605
2026-04-30 14:21:00,4639.02,4643.55,4637.47,4640.67,2387,11,0,2387
2026-04-30 14:24:00,4640.75,4640.82,4634.8,4634.8,2711,11,0,2711
2026-04-30 14:27:00,4634.91,4637.7,4630.3,4637.65,3036,11,0,3036
2026-04-30 14:30:00,4637.68,4637.7,4629.65,4629.96,2866,11,0,2866
2026-04-30 14:33:00,4629.96,4631.59,4628.23,4631.05,2681,11,0,2681
2026-04-30 14:36:00,4631.11,4632.62,4629.21,4630.81,2639,11,0,2639
2026-04-30 14:39:00,4630.8,4631.97,4626.73,4629.79,2443,11,0,2443
2026-04-30 14:42:00,4629.78,4630.89,4627.16,4629.64,2220,12,0,2220
2026-04-30 14:45:00,4629.64,4634.58,4628.6,4634.31,2562,11,0,2562
2026-04-30 14:48:00,4634.32,4635.46,4631.3,4631.67,2228,11,0,2228
2026-04-30 14:51:00,4631.69,4632.0,4628.06,4628.59,2402,11,0,2402
2026-04-30 14:54:00,4628.59,4631.63,4628.33,4630.16,2275,12,0,2275
2026-04-30 14:57:00,4630.16,4631.49,4628.03,4630.19,2387,11,0,2387
2026-04-30 15:00:00,4630.21,4636.37,4629.54,4632.88,2344,11,0,2344
2026-04-30 15:03:00,4632.87,4636.79,4632.26,4632.77,2505,11,0,2505
2026-04-30 15:06:00,4632.77,4637.45,4631.25,4631.42,2696,11,0,2696
2026-04-30 15:09:00,4631.4,4636.05,4630.65,4634.89,2477,11,0,2477
2026-04-30 15:12:00,4634.86,4635.99,4633.57,4635.86,2378,11,0,2378
2026-04-30 15:15:00,4635.85,4636.75,4628.31,4629.22,2422,12,0,2422
2026-04-30 15:18:00,4629.25,4636.32,4629.23,4635.76,2680,11,0,2680
2026-04-30 15:21:00,4635.78,4637.47,4632.3,4633.54,2773,11,0,2773
2026-04-30 15:24:00,4633.58,4635.23,4629.85,4631.8,2536,11,0,2536
2026-04-30 15:27:00,4631.78,4632.67,4629.05,4629.3,2452,11,0,2452
2026-04-30 15:30:00,4629.23,4636.53,4624.97,4631.86,2613,13,0,2613
2026-04-30 15:33:00,4631.87,4632.05,4626.6,4627.59,2244,13,0,2244
2026-04-30 15:36:00,4627.62,4633.74,4627.52,4633.26,2648,11,0,2648
2026-04-30 15:39:00,4633.18,4633.21,4628.04,4628.49,2629,11,0,2629
2026-04-30 15:42:00,4628.48,4631.05,4625.53,4625.85,2287,12,0,2287
2026-04-30 15:45:00,4625.85,4631.36,4624.73,4630.24,2465,11,0,2465
2026-04-30 15:48:00,4630.23,4631.6,4625.93,4626.23,2456,11,0,2456
2026-04-30 15:51:00,4626.24,4634.67,4625.95,4632.86,2544,11,0,2544
2026-04-30 15:54:00,4632.88,4637.15,4632.87,4636.94,2441,11,0,2441
2026-04-30 15:57:00,4636.94,4640.14,4635.35,4639.61,2736,11,0,2736
2026-04-30 16:00:00,4639.62,4643.23,4638.44,4643.16,2465,12,0,2465
2026-04-30 16:03:00,4643.19,4644.13,4638.51,4639.39,2762,11,0,2762
2026-04-30 16:06:00,4639.36,4640.1,4634.71,4634.91,2662,11,0,2662
2026-04-30 16:09:00,4634.94,4642.42,4634.86,4639.41,2771,11,0,2771
2026-04-30 16:12:00,4639.41,4641.74,4638.36,4641.1,2323,11,0,2323
2026-04-30 16:15:00,4641.1,4645.85,4635.5,4636.79,2528,11,0,2528
2026-04-30 16:18:00,4636.78,4639.15,4635.87,4638.24,2211,11,0,2211
2026-04-30 16:21:00,4638.21,4638.24,4634.19,4635.68,2398,11,0,2398
2026-04-30 16:24:00,4635.69,4637.54,4634.4,4634.59,2593,11,0,2593
2026-04-30 16:27:00,4634.65,4638.68,4633.16,4633.63,2572,11,0,2572
2026-04-30 16:30:00,4633.61,4633.86,4629.38,4632.05,3206,11,0,3206
2026-04-30 16:33:00,4632.07,4634.72,4626.45,4626.65,2837,11,0,2837
2026-04-30 16:36:00,4626.63,4628.42,4623.71,4625.38,2889,11,0,2889
2026-04-30 16:39:00,4625.39,4627.02,4621.91,4622.71,2745,11,0,2745
2026-04-30 16:42:00,4622.73,4625.86,4620.35,4625.55,2739,11,0,2739
2026-04-30 16:45:00,4625.53,4625.62,4613.61,4618.33,2838,11,0,2838
2026-04-30 16:48:00,4618.32,4619.98,4614.33,4615.79,3004,11,0,3004
2026-04-30 16:51:00,4615.76,4617.27,4611.65,4612.37,3117,11,0,3117
2026-04-30 16:54:00,4612.43,4614.49,4611.24,4612.75,2939,11,0,2939
2026-04-30 16:57:00,4612.75,4614.3,4610.76,4611.05,2888,11,0,2888
2026-04-30 17:00:00,4611.05,4622.08,4609.63,4620.6,3042,11,0,3042
2026-04-30 17:03:00,4620.62,4625.07,4619.7,4622.26,3206,11,0,3206
2026-04-30 17:06:00,4622.26,4625.74,4617.71,4617.87,2880,11,0,2880
2026-04-30 17:09:00,4617.87,4621.27,4616.18,4617.48,2915,11,0,2915
2026-04-30 17:12:00,4617.48,4622.53,4617.22,4620.42,2943,11,0,2943
2026-04-30 17:15:00,4620.42,4623.22,4616.26,4618.53,2854,11,0,2854
2026-04-30 17:18:00,4618.46,4624.67,4618.27,4621.23,2764,11,0,2764
2026-04-30 17:21:00,4621.25,4625.95,4619.47,4623.49,2856,11,0,2856
2026-04-30 17:24:00,4623.51,4624.72,4618.95,4620.57,2928,11,0,2928
2026-04-30 17:27:00,4620.49,4624.27,4620.45,4622.98,2456,11,0,2456
2026-04-30 17:30:00,4622.97,4622.97,4615.6,4616.61,2625,12,0,2625
2026-04-30 17:33:00,4616.61,4618.13,4613.24,4615.47,2885,11,0,2885
2026-04-30 17:36:00,4615.5,4615.5,4610.92,4612.63,3129,11,0,3129
2026-04-30 17:39:00,4612.63,4618.21,4611.27,4617.61,3075,11,0,3075
2026-04-30 17:42:00,4617.6,4620.8,4616.7,4617.73,2567,11,0,2567
2026-04-30 17:45:00,4617.76,4623.0,4617.15,4620.82,2829,11,0,2829
2026-04-30 17:48:00,4620.82,4623.16,4618.58,4621.18,2401,11,0,2401
2026-04-30 17:51:00,4621.1,4624.02,4620.08,4623.04,2638,11,0,2638
2026-04-30 17:54:00,4623.02,4623.38,4617.91,4619.88,2697,11,0,2697
2026-04-30 17:57:00,4619.9,4622.66,4618.35,4619.82,2803,11,0,2803
2026-04-30 18:00:00,4619.81,4622.94,4617.12,4617.65,2798,11,0,2798
2026-04-30 18:03:00,4617.65,4618.74,4614.99,4614.99,2859,11,0,2859
2026-04-30 18:06:00,4614.97,4621.9,4614.94,4621.65,2796,11,0,2796
2026-04-30 18:09:00,4621.66,4624.12,4620.5,4620.85,2542,11,0,2542
2026-04-30 18:12:00,4620.83,4622.39,4616.58,4620.05,2801,11,0,2801
2026-04-30 18:15:00,4620.04,4623.16,4617.13,4618.95,2632,11,0,2632
2026-04-30 18:18:00,4618.93,4619.89,4617.52,4619.39,2632,11,0,2632
2026-04-30 18:21:00,4619.4,4619.76,4615.55,4618.61,2627,11,0,2627
2026-04-30 18:24:00,4618.58,4623.9,4617.9,4622.05,2805,11,0,2805
2026-04-30 18:27:00,4622.01,4624.5,4620.98,4622.95,2756,11,0,2756
2026-04-30 18:30:00,4622.98,4625.37,4622.31,4623.13,2640,11,0,2640
2026-04-30 18:33:00,4623.12,4624.48,4621.63,4623.42,2819,11,0,2819
2026-04-30 18:36:00,4623.42,4623.7,4617.0,4617.96,2677,11,0,2677
2026-04-30 18:39:00,4617.97,4618.03,4614.83,4617.49,2716,11,0,2716
2026-04-30 18:42:00,4617.58,4617.79,4613.49,4615.62,2642,11,0,2642
2026-04-30 18:45:00,4615.61,4615.67,4612.74,4613.55,2589,11,0,2589
2026-04-30 18:48:00,4613.53,4615.04,4612.98,4614.35,2489,11,0,2489
2026-04-30 18:51:00,4614.32,4615.6,4611.38,4614.04,2494,11,0,2494
2026-04-30 18:54:00,4614.01,4616.47,4613.47,4615.68,2569,11,0,2569
2026-04-30 18:57:00,4615.67,4617.34,4615.34,4615.4,2327,11,0,2327
2026-04-30 19:00:00,4615.39,4616.03,4610.12,4612.27,2288,17,0,2288
2026-04-30 19:03:00,4612.24,4616.77,4611.78,4616.77,2153,15,0,2153
2026-04-30 19:06:00,4616.76,4617.48,4613.88,4615.1,2109,16,0,2109
2026-04-30 19:09:00,4615.13,4615.37,4612.66,4612.85,2123,13,0,2123
2026-04-30 19:12:00,4612.85,4614.54,4611.57,4611.75,2092,14,0,2092
2026-04-30 19:15:00,4611.76,4611.92,4606.01,4607.54,2366,12,0,2366
2026-04-30 19:18:00,4607.55,4608.28,4605.65,4607.44,2185,12,0,2185
2026-04-30 19:21:00,4607.45,4610.04,4607.43,4608.37,2254,11,0,2254
2026-04-30 19:24:00,4608.37,4611.87,4608.18,4609.11,2317,11,0,2317
2026-04-30 19:27:00,4609.25,4609.87,4606.98,4608.07,2411,11,0,2411
2026-04-30 19:30:00,4608.08,4610.78,4607.07,4610.77,2226,11,0,2226
2026-04-30 19:33:00,4610.78,4613.85,4609.85,4610.47,2447,11,0,2447
2026-04-30 19:36:00,4610.49,4612.45,4609.6,4610.9,2460,11,0,2460
2026-04-30 19:39:00,4610.94,4611.39,4608.75,4610.34,2508,11,0,2508
2026-04-30 19:42:00,4610.33,4611.42,4608.95,4609.06,2117,11,0,2117
2026-04-30 19:45:00,4609.08,4610.91,4608.6,4610.52,2585,11,0,2585
2026-04-30 19:48:00,4610.55,4617.79,4609.66,4615.87,2195,11,0,2195
2026-04-30 19:51:00,4615.87,4615.89,4612.54,4613.63,2272,17,0,2272
2026-04-30 19:54:00,4613.63,4616.64,4606.87,4607.59,2504,17,0,2504
2026-04-30 19:57:00,4607.63,4608.72,4605.39,4607.62,2399,17,0,2399
2026-04-30 20:00:00,4607.6,4614.89,4607.6,4614.39,2513,15,0,2513
2026-04-30 20:03:00,4614.39,4617.95,4614.3,4616.46,2292,12,0,2292
2026-04-30 20:06:00,4616.45,4618.0,4614.48,4616.57,2256,11,0,2256
2026-04-30 20:09:00,4616.56,4619.94,4616.39,4619.33,2400,11,0,2400
2026-04-30 20:12:00,4619.34,4620.02,4615.93,4615.93,2186,11,0,2186
2026-04-30 20:15:00,4615.93,4616.28,4612.92,4613.9,2077,11,0,2077
2026-04-30 20:18:00,4613.9,4620.18,4613.68,4620.18,2125,12,0,2125
2026-04-30 20:21:00,4620.19,4620.8,4616.69,4618.04,2132,13,0,2132
2026-04-30 20:24:00,4618.04,4619.82,4616.89,4617.52,2317,12,0,2317
2026-04-30 20:27:00,4617.51,4620.25,4614.98,4617.89,2366,15,0,2366
2026-04-30 20:30:00,4617.84,4621.65,4616.54,4616.81,2617,12,0,2617
2026-04-30 20:33:00,4616.8,4619.52,4616.53,4618.46,2464,11,0,2464
2026-04-30 20:36:00,4618.45,4620.58,4616.34,4616.38,2149,11,0,2149
2026-04-30 20:39:00,4616.39,4618.32,4615.63,4617.6,2168,11,0,2168
2026-04-30 20:42:00,4617.59,4618.42,4615.0,4617.91,1977,11,0,1977
2026-04-30 20:45:00,4617.89,4619.94,4617.82,4617.92,2012,11,0,2012
2026-04-30 20:48:00,4617.93,4617.93,4615.88,4616.63,2112,11,0,2112
2026-04-30 20:51:00,4616.63,4617.02,4615.46,4616.45,1973,11,0,1973
2026-04-30 20:54:00,4616.44,4617.59,4615.27,4616.78,1985,11,0,1985
2026-04-30 20:57:00,4616.8,4617.71,4616.56,4616.85,2005,14,0,2005
2026-04-30 21:00:00,4616.85,4624.55,4616.78,4622.46,2290,15,0,2290
2026-04-30 21:03:00,4622.45,4623.61,4620.78,4622.89,2243,15,0,2243
2026-04-30 21:06:00,4622.9,4624.55,4622.87,4624.33,2251,11,0,2251
2026-04-30 21:09:00,4624.32,4624.35,4621.43,4621.89,2185,12,0,2185
2026-04-30 21:12:00,4621.92,4623.47,4620.44,4620.69,2114,11,0,2114
2026-04-30 21:15:00,4620.7,4624.57,4620.15,4623.88,2067,13,0,2067
2026-04-30 21:18:00,4623.86,4625.25,4623.64,4623.64,2165,11,0,2165
2026-04-30 21:21:00,4623.67,4624.38,4622.56,4623.35,2110,11,0,2110
2026-04-30 21:24:00,4623.36,4623.47,4621.24,4621.56,2137,13,0,2137
2026-04-30 21:27:00,4621.57,4623.44,4619.96,4620.81,2043,13,0,2043
2026-04-30 21:30:00,4620.79,4623.34,4619.57,4620.83,2133,12,0,2133
2026-04-30 21:33:00,4620.84,4621.32,4619.75,4619.87,2333,11,0,2333
2026-04-30 21:36:00,4619.86,4621.62,4619.28,4621.42,2013,11,0,2013
2026-04-30 21:39:00,4621.23,4621.72,4619.86,4619.92,2055,11,0,2055
2026-04-30 21:42:00,4619.94,4621.56,4619.17,4620.7,2033,11,0,2033
2026-04-30 21:45:00,4620.67,4622.38,4620.13,4621.97,1896,11,0,1896
2026-04-30 21:48:00,4621.98,4622.97,4620.99,4621.99,2039,12,0,2039
2026-04-30 21:51:00,4621.94,4623.75,4621.0,4623.49,2081,13,0,2081
2026-04-30 21:54:00,4623.5,4624.67,4622.96,4624.21,2027,12,0,2027
2026-04-30 21:57:00,4624.16,4625.07,4621.99,4622.5,2311,11,0,2311
2026-04-30 22:00:00,4622.52,4625.96,4622.2,4624.31,2198,11,0,2198
2026-04-30 22:03:00,4624.32,4624.59,4622.93,4623.87,2436,11,0,2436
2026-04-30 22:06:00,4623.89,4627.49,4623.7,4625.01,2342,11,0,2342
2026-04-30 22:09:00,4624.98,4626.81,4624.68,4625.07,2191,12,0,2191
2026-04-30 22:12:00,4625.07,4626.73,4623.86,4624.22,2445,11,0,2445
2026-04-30 22:15:00,4624.22,4625.39,4623.35,4623.83,1960,11,0,1960
2026-04-30 22:18:00,4623.82,4624.06,4618.06,4618.23,2071,11,0,2071
2026-04-30 22:21:00,4618.22,4619.91,4617.56,4619.02,2583,11,0,2583
2026-04-30 22:24:00,4619.07,4620.38,4617.52,4617.75,2054,11,0,2054
2026-04-30 22:27:00,4617.77,4618.78,4617.03,4617.72,2454,11,0,2454
2026-04-30 22:30:00,4617.73,4618.8,4615.35,4616.02,2319,11,0,2319
2026-04-30 22:33:00,4616.05,4618.86,4615.78,4618.24,2173,11,0,2173
2026-04-30 22:36:00,4618.22,4619.78,4616.76,4619.64,2215,11,0,2215
2026-04-30 22:39:00,4619.62,4621.63,4619.62,4621.52,2078,11,0,2078
2026-04-30 22:42:00,4621.5,4623.04,4621.32,4622.63,2336,11,0,2336
2026-04-30 22:45:00,4622.61,4623.26,4621.57,4621.81,2003,11,0,2003
2026-04-30 22:48:00,4621.84,4622.0,4616.02,4616.04,2196,15,0,2196
2026-04-30 22:51:00,4616.01,4617.31,4614.57,4616.96,2318,17,0,2318
2026-04-30 22:54:00,4616.95,4617.53,4615.13,4615.41,2381,12,0,2381
2026-04-30 22:57:00,4615.4,4618.1,4615.35,4617.07,2331,13,0,2331
2026-04-30 23:00:00,4617.08,4620.49,4616.24,4618.57,2562,14,0,2562
2026-04-30 23:03:00,4618.58,4619.84,4615.97,4617.94,2277,11,0,2277
2026-04-30 23:06:00,4617.96,4618.33,4615.91,4616.85,2306,11,0,2306
2026-04-30 23:09:00,4616.84,4617.46,4616.03,4617.35,1917,11,0,1917
2026-04-30 23:12:00,4617.34,4617.55,4616.09,4616.16,1905,11,0,1905
2026-04-30 23:15:00,4616.19,4617.68,4615.95,4617.31,1977,11,0,1977
2026-04-30 23:18:00,4617.31,4619.38,4617.0,4618.29,1944,13,0,1944
2026-04-30 23:21:00,4618.28,4618.3,4616.34,4616.78,1886,14,0,1886
2026-04-30 23:24:00,4616.78,4617.75,4615.8,4616.22,1780,13,0,1780
2026-04-30 23:27:00,4616.22,4616.94,4615.8,4616.67,1906,13,0,1906
2026-04-30 23:30:00,4616.69,4617.61,4615.52,4617.16,2103,17,0,2103
2026-04-30 23:33:00,4617.19,4618.63,4617.18,4617.79,1968,13,0,1968
2026-04-30 23:36:00,4617.78,4618.32,4617.01,4618.0,1806,13,0,1806
2026-04-30 23:39:00,4618.03,4618.13,4616.57,4616.83,1915,12,0,1915
2026-04-30 23:42:00,4616.82,4617.79,4616.59,4617.36,1955,23,0,1955
2026-04-30 23:45:00,4617.33,4617.92,4616.8,4617.17,1895,23,0,1895
2026-04-30 23:48:00,4617.16,4619.11,4617.12,4618.5,1870,23,0,1870
2026-04-30 23:51:00,4618.5,4620.24,4618.39,4619.8,1880,23,0,1880
2026-04-30 23:54:00,4619.78,4621.84,4619.44,4621.68,1828,23,0,1828
2026-04-30 23:57:00,4621.6,4621.99,4620.36,4621.75,1326,23,0,1326
2026-05-01 01:00:00,4629.54,4631.87,4625.59,4628.01,4504,20,0,4504
2026-05-01 01:03:00,4628.03,4631.02,4625.54,4628.9,1881,20,0,1881
2026-05-01 01:06:00,4628.88,4629.91,4626.59,4629.77,1835,20,0,1835
2026-05-01 01:09:00,4629.77,4631.98,4629.68,4630.66,1891,20,0,1891
2026-05-01 01:12:00,4630.64,4632.86,4630.48,4631.34,1822,20,0,1822
2026-05-01 01:15:00,4631.35,4631.46,4629.08,4630.96,1842,20,0,1842
2026-05-01 01:18:00,4630.94,4631.52,4628.79,4631.02,1858,20,0,1858
2026-05-01 01:21:00,4631.01,4631.04,4629.65,4630.95,1817,20,0,1817
2026-05-01 01:24:00,4630.97,4631.03,4629.3,4629.49,1789,20,0,1789
2026-05-01 01:27:00,4629.51,4631.38,4629.42,4631.28,1760,20,0,1760
2026-05-01 01:30:00,4631.31,4632.03,4630.2,4630.25,1830,20,0,1830
2026-05-01 01:33:00,4630.26,4630.26,4627.76,4628.69,1945,20,0,1945
2026-05-01 01:36:00,4628.68,4629.16,4626.84,4628.91,1919,20,0,1919
2026-05-01 01:39:00,4628.91,4631.42,4628.88,4631.05,1887,20,0,1887
2026-05-01 01:42:00,4631.02,4632.32,4630.75,4632.32,1819,19,0,1819
2026-05-01 01:45:00,4632.33,4632.37,4628.74,4628.77,1844,20,0,1844
2026-05-01 01:48:00,4628.76,4632.05,4628.54,4630.13,1922,20,0,1922
2026-05-01 01:51:00,4630.11,4630.94,4629.23,4629.79,1873,20,0,1873
2026-05-01 01:54:00,4629.76,4630.43,4629.51,4630.13,1831,18,0,1831
2026-05-01 01:57:00,4630.11,4631.68,4629.51,4630.38,1906,18,0,1906
2026-05-01 02:00:00,4630.38,4630.79,4629.26,4629.49,1817,19,0,1817
2026-05-01 02:03:00,4629.49,4630.65,4628.37,4630.12,1839,18,0,1839
2026-05-01 02:06:00,4630.13,4631.27,4629.78,4630.65,1781,19,0,1781
2026-05-01 02:09:00,4630.66,4631.02,4628.89,4630.86,1809,18,0,1809
2026-05-01 02:12:00,4630.87,4631.7,4629.49,4630.18,1813,17,0,1813
2026-05-01 02:15:00,4630.17,4630.9,4629.49,4630.87,1954,14,0,1954
2026-05-01 02:18:00,4630.87,4631.27,4629.07,4630.13,1978,14,0,1978
2026-05-01 02:21:00,4630.12,4630.91,4630.07,4630.43,1748,14,0,1748
2026-05-01 02:24:00,4630.43,4632.06,4630.17,4631.88,1778,15,0,1778
2026-05-01 02:27:00,4631.89,4632.21,4630.5,4630.82,1803,20,0,1803
2026-05-01 02:30:00,4630.8,4632.91,4630.65,4632.42,1816,20,0,1816
2026-05-01 02:33:00,4632.41,4633.49,4631.77,4632.09,1934,20,0,1934
2026-05-01 02:36:00,4632.08,4634.06,4631.83,4634.05,1800,17,0,1800
2026-05-01 02:39:00,4634.06,4634.06,4632.7,4633.52,1840,19,0,1840
2026-05-01 02:42:00,4633.49,4633.7,4631.29,4631.29,1802,15,0,1802
2026-05-01 02:45:00,4631.29,4633.23,4630.49,4632.46,1836,20,0,1836
2026-05-01 02:48:00,4632.46,4632.81,4630.88,4631.61,1819,15,0,1819
2026-05-01 02:51:00,4631.61,4632.31,4629.99,4632.07,1880,14,0,1880
2026-05-01 02:54:00,4632.06,4632.67,4629.54,4629.64,1896,19,0,1896
2026-05-01 02:57:00,4629.67,4629.97,4626.4,4626.54,1979,20,0,1979
2026-05-01 03:00:00,4626.52,4628.21,4623.33,4627.56,2359,20,0,2359
2026-05-01 03:03:00,4627.57,4629.2,4625.5,4628.97,2041,20,0,2041
2026-05-01 03:06:00,4628.98,4631.06,4626.17,4626.28,2068,20,0,2068
2026-05-01 03:09:00,4626.27,4627.7,4623.6,4623.69,2112,20,0,2112
2026-05-01 03:12:00,4623.66,4624.93,4620.76,4622.48,2182,20,0,2182
2026-05-01 03:15:00,4622.48,4626.64,4620.98,4625.75,2174,20,0,2174
2026-05-01 03:18:00,4625.72,4627.48,4624.7,4627.44,2038,19,0,2038
2026-05-01 03:21:00,4627.47,4628.46,4624.29,4624.43,2036,16,0,2036
2026-05-01 03:24:00,4624.44,4625.61,4623.44,4624.44,2042,20,0,2042
2026-05-01 03:27:00,4624.45,4625.34,4623.29,4623.81,2044,19,0,2044
2026-05-01 03:30:00,4623.82,4624.79,4621.36,4623.62,2030,19,0,2030
2026-05-01 03:33:00,4623.6,4625.08,4620.95,4621.3,2067,20,0,2067
2026-05-01 03:36:00,4621.27,4621.78,4618.52,4620.44,2175,14,0,2175
2026-05-01 03:39:00,4620.43,4622.04,4619.98,4621.61,1986,14,0,1986
2026-05-01 03:42:00,4621.61,4621.68,4618.84,4620.82,2055,14,0,2055
2026-05-01 03:45:00,4620.81,4623.5,4620.63,4623.06,2028,14,0,2028
2026-05-01 03:48:00,4623.04,4623.47,4620.96,4621.28,2012,17,0,2012
2026-05-01 03:51:00,4621.28,4622.99,4621.2,4622.58,1855,19,0,1855
2026-05-01 03:54:00,4622.63,4625.04,4622.35,4623.64,2066,20,0,2066
2026-05-01 03:57:00,4623.64,4624.27,4619.59,4619.74,2016,20,0,2016
2026-05-01 04:00:00,4619.75,4620.86,4616.81,4618.45,2286,20,0,2286
2026-05-01 04:03:00,4618.45,4619.37,4616.88,4619.24,2008,18,0,2008
2026-05-01 04:06:00,4619.2,4619.64,4616.52,4617.18,1923,15,0,1923
2026-05-01 04:09:00,4617.15,4619.33,4615.54,4615.97,1999,18,0,1999
2026-05-01 04:12:00,4615.98,4618.8,4615.53,4618.46,2017,14,0,2017
2026-05-01 04:15:00,4618.37,4619.03,4616.69,4617.3,1907,18,0,1907
2026-05-01 04:18:00,4617.31,4617.64,4613.91,4614.61,1990,17,0,1990
2026-05-01 04:21:00,4614.6,4616.54,4614.53,4616.02,1890,17,0,1890
2026-05-01 04:24:00,4616.04,4616.34,4614.53,4615.65,1853,17,0,1853
2026-05-01 04:27:00,4615.66,4616.66,4614.54,4616.39,1858,19,0,1858
2026-05-01 04:30:00,4616.31,4618.38,4616.15,4617.02,1955,20,0,1955
2026-05-01 04:33:00,4617.02,4620.83,4616.65,4619.55,1874,18,0,1874
2026-05-01 04:36:00,4619.61,4620.92,4619.07,4619.26,1890,19,0,1890
2026-05-01 04:39:00,4619.26,4621.46,4619.07,4620.05,2104,14,0,2104
2026-05-01 04:42:00,4620.02,4621.92,4619.07,4620.15,1995,14,0,1995
2026-05-01 04:45:00,4620.13,4620.71,4618.92,4619.66,1967,14,0,1967
2026-05-01 04:48:00,4619.66,4621.65,4618.7,4621.64,1898,14,0,1898
2026-05-01 04:51:00,4621.65,4621.65,4619.51,4620.46,1878,18,0,1878
2026-05-01 04:54:00,4620.44,4621.81,4618.69,4621.77,2166,14,0,2166
2026-05-01 04:57:00,4621.77,4622.23,4620.57,4620.92,1843,14,0,1843
2026-05-01 05:00:00,4620.91,4623.17,4619.7,4623.03,1829,17,0,1829
2026-05-01 05:03:00,4623.03,4625.44,4622.65,4624.47,1899,18,0,1899
2026-05-01 05:06:00,4624.47,4625.46,4623.46,4625.28,2087,14,0,2087
2026-05-01 05:09:00,4625.28,4633.98,4625.09,4633.88,1967,14,0,1967
2026-05-01 05:12:00,4633.87,4634.49,4630.47,4630.94,1914,20,0,1914
2026-05-01 05:15:00,4630.94,4636.03,4630.44,4634.83,2031,20,0,2031
2026-05-01 05:18:00,4634.82,4634.83,4632.49,4632.55,1941,19,0,1941
2026-05-01 05:21:00,4632.53,4632.56,4628.87,4629.65,1937,20,0,1937
2026-05-01 05:24:00,4629.68,4631.19,4629.52,4630.28,1930,14,0,1930
2026-05-01 05:27:00,4630.31,4630.65,4628.56,4629.51,1803,14,0,1803
2026-05-01 05:30:00,4629.51,4631.2,4628.53,4629.54,1911,14,0,1911
2026-05-01 05:33:00,4629.55,4629.78,4627.96,4629.46,1826,15,0,1826
2026-05-01 05:36:00,4629.47,4630.69,4628.04,4628.55,1868,19,0,1868
2026-05-01 05:39:00,4628.58,4628.87,4627.65,4627.79,1920,17,0,1920
2026-05-01 05:42:00,4627.8,4627.85,4623.94,4624.28,1953,19,0,1953
2026-05-01 05:45:00,4624.29,4624.46,4620.55,4621.6,1931,20,0,1931
2026-05-01 05:48:00,4621.61,4621.7,4619.35,4619.95,1963,16,0,1963
2026-05-01 05:51:00,4619.92,4620.76,4618.31,4620.15,1992,20,0,1992
2026-05-01 05:54:00,4620.15,4620.34,4617.09,4617.14,1938,14,0,1938
2026-05-01 05:57:00,4617.15,4619.54,4616.46,4619.1,1981,14,0,1981
2026-05-01 06:00:00,4619.13,4620.39,4617.83,4620.36,1878,14,0,1878
2026-05-01 06:03:00,4620.38,4620.56,4618.36,4618.36,2061,14,0,2061
2026-05-01 06:06:00,4618.4,4619.04,4617.85,4618.0,1824,14,0,1824
2026-05-01 06:09:00,4618.08,4620.2,4617.79,4619.89,1786,14,0,1786
2026-05-01 06:12:00,4619.89,4621.24,4618.81,4620.6,1849,15,0,1849
2026-05-01 06:15:00,4620.6,4622.6,4620.54,4621.96,1787,19,0,1787
2026-05-01 06:18:00,4621.94,4623.83,4620.72,4623.68,1779,16,0,1779
2026-05-01 06:21:00,4623.69,4624.56,4623.68,4624.0,1836,15,0,1836
2026-05-01 06:24:00,4623.98,4624.24,4623.27,4623.92,1826,15,0,1826
2026-05-01 06:27:00,4623.92,4626.68,4623.65,4626.22,1862,17,0,1862
2026-05-01 06:30:00,4626.25,4629.39,4626.25,4628.53,1975,20,0,1975
2026-05-01 06:33:00,4628.53,4631.55,4627.9,4630.73,1828,20,0,1828
2026-05-01 06:36:00,4630.75,4632.04,4629.92,4631.77,1892,18,0,1892
2026-05-01 06:39:00,4631.75,4631.78,4626.46,4627.43,2031,19,0,2031
2026-05-01 06:42:00,4627.44,4627.77,4625.44,4626.17,1920,20,0,1920
2026-05-01 06:45:00,4626.15,4627.96,4626.02,4626.8,1860,14,0,1860
2026-05-01 06:48:00,4626.81,4627.2,4625.93,4626.51,1884,14,0,1884
2026-05-01 06:51:00,4626.49,4628.01,4626.18,4627.48,1845,14,0,1845
2026-05-01 06:54:00,4627.48,4628.05,4625.64,4626.93,1913,17,0,1913
2026-05-01 06:57:00,4626.91,4627.28,4626.21,4626.69,1820,18,0,1820
2026-05-01 07:00:00,4626.71,4628.7,4626.04,4628.01,1860,20,0,1860
2026-05-01 07:03:00,4628.02,4628.04,4623.96,4625.91,1943,20,0,1943
2026-05-01 07:06:00,4625.92,4626.54,4619.9,4620.09,1926,20,0,1926
2026-05-01 07:09:00,4620.09,4622.01,4620.07,4621.8,1962,20,0,1962
2026-05-01 07:12:00,4621.8,4623.38,4621.58,4621.71,1829,15,0,1829
2026-05-01 07:15:00,4621.69,4622.38,4621.13,4621.74,1805,14,0,1805
2026-05-01 07:18:00,4621.78,4623.29,4621.49,4622.36,1803,14,0,1803
2026-05-01 07:21:00,4622.35,4623.35,4621.03,4621.58,1799,14,0,1799
2026-05-01 07:24:00,4621.59,4622.03,4619.26,4619.34,1784,14,0,1784
2026-05-01 07:27:00,4619.35,4619.87,4617.14,4617.61,1891,20,0,1891
2026-05-01 07:30:00,4617.61,4618.15,4612.84,4613.13,1978,20,0,1978
2026-05-01 07:33:00,4613.15,4616.63,4612.35,4616.34,1934,20,0,1934
2026-05-01 07:36:00,4616.33,4617.26,4613.96,4615.1,1883,17,0,1883
2026-05-01 07:39:00,4615.12,4616.08,4612.26,4612.53,1848,16,0,1848
2026-05-01 07:42:00,4612.55,4613.92,4612.15,4613.51,1840,14,0,1840
2026-05-01 07:45:00,4613.53,4614.6,4611.28,4611.35,1881,15,0,1881
2026-05-01 07:48:00,4611.34,4612.03,4609.6,4610.21,1877,17,0,1877
2026-05-01 07:51:00,4610.21,4610.89,4609.74,4610.43,1864,18,0,1864
2026-05-01 07:54:00,4610.43,4611.65,4609.31,4610.12,1831,19,0,1831
2026-05-01 07:57:00,4610.12,4611.62,4609.18,4609.21,1850,20,0,1850
2026-05-01 08:00:00,4609.18,4609.57,4607.9,4608.59,1936,20,0,1936
2026-05-01 08:03:00,4608.62,4610.96,4607.6,4610.87,1863,20,0,1863
2026-05-01 08:06:00,4610.89,4613.56,4610.75,4613.16,1905,18,0,1905
2026-05-01 08:09:00,4613.18,4614.38,4611.82,4613.92,1891,18,0,1891
2026-05-01 08:12:00,4613.94,4614.76,4613.57,4614.32,1848,14,0,1848
2026-05-01 08:15:00,4614.3,4614.69,4612.13,4612.52,1805,14,0,1805
2026-05-01 08:18:00,4612.53,4614.67,4611.54,4614.32,1888,19,0,1888
2026-05-01 08:21:00,4614.34,4615.31,4613.99,4614.74,1838,15,0,1838
2026-05-01 08:24:00,4614.72,4615.21,4612.9,4612.93,1836,14,0,1836
2026-05-01 08:27:00,4612.9,4616.2,4612.58,4614.77,1799,19,0,1799
2026-05-01 08:30:00,4614.75,4615.45,4612.77,4612.82,1878,18,0,1878
2026-05-01 08:33:00,4612.8,4615.1,4612.64,4613.81,1877,18,0,1877
2026-05-01 08:36:00,4613.83,4614.27,4609.6,4609.63,1924,17,0,1924
2026-05-01 08:39:00,4609.69,4611.6,4609.52,4610.98,1935,20,0,1935
2026-05-01 08:42:00,4611.01,4611.73,4609.72,4609.89,1847,19,0,1847
2026-05-01 08:45:00,4609.86,4612.3,4607.25,4611.91,1977,20,0,1977
2026-05-01 08:48:00,4611.91,4613.54,4611.07,4612.03,1937,14,0,1937
2026-05-01 08:51:00,4612.04,4612.23,4610.2,4610.21,2033,14,0,2033
2026-05-01 08:54:00,4610.21,4610.27,4602.86,4602.98,2014,14,0,2014
2026-05-01 08:57:00,4602.97,4605.59,4602.97,4604.91,2002,20,0,2002
2026-05-01 09:00:00,4604.91,4607.86,4603.95,4606.75,2010,17,0,2010
2026-05-01 09:03:00,4606.75,4607.2,4604.12,4605.68,2067,17,0,2067
2026-05-01 09:06:00,4605.69,4605.71,4601.51,4602.1,2150,17,0,2150
2026-05-01 09:09:00,4602.08,4603.52,4601.48,4601.76,1998,14,0,1998
2026-05-01 09:12:00,4601.77,4602.99,4601.05,4601.51,1935,12,0,1935
2026-05-01 09:15:00,4601.52,4602.07,4600.08,4600.14,2013,12,0,2013
2026-05-01 09:18:00,4600.14,4600.69,4595.96,4599.23,2249,11,0,2249
2026-05-01 09:21:00,4599.22,4599.46,4595.57,4598.16,2072,14,0,2072
2026-05-01 09:24:00,4598.17,4599.31,4596.8,4597.06,2051,13,0,2051
2026-05-01 09:27:00,4597.03,4597.22,4593.33,4593.48,2455,11,0,2455
2026-05-01 09:30:00,4593.52,4593.92,4592.19,4593.17,2412,11,0,2412
2026-05-01 09:33:00,4593.16,4596.57,4592.4,4596.53,1949,11,0,1949
2026-05-01 09:36:00,4596.62,4597.68,4591.86,4592.44,2122,13,0,2122
2026-05-01 09:39:00,4592.42,4592.75,4590.86,4592.06,2386,11,0,2386
2026-05-01 09:42:00,4592.07,4593.76,4591.47,4593.42,2025,11,0,2025
2026-05-01 09:45:00,4593.41,4596.02,4591.99,4593.94,2549,17,0,2549
2026-05-01 09:48:00,4593.92,4596.04,4591.22,4591.58,2317,17,0,2317
2026-05-01 09:51:00,4591.54,4594.47,4591.28,4593.4,2162,13,0,2162
2026-05-01 09:54:00,4593.38,4595.26,4591.94,4593.62,2127,11,0,2127
2026-05-01 09:57:00,4593.6,4595.14,4592.47,4594.88,2319,11,0,2319
2026-05-01 10:00:00,4594.81,4596.27,4592.8,4595.1,2142,12,0,2142
2026-05-01 10:03:00,4595.1,4595.42,4592.14,4592.65,2292,11,0,2292
2026-05-01 10:06:00,4592.64,4596.27,4590.09,4592.8,2289,13,0,2289
2026-05-01 10:09:00,4592.77,4595.74,4592.1,4595.56,2542,11,0,2542
2026-05-01 10:12:00,4595.55,4596.5,4594.38,4596.02,2049,11,0,2049
2026-05-01 10:15:00,4596.01,4598.14,4594.64,4597.81,1957,11,0,1957
2026-05-01 10:18:00,4597.82,4597.91,4595.41,4595.59,2073,11,0,2073
2026-05-01 10:21:00,4595.61,4596.04,4585.27,4590.35,2225,17,0,2225
2026-05-01 10:24:00,4590.33,4591.29,4587.64,4587.73,2020,12,0,2020
2026-05-01 10:27:00,4587.73,4593.18,4587.68,4592.38,2415,11,0,2415
2026-05-01 10:30:00,4592.37,4592.59,4585.95,4586.08,2084,11,0,2084
2026-05-01 10:33:00,4586.07,4588.93,4583.68,4588.71,2292,11,0,2292
2026-05-01 10:36:00,4588.75,4590.0,4585.5,4585.92,2255,11,0,2255
2026-05-01 10:39:00,4585.89,4586.8,4584.22,4586.74,2010,11,0,2010
2026-05-01 10:42:00,4586.75,4587.15,4585.35,4585.44,1901,11,0,1901
2026-05-01 10:45:00,4585.43,4586.02,4583.23,4583.44,1960,13,0,1960
2026-05-01 10:48:00,4583.25,4584.9,4582.45,4584.29,2078,12,0,2078
2026-05-01 10:51:00,4584.3,4584.66,4580.7,4582.54,2036,15,0,2036
2026-05-01 10:54:00,4582.54,4582.54,4578.36,4578.56,2068,16,0,2068
2026-05-01 10:57:00,4578.57,4578.6,4575.86,4578.24,2164,12,0,2164
2026-05-01 11:00:00,4578.23,4581.75,4577.92,4579.53,2082,13,0,2082
2026-05-01 11:03:00,4579.53,4582.39,4577.24,4580.93,2115,15,0,2115
2026-05-01 11:06:00,4580.92,4582.59,4580.41,4581.16,2346,11,0,2346
2026-05-01 11:09:00,4581.16,4581.22,4573.2,4576.14,2114,11,0,2114
2026-05-01 11:12:00,4576.13,4577.19,4573.78,4573.87,2307,11,0,2307
2026-05-01 11:15:00,4573.86,4576.96,4571.54,4571.82,2082,11,0,2082
2026-05-01 11:18:00,4571.81,4573.1,4570.05,4570.17,2350,11,0,2350
2026-05-01 11:21:00,4570.16,4571.44,4568.78,4569.02,2114,11,0,2114
2026-05-01 11:24:00,4569.03,4569.55,4566.91,4567.15,2239,11,0,2239
2026-05-01 11:27:00,4567.15,4568.56,4566.46,4567.36,2173,11,0,2173
2026-05-01 11:30:00,4567.35,4571.26,4566.14,4570.32,2097,11,0,2097
2026-05-01 11:33:00,4570.31,4572.15,4569.29,4569.77,2504,11,0,2504
2026-05-01 11:36:00,4569.78,4570.23,4566.25,4570.11,2349,11,0,2349
2026-05-01 11:39:00,4570.12,4571.01,4568.97,4569.0,2154,11,0,2154
2026-05-01 11:42:00,4569.04,4571.46,4568.89,4571.03,2104,11,0,2104
2026-05-01 11:45:00,4571.02,4572.59,4569.35,4569.65,1948,11,0,1948
2026-05-01 11:48:00,4569.6,4571.43,4568.56,4569.03,1954,11,0,1954
2026-05-01 11:51:00,4569.06,4569.14,4565.16,4565.85,1963,15,0,1963
2026-05-01 11:54:00,4565.85,4569.16,4565.78,4568.56,2061,12,0,2061
2026-05-01 11:57:00,4568.55,4569.65,4567.28,4568.99,2020,12,0,2020
2026-05-01 12:00:00,4569.02,4569.26,4564.93,4567.6,1986,15,0,1986
2026-05-01 12:03:00,4567.58,4567.88,4564.46,4567.21,2314,11,0,2314
2026-05-01 12:06:00,4567.2,4567.63,4564.7,4564.8,2033,11,0,2033
2026-05-01 12:09:00,4564.77,4567.72,4564.54,4565.24,1942,11,0,1942
2026-05-01 12:12:00,4565.19,4566.13,4564.36,4565.83,1896,11,0,1896
2026-05-01 12:15:00,4565.81,4567.24,4564.72,4566.68,1937,12,0,1937
2026-05-01 12:18:00,4566.67,4570.19,4566.57,4569.47,2076,12,0,2076
2026-05-01 12:21:00,4569.48,4571.37,4569.24,4570.77,2038,12,0,2038
2026-05-01 12:24:00,4570.78,4571.34,4567.69,4569.04,2433,11,0,2433
2026-05-01 12:27:00,4569.04,4571.17,4568.46,4569.23,1933,12,0,1933
2026-05-01 12:30:00,4569.21,4570.42,4567.64,4568.83,2029,16,0,2029
2026-05-01 12:33:00,4568.84,4572.03,4568.78,4570.88,2412,11,0,2412
2026-05-01 12:36:00,4570.91,4573.06,4570.52,4572.6,1895,11,0,1895
2026-05-01 12:39:00,4572.59,4572.66,4570.69,4571.78,1865,11,0,1865
2026-05-01 12:42:00,4571.77,4572.52,4570.11,4570.36,1848,11,0,1848
2026-05-01 12:45:00,4570.37,4570.76,4567.82,4569.36,1852,13,0,1852
2026-05-01 12:48:00,4569.38,4570.75,4566.41,4567.68,1953,17,0,1953
2026-05-01 12:51:00,4567.71,4570.14,4566.56,4566.71,1943,14,0,1943
2026-05-01 12:54:00,4566.68,4566.93,4560.72,4561.87,2074,13,0,2074
2026-05-01 12:57:00,4561.86,4562.69,4560.31,4562.69,1997,13,0,1997
2026-05-01 13:00:00,4562.69,4563.8,4561.38,4563.78,1945,12,0,1945
2026-05-01 13:03:00,4563.78,4564.44,4562.98,4564.11,2011,11,0,2011
2026-05-01 13:06:00,4564.11,4568.0,4563.47,4567.55,1871,11,0,1871
2026-05-01 13:09:00,4567.4,4567.85,4565.52,4565.72,1885,11,0,1885
2026-05-01 13:12:00,4565.74,4567.58,4565.07,4566.64,1908,11,0,1908
2026-05-01 13:15:00,4566.64,4568.12,4566.58,4567.83,1866,12,0,1866
2026-05-01 13:18:00,4567.8,4569.89,4567.19,4569.67,1840,14,0,1840
2026-05-01 13:21:00,4569.67,4571.75,4569.37,4571.4,1863,14,0,1863
2026-05-01 13:24:00,4571.4,4572.3,4570.71,4572.3,1850,13,0,1850
2026-05-01 13:27:00,4572.3,4572.69,4571.3,4572.15,1865,12,0,1865
2026-05-01 13:30:00,4572.15,4576.08,4571.71,4574.22,1953,15,0,1953
2026-05-01 13:33:00,4574.2,4574.71,4569.48,4569.88,1953,13,0,1953
2026-05-01 13:36:00,4569.87,4570.79,4568.77,4569.9,1874,11,0,1874
2026-05-01 13:39:00,4569.92,4570.6,4567.43,4568.57,1939,15,0,1939
2026-05-01 13:42:00,4568.56,4570.45,4568.2,4570.38,1905,13,0,1905
2026-05-01 13:45:00,4570.37,4572.04,4569.58,4572.01,2197,11,0,2197
2026-05-01 13:48:00,4572.01,4572.12,4568.32,4568.49,1993,11,0,1993
2026-05-01 13:51:00,4568.5,4569.19,4566.42,4566.78,1917,11,0,1917
2026-05-01 13:54:00,4566.8,4568.73,4566.49,4567.67,1929,12,0,1929
2026-05-01 13:57:00,4567.66,4568.78,4566.17,4566.83,2298,11,0,2298
2026-05-01 14:00:00,4566.83,4567.97,4563.86,4566.56,2138,11,0,2138
2026-05-01 14:03:00,4566.6,4568.95,4565.03,4566.06,2399,11,0,2399
2026-05-01 14:06:00,4566.06,4567.56,4565.9,4567.27,1919,12,0,1919
2026-05-01 14:09:00,4567.3,4567.8,4562.45,4563.81,2038,12,0,2038
2026-05-01 14:12:00,4563.83,4566.07,4563.81,4565.8,2421,11,0,2421
2026-05-01 14:15:00,4565.79,4569.84,4564.54,4569.63,2299,11,0,2299
2026-05-01 14:18:00,4569.54,4573.27,4569.28,4573.11,2430,11,0,2430
2026-05-01 14:21:00,4573.12,4574.18,4571.96,4572.53,2441,11,0,2441
2026-05-01 14:24:00,4572.51,4576.34,4572.33,4574.97,2382,11,0,2382
2026-05-01 14:27:00,4574.92,4574.92,4571.65,4571.9,2224,11,0,2224
2026-05-01 14:30:00,4571.91,4575.38,4570.38,4573.53,2221,11,0,2221
2026-05-01 14:33:00,4573.52,4576.25,4573.37,4574.51,2469,11,0,2469
2026-05-01 14:36:00,4574.51,4577.02,4574.5,4575.76,2463,11,0,2463
2026-05-01 14:39:00,4575.77,4577.69,4575.27,4575.94,2393,11,0,2393
2026-05-01 14:42:00,4575.93,4576.76,4575.11,4575.61,2192,11,0,2192
2026-05-01 14:45:00,4575.64,4575.96,4573.1,4574.67,2343,11,0,2343
2026-05-01 14:48:00,4574.66,4575.58,4573.25,4573.76,2432,11,0,2432
2026-05-01 14:51:00,4573.76,4576.09,4572.78,4576.08,2407,11,0,2407
2026-05-01 14:54:00,4576.07,4579.56,4575.94,4578.36,2294,11,0,2294
2026-05-01 14:57:00,4578.3,4579.54,4576.74,4578.66,2421,11,0,2421
2026-05-01 15:00:00,4578.63,4578.64,4575.04,4575.61,2255,11,0,2255
2026-05-01 15:03:00,4575.62,4578.74,4575.43,4578.29,2512,11,0,2512
2026-05-01 15:06:00,4578.25,4579.8,4576.09,4576.23,2334,11,0,2334
2026-05-01 15:09:00,4576.2,4577.19,4575.37,4575.43,2039,12,0,2039
2026-05-01 15:12:00,4575.44,4590.62,4574.9,4584.78,2755,12,0,2755
2026-05-01 15:15:00,4584.8,4587.55,4582.78,4587.26,2697,12,0,2697
2026-05-01 15:18:00,4587.29,4591.34,4587.28,4590.05,2646,11,0,2646
2026-05-01 15:21:00,4590.03,4596.95,4588.24,4595.68,2699,11,0,2699
2026-05-01 15:24:00,4595.67,4607.36,4594.39,4605.37,2885,11,0,2885
2026-05-01 15:27:00,4605.37,4607.78,4602.33,4602.93,2845,11,0,2845
2026-05-01 15:30:00,4602.94,4603.28,4596.63,4597.5,2801,11,0,2801
2026-05-01 15:33:00,4597.48,4599.5,4595.78,4599.12,2457,11,0,2457
2026-05-01 15:36:00,4599.12,4601.48,4597.1,4598.15,2641,11,0,2641
2026-05-01 15:39:00,4598.15,4600.12,4592.56,4593.0,2538,11,0,2538
2026-05-01 15:42:00,4593.01,4593.25,4588.96,4591.96,2670,11,0,2670
2026-05-01 15:45:00,4591.92,4595.47,4591.66,4593.05,2579,11,0,2579
2026-05-01 15:48:00,4593.07,4594.65,4590.86,4593.72,2508,11,0,2508
2026-05-01 15:51:00,4593.74,4595.22,4592.52,4594.05,2562,11,0,2562
2026-05-01 15:54:00,4594.04,4594.95,4589.92,4590.24,2245,11,0,2245
2026-05-01 15:57:00,4590.27,4593.56,4589.76,4591.15,2566,11,0,2566
2026-05-01 16:00:00,4591.17,4596.05,4589.76,4595.03,2535,11,0,2535
2026-05-01 16:03:00,4594.99,4595.38,4592.1,4594.07,2517,11,0,2517
2026-05-01 16:06:00,4594.07,4595.05,4591.84,4594.64,2583,11,0,2583
2026-05-01 16:09:00,4594.63,4597.29,4594.21,4595.47,2459,11,0,2459
2026-05-01 16:12:00,4595.46,4596.14,4589.97,4591.35,2539,11,0,2539
2026-05-01 16:15:00,4591.34,4591.95,4587.65,4591.6,2301,11,0,2301
2026-05-01 16:18:00,4591.58,4592.57,4589.93,4591.76,2622,11,0,2622
2026-05-01 16:21:00,4591.76,4592.82,4590.6,4591.01,2393,11,0,2393
2026-05-01 16:24:00,4591.04,4593.12,4590.74,4590.85,2291,11,0,2291
2026-05-01 16:27:00,4590.87,4591.04,4586.64,4589.21,2313,12,0,2313
2026-05-01 16:30:00,4589.21,4595.62,4586.55,4595.42,3107,12,0,3107
2026-05-01 16:33:00,4595.44,4601.61,4595.07,4599.72,2921,11,0,2921
2026-05-01 16:36:00,4599.7,4605.42,4599.0,4600.79,3013,11,0,3013
2026-05-01 16:39:00,4600.79,4608.93,4600.41,4607.32,3052,11,0,3052
2026-05-01 16:42:00,4607.32,4608.19,4603.92,4607.82,2677,11,0,2677
2026-05-01 16:45:00,4607.87,4609.34,4598.9,4599.03,2770,11,0,2770
2026-05-01 16:48:00,4599.05,4607.84,4598.95,4607.84,2955,11,0,2955
2026-05-01 16:51:00,4608.34,4615.34,4604.25,4615.09,2896,12,0,2896
2026-05-01 16:54:00,4615.1,4628.9,4614.1,4625.27,3404,11,0,3404
2026-05-01 16:57:00,4625.28,4627.3,4622.23,4625.69,2635,11,0,2635
2026-05-01 17:00:00,4625.7,4641.95,4625.47,4636.13,3255,13,0,3255
2026-05-01 17:03:00,4635.99,4638.95,4632.66,4634.83,2947,11,0,2947
2026-05-01 17:06:00,4634.84,4640.32,4632.75,4634.78,2999,11,0,2999
2026-05-01 17:09:00,4634.74,4642.98,4633.15,4641.43,2660,12,0,2660
2026-05-01 17:12:00,4641.41,4660.23,4641.11,4656.16,3449,12,0,3449
2026-05-01 17:15:00,4656.18,4660.4,4653.14,4653.62,3368,11,0,3368
2026-05-01 17:18:00,4653.6,4657.1,4649.28,4656.28,2895,11,0,2895
2026-05-01 17:21:00,4656.29,4658.06,4652.15,4652.64,2868,11,0,2868
2026-05-01 17:24:00,4652.62,4652.63,4644.51,4646.25,2824,11,0,2824
2026-05-01 17:27:00,4646.24,4651.58,4643.87,4644.62,2837,11,0,2837
2026-05-01 17:30:00,4644.61,4646.31,4639.61,4643.81,2974,11,0,2974
2026-05-01 17:33:00,4643.81,4645.62,4639.13,4639.13,2733,11,0,2733
2026-05-01 17:36:00,4639.12,4639.92,4635.9,4639.82,3041,11,0,3041
2026-05-01 17:39:00,4639.86,4642.48,4632.19,4632.58,2965,11,0,2965
2026-05-01 17:42:00,4632.67,4639.74,4630.45,4633.28,2946,11,0,2946
2026-05-01 17:45:00,4633.24,4635.18,4629.11,4630.11,2801,11,0,2801
2026-05-01 17:48:00,4630.12,4632.29,4627.22,4630.57,2783,11,0,2783
2026-05-01 17:51:00,4630.57,4634.0,4628.62,4631.6,2988,11,0,2988
2026-05-01 17:54:00,4631.61,4635.38,4630.55,4633.23,2553,11,0,2553
2026-05-01 17:57:00,4633.23,4633.87,4630.0,4632.05,2823,11,0,2823
2026-05-01 18:00:00,4632.02,4633.35,4624.95,4626.5,2724,11,0,2724
2026-05-01 18:03:00,4626.53,4628.54,4621.71,4624.19,2922,11,0,2922
2026-05-01 18:06:00,4624.19,4626.88,4619.1,4626.35,2910,11,0,2910
2026-05-01 18:09:00,4626.34,4628.09,4623.74,4626.58,2782,11,0,2782
2026-05-01 18:12:00,4626.63,4636.45,4626.63,4636.4,2605,11,0,2605
2026-05-01 18:15:00,4636.42,4639.4,4635.25,4637.77,2797,11,0,2797
2026-05-01 18:18:00,4637.78,4640.56,4637.06,4638.84,2641,11,0,2641
2026-05-01 18:21:00,4638.85,4639.71,4634.93,4636.4,2659,11,0,2659
2026-05-01 18:24:00,4636.38,4637.21,4634.75,4635.02,2458,11,0,2458
2026-05-01 18:27:00,4635.04,4637.19,4634.02,4636.47,2430,11,0,2430
2026-05-01 18:30:00,4636.46,4641.3,4636.46,4638.43,2725,11,0,2725
2026-05-01 18:33:00,4638.43,4639.8,4636.46,4637.33,2733,11,0,2733
2026-05-01 18:36:00,4637.34,4642.28,4635.43,4642.11,2624,11,0,2624
2026-05-01 18:39:00,4642.1,4644.14,4640.52,4643.69,2315,13,0,2315
2026-05-01 18:42:00,4643.67,4644.66,4642.41,4643.49,2233,13,0,2233
2026-05-01 18:45:00,4643.52,4648.12,4643.22,4645.51,2494,11,0,2494
2026-05-01 18:48:00,4645.48,4646.2,4633.28,4642.48,2586,11,0,2586
2026-05-01 18:51:00,4642.42,4645.03,4640.45,4644.65,2691,14,0,2691
2026-05-01 18:54:00,4644.63,4646.79,4643.35,4645.99,2313,14,0,2313
2026-05-01 18:57:00,4645.99,4646.2,4642.36,4643.21,2540,11,0,2540
2026-05-01 19:00:00,4643.21,4645.45,4641.53,4644.35,2229,11,0,2229
2026-05-01 19:03:00,4644.35,4645.34,4643.19,4644.49,2141,17,0,2141
2026-05-01 19:06:00,4644.47,4644.51,4640.41,4641.69,2247,17,0,2247
2026-05-01 19:09:00,4641.71,4642.52,4638.11,4639.7,2218,17,0,2218
2026-05-01 19:12:00,4639.7,4643.66,4639.67,4642.74,2139,15,0,2139
2026-05-01 19:15:00,4642.72,4650.03,4642.63,4649.11,2186,15,0,2186
2026-05-01 19:18:00,4649.1,4649.36,4646.21,4646.92,2022,13,0,2022
2026-05-01 19:21:00,4646.95,4649.84,4640.72,4641.99,2372,11,0,2372
2026-05-01 19:24:00,4642.0,4644.76,4638.03,4639.09,3231,17,0,3231
2026-05-01 19:27:00,4639.13,4641.25,4637.8,4637.95,2525,17,0,2525
2026-05-01 19:30:00,4637.92,4640.37,4636.2,4637.42,2634,17,0,2634
2026-05-01 19:33:00,4637.42,4637.9,4634.62,4634.98,2523,17,0,2523
2026-05-01 19:36:00,4634.97,4639.18,4633.93,4638.72,2302,15,0,2302
2026-05-01 19:39:00,4638.63,4641.36,4637.62,4641.09,2118,15,0,2118
2026-05-01 19:42:00,4641.12,4641.19,4638.77,4639.03,2086,13,0,2086
2026-05-01 19:45:00,4639.07,4639.07,4637.16,4638.37,2141,13,0,2141
2026-05-01 19:48:00,4638.4,4640.28,4636.57,4638.03,2111,14,0,2111
2026-05-01 19:51:00,4638.04,4640.87,4637.3,4640.47,2140,15,0,2140
2026-05-01 19:54:00,4640.48,4642.85,4640.47,4641.23,2094,14,0,2094
2026-05-01 19:57:00,4641.24,4642.19,4638.6,4638.82,2029,14,0,2029
2026-05-01 20:00:00,4638.82,4642.55,4638.53,4642.55,2254,16,0,2254
2026-05-01 20:03:00,4642.56,4642.73,4637.77,4638.99,2098,15,0,2098
2026-05-01 20:06:00,4639.01,4640.31,4637.76,4638.83,1984,15,0,1984
2026-05-01 20:09:00,4638.81,4639.55,4637.62,4638.55,1950,15,0,1950
2026-05-01 20:12:00,4638.56,4639.99,4638.16,4639.95,1919,14,0,1919
2026-05-01 20:15:00,4639.95,4640.13,4636.93,4637.63,2061,15,0,2061
2026-05-01 20:18:00,4637.62,4639.07,4637.27,4638.05,1970,17,0,1970
2026-05-01 20:21:00,4638.06,4638.28,4634.78,4635.45,1939,17,0,1939
2026-05-01 20:24:00,4635.46,4636.69,4634.35,4635.32,2102,17,0,2102
2026-05-01 20:27:00,4635.31,4636.43,4631.0,4631.75,2106,17,0,2106
2026-05-01 20:30:00,4631.71,4631.98,4628.67,4629.46,2028,17,0,2028
2026-05-01 20:33:00,4629.46,4632.18,4629.19,4630.38,2058,17,0,2058
2026-05-01 20:36:00,4630.36,4630.58,4628.07,4628.95,2080,16,0,2080
2026-05-01 20:39:00,4628.95,4631.96,4628.95,4629.46,2044,15,0,2044
2026-05-01 20:42:00,4629.45,4630.21,4626.85,4627.95,2021,14,0,2021
2026-05-01 20:45:00,4627.97,4629.66,4627.47,4628.06,1990,16,0,1990
2026-05-01 20:48:00,4628.06,4628.5,4627.27,4627.9,1941,15,0,1941
2026-05-01 20:51:00,4627.91,4635.11,4627.26,4631.31,2392,15,0,2392
2026-05-01 20:54:00,4631.25,4631.49,4630.04,4630.24,2094,17,0,2094
2026-05-01 20:57:00,4630.26,4630.53,4628.74,4629.57,2001,15,0,2001
2026-05-01 21:00:00,4629.56,4630.82,4623.36,4624.95,2151,14,0,2151
2026-05-01 21:03:00,4624.92,4625.45,4622.76,4624.1,2210,17,0,2210
2026-05-01 21:06:00,4624.1,4625.21,4622.38,4624.77,2171,16,0,2171
2026-05-01 21:09:00,4624.79,4625.68,4621.71,4621.91,2102,12,0,2102
2026-05-01 21:12:00,4621.9,4621.9,4615.67,4615.81,2185,11,0,2185
2026-05-01 21:15:00,4615.78,4618.55,4613.76,4616.73,2269,17,0,2269
2026-05-01 21:18:00,4616.73,4619.71,4615.78,4619.67,2109,14,0,2109
2026-05-01 21:21:00,4619.67,4622.17,4619.19,4621.18,2097,13,0,2097
2026-05-01 21:24:00,4621.15,4622.54,4620.41,4620.43,2319,11,0,2319
2026-05-01 21:27:00,4620.42,4623.71,4618.86,4623.43,2140,11,0,2140
2026-05-01 21:30:00,4623.33,4624.42,4619.73,4620.79,2607,17,0,2607
2026-05-01 21:33:00,4620.81,4620.86,4616.94,4618.38,2154,17,0,2154
2026-05-01 21:36:00,4618.37,4618.74,4616.19,4616.68,2204,12,0,2204
2026-05-01 21:39:00,4616.65,4622.15,4616.6,4622.04,2147,11,0,2147
2026-05-01 21:42:00,4622.02,4622.4,4620.61,4622.23,2098,11,0,2098
2026-05-01 21:45:00,4622.22,4622.85,4620.01,4622.32,2098,11,0,2098
2026-05-01 21:48:00,4622.31,4625.58,4621.82,4625.48,2104,11,0,2104
2026-05-01 21:51:00,4625.45,4625.85,4623.43,4623.76,2101,11,0,2101
2026-05-01 21:54:00,4623.76,4624.65,4623.36,4624.23,2101,11,0,2101
2026-05-01 21:57:00,4624.22,4624.59,4623.09,4624.27,2065,12,0,2065
2026-05-01 22:00:00,4624.28,4625.15,4622.34,4622.75,2251,16,0,2251
2026-05-01 22:03:00,4622.76,4622.91,4620.45,4622.01,1967,16,0,1967
2026-05-01 22:06:00,4622.04,4623.1,4621.42,4623.09,1952,14,0,1952
2026-05-01 22:09:00,4623.1,4624.86,4621.83,4624.45,1977,14,0,1977
2026-05-01 22:12:00,4624.48,4626.58,4624.46,4626.19,1949,16,0,1949
2026-05-01 22:15:00,4626.23,4627.45,4625.9,4626.58,1967,16,0,1967
2026-05-01 22:18:00,4626.58,4627.34,4625.55,4626.33,1902,15,0,1902
2026-05-01 22:21:00,4626.32,4627.5,4625.87,4625.93,1971,16,0,1971
2026-05-01 22:24:00,4625.94,4627.69,4625.65,4626.64,1895,16,0,1895
2026-05-01 22:27:00,4626.61,4627.51,4624.31,4624.32,1966,16,0,1966
2026-05-01 22:30:00,4624.34,4624.57,4618.95,4619.0,2257,16,0,2257
2026-05-01 22:33:00,4619.01,4619.42,4616.24,4616.68,2159,17,0,2159
2026-05-01 22:36:00,4616.69,4618.02,4615.02,4617.96,2236,17,0,2236
2026-05-01 22:39:00,4617.97,4619.0,4614.14,4614.92,2304,17,0,2304
2026-05-01 22:42:00,4614.93,4615.01,4611.32,4611.88,2381,17,0,2381
2026-05-01 22:45:00,4611.86,4613.67,4611.05,4613.31,2215,17,0,2215
2026-05-01 22:48:00,4613.28,4615.3,4612.37,4612.53,2321,16,0,2321
2026-05-01 22:51:00,4612.55,4613.13,4608.86,4610.34,2268,16,0,2268
2026-05-01 22:54:00,4610.37,4612.33,4610.07,4610.69,2321,17,0,2321
2026-05-01 22:57:00,4610.71,4611.08,4608.89,4610.94,2471,17,0,2471
2026-05-01 23:00:00,4610.72,4612.64,4609.97,4611.41,2031,17,0,2031
2026-05-01 23:03:00,4611.4,4611.8,4607.48,4608.22,1962,16,0,1962
2026-05-01 23:06:00,4608.28,4609.86,4606.97,4609.33,1929,16,0,1929
2026-05-01 23:09:00,4609.23,4610.37,4608.88,4610.08,2078,11,0,2078
2026-05-01 23:12:00,4610.09,4611.87,4609.95,4611.18,1886,11,0,1886
2026-05-01 23:15:00,4611.18,4611.68,4610.06,4610.79,1863,11,0,1863
2026-05-01 23:18:00,4610.82,4611.58,4609.82,4610.6,1810,11,0,1810
2026-05-01 23:21:00,4610.64,4612.03,4610.5,4611.56,1773,11,0,1773
2026-05-01 23:24:00,4611.56,4612.98,4611.31,4612.81,1801,11,0,1801
2026-05-01 23:27:00,4612.82,4616.14,4612.54,4613.27,1848,15,0,1848
2026-05-01 23:30:00,4613.31,4615.09,4612.42,4614.69,1830,17,0,1830
2026-05-01 23:33:00,4614.68,4615.15,4614.21,4614.37,1803,13,0,1803
2026-05-01 23:36:00,4614.37,4614.51,4610.24,4610.8,1964,11,0,1964
2026-05-01 23:39:00,4610.83,4612.36,4610.81,4612.08,1919,15,0,1919
2026-05-01 23:42:00,4612.09,4614.5,4611.68,4613.81,2151,23,0,2151
2026-05-01 23:45:00,4613.8,4614.47,4612.39,4614.41,2022,23,0,2022
2026-05-01 23:48:00,4614.39,4615.17,4612.15,4613.8,1798,23,0,1798
2026-05-01 23:51:00,4613.82,4617.12,4613.48,4616.86,1817,23,0,1817
2026-05-01 23:54:00,4616.87,4617.37,4616.05,4616.45,636,23,0,636
2026-05-04 01:03:00,4624.59,4627.05,4622.87,4626.93,612,20,0,612
2026-05-04 01:06:00,4626.91,4627.23,4625.24,4626.7,1925,20,0,1925
2026-05-04 01:09:00,4626.71,4626.77,4619.29,4622.21,2078,20,0,2078
2026-05-04 01:12:00,4622.2,4623.61,4619.14,4623.12,2007,20,0,2007
2026-05-04 01:15:00,4623.09,4623.2,4617.26,4622.65,2044,20,0,2044
2026-05-04 01:18:00,4622.66,4622.66,4619.67,4619.9,1851,20,0,1851
2026-05-04 01:21:00,4619.92,4621.47,4612.07,4618.07,2081,20,0,2081
2026-05-04 01:24:00,4618.09,4621.02,4616.84,4620.33,1922,20,0,1922
2026-05-04 01:27:00,4620.31,4622.67,4619.61,4620.82,1880,20,0,1880
2026-05-04 01:30:00,4620.83,4622.48,4619.77,4621.34,1881,20,0,1881
2026-05-04 01:33:00,4621.38,4623.97,4621.15,4623.45,1874,20,0,1874
2026-05-04 01:36:00,4623.47,4626.88,4623.2,4626.77,1910,20,0,1910
2026-05-04 01:39:00,4626.78,4628.07,4625.27,4627.82,1826,20,0,1826
2026-05-04 01:42:00,4627.82,4629.33,4627.06,4628.11,1873,20,0,1873
2026-05-04 01:45:00,4628.12,4629.15,4627.32,4627.54,1870,20,0,1870
2026-05-04 01:48:00,4627.51,4627.94,4625.75,4626.66,1853,20,0,1853
2026-05-04 01:51:00,4626.8,4627.53,4619.95,4620.94,1966,20,0,1966
2026-05-04 01:54:00,4620.91,4621.34,4619.08,4620.02,1978,20,0,1978
2026-05-04 01:57:00,4620.01,4621.1,4618.28,4618.85,1869,20,0,1869
2026-05-04 02:00:00,4618.83,4619.38,4615.27,4616.27,2043,20,0,2043
2026-05-04 02:03:00,4616.25,4620.84,4616.17,4619.21,1912,20,0,1912
2026-05-04 02:06:00,4619.2,4619.81,4613.21,4614.78,1949,17,0,1949
2026-05-04 02:09:00,4614.79,4615.87,4613.41,4613.76,1935,20,0,1935
2026-05-04 02:12:00,4613.78,4615.12,4611.3,4615.06,1912,18,0,1912
2026-05-04 02:15:00,4615.04,4616.54,4613.16,4615.76,1899,18,0,1899
2026-05-04 02:18:00,4615.77,4616.96,4614.45,4615.5,1853,15,0,1853
2026-05-04 02:21:00,4615.49,4615.91,4613.94,4615.64,1846,15,0,1846
2026-05-04 02:24:00,4615.64,4617.06,4614.79,4616.58,1792,16,0,1792
2026-05-04 02:27:00,4616.61,4617.65,4615.2,4617.07,1850,17,0,1850
2026-05-04 02:30:00,4617.1,4617.96,4615.32,4617.9,1866,19,0,1866
2026-05-04 02:33:00,4617.88,4618.38,4616.91,4617.83,1846,20,0,1846
2026-05-04 02:36:00,4617.83,4618.47,4616.09,4617.71,1894,20,0,1894
2026-05-04 02:39:00,4617.68,4618.17,4613.88,4614.35,1934,19,0,1934
2026-05-04 02:42:00,4614.34,4614.72,4612.85,4613.58,2013,14,0,2013
2026-05-04 02:45:00,4613.58,4616.19,4611.54,4615.43,2021,20,0,2021
2026-05-04 02:48:00,4615.42,4615.51,4613.12,4613.58,1846,16,0,1846
2026-05-04 02:51:00,4613.59,4616.75,4613.55,4616.4,1913,14,0,1913
2026-05-04 02:54:00,4616.4,4616.98,4615.49,4616.72,1838,14,0,1838
2026-05-04 02:57:00,4616.73,4616.97,4612.25,4613.89,1933,17,0,1933
2026-05-04 03:00:00,4613.91,4613.91,4604.52,4607.63,2356,20,0,2356
2026-05-04 03:03:00,4607.66,4610.05,4605.62,4609.37,2108,20,0,2108
2026-05-04 03:06:00,4609.38,4616.44,4609.09,4614.12,2087,20,0,2087
2026-05-04 03:09:00,4614.13,4616.13,4612.8,4613.89,2171,19,0,2171
2026-05-04 03:12:00,4613.9,4613.9,4610.0,4612.16,2063,20,0,2063
2026-05-04 03:15:00,4612.06,4614.65,4609.12,4609.68,2177,20,0,2177
2026-05-04 03:18:00,4609.69,4609.89,4604.97,4606.7,2211,20,0,2211
2026-05-04 03:21:00,4606.73,4606.79,4602.14,4603.85,2189,20,0,2189
2026-05-04 03:24:00,4603.78,4605.35,4602.01,4602.4,2063,14,0,2063
2026-05-04 03:27:00,4602.39,4606.47,4601.64,4605.98,2045,16,0,2045
2026-05-04 03:30:00,4606.01,4609.28,4605.01,4608.82,2142,14,0,2142
2026-05-04 03:33:00,4608.81,4609.97,4607.74,4609.61,2060,14,0,2060
2026-05-04 03:36:00,4609.62,4609.69,4606.15,4606.34,1953,14,0,1953
2026-05-04 03:39:00,4606.33,4608.85,4605.32,4608.38,1893,19,0,1893
2026-05-04 03:42:00,4608.36,4608.71,4605.69,4605.69,1882,19,0,1882
2026-05-04 03:45:00,4605.72,4609.27,4604.8,4608.5,2079,20,0,2079
2026-05-04 03:48:00,4608.52,4610.25,4608.49,4609.49,1914,19,0,1914
2026-05-04 03:51:00,4609.49,4609.85,4606.93,4608.79,1969,18,0,1969
2026-05-04 03:54:00,4608.8,4613.44,4608.01,4612.43,1992,20,0,1992
2026-05-04 03:57:00,4612.42,4613.13,4610.88,4613.02,1949,17,0,1949
2026-05-04 04:00:00,4613.05,4613.99,4605.18,4605.73,2103,19,0,2103
2026-05-04 04:03:00,4605.73,4605.86,4599.53,4603.46,2193,20,0,2193
2026-05-04 04:06:00,4603.38,4603.38,4597.58,4599.74,2202,20,0,2202
2026-05-04 04:09:00,4599.76,4601.23,4595.92,4600.05,2163,20,0,2163
2026-05-04 04:12:00,4600.1,4601.75,4597.61,4600.52,1931,18,0,1931
2026-05-04 04:15:00,4600.53,4604.44,4599.77,4603.56,2166,19,0,2166
2026-05-04 04:18:00,4603.56,4603.69,4597.99,4597.99,1980,19,0,1980
2026-05-04 04:21:00,4598.01,4600.16,4597.21,4598.85,2005,15,0,2005
2026-05-04 04:24:00,4598.88,4599.66,4595.33,4595.38,2091,14,0,2091
2026-05-04 04:27:00,4595.39,4596.95,4594.14,4594.6,1992,15,0,1992
2026-05-04 04:30:00,4594.61,4597.7,4592.66,4597.31,2099,17,0,2099
2026-05-04 04:33:00,4597.33,4599.55,4595.59,4598.56,2013,14,0,2013
2026-05-04 04:36:00,4598.58,4600.37,4598.24,4599.82,1970,14,0,1970
2026-05-04 04:39:00,4599.83,4601.68,4599.24,4599.82,1904,17,0,1904
2026-05-04 04:42:00,4599.8,4601.6,4599.17,4601.48,1891,19,0,1891
2026-05-04 04:45:00,4601.47,4603.31,4600.94,4601.8,1929,20,0,1929
2026-05-04 04:48:00,4601.79,4604.46,4600.93,4604.41,1883,20,0,1883
2026-05-04 04:51:00,4604.41,4606.69,4604.35,4605.15,1836,20,0,1836
2026-05-04 04:54:00,4605.13,4607.01,4604.89,4606.44,1834,20,0,1834
2026-05-04 04:57:00,4606.46,4613.69,4606.35,4613.03,1923,19,0,1923
2026-05-04 05:00:00,4613.02,4618.45,4612.9,4613.94,2114,20,0,2114
2026-05-04 05:03:00,4613.94,4615.48,4611.17,4611.17,1963,20,0,1963
2026-05-04 05:06:00,4611.17,4612.08,4609.25,4609.31,1911,17,0,1911
2026-05-04 05:09:00,4609.31,4609.31,4603.48,4603.69,1966,17,0,1966
2026-05-04 05:12:00,4603.66,4610.15,4603.66,4608.32,1960,20,0,1960
2026-05-04 05:15:00,4608.32,4608.32,4602.46,4603.88,2087,20,0,2087
2026-05-04 05:18:00,4603.81,4605.58,4602.52,4602.53,2011,14,0,2011
2026-05-04 05:21:00,4602.51,4602.52,4597.33,4598.33,1994,14,0,1994
2026-05-04 05:24:00,4598.33,4599.43,4596.35,4598.37,2084,14,0,2084
2026-05-04 05:27:00,4598.35,4598.51,4591.52,4593.02,2091,16,0,2091
2026-05-04 05:30:00,4593.02,4594.47,4591.02,4591.99,2061,20,0,2061
2026-05-04 05:33:00,4592.0,4596.22,4591.92,4595.87,2187,14,0,2187
2026-05-04 05:36:00,4595.9,4601.42,4595.53,4600.68,2022,14,0,2022
2026-05-04 05:39:00,4600.67,4601.66,4599.36,4600.05,1996,14,0,1996
2026-05-04 05:42:00,4600.04,4603.96,4600.04,4603.96,1917,14,0,1917
2026-05-04 05:45:00,4603.93,4604.73,4601.28,4602.73,1967,19,0,1967
2026-05-04 05:48:00,4602.76,4605.11,4601.14,4603.51,1885,20,0,1885
2026-05-04 05:51:00,4603.53,4608.99,4602.65,4608.75,1947,18,0,1947
2026-05-04 05:54:00,4608.78,4611.05,4608.26,4609.15,1936,15,0,1936
2026-05-04 05:57:00,4609.14,4609.4,4605.62,4605.76,2128,14,0,2128
2026-05-04 06:00:00,4605.76,4607.19,4604.65,4606.89,1930,15,0,1930
2026-05-04 06:03:00,4606.9,4607.17,4604.37,4605.99,2067,14,0,2067
2026-05-04 06:06:00,4606.06,4608.84,4605.13,4608.56,1869,14,0,1869
2026-05-04 06:09:00,4608.58,4608.81,4606.64,4606.98,2058,14,0,2058
2026-05-04 06:12:00,4606.97,4611.71,4606.11,4609.94,1980,14,0,1980
2026-05-04 06:15:00,4609.94,4610.64,4608.32,4609.95,2088,14,0,2088
2026-05-04 06:18:00,4609.93,4609.95,4608.22,4609.11,1961,14,0,1961
2026-05-04 06:21:00,4609.12,4610.36,4608.23,4609.85,1804,14,0,1804
2026-05-04 06:24:00,4609.87,4610.65,4608.24,4608.91,1873,14,0,1873
2026-05-04 06:27:00,4608.88,4610.9,4608.88,4609.81,1832,15,0,1832
2026-05-04 06:30:00,4609.64,4611.16,4607.59,4609.5,2043,20,0,2043
2026-05-04 06:33:00,4609.55,4609.98,4605.93,4606.7,1973,14,0,1973
2026-05-04 06:36:00,4606.63,4607.13,4604.51,4604.7,1910,14,0,1910
2026-05-04 06:39:00,4604.7,4604.71,4598.49,4599.62,2036,14,0,2036
2026-05-04 06:42:00,4599.62,4605.09,4599.54,4604.88,1914,18,0,1914
2026-05-04 06:45:00,4604.87,4612.76,4604.87,4611.05,2658,20,0,2658
2026-05-04 06:48:00,4611.07,4613.46,4609.32,4611.54,2227,20,0,2227
2026-05-04 06:51:00,4611.52,4614.18,4611.15,4612.95,2112,20,0,2112
2026-05-04 06:54:00,4612.91,4614.42,4612.21,4612.46,2008,19,0,2008
2026-05-04 06:57:00,4612.42,4617.04,4612.35,4614.98,1978,19,0,1978
2026-05-04 07:00:00,4615.04,4615.37,4612.78,4613.95,2038,20,0,2038
2026-05-04 07:03:00,4613.85,4613.89,4607.73,4610.46,2082,20,0,2082
2026-05-04 07:06:00,4610.48,4612.12,4609.35,4609.76,2014,18,0,2014
2026-05-04 07:09:00,4609.75,4611.17,4609.58,4610.69,1986,14,0,1986
2026-05-04 07:12:00,4610.68,4612.04,4610.05,4611.15,1835,16,0,1835
2026-05-04 07:15:00,4611.13,4613.02,4610.15,4612.79,1818,18,0,1818
2026-05-04 07:18:00,4612.8,4613.13,4610.73,4611.29,1896,19,0,1896
2026-05-04 07:21:00,4611.29,4611.78,4608.05,4609.14,1930,20,0,1930
2026-05-04 07:24:00,4609.14,4610.66,4608.28,4608.75,2035,20,0,2035
2026-05-04 07:27:00,4608.78,4608.88,4607.05,4607.92,1814,18,0,1814
2026-05-04 07:30:00,4607.92,4612.23,4607.23,4610.66,1949,20,0,1949
2026-05-04 07:33:00,4610.67,4612.12,4608.66,4612.08,1934,19,0,1934
2026-05-04 07:36:00,4612.07,4612.93,4611.14,4611.85,1910,18,0,1910
2026-05-04 07:39:00,4611.87,4611.94,4608.9,4608.91,1919,15,0,1919
2026-05-04 07:42:00,4608.92,4609.38,4607.17,4609.18,1873,19,0,1873
2026-05-04 07:45:00,4609.18,4609.56,4607.87,4608.33,2069,14,0,2069
2026-05-04 07:48:00,4608.32,4608.67,4607.16,4608.33,1852,14,0,1852
2026-05-04 07:51:00,4608.34,4610.47,4608.27,4608.61,1894,15,0,1894
2026-05-04 07:54:00,4608.58,4608.6,4605.05,4605.61,1963,18,0,1963
2026-05-04 07:57:00,4605.61,4607.53,4605.37,4605.89,1888,19,0,1888
2026-05-04 08:00:00,4605.9,4606.41,4603.69,4604.42,2064,20,0,2064
2026-05-04 08:03:00,4604.41,4605.11,4603.31,4604.36,1881,17,0,1881
2026-05-04 08:06:00,4604.32,4606.75,4603.79,4604.35,1909,17,0,1909
2026-05-04 08:09:00,4604.35,4606.61,4603.93,4606.04,1901,17,0,1901
2026-05-04 08:12:00,4606.07,4606.76,4601.95,4603.77,2071,15,0,2071
2026-05-04 08:15:00,4603.79,4604.26,4600.91,4602.0,2022,20,0,2022
2026-05-04 08:18:00,4602.02,4613.09,4601.65,4609.38,2379,20,0,2379
2026-05-04 08:21:00,4609.39,4612.76,4608.36,4610.18,2077,20,0,2077
2026-05-04 08:24:00,4610.18,4610.18,4599.74,4601.3,2214,20,0,2214
2026-05-04 08:27:00,4601.33,4601.74,4595.65,4596.5,2173,20,0,2173
2026-05-04 08:30:00,4596.49,4598.86,4593.26,4594.05,2187,20,0,2187
2026-05-04 08:33:00,4594.05,4595.66,4592.27,4594.18,2090,20,0,2090
2026-05-04 08:36:00,4594.21,4596.32,4593.15,4594.48,2135,19,0,2135
2026-05-04 08:39:00,4594.46,4596.94,4593.95,4595.07,2145,19,0,2145
2026-05-04 08:42:00,4595.08,4598.94,4593.16,4598.88,2177,20,0,2177
2026-05-04 08:45:00,4598.88,4601.83,4597.77,4598.2,2058,15,0,2058
2026-05-04 08:48:00,4598.19,4598.97,4594.32,4595.5,2061,14,0,2061
2026-05-04 08:51:00,4595.52,4598.81,4595.5,4597.18,2106,14,0,2106
2026-05-04 08:54:00,4597.2,4601.56,4596.42,4598.58,2176,19,0,2176
2026-05-04 08:57:00,4598.57,4601.17,4598.57,4599.03,2074,17,0,2074
2026-05-04 09:00:00,4598.99,4600.75,4594.08,4596.4,2389,12,0,2389
2026-05-04 09:03:00,4596.39,4596.41,4588.04,4588.47,2337,14,0,2337
2026-05-04 09:06:00,4588.47,4593.58,4587.86,4593.21,2225,11,0,2225
2026-05-04 09:09:00,4593.22,4598.43,4593.04,4595.51,2231,11,0,2231
2026-05-04 09:12:00,4595.49,4598.51,4595.24,4597.54,2490,11,0,2490
2026-05-04 09:15:00,4597.52,4597.82,4591.43,4595.69,2259,11,0,2259
2026-05-04 09:18:00,4595.71,4597.41,4594.32,4594.32,2156,11,0,2156
2026-05-04 09:21:00,4594.33,4595.5,4589.99,4590.95,2094,11,0,2094
2026-05-04 09:24:00,4590.95,4592.84,4589.14,4589.67,2470,11,0,2470
2026-05-04 09:27:00,4589.56,4594.18,4589.51,4593.98,2238,11,0,2238
2026-05-04 09:30:00,4593.97,4595.56,4591.8,4592.89,2157,11,0,2157
2026-05-04 09:33:00,4592.88,4593.17,4587.45,4589.89,2373,17,0,2373
2026-05-04 09:36:00,4589.88,4591.69,4585.12,4585.44,2184,11,0,2184
2026-05-04 09:39:00,4585.42,4588.21,4585.01,4588.11,2160,12,0,2160
2026-05-04 09:42:00,4588.08,4588.11,4584.37,4585.36,2452,11,0,2452
2026-05-04 09:45:00,4585.36,4587.25,4583.69,4586.61,2346,11,0,2346
2026-05-04 09:48:00,4586.62,4592.42,4585.62,4592.24,2225,11,0,2225
2026-05-04 09:51:00,4592.23,4592.27,4589.33,4590.17,2050,11,0,2050
2026-05-04 09:54:00,4590.19,4590.87,4587.05,4587.94,1962,11,0,1962
2026-05-04 09:57:00,4587.95,4590.9,4587.34,4588.64,2018,12,0,2018
2026-05-04 10:00:00,4588.63,4591.43,4585.55,4590.31,2254,15,0,2254
2026-05-04 10:03:00,4590.3,4591.27,4587.33,4591.19,2135,15,0,2135
2026-05-04 10:06:00,4591.04,4591.25,4587.61,4590.5,2235,11,0,2235
2026-05-04 10:09:00,4590.51,4591.7,4588.05,4589.03,2282,11,0,2282
2026-05-04 10:12:00,4589.06,4593.38,4589.06,4592.1,1988,11,0,1988
2026-05-04 10:15:00,4592.12,4592.72,4587.27,4588.23,1998,11,0,1998
2026-05-04 10:18:00,4588.23,4590.45,4586.9,4589.84,2082,11,0,2082
2026-05-04 10:21:00,4589.84,4590.97,4588.19,4588.57,2177,11,0,2177
2026-05-04 10:24:00,4588.57,4588.83,4585.24,4587.72,2091,11,0,2091
2026-05-04 10:27:00,4587.73,4589.15,4583.13,4585.9,2260,11,0,2260
2026-05-04 10:30:00,4585.91,4587.02,4583.04,4584.89,2099,14,0,2099
2026-05-04 10:33:00,4584.86,4588.15,4584.32,4587.22,2269,11,0,2269
2026-05-04 10:36:00,4587.22,4587.4,4582.72,4586.37,2348,11,0,2348
2026-05-04 10:39:00,4586.25,4586.58,4584.59,4584.6,1959,11,0,1959
2026-05-04 10:42:00,4584.6,4587.96,4582.8,4587.94,2019,11,0,2019
2026-05-04 10:45:00,4587.93,4590.81,4587.1,4590.0,2239,11,0,2239
2026-05-04 10:48:00,4589.99,4590.05,4584.9,4585.52,2195,11,0,2195
2026-05-04 10:51:00,4585.49,4587.51,4581.33,4582.23,2047,13,0,2047
2026-05-04 10:54:00,4582.25,4582.91,4580.45,4581.98,2641,11,0,2641
2026-05-04 10:57:00,4581.96,4583.1,4577.93,4578.91,2107,13,0,2107
2026-05-04 11:00:00,4578.92,4581.0,4577.26,4578.67,2181,17,0,2181
2026-05-04 11:03:00,4578.69,4579.22,4574.23,4575.12,2133,15,0,2133
2026-05-04 11:06:00,4575.1,4577.95,4574.68,4577.41,2392,11,0,2392
2026-05-04 11:09:00,4577.44,4579.89,4576.59,4577.87,2087,12,0,2087
2026-05-04 11:12:00,4577.89,4580.24,4576.94,4580.1,2269,11,0,2269
2026-05-04 11:15:00,4580.12,4581.06,4575.01,4575.57,2073,11,0,2073
2026-05-04 11:18:00,4575.56,4577.34,4574.39,4577.24,2417,11,0,2417
2026-05-04 11:21:00,4577.25,4578.56,4576.22,4576.69,2145,11,0,2145
2026-05-04 11:24:00,4576.72,4579.14,4576.65,4577.79,2607,11,0,2607
2026-05-04 11:27:00,4577.8,4577.81,4574.19,4575.01,2134,11,0,2134
2026-05-04 11:30:00,4575.02,4577.96,4573.72,4577.9,2349,11,0,2349
2026-05-04 11:33:00,4577.89,4578.35,4575.86,4577.02,2209,11,0,2209
2026-05-04 11:36:00,4577.02,4577.46,4575.68,4575.9,2015,11,0,2015
2026-05-04 11:39:00,4575.9,4581.28,4575.7,4579.83,2087,11,0,2087
2026-05-04 11:42:00,4579.84,4579.86,4577.95,4577.97,2046,11,0,2046
2026-05-04 11:45:00,4577.97,4578.91,4577.38,4577.93,1958,13,0,1958
2026-05-04 11:48:00,4577.96,4579.26,4576.47,4579.01,2006,15,0,2006
2026-05-04 11:51:00,4579.02,4579.45,4576.99,4578.36,1984,12,0,1984
2026-05-04 11:54:00,4578.39,4579.26,4576.86,4579.14,1993,13,0,1993
2026-05-04 11:57:00,4579.1,4579.59,4575.77,4577.0,1999,14,0,1999
2026-05-04 12:00:00,4577.0,4580.03,4576.15,4579.31,2097,17,0,2097
2026-05-04 12:03:00,4579.31,4580.77,4578.44,4580.25,2270,11,0,2270
2026-05-04 12:06:00,4580.26,4581.37,4579.69,4580.15,2001,11,0,2001
2026-05-04 12:09:00,4580.15,4581.3,4579.29,4580.48,2071,11,0,2071
2026-05-04 12:12:00,4580.46,4584.16,4579.5,4584.01,1913,11,0,1913
2026-05-04 12:15:00,4584.0,4584.46,4581.02,4582.58,1941,13,0,1941
2026-05-04 12:18:00,4582.57,4583.31,4581.55,4583.1,2309,11,0,2309
2026-05-04 12:21:00,4583.1,4583.16,4580.69,4581.17,1896,11,0,1896
2026-05-04 12:24:00,4581.18,4581.68,4580.53,4580.8,2077,11,0,2077
2026-05-04 12:27:00,4580.81,4582.14,4580.41,4581.31,1869,11,0,1869
2026-05-04 12:30:00,4581.32,4581.68,4580.4,4581.11,1882,11,0,1882
2026-05-04 12:33:00,4581.1,4584.01,4580.86,4583.93,2064,11,0,2064
2026-05-04 12:36:00,4583.87,4584.45,4582.77,4583.75,2178,11,0,2178
2026-05-04 12:39:00,4583.74,4584.19,4582.66,4582.71,1858,11,0,1858
2026-05-04 12:42:00,4582.69,4583.63,4581.05,4581.33,1818,12,0,1818
2026-05-04 12:45:00,4581.34,4582.19,4579.39,4581.42,1851,13,0,1851
2026-05-04 12:48:00,4581.43,4582.21,4581.11,4581.16,2166,11,0,2166
2026-05-04 12:51:00,4581.14,4581.16,4577.69,4579.23,1879,11,0,1879
2026-05-04 12:54:00,4579.25,4579.6,4577.42,4577.61,2134,11,0,2134
2026-05-04 12:57:00,4577.59,4578.35,4572.12,4575.33,2058,14,0,2058
2026-05-04 13:00:00,4575.32,4575.73,4565.64,4567.35,2468,17,0,2468
2026-05-04 13:03:00,4567.36,4568.97,4548.22,4551.23,3293,17,0,3293
2026-05-04 13:06:00,4551.23,4552.3,4543.21,4544.41,3312,17,0,3312
2026-05-04 13:09:00,4544.42,4548.75,4543.14,4544.73,2930,16,0,2930
2026-05-04 13:12:00,4544.73,4544.74,4537.39,4541.88,2980,16,0,2980
2026-05-04 13:15:00,4541.87,4542.83,4537.0,4539.7,2887,16,0,2887
2026-05-04 13:18:00,4539.78,4543.61,4534.57,4537.84,2921,16,0,2921
2026-05-04 13:21:00,4537.84,4538.11,4525.08,4531.2,2848,15,0,2848
2026-05-04 13:24:00,4531.19,4544.15,4531.19,4543.52,2617,14,0,2617
2026-05-04 13:27:00,4543.52,4545.18,4541.3,4544.89,2311,12,0,2311
2026-05-04 13:30:00,4544.91,4557.5,4543.05,4551.08,2846,12,0,2846
2026-05-04 13:33:00,4551.07,4559.11,4550.62,4558.19,2620,14,0,2620
2026-05-04 13:36:00,4558.2,4560.88,4555.79,4557.67,2423,12,0,2423
2026-05-04 13:39:00,4557.63,4564.12,4557.63,4562.37,2255,11,0,2255
2026-05-04 13:42:00,4562.39,4563.04,4558.21,4558.71,2271,12,0,2271
2026-05-04 13:45:00,4558.73,4565.34,4558.36,4563.4,2138,12,0,2138
2026-05-04 13:48:00,4563.42,4566.89,4562.95,4564.23,2117,13,0,2117
2026-05-04 13:51:00,4564.23,4566.1,4561.65,4563.32,2129,14,0,2129
2026-05-04 13:54:00,4563.3,4564.37,4560.57,4561.46,2160,15,0,2160
2026-05-04 13:57:00,4561.42,4564.81,4561.04,4562.65,2132,14,0,2132
2026-05-04 14:00:00,4562.68,4570.8,4562.67,4567.58,2718,12,0,2718
2026-05-04 14:03:00,4567.6,4567.95,4561.29,4562.49,3115,11,0,3115
2026-05-04 14:06:00,4562.52,4567.25,4561.66,4565.55,2484,11,0,2484
2026-05-04 14:09:00,4565.59,4567.67,4563.71,4564.53,2452,11,0,2452
2026-05-04 14:12:00,4564.49,4567.83,4563.91,4565.36,2671,11,0,2671
2026-05-04 14:15:00,4565.38,4568.95,4565.37,4568.54,2527,11,0,2527
2026-05-04 14:18:00,4568.54,4569.94,4566.67,4567.94,2595,11,0,2595
2026-05-04 14:21:00,4567.96,4568.83,4563.78,4566.6,2472,11,0,2472
2026-05-04 14:24:00,4566.59,4566.61,4563.2,4563.71,2570,11,0,2570
2026-05-04 14:27:00,4563.7,4563.99,4561.67,4562.29,2535,11,0,2535
2026-05-04 14:30:00,4562.28,4562.71,4558.82,4562.43,2321,12,0,2321
2026-05-04 14:33:00,4562.44,4562.44,4554.57,4556.39,2862,11,0,2862
2026-05-04 14:36:00,4556.43,4560.4,4555.53,4557.43,2354,11,0,2354
2026-05-04 14:39:00,4557.43,4557.47,4551.42,4556.11,2768,12,0,2768
2026-05-04 14:42:00,4556.14,4557.28,4553.15,4553.46,2316,11,0,2316
2026-05-04 14:45:00,4553.47,4557.94,4552.96,4555.95,2726,11,0,2726
2026-05-04 14:48:00,4555.98,4559.16,4554.53,4559.16,2483,11,0,2483
2026-05-04 14:51:00,4559.15,4559.75,4557.29,4558.85,2583,11,0,2583
2026-05-04 14:54:00,4558.87,4561.27,4557.19,4560.97,2619,11,0,2619
2026-05-04 14:57:00,4560.98,4563.39,4559.25,4560.11,2577,11,0,2577
2026-05-04 15:00:00,4560.17,4563.82,4559.29,4562.71,2545,11,0,2545
2026-05-04 15:03:00,4562.68,4563.66,4560.45,4562.21,2580,11,0,2580
2026-05-04 15:06:00,4562.24,4562.6,4559.21,4560.76,2564,11,0,2564
2026-05-04 15:09:00,4560.75,4564.85,4559.71,4563.04,2426,11,0,2426
2026-05-04 15:12:00,4563.05,4565.66,4562.18,4563.71,2691,11,0,2691
2026-05-04 15:15:00,4563.7,4571.37,4563.32,4568.97,2719,11,0,2719
2026-05-04 15:18:00,4569.02,4578.71,4569.02,4577.77,2803,11,0,2803
2026-05-04 15:21:00,4577.77,4579.37,4572.08,4572.18,2877,11,0,2877
2026-05-04 15:24:00,4572.21,4573.76,4566.92,4567.56,2645,11,0,2645
2026-05-04 15:27:00,4567.56,4570.62,4565.25,4568.54,2641,11,0,2641
2026-05-04 15:30:00,4568.55,4570.39,4565.03,4565.78,2410,11,0,2410
2026-05-04 15:33:00,4565.76,4567.17,4562.72,4562.85,2785,11,0,2785
2026-05-04 15:36:00,4562.86,4569.63,4561.12,4568.4,2658,11,0,2658
2026-05-04 15:39:00,4568.39,4571.67,4567.69,4570.38,2534,11,0,2534
2026-05-04 15:42:00,4570.38,4571.25,4567.59,4570.07,2743,11,0,2743
2026-05-04 15:45:00,4570.05,4570.35,4566.42,4568.79,2296,11,0,2296
2026-05-04 15:48:00,4568.81,4574.27,4568.79,4573.22,2583,11,0,2583
2026-05-04 15:51:00,4573.22,4576.18,4572.1,4572.85,2470,11,0,2470
2026-05-04 15:54:00,4572.85,4573.33,4569.88,4569.88,2400,11,0,2400
2026-05-04 15:57:00,4569.89,4573.62,4568.0,4568.33,2488,11,0,2488
2026-05-04 16:00:00,4568.36,4568.37,4557.36,4563.33,3272,13,0,3272
2026-05-04 16:03:00,4563.35,4568.77,4559.52,4565.36,2948,13,0,2948
2026-05-04 16:06:00,4565.37,4573.09,4565.37,4572.58,2533,14,0,2533
2026-05-04 16:09:00,4572.58,4575.63,4570.59,4571.7,2860,11,0,2860
2026-05-04 16:12:00,4571.71,4572.87,4563.4,4565.94,2554,11,0,2554
2026-05-04 16:15:00,4565.89,4567.69,4563.64,4566.36,2572,11,0,2572
2026-05-04 16:18:00,4566.38,4567.12,4563.62,4565.14,2532,11,0,2532
2026-05-04 16:21:00,4565.15,4565.71,4561.75,4561.93,2618,11,0,2618
2026-05-04 16:24:00,4561.94,4565.49,4561.62,4563.09,2351,11,0,2351
2026-05-04 16:27:00,4563.07,4564.91,4561.08,4561.08,2490,11,0,2490
2026-05-04 16:30:00,4561.09,4567.4,4555.62,4567.02,3057,13,0,3057
2026-05-04 16:33:00,4567.02,4570.74,4565.92,4569.27,3185,11,0,3185
2026-05-04 16:36:00,4569.23,4570.14,4563.94,4567.88,3083,11,0,3083
2026-05-04 16:39:00,4567.88,4569.03,4562.71,4567.32,2846,11,0,2846
2026-05-04 16:42:00,4567.33,4570.71,4562.93,4565.44,3120,11,0,3120
2026-05-04 16:45:00,4565.45,4566.96,4562.28,4563.51,2957,11,0,2957
2026-05-04 16:48:00,4563.52,4564.29,4557.46,4561.64,3131,11,0,3131
2026-05-04 16:51:00,4561.63,4565.65,4557.54,4560.24,3002,11,0,3002
2026-05-04 16:54:00,4560.22,4565.68,4558.71,4562.43,3019,11,0,3019
2026-05-04 16:57:00,4562.43,4566.28,4560.13,4564.03,2755,11,0,2755
2026-05-04 17:00:00,4564.01,4565.58,4561.85,4563.26,2940,11,0,2940
2026-05-04 17:03:00,4563.28,4563.48,4557.93,4559.65,2837,11,0,2837
2026-05-04 17:06:00,4559.71,4561.24,4555.83,4560.32,3205,11,0,3205
2026-05-04 17:09:00,4560.33,4560.38,4553.57,4557.8,2928,11,0,2928
2026-05-04 17:12:00,4557.8,4562.99,4556.6,4560.15,3005,11,0,3005
2026-05-04 17:15:00,4560.17,4568.61,4559.67,4566.45,2986,11,0,2986
2026-05-04 17:18:00,4566.43,4576.56,4565.2,4575.46,2848,11,0,2848
2026-05-04 17:21:00,4575.5,4582.16,4573.52,4578.13,2872,11,0,2872
2026-05-04 17:24:00,4578.12,4578.22,4572.85,4575.13,2841,11,0,2841
2026-05-04 17:27:00,4575.14,4576.01,4570.56,4571.2,2779,11,0,2779
2026-05-04 17:30:00,4571.25,4579.74,4570.04,4576.77,2910,11,0,2910
2026-05-04 17:33:00,4576.77,4579.93,4575.06,4579.91,2611,11,0,2611
2026-05-04 17:36:00,4579.89,4581.21,4577.39,4580.7,2757,11,0,2757
2026-05-04 17:39:00,4580.71,4583.27,4578.54,4579.56,2696,11,0,2696
2026-05-04 17:42:00,4579.51,4579.62,4574.05,4574.41,2483,11,0,2483
2026-05-04 17:45:00,4574.42,4577.01,4572.32,4574.38,2786,11,0,2786
2026-05-04 17:48:00,4574.37,4575.18,4569.2,4570.06,2849,11,0,2849
2026-05-04 17:51:00,4570.06,4570.65,4567.16,4567.99,2641,11,0,2641
2026-05-04 17:54:00,4567.96,4572.38,4566.64,4567.9,2841,11,0,2841
2026-05-04 17:57:00,4567.98,4568.41,4559.53,4561.52,2978,12,0,2978
2026-05-04 18:00:00,4561.46,4566.03,4554.68,4561.86,3171,11,0,3171
2026-05-04 18:03:00,4561.84,4562.48,4558.53,4560.12,2836,11,0,2836
2026-05-04 18:06:00,4560.11,4562.01,4556.62,4556.89,2875,11,0,2875
2026-05-04 18:09:00,4556.9,4559.95,4555.48,4556.67,2768,11,0,2768
2026-05-04 18:12:00,4556.65,4556.81,4548.05,4548.56,2886,11,0,2886
2026-05-04 18:15:00,4548.57,4555.57,4546.28,4547.82,3135,12,0,3135
2026-05-04 18:18:00,4547.81,4548.18,4531.76,4535.74,3429,12,0,3429
2026-05-04 18:21:00,4535.69,4535.71,4514.5,4526.87,3945,11,0,3945
2026-05-04 18:24:00,4526.99,4528.66,4515.58,4528.35,4045,11,0,4045
2026-05-04 18:27:00,4528.4,4539.96,4527.55,4537.96,3343,11,0,3343
2026-05-04 18:30:00,4537.98,4539.14,4534.27,4536.72,1047,15,0,1047
2026-05-04 18:39:00,4535.39,4537.41,4532.93,4535.83,1944,13,0,1944
2026-05-04 18:42:00,4535.76,4536.77,4531.56,4534.99,2988,11,0,2988
2026-05-04 18:45:00,4534.92,4535.08,4526.88,4526.94,2797,11,0,2797
2026-05-04 18:48:00,4526.93,4529.03,4520.72,4521.89,2805,11,0,2805
2026-05-04 18:51:00,4521.86,4530.08,4513.38,4527.35,3417,11,0,3417
2026-05-04 18:54:00,4527.37,4530.44,4525.42,4526.09,3086,11,0,3086
2026-05-04 18:57:00,4526.13,4528.49,4521.18,4521.68,2781,12,0,2781
2026-05-04 19:00:00,4521.56,4525.41,4516.76,4520.97,2805,17,0,2805
2026-05-04 19:03:00,4521.02,4522.94,4517.48,4521.7,2497,17,0,2497
2026-05-04 19:06:00,4521.68,4523.62,4506.39,4510.36,3112,16,0,3112
2026-05-04 19:09:00,4510.36,4512.97,4500.44,4512.22,3703,17,0,3703
2026-05-04 19:12:00,4512.22,4516.35,4505.99,4509.65,2974,17,0,2974
2026-05-04 19:15:00,4509.66,4516.76,4508.72,4513.27,3221,17,0,3221
2026-05-04 19:18:00,4513.27,4526.63,4512.31,4523.42,3189,17,0,3189
2026-05-04 19:21:00,4523.58,4526.95,4520.63,4522.58,2902,15,0,2902
2026-05-04 19:24:00,4522.59,4523.8,4520.57,4522.21,2581,11,0,2581
2026-05-04 19:27:00,4522.23,4522.45,4512.96,4514.84,2790,11,0,2790
2026-05-04 19:30:00,4514.76,4518.77,4513.13,4514.47,2644,13,0,2644
2026-05-04 19:33:00,4514.46,4518.39,4514.12,4516.37,2518,13,0,2518
2026-05-04 19:36:00,4516.35,4518.56,4512.09,4515.21,2511,13,0,2511
2026-05-04 19:39:00,4515.28,4516.49,4512.69,4514.11,2314,15,0,2314
2026-05-04 19:42:00,4514.1,4515.37,4511.46,4512.51,2332,15,0,2332
2026-05-04 19:45:00,4512.52,4515.97,4508.46,4509.38,2403,15,0,2403
2026-05-04 19:48:00,4509.38,4512.35,4508.54,4511.65,2286,16,0,2286
2026-05-04 19:51:00,4511.69,4512.43,4507.45,4508.16,2511,16,0,2511
2026-05-04 19:54:00,4508.17,4511.67,4507.41,4508.28,2286,16,0,2286
2026-05-04 19:57:00,4508.3,4511.32,4507.57,4510.59,2269,15,0,2269
2026-05-04 20:00:00,4510.59,4519.7,4510.59,4518.27,2645,15,0,2645
2026-05-04 20:03:00,4518.18,4524.21,4516.86,4523.49,2513,17,0,2513
2026-05-04 20:06:00,4523.45,4526.06,4521.62,4522.42,2321,16,0,2321
2026-05-04 20:09:00,4522.47,4525.24,4521.76,4522.84,2229,16,0,2229
2026-05-04 20:12:00,4522.86,4526.07,4521.92,4522.28,2215,15,0,2215
2026-05-04 20:15:00,4522.27,4529.76,4521.65,4528.29,2703,15,0,2703
2026-05-04 20:18:00,4528.26,4531.53,4526.58,4527.09,2443,17,0,2443
2026-05-04 20:21:00,4527.08,4529.73,4526.52,4527.68,2214,17,0,2214
2026-05-04 20:24:00,4527.7,4528.57,4523.8,4524.4,2360,15,0,2360
2026-05-04 20:27:00,4524.44,4526.14,4521.64,4524.39,2534,15,0,2534
2026-05-04 20:30:00,4524.41,4527.47,4523.72,4526.14,2157,16,0,2157
2026-05-04 20:33:00,4526.12,4527.47,4522.71,4522.75,2271,15,0,2271
2026-05-04 20:36:00,4522.75,4524.19,4521.69,4523.38,2254,15,0,2254
2026-05-04 20:39:00,4523.36,4525.08,4523.01,4523.81,2188,14,0,2188
2026-05-04 20:42:00,4523.79,4526.19,4523.4,4525.99,2184,13,0,2184
2026-05-04 20:45:00,4525.99,4526.57,4524.43,4525.35,2121,15,0,2121
2026-05-04 20:48:00,4525.37,4525.57,4521.98,4522.59,2165,14,0,2165
2026-05-04 20:51:00,4522.61,4525.65,4522.23,4523.66,2034,15,0,2034
2026-05-04 20:54:00,4523.68,4524.51,4521.61,4522.38,2064,16,0,2064
2026-05-04 20:57:00,4522.37,4523.26,4521.46,4522.24,2092,15,0,2092
2026-05-04 21:00:00,4522.23,4523.61,4521.0,4523.26,2131,16,0,2131
2026-05-04 21:03:00,4523.24,4525.25,4522.7,4523.55,2094,17,0,2094
2026-05-04 21:06:00,4523.55,4523.62,4518.57,4519.86,2126,17,0,2126
2026-05-04 21:09:00,4519.86,4520.61,4518.85,4519.7,2143,16,0,2143
2026-05-04 21:12:00,4519.71,4521.58,4519.3,4519.86,2034,16,0,2034
2026-05-04 21:15:00,4519.88,4520.13,4518.25,4519.55,2080,17,0,2080
2026-05-04 21:18:00,4519.54,4519.54,4516.5,4517.1,2050,17,0,2050
2026-05-04 21:21:00,4517.11,4517.8,4514.93,4515.62,2076,17,0,2076
2026-05-04 21:24:00,4515.61,4515.97,4513.25,4513.59,2107,17,0,2107
2026-05-04 21:27:00,4513.58,4513.72,4509.88,4511.93,2261,17,0,2261
2026-05-04 21:30:00,4511.92,4513.3,4510.67,4513.21,2143,17,0,2143
2026-05-04 21:33:00,4513.21,4514.67,4512.84,4513.38,2114,17,0,2114
2026-05-04 21:36:00,4513.39,4513.89,4511.5,4511.7,2019,15,0,2019
2026-05-04 21:39:00,4511.69,4514.98,4511.44,4513.49,2041,15,0,2041
2026-05-04 21:42:00,4513.5,4514.2,4510.61,4511.85,2042,14,0,2042
2026-05-04 21:45:00,4511.83,4513.52,4510.8,4513.3,2079,14,0,2079
2026-05-04 21:48:00,4513.36,4515.83,4512.88,4514.77,2020,16,0,2020
2026-05-04 21:51:00,4514.75,4515.56,4511.5,4513.73,2140,16,0,2140
2026-05-04 21:54:00,4513.73,4514.15,4512.59,4513.41,2005,17,0,2005
2026-05-04 21:57:00,4513.53,4516.37,4512.82,4516.23,2141,12,0,2141
2026-05-04 22:00:00,4516.22,4516.88,4514.34,4514.58,2039,13,0,2039
2026-05-04 22:03:00,4514.59,4515.66,4511.26,4515.53,2047,13,0,2047
2026-05-04 22:06:00,4515.63,4523.28,4515.32,4520.42,2691,17,0,2691
2026-05-04 22:09:00,4520.45,4521.03,4516.59,4518.47,2208,17,0,2208
2026-05-04 22:12:00,4518.47,4520.03,4517.03,4518.82,2118,16,0,2118
2026-05-04 22:15:00,4518.84,4521.82,4517.51,4520.7,2176,16,0,2176
2026-05-04 22:18:00,4520.67,4521.64,4519.13,4520.76,2155,15,0,2155
2026-05-04 22:21:00,4520.78,4523.53,4519.6,4522.81,2090,15,0,2090
2026-05-04 22:24:00,4522.79,4525.95,4519.89,4522.24,2218,17,0,2218
2026-05-04 22:27:00,4522.26,4524.59,4521.9,4522.37,2091,16,0,2091
2026-05-04 22:30:00,4522.35,4523.56,4520.84,4522.37,2086,12,0,2086
2026-05-04 22:33:00,4522.34,4525.64,4522.3,4525.63,2050,11,0,2050
2026-05-04 22:36:00,4525.63,4527.18,4525.52,4525.54,2001,11,0,2001
2026-05-04 22:39:00,4525.54,4526.03,4522.57,4522.64,2038,11,0,2038
2026-05-04 22:42:00,4522.61,4523.39,4520.46,4521.21,2048,12,0,2048
2026-05-04 22:45:00,4521.18,4521.95,4519.41,4521.94,2091,16,0,2091
2026-05-04 22:48:00,4521.93,4523.4,4519.01,4519.71,2041,15,0,2041
2026-05-04 22:51:00,4519.71,4520.01,4518.46,4520.01,2072,17,0,2072
2026-05-04 22:54:00,4520.17,4520.27,4515.83,4516.74,2115,17,0,2115
2026-05-04 22:57:00,4516.74,4517.77,4515.3,4517.77,2294,15,0,2294
2026-05-04 23:00:00,4517.77,4518.06,4513.95,4515.56,1977,16,0,1977
2026-05-04 23:03:00,4515.58,4516.0,4514.52,4515.72,1949,11,0,1949
2026-05-04 23:06:00,4515.7,4515.93,4514.67,4515.72,1794,11,0,1794
2026-05-04 23:09:00,4515.69,4515.78,4511.76,4512.74,2018,11,0,2018
2026-05-04 23:12:00,4512.74,4515.0,4512.08,4514.78,1846,14,0,1846
2026-05-04 23:15:00,4514.77,4514.87,4513.53,4513.78,1829,11,0,1829
2026-05-04 23:18:00,4513.78,4513.84,4511.89,4512.27,1830,14,0,1830
2026-05-04 23:21:00,4512.28,4513.85,4512.17,4513.08,1831,14,0,1831
2026-05-04 23:24:00,4513.07,4514.73,4512.27,4514.71,1765,14,0,1765
2026-05-04 23:27:00,4514.69,4515.64,4513.94,4515.23,1802,13,0,1802
2026-05-04 23:30:00,4515.24,4517.03,4515.18,4516.87,1832,14,0,1832
2026-05-04 23:33:00,4516.89,4517.78,4515.99,4516.9,1803,15,0,1803
2026-05-04 23:36:00,4516.89,4517.68,4516.12,4516.51,1845,16,0,1845
2026-05-04 23:39:00,4516.49,4517.84,4514.62,4517.25,1835,17,0,1835
2026-05-04 23:42:00,4517.23,4518.86,4516.99,4518.67,1769,23,0,1769
2026-05-04 23:45:00,4518.67,4521.37,4518.61,4521.21,1821,23,0,1821
2026-05-04 23:48:00,4521.2,4522.5,4520.1,4520.15,1833,23,0,1833
2026-05-04 23:51:00,4520.17,4521.49,4519.85,4520.8,1763,23,0,1763
2026-05-04 23:54:00,4520.79,4522.28,4520.79,4521.85,1769,23,0,1769
2026-05-04 23:57:00,4521.87,4523.9,4521.8,4523.79,1256,23,0,1256
2026-05-05 01:00:00,4524.61,4524.68,4519.93,4521.08,3100,20,0,3100
2026-05-05 01:03:00,4521.1,4522.63,4519.27,4519.87,1845,20,0,1845
2026-05-05 01:06:00,4520.2,4520.86,4517.99,4520.32,1798,20,0,1798
2026-05-05 01:09:00,4520.32,4522.99,4520.32,4522.36,1872,18,0,1872
2026-05-05 01:12:00,4522.34,4522.78,4520.98,4521.07,1826,18,0,1826
2026-05-05 01:15:00,4521.06,4522.68,4520.33,4520.49,1782,18,0,1782
2026-05-05 01:18:00,4520.48,4521.78,4519.83,4521.71,1808,19,0,1808
2026-05-05 01:21:00,4521.73,4522.37,4520.59,4520.65,1740,17,0,1740
2026-05-05 01:24:00,4520.64,4520.96,4519.71,4520.73,1736,17,0,1736
2026-05-05 01:27:00,4520.72,4520.85,4519.36,4519.78,1779,20,0,1779
2026-05-05 01:30:00,4519.78,4522.21,4519.76,4521.68,1798,20,0,1798
2026-05-05 01:33:00,4521.67,4521.82,4520.35,4520.38,1751,20,0,1751
2026-05-05 01:36:00,4520.41,4520.65,4519.51,4519.59,1799,20,0,1799
2026-05-05 01:39:00,4519.61,4520.38,4518.83,4520.28,1769,19,0,1769
2026-05-05 01:42:00,4520.32,4520.76,4519.06,4519.11,1742,17,0,1742
2026-05-05 01:45:00,4519.12,4519.38,4516.94,4518.83,1772,19,0,1772
2026-05-05 01:48:00,4518.85,4519.2,4517.14,4517.44,1826,19,0,1826
2026-05-05 01:51:00,4517.46,4517.46,4515.6,4515.99,1696,18,0,1696
2026-05-05 01:54:00,4515.97,4517.0,4515.64,4516.2,1795,16,0,1795
2026-05-05 01:57:00,4516.19,4517.94,4515.79,4517.44,1769,17,0,1769
2026-05-05 02:00:00,4517.43,4518.62,4516.16,4517.7,1857,20,0,1857
2026-05-05 02:03:00,4517.7,4519.38,4517.38,4519.29,2027,14,0,2027
2026-05-05 02:06:00,4519.29,4520.28,4518.87,4519.54,1915,14,0,1915
2026-05-05 02:09:00,4519.55,4520.62,4518.35,4518.42,1904,14,0,1904
2026-05-05 02:12:00,4518.47,4520.97,4518.11,4520.42,1894,14,0,1894
2026-05-05 02:15:00,4520.4,4520.99,4519.39,4519.46,1972,14,0,1972
2026-05-05 02:18:00,4519.45,4521.52,4519.13,4520.8,1960,14,0,1960
2026-05-05 02:21:00,4520.78,4521.47,4520.34,4521.01,1961,14,0,1961
2026-05-05 02:24:00,4521.01,4521.51,4520.63,4521.25,1758,14,0,1758
2026-05-05 02:27:00,4521.24,4521.26,4520.41,4521.08,1835,14,0,1835
2026-05-05 02:30:00,4521.08,4521.09,4519.73,4520.4,1750,14,0,1750
2026-05-05 02:33:00,4520.39,4521.3,4520.13,4520.64,1757,16,0,1757
2026-05-05 02:36:00,4520.67,4520.96,4519.78,4520.36,1770,16,0,1770
2026-05-05 02:39:00,4520.36,4521.38,4518.95,4518.95,1734,15,0,1734
2026-05-05 02:42:00,4518.88,4519.47,4518.27,4518.47,1784,20,0,1784
2026-05-05 02:45:00,4518.46,4520.7,4517.86,4520.02,1903,20,0,1903
2026-05-05 02:48:00,4520.04,4520.64,4519.66,4519.67,1760,15,0,1760
2026-05-05 02:51:00,4519.67,4519.74,4517.11,4518.39,1895,17,0,1895
2026-05-05 02:54:00,4518.42,4520.31,4518.32,4520.19,1794,18,0,1794
2026-05-05 02:57:00,4520.19,4520.19,4518.61,4518.95,1805,15,0,1805
2026-05-05 03:00:00,4518.95,4523.55,4517.62,4523.42,2075,20,0,2075
2026-05-05 03:03:00,4523.44,4524.17,4519.5,4523.26,2040,20,0,2040
2026-05-05 03:06:00,4523.26,4526.59,4522.89,4526.26,1955,20,0,1955
2026-05-05 03:09:00,4526.27,4526.81,4524.85,4526.54,1981,20,0,1981
2026-05-05 03:12:00,4526.54,4528.53,4525.42,4527.84,1900,19,0,1900
2026-05-05 03:15:00,4527.84,4527.84,4523.03,4525.19,2080,20,0,2080
2026-05-05 03:18:00,4525.17,4525.52,4520.78,4520.92,2010,19,0,2010
2026-05-05 03:21:00,4520.95,4521.86,4516.95,4517.58,2065,20,0,2065
2026-05-05 03:24:00,4517.6,4519.9,4516.23,4516.55,2085,19,0,2085
2026-05-05 03:27:00,4516.53,4517.09,4513.56,4517.06,2031,18,0,2031
2026-05-05 03:30:00,4517.08,4518.1,4516.01,4516.81,1976,14,0,1976
2026-05-05 03:33:00,4516.83,4518.72,4516.73,4518.26,1808,15,0,1808
2026-05-05 03:36:00,4518.27,4520.46,4518.22,4519.49,1884,16,0,1884
2026-05-05 03:39:00,4519.49,4522.36,4519.41,4520.19,1846,18,0,1846
2026-05-05 03:42:00,4520.17,4524.19,4519.82,4523.81,1926,20,0,1926
2026-05-05 03:45:00,4523.84,4527.14,4523.82,4526.8,1980,20,0,1980
2026-05-05 03:48:00,4526.8,4527.86,4525.61,4527.54,1924,20,0,1924
2026-05-05 03:51:00,4527.52,4528.11,4525.82,4527.23,1933,19,0,1933
2026-05-05 03:54:00,4527.23,4529.52,4527.07,4527.86,1905,19,0,1905
2026-05-05 03:57:00,4527.83,4530.36,4527.79,4530.09,1927,16,0,1927
2026-05-05 04:00:00,4530.08,4533.21,4525.37,4532.04,2184,20,0,2184
2026-05-05 04:03:00,4532.04,4535.17,4531.46,4535.15,2149,20,0,2149
2026-05-05 04:06:00,4535.14,4535.74,4533.35,4535.17,1983,16,0,1983
2026-05-05 04:09:00,4535.17,4535.88,4533.87,4535.33,1980,15,0,1980
2026-05-05 04:12:00,4535.36,4539.43,4533.96,4538.68,2114,19,0,2114
2026-05-05 04:15:00,4538.7,4539.98,4538.08,4538.34,2065,14,0,2065
2026-05-05 04:18:00,4538.33,4538.57,4535.91,4537.98,2082,14,0,2082
2026-05-05 04:21:00,4537.97,4539.88,4536.77,4537.99,2109,15,0,2109
2026-05-05 04:24:00,4537.99,4538.38,4535.46,4535.74,2112,14,0,2112
2026-05-05 04:27:00,4535.75,4538.36,4535.21,4537.76,2028,14,0,2028
2026-05-05 04:30:00,4537.78,4538.26,4534.07,4534.94,2071,20,0,2071
2026-05-05 04:33:00,4534.96,4536.44,4534.34,4534.99,2102,14,0,2102
2026-05-05 04:36:00,4535.0,4542.27,4534.93,4539.03,2315,14,0,2315
2026-05-05 04:39:00,4539.01,4539.54,4536.56,4536.98,2054,19,0,2054
2026-05-05 04:42:00,4536.97,4539.29,4535.9,4536.91,1965,19,0,1965
2026-05-05 04:45:00,4536.89,4538.29,4536.22,4538.04,2053,14,0,2053
2026-05-05 04:48:00,4538.06,4540.68,4537.49,4539.5,2030,14,0,2030
2026-05-05 04:51:00,4539.49,4540.7,4538.31,4539.93,1942,15,0,1942
2026-05-05 04:54:00,4539.92,4539.92,4537.3,4539.3,1981,14,0,1981
2026-05-05 04:57:00,4539.32,4541.29,4539.14,4540.9,1919,14,0,1919
2026-05-05 05:00:00,4540.91,4542.56,4540.56,4540.77,2014,19,0,2014
2026-05-05 05:03:00,4540.77,4542.18,4537.83,4538.45,1929,18,0,1929
2026-05-05 05:06:00,4538.47,4539.63,4537.46,4539.62,1920,19,0,1920
2026-05-05 05:09:00,4539.6,4540.05,4538.07,4539.81,1908,15,0,1908
2026-05-05 05:12:00,4539.83,4539.87,4537.55,4538.52,1810,16,0,1810
2026-05-05 05:15:00,4538.5,4539.34,4537.65,4537.94,1885,18,0,1885
2026-05-05 05:18:00,4537.94,4538.04,4534.69,4536.71,1834,20,0,1834
2026-05-05 05:21:00,4536.68,4537.94,4536.0,4537.9,1864,19,0,1864
2026-05-05 05:24:00,4537.89,4539.87,4537.36,4539.68,1828,16,0,1828
2026-05-05 05:27:00,4539.69,4541.71,4539.66,4541.49,1896,17,0,1896
2026-05-05 05:30:00,4541.51,4543.56,4540.93,4543.05,1854,17,0,1854
2026-05-05 05:33:00,4542.99,4543.26,4540.14,4541.2,1919,20,0,1919
2026-05-05 05:36:00,4541.23,4542.45,4541.23,4541.52,1834,18,0,1834
2026-05-05 05:39:00,4541.53,4543.27,4541.5,4542.68,2037,14,0,2037
2026-05-05 05:42:00,4542.66,4545.81,4542.64,4544.39,1904,18,0,1904
2026-05-05 05:45:00,4544.4,4545.36,4542.98,4545.3,1923,17,0,1923
2026-05-05 05:48:00,4545.31,4546.7,4541.58,4542.32,2137,17,0,2137
2026-05-05 05:51:00,4542.34,4543.66,4542.25,4542.76,1909,16,0,1909
2026-05-05 05:54:00,4542.74,4542.78,4539.52,4541.01,1981,15,0,1981
2026-05-05 05:57:00,4541.0,4541.4,4538.87,4539.08,1885,16,0,1885
2026-05-05 06:00:00,4539.09,4541.04,4537.6,4540.96,1999,17,0,1999
2026-05-05 06:03:00,4540.97,4542.0,4539.58,4541.7,1836,14,0,1836
2026-05-05 06:06:00,4541.67,4542.29,4540.07,4540.28,1897,14,0,1897
2026-05-05 06:09:00,4540.28,4541.28,4539.78,4540.59,1804,14,0,1804
2026-05-05 06:12:00,4540.58,4542.13,4540.58,4542.08,1859,16,0,1859
2026-05-05 06:15:00,4542.08,4542.71,4540.56,4540.77,1834,16,0,1834
2026-05-05 06:18:00,4540.78,4542.05,4539.86,4540.73,1866,17,0,1866
2026-05-05 06:21:00,4540.73,4540.84,4538.29,4538.46,1827,16,0,1827
2026-05-05 06:24:00,4538.46,4538.76,4537.57,4538.76,1820,17,0,1820
2026-05-05 06:27:00,4538.74,4539.6,4537.27,4538.06,1812,18,0,1812
2026-05-05 06:30:00,4538.03,4538.05,4536.81,4537.39,1861,17,0,1861
2026-05-05 06:33:00,4537.4,4538.87,4537.06,4538.49,1834,17,0,1834
2026-05-05 06:36:00,4538.47,4539.24,4537.6,4537.75,1881,17,0,1881
2026-05-05 06:39:00,4537.74,4538.95,4537.52,4537.53,1809,15,0,1809
2026-05-05 06:42:00,4537.54,4537.77,4535.63,4536.19,1834,14,0,1834
2026-05-05 06:45:00,4536.17,4537.15,4535.79,4536.35,1832,14,0,1832
2026-05-05 06:48:00,4536.37,4536.93,4535.79,4536.19,1796,14,0,1796
2026-05-05 06:51:00,4536.17,4536.5,4535.14,4536.4,1901,14,0,1901
2026-05-05 06:54:00,4536.39,4536.57,4534.51,4534.78,1876,18,0,1876
2026-05-05 06:57:00,4534.75,4535.55,4532.5,4534.61,1924,18,0,1924
2026-05-05 07:00:00,4534.6,4535.8,4534.49,4534.82,1805,16,0,1805
2026-05-05 07:03:00,4534.84,4535.65,4533.28,4535.41,1817,16,0,1817
2026-05-05 07:06:00,4535.44,4535.48,4533.25,4534.08,1841,15,0,1841
2026-05-05 07:09:00,4534.1,4534.77,4533.44,4533.83,1774,14,0,1774
2026-05-05 07:12:00,4533.85,4534.07,4532.63,4533.0,1811,14,0,1811
2026-05-05 07:15:00,4533.0,4533.71,4532.58,4533.61,1781,16,0,1781
2026-05-05 07:18:00,4533.61,4533.89,4529.77,4530.14,1933,16,0,1933
2026-05-05 07:21:00,4530.26,4532.63,4530.07,4532.57,1833,18,0,1833
2026-05-05 07:24:00,4532.57,4532.93,4529.83,4530.7,1886,18,0,1886
2026-05-05 07:27:00,4530.7,4531.11,4529.45,4529.61,1761,16,0,1761
2026-05-05 07:30:00,4529.59,4532.82,4527.99,4532.79,2020,16,0,2020
2026-05-05 07:33:00,4532.77,4533.76,4531.64,4531.67,1862,16,0,1862
2026-05-05 07:36:00,4531.65,4532.68,4531.32,4531.86,1835,15,0,1835
2026-05-05 07:39:00,4531.85,4532.17,4531.4,4531.92,1813,14,0,1813
2026-05-05 07:42:00,4531.91,4531.98,4531.29,4531.65,1791,14,0,1791
2026-05-05 07:45:00,4531.66,4534.35,4531.24,4533.82,1871,16,0,1871
2026-05-05 07:48:00,4533.81,4535.03,4533.28,4534.72,1839,17,0,1839
2026-05-05 07:51:00,4534.71,4536.28,4533.58,4536.03,1873,18,0,1873
2026-05-05 07:54:00,4536.03,4536.63,4531.65,4532.35,1959,18,0,1959
2026-05-05 07:57:00,4532.34,4533.74,4531.36,4533.63,1876,18,0,1876
2026-05-05 08:00:00,4533.62,4535.83,4531.44,4535.83,2055,18,0,2055
2026-05-05 08:03:00,4535.83,4537.07,4535.63,4536.59,1999,17,0,1999
2026-05-05 08:06:00,4536.59,4545.55,4536.53,4544.81,2117,15,0,2117
2026-05-05 08:09:00,4544.81,4545.11,4541.5,4542.54,2004,18,0,2004
2026-05-05 08:12:00,4542.55,4542.56,4539.63,4540.31,1986,17,0,1986
2026-05-05 08:15:00,4540.3,4540.42,4537.16,4537.22,1940,16,0,1940
2026-05-05 08:18:00,4537.25,4537.69,4535.69,4536.78,1917,15,0,1917
2026-05-05 08:21:00,4536.8,4538.56,4536.47,4538.25,1892,14,0,1892
2026-05-05 08:24:00,4538.24,4539.97,4537.69,4539.05,1962,14,0,1962
2026-05-05 08:27:00,4539.03,4540.1,4538.55,4539.92,1907,17,0,1907
2026-05-05 08:30:00,4539.89,4542.57,4539.69,4539.97,1972,18,0,1972
2026-05-05 08:33:00,4539.99,4551.03,4539.99,4549.92,2324,18,0,2324
2026-05-05 08:36:00,4549.91,4549.98,4547.18,4549.27,2209,18,0,2209
2026-05-05 08:39:00,4549.29,4550.98,4548.24,4549.23,2100,17,0,2100
2026-05-05 08:42:00,4549.21,4551.69,4545.95,4546.01,2105,16,0,2105
2026-05-05 08:45:00,4546.01,4547.74,4545.18,4545.98,2021,16,0,2021
2026-05-05 08:48:00,4545.98,4548.85,4545.86,4548.33,2004,16,0,2004
2026-05-05 08:51:00,4548.34,4548.34,4544.72,4545.25,1930,14,0,1930
2026-05-05 08:54:00,4545.25,4546.0,4543.57,4544.73,2038,14,0,2038
2026-05-05 08:57:00,4544.72,4547.18,4543.63,4545.66,1919,16,0,1919
2026-05-05 09:00:00,4545.61,4552.06,4545.61,4546.71,2425,16,0,2425
2026-05-05 09:03:00,4546.68,4547.87,4542.36,4542.48,2138,13,0,2138
2026-05-05 09:06:00,4542.46,4545.79,4541.65,4544.57,2110,13,0,2110
2026-05-05 09:09:00,4544.58,4544.96,4542.31,4543.47,2096,13,0,2096
2026-05-05 09:12:00,4543.44,4545.78,4542.27,4543.64,2108,12,0,2108
2026-05-05 09:15:00,4543.65,4544.82,4540.88,4540.91,2033,12,0,2033
2026-05-05 09:18:00,4540.9,4540.92,4537.41,4538.76,2054,11,0,2054
2026-05-05 09:21:00,4538.76,4538.78,4535.67,4537.18,2029,12,0,2029
2026-05-05 09:24:00,4537.19,4537.64,4533.8,4535.0,2179,12,0,2179
2026-05-05 09:27:00,4534.99,4537.92,4534.97,4536.91,2100,12,0,2100
2026-05-05 09:30:00,4536.9,4541.35,4536.29,4540.98,2144,13,0,2144
2026-05-05 09:33:00,4540.98,4544.43,4540.94,4544.05,2091,12,0,2091
2026-05-05 09:36:00,4544.08,4548.65,4543.78,4547.41,2183,13,0,2183
2026-05-05 09:39:00,4547.3,4549.53,4545.71,4546.98,2296,11,0,2296
2026-05-05 09:42:00,4547.0,4548.66,4544.87,4546.29,2188,11,0,2188
2026-05-05 09:45:00,4546.29,4548.42,4545.52,4546.24,2036,11,0,2036
2026-05-05 09:48:00,4546.21,4549.4,4546.04,4548.78,1973,11,0,1973
2026-05-05 09:51:00,4548.76,4549.9,4548.14,4549.66,1991,11,0,1991
2026-05-05 09:54:00,4549.66,4550.9,4548.16,4548.44,1994,12,0,1994
2026-05-05 09:57:00,4548.44,4548.95,4547.06,4548.1,2034,12,0,2034
2026-05-05 10:00:00,4548.08,4553.54,4547.53,4553.51,2313,13,0,2313
2026-05-05 10:03:00,4553.54,4554.18,4551.25,4552.39,2130,14,0,2130
2026-05-05 10:06:00,4552.42,4554.66,4552.04,4552.48,2211,12,0,2211
2026-05-05 10:09:00,4552.5,4553.25,4551.07,4551.97,2099,11,0,2099
2026-05-05 10:12:00,4551.96,4555.05,4550.72,4554.03,2119,11,0,2119
2026-05-05 10:15:00,4554.05,4555.62,4552.48,4553.13,2293,11,0,2293
2026-05-05 10:18:00,4553.16,4555.48,4552.94,4554.15,2272,11,0,2272
2026-05-05 10:21:00,4554.14,4554.16,4552.35,4552.91,1973,11,0,1973
2026-05-05 10:24:00,4552.91,4553.14,4550.16,4550.81,1979,11,0,1979
2026-05-05 10:27:00,4550.81,4550.85,4548.48,4548.88,2027,11,0,2027
2026-05-05 10:30:00,4548.85,4552.48,4548.85,4551.57,1991,12,0,1991
2026-05-05 10:33:00,4551.57,4554.68,4550.02,4554.52,1972,12,0,1972
2026-05-05 10:36:00,4554.51,4558.34,4553.27,4556.84,2510,16,0,2510
2026-05-05 10:39:00,4556.85,4557.46,4553.46,4555.62,2242,12,0,2242
2026-05-05 10:42:00,4555.61,4556.11,4551.29,4551.32,2124,13,0,2124
2026-05-05 10:45:00,4551.26,4551.89,4545.99,4546.33,2121,12,0,2121
2026-05-05 10:48:00,4546.33,4547.12,4544.37,4544.42,2044,11,0,2044
2026-05-05 10:51:00,4544.4,4547.96,4544.3,4547.13,1989,12,0,1989
2026-05-05 10:54:00,4547.13,4547.48,4543.31,4543.66,2126,11,0,2126
2026-05-05 10:57:00,4543.64,4545.99,4543.6,4545.55,2056,11,0,2056
2026-05-05 11:00:00,4545.56,4547.73,4545.51,4546.03,2105,12,0,2105
2026-05-05 11:03:00,4546.04,4551.6,4546.02,4549.79,2136,11,0,2136
2026-05-05 11:06:00,4549.79,4549.82,4547.25,4549.29,2109,13,0,2109
2026-05-05 11:09:00,4549.28,4549.47,4546.66,4548.08,2059,11,0,2059
2026-05-05 11:12:00,4548.07,4553.45,4547.83,4551.1,2043,11,0,2043
2026-05-05 11:15:00,4551.14,4551.95,4549.06,4549.06,2088,11,0,2088
2026-05-05 11:18:00,4549.05,4552.97,4549.05,4550.57,2166,11,0,2166
2026-05-05 11:21:00,4550.55,4553.88,4550.18,4552.73,2180,11,0,2180
2026-05-05 11:24:00,4552.63,4554.29,4551.05,4553.26,2108,11,0,2108
2026-05-05 11:27:00,4553.26,4554.64,4551.19,4551.28,2324,11,0,2324
2026-05-05 11:30:00,4551.22,4553.08,4550.43,4553.03,2131,11,0,2131
2026-05-05 11:33:00,4553.04,4553.1,4550.83,4552.54,2200,11,0,2200
2026-05-05 11:36:00,4552.53,4553.1,4548.53,4548.54,2008,11,0,2008
2026-05-05 11:39:00,4548.56,4551.43,4547.9,4550.81,2132,11,0,2132
2026-05-05 11:42:00,4550.81,4551.45,4548.27,4549.82,2019,13,0,2019
2026-05-05 11:45:00,4549.82,4551.92,4548.15,4550.56,2113,12,0,2113
2026-05-05 11:48:00,4550.53,4554.02,4549.89,4553.85,2017,12,0,2017
2026-05-05 11:51:00,4553.86,4557.8,4552.11,4556.64,2080,11,0,2080
2026-05-05 11:54:00,4556.63,4557.98,4555.5,4557.79,2333,11,0,2333
2026-05-05 11:57:00,4557.79,4559.66,4557.35,4558.47,2161,11,0,2161
2026-05-05 12:00:00,4558.46,4559.0,4553.67,4554.8,2393,11,0,2393
2026-05-05 12:03:00,4554.78,4557.6,4553.64,4557.33,2075,11,0,2075
2026-05-05 12:06:00,4557.32,4560.45,4555.15,4558.84,2138,11,0,2138
2026-05-05 12:09:00,4558.86,4560.21,4556.84,4556.85,2251,11,0,2251
2026-05-05 12:12:00,4556.83,4559.78,4556.81,4557.73,1918,11,0,1918
2026-05-05 12:15:00,4557.74,4557.85,4554.27,4554.4,2062,11,0,2062
2026-05-05 12:18:00,4554.4,4555.39,4553.27,4554.04,2195,11,0,2195
2026-05-05 12:21:00,4554.02,4556.84,4553.27,4555.55,1974,11,0,1974
2026-05-05 12:24:00,4555.56,4555.68,4554.05,4554.8,1979,13,0,1979
2026-05-05 12:27:00,4554.81,4555.85,4552.34,4552.36,1925,11,0,1925
2026-05-05 12:30:00,4552.35,4558.25,4551.1,4552.91,2291,16,0,2291
2026-05-05 12:33:00,4552.91,4554.84,4552.71,4553.54,1935,12,0,1935
2026-05-05 12:36:00,4553.54,4554.86,4553.11,4554.71,1986,11,0,1986
2026-05-05 12:39:00,4554.68,4556.94,4553.86,4554.65,1988,12,0,1988
2026-05-05 12:42:00,4554.66,4556.41,4554.63,4555.51,1925,11,0,1925
2026-05-05 12:45:00,4555.52,4557.27,4555.5,4557.12,1900,11,0,1900
2026-05-05 12:48:00,4557.1,4557.61,4553.0,4553.35,1995,12,0,1995
2026-05-05 12:51:00,4553.33,4554.71,4552.81,4554.19,1969,12,0,1969
2026-05-05 12:54:00,4554.21,4554.72,4553.42,4554.19,1920,13,0,1920
2026-05-05 12:57:00,4554.24,4556.49,4554.12,4556.27,1947,12,0,1947
2026-05-05 13:00:00,4556.25,4556.89,4555.43,4555.92,2030,13,0,2030
2026-05-05 13:03:00,4555.88,4556.37,4554.58,4555.89,1892,13,0,1892
2026-05-05 13:06:00,4555.85,4556.47,4554.13,4554.56,1895,13,0,1895
2026-05-05 13:09:00,4554.53,4554.8,4550.72,4552.32,1961,12,0,1961
2026-05-05 13:12:00,4552.31,4554.69,4552.2,4553.1,2000,14,0,2000
2026-05-05 13:15:00,4553.07,4555.02,4552.78,4553.85,1930,14,0,1930
2026-05-05 13:18:00,4553.88,4554.08,4551.32,4552.86,2234,11,0,2234
2026-05-05 13:21:00,4552.87,4553.91,4552.68,4553.46,1905,11,0,1905
2026-05-05 13:24:00,4553.43,4553.62,4548.82,4550.61,1966,11,0,1966
2026-05-05 13:27:00,4550.61,4552.07,4546.94,4547.94,2070,16,0,2070
2026-05-05 13:30:00,4547.93,4548.82,4546.65,4548.05,2030,14,0,2030
2026-05-05 13:33:00,4548.04,4554.09,4548.03,4552.86,2242,14,0,2242
2026-05-05 13:36:00,4552.86,4553.97,4551.15,4552.34,2060,12,0,2060
2026-05-05 13:39:00,4552.34,4552.74,4547.92,4547.97,2042,11,0,2042
2026-05-05 13:42:00,4547.95,4548.05,4544.25,4545.07,2081,12,0,2081
2026-05-05 13:45:00,4545.11,4545.82,4544.19,4544.56,2014,13,0,2014
2026-05-05 13:48:00,4544.55,4545.38,4543.79,4543.84,1836,11,0,1836
2026-05-05 13:51:00,4543.86,4543.99,4542.18,4542.25,1976,12,0,1976
2026-05-05 13:54:00,4542.24,4543.39,4540.22,4543.16,2085,14,0,2085
2026-05-05 13:57:00,4543.16,4544.98,4542.89,4543.8,2006,11,0,2006
2026-05-05 14:00:00,4543.78,4544.72,4539.91,4541.65,2294,12,0,2294
2026-05-05 14:03:00,4541.67,4546.23,4540.62,4545.24,2073,14,0,2073
2026-05-05 14:06:00,4545.24,4549.31,4545.24,4548.81,1965,13,0,1965
2026-05-05 14:09:00,4548.75,4552.01,4548.49,4551.74,1985,13,0,1985
2026-05-05 14:12:00,4551.74,4553.18,4550.85,4552.69,2023,13,0,2023
2026-05-05 14:15:00,4552.73,4555.92,4550.97,4552.04,2177,14,0,2177
2026-05-05 14:18:00,4552.05,4552.15,4549.91,4551.52,2034,16,0,2034
2026-05-05 14:21:00,4551.54,4556.45,4551.37,4555.09,2070,15,0,2070
2026-05-05 14:24:00,4555.09,4555.8,4553.59,4555.43,1949,14,0,1949
2026-05-05 14:27:00,4555.46,4557.58,4554.14,4556.04,2166,12,0,2166
2026-05-05 14:30:00,4556.06,4557.66,4555.06,4557.44,2146,14,0,2146
2026-05-05 14:33:00,4557.42,4559.36,4556.53,4558.72,2080,13,0,2080
2026-05-05 14:36:00,4558.71,4560.74,4556.52,4556.6,2045,15,0,2045
2026-05-05 14:39:00,4556.6,4559.95,4556.18,4559.89,2040,13,0,2040
2026-05-05 14:42:00,4559.91,4564.63,4559.78,4563.39,2189,13,0,2189
2026-05-05 14:45:00,4563.42,4564.21,4560.48,4562.95,2017,14,0,2017
2026-05-05 14:48:00,4562.96,4564.94,4560.01,4560.41,2026,14,0,2026
2026-05-05 14:51:00,4560.42,4561.06,4559.6,4559.89,1953,11,0,1953
2026-05-05 14:54:00,4559.88,4561.4,4559.23,4560.62,1993,11,0,1993
2026-05-05 14:57:00,4560.66,4562.73,4560.26,4562.67,1941,11,0,1941
2026-05-05 15:00:00,4562.82,4563.28,4556.4,4557.54,2167,11,0,2167
2026-05-05 15:03:00,4557.57,4558.09,4554.21,4556.61,2127,15,0,2127
2026-05-05 15:06:00,4556.57,4563.79,4556.1,4558.79,2542,16,0,2542
2026-05-05 15:09:00,4558.8,4567.24,4557.93,4563.98,2540,16,0,2540
2026-05-05 15:12:00,4563.96,4566.66,4563.47,4565.05,2420,16,0,2420
2026-05-05 15:15:00,4565.01,4566.62,4562.55,4562.6,2301,16,0,2301
2026-05-05 15:18:00,4562.6,4565.8,4561.21,4565.07,2167,15,0,2167
2026-05-05 15:21:00,4565.06,4569.39,4564.01,4568.6,2342,15,0,2342
2026-05-05 15:24:00,4568.64,4574.29,4567.95,4572.75,2288,15,0,2288
2026-05-05 15:27:00,4572.72,4574.27,4571.35,4573.86,2054,13,0,2054
2026-05-05 15:30:00,4573.83,4574.77,4567.0,4567.01,2155,13,0,2155
2026-05-05 15:33:00,4567.0,4570.18,4566.86,4569.29,2048,12,0,2048
2026-05-05 15:36:00,4569.28,4569.7,4566.79,4568.59,2006,11,0,2006
2026-05-05 15:39:00,4568.55,4571.14,4567.21,4568.0,2019,11,0,2019
2026-05-05 15:42:00,4568.02,4569.39,4566.97,4567.25,1952,11,0,1952
2026-05-05 15:45:00,4567.25,4568.69,4565.17,4565.8,1953,11,0,1953
2026-05-05 15:48:00,4565.77,4565.77,4562.68,4563.95,2033,11,0,2033
2026-05-05 15:51:00,4563.95,4564.15,4561.82,4562.18,2005,11,0,2005
2026-05-05 15:54:00,4562.19,4564.09,4562.18,4562.83,1997,11,0,1997
2026-05-05 15:57:00,4562.84,4565.96,4562.83,4564.68,1991,11,0,1991
2026-05-05 16:00:00,4564.65,4570.87,4564.33,4570.66,2089,12,0,2089
2026-05-05 16:03:00,4570.65,4576.32,4569.68,4575.96,2193,15,0,2193
2026-05-05 16:06:00,4575.96,4579.66,4574.86,4579.0,2244,16,0,2244
2026-05-05 16:09:00,4578.98,4580.68,4574.76,4577.13,2415,16,0,2415
2026-05-05 16:12:00,4577.14,4581.06,4576.64,4578.81,2081,16,0,2081
2026-05-05 16:15:00,4578.78,4584.89,4578.42,4583.92,2303,16,0,2303
2026-05-05 16:18:00,4583.91,4584.13,4579.45,4579.82,2153,16,0,2153
2026-05-05 16:21:00,4579.81,4581.75,4578.0,4580.21,2182,13,0,2182
2026-05-05 16:24:00,4580.3,4580.34,4576.26,4578.02,2112,14,0,2112
2026-05-05 16:27:00,4578.01,4581.36,4576.4,4576.87,2167,13,0,2167
2026-05-05 16:30:00,4576.9,4581.73,4576.49,4580.47,2758,15,0,2758
2026-05-05 16:33:00,4580.46,4581.78,4574.75,4574.75,2608,16,0,2608
2026-05-05 16:36:00,4574.75,4576.85,4572.71,4573.62,2419,16,0,2419
2026-05-05 16:39:00,4573.62,4577.24,4573.41,4575.27,2307,15,0,2307
2026-05-05 16:42:00,4575.26,4576.19,4571.7,4574.03,2214,11,0,2214
2026-05-05 16:45:00,4574.03,4577.36,4572.91,4576.85,2270,11,0,2270
2026-05-05 16:48:00,4576.87,4578.5,4574.48,4578.18,2365,12,0,2365
2026-05-05 16:51:00,4578.17,4583.12,4576.31,4582.29,2310,13,0,2310
2026-05-05 16:54:00,4582.25,4583.01,4577.63,4577.88,2282,16,0,2282
2026-05-05 16:57:00,4577.88,4579.84,4577.57,4579.44,2074,11,0,2074
2026-05-05 17:00:00,4579.43,4584.08,4576.58,4576.64,2264,14,0,2264
2026-05-05 17:03:00,4576.64,4580.62,4575.75,4577.95,2153,16,0,2153
2026-05-05 17:06:00,4577.95,4584.3,4577.93,4582.41,2198,14,0,2198
2026-05-05 17:09:00,4582.43,4583.91,4578.99,4580.15,2208,14,0,2208
2026-05-05 17:12:00,4580.11,4580.52,4570.82,4573.52,2541,11,0,2541
2026-05-05 17:15:00,4573.64,4573.7,4568.31,4572.58,2696,16,0,2696
2026-05-05 17:18:00,4572.58,4573.51,4565.98,4570.04,2619,16,0,2619
2026-05-05 17:21:00,4570.06,4577.51,4569.58,4576.82,2341,16,0,2341
2026-05-05 17:24:00,4576.8,4585.09,4576.56,4582.38,2288,15,0,2288
2026-05-05 17:27:00,4582.36,4586.64,4581.8,4584.34,2210,12,0,2210
2026-05-05 17:30:00,4584.12,4585.72,4580.19,4583.96,2355,12,0,2355
2026-05-05 17:33:00,4583.94,4584.41,4580.26,4580.45,2204,11,0,2204
2026-05-05 17:36:00,4580.5,4582.15,4577.61,4580.04,2219,11,0,2219
2026-05-05 17:39:00,4580.07,4584.03,4578.95,4582.76,2138,11,0,2138
2026-05-05 17:42:00,4582.78,4585.52,4582.1,4583.05,2160,11,0,2160
2026-05-05 17:45:00,4583.04,4583.06,4575.96,4576.58,2170,11,0,2170
2026-05-05 17:48:00,4576.53,4578.78,4576.0,4577.74,2188,12,0,2188
2026-05-05 17:51:00,4577.77,4579.31,4575.41,4578.71,2076,12,0,2076
2026-05-05 17:54:00,4578.69,4582.13,4577.23,4581.84,2091,11,0,2091
2026-05-05 17:57:00,4581.86,4582.54,4579.53,4582.43,2086,11,0,2086
2026-05-05 18:00:00,4582.41,4583.25,4577.79,4580.42,2164,11,0,2164
2026-05-05 18:03:00,4580.42,4583.86,4579.36,4582.63,2141,13,0,2141
2026-05-05 18:06:00,4582.6,4583.09,4580.53,4582.23,2087,12,0,2087
2026-05-05 18:09:00,4582.23,4582.65,4579.58,4581.04,1998,11,0,1998
2026-05-05 18:12:00,4581.05,4581.89,4579.66,4580.83,2102,11,0,2102
2026-05-05 18:15:00,4580.8,4581.54,4578.44,4578.54,2195,12,0,2195
2026-05-05 18:18:00,4578.56,4579.45,4575.71,4576.14,2066,11,0,2066
2026-05-05 18:21:00,4576.16,4579.71,4575.8,4579.7,1953,11,0,1953
2026-05-05 18:24:00,4579.69,4580.03,4576.56,4578.58,2048,12,0,2048
2026-05-05 18:27:00,4578.39,4579.33,4575.45,4579.3,2178,13,0,2178
2026-05-05 18:30:00,4579.26,4581.03,4576.55,4576.99,2217,14,0,2217
2026-05-05 18:33:00,4577.01,4579.31,4576.67,4577.01,2092,16,0,2092
2026-05-05 18:36:00,4577.02,4578.36,4576.5,4577.38,2059,15,0,2059
2026-05-05 18:39:00,4577.37,4577.88,4573.65,4574.46,2111,15,0,2111
2026-05-05 18:42:00,4574.47,4575.32,4572.62,4572.91,2043,14,0,2043
2026-05-05 18:45:00,4572.91,4575.36,4572.32,4574.16,2102,14,0,2102
2026-05-05 18:48:00,4574.15,4575.91,4572.67,4574.51,2006,14,0,2006
2026-05-05 18:51:00,4574.49,4575.21,4570.24,4570.54,2049,14,0,2049
2026-05-05 18:54:00,4570.52,4571.43,4568.77,4568.96,2020,12,0,2020
2026-05-05 18:57:00,4568.94,4571.25,4568.42,4568.58,2032,11,0,2032
2026-05-05 19:00:00,4568.6,4569.0,4566.2,4567.24,2147,15,0,2147
2026-05-05 19:03:00,4567.26,4567.97,4564.61,4565.65,2035,15,0,2035
2026-05-05 19:06:00,4565.65,4565.77,4562.79,4563.35,2061,14,0,2061
2026-05-05 19:09:00,4563.33,4564.97,4562.36,4563.24,2002,14,0,2002
2026-05-05 19:12:00,4563.25,4566.6,4563.11,4566.32,1999,12,0,1999
2026-05-05 19:15:00,4566.34,4566.34,4563.59,4565.08,1986,13,0,1986
2026-05-05 19:18:00,4565.08,4565.35,4563.56,4564.51,1961,11,0,1961
2026-05-05 19:21:00,4564.62,4565.67,4563.4,4563.62,1940,11,0,1940
2026-05-05 19:24:00,4563.6,4563.79,4556.82,4558.3,2229,13,0,2229
2026-05-05 19:27:00,4558.27,4559.77,4556.16,4559.71,2176,16,0,2176
2026-05-05 19:30:00,4559.79,4560.12,4553.75,4554.57,2214,16,0,2214
2026-05-05 19:33:00,4554.55,4558.75,4553.73,4558.4,2104,16,0,2104
2026-05-05 19:36:00,4558.43,4559.32,4555.77,4557.6,2104,16,0,2104
2026-05-05 19:39:00,4557.59,4558.33,4555.95,4557.65,2017,13,0,2017
2026-05-05 19:42:00,4557.63,4558.87,4556.5,4556.67,1974,13,0,1974
2026-05-05 19:45:00,4556.69,4558.1,4555.72,4556.76,2054,13,0,2054
2026-05-05 19:48:00,4556.76,4559.37,4555.81,4559.31,1989,11,0,1989
2026-05-05 19:51:00,4559.33,4560.36,4558.09,4559.58,2030,11,0,2030
2026-05-05 19:54:00,4559.57,4561.85,4559.43,4561.17,1935,11,0,1935
2026-05-05 19:57:00,4561.15,4562.88,4560.43,4561.31,1954,11,0,1954
2026-05-05 20:00:00,4561.3,4562.64,4559.71,4560.09,2050,11,0,2050
2026-05-05 20:03:00,4560.11,4561.2,4558.83,4559.31,1937,13,0,1937
2026-05-05 20:06:00,4559.34,4559.43,4554.87,4554.87,1973,12,0,1973
2026-05-05 20:09:00,4554.85,4555.75,4553.29,4555.68,2166,16,0,2166
2026-05-05 20:12:00,4555.69,4556.23,4553.67,4556.15,2024,16,0,2024
2026-05-05 20:15:00,4556.18,4557.64,4556.07,4557.6,2094,11,0,2094
2026-05-05 20:18:00,4557.59,4561.49,4557.57,4561.13,2041,11,0,2041
2026-05-05 20:21:00,4561.13,4561.41,4559.78,4560.48,1984,11,0,1984
2026-05-05 20:24:00,4560.46,4561.26,4557.65,4558.96,2063,12,0,2063
2026-05-05 20:27:00,4558.94,4560.23,4557.62,4558.7,2155,13,0,2155
2026-05-05 20:30:00,4558.73,4558.98,4556.08,4557.74,2141,16,0,2141
2026-05-05 20:33:00,4557.74,4562.37,4557.44,4560.61,2116,16,0,2116
2026-05-05 20:36:00,4560.62,4562.8,4560.13,4560.32,2041,13,0,2041
2026-05-05 20:39:00,4560.32,4562.46,4560.11,4561.77,1997,11,0,1997
2026-05-05 20:42:00,4561.76,4562.17,4560.52,4560.52,1855,11,0,1855
2026-05-05 20:45:00,4560.52,4561.06,4559.82,4560.38,1923,11,0,1923
2026-05-05 20:48:00,4560.39,4562.35,4559.81,4559.82,1892,11,0,1892
2026-05-05 20:51:00,4559.84,4560.78,4558.74,4559.35,1858,11,0,1858
2026-05-05 20:54:00,4559.35,4559.48,4558.31,4559.17,1855,11,0,1855
2026-05-05 20:57:00,4559.16,4560.29,4558.92,4559.91,1860,11,0,1860
2026-05-05 21:00:00,4559.88,4561.31,4559.32,4561.09,1884,12,0,1884
2026-05-05 21:03:00,4561.09,4561.14,4558.71,4560.14,1888,12,0,1888
2026-05-05 21:06:00,4560.3,4562.02,4560.28,4561.3,1880,13,0,1880
2026-05-05 21:09:00,4561.28,4562.02,4560.24,4560.26,1822,13,0,1822
2026-05-05 21:12:00,4560.27,4564.9,4559.99,4564.3,1983,12,0,1983
2026-05-05 21:15:00,4564.35,4565.52,4562.75,4563.11,1951,16,0,1951
2026-05-05 21:18:00,4563.13,4564.27,4562.16,4562.76,1916,13,0,1916
2026-05-05 21:21:00,4562.76,4563.63,4561.36,4561.47,1853,11,0,1853
2026-05-05 21:24:00,4561.48,4563.29,4561.25,4562.63,1866,11,0,1866
2026-05-05 21:27:00,4562.63,4562.94,4561.67,4562.17,1872,13,0,1872
2026-05-05 21:30:00,4562.15,4562.61,4559.81,4560.22,1895,13,0,1895
2026-05-05 21:33:00,4560.2,4560.64,4558.9,4559.78,1913,14,0,1913
2026-05-05 21:36:00,4559.79,4560.01,4558.51,4559.62,1866,13,0,1866
2026-05-05 21:39:00,4559.62,4559.75,4557.66,4559.18,1873,12,0,1873
2026-05-05 21:42:00,4559.21,4562.5,4559.04,4561.56,1897,14,0,1897
2026-05-05 21:45:00,4561.57,4565.77,4561.5,4564.34,1995,16,0,1995
2026-05-05 21:48:00,4564.29,4564.43,4562.57,4563.04,1943,15,0,1943
2026-05-05 21:51:00,4563.02,4563.41,4560.71,4560.79,1940,12,0,1940
2026-05-05 21:54:00,4560.78,4561.44,4559.64,4560.3,1857,11,0,1857
2026-05-05 21:57:00,4560.31,4561.21,4560.09,4561.03,1837,12,0,1837
2026-05-05 22:00:00,4561.04,4561.53,4559.03,4559.35,1873,12,0,1873
2026-05-05 22:03:00,4559.34,4559.69,4558.27,4558.98,1910,16,0,1910
2026-05-05 22:06:00,4558.97,4560.35,4558.09,4558.39,2002,11,0,2002
2026-05-05 22:09:00,4558.37,4559.06,4557.15,4557.56,1921,16,0,1921
2026-05-05 22:12:00,4557.55,4558.88,4556.91,4557.32,1983,12,0,1983
2026-05-05 22:15:00,4557.24,4557.35,4554.97,4555.53,2067,11,0,2067
2026-05-05 22:18:00,4555.55,4558.92,4555.2,4557.91,1983,12,0,1983
2026-05-05 22:21:00,4557.9,4558.23,4557.23,4557.53,2050,11,0,2050
2026-05-05 22:24:00,4557.54,4557.55,4555.98,4555.98,1903,11,0,1903
2026-05-05 22:27:00,4555.99,4556.92,4555.56,4556.27,1832,11,0,1832
2026-05-05 22:30:00,4556.28,4557.45,4556.27,4556.63,1897,11,0,1897
2026-05-05 22:33:00,4556.63,4556.77,4556.15,4556.47,1819,11,0,1819
2026-05-05 22:36:00,4556.48,4558.17,4555.71,4556.39,1820,11,0,1820
2026-05-05 22:39:00,4556.37,4557.09,4556.06,4556.76,1832,13,0,1832
2026-05-05 22:42:00,4556.76,4556.77,4555.61,4555.72,1935,11,0,1935
2026-05-05 22:45:00,4555.73,4556.5,4555.04,4555.91,1840,11,0,1840
2026-05-05 22:48:00,4555.94,4558.89,4555.93,4556.44,2036,15,0,2036
2026-05-05 22:51:00,4556.41,4556.45,4554.84,4555.1,1969,16,0,1969
2026-05-05 22:54:00,4555.11,4555.32,4552.36,4552.51,2001,16,0,2001
2026-05-05 22:57:00,4552.52,4555.63,4551.55,4554.72,2235,16,0,2235
2026-05-05 23:00:00,4554.72,4555.8,4554.1,4554.61,1946,16,0,1946
2026-05-05 23:03:00,4554.6,4556.32,4554.0,4556.14,1789,13,0,1789
2026-05-05 23:06:00,4556.14,4556.15,4554.42,4555.48,1748,11,0,1748
2026-05-05 23:09:00,4555.45,4556.22,4555.27,4556.22,1732,11,0,1732
2026-05-05 23:12:00,4556.21,4557.17,4556.17,4557.01,1763,11,0,1763
2026-05-05 23:15:00,4557.01,4557.84,4556.08,4556.61,1900,11,0,1900
2026-05-05 23:18:00,4556.58,4556.84,4556.1,4556.46,1832,11,0,1832
2026-05-05 23:21:00,4556.44,4556.79,4555.5,4556.36,1806,11,0,1806
2026-05-05 23:24:00,4556.39,4558.5,4555.91,4558.46,1827,11,0,1827
2026-05-05 23:27:00,4558.45,4559.85,4558.31,4559.26,1865,14,0,1865
2026-05-05 23:30:00,4559.25,4560.01,4557.73,4558.82,1798,14,0,1798
2026-05-05 23:33:00,4558.81,4558.83,4557.23,4557.24,1822,11,0,1822
2026-05-05 23:36:00,4557.25,4557.64,4555.86,4555.88,1776,11,0,1776
2026-05-05 23:39:00,4555.89,4556.61,4555.77,4556.29,1780,11,0,1780
2026-05-05 23:42:00,4556.26,4556.26,4554.82,4555.55,1785,23,0,1785
2026-05-05 23:45:00,4555.57,4556.5,4554.77,4554.85,1760,23,0,1760
2026-05-05 23:48:00,4554.85,4556.28,4554.77,4556.17,1787,23,0,1787
2026-05-05 23:51:00,4556.14,4556.67,4555.81,4556.34,1709,23,0,1709
2026-05-05 23:54:00,4556.34,4556.76,4554.47,4556.63,1846,23,0,1846
2026-05-05 23:57:00,4556.63,4557.64,4555.98,4557.5,1240,23,0,1240
2026-05-06 01:00:00,4558.99,4559.9,4551.96,4552.31,4396,18,0,4396
2026-05-06 01:03:00,4552.31,4553.6,4550.28,4551.9,1881,18,0,1881
2026-05-06 01:06:00,4551.89,4552.12,4549.09,4551.09,1859,18,0,1859
2026-05-06 01:09:00,4551.08,4552.17,4549.74,4551.59,1935,18,0,1935
2026-05-06 01:12:00,4551.58,4552.13,4550.2,4550.62,1850,18,0,1850
2026-05-06 01:15:00,4550.61,4551.08,4549.32,4549.93,1820,18,0,1820
2026-05-06 01:18:00,4549.92,4550.16,4547.65,4548.19,1922,18,0,1922
2026-05-06 01:21:00,4548.19,4550.04,4548.03,4549.53,1840,18,0,1840
2026-05-06 01:24:00,4549.55,4550.05,4547.52,4547.74,1832,18,0,1832
2026-05-06 01:27:00,4547.71,4548.05,4546.44,4546.79,1848,18,0,1848
2026-05-06 01:30:00,4546.75,4547.88,4546.58,4547.4,1794,18,0,1794
2026-05-06 01:33:00,4547.39,4549.91,4546.33,4549.33,1841,18,0,1841
2026-05-06 01:36:00,4549.23,4550.99,4549.15,4550.35,1759,18,0,1759
2026-05-06 01:39:00,4550.36,4550.86,4549.9,4550.14,1792,17,0,1792
2026-05-06 01:42:00,4550.11,4550.14,4548.72,4548.8,1759,18,0,1759
2026-05-06 01:45:00,4548.8,4548.8,4547.04,4547.61,1792,18,0,1792
2026-05-06 01:48:00,4547.62,4548.59,4547.23,4548.27,1781,17,0,1781
2026-05-06 01:51:00,4548.3,4557.18,4547.39,4552.42,2447,17,0,2447
2026-05-06 01:54:00,4552.36,4577.18,4552.25,4570.44,2682,18,0,2682
2026-05-06 01:57:00,4570.44,4573.46,4567.13,4573.46,2159,18,0,2159
2026-05-06 02:00:00,4573.44,4574.82,4570.32,4573.13,2216,18,0,2216
2026-05-06 02:03:00,4573.11,4577.06,4569.37,4574.64,2137,18,0,2137
2026-05-06 02:06:00,4574.62,4579.2,4572.87,4577.39,2125,18,0,2125
2026-05-06 02:09:00,4577.36,4583.68,4576.95,4583.57,2141,18,0,2141
2026-05-06 02:12:00,4583.6,4590.59,4582.92,4588.78,2423,18,0,2423
2026-05-06 02:15:00,4588.78,4589.55,4583.48,4584.24,2207,17,0,2207
2026-05-06 02:18:00,4584.22,4588.25,4584.22,4588.25,2099,17,0,2099
2026-05-06 02:21:00,4588.25,4589.14,4585.18,4585.52,2078,17,0,2078
2026-05-06 02:24:00,4585.52,4585.69,4583.26,4583.77,2033,15,0,2033
2026-05-06 02:27:00,4583.79,4584.57,4582.06,4582.21,2041,16,0,2041
2026-05-06 02:30:00,4582.18,4585.11,4579.49,4584.26,2033,16,0,2033
2026-05-06 02:33:00,4584.28,4585.63,4582.5,4584.38,2060,18,0,2060
2026-05-06 02:36:00,4584.32,4587.3,4584.21,4587.23,1869,18,0,1869
2026-05-06 02:39:00,4587.23,4588.49,4585.55,4587.54,1873,18,0,1873
2026-05-06 02:42:00,4587.55,4588.19,4584.96,4585.19,1909,17,0,1909
2026-05-06 02:45:00,4585.18,4589.42,4584.64,4588.09,1957,18,0,1957
2026-05-06 02:48:00,4588.07,4594.95,4587.05,4594.72,2088,18,0,2088
2026-05-06 02:51:00,4594.72,4594.72,4592.07,4593.72,1991,17,0,1991
2026-05-06 02:54:00,4593.74,4594.85,4591.2,4594.46,1919,17,0,1919
2026-05-06 02:57:00,4594.47,4595.71,4592.97,4594.06,1948,14,0,1948
2026-05-06 03:00:00,4594.03,4598.07,4591.83,4597.04,2416,17,0,2416
2026-05-06 03:03:00,4597.03,4597.24,4593.96,4594.03,2224,18,0,2224
2026-05-06 03:06:00,4594.03,4594.75,4591.18,4593.69,2267,17,0,2267
2026-05-06 03:09:00,4593.68,4593.91,4589.87,4590.47,2177,16,0,2177
2026-05-06 03:12:00,4590.42,4592.29,4589.31,4591.7,2055,14,0,2055
2026-05-06 03:15:00,4591.7,4592.99,4588.23,4592.72,2191,15,0,2191
2026-05-06 03:18:00,4592.71,4599.69,4592.7,4598.67,2245,17,0,2245
2026-05-06 03:21:00,4598.72,4602.64,4597.05,4602.34,2366,17,0,2366
2026-05-06 03:24:00,4602.51,4604.19,4600.82,4602.74,2073,14,0,2073
2026-05-06 03:27:00,4602.75,4603.2,4600.01,4602.25,2094,14,0,2094
2026-05-06 03:30:00,4602.26,4606.49,4602.13,4605.95,2047,15,0,2047
2026-05-06 03:33:00,4605.98,4609.71,4605.54,4609.36,2035,14,0,2035
2026-05-06 03:36:00,4609.39,4610.38,4607.82,4610.23,1983,14,0,1983
2026-05-06 03:39:00,4610.24,4610.82,4607.68,4610.17,2051,14,0,2051
2026-05-06 03:42:00,4610.19,4610.68,4609.08,4610.27,2011,14,0,2011
2026-05-06 03:45:00,4610.28,4610.85,4609.52,4610.31,2011,14,0,2011
2026-05-06 03:48:00,4610.3,4611.15,4609.55,4611.06,2022,17,0,2022
2026-05-06 03:51:00,4611.01,4611.18,4610.23,4610.64,1892,15,0,1892
2026-05-06 03:54:00,4610.64,4617.73,4610.52,4615.9,2089,15,0,2089
2026-05-06 03:57:00,4615.88,4619.73,4615.52,4618.74,2211,18,0,2211
2026-05-06 04:00:00,4618.75,4622.69,4614.09,4618.17,2864,18,0,2864
2026-05-06 04:03:00,4618.2,4618.66,4613.07,4614.12,2290,18,0,2290
2026-05-06 04:06:00,4614.14,4614.56,4610.93,4612.15,2123,18,0,2123
2026-05-06 04:09:00,4612.13,4613.28,4611.02,4611.5,2098,17,0,2098
2026-05-06 04:12:00,4611.49,4612.69,4609.51,4611.53,2070,17,0,2070
2026-05-06 04:15:00,4611.54,4617.57,4609.76,4617.06,2086,17,0,2086
2026-05-06 04:18:00,4617.04,4618.64,4615.64,4617.71,2067,18,0,2067
2026-05-06 04:21:00,4617.72,4619.69,4616.65,4618.94,2034,18,0,2034
2026-05-06 04:24:00,4618.96,4623.97,4618.77,4623.2,2221,18,0,2221
2026-05-06 04:27:00,4622.97,4625.64,4621.79,4624.97,2095,17,0,2095
2026-05-06 04:30:00,4624.96,4626.17,4620.64,4624.93,2242,18,0,2242
2026-05-06 04:33:00,4624.96,4625.42,4621.16,4621.25,2103,16,0,2103
2026-05-06 04:36:00,4621.24,4624.46,4620.41,4624.39,2142,14,0,2142
2026-05-06 04:39:00,4624.42,4624.69,4622.72,4622.97,2070,14,0,2070
2026-05-06 04:42:00,4622.97,4624.98,4621.81,4623.9,1948,14,0,1948
2026-05-06 04:45:00,4623.9,4628.0,4623.49,4627.59,2175,17,0,2175
2026-05-06 04:48:00,4627.57,4628.52,4625.09,4626.41,2145,17,0,2145
2026-05-06 04:51:00,4626.39,4627.26,4625.03,4626.42,1998,14,0,1998
2026-05-06 04:54:00,4626.39,4626.56,4623.83,4625.81,2018,14,0,2018
2026-05-06 04:57:00,4625.79,4626.79,4625.03,4626.05,1974,14,0,1974
2026-05-06 05:00:00,4626.07,4628.6,4625.31,4627.41,1979,16,0,1979
2026-05-06 05:03:00,4627.38,4628.68,4626.54,4628.34,2023,15,0,2023
2026-05-06 05:06:00,4628.34,4632.37,4627.5,4630.91,2055,14,0,2055
2026-05-06 05:09:00,4631.09,4633.55,4630.16,4631.57,1975,17,0,1975
2026-05-06 05:12:00,4631.57,4634.35,4630.79,4633.4,1991,14,0,1991
2026-05-06 05:15:00,4633.41,4635.53,4632.41,4634.98,2027,14,0,2027
2026-05-06 05:18:00,4635.0,4636.4,4633.49,4635.18,2043,16,0,2043
2026-05-06 05:21:00,4635.2,4635.25,4631.98,4632.91,2007,16,0,2007
2026-05-06 05:24:00,4632.9,4634.39,4632.21,4632.27,1897,15,0,1897
2026-05-06 05:27:00,4632.29,4632.89,4629.82,4630.08,1932,14,0,1932
2026-05-06 05:30:00,4630.07,4631.94,4626.76,4631.94,2211,14,0,2211
2026-05-06 05:33:00,4631.94,4633.51,4630.28,4633.14,2053,18,0,2053
2026-05-06 05:36:00,4633.12,4634.25,4631.93,4632.95,2027,14,0,2027
2026-05-06 05:39:00,4632.93,4632.94,4630.15,4630.43,2020,14,0,2020
2026-05-06 05:42:00,4630.41,4635.1,4630.41,4634.58,2033,15,0,2033
2026-05-06 05:45:00,4634.52,4638.51,4633.81,4637.74,2003,14,0,2003
2026-05-06 05:48:00,4637.77,4637.8,4634.72,4635.38,1976,16,0,1976
2026-05-06 05:51:00,4635.38,4637.55,4634.56,4636.49,1913,17,0,1913
2026-05-06 05:54:00,4636.49,4639.97,4636.0,4639.85,1979,14,0,1979
2026-05-06 05:57:00,4639.83,4641.83,4639.43,4640.78,1961,14,0,1961
2026-05-06 06:00:00,4640.77,4641.34,4638.48,4640.65,1949,14,0,1949
2026-05-06 06:03:00,4640.65,4642.94,4640.37,4642.82,1966,14,0,1966
2026-05-06 06:06:00,4642.83,4645.6,4642.59,4644.44,1964,14,0,1964
2026-05-06 06:09:00,4644.44,4646.12,4643.46,4643.75,1916,14,0,1916
2026-05-06 06:12:00,4643.75,4650.33,4643.15,4647.8,2031,14,0,2031
2026-05-06 06:15:00,4647.79,4649.08,4646.26,4647.42,2010,14,0,2010
2026-05-06 06:18:00,4647.41,4651.15,4647.35,4649.54,1994,14,0,1994
2026-05-06 06:21:00,4649.56,4649.56,4644.78,4646.51,1926,14,0,1926
2026-05-06 06:24:00,4646.52,4646.69,4644.95,4645.73,1892,14,0,1892
2026-05-06 06:27:00,4645.71,4646.82,4644.36,4645.74,1953,14,0,1953
2026-05-06 06:30:00,4645.75,4645.75,4642.96,4643.16,1897,14,0,1897
2026-05-06 06:33:00,4643.14,4645.38,4642.61,4644.76,1883,14,0,1883
2026-05-06 06:36:00,4644.76,4648.74,4643.63,4647.37,1910,14,0,1910
2026-05-06 06:39:00,4647.38,4651.98,4646.68,4647.79,2081,18,0,2081
2026-05-06 06:42:00,4647.81,4648.16,4645.16,4647.81,1895,14,0,1895
2026-05-06 06:45:00,4647.79,4648.43,4645.28,4645.29,1983,14,0,1983
2026-05-06 06:48:00,4645.3,4646.04,4644.14,4645.98,1858,14,0,1858
2026-05-06 06:51:00,4645.96,4646.57,4643.76,4644.47,1838,15,0,1838
2026-05-06 06:54:00,4644.48,4645.02,4643.77,4644.12,1837,15,0,1837
2026-05-06 06:57:00,4644.11,4644.3,4642.96,4643.71,1820,16,0,1820
2026-05-06 07:00:00,4643.7,4645.75,4643.5,4644.07,1924,17,0,1924
2026-05-06 07:03:00,4644.04,4645.11,4643.42,4644.33,1962,18,0,1962
2026-05-06 07:06:00,4644.33,4647.71,4644.28,4645.14,1985,18,0,1985
2026-05-06 07:09:00,4645.15,4646.8,4645.12,4646.27,1885,16,0,1885
2026-05-06 07:12:00,4646.26,4647.66,4645.77,4647.66,1881,14,0,1881
2026-05-06 07:15:00,4647.66,4648.94,4647.26,4647.54,1935,17,0,1935
2026-05-06 07:18:00,4647.51,4647.51,4645.62,4645.98,1868,14,0,1868
2026-05-06 07:21:00,4645.98,4646.54,4645.78,4646.11,1872,15,0,1872
2026-05-06 07:24:00,4646.11,4646.77,4645.68,4646.27,1842,16,0,1842
2026-05-06 07:27:00,4646.24,4653.64,4646.09,4652.65,2630,17,0,2630
2026-05-06 07:30:00,4652.67,4652.81,4650.27,4652.18,2192,18,0,2192
2026-05-06 07:33:00,4652.13,4652.3,4649.29,4650.66,2082,18,0,2082
2026-05-06 07:36:00,4650.65,4651.05,4648.33,4648.94,2053,18,0,2053
2026-05-06 07:39:00,4648.92,4650.36,4648.43,4648.43,2052,17,0,2052
2026-05-06 07:42:00,4648.42,4648.7,4646.04,4647.77,2132,18,0,2132
2026-05-06 07:45:00,4647.77,4649.82,4647.22,4649.08,1953,17,0,1953
2026-05-06 07:48:00,4649.08,4652.73,4648.84,4651.64,2122,17,0,2122
2026-05-06 07:51:00,4651.63,4651.98,4649.0,4649.23,2022,15,0,2022
2026-05-06 07:54:00,4649.24,4650.71,4648.53,4650.65,2015,14,0,2015
2026-05-06 07:57:00,4650.66,4651.17,4648.89,4648.99,1934,14,0,1934
2026-05-06 08:00:00,4648.99,4651.92,4648.92,4651.08,1994,15,0,1994
2026-05-06 08:03:00,4651.08,4653.59,4650.53,4651.55,1908,14,0,1908
2026-05-06 08:06:00,4651.57,4653.79,4650.51,4653.79,1975,14,0,1975
2026-05-06 08:09:00,4653.87,4656.44,4653.53,4654.35,1991,18,0,1991
2026-05-06 08:12:00,4654.35,4656.31,4653.17,4654.97,2014,16,0,2014
2026-05-06 08:15:00,4654.97,4654.97,4649.66,4652.16,2083,17,0,2083
2026-05-06 08:18:00,4652.15,4652.59,4650.49,4650.87,1896,14,0,1896
2026-05-06 08:21:00,4650.85,4652.68,4650.28,4651.99,1907,14,0,1907
2026-05-06 08:24:00,4651.99,4655.39,4651.63,4652.66,1937,14,0,1937
2026-05-06 08:27:00,4652.69,4652.69,4650.4,4650.41,1887,14,0,1887
2026-05-06 08:30:00,4650.43,4652.07,4645.83,4647.19,2308,15,0,2308
2026-05-06 08:33:00,4647.19,4648.39,4644.88,4646.01,2175,17,0,2175
2026-05-06 08:36:00,4645.98,4647.55,4644.64,4646.24,2068,16,0,2068
2026-05-06 08:39:00,4646.23,4647.5,4645.53,4645.58,1973,14,0,1973
2026-05-06 08:42:00,4645.56,4651.18,4645.23,4650.06,2013,15,0,2013
2026-05-06 08:45:00,4650.06,4651.63,4649.48,4651.06,2017,17,0,2017
2026-05-06 08:48:00,4651.08,4651.91,4649.28,4651.77,2042,16,0,2042
2026-05-06 08:51:00,4651.79,4652.99,4650.33,4652.9,1963,16,0,1963
2026-05-06 08:54:00,4652.88,4660.65,4652.03,4658.63,2157,14,0,2157
2026-05-06 08:57:00,4658.59,4663.83,4657.64,4663.01,2246,18,0,2246
2026-05-06 09:00:00,4663.01,4665.56,4660.7,4661.53,2381,16,0,2381
2026-05-06 09:03:00,4661.55,4664.34,4657.49,4658.09,2154,13,0,2154
2026-05-06 09:06:00,4658.06,4665.9,4657.05,4664.24,2141,13,0,2141
2026-05-06 09:09:00,4664.23,4664.45,4662.6,4662.93,2103,12,0,2103
2026-05-06 09:12:00,4662.92,4663.98,4660.42,4660.42,2118,11,0,2118
2026-05-06 09:15:00,4660.42,4661.43,4658.96,4660.49,2051,11,0,2051
2026-05-06 09:18:00,4660.46,4661.22,4658.01,4660.36,2024,11,0,2024
2026-05-06 09:21:00,4660.33,4663.83,4659.8,4663.64,2072,11,0,2072
2026-05-06 09:24:00,4663.67,4666.73,4661.91,4666.52,2111,15,0,2111
2026-05-06 09:27:00,4666.52,4666.6,4665.07,4666.17,2106,13,0,2106
2026-05-06 09:30:00,4666.18,4668.3,4665.08,4666.32,2215,11,0,2215
2026-05-06 09:33:00,4666.32,4666.98,4663.45,4663.64,2173,11,0,2173
2026-05-06 09:36:00,4663.65,4667.44,4662.31,4667.42,2018,10,0,2018
2026-05-06 09:39:00,4667.44,4668.84,4663.66,4664.11,2174,11,0,2174
2026-05-06 09:42:00,4664.12,4664.82,4660.02,4664.16,2337,15,0,2337
2026-05-06 09:45:00,4664.14,4666.7,4663.55,4664.39,2197,10,0,2197
2026-05-06 09:48:00,4664.39,4665.32,4663.48,4663.7,2090,10,0,2090
2026-05-06 09:51:00,4663.73,4665.38,4662.87,4664.98,2030,10,0,2030
2026-05-06 09:54:00,4664.97,4666.23,4664.35,4665.85,1955,10,0,1955
2026-05-06 09:57:00,4665.84,4669.67,4665.1,4669.27,2133,10,0,2133
2026-05-06 10:00:00,4669.26,4670.26,4665.48,4666.44,2098,14,0,2098
2026-05-06 10:03:00,4666.44,4668.89,4666.44,4666.77,2150,10,0,2150
2026-05-06 10:06:00,4666.76,4667.99,4666.01,4666.31,1936,10,0,1936
2026-05-06 10:09:00,4666.29,4668.0,4664.22,4664.85,1987,10,0,1987
2026-05-06 10:12:00,4664.88,4664.88,4658.46,4658.56,2090,14,0,2090
2026-05-06 10:15:00,4658.56,4659.73,4657.45,4658.58,2321,10,0,2321
2026-05-06 10:18:00,4658.58,4660.85,4658.35,4660.09,1970,10,0,1970
2026-05-06 10:21:00,4660.08,4663.65,4660.03,4661.89,1975,10,0,1975
2026-05-06 10:24:00,4661.86,4666.56,4661.43,4665.71,2193,10,0,2193
2026-05-06 10:27:00,4665.7,4669.95,4665.15,4667.65,2059,12,0,2059
2026-05-06 10:30:00,4667.62,4668.28,4663.38,4665.87,2081,10,0,2081
2026-05-06 10:33:00,4665.85,4667.89,4663.99,4664.17,2246,10,0,2246
2026-05-06 10:36:00,4664.16,4666.04,4663.08,4664.96,2280,10,0,2280
2026-05-06 10:39:00,4664.94,4668.59,4664.56,4668.38,1925,10,0,1925
2026-05-06 10:42:00,4668.38,4670.13,4667.41,4670.13,1948,10,0,1948
2026-05-06 10:45:00,4670.62,4677.39,4670.35,4674.04,2611,12,0,2611
2026-05-06 10:48:00,4674.21,4677.17,4673.37,4676.9,2141,12,0,2141
2026-05-06 10:51:00,4676.91,4678.34,4674.15,4675.2,2088,11,0,2088
2026-05-06 10:54:00,4675.15,4675.22,4673.84,4674.84,1964,10,0,1964
2026-05-06 10:57:00,4674.87,4681.83,4674.55,4681.61,2196,11,0,2196
2026-05-06 11:00:00,4681.61,4682.37,4675.83,4677.24,2340,12,0,2340
2026-05-06 11:03:00,4677.23,4679.65,4676.45,4679.26,2110,10,0,2110
2026-05-06 11:06:00,4679.27,4680.19,4675.31,4675.34,2072,10,0,2072
2026-05-06 11:09:00,4675.36,4682.2,4675.33,4681.48,2124,10,0,2124
2026-05-06 11:12:00,4681.5,4681.58,4678.58,4679.63,2208,10,0,2208
2026-05-06 11:15:00,4679.64,4680.8,4678.12,4679.52,2133,10,0,2133
2026-05-06 11:18:00,4679.52,4679.61,4676.85,4677.18,1965,10,0,1965
2026-05-06 11:21:00,4677.19,4679.62,4677.19,4679.59,2021,10,0,2021
2026-05-06 11:24:00,4679.62,4680.05,4677.59,4679.17,1920,10,0,1920
2026-05-06 11:27:00,4679.25,4679.49,4676.9,4677.04,1899,10,0,1899
2026-05-06 11:30:00,4677.05,4678.19,4675.38,4677.12,2001,10,0,2001
2026-05-06 11:33:00,4677.1,4678.02,4672.44,4672.44,1959,13,0,1959
2026-05-06 11:36:00,4672.53,4675.58,4671.63,4674.9,2136,13,0,2136
2026-05-06 11:39:00,4674.87,4675.95,4673.42,4674.52,1981,11,0,1981
2026-05-06 11:42:00,4674.51,4678.85,4674.51,4677.56,1916,10,0,1916
2026-05-06 11:45:00,4677.54,4679.57,4677.42,4679.34,1924,10,0,1924
2026-05-06 11:48:00,4679.34,4700.73,4679.14,4696.23,2605,10,0,2605
2026-05-06 11:51:00,4696.19,4702.61,4692.73,4695.71,3556,15,0,3556
2026-05-06 11:54:00,4695.74,4701.84,4695.69,4697.16,3133,14,0,3133
2026-05-06 11:57:00,4697.17,4700.32,4692.98,4700.14,2750,12,0,2750
2026-05-06 12:00:00,4700.13,4708.55,4697.83,4698.52,2859,13,0,2859
2026-05-06 12:03:00,4698.54,4698.93,4689.55,4690.82,2496,12,0,2496
2026-05-06 12:06:00,4690.82,4696.59,4689.08,4695.95,2605,13,0,2605
2026-05-06 12:09:00,4695.95,4696.87,4693.75,4696.41,2307,11,0,2307
2026-05-06 12:12:00,4696.46,4698.88,4695.12,4695.73,2263,11,0,2263
2026-05-06 12:15:00,4695.73,4698.36,4694.72,4698.26,2281,12,0,2281
2026-05-06 12:18:00,4698.25,4702.93,4697.28,4698.93,2575,12,0,2575
2026-05-06 12:21:00,4698.94,4699.21,4691.46,4693.3,2381,12,0,2381
2026-05-06 12:24:00,4693.3,4696.9,4692.66,4696.79,2256,11,0,2256
2026-05-06 12:27:00,4696.78,4704.95,4696.78,4700.17,2225,12,0,2225
2026-05-06 12:30:00,4700.14,4702.15,4696.33,4701.89,2320,11,0,2320
2026-05-06 12:33:00,4701.98,4704.34,4700.47,4702.81,2416,12,0,2416
2026-05-06 12:36:00,4702.79,4706.13,4702.19,4702.2,2395,12,0,2395
2026-05-06 12:39:00,4702.22,4705.04,4700.5,4700.53,2212,10,0,2212
2026-05-06 12:42:00,4700.48,4700.85,4695.92,4696.06,2125,10,0,2125
2026-05-06 12:45:00,4696.06,4702.27,4694.38,4699.36,2227,11,0,2227
2026-05-06 12:48:00,4699.35,4701.48,4697.74,4698.4,2122,11,0,2122
2026-05-06 12:51:00,4698.39,4700.4,4697.44,4699.76,2125,12,0,2125
2026-05-06 12:54:00,4699.78,4702.42,4699.45,4701.1,2055,11,0,2055
2026-05-06 12:57:00,4701.1,4702.89,4700.49,4701.92,2097,11,0,2097
2026-05-06 13:00:00,4701.89,4705.84,4701.57,4701.85,2444,12,0,2444
2026-05-06 13:03:00,4701.85,4703.32,4698.95,4700.37,2284,13,0,2284
2026-05-06 13:06:00,4700.37,4701.93,4697.43,4697.61,2127,11,0,2127
2026-05-06 13:09:00,4697.62,4699.23,4696.06,4698.02,2144,11,0,2144
2026-05-06 13:12:00,4698.0,4700.36,4696.83,4698.28,2206,11,0,2206
2026-05-06 13:15:00,4698.25,4699.67,4695.68,4699.39,2245,10,0,2245
2026-05-06 13:18:00,4699.41,4701.08,4697.98,4698.19,2174,11,0,2174
2026-05-06 13:21:00,4698.16,4700.36,4697.6,4699.74,2277,10,0,2277
2026-05-06 13:24:00,4699.75,4703.19,4699.57,4701.94,2101,11,0,2101
2026-05-06 13:27:00,4701.94,4704.67,4701.88,4704.48,2210,10,0,2210
2026-05-06 13:30:00,4704.49,4712.68,4704.45,4709.13,2465,15,0,2465
2026-05-06 13:33:00,4709.09,4711.72,4708.77,4709.16,2352,11,0,2352
2026-05-06 13:36:00,4708.92,4711.09,4708.1,4708.35,2175,11,0,2175
2026-05-06 13:39:00,4708.34,4715.16,4708.09,4711.69,2201,10,0,2201
2026-05-06 13:42:00,4711.38,4716.05,4710.35,4714.11,2415,14,0,2415
2026-05-06 13:45:00,4714.12,4715.53,4711.06,4713.27,2389,12,0,2389
2026-05-06 13:48:00,4713.22,4715.1,4707.48,4714.69,2646,14,0,2646
2026-05-06 13:51:00,4714.67,4717.0,4710.28,4716.95,2629,12,0,2629
2026-05-06 13:54:00,4716.99,4723.01,4716.5,4716.85,2739,13,0,2739
2026-05-06 13:57:00,4716.79,4719.93,4716.13,4718.08,2430,11,0,2430
2026-05-06 14:00:00,4718.02,4720.58,4713.11,4713.19,2541,12,0,2541
2026-05-06 14:03:00,4713.21,4715.55,4711.58,4715.49,2396,11,0,2396
2026-05-06 14:06:00,4715.51,4718.53,4715.28,4718.07,2375,11,0,2375
2026-05-06 14:09:00,4718.11,4721.35,4717.43,4718.09,2310,11,0,2310
2026-05-06 14:12:00,4718.07,4718.46,4709.42,4712.07,2618,11,0,2618
2026-05-06 14:15:00,4712.05,4713.69,4709.45,4711.98,2398,14,0,2398
2026-05-06 14:18:00,4711.98,4713.62,4710.66,4711.18,2396,13,0,2396
2026-05-06 14:21:00,4711.17,4711.95,4709.86,4709.91,2200,10,0,2200
2026-05-06 14:24:00,4709.88,4712.73,4709.07,4711.71,2304,10,0,2304
2026-05-06 14:27:00,4711.7,4712.04,4705.68,4705.71,2249,10,0,2249
2026-05-06 14:30:00,4705.74,4710.59,4704.39,4709.24,2307,11,0,2307
2026-05-06 14:33:00,4709.25,4715.41,4709.24,4713.74,2290,11,0,2290
2026-05-06 14:36:00,4713.72,4715.03,4712.42,4713.03,2123,11,0,2123
2026-05-06 14:39:00,4713.05,4713.05,4702.89,4707.6,2452,11,0,2452
2026-05-06 14:42:00,4707.6,4708.2,4697.85,4699.59,2829,15,0,2829
2026-05-06 14:45:00,4699.62,4702.66,4698.41,4701.54,2560,15,0,2560
2026-05-06 14:48:00,4701.54,4701.56,4696.97,4699.19,2532,15,0,2532
2026-05-06 14:51:00,4699.18,4700.29,4696.86,4697.7,2372,13,0,2372
2026-05-06 14:54:00,4697.52,4698.86,4694.45,4694.97,2303,10,0,2303
2026-05-06 14:57:00,4694.79,4694.86,4690.95,4692.17,2494,13,0,2494
2026-05-06 15:00:00,4692.17,4693.22,4684.64,4686.13,2674,13,0,2674
2026-05-06 15:03:00,4686.13,4687.59,4681.07,4687.31,2767,15,0,2767
2026-05-06 15:06:00,4687.32,4687.32,4680.13,4684.05,2771,15,0,2771
2026-05-06 15:09:00,4684.05,4684.34,4676.19,4679.2,2575,15,0,2575
2026-05-06 15:12:00,4679.21,4680.19,4670.77,4672.85,2553,13,0,2553
2026-05-06 15:15:00,4673.16,4676.96,4665.29,4672.46,3171,15,0,3171
2026-05-06 15:18:00,4672.44,4676.05,4660.36,4673.8,3161,15,0,3161
2026-05-06 15:21:00,4673.79,4681.83,4673.71,4681.5,2836,13,0,2836
2026-05-06 15:24:00,4681.51,4685.66,4681.51,4684.42,2605,11,0,2605
2026-05-06 15:27:00,4684.57,4688.77,4682.99,4683.36,2341,10,0,2341
2026-05-06 15:30:00,4683.37,4685.35,4678.05,4682.68,2665,10,0,2665
2026-05-06 15:33:00,4682.67,4684.21,4680.67,4682.83,2428,11,0,2428
2026-05-06 15:36:00,4682.85,4683.48,4679.17,4680.03,2423,10,0,2423
2026-05-06 15:39:00,4680.05,4683.17,4679.94,4682.95,2413,10,0,2413
2026-05-06 15:42:00,4682.93,4683.63,4679.38,4682.75,2328,10,0,2328
2026-05-06 15:45:00,4682.75,4684.67,4681.54,4684.67,2291,10,0,2291
2026-05-06 15:48:00,4684.65,4684.65,4679.01,4680.34,2312,10,0,2312
2026-05-06 15:51:00,4680.34,4681.43,4678.26,4680.47,2283,10,0,2283
2026-05-06 15:54:00,4680.49,4681.06,4676.96,4678.57,2326,10,0,2326
2026-05-06 15:57:00,4678.59,4683.56,4676.88,4683.32,2311,12,0,2311
2026-05-06 16:00:00,4683.29,4692.41,4677.33,4689.46,2937,15,0,2937
2026-05-06 16:03:00,4689.45,4691.89,4677.93,4684.67,2972,15,0,2972
2026-05-06 16:06:00,4684.63,4684.66,4669.51,4674.3,3109,15,0,3109
2026-05-06 16:09:00,4674.2,4679.95,4668.8,4678.8,2688,15,0,2688
2026-05-06 16:12:00,4678.82,4683.62,4677.67,4683.61,2459,11,0,2459
2026-05-06 16:15:00,4683.62,4691.18,4682.94,4685.53,2560,11,0,2560
2026-05-06 16:18:00,4685.5,4685.95,4679.59,4682.27,2586,10,0,2586
2026-05-06 16:21:00,4682.3,4685.59,4681.55,4684.36,2431,10,0,2431
2026-05-06 16:24:00,4684.35,4686.04,4682.58,4682.68,2386,10,0,2386
2026-05-06 16:27:00,4682.73,4686.63,4682.4,4685.23,2410,10,0,2410
2026-05-06 16:30:00,4685.2,4692.78,4680.34,4689.71,3304,10,0,3304
2026-05-06 16:33:00,4689.69,4699.19,4688.1,4696.13,2844,15,0,2844
2026-05-06 16:36:00,4696.14,4698.51,4693.25,4697.97,2978,15,0,2978
2026-05-06 16:39:00,4697.99,4698.57,4694.05,4694.74,2890,14,0,2890
2026-05-06 16:42:00,4694.75,4696.77,4693.31,4695.29,2805,12,0,2805
2026-05-06 16:45:00,4695.3,4696.93,4692.55,4696.81,2765,11,0,2765
2026-05-06 16:48:00,4696.83,4701.43,4694.54,4694.92,2747,10,0,2747
2026-05-06 16:51:00,4695.05,4704.18,4693.57,4703.14,2663,15,0,2663
2026-05-06 16:54:00,4703.16,4707.78,4702.67,4704.02,2703,12,0,2703
2026-05-06 16:57:00,4704.05,4706.16,4701.81,4702.18,2565,10,0,2565
2026-05-06 17:00:00,4702.21,4710.09,4700.77,4706.39,2825,10,0,2825
2026-05-06 17:03:00,4706.37,4709.22,4704.2,4708.74,2858,10,0,2858
2026-05-06 17:06:00,4708.71,4709.1,4697.57,4704.91,3155,10,0,3155
2026-05-06 17:09:00,4704.9,4709.24,4704.01,4708.29,2778,10,0,2778
2026-05-06 17:12:00,4708.33,4712.52,4708.23,4711.1,2707,10,0,2707
2026-05-06 17:15:00,4711.08,4717.49,4711.08,4713.95,2749,10,0,2749
2026-05-06 17:18:00,4713.95,4715.3,4711.96,4712.92,2536,10,0,2536
2026-05-06 17:21:00,4712.85,4715.46,4709.89,4711.47,2418,10,0,2418
2026-05-06 17:24:00,4711.5,4713.13,4708.67,4709.41,2560,10,0,2560
2026-05-06 17:27:00,4709.39,4710.24,4704.82,4705.74,2469,10,0,2469
2026-05-06 17:30:00,4705.75,4709.83,4704.72,4707.52,2642,10,0,2642
2026-05-06 17:33:00,4707.54,4708.31,4705.13,4706.15,2349,10,0,2349
2026-05-06 17:36:00,4706.14,4709.84,4704.98,4709.55,2447,10,0,2447
2026-05-06 17:39:00,4709.52,4710.03,4707.11,4708.04,2414,10,0,2414
2026-05-06 17:42:00,4708.14,4714.58,4706.13,4713.3,2954,10,0,2954
2026-05-06 17:45:00,4713.3,4713.93,4708.03,4708.55,2600,13,0,2600
2026-05-06 17:48:00,4708.54,4710.15,4703.12,4703.45,2523,12,0,2523
2026-05-06 17:51:00,4703.42,4705.0,4701.67,4704.59,2498,13,0,2498
2026-05-06 17:54:00,4704.63,4707.0,4700.82,4704.07,2412,11,0,2412
2026-05-06 17:57:00,4704.08,4705.36,4702.1,4703.08,2379,10,0,2379
2026-05-06 18:00:00,4703.07,4704.85,4700.43,4702.07,2334,10,0,2334
2026-05-06 18:03:00,4702.05,4705.81,4701.29,4701.69,2350,10,0,2350
2026-05-06 18:06:00,4701.7,4702.93,4698.52,4699.28,2314,10,0,2314
2026-05-06 18:09:00,4699.29,4700.74,4697.54,4698.67,2337,14,0,2337
2026-05-06 18:12:00,4698.71,4699.21,4693.47,4696.78,2286,12,0,2286
2026-05-06 18:15:00,4696.78,4699.75,4694.34,4699.75,2277,11,0,2277
2026-05-06 18:18:00,4699.72,4703.22,4697.8,4702.97,2290,11,0,2290
2026-05-06 18:21:00,4702.96,4703.26,4698.92,4699.83,2161,10,0,2161
2026-05-06 18:24:00,4699.83,4700.08,4696.73,4696.87,2095,10,0,2095
2026-05-06 18:27:00,4696.89,4698.69,4695.2,4695.51,2189,10,0,2189
2026-05-06 18:30:00,4695.5,4697.91,4694.59,4695.54,2219,10,0,2219
2026-05-06 18:33:00,4695.55,4696.12,4692.25,4693.69,2227,10,0,2227
2026-05-06 18:36:00,4693.71,4695.64,4692.76,4693.56,2186,11,0,2186
2026-05-06 18:39:00,4693.54,4693.66,4690.94,4691.7,2202,12,0,2202
2026-05-06 18:42:00,4691.7,4694.32,4689.41,4692.87,2303,12,0,2303
2026-05-06 18:45:00,4692.92,4694.93,4690.98,4693.64,2328,15,0,2328
2026-05-06 18:48:00,4693.63,4694.45,4690.97,4691.55,2257,12,0,2257
2026-05-06 18:51:00,4691.6,4694.02,4691.02,4692.94,2217,10,0,2217
2026-05-06 18:54:00,4692.92,4693.77,4691.77,4692.82,2118,10,0,2118
2026-05-06 18:57:00,4692.8,4693.78,4687.81,4687.84,2137,10,0,2137
2026-05-06 19:00:00,4687.82,4687.98,4683.86,4686.56,2367,13,0,2367
2026-05-06 19:03:00,4686.57,4688.55,4685.3,4688.0,2228,12,0,2228
2026-05-06 19:06:00,4687.98,4688.05,4681.34,4683.34,2370,13,0,2370
2026-05-06 19:09:00,4683.35,4685.22,4682.43,4682.63,2167,12,0,2167
2026-05-06 19:12:00,4682.61,4685.47,4682.22,4683.78,2158,10,0,2158
2026-05-06 19:15:00,4683.79,4685.27,4682.72,4684.57,2186,10,0,2186
2026-05-06 19:18:00,4684.57,4685.87,4682.94,4683.55,2237,12,0,2237
2026-05-06 19:21:00,4683.58,4684.42,4683.04,4683.47,2096,10,0,2096
2026-05-06 19:24:00,4683.48,4687.63,4683.08,4687.51,2118,10,0,2118
2026-05-06 19:27:00,4687.49,4688.6,4686.77,4688.14,2162,10,0,2162
2026-05-06 19:30:00,4688.13,4690.26,4688.13,4688.63,2257,10,0,2257
2026-05-06 19:33:00,4688.62,4689.23,4685.5,4687.01,2257,10,0,2257
2026-05-06 19:36:00,4686.99,4689.48,4686.22,4689.32,2160,10,0,2160
2026-05-06 19:39:00,4689.32,4691.88,4688.88,4691.77,2134,10,0,2134
2026-05-06 19:42:00,4691.76,4692.08,4688.71,4688.74,2159,12,0,2159
2026-05-06 19:45:00,4688.76,4689.99,4686.29,4687.33,2257,11,0,2257
2026-05-06 19:48:00,4687.3,4688.46,4686.92,4688.38,2157,12,0,2157
2026-05-06 19:51:00,4688.37,4688.79,4683.36,4686.46,2209,14,0,2209
2026-05-06 19:54:00,4686.46,4687.03,4683.49,4685.14,2145,11,0,2145
2026-05-06 19:57:00,4685.12,4685.83,4679.46,4683.14,2780,13,0,2780
2026-05-06 20:00:00,4683.16,4686.03,4679.6,4684.86,2432,13,0,2432
2026-05-06 20:03:00,4684.85,4686.64,4683.85,4686.51,2197,11,0,2197
2026-05-06 20:06:00,4686.51,4688.09,4686.15,4686.52,2051,10,0,2051
2026-05-06 20:09:00,4686.51,4687.08,4685.46,4685.75,2005,10,0,2005
2026-05-06 20:12:00,4685.74,4686.45,4684.52,4685.57,2027,11,0,2027
2026-05-06 20:15:00,4685.54,4686.16,4683.78,4684.45,1992,12,0,1992
2026-05-06 20:18:00,4684.47,4684.5,4680.54,4681.55,2074,13,0,2074
2026-05-06 20:21:00,4681.55,4683.35,4680.59,4682.94,2131,13,0,2131
2026-05-06 20:24:00,4683.04,4683.19,4680.11,4681.18,2204,10,0,2204
2026-05-06 20:27:00,4681.19,4684.54,4681.19,4683.04,2125,10,0,2125
2026-05-06 20:30:00,4683.04,4683.46,4681.1,4681.17,2002,12,0,2002
2026-05-06 20:33:00,4681.15,4683.21,4679.51,4679.77,2052,13,0,2052
2026-05-06 20:36:00,4679.75,4681.23,4679.46,4680.39,2331,10,0,2331
2026-05-06 20:39:00,4680.4,4681.0,4678.96,4680.96,2022,10,0,2022
2026-05-06 20:42:00,4680.94,4681.17,4679.91,4680.68,1989,10,0,1989
2026-05-06 20:45:00,4680.67,4682.23,4680.48,4681.35,2017,10,0,2017
2026-05-06 20:48:00,4681.35,4681.96,4680.76,4681.46,2004,12,0,2004
2026-05-06 20:51:00,4681.46,4681.65,4680.42,4680.78,1960,10,0,1960
2026-05-06 20:54:00,4680.75,4684.32,4680.73,4683.89,1937,10,0,1937
2026-05-06 20:57:00,4683.87,4684.59,4682.9,4684.07,1947,14,0,1947
2026-05-06 21:00:00,4684.06,4685.52,4682.42,4682.6,1997,15,0,1997
2026-05-06 21:03:00,4682.59,4684.84,4681.96,4684.32,2024,11,0,2024
2026-05-06 21:06:00,4684.32,4685.18,4682.95,4684.54,2007,10,0,2007
2026-05-06 21:09:00,4684.56,4686.91,4684.22,4686.65,2117,10,0,2117
2026-05-06 21:12:00,4686.66,4687.56,4685.99,4686.84,1915,10,0,1915
2026-05-06 21:15:00,4686.85,4689.33,4686.51,4688.31,1924,10,0,1924
2026-05-06 21:18:00,4688.28,4689.8,4687.21,4689.63,1900,12,0,1900
2026-05-06 21:21:00,4689.63,4690.48,4687.91,4689.5,1949,14,0,1949
2026-05-06 21:24:00,4689.5,4689.51,4687.3,4687.69,2202,10,0,2202
2026-05-06 21:27:00,4687.69,4688.95,4687.68,4687.77,2041,10,0,2041
2026-05-06 21:30:00,4687.77,4688.6,4686.79,4688.48,1979,10,0,1979
2026-05-06 21:33:00,4688.47,4690.17,4688.08,4689.94,2245,10,0,2245
2026-05-06 21:36:00,4689.92,4690.32,4688.15,4688.32,1946,10,0,1946
2026-05-06 21:39:00,4688.29,4688.87,4685.2,4685.46,1945,10,0,1945
2026-05-06 21:42:00,4685.44,4687.4,4685.24,4686.28,1871,10,0,1871
2026-05-06 21:45:00,4686.3,4688.11,4685.68,4687.32,1899,12,0,1899
2026-05-06 21:48:00,4687.33,4687.4,4686.29,4686.77,2027,10,0,2027
2026-05-06 21:51:00,4686.78,4687.65,4684.9,4685.88,1988,15,0,1988
2026-05-06 21:54:00,4685.88,4687.1,4685.48,4686.84,2110,10,0,2110
2026-05-06 21:57:00,4686.82,4687.5,4685.72,4686.06,1981,10,0,1981
2026-05-06 22:00:00,4686.09,4688.68,4686.08,4688.63,1965,11,0,1965
2026-05-06 22:03:00,4688.6,4692.74,4688.52,4692.24,2037,11,0,2037
2026-05-06 22:06:00,4692.2,4693.85,4691.16,4693.85,2016,15,0,2016
2026-05-06 22:09:00,4693.86,4695.83,4693.2,4694.58,1954,11,0,1954
2026-05-06 22:12:00,4694.6,4695.48,4694.41,4695.31,2052,10,0,2052
2026-05-06 22:15:00,4695.3,4698.27,4695.02,4696.3,2051,10,0,2051
2026-05-06 22:18:00,4696.33,4698.85,4696.05,4698.51,2054,10,0,2054
2026-05-06 22:21:00,4698.5,4699.37,4697.78,4697.84,2016,10,0,2016
2026-05-06 22:24:00,4697.85,4700.27,4697.8,4699.08,1977,10,0,1977
2026-05-06 22:27:00,4699.06,4699.33,4697.84,4698.46,1964,10,0,1964
2026-05-06 22:30:00,4698.45,4699.0,4695.74,4698.62,2007,12,0,2007
2026-05-06 22:33:00,4698.59,4698.92,4697.08,4698.25,1994,11,0,1994
2026-05-06 22:36:00,4698.23,4698.39,4696.21,4697.18,2316,10,0,2316
2026-05-06 22:39:00,4697.16,4697.66,4696.0,4696.1,2023,10,0,2023
2026-05-06 22:42:00,4696.12,4696.73,4693.8,4695.4,1980,10,0,1980
2026-05-06 22:45:00,4695.41,4696.79,4695.33,4695.92,1930,11,0,1930
2026-05-06 22:48:00,4695.92,4698.42,4694.56,4697.32,2105,10,0,2105
2026-05-06 22:51:00,4697.32,4698.19,4696.55,4697.88,2003,12,0,2003
2026-05-06 22:54:00,4697.9,4697.9,4695.65,4696.53,2089,10,0,2089
2026-05-06 22:57:00,4696.51,4696.73,4692.47,4692.59,2097,10,0,2097
2026-05-06 23:00:00,4692.47,4694.95,4692.46,4694.6,2091,14,0,2091
2026-05-06 23:03:00,4694.62,4696.05,4694.16,4694.75,1953,10,0,1953
2026-05-06 23:06:00,4694.75,4697.25,4694.73,4696.09,1822,10,0,1822
2026-05-06 23:09:00,4696.08,4698.3,4696.05,4697.81,1803,10,0,1803
2026-05-06 23:12:00,4697.83,4699.64,4697.8,4699.05,1920,12,0,1920
2026-05-06 23:15:00,4699.06,4699.18,4697.19,4698.72,1829,11,0,1829
2026-05-06 23:18:00,4698.73,4699.54,4697.86,4698.31,2044,10,0,2044
2026-05-06 23:21:00,4698.28,4698.32,4695.39,4696.04,1835,10,0,1835
2026-05-06 23:24:00,4696.04,4696.11,4693.08,4693.64,1879,13,0,1879
2026-05-06 23:27:00,4693.62,4694.13,4691.99,4692.64,1887,10,0,1887
2026-05-06 23:30:00,4692.62,4693.11,4690.24,4690.44,2118,10,0,2118
2026-05-06 23:33:00,4690.41,4691.16,4689.78,4690.01,1838,10,0,1838
2026-05-06 23:36:00,4690.02,4692.11,4689.79,4691.32,1844,10,0,1844
2026-05-06 23:39:00,4691.34,4691.34,4689.35,4689.37,1818,12,0,1818
2026-05-06 23:42:00,4689.37,4690.55,4688.67,4688.67,1843,22,0,1843
2026-05-06 23:45:00,4688.67,4689.57,4685.07,4685.29,1865,22,0,1865
2026-05-06 23:48:00,4685.31,4689.69,4685.27,4688.09,1885,22,0,1885
2026-05-06 23:51:00,4688.11,4690.59,4687.83,4689.89,1815,22,0,1815
2026-05-06 23:54:00,4689.89,4691.93,4688.95,4691.59,1854,22,0,1854
2026-05-06 23:57:00,4691.58,4691.72,4690.3,4690.89,1247,22,0,1247
2026-05-07 01:00:00,4693.47,4696.91,4691.37,4692.91,4270,17,0,4270
2026-05-07 01:03:00,4692.92,4692.99,4689.39,4691.65,1831,17,0,1831
2026-05-07 01:06:00,4691.67,4694.48,4690.63,4694.0,1847,17,0,1847
2026-05-07 01:09:00,4693.99,4698.33,4693.28,4696.82,1858,17,0,1858
2026-05-07 01:12:00,4696.81,4697.62,4695.6,4697.22,1925,17,0,1925
2026-05-07 01:15:00,4697.23,4698.65,4696.4,4698.19,1844,17,0,1844
2026-05-07 01:18:00,4698.18,4699.68,4698.01,4699.1,1863,17,0,1863
2026-05-07 01:21:00,4699.11,4699.87,4697.57,4697.75,1842,17,0,1842
2026-05-07 01:24:00,4697.75,4698.62,4695.56,4696.35,1895,17,0,1895
2026-05-07 01:27:00,4696.36,4696.99,4693.41,4695.52,1844,17,0,1844
2026-05-07 01:30:00,4695.5,4698.3,4694.44,4697.87,1826,17,0,1826
2026-05-07 01:33:00,4697.86,4698.21,4697.09,4697.42,1810,17,0,1810
2026-05-07 01:36:00,4697.42,4699.57,4696.49,4698.28,1861,17,0,1861
2026-05-07 01:39:00,4698.3,4698.3,4696.62,4696.96,1825,17,0,1825
2026-05-07 01:42:00,4696.96,4699.65,4696.53,4698.72,1884,17,0,1884
2026-05-07 01:45:00,4698.69,4698.74,4695.84,4696.67,1830,17,0,1830
2026-05-07 01:48:00,4696.67,4698.12,4696.15,4697.4,1812,17,0,1812
2026-05-07 01:51:00,4697.4,4698.42,4695.79,4696.22,1854,17,0,1854
2026-05-07 01:54:00,4696.22,4697.01,4694.37,4694.68,1828,17,0,1828
2026-05-07 01:57:00,4694.67,4696.38,4694.66,4694.87,1853,17,0,1853
2026-05-07 02:00:00,4694.87,4695.43,4694.11,4695.19,1856,16,0,1856
2026-05-07 02:03:00,4695.18,4696.99,4695.03,4696.97,1833,16,0,1833
2026-05-07 02:06:00,4696.95,4698.51,4696.58,4696.95,1804,16,0,1804
2026-05-07 02:09:00,4696.95,4697.83,4694.95,4694.97,1819,15,0,1819
2026-05-07 02:12:00,4695.0,4695.0,4693.98,4694.37,1796,14,0,1796
2026-05-07 02:15:00,4694.34,4695.71,4693.87,4695.43,1854,15,0,1854
2026-05-07 02:18:00,4695.43,4697.78,4695.38,4696.24,1864,16,0,1864
2026-05-07 02:21:00,4696.21,4696.24,4692.7,4693.39,1855,16,0,1855
2026-05-07 02:24:00,4693.39,4693.93,4692.35,4692.77,1811,13,0,1811
2026-05-07 02:27:00,4692.78,4693.96,4690.2,4693.38,1943,13,0,1943
2026-05-07 02:30:00,4693.38,4693.79,4691.93,4692.4,1874,15,0,1874
2026-05-07 02:33:00,4692.42,4693.56,4691.69,4693.35,1765,13,0,1765
2026-05-07 02:36:00,4693.33,4694.33,4693.24,4693.76,1733,13,0,1733
2026-05-07 02:39:00,4693.76,4694.08,4692.77,4693.41,1764,13,0,1764
2026-05-07 02:42:00,4693.4,4693.71,4693.06,4693.58,1760,13,0,1760
2026-05-07 02:45:00,4693.6,4699.55,4693.57,4699.11,1963,15,0,1963
2026-05-07 02:48:00,4699.14,4699.28,4696.08,4697.31,1912,17,0,1912
2026-05-07 02:51:00,4697.31,4697.39,4695.8,4696.23,1891,16,0,1891
2026-05-07 02:54:00,4696.26,4698.47,4696.03,4696.89,1875,15,0,1875
2026-05-07 02:57:00,4696.86,4699.07,4696.64,4698.98,1846,16,0,1846
2026-05-07 03:00:00,4698.96,4700.66,4696.03,4696.08,2197,16,0,2197
2026-05-07 03:03:00,4695.75,4697.95,4692.44,4693.39,2165,17,0,2165
2026-05-07 03:06:00,4693.39,4695.28,4689.97,4691.16,2196,17,0,2196
2026-05-07 03:09:00,4691.19,4699.77,4691.19,4699.53,2346,17,0,2346
2026-05-07 03:12:00,4699.54,4700.85,4697.67,4699.93,2166,17,0,2166
2026-05-07 03:15:00,4699.93,4700.63,4695.39,4695.42,2239,17,0,2239
2026-05-07 03:18:00,4695.44,4698.98,4695.04,4697.63,2147,15,0,2147
2026-05-07 03:21:00,4697.66,4701.18,4696.98,4700.79,2223,14,0,2223
2026-05-07 03:24:00,4700.78,4700.78,4692.41,4694.28,2247,17,0,2247
2026-05-07 03:27:00,4694.26,4694.65,4692.22,4692.47,2115,13,0,2115
2026-05-07 03:30:00,4692.46,4693.08,4688.8,4691.6,2239,14,0,2239
2026-05-07 03:33:00,4691.58,4693.42,4689.63,4692.49,2186,17,0,2186
2026-05-07 03:36:00,4692.51,4692.91,4690.5,4691.85,2032,13,0,2032
2026-05-07 03:39:00,4691.84,4692.82,4689.11,4689.18,2045,13,0,2045
2026-05-07 03:42:00,4689.2,4689.34,4686.01,4688.3,2146,13,0,2146
2026-05-07 03:45:00,4688.31,4689.13,4686.44,4688.65,2093,13,0,2093
2026-05-07 03:48:00,4688.64,4691.21,4688.64,4690.63,1936,13,0,1936
2026-05-07 03:51:00,4690.66,4691.61,4688.26,4688.7,1985,13,0,1985
2026-05-07 03:54:00,4688.67,4688.67,4685.42,4687.01,2202,14,0,2202
2026-05-07 03:57:00,4687.02,4688.95,4686.44,4688.56,2090,15,0,2090
2026-05-07 04:00:00,4688.59,4690.24,4685.2,4689.93,2563,17,0,2563
2026-05-07 04:03:00,4689.92,4694.87,4689.32,4694.84,2279,17,0,2279
2026-05-07 04:06:00,4694.78,4698.73,4691.96,4698.04,2396,17,0,2396
2026-05-07 04:09:00,4698.03,4707.1,4696.45,4707.08,2341,17,0,2341
2026-05-07 04:12:00,4707.08,4711.1,4706.16,4709.7,2360,17,0,2360
2026-05-07 04:15:00,4709.72,4716.45,4707.76,4713.98,2381,17,0,2381
2026-05-07 04:18:00,4714.01,4714.27,4710.39,4711.78,2347,16,0,2347
2026-05-07 04:21:00,4711.81,4712.68,4708.79,4710.26,2337,16,0,2337
2026-05-07 04:24:00,4710.25,4710.92,4704.36,4704.64,2268,15,0,2268
2026-05-07 04:27:00,4704.61,4705.46,4703.55,4704.14,2175,13,0,2175
2026-05-07 04:30:00,4704.14,4707.42,4702.46,4705.04,2343,14,0,2343
2026-05-07 04:33:00,4705.03,4708.25,4702.22,4708.01,2308,15,0,2308
2026-05-07 04:36:00,4708.01,4710.38,4706.32,4709.42,2097,15,0,2097
2026-05-07 04:39:00,4709.38,4717.92,4708.97,4714.74,2304,13,0,2304
2026-05-07 04:42:00,4714.72,4715.12,4711.33,4712.84,2153,13,0,2153
2026-05-07 04:45:00,4712.82,4718.21,4712.67,4717.48,2145,13,0,2145
2026-05-07 04:48:00,4717.46,4720.64,4717.45,4719.11,2117,13,0,2117
2026-05-07 04:51:00,4719.1,4721.21,4718.29,4718.86,2113,13,0,2113
2026-05-07 04:54:00,4718.85,4719.1,4713.39,4713.95,2110,14,0,2110
2026-05-07 04:57:00,4713.96,4716.39,4713.53,4714.73,2116,14,0,2116
2026-05-07 05:00:00,4714.73,4718.45,4714.37,4717.44,2072,13,0,2072
2026-05-07 05:03:00,4717.4,4717.77,4713.93,4715.23,2012,13,0,2012
2026-05-07 05:06:00,4715.21,4716.91,4712.97,4713.41,2010,15,0,2010
2026-05-07 05:09:00,4713.43,4713.91,4707.83,4708.67,2143,13,0,2143
2026-05-07 05:12:00,4708.69,4709.01,4703.53,4704.1,2344,17,0,2344
2026-05-07 05:15:00,4704.1,4707.82,4702.86,4706.79,2121,13,0,2121
2026-05-07 05:18:00,4706.72,4707.24,4705.48,4707.21,1959,13,0,1959
2026-05-07 05:21:00,4707.22,4707.62,4702.05,4703.79,2085,13,0,2085
2026-05-07 05:24:00,4703.8,4705.64,4701.82,4703.75,2056,13,0,2056
2026-05-07 05:27:00,4703.75,4704.28,4701.81,4702.82,2060,13,0,2060
2026-05-07 05:30:00,4702.82,4703.39,4699.95,4700.55,2375,16,0,2375
2026-05-07 05:33:00,4700.56,4702.99,4700.04,4702.25,2155,13,0,2155
2026-05-07 05:36:00,4702.22,4703.94,4700.98,4702.75,2002,13,0,2002
2026-05-07 05:39:00,4702.77,4703.32,4701.15,4703.21,1995,13,0,1995
2026-05-07 05:42:00,4703.19,4705.39,4703.17,4704.15,1904,13,0,1904
2026-05-07 05:45:00,4704.13,4707.78,4704.13,4707.02,1930,15,0,1930
2026-05-07 05:48:00,4707.05,4707.18,4705.73,4706.67,1902,15,0,1902
2026-05-07 05:51:00,4706.66,4707.3,4704.77,4706.41,1951,16,0,1951
2026-05-07 05:54:00,4706.38,4708.95,4705.77,4708.63,2015,17,0,2015
2026-05-07 05:57:00,4708.65,4709.88,4707.29,4707.3,1901,15,0,1901
2026-05-07 06:00:00,4707.3,4707.76,4704.86,4705.91,1962,16,0,1962
2026-05-07 06:03:00,4706.17,4709.83,4705.59,4708.91,1979,17,0,1979
2026-05-07 06:06:00,4708.91,4709.71,4707.74,4707.78,1933,14,0,1933
2026-05-07 06:09:00,4707.8,4709.18,4707.39,4707.71,1891,13,0,1891
2026-05-07 06:12:00,4707.74,4707.74,4704.18,4705.9,1907,14,0,1907
2026-05-07 06:15:00,4705.89,4706.83,4704.99,4705.98,1875,13,0,1875
2026-05-07 06:18:00,4705.99,4708.72,4705.87,4707.36,1892,13,0,1892
2026-05-07 06:21:00,4707.36,4707.59,4705.2,4705.36,1915,15,0,1915
2026-05-07 06:24:00,4705.36,4706.74,4704.28,4704.88,1896,16,0,1896
2026-05-07 06:27:00,4704.86,4707.11,4704.37,4704.4,1892,16,0,1892
2026-05-07 06:30:00,4704.37,4704.96,4702.23,4702.93,1900,14,0,1900
2026-05-07 06:33:00,4702.92,4704.82,4702.92,4703.42,1897,13,0,1897
2026-05-07 06:36:00,4703.42,4704.26,4702.57,4704.12,1888,13,0,1888
2026-05-07 06:39:00,4704.14,4704.93,4703.6,4704.14,1851,13,0,1851
2026-05-07 06:42:00,4704.14,4704.24,4702.53,4703.94,1780,13,0,1780
2026-05-07 06:45:00,4703.95,4703.96,4701.68,4702.64,1872,13,0,1872
2026-05-07 06:48:00,4702.62,4704.84,4702.61,4703.2,1907,13,0,1907
2026-05-07 06:51:00,4703.2,4703.84,4702.34,4703.82,1844,13,0,1844
2026-05-07 06:54:00,4703.82,4704.41,4701.56,4701.65,1871,13,0,1871
2026-05-07 06:57:00,4701.65,4702.04,4698.97,4699.11,1884,15,0,1884
2026-05-07 07:00:00,4699.12,4700.79,4697.12,4699.13,2060,17,0,2060
2026-05-07 07:03:00,4699.13,4700.12,4697.4,4700.0,1916,17,0,1916
2026-05-07 07:06:00,4700.01,4700.9,4698.91,4699.95,1941,17,0,1941
2026-05-07 07:09:00,4699.92,4700.48,4697.54,4697.55,1887,13,0,1887
2026-05-07 07:12:00,4697.56,4698.01,4696.63,4696.68,1933,15,0,1933
2026-05-07 07:15:00,4696.68,4697.15,4695.07,4697.0,1965,15,0,1965
2026-05-07 07:18:00,4697.03,4697.22,4695.42,4696.82,1890,14,0,1890
2026-05-07 07:21:00,4696.85,4698.25,4696.05,4697.08,1865,15,0,1865
2026-05-07 07:24:00,4697.09,4698.52,4695.66,4696.3,1917,14,0,1917
2026-05-07 07:27:00,4696.3,4698.0,4696.1,4696.96,1915,13,0,1915
2026-05-07 07:30:00,4696.92,4697.45,4695.38,4695.48,1877,13,0,1877
2026-05-07 07:33:00,4695.49,4695.53,4692.28,4693.14,1869,13,0,1869
2026-05-07 07:36:00,4693.13,4695.42,4692.51,4695.01,1879,14,0,1879
2026-05-07 07:39:00,4694.99,4698.75,4694.55,4698.38,1901,13,0,1901
2026-05-07 07:42:00,4698.43,4699.19,4697.8,4697.95,1779,13,0,1779
2026-05-07 07:45:00,4697.96,4698.89,4696.24,4696.41,1890,13,0,1890
2026-05-07 07:48:00,4696.39,4696.82,4694.08,4695.78,1977,17,0,1977
2026-05-07 07:51:00,4695.76,4696.51,4694.72,4695.33,1869,17,0,1869
2026-05-07 07:54:00,4695.31,4696.24,4694.36,4694.93,1792,13,0,1792
2026-05-07 07:57:00,4694.91,4697.56,4694.88,4696.38,1905,13,0,1905
2026-05-07 08:00:00,4696.39,4701.18,4696.27,4700.31,2007,13,0,2007
2026-05-07 08:03:00,4700.32,4701.09,4698.81,4699.23,1830,13,0,1830
2026-05-07 08:06:00,4699.2,4699.65,4698.21,4699.16,1841,13,0,1841
2026-05-07 08:09:00,4699.19,4700.69,4698.76,4699.79,1811,13,0,1811
2026-05-07 08:12:00,4699.79,4700.82,4699.74,4700.43,1856,13,0,1856
2026-05-07 08:15:00,4700.42,4700.64,4699.01,4699.14,1819,14,0,1819
2026-05-07 08:18:00,4699.12,4699.15,4694.67,4695.12,1901,14,0,1901
2026-05-07 08:21:00,4695.16,4697.25,4695.08,4696.94,1933,17,0,1933
2026-05-07 08:24:00,4696.99,4697.68,4694.74,4694.96,1888,14,0,1888
2026-05-07 08:27:00,4694.96,4696.59,4694.73,4695.91,1850,13,0,1850
2026-05-07 08:30:00,4695.92,4704.97,4694.77,4704.82,2191,15,0,2191
2026-05-07 08:33:00,4704.83,4705.78,4702.49,4705.26,2103,17,0,2103
2026-05-07 08:36:00,4705.25,4705.5,4703.78,4704.76,2009,14,0,2009
2026-05-07 08:39:00,4704.78,4705.95,4703.13,4704.33,1954,14,0,1954
2026-05-07 08:42:00,4704.33,4705.68,4703.38,4703.52,1923,15,0,1923
2026-05-07 08:45:00,4703.52,4704.29,4702.34,4704.11,1914,14,0,1914
2026-05-07 08:48:00,4704.13,4705.13,4702.65,4704.65,1976,16,0,1976
2026-05-07 08:51:00,4704.69,4706.52,4703.56,4705.4,1955,15,0,1955
2026-05-07 08:54:00,4705.39,4705.4,4703.2,4704.1,2028,13,0,2028
2026-05-07 08:57:00,4704.12,4704.13,4700.72,4701.04,2075,17,0,2075
2026-05-07 09:00:00,4701.04,4707.5,4701.01,4706.8,2105,14,0,2105
2026-05-07 09:03:00,4706.8,4706.98,4705.14,4705.62,2254,10,0,2254
2026-05-07 09:06:00,4705.6,4707.62,4704.81,4707.51,1999,10,0,1999
2026-05-07 09:09:00,4707.48,4709.34,4706.63,4708.58,2041,10,0,2041
2026-05-07 09:12:00,4708.56,4710.3,4707.54,4708.03,2168,10,0,2168
2026-05-07 09:15:00,4708.04,4710.92,4707.18,4709.81,2196,10,0,2196
2026-05-07 09:18:00,4709.82,4713.68,4708.46,4713.68,2513,10,0,2513
2026-05-07 09:21:00,4713.65,4714.0,4712.04,4713.0,2230,14,0,2230
2026-05-07 09:24:00,4713.01,4714.74,4711.53,4712.84,2305,10,0,2305
2026-05-07 09:27:00,4712.85,4717.83,4712.64,4717.38,2165,12,0,2165
2026-05-07 09:30:00,4717.38,4732.53,4716.07,4729.57,2704,11,0,2704
2026-05-07 09:33:00,4729.59,4738.21,4729.25,4737.22,2585,15,0,2585
2026-05-07 09:36:00,4737.2,4739.64,4734.03,4739.15,2450,13,0,2450
2026-05-07 09:39:00,4739.16,4747.7,4737.27,4740.77,2587,13,0,2587
2026-05-07 09:42:00,4740.81,4750.17,4740.03,4745.92,2646,13,0,2646
2026-05-07 09:45:00,4745.92,4747.05,4739.46,4741.38,2319,12,0,2319
2026-05-07 09:48:00,4741.39,4741.92,4737.96,4739.03,2191,11,0,2191
2026-05-07 09:51:00,4739.03,4739.73,4737.39,4737.87,2173,10,0,2173
2026-05-07 09:54:00,4737.9,4737.96,4735.85,4737.36,2059,10,0,2059
2026-05-07 09:57:00,4737.37,4739.68,4737.12,4739.16,2125,11,0,2125
2026-05-07 10:00:00,4739.16,4741.3,4736.44,4736.84,2385,14,0,2385
2026-05-07 10:03:00,4736.85,4737.01,4731.7,4735.87,2310,13,0,2310
2026-05-07 10:06:00,4735.88,4745.95,4733.1,4744.08,2730,13,0,2730
2026-05-07 10:09:00,4744.08,4749.5,4742.52,4749.11,2733,14,0,2733
2026-05-07 10:12:00,4749.11,4750.41,4746.71,4749.24,2723,12,0,2723
2026-05-07 10:15:00,4749.29,4750.68,4743.81,4746.49,2757,12,0,2757
2026-05-07 10:18:00,4746.48,4748.64,4742.09,4742.72,2630,11,0,2630
2026-05-07 10:21:00,4742.73,4743.82,4740.59,4740.74,2422,10,0,2422
2026-05-07 10:24:00,4740.73,4742.27,4739.15,4740.46,2290,10,0,2290
2026-05-07 10:27:00,4740.46,4741.63,4737.81,4739.45,2265,10,0,2265
2026-05-07 10:30:00,4739.43,4741.3,4738.22,4740.86,2298,10,0,2298
2026-05-07 10:33:00,4740.88,4742.99,4740.1,4741.69,2226,10,0,2226
2026-05-07 10:36:00,4741.69,4742.88,4739.26,4741.21,2246,11,0,2246
2026-05-07 10:39:00,4741.22,4743.03,4739.61,4740.85,2176,12,0,2176
2026-05-07 10:42:00,4740.85,4744.09,4740.1,4742.98,2109,11,0,2109
2026-05-07 10:45:00,4743.0,4743.57,4740.57,4740.67,2182,11,0,2182
2026-05-07 10:48:00,4740.64,4741.9,4737.11,4741.84,2184,12,0,2184
2026-05-07 10:51:00,4741.81,4743.83,4739.47,4740.27,2205,10,0,2205
2026-05-07 10:54:00,4740.29,4741.93,4739.05,4741.86,2113,10,0,2113
2026-05-07 10:57:00,4741.87,4744.53,4741.18,4743.12,2120,10,0,2120
2026-05-07 11:00:00,4743.12,4751.48,4742.39,4748.22,2545,13,0,2545
2026-05-07 11:03:00,4748.22,4751.5,4747.39,4750.84,2435,13,0,2435
2026-05-07 11:06:00,4750.88,4753.5,4746.15,4746.28,2378,11,0,2378
2026-05-07 11:09:00,4746.29,4748.59,4745.01,4745.18,2312,12,0,2312
2026-05-07 11:12:00,4745.19,4746.84,4742.52,4742.64,2233,11,0,2233
2026-05-07 11:15:00,4742.65,4743.05,4738.44,4739.05,2415,10,0,2415
2026-05-07 11:18:00,4739.05,4740.05,4735.43,4737.59,2372,11,0,2372
2026-05-07 11:21:00,4737.56,4738.48,4735.72,4738.28,2222,10,0,2222
2026-05-07 11:24:00,4738.28,4740.28,4733.78,4737.95,2437,11,0,2437
2026-05-07 11:27:00,4737.94,4742.26,4737.27,4740.16,2204,10,0,2204
2026-05-07 11:30:00,4740.22,4741.9,4738.5,4739.9,2241,10,0,2241
2026-05-07 11:33:00,4739.86,4741.04,4736.53,4738.58,2097,10,0,2097
2026-05-07 11:36:00,4738.58,4738.59,4733.91,4735.54,2095,10,0,2095
2026-05-07 11:39:00,4735.51,4738.64,4734.63,4735.46,2024,10,0,2024
2026-05-07 11:42:00,4735.45,4737.33,4735.04,4735.25,1915,10,0,1915
2026-05-07 11:45:00,4735.26,4736.0,4734.39,4734.9,1954,11,0,1954
2026-05-07 11:48:00,4734.91,4736.21,4733.34,4734.31,2166,13,0,2166
2026-05-07 11:51:00,4734.28,4737.16,4732.39,4736.32,2136,13,0,2136
2026-05-07 11:54:00,4736.35,4737.01,4733.17,4734.33,2005,11,0,2005
2026-05-07 11:57:00,4734.32,4734.4,4730.93,4731.04,2141,11,0,2141
2026-05-07 12:00:00,4731.04,4731.26,4725.15,4725.65,2330,15,0,2330
2026-05-07 12:03:00,4725.64,4727.6,4721.73,4726.71,2159,11,0,2159
2026-05-07 12:06:00,4726.72,4732.26,4726.46,4731.73,2172,10,0,2172
2026-05-07 12:09:00,4731.76,4736.27,4731.31,4734.18,2156,10,0,2156
2026-05-07 12:12:00,4734.18,4735.41,4732.41,4734.11,2123,10,0,2123
2026-05-07 12:15:00,4734.11,4737.31,4731.57,4736.4,2150,10,0,2150
2026-05-07 12:18:00,4736.41,4737.06,4734.28,4734.99,2090,10,0,2090
2026-05-07 12:21:00,4735.01,4737.54,4733.83,4736.54,2005,10,0,2005
2026-05-07 12:24:00,4736.57,4738.66,4735.92,4737.13,2116,10,0,2116
2026-05-07 12:27:00,4737.14,4737.18,4734.13,4735.62,1999,10,0,1999
2026-05-07 12:30:00,4735.64,4736.23,4733.11,4735.43,2199,13,0,2199
2026-05-07 12:33:00,4735.41,4737.12,4733.34,4736.49,2149,12,0,2149
2026-05-07 12:36:00,4736.47,4737.22,4733.74,4735.7,2190,10,0,2190
2026-05-07 12:39:00,4735.69,4738.27,4735.05,4737.5,2084,10,0,2084
2026-05-07 12:42:00,4737.49,4739.51,4736.83,4737.78,1952,10,0,1952
2026-05-07 12:45:00,4737.79,4739.08,4737.5,4737.6,2036,10,0,2036
2026-05-07 12:48:00,4737.62,4737.76,4734.4,4734.83,2000,10,0,2000
2026-05-07 12:51:00,4734.88,4736.4,4733.0,4734.05,2169,13,0,2169
2026-05-07 12:54:00,4734.0,4735.02,4730.05,4730.42,2114,12,0,2114
2026-05-07 12:57:00,4730.43,4731.29,4725.87,4729.09,2255,15,0,2255
2026-05-07 13:00:00,4729.07,4731.82,4726.54,4731.34,2314,11,0,2314
2026-05-07 13:03:00,4731.35,4731.36,4727.29,4730.18,2087,11,0,2087
2026-05-07 13:06:00,4730.19,4733.27,4728.42,4732.79,2105,12,0,2105
2026-05-07 13:09:00,4732.78,4734.4,4732.45,4734.07,2196,10,0,2196
2026-05-07 13:12:00,4734.08,4735.03,4733.46,4734.89,2036,10,0,2036
2026-05-07 13:15:00,4734.92,4736.28,4733.77,4733.83,2019,10,0,2019
2026-05-07 13:18:00,4733.84,4734.8,4730.09,4730.23,2050,10,0,2050
2026-05-07 13:21:00,4730.24,4733.72,4728.55,4732.32,2040,12,0,2040
2026-05-07 13:24:00,4732.31,4734.36,4731.45,4732.9,2014,11,0,2014
2026-05-07 13:27:00,4732.9,4733.09,4731.59,4732.54,2043,10,0,2043
2026-05-07 13:30:00,4732.53,4732.54,4727.91,4730.96,2035,10,0,2035
2026-05-07 13:33:00,4730.93,4731.34,4729.16,4731.13,2010,10,0,2010
2026-05-07 13:36:00,4731.14,4737.83,4730.47,4737.56,2052,10,0,2052
2026-05-07 13:39:00,4737.55,4738.5,4736.18,4737.54,2122,10,0,2122
2026-05-07 13:42:00,4737.52,4739.89,4736.51,4739.09,1967,10,0,1967
2026-05-07 13:45:00,4739.14,4739.88,4736.13,4737.45,2019,10,0,2019
2026-05-07 13:48:00,4737.44,4737.72,4735.41,4736.75,2037,10,0,2037
2026-05-07 13:51:00,4736.74,4737.58,4735.48,4736.31,1940,10,0,1940
2026-05-07 13:54:00,4736.3,4738.0,4735.22,4737.53,1991,12,0,1991
2026-05-07 13:57:00,4737.54,4737.94,4735.57,4735.73,1914,10,0,1914
2026-05-07 14:00:00,4735.72,4737.22,4735.05,4736.78,2167,14,0,2167
2026-05-07 14:03:00,4736.77,4736.79,4733.51,4734.17,2016,14,0,2016
2026-05-07 14:06:00,4734.16,4734.61,4732.79,4734.35,1949,14,0,1949
2026-05-07 14:09:00,4734.34,4734.77,4732.37,4733.02,1983,12,0,1983
2026-05-07 14:12:00,4733.01,4733.13,4728.42,4730.25,2045,12,0,2045
2026-05-07 14:15:00,4730.23,4730.81,4727.3,4728.39,2072,15,0,2072
2026-05-07 14:18:00,4728.37,4731.29,4728.01,4729.9,2082,11,0,2082
2026-05-07 14:21:00,4729.91,4732.26,4728.87,4732.25,2140,10,0,2140
2026-05-07 14:24:00,4732.24,4736.61,4732.24,4736.13,2205,10,0,2205
2026-05-07 14:27:00,4736.12,4736.16,4730.81,4732.78,2071,13,0,2071
2026-05-07 14:30:00,4732.77,4735.19,4731.91,4734.09,2332,10,0,2332
2026-05-07 14:33:00,4734.09,4737.11,4733.59,4735.08,2310,10,0,2310
2026-05-07 14:36:00,4735.04,4737.22,4733.03,4735.71,2266,15,0,2266
2026-05-07 14:39:00,4735.71,4737.03,4734.43,4735.48,2032,12,0,2032
2026-05-07 14:42:00,4735.47,4738.2,4734.65,4736.9,2372,10,0,2372
2026-05-07 14:45:00,4736.91,4738.72,4735.34,4738.36,2071,10,0,2071
2026-05-07 14:48:00,4738.38,4739.69,4734.04,4734.41,2150,11,0,2150
2026-05-07 14:51:00,4734.39,4738.9,4734.37,4738.82,2177,15,0,2177
2026-05-07 14:54:00,4738.8,4742.03,4738.12,4742.03,2326,10,0,2326
2026-05-07 14:57:00,4742.02,4743.68,4741.7,4742.77,2238,12,0,2238
2026-05-07 15:00:00,4742.78,4745.89,4739.57,4740.58,2210,15,0,2210
2026-05-07 15:03:00,4740.59,4742.65,4739.76,4742.31,2233,14,0,2233
2026-05-07 15:06:00,4742.28,4744.23,4740.21,4741.01,2241,14,0,2241
2026-05-07 15:09:00,4741.02,4745.56,4739.76,4744.92,2265,14,0,2265
2026-05-07 15:12:00,4744.92,4746.23,4743.47,4744.18,2346,10,0,2346
2026-05-07 15:15:00,4744.18,4747.16,4742.99,4745.17,2311,10,0,2311
2026-05-07 15:18:00,4745.14,4745.16,4741.18,4743.21,2303,10,0,2303
2026-05-07 15:21:00,4743.2,4743.46,4734.24,4736.11,2549,15,0,2549
2026-05-07 15:24:00,4736.08,4738.99,4733.28,4738.77,2491,15,0,2491
2026-05-07 15:27:00,4738.77,4739.2,4736.53,4738.44,2130,12,0,2130
2026-05-07 15:30:00,4738.44,4749.47,4737.29,4746.69,2523,12,0,2523
2026-05-07 15:33:00,4746.69,4748.56,4744.66,4745.05,2207,15,0,2207
2026-05-07 15:36:00,4745.06,4749.68,4743.9,4748.31,2254,14,0,2254
2026-05-07 15:39:00,4748.31,4751.6,4745.61,4751.39,2245,14,0,2245
2026-05-07 15:42:00,4751.38,4751.78,4748.99,4751.27,2115,10,0,2115
2026-05-07 15:45:00,4751.29,4752.56,4748.03,4749.48,2297,10,0,2297
2026-05-07 15:48:00,4749.46,4752.76,4748.27,4748.42,2174,10,0,2174
2026-05-07 15:51:00,4748.42,4750.43,4748.02,4749.3,2155,11,0,2155
2026-05-07 15:54:00,4749.28,4749.46,4745.45,4745.87,2115,10,0,2115
2026-05-07 15:57:00,4745.9,4750.12,4745.0,4750.12,2208,10,0,2208
2026-05-07 16:00:00,4750.13,4750.34,4739.78,4743.22,2748,13,0,2748
2026-05-07 16:03:00,4743.15,4743.27,4736.61,4739.44,2490,15,0,2490
2026-05-07 16:06:00,4739.47,4741.69,4738.49,4740.59,2462,15,0,2462
2026-05-07 16:09:00,4740.59,4741.36,4735.78,4735.85,2456,15,0,2456
2026-05-07 16:12:00,4735.86,4737.45,4731.31,4733.5,2365,14,0,2365
2026-05-07 16:15:00,4733.49,4739.97,4731.39,4738.96,2319,11,0,2319
2026-05-07 16:18:00,4738.99,4741.01,4738.42,4740.07,2228,10,0,2228
2026-05-07 16:21:00,4740.09,4744.34,4738.31,4743.02,2215,10,0,2215
2026-05-07 16:24:00,4743.02,4744.8,4742.39,4743.45,2200,10,0,2200
2026-05-07 16:27:00,4743.45,4746.66,4743.09,4745.34,2233,10,0,2233
2026-05-07 16:30:00,4745.26,4754.99,4743.41,4753.38,2880,14,0,2880
2026-05-07 16:33:00,4753.41,4758.21,4751.37,4752.62,2771,14,0,2771
2026-05-07 16:36:00,4752.65,4754.78,4751.08,4754.31,2735,14,0,2735
2026-05-07 16:39:00,4754.3,4754.72,4748.89,4749.62,2576,14,0,2576
2026-05-07 16:42:00,4749.68,4752.83,4747.98,4748.53,2641,13,0,2641
2026-05-07 16:45:00,4748.51,4749.47,4739.37,4742.14,3068,14,0,3068
2026-05-07 16:48:00,4742.13,4745.07,4739.82,4744.13,2879,14,0,2879
2026-05-07 16:51:00,4744.15,4744.64,4737.41,4742.67,2748,13,0,2748
2026-05-07 16:54:00,4742.66,4746.88,4742.27,4744.19,2643,10,0,2643
2026-05-07 16:57:00,4744.31,4748.84,4744.16,4746.42,2558,9,0,2558
2026-05-07 17:00:00,4746.42,4749.68,4742.8,4743.85,2571,10,0,2571
2026-05-07 17:03:00,4743.86,4747.33,4742.54,4747.09,2535,11,0,2535
2026-05-07 17:06:00,4747.08,4747.94,4745.09,4746.06,2596,9,0,2596
2026-05-07 17:09:00,4746.04,4748.67,4744.88,4747.16,2458,9,0,2458
2026-05-07 17:12:00,4747.17,4753.94,4747.0,4751.9,2513,10,0,2513
2026-05-07 17:15:00,4751.92,4753.94,4741.04,4751.04,2928,14,0,2928
2026-05-07 17:18:00,4751.05,4755.65,4748.53,4754.79,2473,12,0,2473
2026-05-07 17:21:00,4754.8,4757.14,4752.23,4755.27,2527,13,0,2527
2026-05-07 17:24:00,4755.3,4759.51,4754.78,4757.96,2497,11,0,2497
2026-05-07 17:27:00,4757.96,4758.87,4756.03,4756.69,2377,10,0,2377
2026-05-07 17:30:00,4756.67,4758.93,4753.24,4753.89,2565,12,0,2565
2026-05-07 17:33:00,4753.85,4754.54,4747.64,4748.45,2527,13,0,2527
2026-05-07 17:36:00,4748.47,4753.58,4748.35,4751.15,2388,12,0,2388
2026-05-07 17:39:00,4750.89,4755.03,4750.7,4751.88,2331,10,0,2331
2026-05-07 17:42:00,4751.9,4756.97,4750.35,4751.94,2437,11,0,2437
2026-05-07 17:45:00,4751.96,4758.35,4751.21,4757.65,2613,9,0,2613
2026-05-07 17:48:00,4757.63,4760.42,4755.03,4758.74,2579,9,0,2579
2026-05-07 17:51:00,4758.75,4761.02,4756.41,4760.31,2423,12,0,2423
2026-05-07 17:54:00,4760.31,4761.89,4760.25,4760.61,2525,9,0,2525
2026-05-07 17:57:00,4760.58,4763.42,4760.32,4762.8,2149,9,0,2149
2026-05-07 18:00:00,4762.78,4764.81,4758.78,4759.2,2249,12,0,2249
2026-05-07 18:03:00,4759.18,4760.26,4758.0,4758.05,2275,13,0,2275
2026-05-07 18:06:00,4758.06,4759.81,4756.06,4758.44,2408,14,0,2408
2026-05-07 18:09:00,4758.45,4761.17,4758.43,4760.52,2242,12,0,2242
2026-05-07 18:12:00,4760.47,4760.47,4754.64,4754.76,2409,13,0,2409
2026-05-07 18:15:00,4754.84,4756.29,4753.29,4755.81,2341,14,0,2341
2026-05-07 18:18:00,4755.8,4756.33,4752.95,4752.95,2337,10,0,2337
2026-05-07 18:21:00,4752.94,4753.7,4749.78,4753.13,2462,13,0,2462
2026-05-07 18:24:00,4753.14,4754.17,4736.93,4740.76,3139,14,0,3139
2026-05-07 18:27:00,4740.73,4743.14,4736.4,4740.17,3278,14,0,3278
2026-05-07 18:30:00,4740.15,4745.87,4739.59,4744.09,2701,14,0,2701
2026-05-07 18:33:00,4744.11,4747.18,4743.68,4745.5,2379,13,0,2379
2026-05-07 18:36:00,4745.51,4746.73,4742.04,4742.04,2337,12,0,2337
2026-05-07 18:39:00,4742.03,4743.79,4740.31,4743.12,2393,14,0,2393
2026-05-07 18:42:00,4743.14,4743.72,4738.99,4738.99,2269,13,0,2269
2026-05-07 18:45:00,4739.02,4739.81,4735.24,4735.25,2593,13,0,2593
2026-05-07 18:48:00,4735.26,4737.61,4733.48,4734.98,2679,14,0,2679
2026-05-07 18:51:00,4734.99,4737.18,4728.93,4731.48,2895,14,0,2895
2026-05-07 18:54:00,4731.5,4733.73,4727.67,4729.56,2464,13,0,2464
2026-05-07 18:57:00,4729.57,4731.73,4726.38,4729.24,2703,14,0,2703
2026-05-07 19:00:00,4729.23,4729.75,4723.58,4729.63,2779,14,0,2779
2026-05-07 19:03:00,4729.71,4729.79,4722.45,4723.84,2825,14,0,2825
2026-05-07 19:06:00,4723.86,4724.47,4719.19,4720.73,2730,14,0,2730
2026-05-07 19:09:00,4720.74,4721.44,4713.51,4716.26,2881,14,0,2881
2026-05-07 19:12:00,4716.33,4716.87,4713.5,4715.28,2813,12,0,2813
2026-05-07 19:15:00,4715.31,4715.31,4710.74,4712.08,3162,13,0,3162
2026-05-07 19:18:00,4712.08,4712.99,4704.32,4712.98,3238,14,0,3238
2026-05-07 19:21:00,4713.0,4717.22,4710.84,4717.18,2903,9,0,2903
2026-05-07 19:24:00,4717.16,4721.77,4714.45,4721.67,2725,9,0,2725
2026-05-07 19:27:00,4721.64,4722.99,4719.81,4720.1,2482,9,0,2482
2026-05-07 19:30:00,4720.11,4720.82,4714.37,4719.82,2520,11,0,2520
2026-05-07 19:33:00,4719.83,4720.03,4717.14,4718.48,2345,12,0,2345
2026-05-07 19:36:00,4718.47,4718.49,4711.64,4713.46,2438,12,0,2438
2026-05-07 19:39:00,4713.49,4714.3,4711.65,4714.19,2387,14,0,2387
2026-05-07 19:42:00,4714.22,4714.65,4710.54,4711.3,2421,14,0,2421
2026-05-07 19:45:00,4711.29,4715.02,4710.59,4714.15,2522,14,0,2522
2026-05-07 19:48:00,4714.13,4715.88,4713.44,4714.99,2353,12,0,2353
2026-05-07 19:51:00,4714.99,4715.88,4710.66,4715.77,2485,14,0,2485
2026-05-07 19:54:00,4715.74,4718.18,4714.05,4714.45,2290,13,0,2290
2026-05-07 19:57:00,4714.46,4715.62,4712.17,4715.07,2310,12,0,2310
2026-05-07 20:00:00,4715.05,4716.15,4712.44,4714.54,2357,12,0,2357
2026-05-07 20:03:00,4714.57,4718.0,4714.4,4715.64,2295,13,0,2295
2026-05-07 20:06:00,4715.64,4719.45,4715.07,4719.13,2236,12,0,2236
2026-05-07 20:09:00,4719.14,4719.55,4714.35,4715.51,2512,9,0,2512
2026-05-07 20:12:00,4715.48,4715.99,4711.8,4714.59,2301,14,0,2301
2026-05-07 20:15:00,4714.57,4715.88,4713.13,4714.61,2607,9,0,2607
2026-05-07 20:18:00,4714.65,4714.75,4705.59,4706.09,2644,9,0,2644
2026-05-07 20:21:00,4706.09,4713.95,4705.97,4713.91,2674,14,0,2674
2026-05-07 20:24:00,4713.92,4719.27,4696.48,4697.05,3364,14,0,3364
2026-05-07 20:27:00,4697.08,4704.32,4687.77,4699.21,3856,14,0,3856
2026-05-07 20:30:00,4699.17,4703.55,4693.77,4701.52,3330,14,0,3330
2026-05-07 20:33:00,4701.54,4701.66,4693.51,4698.75,3152,14,0,3152
2026-05-07 20:36:00,4698.59,4704.21,4695.86,4701.52,3238,14,0,3238
2026-05-07 20:39:00,4701.53,4705.46,4701.42,4703.84,2837,13,0,2837
2026-05-07 20:42:00,4703.84,4706.14,4698.31,4699.64,2710,13,0,2710
2026-05-07 20:45:00,4699.65,4703.65,4698.26,4702.0,2727,13,0,2727
2026-05-07 20:48:00,4701.98,4702.25,4697.93,4700.89,2551,14,0,2551
2026-05-07 20:51:00,4700.94,4701.68,4698.97,4701.48,2642,14,0,2642
2026-05-07 20:54:00,4701.49,4711.58,4701.31,4706.93,2715,14,0,2715
2026-05-07 20:57:00,4706.91,4712.19,4706.71,4711.56,2831,14,0,2831
2026-05-07 21:00:00,4711.57,4712.59,4707.9,4709.59,2618,13,0,2618
2026-05-07 21:03:00,4709.62,4710.21,4706.78,4709.98,2384,12,0,2384
2026-05-07 21:06:00,4709.95,4711.99,4709.31,4711.7,2233,10,0,2233
2026-05-07 21:09:00,4711.72,4711.96,4705.23,4708.03,2513,12,0,2513
2026-05-07 21:12:00,4708.13,4709.94,4707.47,4708.05,2264,14,0,2264
2026-05-07 21:15:00,4708.05,4709.82,4706.75,4708.5,2249,14,0,2249
2026-05-07 21:18:00,4708.5,4710.63,4708.22,4710.58,2211,14,0,2211
2026-05-07 21:21:00,4710.54,4710.93,4707.21,4707.69,2400,14,0,2400
2026-05-07 21:24:00,4707.39,4708.65,4705.54,4708.33,2364,14,0,2364
2026-05-07 21:27:00,4708.33,4713.07,4707.17,4712.9,2243,14,0,2243
2026-05-07 21:30:00,4712.88,4713.63,4711.79,4712.55,2196,14,0,2196
2026-05-07 21:33:00,4712.53,4716.11,4712.2,4714.55,2181,14,0,2181
2026-05-07 21:36:00,4714.53,4715.77,4707.43,4710.76,2439,14,0,2439
2026-05-07 21:39:00,4710.76,4713.43,4709.66,4710.67,2390,14,0,2390
2026-05-07 21:42:00,4710.69,4714.79,4703.19,4706.18,2636,14,0,2636
2026-05-07 21:45:00,4706.14,4709.13,4698.47,4706.75,2870,14,0,2870
2026-05-07 21:48:00,4706.75,4707.09,4695.4,4697.44,2701,14,0,2701
2026-05-07 21:51:00,4697.42,4704.78,4696.69,4702.87,2565,14,0,2565
2026-05-07 21:54:00,4702.85,4709.01,4701.85,4708.54,2701,14,0,2701
2026-05-07 21:57:00,4708.54,4711.47,4707.42,4709.71,2490,12,0,2490
2026-05-07 22:00:00,4709.72,4712.98,4706.08,4706.26,2462,12,0,2462
2026-05-07 22:03:00,4706.29,4708.29,4705.15,4708.2,2387,10,0,2387
2026-05-07 22:06:00,4708.19,4711.6,4707.17,4709.47,2548,12,0,2548
2026-05-07 22:09:00,4709.46,4711.18,4708.49,4709.96,2243,13,0,2243
2026-05-07 22:12:00,4709.96,4711.57,4709.13,4710.1,2134,13,0,2134
2026-05-07 22:15:00,4710.11,4710.85,4704.6,4705.02,2287,14,0,2287
2026-05-07 22:18:00,4705.07,4705.52,4699.83,4703.16,2727,14,0,2727
2026-05-07 22:21:00,4703.16,4705.41,4699.72,4701.68,2557,14,0,2557
2026-05-07 22:24:00,4701.7,4702.91,4697.77,4702.47,2729,13,0,2729
2026-05-07 22:27:00,4702.49,4706.43,4701.46,4705.1,2412,10,0,2412
2026-05-07 22:30:00,4705.13,4706.48,4703.66,4705.63,2372,9,0,2372
2026-05-07 22:33:00,4705.63,4708.49,4705.63,4707.52,2179,9,0,2179
2026-05-07 22:36:00,4707.53,4711.12,4707.09,4710.95,2174,11,0,2174
2026-05-07 22:39:00,4710.95,4712.09,4708.2,4708.24,2179,12,0,2179
2026-05-07 22:42:00,4708.23,4711.06,4708.2,4709.69,2102,14,0,2102
2026-05-07 22:45:00,4709.69,4709.95,4706.55,4706.59,2081,14,0,2081
2026-05-07 22:48:00,4706.58,4710.14,4705.29,4709.04,2280,14,0,2280
2026-05-07 22:51:00,4709.05,4710.95,4704.27,4705.6,2686,14,0,2686
2026-05-07 22:54:00,4705.61,4707.89,4704.6,4707.34,2547,13,0,2547
2026-05-07 22:57:00,4707.34,4709.05,4702.81,4702.96,2534,13,0,2534
2026-05-07 23:00:00,4703.06,4718.4,4703.03,4717.56,2604,14,0,2604
2026-05-07 23:03:00,4717.56,4719.25,4713.56,4715.51,2554,14,0,2554
2026-05-07 23:06:00,4715.51,4715.52,4712.83,4712.99,2042,10,0,2042
2026-05-07 23:09:00,4713.0,4713.65,4710.86,4712.02,2097,10,0,2097
2026-05-07 23:12:00,4712.03,4712.73,4710.85,4711.56,2007,10,0,2007
2026-05-07 23:15:00,4711.56,4712.06,4709.3,4711.01,2009,13,0,2009
2026-05-07 23:18:00,4711.03,4712.89,4709.87,4712.31,1965,13,0,1965
2026-05-07 23:21:00,4712.3,4713.96,4710.87,4713.35,2051,13,0,2051
2026-05-07 23:24:00,4713.34,4714.28,4712.4,4712.73,1939,13,0,1939
2026-05-07 23:27:00,4712.74,4714.1,4712.36,4712.99,1910,14,0,1910
2026-05-07 23:30:00,4713.01,4715.73,4710.07,4714.05,2004,14,0,2004
2026-05-07 23:33:00,4714.04,4714.95,4712.68,4713.53,1890,12,0,1890
2026-05-07 23:36:00,4713.54,4714.13,4698.96,4703.41,2666,12,0,2666
2026-05-07 23:39:00,4703.41,4704.65,4696.71,4703.14,2508,14,0,2508
2026-05-07 23:42:00,4703.17,4706.62,4701.7,4703.85,2079,22,0,2079
2026-05-07 23:45:00,4703.83,4704.13,4699.26,4701.54,2159,22,0,2159
2026-05-07 23:48:00,4701.52,4702.9,4699.19,4700.63,2120,22,0,2120
2026-05-07 23:51:00,4700.64,4701.72,4696.46,4696.62,2127,22,0,2127
2026-05-07 23:54:00,4696.58,4699.02,4687.31,4688.55,2331,22,0,2331
2026-05-07 23:57:00,4688.57,4690.57,4686.16,4687.17,1699,22,0,1699
2026-05-08 01:00:00,4680.0,4694.0,4677.53,4690.14,4996,16,0,4996
2026-05-08 01:03:00,4690.13,4694.31,4686.13,4687.62,4967,16,0,4967
2026-05-08 01:06:00,4687.65,4693.36,4685.44,4689.87,2643,16,0,2643
2026-05-08 01:09:00,4689.88,4695.8,4687.76,4695.65,2018,15,0,2018
2026-05-08 01:12:00,4695.51,4698.08,4686.87,4691.3,2139,16,0,2139
2026-05-08 01:15:00,4691.27,4697.53,4689.21,4691.38,2269,16,0,2269
2026-05-08 01:18:00,4691.42,4694.49,4690.21,4693.42,2048,15,0,2048
2026-05-08 01:21:00,4693.4,4699.47,4693.1,4697.43,2240,15,0,2240
2026-05-08 01:24:00,4697.43,4697.85,4695.66,4696.7,1899,15,0,1899
2026-05-08 01:27:00,4696.7,4697.13,4692.93,4693.83,1989,14,0,1989
2026-05-08 01:30:00,4693.84,4695.22,4691.15,4693.46,1981,15,0,1981
2026-05-08 01:33:00,4693.46,4693.46,4687.21,4689.1,2156,15,0,2156
2026-05-08 01:36:00,4689.1,4689.42,4686.63,4689.1,1900,15,0,1900
2026-05-08 01:39:00,4689.1,4691.28,4687.63,4688.12,1988,15,0,1988
2026-05-08 01:42:00,4688.13,4688.72,4686.09,4687.01,1904,15,0,1904
2026-05-08 01:45:00,4687.0,4687.7,4682.59,4684.49,1967,15,0,1967
2026-05-08 01:48:00,4684.49,4685.52,4681.76,4683.53,1908,14,0,1908
2026-05-08 01:51:00,4683.51,4688.6,4683.44,4686.4,1933,15,0,1933
2026-05-08 01:54:00,4686.39,4687.07,4684.9,4687.07,1907,15,0,1907
2026-05-08 01:57:00,4687.21,4687.99,4684.7,4685.9,1915,15,0,1915
2026-05-08 02:00:00,4685.92,4689.18,4684.59,4688.95,1920,14,0,1920
2026-05-08 02:03:00,4688.97,4689.75,4687.64,4687.74,1883,14,0,1883
2026-05-08 02:06:00,4687.76,4688.41,4686.64,4687.16,1892,14,0,1892
2026-05-08 02:09:00,4687.17,4693.72,4686.9,4693.38,1948,15,0,1948
2026-05-08 02:12:00,4693.4,4693.41,4690.33,4691.56,1840,13,0,1840
2026-05-08 02:15:00,4691.56,4693.91,4691.56,4693.91,1859,13,0,1859
2026-05-08 02:18:00,4693.88,4696.55,4692.0,4696.06,1822,13,0,1822
2026-05-08 02:21:00,4696.05,4698.08,4695.84,4697.19,1860,14,0,1860
2026-05-08 02:24:00,4697.17,4698.08,4696.0,4696.7,1851,13,0,1851
2026-05-08 02:27:00,4696.69,4698.52,4695.75,4696.4,1902,16,0,1902
2026-05-08 02:30:00,4696.44,4697.46,4695.03,4696.63,1930,13,0,1930
2026-05-08 02:33:00,4696.64,4698.09,4696.57,4697.54,1796,13,0,1796
2026-05-08 02:36:00,4697.51,4698.92,4697.33,4698.38,1827,13,0,1827
2026-05-08 02:39:00,4698.38,4699.07,4697.1,4697.35,1799,13,0,1799
2026-05-08 02:42:00,4697.37,4699.05,4696.78,4697.8,1913,14,0,1913
2026-05-08 02:45:00,4697.8,4700.94,4697.79,4700.75,1931,15,0,1931
2026-05-08 02:48:00,4700.75,4703.53,4699.85,4703.23,1954,16,0,1954
2026-05-08 02:51:00,4703.22,4704.55,4702.36,4704.22,1918,14,0,1918
2026-05-08 02:54:00,4704.23,4704.92,4703.05,4703.55,1883,15,0,1883
2026-05-08 02:57:00,4703.54,4705.54,4703.24,4704.34,1882,13,0,1882
2026-05-08 03:00:00,4704.36,4706.34,4702.15,4703.56,2347,14,0,2347
2026-05-08 03:03:00,4703.57,4704.9,4701.55,4704.7,2064,16,0,2064
2026-05-08 03:06:00,4704.71,4708.13,4704.47,4707.4,2318,16,0,2318
2026-05-08 03:09:00,4707.37,4709.46,4706.87,4707.8,2170,15,0,2170
2026-05-08 03:12:00,4707.81,4707.84,4701.44,4702.68,2078,16,0,2078
2026-05-08 03:15:00,4702.66,4702.77,4697.96,4699.62,2221,16,0,2221
2026-05-08 03:18:00,4699.62,4699.91,4693.96,4696.37,2219,16,0,2219
2026-05-08 03:21:00,4696.33,4704.89,4696.29,4704.12,2153,15,0,2153
2026-05-08 03:24:00,4704.11,4705.69,4702.72,4703.5,2106,14,0,2106
2026-05-08 03:27:00,4703.51,4703.51,4696.43,4697.25,2101,15,0,2101
2026-05-08 03:30:00,4697.24,4703.2,4696.18,4702.28,2195,16,0,2195
2026-05-08 03:33:00,4702.3,4704.35,4700.54,4704.04,2079,13,0,2079
2026-05-08 03:36:00,4704.06,4704.17,4701.37,4703.99,2169,13,0,2169
2026-05-08 03:39:00,4703.98,4707.68,4703.71,4707.27,2112,13,0,2112
2026-05-08 03:42:00,4707.28,4708.13,4704.84,4705.0,2020,13,0,2020
2026-05-08 03:45:00,4705.0,4705.8,4699.89,4701.17,2204,13,0,2204
2026-05-08 03:48:00,4701.16,4702.37,4699.8,4700.54,2161,13,0,2161
2026-05-08 03:51:00,4700.54,4701.34,4698.35,4699.46,2092,13,0,2092
2026-05-08 03:54:00,4699.47,4700.59,4697.02,4700.4,2084,13,0,2084
2026-05-08 03:57:00,4700.41,4702.02,4699.75,4701.41,2109,13,0,2109
2026-05-08 04:00:00,4701.42,4715.51,4700.27,4711.57,2872,16,0,2872
2026-05-08 04:03:00,4711.56,4716.43,4709.35,4715.8,2507,16,0,2507
2026-05-08 04:06:00,4715.78,4719.32,4714.65,4716.22,2337,15,0,2337
2026-05-08 04:09:00,4716.25,4718.19,4713.87,4716.64,2351,15,0,2351
2026-05-08 04:12:00,4716.66,4717.24,4712.69,4714.07,2204,15,0,2204
2026-05-08 04:15:00,4714.08,4714.36,4711.65,4712.62,2224,15,0,2224
2026-05-08 04:18:00,4712.63,4717.87,4711.8,4716.07,2239,15,0,2239
2026-05-08 04:21:00,4716.07,4719.07,4713.73,4713.83,2182,14,0,2182
2026-05-08 04:24:00,4713.83,4715.32,4711.32,4713.79,2199,15,0,2199
2026-05-08 04:27:00,4713.79,4715.77,4712.44,4712.44,2193,13,0,2193
2026-05-08 04:30:00,4712.45,4715.1,4709.75,4713.77,2381,15,0,2381
2026-05-08 04:33:00,4713.78,4714.07,4710.26,4710.47,2275,15,0,2275
2026-05-08 04:36:00,4710.45,4711.06,4705.09,4707.1,2423,14,0,2423
2026-05-08 04:39:00,4707.09,4709.42,4706.77,4707.72,2281,13,0,2281
2026-05-08 04:42:00,4707.7,4711.34,4706.9,4710.8,2187,13,0,2187
2026-05-08 04:45:00,4710.95,4715.54,4710.93,4714.61,2296,13,0,2296
2026-05-08 04:48:00,4714.6,4721.79,4714.55,4720.21,2361,13,0,2361
2026-05-08 04:51:00,4720.2,4723.38,4720.19,4722.41,2316,13,0,2316
2026-05-08 04:54:00,4722.41,4725.01,4721.74,4724.87,2260,13,0,2260
2026-05-08 04:57:00,4724.86,4725.39,4722.4,4722.87,2156,13,0,2156
2026-05-08 05:00:00,4722.83,4726.15,4721.54,4726.13,2357,14,0,2357
2026-05-08 05:03:00,4726.11,4732.74,4725.93,4730.61,2479,16,0,2479
2026-05-08 05:06:00,4730.59,4730.61,4727.03,4727.75,2154,13,0,2154
2026-05-08 05:09:00,4727.76,4729.91,4726.68,4726.86,2089,13,0,2089
2026-05-08 05:12:00,4726.86,4727.06,4723.65,4724.1,2038,13,0,2038
2026-05-08 05:15:00,4724.1,4724.53,4718.12,4719.94,2119,14,0,2119
2026-05-08 05:18:00,4719.88,4722.98,4719.11,4722.78,1961,13,0,1961
2026-05-08 05:21:00,4722.79,4723.07,4720.1,4721.58,1955,15,0,1955
2026-05-08 05:24:00,4721.57,4722.64,4720.34,4721.61,1957,14,0,1957
2026-05-08 05:27:00,4721.61,4723.85,4721.09,4721.51,1986,13,0,1986
2026-05-08 05:30:00,4721.52,4723.55,4718.48,4718.8,2297,15,0,2297
2026-05-08 05:33:00,4718.78,4721.0,4715.0,4715.89,2429,16,0,2429
2026-05-08 05:36:00,4715.89,4715.96,4707.01,4708.85,2681,16,0,2681
2026-05-08 05:39:00,4708.85,4715.33,4708.84,4713.27,2270,15,0,2270
2026-05-08 05:42:00,4713.27,4714.25,4710.27,4710.3,2142,14,0,2142
2026-05-08 05:45:00,4710.29,4714.0,4708.55,4709.73,2424,15,0,2424
2026-05-08 05:48:00,4709.74,4717.56,4708.73,4714.09,2294,15,0,2294
2026-05-08 05:51:00,4714.02,4716.48,4712.47,4713.73,2214,14,0,2214
2026-05-08 05:54:00,4713.72,4717.01,4713.35,4714.47,2108,13,0,2108
2026-05-08 05:57:00,4714.51,4715.18,4712.47,4713.39,2068,13,0,2068
2026-05-08 06:00:00,4713.37,4714.74,4711.07,4713.35,2132,13,0,2132
2026-05-08 06:03:00,4713.37,4717.85,4713.34,4716.32,2049,15,0,2049
2026-05-08 06:06:00,4716.32,4719.21,4715.1,4719.0,2113,14,0,2113
2026-05-08 06:09:00,4718.99,4720.23,4717.28,4719.71,2042,14,0,2042
2026-05-08 06:12:00,4719.56,4720.12,4718.13,4720.12,1992,14,0,1992
2026-05-08 06:15:00,4720.11,4722.69,4720.05,4721.88,2023,15,0,2023
2026-05-08 06:18:00,4721.87,4722.22,4717.7,4718.6,1899,14,0,1899
2026-05-08 06:21:00,4718.63,4718.89,4717.04,4718.13,1886,14,0,1886
2026-05-08 06:24:00,4718.14,4719.22,4717.57,4717.8,1934,14,0,1934
2026-05-08 06:27:00,4717.81,4721.06,4717.8,4720.38,1910,14,0,1910
2026-05-08 06:30:00,4720.39,4722.85,4720.04,4722.17,1988,15,0,1988
2026-05-08 06:33:00,4722.19,4731.12,4721.71,4728.52,2156,16,0,2156
2026-05-08 06:36:00,4728.53,4728.62,4724.97,4725.16,1952,13,0,1952
2026-05-08 06:39:00,4725.17,4725.41,4722.55,4724.4,2020,14,0,2020
2026-05-08 06:42:00,4724.41,4726.38,4723.92,4725.02,2017,13,0,2017
2026-05-08 06:45:00,4725.03,4725.33,4722.3,4722.73,1969,13,0,1969
2026-05-08 06:48:00,4722.74,4723.44,4717.9,4719.29,2054,15,0,2054
2026-05-08 06:51:00,4719.29,4721.12,4718.88,4720.13,2039,13,0,2039
2026-05-08 06:54:00,4720.1,4720.18,4718.01,4719.33,1968,13,0,1968
2026-05-08 06:57:00,4719.33,4720.81,4718.77,4719.65,1927,13,0,1927
2026-05-08 07:00:00,4719.63,4722.38,4719.63,4722.12,2066,13,0,2066
2026-05-08 07:03:00,4722.14,4723.32,4717.66,4717.77,2085,15,0,2085
2026-05-08 07:06:00,4717.76,4718.08,4715.9,4717.9,2108,13,0,2108
2026-05-08 07:09:00,4717.91,4719.55,4717.75,4718.04,2001,13,0,2001
2026-05-08 07:12:00,4718.01,4718.1,4714.91,4714.92,1899,13,0,1899
2026-05-08 07:15:00,4714.92,4716.24,4713.38,4715.91,1965,13,0,1965
2026-05-08 07:18:00,4715.93,4717.4,4715.5,4716.25,1864,13,0,1864
2026-05-08 07:21:00,4716.28,4717.57,4715.28,4716.91,1842,13,0,1842
2026-05-08 07:24:00,4716.91,4718.37,4716.68,4717.22,1903,14,0,1903
2026-05-08 07:27:00,4717.22,4718.03,4715.32,4717.38,1897,14,0,1897
2026-05-08 07:30:00,4717.37,4718.43,4715.0,4715.56,1933,13,0,1933
2026-05-08 07:33:00,4715.55,4715.83,4713.56,4713.61,1833,13,0,1833
2026-05-08 07:36:00,4713.59,4715.96,4713.59,4715.32,1904,15,0,1904
2026-05-08 07:39:00,4715.31,4715.66,4710.91,4711.12,2016,14,0,2016
2026-05-08 07:42:00,4711.11,4712.13,4708.92,4712.06,2024,16,0,2024
2026-05-08 07:45:00,4712.07,4712.41,4710.15,4711.04,1874,13,0,1874
2026-05-08 07:48:00,4711.06,4714.12,4710.31,4712.65,1945,13,0,1945
2026-05-08 07:51:00,4712.66,4715.15,4712.13,4715.02,1889,13,0,1889
2026-05-08 07:54:00,4715.03,4716.66,4714.17,4714.82,1908,13,0,1908
2026-05-08 07:57:00,4714.83,4715.58,4709.8,4711.06,2008,13,0,2008
2026-05-08 08:00:00,4711.04,4713.86,4709.67,4712.16,2106,16,0,2106
2026-05-08 08:03:00,4712.17,4713.58,4710.74,4712.89,1868,14,0,1868
2026-05-08 08:06:00,4712.91,4715.64,4712.3,4715.03,1885,13,0,1885
2026-05-08 08:09:00,4715.0,4716.31,4713.06,4713.56,1956,13,0,1956
2026-05-08 08:12:00,4713.57,4714.43,4712.3,4712.32,1856,13,0,1856
2026-05-08 08:15:00,4712.3,4713.79,4710.51,4712.98,1971,13,0,1971
2026-05-08 08:18:00,4712.99,4715.81,4712.41,4715.65,1849,13,0,1849
2026-05-08 08:21:00,4715.64,4715.8,4713.57,4714.72,1849,13,0,1849
2026-05-08 08:24:00,4714.72,4715.33,4712.32,4713.58,1912,13,0,1912
2026-05-08 08:27:00,4713.56,4720.13,4713.45,4719.42,1957,13,0,1957
2026-05-08 08:30:00,4719.41,4726.8,4719.33,4726.2,2378,16,0,2378
2026-05-08 08:33:00,4726.22,4727.24,4722.55,4722.96,2252,16,0,2252
2026-05-08 08:36:00,4722.96,4725.38,4720.86,4722.05,2053,16,0,2053
2026-05-08 08:39:00,4722.03,4724.95,4720.98,4724.11,2140,15,0,2140
2026-05-08 08:42:00,4724.11,4725.81,4723.0,4724.66,2124,15,0,2124
2026-05-08 08:45:00,4724.64,4725.94,4723.34,4725.77,2094,14,0,2094
2026-05-08 08:48:00,4725.78,4730.43,4725.75,4729.17,2119,14,0,2119
2026-05-08 08:51:00,4729.18,4729.34,4726.64,4727.27,2126,15,0,2126
2026-05-08 08:54:00,4727.24,4731.32,4726.79,4730.9,2302,13,0,2302
2026-05-08 08:57:00,4730.9,4731.04,4727.25,4727.54,2198,13,0,2198
2026-05-08 09:00:00,4727.54,4728.3,4712.66,4721.52,2784,13,0,2784
2026-05-08 09:03:00,4721.51,4730.42,4719.57,4725.28,2618,14,0,2618
2026-05-08 09:06:00,4725.27,4728.03,4722.73,4722.79,2471,14,0,2471
2026-05-08 09:09:00,4722.85,4727.42,4722.05,4725.05,2294,14,0,2294
2026-05-08 09:12:00,4725.06,4726.38,4722.75,4722.92,2212,12,0,2212
2026-05-08 09:15:00,4722.92,4726.1,4721.49,4725.15,2237,13,0,2237
2026-05-08 09:18:00,4725.15,4728.22,4725.04,4726.64,2127,13,0,2127
2026-05-08 09:21:00,4726.64,4727.72,4724.49,4726.67,2267,12,0,2267
2026-05-08 09:24:00,4726.67,4728.63,4726.22,4728.35,2124,11,0,2124
2026-05-08 09:27:00,4728.36,4734.54,4727.32,4733.66,2487,14,0,2487
2026-05-08 09:30:00,4733.66,4734.37,4727.87,4730.12,2239,13,0,2239
2026-05-08 09:33:00,4730.11,4730.82,4725.64,4727.54,2247,10,0,2247
2026-05-08 09:36:00,4727.55,4729.17,4727.26,4728.59,2288,9,0,2288
2026-05-08 09:39:00,4728.54,4731.08,4726.23,4730.47,2243,10,0,2243
2026-05-08 09:42:00,4730.46,4732.36,4728.5,4729.15,2226,13,0,2226
2026-05-08 09:45:00,4729.16,4729.48,4722.62,4722.85,2269,13,0,2269
2026-05-08 09:48:00,4722.85,4726.41,4721.13,4726.2,2233,13,0,2233
2026-05-08 09:51:00,4726.18,4726.65,4724.25,4726.11,2499,9,0,2499
2026-05-08 09:54:00,4726.09,4727.21,4724.28,4725.26,2117,9,0,2117
2026-05-08 09:57:00,4725.25,4727.14,4724.54,4725.69,2174,10,0,2174
2026-05-08 10:00:00,4725.68,4726.47,4722.85,4722.88,2335,14,0,2335
2026-05-08 10:03:00,4722.85,4725.74,4721.8,4723.84,2261,14,0,2261
2026-05-08 10:06:00,4723.84,4724.43,4720.56,4723.7,2205,14,0,2205
2026-05-08 10:09:00,4723.69,4723.96,4718.98,4719.91,2105,11,0,2105
2026-05-08 10:12:00,4719.92,4720.27,4715.18,4715.31,2249,11,0,2249
2026-05-08 10:15:00,4715.33,4718.29,4712.74,4715.45,2414,14,0,2414
2026-05-08 10:18:00,4715.48,4717.49,4713.31,4716.19,2115,14,0,2115
2026-05-08 10:21:00,4716.38,4716.73,4703.65,4709.1,2637,14,0,2637
2026-05-08 10:24:00,4709.15,4709.15,4696.95,4700.66,2915,14,0,2915
2026-05-08 10:27:00,4700.63,4707.74,4699.14,4706.6,2562,14,0,2562
2026-05-08 10:30:00,4706.47,4706.53,4701.28,4705.78,2411,14,0,2411
2026-05-08 10:33:00,4705.79,4710.94,4705.2,4709.87,2134,13,0,2134
2026-05-08 10:36:00,4709.9,4711.72,4708.43,4709.48,2096,12,0,2096
2026-05-08 10:39:00,4709.47,4709.88,4707.09,4707.66,2190,12,0,2190
2026-05-08 10:42:00,4707.67,4710.09,4706.6,4708.17,2153,13,0,2153
2026-05-08 10:45:00,4708.18,4711.63,4708.11,4709.88,2194,14,0,2194
2026-05-08 10:48:00,4709.92,4713.6,4708.05,4710.6,2226,14,0,2226
2026-05-08 10:51:00,4710.68,4712.34,4708.08,4712.07,2140,14,0,2140
2026-05-08 10:54:00,4712.08,4712.64,4707.44,4708.47,2145,14,0,2145
2026-05-08 10:57:00,4708.49,4709.89,4707.0,4707.99,2136,13,0,2136
2026-05-08 11:00:00,4707.98,4709.78,4706.9,4709.45,2329,14,0,2329
2026-05-08 11:03:00,4709.46,4710.64,4707.97,4708.13,2197,14,0,2197
2026-05-08 11:06:00,4708.06,4709.18,4706.71,4707.61,2200,11,0,2200
2026-05-08 11:09:00,4707.63,4711.51,4707.41,4709.03,2042,11,0,2042
2026-05-08 11:12:00,4709.01,4713.14,4708.99,4711.46,2119,11,0,2119
2026-05-08 11:15:00,4711.46,4714.84,4711.33,4713.19,2078,12,0,2078
2026-05-08 11:18:00,4713.17,4715.87,4712.69,4715.03,2070,13,0,2070
2026-05-08 11:21:00,4715.05,4722.2,4715.05,4720.48,2265,14,0,2265
2026-05-08 11:24:00,4720.46,4722.6,4719.33,4719.43,2265,14,0,2265
2026-05-08 11:27:00,4719.43,4719.95,4716.4,4716.93,2188,12,0,2188
2026-05-08 11:30:00,4716.96,4720.09,4716.44,4718.48,2150,14,0,2150
2026-05-08 11:33:00,4718.48,4721.77,4717.38,4720.09,2072,14,0,2072
2026-05-08 11:36:00,4720.1,4723.54,4720.06,4721.38,2409,9,0,2409
2026-05-08 11:39:00,4721.38,4722.35,4719.01,4719.11,2096,9,0,2096
2026-05-08 11:42:00,4719.06,4719.16,4716.81,4716.94,2151,9,0,2151
2026-05-08 11:45:00,4716.96,4718.21,4716.05,4717.95,2067,11,0,2067
2026-05-08 11:48:00,4717.96,4720.16,4716.7,4717.83,2101,11,0,2101
2026-05-08 11:51:00,4717.82,4718.36,4716.9,4717.26,2309,9,0,2309
2026-05-08 11:54:00,4717.25,4717.73,4715.7,4716.92,1962,9,0,1962
2026-05-08 11:57:00,4716.93,4717.61,4715.0,4715.78,1945,12,0,1945
2026-05-08 12:00:00,4715.77,4717.48,4713.48,4717.39,2086,14,0,2086
2026-05-08 12:03:00,4717.37,4720.21,4717.31,4717.53,2090,14,0,2090
2026-05-08 12:06:00,4717.55,4720.38,4716.63,4717.57,2029,13,0,2029
2026-05-08 12:09:00,4717.55,4717.84,4715.43,4716.22,2227,9,0,2227
2026-05-08 12:12:00,4716.22,4718.62,4716.07,4718.62,2238,9,0,2238
2026-05-08 12:15:00,4718.64,4720.18,4718.31,4719.62,1950,9,0,1950
2026-05-08 12:18:00,4719.6,4722.27,4718.74,4721.1,1962,12,0,1962
2026-05-08 12:21:00,4721.09,4722.64,4720.58,4721.86,2006,12,0,2006
2026-05-08 12:24:00,4721.85,4722.27,4719.51,4721.37,1983,11,0,1983
2026-05-08 12:27:00,4721.35,4722.84,4717.81,4718.1,1962,13,0,1962
2026-05-08 12:30:00,4718.1,4718.74,4712.65,4714.29,2188,14,0,2188
2026-05-08 12:33:00,4714.28,4715.17,4709.74,4712.11,2216,14,0,2216
2026-05-08 12:36:00,4712.1,4713.81,4710.91,4711.81,1966,14,0,1966
2026-05-08 12:39:00,4711.82,4714.25,4709.39,4714.16,2054,14,0,2054
2026-05-08 12:42:00,4714.15,4714.61,4712.33,4713.34,1856,12,0,1856
2026-05-08 12:45:00,4713.35,4713.96,4709.98,4710.86,1905,11,0,1905
2026-05-08 12:48:00,4710.87,4711.62,4709.22,4709.74,2021,14,0,2021
2026-05-08 12:51:00,4709.71,4711.42,4707.35,4707.99,2060,14,0,2060
2026-05-08 12:54:00,4707.99,4709.91,4707.67,4709.57,2047,13,0,2047
2026-05-08 12:57:00,4709.57,4712.27,4709.5,4711.9,1952,13,0,1952
2026-05-08 13:00:00,4711.89,4714.54,4711.18,4713.32,1924,12,0,1924
2026-05-08 13:03:00,4713.31,4714.32,4712.4,4713.57,1906,12,0,1906
2026-05-08 13:06:00,4713.57,4714.44,4711.99,4714.36,1859,13,0,1859
2026-05-08 13:09:00,4714.36,4714.87,4712.86,4714.66,1892,12,0,1892
2026-05-08 13:12:00,4714.67,4718.93,4714.55,4718.9,1916,13,0,1916
2026-05-08 13:15:00,4718.91,4719.54,4717.51,4718.41,1914,12,0,1914
2026-05-08 13:18:00,4718.38,4718.49,4717.6,4717.95,2114,9,0,2114
2026-05-08 13:21:00,4717.96,4722.7,4717.94,4722.54,1920,10,0,1920
2026-05-08 13:24:00,4722.55,4723.96,4721.08,4722.77,1903,14,0,1903
2026-05-08 13:27:00,4722.75,4722.89,4720.47,4720.49,1975,14,0,1975
2026-05-08 13:30:00,4720.48,4723.1,4720.33,4720.73,1920,12,0,1920
2026-05-08 13:33:00,4720.74,4723.48,4720.55,4722.75,2417,9,0,2417
2026-05-08 13:36:00,4722.74,4727.41,4722.54,4727.35,1935,14,0,1935
2026-05-08 13:39:00,4727.36,4727.73,4724.55,4726.22,2014,14,0,2014
2026-05-08 13:42:00,4726.2,4727.18,4724.31,4724.43,1948,11,0,1948
2026-05-08 13:45:00,4724.45,4724.49,4722.13,4722.22,2259,9,0,2259
2026-05-08 13:48:00,4722.2,4722.43,4717.87,4718.59,2040,9,0,2040
2026-05-08 13:51:00,4718.58,4721.72,4717.75,4720.8,2067,9,0,2067
2026-05-08 13:54:00,4720.79,4721.38,4715.3,4718.01,2600,9,0,2600
2026-05-08 13:57:00,4718.0,4720.26,4717.07,4719.8,2018,13,0,2018
2026-05-08 14:00:00,4719.79,4724.4,4719.78,4723.46,2102,13,0,2102
2026-05-08 14:03:00,4723.48,4727.36,4722.02,4726.58,2052,13,0,2052
2026-05-08 14:06:00,4726.57,4727.25,4723.89,4724.2,2075,12,0,2075
2026-05-08 14:09:00,4724.23,4725.13,4718.79,4720.66,2155,14,0,2155
2026-05-08 14:12:00,4720.65,4722.1,4719.98,4722.04,2069,9,0,2069
2026-05-08 14:15:00,4722.05,4725.34,4721.76,4722.25,2275,9,0,2275
2026-05-08 14:18:00,4722.26,4723.9,4721.54,4723.74,2205,9,0,2205
2026-05-08 14:21:00,4723.74,4723.76,4720.12,4723.1,2163,9,0,2163
2026-05-08 14:24:00,4723.12,4724.82,4722.5,4724.12,2111,9,0,2111
2026-05-08 14:27:00,4724.14,4725.84,4723.19,4724.1,1969,9,0,1969
2026-05-08 14:30:00,4724.1,4724.73,4721.83,4724.73,1928,11,0,1928
2026-05-08 14:33:00,4724.73,4725.89,4722.06,4724.32,1986,12,0,1986
2026-05-08 14:36:00,4724.31,4724.67,4722.83,4722.86,1904,11,0,1904
2026-05-08 14:39:00,4722.86,4723.87,4721.58,4722.2,2067,9,0,2067
2026-05-08 14:42:00,4722.21,4722.97,4721.07,4721.16,2284,9,0,2284
2026-05-08 14:45:00,4721.17,4721.42,4717.1,4718.68,1987,12,0,1987
2026-05-08 14:48:00,4718.68,4719.09,4716.18,4716.75,2338,9,0,2338
2026-05-08 14:51:00,4716.75,4717.55,4713.68,4714.93,1994,10,0,1994
2026-05-08 14:54:00,4714.94,4720.11,4714.52,4716.59,2222,9,0,2222
2026-05-08 14:57:00,4716.61,4718.54,4716.33,4717.77,2435,9,0,2435
2026-05-08 15:00:00,4717.77,4719.83,4716.74,4717.28,2275,9,0,2275
2026-05-08 15:03:00,4717.27,4717.56,4711.76,4712.78,2106,13,0,2106
2026-05-08 15:06:00,4712.81,4714.36,4709.94,4711.49,2261,14,0,2261
2026-05-08 15:09:00,4711.46,4711.49,4703.84,4705.61,2350,14,0,2350
2026-05-08 15:12:00,4705.62,4707.35,4704.32,4704.63,2211,14,0,2211
2026-05-08 15:15:00,4704.64,4709.75,4702.85,4709.49,2233,14,0,2233
2026-05-08 15:18:00,4709.49,4710.36,4707.32,4708.47,2213,14,0,2213
2026-05-08 15:21:00,4708.45,4708.9,4705.38,4705.76,2220,14,0,2220
2026-05-08 15:24:00,4705.78,4710.12,4704.9,4708.75,2279,13,0,2279
2026-05-08 15:27:00,4708.74,4710.94,4708.72,4710.49,2390,9,0,2390
2026-05-08 15:30:00,4710.5,4715.55,4703.05,4714.69,3006,9,0,3006
2026-05-08 15:33:00,4714.7,4726.85,4714.7,4723.13,2968,14,0,2968
2026-05-08 15:36:00,4723.11,4727.94,4721.69,4724.08,2770,14,0,2770
2026-05-08 15:39:00,4724.09,4728.03,4722.28,4723.7,2756,14,0,2756
2026-05-08 15:42:00,4723.71,4730.83,4722.39,4723.9,2536,14,0,2536
2026-05-08 15:45:00,4723.89,4726.94,4719.35,4724.16,2703,14,0,2703
2026-05-08 15:48:00,4724.16,4726.86,4720.85,4721.28,2506,14,0,2506
2026-05-08 15:51:00,4721.32,4727.46,4719.88,4726.58,2408,13,0,2408
2026-05-08 15:54:00,4726.56,4732.08,4725.74,4728.67,2546,12,0,2546
2026-05-08 15:57:00,4728.64,4731.35,4720.38,4724.41,2798,14,0,2798
2026-05-08 16:00:00,4724.43,4729.02,4720.54,4725.29,2820,14,0,2820
2026-05-08 16:03:00,4725.31,4727.15,4721.82,4723.33,2701,12,0,2701
2026-05-08 16:06:00,4723.32,4723.43,4719.1,4719.13,2651,12,0,2651
2026-05-08 16:09:00,4719.17,4721.73,4717.93,4718.3,2755,9,0,2755
2026-05-08 16:12:00,4718.21,4720.68,4716.53,4720.31,2691,9,0,2691
2026-05-08 16:15:00,4720.29,4726.31,4719.46,4726.28,2543,9,0,2543
2026-05-08 16:18:00,4726.29,4727.54,4723.87,4726.99,2341,9,0,2341
2026-05-08 16:21:00,4726.99,4727.0,4723.1,4724.2,2358,11,0,2358
2026-05-08 16:24:00,4724.2,4727.87,4723.78,4726.07,2179,12,0,2179
2026-05-08 16:27:00,4726.04,4727.23,4724.68,4727.23,2288,13,0,2288
2026-05-08 16:30:00,4727.21,4740.2,4726.85,4737.98,3051,14,0,3051
2026-05-08 16:33:00,4737.97,4744.37,4737.71,4741.93,2909,14,0,2909
2026-05-08 16:36:00,4741.94,4743.73,4739.99,4741.14,2887,14,0,2887
2026-05-08 16:39:00,4741.1,4741.34,4735.04,4735.87,3017,14,0,3017
2026-05-08 16:42:00,4735.9,4739.12,4734.97,4738.17,2791,13,0,2791
2026-05-08 16:45:00,4738.19,4744.29,4734.92,4743.0,2915,14,0,2915
2026-05-08 16:48:00,4743.05,4743.59,4738.84,4740.49,2622,10,0,2622
2026-05-08 16:51:00,4740.52,4745.35,4737.92,4738.16,2792,9,0,2792
2026-05-08 16:54:00,4738.18,4745.04,4737.24,4743.36,2691,9,0,2691
2026-05-08 16:57:00,4743.36,4748.08,4743.36,4747.98,2382,9,0,2382
2026-05-08 17:00:00,4747.99,4749.35,4740.37,4741.48,2977,13,0,2977
2026-05-08 17:03:00,4741.44,4743.93,4736.52,4736.77,2767,14,0,2767
2026-05-08 17:06:00,4736.75,4737.96,4727.77,4730.98,2889,14,0,2889
2026-05-08 17:09:00,4730.95,4730.96,4718.85,4725.68,3306,14,0,3306
2026-05-08 17:12:00,4725.71,4732.2,4721.86,4731.74,2893,13,0,2893
2026-05-08 17:15:00,4731.76,4733.84,4729.67,4730.27,2615,11,0,2615
2026-05-08 17:18:00,4730.27,4730.66,4721.48,4724.48,2706,12,0,2706
2026-05-08 17:21:00,4724.48,4728.16,4723.01,4725.16,2654,13,0,2654
2026-05-08 17:24:00,4725.16,4729.34,4723.63,4727.93,2735,9,0,2735
2026-05-08 17:27:00,4727.93,4727.93,4718.99,4719.06,2825,9,0,2825
2026-05-08 17:30:00,4718.09,4720.71,4714.36,4719.93,2807,13,0,2807
2026-05-08 17:33:00,4719.92,4723.91,4716.35,4721.66,3143,9,0,3143
2026-05-08 17:36:00,4721.66,4724.51,4719.29,4724.15,3078,9,0,3078
2026-05-08 17:39:00,4724.15,4725.67,4721.75,4723.17,2657,9,0,2657
2026-05-08 17:42:00,4723.15,4724.18,4721.35,4722.79,2609,9,0,2609
2026-05-08 17:45:00,4722.77,4724.69,4721.15,4721.88,2434,9,0,2434
2026-05-08 17:48:00,4721.89,4721.92,4714.88,4717.13,2498,14,0,2498
2026-05-08 17:51:00,4717.14,4719.44,4713.33,4714.79,2406,13,0,2406
2026-05-08 17:54:00,4714.8,4719.75,4713.69,4718.99,2426,13,0,2426
2026-05-08 17:57:00,4718.99,4719.29,4715.57,4715.96,2465,14,0,2465
2026-05-08 18:00:00,4715.94,4717.59,4713.56,4714.5,2523,14,0,2523
2026-05-08 18:03:00,4714.48,4716.33,4712.69,4714.97,2320,12,0,2320
2026-05-08 18:06:00,4714.88,4720.88,4714.58,4720.42,2475,11,0,2475
2026-05-08 18:09:00,4720.43,4720.43,4716.41,4717.53,2562,9,0,2562
2026-05-08 18:12:00,4717.54,4717.55,4706.13,4707.53,2775,13,0,2775
2026-05-08 18:15:00,4707.56,4708.59,4705.16,4706.46,2681,14,0,2681
2026-05-08 18:18:00,4706.46,4709.25,4704.55,4709.06,2668,14,0,2668
2026-05-08 18:21:00,4709.13,4711.45,4704.4,4705.74,2823,14,0,2823
2026-05-08 18:24:00,4705.76,4708.68,4705.62,4707.32,2421,12,0,2421
2026-05-08 18:27:00,4707.33,4713.64,4707.17,4713.46,2421,9,0,2421
2026-05-08 18:30:00,4713.42,4714.48,4704.24,4708.84,2837,9,0,2837
2026-05-08 18:33:00,4708.81,4713.07,4707.37,4712.78,2464,10,0,2464
2026-05-08 18:36:00,4712.8,4715.11,4711.62,4713.99,2574,9,0,2574
2026-05-08 18:39:00,4713.99,4714.82,4710.27,4710.28,2279,9,0,2279
2026-05-08 18:42:00,4710.27,4711.56,4704.05,4705.9,2495,10,0,2495
2026-05-08 18:45:00,4705.92,4708.86,4702.07,4708.76,2664,10,0,2664
2026-05-08 18:48:00,4708.77,4710.89,4707.75,4710.51,2440,9,0,2440
2026-05-08 18:51:00,4710.5,4711.17,4708.43,4710.21,2156,9,0,2156
2026-05-08 18:54:00,4710.2,4711.08,4704.33,4706.54,2285,9,0,2285
2026-05-08 18:57:00,4706.57,4707.84,4705.42,4707.06,2271,13,0,2271
2026-05-08 19:00:00,4707.04,4709.98,4707.03,4709.18,2335,14,0,2335
2026-05-08 19:03:00,4709.21,4712.17,4705.43,4711.39,2289,14,0,2289
2026-05-08 19:06:00,4711.49,4711.78,4707.18,4707.67,2180,12,0,2180
2026-05-08 19:09:00,4707.69,4712.4,4706.75,4711.42,2195,9,0,2195
2026-05-08 19:12:00,4711.37,4712.4,4710.26,4711.51,2250,9,0,2250
2026-05-08 19:15:00,4711.51,4714.25,4711.45,4712.58,2112,11,0,2112
2026-05-08 19:18:00,4712.58,4713.78,4711.67,4712.7,2124,12,0,2124
2026-05-08 19:21:00,4712.68,4715.43,4712.26,4714.93,2074,13,0,2074
2026-05-08 19:24:00,4714.94,4715.97,4713.94,4715.71,2179,13,0,2179
2026-05-08 19:27:00,4715.67,4717.68,4714.5,4717.66,2085,13,0,2085
2026-05-08 19:30:00,4717.66,4719.58,4716.82,4718.8,2106,14,0,2106
2026-05-08 19:33:00,4718.78,4720.24,4715.74,4715.82,2040,13,0,2040
2026-05-08 19:36:00,4715.8,4718.19,4715.74,4716.88,2042,13,0,2042
2026-05-08 19:39:00,4716.9,4717.36,4714.12,4714.19,2041,14,0,2041
2026-05-08 19:42:00,4714.2,4714.99,4713.27,4713.42,2053,13,0,2053
2026-05-08 19:45:00,4713.44,4716.29,4712.99,4714.47,2138,14,0,2138
2026-05-08 19:48:00,4714.5,4715.42,4712.38,4712.86,2247,14,0,2247
2026-05-08 19:51:00,4712.84,4713.68,4711.89,4712.9,2117,13,0,2117
2026-05-08 19:54:00,4712.91,4713.7,4711.31,4712.23,2100,13,0,2100
2026-05-08 19:57:00,4712.24,4714.37,4711.97,4712.44,2026,10,0,2026
2026-05-08 20:00:00,4712.44,4715.59,4712.14,4714.13,2205,12,0,2205
2026-05-08 20:03:00,4714.1,4716.26,4713.3,4715.57,2420,9,0,2420
2026-05-08 20:06:00,4715.56,4715.8,4714.18,4715.04,2336,9,0,2336
2026-05-08 20:09:00,4715.04,4715.39,4713.45,4714.18,2302,9,0,2302
2026-05-08 20:12:00,4714.17,4715.38,4713.08,4715.29,2506,9,0,2506
2026-05-08 20:15:00,4715.3,4718.82,4715.25,4718.41,2079,9,0,2079
2026-05-08 20:18:00,4718.43,4719.53,4718.34,4718.84,2387,9,0,2387
2026-05-08 20:21:00,4718.87,4720.7,4717.68,4717.91,2081,9,0,2081
2026-05-08 20:24:00,4717.89,4720.33,4717.35,4719.18,2528,9,0,2528
2026-05-08 20:27:00,4719.17,4722.08,4719.09,4720.65,2104,9,0,2104
2026-05-08 20:30:00,4720.61,4721.77,4720.02,4720.35,2008,13,0,2008
2026-05-08 20:33:00,4720.35,4720.83,4719.57,4720.81,2439,9,0,2439
2026-05-08 20:36:00,4720.82,4721.61,4719.87,4719.95,1885,9,0,1885
2026-05-08 20:39:00,4719.94,4720.81,4719.65,4719.99,1910,9,0,1910
2026-05-08 20:42:00,4720.01,4721.59,4720.0,4720.76,1887,9,0,1887
2026-05-08 20:45:00,4720.74,4721.44,4719.81,4719.82,1895,14,0,1895
2026-05-08 20:48:00,4719.83,4720.63,4719.65,4719.95,1895,13,0,1895
2026-05-08 20:51:00,4719.97,4721.07,4719.34,4720.56,1943,14,0,1943
2026-05-08 20:54:00,4720.56,4722.73,4720.53,4721.41,1895,14,0,1895
2026-05-08 20:57:00,4721.39,4721.44,4719.65,4720.9,1920,13,0,1920
2026-05-08 21:00:00,4720.9,4727.45,4720.46,4726.43,2361,14,0,2361
2026-05-08 21:03:00,4726.43,4727.59,4725.86,4726.41,2062,14,0,2062
2026-05-08 21:06:00,4726.42,4727.81,4725.53,4726.31,2127,14,0,2127
2026-05-08 21:09:00,4726.31,4727.02,4725.07,4725.9,2045,13,0,2045
2026-05-08 21:12:00,4725.9,4728.65,4725.87,4727.53,2001,13,0,2001
2026-05-08 21:15:00,4727.53,4728.99,4726.17,4727.23,1984,14,0,1984
2026-05-08 21:18:00,4727.23,4727.48,4725.37,4725.93,1872,13,0,1872
2026-05-08 21:21:00,4726.01,4727.66,4725.81,4726.89,1892,13,0,1892
2026-05-08 21:24:00,4726.9,4726.97,4723.89,4725.04,1932,14,0,1932
2026-05-08 21:27:00,4725.03,4726.08,4724.24,4725.69,2018,14,0,2018
2026-05-08 21:30:00,4725.7,4726.05,4724.06,4725.23,1954,14,0,1954
2026-05-08 21:33:00,4725.25,4726.5,4724.85,4725.69,1921,13,0,1921
2026-05-08 21:36:00,4725.69,4726.07,4724.81,4725.89,1923,13,0,1923
2026-05-08 21:39:00,4725.9,4726.35,4724.0,4724.42,1917,13,0,1917
2026-05-08 21:42:00,4724.42,4726.17,4724.4,4724.65,1874,12,0,1874
2026-05-08 21:45:00,4724.66,4724.73,4723.65,4723.97,1937,14,0,1937
2026-05-08 21:48:00,4723.98,4724.1,4722.09,4723.9,1946,12,0,1946
2026-05-08 21:51:00,4723.91,4724.17,4723.14,4723.65,1889,11,0,1889
2026-05-08 21:54:00,4723.64,4723.98,4719.93,4722.35,2206,10,0,2206
2026-05-08 21:57:00,4722.35,4723.31,4721.53,4721.94,2065,13,0,2065
2026-05-08 22:00:00,4721.91,4724.45,4721.02,4724.3,2098,12,0,2098
2026-05-08 22:03:00,4724.3,4724.67,4722.54,4722.98,2254,9,0,2254
2026-05-08 22:06:00,4723.0,4725.56,4722.92,4724.41,2411,9,0,2411
2026-05-08 22:09:00,4724.41,4725.66,4724.1,4725.07,2198,9,0,2198
2026-05-08 22:12:00,4725.08,4725.67,4723.33,4723.58,1938,9,0,1938
2026-05-08 22:15:00,4723.61,4724.67,4723.53,4724.06,1837,10,0,1837
2026-05-08 22:18:00,4724.06,4724.6,4723.79,4724.36,2252,9,0,2252
2026-05-08 22:21:00,4724.35,4725.0,4723.33,4724.62,1899,12,0,1899
2026-05-08 22:24:00,4724.61,4724.98,4723.72,4724.3,1886,13,0,1886
2026-05-08 22:27:00,4724.32,4725.01,4723.46,4723.77,1952,9,0,1952
2026-05-08 22:30:00,4723.76,4723.82,4721.95,4722.51,1905,10,0,1905
2026-05-08 22:33:00,4722.51,4723.31,4721.89,4722.28,2258,9,0,2258
2026-05-08 22:36:00,4722.28,4723.26,4721.76,4722.45,1975,9,0,1975
2026-05-08 22:39:00,4722.47,4726.84,4722.36,4725.66,2523,9,0,2523
2026-05-08 22:42:00,4725.68,4725.9,4724.79,4725.39,2047,12,0,2047
2026-05-08 22:45:00,4725.4,4725.91,4724.18,4724.76,1916,12,0,1916
2026-05-08 22:48:00,4724.77,4725.09,4723.38,4725.06,2195,9,0,2195
2026-05-08 22:51:00,4725.07,4725.57,4723.7,4723.89,1958,12,0,1958
2026-05-08 22:54:00,4723.91,4724.9,4722.88,4723.38,2242,9,0,2242
2026-05-08 22:57:00,4723.37,4724.95,4722.96,4723.97,2314,10,0,2314
2026-05-08 23:00:00,4723.84,4724.27,4722.13,4723.48,2183,9,0,2183
2026-05-08 23:03:00,4723.48,4723.48,4722.51,4722.94,2394,9,0,2394
2026-05-08 23:06:00,4722.98,4723.39,4722.1,4722.55,1830,9,0,1830
2026-05-08 23:09:00,4722.54,4722.66,4718.42,4718.52,1917,9,0,1917
2026-05-08 23:12:00,4718.5,4718.83,4717.09,4718.71,1870,13,0,1870
2026-05-08 23:15:00,4718.73,4719.11,4716.92,4717.15,1857,12,0,1857
2026-05-08 23:18:00,4717.11,4717.23,4715.24,4716.05,1943,10,0,1943
2026-05-08 23:21:00,4716.05,4717.01,4714.7,4716.64,2045,9,0,2045
2026-05-08 23:24:00,4716.66,4717.77,4716.42,4717.14,1827,11,0,1827
2026-05-08 23:27:00,4717.15,4717.4,4715.79,4717.37,1806,12,0,1806
2026-05-08 23:30:00,4717.37,4719.14,4716.4,4718.46,1802,12,0,1802
2026-05-08 23:33:00,4718.43,4718.45,4716.46,4717.25,1845,12,0,1845
2026-05-08 23:36:00,4717.25,4718.24,4716.78,4717.87,2133,9,0,2133
2026-05-08 23:39:00,4717.86,4718.35,4716.79,4716.79,1750,13,0,1750
2026-05-08 23:42:00,4716.79,4717.04,4715.85,4716.41,1790,22,0,1790
2026-05-08 23:45:00,4716.41,4716.95,4715.58,4715.8,1766,22,0,1766
2026-05-08 23:48:00,4715.79,4716.28,4714.49,4714.88,2081,22,0,2081
2026-05-08 23:51:00,4714.89,4715.7,4714.46,4714.88,1976,22,0,1976
2026-05-08 23:54:00,4715.06,4715.4,4714.79,4715.38,687,22,0,687
2026-05-11 01:03:00,4685.1,4687.27,4683.97,4684.09,1478,15,0,1478
2026-05-11 01:06:00,4684.07,4688.42,4679.85,4686.66,2960,15,0,2960
2026-05-11 01:09:00,4686.66,4693.63,4686.51,4692.89,2061,15,0,2061
2026-05-11 01:12:00,4692.89,4694.73,4686.0,4687.41,2116,15,0,2116
2026-05-11 01:15:00,4687.41,4690.31,4684.69,4685.9,2028,15,0,2028
2026-05-11 01:18:00,4685.89,4688.99,4681.91,4688.56,2091,16,0,2091
2026-05-11 01:21:00,4688.55,4689.8,4685.82,4686.42,1998,16,0,1998
2026-05-11 01:24:00,4686.45,4691.74,4686.19,4691.73,1897,16,0,1897
2026-05-11 01:27:00,4691.73,4696.27,4691.66,4694.55,2051,16,0,2051
2026-05-11 01:30:00,4694.57,4694.57,4689.51,4690.54,2027,16,0,2027
2026-05-11 01:33:00,4690.54,4694.26,4690.52,4692.92,1951,16,0,1951
2026-05-11 01:36:00,4692.93,4692.97,4687.54,4687.7,1927,16,0,1927
2026-05-11 01:39:00,4687.69,4689.89,4687.02,4689.51,1904,16,0,1904
2026-05-11 01:42:00,4689.5,4691.66,4688.12,4691.27,1944,16,0,1944
2026-05-11 01:45:00,4691.27,4692.93,4690.0,4692.21,1968,16,0,1968
2026-05-11 01:48:00,4692.24,4693.95,4691.31,4692.49,1931,16,0,1931
2026-05-11 01:51:00,4692.51,4693.43,4690.37,4692.8,1884,16,0,1884
2026-05-11 01:54:00,4692.8,4693.71,4690.97,4693.59,1869,16,0,1869
2026-05-11 01:57:00,4693.57,4694.57,4691.69,4691.78,1937,16,0,1937
2026-05-11 02:00:00,4691.78,4694.24,4691.1,4692.58,1956,16,0,1956
2026-05-11 02:03:00,4692.57,4696.89,4691.69,4694.69,1944,16,0,1944
2026-05-11 02:06:00,4694.67,4695.11,4692.64,4692.72,1850,16,0,1850
2026-05-11 02:09:00,4692.7,4694.59,4690.31,4692.04,1932,16,0,1932
2026-05-11 02:12:00,4692.03,4692.52,4688.83,4690.07,1872,16,0,1872
2026-05-11 02:15:00,4690.05,4693.6,4689.0,4693.42,1886,16,0,1886
2026-05-11 02:18:00,4693.43,4696.52,4692.45,4695.98,1891,15,0,1891
2026-05-11 02:21:00,4695.96,4696.44,4695.06,4695.26,1844,14,0,1844
2026-05-11 02:24:00,4695.26,4696.65,4695.26,4696.07,1818,14,0,1818
2026-05-11 02:27:00,4696.09,4697.09,4694.1,4694.64,1848,14,0,1848
2026-05-11 02:30:00,4694.65,4697.11,4694.62,4697.11,1853,15,0,1853
2026-05-11 02:33:00,4697.1,4697.37,4695.55,4696.85,1806,16,0,1806
2026-05-11 02:36:00,4696.88,4698.27,4696.47,4697.64,1855,15,0,1855
2026-05-11 02:39:00,4697.65,4698.35,4697.15,4697.71,1812,13,0,1812
2026-05-11 02:42:00,4697.73,4697.8,4695.99,4697.48,1815,13,0,1815
2026-05-11 02:45:00,4697.49,4697.76,4694.38,4695.46,1893,15,0,1893
2026-05-11 02:48:00,4695.46,4698.51,4695.23,4698.3,1887,15,0,1887
2026-05-11 02:51:00,4698.29,4698.32,4695.51,4697.17,1850,13,0,1850
2026-05-11 02:54:00,4697.18,4697.31,4692.99,4693.13,1809,13,0,1809
2026-05-11 02:57:00,4693.13,4694.31,4690.06,4691.79,1861,13,0,1861
2026-05-11 03:00:00,4691.59,4691.59,4682.26,4687.65,2208,16,0,2208
2026-05-11 03:03:00,4687.63,4690.36,4683.59,4689.26,2023,16,0,2023
2026-05-11 03:06:00,4689.25,4690.26,4687.49,4688.43,2019,15,0,2019
2026-05-11 03:09:00,4688.42,4688.55,4683.17,4683.76,2093,16,0,2093
2026-05-11 03:12:00,4683.76,4685.08,4680.32,4682.66,2086,15,0,2086
2026-05-11 03:15:00,4682.68,4683.25,4676.8,4679.82,2244,16,0,2244
2026-05-11 03:18:00,4679.78,4682.15,4676.01,4681.48,2254,15,0,2254
2026-05-11 03:21:00,4681.48,4685.77,4680.77,4685.37,2018,13,0,2018
2026-05-11 03:24:00,4685.38,4686.67,4683.84,4684.76,1988,13,0,1988
2026-05-11 03:27:00,4684.73,4685.03,4681.75,4683.55,1975,13,0,1975
2026-05-11 03:30:00,4683.56,4692.95,4683.54,4692.84,2222,13,0,2222
2026-05-11 03:33:00,4692.87,4693.32,4691.51,4691.56,1999,13,0,1999
2026-05-11 03:36:00,4691.55,4692.88,4687.31,4687.33,2000,13,0,2000
2026-05-11 03:39:00,4687.32,4689.93,4685.57,4689.29,2033,13,0,2033
2026-05-11 03:42:00,4689.28,4691.59,4688.78,4689.06,1955,13,0,1955
2026-05-11 03:45:00,4689.08,4691.83,4687.86,4691.83,2019,14,0,2019
2026-05-11 03:48:00,4691.8,4692.82,4688.58,4690.56,2035,13,0,2035
2026-05-11 03:51:00,4690.55,4691.98,4670.17,4678.97,2877,14,0,2877
2026-05-11 03:54:00,4678.96,4682.85,4673.58,4675.46,2559,16,0,2559
2026-05-11 03:57:00,4675.48,4684.24,4675.13,4683.54,2373,16,0,2373
2026-05-11 04:00:00,4683.57,4686.15,4674.67,4679.81,3236,16,0,3236
2026-05-11 04:03:00,4679.86,4699.82,4679.67,4697.77,2788,16,0,2788
2026-05-11 04:06:00,4697.77,4699.13,4694.4,4694.57,2720,15,0,2720
2026-05-11 04:09:00,4694.55,4696.06,4682.09,4689.8,2874,15,0,2874
2026-05-11 04:12:00,4689.82,4695.11,4689.4,4692.07,2517,15,0,2517
2026-05-11 04:15:00,4692.07,4697.62,4689.65,4696.91,2598,15,0,2598
2026-05-11 04:18:00,4696.91,4697.9,4693.49,4695.72,2532,15,0,2532
2026-05-11 04:21:00,4695.73,4705.5,4694.87,4704.66,2410,14,0,2410
2026-05-11 04:24:00,4704.67,4705.49,4700.6,4702.53,2282,14,0,2282
2026-05-11 04:27:00,4702.54,4703.63,4698.85,4698.88,2237,14,0,2237
2026-05-11 04:30:00,4698.87,4699.15,4693.12,4695.78,2411,15,0,2411
2026-05-11 04:33:00,4695.77,4701.62,4695.29,4695.49,2471,16,0,2471
2026-05-11 04:36:00,4695.46,4697.92,4693.93,4697.71,2150,15,0,2150
2026-05-11 04:39:00,4697.74,4697.95,4690.84,4694.05,2217,15,0,2217
2026-05-11 04:42:00,4694.07,4695.29,4691.24,4694.4,2157,15,0,2157
2026-05-11 04:45:00,4694.37,4695.72,4692.61,4695.01,2074,15,0,2074
2026-05-11 04:48:00,4695.01,4695.96,4688.65,4688.99,2130,15,0,2130
2026-05-11 04:51:00,4688.86,4690.33,4685.3,4689.45,2195,15,0,2195
2026-05-11 04:54:00,4689.46,4689.7,4681.82,4684.06,2142,15,0,2142
2026-05-11 04:57:00,4684.09,4687.19,4680.05,4685.66,2202,15,0,2202
2026-05-11 05:00:00,4685.67,4692.91,4684.92,4692.33,2332,14,0,2332
2026-05-11 05:03:00,4692.32,4693.11,4686.86,4686.86,2105,13,0,2105
2026-05-11 05:06:00,4686.9,4687.02,4678.4,4683.83,2321,14,0,2321
2026-05-11 05:09:00,4683.84,4686.46,4682.68,4686.12,2136,13,0,2136
2026-05-11 05:12:00,4686.11,4689.37,4684.45,4686.14,2101,13,0,2101
2026-05-11 05:15:00,4686.08,4686.68,4683.89,4684.93,2029,13,0,2029
2026-05-11 05:18:00,4684.93,4685.93,4682.82,4684.57,1992,13,0,1992
2026-05-11 05:21:00,4684.57,4685.88,4683.59,4684.74,1938,14,0,1938
2026-05-11 05:24:00,4684.76,4688.39,4683.69,4687.73,1994,14,0,1994
2026-05-11 05:27:00,4687.73,4688.67,4685.24,4688.49,1991,15,0,1991
2026-05-11 05:30:00,4688.48,4695.5,4688.4,4693.58,2355,16,0,2355
2026-05-11 05:33:00,4693.59,4694.04,4690.78,4692.7,2106,15,0,2106
2026-05-11 05:36:00,4692.68,4699.77,4692.67,4697.74,2195,16,0,2195
2026-05-11 05:39:00,4697.74,4700.18,4694.24,4694.42,2130,13,0,2130
2026-05-11 05:42:00,4694.43,4694.49,4687.89,4688.52,2075,13,0,2075
2026-05-11 05:45:00,4688.52,4693.65,4688.17,4691.36,2084,13,0,2084
2026-05-11 05:48:00,4691.39,4691.39,4682.01,4682.57,2226,13,0,2226
2026-05-11 05:51:00,4682.57,4684.25,4678.94,4679.14,2307,16,0,2307
2026-05-11 05:54:00,4679.15,4681.85,4676.43,4679.24,2460,16,0,2460
2026-05-11 05:57:00,4679.22,4682.48,4678.19,4681.65,2360,15,0,2360
2026-05-11 06:00:00,4681.67,4681.67,4674.97,4680.99,2413,15,0,2413
2026-05-11 06:03:00,4681.0,4685.02,4680.26,4684.3,2106,13,0,2106
2026-05-11 06:06:00,4684.3,4685.71,4681.73,4685.71,2062,13,0,2062
2026-05-11 06:09:00,4685.7,4687.56,4685.26,4687.49,2024,13,0,2024
2026-05-11 06:12:00,4687.49,4689.67,4686.74,4687.08,2049,15,0,2049
2026-05-11 06:15:00,4687.09,4687.35,4683.85,4685.94,2108,15,0,2108
2026-05-11 06:18:00,4685.93,4689.55,4685.27,4686.56,2116,16,0,2116
2026-05-11 06:21:00,4686.59,4686.69,4683.86,4686.29,2116,15,0,2116
2026-05-11 06:24:00,4686.3,4689.43,4686.22,4689.11,2032,15,0,2032
2026-05-11 06:27:00,4689.04,4690.36,4688.95,4689.48,1889,13,0,1889
2026-05-11 06:30:00,4689.49,4690.49,4686.03,4687.24,2131,13,0,2131
2026-05-11 06:33:00,4687.25,4688.72,4686.18,4686.2,1998,14,0,1998
2026-05-11 06:36:00,4686.2,4687.14,4682.53,4682.69,2078,15,0,2078
2026-05-11 06:39:00,4682.69,4685.73,4682.11,4684.58,2075,16,0,2075
2026-05-11 06:42:00,4684.56,4687.99,4683.88,4687.74,1952,13,0,1952
2026-05-11 06:45:00,4687.72,4687.75,4686.13,4686.81,1849,13,0,1849
2026-05-11 06:48:00,4686.81,4686.81,4680.3,4681.12,2131,13,0,2131
2026-05-11 06:51:00,4681.09,4682.46,4678.22,4678.31,2041,16,0,2041
2026-05-11 06:54:00,4678.3,4679.4,4677.06,4677.79,2030,14,0,2030
2026-05-11 06:57:00,4677.8,4679.31,4676.94,4678.59,1938,13,0,1938
2026-05-11 07:00:00,4678.62,4679.89,4675.47,4676.96,2086,13,0,2086
2026-05-11 07:03:00,4676.97,4677.78,4673.34,4675.91,2149,14,0,2149
2026-05-11 07:06:00,4675.92,4679.02,4675.6,4678.66,1929,13,0,1929
2026-05-11 07:09:00,4678.65,4678.98,4675.88,4677.67,2035,13,0,2035
2026-05-11 07:12:00,4677.64,4677.7,4674.82,4677.47,2023,13,0,2023
2026-05-11 07:15:00,4677.47,4678.65,4674.24,4675.41,2016,13,0,2016
2026-05-11 07:18:00,4675.42,4676.01,4671.35,4673.84,2098,13,0,2098
2026-05-11 07:21:00,4673.84,4674.93,4670.3,4673.95,1991,15,0,1991
2026-05-11 07:24:00,4673.96,4675.55,4673.46,4674.37,1900,13,0,1900
2026-05-11 07:27:00,4674.34,4675.87,4671.53,4671.71,1878,13,0,1878
2026-05-11 07:30:00,4671.73,4671.77,4668.48,4668.92,2026,15,0,2026
2026-05-11 07:33:00,4668.91,4673.65,4668.78,4673.17,2003,13,0,2003
2026-05-11 07:36:00,4673.15,4674.48,4671.54,4674.27,1934,13,0,1934
2026-05-11 07:39:00,4674.28,4674.6,4671.31,4672.82,1883,13,0,1883
2026-05-11 07:42:00,4672.81,4673.63,4671.78,4673.03,1904,13,0,1904
2026-05-11 07:45:00,4673.03,4674.24,4672.76,4673.71,1835,13,0,1835
2026-05-11 07:48:00,4673.72,4675.98,4673.56,4675.92,1869,13,0,1869
2026-05-11 07:51:00,4675.94,4675.94,4673.1,4673.8,1853,14,0,1853
2026-05-11 07:54:00,4673.83,4675.59,4672.62,4673.27,1869,15,0,1869
2026-05-11 07:57:00,4673.29,4674.29,4671.77,4672.01,1841,15,0,1841
2026-05-11 08:00:00,4672.03,4675.6,4671.77,4675.23,1889,15,0,1889
2026-05-11 08:03:00,4675.23,4675.98,4674.83,4675.61,1840,14,0,1840
2026-05-11 08:06:00,4675.61,4675.65,4670.71,4671.23,1912,15,0,1912
2026-05-11 08:09:00,4671.24,4673.22,4671.04,4671.9,1878,14,0,1878
2026-05-11 08:12:00,4671.91,4673.74,4671.73,4673.36,1956,16,0,1956
2026-05-11 08:15:00,4673.36,4674.34,4671.89,4673.81,1915,13,0,1915
2026-05-11 08:18:00,4673.82,4674.48,4672.58,4673.81,1850,13,0,1850
2026-05-11 08:21:00,4673.81,4674.98,4672.94,4673.83,1866,13,0,1866
2026-05-11 08:24:00,4673.84,4675.28,4673.31,4674.32,1942,15,0,1942
2026-05-11 08:27:00,4674.32,4674.38,4670.76,4670.76,1878,13,0,1878
2026-05-11 08:30:00,4670.7,4675.39,4670.69,4673.69,2409,16,0,2409
2026-05-11 08:33:00,4673.68,4680.69,4673.32,4677.76,2130,16,0,2130
2026-05-11 08:36:00,4677.77,4677.78,4672.8,4673.95,2080,16,0,2080
2026-05-11 08:39:00,4673.97,4674.86,4672.5,4672.52,1942,15,0,1942
2026-05-11 08:42:00,4672.51,4673.08,4662.08,4663.69,2437,16,0,2437
2026-05-11 08:45:00,4663.63,4663.82,4658.83,4659.67,2426,16,0,2426
2026-05-11 08:48:00,4659.7,4663.98,4658.09,4658.15,2218,15,0,2218
2026-05-11 08:51:00,4658.17,4659.93,4652.8,4658.5,2579,15,0,2579
2026-05-11 08:54:00,4658.47,4658.54,4648.1,4650.26,2501,16,0,2501
2026-05-11 08:57:00,4650.24,4655.02,4650.23,4652.26,2287,15,0,2287
2026-05-11 09:00:00,4652.28,4656.17,4649.29,4655.33,2496,14,0,2496
2026-05-11 09:03:00,4655.34,4660.38,4654.9,4660.11,2279,12,0,2279
2026-05-11 09:06:00,4660.11,4664.8,4657.37,4663.67,2321,13,0,2321
2026-05-11 09:09:00,4663.66,4665.12,4662.15,4663.18,2197,11,0,2197
2026-05-11 09:12:00,4663.21,4666.99,4663.06,4665.32,2292,11,0,2292
2026-05-11 09:15:00,4665.33,4669.51,4665.12,4669.1,2225,13,0,2225
2026-05-11 09:18:00,4669.13,4670.73,4668.07,4670.32,2180,14,0,2180
2026-05-11 09:21:00,4670.31,4670.34,4664.83,4666.9,2262,14,0,2262
2026-05-11 09:24:00,4666.93,4668.8,4664.78,4666.89,2211,14,0,2211
2026-05-11 09:27:00,4666.91,4667.5,4664.72,4667.38,2219,13,0,2219
2026-05-11 09:30:00,4667.38,4671.18,4667.36,4669.88,2238,14,0,2238
2026-05-11 09:33:00,4669.89,4672.22,4668.78,4669.87,2129,13,0,2129
2026-05-11 09:36:00,4669.88,4674.4,4669.88,4672.83,2126,12,0,2126
2026-05-11 09:39:00,4672.82,4673.43,4670.26,4671.75,2027,12,0,2027
2026-05-11 09:42:00,4671.74,4675.59,4671.07,4674.31,2195,12,0,2195
2026-05-11 09:45:00,4674.31,4675.03,4673.02,4673.59,2073,13,0,2073
2026-05-11 09:48:00,4673.58,4676.88,4671.34,4672.48,2170,12,0,2170
2026-05-11 09:51:00,4672.49,4680.02,4672.32,4679.17,2158,12,0,2158
2026-05-11 09:54:00,4679.17,4680.45,4676.5,4677.32,2103,13,0,2103
2026-05-11 09:57:00,4677.32,4679.06,4676.15,4678.47,2583,9,0,2583
2026-05-11 10:00:00,4678.47,4680.31,4677.73,4679.04,2269,11,0,2269
2026-05-11 10:03:00,4679.03,4679.27,4676.57,4676.7,2389,9,0,2389
2026-05-11 10:06:00,4676.69,4678.01,4675.78,4676.73,2399,9,0,2399
2026-05-11 10:09:00,4676.69,4676.7,4674.5,4675.68,2149,12,0,2149
2026-05-11 10:12:00,4675.69,4676.72,4675.07,4676.07,2453,9,0,2453
2026-05-11 10:15:00,4676.05,4676.98,4672.22,4672.98,2224,9,0,2224
2026-05-11 10:18:00,4672.98,4674.52,4672.62,4674.19,1949,9,0,1949
2026-05-11 10:21:00,4674.21,4677.22,4672.87,4675.61,1950,13,0,1950
2026-05-11 10:24:00,4675.58,4677.38,4674.99,4677.26,1966,12,0,1966
2026-05-11 10:27:00,4677.28,4678.02,4675.18,4675.86,1992,12,0,1992
2026-05-11 10:30:00,4675.87,4678.05,4674.44,4674.89,1960,14,0,1960
2026-05-11 10:33:00,4674.89,4675.01,4672.49,4673.98,1976,14,0,1976
2026-05-11 10:36:00,4673.98,4676.57,4673.01,4675.45,2030,13,0,2030
2026-05-11 10:39:00,4675.47,4676.51,4673.75,4675.56,2065,13,0,2065
2026-05-11 10:42:00,4675.58,4676.13,4671.77,4672.01,1981,14,0,1981
2026-05-11 10:45:00,4672.03,4672.94,4667.36,4668.31,2369,9,0,2369
2026-05-11 10:48:00,4668.32,4668.89,4666.01,4667.05,1977,11,0,1977
2026-05-11 10:51:00,4667.03,4669.35,4664.38,4669.09,2156,9,0,2156
2026-05-11 10:54:00,4669.08,4670.76,4667.83,4667.91,2091,9,0,2091
2026-05-11 10:57:00,4667.91,4668.42,4665.74,4667.74,2252,9,0,2252
2026-05-11 11:00:00,4667.77,4668.3,4664.51,4664.71,2076,11,0,2076
2026-05-11 11:03:00,4664.72,4671.06,4664.51,4669.74,2057,14,0,2057
2026-05-11 11:06:00,4669.74,4670.62,4665.76,4666.54,2107,13,0,2107
2026-05-11 11:09:00,4666.56,4673.17,4664.22,4672.19,2185,14,0,2185
2026-05-11 11:12:00,4672.22,4673.68,4670.76,4671.99,2122,14,0,2122
2026-05-11 11:15:00,4672.0,4674.53,4671.98,4673.23,2278,9,0,2278
2026-05-11 11:18:00,4673.25,4675.65,4672.8,4672.81,2096,9,0,2096
2026-05-11 11:21:00,4672.83,4678.75,4672.6,4678.04,2087,11,0,2087
2026-05-11 11:24:00,4678.02,4678.27,4675.43,4675.45,2122,9,0,2122
2026-05-11 11:27:00,4675.45,4676.21,4671.71,4671.75,2089,12,0,2089
2026-05-11 11:30:00,4671.69,4674.37,4669.93,4673.48,2160,12,0,2160
2026-05-11 11:33:00,4673.48,4675.22,4670.07,4670.56,2035,13,0,2035
2026-05-11 11:36:00,4670.53,4673.22,4669.91,4673.18,2464,9,0,2464
2026-05-11 11:39:00,4673.18,4673.23,4669.21,4669.24,2204,9,0,2204
2026-05-11 11:42:00,4669.27,4670.69,4669.15,4670.35,2106,9,0,2106
2026-05-11 11:45:00,4670.37,4671.43,4669.46,4670.23,1998,9,0,1998
2026-05-11 11:48:00,4670.24,4671.12,4668.67,4669.61,1948,11,0,1948
2026-05-11 11:51:00,4669.57,4670.35,4667.24,4667.47,1975,14,0,1975
2026-05-11 11:54:00,4667.48,4668.97,4666.75,4668.25,2107,9,0,2107
2026-05-11 11:57:00,4668.23,4668.44,4666.85,4667.58,2139,9,0,2139
2026-05-11 12:00:00,4667.57,4668.89,4665.26,4667.67,2132,11,0,2132
2026-05-11 12:03:00,4667.69,4669.74,4667.04,4669.45,1977,12,0,1977
2026-05-11 12:06:00,4669.47,4669.96,4667.65,4667.73,2275,9,0,2275
2026-05-11 12:09:00,4667.7,4668.48,4666.72,4667.37,1904,9,0,1904
2026-05-11 12:12:00,4667.37,4668.1,4666.03,4667.59,1882,14,0,1882
2026-05-11 12:15:00,4667.58,4667.6,4664.69,4665.7,1953,12,0,1953
2026-05-11 12:18:00,4665.68,4666.38,4664.38,4665.3,1947,14,0,1947
2026-05-11 12:21:00,4665.27,4665.75,4662.82,4663.11,2414,9,0,2414
2026-05-11 12:24:00,4663.08,4663.92,4658.63,4660.13,2019,13,0,2019
2026-05-11 12:27:00,4660.11,4661.42,4656.91,4657.53,2047,11,0,2047
2026-05-11 12:30:00,4657.52,4658.74,4652.92,4654.87,2191,14,0,2191
2026-05-11 12:33:00,4654.87,4658.06,4650.54,4656.87,2192,14,0,2192
2026-05-11 12:36:00,4656.84,4660.04,4656.72,4659.73,1994,14,0,1994
2026-05-11 12:39:00,4659.71,4660.52,4657.25,4660.11,1947,12,0,1947
2026-05-11 12:42:00,4660.16,4663.66,4659.14,4662.93,1973,13,0,1973
2026-05-11 12:45:00,4662.92,4664.86,4661.68,4662.8,1962,13,0,1962
2026-05-11 12:48:00,4662.77,4663.25,4661.05,4663.23,1924,11,0,1924
2026-05-11 12:51:00,4663.23,4663.26,4658.83,4660.65,1897,12,0,1897
2026-05-11 12:54:00,4660.62,4662.13,4657.7,4658.73,1940,11,0,1940
2026-05-11 12:57:00,4658.7,4659.43,4656.23,4656.72,2016,13,0,2016
2026-05-11 13:00:00,4656.74,4661.11,4656.37,4660.53,2160,9,0,2160
2026-05-11 13:03:00,4660.51,4661.25,4657.57,4659.66,1931,10,0,1931
2026-05-11 13:06:00,4659.7,4661.0,4656.68,4660.13,2081,9,0,2081
2026-05-11 13:09:00,4660.13,4662.54,4660.11,4662.35,2303,9,0,2303
2026-05-11 13:12:00,4662.35,4662.89,4660.99,4662.57,1932,9,0,1932
2026-05-11 13:15:00,4662.54,4662.55,4660.43,4661.31,1919,13,0,1919
2026-05-11 13:18:00,4661.31,4663.05,4660.98,4661.22,1918,9,0,1918
2026-05-11 13:21:00,4661.21,4664.11,4661.19,4664.1,1898,12,0,1898
2026-05-11 13:24:00,4664.08,4665.88,4663.68,4665.17,1950,14,0,1950
2026-05-11 13:27:00,4665.17,4665.36,4662.85,4663.38,1848,12,0,1848
2026-05-11 13:30:00,4663.39,4666.7,4662.45,4666.12,1946,12,0,1946
2026-05-11 13:33:00,4666.13,4666.57,4665.35,4666.14,2327,9,0,2327
2026-05-11 13:36:00,4666.2,4666.55,4662.04,4662.37,1942,9,0,1942
2026-05-11 13:39:00,4662.37,4663.37,4660.32,4662.17,2061,14,0,2061
2026-05-11 13:42:00,4662.17,4663.48,4661.23,4663.44,1878,11,0,1878
2026-05-11 13:45:00,4663.41,4664.66,4661.4,4662.51,1926,12,0,1926
2026-05-11 13:48:00,4662.51,4665.4,4662.45,4665.38,1907,11,0,1907
2026-05-11 13:51:00,4665.36,4667.51,4664.47,4666.11,1931,12,0,1931
2026-05-11 13:54:00,4666.12,4666.12,4663.81,4664.91,2206,9,0,2206
2026-05-11 13:57:00,4664.93,4665.91,4663.81,4663.81,1896,10,0,1896
2026-05-11 14:00:00,4663.9,4668.48,4663.9,4668.29,2011,11,0,2011
2026-05-11 14:03:00,4668.31,4672.47,4668.3,4670.07,2111,14,0,2111
2026-05-11 14:06:00,4670.07,4671.18,4667.22,4667.71,1987,14,0,1987
2026-05-11 14:09:00,4667.73,4669.97,4667.63,4667.96,1971,11,0,1971
2026-05-11 14:12:00,4667.95,4669.5,4666.82,4669.42,2212,9,0,2212
2026-05-11 14:15:00,4669.43,4670.07,4667.95,4669.03,2034,9,0,2034
2026-05-11 14:18:00,4669.01,4670.09,4668.51,4669.73,1919,9,0,1919
2026-05-11 14:21:00,4669.71,4670.41,4667.59,4668.35,1910,12,0,1910
2026-05-11 14:24:00,4668.33,4669.37,4667.61,4668.18,1827,14,0,1827
2026-05-11 14:27:00,4668.18,4672.11,4667.94,4671.96,1901,13,0,1901
2026-05-11 14:30:00,4671.94,4672.88,4670.22,4672.25,2004,14,0,2004
2026-05-11 14:33:00,4672.27,4673.27,4670.34,4672.67,2002,14,0,2002
2026-05-11 14:36:00,4672.68,4675.53,4671.89,4675.46,2052,14,0,2052
2026-05-11 14:39:00,4675.44,4677.22,4674.77,4676.98,2008,14,0,2008
2026-05-11 14:42:00,4676.95,4677.32,4674.35,4674.45,2031,12,0,2031
2026-05-11 14:45:00,4674.45,4674.97,4673.93,4674.66,2366,9,0,2366
2026-05-11 14:48:00,4674.64,4674.79,4671.64,4672.09,2092,9,0,2092
2026-05-11 14:51:00,4672.09,4672.98,4670.34,4672.55,2001,13,0,2001
2026-05-11 14:54:00,4672.51,4673.16,4670.45,4673.02,2025,12,0,2025
2026-05-11 14:57:00,4673.02,4674.6,4672.7,4674.5,2412,9,0,2412
2026-05-11 15:00:00,4674.49,4675.88,4672.54,4674.01,2116,9,0,2116
2026-05-11 15:03:00,4674.04,4674.04,4669.11,4669.38,2024,11,0,2024
2026-05-11 15:06:00,4669.38,4671.61,4669.23,4670.56,1929,12,0,1929
2026-05-11 15:09:00,4670.57,4670.57,4667.86,4668.66,2053,9,0,2053
2026-05-11 15:12:00,4668.66,4669.45,4667.44,4668.43,2403,9,0,2403
2026-05-11 15:15:00,4668.43,4670.8,4667.55,4669.96,1992,9,0,1992
2026-05-11 15:18:00,4669.99,4675.63,4669.72,4675.35,2185,12,0,2185
2026-05-11 15:21:00,4675.35,4692.99,4675.29,4691.76,2874,14,0,2874
2026-05-11 15:24:00,4691.79,4695.42,4685.9,4688.48,2593,14,0,2593
2026-05-11 15:27:00,4688.53,4692.58,4687.33,4690.7,2324,14,0,2324
2026-05-11 15:30:00,4690.71,4696.5,4689.23,4694.37,2360,14,0,2360
2026-05-11 15:33:00,4694.38,4697.49,4691.24,4696.78,2229,14,0,2229
2026-05-11 15:36:00,4696.79,4698.45,4695.77,4696.03,2242,14,0,2242
2026-05-11 15:39:00,4696.01,4697.84,4692.3,4693.24,2304,13,0,2304
2026-05-11 15:42:00,4693.23,4694.56,4691.53,4692.3,2216,13,0,2216
2026-05-11 15:45:00,4692.27,4695.84,4688.28,4689.62,2295,13,0,2295
2026-05-11 15:48:00,4689.64,4691.96,4686.34,4689.78,2483,14,0,2483
2026-05-11 15:51:00,4689.79,4694.11,4689.71,4692.65,2259,10,0,2259
2026-05-11 15:54:00,4692.65,4700.14,4691.57,4698.74,2202,10,0,2202
2026-05-11 15:57:00,4698.75,4701.1,4698.32,4699.96,2249,12,0,2249
2026-05-11 16:00:00,4699.96,4707.86,4698.73,4706.73,2708,14,0,2708
2026-05-11 16:03:00,4706.74,4712.38,4705.26,4712.38,2398,14,0,2398
2026-05-11 16:06:00,4712.38,4715.37,4711.42,4715.0,2484,9,0,2484
2026-05-11 16:09:00,4714.97,4718.11,4712.59,4714.53,2573,9,0,2573
2026-05-11 16:12:00,4714.51,4721.8,4713.85,4721.08,2404,14,0,2404
2026-05-11 16:15:00,4721.08,4727.78,4720.51,4725.72,2614,11,0,2614
2026-05-11 16:18:00,4725.64,4733.12,4724.83,4732.88,2585,14,0,2585
2026-05-11 16:21:00,4732.87,4734.81,4726.55,4733.77,2495,14,0,2495
2026-05-11 16:24:00,4733.77,4735.7,4731.1,4733.41,2426,11,0,2426
2026-05-11 16:27:00,4733.41,4734.08,4727.47,4728.48,2529,9,0,2529
2026-05-11 16:30:00,4728.47,4736.57,4728.3,4733.76,2783,10,0,2783
2026-05-11 16:33:00,4733.77,4738.19,4733.45,4734.93,2954,9,0,2954
2026-05-11 16:36:00,4734.96,4740.02,4734.59,4738.98,2589,14,0,2589
2026-05-11 16:39:00,4739.01,4742.28,4735.03,4742.16,2618,12,0,2618
2026-05-11 16:42:00,4742.14,4745.66,4741.16,4743.82,3031,9,0,3031
2026-05-11 16:45:00,4743.81,4748.62,4740.87,4740.88,2490,9,0,2490
2026-05-11 16:48:00,4740.88,4740.88,4734.92,4735.16,2842,9,0,2842
2026-05-11 16:51:00,4735.17,4742.27,4734.77,4740.82,2445,9,0,2445
2026-05-11 16:54:00,4740.85,4744.76,4739.23,4742.92,2742,9,0,2742
2026-05-11 16:57:00,4742.95,4743.76,4735.94,4735.96,2637,9,0,2637
2026-05-11 17:00:00,4735.97,4738.56,4730.21,4730.33,2508,9,0,2508
2026-05-11 17:03:00,4730.29,4732.15,4726.49,4727.6,2490,11,0,2490
2026-05-11 17:06:00,4727.61,4728.37,4718.51,4724.95,2621,14,0,2621
2026-05-11 17:09:00,4724.95,4728.06,4721.61,4727.75,2643,9,0,2643
2026-05-11 17:12:00,4727.77,4732.42,4727.17,4730.98,2527,9,0,2527
2026-05-11 17:15:00,4731.01,4732.43,4725.57,4726.86,2486,9,0,2486
2026-05-11 17:18:00,4726.87,4732.01,4726.51,4731.04,2357,9,0,2357
2026-05-11 17:21:00,4731.05,4732.81,4730.16,4731.99,2180,9,0,2180
2026-05-11 17:24:00,4731.97,4733.87,4726.56,4729.42,2292,11,0,2292
2026-05-11 17:27:00,4729.41,4729.73,4724.5,4725.02,2381,14,0,2381
2026-05-11 17:30:00,4725.02,4727.83,4715.24,4720.22,2731,14,0,2731
2026-05-11 17:33:00,4720.39,4723.7,4716.07,4723.28,2545,14,0,2545
2026-05-11 17:36:00,4723.28,4728.74,4717.96,4725.49,2610,14,0,2610
2026-05-11 17:39:00,4725.46,4731.46,4725.46,4731.4,2192,11,0,2192
2026-05-11 17:42:00,4731.38,4733.62,4730.2,4732.53,2179,9,0,2179
2026-05-11 17:45:00,4732.52,4733.98,4727.42,4728.39,2257,9,0,2257
2026-05-11 17:48:00,4728.39,4730.39,4727.47,4728.92,2332,14,0,2332
2026-05-11 17:51:00,4728.94,4730.24,4727.35,4729.92,2294,10,0,2294
2026-05-11 17:54:00,4729.92,4729.92,4725.62,4725.84,2137,9,0,2137
2026-05-11 17:57:00,4725.79,4726.68,4723.83,4725.62,2144,9,0,2144
2026-05-11 18:00:00,4725.56,4726.97,4722.84,4726.41,2254,13,0,2254
2026-05-11 18:03:00,4726.49,4728.38,4724.85,4727.74,2181,14,0,2181
2026-05-11 18:06:00,4727.75,4730.24,4726.85,4728.83,2128,14,0,2128
2026-05-11 18:09:00,4728.83,4730.87,4727.9,4729.88,2132,14,0,2132
2026-05-11 18:12:00,4729.89,4731.77,4727.36,4728.51,2144,14,0,2144
2026-05-11 18:15:00,4728.51,4734.7,4727.32,4733.6,2176,13,0,2176
2026-05-11 18:18:00,4733.59,4733.96,4730.69,4732.71,2012,13,0,2012
2026-05-11 18:21:00,4732.73,4736.99,4731.98,4736.74,2077,13,0,2077
2026-05-11 18:24:00,4736.74,4738.27,4733.08,4733.08,2095,14,0,2095
2026-05-11 18:27:00,4733.1,4734.09,4732.0,4732.89,2050,11,0,2050
2026-05-11 18:30:00,4732.9,4734.78,4732.4,4732.86,2048,13,0,2048
2026-05-11 18:33:00,4732.85,4733.83,4730.15,4730.17,2096,10,0,2096
2026-05-11 18:36:00,4730.17,4732.02,4729.84,4730.78,2057,13,0,2057
2026-05-11 18:39:00,4730.81,4731.0,4727.27,4729.36,1993,11,0,1993
2026-05-11 18:42:00,4729.38,4731.46,4726.58,4727.42,2324,9,0,2324
2026-05-11 18:45:00,4727.43,4729.22,4725.05,4728.04,2324,14,0,2324
2026-05-11 18:48:00,4728.03,4730.09,4727.44,4728.57,2081,11,0,2081
2026-05-11 18:51:00,4728.56,4731.64,4727.98,4731.49,2063,9,0,2063
2026-05-11 18:54:00,4731.46,4732.56,4730.54,4731.17,2003,10,0,2003
2026-05-11 18:57:00,4731.18,4732.71,4730.86,4732.2,2033,9,0,2033
2026-05-11 19:00:00,4732.2,4733.53,4730.8,4731.75,1974,13,0,1974
2026-05-11 19:03:00,4731.77,4732.85,4730.81,4731.77,1993,13,0,1993
2026-05-11 19:06:00,4731.76,4733.01,4730.5,4730.76,2007,14,0,2007
2026-05-11 19:09:00,4730.74,4731.02,4728.56,4729.07,1919,14,0,1919
2026-05-11 19:12:00,4729.06,4729.73,4727.05,4727.87,2010,13,0,2010
2026-05-11 19:15:00,4727.84,4728.2,4724.81,4725.57,2026,13,0,2026
2026-05-11 19:18:00,4725.56,4727.29,4724.22,4724.57,2009,13,0,2009
2026-05-11 19:21:00,4724.61,4725.24,4723.51,4724.24,2040,13,0,2040
2026-05-11 19:24:00,4724.22,4725.86,4722.94,4724.08,2030,10,0,2030
2026-05-11 19:27:00,4724.07,4724.88,4722.46,4723.93,2027,14,0,2027
2026-05-11 19:30:00,4723.92,4726.09,4723.36,4724.97,2192,9,0,2192
2026-05-11 19:33:00,4725.0,4725.0,4719.4,4719.95,2215,9,0,2215
2026-05-11 19:36:00,4719.99,4720.92,4717.57,4720.31,2030,14,0,2030
2026-05-11 19:39:00,4720.3,4721.74,4717.17,4717.17,2416,9,0,2416
2026-05-11 19:42:00,4716.91,4717.12,4708.01,4711.36,2760,14,0,2760
2026-05-11 19:45:00,4711.37,4715.99,4708.97,4715.71,2329,14,0,2329
2026-05-11 19:48:00,4715.72,4716.24,4713.7,4715.92,2141,14,0,2141
2026-05-11 19:51:00,4715.92,4716.69,4714.29,4715.86,2132,14,0,2132
2026-05-11 19:54:00,4715.79,4716.65,4713.33,4715.6,2070,14,0,2070
2026-05-11 19:57:00,4715.58,4716.93,4713.69,4716.52,2089,12,0,2089
2026-05-11 20:00:00,4716.49,4719.38,4716.45,4718.0,2007,13,0,2007
2026-05-11 20:03:00,4717.99,4720.05,4717.09,4718.97,2005,14,0,2005
2026-05-11 20:06:00,4718.95,4719.94,4717.7,4718.65,1978,14,0,1978
2026-05-11 20:09:00,4718.64,4719.07,4717.26,4718.47,1975,14,0,1975
2026-05-11 20:12:00,4718.3,4718.92,4715.89,4718.4,2068,14,0,2068
2026-05-11 20:15:00,4718.38,4719.27,4717.45,4718.84,2008,14,0,2008
2026-05-11 20:18:00,4718.86,4718.87,4717.16,4718.5,1971,14,0,1971
2026-05-11 20:21:00,4718.5,4720.94,4718.48,4718.83,2038,14,0,2038
2026-05-11 20:24:00,4718.78,4721.67,4717.64,4720.9,2048,14,0,2048
2026-05-11 20:27:00,4720.9,4721.72,4717.44,4718.14,2084,13,0,2084
2026-05-11 20:30:00,4718.15,4723.24,4717.79,4723.12,1963,13,0,1963
2026-05-11 20:33:00,4723.1,4724.02,4721.91,4722.11,1935,12,0,1935
2026-05-11 20:36:00,4722.09,4723.41,4721.98,4723.09,2083,9,0,2083
2026-05-11 20:39:00,4723.08,4723.16,4721.38,4723.07,1905,12,0,1905
2026-05-11 20:42:00,4723.05,4724.46,4722.09,4723.93,1943,13,0,1943
2026-05-11 20:45:00,4723.88,4724.7,4723.32,4723.62,1886,13,0,1886
2026-05-11 20:48:00,4723.62,4723.65,4722.22,4723.63,1947,11,0,1947
2026-05-11 20:51:00,4723.62,4723.87,4722.66,4722.92,1860,11,0,1860
2026-05-11 20:54:00,4722.91,4723.08,4721.84,4722.37,1874,12,0,1874
2026-05-11 20:57:00,4722.38,4723.8,4722.13,4723.71,1879,14,0,1879
2026-05-11 21:00:00,4723.69,4724.95,4722.58,4722.67,1878,14,0,1878
2026-05-11 21:03:00,4722.67,4724.99,4722.67,4724.79,1849,14,0,1849
2026-05-11 21:06:00,4724.78,4726.93,4724.72,4726.22,1932,14,0,1932
2026-05-11 21:09:00,4726.2,4726.38,4722.8,4722.81,1989,13,0,1989
2026-05-11 21:12:00,4722.81,4724.83,4722.11,4723.52,1978,14,0,1978
2026-05-11 21:15:00,4723.5,4724.41,4722.05,4723.91,1920,14,0,1920
2026-05-11 21:18:00,4723.91,4724.41,4721.12,4722.89,1941,12,0,1941
2026-05-11 21:21:00,4722.9,4723.85,4721.96,4722.3,1989,14,0,1989
2026-05-11 21:24:00,4722.27,4725.52,4722.24,4725.48,2016,13,0,2016
2026-05-11 21:27:00,4725.5,4727.53,4724.55,4727.24,1921,13,0,1921
2026-05-11 21:30:00,4727.22,4727.78,4726.84,4727.38,2137,9,0,2137
2026-05-11 21:33:00,4727.35,4728.64,4726.59,4728.52,1841,9,0,1841
2026-05-11 21:36:00,4728.55,4729.37,4727.69,4728.11,1924,12,0,1924
2026-05-11 21:39:00,4728.12,4728.23,4726.02,4726.12,1928,11,0,1928
2026-05-11 21:42:00,4726.14,4727.71,4725.65,4726.91,1855,11,0,1855
2026-05-11 21:45:00,4726.94,4726.98,4725.33,4726.9,1882,14,0,1882
2026-05-11 21:48:00,4726.9,4727.08,4726.11,4726.55,1851,12,0,1851
2026-05-11 21:51:00,4726.52,4727.8,4726.18,4726.29,1848,12,0,1848
2026-05-11 21:54:00,4726.31,4728.99,4725.84,4728.99,1899,14,0,1899
2026-05-11 21:57:00,4728.98,4729.12,4724.87,4724.94,2007,14,0,2007
2026-05-11 22:00:00,4724.95,4727.25,4724.44,4725.14,2020,14,0,2020
2026-05-11 22:03:00,4725.14,4726.28,4724.07,4726.26,1908,13,0,1908
2026-05-11 22:06:00,4726.27,4728.49,4726.15,4727.74,1964,13,0,1964
2026-05-11 22:09:00,4727.74,4728.1,4726.57,4727.05,2621,9,0,2621
2026-05-11 22:12:00,4727.03,4727.3,4723.7,4724.87,1962,10,0,1962
2026-05-11 22:15:00,4724.88,4725.61,4723.98,4725.1,2003,12,0,2003
2026-05-11 22:18:00,4725.12,4725.45,4724.32,4724.59,1910,10,0,1910
2026-05-11 22:21:00,4724.58,4725.19,4723.98,4724.78,1907,9,0,1907
2026-05-11 22:24:00,4724.79,4725.1,4723.34,4723.56,1954,9,0,1954
2026-05-11 22:27:00,4723.58,4724.5,4723.0,4724.29,1943,10,0,1943
2026-05-11 22:30:00,4724.27,4725.45,4722.45,4724.98,1952,14,0,1952
2026-05-11 22:33:00,4724.91,4725.88,4723.89,4725.83,1928,11,0,1928
2026-05-11 22:36:00,4725.83,4727.7,4725.78,4727.44,2356,9,0,2356
2026-05-11 22:39:00,4727.45,4728.62,4726.33,4727.81,2154,9,0,2154
2026-05-11 22:42:00,4727.79,4728.43,4727.0,4727.01,2052,9,0,2052
2026-05-11 22:45:00,4727.02,4729.98,4727.01,4729.96,1868,12,0,1868
2026-05-11 22:48:00,4729.98,4731.84,4728.59,4731.42,1966,12,0,1966
2026-05-11 22:51:00,4731.39,4732.83,4730.09,4732.64,2157,9,0,2157
2026-05-11 22:54:00,4732.64,4736.24,4732.26,4733.74,2020,14,0,2020
2026-05-11 22:57:00,4733.74,4735.68,4733.06,4733.55,2116,14,0,2116
2026-05-11 23:00:00,4733.57,4737.89,4733.57,4737.26,1921,11,0,1921
2026-05-11 23:03:00,4737.25,4737.43,4736.27,4736.43,2162,9,0,2162
2026-05-11 23:06:00,4736.46,4736.46,4733.56,4734.03,1900,9,0,1900
2026-05-11 23:09:00,4734.04,4734.89,4729.99,4731.84,2066,9,0,2066
2026-05-11 23:12:00,4731.78,4736.91,4730.79,4735.0,2064,14,0,2064
2026-05-11 23:15:00,4735.03,4735.24,4734.0,4734.88,1821,12,0,1821
2026-05-11 23:18:00,4734.87,4735.24,4734.19,4734.45,1784,9,0,1784
2026-05-11 23:21:00,4734.46,4734.76,4733.53,4734.07,1786,9,0,1786
2026-05-11 23:24:00,4734.08,4734.78,4733.74,4734.05,1738,11,0,1738
2026-05-11 23:27:00,4734.02,4735.45,4734.0,4735.39,1806,13,0,1806
2026-05-11 23:30:00,4735.38,4738.36,4734.94,4738.35,1803,14,0,1803
2026-05-11 23:33:00,4738.35,4738.65,4737.48,4738.04,1850,14,0,1850
2026-05-11 23:36:00,4738.05,4738.38,4737.36,4738.31,1786,13,0,1786
2026-05-11 23:39:00,4738.33,4738.33,4737.33,4737.67,1776,13,0,1776
2026-05-11 23:42:00,4737.68,4737.95,4737.31,4737.55,1762,22,0,1762
2026-05-11 23:45:00,4737.55,4737.69,4736.86,4737.23,1752,22,0,1752
2026-05-11 23:48:00,4737.24,4737.41,4733.84,4733.86,1849,22,0,1849
2026-05-11 23:51:00,4733.87,4734.87,4732.53,4734.5,1820,22,0,1820
2026-05-11 23:54:00,4734.49,4735.61,4734.1,4734.78,1822,22,0,1822
2026-05-11 23:57:00,4734.78,4735.19,4734.46,4734.72,1174,22,0,1174
2026-05-12 01:00:00,4738.29,4743.17,4737.54,4742.66,3630,16,0,3630
2026-05-12 01:03:00,4742.63,4743.33,4738.35,4739.67,1998,16,0,1998
2026-05-12 01:06:00,4739.67,4743.97,4739.5,4743.22,1992,15,0,1992
2026-05-12 01:09:00,4743.24,4743.73,4739.11,4740.23,1883,16,0,1883
2026-05-12 01:12:00,4740.26,4740.75,4738.56,4739.12,1821,14,0,1821
2026-05-12 01:15:00,4739.13,4739.71,4737.84,4738.55,1803,15,0,1803
2026-05-12 01:18:00,4738.54,4739.65,4737.53,4739.26,1803,15,0,1803
2026-05-12 01:21:00,4739.28,4739.94,4738.24,4739.72,1761,14,0,1761
2026-05-12 01:24:00,4739.73,4740.13,4739.27,4739.59,1685,13,0,1685
2026-05-12 01:27:00,4739.62,4741.94,4739.55,4739.84,1831,13,0,1831
2026-05-12 01:30:00,4739.83,4741.24,4738.97,4741.2,1783,15,0,1783
2026-05-12 01:33:00,4741.21,4742.43,4740.77,4741.65,1796,15,0,1796
2026-05-12 01:36:00,4741.62,4742.76,4741.06,4742.21,1790,14,0,1790
2026-05-12 01:39:00,4742.2,4742.94,4741.21,4742.89,1760,13,0,1760
2026-05-12 01:42:00,4742.89,4745.11,4741.7,4744.79,1820,14,0,1820
2026-05-12 01:45:00,4744.78,4755.33,4744.26,4753.85,2173,16,0,2173
2026-05-12 01:48:00,4753.85,4753.85,4750.67,4751.1,1845,15,0,1845
2026-05-12 01:51:00,4751.1,4753.88,4751.1,4752.71,1882,15,0,1882
2026-05-12 01:54:00,4752.78,4753.16,4750.93,4751.94,1848,15,0,1848
2026-05-12 01:57:00,4751.94,4752.72,4749.76,4750.89,1743,14,0,1743
2026-05-12 02:00:00,4750.91,4754.33,4750.91,4752.84,1934,16,0,1934
2026-05-12 02:03:00,4752.83,4753.15,4750.87,4751.35,1770,14,0,1770
2026-05-12 02:06:00,4751.35,4754.55,4751.32,4753.61,1820,14,0,1820
2026-05-12 02:09:00,4753.61,4753.97,4746.17,4746.19,1832,15,0,1832
2026-05-12 02:12:00,4746.22,4751.67,4746.19,4751.2,1939,16,0,1939
2026-05-12 02:15:00,4751.13,4754.13,4751.05,4752.04,1879,14,0,1879
2026-05-12 02:18:00,4752.03,4753.73,4750.78,4753.56,1811,13,0,1811
2026-05-12 02:21:00,4753.56,4754.06,4751.78,4752.15,1818,13,0,1818
2026-05-12 02:24:00,4752.17,4753.49,4750.83,4753.44,1826,14,0,1826
2026-05-12 02:27:00,4753.43,4754.78,4752.12,4752.93,1868,13,0,1868
2026-05-12 02:30:00,4752.9,4757.92,4751.45,4754.91,1960,16,0,1960
2026-05-12 02:33:00,4754.9,4757.41,4754.11,4756.52,1921,14,0,1921
2026-05-12 02:36:00,4756.53,4759.37,4753.47,4757.92,1975,14,0,1975
2026-05-12 02:39:00,4757.9,4757.94,4754.53,4755.12,1905,13,0,1905
2026-05-12 02:42:00,4755.14,4757.13,4754.45,4756.01,1805,13,0,1805
2026-05-12 02:45:00,4755.98,4758.55,4755.38,4758.07,1860,13,0,1860
2026-05-12 02:48:00,4758.04,4761.02,4757.64,4760.66,2000,14,0,2000
2026-05-12 02:51:00,4760.64,4769.66,4759.93,4768.31,2208,13,0,2208
2026-05-12 02:54:00,4768.31,4768.4,4765.68,4766.0,1928,13,0,1928
2026-05-12 02:57:00,4765.99,4769.19,4765.95,4767.43,1981,13,0,1981
2026-05-12 03:00:00,4767.43,4767.43,4758.56,4761.0,2264,15,0,2264
2026-05-12 03:03:00,4761.01,4765.11,4759.96,4762.19,2166,16,0,2166
2026-05-12 03:06:00,4762.18,4763.91,4760.31,4763.75,2020,15,0,2020
2026-05-12 03:09:00,4763.75,4769.43,4763.73,4765.87,2182,15,0,2182
2026-05-12 03:12:00,4765.88,4769.02,4765.52,4767.0,2124,13,0,2124
2026-05-12 03:15:00,4767.02,4773.01,4766.54,4772.94,2197,13,0,2197
2026-05-12 03:18:00,4772.95,4773.47,4769.59,4771.95,2243,15,0,2243
2026-05-12 03:21:00,4771.94,4772.18,4753.14,4756.43,2482,14,0,2482
2026-05-12 03:24:00,4756.41,4765.78,4756.41,4765.51,2360,15,0,2360
2026-05-12 03:27:00,4765.52,4765.92,4762.09,4762.36,2106,15,0,2106
2026-05-12 03:30:00,4762.34,4763.83,4759.78,4762.31,2093,14,0,2093
2026-05-12 03:33:00,4762.29,4762.32,4757.95,4758.9,2040,13,0,2040
2026-05-12 03:36:00,4758.88,4762.67,4758.51,4761.17,1959,13,0,1959
2026-05-12 03:39:00,4761.17,4761.2,4759.16,4760.36,2037,14,0,2037
2026-05-12 03:42:00,4760.35,4760.84,4757.59,4757.92,1996,14,0,1996
2026-05-12 03:45:00,4757.9,4761.89,4757.85,4758.58,2051,15,0,2051
2026-05-12 03:48:00,4758.59,4760.61,4757.75,4758.43,1948,15,0,1948
2026-05-12 03:51:00,4758.51,4760.4,4754.37,4754.81,2063,15,0,2063
2026-05-12 03:54:00,4754.79,4755.24,4752.04,4753.53,2292,16,0,2292
2026-05-12 03:57:00,4753.52,4755.78,4748.68,4749.33,2179,15,0,2179
2026-05-12 04:00:00,4749.32,4755.51,4746.42,4754.32,2611,16,0,2611
2026-05-12 04:03:00,4754.32,4754.4,4742.14,4748.1,2790,16,0,2790
2026-05-12 04:06:00,4748.08,4752.38,4746.14,4752.35,2444,16,0,2444
2026-05-12 04:09:00,4752.35,4752.89,4747.92,4747.93,2269,15,0,2269
2026-05-12 04:12:00,4747.94,4748.71,4744.46,4746.27,2168,15,0,2168
2026-05-12 04:15:00,4746.25,4747.9,4743.2,4747.73,2346,16,0,2346
2026-05-12 04:18:00,4747.75,4751.64,4745.34,4747.07,2221,15,0,2221
2026-05-12 04:21:00,4747.08,4747.75,4743.48,4745.62,2170,14,0,2170
2026-05-12 04:24:00,4745.61,4745.96,4737.01,4737.56,2280,14,0,2280
2026-05-12 04:27:00,4737.56,4739.52,4733.8,4735.17,2300,15,0,2300
2026-05-12 04:30:00,4735.19,4738.9,4733.79,4738.65,2127,13,0,2127
2026-05-12 04:33:00,4738.51,4738.79,4731.24,4732.19,2156,13,0,2156
2026-05-12 04:36:00,4732.34,4732.56,4727.56,4728.41,2350,13,0,2350
2026-05-12 04:39:00,4728.38,4729.32,4720.32,4720.91,2449,13,0,2449
2026-05-12 04:42:00,4720.89,4729.68,4720.52,4729.48,2318,13,0,2318
2026-05-12 04:45:00,4729.18,4730.41,4726.74,4727.28,2210,13,0,2210
2026-05-12 04:48:00,4727.39,4731.58,4726.26,4728.24,2259,13,0,2259
2026-05-12 04:51:00,4728.26,4729.68,4727.38,4728.45,2171,13,0,2171
2026-05-12 04:54:00,4728.44,4729.66,4724.58,4728.51,2208,13,0,2208
2026-05-12 04:57:00,4728.48,4729.8,4723.8,4727.26,2175,14,0,2175
2026-05-12 05:00:00,4727.27,4730.82,4726.63,4729.79,2291,15,0,2291
2026-05-12 05:03:00,4729.8,4730.38,4726.82,4728.07,2205,16,0,2205
2026-05-12 05:06:00,4727.97,4730.16,4725.43,4728.72,2090,14,0,2090
2026-05-12 05:09:00,4728.71,4733.84,4728.7,4733.74,2060,13,0,2060
2026-05-12 05:12:00,4733.76,4733.93,4728.99,4731.49,2091,13,0,2091
2026-05-12 05:15:00,4731.52,4731.61,4728.53,4729.83,1992,13,0,1992
2026-05-12 05:18:00,4729.81,4730.2,4726.07,4726.95,2041,13,0,2041
2026-05-12 05:21:00,4726.96,4728.52,4725.36,4728.39,1920,13,0,1920
2026-05-12 05:24:00,4728.38,4730.44,4726.58,4726.82,1984,15,0,1984
2026-05-12 05:27:00,4726.78,4727.64,4724.46,4727.11,2036,14,0,2036
2026-05-12 05:30:00,4727.1,4729.48,4722.28,4725.95,2373,16,0,2373
2026-05-12 05:33:00,4725.94,4726.97,4723.95,4725.49,2185,16,0,2185
2026-05-12 05:36:00,4725.49,4729.15,4724.87,4725.98,2075,13,0,2075
2026-05-12 05:39:00,4725.97,4727.5,4724.79,4725.42,2229,13,0,2229
2026-05-12 05:42:00,4725.41,4731.97,4725.0,4731.86,2083,13,0,2083
2026-05-12 05:45:00,4731.85,4733.35,4729.62,4730.29,2147,13,0,2147
2026-05-12 05:48:00,4730.27,4731.8,4727.16,4731.6,2145,13,0,2145
2026-05-12 05:51:00,4731.62,4733.43,4729.61,4731.99,2174,15,0,2174
2026-05-12 05:54:00,4731.99,4733.19,4730.4,4732.04,2064,13,0,2064
2026-05-12 05:57:00,4732.06,4733.23,4729.94,4729.94,2095,14,0,2095
2026-05-12 06:00:00,4729.98,4733.19,4728.99,4729.04,2097,13,0,2097
2026-05-12 06:03:00,4729.03,4731.76,4728.09,4729.85,2264,13,0,2264
2026-05-12 06:06:00,4729.87,4730.16,4727.52,4728.12,1993,13,0,1993
2026-05-12 06:09:00,4728.09,4731.17,4727.19,4729.72,2070,13,0,2070
2026-05-12 06:12:00,4729.73,4731.98,4728.58,4731.17,2061,13,0,2061
2026-05-12 06:15:00,4731.18,4731.31,4727.69,4727.74,1982,13,0,1982
2026-05-12 06:18:00,4727.85,4728.44,4724.97,4725.07,1993,13,0,1993
2026-05-12 06:21:00,4725.1,4727.3,4724.45,4726.21,2182,14,0,2182
2026-05-12 06:24:00,4726.2,4727.05,4722.95,4724.0,2032,13,0,2032
2026-05-12 06:27:00,4723.98,4725.65,4723.05,4723.91,1993,13,0,1993
2026-05-12 06:30:00,4723.98,4726.21,4723.94,4724.76,1948,13,0,1948
2026-05-12 06:33:00,4724.79,4726.2,4724.76,4725.4,1843,13,0,1843
2026-05-12 06:36:00,4725.4,4726.81,4725.35,4726.75,1920,13,0,1920
2026-05-12 06:39:00,4726.75,4727.9,4725.14,4726.33,1921,15,0,1921
2026-05-12 06:42:00,4726.32,4727.29,4724.0,4724.13,1834,13,0,1834
2026-05-12 06:45:00,4724.13,4724.5,4718.6,4721.14,1964,16,0,1964
2026-05-12 06:48:00,4721.14,4722.44,4719.09,4720.49,1954,16,0,1954
2026-05-12 06:51:00,4720.48,4722.74,4720.0,4722.18,1841,13,0,1841
2026-05-12 06:54:00,4722.15,4722.63,4718.14,4719.23,1908,13,0,1908
2026-05-12 06:57:00,4719.22,4720.43,4718.27,4720.21,1825,13,0,1825
2026-05-12 07:00:00,4720.19,4722.01,4719.79,4720.86,1896,13,0,1896
2026-05-12 07:03:00,4720.85,4723.2,4719.75,4722.4,1934,14,0,1934
2026-05-12 07:06:00,4722.38,4722.55,4721.39,4721.4,1886,13,0,1886
2026-05-12 07:09:00,4721.38,4723.31,4721.05,4721.99,1897,14,0,1897
2026-05-12 07:12:00,4722.01,4722.03,4720.98,4721.97,1832,13,0,1832
2026-05-12 07:15:00,4721.95,4730.25,4721.83,4729.91,2096,13,0,2096
2026-05-12 07:18:00,4729.97,4730.37,4725.76,4727.13,2077,15,0,2077
2026-05-12 07:21:00,4727.12,4729.56,4724.53,4724.62,1946,15,0,1946
2026-05-12 07:24:00,4724.63,4725.54,4724.32,4724.55,1879,13,0,1879
2026-05-12 07:27:00,4724.52,4725.5,4721.7,4722.53,1809,13,0,1809
2026-05-12 07:30:00,4722.55,4723.88,4721.32,4723.39,1859,13,0,1859
2026-05-12 07:33:00,4723.4,4724.34,4722.98,4723.5,1849,13,0,1849
2026-05-12 07:36:00,4723.49,4726.45,4723.29,4725.62,1900,14,0,1900
2026-05-12 07:39:00,4725.65,4725.97,4724.76,4724.87,1844,13,0,1844
2026-05-12 07:42:00,4724.87,4725.95,4723.85,4724.71,1857,13,0,1857
2026-05-12 07:45:00,4724.69,4725.11,4720.72,4720.79,1907,14,0,1907
2026-05-12 07:48:00,4720.82,4721.13,4718.45,4720.3,1922,15,0,1922
2026-05-12 07:51:00,4720.33,4720.33,4715.31,4716.81,2005,16,0,2005
2026-05-12 07:54:00,4716.81,4716.84,4711.25,4715.43,2083,16,0,2083
2026-05-12 07:57:00,4715.42,4716.87,4713.79,4714.15,1880,15,0,1880
2026-05-12 08:00:00,4714.17,4716.99,4711.0,4716.62,2083,15,0,2083
2026-05-12 08:03:00,4716.61,4718.68,4716.56,4717.79,1990,14,0,1990
2026-05-12 08:06:00,4717.78,4718.35,4710.52,4711.25,2066,13,0,2066
2026-05-12 08:09:00,4711.26,4712.42,4709.66,4710.31,2144,16,0,2144
2026-05-12 08:12:00,4710.31,4712.87,4708.76,4712.34,2019,15,0,2019
2026-05-12 08:15:00,4712.36,4715.92,4712.36,4714.08,2009,14,0,2009
2026-05-12 08:18:00,4714.1,4716.89,4713.09,4716.74,2065,14,0,2065
2026-05-12 08:21:00,4716.75,4716.77,4714.66,4714.71,1891,13,0,1891
2026-05-12 08:24:00,4714.71,4715.45,4713.25,4713.25,1934,13,0,1934
2026-05-12 08:27:00,4713.27,4715.69,4713.23,4715.34,1900,13,0,1900
2026-05-12 08:30:00,4715.33,4722.33,4715.06,4719.61,2183,14,0,2183
2026-05-12 08:33:00,4719.63,4720.48,4713.15,4716.78,2357,16,0,2357
2026-05-12 08:36:00,4716.77,4716.79,4713.23,4716.4,2253,16,0,2253
2026-05-12 08:39:00,4716.35,4716.87,4714.25,4716.16,2089,13,0,2089
2026-05-12 08:42:00,4716.19,4716.31,4713.97,4715.38,2073,13,0,2073
2026-05-12 08:45:00,4715.32,4716.49,4713.3,4715.25,2109,13,0,2109
2026-05-12 08:48:00,4715.24,4716.02,4712.15,4713.98,2007,13,0,2007
2026-05-12 08:51:00,4714.0,4715.63,4712.71,4715.1,2174,15,0,2174
2026-05-12 08:54:00,4715.11,4718.48,4710.14,4717.71,2414,15,0,2414
2026-05-12 08:57:00,4717.72,4719.98,4713.01,4714.33,2147,13,0,2147
2026-05-12 09:00:00,4714.31,4714.35,4703.68,4708.35,2581,14,0,2581
2026-05-12 09:03:00,4708.37,4709.37,4704.86,4707.46,2221,14,0,2221
2026-05-12 09:06:00,4707.47,4707.66,4702.89,4705.39,2281,14,0,2281
2026-05-12 09:09:00,4705.38,4706.48,4703.18,4704.93,2142,14,0,2142
2026-05-12 09:12:00,4704.91,4706.47,4703.56,4705.26,2133,14,0,2133
2026-05-12 09:15:00,4705.26,4707.04,4700.41,4705.52,2204,14,0,2204
2026-05-12 09:18:00,4705.51,4707.05,4703.4,4703.49,2088,13,0,2088
2026-05-12 09:21:00,4703.51,4705.14,4697.48,4698.31,2273,12,0,2273
2026-05-12 09:24:00,4698.31,4699.38,4695.8,4696.64,2200,13,0,2200
2026-05-12 09:27:00,4696.82,4697.66,4695.17,4696.11,2073,11,0,2073
2026-05-12 09:30:00,4696.08,4699.01,4695.39,4698.22,2171,11,0,2171
2026-05-12 09:33:00,4698.23,4704.77,4698.18,4704.57,2124,13,0,2124
2026-05-12 09:36:00,4704.57,4704.6,4699.17,4700.59,2099,10,0,2099
2026-05-12 09:39:00,4700.6,4701.97,4699.48,4701.32,2109,13,0,2109
2026-05-12 09:42:00,4701.33,4702.76,4697.43,4702.51,2093,13,0,2093
2026-05-12 09:45:00,4702.5,4704.41,4701.5,4702.98,2460,9,0,2460
2026-05-12 09:48:00,4702.95,4703.34,4695.53,4696.83,2274,13,0,2274
2026-05-12 09:51:00,4696.85,4699.85,4695.54,4699.7,2274,12,0,2274
2026-05-12 09:54:00,4699.72,4699.75,4694.55,4695.36,2266,11,0,2266
2026-05-12 09:57:00,4695.36,4699.59,4694.84,4697.17,2477,9,0,2477
2026-05-12 10:00:00,4697.01,4698.27,4693.16,4694.35,2389,14,0,2389
2026-05-12 10:03:00,4694.38,4696.04,4689.78,4691.47,2337,14,0,2337
2026-05-12 10:06:00,4691.44,4693.67,4687.19,4693.57,2283,13,0,2283
2026-05-12 10:09:00,4693.56,4697.84,4692.17,4697.6,2190,13,0,2190
2026-05-12 10:12:00,4697.61,4697.8,4694.7,4695.95,2571,9,0,2571
2026-05-12 10:15:00,4695.95,4697.73,4693.96,4696.01,2432,9,0,2432
2026-05-12 10:18:00,4696.01,4699.6,4695.86,4697.61,2033,9,0,2033
2026-05-12 10:21:00,4697.6,4699.39,4697.15,4698.92,2082,10,0,2082
2026-05-12 10:24:00,4698.89,4699.2,4696.31,4698.15,2018,12,0,2018
2026-05-12 10:27:00,4698.25,4698.98,4696.85,4697.87,1947,12,0,1947
2026-05-12 10:30:00,4697.87,4698.48,4695.58,4696.63,1958,12,0,1958
2026-05-12 10:33:00,4696.62,4699.74,4696.53,4699.19,1974,13,0,1974
2026-05-12 10:36:00,4699.2,4700.5,4696.99,4698.22,1927,13,0,1927
2026-05-12 10:39:00,4698.19,4701.56,4696.92,4701.34,1982,14,0,1982
2026-05-12 10:42:00,4701.34,4702.4,4699.93,4700.34,2001,14,0,2001
2026-05-12 10:45:00,4700.33,4700.51,4698.5,4699.49,2022,14,0,2022
2026-05-12 10:48:00,4699.47,4700.42,4697.67,4700.21,2012,13,0,2012
2026-05-12 10:51:00,4700.21,4702.08,4699.63,4699.65,2014,14,0,2014
2026-05-12 10:54:00,4699.67,4703.17,4698.75,4702.82,2150,14,0,2150
2026-05-12 10:57:00,4702.8,4703.87,4698.99,4699.84,2002,12,0,2002
2026-05-12 11:00:00,4699.85,4706.73,4699.66,4706.39,2143,14,0,2143
2026-05-12 11:03:00,4706.43,4706.44,4704.16,4705.05,2002,11,0,2002
2026-05-12 11:06:00,4705.04,4705.12,4701.78,4703.09,2042,10,0,2042
2026-05-12 11:09:00,4703.11,4704.29,4699.2,4699.45,2081,10,0,2081
2026-05-12 11:12:00,4699.44,4701.88,4699.27,4699.33,2105,12,0,2105
2026-05-12 11:15:00,4699.33,4700.14,4697.04,4697.68,2135,14,0,2135
2026-05-12 11:18:00,4697.68,4701.64,4697.68,4701.45,2418,9,0,2418
2026-05-12 11:21:00,4701.28,4703.7,4701.22,4703.17,2301,9,0,2301
2026-05-12 11:24:00,4703.17,4704.12,4701.52,4703.88,1884,9,0,1884
2026-05-12 11:27:00,4703.86,4704.03,4702.16,4702.98,2023,9,0,2023
2026-05-12 11:30:00,4702.95,4704.38,4701.67,4701.78,2001,13,0,2001
2026-05-12 11:33:00,4701.77,4703.35,4700.29,4700.46,1960,14,0,1960
2026-05-12 11:36:00,4700.47,4700.72,4698.06,4700.02,2037,13,0,2037
2026-05-12 11:39:00,4700.02,4700.96,4698.48,4699.54,1958,13,0,1958
2026-05-12 11:42:00,4699.52,4700.53,4698.46,4700.07,1993,14,0,1993
2026-05-12 11:45:00,4700.04,4706.69,4698.94,4703.91,2204,14,0,2204
2026-05-12 11:48:00,4703.92,4704.37,4702.02,4703.2,2015,13,0,2015
2026-05-12 11:51:00,4703.23,4705.59,4702.8,4703.2,1978,13,0,1978
2026-05-12 11:54:00,4703.22,4703.84,4702.41,4702.43,2231,9,0,2231
2026-05-12 11:57:00,4702.41,4704.47,4702.41,4703.31,1932,9,0,1932
2026-05-12 12:00:00,4703.31,4703.37,4699.61,4701.66,1992,13,0,1992
2026-05-12 12:03:00,4701.64,4702.44,4698.92,4699.84,1984,14,0,1984
2026-05-12 12:06:00,4699.85,4700.67,4698.79,4698.93,1970,14,0,1970
2026-05-12 12:09:00,4698.9,4701.6,4698.79,4700.68,1967,12,0,1967
2026-05-12 12:12:00,4700.65,4700.9,4697.94,4697.97,2137,9,0,2137
2026-05-12 12:15:00,4697.98,4699.54,4697.94,4699.32,2066,9,0,2066
2026-05-12 12:18:00,4699.32,4700.68,4698.45,4698.84,1910,13,0,1910
2026-05-12 12:21:00,4698.86,4700.82,4697.87,4700.57,1914,12,0,1914
2026-05-12 12:24:00,4700.57,4702.28,4698.74,4699.17,1949,13,0,1949
2026-05-12 12:27:00,4699.18,4699.83,4697.54,4699.67,1934,14,0,1934
2026-05-12 12:30:00,4699.69,4704.9,4699.63,4702.77,2212,14,0,2212
2026-05-12 12:33:00,4702.88,4705.27,4700.46,4700.47,2096,14,0,2096
2026-05-12 12:36:00,4700.48,4700.92,4698.42,4700.07,2007,13,0,2007
2026-05-12 12:39:00,4700.08,4702.67,4698.79,4700.17,2160,13,0,2160
2026-05-12 12:42:00,4700.17,4701.6,4694.38,4695.31,2118,14,0,2118
2026-05-12 12:45:00,4695.31,4698.62,4694.25,4698.44,2040,13,0,2040
2026-05-12 12:48:00,4698.46,4701.58,4698.38,4701.1,1978,10,0,1978
2026-05-12 12:51:00,4701.13,4701.58,4698.39,4698.46,2087,9,0,2087
2026-05-12 12:54:00,4698.44,4699.19,4696.17,4698.47,1951,10,0,1951
2026-05-12 12:57:00,4698.46,4700.05,4697.24,4699.52,1942,13,0,1942
2026-05-12 13:00:00,4699.51,4704.08,4698.78,4703.21,1959,13,0,1959
2026-05-12 13:03:00,4703.24,4704.44,4701.6,4704.01,1895,11,0,1895
2026-05-12 13:06:00,4704.02,4708.03,4702.64,4707.87,1969,12,0,1969
2026-05-12 13:09:00,4707.89,4708.45,4705.93,4707.22,1945,14,0,1945
2026-05-12 13:12:00,4707.22,4707.29,4704.37,4705.02,1891,10,0,1891
2026-05-12 13:15:00,4705.01,4705.39,4698.94,4700.54,2114,9,0,2114
2026-05-12 13:18:00,4700.56,4702.24,4699.7,4700.91,2032,9,0,2032
2026-05-12 13:21:00,4700.94,4703.31,4700.42,4701.7,1942,11,0,1942
2026-05-12 13:24:00,4701.71,4702.98,4700.03,4700.64,2239,9,0,2239
2026-05-12 13:27:00,4700.66,4701.79,4699.37,4700.18,2260,9,0,2260
2026-05-12 13:30:00,4700.2,4700.31,4692.29,4692.76,2164,9,0,2164
2026-05-12 13:33:00,4692.77,4695.82,4692.46,4694.54,2025,14,0,2025
2026-05-12 13:36:00,4694.54,4694.59,4691.86,4692.91,2046,14,0,2046
2026-05-12 13:39:00,4692.89,4693.0,4685.19,4691.9,2223,14,0,2223
2026-05-12 13:42:00,4691.91,4692.2,4688.33,4690.62,2056,13,0,2056
2026-05-12 13:45:00,4690.62,4692.24,4690.1,4690.49,2024,11,0,2024
2026-05-12 13:48:00,4690.47,4693.51,4689.98,4692.33,1961,11,0,1961
2026-05-12 13:51:00,4692.3,4694.05,4690.58,4693.52,2112,9,0,2112
2026-05-12 13:54:00,4693.53,4693.6,4691.26,4692.59,2005,9,0,2005
2026-05-12 13:57:00,4692.58,4694.39,4691.88,4694.39,1977,14,0,1977
2026-05-12 14:00:00,4694.37,4695.09,4689.61,4690.58,2293,14,0,2293
2026-05-12 14:03:00,4690.57,4691.95,4687.2,4688.64,2180,13,0,2180
2026-05-12 14:06:00,4688.65,4692.95,4687.64,4690.61,2160,13,0,2160
2026-05-12 14:09:00,4690.61,4698.1,4689.9,4694.55,2371,13,0,2371
2026-05-12 14:12:00,4694.56,4695.74,4689.57,4691.68,2151,12,0,2151
2026-05-12 14:15:00,4691.68,4696.46,4691.58,4696.13,2077,12,0,2077
2026-05-12 14:18:00,4696.13,4698.01,4694.46,4695.92,2026,11,0,2026
2026-05-12 14:21:00,4695.95,4697.27,4694.72,4694.76,2173,9,0,2173
2026-05-12 14:24:00,4694.73,4695.01,4692.8,4693.21,2036,9,0,2036
2026-05-12 14:27:00,4693.2,4700.17,4693.14,4700.01,1993,12,0,1993
2026-05-12 14:30:00,4700.03,4702.16,4699.29,4699.32,2083,14,0,2083
2026-05-12 14:33:00,4699.32,4702.62,4697.8,4702.3,2013,13,0,2013
2026-05-12 14:36:00,4702.32,4702.61,4700.12,4702.61,1943,12,0,1943
2026-05-12 14:39:00,4702.75,4704.7,4702.65,4704.31,2063,12,0,2063
2026-05-12 14:42:00,4704.29,4706.01,4703.45,4704.25,2010,13,0,2010
2026-05-12 14:45:00,4704.26,4707.08,4702.44,4703.42,2057,12,0,2057
2026-05-12 14:48:00,4703.34,4706.4,4703.1,4706.25,2027,12,0,2027
2026-05-12 14:51:00,4706.26,4707.83,4704.24,4705.53,2069,14,0,2069
2026-05-12 14:54:00,4705.5,4709.07,4705.44,4708.02,2225,9,0,2225
2026-05-12 14:57:00,4708.02,4709.25,4706.32,4706.57,2019,11,0,2019
2026-05-12 15:00:00,4706.6,4708.13,4704.85,4704.89,2041,10,0,2041
2026-05-12 15:03:00,4704.91,4706.03,4702.95,4703.68,2129,9,0,2129
2026-05-12 15:06:00,4703.72,4704.2,4698.36,4698.69,2204,14,0,2204
2026-05-12 15:09:00,4698.69,4702.67,4698.67,4702.63,2098,13,0,2098
2026-05-12 15:12:00,4702.63,4706.25,4702.63,4705.72,2148,9,0,2148
2026-05-12 15:15:00,4705.72,4708.15,4702.52,4702.55,2103,10,0,2103
2026-05-12 15:18:00,4702.54,4708.26,4702.42,4706.29,2174,14,0,2174
2026-05-12 15:21:00,4706.26,4706.38,4700.38,4700.83,2047,14,0,2047
2026-05-12 15:24:00,4700.81,4701.04,4694.99,4697.47,2247,14,0,2247
2026-05-12 15:27:00,4697.45,4697.9,4695.64,4697.25,2034,9,0,2034
2026-05-12 15:30:00,4697.26,4700.39,4689.77,4692.57,2733,12,0,2733
2026-05-12 15:33:00,4692.55,4697.38,4690.83,4693.86,2518,14,0,2518
2026-05-12 15:36:00,4693.86,4700.65,4692.98,4700.3,2378,14,0,2378
2026-05-12 15:39:00,4700.31,4704.42,4700.21,4702.53,2281,14,0,2281
2026-05-12 15:42:00,4702.56,4708.6,4702.56,4702.84,2314,13,0,2314
2026-05-12 15:45:00,4702.83,4710.94,4702.63,4708.52,2350,14,0,2350
2026-05-12 15:48:00,4708.53,4708.79,4704.7,4708.16,2252,12,0,2252
2026-05-12 15:51:00,4708.17,4711.54,4708.16,4709.22,2260,13,0,2260
2026-05-12 15:54:00,4709.21,4710.95,4701.71,4701.81,2144,12,0,2144
2026-05-12 15:57:00,4701.78,4706.72,4700.45,4705.7,2213,14,0,2213
2026-05-12 16:00:00,4705.68,4708.88,4704.42,4705.75,2654,14,0,2654
2026-05-12 16:03:00,4705.73,4706.14,4692.66,4696.44,2531,14,0,2531
2026-05-12 16:06:00,4696.42,4697.41,4693.27,4694.81,2329,11,0,2329
2026-05-12 16:09:00,4694.79,4695.93,4691.54,4694.49,2649,9,0,2649
2026-05-12 16:12:00,4694.52,4694.69,4687.44,4688.99,2575,9,0,2575
2026-05-12 16:15:00,4688.96,4689.18,4679.24,4682.86,2623,14,0,2623
2026-05-12 16:18:00,4682.82,4689.03,4681.11,4686.45,2389,12,0,2389
2026-05-12 16:21:00,4686.46,4695.53,4686.46,4693.82,2637,9,0,2637
2026-05-12 16:24:00,4693.8,4695.06,4689.2,4693.55,2428,9,0,2428
2026-05-12 16:27:00,4693.54,4694.87,4690.7,4690.89,2451,9,0,2451
2026-05-12 16:30:00,4690.89,4692.98,4685.6,4688.22,2823,9,0,2823
2026-05-12 16:33:00,4687.95,4690.2,4683.61,4685.26,2676,14,0,2676
2026-05-12 16:36:00,4685.23,4696.62,4685.09,4694.72,2934,14,0,2934
2026-05-12 16:39:00,4694.73,4700.5,4693.38,4696.91,2550,12,0,2550
2026-05-12 16:42:00,4696.85,4701.64,4695.84,4699.21,2634,9,0,2634
2026-05-12 16:45:00,4699.19,4701.42,4694.25,4695.15,2612,11,0,2612
2026-05-12 16:48:00,4695.12,4695.51,4690.02,4691.63,2638,9,0,2638
2026-05-12 16:51:00,4691.6,4693.94,4688.11,4693.29,2665,10,0,2665
2026-05-12 16:54:00,4693.32,4693.86,4687.22,4687.79,2660,9,0,2660
2026-05-12 16:57:00,4687.78,4689.06,4676.96,4679.09,2716,9,0,2716
2026-05-12 17:00:00,4679.19,4688.55,4675.97,4688.54,2788,14,0,2788
2026-05-12 17:03:00,4688.63,4692.69,4686.55,4690.88,2669,13,0,2669
2026-05-12 17:06:00,4690.85,4691.65,4687.64,4690.03,2754,9,0,2754
2026-05-12 17:09:00,4690.05,4693.02,4686.69,4688.88,2645,9,0,2645
2026-05-12 17:12:00,4688.89,4695.16,4688.57,4692.9,2356,9,0,2356
2026-05-12 17:15:00,4692.88,4694.18,4685.95,4689.1,2301,10,0,2301
2026-05-12 17:18:00,4689.12,4690.78,4686.14,4689.3,2514,14,0,2514
2026-05-12 17:21:00,4689.55,4691.0,4686.85,4688.14,2452,13,0,2452
2026-05-12 17:24:00,4688.27,4688.86,4684.92,4685.04,2268,13,0,2268
2026-05-12 17:27:00,4685.03,4687.51,4682.36,4683.22,2328,14,0,2328
2026-05-12 17:30:00,4683.22,4683.29,4677.26,4678.14,2542,14,0,2542
2026-05-12 17:33:00,4678.17,4686.76,4671.66,4679.65,2840,14,0,2840
2026-05-12 17:36:00,4679.67,4687.97,4679.07,4686.25,2518,11,0,2518
2026-05-12 17:39:00,4686.26,4687.32,4684.02,4685.68,2557,9,0,2557
2026-05-12 17:42:00,4685.64,4686.87,4684.2,4685.84,2617,9,0,2617
2026-05-12 17:45:00,4685.86,4685.86,4680.08,4681.11,2324,9,0,2324
2026-05-12 17:48:00,4681.09,4682.16,4676.34,4676.38,2383,13,0,2383
2026-05-12 17:51:00,4676.39,4677.72,4671.13,4675.17,2834,14,0,2834
2026-05-12 17:54:00,4675.17,4677.94,4673.24,4673.48,2519,13,0,2519
2026-05-12 17:57:00,4673.43,4673.81,4669.56,4672.85,2757,9,0,2757
2026-05-12 18:00:00,4672.86,4676.17,4667.19,4669.35,2933,9,0,2933
2026-05-12 18:03:00,4669.33,4672.25,4667.43,4671.93,2389,11,0,2389
2026-05-12 18:06:00,4671.92,4674.33,4669.08,4670.99,2460,11,0,2460
2026-05-12 18:09:00,4670.99,4673.18,4667.23,4668.08,2806,9,0,2806
2026-05-12 18:12:00,4668.06,4668.23,4664.42,4664.57,2416,13,0,2416
2026-05-12 18:15:00,4664.56,4666.09,4661.17,4661.69,2998,9,0,2998
2026-05-12 18:18:00,4661.71,4662.5,4658.29,4659.02,2743,14,0,2743
2026-05-12 18:21:00,4659.03,4660.12,4639.13,4641.82,3209,12,0,3209
2026-05-12 18:24:00,4641.91,4651.43,4638.15,4650.25,3134,14,0,3134
2026-05-12 18:27:00,4650.21,4656.69,4648.12,4655.91,2701,14,0,2701
2026-05-12 18:30:00,4655.94,4660.39,4653.92,4660.18,2566,12,0,2566
2026-05-12 18:33:00,4660.16,4664.27,4659.46,4661.93,2502,12,0,2502
2026-05-12 18:36:00,4661.94,4666.31,4660.22,4666.05,2341,11,0,2341
2026-05-12 18:39:00,4666.02,4668.03,4663.91,4663.96,2322,11,0,2322
2026-05-12 18:42:00,4663.92,4666.18,4663.59,4665.58,2152,12,0,2152
2026-05-12 18:45:00,4665.6,4669.25,4664.86,4665.41,2213,13,0,2213
2026-05-12 18:48:00,4665.42,4667.47,4664.49,4665.21,2161,14,0,2161
2026-05-12 18:51:00,4665.22,4668.04,4664.59,4665.85,2142,14,0,2142
2026-05-12 18:54:00,4665.82,4670.12,4665.18,4669.6,2175,14,0,2175
2026-05-12 18:57:00,4669.6,4669.62,4665.39,4666.07,2109,14,0,2109
2026-05-12 19:00:00,4666.11,4670.7,4664.17,4670.15,2199,14,0,2199
2026-05-12 19:03:00,4670.14,4671.6,4669.0,4670.27,2138,14,0,2138
2026-05-12 19:06:00,4670.27,4670.85,4668.43,4669.62,2056,13,0,2056
2026-05-12 19:09:00,4669.45,4671.56,4668.43,4670.62,2049,14,0,2049
2026-05-12 19:12:00,4670.64,4673.12,4670.57,4671.95,1973,13,0,1973
2026-05-12 19:15:00,4671.94,4675.19,4671.2,4673.39,2065,14,0,2065
2026-05-12 19:18:00,4673.38,4674.03,4670.93,4672.6,2045,14,0,2045
2026-05-12 19:21:00,4672.6,4672.99,4667.99,4668.14,2117,12,0,2117
2026-05-12 19:24:00,4668.13,4669.23,4666.81,4667.02,2049,14,0,2049
2026-05-12 19:27:00,4667.02,4669.65,4666.29,4668.29,1964,11,0,1964
2026-05-12 19:30:00,4668.3,4668.87,4665.14,4668.1,2104,13,0,2104
2026-05-12 19:33:00,4668.06,4669.16,4666.55,4668.25,2063,14,0,2063
2026-05-12 19:36:00,4668.23,4670.67,4668.18,4669.37,2070,13,0,2070
2026-05-12 19:39:00,4669.32,4671.71,4668.29,4669.11,2173,9,0,2173
2026-05-12 19:42:00,4669.13,4671.08,4668.36,4669.85,2222,9,0,2222
2026-05-12 19:45:00,4669.84,4670.42,4667.01,4667.68,2112,10,0,2112
2026-05-12 19:48:00,4667.65,4670.11,4666.83,4670.11,2296,9,0,2296
2026-05-12 19:51:00,4670.09,4672.34,4669.6,4669.81,2478,9,0,2478
2026-05-12 19:54:00,4669.81,4674.24,4668.64,4673.7,2521,9,0,2521
2026-05-12 19:57:00,4673.69,4674.32,4670.97,4671.22,2233,9,0,2233
2026-05-12 20:00:00,4671.2,4676.99,4671.2,4676.41,2101,11,0,2101
2026-05-12 20:03:00,4676.52,4678.29,4675.45,4677.92,2482,9,0,2482
2026-05-12 20:06:00,4677.95,4679.72,4677.19,4677.85,2379,9,0,2379
2026-05-12 20:09:00,4677.84,4679.1,4676.82,4676.82,2004,9,0,2004
2026-05-12 20:12:00,4676.85,4677.76,4674.98,4677.24,2120,9,0,2120
2026-05-12 20:15:00,4677.23,4680.55,4677.04,4680.51,2066,10,0,2066
2026-05-12 20:18:00,4680.5,4681.1,4678.89,4680.44,2223,9,0,2223
2026-05-12 20:21:00,4680.45,4681.17,4679.51,4680.8,2354,9,0,2354
2026-05-12 20:24:00,4680.79,4682.35,4679.98,4681.69,2262,9,0,2262
2026-05-12 20:27:00,4681.7,4682.47,4678.69,4679.38,2029,13,0,2029
2026-05-12 20:30:00,4679.33,4680.15,4677.46,4678.49,2426,9,0,2426
2026-05-12 20:33:00,4678.51,4679.52,4676.8,4677.12,2311,9,0,2311
2026-05-12 20:36:00,4677.12,4678.41,4676.12,4677.94,1998,9,0,1998
2026-05-12 20:39:00,4677.93,4679.06,4677.37,4677.64,2462,9,0,2462
2026-05-12 20:42:00,4677.64,4680.74,4677.57,4679.72,1969,9,0,1969
2026-05-12 20:45:00,4679.73,4680.01,4678.16,4678.99,2081,9,0,2081
2026-05-12 20:48:00,4679.01,4679.2,4677.9,4678.12,2048,9,0,2048
2026-05-12 20:51:00,4678.09,4680.01,4677.79,4679.4,1989,13,0,1989
2026-05-12 20:54:00,4679.4,4680.57,4678.58,4678.83,1929,14,0,1929
2026-05-12 20:57:00,4678.83,4679.37,4678.01,4678.85,1856,10,0,1856
2026-05-12 21:00:00,4678.86,4683.6,4677.98,4679.86,2036,10,0,2036
2026-05-12 21:03:00,4679.86,4680.95,4678.19,4679.55,2142,14,0,2142
2026-05-12 21:06:00,4679.55,4679.9,4676.21,4678.85,2151,14,0,2151
2026-05-12 21:09:00,4678.86,4681.15,4678.08,4678.58,2115,14,0,2115
2026-05-12 21:12:00,4678.6,4681.74,4678.54,4681.32,2022,12,0,2022
2026-05-12 21:15:00,4681.28,4682.54,4679.99,4681.27,2092,12,0,2092
2026-05-12 21:18:00,4681.29,4684.57,4681.19,4683.04,2133,11,0,2133
2026-05-12 21:21:00,4683.05,4684.27,4682.64,4683.5,1946,12,0,1946
2026-05-12 21:24:00,4683.51,4686.02,4682.54,4685.93,2096,13,0,2096
2026-05-12 21:27:00,4685.92,4687.56,4685.23,4685.24,2156,14,0,2156
2026-05-12 21:30:00,4685.25,4690.27,4684.77,4689.92,2060,14,0,2060
2026-05-12 21:33:00,4689.95,4691.49,4688.27,4691.3,1994,13,0,1994
2026-05-12 21:36:00,4691.3,4692.44,4691.18,4692.0,1958,12,0,1958
2026-05-12 21:39:00,4691.97,4693.93,4690.8,4693.79,2128,10,0,2128
2026-05-12 21:42:00,4693.8,4697.34,4693.5,4695.2,2290,14,0,2290
2026-05-12 21:45:00,4695.18,4695.64,4690.63,4692.39,2285,14,0,2285
2026-05-12 21:48:00,4692.33,4692.73,4690.59,4692.49,2157,13,0,2157
2026-05-12 21:51:00,4692.49,4698.07,4692.42,4697.06,2363,9,0,2363
2026-05-12 21:54:00,4697.06,4697.44,4695.91,4697.43,2040,12,0,2040
2026-05-12 21:57:00,4697.42,4697.65,4695.44,4695.98,2003,12,0,2003
2026-05-12 22:00:00,4695.99,4698.53,4695.96,4698.47,2071,13,0,2071
2026-05-12 22:03:00,4698.48,4699.31,4696.51,4696.95,1918,12,0,1918
2026-05-12 22:06:00,4696.94,4700.02,4696.3,4699.28,2011,10,0,2011
2026-05-12 22:09:00,4699.27,4700.46,4698.25,4700.44,1958,10,0,1958
2026-05-12 22:12:00,4700.44,4702.44,4699.53,4699.89,2181,9,0,2181
2026-05-12 22:15:00,4699.91,4701.16,4699.08,4700.56,2073,14,0,2073
2026-05-12 22:18:00,4700.52,4702.62,4700.47,4702.45,1987,11,0,1987
2026-05-12 22:21:00,4702.45,4702.85,4700.07,4701.88,2009,12,0,2009
2026-05-12 22:24:00,4701.88,4704.47,4701.74,4704.06,1914,11,0,1914
2026-05-12 22:27:00,4704.04,4704.41,4703.23,4703.48,2404,9,0,2404
2026-05-12 22:30:00,4703.51,4707.21,4703.51,4707.2,2164,9,0,2164
2026-05-12 22:33:00,4707.19,4709.48,4706.83,4708.76,2020,14,0,2020
2026-05-12 22:36:00,4708.79,4710.4,4708.29,4709.19,2059,10,0,2059
2026-05-12 22:39:00,4709.17,4709.8,4707.28,4709.39,2357,9,0,2357
2026-05-12 22:42:00,4709.38,4709.61,4708.07,4709.36,2250,9,0,2250
2026-05-12 22:45:00,4709.36,4710.07,4709.08,4709.5,2118,9,0,2118
2026-05-12 22:48:00,4709.48,4711.17,4709.48,4711.07,1959,9,0,1959
2026-05-12 22:51:00,4711.06,4712.1,4709.48,4711.78,1991,11,0,1991
2026-05-12 22:54:00,4711.76,4713.73,4711.39,4713.57,2191,12,0,2191
2026-05-12 22:57:00,4713.56,4715.67,4713.5,4715.62,2258,10,0,2258
2026-05-12 23:00:00,4715.67,4719.26,4715.11,4715.67,2062,14,0,2062
2026-05-12 23:03:00,4715.64,4715.7,4712.85,4712.87,1955,12,0,1955
2026-05-12 23:06:00,4712.85,4714.55,4712.15,4713.3,1929,12,0,1929
2026-05-12 23:09:00,4713.33,4715.0,4712.36,4712.93,1901,11,0,1901
2026-05-12 23:12:00,4712.93,4714.78,4712.78,4713.49,2070,9,0,2070
2026-05-12 23:15:00,4713.51,4714.71,4713.41,4714.64,1940,9,0,1940
2026-05-12 23:18:00,4714.64,4716.26,4712.83,4713.42,1939,9,0,1939
2026-05-12 23:21:00,4713.42,4713.43,4712.51,4712.86,2193,9,0,2193
2026-05-12 23:24:00,4712.85,4714.05,4712.79,4713.57,1813,10,0,1813
2026-05-12 23:27:00,4713.59,4714.32,4712.8,4713.24,1803,13,0,1803
2026-05-12 23:30:00,4713.26,4714.97,4712.98,4713.79,1811,13,0,1811
2026-05-12 23:33:00,4713.77,4714.84,4712.83,4713.17,1827,13,0,1827
2026-05-12 23:36:00,4713.14,4715.33,4713.14,4713.78,1819,14,0,1819
2026-05-12 23:39:00,4713.8,4714.34,4712.19,4712.28,1769,12,0,1769
2026-05-12 23:42:00,4712.29,4715.41,4712.25,4714.69,1865,22,0,1865
2026-05-12 23:45:00,4714.71,4715.04,4713.13,4714.08,1820,22,0,1820
2026-05-12 23:48:00,4714.09,4715.78,4714.08,4714.56,1803,22,0,1803
2026-05-12 23:51:00,4714.56,4715.08,4713.66,4713.93,1756,22,0,1756
2026-05-12 23:54:00,4713.93,4714.72,4713.28,4714.23,1823,22,0,1823
2026-05-12 23:57:00,4714.24,4715.35,4714.14,4715.29,1189,22,0,1189
2026-05-13 01:00:00,4716.89,4717.87,4711.01,4716.88,5045,16,0,5045
2026-05-13 01:03:00,4716.88,4721.8,4714.77,4718.16,5373,16,0,5373
2026-05-13 01:06:00,4718.16,4719.45,4714.43,4715.34,2716,15,0,2716
2026-05-13 01:09:00,4715.34,4715.35,4712.6,4714.91,2015,16,0,2015
2026-05-13 01:12:00,4714.88,4715.42,4713.65,4714.64,1922,15,0,1922
2026-05-13 01:15:00,4714.64,4715.74,4713.48,4713.73,2011,15,0,2011
2026-05-13 01:18:00,4713.75,4719.28,4713.71,4718.92,2004,15,0,2004
2026-05-13 01:21:00,4718.91,4719.34,4717.17,4717.91,1932,15,0,1932
2026-05-13 01:24:00,4717.89,4718.65,4714.03,4714.99,1966,16,0,1966
2026-05-13 01:27:00,4715.01,4717.6,4714.64,4717.12,1850,16,0,1850
2026-05-13 01:30:00,4717.09,4719.02,4716.18,4718.95,1856,16,0,1856
2026-05-13 01:33:00,4718.94,4720.45,4715.9,4717.47,1864,16,0,1864
2026-05-13 01:36:00,4717.44,4719.68,4714.89,4718.69,1898,16,0,1898
2026-05-13 01:39:00,4718.69,4718.95,4716.53,4717.34,1887,16,0,1887
2026-05-13 01:42:00,4717.34,4717.43,4715.5,4716.29,1863,15,0,1863
2026-05-13 01:45:00,4716.29,4718.11,4716.29,4717.01,1811,14,0,1811
2026-05-13 01:48:00,4716.99,4717.65,4716.24,4717.01,1834,15,0,1834
2026-05-13 01:51:00,4717.02,4721.98,4716.56,4721.92,1905,16,0,1905
2026-05-13 01:54:00,4721.92,4722.49,4718.8,4718.87,1983,16,0,1983
2026-05-13 01:57:00,4718.91,4718.97,4716.86,4717.03,1869,14,0,1869
2026-05-13 02:00:00,4717.0,4718.5,4715.89,4717.75,1868,14,0,1868
2026-05-13 02:03:00,4717.77,4720.89,4717.36,4718.88,1938,16,0,1938
2026-05-13 02:06:00,4718.89,4723.02,4718.4,4722.65,1852,14,0,1852
2026-05-13 02:09:00,4722.67,4723.09,4719.54,4721.27,1933,14,0,1933
2026-05-13 02:12:00,4721.28,4721.58,4717.02,4717.61,1959,13,0,1959
2026-05-13 02:15:00,4717.58,4719.63,4717.58,4719.34,1918,13,0,1918
2026-05-13 02:18:00,4719.34,4720.26,4717.35,4717.99,1829,13,0,1829
2026-05-13 02:21:00,4717.98,4721.03,4717.85,4720.19,1903,13,0,1903
2026-05-13 02:24:00,4720.21,4723.88,4719.93,4720.1,1987,16,0,1987
2026-05-13 02:27:00,4720.08,4722.02,4719.02,4720.2,1912,15,0,1912
2026-05-13 02:30:00,4720.19,4721.31,4719.12,4720.87,1910,13,0,1910
2026-05-13 02:33:00,4720.89,4721.52,4716.33,4716.39,1972,13,0,1972
2026-05-13 02:36:00,4716.41,4721.69,4716.2,4721.31,1952,15,0,1952
2026-05-13 02:39:00,4721.33,4721.73,4719.26,4719.5,1838,13,0,1838
2026-05-13 02:42:00,4719.51,4721.36,4717.62,4721.19,1889,13,0,1889
2026-05-13 02:45:00,4721.21,4723.4,4720.09,4720.57,2075,13,0,2075
2026-05-13 02:48:00,4720.58,4720.66,4715.1,4715.79,2187,13,0,2187
2026-05-13 02:51:00,4715.8,4719.82,4715.6,4718.63,2019,13,0,2019
2026-05-13 02:54:00,4718.6,4718.84,4715.73,4717.88,1956,13,0,1956
2026-05-13 02:57:00,4717.88,4718.54,4716.27,4716.99,1870,13,0,1870
2026-05-13 03:00:00,4716.93,4721.37,4714.88,4719.07,2300,13,0,2300
2026-05-13 03:03:00,4719.07,4726.72,4718.87,4723.57,2192,16,0,2192
2026-05-13 03:06:00,4723.59,4724.76,4720.57,4723.39,2257,15,0,2257
2026-05-13 03:09:00,4723.4,4724.33,4720.79,4723.06,2227,15,0,2227
2026-05-13 03:12:00,4723.05,4723.89,4720.11,4720.25,2085,13,0,2085
2026-05-13 03:15:00,4720.28,4725.4,4720.03,4723.98,2264,14,0,2264
2026-05-13 03:18:00,4723.96,4725.29,4720.92,4724.57,2294,16,0,2294
2026-05-13 03:21:00,4724.49,4726.35,4723.33,4725.23,2113,13,0,2113
2026-05-13 03:24:00,4725.21,4725.21,4723.36,4724.53,2063,13,0,2063
2026-05-13 03:27:00,4724.52,4724.58,4720.63,4722.58,2053,13,0,2053
2026-05-13 03:30:00,4722.58,4723.95,4720.58,4720.63,2122,13,0,2122
2026-05-13 03:33:00,4720.62,4721.58,4719.49,4720.12,2160,14,0,2160
2026-05-13 03:36:00,4720.14,4720.75,4716.96,4718.44,2106,13,0,2106
2026-05-13 03:39:00,4718.44,4725.2,4718.08,4722.63,2140,13,0,2140
2026-05-13 03:42:00,4722.62,4723.05,4719.97,4720.45,2025,13,0,2025
2026-05-13 03:45:00,4720.47,4720.47,4716.86,4718.27,2144,13,0,2144
2026-05-13 03:48:00,4718.26,4718.83,4716.4,4717.11,2003,13,0,2003
2026-05-13 03:51:00,4717.12,4720.14,4716.35,4717.03,2068,13,0,2068
2026-05-13 03:54:00,4717.02,4718.26,4715.13,4717.52,2158,13,0,2158
2026-05-13 03:57:00,4717.53,4718.28,4713.49,4714.49,2111,14,0,2111
2026-05-13 04:00:00,4714.49,4717.1,4707.66,4713.35,2842,16,0,2842
2026-05-13 04:03:00,4713.42,4713.42,4708.56,4709.01,2253,16,0,2253
2026-05-13 04:06:00,4709.01,4713.35,4707.51,4711.86,2131,15,0,2131
2026-05-13 04:09:00,4711.79,4716.28,4711.46,4715.34,2112,15,0,2112
2026-05-13 04:12:00,4715.36,4715.77,4709.35,4709.66,2063,15,0,2063
2026-05-13 04:15:00,4709.66,4710.68,4705.67,4706.2,2088,15,0,2088
2026-05-13 04:18:00,4706.21,4707.66,4704.94,4705.49,2189,14,0,2189
2026-05-13 04:21:00,4705.51,4710.01,4705.11,4709.04,2035,14,0,2035
2026-05-13 04:24:00,4709.01,4709.42,4705.16,4705.61,2108,14,0,2108
2026-05-13 04:27:00,4705.63,4705.81,4702.91,4704.5,2019,14,0,2019
2026-05-13 04:30:00,4704.5,4705.28,4702.82,4704.95,2100,15,0,2100
2026-05-13 04:33:00,4704.95,4705.55,4701.75,4702.9,2259,15,0,2259
2026-05-13 04:36:00,4702.89,4706.78,4702.27,4705.74,2179,15,0,2179
2026-05-13 04:39:00,4705.71,4707.41,4704.47,4707.4,2109,13,0,2109
2026-05-13 04:42:00,4707.42,4710.55,4706.76,4708.95,2052,14,0,2052
2026-05-13 04:45:00,4708.95,4709.92,4706.67,4707.84,2002,13,0,2002
2026-05-13 04:48:00,4707.86,4710.72,4707.09,4708.43,2081,14,0,2081
2026-05-13 04:51:00,4708.46,4710.0,4706.02,4707.3,2041,13,0,2041
2026-05-13 04:54:00,4707.33,4707.98,4703.94,4704.13,1981,14,0,1981
2026-05-13 04:57:00,4704.15,4704.19,4701.06,4702.53,2090,16,0,2090
2026-05-13 05:00:00,4702.55,4706.09,4701.66,4705.73,1988,15,0,1988
2026-05-13 05:03:00,4705.7,4707.66,4705.32,4706.7,1963,13,0,1963
2026-05-13 05:06:00,4706.69,4707.07,4699.89,4700.44,2051,15,0,2051
2026-05-13 05:09:00,4700.44,4703.0,4699.05,4702.43,1952,13,0,1952
2026-05-13 05:12:00,4702.44,4703.71,4701.46,4701.6,1936,13,0,1936
2026-05-13 05:15:00,4701.47,4703.57,4700.24,4700.8,1948,13,0,1948
2026-05-13 05:18:00,4700.8,4703.04,4698.98,4702.39,1916,13,0,1916
2026-05-13 05:21:00,4702.42,4702.98,4701.23,4702.77,1852,13,0,1852
2026-05-13 05:24:00,4702.8,4704.06,4701.99,4703.94,1887,13,0,1887
2026-05-13 05:27:00,4703.95,4703.97,4698.34,4700.23,1935,14,0,1935
2026-05-13 05:30:00,4700.22,4700.49,4696.04,4696.98,2107,15,0,2107
2026-05-13 05:33:00,4696.99,4698.61,4695.75,4698.16,2020,14,0,2020
2026-05-13 05:36:00,4698.16,4698.25,4695.18,4697.65,2010,13,0,2010
2026-05-13 05:39:00,4697.64,4697.76,4694.84,4697.02,2036,13,0,2036
2026-05-13 05:42:00,4697.04,4697.79,4694.06,4694.49,2068,13,0,2068
2026-05-13 05:45:00,4694.49,4695.19,4692.96,4694.7,2049,13,0,2049
2026-05-13 05:48:00,4694.73,4697.14,4693.0,4693.09,2205,13,0,2205
2026-05-13 05:51:00,4693.11,4694.2,4691.97,4692.51,2222,14,0,2222
2026-05-13 05:54:00,4692.5,4693.22,4687.67,4691.64,2261,14,0,2261
2026-05-13 05:57:00,4691.59,4693.6,4689.8,4691.91,2083,13,0,2083
2026-05-13 06:00:00,4692.0,4693.41,4688.96,4689.17,2039,13,0,2039
2026-05-13 06:03:00,4689.18,4693.74,4689.09,4692.7,2121,13,0,2121
2026-05-13 06:06:00,4692.69,4693.46,4690.68,4690.8,2016,13,0,2016
2026-05-13 06:09:00,4690.81,4692.3,4689.09,4691.17,2051,13,0,2051
2026-05-13 06:12:00,4691.17,4694.48,4691.08,4692.38,2070,13,0,2070
2026-05-13 06:15:00,4692.35,4693.84,4691.33,4691.62,1893,13,0,1893
2026-05-13 06:18:00,4691.63,4695.96,4691.15,4695.81,1978,13,0,1978
2026-05-13 06:21:00,4695.8,4696.13,4694.08,4695.23,1888,13,0,1888
2026-05-13 06:24:00,4695.26,4697.67,4694.73,4697.53,1905,13,0,1905
2026-05-13 06:27:00,4697.5,4700.68,4697.01,4700.63,1920,15,0,1920
2026-05-13 06:30:00,4700.63,4702.53,4700.32,4700.42,1986,16,0,1986
2026-05-13 06:33:00,4700.41,4704.9,4700.28,4704.49,1903,15,0,1903
2026-05-13 06:36:00,4704.51,4705.89,4704.05,4704.75,1898,14,0,1898
2026-05-13 06:39:00,4704.76,4705.44,4704.19,4704.39,1851,13,0,1851
2026-05-13 06:42:00,4704.38,4704.9,4703.33,4703.9,1805,13,0,1805
2026-05-13 06:45:00,4703.88,4704.93,4702.59,4702.62,1907,14,0,1907
2026-05-13 06:48:00,4702.61,4703.35,4700.67,4700.67,1851,14,0,1851
2026-05-13 06:51:00,4700.66,4701.01,4697.55,4698.22,1867,15,0,1867
2026-05-13 06:54:00,4698.2,4698.22,4695.74,4695.84,1907,15,0,1907
2026-05-13 06:57:00,4695.82,4696.26,4694.33,4696.04,1879,16,0,1879
2026-05-13 07:00:00,4696.02,4698.16,4695.49,4697.46,1857,15,0,1857
2026-05-13 07:03:00,4697.46,4698.75,4696.61,4698.7,1813,13,0,1813
2026-05-13 07:06:00,4698.72,4698.95,4695.75,4697.04,1924,13,0,1924
2026-05-13 07:09:00,4697.07,4697.96,4695.91,4697.95,1829,13,0,1829
2026-05-13 07:12:00,4697.94,4698.55,4697.35,4698.35,1839,13,0,1839
2026-05-13 07:15:00,4698.35,4700.87,4698.0,4700.42,1929,13,0,1929
2026-05-13 07:18:00,4700.43,4702.91,4699.97,4702.24,1844,15,0,1844
2026-05-13 07:21:00,4702.22,4703.35,4701.7,4703.16,1829,13,0,1829
2026-05-13 07:24:00,4703.18,4703.19,4700.13,4700.4,1816,13,0,1816
2026-05-13 07:27:00,4700.41,4701.76,4700.38,4701.35,1824,13,0,1824
2026-05-13 07:30:00,4701.38,4703.34,4701.24,4701.88,1859,13,0,1859
2026-05-13 07:33:00,4701.89,4701.9,4698.94,4698.98,1860,13,0,1860
2026-05-13 07:36:00,4698.97,4699.7,4697.81,4699.41,1895,14,0,1895
2026-05-13 07:39:00,4699.39,4702.37,4697.35,4697.96,1928,14,0,1928
2026-05-13 07:42:00,4697.94,4699.81,4697.75,4698.68,1873,14,0,1873
2026-05-13 07:45:00,4698.66,4699.34,4698.19,4699.26,1842,13,0,1842
2026-05-13 07:48:00,4699.24,4701.78,4699.14,4700.88,1857,13,0,1857
2026-05-13 07:51:00,4700.89,4701.44,4699.24,4701.4,1898,14,0,1898
2026-05-13 07:54:00,4701.39,4701.8,4699.91,4700.65,1921,14,0,1921
2026-05-13 07:57:00,4700.66,4700.71,4698.45,4699.62,1981,14,0,1981
2026-05-13 08:00:00,4699.6,4701.92,4698.47,4701.91,1905,16,0,1905
2026-05-13 08:03:00,4701.89,4707.05,4701.52,4706.7,2057,16,0,2057
2026-05-13 08:06:00,4706.68,4706.84,4704.99,4705.12,1940,14,0,1940
2026-05-13 08:09:00,4705.13,4707.35,4703.56,4706.9,1906,13,0,1906
2026-05-13 08:12:00,4706.87,4706.93,4703.94,4705.36,1902,14,0,1902
2026-05-13 08:15:00,4705.38,4705.67,4702.76,4703.09,1998,13,0,1998
2026-05-13 08:18:00,4703.08,4703.36,4700.85,4701.68,2023,14,0,2023
2026-05-13 08:21:00,4701.68,4703.82,4701.66,4702.28,1986,13,0,1986
2026-05-13 08:24:00,4702.29,4702.36,4698.27,4699.35,2000,13,0,2000
2026-05-13 08:27:00,4699.39,4699.59,4697.86,4698.06,1968,13,0,1968
2026-05-13 08:30:00,4698.12,4698.79,4693.75,4696.9,2332,16,0,2332
2026-05-13 08:33:00,4696.89,4702.73,4696.87,4700.52,2191,16,0,2191
2026-05-13 08:36:00,4700.53,4702.22,4699.23,4700.59,2071,15,0,2071
2026-05-13 08:39:00,4700.59,4702.36,4699.73,4700.07,2112,15,0,2112
2026-05-13 08:42:00,4700.04,4700.44,4696.44,4696.74,2150,14,0,2150
2026-05-13 08:45:00,4696.72,4699.87,4696.72,4698.03,2079,15,0,2079
2026-05-13 08:48:00,4698.05,4699.79,4697.8,4698.33,1978,14,0,1978
2026-05-13 08:51:00,4698.32,4701.35,4696.39,4698.97,2040,13,0,2040
2026-05-13 08:54:00,4699.0,4701.56,4698.5,4701.25,2010,13,0,2010
2026-05-13 08:57:00,4701.26,4705.36,4700.79,4704.02,2044,15,0,2044
2026-05-13 09:00:00,4704.02,4706.93,4703.63,4705.71,2192,13,0,2192
2026-05-13 09:03:00,4705.69,4710.29,4703.39,4709.95,2187,13,0,2187
2026-05-13 09:06:00,4709.95,4711.13,4707.49,4710.98,2101,10,0,2101
2026-05-13 09:09:00,4711.0,4712.75,4708.93,4710.59,1993,13,0,1993
2026-05-13 09:12:00,4710.65,4711.98,4709.84,4710.8,2257,9,0,2257
2026-05-13 09:15:00,4710.8,4713.77,4710.75,4713.7,2167,9,0,2167
2026-05-13 09:18:00,4713.77,4715.49,4710.05,4710.33,2359,9,0,2359
2026-05-13 09:21:00,4710.31,4710.4,4707.67,4708.97,2109,12,0,2109
2026-05-13 09:24:00,4708.97,4710.22,4707.69,4707.73,2352,9,0,2352
2026-05-13 09:27:00,4707.74,4709.37,4706.93,4708.78,2329,9,0,2329
2026-05-13 09:30:00,4708.81,4709.7,4707.78,4708.43,2293,9,0,2293
2026-05-13 09:33:00,4708.44,4711.32,4707.88,4710.76,2001,12,0,2001
2026-05-13 09:36:00,4710.75,4711.65,4709.52,4711.52,2006,12,0,2006
2026-05-13 09:39:00,4711.5,4712.96,4710.7,4712.19,1977,13,0,1977
2026-05-13 09:42:00,4712.2,4713.71,4710.89,4711.34,2199,9,0,2199
2026-05-13 09:45:00,4711.35,4712.22,4707.35,4707.67,2025,14,0,2025
2026-05-13 09:48:00,4707.68,4709.4,4705.29,4706.04,2425,9,0,2425
2026-05-13 09:51:00,4706.07,4707.16,4702.7,4705.65,2133,14,0,2133
2026-05-13 09:54:00,4705.65,4705.91,4699.18,4699.48,2222,14,0,2222
2026-05-13 09:57:00,4699.48,4701.65,4698.94,4701.65,2093,11,0,2093
2026-05-13 10:00:00,4701.72,4705.49,4700.11,4702.57,2367,13,0,2367
2026-05-13 10:03:00,4702.6,4704.9,4700.31,4701.7,2144,14,0,2144
2026-05-13 10:06:00,4701.73,4702.51,4697.33,4697.98,2153,14,0,2153
2026-05-13 10:09:00,4698.01,4702.25,4696.71,4700.84,2165,13,0,2165
2026-05-13 10:12:00,4700.88,4703.65,4700.17,4702.32,2046,10,0,2046
2026-05-13 10:15:00,4702.28,4706.79,4702.26,4704.14,2198,9,0,2198
2026-05-13 10:18:00,4704.15,4707.81,4704.09,4707.63,2141,9,0,2141
2026-05-13 10:21:00,4707.61,4708.5,4704.39,4705.72,2366,9,0,2366
2026-05-13 10:24:00,4705.72,4707.71,4704.8,4707.44,1942,9,0,1942
2026-05-13 10:27:00,4707.46,4708.82,4705.58,4707.62,1933,11,0,1933
2026-05-13 10:30:00,4707.6,4707.85,4704.71,4706.02,1947,12,0,1947
2026-05-13 10:33:00,4706.04,4707.71,4705.37,4707.71,2102,9,0,2102
2026-05-13 10:36:00,4707.7,4707.75,4704.04,4705.06,1880,12,0,1880
2026-05-13 10:39:00,4705.05,4705.28,4703.12,4704.67,1942,14,0,1942
2026-05-13 10:42:00,4704.68,4704.87,4703.33,4703.66,1936,13,0,1936
2026-05-13 10:45:00,4703.66,4704.69,4702.99,4703.51,1935,14,0,1935
2026-05-13 10:48:00,4703.49,4704.35,4701.36,4702.47,1927,13,0,1927
2026-05-13 10:51:00,4702.48,4704.14,4701.58,4703.24,1993,14,0,1993
2026-05-13 10:54:00,4703.25,4703.42,4701.52,4703.15,1959,14,0,1959
2026-05-13 10:57:00,4703.17,4704.11,4701.95,4702.91,1962,13,0,1962
2026-05-13 11:00:00,4702.85,4704.01,4700.96,4703.97,2051,12,0,2051
2026-05-13 11:03:00,4703.96,4704.3,4700.49,4701.16,1981,12,0,1981
2026-05-13 11:06:00,4701.18,4701.4,4698.49,4699.81,1953,13,0,1953
2026-05-13 11:09:00,4699.8,4701.88,4699.79,4701.06,2024,13,0,2024
2026-05-13 11:12:00,4701.05,4701.19,4699.24,4700.27,2333,9,0,2333
2026-05-13 11:15:00,4700.24,4701.13,4698.3,4699.15,2235,9,0,2235
2026-05-13 11:18:00,4699.16,4700.82,4698.86,4700.78,2360,9,0,2360
2026-05-13 11:21:00,4700.78,4700.8,4698.96,4699.64,2353,9,0,2353
2026-05-13 11:24:00,4699.65,4699.67,4695.13,4696.15,2039,9,0,2039
2026-05-13 11:27:00,4696.15,4697.61,4694.81,4697.15,2040,14,0,2040
2026-05-13 11:30:00,4697.15,4697.43,4694.52,4696.6,1963,14,0,1963
2026-05-13 11:33:00,4696.61,4699.85,4696.05,4698.0,2083,9,0,2083
2026-05-13 11:36:00,4697.98,4699.36,4697.2,4699.31,1887,10,0,1887
2026-05-13 11:39:00,4699.3,4699.77,4696.22,4696.75,1956,12,0,1956
2026-05-13 11:42:00,4696.72,4697.45,4695.22,4695.99,1913,11,0,1913
2026-05-13 11:45:00,4696.01,4698.42,4694.84,4698.42,2368,9,0,2368
2026-05-13 11:48:00,4698.43,4699.2,4695.71,4697.79,2059,14,0,2059
2026-05-13 11:51:00,4697.79,4699.41,4697.69,4698.83,2351,9,0,2351
2026-05-13 11:54:00,4698.86,4702.45,4698.6,4700.05,2126,9,0,2126
2026-05-13 11:57:00,4700.03,4702.92,4699.7,4700.68,2364,9,0,2364
2026-05-13 12:00:00,4700.68,4701.6,4698.25,4700.13,2037,9,0,2037
2026-05-13 12:03:00,4700.15,4701.83,4698.61,4699.75,1988,14,0,1988
2026-05-13 12:06:00,4699.72,4700.47,4697.92,4699.28,2053,9,0,2053
2026-05-13 12:09:00,4699.26,4699.58,4696.82,4697.06,2323,9,0,2323
2026-05-13 12:12:00,4697.06,4697.56,4693.62,4694.58,2311,9,0,2311
2026-05-13 12:15:00,4694.56,4695.26,4691.09,4691.1,2011,12,0,2011
2026-05-13 12:18:00,4691.11,4692.22,4690.25,4690.26,2178,9,0,2178
2026-05-13 12:21:00,4690.27,4691.72,4686.56,4686.97,2009,14,0,2009
2026-05-13 12:24:00,4687.26,4690.51,4686.03,4690.19,2021,14,0,2021
2026-05-13 12:27:00,4690.22,4692.18,4688.8,4688.91,1996,13,0,1996
2026-05-13 12:30:00,4688.91,4691.08,4686.16,4691.07,2151,14,0,2151
2026-05-13 12:33:00,4691.09,4692.82,4688.26,4692.75,2011,12,0,2011
2026-05-13 12:36:00,4692.75,4692.83,4690.02,4691.29,1968,12,0,1968
2026-05-13 12:39:00,4691.24,4692.36,4690.07,4692.12,1960,12,0,1960
2026-05-13 12:42:00,4692.1,4694.48,4692.08,4694.15,2330,9,0,2330
2026-05-13 12:45:00,4694.16,4694.88,4693.17,4694.03,1912,9,0,1912
2026-05-13 12:48:00,4694.02,4697.49,4693.8,4697.47,1971,12,0,1971
2026-05-13 12:51:00,4697.47,4698.15,4696.45,4697.62,1992,14,0,1992
2026-05-13 12:54:00,4697.6,4700.32,4696.7,4699.83,1942,14,0,1942
2026-05-13 12:57:00,4699.84,4701.0,4698.47,4700.94,1900,14,0,1900
2026-05-13 13:00:00,4700.93,4700.97,4699.22,4700.71,1968,13,0,1968
2026-05-13 13:03:00,4700.74,4701.57,4698.75,4699.53,1972,14,0,1972
2026-05-13 13:06:00,4699.53,4707.95,4699.44,4707.09,2101,13,0,2101
2026-05-13 13:09:00,4707.09,4710.61,4704.71,4706.42,2147,14,0,2147
2026-05-13 13:12:00,4706.42,4707.86,4701.69,4702.3,2370,14,0,2370
2026-05-13 13:15:00,4702.29,4703.23,4700.63,4701.69,2025,14,0,2025
2026-05-13 13:18:00,4701.66,4702.43,4700.27,4702.41,1939,13,0,1939
2026-05-13 13:21:00,4702.43,4705.92,4702.29,4702.86,1972,12,0,1972
2026-05-13 13:24:00,4702.87,4703.66,4700.57,4700.59,1987,14,0,1987
2026-05-13 13:27:00,4700.61,4700.74,4698.84,4699.61,1983,11,0,1983
2026-05-13 13:30:00,4699.62,4699.91,4697.42,4697.55,2053,11,0,2053
2026-05-13 13:33:00,4697.55,4698.44,4695.4,4696.48,2031,14,0,2031
2026-05-13 13:36:00,4696.51,4697.04,4695.13,4695.66,1940,10,0,1940
2026-05-13 13:39:00,4695.66,4697.1,4695.32,4697.01,1977,12,0,1977
2026-05-13 13:42:00,4696.99,4697.34,4694.1,4695.75,2002,14,0,2002
2026-05-13 13:45:00,4695.77,4696.03,4694.17,4694.95,1885,14,0,1885
2026-05-13 13:48:00,4694.96,4696.58,4694.03,4696.34,1989,14,0,1989
2026-05-13 13:51:00,4696.34,4696.7,4694.43,4695.56,2268,9,0,2268
2026-05-13 13:54:00,4695.59,4696.66,4694.85,4695.56,2004,9,0,2004
2026-05-13 13:57:00,4695.57,4696.34,4693.76,4694.17,1949,11,0,1949
2026-05-13 14:00:00,4694.18,4695.54,4693.35,4693.88,2190,13,0,2190
2026-05-13 14:03:00,4693.9,4694.14,4691.51,4692.18,2117,14,0,2117
2026-05-13 14:06:00,4692.24,4694.96,4691.72,4694.84,2202,9,0,2202
2026-05-13 14:09:00,4694.83,4697.07,4694.29,4696.97,2332,9,0,2332
2026-05-13 14:12:00,4696.97,4699.21,4695.96,4699.1,2212,9,0,2212
2026-05-13 14:15:00,4699.11,4700.54,4698.02,4699.25,2214,9,0,2214
2026-05-13 14:18:00,4699.24,4699.48,4695.9,4697.44,2536,9,0,2536
2026-05-13 14:21:00,4697.43,4700.57,4697.31,4699.02,2103,9,0,2103
2026-05-13 14:24:00,4699.0,4699.78,4697.18,4699.51,2412,9,0,2412
2026-05-13 14:27:00,4699.51,4699.53,4697.84,4698.57,2053,9,0,2053
2026-05-13 14:30:00,4698.55,4700.87,4698.2,4699.88,2312,9,0,2312
2026-05-13 14:33:00,4699.89,4705.36,4699.06,4704.62,2463,9,0,2463
2026-05-13 14:36:00,4704.6,4704.76,4702.89,4703.08,2374,9,0,2374
2026-05-13 14:39:00,4703.07,4705.25,4701.57,4702.16,2255,9,0,2255
2026-05-13 14:42:00,4702.01,4703.71,4701.07,4703.41,2015,10,0,2015
2026-05-13 14:45:00,4703.4,4705.6,4703.35,4703.69,2142,10,0,2142
2026-05-13 14:48:00,4703.68,4704.13,4701.3,4701.96,2414,9,0,2414
2026-05-13 14:51:00,4701.96,4702.29,4699.97,4700.7,2017,12,0,2017
2026-05-13 14:54:00,4700.71,4701.32,4697.47,4698.88,2447,9,0,2447
2026-05-13 14:57:00,4698.88,4699.65,4697.42,4697.42,2343,9,0,2343
2026-05-13 15:00:00,4697.4,4698.71,4694.89,4697.7,2068,14,0,2068
2026-05-13 15:03:00,4697.71,4700.49,4697.31,4700.12,2036,13,0,2036
2026-05-13 15:06:00,4700.11,4701.64,4698.72,4699.65,2177,9,0,2177
2026-05-13 15:09:00,4699.68,4699.74,4696.07,4697.93,2105,9,0,2105
2026-05-13 15:12:00,4697.9,4698.79,4693.53,4693.97,1974,10,0,1974
2026-05-13 15:15:00,4694.0,4694.0,4689.29,4691.96,2240,14,0,2240
2026-05-13 15:18:00,4691.98,4694.19,4690.42,4690.7,2242,14,0,2242
2026-05-13 15:21:00,4690.71,4690.71,4684.98,4689.0,2482,14,0,2482
2026-05-13 15:24:00,4688.98,4690.21,4685.36,4685.82,2293,14,0,2293
2026-05-13 15:27:00,4685.8,4687.21,4683.24,4684.73,2152,14,0,2152
2026-05-13 15:30:00,4684.71,4687.27,4672.91,4680.91,3628,14,0,3628
2026-05-13 15:33:00,4680.99,4686.06,4677.23,4684.92,2995,14,0,2995
2026-05-13 15:36:00,4684.9,4685.14,4677.49,4680.04,2613,14,0,2613
2026-05-13 15:39:00,4680.06,4683.18,4677.31,4682.37,2490,14,0,2490
2026-05-13 15:42:00,4682.39,4683.83,4677.72,4682.89,2327,14,0,2327
2026-05-13 15:45:00,4682.87,4684.04,4677.57,4680.95,2316,13,0,2316
2026-05-13 15:48:00,4680.95,4684.13,4679.49,4684.11,2248,14,0,2248
2026-05-13 15:51:00,4684.09,4685.36,4680.08,4681.73,2347,14,0,2347
2026-05-13 15:54:00,4681.67,4682.77,4678.74,4681.42,2303,14,0,2303
2026-05-13 15:57:00,4681.44,4685.52,4681.24,4683.82,2300,13,0,2300
2026-05-13 16:00:00,4683.85,4690.5,4683.54,4689.68,2571,14,0,2571
2026-05-13 16:03:00,4689.66,4689.96,4686.56,4687.81,2213,13,0,2213
2026-05-13 16:06:00,4687.82,4689.5,4687.05,4687.05,2258,14,0,2258
2026-05-13 16:09:00,4687.05,4687.89,4685.37,4687.24,2237,13,0,2237
2026-05-13 16:12:00,4687.26,4691.07,4686.9,4689.88,2142,10,0,2142
2026-05-13 16:15:00,4689.9,4689.94,4686.47,4687.23,2158,13,0,2158
2026-05-13 16:18:00,4687.24,4693.39,4687.04,4692.27,2073,13,0,2073
2026-05-13 16:21:00,4692.33,4693.58,4690.29,4693.15,2127,14,0,2127
2026-05-13 16:24:00,4693.16,4694.59,4691.89,4693.16,2221,14,0,2221
2026-05-13 16:27:00,4693.16,4693.29,4688.25,4688.72,2170,14,0,2170
2026-05-13 16:30:00,4688.74,4690.86,4684.76,4687.55,2774,14,0,2774
2026-05-13 16:33:00,4687.55,4688.85,4679.42,4679.73,2722,14,0,2722
2026-05-13 16:36:00,4679.69,4679.69,4673.9,4675.28,2780,14,0,2780
2026-05-13 16:39:00,4675.26,4680.57,4673.05,4678.23,2753,14,0,2753
2026-05-13 16:42:00,4678.21,4683.51,4676.18,4678.74,2794,14,0,2794
2026-05-13 16:45:00,4678.73,4678.99,4672.27,4673.94,2750,13,0,2750
2026-05-13 16:48:00,4673.98,4674.45,4669.43,4670.41,2729,14,0,2729
2026-05-13 16:51:00,4670.39,4679.17,4670.15,4679.14,2693,13,0,2693
2026-05-13 16:54:00,4679.14,4683.25,4677.55,4678.59,2630,13,0,2630
2026-05-13 16:57:00,4678.6,4682.76,4678.24,4679.31,2543,10,0,2543
2026-05-13 17:00:00,4679.36,4680.46,4672.85,4676.3,2574,14,0,2574
2026-05-13 17:03:00,4676.25,4679.02,4675.24,4677.81,2632,14,0,2632
2026-05-13 17:06:00,4677.81,4680.81,4673.99,4679.66,2656,10,0,2656
2026-05-13 17:09:00,4679.64,4680.82,4677.01,4679.5,2507,11,0,2507
2026-05-13 17:12:00,4679.5,4683.32,4678.1,4681.3,2642,9,0,2642
2026-05-13 17:15:00,4681.28,4682.34,4676.38,4677.18,2312,9,0,2312
2026-05-13 17:18:00,4677.16,4677.59,4673.51,4676.01,2339,11,0,2339
2026-05-13 17:21:00,4676.01,4678.64,4675.6,4677.61,2301,11,0,2301
2026-05-13 17:24:00,4677.6,4685.45,4677.56,4683.64,2423,10,0,2423
2026-05-13 17:27:00,4683.62,4685.38,4683.18,4684.24,2274,12,0,2274
2026-05-13 17:30:00,4684.23,4689.29,4683.12,4688.5,2355,12,0,2355
2026-05-13 17:33:00,4688.5,4690.56,4687.1,4689.55,2371,13,0,2371
2026-05-13 17:36:00,4689.59,4690.95,4684.99,4686.35,2313,11,0,2313
2026-05-13 17:39:00,4686.38,4688.55,4684.94,4685.92,2389,9,0,2389
2026-05-13 17:42:00,4685.94,4687.96,4683.59,4683.83,2263,9,0,2263
2026-05-13 17:45:00,4683.83,4684.98,4677.21,4683.94,2558,13,0,2558
2026-05-13 17:48:00,4683.97,4684.41,4679.27,4679.91,2666,9,0,2666
2026-05-13 17:51:00,4679.93,4682.06,4678.14,4681.37,2604,9,0,2604
2026-05-13 17:54:00,4681.37,4681.7,4678.86,4680.86,2405,9,0,2405
2026-05-13 17:57:00,4680.84,4683.29,4679.47,4679.77,2403,9,0,2403
2026-05-13 18:00:00,4679.8,4685.76,4678.98,4685.39,2361,11,0,2361
2026-05-13 18:03:00,4685.36,4686.05,4682.0,4682.06,2528,9,0,2528
2026-05-13 18:06:00,4682.07,4687.76,4682.07,4687.72,2227,12,0,2227
2026-05-13 18:09:00,4687.75,4690.77,4686.12,4686.52,2317,14,0,2317
2026-05-13 18:12:00,4686.49,4689.2,4686.41,4687.54,2345,12,0,2345
2026-05-13 18:15:00,4687.56,4687.95,4685.52,4686.5,2462,9,0,2462
2026-05-13 18:18:00,4686.51,4687.82,4685.22,4686.23,2411,9,0,2411
2026-05-13 18:21:00,4686.24,4690.0,4685.66,4689.71,2257,9,0,2257
2026-05-13 18:24:00,4689.71,4690.01,4687.55,4689.73,2225,9,0,2225
2026-05-13 18:27:00,4689.71,4691.76,4687.85,4691.23,2144,11,0,2144
2026-05-13 18:30:00,4691.22,4692.06,4687.03,4690.34,2208,14,0,2208
2026-05-13 18:33:00,4690.35,4696.23,4690.3,4695.56,2134,12,0,2134
2026-05-13 18:36:00,4695.56,4699.12,4695.55,4697.8,2249,11,0,2249
2026-05-13 18:39:00,4697.78,4699.63,4697.07,4698.29,2383,9,0,2383
2026-05-13 18:42:00,4698.28,4699.84,4697.65,4699.3,2557,9,0,2557
2026-05-13 18:45:00,4699.32,4699.57,4697.36,4699.23,2603,9,0,2603
2026-05-13 18:48:00,4699.23,4699.24,4696.45,4697.19,2247,9,0,2247
2026-05-13 18:51:00,4697.17,4697.17,4694.74,4695.29,2186,9,0,2186
2026-05-13 18:54:00,4695.28,4698.09,4695.05,4697.24,2110,12,0,2110
2026-05-13 18:57:00,4697.25,4697.41,4694.55,4695.48,2118,13,0,2118
2026-05-13 19:00:00,4695.47,4699.01,4695.13,4698.69,2117,14,0,2117
2026-05-13 19:03:00,4698.7,4699.46,4696.56,4698.77,2151,14,0,2151
2026-05-13 19:06:00,4698.81,4700.01,4698.16,4699.65,2277,9,0,2277
2026-05-13 19:09:00,4699.63,4702.91,4698.86,4700.51,2103,10,0,2103
2026-05-13 19:12:00,4700.5,4702.16,4699.25,4702.14,2294,9,0,2294
2026-05-13 19:15:00,4702.13,4703.74,4700.42,4700.58,2200,13,0,2200
2026-05-13 19:18:00,4700.6,4701.36,4698.7,4700.82,2155,10,0,2155
2026-05-13 19:21:00,4700.83,4703.65,4700.61,4703.4,2138,12,0,2138
2026-05-13 19:24:00,4703.4,4709.63,4703.28,4704.26,2472,11,0,2472
2026-05-13 19:27:00,4704.27,4709.84,4703.7,4706.91,2245,14,0,2245
2026-05-13 19:30:00,4706.92,4707.7,4703.02,4703.72,2411,14,0,2411
2026-05-13 19:33:00,4703.7,4704.67,4702.38,4703.5,2067,12,0,2067
2026-05-13 19:36:00,4703.51,4704.27,4701.74,4702.59,1997,10,0,1997
2026-05-13 19:39:00,4702.63,4703.87,4699.9,4700.83,2115,13,0,2115
2026-05-13 19:42:00,4700.84,4701.81,4699.81,4700.0,2116,11,0,2116
2026-05-13 19:45:00,4700.01,4701.58,4698.4,4700.51,2155,12,0,2155
2026-05-13 19:48:00,4700.52,4701.02,4698.05,4698.25,2043,14,0,2043
2026-05-13 19:51:00,4698.23,4698.81,4696.01,4696.03,2151,14,0,2151
2026-05-13 19:54:00,4696.01,4697.45,4695.37,4695.99,2050,14,0,2050
2026-05-13 19:57:00,4696.01,4697.73,4695.02,4695.72,1983,13,0,1983
2026-05-13 20:00:00,4695.72,4698.62,4695.72,4698.16,2051,13,0,2051
2026-05-13 20:03:00,4698.16,4699.37,4696.34,4698.47,2031,14,0,2031
2026-05-13 20:06:00,4698.48,4699.81,4698.4,4699.31,2008,12,0,2008
2026-05-13 20:09:00,4699.33,4700.06,4698.66,4698.68,1936,11,0,1936
2026-05-13 20:12:00,4698.66,4701.08,4698.56,4699.79,1895,12,0,1895
2026-05-13 20:15:00,4699.77,4699.77,4696.93,4697.91,2005,14,0,2005
2026-05-13 20:18:00,4697.84,4700.39,4697.52,4699.72,1905,12,0,1905
2026-05-13 20:21:00,4699.74,4701.28,4699.51,4699.82,1936,11,0,1936
2026-05-13 20:24:00,4699.82,4699.82,4696.57,4697.75,2235,14,0,2235
2026-05-13 20:27:00,4697.76,4700.06,4697.16,4698.43,2101,14,0,2101
2026-05-13 20:30:00,4698.37,4698.51,4695.47,4695.51,2100,14,0,2100
2026-05-13 20:33:00,4695.53,4696.26,4690.2,4691.52,2218,13,0,2218
2026-05-13 20:36:00,4691.52,4692.82,4690.53,4691.03,2039,13,0,2039
2026-05-13 20:39:00,4691.07,4693.62,4690.48,4692.06,2015,14,0,2015
2026-05-13 20:42:00,4692.09,4692.56,4690.83,4691.17,2012,12,0,2012
2026-05-13 20:45:00,4691.17,4694.39,4691.17,4691.73,2051,10,0,2051
2026-05-13 20:48:00,4691.74,4692.09,4690.42,4692.03,2113,9,0,2113
2026-05-13 20:51:00,4692.01,4692.39,4690.73,4690.75,2043,9,0,2043
2026-05-13 20:54:00,4690.71,4690.71,4687.26,4687.36,2037,10,0,2037
2026-05-13 20:57:00,4687.38,4688.19,4684.6,4685.59,2051,12,0,2051
2026-05-13 21:00:00,4685.61,4689.47,4684.44,4688.78,2193,14,0,2193
2026-05-13 21:03:00,4688.77,4689.93,4687.77,4689.52,2444,9,0,2444
2026-05-13 21:06:00,4689.52,4691.3,4688.99,4691.12,1961,9,0,1961
2026-05-13 21:09:00,4691.1,4691.74,4690.51,4691.49,1915,9,0,1915
2026-05-13 21:12:00,4691.47,4692.7,4691.15,4692.44,1919,11,0,1919
2026-05-13 21:15:00,4692.44,4694.04,4690.44,4690.57,2074,13,0,2074
2026-05-13 21:18:00,4690.55,4691.27,4690.35,4690.74,1984,13,0,1984
2026-05-13 21:21:00,4690.8,4690.83,4688.86,4689.7,2004,12,0,2004
2026-05-13 21:24:00,4689.6,4691.51,4688.8,4690.64,1992,14,0,1992
2026-05-13 21:27:00,4690.65,4692.18,4690.21,4692.02,1942,12,0,1942
2026-05-13 21:30:00,4692.02,4692.77,4691.07,4691.28,1920,12,0,1920
2026-05-13 21:33:00,4691.28,4691.36,4688.16,4688.32,2044,9,0,2044
2026-05-13 21:36:00,4688.34,4690.06,4687.26,4689.44,1993,14,0,1993
2026-05-13 21:39:00,4689.47,4691.35,4688.94,4690.93,1984,10,0,1984
2026-05-13 21:42:00,4690.91,4691.03,4685.79,4686.12,2171,9,0,2171
2026-05-13 21:45:00,4686.11,4687.6,4677.62,4678.88,2315,14,0,2315
2026-05-13 21:48:00,4678.87,4682.2,4678.48,4682.19,2175,14,0,2175
2026-05-13 21:51:00,4682.21,4685.23,4681.59,4684.91,2061,14,0,2061
2026-05-13 21:54:00,4684.88,4687.41,4684.54,4686.7,2191,14,0,2191
2026-05-13 21:57:00,4686.67,4687.52,4684.44,4684.96,2054,12,0,2054
2026-05-13 22:00:00,4684.95,4686.04,4684.17,4684.38,2021,11,0,2021
2026-05-13 22:03:00,4684.35,4685.22,4683.67,4683.7,1967,11,0,1967
2026-05-13 22:06:00,4683.72,4686.42,4683.36,4686.3,1919,13,0,1919
2026-05-13 22:09:00,4686.32,4686.66,4685.86,4685.96,1977,12,0,1977
2026-05-13 22:12:00,4685.96,4689.15,4685.61,4689.15,1939,13,0,1939
2026-05-13 22:15:00,4689.16,4689.34,4686.89,4689.27,1969,14,0,1969
2026-05-13 22:18:00,4689.3,4690.56,4687.88,4688.23,1965,13,0,1965
2026-05-13 22:21:00,4688.2,4690.13,4687.87,4688.31,2032,14,0,2032
2026-05-13 22:24:00,4688.29,4688.96,4687.33,4688.06,2089,14,0,2089
2026-05-13 22:27:00,4688.09,4688.52,4686.64,4687.19,1875,13,0,1875
2026-05-13 22:30:00,4687.17,4688.62,4686.65,4686.71,1934,14,0,1934
2026-05-13 22:33:00,4686.68,4686.94,4684.56,4685.52,2009,14,0,2009
2026-05-13 22:36:00,4685.59,4687.84,4685.16,4687.12,2086,9,0,2086
2026-05-13 22:39:00,4687.14,4689.1,4686.9,4688.29,2049,9,0,2049
2026-05-13 22:42:00,4688.29,4688.6,4687.1,4688.49,1940,10,0,1940
2026-05-13 22:45:00,4688.51,4689.16,4687.46,4689.03,2145,9,0,2145
2026-05-13 22:48:00,4688.9,4689.45,4686.44,4687.36,2299,9,0,2299
2026-05-13 22:51:00,4687.38,4688.19,4683.79,4685.49,2212,14,0,2212
2026-05-13 22:54:00,4685.49,4687.7,4685.02,4686.93,2117,14,0,2117
2026-05-13 22:57:00,4686.94,4688.99,4686.77,4688.31,2024,12,0,2024
2026-05-13 23:00:00,4688.31,4688.58,4686.0,4686.52,1942,13,0,1942
2026-05-13 23:03:00,4686.49,4688.03,4686.48,4688.0,1908,10,0,1908
2026-05-13 23:06:00,4687.98,4689.25,4687.48,4689.07,1950,9,0,1950
2026-05-13 23:09:00,4689.07,4690.73,4688.57,4689.89,1805,9,0,1805
2026-05-13 23:12:00,4689.88,4691.07,4689.81,4690.93,1795,9,0,1795
2026-05-13 23:15:00,4690.9,4691.0,4690.24,4690.38,1815,11,0,1815
2026-05-13 23:18:00,4690.38,4691.49,4690.21,4691.07,1822,13,0,1822
2026-05-13 23:21:00,4691.08,4691.84,4691.05,4691.72,1736,14,0,1736
2026-05-13 23:24:00,4691.7,4693.36,4691.66,4693.33,1783,13,0,1783
2026-05-13 23:27:00,4693.35,4693.46,4691.22,4691.32,1771,14,0,1771
2026-05-13 23:30:00,4691.31,4692.99,4690.73,4691.06,1818,14,0,1818
2026-05-13 23:33:00,4691.05,4691.07,4689.24,4690.45,1822,14,0,1822
2026-05-13 23:36:00,4690.46,4691.38,4690.09,4691.1,1802,14,0,1802
2026-05-13 23:39:00,4691.12,4691.84,4690.37,4690.54,1815,11,0,1815
2026-05-13 23:42:00,4690.51,4690.8,4689.81,4690.7,1784,22,0,1784
2026-05-13 23:45:00,4690.73,4691.06,4688.9,4689.02,1823,22,0,1823
2026-05-13 23:48:00,4689.03,4689.4,4688.56,4689.08,1802,22,0,1802
2026-05-13 23:51:00,4689.08,4689.29,4687.81,4688.46,1800,22,0,1800
2026-05-13 23:54:00,4688.47,4688.92,4687.81,4688.86,1795,22,0,1795
2026-05-13 23:57:00,4688.86,4689.14,4688.39,4688.83,1258,22,0,1258
2026-05-14 01:00:00,4691.89,4694.38,4690.09,4693.59,4663,16,0,4663
2026-05-14 01:03:00,4693.56,4693.87,4692.51,4692.98,1848,16,0,1848
2026-05-14 01:06:00,4692.97,4693.58,4691.65,4691.84,1800,16,0,1800
2026-05-14 01:09:00,4691.85,4691.85,4689.02,4691.02,1804,16,0,1804
2026-05-14 01:12:00,4691.01,4691.49,4690.12,4691.13,1789,15,0,1789
2026-05-14 01:15:00,4691.14,4696.04,4690.93,4694.23,2026,15,0,2026
2026-05-14 01:18:00,4694.24,4695.52,4693.69,4694.3,1876,16,0,1876
2026-05-14 01:21:00,4694.3,4695.44,4694.27,4695.01,1803,15,0,1803
2026-05-14 01:24:00,4695.0,4697.33,4694.88,4697.12,1845,15,0,1845
2026-05-14 01:27:00,4697.15,4697.17,4695.75,4697.12,1796,15,0,1796
2026-05-14 01:30:00,4697.13,4698.67,4695.54,4696.45,1842,15,0,1842
2026-05-14 01:33:00,4696.46,4697.35,4695.96,4696.9,1773,15,0,1773
2026-05-14 01:36:00,4696.88,4699.35,4696.8,4698.96,1797,14,0,1797
2026-05-14 01:39:00,4698.95,4699.56,4698.07,4699.25,1786,14,0,1786
2026-05-14 01:42:00,4699.25,4700.4,4699.01,4699.18,1827,14,0,1827
2026-05-14 01:45:00,4699.15,4699.74,4697.65,4698.02,1853,16,0,1853
2026-05-14 01:48:00,4698.01,4698.44,4696.71,4698.41,1834,15,0,1834
2026-05-14 01:51:00,4698.43,4700.59,4698.34,4700.47,1790,13,0,1790
2026-05-14 01:54:00,4700.48,4700.58,4699.35,4699.77,1747,13,0,1747
2026-05-14 01:57:00,4699.76,4700.58,4699.69,4700.12,1773,15,0,1773
2026-05-14 02:00:00,4700.12,4701.04,4699.7,4700.51,1821,15,0,1821
2026-05-14 02:03:00,4700.51,4700.57,4699.18,4700.17,1841,15,0,1841
2026-05-14 02:06:00,4700.18,4701.65,4700.18,4701.26,1772,14,0,1772
2026-05-14 02:09:00,4701.27,4701.88,4700.82,4701.71,1787,14,0,1787
2026-05-14 02:12:00,4701.7,4702.23,4701.11,4701.24,1757,13,0,1757
2026-05-14 02:15:00,4701.31,4701.39,4700.44,4700.52,1724,14,0,1724
2026-05-14 02:18:00,4700.51,4701.17,4700.49,4700.77,1787,15,0,1787
2026-05-14 02:21:00,4700.8,4701.09,4700.24,4700.36,1750,14,0,1750
2026-05-14 02:24:00,4700.39,4700.68,4696.86,4697.56,1816,16,0,1816
2026-05-14 02:27:00,4697.56,4697.66,4696.77,4697.36,1803,16,0,1803
2026-05-14 02:30:00,4697.35,4697.53,4694.37,4696.15,1818,16,0,1818
2026-05-14 02:33:00,4696.18,4696.18,4694.66,4695.47,1812,15,0,1812
2026-05-14 02:36:00,4695.48,4696.98,4695.21,4696.36,1801,15,0,1801
2026-05-14 02:39:00,4696.37,4697.39,4695.26,4697.39,1831,15,0,1831
2026-05-14 02:42:00,4697.4,4697.5,4694.61,4694.83,1818,16,0,1818
2026-05-14 02:45:00,4694.83,4696.48,4693.25,4695.6,1875,16,0,1875
2026-05-14 02:48:00,4695.63,4695.72,4693.69,4694.89,1809,15,0,1809
2026-05-14 02:51:00,4694.88,4695.25,4693.27,4694.34,1767,13,0,1767
2026-05-14 02:54:00,4694.34,4695.98,4694.24,4695.02,1823,14,0,1823
2026-05-14 02:57:00,4694.99,4696.86,4694.52,4696.64,1802,13,0,1802
2026-05-14 03:00:00,4696.64,4699.38,4693.99,4694.57,1991,13,0,1991
2026-05-14 03:03:00,4694.59,4694.66,4689.48,4693.95,2091,16,0,2091
2026-05-14 03:06:00,4693.96,4696.57,4691.78,4692.82,2096,16,0,2096
2026-05-14 03:09:00,4692.8,4696.52,4692.8,4695.32,1992,15,0,1992
2026-05-14 03:12:00,4695.34,4697.76,4694.9,4697.56,1933,14,0,1933
2026-05-14 03:15:00,4697.58,4705.39,4697.42,4704.97,2040,14,0,2040
2026-05-14 03:18:00,4704.99,4705.38,4699.32,4700.51,2040,16,0,2040
2026-05-14 03:21:00,4700.54,4701.31,4699.72,4700.73,2011,13,0,2011
2026-05-14 03:24:00,4700.73,4702.74,4699.83,4700.7,2074,13,0,2074
2026-05-14 03:27:00,4700.7,4702.49,4699.62,4701.12,1916,14,0,1916
2026-05-14 03:30:00,4701.12,4703.3,4698.11,4698.14,1979,14,0,1979
2026-05-14 03:33:00,4698.12,4699.53,4695.05,4696.16,1982,13,0,1982
2026-05-14 03:36:00,4696.16,4697.02,4694.36,4696.39,1979,13,0,1979
2026-05-14 03:39:00,4696.38,4697.03,4692.96,4694.4,1928,13,0,1928
2026-05-14 03:42:00,4694.42,4700.9,4693.3,4700.21,1947,16,0,1947
2026-05-14 03:45:00,4700.21,4704.83,4700.11,4703.98,1990,15,0,1990
2026-05-14 03:48:00,4703.99,4704.3,4701.07,4702.14,1891,13,0,1891
2026-05-14 03:51:00,4702.15,4703.44,4699.46,4700.0,1909,13,0,1909
2026-05-14 03:54:00,4700.01,4702.97,4699.79,4702.41,1866,13,0,1866
2026-05-14 03:57:00,4702.43,4706.83,4701.51,4705.06,1996,13,0,1996
2026-05-14 04:00:00,4705.05,4707.07,4701.25,4701.61,2481,16,0,2481
2026-05-14 04:03:00,4701.61,4701.69,4692.58,4693.32,2530,16,0,2530
2026-05-14 04:06:00,4693.32,4694.66,4686.51,4687.03,2506,16,0,2506
2026-05-14 04:09:00,4687.04,4692.2,4686.55,4691.38,2264,16,0,2264
2026-05-14 04:12:00,4691.39,4692.46,4684.29,4688.93,2332,15,0,2332
2026-05-14 04:15:00,4688.92,4694.13,4687.82,4693.66,2293,15,0,2293
2026-05-14 04:18:00,4693.72,4694.6,4687.5,4692.13,2370,15,0,2370
2026-05-14 04:21:00,4692.13,4692.57,4689.57,4691.05,2253,15,0,2253
2026-05-14 04:24:00,4691.08,4694.09,4690.75,4692.3,2135,14,0,2135
2026-05-14 04:27:00,4692.34,4695.44,4691.66,4692.76,2120,14,0,2120
2026-05-14 04:30:00,4692.75,4694.64,4690.12,4691.59,2217,15,0,2217
2026-05-14 04:33:00,4691.59,4694.33,4689.58,4694.17,2230,15,0,2230
2026-05-14 04:36:00,4694.16,4694.5,4687.04,4688.37,2161,16,0,2161
2026-05-14 04:39:00,4688.39,4691.14,4686.54,4686.71,2205,15,0,2205
2026-05-14 04:42:00,4686.67,4688.99,4683.62,4688.6,2289,14,0,2289
2026-05-14 04:45:00,4688.82,4693.54,4687.02,4693.51,2282,13,0,2282
2026-05-14 04:48:00,4693.4,4695.01,4693.25,4694.06,2143,13,0,2143
2026-05-14 04:51:00,4694.06,4694.38,4683.66,4687.58,2273,13,0,2273
2026-05-14 04:54:00,4687.61,4687.88,4684.05,4686.75,2473,15,0,2473
2026-05-14 04:57:00,4686.71,4689.21,4684.78,4688.73,2517,14,0,2517
2026-05-14 05:00:00,4688.73,4692.05,4687.27,4691.82,2412,13,0,2412
2026-05-14 05:03:00,4691.84,4694.11,4691.11,4692.62,2159,13,0,2159
2026-05-14 05:06:00,4692.62,4693.34,4689.05,4690.02,2010,13,0,2010
2026-05-14 05:09:00,4690.02,4691.63,4688.9,4689.29,2029,13,0,2029
2026-05-14 05:12:00,4689.3,4689.57,4686.61,4688.25,2195,14,0,2195
2026-05-14 05:15:00,4688.31,4690.66,4687.09,4690.41,1953,13,0,1953
2026-05-14 05:18:00,4690.39,4691.03,4689.66,4690.6,1925,13,0,1925
2026-05-14 05:21:00,4690.61,4691.7,4689.31,4690.33,1932,13,0,1932
2026-05-14 05:24:00,4690.33,4694.19,4689.81,4693.04,1950,15,0,1950
2026-05-14 05:27:00,4693.05,4694.07,4690.22,4693.57,1964,16,0,1964
2026-05-14 05:30:00,4693.57,4696.73,4690.99,4696.04,2181,14,0,2181
2026-05-14 05:33:00,4696.03,4699.72,4695.96,4699.46,2014,13,0,2014
2026-05-14 05:36:00,4699.45,4699.47,4696.8,4696.81,2019,14,0,2019
2026-05-14 05:39:00,4696.81,4697.37,4690.46,4691.62,2094,13,0,2094
2026-05-14 05:42:00,4691.61,4693.07,4689.56,4691.95,2126,15,0,2126
2026-05-14 05:45:00,4691.88,4693.36,4686.09,4686.82,2179,13,0,2179
2026-05-14 05:48:00,4686.8,4686.85,4680.0,4682.92,2383,16,0,2383
2026-05-14 05:51:00,4682.94,4685.5,4682.49,4685.49,2132,14,0,2132
2026-05-14 05:54:00,4685.49,4687.82,4684.94,4686.71,2116,13,0,2116
2026-05-14 05:57:00,4686.72,4688.28,4684.96,4686.32,2189,13,0,2189
2026-05-14 06:00:00,4686.34,4689.74,4685.5,4689.59,2065,13,0,2065
2026-05-14 06:03:00,4689.59,4690.2,4685.39,4687.33,2100,14,0,2100
2026-05-14 06:06:00,4687.31,4687.39,4681.95,4685.0,2196,15,0,2196
2026-05-14 06:09:00,4685.02,4685.72,4683.3,4685.44,2206,15,0,2206
2026-05-14 06:12:00,4685.42,4685.44,4681.53,4682.96,2122,13,0,2122
2026-05-14 06:15:00,4682.97,4686.33,4682.95,4685.19,2040,13,0,2040
2026-05-14 06:18:00,4685.19,4686.5,4682.74,4683.85,2087,13,0,2087
2026-05-14 06:21:00,4683.83,4687.3,4681.6,4687.19,2279,15,0,2279
2026-05-14 06:24:00,4687.27,4692.34,4686.81,4691.76,2045,13,0,2045
2026-05-14 06:27:00,4691.79,4693.36,4690.73,4691.45,2065,13,0,2065
2026-05-14 06:30:00,4691.44,4691.81,4685.69,4686.51,2097,13,0,2097
2026-05-14 06:33:00,4686.48,4686.59,4683.23,4685.63,1937,13,0,1937
2026-05-14 06:36:00,4685.62,4686.59,4680.49,4680.77,1926,13,0,1926
2026-05-14 06:39:00,4680.83,4681.24,4677.54,4678.5,2104,16,0,2104
2026-05-14 06:42:00,4678.48,4678.78,4675.83,4676.38,2086,13,0,2086
2026-05-14 06:45:00,4676.4,4677.98,4675.85,4676.46,1992,13,0,1992
2026-05-14 06:48:00,4676.47,4677.45,4674.4,4676.01,2109,13,0,2109
2026-05-14 06:51:00,4675.99,4676.97,4674.45,4675.29,1917,13,0,1917
2026-05-14 06:54:00,4675.3,4675.92,4674.32,4675.86,1888,13,0,1888
2026-05-14 06:57:00,4675.84,4676.88,4673.97,4675.04,1935,13,0,1935
2026-05-14 07:00:00,4675.04,4675.05,4668.07,4673.54,2096,13,0,2096
2026-05-14 07:03:00,4673.54,4677.92,4671.64,4676.65,2116,14,0,2116
2026-05-14 07:06:00,4676.68,4679.48,4675.9,4679.29,1939,13,0,1939
2026-05-14 07:09:00,4679.32,4680.25,4677.14,4678.22,2034,13,0,2034
2026-05-14 07:12:00,4678.23,4682.6,4677.67,4682.18,1964,13,0,1964
2026-05-14 07:15:00,4682.16,4683.27,4681.79,4682.08,1954,13,0,1954
2026-05-14 07:18:00,4682.09,4685.19,4681.96,4684.84,1861,13,0,1861
2026-05-14 07:21:00,4684.84,4689.11,4684.84,4688.96,1903,15,0,1903
2026-05-14 07:24:00,4688.98,4703.73,4688.59,4703.06,2151,15,0,2151
2026-05-14 07:27:00,4702.94,4707.46,4700.68,4702.4,2316,16,0,2316
2026-05-14 07:30:00,4702.4,4710.66,4701.46,4708.37,2177,16,0,2177
2026-05-14 07:33:00,4708.36,4711.43,4707.66,4709.92,2140,16,0,2140
2026-05-14 07:36:00,4709.86,4712.71,4706.63,4707.1,2098,15,0,2098
2026-05-14 07:39:00,4707.1,4708.03,4705.89,4706.85,1935,13,0,1935
2026-05-14 07:42:00,4706.83,4706.93,4703.25,4704.89,1890,13,0,1890
2026-05-14 07:45:00,4704.88,4706.74,4703.19,4705.53,1865,14,0,1865
2026-05-14 07:48:00,4705.53,4706.68,4703.72,4704.41,1967,14,0,1967
2026-05-14 07:51:00,4704.44,4705.04,4703.63,4704.65,1914,15,0,1914
2026-05-14 07:54:00,4704.62,4706.45,4704.11,4705.16,1948,15,0,1948
2026-05-14 07:57:00,4705.16,4705.5,4702.45,4702.51,1925,16,0,1925
2026-05-14 08:00:00,4702.47,4703.17,4700.9,4700.94,2064,15,0,2064
2026-05-14 08:03:00,4700.94,4702.11,4699.82,4701.19,1972,15,0,1972
2026-05-14 08:06:00,4701.18,4704.2,4700.55,4702.17,1979,16,0,1979
2026-05-14 08:09:00,4702.19,4703.87,4701.24,4701.97,1950,16,0,1950
2026-05-14 08:12:00,4702.0,4702.43,4699.93,4700.0,1859,13,0,1859
2026-05-14 08:15:00,4700.02,4700.35,4698.91,4699.0,1925,14,0,1925
2026-05-14 08:18:00,4698.98,4699.28,4697.03,4697.38,1894,13,0,1894
2026-05-14 08:21:00,4697.38,4698.19,4697.0,4697.07,1873,14,0,1873
2026-05-14 08:24:00,4697.1,4698.76,4693.71,4694.43,1972,15,0,1972
2026-05-14 08:27:00,4694.43,4694.87,4693.38,4693.67,1945,15,0,1945
2026-05-14 08:30:00,4693.66,4701.07,4693.27,4700.47,2432,15,0,2432
2026-05-14 08:33:00,4700.48,4701.5,4697.91,4698.17,2133,16,0,2133
2026-05-14 08:36:00,4698.16,4699.35,4696.73,4698.15,2102,15,0,2102
2026-05-14 08:39:00,4698.16,4700.95,4697.69,4698.44,2065,15,0,2065
2026-05-14 08:42:00,4698.42,4699.64,4696.89,4697.41,2041,15,0,2041
2026-05-14 08:45:00,4697.42,4703.27,4697.37,4699.86,2260,15,0,2260
2026-05-14 08:48:00,4699.84,4701.84,4698.44,4700.69,2114,14,0,2114
2026-05-14 08:51:00,4700.7,4700.91,4698.54,4699.61,2013,13,0,2013
2026-05-14 08:54:00,4699.58,4699.99,4695.39,4696.15,2122,14,0,2122
2026-05-14 08:57:00,4696.12,4697.83,4689.07,4689.64,2155,13,0,2155
2026-05-14 09:00:00,4689.62,4691.87,4687.36,4689.14,2307,14,0,2307
2026-05-14 09:03:00,4689.13,4693.83,4689.13,4693.83,2187,14,0,2187
2026-05-14 09:06:00,4693.83,4694.77,4689.61,4690.2,2154,13,0,2154
2026-05-14 09:09:00,4690.17,4691.8,4687.49,4688.39,2095,11,0,2095
2026-05-14 09:12:00,4688.39,4688.61,4686.11,4687.88,2139,10,0,2139
2026-05-14 09:15:00,4687.89,4689.19,4686.82,4687.38,2234,9,0,2234
2026-05-14 09:18:00,4687.36,4690.38,4686.46,4690.21,2078,10,0,2078
2026-05-14 09:21:00,4690.22,4690.94,4688.65,4690.35,2193,9,0,2193
2026-05-14 09:24:00,4690.34,4692.84,4689.85,4692.73,2006,11,0,2006
2026-05-14 09:27:00,4692.76,4693.08,4691.32,4691.34,2048,14,0,2048
2026-05-14 09:30:00,4691.35,4694.44,4690.64,4694.29,2047,14,0,2047
2026-05-14 09:33:00,4694.3,4695.54,4693.31,4694.44,1940,13,0,1940
2026-05-14 09:36:00,4694.45,4695.43,4691.61,4692.22,1984,14,0,1984
2026-05-14 09:39:00,4692.22,4694.3,4691.39,4692.92,2021,14,0,2021
2026-05-14 09:42:00,4692.91,4699.71,4692.7,4699.06,2031,11,0,2031
2026-05-14 09:45:00,4699.0,4702.46,4697.96,4700.05,2190,14,0,2190
2026-05-14 09:48:00,4700.06,4700.15,4694.82,4696.98,2101,13,0,2101
2026-05-14 09:51:00,4696.99,4701.45,4696.68,4700.4,2098,13,0,2098
2026-05-14 09:54:00,4700.42,4701.57,4698.34,4699.05,2146,12,0,2146
2026-05-14 09:57:00,4699.07,4701.49,4699.07,4700.22,2218,9,0,2218
2026-05-14 10:00:00,4700.24,4701.83,4697.23,4701.48,2177,14,0,2177
2026-05-14 10:03:00,4701.48,4702.29,4696.8,4697.51,2072,12,0,2072
2026-05-14 10:06:00,4697.52,4700.62,4696.2,4699.43,2118,10,0,2118
2026-05-14 10:09:00,4699.42,4700.3,4697.31,4698.92,2124,11,0,2124
2026-05-14 10:12:00,4698.91,4699.14,4694.54,4695.34,2338,9,0,2338
2026-05-14 10:15:00,4695.34,4699.6,4694.93,4699.05,2146,9,0,2146
2026-05-14 10:18:00,4699.03,4699.08,4695.5,4695.54,2235,9,0,2235
2026-05-14 10:21:00,4695.58,4700.36,4695.2,4699.1,2321,9,0,2321
2026-05-14 10:24:00,4699.1,4702.65,4698.79,4702.2,2245,9,0,2245
2026-05-14 10:27:00,4702.23,4706.9,4701.89,4705.52,2119,11,0,2119
2026-05-14 10:30:00,4705.5,4707.9,4703.01,4707.3,2218,9,0,2218
2026-05-14 10:33:00,4707.39,4714.17,4707.32,4712.97,2156,14,0,2156
2026-05-14 10:36:00,4712.95,4718.77,4712.88,4714.65,2278,14,0,2278
2026-05-14 10:39:00,4714.63,4715.46,4709.99,4712.38,2120,14,0,2120
2026-05-14 10:42:00,4712.4,4714.64,4709.16,4709.21,2141,9,0,2141
2026-05-14 10:45:00,4709.17,4709.65,4703.68,4703.84,1993,11,0,1993
2026-05-14 10:48:00,4703.87,4705.34,4696.93,4697.72,2128,10,0,2128
2026-05-14 10:51:00,4697.73,4701.62,4695.24,4701.37,2174,12,0,2174
2026-05-14 10:54:00,4701.37,4702.03,4697.57,4698.33,2362,9,0,2362
2026-05-14 10:57:00,4698.33,4698.95,4690.77,4693.09,2421,14,0,2421
2026-05-14 11:00:00,4693.06,4700.93,4692.01,4699.6,2229,13,0,2229
2026-05-14 11:03:00,4699.57,4700.21,4696.66,4698.06,2292,9,0,2292
2026-05-14 11:06:00,4698.09,4700.0,4697.03,4698.42,2024,9,0,2024
2026-05-14 11:09:00,4698.43,4699.42,4695.54,4697.93,2086,11,0,2086
2026-05-14 11:12:00,4697.92,4700.66,4697.16,4698.98,2075,11,0,2075
2026-05-14 11:15:00,4699.02,4701.84,4699.02,4699.73,2074,11,0,2074
2026-05-14 11:18:00,4699.72,4701.79,4699.42,4701.66,2026,11,0,2026
2026-05-14 11:21:00,4701.68,4701.73,4697.85,4698.34,1998,14,0,1998
2026-05-14 11:24:00,4698.3,4704.96,4698.09,4702.92,2077,14,0,2077
2026-05-14 11:27:00,4702.93,4704.18,4701.76,4703.12,2142,14,0,2142
2026-05-14 11:30:00,4703.11,4705.77,4702.57,4703.49,2044,14,0,2044
2026-05-14 11:33:00,4703.48,4705.74,4701.72,4705.68,1978,13,0,1978
2026-05-14 11:36:00,4705.67,4706.68,4702.94,4703.2,2167,14,0,2167
2026-05-14 11:39:00,4703.19,4703.72,4700.29,4700.71,2111,11,0,2111
2026-05-14 11:42:00,4700.68,4701.51,4695.6,4696.89,2073,10,0,2073
2026-05-14 11:45:00,4696.91,4697.53,4694.6,4695.81,2068,12,0,2068
2026-05-14 11:48:00,4695.81,4697.04,4693.52,4694.47,2073,14,0,2073
2026-05-14 11:51:00,4694.49,4696.57,4694.03,4696.29,2367,9,0,2367
2026-05-14 11:54:00,4696.26,4696.96,4694.34,4696.15,2005,9,0,2005
2026-05-14 11:57:00,4696.14,4696.15,4693.0,4693.32,1992,9,0,1992
2026-05-14 12:00:00,4693.34,4694.14,4690.25,4692.68,2121,14,0,2121
2026-05-14 12:03:00,4692.68,4693.04,4690.97,4692.96,1950,14,0,1950
2026-05-14 12:06:00,4692.96,4695.63,4691.86,4695.63,2349,9,0,2349
2026-05-14 12:09:00,4695.63,4698.11,4693.13,4695.12,2236,9,0,2236
2026-05-14 12:12:00,4695.12,4696.36,4694.15,4694.58,2191,9,0,2191
2026-05-14 12:15:00,4694.58,4696.69,4694.18,4695.81,2193,9,0,2193
2026-05-14 12:18:00,4695.78,4696.63,4695.01,4695.94,1961,9,0,1961
2026-05-14 12:21:00,4695.95,4695.98,4694.03,4694.05,1920,9,0,1920
2026-05-14 12:24:00,4694.03,4694.28,4691.41,4693.81,1958,14,0,1958
2026-05-14 12:27:00,4693.78,4694.35,4690.69,4690.69,2059,14,0,2059
2026-05-14 12:30:00,4690.71,4692.23,4689.19,4692.21,2023,14,0,2023
2026-05-14 12:33:00,4692.21,4694.82,4691.74,4692.15,2043,10,0,2043
2026-05-14 12:36:00,4692.15,4692.26,4688.31,4690.51,2411,14,0,2411
2026-05-14 12:39:00,4690.49,4695.7,4690.4,4695.25,2137,13,0,2137
2026-05-14 12:42:00,4695.25,4697.25,4694.62,4695.53,1974,12,0,1974
2026-05-14 12:45:00,4695.54,4699.9,4695.54,4698.22,2064,13,0,2064
2026-05-14 12:48:00,4698.21,4702.61,4698.21,4700.05,2129,12,0,2129
2026-05-14 12:51:00,4700.04,4701.11,4698.53,4699.05,2339,9,0,2339
2026-05-14 12:54:00,4699.02,4700.74,4698.38,4700.67,2024,9,0,2024
2026-05-14 12:57:00,4700.67,4701.55,4699.27,4699.59,2056,11,0,2056
2026-05-14 13:00:00,4699.56,4699.72,4698.51,4698.96,2016,11,0,2016
2026-05-14 13:03:00,4698.97,4700.15,4698.8,4699.08,1976,12,0,1976
2026-05-14 13:06:00,4699.08,4700.77,4698.23,4698.88,1945,13,0,1945
2026-05-14 13:09:00,4698.88,4705.42,4697.6,4704.02,2268,14,0,2268
2026-05-14 13:12:00,4704.03,4704.15,4696.05,4697.2,2184,14,0,2184
2026-05-14 13:15:00,4697.2,4697.9,4695.25,4697.05,2084,14,0,2084
2026-05-14 13:18:00,4697.05,4698.34,4695.95,4696.08,2016,14,0,2016
2026-05-14 13:21:00,4696.1,4697.07,4695.05,4695.05,2005,13,0,2005
2026-05-14 13:24:00,4694.98,4698.43,4693.92,4697.24,2144,13,0,2144
2026-05-14 13:27:00,4697.23,4698.1,4695.9,4697.6,1994,14,0,1994
2026-05-14 13:30:00,4697.59,4698.05,4695.41,4695.9,1931,13,0,1931
2026-05-14 13:33:00,4695.9,4697.43,4695.72,4696.82,1910,12,0,1910
2026-05-14 13:36:00,4696.82,4697.71,4694.8,4695.24,1993,13,0,1993
2026-05-14 13:39:00,4695.28,4696.4,4693.66,4693.92,1975,13,0,1975
2026-05-14 13:42:00,4693.91,4695.31,4692.22,4693.53,2092,14,0,2092
2026-05-14 13:45:00,4693.54,4694.94,4692.0,4693.08,2037,14,0,2037
2026-05-14 13:48:00,4693.06,4693.63,4692.17,4693.33,2038,10,0,2038
2026-05-14 13:51:00,4693.34,4695.47,4691.25,4694.64,2083,13,0,2083
2026-05-14 13:54:00,4694.65,4697.76,4694.6,4695.97,2167,14,0,2167
2026-05-14 13:57:00,4695.98,4697.48,4695.54,4697.01,2093,13,0,2093
2026-05-14 14:00:00,4697.03,4698.7,4695.0,4696.71,2223,14,0,2223
2026-05-14 14:03:00,4696.72,4696.75,4694.09,4694.48,2017,12,0,2017
2026-05-14 14:06:00,4694.51,4696.9,4692.79,4696.89,2293,9,0,2293
2026-05-14 14:09:00,4696.96,4698.8,4696.41,4697.77,2132,9,0,2132
2026-05-14 14:12:00,4697.8,4697.88,4696.17,4697.43,2190,9,0,2190
2026-05-14 14:15:00,4697.43,4697.72,4694.8,4695.19,1952,9,0,1952
2026-05-14 14:18:00,4695.19,4696.8,4694.7,4696.38,1961,10,0,1961
2026-05-14 14:21:00,4696.39,4696.84,4693.33,4693.36,1997,9,0,1997
2026-05-14 14:24:00,4693.36,4694.55,4689.37,4690.03,2072,12,0,2072
2026-05-14 14:27:00,4690.04,4694.16,4690.03,4691.98,1976,13,0,1976
2026-05-14 14:30:00,4691.96,4692.98,4690.87,4691.81,2182,9,0,2182
2026-05-14 14:33:00,4691.82,4695.0,4691.53,4694.01,2213,9,0,2213
2026-05-14 14:36:00,4693.98,4694.47,4693.07,4694.33,2186,9,0,2186
2026-05-14 14:39:00,4694.34,4697.1,4694.27,4697.08,2003,9,0,2003
2026-05-14 14:42:00,4697.11,4697.4,4695.05,4695.42,2161,9,0,2161
2026-05-14 14:45:00,4695.44,4698.89,4695.02,4698.82,2219,9,0,2219
2026-05-14 14:48:00,4698.8,4700.37,4697.83,4698.97,2045,14,0,2045
2026-05-14 14:51:00,4698.96,4702.58,4698.91,4701.98,2172,14,0,2172
2026-05-14 14:54:00,4701.96,4704.83,4701.55,4702.03,2199,14,0,2199
2026-05-14 14:57:00,4702.06,4702.08,4694.4,4694.4,2274,14,0,2274
2026-05-14 15:00:00,4694.39,4697.16,4692.39,4696.88,2294,14,0,2294
2026-05-14 15:03:00,4696.88,4698.04,4694.02,4695.19,2154,14,0,2154
2026-05-14 15:06:00,4695.49,4698.85,4695.46,4697.38,2057,14,0,2057
2026-05-14 15:09:00,4697.37,4699.08,4696.84,4699.08,2072,13,0,2072
2026-05-14 15:12:00,4699.09,4703.83,4698.14,4703.81,2154,14,0,2154
2026-05-14 15:15:00,4703.81,4703.87,4699.62,4699.93,2053,12,0,2053
2026-05-14 15:18:00,4699.92,4707.15,4698.88,4706.46,2272,9,0,2272
2026-05-14 15:21:00,4706.48,4707.54,4704.62,4705.74,2113,14,0,2113
2026-05-14 15:24:00,4705.75,4706.32,4703.13,4704.27,2073,14,0,2073
2026-05-14 15:27:00,4704.27,4704.52,4702.46,4703.27,2340,9,0,2340
2026-05-14 15:30:00,4703.24,4704.19,4700.82,4703.35,2168,11,0,2168
2026-05-14 15:33:00,4703.39,4710.1,4703.03,4708.7,2409,14,0,2409
2026-05-14 15:36:00,4708.71,4709.75,4703.54,4703.83,2448,14,0,2448
2026-05-14 15:39:00,4703.84,4707.54,4703.48,4707.1,2132,12,0,2132
2026-05-14 15:42:00,4707.11,4707.16,4698.02,4698.11,2222,10,0,2222
2026-05-14 15:45:00,4698.1,4701.3,4696.02,4700.29,2414,9,0,2414
2026-05-14 15:48:00,4700.3,4704.54,4699.95,4703.64,2123,10,0,2123
2026-05-14 15:51:00,4703.64,4704.04,4701.92,4703.63,2326,9,0,2326
2026-05-14 15:54:00,4703.62,4705.16,4703.0,4703.84,2014,10,0,2014
2026-05-14 15:57:00,4703.85,4706.39,4702.89,4704.96,2062,11,0,2062
2026-05-14 16:00:00,4704.96,4707.82,4697.27,4698.07,2534,14,0,2534
2026-05-14 16:03:00,4698.09,4699.79,4696.22,4698.95,2452,14,0,2452
2026-05-14 16:06:00,4698.86,4703.29,4698.29,4702.51,2180,14,0,2180
2026-05-14 16:09:00,4702.52,4704.72,4700.1,4702.76,2197,12,0,2197
2026-05-14 16:12:00,4702.79,4704.84,4702.67,4704.12,2456,9,0,2456
2026-05-14 16:15:00,4704.14,4704.43,4699.81,4700.5,2212,9,0,2212
2026-05-14 16:18:00,4700.48,4700.48,4691.3,4692.51,2592,14,0,2592
2026-05-14 16:21:00,4692.52,4694.9,4690.09,4694.27,2423,14,0,2423
2026-05-14 16:24:00,4694.27,4696.62,4693.56,4694.76,2183,13,0,2183
2026-05-14 16:27:00,4694.74,4697.08,4688.05,4688.25,2346,13,0,2346
2026-05-14 16:30:00,4688.25,4689.49,4681.72,4688.52,2797,14,0,2797
2026-05-14 16:33:00,4688.54,4688.93,4683.38,4684.33,2675,14,0,2675
2026-05-14 16:36:00,4684.34,4684.68,4680.65,4682.97,2640,14,0,2640
2026-05-14 16:39:00,4682.98,4684.78,4671.5,4673.78,2774,14,0,2774
2026-05-14 16:42:00,4673.73,4677.36,4666.42,4676.87,3220,14,0,3220
2026-05-14 16:45:00,4676.83,4687.81,4675.87,4686.3,3171,14,0,3171
2026-05-14 16:48:00,4686.28,4691.1,4684.01,4686.92,3016,14,0,3016
2026-05-14 16:51:00,4686.92,4687.37,4680.56,4685.86,2790,14,0,2790
2026-05-14 16:54:00,4685.87,4685.97,4681.14,4682.23,2637,11,0,2637
2026-05-14 16:57:00,4682.21,4686.67,4679.01,4679.56,2664,12,0,2664
2026-05-14 17:00:00,4679.56,4689.16,4677.47,4688.42,2731,13,0,2731
2026-05-14 17:03:00,4688.33,4689.0,4682.92,4684.51,2668,10,0,2668
2026-05-14 17:06:00,4684.53,4686.35,4680.74,4683.69,2543,9,0,2543
2026-05-14 17:09:00,4683.7,4688.31,4682.76,4687.65,2997,9,0,2997
2026-05-14 17:12:00,4687.64,4690.29,4685.63,4687.62,2448,9,0,2448
2026-05-14 17:15:00,4687.63,4693.83,4686.99,4693.22,2677,9,0,2677
2026-05-14 17:18:00,4693.18,4699.7,4692.39,4697.96,2449,9,0,2449
2026-05-14 17:21:00,4697.93,4700.84,4695.6,4695.97,2486,13,0,2486
2026-05-14 17:24:00,4696.01,4696.4,4688.42,4690.82,2592,13,0,2592
2026-05-14 17:27:00,4690.82,4692.17,4689.0,4691.49,2574,13,0,2574
2026-05-14 17:30:00,4691.5,4692.13,4689.25,4689.29,2317,12,0,2317
2026-05-14 17:33:00,4689.32,4689.37,4686.05,4688.85,2396,12,0,2396
2026-05-14 17:36:00,4688.77,4690.64,4687.2,4688.49,2268,13,0,2268
2026-05-14 17:39:00,4688.48,4692.11,4687.53,4691.25,2277,13,0,2277
2026-05-14 17:42:00,4691.29,4692.39,4686.11,4686.89,2323,14,0,2323
2026-05-14 17:45:00,4686.96,4689.01,4684.97,4687.13,2299,14,0,2299
2026-05-14 17:48:00,4687.15,4690.05,4684.99,4689.97,2231,13,0,2231
2026-05-14 17:51:00,4689.94,4690.46,4685.55,4686.06,2395,14,0,2395
2026-05-14 17:54:00,4686.07,4688.39,4682.79,4686.62,2442,13,0,2442
2026-05-14 17:57:00,4686.62,4688.2,4679.22,4679.5,2565,14,0,2565
2026-05-14 18:00:00,4679.5,4682.62,4677.53,4681.37,2474,14,0,2474
2026-05-14 18:03:00,4681.35,4681.77,4676.99,4679.82,2348,12,0,2348
2026-05-14 18:06:00,4679.82,4683.26,4679.52,4681.56,2480,9,0,2480
2026-05-14 18:09:00,4681.55,4685.19,4680.91,4684.63,2235,9,0,2235
2026-05-14 18:12:00,4684.62,4686.73,4683.68,4684.92,2565,9,0,2565
2026-05-14 18:15:00,4684.9,4687.3,4684.42,4687.07,2218,9,0,2218
2026-05-14 18:18:00,4687.07,4688.76,4686.23,4686.49,2145,12,0,2145
2026-05-14 18:21:00,4686.52,4686.96,4684.14,4684.63,2167,13,0,2167
2026-05-14 18:24:00,4684.63,4688.57,4684.47,4688.44,2063,12,0,2063
2026-05-14 18:27:00,4688.43,4689.42,4685.71,4685.81,2172,13,0,2172
2026-05-14 18:30:00,4685.82,4687.08,4684.72,4685.42,2141,14,0,2141
2026-05-14 18:33:00,4685.42,4688.96,4685.42,4688.1,2125,13,0,2125
2026-05-14 18:36:00,4688.07,4688.95,4685.46,4685.47,2208,14,0,2208
2026-05-14 18:39:00,4685.49,4687.19,4683.14,4683.16,2189,14,0,2189
2026-05-14 18:42:00,4683.16,4683.2,4680.95,4682.54,2098,14,0,2098
2026-05-14 18:45:00,4682.54,4682.58,4681.02,4681.36,2028,13,0,2028
2026-05-14 18:48:00,4681.38,4683.8,4681.19,4683.8,2098,12,0,2098
2026-05-14 18:51:00,4683.8,4684.91,4683.12,4684.46,2059,13,0,2059
2026-05-14 18:54:00,4684.49,4686.17,4683.5,4685.84,2290,9,0,2290
2026-05-14 18:57:00,4685.81,4686.69,4685.12,4685.9,2174,9,0,2174
2026-05-14 19:00:00,4685.9,4686.97,4681.59,4681.7,2080,13,0,2080
2026-05-14 19:03:00,4681.72,4682.43,4676.63,4678.55,2257,14,0,2257
2026-05-14 19:06:00,4678.53,4678.68,4674.54,4675.72,2233,14,0,2233
2026-05-14 19:09:00,4675.72,4677.88,4674.13,4676.32,2174,13,0,2174
2026-05-14 19:12:00,4676.42,4679.34,4676.39,4678.58,2111,12,0,2111
2026-05-14 19:15:00,4678.61,4680.59,4678.47,4679.94,2353,9,0,2353
2026-05-14 19:18:00,4679.94,4681.29,4678.42,4678.81,2059,9,0,2059
2026-05-14 19:21:00,4678.79,4680.6,4677.0,4677.59,2047,14,0,2047
2026-05-14 19:24:00,4677.59,4678.62,4675.6,4676.02,2140,12,0,2140
2026-05-14 19:27:00,4676.06,4677.75,4675.28,4677.26,2146,14,0,2146
2026-05-14 19:30:00,4677.21,4678.33,4675.92,4677.25,2177,14,0,2177
2026-05-14 19:33:00,4677.29,4677.32,4671.53,4671.65,2205,10,0,2205
2026-05-14 19:36:00,4671.65,4674.63,4670.35,4674.63,2228,14,0,2228
2026-05-14 19:39:00,4674.64,4675.4,4672.19,4675.32,2160,13,0,2160
2026-05-14 19:42:00,4675.41,4675.88,4674.31,4675.41,2350,9,0,2350
2026-05-14 19:45:00,4675.38,4676.33,4672.73,4676.3,2216,9,0,2216
2026-05-14 19:48:00,4676.3,4676.8,4675.37,4675.81,2275,9,0,2275
2026-05-14 19:51:00,4675.83,4678.61,4675.39,4678.44,1972,9,0,1972
2026-05-14 19:54:00,4678.44,4678.48,4675.27,4676.43,2014,10,0,2014
2026-05-14 19:57:00,4676.43,4679.01,4676.41,4678.58,1984,12,0,1984
2026-05-14 20:00:00,4678.59,4681.03,4678.59,4679.76,2108,13,0,2108
2026-05-14 20:03:00,4679.75,4682.43,4679.56,4682.38,2037,14,0,2037
2026-05-14 20:06:00,4682.37,4682.53,4680.82,4681.07,2087,13,0,2087
2026-05-14 20:09:00,4681.06,4681.57,4679.27,4680.75,2154,14,0,2154
2026-05-14 20:12:00,4680.76,4680.79,4678.49,4678.72,2202,9,0,2202
2026-05-14 20:15:00,4678.72,4680.93,4678.31,4680.66,2164,14,0,2164
2026-05-14 20:18:00,4680.67,4681.17,4679.2,4681.08,2033,13,0,2033
2026-05-14 20:21:00,4681.06,4683.06,4681.04,4682.12,2138,13,0,2138
2026-05-14 20:24:00,4682.12,4682.36,4680.21,4681.41,2160,14,0,2160
2026-05-14 20:27:00,4681.4,4682.33,4676.87,4677.4,2122,11,0,2122
2026-05-14 20:30:00,4677.31,4679.09,4676.42,4676.87,2131,14,0,2131
2026-05-14 20:33:00,4676.88,4679.7,4676.86,4679.24,2105,12,0,2105
2026-05-14 20:36:00,4679.25,4679.87,4678.5,4679.65,2344,9,0,2344
2026-05-14 20:39:00,4679.65,4680.28,4678.41,4679.56,2068,9,0,2068
2026-05-14 20:42:00,4679.58,4681.56,4679.55,4681.42,2061,9,0,2061
2026-05-14 20:45:00,4681.42,4681.77,4679.89,4680.27,1918,9,0,1918
2026-05-14 20:48:00,4680.26,4681.32,4679.51,4679.84,1960,12,0,1960
2026-05-14 20:51:00,4679.83,4680.37,4678.87,4679.95,1908,11,0,1908
2026-05-14 20:54:00,4679.92,4679.99,4677.96,4678.0,1992,11,0,1992
2026-05-14 20:57:00,4677.97,4679.14,4677.76,4678.23,1960,14,0,1960
2026-05-14 21:00:00,4678.23,4678.4,4671.94,4673.52,2316,14,0,2316
2026-05-14 21:03:00,4673.47,4673.47,4668.72,4669.4,2328,14,0,2328
2026-05-14 21:06:00,4669.4,4674.19,4669.11,4674.04,2147,14,0,2147
2026-05-14 21:09:00,4674.06,4674.06,4671.66,4671.88,2133,14,0,2133
2026-05-14 21:12:00,4671.89,4674.75,4671.7,4674.69,2038,13,0,2038
2026-05-14 21:15:00,4674.69,4675.57,4673.97,4674.94,2001,12,0,2001
2026-05-14 21:18:00,4674.94,4676.45,4674.39,4676.02,1958,12,0,1958
2026-05-14 21:21:00,4676.01,4676.34,4674.15,4674.56,1936,13,0,1936
2026-05-14 21:24:00,4674.56,4675.81,4674.35,4675.45,1932,14,0,1932
2026-05-14 21:27:00,4675.43,4675.56,4672.96,4673.53,1939,14,0,1939
2026-05-14 21:30:00,4673.52,4674.95,4673.07,4673.88,1969,14,0,1969
2026-05-14 21:33:00,4673.85,4674.12,4672.61,4673.47,1914,13,0,1914
2026-05-14 21:36:00,4673.47,4673.6,4671.19,4671.57,1934,13,0,1934
2026-05-14 21:39:00,4671.59,4671.71,4669.41,4670.52,1892,14,0,1892
2026-05-14 21:42:00,4670.55,4671.73,4668.33,4668.54,1943,14,0,1943
2026-05-14 21:45:00,4668.52,4670.01,4667.14,4669.62,1979,14,0,1979
2026-05-14 21:48:00,4669.62,4670.26,4668.81,4670.01,2137,9,0,2137
2026-05-14 21:51:00,4669.98,4670.32,4668.33,4668.97,2023,9,0,2023
2026-05-14 21:54:00,4669.12,4670.27,4668.08,4669.53,2006,9,0,2006
2026-05-14 21:57:00,4669.55,4671.84,4668.72,4671.64,2248,9,0,2248
2026-05-14 22:00:00,4671.62,4671.86,4669.94,4670.01,2029,9,0,2029
2026-05-14 22:03:00,4670.03,4670.07,4667.59,4667.6,2510,9,0,2510
2026-05-14 22:06:00,4667.56,4668.81,4666.87,4668.79,2218,9,0,2218
2026-05-14 22:09:00,4668.81,4669.31,4668.34,4668.46,1904,9,0,1904
2026-05-14 22:12:00,4668.46,4668.78,4666.91,4667.5,1868,9,0,1868
2026-05-14 22:15:00,4667.49,4668.07,4667.24,4667.27,1996,9,0,1996
2026-05-14 22:18:00,4667.27,4669.11,4666.71,4668.59,1917,9,0,1917
2026-05-14 22:21:00,4668.62,4668.7,4667.19,4668.09,1962,11,0,1962
2026-05-14 22:24:00,4668.09,4669.07,4667.78,4668.54,2045,9,0,2045
2026-05-14 22:27:00,4668.53,4668.54,4663.31,4663.33,1998,9,0,1998
2026-05-14 22:30:00,4663.43,4664.77,4661.42,4661.72,2007,14,0,2007
2026-05-14 22:33:00,4661.75,4665.12,4661.45,4664.01,2035,14,0,2035
2026-05-14 22:36:00,4664.0,4664.59,4659.34,4659.82,2096,14,0,2096
2026-05-14 22:39:00,4659.84,4660.54,4656.15,4657.65,2188,14,0,2188
2026-05-14 22:42:00,4657.64,4658.8,4655.63,4656.57,2155,14,0,2155
2026-05-14 22:45:00,4656.56,4657.2,4653.97,4654.59,2124,14,0,2124
2026-05-14 22:48:00,4654.59,4658.07,4653.09,4657.38,2186,14,0,2186
2026-05-14 22:51:00,4657.36,4658.95,4656.06,4658.67,2168,12,0,2168
2026-05-14 22:54:00,4658.63,4658.64,4653.32,4654.5,2178,11,0,2178
2026-05-14 22:57:00,4654.52,4655.45,4653.68,4654.19,2231,14,0,2231
2026-05-14 23:00:00,4654.2,4657.03,4654.09,4656.3,1955,11,0,1955
2026-05-14 23:03:00,4656.28,4656.28,4649.23,4650.91,2358,9,0,2358
2026-05-14 23:06:00,4650.91,4651.74,4649.48,4651.54,2326,9,0,2326
2026-05-14 23:09:00,4651.54,4652.33,4650.33,4651.67,2047,9,0,2047
2026-05-14 23:12:00,4651.66,4652.09,4649.64,4649.76,2181,9,0,2181
2026-05-14 23:15:00,4649.77,4650.99,4648.48,4649.35,1830,9,0,1830
2026-05-14 23:18:00,4649.38,4650.41,4648.98,4650.41,1893,9,0,1893
2026-05-14 23:21:00,4650.41,4650.47,4648.28,4649.21,1834,13,0,1834
2026-05-14 23:24:00,4649.22,4649.42,4646.72,4647.34,1852,12,0,1852
2026-05-14 23:27:00,4647.34,4648.29,4647.16,4648.08,1821,12,0,1821
2026-05-14 23:30:00,4648.1,4648.49,4647.25,4648.45,1828,11,0,1828
2026-05-14 23:33:00,4648.43,4648.46,4647.14,4647.51,1817,12,0,1817
2026-05-14 23:36:00,4647.49,4648.37,4644.6,4645.74,1930,13,0,1930
2026-05-14 23:39:00,4645.73,4651.06,4644.39,4651.05,1924,14,0,1924
2026-05-14 23:42:00,4651.06,4652.71,4650.3,4650.76,1873,22,0,1873
2026-05-14 23:45:00,4650.76,4652.22,4650.76,4651.07,1806,22,0,1806
2026-05-14 23:48:00,4651.1,4652.06,4649.86,4650.76,1810,22,0,1810
2026-05-14 23:51:00,4650.74,4651.1,4649.31,4651.05,1851,22,0,1851
2026-05-14 23:54:00,4651.06,4652.34,4650.4,4651.21,1827,22,0,1827
2026-05-14 23:57:00,4651.2,4652.39,4650.99,4652.3,1214,22,0,1214
2026-05-15 01:00:00,4659.07,4659.61,4646.39,4651.22,4643,16,0,4643
2026-05-15 01:03:00,4651.22,4654.91,4650.81,4654.28,3004,16,0,3004
2026-05-15 01:06:00,4654.25,4657.49,4654.07,4656.05,2174,15,0,2174
2026-05-15 01:09:00,4656.04,4658.25,4654.59,4656.99,2033,15,0,2033
2026-05-15 01:12:00,4656.94,4657.21,4654.36,4655.51,1930,15,0,1930
2026-05-15 01:15:00,4655.5,4658.41,4655.49,4657.29,1973,15,0,1973
2026-05-15 01:18:00,4657.34,4659.42,4656.35,4658.87,1916,15,0,1916
2026-05-15 01:21:00,4658.87,4659.33,4657.43,4657.45,1883,15,0,1883
2026-05-15 01:24:00,4657.44,4658.74,4657.28,4658.6,1844,15,0,1844
2026-05-15 01:27:00,4658.59,4659.32,4657.57,4658.86,1827,16,0,1827
2026-05-15 01:30:00,4658.88,4662.59,4658.82,4661.83,1882,15,0,1882
2026-05-15 01:33:00,4661.84,4661.84,4658.88,4661.41,1843,16,0,1843
2026-05-15 01:36:00,4661.39,4661.46,4658.98,4659.58,1776,16,0,1776
2026-05-15 01:39:00,4659.59,4662.19,4659.37,4661.98,1751,15,0,1751
2026-05-15 01:42:00,4661.97,4662.51,4661.07,4661.77,1754,15,0,1754
2026-05-15 01:45:00,4661.76,4662.21,4661.09,4661.52,1790,15,0,1790
2026-05-15 01:48:00,4661.53,4661.55,4660.55,4660.62,1747,15,0,1747
2026-05-15 01:51:00,4660.62,4661.96,4660.11,4660.95,1784,15,0,1784
2026-05-15 01:54:00,4660.98,4662.77,4660.95,4662.54,1802,15,0,1802
2026-05-15 01:57:00,4662.54,4662.71,4661.93,4662.37,1744,14,0,1744
2026-05-15 02:00:00,4662.39,4662.77,4660.79,4661.68,1789,15,0,1789
2026-05-15 02:03:00,4661.67,4663.25,4661.62,4662.45,1822,15,0,1822
2026-05-15 02:06:00,4662.45,4662.56,4661.51,4661.54,1737,14,0,1737
2026-05-15 02:09:00,4661.53,4662.94,4659.91,4661.19,1830,15,0,1830
2026-05-15 02:12:00,4661.22,4661.5,4658.66,4658.99,1922,15,0,1922
2026-05-15 02:15:00,4658.97,4660.5,4656.14,4659.39,2022,16,0,2022
2026-05-15 02:18:00,4659.31,4659.85,4658.38,4659.28,1779,15,0,1779
2026-05-15 02:21:00,4659.32,4659.32,4655.63,4656.12,1834,14,0,1834
2026-05-15 02:24:00,4656.12,4662.48,4656.1,4662.43,1856,14,0,1856
2026-05-15 02:27:00,4662.41,4664.33,4661.8,4663.83,1890,15,0,1890
2026-05-15 02:30:00,4664.03,4665.39,4652.27,4655.71,2058,16,0,2058
2026-05-15 02:33:00,4655.72,4656.07,4649.98,4651.22,2097,16,0,2097
2026-05-15 02:36:00,4651.22,4652.78,4646.93,4652.62,2112,16,0,2112
2026-05-15 02:39:00,4652.61,4654.75,4651.95,4654.52,1828,15,0,1828
2026-05-15 02:42:00,4654.5,4657.51,4654.13,4657.34,1900,15,0,1900
2026-05-15 02:45:00,4657.33,4657.54,4652.98,4653.43,1946,15,0,1946
2026-05-15 02:48:00,4653.4,4655.33,4652.19,4652.45,1942,16,0,1942
2026-05-15 02:51:00,4652.45,4654.74,4651.91,4653.66,1876,15,0,1876
2026-05-15 02:54:00,4653.65,4654.29,4648.17,4650.22,2021,16,0,2021
2026-05-15 02:57:00,4650.25,4652.13,4648.92,4652.12,2050,15,0,2050
2026-05-15 03:00:00,4652.12,4652.27,4642.5,4649.45,2476,16,0,2476
2026-05-15 03:03:00,4649.41,4653.68,4648.35,4649.14,2240,15,0,2240
2026-05-15 03:06:00,4649.11,4652.11,4646.53,4647.74,2176,15,0,2176
2026-05-15 03:09:00,4647.89,4651.24,4647.31,4647.71,2161,15,0,2161
2026-05-15 03:12:00,4647.68,4650.73,4644.64,4650.56,2180,15,0,2180
2026-05-15 03:15:00,4650.52,4658.3,4649.26,4653.18,2471,16,0,2471
2026-05-15 03:18:00,4653.17,4655.31,4650.3,4650.32,2375,14,0,2375
2026-05-15 03:21:00,4650.31,4651.55,4645.68,4645.76,2182,13,0,2182
2026-05-15 03:24:00,4645.74,4646.45,4627.58,4630.14,2771,13,0,2771
2026-05-15 03:27:00,4630.12,4633.67,4629.86,4630.07,2424,15,0,2424
2026-05-15 03:30:00,4630.08,4630.57,4622.66,4626.31,2565,15,0,2565
2026-05-15 03:33:00,4626.28,4626.41,4622.41,4622.8,2229,15,0,2229
2026-05-15 03:36:00,4622.77,4624.84,4621.65,4623.25,2274,13,0,2274
2026-05-15 03:39:00,4623.26,4623.42,4614.39,4615.58,2504,14,0,2504
2026-05-15 03:42:00,4615.56,4621.15,4613.65,4618.72,2411,15,0,2411
2026-05-15 03:45:00,4618.7,4627.3,4618.69,4626.42,2365,14,0,2365
2026-05-15 03:48:00,4626.43,4627.73,4621.63,4621.63,2199,13,0,2199
2026-05-15 03:51:00,4621.6,4621.66,4617.39,4618.15,2541,15,0,2541
2026-05-15 03:54:00,4618.17,4623.41,4617.89,4618.33,2398,15,0,2398
2026-05-15 03:57:00,4618.34,4630.51,4617.62,4630.13,2306,14,0,2306
2026-05-15 04:00:00,4630.23,4630.68,4621.19,4627.79,3183,16,0,3183
2026-05-15 04:03:00,4627.78,4631.65,4619.06,4621.78,3046,16,0,3046
2026-05-15 04:06:00,4621.79,4624.43,4611.67,4615.65,2950,15,0,2950
2026-05-15 04:09:00,4615.67,4617.32,4608.18,4610.83,2944,15,0,2944
2026-05-15 04:12:00,4610.84,4615.37,4607.67,4614.61,2668,15,0,2668
2026-05-15 04:15:00,4614.64,4620.81,4608.89,4617.42,2827,15,0,2827
2026-05-15 04:18:00,4617.5,4625.84,4615.63,4623.13,2673,13,0,2673
2026-05-15 04:21:00,4623.1,4623.56,4616.32,4617.81,2632,14,0,2632
2026-05-15 04:24:00,4617.82,4623.07,4612.65,4616.31,2922,15,0,2922
2026-05-15 04:27:00,4616.34,4616.88,4608.33,4608.99,2647,13,0,2647
2026-05-15 04:30:00,4608.99,4614.82,4607.75,4614.03,2821,13,0,2821
2026-05-15 04:33:00,4614.44,4618.48,4612.02,4618.48,2789,13,0,2789
2026-05-15 04:36:00,4618.49,4621.19,4613.95,4614.65,2678,13,0,2678
2026-05-15 04:39:00,4614.7,4620.36,4614.7,4618.81,2660,13,0,2660
2026-05-15 04:42:00,4618.92,4622.96,4618.92,4622.93,2458,13,0,2458
2026-05-15 04:45:00,4622.93,4624.34,4616.5,4618.15,2533,14,0,2533
2026-05-15 04:48:00,4618.13,4618.37,4614.15,4616.68,2544,15,0,2544
2026-05-15 04:51:00,4616.66,4616.74,4607.17,4609.46,2806,15,0,2806
2026-05-15 04:54:00,4609.5,4614.06,4607.68,4613.89,2726,15,0,2726
2026-05-15 04:57:00,4613.88,4616.39,4610.08,4613.83,2638,14,0,2638
2026-05-15 05:00:00,4613.76,4615.14,4609.66,4613.48,2844,14,0,2844
2026-05-15 05:03:00,4613.39,4615.33,4611.19,4614.21,2573,13,0,2573
2026-05-15 05:06:00,4614.23,4617.29,4612.74,4616.42,2340,13,0,2340
2026-05-15 05:09:00,4616.42,4619.03,4614.35,4614.74,2343,13,0,2343
2026-05-15 05:12:00,4614.76,4615.24,4612.95,4613.11,2300,13,0,2300
2026-05-15 05:15:00,4613.13,4613.42,4609.3,4611.71,2286,15,0,2286
2026-05-15 05:18:00,4611.74,4616.59,4611.71,4614.6,2258,15,0,2258
2026-05-15 05:21:00,4614.59,4615.43,4612.25,4614.32,2154,13,0,2154
2026-05-15 05:24:00,4614.33,4615.13,4612.34,4614.21,2023,13,0,2023
2026-05-15 05:27:00,4614.22,4614.68,4611.47,4612.52,2010,13,0,2010
2026-05-15 05:30:00,4612.54,4614.8,4609.58,4609.91,2268,14,0,2268
2026-05-15 05:33:00,4609.96,4614.82,4609.81,4614.36,2438,16,0,2438
2026-05-15 05:36:00,4614.39,4616.48,4613.27,4615.97,2317,15,0,2317
2026-05-15 05:39:00,4615.98,4616.39,4610.71,4612.19,2172,15,0,2172
2026-05-15 05:42:00,4612.2,4617.92,4611.51,4617.9,2094,13,0,2094
2026-05-15 05:45:00,4617.91,4618.85,4611.67,4614.1,2070,13,0,2070
2026-05-15 05:48:00,4614.03,4614.97,4612.86,4613.85,2014,13,0,2014
2026-05-15 05:51:00,4613.88,4621.24,4612.21,4619.56,2343,13,0,2343
2026-05-15 05:54:00,4619.58,4623.38,4618.95,4622.26,2210,13,0,2210
2026-05-15 05:57:00,4622.27,4622.57,4617.48,4618.12,2141,13,0,2141
2026-05-15 06:00:00,4618.03,4620.47,4614.58,4615.43,2248,13,0,2248
2026-05-15 06:03:00,4615.41,4622.24,4614.94,4621.43,2117,13,0,2117
2026-05-15 06:06:00,4621.43,4622.27,4617.52,4618.27,2154,13,0,2154
2026-05-15 06:09:00,4618.26,4618.67,4616.74,4618.11,2160,13,0,2160
2026-05-15 06:12:00,4618.11,4620.12,4616.46,4617.41,2057,13,0,2057
2026-05-15 06:15:00,4617.41,4618.38,4615.04,4615.14,2163,15,0,2163
2026-05-15 06:18:00,4615.12,4616.17,4610.93,4611.15,2188,16,0,2188
2026-05-15 06:21:00,4611.15,4613.4,4609.83,4613.17,2186,14,0,2186
2026-05-15 06:24:00,4613.17,4614.68,4612.89,4613.41,2178,13,0,2178
2026-05-15 06:27:00,4613.43,4614.45,4611.93,4612.79,2076,13,0,2076
2026-05-15 06:30:00,4612.8,4614.04,4611.1,4612.07,2065,14,0,2065
2026-05-15 06:33:00,4612.09,4612.5,4607.4,4609.79,2184,14,0,2184
2026-05-15 06:36:00,4609.8,4615.75,4609.76,4615.02,2074,15,0,2074
2026-05-15 06:39:00,4615.03,4616.1,4613.23,4615.66,1974,13,0,1974
2026-05-15 06:42:00,4615.6,4617.48,4613.28,4613.42,2037,13,0,2037
2026-05-15 06:45:00,4613.43,4614.51,4612.65,4613.92,1992,13,0,1992
2026-05-15 06:48:00,4613.89,4616.65,4613.86,4615.55,1938,14,0,1938
2026-05-15 06:51:00,4615.53,4617.33,4614.29,4614.99,1942,16,0,1942
2026-05-15 06:54:00,4614.99,4615.06,4610.54,4612.39,1957,14,0,1957
2026-05-15 06:57:00,4612.38,4616.66,4612.26,4615.5,1996,13,0,1996
2026-05-15 07:00:00,4615.5,4616.57,4613.41,4614.74,1961,13,0,1961
2026-05-15 07:03:00,4614.74,4618.35,4612.96,4617.97,1935,13,0,1935
2026-05-15 07:06:00,4617.96,4620.63,4617.47,4619.85,1941,15,0,1941
2026-05-15 07:09:00,4619.87,4621.62,4619.5,4620.93,1957,13,0,1957
2026-05-15 07:12:00,4620.94,4621.0,4618.47,4620.03,1956,13,0,1956
2026-05-15 07:15:00,4620.06,4620.67,4617.61,4618.44,1910,13,0,1910
2026-05-15 07:18:00,4618.44,4618.47,4611.13,4611.49,1964,13,0,1964
2026-05-15 07:21:00,4611.5,4611.81,4607.36,4610.81,2137,16,0,2137
2026-05-15 07:24:00,4610.83,4612.66,4609.57,4612.45,2029,14,0,2029
2026-05-15 07:27:00,4612.42,4612.87,4609.46,4610.84,2008,13,0,2008
2026-05-15 07:30:00,4610.86,4614.87,4610.66,4614.68,1980,13,0,1980
2026-05-15 07:33:00,4614.67,4614.69,4612.72,4613.68,1955,13,0,1955
2026-05-15 07:36:00,4613.66,4614.91,4610.57,4610.98,2028,13,0,2028
2026-05-15 07:39:00,4610.99,4613.38,4610.58,4611.95,1993,13,0,1993
2026-05-15 07:42:00,4611.97,4611.97,4604.31,4605.75,2071,13,0,2071
2026-05-15 07:45:00,4605.75,4607.47,4604.92,4606.99,2144,15,0,2144
2026-05-15 07:48:00,4607.03,4612.51,4606.47,4611.94,2050,14,0,2050
2026-05-15 07:51:00,4611.92,4611.95,4608.09,4608.71,1913,13,0,1913
2026-05-15 07:54:00,4608.73,4609.22,4605.65,4606.37,2015,13,0,2015
2026-05-15 07:57:00,4606.38,4607.63,4604.86,4605.87,1991,13,0,1991
2026-05-15 08:00:00,4605.86,4606.47,4599.64,4602.39,2322,16,0,2322
2026-05-15 08:03:00,4602.37,4602.59,4598.48,4600.07,2220,15,0,2220
2026-05-15 08:06:00,4600.0,4600.62,4592.59,4593.8,2405,16,0,2405
2026-05-15 08:09:00,4593.83,4594.14,4589.02,4589.81,2179,16,0,2179
2026-05-15 08:12:00,4589.79,4593.18,4588.45,4592.13,2153,16,0,2153
2026-05-15 08:15:00,4592.14,4595.34,4587.26,4587.68,2256,15,0,2256
2026-05-15 08:18:00,4587.61,4589.35,4580.89,4581.93,2285,15,0,2285
2026-05-15 08:21:00,4581.93,4589.28,4581.71,4583.97,2261,16,0,2261
2026-05-15 08:24:00,4583.98,4586.65,4582.2,4585.08,2345,16,0,2345
2026-05-15 08:27:00,4585.08,4590.22,4584.3,4588.84,2243,14,0,2243
2026-05-15 08:30:00,4588.85,4590.01,4572.52,4576.44,3191,14,0,3191
2026-05-15 08:33:00,4576.45,4577.61,4565.05,4566.47,2808,16,0,2808
2026-05-15 08:36:00,4566.56,4572.08,4563.74,4568.57,2683,16,0,2683
2026-05-15 08:39:00,4568.57,4575.79,4564.68,4573.29,2760,16,0,2760
2026-05-15 08:42:00,4573.26,4574.23,4567.94,4568.78,2808,15,0,2808
2026-05-15 08:45:00,4568.76,4570.6,4562.56,4564.6,2888,15,0,2888
2026-05-15 08:48:00,4564.61,4572.96,4562.7,4572.61,2777,16,0,2777
2026-05-15 08:51:00,4572.68,4573.28,4568.38,4571.9,2475,14,0,2475
2026-05-15 08:54:00,4571.93,4572.01,4564.93,4567.41,2555,14,0,2555
2026-05-15 08:57:00,4567.4,4569.57,4557.59,4558.95,2528,13,0,2528
2026-05-15 09:00:00,4558.92,4563.78,4556.35,4561.08,2834,14,0,2834
2026-05-15 09:03:00,4561.06,4566.86,4559.35,4566.42,2709,14,0,2709
2026-05-15 09:06:00,4566.46,4570.29,4562.56,4567.71,2832,11,0,2832
2026-05-15 09:09:00,4567.68,4573.35,4562.81,4570.37,2937,12,0,2937
2026-05-15 09:12:00,4570.39,4571.01,4566.79,4571.01,2717,11,0,2717
2026-05-15 09:15:00,4571.03,4578.22,4570.3,4577.23,2781,11,0,2781
2026-05-15 09:18:00,4577.22,4577.79,4573.13,4574.48,2666,12,0,2666
2026-05-15 09:21:00,4574.68,4578.32,4572.84,4576.94,2680,11,0,2680
2026-05-15 09:24:00,4576.94,4577.92,4573.61,4577.37,2467,13,0,2467
2026-05-15 09:27:00,4577.36,4577.36,4572.56,4575.08,2392,13,0,2392
2026-05-15 09:30:00,4575.09,4580.45,4574.41,4579.88,2475,14,0,2475
2026-05-15 09:33:00,4579.89,4580.34,4574.5,4575.25,2465,14,0,2465
2026-05-15 09:36:00,4575.24,4575.28,4570.6,4572.15,2300,14,0,2300
2026-05-15 09:39:00,4572.17,4574.72,4569.89,4570.75,2269,13,0,2269
2026-05-15 09:42:00,4570.77,4572.39,4566.95,4567.7,2300,13,0,2300
2026-05-15 09:45:00,4567.67,4572.02,4567.67,4568.69,2378,14,0,2378
2026-05-15 09:48:00,4568.68,4574.23,4564.41,4569.66,2468,14,0,2468
2026-05-15 09:51:00,4569.74,4573.76,4569.0,4572.2,2333,14,0,2333
2026-05-15 09:54:00,4572.19,4572.21,4566.4,4568.98,2449,14,0,2449
2026-05-15 09:57:00,4569.02,4569.79,4566.61,4569.73,2654,9,0,2654
2026-05-15 10:00:00,4569.72,4572.44,4565.99,4570.41,2616,13,0,2616
2026-05-15 10:03:00,4570.44,4573.34,4568.22,4572.14,2372,12,0,2372
2026-05-15 10:06:00,4572.12,4574.22,4569.08,4573.56,2540,9,0,2540
2026-05-15 10:09:00,4573.56,4582.92,4572.61,4581.62,3078,10,0,3078
2026-05-15 10:12:00,4581.64,4586.21,4580.82,4585.9,2660,9,0,2660
2026-05-15 10:15:00,4585.92,4586.47,4582.28,4584.19,2708,9,0,2708
2026-05-15 10:18:00,4584.21,4588.79,4583.85,4586.71,2267,9,0,2267
2026-05-15 10:21:00,4586.69,4588.03,4583.73,4583.91,2366,11,0,2366
2026-05-15 10:24:00,4583.94,4584.37,4579.55,4579.59,2278,11,0,2278
2026-05-15 10:27:00,4579.59,4583.51,4579.11,4581.8,2223,11,0,2223
2026-05-15 10:30:00,4581.8,4582.56,4578.37,4579.63,2166,12,0,2166
2026-05-15 10:33:00,4579.63,4582.52,4577.17,4580.92,2150,14,0,2150
2026-05-15 10:36:00,4580.96,4580.97,4574.79,4577.25,2113,14,0,2113
2026-05-15 10:39:00,4577.23,4578.74,4575.35,4576.43,2090,13,0,2090
2026-05-15 10:42:00,4576.45,4578.2,4575.41,4577.67,2141,12,0,2141
2026-05-15 10:45:00,4577.64,4578.21,4574.63,4575.49,2046,12,0,2046
2026-05-15 10:48:00,4575.51,4578.6,4570.93,4571.41,2150,14,0,2150
2026-05-15 10:51:00,4571.4,4572.68,4568.34,4568.76,2112,14,0,2112
2026-05-15 10:54:00,4568.77,4572.93,4568.41,4570.56,2111,14,0,2111
2026-05-15 10:57:00,4570.57,4571.51,4568.68,4570.83,2044,14,0,2044
2026-05-15 11:00:00,4570.81,4572.04,4560.88,4561.55,2449,14,0,2449
2026-05-15 11:03:00,4561.52,4566.5,4557.35,4566.17,2405,14,0,2405
2026-05-15 11:06:00,4566.18,4567.7,4562.37,4563.24,2384,14,0,2384
2026-05-15 11:09:00,4563.27,4567.38,4562.52,4565.36,2285,14,0,2285
2026-05-15 11:12:00,4565.34,4566.33,4563.98,4565.28,2224,12,0,2224
2026-05-15 11:15:00,4565.25,4565.72,4553.21,4556.04,2449,12,0,2449
2026-05-15 11:18:00,4556.03,4559.18,4552.82,4555.63,2532,14,0,2532
2026-05-15 11:21:00,4555.65,4560.96,4554.19,4559.37,2364,13,0,2364
2026-05-15 11:24:00,4559.37,4561.26,4557.16,4559.18,2313,12,0,2313
2026-05-15 11:27:00,4559.15,4560.61,4556.27,4558.38,2340,12,0,2340
2026-05-15 11:30:00,4558.37,4558.37,4550.09,4552.51,2621,12,0,2621
2026-05-15 11:33:00,4552.94,4557.62,4551.17,4555.24,2584,13,0,2584
2026-05-15 11:36:00,4555.21,4556.23,4553.17,4555.44,2440,11,0,2440
2026-05-15 11:39:00,4555.49,4561.0,4555.1,4560.33,2474,10,0,2474
2026-05-15 11:42:00,4560.32,4562.6,4558.57,4562.43,2541,9,0,2541
2026-05-15 11:45:00,4562.51,4563.71,4558.17,4561.08,2789,9,0,2789
2026-05-15 11:48:00,4561.08,4562.52,4560.19,4560.92,2028,9,0,2028
2026-05-15 11:51:00,4560.92,4561.06,4558.25,4559.01,2073,9,0,2073
2026-05-15 11:54:00,4559.04,4559.09,4553.34,4556.28,2106,12,0,2106
2026-05-15 11:57:00,4556.3,4556.61,4552.72,4554.38,2159,14,0,2159
2026-05-15 12:00:00,4554.36,4554.7,4550.32,4551.6,2546,14,0,2546
2026-05-15 12:03:00,4551.59,4563.74,4551.48,4563.08,2506,14,0,2506
2026-05-15 12:06:00,4563.09,4563.09,4553.2,4555.25,2437,13,0,2437
2026-05-15 12:09:00,4555.25,4555.35,4547.44,4548.61,2402,13,0,2402
2026-05-15 12:12:00,4548.6,4550.68,4545.84,4547.29,2296,12,0,2296
2026-05-15 12:15:00,4547.27,4549.19,4539.2,4544.8,2534,13,0,2534
2026-05-15 12:18:00,4544.77,4547.63,4543.5,4546.75,2341,13,0,2341
2026-05-15 12:21:00,4546.75,4549.4,4544.69,4548.9,2371,13,0,2371
2026-05-15 12:24:00,4548.92,4553.12,4548.65,4551.14,2295,11,0,2295
2026-05-15 12:27:00,4551.12,4554.54,4551.05,4553.4,2359,9,0,2359
2026-05-15 12:30:00,4553.42,4555.35,4551.92,4553.87,2320,9,0,2320
2026-05-15 12:33:00,4553.89,4555.64,4550.9,4552.42,2260,9,0,2260
2026-05-15 12:36:00,4552.42,4553.08,4544.57,4544.82,2423,12,0,2423
2026-05-15 12:39:00,4544.81,4548.35,4544.49,4548.17,2303,14,0,2303
2026-05-15 12:42:00,4548.16,4549.28,4542.73,4543.6,2270,10,0,2270
2026-05-15 12:45:00,4543.6,4543.86,4540.47,4541.25,2411,12,0,2411
2026-05-15 12:48:00,4541.25,4541.86,4531.79,4538.0,2502,14,0,2502
2026-05-15 12:51:00,4538.07,4543.02,4537.23,4541.23,2422,14,0,2422
2026-05-15 12:54:00,4541.22,4546.82,4538.06,4546.8,2704,13,0,2704
2026-05-15 12:57:00,4546.83,4547.07,4543.57,4545.75,2392,10,0,2392
2026-05-15 13:00:00,4545.76,4549.36,4544.14,4547.87,2470,11,0,2470
2026-05-15 13:03:00,4547.84,4551.54,4545.39,4550.33,2310,13,0,2310
2026-05-15 13:06:00,4550.33,4557.55,4550.09,4556.67,2394,12,0,2394
2026-05-15 13:09:00,4556.69,4559.84,4556.15,4558.11,2411,13,0,2411
2026-05-15 13:12:00,4558.14,4562.58,4558.14,4560.97,2330,11,0,2330
2026-05-15 13:15:00,4560.99,4563.42,4560.34,4561.03,2404,10,0,2404
2026-05-15 13:18:00,4561.01,4561.34,4556.51,4559.97,2366,9,0,2366
2026-05-15 13:21:00,4559.95,4561.96,4558.78,4561.24,2306,14,0,2306
2026-05-15 13:24:00,4561.25,4561.85,4553.17,4554.48,2281,12,0,2281
2026-05-15 13:27:00,4554.5,4555.2,4551.73,4551.82,2434,9,0,2434
2026-05-15 13:30:00,4551.8,4556.02,4550.88,4553.46,2331,9,0,2331
2026-05-15 13:33:00,4553.44,4556.78,4553.15,4553.57,2120,11,0,2120
2026-05-15 13:36:00,4553.56,4554.73,4551.11,4552.42,2227,12,0,2227
2026-05-15 13:39:00,4552.44,4554.18,4550.97,4551.82,2196,11,0,2196
2026-05-15 13:42:00,4551.8,4555.34,4549.58,4555.28,2276,12,0,2276
2026-05-15 13:45:00,4555.25,4562.93,4554.24,4561.55,2978,14,0,2978
2026-05-15 13:48:00,4561.56,4563.47,4557.52,4559.21,2588,14,0,2588
2026-05-15 13:51:00,4559.2,4572.55,4558.02,4572.03,2777,14,0,2777
2026-05-15 13:54:00,4571.8,4572.35,4564.18,4566.17,2605,14,0,2605
2026-05-15 13:57:00,4566.16,4569.08,4565.05,4566.12,2586,13,0,2586
2026-05-15 14:00:00,4566.14,4570.2,4563.17,4564.6,2556,13,0,2556
2026-05-15 14:03:00,4564.62,4565.75,4561.56,4564.42,2548,10,0,2548
2026-05-15 14:06:00,4564.41,4566.32,4560.95,4562.98,2331,11,0,2331
2026-05-15 14:09:00,4563.08,4568.35,4563.0,4566.39,2312,10,0,2312
2026-05-15 14:12:00,4566.41,4568.88,4565.14,4566.32,2332,14,0,2332
2026-05-15 14:15:00,4566.3,4568.65,4563.89,4566.32,2168,13,0,2168
2026-05-15 14:18:00,4566.29,4566.62,4563.41,4564.94,2151,11,0,2151
2026-05-15 14:21:00,4564.93,4565.45,4563.06,4563.93,2119,13,0,2119
2026-05-15 14:24:00,4563.94,4564.79,4559.07,4561.37,2237,13,0,2237
2026-05-15 14:27:00,4561.35,4562.66,4560.22,4562.3,2114,13,0,2114
2026-05-15 14:30:00,4562.32,4562.57,4559.01,4560.37,2138,13,0,2138
2026-05-15 14:33:00,4560.36,4560.75,4558.5,4559.53,2204,13,0,2204
2026-05-15 14:36:00,4559.56,4559.56,4555.24,4555.78,2144,14,0,2144
2026-05-15 14:39:00,4555.79,4556.4,4551.95,4552.22,2151,14,0,2151
2026-05-15 14:42:00,4552.24,4553.39,4551.0,4551.52,2151,14,0,2151
2026-05-15 14:45:00,4551.53,4556.6,4551.22,4556.46,2316,14,0,2316
2026-05-15 14:48:00,4556.48,4558.61,4555.28,4557.59,2184,14,0,2184
2026-05-15 14:51:00,4557.6,4558.83,4554.37,4554.8,2128,11,0,2128
2026-05-15 14:54:00,4554.77,4555.14,4549.88,4551.85,2269,9,0,2269
2026-05-15 14:57:00,4551.83,4554.12,4550.29,4552.03,2211,12,0,2211
2026-05-15 15:00:00,4552.01,4552.01,4546.31,4550.82,2339,13,0,2339
2026-05-15 15:03:00,4550.81,4552.65,4549.69,4550.07,2211,14,0,2211
2026-05-15 15:06:00,4550.09,4553.0,4548.8,4551.93,2451,9,0,2451
2026-05-15 15:09:00,4551.93,4555.17,4550.14,4552.5,2332,9,0,2332
2026-05-15 15:12:00,4552.49,4553.18,4545.23,4545.6,2327,12,0,2327
2026-05-15 15:15:00,4545.62,4551.35,4544.92,4547.62,2487,14,0,2487
2026-05-15 15:18:00,4547.62,4556.82,4545.79,4556.8,2374,14,0,2374
2026-05-15 15:21:00,4556.81,4558.65,4553.13,4555.39,2404,14,0,2404
2026-05-15 15:24:00,4555.39,4557.44,4552.76,4556.03,2468,14,0,2468
2026-05-15 15:27:00,4556.01,4556.76,4553.73,4555.17,2151,9,0,2151
2026-05-15 15:30:00,4555.16,4555.22,4547.95,4551.2,2409,11,0,2409
2026-05-15 15:33:00,4551.19,4553.94,4548.38,4552.52,2405,13,0,2405
2026-05-15 15:36:00,4552.5,4554.04,4548.89,4549.47,2386,14,0,2386
2026-05-15 15:39:00,4549.44,4549.92,4546.72,4547.76,2488,9,0,2488
2026-05-15 15:42:00,4547.72,4547.87,4543.68,4545.64,2559,9,0,2559
2026-05-15 15:45:00,4545.63,4551.62,4543.81,4551.62,2411,9,0,2411
2026-05-15 15:48:00,4551.63,4551.71,4547.65,4550.01,2447,9,0,2447
2026-05-15 15:51:00,4550.0,4555.59,4549.6,4553.1,2425,9,0,2425
2026-05-15 15:54:00,4553.11,4554.7,4551.49,4552.63,2448,9,0,2448
2026-05-15 15:57:00,4552.55,4553.43,4545.89,4545.92,2503,9,0,2503
2026-05-15 16:00:00,4545.89,4549.18,4538.28,4542.79,3255,14,0,3255
2026-05-15 16:03:00,4542.79,4549.67,4540.82,4548.77,2774,14,0,2774
2026-05-15 16:06:00,4548.76,4548.76,4539.12,4539.84,2700,13,0,2700
2026-05-15 16:09:00,4539.84,4541.74,4536.46,4539.99,2696,14,0,2696
2026-05-15 16:12:00,4539.96,4546.91,4539.04,4546.67,2454,10,0,2454
2026-05-15 16:15:00,4546.68,4548.14,4540.6,4548.12,2536,10,0,2536
2026-05-15 16:18:00,4548.12,4553.24,4547.69,4551.35,2673,9,0,2673
2026-05-15 16:21:00,4551.35,4554.62,4550.25,4552.36,2470,9,0,2470
2026-05-15 16:24:00,4552.33,4557.52,4552.26,4553.75,2497,9,0,2497
2026-05-15 16:27:00,4553.75,4555.13,4546.41,4548.94,2505,14,0,2505
2026-05-15 16:30:00,4548.91,4551.17,4543.64,4544.84,3056,14,0,3056
2026-05-15 16:33:00,4544.83,4545.97,4537.24,4538.77,2869,14,0,2869
2026-05-15 16:36:00,4538.77,4540.04,4526.52,4529.75,3098,14,0,3098
2026-05-15 16:39:00,4529.93,4531.48,4522.63,4529.44,3246,14,0,3246
2026-05-15 16:42:00,4529.42,4530.49,4519.83,4520.05,3060,14,0,3060
2026-05-15 16:45:00,4520.04,4523.15,4511.75,4522.93,3108,14,0,3108
2026-05-15 16:48:00,4522.94,4532.09,4522.13,4532.01,3213,14,0,3213
2026-05-15 16:51:00,4532.0,4534.24,4526.81,4533.18,2625,13,0,2625
2026-05-15 16:54:00,4533.18,4541.87,4532.68,4541.43,2832,11,0,2832
2026-05-15 16:57:00,4541.38,4541.38,4530.85,4533.42,2702,12,0,2702
2026-05-15 17:00:00,4533.42,4535.09,4525.37,4529.54,2811,14,0,2811
2026-05-15 17:03:00,4529.53,4537.51,4526.05,4537.46,2776,14,0,2776
2026-05-15 17:06:00,4537.46,4540.42,4533.74,4534.85,2811,11,0,2811
2026-05-15 17:09:00,4534.96,4539.93,4533.87,4539.54,3085,9,0,3085
2026-05-15 17:12:00,4539.61,4550.54,4538.62,4543.36,2796,9,0,2796
2026-05-15 17:15:00,4543.37,4553.91,4540.56,4552.8,3080,11,0,3080
2026-05-15 17:18:00,4552.77,4562.18,4552.14,4561.25,3121,14,0,3121
2026-05-15 17:21:00,4561.13,4562.86,4555.91,4557.19,3314,9,0,3314
2026-05-15 17:24:00,4557.2,4561.34,4553.12,4554.37,3335,9,0,3335
2026-05-15 17:27:00,4554.37,4557.11,4552.55,4555.62,2892,9,0,2892
2026-05-15 17:30:00,4555.64,4559.82,4554.38,4555.67,2956,9,0,2956
2026-05-15 17:33:00,4555.65,4560.37,4553.03,4556.45,2787,10,0,2787
2026-05-15 17:36:00,4556.47,4560.47,4554.39,4557.07,2914,10,0,2914
2026-05-15 17:39:00,4557.07,4559.05,4551.18,4551.81,2831,9,0,2831
2026-05-15 17:42:00,4551.8,4557.41,4550.8,4556.98,2768,12,0,2768
2026-05-15 17:45:00,4556.96,4557.35,4550.29,4552.76,2796,13,0,2796
2026-05-15 17:48:00,4552.71,4553.29,4547.38,4549.93,2499,10,0,2499
2026-05-15 17:51:00,4549.9,4551.15,4546.15,4549.71,2673,12,0,2673
2026-05-15 17:54:00,4549.73,4563.53,4549.51,4563.44,2736,14,0,2736
2026-05-15 17:57:00,4563.51,4566.63,4561.32,4562.8,2632,13,0,2632
2026-05-15 18:00:00,4562.79,4563.69,4552.92,4553.36,2663,14,0,2663
2026-05-15 18:03:00,4553.4,4556.74,4551.75,4556.21,2567,13,0,2567
2026-05-15 18:06:00,4556.21,4557.22,4554.3,4556.48,2829,9,0,2829
2026-05-15 18:09:00,4556.47,4560.14,4555.23,4556.17,2481,9,0,2481
2026-05-15 18:12:00,4556.16,4556.4,4550.85,4552.45,2504,9,0,2504
2026-05-15 18:15:00,4552.42,4553.92,4549.91,4551.91,2553,9,0,2553
2026-05-15 18:18:00,4551.9,4552.65,4546.23,4550.96,2474,10,0,2474
2026-05-15 18:21:00,4550.95,4552.12,4546.69,4546.81,2537,9,0,2537
2026-05-15 18:24:00,4546.81,4547.01,4543.88,4545.58,2511,12,0,2511
2026-05-15 18:27:00,4545.61,4548.79,4542.96,4546.99,2578,12,0,2578
2026-05-15 18:30:00,4547.02,4550.39,4547.02,4547.63,2511,11,0,2511
2026-05-15 18:33:00,4547.62,4548.71,4543.43,4545.1,2583,12,0,2583
2026-05-15 18:36:00,4545.1,4546.61,4542.52,4543.83,2713,9,0,2713
2026-05-15 18:39:00,4543.79,4544.4,4541.53,4543.95,2641,9,0,2641
2026-05-15 18:42:00,4543.93,4544.79,4539.9,4541.41,2611,12,0,2611
2026-05-15 18:45:00,4541.44,4542.85,4540.2,4541.2,2412,13,0,2412
2026-05-15 18:48:00,4541.19,4543.42,4539.12,4542.97,2385,12,0,2385
2026-05-15 18:51:00,4542.95,4543.04,4537.88,4537.96,2658,9,0,2658
2026-05-15 18:54:00,4537.96,4538.39,4534.6,4535.2,2524,11,0,2524
2026-05-15 18:57:00,4535.2,4539.7,4533.85,4539.67,2402,10,0,2402
2026-05-15 19:00:00,4539.68,4542.38,4537.36,4538.28,2460,14,0,2460
2026-05-15 19:03:00,4538.29,4538.32,4533.59,4535.78,2520,9,0,2520
2026-05-15 19:06:00,4535.8,4536.04,4529.5,4531.83,2426,12,0,2426
2026-05-15 19:09:00,4531.81,4533.39,4530.26,4531.67,2662,9,0,2662
2026-05-15 19:12:00,4531.64,4533.54,4529.41,4532.54,2895,9,0,2895
2026-05-15 19:15:00,4532.54,4534.69,4531.38,4533.48,2612,9,0,2612
2026-05-15 19:18:00,4533.48,4536.33,4531.87,4536.28,2195,9,0,2195
2026-05-15 19:21:00,4536.31,4539.99,4536.07,4539.87,2176,9,0,2176
2026-05-15 19:24:00,4539.85,4542.38,4537.22,4539.76,2282,14,0,2282
2026-05-15 19:27:00,4539.77,4540.96,4538.45,4540.93,2242,11,0,2242
2026-05-15 19:30:00,4540.94,4543.81,4540.9,4542.2,2303,12,0,2303
2026-05-15 19:33:00,4542.2,4544.53,4540.13,4543.97,2208,13,0,2208
2026-05-15 19:36:00,4543.96,4545.76,4543.71,4543.83,2560,9,0,2560
2026-05-15 19:39:00,4543.81,4547.24,4543.76,4545.43,2321,9,0,2321
2026-05-15 19:42:00,4545.46,4547.68,4543.66,4547.22,2289,13,0,2289
2026-05-15 19:45:00,4547.25,4548.16,4545.3,4546.87,2291,10,0,2291
2026-05-15 19:48:00,4546.88,4547.33,4545.03,4546.38,2505,9,0,2505
2026-05-15 19:51:00,4546.38,4546.41,4543.21,4544.37,2266,9,0,2266
2026-05-15 19:54:00,4544.36,4544.66,4541.84,4543.33,2146,12,0,2146
2026-05-15 19:57:00,4543.32,4545.06,4543.1,4544.36,2076,11,0,2076
2026-05-15 20:00:00,4544.33,4552.34,4543.15,4551.66,2461,12,0,2461
2026-05-15 20:03:00,4551.68,4551.8,4548.55,4551.03,2290,13,0,2290
2026-05-15 20:06:00,4551.02,4554.76,4550.65,4554.43,2213,14,0,2213
2026-05-15 20:09:00,4554.45,4558.07,4553.66,4556.66,2119,13,0,2119
2026-05-15 20:12:00,4556.69,4557.33,4554.62,4557.07,2080,13,0,2080
2026-05-15 20:15:00,4557.06,4557.55,4554.53,4554.79,2153,11,0,2153
2026-05-15 20:18:00,4554.77,4556.91,4554.76,4556.76,2487,9,0,2487
2026-05-15 20:21:00,4556.76,4559.84,4556.69,4557.91,2321,9,0,2321
2026-05-15 20:24:00,4557.91,4564.47,4557.85,4561.78,2415,14,0,2415
2026-05-15 20:27:00,4561.73,4562.08,4556.55,4557.75,2239,14,0,2239
2026-05-15 20:30:00,4557.74,4562.36,4557.7,4559.15,2136,13,0,2136
2026-05-15 20:33:00,4559.18,4563.46,4559.14,4562.34,2111,12,0,2111
2026-05-15 20:36:00,4562.33,4563.26,4560.16,4562.3,2467,9,0,2467
2026-05-15 20:39:00,4562.31,4563.63,4560.97,4561.04,2463,9,0,2463
2026-05-15 20:42:00,4561.01,4562.57,4560.63,4560.8,2161,9,0,2161
2026-05-15 20:45:00,4560.78,4562.62,4560.37,4561.96,2143,9,0,2143
2026-05-15 20:48:00,4561.96,4562.51,4558.93,4559.69,2089,9,0,2089
2026-05-15 20:51:00,4559.69,4560.49,4558.71,4559.01,2102,13,0,2102
2026-05-15 20:54:00,4559.0,4560.05,4557.26,4559.55,2051,12,0,2051
2026-05-15 20:57:00,4559.57,4560.47,4559.18,4559.56,1983,11,0,1983
2026-05-15 21:00:00,4559.54,4561.29,4558.18,4558.2,2142,13,0,2142
2026-05-15 21:03:00,4558.21,4559.71,4558.19,4558.71,2057,13,0,2057
2026-05-15 21:06:00,4558.73,4558.8,4556.17,4556.2,2116,14,0,2116
2026-05-15 21:09:00,4556.17,4559.86,4555.99,4558.6,2080,14,0,2080
2026-05-15 21:12:00,4558.59,4561.95,4558.58,4561.73,2008,10,0,2008
2026-05-15 21:15:00,4561.73,4563.04,4558.56,4558.84,2171,13,0,2171
2026-05-15 21:18:00,4558.84,4558.86,4553.04,4556.46,2465,14,0,2465
2026-05-15 21:21:00,4556.48,4558.85,4554.95,4558.75,2170,12,0,2170
2026-05-15 21:24:00,4558.75,4559.93,4556.56,4556.98,2164,12,0,2164
2026-05-15 21:27:00,4557.0,4558.29,4556.35,4558.16,2251,9,0,2251
2026-05-15 21:30:00,4558.15,4558.9,4552.35,4554.3,2402,13,0,2402
2026-05-15 21:33:00,4554.33,4556.22,4554.28,4555.42,2622,9,0,2622
2026-05-15 21:36:00,4555.39,4556.9,4555.29,4556.7,2090,9,0,2090
2026-05-15 21:39:00,4556.67,4558.5,4556.59,4556.96,2061,9,0,2061
2026-05-15 21:42:00,4556.96,4558.12,4555.73,4557.64,2115,9,0,2115
2026-05-15 21:45:00,4557.65,4559.24,4556.66,4558.78,2104,11,0,2104
2026-05-15 21:48:00,4558.79,4561.32,4558.61,4560.93,2051,13,0,2051
2026-05-15 21:51:00,4560.93,4562.75,4560.53,4562.42,1964,13,0,1964
2026-05-15 21:54:00,4562.43,4562.81,4560.02,4560.5,2007,14,0,2007
2026-05-15 21:57:00,4560.5,4561.06,4558.41,4559.28,2061,14,0,2061
2026-05-15 22:00:00,4559.28,4560.15,4557.45,4558.26,2082,14,0,2082
2026-05-15 22:03:00,4558.25,4558.26,4554.14,4555.14,2181,14,0,2181
2026-05-15 22:06:00,4555.14,4555.39,4552.5,4552.61,2077,14,0,2077
2026-05-15 22:09:00,4552.55,4553.27,4549.5,4551.15,2111,14,0,2111
2026-05-15 22:12:00,4551.15,4552.17,4549.82,4550.45,2121,14,0,2121
2026-05-15 22:15:00,4550.42,4550.97,4549.29,4549.64,2121,9,0,2121
2026-05-15 22:18:00,4549.64,4552.72,4548.93,4552.22,2293,9,0,2293
2026-05-15 22:21:00,4552.22,4552.71,4551.11,4551.59,2328,9,0,2328
2026-05-15 22:24:00,4551.61,4551.61,4548.58,4548.94,2045,9,0,2045
2026-05-15 22:27:00,4548.92,4550.24,4548.57,4550.23,2385,9,0,2385
2026-05-15 22:30:00,4550.24,4553.75,4549.81,4551.06,2056,9,0,2056
2026-05-15 22:33:00,4551.06,4552.09,4549.65,4551.83,2247,9,0,2247
2026-05-15 22:36:00,4551.85,4554.5,4551.54,4554.43,2495,9,0,2495
2026-05-15 22:39:00,4554.42,4555.3,4553.51,4554.02,2405,9,0,2405
2026-05-15 22:42:00,4554.04,4554.51,4552.57,4553.52,2534,9,0,2534
2026-05-15 22:45:00,4553.5,4554.4,4551.62,4552.25,2437,9,0,2437
2026-05-15 22:48:00,4552.25,4552.58,4550.62,4551.17,2424,9,0,2424
2026-05-15 22:51:00,4551.18,4551.93,4548.68,4548.77,2340,9,0,2340
2026-05-15 22:54:00,4548.79,4549.8,4546.09,4547.2,2501,9,0,2501
2026-05-15 22:57:00,4547.19,4547.52,4544.99,4545.89,2265,9,0,2265
2026-05-15 23:00:00,4545.83,4546.36,4542.05,4542.54,2067,14,0,2067
2026-05-15 23:03:00,4542.57,4542.57,4536.91,4537.36,2503,9,0,2503
2026-05-15 23:06:00,4537.4,4539.45,4536.21,4538.81,2072,14,0,2072
2026-05-15 23:09:00,4538.78,4540.0,4536.23,4538.02,2103,14,0,2103
2026-05-15 23:12:00,4538.01,4540.57,4537.42,4538.28,1968,10,0,1968
2026-05-15 23:15:00,4538.27,4538.37,4535.44,4536.28,1898,9,0,1898
2026-05-15 23:18:00,4536.27,4537.81,4533.89,4534.39,2188,9,0,2188
2026-05-15 23:21:00,4534.39,4536.54,4533.13,4536.46,2257,9,0,2257
2026-05-15 23:24:00,4536.47,4537.93,4535.66,4537.68,2265,9,0,2265
2026-05-15 23:27:00,4537.68,4539.23,4536.38,4539.08,1930,9,0,1930
2026-05-15 23:30:00,4539.06,4544.01,4539.06,4542.99,1990,14,0,1990
2026-05-15 23:33:00,4542.99,4543.51,4539.29,4539.76,2449,9,0,2449
2026-05-15 23:36:00,4539.78,4542.11,4539.68,4540.67,2236,9,0,2236
2026-05-15 23:39:00,4540.68,4541.54,4539.26,4540.14,2008,9,0,2008
2026-05-15 23:42:00,4540.04,4541.41,4539.71,4540.43,1833,22,0,1833
2026-05-15 23:45:00,4540.41,4541.45,4539.09,4540.79,1879,22,0,1879
2026-05-15 23:48:00,4540.77,4540.99,4536.63,4537.8,1939,22,0,1939
2026-05-15 23:51:00,4537.81,4538.72,4537.17,4538.01,1890,22,0,1890
2026-05-15 23:54:00,4537.98,4538.5,4537.61,4538.38,626,22,0,626
2026-05-18 01:03:00,4545.27,4553.09,4545.27,4552.62,1580,15,0,1580
2026-05-18 01:06:00,4552.62,4553.77,4545.67,4550.83,4088,16,0,4088
2026-05-18 01:09:00,4550.81,4555.16,4548.97,4552.67,2212,16,0,2212
2026-05-18 01:12:00,4552.67,4554.8,4547.76,4548.48,2045,15,0,2045
2026-05-18 01:15:00,4548.47,4550.14,4546.35,4546.89,2016,15,0,2016
2026-05-18 01:18:00,4546.87,4549.77,4544.18,4544.74,1956,15,0,1956
2026-05-18 01:21:00,4544.72,4545.17,4537.98,4543.77,2209,16,0,2209
2026-05-18 01:24:00,4543.77,4545.76,4538.75,4541.81,2045,16,0,2045
2026-05-18 01:27:00,4541.79,4544.04,4540.69,4541.13,1923,15,0,1923
2026-05-18 01:30:00,4541.11,4551.19,4541.0,4545.5,2109,16,0,2109
2026-05-18 01:33:00,4546.08,4549.04,4544.18,4548.47,1984,16,0,1984
2026-05-18 01:36:00,4548.45,4552.9,4547.25,4550.77,1999,15,0,1999
2026-05-18 01:39:00,4550.75,4554.0,4548.77,4549.53,2027,15,0,2027
2026-05-18 01:42:00,4549.58,4553.57,4548.0,4550.01,1933,15,0,1933
2026-05-18 01:45:00,4550.0,4554.62,4549.54,4552.58,1922,15,0,1922
2026-05-18 01:48:00,4552.58,4552.81,4548.75,4549.28,1862,14,0,1862
2026-05-18 01:51:00,4549.27,4551.55,4547.2,4547.31,1847,15,0,1847
2026-05-18 01:54:00,4547.32,4548.93,4543.68,4545.24,1902,16,0,1902
2026-05-18 01:57:00,4545.24,4550.08,4544.9,4546.17,1871,15,0,1871
2026-05-18 02:00:00,4546.17,4548.04,4543.8,4545.16,1973,15,0,1973
2026-05-18 02:03:00,4544.9,4547.22,4540.3,4542.19,1926,15,0,1926
2026-05-18 02:06:00,4542.17,4542.69,4539.42,4540.62,1999,16,0,1999
2026-05-18 02:09:00,4540.61,4545.89,4540.61,4543.97,1933,15,0,1933
2026-05-18 02:12:00,4543.95,4544.44,4539.92,4541.66,1974,14,0,1974
2026-05-18 02:15:00,4541.66,4542.44,4538.78,4540.11,1934,13,0,1934
2026-05-18 02:18:00,4540.11,4543.31,4539.05,4543.28,1957,14,0,1957
2026-05-18 02:21:00,4543.28,4544.43,4541.22,4541.23,1872,13,0,1872
2026-05-18 02:24:00,4541.25,4543.64,4538.95,4539.59,1962,13,0,1962
2026-05-18 02:27:00,4539.56,4541.78,4537.83,4538.02,1982,13,0,1982
2026-05-18 02:30:00,4538.02,4538.92,4534.86,4538.66,2064,13,0,2064
2026-05-18 02:33:00,4538.63,4541.49,4536.94,4537.57,2052,16,0,2052
2026-05-18 02:36:00,4537.59,4541.57,4537.02,4539.74,1962,13,0,1962
2026-05-18 02:39:00,4539.76,4540.01,4532.53,4536.51,2087,13,0,2087
2026-05-18 02:42:00,4536.5,4541.23,4535.92,4539.27,2040,13,0,2040
2026-05-18 02:45:00,4539.27,4539.27,4532.1,4535.69,2213,13,0,2213
2026-05-18 02:48:00,4535.7,4540.14,4535.67,4538.05,2046,13,0,2046
2026-05-18 02:51:00,4538.06,4544.12,4537.59,4543.13,2001,13,0,2001
2026-05-18 02:54:00,4543.14,4544.1,4537.19,4538.35,2073,13,0,2073
2026-05-18 02:57:00,4538.32,4538.73,4535.43,4537.17,2160,13,0,2160
2026-05-18 03:00:00,4537.14,4542.65,4530.58,4539.42,2609,13,0,2609
2026-05-18 03:03:00,4539.45,4539.8,4527.77,4528.49,2596,16,0,2596
2026-05-18 03:06:00,4528.5,4531.97,4524.39,4525.15,2738,15,0,2738
2026-05-18 03:09:00,4525.15,4529.47,4523.06,4528.55,2504,15,0,2504
2026-05-18 03:12:00,4528.55,4529.84,4523.86,4526.31,2359,14,0,2359
2026-05-18 03:15:00,4526.33,4529.33,4523.76,4527.6,2410,14,0,2410
2026-05-18 03:18:00,4527.6,4533.61,4522.93,4533.29,2398,14,0,2398
2026-05-18 03:21:00,4533.28,4533.59,4523.5,4524.23,2345,14,0,2345
2026-05-18 03:24:00,4524.24,4524.47,4517.09,4520.04,2390,14,0,2390
2026-05-18 03:27:00,4520.01,4520.09,4514.66,4515.89,2211,13,0,2211
2026-05-18 03:30:00,4515.89,4519.09,4514.46,4515.56,2333,13,0,2333
2026-05-18 03:33:00,4515.54,4516.21,4487.57,4499.21,3237,14,0,3237
2026-05-18 03:36:00,4499.2,4502.99,4489.56,4492.8,3142,16,0,3142
2026-05-18 03:39:00,4492.78,4494.77,4483.8,4485.87,3295,16,0,3295
2026-05-18 03:42:00,4485.71,4487.6,4480.43,4481.64,2702,15,0,2702
2026-05-18 03:45:00,4481.61,4490.23,4480.41,4488.47,2646,15,0,2646
2026-05-18 03:48:00,4488.48,4496.39,4487.81,4494.75,2433,15,0,2433
2026-05-18 03:51:00,4494.74,4495.02,4488.5,4490.62,2456,15,0,2456
2026-05-18 03:54:00,4490.61,4506.27,4486.48,4503.31,2631,15,0,2631
2026-05-18 03:57:00,4503.31,4516.6,4502.21,4516.03,2683,16,0,2683
2026-05-18 04:00:00,4516.06,4516.06,4494.04,4494.04,3130,16,0,3130
2026-05-18 04:03:00,4494.07,4502.39,4489.48,4501.55,3130,16,0,3130
2026-05-18 04:06:00,4501.51,4504.84,4492.56,4500.34,3064,15,0,3064
2026-05-18 04:09:00,4500.29,4505.67,4494.86,4504.34,2946,15,0,2946
2026-05-18 04:12:00,4504.36,4504.36,4494.53,4496.05,2841,15,0,2841
2026-05-18 04:15:00,4496.02,4500.03,4492.82,4498.34,2773,14,0,2773
2026-05-18 04:18:00,4498.4,4500.88,4493.41,4495.39,2833,13,0,2833
2026-05-18 04:21:00,4495.29,4502.31,4494.46,4500.01,2956,14,0,2956
2026-05-18 04:24:00,4500.03,4510.03,4498.62,4506.9,2767,14,0,2767
2026-05-18 04:27:00,4506.9,4508.2,4501.74,4503.98,2705,14,0,2705
2026-05-18 04:30:00,4503.97,4510.62,4501.4,4509.3,2837,14,0,2837
2026-05-18 04:33:00,4509.32,4513.66,4506.69,4511.02,2639,13,0,2639
2026-05-18 04:36:00,4511.01,4512.15,4499.8,4504.89,2700,13,0,2700
2026-05-18 04:39:00,4504.86,4510.27,4502.93,4507.45,2695,13,0,2695
2026-05-18 04:42:00,4507.72,4512.81,4507.23,4512.62,2566,13,0,2566
2026-05-18 04:45:00,4512.6,4522.53,4510.97,4522.16,2698,14,0,2698
2026-05-18 04:48:00,4522.14,4529.43,4522.13,4528.18,2528,15,0,2528
2026-05-18 04:51:00,4528.15,4535.61,4528.03,4533.81,2670,15,0,2670
2026-05-18 04:54:00,4533.81,4534.09,4526.42,4528.1,2584,13,0,2584
2026-05-18 04:57:00,4528.09,4529.69,4524.88,4525.4,2457,13,0,2457
2026-05-18 05:00:00,4525.4,4533.6,4522.03,4533.59,2676,13,0,2676
2026-05-18 05:03:00,4533.61,4536.24,4529.26,4530.9,2540,15,0,2540
2026-05-18 05:06:00,4530.86,4531.56,4525.63,4529.19,2436,15,0,2436
2026-05-18 05:09:00,4529.13,4532.53,4527.62,4531.56,2285,14,0,2285
2026-05-18 05:12:00,4531.55,4538.75,4531.05,4536.63,2250,14,0,2250
2026-05-18 05:15:00,4536.63,4537.77,4532.4,4532.99,2133,15,0,2133
2026-05-18 05:18:00,4532.97,4537.02,4531.88,4534.1,2145,13,0,2145
2026-05-18 05:21:00,4534.37,4540.68,4533.13,4539.05,2245,16,0,2245
2026-05-18 05:24:00,4539.05,4539.92,4536.15,4539.86,2166,14,0,2166
2026-05-18 05:27:00,4539.85,4540.01,4533.47,4533.47,2340,14,0,2340
2026-05-18 05:30:00,4533.48,4537.77,4529.32,4533.96,2430,16,0,2430
2026-05-18 05:33:00,4533.99,4534.61,4530.6,4534.6,2269,13,0,2269
2026-05-18 05:36:00,4534.58,4538.3,4533.2,4535.93,2260,14,0,2260
2026-05-18 05:39:00,4536.0,4541.07,4535.12,4538.96,2260,14,0,2260
2026-05-18 05:42:00,4538.98,4539.31,4534.97,4536.21,2145,13,0,2145
2026-05-18 05:45:00,4536.22,4542.82,4534.83,4539.78,2213,13,0,2213
2026-05-18 05:48:00,4539.71,4540.17,4530.33,4531.92,2244,15,0,2244
2026-05-18 05:51:00,4531.92,4535.5,4530.35,4535.36,2282,13,0,2282
2026-05-18 05:54:00,4535.39,4535.39,4530.87,4532.52,2171,13,0,2171
2026-05-18 05:57:00,4532.5,4535.11,4532.42,4533.69,2205,13,0,2205
2026-05-18 06:00:00,4533.7,4535.68,4530.57,4533.35,2312,13,0,2312
2026-05-18 06:03:00,4533.42,4533.45,4528.91,4528.93,2176,13,0,2176
2026-05-18 06:06:00,4528.94,4534.69,4527.59,4533.97,2280,15,0,2280
2026-05-18 06:09:00,4533.96,4535.65,4532.57,4533.66,2127,13,0,2127
2026-05-18 06:12:00,4533.66,4533.81,4526.8,4529.43,2237,13,0,2237
2026-05-18 06:15:00,4529.48,4532.04,4528.24,4531.15,2327,13,0,2327
2026-05-18 06:18:00,4531.16,4533.17,4530.27,4531.15,2152,13,0,2152
2026-05-18 06:21:00,4531.22,4536.03,4529.24,4535.76,2251,13,0,2251
2026-05-18 06:24:00,4535.73,4536.58,4529.23,4531.32,2327,16,0,2327
2026-05-18 06:27:00,4531.34,4538.27,4531.11,4535.93,2281,14,0,2281
2026-05-18 06:30:00,4535.92,4537.85,4526.54,4528.23,2535,15,0,2535
2026-05-18 06:33:00,4528.23,4530.17,4525.16,4527.26,2254,14,0,2254
2026-05-18 06:36:00,4527.29,4537.48,4527.28,4533.92,2178,15,0,2178
2026-05-18 06:39:00,4533.87,4537.6,4531.54,4535.81,2171,13,0,2171
2026-05-18 06:42:00,4535.78,4547.99,4535.12,4545.64,2283,13,0,2283
2026-05-18 06:45:00,4545.61,4547.77,4541.45,4544.25,2386,16,0,2386
2026-05-18 06:48:00,4544.38,4545.87,4539.31,4545.09,2390,15,0,2390
2026-05-18 06:51:00,4545.05,4547.45,4539.07,4541.32,2274,15,0,2274
2026-05-18 06:54:00,4541.19,4543.45,4539.96,4541.54,2254,13,0,2254
2026-05-18 06:57:00,4541.55,4543.69,4540.94,4541.1,2008,13,0,2008
2026-05-18 07:00:00,4541.07,4548.36,4540.78,4546.46,2333,13,0,2333
2026-05-18 07:03:00,4546.54,4549.69,4544.12,4546.43,2204,15,0,2204
2026-05-18 07:06:00,4546.4,4546.58,4543.28,4545.1,2098,13,0,2098
2026-05-18 07:09:00,4545.09,4547.08,4544.19,4545.78,1997,13,0,1997
2026-05-18 07:12:00,4545.67,4547.7,4543.47,4544.41,2029,13,0,2029
2026-05-18 07:15:00,4544.39,4547.17,4544.01,4546.22,2059,13,0,2059
2026-05-18 07:18:00,4546.24,4546.81,4543.5,4543.5,2029,14,0,2029
2026-05-18 07:21:00,4543.44,4544.52,4539.93,4540.58,2134,13,0,2134
2026-05-18 07:24:00,4540.59,4540.62,4535.18,4536.9,2292,16,0,2292
2026-05-18 07:27:00,4536.9,4536.91,4530.12,4532.7,2169,13,0,2169
2026-05-18 07:30:00,4532.69,4541.43,4532.23,4540.85,2050,13,0,2050
2026-05-18 07:33:00,4540.78,4541.27,4538.23,4539.54,1988,13,0,1988
2026-05-18 07:36:00,4539.52,4542.62,4539.45,4541.1,2078,13,0,2078
2026-05-18 07:39:00,4541.09,4544.33,4540.22,4543.57,2012,13,0,2012
2026-05-18 07:42:00,4543.58,4544.38,4539.71,4541.76,2058,15,0,2058
2026-05-18 07:45:00,4541.77,4541.77,4538.6,4540.43,2025,13,0,2025
2026-05-18 07:48:00,4540.45,4541.5,4537.89,4538.46,1975,13,0,1975
2026-05-18 07:51:00,4538.44,4545.77,4538.39,4543.45,2151,13,0,2151
2026-05-18 07:54:00,4543.45,4544.43,4535.14,4537.69,2124,14,0,2124
2026-05-18 07:57:00,4537.67,4540.82,4537.66,4540.75,1937,14,0,1937
2026-05-18 08:00:00,4540.72,4542.84,4534.88,4535.06,2143,14,0,2143
2026-05-18 08:03:00,4535.05,4537.44,4532.97,4534.89,2155,14,0,2155
2026-05-18 08:06:00,4534.89,4539.89,4534.57,4537.22,2030,13,0,2030
2026-05-18 08:09:00,4537.22,4538.43,4535.62,4536.47,2035,13,0,2035
2026-05-18 08:12:00,4536.44,4539.06,4536.28,4538.24,2018,13,0,2018
2026-05-18 08:15:00,4538.24,4540.7,4534.96,4539.78,2067,13,0,2067
2026-05-18 08:18:00,4539.79,4549.09,4539.24,4545.26,2196,16,0,2196
2026-05-18 08:21:00,4545.24,4549.57,4541.57,4544.47,2206,13,0,2206
2026-05-18 08:24:00,4544.82,4549.2,4543.71,4549.0,2166,14,0,2166
2026-05-18 08:27:00,4549.0,4550.65,4547.54,4548.73,2120,13,0,2120
2026-05-18 08:30:00,4548.71,4552.0,4541.08,4541.49,2468,13,0,2468
2026-05-18 08:33:00,4541.5,4544.0,4539.67,4541.73,2257,15,0,2257
2026-05-18 08:36:00,4541.68,4547.22,4541.68,4545.83,2249,13,0,2249
2026-05-18 08:39:00,4545.85,4546.39,4538.46,4539.28,2203,13,0,2203
2026-05-18 08:42:00,4539.26,4542.18,4538.53,4539.72,2127,13,0,2127
2026-05-18 08:45:00,4539.73,4543.0,4538.07,4541.78,2079,13,0,2079
2026-05-18 08:48:00,4541.76,4542.8,4537.4,4538.48,2134,13,0,2134
2026-05-18 08:51:00,4538.01,4538.35,4534.87,4536.18,2155,14,0,2155
2026-05-18 08:54:00,4536.16,4537.49,4534.99,4536.08,2083,13,0,2083
2026-05-18 08:57:00,4536.08,4538.91,4530.01,4530.92,2253,14,0,2253
2026-05-18 09:00:00,4530.93,4534.79,4529.76,4533.67,2343,13,0,2343
2026-05-18 09:03:00,4533.69,4539.36,4533.14,4536.05,2380,14,0,2380
2026-05-18 09:06:00,4536.03,4540.56,4535.07,4538.82,2385,14,0,2385
2026-05-18 09:09:00,4538.84,4539.74,4532.38,4534.55,2448,9,0,2448
2026-05-18 09:12:00,4534.53,4537.82,4533.98,4537.4,2364,9,0,2364
2026-05-18 09:15:00,4537.41,4541.55,4535.25,4537.21,2372,9,0,2372
2026-05-18 09:18:00,4537.21,4537.28,4534.54,4536.92,2333,9,0,2333
2026-05-18 09:21:00,4536.91,4543.07,4534.87,4543.03,2382,10,0,2382
2026-05-18 09:24:00,4542.99,4548.14,4537.88,4538.0,2439,14,0,2439
2026-05-18 09:27:00,4538.01,4541.6,4537.22,4537.49,2287,10,0,2287
2026-05-18 09:30:00,4537.48,4543.89,4534.54,4542.92,2374,12,0,2374
2026-05-18 09:33:00,4542.93,4547.2,4538.8,4541.14,2429,10,0,2429
2026-05-18 09:36:00,4541.16,4542.22,4538.99,4539.35,2548,9,0,2548
2026-05-18 09:39:00,4539.36,4539.49,4536.17,4538.31,2140,9,0,2140
2026-05-18 09:42:00,4538.29,4540.87,4535.13,4540.73,2173,11,0,2173
2026-05-18 09:45:00,4540.72,4544.97,4538.55,4544.39,2270,12,0,2270
2026-05-18 09:48:00,4544.39,4546.23,4542.57,4543.49,2467,9,0,2467
2026-05-18 09:51:00,4543.51,4544.62,4542.87,4543.32,2179,9,0,2179
2026-05-18 09:54:00,4543.31,4547.59,4543.27,4547.14,2169,9,0,2169
2026-05-18 09:57:00,4547.14,4547.71,4545.58,4546.79,2287,13,0,2287
2026-05-18 10:00:00,4546.81,4549.39,4544.12,4546.89,2274,14,0,2274
2026-05-18 10:03:00,4546.64,4548.1,4543.44,4543.92,2190,13,0,2190
2026-05-18 10:06:00,4543.92,4546.9,4543.32,4546.49,2321,9,0,2321
2026-05-18 10:09:00,4546.52,4548.04,4543.68,4544.09,2043,13,0,2043
2026-05-18 10:12:00,4544.07,4545.68,4542.05,4543.63,2088,13,0,2088
2026-05-18 10:15:00,4543.63,4545.79,4541.71,4544.57,2004,12,0,2004
2026-05-18 10:18:00,4544.59,4544.98,4538.76,4538.89,2197,9,0,2197
2026-05-18 10:21:00,4538.89,4541.29,4538.24,4540.65,2201,9,0,2201
2026-05-18 10:24:00,4540.64,4550.17,4539.01,4547.19,2418,13,0,2418
2026-05-18 10:27:00,4547.21,4551.27,4544.22,4550.56,2391,14,0,2391
2026-05-18 10:30:00,4550.54,4559.97,4550.44,4554.15,2646,14,0,2646
2026-05-18 10:33:00,4554.1,4556.21,4552.36,4553.87,2359,14,0,2359
2026-05-18 10:36:00,4553.85,4554.34,4551.85,4551.88,2143,11,0,2143
2026-05-18 10:39:00,4551.89,4555.24,4550.1,4550.63,2171,13,0,2171
2026-05-18 10:42:00,4550.74,4552.11,4547.85,4549.1,2235,13,0,2235
2026-05-18 10:45:00,4549.08,4551.74,4546.96,4547.7,2121,13,0,2121
2026-05-18 10:48:00,4547.67,4548.17,4540.21,4540.92,2202,13,0,2202
2026-05-18 10:51:00,4540.93,4543.73,4540.12,4543.53,2256,14,0,2256
2026-05-18 10:54:00,4543.55,4548.62,4542.81,4547.06,2280,13,0,2280
2026-05-18 10:57:00,4547.07,4548.3,4545.7,4546.26,2172,9,0,2172
2026-05-18 11:00:00,4546.23,4548.84,4544.79,4545.57,2425,9,0,2425
2026-05-18 11:03:00,4545.56,4548.68,4545.52,4547.41,2140,11,0,2140
2026-05-18 11:06:00,4547.43,4547.87,4545.16,4546.68,2110,10,0,2110
2026-05-18 11:09:00,4546.66,4547.02,4543.76,4544.19,2154,13,0,2154
2026-05-18 11:12:00,4544.2,4547.2,4542.44,4546.61,2125,11,0,2125
2026-05-18 11:15:00,4546.59,4546.61,4542.83,4544.92,2076,12,0,2076
2026-05-18 11:18:00,4544.9,4548.89,4543.95,4548.64,2075,12,0,2075
2026-05-18 11:21:00,4548.63,4548.93,4546.43,4548.44,2079,14,0,2079
2026-05-18 11:24:00,4548.43,4551.48,4548.22,4550.72,2147,11,0,2147
2026-05-18 11:27:00,4550.73,4550.81,4546.85,4547.97,2153,14,0,2153
2026-05-18 11:30:00,4547.98,4549.79,4545.9,4549.6,2176,13,0,2176
2026-05-18 11:33:00,4549.62,4553.16,4548.91,4550.29,2167,14,0,2167
2026-05-18 11:36:00,4550.3,4550.34,4548.13,4549.92,2112,10,0,2112
2026-05-18 11:39:00,4549.93,4551.77,4549.69,4550.96,2331,9,0,2331
2026-05-18 11:42:00,4550.97,4551.33,4547.99,4548.09,2080,9,0,2080
2026-05-18 11:45:00,4548.08,4553.15,4548.06,4552.83,2070,11,0,2070
2026-05-18 11:48:00,4552.82,4555.88,4551.32,4555.87,2065,10,0,2065
2026-05-18 11:51:00,4555.9,4556.64,4553.62,4555.35,2117,12,0,2117
2026-05-18 11:54:00,4555.36,4557.07,4554.9,4555.27,2090,12,0,2090
2026-05-18 11:57:00,4555.27,4555.5,4550.0,4550.02,2273,9,0,2273
2026-05-18 12:00:00,4550.01,4552.02,4546.67,4546.67,2176,13,0,2176
2026-05-18 12:03:00,4546.6,4546.62,4541.23,4541.99,2235,14,0,2235
2026-05-18 12:06:00,4541.98,4546.6,4541.98,4546.34,2019,10,0,2019
2026-05-18 12:09:00,4546.37,4547.48,4545.52,4546.73,1932,11,0,1932
2026-05-18 12:12:00,4546.73,4547.88,4545.07,4546.3,2103,9,0,2103
2026-05-18 12:15:00,4546.3,4548.48,4545.39,4546.79,2014,12,0,2014
2026-05-18 12:18:00,4546.78,4548.31,4545.59,4547.82,2058,10,0,2058
2026-05-18 12:21:00,4547.83,4548.91,4546.75,4547.92,1973,10,0,1973
2026-05-18 12:24:00,4547.94,4548.28,4544.55,4546.8,2042,9,0,2042
2026-05-18 12:27:00,4546.79,4548.28,4544.77,4545.01,2007,13,0,2007
2026-05-18 12:30:00,4545.03,4545.56,4540.64,4543.57,2332,14,0,2332
2026-05-18 12:33:00,4543.59,4545.48,4541.98,4544.2,2067,13,0,2067
2026-05-18 12:36:00,4544.25,4546.51,4543.46,4545.32,2048,14,0,2048
2026-05-18 12:39:00,4545.33,4546.23,4541.79,4541.9,1996,12,0,1996
2026-05-18 12:42:00,4541.87,4543.86,4540.63,4543.0,2059,10,0,2059
2026-05-18 12:45:00,4542.99,4543.11,4540.54,4541.04,2087,9,0,2087
2026-05-18 12:48:00,4541.04,4542.15,4540.61,4541.37,2029,9,0,2029
2026-05-18 12:51:00,4541.36,4542.57,4540.23,4542.53,1980,11,0,1980
2026-05-18 12:54:00,4542.54,4544.64,4541.75,4544.05,1994,13,0,1994
2026-05-18 12:57:00,4544.05,4544.05,4542.66,4542.96,1946,12,0,1946
2026-05-18 13:00:00,4542.95,4545.05,4541.38,4543.14,2118,13,0,2118
2026-05-18 13:03:00,4543.12,4543.24,4537.57,4538.68,2110,14,0,2110
2026-05-18 13:06:00,4538.7,4542.21,4537.53,4537.59,2088,14,0,2088
2026-05-18 13:09:00,4537.58,4540.41,4537.14,4539.17,2102,14,0,2102
2026-05-18 13:12:00,4539.2,4540.58,4535.69,4539.17,2039,14,0,2039
2026-05-18 13:15:00,4539.13,4541.8,4538.68,4540.4,1980,12,0,1980
2026-05-18 13:18:00,4540.41,4542.47,4539.61,4541.48,1932,12,0,1932
2026-05-18 13:21:00,4541.48,4541.48,4538.1,4539.74,2014,10,0,2014
2026-05-18 13:24:00,4539.73,4540.6,4539.03,4540.44,1939,12,0,1939
2026-05-18 13:27:00,4540.45,4540.64,4538.39,4539.64,1921,10,0,1921
2026-05-18 13:30:00,4539.63,4540.67,4536.85,4537.38,1990,12,0,1990
2026-05-18 13:33:00,4537.35,4537.39,4532.17,4533.88,2176,13,0,2176
2026-05-18 13:36:00,4533.9,4539.49,4533.89,4538.64,2112,14,0,2112
2026-05-18 13:39:00,4538.65,4540.31,4537.7,4539.12,2073,12,0,2073
2026-05-18 13:42:00,4539.11,4544.03,4539.1,4543.74,2005,11,0,2005
2026-05-18 13:45:00,4543.76,4547.66,4542.68,4547.17,2114,14,0,2114
2026-05-18 13:48:00,4547.17,4547.49,4541.78,4541.98,1956,13,0,1956
2026-05-18 13:51:00,4541.97,4542.25,4537.5,4537.6,2483,9,0,2483
2026-05-18 13:54:00,4537.58,4539.81,4536.69,4538.26,2111,9,0,2111
2026-05-18 13:57:00,4538.24,4540.29,4538.22,4540.24,2045,9,0,2045
2026-05-18 14:00:00,4540.25,4541.83,4538.31,4539.25,2091,9,0,2091
2026-05-18 14:03:00,4539.26,4540.51,4537.89,4538.97,1989,12,0,1989
2026-05-18 14:06:00,4538.89,4539.75,4537.07,4537.61,2117,9,0,2117
2026-05-18 14:09:00,4537.59,4538.51,4529.9,4535.04,2653,9,0,2653
2026-05-18 14:12:00,4535.03,4539.55,4534.28,4539.5,2130,13,0,2130
2026-05-18 14:15:00,4539.53,4539.56,4536.67,4537.33,2034,13,0,2034
2026-05-18 14:18:00,4537.31,4540.16,4536.88,4538.3,2070,14,0,2070
2026-05-18 14:21:00,4538.26,4539.36,4531.8,4536.0,2114,14,0,2114
2026-05-18 14:24:00,4535.95,4537.03,4534.86,4535.36,2434,9,0,2434
2026-05-18 14:27:00,4535.36,4537.82,4534.4,4536.26,2090,9,0,2090
2026-05-18 14:30:00,4535.88,4540.6,4535.52,4539.14,2197,14,0,2197
2026-05-18 14:33:00,4539.17,4547.44,4538.28,4545.62,2599,14,0,2599
2026-05-18 14:36:00,4545.61,4547.22,4542.46,4546.09,2329,14,0,2329
2026-05-18 14:39:00,4546.1,4567.0,4545.88,4567.0,3387,14,0,3387
2026-05-18 14:42:00,4566.93,4566.93,4558.21,4562.13,3243,14,0,3243
2026-05-18 14:45:00,4562.14,4564.58,4558.37,4560.29,2821,14,0,2821
2026-05-18 14:48:00,4560.27,4562.25,4552.6,4553.11,2570,13,0,2570
2026-05-18 14:51:00,4553.14,4555.61,4551.58,4553.38,2451,13,0,2451
2026-05-18 14:54:00,4553.41,4554.82,4550.36,4553.75,2354,14,0,2354
2026-05-18 14:57:00,4553.75,4555.0,4549.51,4550.67,2168,12,0,2168
2026-05-18 15:00:00,4550.67,4552.66,4548.03,4548.58,2346,13,0,2346
2026-05-18 15:03:00,4548.57,4553.61,4547.26,4553.55,2196,13,0,2196
2026-05-18 15:06:00,4553.55,4555.87,4551.95,4552.44,2167,14,0,2167
2026-05-18 15:09:00,4552.46,4556.65,4551.66,4552.11,2179,14,0,2179
2026-05-18 15:12:00,4552.1,4554.9,4551.45,4553.51,2134,14,0,2134
2026-05-18 15:15:00,4553.53,4555.19,4547.06,4549.72,2320,13,0,2320
2026-05-18 15:18:00,4549.72,4550.18,4545.4,4548.1,2230,12,0,2230
2026-05-18 15:21:00,4548.1,4553.44,4548.1,4552.73,2266,12,0,2266
2026-05-18 15:24:00,4552.72,4554.83,4551.32,4554.68,2229,12,0,2229
2026-05-18 15:27:00,4554.67,4554.92,4549.88,4550.71,2194,12,0,2194
2026-05-18 15:30:00,4550.69,4556.01,4550.23,4554.74,2240,14,0,2240
2026-05-18 15:33:00,4554.74,4562.51,4554.02,4560.45,2752,12,0,2752
2026-05-18 15:36:00,4560.47,4563.12,4558.46,4558.98,2638,13,0,2638
2026-05-18 15:39:00,4558.99,4564.34,4558.55,4564.33,2578,12,0,2578
2026-05-18 15:42:00,4564.23,4569.58,4563.38,4569.47,2659,14,0,2659
2026-05-18 15:45:00,4569.44,4573.21,4567.98,4569.4,2695,13,0,2695
2026-05-18 15:48:00,4569.17,4574.76,4568.48,4572.22,2656,14,0,2656
2026-05-18 15:51:00,4572.22,4572.59,4563.47,4563.71,2826,9,0,2826
2026-05-18 15:54:00,4563.71,4565.89,4562.66,4565.32,2221,9,0,2221
2026-05-18 15:57:00,4565.35,4572.42,4563.56,4571.43,2322,10,0,2322
2026-05-18 16:00:00,4571.44,4576.76,4564.29,4566.81,3063,14,0,3063
2026-05-18 16:03:00,4566.81,4567.59,4564.36,4565.41,2593,13,0,2593
2026-05-18 16:06:00,4565.42,4568.54,4563.14,4565.54,2468,12,0,2468
2026-05-18 16:09:00,4565.5,4566.04,4561.85,4564.97,2522,12,0,2522
2026-05-18 16:12:00,4564.97,4569.46,4564.97,4567.68,2402,9,0,2402
2026-05-18 16:15:00,4567.69,4568.52,4564.89,4566.76,2155,11,0,2155
2026-05-18 16:18:00,4566.74,4569.02,4563.92,4568.72,2103,10,0,2103
2026-05-18 16:21:00,4568.71,4571.59,4568.08,4571.24,2128,11,0,2128
2026-05-18 16:24:00,4571.38,4576.33,4570.65,4575.19,2280,13,0,2280
2026-05-18 16:27:00,4575.21,4576.15,4571.55,4572.0,2250,14,0,2250
2026-05-18 16:30:00,4571.95,4574.8,4567.1,4573.82,2766,14,0,2766
2026-05-18 16:33:00,4573.81,4579.77,4573.33,4575.14,2753,14,0,2753
2026-05-18 16:36:00,4575.11,4576.95,4570.84,4576.9,2809,14,0,2809
2026-05-18 16:39:00,4576.93,4576.93,4572.48,4572.94,2818,13,0,2818
2026-05-18 16:42:00,4572.93,4574.77,4564.78,4566.34,3108,13,0,3108
2026-05-18 16:45:00,4566.4,4573.71,4563.8,4573.52,2998,14,0,2998
2026-05-18 16:48:00,4573.71,4576.78,4572.74,4576.62,2897,13,0,2897
2026-05-18 16:51:00,4576.62,4580.99,4576.01,4579.85,2753,14,0,2753
2026-05-18 16:54:00,4579.84,4584.19,4579.62,4583.58,2637,11,0,2637
2026-05-18 16:57:00,4583.59,4583.86,4575.03,4575.69,2641,9,0,2641
2026-05-18 17:00:00,4575.72,4575.76,4569.08,4569.65,2601,13,0,2601
2026-05-18 17:03:00,4569.66,4569.91,4560.88,4561.87,2703,13,0,2703
2026-05-18 17:06:00,4561.86,4564.82,4559.59,4564.36,2838,14,0,2838
2026-05-18 17:09:00,4564.38,4569.52,4563.75,4568.03,2694,9,0,2694
2026-05-18 17:12:00,4568.05,4569.88,4562.01,4564.25,2607,9,0,2607
2026-05-18 17:15:00,4564.26,4568.89,4562.23,4563.94,2652,9,0,2652
2026-05-18 17:18:00,4563.95,4567.21,4561.81,4561.89,2420,9,0,2420
2026-05-18 17:21:00,4561.87,4562.54,4554.93,4557.27,2696,9,0,2696
2026-05-18 17:24:00,4557.28,4560.37,4556.72,4560.22,2782,9,0,2782
2026-05-18 17:27:00,4560.24,4563.3,4558.64,4561.78,2552,9,0,2552
2026-05-18 17:30:00,4561.68,4563.05,4555.34,4555.99,2496,9,0,2496
2026-05-18 17:33:00,4556.0,4556.35,4543.1,4544.58,2932,14,0,2932
2026-05-18 17:36:00,4544.57,4550.32,4544.55,4549.39,2732,13,0,2732
2026-05-18 17:39:00,4549.41,4549.52,4538.86,4545.63,2888,13,0,2888
2026-05-18 17:42:00,4545.59,4549.37,4544.76,4547.76,2675,10,0,2675
2026-05-18 17:45:00,4547.77,4548.17,4539.06,4541.45,3035,9,0,3035
2026-05-18 17:48:00,4541.48,4544.49,4537.92,4544.11,2624,12,0,2624
2026-05-18 17:51:00,4544.11,4548.46,4542.63,4544.12,2911,9,0,2911
2026-05-18 17:54:00,4544.17,4546.12,4541.33,4545.01,2530,9,0,2530
2026-05-18 17:57:00,4545.02,4547.32,4543.72,4546.58,2414,9,0,2414
2026-05-18 18:00:00,4546.61,4547.97,4532.62,4535.25,3058,9,0,3058
2026-05-18 18:03:00,4535.22,4538.71,4531.77,4535.99,2898,14,0,2898
2026-05-18 18:06:00,4536.01,4544.59,4533.98,4543.83,2715,14,0,2715
2026-05-18 18:09:00,4543.85,4543.85,4536.46,4540.99,2567,13,0,2567
2026-05-18 18:12:00,4540.97,4542.31,4538.68,4540.6,2494,9,0,2494
2026-05-18 18:15:00,4540.61,4542.7,4538.86,4540.39,2313,9,0,2313
2026-05-18 18:18:00,4540.4,4540.7,4534.44,4537.38,2426,9,0,2426
2026-05-18 18:21:00,4537.41,4540.44,4535.98,4538.83,2383,12,0,2383
2026-05-18 18:24:00,4538.84,4539.7,4536.89,4538.6,2374,10,0,2374
2026-05-18 18:27:00,4538.61,4540.25,4534.62,4534.71,2288,13,0,2288
2026-05-18 18:30:00,4534.66,4540.35,4533.98,4539.23,2444,14,0,2444
2026-05-18 18:33:00,4539.26,4542.09,4538.03,4538.87,2286,13,0,2286
2026-05-18 18:36:00,4538.85,4542.21,4538.61,4540.21,2200,13,0,2200
2026-05-18 18:39:00,4540.2,4544.36,4540.08,4543.81,2206,12,0,2206
2026-05-18 18:42:00,4543.83,4543.83,4538.55,4538.56,2242,13,0,2242
2026-05-18 18:45:00,4538.56,4541.73,4538.09,4541.52,2225,14,0,2225
2026-05-18 18:48:00,4541.52,4543.54,4540.63,4541.93,2252,14,0,2252
2026-05-18 18:51:00,4541.96,4542.76,4539.73,4541.7,2273,13,0,2273
2026-05-18 18:54:00,4541.7,4545.81,4541.69,4544.37,2278,14,0,2278
2026-05-18 18:57:00,4544.33,4546.94,4542.26,4543.51,2265,13,0,2265
2026-05-18 19:00:00,4543.53,4544.44,4540.24,4542.08,2290,14,0,2290
2026-05-18 19:03:00,4542.04,4542.76,4540.21,4542.02,2119,13,0,2119
2026-05-18 19:06:00,4542.03,4544.43,4541.2,4543.45,2240,13,0,2240
2026-05-18 19:09:00,4543.47,4547.8,4542.74,4547.13,2163,12,0,2163
2026-05-18 19:12:00,4547.11,4548.98,4546.33,4548.57,2199,10,0,2199
2026-05-18 19:15:00,4548.58,4550.36,4547.12,4548.23,2252,9,0,2252
2026-05-18 19:18:00,4548.23,4549.54,4546.65,4549.3,2068,11,0,2068
2026-05-18 19:21:00,4549.27,4550.83,4544.84,4545.79,2370,11,0,2370
2026-05-18 19:24:00,4545.74,4546.85,4539.54,4539.75,2383,14,0,2383
2026-05-18 19:27:00,4539.71,4541.05,4533.87,4537.01,2656,14,0,2656
2026-05-18 19:30:00,4537.03,4541.08,4534.03,4540.78,2547,14,0,2547
2026-05-18 19:33:00,4540.8,4542.73,4539.17,4542.02,2314,13,0,2314
2026-05-18 19:36:00,4541.99,4544.82,4541.71,4542.89,2251,13,0,2251
2026-05-18 19:39:00,4542.88,4545.01,4542.62,4543.58,2209,10,0,2209
2026-05-18 19:42:00,4543.58,4544.15,4541.89,4543.34,2114,11,0,2114
2026-05-18 19:45:00,4543.35,4546.46,4542.86,4546.41,2078,12,0,2078
2026-05-18 19:48:00,4546.41,4552.39,4545.29,4552.32,2233,13,0,2233
2026-05-18 19:51:00,4552.32,4553.37,4550.93,4553.37,2222,14,0,2222
2026-05-18 19:54:00,4553.37,4554.57,4551.31,4553.1,2197,14,0,2197
2026-05-18 19:57:00,4553.12,4553.37,4549.75,4550.21,2108,10,0,2108
2026-05-18 20:00:00,4550.22,4552.61,4547.78,4552.22,2224,14,0,2224
2026-05-18 20:03:00,4552.21,4557.22,4552.21,4555.27,2189,12,0,2189
2026-05-18 20:06:00,4555.24,4558.31,4554.92,4555.17,2130,12,0,2130
2026-05-18 20:09:00,4555.16,4556.79,4554.99,4556.06,2410,9,0,2410
2026-05-18 20:12:00,4556.05,4556.83,4553.07,4553.27,2106,9,0,2106
2026-05-18 20:15:00,4553.32,4555.4,4552.05,4553.55,2151,9,0,2151
2026-05-18 20:18:00,4553.56,4555.64,4553.33,4554.6,2336,9,0,2336
2026-05-18 20:21:00,4554.6,4555.03,4552.48,4553.59,2091,12,0,2091
2026-05-18 20:24:00,4553.59,4554.26,4553.03,4553.93,2366,9,0,2366
2026-05-18 20:27:00,4553.96,4554.72,4551.83,4553.94,2112,10,0,2112
2026-05-18 20:30:00,4553.95,4554.16,4550.05,4550.2,1996,11,0,1996
2026-05-18 20:33:00,4550.22,4550.65,4548.26,4549.05,2162,9,0,2162
2026-05-18 20:36:00,4549.05,4550.37,4547.23,4547.89,2043,13,0,2043
2026-05-18 20:39:00,4547.91,4551.28,4547.76,4548.65,2094,9,0,2094
2026-05-18 20:42:00,4548.65,4549.58,4547.89,4548.25,2309,9,0,2309
2026-05-18 20:45:00,4548.25,4549.35,4547.15,4548.73,2003,10,0,2003
2026-05-18 20:48:00,4548.74,4549.64,4546.55,4547.98,1923,13,0,1923
2026-05-18 20:51:00,4547.97,4548.97,4547.35,4548.5,2128,9,0,2128
2026-05-18 20:54:00,4548.53,4549.17,4546.34,4547.03,1917,12,0,1917
2026-05-18 20:57:00,4547.02,4547.42,4545.57,4547.0,2135,9,0,2135
2026-05-18 21:00:00,4546.99,4547.05,4543.85,4545.14,2125,9,0,2125
2026-05-18 21:03:00,4545.14,4547.75,4544.98,4546.61,2048,14,0,2048
2026-05-18 21:06:00,4546.63,4546.63,4543.83,4544.58,2062,9,0,2062
2026-05-18 21:09:00,4544.59,4546.45,4544.07,4545.46,2175,9,0,2175
2026-05-18 21:12:00,4545.46,4546.17,4544.99,4545.29,2283,9,0,2283
2026-05-18 21:15:00,4545.28,4545.48,4541.62,4542.68,2169,9,0,2169
2026-05-18 21:18:00,4542.67,4543.04,4540.75,4540.8,2075,13,0,2075
2026-05-18 21:21:00,4540.83,4542.62,4540.57,4541.53,2150,10,0,2150
2026-05-18 21:24:00,4541.52,4541.83,4537.79,4538.34,2245,14,0,2245
2026-05-18 21:27:00,4538.37,4542.79,4536.71,4541.95,2186,13,0,2186
2026-05-18 21:30:00,4541.96,4543.98,4541.24,4543.27,2129,13,0,2129
2026-05-18 21:33:00,4543.25,4543.52,4540.71,4542.4,2305,9,0,2305
2026-05-18 21:36:00,4542.38,4542.53,4539.73,4540.77,2056,9,0,2056
2026-05-18 21:39:00,4540.79,4541.14,4539.01,4540.03,2061,9,0,2061
2026-05-18 21:42:00,4540.03,4541.58,4539.82,4541.48,2425,9,0,2425
2026-05-18 21:45:00,4541.51,4543.32,4540.77,4543.04,2277,9,0,2277
2026-05-18 21:48:00,4543.03,4543.07,4540.01,4540.59,1993,10,0,1993
2026-05-18 21:51:00,4540.59,4542.19,4539.76,4542.18,2017,12,0,2017
2026-05-18 21:54:00,4542.18,4542.21,4539.91,4540.89,1982,13,0,1982
2026-05-18 21:57:00,4540.91,4541.81,4534.31,4535.68,2187,11,0,2187
2026-05-18 22:00:00,4535.76,4557.18,4535.28,4556.74,2915,14,0,2915
2026-05-18 22:03:00,4556.73,4564.99,4553.4,4557.75,3155,14,0,3155
2026-05-18 22:06:00,4557.81,4560.08,4551.19,4553.01,2960,14,0,2960
2026-05-18 22:09:00,4553.04,4558.43,4552.53,4557.9,2645,14,0,2645
2026-05-18 22:12:00,4557.87,4557.95,4553.54,4554.49,2249,14,0,2249
2026-05-18 22:15:00,4554.49,4555.63,4551.02,4551.45,2282,14,0,2282
2026-05-18 22:18:00,4551.43,4554.27,4551.15,4553.86,2238,14,0,2238
2026-05-18 22:21:00,4553.81,4555.71,4552.27,4553.27,2175,14,0,2175
2026-05-18 22:24:00,4553.27,4553.92,4546.69,4549.59,2277,14,0,2277
2026-05-18 22:27:00,4549.57,4551.97,4547.62,4551.67,2167,14,0,2167
2026-05-18 22:30:00,4551.67,4556.69,4550.25,4556.56,2282,14,0,2282
2026-05-18 22:33:00,4556.52,4558.85,4555.29,4558.81,2219,14,0,2219
2026-05-18 22:36:00,4558.84,4559.05,4555.96,4558.38,2131,14,0,2131
2026-05-18 22:39:00,4558.38,4561.41,4558.3,4558.71,2215,14,0,2215
2026-05-18 22:42:00,4558.72,4560.2,4557.91,4558.2,2099,14,0,2099
2026-05-18 22:45:00,4558.19,4561.53,4557.84,4559.83,2111,14,0,2111
2026-05-18 22:48:00,4559.83,4562.95,4559.08,4560.86,2261,14,0,2261
2026-05-18 22:51:00,4560.87,4561.75,4559.94,4561.25,2105,14,0,2105
2026-05-18 22:54:00,4561.12,4562.59,4559.76,4559.97,2169,13,0,2169
2026-05-18 22:57:00,4560.02,4560.51,4557.47,4558.54,2231,12,0,2231
2026-05-18 23:00:00,4558.52,4560.51,4557.89,4558.34,2031,14,0,2031
2026-05-18 23:03:00,4558.36,4561.32,4557.97,4559.56,2005,13,0,2005
2026-05-18 23:06:00,4559.57,4560.28,4558.96,4559.34,1874,13,0,1874
2026-05-18 23:09:00,4559.33,4560.68,4558.42,4560.27,1819,12,0,1819
2026-05-18 23:12:00,4560.26,4562.96,4559.86,4562.27,1858,14,0,1858
2026-05-18 23:15:00,4562.29,4566.52,4562.2,4566.48,1919,14,0,1919
2026-05-18 23:18:00,4566.47,4566.53,4563.73,4564.06,1914,14,0,1914
2026-05-18 23:21:00,4564.08,4566.22,4562.96,4565.95,1844,13,0,1844
2026-05-18 23:24:00,4565.94,4566.7,4563.98,4564.02,1904,13,0,1904
2026-05-18 23:27:00,4564.02,4564.63,4562.74,4563.3,1829,14,0,1829
2026-05-18 23:30:00,4563.29,4564.86,4561.77,4562.01,1964,13,0,1964
2026-05-18 23:33:00,4562.01,4564.09,4562.0,4563.22,1879,11,0,1879
2026-05-18 23:36:00,4563.23,4563.55,4562.63,4563.09,2021,9,0,2021
2026-05-18 23:39:00,4563.06,4563.96,4562.31,4563.86,1782,9,0,1782
2026-05-18 23:42:00,4563.84,4564.99,4563.56,4564.53,1807,22,0,1807
2026-05-18 23:45:00,4564.51,4565.0,4563.87,4564.35,1793,22,0,1793
2026-05-18 23:48:00,4564.34,4564.84,4563.57,4563.72,1800,22,0,1800
2026-05-18 23:51:00,4563.71,4565.7,4563.03,4564.62,1798,22,0,1798
2026-05-18 23:54:00,4564.64,4565.17,4562.4,4565.02,1832,22,0,1832
2026-05-18 23:57:00,4565.0,4566.61,4564.71,4566.18,1229,22,0,1229
2026-05-19 01:00:00,4569.1,4571.0,4567.08,4568.86,4949,16,0,4949
2026-05-19 01:03:00,4568.88,4572.04,4568.15,4571.45,4934,16,0,4934
2026-05-19 01:06:00,4571.44,4573.59,4569.95,4570.92,2135,16,0,2135
2026-05-19 01:09:00,4570.91,4572.42,4569.72,4572.12,1867,16,0,1867
2026-05-19 01:12:00,4572.09,4573.37,4570.97,4573.35,1825,16,0,1825
2026-05-19 01:15:00,4573.34,4574.51,4572.69,4573.75,1899,16,0,1899
2026-05-19 01:18:00,4573.75,4574.76,4571.98,4572.25,1940,16,0,1940
2026-05-19 01:21:00,4572.24,4573.89,4572.05,4572.66,1836,15,0,1836
2026-05-19 01:24:00,4572.63,4572.7,4571.25,4572.01,1819,15,0,1819
2026-05-19 01:27:00,4571.98,4573.1,4571.24,4572.94,1836,14,0,1836
2026-05-19 01:30:00,4572.94,4573.41,4571.72,4571.96,1850,15,0,1850
2026-05-19 01:33:00,4571.96,4573.95,4571.92,4573.28,1799,14,0,1799
2026-05-19 01:36:00,4573.3,4574.69,4572.88,4574.37,1797,15,0,1797
2026-05-19 01:39:00,4574.39,4578.48,4574.38,4576.72,1919,16,0,1919
2026-05-19 01:42:00,4576.73,4577.21,4575.28,4576.64,1807,14,0,1807
2026-05-19 01:45:00,4576.64,4576.98,4574.68,4575.0,1817,13,0,1817
2026-05-19 01:48:00,4575.01,4575.82,4574.77,4575.37,1811,13,0,1811
2026-05-19 01:51:00,4575.34,4575.57,4573.56,4573.96,1799,13,0,1799
2026-05-19 01:54:00,4573.95,4574.0,4572.68,4572.76,1750,13,0,1750
2026-05-19 01:57:00,4572.75,4573.93,4572.51,4573.93,1733,15,0,1733
2026-05-19 02:00:00,4573.96,4579.69,4573.81,4578.88,1991,16,0,1991
2026-05-19 02:03:00,4578.86,4581.15,4578.85,4579.9,1934,16,0,1934
2026-05-19 02:06:00,4579.88,4581.68,4579.5,4580.33,1816,14,0,1816
2026-05-19 02:09:00,4580.31,4582.81,4579.9,4582.65,1848,13,0,1848
2026-05-19 02:12:00,4582.62,4586.88,4582.25,4585.59,1900,15,0,1900
2026-05-19 02:15:00,4585.58,4586.84,4584.8,4584.95,1823,15,0,1823
2026-05-19 02:18:00,4584.96,4586.71,4583.47,4585.27,1892,14,0,1892
2026-05-19 02:21:00,4585.33,4588.93,4585.28,4586.99,1891,14,0,1891
2026-05-19 02:24:00,4586.98,4587.05,4585.5,4586.19,1791,13,0,1791
2026-05-19 02:27:00,4586.18,4586.65,4585.16,4585.78,1777,13,0,1777
2026-05-19 02:30:00,4585.78,4586.18,4582.79,4583.49,1843,13,0,1843
2026-05-19 02:33:00,4583.47,4587.83,4583.47,4586.81,1846,16,0,1846
2026-05-19 02:36:00,4586.8,4586.9,4583.76,4584.04,1804,15,0,1804
2026-05-19 02:39:00,4584.03,4585.75,4583.97,4585.46,1781,14,0,1781
2026-05-19 02:42:00,4585.44,4586.59,4585.14,4585.55,1798,13,0,1798
2026-05-19 02:45:00,4585.48,4586.66,4583.27,4584.23,1876,13,0,1876
2026-05-19 02:48:00,4584.25,4584.29,4582.44,4582.5,1755,13,0,1755
2026-05-19 02:51:00,4582.52,4583.56,4582.15,4583.36,1769,13,0,1769
2026-05-19 02:54:00,4583.36,4583.39,4581.02,4581.3,1874,15,0,1874
2026-05-19 02:57:00,4581.31,4582.48,4579.17,4581.79,1879,15,0,1879
2026-05-19 03:00:00,4581.78,4589.33,4581.53,4588.51,2297,16,0,2297
2026-05-19 03:03:00,4588.55,4588.97,4576.86,4579.56,2238,16,0,2238
2026-05-19 03:06:00,4579.55,4585.67,4578.53,4583.95,2122,16,0,2122
2026-05-19 03:09:00,4584.02,4585.0,4580.43,4580.46,2108,16,0,2108
2026-05-19 03:12:00,4580.44,4583.1,4578.76,4578.84,2025,15,0,2025
2026-05-19 03:15:00,4578.82,4580.79,4574.81,4579.02,2098,15,0,2098
2026-05-19 03:18:00,4578.99,4581.19,4577.05,4580.61,2020,15,0,2020
2026-05-19 03:21:00,4580.59,4585.93,4579.22,4579.85,2098,15,0,2098
2026-05-19 03:24:00,4579.91,4580.44,4572.22,4573.74,2193,16,0,2193
2026-05-19 03:27:00,4573.72,4574.09,4568.67,4573.58,2108,16,0,2108
2026-05-19 03:30:00,4573.57,4576.08,4572.22,4575.87,2119,14,0,2119
2026-05-19 03:33:00,4575.89,4576.09,4573.85,4574.75,2010,13,0,2010
2026-05-19 03:36:00,4574.75,4574.79,4569.35,4570.15,2038,13,0,2038
2026-05-19 03:39:00,4570.14,4574.07,4568.16,4572.2,2021,13,0,2021
2026-05-19 03:42:00,4572.17,4572.38,4570.24,4570.77,1875,13,0,1875
2026-05-19 03:45:00,4570.78,4572.18,4569.5,4571.57,2009,13,0,2009
2026-05-19 03:48:00,4571.6,4572.52,4566.88,4568.25,2011,14,0,2011
2026-05-19 03:51:00,4568.26,4570.62,4567.86,4568.54,1947,14,0,1947
2026-05-19 03:54:00,4568.54,4568.55,4565.08,4566.27,1913,13,0,1913
2026-05-19 03:57:00,4566.34,4566.79,4561.31,4563.33,2009,14,0,2009
2026-05-19 04:00:00,4563.19,4567.37,4557.66,4566.08,2536,16,0,2536
2026-05-19 04:03:00,4566.07,4566.35,4561.19,4564.96,2211,16,0,2211
2026-05-19 04:06:00,4564.93,4569.37,4560.88,4568.77,2152,15,0,2152
2026-05-19 04:09:00,4568.78,4568.9,4560.83,4564.59,2197,15,0,2197
2026-05-19 04:12:00,4564.57,4568.43,4564.27,4565.8,2079,15,0,2079
2026-05-19 04:15:00,4565.81,4568.75,4561.91,4562.12,2182,15,0,2182
2026-05-19 04:18:00,4562.09,4562.91,4556.77,4558.53,2230,14,0,2230
2026-05-19 04:21:00,4558.52,4559.36,4554.13,4558.78,2289,14,0,2289
2026-05-19 04:24:00,4558.57,4558.62,4555.36,4557.44,2133,13,0,2133
2026-05-19 04:27:00,4557.44,4559.92,4556.62,4559.18,2050,13,0,2050
2026-05-19 04:30:00,4559.17,4559.69,4555.24,4559.26,2122,16,0,2122
2026-05-19 04:33:00,4559.26,4564.37,4557.79,4564.29,2122,13,0,2122
2026-05-19 04:36:00,4564.26,4564.93,4561.73,4564.82,2094,13,0,2094
2026-05-19 04:39:00,4564.83,4569.91,4564.69,4567.09,2127,13,0,2127
2026-05-19 04:42:00,4567.07,4572.31,4566.81,4570.69,2110,14,0,2110
2026-05-19 04:45:00,4570.77,4571.76,4568.93,4570.21,2092,14,0,2092
2026-05-19 04:48:00,4570.21,4571.13,4565.63,4568.29,2117,15,0,2117
2026-05-19 04:51:00,4568.28,4568.53,4562.79,4562.91,2128,16,0,2128
2026-05-19 04:54:00,4562.91,4567.84,4561.4,4562.89,2154,16,0,2154
2026-05-19 04:57:00,4562.91,4566.43,4562.91,4563.94,2039,13,0,2039
2026-05-19 05:00:00,4563.86,4563.89,4558.42,4561.16,2227,16,0,2227
2026-05-19 05:03:00,4561.22,4561.72,4556.18,4556.4,2185,14,0,2185
2026-05-19 05:06:00,4556.38,4559.56,4555.73,4557.59,2213,15,0,2213
2026-05-19 05:09:00,4557.61,4557.97,4553.11,4556.13,2330,14,0,2330
2026-05-19 05:12:00,4556.14,4557.4,4553.45,4554.65,2271,13,0,2271
2026-05-19 05:15:00,4554.67,4557.41,4551.62,4557.18,2150,13,0,2150
2026-05-19 05:18:00,4557.18,4558.17,4555.27,4556.88,2068,13,0,2068
2026-05-19 05:21:00,4556.89,4560.07,4556.27,4557.34,2103,13,0,2103
2026-05-19 05:24:00,4557.4,4559.94,4556.78,4559.2,2003,13,0,2003
2026-05-19 05:27:00,4559.24,4562.17,4559.13,4559.57,2091,15,0,2091
2026-05-19 05:30:00,4559.58,4559.69,4555.3,4556.97,2370,15,0,2370
2026-05-19 05:33:00,4556.96,4557.97,4552.52,4554.0,2055,15,0,2055
2026-05-19 05:36:00,4553.98,4557.06,4552.05,4555.91,2087,13,0,2087
2026-05-19 05:39:00,4555.98,4556.02,4550.91,4554.62,2073,13,0,2073
2026-05-19 05:42:00,4554.62,4559.55,4553.73,4556.09,2093,13,0,2093
2026-05-19 05:45:00,4556.06,4558.14,4555.43,4555.82,1970,13,0,1970
2026-05-19 05:48:00,4555.81,4555.82,4550.16,4552.68,2073,13,0,2073
2026-05-19 05:51:00,4552.69,4554.63,4548.39,4550.64,2036,13,0,2036
2026-05-19 05:54:00,4550.57,4551.81,4547.94,4548.86,1990,13,0,1990
2026-05-19 05:57:00,4548.86,4549.27,4546.01,4547.09,1952,13,0,1952
2026-05-19 06:00:00,4547.1,4550.7,4543.62,4549.15,2184,16,0,2184
2026-05-19 06:03:00,4549.13,4550.35,4545.22,4550.17,2087,15,0,2087
2026-05-19 06:06:00,4550.17,4552.73,4550.03,4550.27,1957,13,0,1957
2026-05-19 06:09:00,4550.28,4550.28,4547.27,4548.8,1949,13,0,1949
2026-05-19 06:12:00,4548.78,4552.11,4548.78,4551.85,1958,13,0,1958
2026-05-19 06:15:00,4551.83,4553.02,4548.42,4551.44,1954,13,0,1954
2026-05-19 06:18:00,4551.43,4552.61,4549.7,4549.73,1868,13,0,1868
2026-05-19 06:21:00,4549.75,4550.48,4546.7,4547.37,1928,13,0,1928
2026-05-19 06:24:00,4547.37,4548.91,4546.8,4548.28,1921,15,0,1921
2026-05-19 06:27:00,4548.26,4550.63,4548.13,4549.15,1944,15,0,1944
2026-05-19 06:30:00,4549.15,4550.52,4546.97,4548.42,2032,15,0,2032
2026-05-19 06:33:00,4548.41,4550.97,4548.26,4550.6,1895,14,0,1895
2026-05-19 06:36:00,4550.57,4553.95,4549.92,4553.92,1914,13,0,1914
2026-05-19 06:39:00,4553.95,4555.13,4549.87,4550.56,2017,15,0,2017
2026-05-19 06:42:00,4550.56,4551.14,4547.63,4547.79,1854,13,0,1854
2026-05-19 06:45:00,4547.79,4547.8,4544.62,4546.95,1935,13,0,1935
2026-05-19 06:48:00,4546.92,4548.68,4546.32,4546.97,1932,13,0,1932
2026-05-19 06:51:00,4546.98,4549.28,4546.07,4548.6,1863,13,0,1863
2026-05-19 06:54:00,4548.58,4549.37,4543.41,4545.1,1930,13,0,1930
2026-05-19 06:57:00,4545.11,4547.01,4544.27,4544.93,1999,16,0,1999
2026-05-19 07:00:00,4545.03,4545.41,4541.54,4545.23,1983,15,0,1983
2026-05-19 07:03:00,4545.24,4545.71,4542.99,4545.54,2012,13,0,2012
2026-05-19 07:06:00,4545.53,4545.54,4542.0,4543.46,1974,15,0,1974
2026-05-19 07:09:00,4543.44,4544.1,4540.93,4543.5,1940,13,0,1940
2026-05-19 07:12:00,4543.5,4543.53,4538.55,4540.18,1978,13,0,1978
2026-05-19 07:15:00,4540.19,4542.65,4538.38,4541.73,1950,13,0,1950
2026-05-19 07:18:00,4541.76,4543.12,4538.81,4542.73,1918,13,0,1918
2026-05-19 07:21:00,4542.7,4542.81,4540.63,4541.45,1882,13,0,1882
2026-05-19 07:24:00,4541.43,4542.67,4538.6,4539.19,1906,13,0,1906
2026-05-19 07:27:00,4539.16,4540.32,4538.23,4540.27,1945,13,0,1945
2026-05-19 07:30:00,4540.29,4540.86,4537.94,4539.59,1885,13,0,1885
2026-05-19 07:33:00,4539.61,4541.55,4538.52,4541.01,1856,13,0,1856
2026-05-19 07:36:00,4540.98,4542.05,4539.16,4539.55,1909,15,0,1909
2026-05-19 07:39:00,4539.57,4542.33,4539.49,4541.74,1869,13,0,1869
2026-05-19 07:42:00,4541.72,4542.15,4539.26,4539.75,1919,14,0,1919
2026-05-19 07:45:00,4539.76,4542.54,4539.74,4541.69,1908,15,0,1908
2026-05-19 07:48:00,4541.65,4542.32,4539.95,4541.26,1914,15,0,1914
2026-05-19 07:51:00,4541.25,4542.84,4540.21,4542.35,1895,13,0,1895
2026-05-19 07:54:00,4542.37,4543.75,4541.51,4543.37,1842,13,0,1842
2026-05-19 07:57:00,4543.38,4543.58,4541.61,4542.47,1792,13,0,1792
2026-05-19 08:00:00,4542.48,4544.95,4541.66,4544.08,1946,13,0,1946
2026-05-19 08:03:00,4544.05,4544.79,4542.32,4543.6,1952,14,0,1952
2026-05-19 08:06:00,4543.62,4543.94,4540.18,4543.28,1928,13,0,1928
2026-05-19 08:09:00,4543.28,4546.44,4543.27,4546.14,2024,13,0,2024
2026-05-19 08:12:00,4546.17,4546.6,4543.48,4544.81,1887,13,0,1887
2026-05-19 08:15:00,4544.79,4545.31,4542.22,4543.09,1956,13,0,1956
2026-05-19 08:18:00,4543.07,4543.82,4541.32,4541.87,1870,13,0,1870
2026-05-19 08:21:00,4541.9,4542.12,4532.19,4533.54,2176,13,0,2176
2026-05-19 08:24:00,4533.3,4537.34,4531.1,4537.07,2273,16,0,2273
2026-05-19 08:27:00,4537.08,4540.62,4534.89,4538.58,2176,15,0,2176
2026-05-19 08:30:00,4538.58,4540.27,4532.91,4535.56,2430,16,0,2430
2026-05-19 08:33:00,4535.56,4540.27,4534.74,4536.33,2248,16,0,2248
2026-05-19 08:36:00,4536.32,4541.39,4535.56,4540.04,2240,15,0,2240
2026-05-19 08:39:00,4540.07,4544.31,4539.05,4541.09,2222,15,0,2222
2026-05-19 08:42:00,4541.1,4542.58,4538.08,4538.55,2128,14,0,2128
2026-05-19 08:45:00,4538.52,4541.7,4536.89,4539.99,2206,15,0,2206
2026-05-19 08:48:00,4539.96,4540.87,4532.99,4535.98,2377,16,0,2377
2026-05-19 08:51:00,4535.98,4538.58,4535.14,4537.98,2134,13,0,2134
2026-05-19 08:54:00,4537.97,4543.45,4537.64,4541.45,2223,15,0,2223
2026-05-19 08:57:00,4541.44,4542.7,4540.48,4540.82,2199,13,0,2199
2026-05-19 09:00:00,4540.82,4541.5,4533.51,4540.51,2453,9,0,2453
2026-05-19 09:03:00,4540.52,4540.56,4536.44,4537.38,2440,9,0,2440
2026-05-19 09:06:00,4537.37,4540.46,4536.11,4539.44,2407,9,0,2407
2026-05-19 09:09:00,4539.43,4540.13,4536.63,4539.02,2266,9,0,2266
2026-05-19 09:12:00,4539.03,4545.91,4538.63,4542.02,2206,10,0,2206
2026-05-19 09:15:00,4542.02,4545.61,4541.0,4543.65,2318,12,0,2318
2026-05-19 09:18:00,4543.66,4550.46,4543.37,4548.38,2290,12,0,2290
2026-05-19 09:21:00,4548.39,4551.27,4545.74,4545.95,2204,11,0,2204
2026-05-19 09:24:00,4545.94,4552.39,4545.66,4552.0,2222,11,0,2222
2026-05-19 09:27:00,4552.0,4554.01,4547.82,4547.82,2306,9,0,2306
2026-05-19 09:30:00,4547.63,4548.66,4544.83,4547.06,2338,14,0,2338
2026-05-19 09:33:00,4547.04,4551.21,4546.36,4547.92,2265,14,0,2265
2026-05-19 09:36:00,4547.92,4551.54,4546.4,4551.37,2518,9,0,2518
2026-05-19 09:39:00,4551.36,4552.89,4549.72,4549.76,2285,9,0,2285
2026-05-19 09:42:00,4549.73,4552.81,4548.8,4552.16,2103,9,0,2103
2026-05-19 09:45:00,4552.13,4552.67,4545.42,4545.68,2192,10,0,2192
2026-05-19 09:48:00,4545.69,4546.67,4542.97,4544.16,2190,10,0,2190
2026-05-19 09:51:00,4544.16,4546.7,4543.25,4546.4,2037,9,0,2037
2026-05-19 09:54:00,4546.39,4549.66,4546.24,4547.47,1986,11,0,1986
2026-05-19 09:57:00,4547.46,4548.64,4547.1,4548.07,2014,11,0,2014
2026-05-19 10:00:00,4548.08,4548.12,4544.15,4546.6,2166,14,0,2166
2026-05-19 10:03:00,4546.59,4549.17,4544.78,4548.73,2071,14,0,2071
2026-05-19 10:06:00,4548.73,4552.9,4547.4,4552.58,2075,14,0,2075
2026-05-19 10:09:00,4552.53,4555.29,4547.16,4548.93,2238,14,0,2238
2026-05-19 10:12:00,4548.93,4550.43,4547.53,4548.64,2054,11,0,2054
2026-05-19 10:15:00,4548.63,4549.4,4546.72,4549.14,2049,10,0,2049
2026-05-19 10:18:00,4549.11,4550.12,4544.89,4545.54,2024,9,0,2024
2026-05-19 10:21:00,4545.53,4547.77,4544.98,4547.2,2055,12,0,2055
2026-05-19 10:24:00,4547.2,4547.32,4545.68,4546.6,2000,12,0,2000
2026-05-19 10:27:00,4546.57,4548.23,4543.1,4548.23,2077,13,0,2077
2026-05-19 10:30:00,4548.28,4549.41,4545.96,4546.89,1935,14,0,1935
2026-05-19 10:33:00,4546.82,4546.89,4543.79,4546.17,1960,14,0,1960
2026-05-19 10:36:00,4546.17,4547.79,4542.58,4543.61,2057,14,0,2057
2026-05-19 10:39:00,4543.59,4544.24,4542.03,4542.82,2061,14,0,2061
2026-05-19 10:42:00,4542.83,4544.98,4541.41,4542.14,2125,14,0,2125
2026-05-19 10:45:00,4542.14,4554.28,4542.0,4551.63,2250,14,0,2250
2026-05-19 10:48:00,4551.63,4553.75,4547.97,4549.88,2154,13,0,2154
2026-05-19 10:51:00,4549.85,4551.57,4548.77,4549.32,2104,12,0,2104
2026-05-19 10:54:00,4549.29,4559.37,4549.29,4558.28,2133,14,0,2133
2026-05-19 10:57:00,4558.35,4558.73,4555.94,4557.23,2324,9,0,2324
2026-05-19 11:00:00,4557.24,4559.09,4552.66,4553.61,2158,9,0,2158
2026-05-19 11:03:00,4553.6,4555.17,4550.25,4551.63,2588,9,0,2588
2026-05-19 11:06:00,4551.71,4552.02,4544.2,4545.25,2092,9,0,2092
2026-05-19 11:09:00,4545.25,4547.97,4543.8,4544.37,2227,14,0,2227
2026-05-19 11:12:00,4544.35,4546.93,4542.59,4546.37,2254,9,0,2254
2026-05-19 11:15:00,4546.37,4547.65,4545.12,4546.86,2302,9,0,2302
2026-05-19 11:18:00,4546.87,4548.13,4543.95,4544.71,2689,9,0,2689
2026-05-19 11:21:00,4544.71,4544.78,4539.06,4541.6,2065,9,0,2065
2026-05-19 11:24:00,4541.58,4541.58,4537.68,4538.26,2267,9,0,2267
2026-05-19 11:27:00,4538.24,4539.18,4536.32,4538.36,2255,9,0,2255
2026-05-19 11:30:00,4538.38,4540.55,4536.91,4540.01,2344,9,0,2344
2026-05-19 11:33:00,4540.03,4544.68,4539.32,4543.99,2342,9,0,2342
2026-05-19 11:36:00,4543.99,4545.05,4542.51,4542.86,2185,9,0,2185
2026-05-19 11:39:00,4542.89,4543.89,4542.22,4543.14,1931,9,0,1931
2026-05-19 11:42:00,4543.15,4543.7,4542.31,4543.22,1940,12,0,1940
2026-05-19 11:45:00,4543.24,4548.61,4543.01,4546.65,2034,13,0,2034
2026-05-19 11:48:00,4546.6,4547.27,4545.2,4546.49,1978,14,0,1978
2026-05-19 11:51:00,4546.52,4547.16,4538.38,4542.25,2067,14,0,2067
2026-05-19 11:54:00,4542.31,4544.18,4541.42,4544.08,1925,13,0,1925
2026-05-19 11:57:00,4544.09,4544.23,4541.91,4542.77,2248,9,0,2248
2026-05-19 12:00:00,4542.77,4542.77,4540.28,4540.31,2051,13,0,2051
2026-05-19 12:03:00,4540.29,4541.75,4538.66,4539.29,2167,9,0,2167
2026-05-19 12:06:00,4539.3,4540.29,4537.02,4539.94,2041,12,0,2041
2026-05-19 12:09:00,4539.96,4541.01,4539.18,4540.56,2203,9,0,2203
2026-05-19 12:12:00,4540.56,4540.63,4537.16,4539.63,2386,9,0,2386
2026-05-19 12:15:00,4539.65,4539.69,4536.06,4537.65,2301,9,0,2301
2026-05-19 12:18:00,4537.67,4541.69,4536.66,4541.37,2066,13,0,2066
2026-05-19 12:21:00,4541.37,4545.15,4541.04,4544.66,2096,12,0,2096
2026-05-19 12:24:00,4544.67,4546.73,4543.85,4545.12,2204,13,0,2204
2026-05-19 12:27:00,4545.1,4546.71,4540.29,4540.58,2053,14,0,2053
2026-05-19 12:30:00,4540.6,4543.18,4536.69,4540.06,2257,14,0,2257
2026-05-19 12:33:00,4540.05,4541.64,4537.42,4541.45,2125,12,0,2125
2026-05-19 12:36:00,4541.43,4542.23,4537.25,4537.76,2047,12,0,2047
2026-05-19 12:39:00,4537.77,4540.48,4537.74,4538.31,2066,12,0,2066
2026-05-19 12:42:00,4538.32,4540.26,4537.97,4539.54,2230,9,0,2230
2026-05-19 12:45:00,4539.52,4540.59,4538.37,4540.5,2044,13,0,2044
2026-05-19 12:48:00,4540.48,4541.8,4539.8,4540.16,1925,12,0,1925
2026-05-19 12:51:00,4540.15,4542.55,4539.09,4542.37,1951,13,0,1951
2026-05-19 12:54:00,4542.4,4543.87,4541.14,4542.3,1947,13,0,1947
2026-05-19 12:57:00,4542.3,4544.68,4540.75,4541.83,2035,14,0,2035
2026-05-19 13:00:00,4541.84,4541.84,4539.01,4539.15,2070,14,0,2070
2026-05-19 13:03:00,4539.12,4539.27,4536.13,4538.7,2108,14,0,2108
2026-05-19 13:06:00,4538.73,4542.08,4538.32,4540.89,2341,9,0,2341
2026-05-19 13:09:00,4540.88,4542.33,4539.43,4539.49,2040,9,0,2040
2026-05-19 13:12:00,4539.44,4542.17,4538.66,4541.48,2037,9,0,2037
2026-05-19 13:15:00,4541.46,4541.88,4538.35,4539.75,2045,9,0,2045
2026-05-19 13:18:00,4539.73,4540.08,4538.48,4539.8,2156,9,0,2156
2026-05-19 13:21:00,4539.81,4541.53,4538.93,4541.48,2004,12,0,2004
2026-05-19 13:24:00,4541.5,4541.5,4539.25,4539.39,1874,13,0,1874
2026-05-19 13:27:00,4539.41,4540.73,4539.11,4539.85,1896,12,0,1896
2026-05-19 13:30:00,4539.86,4541.22,4538.88,4541.17,1980,14,0,1980
2026-05-19 13:33:00,4541.14,4542.38,4540.47,4541.0,1955,14,0,1955
2026-05-19 13:36:00,4541.01,4542.93,4534.32,4536.01,2282,14,0,2282
2026-05-19 13:39:00,4535.97,4541.53,4535.07,4535.74,2346,14,0,2346
2026-05-19 13:42:00,4535.76,4535.77,4525.52,4529.15,2572,14,0,2572
2026-05-19 13:45:00,4529.14,4534.39,4527.72,4533.91,2495,14,0,2495
2026-05-19 13:48:00,4533.88,4535.19,4530.53,4533.93,2219,14,0,2219
2026-05-19 13:51:00,4533.91,4535.59,4532.72,4534.35,2201,14,0,2201
2026-05-19 13:54:00,4534.36,4539.17,4533.89,4538.19,2252,14,0,2252
2026-05-19 13:57:00,4538.17,4544.68,4538.0,4544.67,2262,14,0,2262
2026-05-19 14:00:00,4544.67,4546.67,4543.44,4545.69,2215,13,0,2215
2026-05-19 14:03:00,4545.69,4547.93,4541.95,4542.31,2097,13,0,2097
2026-05-19 14:06:00,4542.32,4543.44,4541.5,4542.03,2021,12,0,2021
2026-05-19 14:09:00,4542.02,4542.42,4536.67,4541.45,2147,12,0,2147
2026-05-19 14:12:00,4541.5,4542.16,4535.93,4536.74,2120,14,0,2120
2026-05-19 14:15:00,4536.77,4539.76,4535.79,4538.31,2051,10,0,2051
2026-05-19 14:18:00,4538.32,4542.12,4538.32,4540.09,2034,9,0,2034
2026-05-19 14:21:00,4540.09,4541.46,4539.16,4540.22,2025,9,0,2025
2026-05-19 14:24:00,4540.2,4542.17,4536.95,4536.95,2011,9,0,2011
2026-05-19 14:27:00,4536.96,4539.59,4536.93,4539.32,2023,13,0,2023
2026-05-19 14:30:00,4539.27,4540.8,4538.02,4538.75,2133,14,0,2133
2026-05-19 14:33:00,4538.76,4539.36,4537.63,4538.45,2055,14,0,2055
2026-05-19 14:36:00,4538.46,4539.23,4536.85,4537.74,2029,13,0,2029
2026-05-19 14:39:00,4537.73,4539.09,4537.09,4538.8,1967,14,0,1967
2026-05-19 14:42:00,4538.81,4543.19,4538.33,4542.14,2022,14,0,2022
2026-05-19 14:45:00,4541.98,4542.26,4537.27,4538.29,2048,14,0,2048
2026-05-19 14:48:00,4538.3,4541.42,4537.75,4538.09,2095,12,0,2095
2026-05-19 14:51:00,4538.08,4539.49,4536.88,4537.06,2352,9,0,2352
2026-05-19 14:54:00,4537.0,4537.73,4531.16,4532.3,2111,11,0,2111
2026-05-19 14:57:00,4532.27,4532.57,4529.9,4530.79,2103,13,0,2103
2026-05-19 15:00:00,4530.77,4534.5,4527.48,4534.16,2347,14,0,2347
2026-05-19 15:03:00,4534.18,4536.77,4533.36,4534.09,2155,14,0,2155
2026-05-19 15:06:00,4534.11,4542.15,4534.08,4542.15,2080,13,0,2080
2026-05-19 15:09:00,4542.14,4545.13,4540.58,4545.04,2220,14,0,2220
2026-05-19 15:12:00,4545.0,4546.6,4541.57,4542.22,2265,9,0,2265
2026-05-19 15:15:00,4542.23,4543.63,4537.8,4539.16,2214,10,0,2214
2026-05-19 15:18:00,4539.18,4542.83,4536.79,4542.17,2203,9,0,2203
2026-05-19 15:21:00,4542.18,4544.24,4540.47,4542.62,2397,9,0,2397
2026-05-19 15:24:00,4542.63,4544.24,4541.48,4542.78,2122,13,0,2122
2026-05-19 15:27:00,4542.8,4544.12,4540.56,4543.57,2401,9,0,2401
2026-05-19 15:30:00,4543.54,4546.84,4542.13,4545.87,2371,9,0,2371
2026-05-19 15:33:00,4545.88,4545.88,4541.28,4544.03,2431,9,0,2431
2026-05-19 15:36:00,4544.03,4547.09,4543.43,4543.92,2229,9,0,2229
2026-05-19 15:39:00,4543.89,4546.34,4540.82,4546.06,2571,9,0,2571
2026-05-19 15:42:00,4546.05,4546.05,4536.72,4537.36,2304,13,0,2304
2026-05-19 15:45:00,4537.37,4538.81,4535.65,4537.53,2236,11,0,2236
2026-05-19 15:48:00,4537.55,4541.17,4537.13,4539.8,2245,9,0,2245
2026-05-19 15:51:00,4539.75,4541.37,4537.29,4540.38,2447,9,0,2447
2026-05-19 15:54:00,4540.4,4541.57,4539.85,4541.06,2080,9,0,2080
2026-05-19 15:57:00,4541.06,4541.52,4536.75,4537.2,2106,9,0,2106
2026-05-19 16:00:00,4537.2,4537.38,4530.31,4530.97,2463,14,0,2463
2026-05-19 16:03:00,4530.96,4531.66,4520.99,4523.74,2496,14,0,2496
2026-05-19 16:06:00,4523.74,4524.29,4514.88,4517.31,2955,14,0,2955
2026-05-19 16:09:00,4517.29,4526.44,4517.0,4521.48,2562,14,0,2562
2026-05-19 16:12:00,4521.41,4526.55,4519.56,4524.38,2464,14,0,2464
2026-05-19 16:15:00,4524.37,4526.16,4517.67,4517.69,2460,14,0,2460
2026-05-19 16:18:00,4517.66,4519.83,4516.06,4516.21,2449,14,0,2449
2026-05-19 16:21:00,4516.21,4517.78,4505.32,4505.4,3025,14,0,3025
2026-05-19 16:24:00,4505.38,4507.46,4499.39,4500.86,3054,14,0,3054
2026-05-19 16:27:00,4500.87,4504.76,4491.16,4492.1,3096,14,0,3096
2026-05-19 16:30:00,4492.14,4495.59,4464.82,4482.63,3923,14,0,3923
2026-05-19 16:33:00,4482.61,4484.71,4471.31,4474.72,3372,14,0,3372
2026-05-19 16:36:00,4474.89,4486.87,4472.96,4483.09,3396,14,0,3396
2026-05-19 16:39:00,4483.05,4485.81,4472.23,4473.18,3453,14,0,3453
2026-05-19 16:42:00,4473.15,4480.48,4470.26,4476.13,3313,14,0,3313
2026-05-19 16:45:00,4476.11,4482.58,4474.19,4477.81,3269,14,0,3269
2026-05-19 16:48:00,4477.79,4492.12,4474.2,4490.47,3351,14,0,3351
2026-05-19 16:51:00,4490.46,4497.0,4489.21,4495.75,3246,12,0,3246
2026-05-19 16:54:00,4495.73,4511.17,4495.72,4499.64,3304,11,0,3304
2026-05-19 16:57:00,4499.71,4508.63,4498.79,4504.02,3012,13,0,3012
2026-05-19 17:00:00,4504.0,4504.43,4495.93,4497.26,2940,13,0,2940
2026-05-19 17:03:00,4497.25,4514.13,4496.44,4504.05,3296,13,0,3296
2026-05-19 17:06:00,4504.05,4511.1,4494.77,4500.06,3166,12,0,3166
2026-05-19 17:09:00,4500.11,4504.92,4497.45,4500.32,3071,10,0,3071
2026-05-19 17:12:00,4500.31,4501.03,4492.25,4492.69,2887,9,0,2887
2026-05-19 17:15:00,4492.69,4499.32,4491.98,4498.28,2738,10,0,2738
2026-05-19 17:18:00,4498.29,4500.86,4489.58,4490.53,2967,12,0,2967
2026-05-19 17:21:00,4490.54,4490.92,4484.8,4486.66,3140,14,0,3140
2026-05-19 17:24:00,4486.69,4493.06,4484.39,4491.95,2973,13,0,2973
2026-05-19 17:27:00,4491.88,4494.31,4489.94,4489.99,3037,9,0,3037
2026-05-19 17:30:00,4490.11,4498.12,4488.7,4490.4,2974,13,0,2974
2026-05-19 17:33:00,4490.2,4496.78,4489.42,4496.22,2726,12,0,2726
2026-05-19 17:36:00,4496.16,4498.73,4490.95,4493.51,2745,12,0,2745
2026-05-19 17:39:00,4493.46,4494.92,4487.54,4494.12,3170,14,0,3170
2026-05-19 17:42:00,4494.07,4497.82,4492.94,4494.63,3127,9,0,3127
2026-05-19 17:45:00,4494.61,4496.4,4490.15,4492.07,2883,9,0,2883
2026-05-19 17:48:00,4492.11,4494.1,4487.77,4494.01,2794,9,0,2794
2026-05-19 17:51:00,4494.06,4494.06,4487.46,4487.69,2645,11,0,2645
2026-05-19 17:54:00,4487.71,4491.35,4486.17,4489.49,2546,12,0,2546
2026-05-19 17:57:00,4489.48,4496.75,4488.71,4494.16,2421,12,0,2421
2026-05-19 18:00:00,4494.17,4499.27,4494.06,4498.29,2552,13,0,2552
2026-05-19 18:03:00,4498.26,4499.93,4493.85,4494.24,2508,14,0,2508
2026-05-19 18:06:00,4494.26,4495.92,4489.76,4494.36,2636,14,0,2636
2026-05-19 18:09:00,4494.38,4500.0,4494.06,4496.41,2468,13,0,2468
2026-05-19 18:12:00,4496.39,4499.2,4495.58,4498.93,2334,11,0,2334
2026-05-19 18:15:00,4498.98,4501.21,4498.33,4500.19,2350,12,0,2350
2026-05-19 18:18:00,4500.22,4505.03,4499.13,4499.41,2545,12,0,2545
2026-05-19 18:21:00,4499.41,4502.24,4494.23,4494.5,2346,12,0,2346
2026-05-19 18:24:00,4494.48,4497.88,4493.94,4496.8,2299,13,0,2299
2026-05-19 18:27:00,4496.77,4500.26,4496.74,4498.95,2364,13,0,2364
2026-05-19 18:30:00,4498.93,4507.56,4497.94,4505.24,2498,14,0,2498
2026-05-19 18:33:00,4505.27,4506.86,4499.13,4499.43,2354,14,0,2354
2026-05-19 18:36:00,4499.41,4505.3,4498.92,4504.56,2495,9,0,2495
2026-05-19 18:39:00,4504.55,4505.13,4501.15,4502.53,2325,9,0,2325
2026-05-19 18:42:00,4502.53,4505.11,4500.54,4502.14,2283,11,0,2283
2026-05-19 18:45:00,4502.16,4503.5,4500.27,4501.83,2278,9,0,2278
2026-05-19 18:48:00,4501.8,4504.43,4501.23,4503.11,2238,9,0,2238
2026-05-19 18:51:00,4503.1,4505.73,4502.34,4503.2,2160,12,0,2160
2026-05-19 18:54:00,4503.14,4506.73,4501.76,4506.72,2158,14,0,2158
2026-05-19 18:57:00,4506.72,4509.29,4506.22,4508.43,2204,14,0,2204
2026-05-19 19:00:00,4508.4,4510.29,4506.61,4507.13,2245,14,0,2245
2026-05-19 19:03:00,4507.12,4507.82,4502.44,4502.53,2179,12,0,2179
2026-05-19 19:06:00,4502.52,4503.49,4500.31,4501.05,2140,14,0,2140
2026-05-19 19:09:00,4501.05,4501.27,4496.26,4498.77,2324,14,0,2324
2026-05-19 19:12:00,4498.77,4501.18,4497.73,4500.92,2243,12,0,2243
2026-05-19 19:15:00,4500.9,4503.05,4499.15,4500.61,2386,9,0,2386
2026-05-19 19:18:00,4500.61,4502.26,4498.76,4502.05,2279,9,0,2279
2026-05-19 19:21:00,4502.03,4504.36,4500.79,4504.31,2244,9,0,2244
2026-05-19 19:24:00,4504.3,4511.91,4503.82,4508.34,2315,9,0,2315
2026-05-19 19:27:00,4508.35,4509.95,4507.32,4508.81,2192,11,0,2192
2026-05-19 19:30:00,4508.79,4512.61,4507.69,4509.84,2446,13,0,2446
2026-05-19 19:33:00,4509.83,4509.89,4506.68,4508.59,2216,10,0,2216
2026-05-19 19:36:00,4508.57,4509.78,4505.91,4508.26,2363,9,0,2363
2026-05-19 19:39:00,4508.24,4509.42,4506.87,4508.76,2492,9,0,2492
2026-05-19 19:42:00,4508.74,4509.45,4505.63,4505.97,2193,9,0,2193
2026-05-19 19:45:00,4505.99,4506.6,4504.61,4506.06,2198,9,0,2198
2026-05-19 19:48:00,4506.04,4506.38,4504.89,4505.03,2197,9,0,2197
2026-05-19 19:51:00,4505.04,4507.78,4504.78,4505.94,2014,11,0,2014
2026-05-19 19:54:00,4505.96,4506.26,4504.92,4506.1,1965,12,0,1965
2026-05-19 19:57:00,4506.13,4509.33,4505.9,4507.71,2036,13,0,2036
2026-05-19 20:00:00,4507.73,4509.71,4506.82,4507.17,2112,14,0,2112
2026-05-19 20:03:00,4507.17,4507.93,4505.96,4507.02,2145,14,0,2145
2026-05-19 20:06:00,4507.01,4509.35,4505.85,4508.57,2093,13,0,2093
2026-05-19 20:09:00,4508.6,4508.6,4506.3,4507.31,1983,13,0,1983
2026-05-19 20:12:00,4507.3,4510.82,4506.45,4510.37,2074,12,0,2074
2026-05-19 20:15:00,4510.38,4511.04,4509.23,4509.26,2076,14,0,2076
2026-05-19 20:18:00,4509.26,4509.51,4506.07,4506.13,2451,9,0,2451
2026-05-19 20:21:00,4506.12,4507.76,4505.87,4506.17,2112,9,0,2112
2026-05-19 20:24:00,4506.14,4506.37,4503.39,4505.58,2146,11,0,2146
2026-05-19 20:27:00,4505.57,4508.43,4504.15,4507.0,2127,14,0,2127
2026-05-19 20:30:00,4507.04,4508.41,4505.72,4507.46,2050,10,0,2050
2026-05-19 20:33:00,4507.44,4507.55,4503.63,4504.57,2395,9,0,2395
2026-05-19 20:36:00,4504.57,4506.04,4504.25,4505.02,2603,9,0,2603
2026-05-19 20:39:00,4505.0,4506.98,4502.8,4504.46,2413,9,0,2413
2026-05-19 20:42:00,4504.44,4504.93,4503.47,4504.49,2066,10,0,2066
2026-05-19 20:45:00,4504.53,4504.92,4500.53,4501.74,2139,10,0,2139
2026-05-19 20:48:00,4501.77,4502.77,4500.28,4500.52,2046,11,0,2046
2026-05-19 20:51:00,4500.51,4501.82,4499.71,4500.18,2087,12,0,2087
2026-05-19 20:54:00,4500.16,4500.79,4499.18,4500.0,2045,11,0,2045
2026-05-19 20:57:00,4499.99,4501.45,4499.48,4500.91,1944,11,0,1944
2026-05-19 21:00:00,4500.88,4501.66,4499.86,4500.62,2116,12,0,2116
2026-05-19 21:03:00,4500.59,4501.93,4500.42,4501.61,1998,13,0,1998
2026-05-19 21:06:00,4501.61,4502.66,4499.79,4502.51,1979,13,0,1979
2026-05-19 21:09:00,4502.52,4503.71,4501.99,4503.05,1986,14,0,1986
2026-05-19 21:12:00,4503.05,4503.58,4500.96,4501.03,1957,13,0,1957
2026-05-19 21:15:00,4501.03,4502.14,4499.78,4500.63,2042,14,0,2042
2026-05-19 21:18:00,4500.59,4500.7,4497.89,4499.12,2125,10,0,2125
2026-05-19 21:21:00,4499.1,4499.68,4495.6,4497.83,2251,14,0,2251
2026-05-19 21:24:00,4497.85,4500.17,4497.22,4500.05,2077,13,0,2077
2026-05-19 21:27:00,4500.04,4500.06,4495.84,4496.05,2288,14,0,2288
2026-05-19 21:30:00,4496.08,4497.09,4493.26,4496.99,2386,14,0,2386
2026-05-19 21:33:00,4496.99,4499.04,4496.24,4498.15,2133,13,0,2133
2026-05-19 21:36:00,4498.17,4499.07,4496.27,4499.05,2156,10,0,2156
2026-05-19 21:39:00,4499.06,4500.61,4498.31,4500.47,2122,13,0,2122
2026-05-19 21:42:00,4500.49,4500.84,4498.25,4499.09,2142,13,0,2142
2026-05-19 21:45:00,4499.11,4500.02,4498.09,4498.81,2122,11,0,2122
2026-05-19 21:48:00,4498.8,4499.67,4498.5,4498.61,2106,11,0,2106
2026-05-19 21:51:00,4498.6,4498.73,4495.0,4495.16,2157,11,0,2157
2026-05-19 21:54:00,4495.17,4495.57,4490.27,4494.37,2415,14,0,2415
2026-05-19 21:57:00,4494.36,4494.76,4492.84,4493.62,2300,14,0,2300
2026-05-19 22:00:00,4493.64,4496.55,4493.25,4493.99,2332,14,0,2332
2026-05-19 22:03:00,4493.97,4495.71,4493.11,4495.49,2129,11,0,2129
2026-05-19 22:06:00,4495.48,4495.94,4494.33,4495.79,2417,9,0,2417
2026-05-19 22:09:00,4495.78,4496.99,4495.28,4495.55,2092,9,0,2092
2026-05-19 22:12:00,4495.55,4497.63,4495.24,4496.99,2044,10,0,2044
2026-05-19 22:15:00,4496.96,4497.37,4492.36,4493.38,2173,14,0,2173
2026-05-19 22:18:00,4493.33,4493.93,4491.26,4491.42,2140,13,0,2140
2026-05-19 22:21:00,4491.43,4492.17,4486.81,4486.94,2185,14,0,2185
2026-05-19 22:24:00,4486.93,4488.42,4485.61,4487.55,2185,14,0,2185
2026-05-19 22:27:00,4487.54,4488.82,4486.14,4487.04,2053,12,0,2053
2026-05-19 22:30:00,4487.03,4489.96,4487.03,4489.47,2124,14,0,2124
2026-05-19 22:33:00,4489.5,4489.5,4486.21,4487.71,2123,11,0,2123
2026-05-19 22:36:00,4487.71,4488.82,4486.96,4488.38,2292,9,0,2292
2026-05-19 22:39:00,4488.38,4488.7,4485.89,4487.35,2393,9,0,2393
2026-05-19 22:42:00,4487.34,4488.78,4487.03,4488.36,2026,9,0,2026
2026-05-19 22:45:00,4488.36,4488.86,4485.97,4486.45,2014,9,0,2014
2026-05-19 22:48:00,4486.48,4487.46,4485.79,4486.74,2076,13,0,2076
2026-05-19 22:51:00,4486.76,4486.76,4484.06,4484.91,2104,14,0,2104
2026-05-19 22:54:00,4484.9,4484.94,4481.83,4483.69,2158,12,0,2158
2026-05-19 22:57:00,4483.69,4483.88,4481.25,4483.46,2361,12,0,2361
2026-05-19 23:00:00,4483.39,4484.26,4480.99,4482.73,2115,12,0,2115
2026-05-19 23:03:00,4482.74,4483.37,4481.65,4482.02,2435,9,0,2435
2026-05-19 23:06:00,4481.98,4485.54,4481.74,4485.39,2188,9,0,2188
2026-05-19 23:09:00,4485.41,4487.18,4485.38,4486.92,2270,9,0,2270
2026-05-19 23:12:00,4486.91,4486.93,4484.36,4485.66,2290,9,0,2290
2026-05-19 23:15:00,4485.65,4485.79,4483.45,4484.45,1962,9,0,1962
2026-05-19 23:18:00,4484.45,4486.27,4484.24,4485.48,1922,10,0,1922
2026-05-19 23:21:00,4485.48,4488.26,4485.11,4487.59,1823,11,0,1823
2026-05-19 23:24:00,4487.62,4487.72,4485.93,4486.04,1913,9,0,1913
2026-05-19 23:27:00,4486.03,4487.03,4485.75,4486.28,2069,9,0,2069
2026-05-19 23:30:00,4486.31,4486.37,4483.37,4483.64,1889,13,0,1889
2026-05-19 23:33:00,4483.63,4484.51,4483.57,4484.04,1797,12,0,1797
2026-05-19 23:36:00,4484.02,4484.79,4483.28,4483.53,1832,12,0,1832
2026-05-19 23:39:00,4483.55,4483.99,4482.49,4482.95,1785,14,0,1785
2026-05-19 23:42:00,4482.96,4484.51,4482.01,4483.38,1798,22,0,1798
2026-05-19 23:45:00,4483.37,4484.01,4482.63,4483.61,1807,22,0,1807
2026-05-19 23:48:00,4483.62,4484.2,4483.02,4483.26,1741,22,0,1741
2026-05-19 23:51:00,4483.28,4483.49,4482.25,4482.56,1740,22,0,1740
2026-05-19 23:54:00,4482.57,4484.19,4482.12,4483.87,1779,22,0,1779
2026-05-19 23:57:00,4483.87,4484.02,4481.63,4481.99,1190,22,0,1190
2026-05-20 01:00:00,4483.21,4484.84,4480.35,4483.45,4701,15,0,4701
2026-05-20 01:03:00,4483.45,4484.79,4482.05,4483.26,2032,15,0,2032
2026-05-20 01:06:00,4483.28,4485.87,4483.26,4485.09,1787,15,0,1787
2026-05-20 01:09:00,4485.1,4485.17,4483.2,4483.23,1821,15,0,1821
2026-05-20 01:12:00,4483.24,4484.45,4482.7,4482.88,1807,15,0,1807
2026-05-20 01:15:00,4482.89,4482.91,4478.43,4479.36,1917,15,0,1917
2026-05-20 01:18:00,4479.33,4480.68,4478.14,4480.52,1870,15,0,1870
2026-05-20 01:21:00,4480.52,4481.18,4479.46,4481.17,1828,15,0,1828
2026-05-20 01:24:00,4481.17,4481.34,4479.96,4480.53,1861,15,0,1861
2026-05-20 01:27:00,4480.52,4480.83,4478.63,4479.48,1825,16,0,1825
2026-05-20 01:30:00,4479.47,4479.77,4477.5,4479.33,1901,16,0,1901
2026-05-20 01:33:00,4479.3,4485.87,4479.27,4485.09,1890,16,0,1890
2026-05-20 01:36:00,4485.09,4485.16,4480.28,4480.46,1897,16,0,1897
2026-05-20 01:39:00,4480.47,4483.53,4479.98,4483.48,1938,16,0,1938
2026-05-20 01:42:00,4483.5,4484.47,4482.1,4482.14,1826,15,0,1826
2026-05-20 01:45:00,4482.13,4482.33,4480.19,4480.8,1837,15,0,1837
2026-05-20 01:48:00,4480.79,4483.8,4480.76,4481.46,1902,16,0,1902
2026-05-20 01:51:00,4481.48,4481.76,4479.46,4480.02,1878,16,0,1878
2026-05-20 01:54:00,4480.04,4483.26,4480.04,4482.85,1837,14,0,1837
2026-05-20 01:57:00,4482.85,4484.67,4482.56,4484.48,1783,15,0,1783
2026-05-20 02:00:00,4484.48,4484.48,4479.88,4482.8,1933,16,0,1933
2026-05-20 02:03:00,4482.81,4483.9,4481.58,4481.76,1820,13,0,1820
2026-05-20 02:06:00,4481.77,4484.78,4481.54,4483.69,1788,13,0,1788
2026-05-20 02:09:00,4483.67,4486.76,4483.34,4486.13,1875,14,0,1875
2026-05-20 02:12:00,4486.11,4486.72,4485.34,4486.35,1783,13,0,1783
2026-05-20 02:15:00,4486.37,4486.52,4483.38,4485.01,1864,13,0,1864
2026-05-20 02:18:00,4484.97,4488.8,4484.21,4487.42,1937,15,0,1937
2026-05-20 02:21:00,4487.44,4488.44,4484.98,4486.75,1856,14,0,1856
2026-05-20 02:24:00,4486.75,4487.68,4486.03,4487.36,1786,13,0,1786
2026-05-20 02:27:00,4487.36,4487.59,4485.68,4486.27,1745,13,0,1745
2026-05-20 02:30:00,4486.24,4490.67,4485.67,4490.44,1893,14,0,1893
2026-05-20 02:33:00,4490.44,4493.68,4490.11,4491.36,1957,16,0,1957
2026-05-20 02:36:00,4491.36,4493.75,4489.28,4493.58,1868,15,0,1868
2026-05-20 02:39:00,4493.57,4495.37,4491.56,4495.36,1952,16,0,1952
2026-05-20 02:42:00,4495.36,4496.44,4491.89,4492.39,1852,15,0,1852
2026-05-20 02:45:00,4492.4,4494.14,4489.99,4489.99,1863,14,0,1863
2026-05-20 02:48:00,4490.01,4494.7,4489.97,4492.41,1802,15,0,1802
2026-05-20 02:51:00,4492.41,4493.4,4490.73,4491.37,1857,13,0,1857
2026-05-20 02:54:00,4491.37,4492.86,4490.33,4492.32,1807,13,0,1807
2026-05-20 02:57:00,4492.31,4492.61,4488.26,4489.37,1852,13,0,1852
2026-05-20 03:00:00,4489.34,4489.84,4482.74,4489.84,2173,15,0,2173
2026-05-20 03:03:00,4489.86,4489.95,4482.93,4485.11,2043,16,0,2043
2026-05-20 03:06:00,4485.13,4486.81,4479.7,4481.02,2191,16,0,2191
2026-05-20 03:09:00,4481.02,4489.69,4480.95,4487.76,2198,16,0,2198
2026-05-20 03:12:00,4487.75,4490.65,4486.36,4488.6,2199,16,0,2199
2026-05-20 03:15:00,4488.62,4490.63,4483.37,4489.02,2379,16,0,2379
2026-05-20 03:18:00,4489.01,4489.03,4481.51,4484.73,2285,16,0,2285
2026-05-20 03:21:00,4484.76,4489.25,4482.9,4488.81,2295,16,0,2295
2026-05-20 03:24:00,4488.81,4499.19,4487.97,4495.45,2525,15,0,2525
2026-05-20 03:27:00,4495.47,4502.14,4494.17,4502.04,2317,14,0,2317
2026-05-20 03:30:00,4501.91,4507.31,4501.91,4502.83,2532,15,0,2532
2026-05-20 03:33:00,4502.81,4505.71,4500.33,4503.16,2290,14,0,2290
2026-05-20 03:36:00,4503.16,4504.68,4499.85,4503.45,2298,13,0,2298
2026-05-20 03:39:00,4503.43,4506.85,4501.22,4505.98,2219,14,0,2219
2026-05-20 03:42:00,4506.02,4506.25,4502.52,4505.26,2142,13,0,2142
2026-05-20 03:45:00,4505.24,4509.01,4503.19,4505.89,2128,14,0,2128
2026-05-20 03:48:00,4505.88,4506.08,4503.42,4504.1,2177,13,0,2177
2026-05-20 03:51:00,4504.1,4504.63,4500.62,4501.9,2112,13,0,2112
2026-05-20 03:54:00,4501.92,4504.81,4500.4,4501.2,2103,14,0,2103
2026-05-20 03:57:00,4501.2,4502.71,4498.11,4500.95,2067,14,0,2067
2026-05-20 04:00:00,4500.95,4506.07,4492.88,4494.54,2632,16,0,2632
2026-05-20 04:03:00,4494.51,4495.53,4489.75,4491.08,2369,16,0,2369
2026-05-20 04:06:00,4491.1,4492.64,4488.03,4492.01,2244,15,0,2244
2026-05-20 04:09:00,4492.02,4500.46,4492.01,4496.28,2440,15,0,2440
2026-05-20 04:12:00,4496.29,4497.33,4491.32,4492.44,2202,14,0,2202
2026-05-20 04:15:00,4492.46,4496.26,4491.88,4494.73,2170,13,0,2170
2026-05-20 04:18:00,4494.67,4496.6,4493.2,4493.9,2164,15,0,2164
2026-05-20 04:21:00,4493.87,4494.52,4486.1,4486.46,2183,15,0,2183
2026-05-20 04:24:00,4486.47,4487.16,4480.31,4480.55,2306,15,0,2306
2026-05-20 04:27:00,4480.54,4480.73,4472.79,4473.66,2516,15,0,2516
2026-05-20 04:30:00,4473.64,4475.36,4467.79,4473.82,2635,16,0,2635
2026-05-20 04:33:00,4473.79,4477.03,4467.99,4470.7,2657,15,0,2657
2026-05-20 04:36:00,4470.68,4470.68,4456.01,4466.69,2979,16,0,2979
2026-05-20 04:39:00,4466.71,4468.43,4461.76,4466.57,2734,15,0,2734
2026-05-20 04:42:00,4466.58,4469.13,4463.37,4466.77,2596,15,0,2596
2026-05-20 04:45:00,4466.77,4468.1,4463.17,4465.83,2481,15,0,2481
2026-05-20 04:48:00,4465.82,4488.46,4465.38,4482.76,2677,14,0,2677
2026-05-20 04:51:00,4482.8,4483.86,4475.22,4480.35,2672,15,0,2672
2026-05-20 04:54:00,4480.33,4482.84,4479.16,4481.5,2396,13,0,2396
2026-05-20 04:57:00,4481.47,4482.42,4478.66,4481.31,2252,13,0,2252
2026-05-20 05:00:00,4481.33,4485.2,4481.31,4482.26,2296,13,0,2296
2026-05-20 05:03:00,4482.24,4486.92,4480.21,4484.19,2168,14,0,2168
2026-05-20 05:06:00,4484.21,4485.17,4478.68,4480.75,2102,14,0,2102
2026-05-20 05:09:00,4480.76,4481.23,4476.8,4477.2,1992,14,0,1992
2026-05-20 05:12:00,4477.2,4481.83,4476.04,4481.32,2106,15,0,2106
2026-05-20 05:15:00,4481.32,4482.63,4479.0,4479.02,2078,15,0,2078
2026-05-20 05:18:00,4479.03,4481.14,4476.44,4480.74,2020,15,0,2020
2026-05-20 05:21:00,4480.71,4487.04,4480.67,4486.77,1949,14,0,1949
2026-05-20 05:24:00,4486.77,4486.88,4479.94,4480.69,2185,15,0,2185
2026-05-20 05:27:00,4480.67,4483.63,4479.39,4481.55,2131,14,0,2131
2026-05-20 05:30:00,4481.57,4483.51,4466.08,4469.4,2704,14,0,2704
2026-05-20 05:33:00,4469.4,4471.49,4465.89,4468.59,2430,15,0,2430
2026-05-20 05:36:00,4468.57,4470.43,4465.72,4469.56,2519,15,0,2519
2026-05-20 05:39:00,4469.57,4471.71,4467.69,4470.04,2184,13,0,2184
2026-05-20 05:42:00,4470.02,4470.16,4460.74,4460.74,2442,13,0,2442
2026-05-20 05:45:00,4460.77,4464.72,4459.59,4464.66,2471,14,0,2471
2026-05-20 05:48:00,4464.67,4465.11,4460.46,4465.11,2364,13,0,2364
2026-05-20 05:51:00,4465.14,4466.15,4462.34,4463.15,2169,13,0,2169
2026-05-20 05:54:00,4463.11,4464.07,4458.61,4459.24,2323,13,0,2323
2026-05-20 05:57:00,4459.23,4466.02,4458.95,4465.28,2176,13,0,2176
2026-05-20 06:00:00,4465.31,4465.92,4460.05,4465.12,2350,13,0,2350
2026-05-20 06:03:00,4465.11,4467.23,4458.73,4459.24,2289,13,0,2289
2026-05-20 06:06:00,4459.25,4460.7,4453.67,4457.64,2578,16,0,2578
2026-05-20 06:09:00,4457.63,4461.09,4455.34,4460.42,2290,14,0,2290
2026-05-20 06:12:00,4460.4,4460.6,4456.05,4457.97,2144,13,0,2144
2026-05-20 06:15:00,4457.98,4464.0,4457.28,4462.25,2186,13,0,2186
2026-05-20 06:18:00,4462.25,4463.34,4460.84,4461.48,2064,13,0,2064
2026-05-20 06:21:00,4461.47,4462.95,4460.29,4462.77,2005,13,0,2005
2026-05-20 06:24:00,4462.77,4464.06,4459.78,4463.74,2028,15,0,2028
2026-05-20 06:27:00,4463.73,4464.32,4460.76,4461.02,2098,15,0,2098
2026-05-20 06:30:00,4461.01,4461.79,4457.59,4459.18,2304,15,0,2304
2026-05-20 06:33:00,4459.18,4462.41,4457.64,4462.19,2104,15,0,2104
2026-05-20 06:36:00,4462.17,4466.14,4461.91,4464.18,2079,13,0,2079
2026-05-20 06:39:00,4464.21,4466.1,4462.35,4462.73,2061,13,0,2061
2026-05-20 06:42:00,4462.73,4463.16,4460.38,4460.69,1977,15,0,1977
2026-05-20 06:45:00,4460.69,4461.52,4459.75,4460.67,2000,15,0,2000
2026-05-20 06:48:00,4460.68,4460.79,4458.26,4459.78,1943,14,0,1943
2026-05-20 06:51:00,4459.84,4461.53,4459.5,4460.11,1929,13,0,1929
2026-05-20 06:54:00,4460.13,4462.42,4459.41,4461.62,1977,15,0,1977
2026-05-20 06:57:00,4461.63,4465.28,4461.61,4463.71,1949,15,0,1949
2026-05-20 07:00:00,4463.72,4470.2,4463.33,4468.51,2154,16,0,2154
2026-05-20 07:03:00,4468.49,4469.39,4465.49,4468.86,2016,13,0,2016
2026-05-20 07:06:00,4468.84,4469.26,4466.92,4467.05,1945,13,0,1945
2026-05-20 07:09:00,4467.07,4468.21,4465.27,4467.01,1980,13,0,1980
2026-05-20 07:12:00,4467.01,4469.66,4466.43,4469.17,2016,14,0,2016
2026-05-20 07:15:00,4469.17,4470.62,4468.19,4468.88,1922,14,0,1922
2026-05-20 07:18:00,4468.89,4470.14,4463.7,4463.72,2035,14,0,2035
2026-05-20 07:21:00,4463.72,4467.08,4463.24,4466.28,2029,15,0,2029
2026-05-20 07:24:00,4466.25,4467.29,4463.56,4463.84,1974,15,0,1974
2026-05-20 07:27:00,4463.8,4466.28,4462.48,4465.34,1903,14,0,1903
2026-05-20 07:30:00,4465.3,4465.94,4462.63,4463.17,1920,14,0,1920
2026-05-20 07:33:00,4463.17,4463.55,4461.16,4461.6,1959,13,0,1959
2026-05-20 07:36:00,4461.6,4465.7,4460.69,4464.04,1898,14,0,1898
2026-05-20 07:39:00,4464.06,4465.61,4462.94,4463.35,1919,13,0,1919
2026-05-20 07:42:00,4463.33,4464.44,4460.41,4463.11,1885,13,0,1885
2026-05-20 07:45:00,4463.12,4463.22,4457.79,4457.89,1935,14,0,1935
2026-05-20 07:48:00,4457.87,4461.88,4456.73,4461.82,2000,16,0,2000
2026-05-20 07:51:00,4461.82,4463.2,4460.65,4461.69,1908,13,0,1908
2026-05-20 07:54:00,4461.67,4462.92,4460.1,4462.75,1811,13,0,1811
2026-05-20 07:57:00,4462.77,4462.77,4459.96,4462.09,1846,13,0,1846
2026-05-20 08:00:00,4462.08,4471.47,4461.76,4469.16,2156,13,0,2156
2026-05-20 08:03:00,4469.15,4471.78,4468.75,4470.4,1991,15,0,1991
2026-05-20 08:06:00,4470.42,4472.99,4467.67,4468.75,2016,13,0,2016
2026-05-20 08:09:00,4468.74,4469.85,4467.24,4469.39,1916,13,0,1916
2026-05-20 08:12:00,4469.37,4469.9,4468.11,4469.42,1834,13,0,1834
2026-05-20 08:15:00,4469.43,4470.9,4467.48,4470.6,2009,14,0,2009
2026-05-20 08:18:00,4470.6,4473.1,4470.47,4472.68,1973,13,0,1973
2026-05-20 08:21:00,4472.67,4475.38,4471.78,4471.79,1980,13,0,1980
2026-05-20 08:24:00,4471.78,4472.29,4467.05,4469.53,2017,16,0,2017
2026-05-20 08:27:00,4469.51,4470.22,4468.05,4468.36,2000,13,0,2000
2026-05-20 08:30:00,4468.37,4478.68,4468.01,4476.65,2361,14,0,2361
2026-05-20 08:33:00,4476.65,4478.88,4475.23,4476.87,2188,15,0,2188
2026-05-20 08:36:00,4476.89,4478.56,4474.93,4476.98,2262,13,0,2262
2026-05-20 08:39:00,4476.99,4478.12,4474.95,4475.51,2159,13,0,2159
2026-05-20 08:42:00,4475.52,4476.33,4471.62,4472.3,2011,13,0,2011
2026-05-20 08:45:00,4472.31,4472.43,4465.4,4466.95,2122,14,0,2122
2026-05-20 08:48:00,4466.95,4466.95,4463.17,4464.85,2161,16,0,2161
2026-05-20 08:51:00,4464.85,4472.34,4464.49,4471.42,2150,13,0,2150
2026-05-20 08:54:00,4471.41,4474.37,4471.06,4474.26,2070,13,0,2070
2026-05-20 08:57:00,4474.26,4475.33,4471.53,4472.83,2091,13,0,2091
2026-05-20 09:00:00,4472.84,4477.54,4470.65,4472.17,2374,12,0,2374
2026-05-20 09:03:00,4472.16,4474.52,4471.24,4471.67,2291,13,0,2291
2026-05-20 09:06:00,4471.7,4474.33,4469.19,4473.61,2485,9,0,2485
2026-05-20 09:09:00,4473.59,4473.6,4469.03,4470.73,2429,9,0,2429
2026-05-20 09:12:00,4470.74,4471.71,4467.45,4471.69,2151,9,0,2151
2026-05-20 09:15:00,4471.71,4476.08,4471.71,4475.32,2301,9,0,2301
2026-05-20 09:18:00,4475.34,4478.27,4474.19,4475.28,2529,9,0,2529
2026-05-20 09:21:00,4475.09,4476.01,4471.82,4472.41,2248,14,0,2248
2026-05-20 09:24:00,4472.39,4473.26,4467.94,4471.72,2348,14,0,2348
2026-05-20 09:27:00,4471.76,4474.52,4471.01,4471.94,2198,13,0,2198
2026-05-20 09:30:00,4471.93,4472.55,4466.89,4468.17,2232,10,0,2232
2026-05-20 09:33:00,4468.11,4470.75,4463.04,4463.25,2201,12,0,2201
2026-05-20 09:36:00,4463.44,4468.3,4461.43,4467.26,2185,13,0,2185
2026-05-20 09:39:00,4467.31,4467.42,4463.92,4464.0,2313,9,0,2313
2026-05-20 09:42:00,4463.9,4467.08,4463.9,4467.06,2097,11,0,2097
2026-05-20 09:45:00,4467.08,4468.43,4465.32,4467.03,2108,13,0,2108
2026-05-20 09:48:00,4467.05,4476.55,4466.67,4476.12,2255,10,0,2255
2026-05-20 09:51:00,4476.12,4478.42,4472.04,4473.02,2314,14,0,2314
2026-05-20 09:54:00,4473.03,4475.39,4471.38,4474.88,2204,13,0,2204
2026-05-20 09:57:00,4474.88,4475.78,4473.22,4474.34,2490,9,0,2490
2026-05-20 10:00:00,4474.32,4479.04,4471.97,4478.46,2364,9,0,2364
2026-05-20 10:03:00,4478.44,4478.98,4475.36,4476.36,2250,11,0,2250
2026-05-20 10:06:00,4476.34,4478.73,4476.31,4478.68,2457,9,0,2457
2026-05-20 10:09:00,4478.67,4483.66,4477.93,4482.29,2264,9,0,2264
2026-05-20 10:12:00,4482.29,4485.19,4480.72,4481.23,2284,9,0,2284
2026-05-20 10:15:00,4481.24,4481.27,4477.96,4478.97,2334,9,0,2334
2026-05-20 10:18:00,4478.97,4482.34,4477.96,4481.78,2069,9,0,2069
2026-05-20 10:21:00,4481.77,4484.11,4476.24,4477.41,2055,14,0,2055
2026-05-20 10:24:00,4477.4,4482.3,4477.36,4480.77,2389,9,0,2389
2026-05-20 10:27:00,4480.78,4483.43,4479.69,4482.76,2139,9,0,2139
2026-05-20 10:30:00,4482.74,4485.96,4479.34,4479.68,2139,14,0,2139
2026-05-20 10:33:00,4479.7,4479.78,4477.66,4478.83,2499,9,0,2499
2026-05-20 10:36:00,4478.83,4480.36,4476.07,4479.08,2094,9,0,2094
2026-05-20 10:39:00,4479.14,4483.72,4478.64,4483.5,2101,10,0,2101
2026-05-20 10:42:00,4483.54,4483.54,4480.65,4481.44,2020,13,0,2020
2026-05-20 10:45:00,4481.44,4482.02,4477.44,4479.03,2118,9,0,2118
2026-05-20 10:48:00,4479.05,4479.32,4476.2,4477.31,2420,9,0,2420
2026-05-20 10:51:00,4477.28,4477.79,4475.11,4476.46,2185,9,0,2185
2026-05-20 10:54:00,4476.49,4479.88,4476.45,4478.61,2292,9,0,2292
2026-05-20 10:57:00,4478.6,4478.84,4476.87,4478.62,2321,9,0,2321
2026-05-20 11:00:00,4478.62,4479.36,4476.8,4478.18,2121,9,0,2121
2026-05-20 11:03:00,4478.18,4481.96,4478.03,4481.92,2120,10,0,2120
2026-05-20 11:06:00,4481.92,4483.2,4476.96,4478.83,2156,11,0,2156
2026-05-20 11:09:00,4478.83,4481.07,4477.44,4479.88,2158,14,0,2158
2026-05-20 11:12:00,4479.78,4484.16,4479.75,4482.43,2209,14,0,2209
2026-05-20 11:15:00,4482.44,4484.02,4479.59,4480.73,2081,14,0,2081
2026-05-20 11:18:00,4480.72,4482.11,4479.84,4480.28,2090,11,0,2090
2026-05-20 11:21:00,4480.3,4485.2,4478.39,4483.89,2214,13,0,2214
2026-05-20 11:24:00,4483.85,4486.46,4483.28,4483.62,2198,9,0,2198
2026-05-20 11:27:00,4483.6,4486.08,4482.5,4486.02,2297,9,0,2297
2026-05-20 11:30:00,4486.05,4489.5,4485.75,4486.21,2342,9,0,2342
2026-05-20 11:33:00,4486.21,4486.33,4480.79,4481.33,2080,10,0,2080
2026-05-20 11:36:00,4481.3,4484.38,4478.76,4483.95,2533,9,0,2533
2026-05-20 11:39:00,4483.95,4484.42,4479.47,4479.66,2169,11,0,2169
2026-05-20 11:42:00,4479.64,4480.09,4476.91,4479.31,2282,9,0,2282
2026-05-20 11:45:00,4479.34,4483.17,4479.19,4481.36,2204,9,0,2204
2026-05-20 11:48:00,4481.35,4483.85,4480.38,4483.51,2120,13,0,2120
2026-05-20 11:51:00,4483.5,4488.22,4483.32,4486.88,2311,9,0,2311
2026-05-20 11:54:00,4486.87,4490.13,4486.2,4486.81,2388,9,0,2388
2026-05-20 11:57:00,4486.8,4487.0,4483.52,4484.11,2464,9,0,2464
2026-05-20 12:00:00,4484.09,4485.93,4483.55,4485.61,1995,9,0,1995
2026-05-20 12:03:00,4485.61,4486.19,4484.27,4485.8,2260,9,0,2260
2026-05-20 12:06:00,4485.82,4486.2,4481.6,4483.19,2085,10,0,2085
2026-05-20 12:09:00,4483.19,4483.49,4481.06,4481.85,2032,10,0,2032
2026-05-20 12:12:00,4481.83,4482.11,4479.82,4480.25,2243,9,0,2243
2026-05-20 12:15:00,4480.23,4481.5,4479.09,4480.33,2247,9,0,2247
2026-05-20 12:18:00,4480.31,4483.62,4480.29,4482.82,2220,9,0,2220
2026-05-20 12:21:00,4482.82,4483.05,4479.28,4479.32,1960,12,0,1960
2026-05-20 12:24:00,4479.3,4480.68,4477.62,4478.5,2449,9,0,2449
2026-05-20 12:27:00,4478.5,4478.96,4472.83,4474.2,2028,14,0,2028
2026-05-20 12:30:00,4474.2,4480.3,4472.84,4480.19,2221,14,0,2221
2026-05-20 12:33:00,4480.2,4482.85,4479.79,4481.5,2085,14,0,2085
2026-05-20 12:36:00,4481.51,4482.79,4480.9,4481.74,1957,11,0,1957
2026-05-20 12:39:00,4481.76,4484.55,4481.09,4483.28,1961,10,0,1961
2026-05-20 12:42:00,4483.27,4484.83,4483.19,4483.24,1901,12,0,1901
2026-05-20 12:45:00,4483.23,4484.55,4481.85,4481.91,1953,12,0,1953
2026-05-20 12:48:00,4481.92,4483.55,4481.89,4482.92,1906,13,0,1906
2026-05-20 12:51:00,4482.92,4490.25,4482.92,4488.62,2111,14,0,2111
2026-05-20 12:54:00,4488.59,4491.25,4487.8,4489.19,1963,14,0,1963
2026-05-20 12:57:00,4489.16,4489.19,4484.45,4484.98,1878,11,0,1878
2026-05-20 13:00:00,4484.96,4487.48,4484.7,4486.86,1984,12,0,1984
2026-05-20 13:03:00,4486.88,4488.72,4485.64,4488.48,1963,14,0,1963
2026-05-20 13:06:00,4488.56,4492.27,4488.56,4489.39,2017,9,0,2017
2026-05-20 13:09:00,4489.39,4491.01,4488.0,4488.03,1913,14,0,1913
2026-05-20 13:12:00,4488.05,4488.19,4486.82,4488.08,2348,9,0,2348
2026-05-20 13:15:00,4488.06,4491.19,4487.28,4489.95,1980,9,0,1980
2026-05-20 13:18:00,4489.93,4490.15,4488.21,4489.42,2113,9,0,2113
2026-05-20 13:21:00,4489.43,4492.6,4489.08,4491.34,1964,9,0,1964
2026-05-20 13:24:00,4491.34,4492.36,4490.45,4491.27,1917,9,0,1917
2026-05-20 13:27:00,4491.24,4491.78,4488.71,4488.96,1898,10,0,1898
2026-05-20 13:30:00,4488.96,4491.91,4488.61,4491.83,1977,14,0,1977
2026-05-20 13:33:00,4491.78,4496.35,4490.32,4495.96,2105,9,0,2105
2026-05-20 13:36:00,4495.96,4497.03,4494.02,4495.69,2090,14,0,2090
2026-05-20 13:39:00,4495.69,4496.8,4494.85,4496.3,2022,10,0,2022
2026-05-20 13:42:00,4496.29,4496.8,4493.94,4494.27,1977,14,0,1977
2026-05-20 13:45:00,4494.27,4495.84,4492.86,4494.27,2003,10,0,2003
2026-05-20 13:48:00,4494.29,4494.75,4490.01,4490.89,1962,12,0,1962
2026-05-20 13:51:00,4490.88,4493.92,4490.67,4493.17,2067,9,0,2067
2026-05-20 13:54:00,4493.17,4495.03,4492.58,4493.21,2417,9,0,2417
2026-05-20 13:57:00,4493.19,4494.82,4493.19,4494.67,1943,9,0,1943
2026-05-20 14:00:00,4494.68,4496.72,4493.89,4494.58,2023,9,0,2023
2026-05-20 14:03:00,4494.57,4495.84,4492.74,4494.89,1973,13,0,1973
2026-05-20 14:06:00,4494.91,4495.91,4494.1,4495.39,2072,9,0,2072
2026-05-20 14:09:00,4495.38,4496.07,4494.2,4495.79,2251,9,0,2251
2026-05-20 14:12:00,4495.81,4496.19,4492.9,4493.05,2150,9,0,2150
2026-05-20 14:15:00,4493.03,4496.51,4492.95,4494.34,2222,9,0,2222
2026-05-20 14:18:00,4494.31,4494.85,4491.53,4492.12,1934,10,0,1934
2026-05-20 14:21:00,4492.1,4494.84,4491.14,4493.91,2297,9,0,2297
2026-05-20 14:24:00,4493.92,4498.84,4493.92,4498.84,2089,9,0,2089
2026-05-20 14:27:00,4498.86,4501.11,4498.3,4500.01,2186,9,0,2186
2026-05-20 14:30:00,4500.02,4500.4,4497.41,4498.1,2049,14,0,2049
2026-05-20 14:33:00,4498.16,4498.95,4496.65,4498.14,1959,10,0,1959
2026-05-20 14:36:00,4498.13,4499.42,4496.22,4496.24,2406,9,0,2406
2026-05-20 14:39:00,4496.23,4498.44,4496.06,4497.32,2180,9,0,2180
2026-05-20 14:42:00,4497.32,4497.82,4493.43,4495.23,2081,14,0,2081
2026-05-20 14:45:00,4495.24,4496.8,4493.89,4496.29,2019,12,0,2019
2026-05-20 14:48:00,4496.32,4496.39,4491.12,4491.87,2178,14,0,2178
2026-05-20 14:51:00,4491.91,4497.49,4490.92,4496.82,2116,14,0,2116
2026-05-20 14:54:00,4496.89,4499.54,4496.72,4497.88,2049,10,0,2049
2026-05-20 14:57:00,4497.82,4499.25,4496.22,4499.18,2375,9,0,2375
2026-05-20 15:00:00,4499.19,4501.12,4497.49,4500.55,2119,9,0,2119
2026-05-20 15:03:00,4500.53,4500.92,4495.83,4497.0,2080,12,0,2080
2026-05-20 15:06:00,4496.99,4500.07,4496.9,4500.05,2294,9,0,2294
2026-05-20 15:09:00,4500.04,4500.04,4496.45,4496.53,2315,9,0,2315
2026-05-20 15:12:00,4496.52,4497.84,4496.27,4496.58,2185,9,0,2185
2026-05-20 15:15:00,4496.61,4497.1,4495.07,4496.45,2013,9,0,2013
2026-05-20 15:18:00,4496.4,4496.55,4492.97,4494.5,2162,12,0,2162
2026-05-20 15:21:00,4494.52,4496.01,4494.27,4494.82,2134,12,0,2134
2026-05-20 15:24:00,4494.81,4499.5,4494.7,4496.63,2307,14,0,2307
2026-05-20 15:27:00,4496.66,4499.45,4496.45,4499.45,2137,12,0,2137
2026-05-20 15:30:00,4499.48,4504.35,4499.48,4500.31,2248,13,0,2248
2026-05-20 15:33:00,4500.28,4504.67,4499.36,4502.72,2311,13,0,2311
2026-05-20 15:36:00,4502.71,4503.19,4501.15,4502.15,2167,12,0,2167
2026-05-20 15:39:00,4502.16,4504.55,4501.47,4501.54,2128,10,0,2128
2026-05-20 15:42:00,4501.56,4504.2,4501.36,4502.92,2196,9,0,2196
2026-05-20 15:45:00,4502.91,4503.95,4501.86,4502.22,2044,12,0,2044
2026-05-20 15:48:00,4502.2,4505.41,4501.16,4501.99,2090,11,0,2090
2026-05-20 15:51:00,4501.99,4502.64,4499.71,4500.14,1980,12,0,1980
2026-05-20 15:54:00,4500.11,4500.62,4496.28,4496.87,2090,13,0,2090
2026-05-20 15:57:00,4496.87,4497.82,4493.96,4496.21,2172,13,0,2172
2026-05-20 16:00:00,4496.21,4499.33,4493.91,4499.22,2827,14,0,2827
2026-05-20 16:03:00,4499.23,4501.74,4497.11,4500.43,2500,14,0,2500
2026-05-20 16:06:00,4500.46,4500.91,4496.55,4500.83,2394,14,0,2394
2026-05-20 16:09:00,4500.84,4501.71,4498.46,4499.38,2368,14,0,2368
2026-05-20 16:12:00,4499.24,4506.13,4497.42,4505.18,2227,13,0,2227
2026-05-20 16:15:00,4505.2,4505.35,4502.25,4502.63,2297,14,0,2297
2026-05-20 16:18:00,4502.63,4502.66,4496.67,4498.42,2283,12,0,2283
2026-05-20 16:21:00,4498.43,4498.87,4495.55,4496.5,2135,12,0,2135
2026-05-20 16:24:00,4496.5,4496.74,4491.18,4492.64,2411,9,0,2411
2026-05-20 16:27:00,4492.67,4492.84,4489.37,4489.41,2266,13,0,2266
2026-05-20 16:30:00,4489.39,4493.07,4488.04,4490.48,2640,14,0,2640
2026-05-20 16:33:00,4490.48,4492.93,4488.36,4490.13,2491,14,0,2491
2026-05-20 16:36:00,4490.04,4490.99,4485.6,4486.3,2667,14,0,2667
2026-05-20 16:39:00,4486.33,4488.78,4483.35,4484.52,2553,14,0,2553
2026-05-20 16:42:00,4484.51,4490.39,4483.13,4489.97,2434,12,0,2434
2026-05-20 16:45:00,4489.96,4492.1,4487.91,4491.52,2498,14,0,2498
2026-05-20 16:48:00,4491.51,4492.08,4486.39,4488.07,2512,12,0,2512
2026-05-20 16:51:00,4488.05,4489.44,4484.88,4487.26,2511,9,0,2511
2026-05-20 16:54:00,4487.34,4488.19,4483.25,4483.7,2456,9,0,2456
2026-05-20 16:57:00,4483.67,4485.84,4482.06,4483.16,2307,10,0,2307
2026-05-20 17:00:00,4483.11,4485.48,4480.95,4481.89,2412,11,0,2412
2026-05-20 17:03:00,4481.92,4483.8,4478.28,4478.68,2408,12,0,2408
2026-05-20 17:06:00,4478.68,4480.9,4476.16,4477.09,2488,10,0,2488
2026-05-20 17:09:00,4477.09,4478.08,4472.11,4473.15,2539,14,0,2539
2026-05-20 17:12:00,4473.2,4480.59,4467.1,4477.04,3102,14,0,3102
2026-05-20 17:15:00,4477.02,4502.99,4476.5,4489.01,4180,14,0,4180
2026-05-20 17:18:00,4489.02,4503.58,4489.02,4500.56,3970,14,0,3970
2026-05-20 17:21:00,4500.44,4510.81,4497.83,4501.67,3409,14,0,3409
2026-05-20 17:24:00,4501.67,4506.11,4495.72,4504.41,3380,14,0,3380
2026-05-20 17:27:00,4504.41,4507.14,4502.92,4506.89,2946,14,0,2946
2026-05-20 17:30:00,4506.88,4526.18,4506.88,4519.65,3508,14,0,3508
2026-05-20 17:33:00,4519.66,4528.68,4519.0,4522.39,3357,14,0,3357
2026-05-20 17:36:00,4522.55,4523.26,4515.28,4518.78,3187,13,0,3187
2026-05-20 17:39:00,4518.77,4524.59,4517.85,4518.3,2846,12,0,2846
2026-05-20 17:42:00,4518.3,4520.66,4517.13,4520.58,2559,11,0,2559
2026-05-20 17:45:00,4520.56,4522.44,4516.63,4521.43,2614,11,0,2614
2026-05-20 17:48:00,4521.39,4525.74,4520.85,4522.18,2594,13,0,2594
2026-05-20 17:51:00,4522.2,4529.08,4521.54,4527.61,2611,14,0,2611
2026-05-20 17:54:00,4527.62,4537.26,4526.73,4533.47,2673,14,0,2673
2026-05-20 17:57:00,4533.45,4536.08,4530.96,4531.38,2675,13,0,2675
2026-05-20 18:00:00,4531.38,4535.77,4530.66,4531.17,2796,13,0,2796
2026-05-20 18:03:00,4531.15,4532.88,4528.38,4529.78,2600,13,0,2600
2026-05-20 18:06:00,4529.76,4530.5,4523.79,4525.48,2465,13,0,2465
2026-05-20 18:09:00,4525.46,4526.83,4523.79,4525.61,2341,13,0,2341
2026-05-20 18:12:00,4525.62,4526.98,4523.17,4524.55,2438,13,0,2438
2026-05-20 18:15:00,4524.58,4552.64,4524.51,4541.42,4208,14,0,4208
2026-05-20 18:18:00,4541.5,4545.45,4537.02,4543.04,3583,14,0,3583
2026-05-20 18:21:00,4543.02,4543.47,4538.7,4539.4,3125,14,0,3125
2026-05-20 18:24:00,4539.38,4539.4,4530.64,4530.72,2680,13,0,2680
2026-05-20 18:27:00,4530.72,4531.92,4528.55,4529.53,2644,13,0,2644
2026-05-20 18:30:00,4529.55,4533.43,4527.76,4533.08,2792,14,0,2792
2026-05-20 18:33:00,4533.13,4537.41,4532.64,4536.07,2539,13,0,2539
2026-05-20 18:36:00,4536.09,4538.33,4535.06,4537.69,2586,14,0,2586
2026-05-20 18:39:00,4537.69,4539.51,4535.38,4538.58,2490,14,0,2490
2026-05-20 18:42:00,4538.55,4538.57,4534.79,4536.94,2404,14,0,2404
2026-05-20 18:45:00,4536.95,4537.84,4535.27,4536.16,2266,13,0,2266
2026-05-20 18:48:00,4536.18,4537.9,4535.89,4536.67,2286,14,0,2286
2026-05-20 18:51:00,4536.65,4537.79,4533.0,4533.02,2363,14,0,2363
2026-05-20 18:54:00,4533.03,4534.3,4531.5,4532.63,2447,14,0,2447
2026-05-20 18:57:00,4532.64,4532.67,4527.34,4529.2,2758,14,0,2758
2026-05-20 19:00:00,4529.23,4531.14,4528.39,4530.82,2209,14,0,2209
2026-05-20 19:03:00,4530.8,4532.83,4529.43,4532.42,2200,14,0,2200
2026-05-20 19:06:00,4532.42,4535.27,4531.53,4533.28,2159,14,0,2159
2026-05-20 19:09:00,4533.29,4534.9,4531.56,4531.86,2156,14,0,2156
2026-05-20 19:12:00,4531.84,4534.12,4531.66,4533.88,2126,13,0,2126
2026-05-20 19:15:00,4533.89,4533.95,4529.65,4530.18,2115,14,0,2115
2026-05-20 19:18:00,4530.19,4531.65,4527.82,4528.17,2195,14,0,2195
2026-05-20 19:21:00,4528.16,4528.33,4524.96,4527.31,2452,14,0,2452
2026-05-20 19:24:00,4527.34,4527.74,4524.9,4525.88,2345,14,0,2345
2026-05-20 19:27:00,4525.88,4527.57,4524.19,4525.91,2288,13,0,2288
2026-05-20 19:30:00,4525.9,4529.46,4524.22,4526.92,2239,12,0,2239
2026-05-20 19:33:00,4526.93,4527.09,4524.68,4525.82,2146,13,0,2146
2026-05-20 19:36:00,4525.84,4528.55,4525.57,4528.52,2033,11,0,2033
2026-05-20 19:39:00,4528.52,4530.41,4527.34,4530.11,2388,9,0,2388
2026-05-20 19:42:00,4530.1,4533.77,4529.13,4533.77,2334,9,0,2334
2026-05-20 19:45:00,4533.78,4535.01,4532.1,4532.38,2187,14,0,2187
2026-05-20 19:48:00,4532.42,4533.63,4530.21,4531.77,2478,9,0,2478
2026-05-20 19:51:00,4531.81,4532.81,4531.03,4532.09,2130,9,0,2130
2026-05-20 19:54:00,4532.08,4534.49,4531.75,4533.49,2243,9,0,2243
2026-05-20 19:57:00,4533.48,4535.46,4531.21,4534.45,2118,13,0,2118
2026-05-20 20:00:00,4534.47,4534.84,4531.79,4532.08,2108,13,0,2108
2026-05-20 20:03:00,4532.08,4532.76,4531.25,4532.1,2539,9,0,2539
2026-05-20 20:06:00,4532.11,4535.31,4531.71,4534.8,2050,9,0,2050
2026-05-20 20:09:00,4534.83,4536.32,4534.27,4534.86,2009,9,0,2009
2026-05-20 20:12:00,4534.86,4538.05,4533.38,4534.39,2323,14,0,2323
2026-05-20 20:15:00,4534.37,4535.64,4533.41,4533.52,2137,14,0,2137
2026-05-20 20:18:00,4533.52,4536.76,4533.1,4536.63,2174,12,0,2174
2026-05-20 20:21:00,4536.64,4536.9,4534.97,4535.25,2090,10,0,2090
2026-05-20 20:24:00,4535.23,4535.37,4532.88,4534.31,2349,10,0,2349
2026-05-20 20:27:00,4534.32,4536.38,4530.98,4532.47,2330,14,0,2330
2026-05-20 20:30:00,4532.49,4534.99,4531.31,4531.6,2266,14,0,2266
2026-05-20 20:33:00,4531.62,4532.74,4529.99,4532.68,2077,11,0,2077
2026-05-20 20:36:00,4532.67,4536.54,4532.48,4535.6,2373,12,0,2373
2026-05-20 20:39:00,4535.63,4536.4,4533.92,4534.39,2475,9,0,2475
2026-05-20 20:42:00,4534.39,4534.82,4533.04,4533.23,1980,9,0,1980
2026-05-20 20:45:00,4533.14,4535.29,4533.04,4533.51,2050,9,0,2050
2026-05-20 20:48:00,4533.52,4533.78,4532.42,4533.12,1960,13,0,1960
2026-05-20 20:51:00,4533.15,4534.51,4532.34,4532.38,1993,13,0,1993
2026-05-20 20:54:00,4532.4,4532.83,4531.86,4531.86,1885,13,0,1885
2026-05-20 20:57:00,4531.87,4531.97,4530.3,4531.43,1933,14,0,1933
2026-05-20 21:00:00,4531.45,4533.18,4529.18,4531.03,2133,14,0,2133
2026-05-20 21:03:00,4531.04,4532.47,4530.8,4530.99,2005,14,0,2005
2026-05-20 21:06:00,4531.01,4533.67,4530.54,4532.71,2108,14,0,2108
2026-05-20 21:09:00,4532.7,4533.99,4532.48,4533.46,2065,13,0,2065
2026-05-20 21:12:00,4533.44,4533.65,4532.31,4532.95,1972,11,0,1972
2026-05-20 21:15:00,4532.92,4535.63,4532.85,4535.32,2075,14,0,2075
2026-05-20 21:18:00,4535.31,4536.7,4534.38,4534.48,1984,11,0,1984
2026-05-20 21:21:00,4534.49,4536.0,4534.49,4535.24,2038,13,0,2038
2026-05-20 21:24:00,4535.27,4535.38,4531.99,4533.3,2190,14,0,2190
2026-05-20 21:27:00,4533.3,4535.14,4533.12,4535.02,2129,13,0,2129
2026-05-20 21:30:00,4535.01,4537.82,4535.0,4536.89,2130,9,0,2130
2026-05-20 21:33:00,4536.9,4541.9,4536.58,4541.8,2365,9,0,2365
2026-05-20 21:36:00,4541.81,4542.8,4540.45,4542.29,2166,9,0,2166
2026-05-20 21:39:00,4542.29,4543.52,4540.82,4540.87,2295,9,0,2295
2026-05-20 21:42:00,4540.85,4541.25,4536.99,4536.99,2155,9,0,2155
2026-05-20 21:45:00,4536.98,4540.21,4536.86,4539.97,2125,10,0,2125
2026-05-20 21:48:00,4539.98,4540.76,4539.55,4540.26,2268,9,0,2268
2026-05-20 21:51:00,4540.26,4542.74,4539.24,4542.59,1939,9,0,1939
2026-05-20 21:54:00,4542.61,4545.11,4541.98,4544.54,1967,9,0,1967
2026-05-20 21:57:00,4544.54,4544.98,4541.9,4542.45,2026,12,0,2026
2026-05-20 22:00:00,4542.43,4544.78,4542.12,4544.29,2033,12,0,2033
2026-05-20 22:03:00,4544.29,4544.33,4541.78,4543.57,2024,9,0,2024
2026-05-20 22:06:00,4543.57,4544.23,4543.05,4543.28,2365,9,0,2365
2026-05-20 22:09:00,4543.26,4545.28,4542.96,4544.81,1989,9,0,1989
2026-05-20 22:12:00,4544.78,4545.13,4543.53,4543.86,2153,9,0,2153
2026-05-20 22:15:00,4543.87,4545.21,4543.69,4544.66,1928,14,0,1928
2026-05-20 22:18:00,4544.66,4546.03,4544.46,4545.76,1892,14,0,1892
2026-05-20 22:21:00,4545.74,4546.06,4543.34,4544.82,1951,13,0,1951
2026-05-20 22:24:00,4544.83,4545.11,4543.81,4544.41,1946,14,0,1946
2026-05-20 22:27:00,4544.38,4545.69,4543.69,4545.14,1877,13,0,1877
2026-05-20 22:30:00,4545.15,4547.33,4545.11,4546.05,1988,14,0,1988
2026-05-20 22:33:00,4546.05,4546.36,4545.17,4545.89,1920,11,0,1920
2026-05-20 22:36:00,4545.9,4548.09,4545.71,4546.45,2021,9,0,2021
2026-05-20 22:39:00,4546.48,4550.05,4546.36,4547.78,2140,14,0,2140
2026-05-20 22:42:00,4547.8,4549.38,4545.35,4546.43,2020,14,0,2020
2026-05-20 22:45:00,4546.46,4547.7,4545.62,4546.26,1899,14,0,1899
2026-05-20 22:48:00,4546.25,4547.57,4545.42,4546.1,2029,14,0,2029
2026-05-20 22:51:00,4546.11,4548.55,4545.99,4547.88,2080,13,0,2080
2026-05-20 22:54:00,4547.91,4548.5,4546.77,4547.57,2168,14,0,2168
2026-05-20 22:57:00,4547.58,4548.03,4545.4,4545.78,2148,13,0,2148
2026-05-20 23:00:00,4545.78,4548.02,4545.63,4547.9,2130,9,0,2130
2026-05-20 23:03:00,4547.92,4547.96,4545.45,4545.45,2094,9,0,2094
2026-05-20 23:06:00,4545.45,4546.69,4545.39,4546.09,2035,9,0,2035
2026-05-20 23:09:00,4546.12,4550.33,4545.87,4546.93,1893,9,0,1893
2026-05-20 23:12:00,4546.94,4547.3,4545.8,4546.74,2205,9,0,2205
2026-05-20 23:15:00,4546.75,4548.34,4545.4,4546.02,1947,9,0,1947
2026-05-20 23:18:00,4546.03,4547.54,4544.5,4545.53,2365,9,0,2365
2026-05-20 23:21:00,4545.52,4546.26,4543.14,4544.22,2107,14,0,2107
2026-05-20 23:24:00,4544.24,4546.56,4544.21,4545.42,2332,9,0,2332
2026-05-20 23:27:00,4545.43,4546.29,4545.13,4545.72,1935,9,0,1935
2026-05-20 23:30:00,4545.7,4546.35,4543.96,4544.46,2199,9,0,2199
2026-05-20 23:33:00,4544.46,4545.15,4543.66,4544.31,1898,9,0,1898
2026-05-20 23:36:00,4544.3,4545.04,4543.75,4543.96,1798,9,0,1798
2026-05-20 23:39:00,4543.95,4544.28,4543.04,4543.48,1851,14,0,1851
2026-05-20 23:42:00,4543.48,4544.2,4542.6,4543.45,1855,22,0,1855
2026-05-20 23:45:00,4543.46,4544.62,4542.83,4543.52,1822,22,0,1822
2026-05-20 23:48:00,4543.52,4543.67,4542.02,4542.55,1817,22,0,1817
2026-05-20 23:51:00,4542.57,4543.87,4541.97,4543.85,1796,22,0,1796
2026-05-20 23:54:00,4543.86,4544.07,4542.49,4543.24,1874,22,0,1874
2026-05-20 23:57:00,4543.23,4544.01,4542.88,4543.69,1223,22,0,1223
2026-05-21 01:00:00,4545.99,4548.76,4543.74,4544.24,4827,16,0,4827
2026-05-21 01:03:00,4544.25,4546.69,4542.95,4546.54,2167,16,0,2167
2026-05-21 01:06:00,4546.57,4546.57,4542.77,4543.05,1876,16,0,1876
2026-05-21 01:09:00,4543.04,4543.38,4538.74,4541.39,2088,16,0,2088
2026-05-21 01:12:00,4541.39,4542.49,4539.02,4540.06,1948,16,0,1948
2026-05-21 01:15:00,4540.07,4540.5,4538.73,4539.8,1877,15,0,1877
2026-05-21 01:18:00,4539.79,4539.89,4535.25,4535.43,1966,15,0,1966
2026-05-21 01:21:00,4535.41,4537.1,4535.2,4536.98,1965,15,0,1965
2026-05-21 01:24:00,4536.99,4538.49,4535.91,4537.74,1885,15,0,1885
2026-05-21 01:27:00,4537.76,4539.27,4537.22,4538.89,1822,15,0,1822
2026-05-21 01:30:00,4538.88,4541.46,4538.69,4540.95,1878,15,0,1878
2026-05-21 01:33:00,4540.96,4542.47,4540.32,4540.72,1851,15,0,1851
2026-05-21 01:36:00,4540.73,4543.14,4540.66,4543.13,1167,14,0,1167
2026-05-21 01:39:00,4543.12,4543.39,4540.43,4540.98,1796,14,0,1796
2026-05-21 01:42:00,4541.08,4542.38,4541.05,4542.23,1735,14,0,1735
2026-05-21 01:45:00,4542.2,4544.66,4541.4,4542.38,1857,14,0,1857
2026-05-21 01:48:00,4542.36,4542.42,4539.88,4540.35,1827,14,0,1827
2026-05-21 01:51:00,4540.35,4541.1,4537.12,4539.53,1942,16,0,1942
2026-05-21 01:54:00,4539.53,4541.66,4539.34,4541.21,1795,13,0,1795
2026-05-21 01:57:00,4541.18,4541.87,4537.88,4539.91,1980,13,0,1980
2026-05-21 02:00:00,4539.92,4541.66,4539.91,4541.66,1808,13,0,1808
2026-05-21 02:03:00,4541.67,4542.4,4540.65,4541.52,1746,13,0,1746
2026-05-21 02:06:00,4541.53,4543.27,4539.55,4539.65,1876,14,0,1876
2026-05-21 02:09:00,4539.65,4539.66,4537.96,4539.14,1779,13,0,1779
2026-05-21 02:12:00,4539.15,4540.43,4539.12,4539.95,1785,13,0,1785
2026-05-21 02:15:00,4539.93,4540.65,4538.94,4540.51,1770,13,0,1770
2026-05-21 02:18:00,4540.5,4540.53,4538.14,4538.15,1793,15,0,1793
2026-05-21 02:21:00,4538.12,4539.13,4536.66,4536.79,1809,16,0,1809
2026-05-21 02:24:00,4536.76,4537.43,4535.38,4535.4,1843,13,0,1843
2026-05-21 02:27:00,4535.37,4538.7,4534.6,4538.45,1887,16,0,1887
2026-05-21 02:30:00,4538.44,4539.61,4537.95,4539.53,1784,15,0,1784
2026-05-21 02:33:00,4539.55,4541.15,4539.52,4540.81,1796,13,0,1796
2026-05-21 02:36:00,4540.83,4544.17,4540.35,4543.85,1830,13,0,1830
2026-05-21 02:39:00,4543.84,4545.42,4542.93,4543.27,1804,16,0,1804
2026-05-21 02:42:00,4543.26,4543.86,4542.49,4543.0,1780,13,0,1780
2026-05-21 02:45:00,4543.02,4547.35,4541.89,4545.92,1884,13,0,1884
2026-05-21 02:48:00,4545.92,4546.31,4544.56,4544.73,1774,13,0,1774
2026-05-21 02:51:00,4544.74,4545.37,4542.86,4545.25,1843,13,0,1843
2026-05-21 02:54:00,4545.24,4545.4,4544.53,4544.99,1811,13,0,1811
2026-05-21 02:57:00,4544.98,4546.64,4543.99,4546.59,1832,13,0,1832
2026-05-21 03:00:00,4546.57,4548.83,4543.74,4544.24,2155,16,0,2155
2026-05-21 03:03:00,4544.23,4544.24,4540.09,4542.25,2080,16,0,2080
2026-05-21 03:06:00,4542.25,4543.51,4540.23,4541.79,2115,16,0,2115
2026-05-21 03:09:00,4541.8,4545.79,4541.47,4544.32,2129,16,0,2129
2026-05-21 03:12:00,4544.35,4545.48,4543.62,4544.93,2095,15,0,2095
2026-05-21 03:15:00,4544.91,4553.29,4544.89,4549.72,2393,15,0,2393
2026-05-21 03:18:00,4549.72,4549.72,4540.14,4543.64,2335,16,0,2335
2026-05-21 03:21:00,4543.66,4544.27,4540.06,4540.51,2087,15,0,2087
2026-05-21 03:24:00,4540.5,4541.92,4537.78,4538.0,2121,15,0,2121
2026-05-21 03:27:00,4538.01,4545.19,4537.37,4543.68,2033,14,0,2033
2026-05-21 03:30:00,4543.67,4544.6,4539.68,4540.26,2036,14,0,2036
2026-05-21 03:33:00,4540.28,4545.12,4540.05,4544.32,2016,13,0,2016
2026-05-21 03:36:00,4544.34,4544.56,4542.45,4543.71,1897,13,0,1897
2026-05-21 03:39:00,4543.68,4543.88,4541.36,4542.19,1886,14,0,1886
2026-05-21 03:42:00,4542.21,4543.93,4541.92,4543.72,1870,14,0,1870
2026-05-21 03:45:00,4543.73,4544.94,4542.0,4542.96,1945,15,0,1945
2026-05-21 03:48:00,4542.96,4544.94,4542.19,4544.12,1932,15,0,1932
2026-05-21 03:51:00,4544.11,4548.74,4543.65,4547.78,1976,15,0,1976
2026-05-21 03:54:00,4547.78,4548.24,4546.1,4546.37,1945,15,0,1945
2026-05-21 03:57:00,4546.39,4546.56,4544.96,4545.26,1950,14,0,1950
2026-05-21 04:00:00,4545.28,4549.4,4539.94,4547.5,2504,16,0,2504
2026-05-21 04:03:00,4547.48,4547.94,4542.41,4543.15,2279,16,0,2279
2026-05-21 04:06:00,4543.14,4547.9,4541.09,4547.85,2183,15,0,2183
2026-05-21 04:09:00,4547.83,4560.07,4547.83,4559.58,2506,16,0,2506
2026-05-21 04:12:00,4559.57,4560.01,4554.64,4559.89,2206,15,0,2206
2026-05-21 04:15:00,4559.89,4561.12,4559.06,4560.29,2277,14,0,2277
2026-05-21 04:18:00,4560.32,4560.88,4557.26,4558.78,2237,14,0,2237
2026-05-21 04:21:00,4558.8,4567.83,4558.4,4564.19,2287,14,0,2287
2026-05-21 04:24:00,4564.2,4565.45,4560.72,4563.45,2205,15,0,2205
2026-05-21 04:27:00,4563.44,4567.68,4563.31,4567.34,2120,14,0,2120
2026-05-21 04:30:00,4567.13,4569.36,4563.79,4564.2,2460,15,0,2460
2026-05-21 04:33:00,4564.2,4564.68,4561.7,4562.72,2370,14,0,2370
2026-05-21 04:36:00,4562.76,4567.06,4561.69,4566.87,2143,13,0,2143
2026-05-21 04:39:00,4566.86,4570.76,4565.34,4569.5,2199,13,0,2199
2026-05-21 04:42:00,4569.48,4570.38,4567.34,4567.85,2179,13,0,2179
2026-05-21 04:45:00,4567.83,4568.36,4565.64,4566.87,2125,13,0,2125
2026-05-21 04:48:00,4566.88,4567.8,4563.38,4563.6,2093,13,0,2093
2026-05-21 04:51:00,4563.68,4565.19,4561.69,4561.76,2050,15,0,2050
2026-05-21 04:54:00,4561.76,4561.8,4559.01,4560.87,2231,16,0,2231
2026-05-21 04:57:00,4560.84,4561.99,4559.68,4561.1,2026,15,0,2026
2026-05-21 05:00:00,4561.09,4564.93,4559.37,4559.45,2098,15,0,2098
2026-05-21 05:03:00,4559.44,4559.6,4556.8,4559.13,2015,14,0,2015
2026-05-21 05:06:00,4559.06,4559.3,4556.07,4556.19,2091,14,0,2091
2026-05-21 05:09:00,4556.27,4557.54,4554.28,4555.32,2091,13,0,2091
2026-05-21 05:12:00,4555.34,4555.54,4550.66,4551.78,2131,14,0,2131
2026-05-21 05:15:00,4551.82,4553.21,4550.35,4550.86,2037,15,0,2037
2026-05-21 05:18:00,4550.82,4551.27,4547.22,4547.39,2036,13,0,2036
2026-05-21 05:21:00,4547.39,4549.01,4546.11,4547.36,2026,13,0,2026
2026-05-21 05:24:00,4547.36,4548.57,4544.12,4545.64,1977,13,0,1977
2026-05-21 05:27:00,4545.65,4545.67,4539.66,4540.37,2002,13,0,2002
2026-05-21 05:30:00,4540.4,4542.38,4536.16,4538.27,2229,16,0,2229
2026-05-21 05:33:00,4538.27,4539.96,4534.03,4539.95,2152,15,0,2152
2026-05-21 05:36:00,4539.79,4541.74,4539.21,4541.01,2002,13,0,2002
2026-05-21 05:39:00,4540.96,4541.2,4535.33,4536.55,2068,13,0,2068
2026-05-21 05:42:00,4536.51,4537.92,4534.2,4536.4,2077,13,0,2077
2026-05-21 05:45:00,4536.38,4537.31,4531.53,4535.44,2151,13,0,2151
2026-05-21 05:48:00,4535.46,4535.87,4533.01,4535.44,2014,13,0,2014
2026-05-21 05:51:00,4535.43,4536.67,4533.74,4534.9,2010,13,0,2010
2026-05-21 05:54:00,4534.9,4534.99,4532.64,4534.4,2054,13,0,2054
2026-05-21 05:57:00,4534.47,4535.99,4532.69,4533.27,2054,13,0,2054
2026-05-21 06:00:00,4533.26,4534.54,4531.64,4534.38,2173,15,0,2173
2026-05-21 06:03:00,4534.39,4536.95,4533.69,4536.59,2009,13,0,2009
2026-05-21 06:06:00,4536.6,4537.72,4535.15,4537.09,1971,13,0,1971
2026-05-21 06:09:00,4537.09,4538.69,4536.83,4537.89,1918,13,0,1918
2026-05-21 06:12:00,4537.92,4539.0,4536.6,4537.95,1904,13,0,1904
2026-05-21 06:15:00,4538.01,4538.06,4533.22,4533.25,2003,14,0,2003
2026-05-21 06:18:00,4533.14,4538.14,4533.08,4538.1,1896,13,0,1896
2026-05-21 06:21:00,4538.07,4540.31,4537.35,4537.42,1989,14,0,1989
2026-05-21 06:24:00,4537.42,4538.38,4535.06,4535.4,1953,15,0,1953
2026-05-21 06:27:00,4535.47,4536.38,4534.27,4535.89,1994,15,0,1994
2026-05-21 06:30:00,4535.89,4537.33,4535.36,4535.75,1945,14,0,1945
2026-05-21 06:33:00,4535.74,4535.89,4532.05,4532.49,1905,14,0,1905
2026-05-21 06:36:00,4532.47,4533.76,4531.9,4532.88,1872,15,0,1872
2026-05-21 06:39:00,4532.88,4534.46,4531.86,4534.14,1874,14,0,1874
2026-05-21 06:42:00,4534.17,4536.22,4533.51,4533.97,1941,15,0,1941
2026-05-21 06:45:00,4533.97,4534.45,4532.62,4533.17,1866,14,0,1866
2026-05-21 06:48:00,4533.15,4533.4,4530.42,4530.77,1911,13,0,1911
2026-05-21 06:51:00,4530.77,4531.06,4528.5,4530.03,1941,13,0,1941
2026-05-21 06:54:00,4530.04,4531.42,4527.18,4528.28,2065,16,0,2065
2026-05-21 06:57:00,4528.3,4529.76,4527.89,4528.3,1835,15,0,1835
2026-05-21 07:00:00,4528.31,4532.92,4527.39,4532.85,1931,14,0,1931
2026-05-21 07:03:00,4532.83,4533.62,4531.37,4533.18,1931,14,0,1931
2026-05-21 07:06:00,4533.21,4533.44,4530.91,4531.59,1870,13,0,1870
2026-05-21 07:09:00,4531.59,4535.61,4531.44,4534.97,1858,14,0,1858
2026-05-21 07:12:00,4534.96,4536.5,4534.45,4536.07,1835,13,0,1835
2026-05-21 07:15:00,4536.07,4536.47,4534.71,4535.62,1914,13,0,1914
2026-05-21 07:18:00,4535.66,4536.0,4534.38,4535.75,1840,13,0,1840
2026-05-21 07:21:00,4535.76,4537.14,4535.01,4535.27,1849,15,0,1849
2026-05-21 07:24:00,4535.27,4538.99,4535.09,4538.96,1914,15,0,1914
2026-05-21 07:27:00,4538.95,4540.16,4538.7,4539.83,1891,15,0,1891
2026-05-21 07:30:00,4539.82,4540.49,4537.35,4537.98,1888,16,0,1888
2026-05-21 07:33:00,4537.96,4538.9,4536.53,4536.83,1877,15,0,1877
2026-05-21 07:36:00,4536.82,4537.03,4533.88,4535.9,1866,13,0,1866
2026-05-21 07:39:00,4535.88,4538.2,4535.67,4536.63,1821,13,0,1821
2026-05-21 07:42:00,4536.62,4537.43,4536.38,4537.2,1782,13,0,1782
2026-05-21 07:45:00,4537.19,4537.26,4535.53,4536.4,1816,13,0,1816
2026-05-21 07:48:00,4536.39,4538.45,4535.72,4538.43,1814,14,0,1814
2026-05-21 07:51:00,4538.44,4538.74,4536.62,4537.3,1811,13,0,1811
2026-05-21 07:54:00,4537.32,4538.02,4535.74,4538.02,1830,14,0,1830
2026-05-21 07:57:00,4537.99,4539.29,4537.59,4538.43,1818,15,0,1818
2026-05-21 08:00:00,4538.45,4540.44,4537.97,4538.42,1954,15,0,1954
2026-05-21 08:03:00,4538.41,4538.62,4536.71,4537.45,1949,13,0,1949
2026-05-21 08:06:00,4537.44,4537.7,4530.98,4531.11,1989,16,0,1989
2026-05-21 08:09:00,4531.12,4532.57,4530.32,4532.33,1996,16,0,1996
2026-05-21 08:12:00,4532.34,4533.26,4529.79,4530.74,1958,15,0,1958
2026-05-21 08:15:00,4530.76,4531.1,4529.29,4530.01,1937,15,0,1937
2026-05-21 08:18:00,4529.98,4530.69,4525.76,4526.29,2099,16,0,2099
2026-05-21 08:21:00,4526.26,4526.57,4524.87,4525.56,1935,13,0,1935
2026-05-21 08:24:00,4525.55,4526.22,4521.64,4523.43,2047,13,0,2047
2026-05-21 08:27:00,4523.45,4528.18,4522.37,4522.93,2041,16,0,2041
2026-05-21 08:30:00,4522.93,4526.82,4518.43,4526.38,2365,16,0,2365
2026-05-21 08:33:00,4526.28,4527.11,4523.29,4524.92,2082,15,0,2082
2026-05-21 08:36:00,4524.93,4527.24,4521.42,4525.78,2131,15,0,2131
2026-05-21 08:39:00,4525.8,4526.82,4524.5,4525.86,2079,15,0,2079
2026-05-21 08:42:00,4525.86,4526.8,4524.27,4525.96,1979,14,0,1979
2026-05-21 08:45:00,4525.96,4526.82,4522.56,4522.62,2129,14,0,2129
2026-05-21 08:48:00,4522.62,4525.58,4518.49,4525.27,2232,15,0,2232
2026-05-21 08:51:00,4525.26,4527.41,4524.3,4526.31,2036,13,0,2036
2026-05-21 08:54:00,4526.32,4529.95,4526.28,4527.05,2076,13,0,2076
2026-05-21 08:57:00,4527.0,4529.36,4525.82,4527.94,2010,13,0,2010
2026-05-21 09:00:00,4527.88,4533.28,4526.71,4532.26,2064,10,0,2064
2026-05-21 09:03:00,4532.27,4535.35,4531.98,4534.82,2294,9,0,2294
2026-05-21 09:06:00,4534.84,4535.21,4532.88,4533.53,2147,10,0,2147
2026-05-21 09:09:00,4533.54,4533.57,4527.28,4529.3,2166,9,0,2166
2026-05-21 09:12:00,4529.35,4532.52,4527.43,4531.52,2320,9,0,2320
2026-05-21 09:15:00,4531.55,4532.79,4529.3,4529.79,2186,13,0,2186
2026-05-21 09:18:00,4529.82,4531.92,4528.56,4531.63,2162,11,0,2162
2026-05-21 09:21:00,4531.64,4539.91,4530.93,4535.53,2490,14,0,2490
2026-05-21 09:24:00,4535.53,4535.91,4532.47,4532.89,2041,13,0,2041
2026-05-21 09:27:00,4532.84,4533.19,4530.03,4533.03,2160,13,0,2160
2026-05-21 09:30:00,4533.05,4535.05,4532.07,4533.64,2265,13,0,2265
2026-05-21 09:33:00,4533.65,4534.29,4528.03,4529.82,2279,14,0,2279
2026-05-21 09:36:00,4529.82,4530.34,4528.05,4528.89,2202,14,0,2202
2026-05-21 09:39:00,4528.94,4529.11,4524.27,4526.04,2155,14,0,2155
2026-05-21 09:42:00,4526.05,4526.95,4522.92,4524.89,2165,13,0,2165
2026-05-21 09:45:00,4524.89,4526.28,4524.03,4525.31,2193,14,0,2193
2026-05-21 09:48:00,4525.3,4526.0,4520.98,4521.54,2183,13,0,2183
2026-05-21 09:51:00,4521.53,4524.26,4520.55,4522.05,2262,14,0,2262
2026-05-21 09:54:00,4522.05,4523.26,4519.47,4520.05,2263,14,0,2263
2026-05-21 09:57:00,4520.08,4521.7,4518.93,4521.56,2188,12,0,2188
2026-05-21 10:00:00,4521.55,4524.37,4520.02,4521.08,2274,14,0,2274
2026-05-21 10:03:00,4521.09,4522.3,4519.09,4520.97,2264,12,0,2264
2026-05-21 10:06:00,4520.97,4521.81,4518.25,4520.94,2280,9,0,2280
2026-05-21 10:09:00,4521.0,4522.71,4519.87,4520.83,2315,9,0,2315
2026-05-21 10:12:00,4520.82,4522.13,4519.22,4520.58,2566,9,0,2566
2026-05-21 10:15:00,4520.6,4521.26,4517.36,4520.48,2328,9,0,2328
2026-05-21 10:18:00,4520.47,4521.78,4519.45,4521.31,2533,9,0,2533
2026-05-21 10:21:00,4521.31,4523.45,4517.39,4519.55,2390,9,0,2390
2026-05-21 10:24:00,4519.54,4519.68,4516.13,4517.35,2303,9,0,2303
2026-05-21 10:27:00,4517.34,4518.54,4512.01,4512.87,2501,9,0,2501
2026-05-21 10:30:00,4512.89,4516.49,4512.14,4515.81,2251,10,0,2251
2026-05-21 10:33:00,4515.83,4517.24,4514.48,4515.23,2572,9,0,2572
2026-05-21 10:36:00,4515.21,4517.46,4515.2,4516.71,2232,9,0,2232
2026-05-21 10:39:00,4516.71,4517.01,4514.3,4515.81,2198,9,0,2198
2026-05-21 10:42:00,4515.81,4517.13,4515.04,4516.45,2051,9,0,2051
2026-05-21 10:45:00,4516.46,4517.77,4514.36,4517.18,1983,9,0,1983
2026-05-21 10:48:00,4517.2,4519.86,4515.82,4519.19,1950,11,0,1950
2026-05-21 10:51:00,4519.17,4523.38,4518.92,4521.17,2067,14,0,2067
2026-05-21 10:54:00,4521.16,4522.39,4520.34,4521.76,2000,12,0,2000
2026-05-21 10:57:00,4521.76,4522.85,4519.59,4519.71,2303,9,0,2303
2026-05-21 11:00:00,4519.7,4521.35,4518.28,4519.13,2082,12,0,2082
2026-05-21 11:03:00,4519.1,4523.83,4519.1,4523.17,2139,11,0,2139
2026-05-21 11:06:00,4523.17,4527.63,4522.49,4526.36,2091,14,0,2091
2026-05-21 11:09:00,4526.36,4535.91,4526.36,4534.9,2432,14,0,2432
2026-05-21 11:12:00,4534.94,4535.68,4530.97,4534.27,2518,14,0,2518
2026-05-21 11:15:00,4534.27,4536.77,4533.15,4534.23,2750,14,0,2750
2026-05-21 11:18:00,4534.25,4534.67,4530.02,4530.86,2196,13,0,2196
2026-05-21 11:21:00,4530.89,4532.17,4529.69,4531.35,2153,13,0,2153
2026-05-21 11:24:00,4531.37,4533.86,4529.36,4529.49,2208,9,0,2208
2026-05-21 11:27:00,4529.49,4536.74,4529.32,4535.63,2280,14,0,2280
2026-05-21 11:30:00,4535.62,4535.8,4529.31,4530.36,2194,14,0,2194
2026-05-21 11:33:00,4530.38,4531.49,4527.67,4527.72,2156,12,0,2156
2026-05-21 11:36:00,4527.69,4531.28,4526.75,4528.56,2106,12,0,2106
2026-05-21 11:39:00,4528.57,4531.63,4526.57,4531.27,2103,13,0,2103
2026-05-21 11:42:00,4531.28,4532.48,4529.08,4529.14,2270,9,0,2270
2026-05-21 11:45:00,4529.17,4533.09,4528.35,4531.97,2224,9,0,2224
2026-05-21 11:48:00,4531.99,4532.63,4530.05,4532.26,2108,12,0,2108
2026-05-21 11:51:00,4532.24,4532.27,4530.09,4531.04,2073,11,0,2073
2026-05-21 11:54:00,4531.05,4534.55,4531.05,4533.4,2329,9,0,2329
2026-05-21 11:57:00,4533.42,4534.63,4532.3,4532.54,2234,9,0,2234
2026-05-21 12:00:00,4532.53,4533.92,4531.82,4533.12,2213,9,0,2213
2026-05-21 12:03:00,4533.13,4534.72,4531.96,4534.43,2173,12,0,2173
2026-05-21 12:06:00,4534.43,4535.97,4531.88,4534.32,2246,14,0,2246
2026-05-21 12:09:00,4534.3,4537.66,4533.17,4536.75,2091,14,0,2091
2026-05-21 12:12:00,4536.77,4540.44,4536.61,4537.85,2048,11,0,2048
2026-05-21 12:15:00,4537.85,4539.41,4536.44,4537.97,2297,9,0,2297
2026-05-21 12:18:00,4537.97,4541.41,4537.35,4541.4,2221,9,0,2221
2026-05-21 12:21:00,4541.41,4542.47,4540.05,4540.42,2061,14,0,2061
2026-05-21 12:24:00,4540.43,4540.44,4535.72,4535.84,2125,9,0,2125
2026-05-21 12:27:00,4535.81,4539.54,4535.49,4536.97,2120,13,0,2120
2026-05-21 12:30:00,4536.96,4543.18,4535.6,4536.44,2299,14,0,2299
2026-05-21 12:33:00,4536.44,4536.99,4533.55,4535.38,2049,11,0,2049
2026-05-21 12:36:00,4535.37,4536.75,4534.41,4534.47,2071,9,0,2071
2026-05-21 12:39:00,4534.5,4534.87,4532.62,4533.73,2182,9,0,2182
2026-05-21 12:42:00,4533.73,4534.81,4529.69,4529.86,2097,9,0,2097
2026-05-21 12:45:00,4529.88,4531.99,4527.71,4531.76,2126,13,0,2126
2026-05-21 12:48:00,4531.76,4532.44,4531.16,4532.18,1968,11,0,1968
2026-05-21 12:51:00,4532.19,4533.12,4531.56,4532.29,1944,10,0,1944
2026-05-21 12:54:00,4532.3,4533.13,4531.8,4531.88,1891,12,0,1891
2026-05-21 12:57:00,4531.85,4531.94,4529.82,4530.69,1941,14,0,1941
2026-05-21 13:00:00,4530.68,4533.3,4530.11,4532.82,1952,14,0,1952
2026-05-21 13:03:00,4532.8,4533.8,4531.86,4531.99,1958,14,0,1958
2026-05-21 13:06:00,4531.99,4533.48,4530.69,4533.2,2006,14,0,2006
2026-05-21 13:09:00,4533.18,4535.3,4532.14,4532.46,2169,14,0,2169
2026-05-21 13:12:00,4532.47,4533.54,4530.06,4532.68,2001,14,0,2001
2026-05-21 13:15:00,4532.69,4533.47,4530.84,4532.65,2141,14,0,2141
2026-05-21 13:18:00,4532.65,4534.73,4532.55,4533.55,1979,13,0,1979
2026-05-21 13:21:00,4533.53,4533.7,4532.19,4533.67,2038,12,0,2038
2026-05-21 13:24:00,4533.7,4534.7,4513.0,4513.31,2833,10,0,2833
2026-05-21 13:27:00,4513.31,4520.34,4510.77,4518.08,3075,14,0,3075
2026-05-21 13:30:00,4518.07,4518.47,4508.09,4510.09,3095,14,0,3095
2026-05-21 13:33:00,4510.13,4515.05,4508.44,4512.79,2734,14,0,2734
2026-05-21 13:36:00,4512.82,4517.93,4511.39,4512.35,2689,14,0,2689
2026-05-21 13:39:00,4512.32,4512.38,4504.91,4509.18,2921,14,0,2921
2026-05-21 13:42:00,4509.19,4518.14,4507.35,4517.0,2541,14,0,2541
2026-05-21 13:45:00,4516.98,4517.84,4513.83,4516.69,2465,13,0,2465
2026-05-21 13:48:00,4516.72,4517.53,4513.62,4515.32,2534,13,0,2534
2026-05-21 13:51:00,4515.35,4517.12,4510.91,4513.92,2442,13,0,2442
2026-05-21 13:54:00,4513.88,4516.36,4511.73,4513.91,2335,13,0,2335
2026-05-21 13:57:00,4513.94,4514.94,4510.82,4511.52,2307,12,0,2307
2026-05-21 14:00:00,4511.52,4517.91,4510.76,4517.09,2577,12,0,2577
2026-05-21 14:03:00,4517.07,4520.08,4515.73,4516.14,2445,12,0,2445
2026-05-21 14:06:00,4516.15,4518.23,4515.12,4517.71,2322,11,0,2322
2026-05-21 14:09:00,4517.71,4518.21,4514.99,4517.38,2256,12,0,2256
2026-05-21 14:12:00,4517.38,4518.18,4515.21,4516.33,2195,13,0,2195
2026-05-21 14:15:00,4516.31,4517.57,4515.73,4516.74,2123,12,0,2123
2026-05-21 14:18:00,4516.73,4520.25,4515.98,4518.14,2106,13,0,2106
2026-05-21 14:21:00,4518.14,4521.25,4515.28,4515.31,2457,14,0,2457
2026-05-21 14:24:00,4515.35,4516.98,4513.09,4514.14,2109,14,0,2109
2026-05-21 14:27:00,4514.14,4514.59,4512.6,4514.1,2139,9,0,2139
2026-05-21 14:30:00,4514.13,4515.91,4513.27,4513.36,2100,9,0,2100
2026-05-21 14:33:00,4513.35,4513.37,4510.24,4510.48,2071,10,0,2071
2026-05-21 14:36:00,4510.46,4512.19,4508.16,4510.99,2087,13,0,2087
2026-05-21 14:39:00,4511.01,4512.66,4510.08,4512.21,2062,13,0,2062
2026-05-21 14:42:00,4512.24,4514.14,4511.66,4512.22,2071,13,0,2071
2026-05-21 14:45:00,4512.24,4515.13,4511.83,4514.08,2023,11,0,2023
2026-05-21 14:48:00,4514.05,4515.05,4512.78,4514.53,1977,12,0,1977
2026-05-21 14:51:00,4514.53,4517.37,4514.41,4516.26,2030,13,0,2030
2026-05-21 14:54:00,4516.23,4516.49,4510.88,4513.01,2183,11,0,2183
2026-05-21 14:57:00,4513.01,4514.14,4511.39,4514.13,2084,13,0,2084
2026-05-21 15:00:00,4514.15,4516.85,4514.1,4515.54,2195,12,0,2195
2026-05-21 15:03:00,4515.54,4516.0,4513.72,4515.21,2252,9,0,2252
2026-05-21 15:06:00,4515.21,4517.77,4514.46,4517.17,2209,12,0,2209
2026-05-21 15:09:00,4517.09,4519.31,4516.26,4517.32,2203,13,0,2203
2026-05-21 15:12:00,4517.33,4517.63,4513.75,4514.68,2102,11,0,2102
2026-05-21 15:15:00,4514.71,4514.75,4509.77,4512.85,2231,14,0,2231
2026-05-21 15:18:00,4512.85,4513.46,4508.5,4508.73,2193,11,0,2193
2026-05-21 15:21:00,4508.75,4510.18,4506.81,4508.95,2295,14,0,2295
2026-05-21 15:24:00,4508.74,4509.2,4503.96,4507.05,2354,14,0,2354
2026-05-21 15:27:00,4507.07,4508.06,4504.49,4507.17,2075,10,0,2075
2026-05-21 15:30:00,4507.31,4512.53,4505.6,4510.53,2261,13,0,2261
2026-05-21 15:33:00,4510.52,4518.02,4509.19,4514.25,3178,14,0,3178
2026-05-21 15:36:00,4514.25,4517.07,4508.74,4513.79,2675,14,0,2675
2026-05-21 15:39:00,4513.72,4514.74,4510.97,4512.31,2438,14,0,2438
2026-05-21 15:42:00,4512.28,4515.12,4510.27,4515.02,2358,13,0,2358
2026-05-21 15:45:00,4515.05,4518.19,4510.56,4510.96,2295,13,0,2295
2026-05-21 15:48:00,4510.96,4513.31,4508.44,4509.87,2143,14,0,2143
2026-05-21 15:51:00,4509.94,4510.89,4508.37,4508.69,2234,14,0,2234
2026-05-21 15:54:00,4508.72,4510.56,4504.29,4506.34,2300,14,0,2300
2026-05-21 15:57:00,4506.28,4508.02,4501.46,4504.13,2387,14,0,2387
2026-05-21 16:00:00,4504.14,4511.3,4499.41,4511.07,2870,14,0,2870
2026-05-21 16:03:00,4511.04,4512.82,4507.92,4512.06,2611,13,0,2611
2026-05-21 16:06:00,4512.05,4512.31,4503.19,4504.68,2656,12,0,2656
2026-05-21 16:09:00,4504.67,4505.28,4501.89,4503.74,2692,14,0,2692
2026-05-21 16:12:00,4503.72,4504.98,4500.9,4502.33,2569,9,0,2569
2026-05-21 16:15:00,4502.34,4505.41,4497.6,4505.31,2690,9,0,2690
2026-05-21 16:18:00,4505.3,4505.48,4496.93,4501.11,2604,14,0,2604
2026-05-21 16:21:00,4501.07,4503.03,4498.9,4501.25,2723,9,0,2723
2026-05-21 16:24:00,4501.24,4501.5,4495.47,4499.47,2596,9,0,2596
2026-05-21 16:27:00,4499.47,4500.41,4497.51,4500.36,2906,9,0,2906
2026-05-21 16:30:00,4500.37,4501.29,4494.75,4496.11,2944,10,0,2944
2026-05-21 16:33:00,4496.12,4496.72,4490.12,4492.48,2868,11,0,2868
2026-05-21 16:36:00,4492.49,4495.88,4490.0,4490.71,2893,11,0,2893
2026-05-21 16:39:00,4490.75,4498.44,4488.73,4498.11,2822,14,0,2822
2026-05-21 16:42:00,4498.24,4502.6,4494.95,4497.81,2701,13,0,2701
2026-05-21 16:45:00,4497.78,4500.44,4494.89,4499.94,2871,12,0,2871
2026-05-21 16:48:00,4499.97,4503.82,4498.91,4503.61,2845,9,0,2845
2026-05-21 16:51:00,4503.62,4515.9,4500.74,4514.13,3354,10,0,3354
2026-05-21 16:54:00,4514.28,4520.88,4512.32,4513.38,3365,14,0,3365
2026-05-21 16:57:00,4513.38,4516.49,4511.76,4513.15,3034,12,0,3034
2026-05-21 17:00:00,4513.15,4515.34,4505.5,4507.52,2812,13,0,2812
2026-05-21 17:03:00,4507.51,4510.95,4506.09,4506.8,2695,9,0,2695
2026-05-21 17:06:00,4506.77,4506.8,4502.65,4503.86,2594,12,0,2594
2026-05-21 17:09:00,4503.88,4508.09,4503.83,4505.59,2541,10,0,2541
2026-05-21 17:12:00,4505.6,4510.14,4503.73,4508.11,2594,12,0,2594
2026-05-21 17:15:00,4508.11,4509.43,4498.69,4504.66,3046,14,0,3046
2026-05-21 17:18:00,4504.64,4505.12,4499.35,4499.41,2850,12,0,2850
2026-05-21 17:21:00,4499.4,4503.98,4498.12,4501.44,2894,12,0,2894
2026-05-21 17:24:00,4501.42,4503.74,4500.9,4502.29,2784,9,0,2784
2026-05-21 17:27:00,4502.26,4507.79,4501.92,4507.48,2546,11,0,2546
2026-05-21 17:30:00,4507.46,4510.17,4507.28,4509.33,2641,13,0,2641
2026-05-21 17:33:00,4509.31,4509.51,4505.05,4508.77,2510,13,0,2510
2026-05-21 17:36:00,4508.77,4511.07,4507.96,4510.7,2516,14,0,2516
2026-05-21 17:39:00,4510.76,4511.21,4502.79,4504.15,2618,13,0,2618
2026-05-21 17:42:00,4504.18,4506.18,4502.51,4504.79,2521,14,0,2521
2026-05-21 17:45:00,4504.76,4509.49,4504.0,4505.32,2596,14,0,2596
2026-05-21 17:48:00,4505.35,4505.8,4501.66,4503.51,2583,14,0,2583
2026-05-21 17:51:00,4503.47,4507.73,4502.61,4504.95,2694,13,0,2694
2026-05-21 17:54:00,4504.94,4510.61,4504.94,4508.62,2729,13,0,2729
2026-05-21 17:57:00,4508.6,4510.41,4507.41,4508.85,2675,9,0,2675
2026-05-21 18:00:00,4508.7,4510.34,4505.87,4506.12,2631,11,0,2631
2026-05-21 18:03:00,4506.07,4507.11,4501.78,4502.51,2467,11,0,2467
2026-05-21 18:06:00,4502.53,4504.82,4496.65,4498.48,2926,12,0,2926
2026-05-21 18:09:00,4498.62,4504.79,4497.67,4503.23,2903,13,0,2903
2026-05-21 18:12:00,4503.22,4515.42,4502.59,4510.04,2822,14,0,2822
2026-05-21 18:15:00,4510.1,4511.62,4507.57,4508.67,2584,12,0,2584
2026-05-21 18:18:00,4508.68,4509.94,4507.22,4509.33,2407,11,0,2407
2026-05-21 18:21:00,4509.33,4509.47,4503.16,4503.64,2508,11,0,2508
2026-05-21 18:24:00,4503.63,4505.12,4503.31,4503.97,2407,10,0,2407
2026-05-21 18:27:00,4503.97,4505.3,4502.19,4503.42,2464,12,0,2464
2026-05-21 18:30:00,4503.46,4507.24,4502.57,4506.58,2416,13,0,2416
2026-05-21 18:33:00,4506.56,4509.47,4506.4,4508.91,2365,14,0,2365
2026-05-21 18:36:00,4508.91,4509.84,4507.86,4508.45,2294,13,0,2294
2026-05-21 18:39:00,4508.43,4509.83,4507.11,4507.96,2224,12,0,2224
2026-05-21 18:42:00,4507.94,4508.53,4506.5,4506.88,2206,13,0,2206
2026-05-21 18:45:00,4506.97,4509.79,4506.68,4509.06,2225,14,0,2225
2026-05-21 18:48:00,4509.07,4510.99,4508.31,4510.46,2242,13,0,2242
2026-05-21 18:51:00,4510.4,4512.69,4509.66,4511.59,2200,14,0,2200
2026-05-21 18:54:00,4511.59,4512.44,4509.41,4510.54,2125,14,0,2125
2026-05-21 18:57:00,4510.54,4512.68,4510.48,4511.94,2141,13,0,2141
2026-05-21 19:00:00,4511.92,4518.93,4511.9,4515.34,2480,14,0,2480
2026-05-21 19:03:00,4515.35,4518.24,4515.11,4517.82,2154,14,0,2154
2026-05-21 19:06:00,4517.82,4520.68,4517.56,4519.89,2421,14,0,2421
2026-05-21 19:09:00,4519.88,4520.47,4517.1,4519.29,2440,14,0,2440
2026-05-21 19:12:00,4519.29,4519.46,4514.72,4517.21,2507,13,0,2507
2026-05-21 19:15:00,4517.23,4517.52,4514.6,4517.3,2146,10,0,2146
2026-05-21 19:18:00,4517.26,4518.88,4516.56,4517.65,2164,9,0,2164
2026-05-21 19:21:00,4517.6,4518.76,4515.47,4517.11,2376,9,0,2376
2026-05-21 19:24:00,4517.11,4517.77,4516.08,4516.67,2172,10,0,2172
2026-05-21 19:27:00,4516.66,4517.92,4515.98,4516.53,2081,12,0,2081
2026-05-21 19:30:00,4516.54,4518.95,4516.2,4517.25,2189,13,0,2189
2026-05-21 19:33:00,4517.24,4519.34,4516.63,4519.06,2039,12,0,2039
2026-05-21 19:36:00,4519.06,4519.07,4516.22,4516.75,2070,14,0,2070
2026-05-21 19:39:00,4516.73,4517.0,4515.56,4516.86,2033,13,0,2033
2026-05-21 19:42:00,4516.89,4518.28,4516.89,4518.11,1978,14,0,1978
2026-05-21 19:45:00,4518.09,4520.25,4518.09,4519.82,2158,14,0,2158
2026-05-21 19:48:00,4519.8,4519.88,4516.29,4516.52,2091,12,0,2091
2026-05-21 19:51:00,4516.52,4519.01,4516.35,4518.71,2040,13,0,2040
2026-05-21 19:54:00,4518.69,4518.81,4516.79,4517.46,2027,14,0,2027
2026-05-21 19:57:00,4517.51,4519.61,4517.02,4519.47,2040,11,0,2040
2026-05-21 20:00:00,4519.47,4522.15,4518.53,4518.59,2180,11,0,2180
2026-05-21 20:03:00,4518.57,4519.58,4515.27,4515.56,2213,13,0,2213
2026-05-21 20:06:00,4515.57,4518.27,4514.14,4517.07,2190,13,0,2190
2026-05-21 20:09:00,4517.05,4531.63,4516.72,4527.34,2844,12,0,2844
2026-05-21 20:12:00,4527.34,4530.89,4523.0,4526.37,2998,14,0,2998
2026-05-21 20:15:00,4526.41,4540.67,4526.18,4535.06,3357,14,0,3357
2026-05-21 20:18:00,4535.1,4544.18,4531.88,4542.86,3113,14,0,3113
2026-05-21 20:21:00,4542.83,4546.35,4533.34,4536.07,3246,14,0,3246
2026-05-21 20:24:00,4536.15,4538.44,4534.17,4536.92,2914,14,0,2914
2026-05-21 20:27:00,4536.93,4542.05,4536.15,4541.69,2755,14,0,2755
2026-05-21 20:30:00,4541.58,4548.97,4540.95,4542.89,2708,14,0,2708
2026-05-21 20:33:00,4542.9,4543.75,4538.72,4543.69,2609,14,0,2609
2026-05-21 20:36:00,4543.69,4544.98,4542.0,4542.86,2560,13,0,2560
2026-05-21 20:39:00,4542.9,4546.72,4541.88,4545.27,2580,12,0,2580
2026-05-21 20:42:00,4545.64,4548.37,4544.6,4548.23,2475,14,0,2475
2026-05-21 20:45:00,4548.24,4548.87,4545.02,4545.57,2477,14,0,2477
2026-05-21 20:48:00,4545.54,4553.63,4545.11,4553.35,2608,13,0,2608
2026-05-21 20:51:00,4553.36,4557.37,4552.92,4554.66,2610,13,0,2610
2026-05-21 20:54:00,4554.63,4559.28,4554.08,4556.1,2668,13,0,2668
2026-05-21 20:57:00,4556.15,4557.62,4551.35,4551.47,2720,13,0,2720
2026-05-21 21:00:00,4551.46,4556.08,4547.92,4549.21,2596,14,0,2596
2026-05-21 21:03:00,4549.21,4550.96,4543.02,4545.4,2704,14,0,2704
2026-05-21 21:06:00,4545.53,4548.95,4545.53,4548.41,2385,11,0,2385
2026-05-21 21:09:00,4548.4,4549.75,4544.67,4546.15,2360,10,0,2360
2026-05-21 21:12:00,4546.22,4548.23,4544.36,4546.06,2417,10,0,2417
2026-05-21 21:15:00,4546.05,4547.45,4544.38,4545.17,2532,9,0,2532
2026-05-21 21:18:00,4545.21,4550.71,4545.17,4549.8,2492,9,0,2492
2026-05-21 21:21:00,4549.82,4550.64,4546.68,4547.53,2260,9,0,2260
2026-05-21 21:24:00,4547.51,4550.67,4547.5,4548.21,2241,12,0,2241
2026-05-21 21:27:00,4548.24,4550.52,4547.06,4548.47,2301,12,0,2301
2026-05-21 21:30:00,4548.45,4549.49,4546.51,4546.65,2223,14,0,2223
2026-05-21 21:33:00,4546.64,4547.07,4544.25,4544.25,2117,13,0,2117
2026-05-21 21:36:00,4544.28,4546.34,4542.9,4543.71,2173,14,0,2173
2026-05-21 21:39:00,4543.74,4547.15,4542.9,4545.69,2188,14,0,2188
2026-05-21 21:42:00,4545.68,4545.98,4544.18,4545.33,2116,14,0,2116
2026-05-21 21:45:00,4545.32,4546.03,4542.4,4543.03,2194,14,0,2194
2026-05-21 21:48:00,4543.04,4543.72,4535.9,4540.16,2626,14,0,2626
2026-05-21 21:51:00,4540.19,4541.7,4530.53,4531.58,2886,14,0,2886
2026-05-21 21:54:00,4531.56,4534.29,4527.38,4528.24,3129,14,0,3129
2026-05-21 21:57:00,4528.21,4532.08,4527.97,4531.95,2613,14,0,2613
2026-05-21 22:00:00,4531.97,4536.08,4531.57,4534.74,2502,14,0,2502
2026-05-21 22:03:00,4534.73,4537.2,4533.54,4533.99,2225,13,0,2225
2026-05-21 22:06:00,4534.0,4536.04,4529.84,4536.03,2484,13,0,2484
2026-05-21 22:09:00,4536.04,4537.74,4534.48,4535.33,2153,12,0,2153
2026-05-21 22:12:00,4535.34,4537.89,4535.1,4537.87,2147,10,0,2147
2026-05-21 22:15:00,4537.89,4540.35,4537.85,4540.27,2131,12,0,2131
2026-05-21 22:18:00,4540.3,4542.01,4539.57,4540.96,2096,13,0,2096
2026-05-21 22:21:00,4540.96,4542.11,4539.11,4539.58,2086,14,0,2086
2026-05-21 22:24:00,4539.57,4540.27,4538.11,4539.61,2100,14,0,2100
2026-05-21 22:27:00,4539.59,4540.48,4537.72,4538.88,2074,14,0,2074
2026-05-21 22:30:00,4538.9,4540.71,4538.63,4540.02,2037,14,0,2037
2026-05-21 22:33:00,4540.05,4540.81,4539.03,4540.21,2063,14,0,2063
2026-05-21 22:36:00,4540.19,4542.33,4539.74,4541.75,2002,14,0,2002
2026-05-21 22:39:00,4541.76,4543.3,4540.72,4541.2,1917,14,0,1917
2026-05-21 22:42:00,4541.22,4541.23,4539.18,4539.4,2017,14,0,2017
2026-05-21 22:45:00,4539.39,4540.92,4539.01,4540.74,1971,14,0,1971
2026-05-21 22:48:00,4540.76,4543.15,4540.17,4542.41,2009,14,0,2009
2026-05-21 22:51:00,4542.42,4542.6,4538.65,4538.9,2065,14,0,2065
2026-05-21 22:54:00,4538.9,4543.46,4534.64,4542.74,2643,14,0,2643
2026-05-21 22:57:00,4542.85,4543.75,4541.34,4542.89,2356,14,0,2356
2026-05-21 23:00:00,4543.06,4544.2,4541.32,4542.45,2166,13,0,2166
2026-05-21 23:03:00,4542.45,4543.59,4541.27,4543.23,2010,12,0,2010
2026-05-21 23:06:00,4543.24,4544.81,4541.21,4541.3,1974,14,0,1974
2026-05-21 23:09:00,4541.29,4542.6,4541.2,4542.26,1839,12,0,1839
2026-05-21 23:12:00,4542.28,4543.24,4541.57,4542.53,1885,14,0,1885
2026-05-21 23:15:00,4542.55,4542.55,4541.25,4541.43,1860,13,0,1860
2026-05-21 23:18:00,4541.42,4542.72,4541.38,4541.94,1780,13,0,1780
2026-05-21 23:21:00,4541.97,4542.01,4540.55,4541.93,1847,14,0,1847
2026-05-21 23:24:00,4541.94,4541.99,4540.27,4541.09,1824,14,0,1824
2026-05-21 23:27:00,4541.12,4541.4,4540.44,4541.36,1794,14,0,1794
2026-05-21 23:30:00,4541.36,4542.23,4540.5,4541.5,1783,14,0,1783
2026-05-21 23:33:00,4541.49,4541.63,4540.4,4540.65,1832,14,0,1832
2026-05-21 23:36:00,4540.64,4542.05,4540.35,4541.49,1778,14,0,1778
2026-05-21 23:39:00,4541.48,4541.86,4541.28,4541.53,1771,14,0,1771
2026-05-21 23:42:00,4541.52,4541.57,4540.38,4540.78,1787,22,0,1787
2026-05-21 23:45:00,4540.75,4541.29,4540.35,4540.91,1781,22,0,1781
2026-05-21 23:48:00,4540.93,4540.95,4539.76,4540.26,1818,22,0,1818
2026-05-21 23:51:00,4540.26,4542.05,4540.03,4541.23,1828,22,0,1828
2026-05-21 23:54:00,4541.22,4542.62,4541.11,4542.14,1860,22,0,1860
2026-05-21 23:57:00,4542.15,4543.22,4542.13,4543.19,1187,22,0,1187
2026-05-22 01:00:00,4544.22,4546.02,4540.68,4544.5,4945,16,0,4945
2026-05-22 01:03:00,4544.5,4545.8,4542.65,4543.3,5212,15,0,5212
2026-05-22 01:06:00,4543.28,4544.36,4540.67,4541.08,2579,15,0,2579
2026-05-22 01:09:00,4541.05,4542.96,4539.84,4542.93,1851,15,0,1851
2026-05-22 01:12:00,4542.93,4543.41,4541.87,4541.87,1724,15,0,1724
2026-05-22 01:15:00,4541.9,4543.22,4541.54,4542.22,1819,15,0,1819
2026-05-22 01:18:00,4542.23,4542.65,4541.77,4542.12,1751,15,0,1751
2026-05-22 01:21:00,4542.12,4542.5,4541.49,4541.98,1798,15,0,1798
2026-05-22 01:24:00,4541.98,4541.99,4539.99,4540.2,1854,15,0,1854
2026-05-22 01:27:00,4540.21,4541.37,4539.99,4541.08,1755,16,0,1755
2026-05-22 01:30:00,4541.06,4541.58,4540.64,4540.8,1740,16,0,1740
2026-05-22 01:33:00,4540.8,4541.31,4540.39,4541.31,1716,16,0,1716
2026-05-22 01:36:00,4541.29,4541.49,4539.9,4539.94,1744,16,0,1744
2026-05-22 01:39:00,4539.95,4542.8,4539.65,4540.93,1823,16,0,1823
2026-05-22 01:42:00,4540.93,4543.63,4540.81,4542.61,1806,16,0,1806
2026-05-22 01:45:00,4542.61,4543.22,4542.42,4542.77,1770,15,0,1770
2026-05-22 01:48:00,4542.78,4542.8,4541.59,4541.88,1768,15,0,1768
2026-05-22 01:51:00,4541.87,4542.3,4541.0,4541.38,1762,15,0,1762
2026-05-22 01:54:00,4541.36,4542.22,4540.77,4540.79,1791,15,0,1791
2026-05-22 01:57:00,4540.78,4543.26,4540.78,4543.24,1774,14,0,1774
2026-05-22 02:00:00,4543.25,4544.97,4543.2,4543.66,1858,14,0,1858
2026-05-22 02:03:00,4543.66,4544.77,4542.91,4543.24,1779,14,0,1779
2026-05-22 02:06:00,4543.24,4543.81,4542.64,4543.16,1767,13,0,1767
2026-05-22 02:09:00,4543.16,4544.28,4542.62,4543.42,1710,13,0,1710
2026-05-22 02:12:00,4543.45,4543.97,4542.88,4543.72,1743,14,0,1743
2026-05-22 02:15:00,4543.74,4544.44,4543.47,4543.6,1730,15,0,1730
2026-05-22 02:18:00,4543.6,4543.62,4541.18,4541.56,1860,15,0,1860
2026-05-22 02:21:00,4541.55,4541.63,4539.43,4540.01,1820,14,0,1820
2026-05-22 02:24:00,4540.04,4540.04,4536.97,4539.53,1781,13,0,1781
2026-05-22 02:27:00,4539.55,4541.18,4539.54,4540.52,1767,13,0,1767
2026-05-22 02:30:00,4540.54,4540.54,4536.73,4537.45,1828,16,0,1828
2026-05-22 02:33:00,4537.44,4537.97,4536.46,4536.51,1795,13,0,1795
2026-05-22 02:36:00,4536.55,4537.99,4535.64,4537.81,1800,14,0,1800
2026-05-22 02:39:00,4537.81,4537.91,4534.59,4535.06,1852,13,0,1852
2026-05-22 02:42:00,4535.12,4535.81,4532.71,4532.71,1903,16,0,1903
2026-05-22 02:45:00,4532.6,4535.76,4532.59,4535.57,1924,16,0,1924
2026-05-22 02:48:00,4535.55,4536.04,4533.37,4535.12,1863,14,0,1863
2026-05-22 02:51:00,4535.11,4536.56,4534.42,4535.02,1890,15,0,1890
2026-05-22 02:54:00,4535.03,4535.29,4532.52,4533.85,1829,14,0,1829
2026-05-22 02:57:00,4533.85,4535.98,4533.61,4535.49,1776,13,0,1776
2026-05-22 03:00:00,4535.48,4536.93,4530.92,4532.54,2224,16,0,2224
2026-05-22 03:03:00,4532.56,4533.53,4531.18,4533.45,2072,13,0,2072
2026-05-22 03:06:00,4533.44,4534.47,4531.7,4532.95,2267,13,0,2267
2026-05-22 03:09:00,4532.95,4533.97,4531.8,4531.89,2064,13,0,2064
2026-05-22 03:12:00,4531.91,4532.88,4531.36,4531.39,2095,13,0,2095
2026-05-22 03:15:00,4531.36,4534.19,4530.23,4532.76,2141,14,0,2141
2026-05-22 03:18:00,4532.77,4533.4,4531.85,4532.68,2068,14,0,2068
2026-05-22 03:21:00,4532.69,4537.33,4531.91,4533.61,2170,16,0,2170
2026-05-22 03:24:00,4533.59,4534.52,4533.04,4533.79,1977,13,0,1977
2026-05-22 03:27:00,4533.76,4536.46,4533.34,4536.27,1969,13,0,1969
2026-05-22 03:30:00,4536.28,4538.64,4535.84,4538.55,2033,13,0,2033
2026-05-22 03:33:00,4538.59,4539.26,4536.24,4539.18,2019,13,0,2019
2026-05-22 03:36:00,4539.15,4541.06,4538.36,4540.25,1990,14,0,1990
2026-05-22 03:39:00,4540.27,4541.06,4539.21,4539.83,2001,13,0,2001
2026-05-22 03:42:00,4539.82,4540.71,4537.35,4538.0,1989,13,0,1989
2026-05-22 03:45:00,4538.02,4538.91,4533.85,4534.58,2071,13,0,2071
2026-05-22 03:48:00,4534.59,4535.95,4533.37,4533.39,1965,13,0,1965
2026-05-22 03:51:00,4533.39,4533.4,4527.53,4528.76,2142,16,0,2142
2026-05-22 03:54:00,4528.77,4530.61,4527.71,4530.23,2104,13,0,2104
2026-05-22 03:57:00,4530.19,4530.28,4525.45,4526.68,2048,13,0,2048
2026-05-22 04:00:00,4526.63,4536.14,4526.1,4528.92,2626,16,0,2626
2026-05-22 04:03:00,4528.93,4533.49,4523.64,4525.82,2596,16,0,2596
2026-05-22 04:06:00,4525.8,4531.02,4524.93,4526.39,2369,16,0,2369
2026-05-22 04:09:00,4526.38,4527.27,4523.4,4525.55,2261,15,0,2261
2026-05-22 04:12:00,4525.53,4529.89,4525.51,4529.73,2101,14,0,2101
2026-05-22 04:15:00,4529.73,4531.52,4528.57,4530.01,2127,14,0,2127
2026-05-22 04:18:00,4530.01,4533.5,4529.18,4533.0,2216,15,0,2216
2026-05-22 04:21:00,4532.98,4533.22,4529.66,4529.76,2091,13,0,2091
2026-05-22 04:24:00,4529.76,4532.12,4526.38,4531.37,2153,15,0,2153
2026-05-22 04:27:00,4531.37,4531.75,4529.01,4529.3,1990,13,0,1990
2026-05-22 04:30:00,4529.04,4529.85,4525.38,4525.52,2217,13,0,2217
2026-05-22 04:33:00,4525.51,4526.85,4522.28,4524.49,2116,14,0,2116
2026-05-22 04:36:00,4524.51,4526.54,4522.0,4523.22,2102,16,0,2102
2026-05-22 04:39:00,4523.21,4525.22,4521.07,4524.24,2096,16,0,2096
2026-05-22 04:42:00,4524.26,4527.73,4524.25,4525.18,2144,13,0,2144
2026-05-22 04:45:00,4525.19,4529.11,4524.81,4527.05,2152,13,0,2152
2026-05-22 04:48:00,4527.03,4531.75,4525.91,4530.33,2175,13,0,2175
2026-05-22 04:51:00,4530.33,4531.91,4528.31,4528.35,2050,13,0,2050
2026-05-22 04:54:00,4528.37,4528.51,4525.75,4526.8,2127,14,0,2127
2026-05-22 04:57:00,4526.81,4527.83,4525.06,4526.36,2059,13,0,2059
2026-05-22 05:00:00,4526.35,4528.54,4524.87,4527.96,2069,16,0,2069
2026-05-22 05:03:00,4527.94,4528.31,4523.86,4524.46,2004,14,0,2004
2026-05-22 05:06:00,4524.48,4526.27,4521.47,4525.83,2070,15,0,2070
2026-05-22 05:09:00,4525.74,4527.92,4523.78,4527.45,2021,13,0,2021
2026-05-22 05:12:00,4527.44,4529.4,4526.97,4527.58,2041,13,0,2041
2026-05-22 05:15:00,4527.59,4529.03,4524.96,4527.54,1992,14,0,1992
2026-05-22 05:18:00,4527.57,4527.87,4522.74,4524.09,1947,13,0,1947
2026-05-22 05:21:00,4524.08,4525.97,4522.82,4524.76,1960,13,0,1960
2026-05-22 05:24:00,4524.75,4524.99,4523.72,4524.8,1908,13,0,1908
2026-05-22 05:27:00,4524.8,4525.49,4523.51,4524.66,1917,13,0,1917
2026-05-22 05:30:00,4524.64,4524.65,4520.82,4522.18,2222,16,0,2222
2026-05-22 05:33:00,4522.15,4522.36,4518.58,4520.26,2138,15,0,2138
2026-05-22 05:36:00,4520.26,4522.57,4519.84,4521.04,2006,13,0,2006
2026-05-22 05:39:00,4521.01,4523.35,4520.92,4523.08,2064,13,0,2064
2026-05-22 05:42:00,4523.1,4524.58,4522.78,4522.78,2036,13,0,2036
2026-05-22 05:45:00,4522.79,4523.72,4522.13,4523.43,1951,13,0,1951
2026-05-22 05:48:00,4523.43,4526.47,4523.1,4526.07,1996,13,0,1996
2026-05-22 05:51:00,4526.05,4527.13,4522.83,4523.16,2004,15,0,2004
2026-05-22 05:54:00,4523.13,4523.61,4519.93,4520.46,2016,16,0,2016
2026-05-22 05:57:00,4520.46,4523.32,4519.58,4523.23,2044,15,0,2044
2026-05-22 06:00:00,4523.22,4524.97,4522.24,4522.24,2041,13,0,2041
2026-05-22 06:03:00,4522.23,4525.28,4521.53,4522.33,1942,13,0,1942
2026-05-22 06:06:00,4522.31,4523.88,4521.29,4522.28,1991,13,0,1991
2026-05-22 06:09:00,4522.26,4523.75,4521.93,4523.74,1963,13,0,1963
2026-05-22 06:12:00,4523.72,4524.6,4520.61,4521.12,1980,13,0,1980
2026-05-22 06:15:00,4521.12,4522.82,4520.57,4521.67,1921,13,0,1921
2026-05-22 06:18:00,4521.69,4522.96,4520.13,4522.57,1961,13,0,1961
2026-05-22 06:21:00,4522.58,4522.85,4520.34,4520.39,1945,15,0,1945
2026-05-22 06:24:00,4520.39,4521.41,4519.25,4520.68,1929,14,0,1929
2026-05-22 06:27:00,4520.68,4522.34,4520.62,4521.78,1933,13,0,1933
2026-05-22 06:30:00,4521.79,4525.23,4521.71,4524.83,2136,14,0,2136
2026-05-22 06:33:00,4524.95,4526.07,4522.94,4523.01,1834,13,0,1834
2026-05-22 06:36:00,4523.0,4526.03,4523.0,4525.42,1773,13,0,1773
2026-05-22 06:39:00,4525.42,4525.99,4523.62,4525.85,1863,13,0,1863
2026-05-22 06:42:00,4525.84,4527.76,4525.46,4526.97,1832,13,0,1832
2026-05-22 06:45:00,4526.96,4530.04,4526.81,4529.28,1888,13,0,1888
2026-05-22 06:48:00,4529.26,4529.83,4528.28,4528.85,1825,13,0,1825
2026-05-22 06:51:00,4528.85,4528.89,4526.41,4527.19,1868,13,0,1868
2026-05-22 06:54:00,4527.2,4528.0,4527.16,4528.0,1841,13,0,1841
2026-05-22 06:57:00,4528.0,4529.73,4527.62,4529.43,1819,13,0,1819
2026-05-22 07:00:00,4529.45,4530.0,4528.55,4528.97,1867,13,0,1867
2026-05-22 07:03:00,4529.0,4529.54,4528.23,4529.03,1795,14,0,1795
2026-05-22 07:06:00,4529.05,4530.11,4528.35,4529.22,1906,15,0,1906
2026-05-22 07:09:00,4529.24,4529.94,4527.81,4528.54,1909,14,0,1909
2026-05-22 07:12:00,4528.56,4529.91,4527.98,4529.18,1865,13,0,1865
2026-05-22 07:15:00,4529.19,4529.71,4528.86,4529.37,1827,13,0,1827
2026-05-22 07:18:00,4529.38,4529.92,4527.6,4528.19,1888,14,0,1888
2026-05-22 07:21:00,4528.16,4529.37,4527.84,4528.72,1852,13,0,1852
2026-05-22 07:24:00,4528.69,4529.05,4527.89,4528.41,1892,13,0,1892
2026-05-22 07:27:00,4528.41,4532.99,4528.19,4532.28,2023,14,0,2023
2026-05-22 07:30:00,4532.27,4532.8,4530.05,4530.47,1921,15,0,1921
2026-05-22 07:33:00,4530.47,4531.65,4528.7,4529.23,1825,15,0,1825
2026-05-22 07:36:00,4529.26,4529.6,4526.12,4527.65,1902,15,0,1902
2026-05-22 07:39:00,4527.65,4528.29,4525.38,4527.36,1861,16,0,1861
2026-05-22 07:42:00,4527.35,4529.34,4526.44,4528.98,1895,15,0,1895
2026-05-22 07:45:00,4529.01,4529.42,4528.19,4528.6,1801,13,0,1801
2026-05-22 07:48:00,4528.61,4528.97,4528.15,4528.43,1822,13,0,1822
2026-05-22 07:51:00,4528.44,4530.24,4528.28,4529.23,1863,13,0,1863
2026-05-22 07:54:00,4529.24,4529.48,4528.5,4529.0,1861,14,0,1861
2026-05-22 07:57:00,4529.01,4529.13,4527.07,4527.18,1840,14,0,1840
2026-05-22 08:00:00,4527.21,4529.63,4526.02,4526.09,1988,14,0,1988
2026-05-22 08:03:00,4526.07,4527.14,4523.58,4526.23,1993,16,0,1993
2026-05-22 08:06:00,4526.2,4527.76,4525.78,4525.94,1852,15,0,1852
2026-05-22 08:09:00,4526.04,4527.19,4525.27,4526.06,1830,13,0,1830
2026-05-22 08:12:00,4526.04,4526.34,4525.12,4525.38,1838,13,0,1838
2026-05-22 08:15:00,4525.37,4525.67,4523.42,4524.24,1872,13,0,1872
2026-05-22 08:18:00,4524.27,4526.69,4524.24,4526.19,1856,16,0,1856
2026-05-22 08:21:00,4526.2,4528.9,4525.88,4526.11,1873,15,0,1873
2026-05-22 08:24:00,4526.08,4529.13,4525.89,4527.69,1865,16,0,1865
2026-05-22 08:27:00,4527.66,4529.08,4525.91,4526.19,1996,15,0,1996
2026-05-22 08:30:00,4526.16,4531.27,4525.02,4528.36,2136,16,0,2136
2026-05-22 08:33:00,4528.39,4529.84,4527.49,4528.77,2052,14,0,2052
2026-05-22 08:36:00,4528.77,4533.98,4528.26,4532.48,2161,14,0,2161
2026-05-22 08:39:00,4532.43,4534.19,4532.33,4532.84,2081,16,0,2081
2026-05-22 08:42:00,4532.85,4534.13,4531.43,4534.09,1998,15,0,1998
2026-05-22 08:45:00,4534.14,4534.22,4532.28,4532.55,1981,13,0,1981
2026-05-22 08:48:00,4532.58,4533.63,4531.09,4533.62,2064,13,0,2064
2026-05-22 08:51:00,4533.62,4534.2,4529.86,4529.87,2040,13,0,2040
2026-05-22 08:54:00,4529.87,4530.69,4515.38,4515.77,2348,16,0,2348
2026-05-22 08:57:00,4515.73,4517.55,4507.39,4511.45,2884,16,0,2884
2026-05-22 09:00:00,4511.36,4519.3,4510.1,4518.57,2958,14,0,2958
2026-05-22 09:03:00,4518.59,4521.15,4516.62,4519.18,2536,14,0,2536
2026-05-22 09:06:00,4519.17,4521.87,4518.49,4519.38,2365,14,0,2365
2026-05-22 09:09:00,4519.35,4523.8,4519.34,4521.95,2217,14,0,2217
2026-05-22 09:12:00,4521.95,4524.4,4521.43,4521.62,2179,14,0,2179
2026-05-22 09:15:00,4521.59,4522.95,4518.42,4519.23,2295,14,0,2295
2026-05-22 09:18:00,4519.23,4519.6,4516.4,4517.75,2206,14,0,2206
2026-05-22 09:21:00,4517.77,4525.49,4517.72,4525.17,2211,13,0,2211
2026-05-22 09:24:00,4525.18,4525.48,4521.93,4524.19,2169,13,0,2169
2026-05-22 09:27:00,4524.18,4526.28,4523.41,4525.29,2267,12,0,2267
2026-05-22 09:30:00,4525.26,4527.42,4523.26,4524.02,2347,13,0,2347
2026-05-22 09:33:00,4524.02,4527.03,4523.22,4526.33,2209,12,0,2209
2026-05-22 09:36:00,4526.32,4526.78,4524.4,4524.82,2112,13,0,2112
2026-05-22 09:39:00,4524.84,4524.84,4522.33,4522.78,2000,13,0,2000
2026-05-22 09:42:00,4522.79,4526.66,4521.68,4526.58,2071,13,0,2071
2026-05-22 09:45:00,4526.58,4528.92,4525.22,4527.07,2093,14,0,2093
2026-05-22 09:48:00,4527.1,4528.51,4526.67,4527.8,1994,13,0,1994
2026-05-22 09:51:00,4527.79,4528.06,4525.39,4525.67,2036,11,0,2036
2026-05-22 09:54:00,4525.61,4526.54,4523.89,4526.1,2125,12,0,2125
2026-05-22 09:57:00,4526.09,4527.74,4525.75,4526.88,2082,13,0,2082
2026-05-22 10:00:00,4526.89,4527.12,4522.98,4524.48,2250,14,0,2250
2026-05-22 10:03:00,4524.47,4526.27,4522.83,4522.99,2071,12,0,2071
2026-05-22 10:06:00,4523.0,4526.53,4522.97,4525.54,2052,14,0,2052
2026-05-22 10:09:00,4525.54,4526.21,4524.22,4525.88,2498,9,0,2498
2026-05-22 10:12:00,4525.91,4525.91,4521.49,4522.47,2065,9,0,2065
2026-05-22 10:15:00,4522.49,4525.4,4522.27,4525.17,1995,11,0,1995
2026-05-22 10:18:00,4525.15,4525.84,4523.92,4525.23,2308,9,0,2308
2026-05-22 10:21:00,4525.23,4527.37,4524.63,4526.43,2068,9,0,2068
2026-05-22 10:24:00,4526.43,4526.76,4525.04,4526.32,1934,9,0,1934
2026-05-22 10:27:00,4526.33,4527.43,4524.42,4525.83,1959,12,0,1959
2026-05-22 10:30:00,4525.84,4525.87,4522.07,4522.27,2084,12,0,2084
2026-05-22 10:33:00,4522.28,4523.43,4521.36,4522.37,2089,14,0,2089
2026-05-22 10:36:00,4522.34,4522.63,4519.76,4519.87,2075,12,0,2075
2026-05-22 10:39:00,4519.85,4520.42,4516.19,4519.67,2110,10,0,2110
2026-05-22 10:42:00,4519.65,4520.91,4519.17,4519.9,2129,9,0,2129
2026-05-22 10:45:00,4519.9,4520.34,4517.93,4519.02,2396,9,0,2396
2026-05-22 10:48:00,4519.04,4520.11,4517.67,4519.95,2328,9,0,2328
2026-05-22 10:51:00,4519.94,4521.24,4519.65,4520.42,2422,9,0,2422
2026-05-22 10:54:00,4520.45,4523.28,4520.41,4522.25,2079,9,0,2079
2026-05-22 10:57:00,4522.27,4522.97,4521.65,4521.91,2234,9,0,2234
2026-05-22 11:00:00,4521.89,4523.82,4521.58,4523.52,2091,9,0,2091
2026-05-22 11:03:00,4523.51,4526.04,4523.51,4524.33,1989,14,0,1989
2026-05-22 11:06:00,4524.34,4526.68,4523.8,4525.38,2036,13,0,2036
2026-05-22 11:09:00,4525.4,4529.99,4525.27,4529.65,2005,14,0,2005
2026-05-22 11:12:00,4529.66,4529.81,4524.31,4524.78,1997,14,0,1997
2026-05-22 11:15:00,4524.76,4528.7,4523.73,4527.61,2180,14,0,2180
2026-05-22 11:18:00,4527.62,4531.23,4526.78,4529.7,2351,14,0,2351
2026-05-22 11:21:00,4529.71,4530.34,4525.89,4527.46,2270,12,0,2270
2026-05-22 11:24:00,4527.43,4528.87,4526.37,4526.64,2053,12,0,2053
2026-05-22 11:27:00,4526.64,4526.91,4524.38,4526.86,2083,11,0,2083
2026-05-22 11:30:00,4526.82,4527.45,4523.52,4523.61,2155,12,0,2155
2026-05-22 11:33:00,4523.61,4523.87,4517.03,4519.85,2353,14,0,2353
2026-05-22 11:36:00,4519.87,4524.11,4518.27,4523.51,2399,14,0,2399
2026-05-22 11:39:00,4523.5,4523.5,4520.98,4522.15,2121,13,0,2121
2026-05-22 11:42:00,4522.15,4523.04,4521.49,4522.49,2116,11,0,2116
2026-05-22 11:45:00,4522.49,4524.15,4522.49,4523.34,2030,11,0,2030
2026-05-22 11:48:00,4523.31,4523.7,4521.96,4523.42,2244,9,0,2244
2026-05-22 11:51:00,4523.41,4525.06,4522.51,4523.57,2093,11,0,2093
2026-05-22 11:54:00,4523.63,4524.57,4522.49,4522.53,2039,9,0,2039
2026-05-22 11:57:00,4522.52,4522.77,4521.6,4521.89,1987,9,0,1987
2026-05-22 12:00:00,4521.87,4524.03,4520.61,4523.74,2047,12,0,2047
2026-05-22 12:03:00,4523.75,4525.25,4523.56,4525.25,1997,14,0,1997
2026-05-22 12:06:00,4525.22,4525.56,4520.16,4522.29,2009,14,0,2009
2026-05-22 12:09:00,4522.31,4523.2,4520.28,4521.87,1919,14,0,1919
2026-05-22 12:12:00,4521.85,4521.89,4517.18,4517.33,2032,12,0,2032
2026-05-22 12:15:00,4517.34,4518.03,4515.33,4516.78,2154,14,0,2154
2026-05-22 12:18:00,4516.8,4519.47,4515.23,4518.52,2033,13,0,2033
2026-05-22 12:21:00,4518.51,4519.81,4518.1,4519.44,2215,9,0,2215
2026-05-22 12:24:00,4519.43,4519.71,4517.83,4519.35,2139,9,0,2139
2026-05-22 12:27:00,4519.37,4520.57,4517.16,4517.83,2106,9,0,2106
2026-05-22 12:30:00,4517.82,4518.55,4514.81,4516.12,2235,14,0,2235
2026-05-22 12:33:00,4516.15,4519.69,4515.21,4519.5,1998,11,0,1998
2026-05-22 12:36:00,4519.48,4524.07,4519.23,4524.0,2325,9,0,2325
2026-05-22 12:39:00,4523.99,4526.07,4522.92,4524.99,2038,9,0,2038
2026-05-22 12:42:00,4524.98,4525.43,4524.06,4525.11,1918,10,0,1918
2026-05-22 12:45:00,4525.14,4527.9,4524.52,4527.78,1909,12,0,1909
2026-05-22 12:48:00,4527.78,4532.32,4527.1,4530.96,1890,12,0,1890
2026-05-22 12:51:00,4531.02,4533.68,4530.83,4533.45,1952,14,0,1952
2026-05-22 12:54:00,4533.45,4535.92,4532.97,4533.96,2011,14,0,2011
2026-05-22 12:57:00,4533.97,4534.71,4532.19,4532.26,2127,9,0,2127
2026-05-22 13:00:00,4532.24,4532.57,4529.76,4530.49,2041,10,0,2041
2026-05-22 13:03:00,4530.48,4531.66,4529.63,4531.52,2269,9,0,2269
2026-05-22 13:06:00,4531.53,4536.73,4531.53,4535.6,2084,12,0,2084
2026-05-22 13:09:00,4535.61,4535.99,4533.92,4535.59,2034,14,0,2034
2026-05-22 13:12:00,4535.6,4536.82,4533.85,4533.86,1998,14,0,1998
2026-05-22 13:15:00,4533.85,4534.16,4531.82,4532.95,2187,9,0,2187
2026-05-22 13:18:00,4532.97,4533.62,4529.75,4529.78,2226,9,0,2226
2026-05-22 13:21:00,4529.76,4530.43,4527.81,4529.5,1934,9,0,1934
2026-05-22 13:24:00,4529.49,4530.45,4527.48,4527.93,2028,9,0,2028
2026-05-22 13:27:00,4527.96,4527.98,4524.56,4524.83,2006,11,0,2006
2026-05-22 13:30:00,4524.8,4525.52,4519.9,4521.67,2159,14,0,2159
2026-05-22 13:33:00,4521.65,4522.21,4518.24,4519.59,2056,14,0,2056
2026-05-22 13:36:00,4519.58,4520.77,4514.58,4517.45,2267,14,0,2267
2026-05-22 13:39:00,4517.48,4519.38,4513.22,4513.86,2118,14,0,2118
2026-05-22 13:42:00,4513.86,4514.81,4512.31,4512.52,2075,14,0,2075
2026-05-22 13:45:00,4512.52,4514.83,4511.15,4511.49,1990,13,0,1990
2026-05-22 13:48:00,4511.49,4513.58,4510.14,4513.49,2039,12,0,2039
2026-05-22 13:51:00,4513.48,4515.0,4512.87,4514.83,1990,10,0,1990
2026-05-22 13:54:00,4514.78,4515.04,4512.0,4514.61,1959,11,0,1959
2026-05-22 13:57:00,4514.61,4515.16,4513.25,4514.74,1979,11,0,1979
2026-05-22 14:00:00,4514.74,4516.13,4513.86,4514.65,2116,13,0,2116
2026-05-22 14:03:00,4514.64,4516.68,4514.58,4516.59,2056,9,0,2056
2026-05-22 14:06:00,4516.63,4517.31,4515.48,4516.54,2053,9,0,2053
2026-05-22 14:09:00,4516.53,4517.01,4513.81,4515.99,2065,13,0,2065
2026-05-22 14:12:00,4515.98,4516.22,4514.32,4515.91,1944,13,0,1944
2026-05-22 14:15:00,4515.91,4515.94,4513.55,4513.58,1989,12,0,1989
2026-05-22 14:18:00,4513.57,4513.65,4511.97,4513.05,2010,11,0,2010
2026-05-22 14:21:00,4513.05,4513.85,4512.41,4513.72,2005,12,0,2005
2026-05-22 14:24:00,4513.73,4514.98,4511.93,4514.93,2006,12,0,2006
2026-05-22 14:27:00,4514.95,4514.99,4512.07,4512.1,1909,13,0,1909
2026-05-22 14:30:00,4512.07,4515.8,4511.56,4515.8,1956,13,0,1956
2026-05-22 14:33:00,4515.81,4517.96,4515.47,4516.81,1976,12,0,1976
2026-05-22 14:36:00,4516.82,4518.84,4516.74,4518.67,1921,11,0,1921
2026-05-22 14:39:00,4518.76,4520.37,4517.1,4517.37,1985,11,0,1985
2026-05-22 14:42:00,4517.37,4523.1,4517.25,4521.73,2047,13,0,2047
2026-05-22 14:45:00,4521.73,4525.11,4521.17,4524.04,2150,12,0,2150
2026-05-22 14:48:00,4524.03,4524.35,4521.85,4522.87,2106,14,0,2106
2026-05-22 14:51:00,4522.9,4524.06,4522.32,4523.38,1964,12,0,1964
2026-05-22 14:54:00,4523.38,4523.85,4520.73,4521.6,2024,11,0,2024
2026-05-22 14:57:00,4521.65,4521.69,4520.06,4520.71,2136,9,0,2136
2026-05-22 15:00:00,4520.72,4522.04,4519.27,4521.1,2066,10,0,2066
2026-05-22 15:03:00,4521.09,4522.43,4518.97,4521.57,2150,14,0,2150
2026-05-22 15:06:00,4521.58,4523.18,4519.3,4519.49,2109,14,0,2109
2026-05-22 15:09:00,4519.51,4522.38,4519.23,4521.28,2089,12,0,2089
2026-05-22 15:12:00,4521.28,4529.94,4520.82,4529.27,3017,13,0,3017
2026-05-22 15:15:00,4529.28,4530.08,4526.05,4527.81,2594,14,0,2594
2026-05-22 15:18:00,4527.79,4536.01,4527.58,4530.35,2566,14,0,2566
2026-05-22 15:21:00,4530.37,4530.77,4524.47,4526.82,2360,14,0,2360
2026-05-22 15:24:00,4526.84,4528.72,4523.95,4525.07,2244,14,0,2244
2026-05-22 15:27:00,4525.07,4525.1,4521.11,4521.78,2046,13,0,2046
2026-05-22 15:30:00,4521.79,4523.66,4518.1,4518.15,2151,14,0,2151
2026-05-22 15:33:00,4518.12,4520.42,4517.22,4517.97,2177,13,0,2177
2026-05-22 15:36:00,4517.94,4518.72,4515.12,4517.61,2175,14,0,2175
2026-05-22 15:39:00,4517.62,4519.54,4516.28,4519.41,2042,12,0,2042
2026-05-22 15:42:00,4519.39,4519.7,4516.29,4518.76,2185,11,0,2185
2026-05-22 15:45:00,4518.74,4519.91,4518.28,4518.29,2094,11,0,2094
2026-05-22 15:48:00,4518.3,4520.21,4517.43,4520.17,2139,12,0,2139
2026-05-22 15:51:00,4520.15,4521.44,4519.68,4520.19,2034,14,0,2034
2026-05-22 15:54:00,4520.22,4521.41,4519.13,4521.08,2128,14,0,2128
2026-05-22 15:57:00,4521.08,4528.45,4520.55,4528.25,2091,14,0,2091
2026-05-22 16:00:00,4528.23,4530.35,4520.87,4521.19,2723,14,0,2723
2026-05-22 16:03:00,4521.21,4526.16,4521.21,4523.55,2183,14,0,2183
2026-05-22 16:06:00,4523.57,4525.84,4522.82,4525.16,2211,11,0,2211
2026-05-22 16:09:00,4525.13,4534.27,4523.5,4533.39,2730,11,0,2730
2026-05-22 16:12:00,4533.4,4534.32,4527.08,4528.22,2626,14,0,2626
2026-05-22 16:15:00,4528.2,4529.77,4527.03,4527.12,2323,13,0,2323
2026-05-22 16:18:00,4527.13,4528.4,4525.78,4526.79,2324,12,0,2324
2026-05-22 16:21:00,4526.79,4527.09,4524.28,4524.75,2155,9,0,2155
2026-05-22 16:24:00,4524.74,4524.75,4522.02,4523.21,2052,9,0,2052
2026-05-22 16:27:00,4523.17,4524.32,4521.53,4522.14,2053,13,0,2053
2026-05-22 16:30:00,4522.17,4527.19,4520.21,4525.85,2429,14,0,2429
2026-05-22 16:33:00,4525.86,4526.95,4519.92,4522.74,2694,14,0,2694
2026-05-22 16:36:00,4522.73,4522.87,4519.45,4521.54,2459,13,0,2459
2026-05-22 16:39:00,4521.56,4521.63,4515.75,4517.69,2431,13,0,2431
2026-05-22 16:42:00,4517.69,4518.51,4510.95,4517.73,2734,14,0,2734
2026-05-22 16:45:00,4517.72,4519.05,4516.4,4517.11,2618,12,0,2618
2026-05-22 16:48:00,4517.11,4517.15,4510.29,4514.06,2660,12,0,2660
2026-05-22 16:51:00,4514.14,4517.69,4512.46,4515.9,2579,10,0,2579
2026-05-22 16:54:00,4515.9,4517.14,4512.07,4512.91,2434,11,0,2434
2026-05-22 16:57:00,4512.93,4514.34,4511.73,4514.01,2230,9,0,2230
2026-05-22 17:00:00,4513.99,4514.18,4504.1,4505.27,2999,12,0,2999
2026-05-22 17:03:00,4505.26,4509.71,4503.12,4508.2,2870,14,0,2870
2026-05-22 17:06:00,4508.22,4508.97,4504.6,4508.44,3001,13,0,3001
2026-05-22 17:09:00,4508.43,4511.08,4507.04,4509.21,2521,11,0,2521
2026-05-22 17:12:00,4509.2,4509.22,4488.55,4497.52,2918,10,0,2918
2026-05-22 17:15:00,4497.49,4500.72,4492.69,4495.47,3867,14,0,3867
2026-05-22 17:18:00,4495.45,4499.04,4494.67,4498.31,2827,12,0,2827
2026-05-22 17:21:00,4498.32,4499.61,4492.5,4492.67,2892,12,0,2892
2026-05-22 17:24:00,4492.85,4499.98,4491.61,4498.91,2871,14,0,2871
2026-05-22 17:27:00,4498.93,4499.16,4495.57,4499.04,2559,10,0,2559
2026-05-22 17:30:00,4499.01,4501.61,4497.19,4500.86,2569,11,0,2569
2026-05-22 17:33:00,4500.85,4504.17,4498.87,4503.35,2450,12,0,2450
2026-05-22 17:36:00,4503.34,4504.14,4498.37,4499.86,2383,11,0,2383
2026-05-22 17:39:00,4499.89,4506.14,4499.3,4505.2,2419,13,0,2419
2026-05-22 17:42:00,4505.21,4505.49,4502.71,4504.47,2208,12,0,2208
2026-05-22 17:45:00,4504.44,4507.33,4504.1,4505.53,2360,13,0,2360
2026-05-22 17:48:00,4505.54,4506.92,4501.79,4502.32,2263,14,0,2263
2026-05-22 17:51:00,4502.33,4504.15,4501.47,4504.12,2209,14,0,2209
2026-05-22 17:54:00,4504.13,4504.64,4501.13,4501.75,2250,14,0,2250
2026-05-22 17:57:00,4501.78,4502.59,4500.36,4500.59,2230,13,0,2230
2026-05-22 18:00:00,4500.61,4503.23,4500.27,4502.92,2322,14,0,2322
2026-05-22 18:03:00,4502.92,4511.0,4501.97,4510.05,2313,14,0,2313
2026-05-22 18:06:00,4510.05,4510.68,4507.23,4509.83,2322,14,0,2322
2026-05-22 18:09:00,4509.85,4511.66,4509.41,4510.84,2296,13,0,2296
2026-05-22 18:12:00,4510.83,4511.99,4509.67,4511.15,2302,13,0,2302
2026-05-22 18:15:00,4511.16,4513.67,4511.0,4512.38,2317,12,0,2317
2026-05-22 18:18:00,4512.37,4516.77,4511.87,4514.72,2356,9,0,2356
2026-05-22 18:21:00,4514.73,4515.66,4513.59,4514.53,2317,9,0,2317
2026-05-22 18:24:00,4514.52,4518.32,4513.5,4516.69,2446,9,0,2446
2026-05-22 18:27:00,4516.69,4519.23,4514.07,4519.2,2172,11,0,2172
2026-05-22 18:30:00,4519.2,4522.32,4518.82,4519.86,2410,10,0,2410
2026-05-22 18:33:00,4519.89,4521.02,4518.39,4519.97,2402,9,0,2402
2026-05-22 18:36:00,4519.98,4521.76,4518.89,4521.11,2517,9,0,2517
2026-05-22 18:39:00,4521.11,4521.3,4518.36,4518.43,2144,9,0,2144
2026-05-22 18:42:00,4518.42,4519.88,4517.31,4518.23,2145,10,0,2145
2026-05-22 18:45:00,4518.21,4519.73,4516.94,4517.3,2165,9,0,2165
2026-05-22 18:48:00,4517.29,4517.29,4514.66,4516.18,2210,13,0,2210
2026-05-22 18:51:00,4516.17,4518.19,4515.57,4516.88,2153,13,0,2153
2026-05-22 18:54:00,4516.88,4520.34,4516.66,4519.87,2073,13,0,2073
2026-05-22 18:57:00,4519.86,4521.81,4519.49,4520.08,2195,12,0,2195
2026-05-22 19:00:00,4520.08,4520.42,4516.97,4520.25,2337,13,0,2337
2026-05-22 19:03:00,4520.23,4520.24,4517.88,4518.5,2210,14,0,2210
2026-05-22 19:06:00,4518.48,4519.71,4517.83,4518.79,2478,9,0,2478
2026-05-22 19:09:00,4518.8,4519.1,4516.91,4519.0,2326,9,0,2326
2026-05-22 19:12:00,4519.01,4520.02,4518.59,4519.57,1987,9,0,1987
2026-05-22 19:15:00,4519.52,4519.52,4516.85,4518.73,2061,10,0,2061
2026-05-22 19:18:00,4518.73,4518.76,4516.98,4518.17,2207,9,0,2207
2026-05-22 19:21:00,4518.17,4519.59,4518.1,4519.46,2109,9,0,2109
2026-05-22 19:24:00,4519.46,4523.89,4518.97,4523.57,2127,13,0,2127
2026-05-22 19:27:00,4523.58,4524.29,4523.18,4523.77,2415,9,0,2415
2026-05-22 19:30:00,4523.76,4526.82,4523.39,4524.72,2196,9,0,2196
2026-05-22 19:33:00,4524.73,4525.02,4521.42,4521.8,2266,9,0,2266
2026-05-22 19:36:00,4521.79,4522.88,4519.0,4520.11,2139,13,0,2139
2026-05-22 19:39:00,4520.18,4520.34,4517.26,4518.41,2512,9,0,2512
2026-05-22 19:42:00,4518.38,4518.71,4513.28,4514.94,2143,14,0,2143
2026-05-22 19:45:00,4514.97,4518.0,4514.62,4517.13,2207,11,0,2207
2026-05-22 19:48:00,4517.08,4517.29,4513.45,4513.53,2310,9,0,2310
2026-05-22 19:51:00,4513.51,4514.33,4512.45,4514.09,2364,9,0,2364
2026-05-22 19:54:00,4514.09,4514.59,4513.2,4513.45,2093,9,0,2093
2026-05-22 19:57:00,4513.48,4515.01,4512.41,4514.95,2158,9,0,2158
2026-05-22 20:00:00,4514.94,4518.59,4514.8,4517.74,2465,9,0,2465
2026-05-22 20:03:00,4517.75,4519.34,4517.09,4518.85,2244,9,0,2244
2026-05-22 20:06:00,4518.85,4520.1,4518.07,4519.62,2044,9,0,2044
2026-05-22 20:09:00,4519.64,4520.94,4519.52,4520.65,2058,9,0,2058
2026-05-22 20:12:00,4520.66,4520.79,4519.0,4519.34,2078,11,0,2078
2026-05-22 20:15:00,4519.34,4520.13,4518.86,4519.51,2040,13,0,2040
2026-05-22 20:18:00,4519.53,4519.88,4514.41,4516.57,2176,11,0,2176
2026-05-22 20:21:00,4516.59,4516.76,4514.12,4514.55,2178,14,0,2178
2026-05-22 20:24:00,4514.55,4519.13,4513.13,4519.13,2263,14,0,2263
2026-05-22 20:27:00,4519.14,4525.9,4516.71,4525.39,3049,13,0,3049
2026-05-22 20:30:00,4525.4,4527.87,4522.4,4523.56,3038,14,0,3038
2026-05-22 20:33:00,4523.55,4523.63,4519.47,4521.3,2462,14,0,2462
2026-05-22 20:36:00,4521.37,4523.41,4519.9,4522.8,2180,14,0,2180
2026-05-22 20:39:00,4522.8,4524.22,4522.7,4522.87,2139,13,0,2139
2026-05-22 20:42:00,4522.85,4524.4,4522.16,4522.2,2074,13,0,2074
2026-05-22 20:45:00,4522.21,4522.85,4520.99,4521.74,2113,13,0,2113
2026-05-22 20:48:00,4521.75,4522.55,4520.41,4520.86,2015,14,0,2015
2026-05-22 20:51:00,4520.84,4522.15,4520.15,4520.49,2005,14,0,2005
2026-05-22 20:54:00,4520.51,4521.04,4518.96,4519.77,2114,14,0,2114
2026-05-22 20:57:00,4519.78,4521.55,4518.65,4519.17,2064,14,0,2064
2026-05-22 21:00:00,4519.16,4519.43,4516.58,4517.35,2139,14,0,2139
2026-05-22 21:03:00,4517.33,4517.44,4511.9,4515.75,2263,14,0,2263
2026-05-22 21:06:00,4515.74,4516.14,4514.07,4515.86,2083,13,0,2083
2026-05-22 21:09:00,4515.84,4515.9,4513.46,4513.59,2181,13,0,2181
2026-05-22 21:12:00,4513.58,4514.34,4512.76,4513.8,2079,12,0,2079
2026-05-22 21:15:00,4513.8,4515.29,4512.52,4515.03,2043,13,0,2043
2026-05-22 21:18:00,4515.02,4516.16,4514.75,4515.84,1947,13,0,1947
2026-05-22 21:21:00,4515.85,4517.72,4515.39,4516.71,1957,13,0,1957
2026-05-22 21:24:00,4516.7,4517.07,4515.91,4516.44,1905,14,0,1905
2026-05-22 21:27:00,4516.44,4517.73,4515.35,4515.35,2061,14,0,2061
2026-05-22 21:30:00,4515.37,4515.7,4513.93,4514.93,1979,14,0,1979
2026-05-22 21:33:00,4514.96,4517.05,4514.91,4515.75,1926,14,0,1926
2026-05-22 21:36:00,4515.75,4516.4,4514.73,4515.18,1935,14,0,1935
2026-05-22 21:39:00,4515.15,4519.97,4515.04,4515.95,2199,14,0,2199
2026-05-22 21:42:00,4515.94,4516.43,4514.76,4515.18,2019,13,0,2019
2026-05-22 21:45:00,4515.17,4516.02,4512.98,4513.33,2036,13,0,2036
2026-05-22 21:48:00,4513.33,4514.13,4512.96,4513.27,1974,13,0,1974
2026-05-22 21:51:00,4513.26,4514.57,4513.24,4514.34,1918,12,0,1918
2026-05-22 21:54:00,4514.34,4515.86,4514.32,4514.52,2029,14,0,2029
2026-05-22 21:57:00,4514.53,4515.24,4513.23,4515.09,2108,14,0,2108
2026-05-22 22:00:00,4515.11,4515.86,4510.5,4510.84,2219,14,0,2219
2026-05-22 22:03:00,4510.87,4511.34,4508.88,4510.39,2464,14,0,2464
2026-05-22 22:06:00,4510.41,4510.41,4508.18,4508.63,2218,14,0,2218
2026-05-22 22:09:00,4508.63,4509.12,4507.7,4508.39,2215,13,0,2215
2026-05-22 22:12:00,4508.38,4509.69,4507.0,4507.35,2089,12,0,2089
2026-05-22 22:15:00,4507.32,4508.39,4506.94,4507.97,2103,11,0,2103
2026-05-22 22:18:00,4508.01,4509.13,4507.6,4508.13,1996,13,0,1996
2026-05-22 22:21:00,4508.13,4508.51,4507.21,4508.12,1913,12,0,1913
2026-05-22 22:24:00,4508.15,4508.59,4507.25,4508.54,1914,14,0,1914
2026-05-22 22:27:00,4508.53,4508.61,4506.43,4507.14,1935,14,0,1935
2026-05-22 22:30:00,4507.13,4507.33,4504.3,4505.67,2052,14,0,2052
2026-05-22 22:33:00,4505.64,4508.87,4505.58,4508.79,1975,14,0,1975
2026-05-22 22:36:00,4508.79,4509.78,4508.21,4509.17,2014,13,0,2014
2026-05-22 22:39:00,4509.21,4510.91,4508.68,4510.14,2015,14,0,2015
2026-05-22 22:42:00,4510.14,4510.82,4509.22,4509.68,2077,9,0,2077
2026-05-22 22:45:00,4509.69,4510.02,4507.84,4508.17,2018,12,0,2018
2026-05-22 22:48:00,4508.14,4508.3,4506.68,4507.83,2404,9,0,2404
2026-05-22 22:51:00,4507.84,4508.15,4506.99,4507.26,2232,9,0,2232
2026-05-22 22:54:00,4507.23,4508.8,4506.88,4508.57,2164,9,0,2164
2026-05-22 22:57:00,4508.58,4509.34,4507.76,4508.33,2071,14,0,2071
2026-05-22 23:00:00,4508.34,4509.37,4504.78,4505.8,2100,13,0,2100
2026-05-22 23:03:00,4505.81,4506.83,4505.36,4506.21,2403,9,0,2403
2026-05-22 23:06:00,4506.23,4506.57,4505.68,4505.99,2066,9,0,2066
2026-05-22 23:09:00,4505.98,4507.4,4505.88,4507.09,1815,9,0,1815
2026-05-22 23:12:00,4507.11,4508.25,4506.36,4508.04,1803,9,0,1803
2026-05-22 23:15:00,4508.05,4508.41,4506.91,4508.21,1815,13,0,1815
2026-05-22 23:18:00,4508.25,4510.25,4508.14,4510.25,1814,13,0,1814
2026-05-22 23:21:00,4510.24,4510.37,4508.94,4509.71,1823,11,0,1823
2026-05-22 23:24:00,4509.72,4509.89,4508.4,4509.33,1808,11,0,1808
2026-05-22 23:27:00,4509.33,4510.55,4509.25,4510.29,1790,14,0,1790
2026-05-22 23:30:00,4510.29,4510.52,4505.98,4506.28,2026,14,0,2026
2026-05-22 23:33:00,4506.31,4508.6,4506.19,4506.8,1876,14,0,1876
2026-05-22 23:36:00,4506.82,4507.72,4506.04,4506.68,1836,13,0,1836
2026-05-22 23:39:00,4506.68,4507.33,4505.5,4505.6,1836,13,0,1836
2026-05-22 23:42:00,4505.58,4506.56,4504.7,4504.93,1871,22,0,1871
2026-05-22 23:45:00,4504.91,4506.54,4504.1,4506.18,1799,22,0,1799
2026-05-22 23:48:00,4506.18,4508.28,4505.02,4505.65,2657,22,0,2657
2026-05-22 23:51:00,4505.68,4505.84,4504.95,4505.32,1915,22,0,1915
2026-05-22 23:54:00,4505.3,4507.27,4504.62,4506.39,647,22,0,647
2026-05-25 01:03:00,4550.89,4553.86,4550.89,4552.77,1566,15,0,1566
2026-05-25 01:06:00,4552.77,4557.16,4550.94,4552.76,3589,14,0,3589
2026-05-25 01:09:00,4552.76,4557.39,4551.52,4554.04,2383,14,0,2383
2026-05-25 01:12:00,4554.04,4557.16,4551.44,4554.67,2201,14,0,2201
2026-05-25 01:15:00,4554.69,4555.99,4548.63,4549.79,2410,15,0,2410
2026-05-25 01:18:00,4549.77,4554.73,4548.48,4553.66,2179,15,0,2179
2026-05-25 01:21:00,4553.69,4554.68,4552.64,4553.87,2126,15,0,2126
2026-05-25 01:24:00,4553.88,4555.48,4552.37,4552.8,2015,15,0,2015
2026-05-25 01:27:00,4552.79,4554.48,4551.13,4552.25,2043,16,0,2043
2026-05-25 01:30:00,4552.25,4560.87,4551.77,4559.81,2111,16,0,2111
2026-05-25 01:33:00,4559.81,4561.2,4558.41,4558.47,1948,16,0,1948
2026-05-25 01:36:00,4558.48,4559.46,4557.07,4557.87,1935,16,0,1935
2026-05-25 01:39:00,4557.85,4558.27,4556.51,4557.81,1913,16,0,1913
2026-05-25 01:42:00,4557.82,4558.27,4557.05,4558.16,1954,16,0,1954
2026-05-25 01:45:00,4558.17,4564.09,4557.92,4563.71,1996,16,0,1996
2026-05-25 01:48:00,4563.73,4565.71,4562.74,4562.93,2007,16,0,2007
2026-05-25 01:51:00,4562.91,4564.25,4562.02,4562.42,1935,16,0,1935
2026-05-25 01:54:00,4562.44,4562.88,4561.64,4562.37,1896,16,0,1896
2026-05-25 01:57:00,4562.35,4565.53,4562.12,4565.01,1847,16,0,1847
2026-05-25 02:00:00,4565.02,4568.19,4564.96,4567.76,2137,16,0,2137
2026-05-25 02:03:00,4567.75,4568.43,4567.59,4568.3,1882,16,0,1882
2026-05-25 02:06:00,4568.32,4574.31,4567.99,4573.58,2071,15,0,2071
2026-05-25 02:09:00,4573.57,4575.5,4572.35,4573.28,1925,16,0,1925
2026-05-25 02:12:00,4573.27,4576.34,4573.01,4574.42,1924,22,0,1924
2026-05-25 02:15:00,4574.41,4577.48,4574.4,4575.82,1932,22,0,1932
2026-05-25 02:18:00,4575.79,4575.82,4573.55,4575.11,1827,20,0,1827
2026-05-25 02:21:00,4575.13,4577.26,4574.78,4577.18,1891,22,0,1891
2026-05-25 02:24:00,4577.2,4578.33,4573.71,4574.01,1967,23,0,1967
2026-05-25 02:27:00,4574.0,4578.02,4573.77,4574.95,1939,22,0,1939
2026-05-25 02:30:00,4574.95,4578.49,4574.92,4578.28,2016,22,0,2016
2026-05-25 02:33:00,4578.25,4578.69,4577.72,4578.32,2019,19,0,2019
2026-05-25 02:36:00,4578.31,4578.76,4577.54,4578.49,1938,19,0,1938
2026-05-25 02:39:00,4578.49,4579.64,4578.21,4579.19,2012,19,0,2012
2026-05-25 02:42:00,4579.2,4580.22,4577.02,4577.29,2031,23,0,2031
2026-05-25 02:45:00,4577.28,4577.83,4575.24,4576.76,2110,23,0,2110
2026-05-25 02:48:00,4576.78,4578.3,4575.34,4575.45,2002,22,0,2002
2026-05-25 02:51:00,4575.48,4576.69,4573.9,4575.96,2028,19,0,2028
2026-05-25 02:54:00,4575.99,4575.99,4572.25,4572.28,1974,20,0,1974
2026-05-25 02:57:00,4572.42,4573.01,4565.78,4567.0,2211,23,0,2211
2026-05-25 03:00:00,4567.01,4570.83,4566.05,4568.12,2422,23,0,2422
2026-05-25 03:03:00,4568.1,4571.71,4566.84,4571.67,2227,23,0,2227
2026-05-25 03:06:00,4571.59,4574.4,4570.74,4571.77,2182,22,0,2182
2026-05-25 03:09:00,4571.8,4575.66,4571.54,4574.2,2244,20,0,2244
2026-05-25 03:12:00,4574.22,4574.72,4570.39,4572.55,2174,22,0,2174
2026-05-25 03:15:00,4572.54,4573.46,4569.82,4570.27,2337,22,0,2337
2026-05-25 03:18:00,4570.25,4572.08,4570.18,4571.26,2019,19,0,2019
2026-05-25 03:21:00,4571.24,4574.41,4569.93,4573.64,2150,19,0,2150
2026-05-25 03:24:00,4573.63,4575.37,4569.92,4571.88,2240,20,0,2240
2026-05-25 03:27:00,4571.86,4572.28,4570.11,4572.27,2020,19,0,2020
2026-05-25 03:30:00,4572.3,4574.75,4572.25,4573.62,2083,19,0,2083
2026-05-25 03:33:00,4573.61,4574.49,4571.8,4572.77,1994,19,0,1994
2026-05-25 03:36:00,4572.77,4574.85,4572.22,4574.85,2020,19,0,2020
2026-05-25 03:39:00,4574.83,4575.48,4572.59,4573.35,2030,21,0,2030
2026-05-25 03:42:00,4573.36,4573.5,4570.78,4571.56,2081,20,0,2081
2026-05-25 03:45:00,4571.58,4574.19,4570.93,4573.82,2151,19,0,2151
2026-05-25 03:48:00,4573.7,4579.54,4572.77,4575.93,2302,22,0,2302
2026-05-25 03:51:00,4575.94,4576.06,4571.43,4572.12,2131,22,0,2131
2026-05-25 03:54:00,4572.16,4574.69,4570.4,4571.25,2357,19,0,2357
2026-05-25 03:57:00,4571.24,4571.33,4566.08,4569.48,2369,22,0,2369
2026-05-25 04:00:00,4569.5,4576.23,4567.12,4569.65,2986,23,0,2986
2026-05-25 04:03:00,4569.67,4574.56,4567.02,4568.09,2731,23,0,2731
2026-05-25 04:06:00,4568.2,4569.92,4561.12,4561.3,2603,23,0,2603
2026-05-25 04:09:00,4561.3,4565.21,4560.48,4563.27,2473,22,0,2473
2026-05-25 04:12:00,4563.25,4566.82,4562.16,4565.75,2371,22,0,2371
2026-05-25 04:15:00,4565.74,4566.47,4562.39,4563.98,2280,22,0,2280
2026-05-25 04:18:00,4564.01,4567.6,4562.3,4566.65,2310,22,0,2310
2026-05-25 04:21:00,4566.65,4572.87,4565.58,4572.87,2233,20,0,2233
2026-05-25 04:24:00,4572.9,4573.06,4568.85,4569.67,2191,22,0,2191
2026-05-25 04:27:00,4569.65,4575.38,4569.57,4573.45,2146,22,0,2146
2026-05-25 04:30:00,4573.35,4574.75,4568.61,4569.57,2245,22,0,2245
2026-05-25 04:33:00,4569.56,4571.82,4568.82,4571.09,2140,20,0,2140
2026-05-25 04:36:00,4571.09,4571.68,4569.21,4570.3,2160,20,0,2160
2026-05-25 04:39:00,4570.31,4571.22,4567.6,4568.48,2243,19,0,2243
2026-05-25 04:42:00,4568.49,4568.6,4563.06,4563.27,2228,22,0,2228
2026-05-25 04:45:00,4563.25,4563.74,4560.11,4562.56,2211,23,0,2211
2026-05-25 04:48:00,4562.56,4564.93,4560.34,4563.49,2170,23,0,2170
2026-05-25 04:51:00,4563.5,4565.82,4563.45,4565.53,2069,19,0,2069
2026-05-25 04:54:00,4565.51,4567.26,4562.64,4562.89,2002,19,0,2002
2026-05-25 04:57:00,4562.88,4563.7,4560.83,4562.79,2074,19,0,2074
2026-05-25 05:00:00,4562.82,4565.37,4561.93,4563.54,2163,19,0,2163
2026-05-25 05:03:00,4563.54,4563.98,4561.23,4563.65,2076,19,0,2076
2026-05-25 05:06:00,4563.65,4567.67,4563.63,4567.36,2113,19,0,2113
2026-05-25 05:09:00,4567.35,4568.3,4565.73,4566.18,2155,19,0,2155
2026-05-25 05:12:00,4566.18,4566.54,4561.17,4562.02,2091,20,0,2091
2026-05-25 05:15:00,4562.04,4562.49,4558.76,4559.55,2111,20,0,2111
2026-05-25 05:18:00,4559.55,4561.97,4559.55,4561.07,1972,20,0,1972
2026-05-25 05:21:00,4561.07,4562.57,4559.59,4562.51,1963,19,0,1963
2026-05-25 05:24:00,4562.53,4563.3,4560.76,4561.5,1955,19,0,1955
2026-05-25 05:27:00,4561.51,4563.04,4559.73,4562.83,1940,19,0,1940
2026-05-25 05:30:00,4562.84,4563.59,4561.54,4563.51,2104,23,0,2104
2026-05-25 05:33:00,4563.5,4565.45,4561.75,4562.84,2192,22,0,2192
2026-05-25 05:36:00,4562.82,4565.34,4562.22,4563.99,2129,22,0,2129
2026-05-25 05:39:00,4563.99,4567.41,4562.66,4566.38,2227,22,0,2227
2026-05-25 05:42:00,4566.38,4569.54,4565.71,4569.45,2085,22,0,2085
2026-05-25 05:45:00,4569.44,4570.18,4565.1,4567.0,2108,20,0,2108
2026-05-25 05:48:00,4566.97,4567.0,4561.97,4563.96,2161,22,0,2161
2026-05-25 05:51:00,4563.98,4564.96,4563.5,4563.78,1948,19,0,1948
2026-05-25 05:54:00,4563.78,4563.92,4559.33,4560.9,2123,19,0,2123
2026-05-25 05:57:00,4560.92,4562.84,4559.09,4561.3,2127,20,0,2127
2026-05-25 06:00:00,4561.29,4564.36,4560.97,4561.65,2270,19,0,2270
2026-05-25 06:03:00,4561.64,4563.4,4560.23,4561.17,2085,19,0,2085
2026-05-25 06:06:00,4561.17,4563.24,4561.08,4562.4,2013,19,0,2013
2026-05-25 06:09:00,4562.42,4563.53,4561.61,4563.41,1965,19,0,1965
2026-05-25 06:12:00,4563.43,4563.61,4561.4,4563.08,2065,19,0,2065
2026-05-25 06:15:00,4563.09,4563.26,4561.89,4563.16,1917,19,0,1917
2026-05-25 06:18:00,4563.16,4563.68,4561.59,4562.85,2023,19,0,2023
2026-05-25 06:21:00,4562.86,4564.53,4562.56,4562.8,1946,22,0,1946
2026-05-25 06:24:00,4562.8,4562.98,4560.57,4560.87,1939,20,0,1939
2026-05-25 06:27:00,4560.89,4561.7,4560.11,4560.65,1920,22,0,1920
2026-05-25 06:30:00,4560.66,4562.48,4559.5,4560.92,1935,22,0,1935
2026-05-25 06:33:00,4560.95,4564.06,4560.38,4562.26,1909,19,0,1909
2026-05-25 06:36:00,4562.33,4563.86,4561.84,4563.37,1908,20,0,1908
2026-05-25 06:39:00,4563.39,4563.53,4560.24,4561.13,1918,19,0,1918
2026-05-25 06:42:00,4561.1,4561.13,4558.18,4558.48,1910,19,0,1910
2026-05-25 06:45:00,4558.46,4559.1,4556.9,4558.59,1883,19,0,1883
2026-05-25 06:48:00,4558.58,4559.47,4557.81,4558.65,1885,19,0,1885
2026-05-25 06:51:00,4558.67,4559.29,4556.54,4558.62,1916,19,0,1916
2026-05-25 06:54:00,4558.64,4561.24,4558.09,4560.81,1932,19,0,1932
2026-05-25 06:57:00,4560.83,4561.29,4559.66,4559.79,1944,19,0,1944
2026-05-25 07:00:00,4559.8,4562.1,4559.43,4561.8,1968,19,0,1968
2026-05-25 07:03:00,4561.83,4562.08,4560.97,4561.59,1862,19,0,1862
2026-05-25 07:06:00,4561.61,4562.09,4560.96,4561.11,1902,19,0,1902
2026-05-25 07:09:00,4561.13,4562.59,4560.72,4562.04,1885,20,0,1885
2026-05-25 07:12:00,4562.04,4562.23,4560.02,4560.92,1897,23,0,1897
2026-05-25 07:15:00,4560.92,4562.0,4560.01,4561.49,1842,19,0,1842
2026-05-25 07:18:00,4561.52,4562.45,4561.07,4562.36,1869,22,0,1869
2026-05-25 07:21:00,4562.35,4564.56,4561.82,4564.12,1884,20,0,1884
2026-05-25 07:24:00,4564.13,4565.82,4563.62,4564.52,1889,19,0,1889
2026-05-25 07:27:00,4564.5,4565.21,4564.2,4565.18,1839,19,0,1839
2026-05-25 07:30:00,4565.2,4565.42,4562.06,4562.15,2055,19,0,2055
2026-05-25 07:33:00,4562.14,4562.81,4559.75,4561.72,2049,22,0,2049
2026-05-25 07:36:00,4561.68,4562.26,4559.54,4561.7,1826,19,0,1826
2026-05-25 07:39:00,4561.7,4562.97,4560.82,4562.26,1843,23,0,1843
2026-05-25 07:42:00,4562.26,4562.53,4560.98,4562.4,1809,19,0,1809
2026-05-25 07:45:00,4562.37,4563.76,4562.28,4563.65,1769,19,0,1769
2026-05-25 07:48:00,4563.66,4564.45,4563.29,4563.62,1788,19,0,1788
2026-05-25 07:51:00,4563.61,4565.36,4563.54,4564.74,1811,19,0,1811
2026-05-25 07:54:00,4564.75,4565.58,4564.04,4564.79,1838,19,0,1838
2026-05-25 07:57:00,4564.82,4565.2,4564.27,4564.78,1852,20,0,1852
2026-05-25 08:00:00,4564.81,4565.68,4562.93,4565.52,1965,23,0,1965
2026-05-25 08:03:00,4565.52,4565.72,4564.41,4564.84,1767,19,0,1767
2026-05-25 08:06:00,4564.84,4565.67,4564.35,4564.89,1838,19,0,1838
2026-05-25 08:09:00,4564.89,4565.06,4563.48,4563.81,1829,19,0,1829
2026-05-25 08:12:00,4563.84,4564.46,4562.78,4563.51,1833,22,0,1833
2026-05-25 08:15:00,4563.5,4563.61,4562.31,4562.73,1802,20,0,1802
2026-05-25 08:18:00,4562.73,4563.14,4559.66,4560.32,1819,20,0,1819
2026-05-25 08:21:00,4560.31,4560.31,4556.62,4556.86,1992,23,0,1992
2026-05-25 08:24:00,4556.87,4557.35,4555.28,4556.11,1918,23,0,1918
2026-05-25 08:27:00,4556.1,4556.21,4554.0,4554.17,1865,20,0,1865
2026-05-25 08:30:00,4554.16,4555.94,4552.73,4555.87,2061,23,0,2061
2026-05-25 08:33:00,4555.93,4559.66,4555.64,4558.59,1964,23,0,1964
2026-05-25 08:36:00,4558.74,4560.69,4558.71,4559.23,1893,22,0,1893
2026-05-25 08:39:00,4559.21,4560.92,4557.09,4557.26,2009,22,0,2009
2026-05-25 08:42:00,4557.26,4558.06,4555.24,4556.97,1974,23,0,1974
2026-05-25 08:45:00,4556.99,4557.93,4555.72,4556.72,1956,19,0,1956
2026-05-25 08:48:00,4556.74,4556.83,4551.9,4551.9,2060,19,0,2060
2026-05-25 08:51:00,4551.95,4554.92,4551.88,4553.85,2040,20,0,2040
2026-05-25 08:54:00,4554.12,4554.9,4552.83,4553.78,2002,19,0,2002
2026-05-25 08:57:00,4553.75,4555.44,4553.35,4553.35,2050,19,0,2050
2026-05-25 09:00:00,4553.34,4555.87,4552.45,4554.06,2269,20,0,2269
2026-05-25 09:03:00,4554.06,4554.22,4550.44,4552.04,2126,16,0,2126
2026-05-25 09:06:00,4552.05,4553.73,4551.94,4552.24,2288,13,0,2288
2026-05-25 09:09:00,4552.25,4553.12,4551.16,4552.67,2170,13,0,2170
2026-05-25 09:12:00,4552.69,4554.1,4552.16,4553.85,1970,13,0,1970
2026-05-25 09:15:00,4553.82,4554.0,4552.4,4553.57,2033,14,0,2033
2026-05-25 09:18:00,4553.57,4555.3,4553.05,4553.31,2036,16,0,2036
2026-05-25 09:21:00,4553.31,4554.81,4552.25,4554.68,1994,14,0,1994
2026-05-25 09:24:00,4554.67,4557.36,4554.67,4557.06,2541,13,0,2541
2026-05-25 09:27:00,4557.07,4557.17,4553.96,4554.23,2022,13,0,2022
2026-05-25 09:30:00,4554.24,4556.14,4553.59,4554.32,2009,17,0,2009
2026-05-25 09:33:00,4554.33,4556.13,4554.28,4555.95,1973,17,0,1973
2026-05-25 09:36:00,4555.97,4557.45,4554.82,4555.47,2002,19,0,2002
2026-05-25 09:39:00,4555.45,4557.32,4555.22,4556.95,2321,13,0,2321
2026-05-25 09:42:00,4556.93,4557.22,4555.85,4556.45,2137,13,0,2137
2026-05-25 09:45:00,4556.47,4559.3,4556.22,4558.31,1919,13,0,1919
2026-05-25 09:48:00,4558.31,4559.33,4557.33,4558.63,1982,20,0,1982
2026-05-25 09:51:00,4558.63,4558.64,4556.44,4558.04,1963,17,0,1963
2026-05-25 09:54:00,4558.03,4561.6,4557.93,4561.6,2345,13,0,2345
2026-05-25 09:57:00,4561.6,4563.21,4560.71,4562.44,2129,13,0,2129
2026-05-25 10:00:00,4562.45,4564.69,4561.11,4564.19,2004,19,0,2004
2026-05-25 10:03:00,4564.17,4564.75,4562.83,4563.44,1961,15,0,1961
2026-05-25 10:06:00,4563.44,4563.56,4561.43,4561.68,2300,13,0,2300
2026-05-25 10:09:00,4561.65,4563.87,4561.28,4563.8,2198,13,0,2198
2026-05-25 10:12:00,4563.8,4564.43,4560.75,4560.76,2082,13,0,2082
2026-05-25 10:15:00,4560.76,4561.15,4559.68,4560.19,2284,13,0,2284
2026-05-25 10:18:00,4560.21,4560.24,4552.55,4552.99,2495,13,0,2495
2026-05-25 10:21:00,4552.98,4555.34,4552.51,4553.98,2155,20,0,2155
2026-05-25 10:24:00,4554.0,4556.92,4553.99,4556.85,2066,20,0,2066
2026-05-25 10:27:00,4556.84,4556.89,4554.01,4554.36,1966,19,0,1966
2026-05-25 10:30:00,4554.36,4558.67,4554.08,4558.4,2020,20,0,2020
2026-05-25 10:33:00,4558.38,4561.59,4557.79,4559.06,2204,20,0,2204
2026-05-25 10:36:00,4559.07,4559.37,4557.2,4557.8,1977,17,0,1977
2026-05-25 10:39:00,4557.83,4560.09,4557.69,4559.59,1938,17,0,1938
2026-05-25 10:42:00,4559.58,4560.96,4558.91,4559.88,1901,17,0,1901
2026-05-25 10:45:00,4559.9,4561.44,4558.62,4560.92,1948,19,0,1948
2026-05-25 10:48:00,4560.9,4563.04,4560.79,4562.92,1864,19,0,1864
2026-05-25 10:51:00,4562.94,4564.27,4562.86,4564.25,1943,19,0,1943
2026-05-25 10:54:00,4564.22,4565.0,4563.24,4564.23,1871,20,0,1871
2026-05-25 10:57:00,4564.22,4565.14,4563.66,4564.82,1876,20,0,1876
2026-05-25 11:00:00,4564.82,4565.0,4563.34,4563.65,1988,20,0,1988
2026-05-25 11:03:00,4563.66,4564.23,4560.26,4560.29,1979,20,0,1979
2026-05-25 11:06:00,4560.21,4561.59,4559.77,4561.22,1899,19,0,1899
2026-05-25 11:09:00,4561.17,4561.95,4559.6,4560.04,1911,17,0,1911
2026-05-25 11:12:00,4560.06,4562.07,4559.8,4561.05,1844,19,0,1844
2026-05-25 11:15:00,4561.07,4561.33,4560.24,4561.08,1827,17,0,1827
2026-05-25 11:18:00,4561.09,4561.13,4559.17,4559.44,1875,19,0,1875
2026-05-25 11:21:00,4559.47,4559.58,4555.79,4556.06,1950,20,0,1950
2026-05-25 11:24:00,4556.06,4556.17,4553.77,4554.02,2042,20,0,2042
2026-05-25 11:27:00,4554.08,4556.07,4553.84,4555.08,2008,20,0,2008
2026-05-25 11:30:00,4555.09,4558.14,4554.41,4557.39,1904,17,0,1904
2026-05-25 11:33:00,4557.39,4558.1,4556.54,4557.15,1481,14,0,1481
2026-05-25 11:36:00,4557.18,4557.38,4554.94,4555.75,1864,19,0,1864
2026-05-25 11:39:00,4555.74,4556.54,4555.12,4555.58,2203,13,0,2203
2026-05-25 11:42:00,4555.58,4555.59,4553.41,4554.63,1852,13,0,1852
2026-05-25 11:45:00,4554.64,4555.12,4553.35,4554.65,1916,17,0,1916
2026-05-25 11:48:00,4554.64,4555.35,4553.82,4554.58,1856,19,0,1856
2026-05-25 11:51:00,4554.57,4556.41,4554.35,4555.87,1871,19,0,1871
2026-05-25 11:54:00,4555.9,4556.6,4555.54,4555.66,1843,17,0,1843
2026-05-25 11:57:00,4555.67,4556.31,4555.66,4556.14,1802,14,0,1802
2026-05-25 12:00:00,4556.16,4557.98,4555.58,4557.57,1855,14,0,1855
2026-05-25 12:03:00,4557.58,4558.72,4556.33,4556.84,1873,20,0,1873
2026-05-25 12:06:00,4556.83,4557.12,4556.15,4556.44,1780,14,0,1780
2026-05-25 12:09:00,4556.43,4557.02,4554.97,4556.69,1842,17,0,1842
2026-05-25 12:12:00,4556.68,4557.28,4555.49,4555.5,1776,16,0,1776
2026-05-25 12:15:00,4555.5,4556.5,4555.5,4556.36,1821,16,0,1821
2026-05-25 12:18:00,4556.37,4557.45,4555.53,4556.19,1823,13,0,1823
2026-05-25 12:21:00,4556.23,4556.58,4555.61,4555.67,1803,20,0,1803
2026-05-25 12:24:00,4555.68,4557.53,4555.6,4556.86,1926,13,0,1926
2026-05-25 12:27:00,4556.88,4559.0,4556.85,4558.9,1838,19,0,1838
2026-05-25 12:30:00,4558.9,4561.84,4558.42,4561.51,1865,19,0,1865
2026-05-25 12:33:00,4561.48,4565.13,4561.38,4565.07,2092,20,0,2092
2026-05-25 12:36:00,4565.07,4565.54,4562.9,4565.23,1972,20,0,1972
2026-05-25 12:39:00,4565.23,4565.65,4564.14,4564.42,1872,20,0,1872
2026-05-25 12:42:00,4564.4,4566.06,4563.7,4565.81,1831,19,0,1831
2026-05-25 12:45:00,4565.82,4566.23,4564.68,4565.57,1882,20,0,1882
2026-05-25 12:48:00,4565.56,4566.96,4565.28,4566.59,1843,19,0,1843
2026-05-25 12:51:00,4566.62,4568.46,4566.26,4567.86,1839,19,0,1839
2026-05-25 12:54:00,4567.84,4568.61,4566.74,4567.62,1816,20,0,1816
2026-05-25 12:57:00,4567.63,4569.05,4567.16,4567.56,1867,20,0,1867
2026-05-25 13:00:00,4567.54,4569.62,4567.48,4569.24,1847,17,0,1847
2026-05-25 13:03:00,4569.24,4569.88,4568.36,4569.7,1959,13,0,1959
2026-05-25 13:06:00,4569.7,4570.7,4568.96,4570.6,1980,13,0,1980
2026-05-25 13:09:00,4570.6,4572.44,4570.49,4572.09,1914,14,0,1914
2026-05-25 13:12:00,4572.1,4572.47,4569.9,4571.87,1933,19,0,1933
2026-05-25 13:15:00,4571.92,4572.74,4571.24,4572.01,1925,17,0,1925
2026-05-25 13:18:00,4572.0,4573.7,4571.01,4571.07,1900,19,0,1900
2026-05-25 13:21:00,4571.07,4572.1,4571.03,4571.67,2187,13,0,2187
2026-05-25 13:24:00,4571.67,4572.36,4569.79,4571.29,2001,13,0,2001
2026-05-25 13:27:00,4571.29,4571.79,4570.66,4570.84,2120,13,0,2120
2026-05-25 13:30:00,4570.84,4571.28,4570.08,4571.08,2123,13,0,2123
2026-05-25 13:33:00,4571.09,4573.23,4571.04,4572.21,2117,13,0,2117
2026-05-25 13:36:00,4572.19,4572.46,4571.39,4571.66,1998,13,0,1998
2026-05-25 13:39:00,4571.72,4571.9,4569.03,4569.03,1988,14,0,1988
2026-05-25 13:42:00,4569.03,4570.38,4568.37,4570.23,1934,20,0,1934
2026-05-25 13:45:00,4570.22,4572.45,4570.21,4570.76,1864,16,0,1864
2026-05-25 13:48:00,4570.78,4571.03,4569.9,4569.9,1946,13,0,1946
2026-05-25 13:51:00,4569.9,4570.13,4569.23,4569.81,1816,13,0,1816
2026-05-25 13:54:00,4569.83,4570.34,4569.57,4570.08,1827,13,0,1827
2026-05-25 13:57:00,4570.07,4570.22,4568.48,4568.62,1819,14,0,1819
2026-05-25 14:00:00,4568.62,4568.73,4567.95,4568.17,1849,17,0,1849
2026-05-25 14:03:00,4568.16,4568.74,4568.15,4568.5,1730,16,0,1730
2026-05-25 14:06:00,4568.5,4568.55,4567.53,4567.78,1771,17,0,1771
2026-05-25 14:09:00,4567.78,4569.19,4567.59,4568.83,1821,20,0,1821
2026-05-25 14:12:00,4568.81,4572.41,4568.63,4572.13,1804,20,0,1804
2026-05-25 14:15:00,4572.09,4575.19,4571.77,4574.52,1974,20,0,1974
2026-05-25 14:18:00,4574.53,4575.25,4573.69,4574.03,1909,20,0,1909
2026-05-25 14:21:00,4574.04,4574.56,4571.9,4571.99,1908,20,0,1908
2026-05-25 14:24:00,4572.01,4572.88,4569.68,4569.73,1878,19,0,1878
2026-05-25 14:27:00,4569.74,4571.81,4569.52,4571.65,1846,17,0,1846
2026-05-25 14:30:00,4571.66,4574.01,4571.56,4572.98,1971,17,0,1971
2026-05-25 14:33:00,4572.97,4574.45,4572.16,4573.36,1943,19,0,1943
2026-05-25 14:36:00,4573.38,4576.21,4573.06,4575.83,1950,14,0,1950
2026-05-25 14:39:00,4575.84,4576.19,4574.25,4574.72,1844,17,0,1844
2026-05-25 14:42:00,4574.7,4574.97,4573.93,4574.5,1912,14,0,1912
2026-05-25 14:45:00,4574.52,4576.97,4573.91,4574.44,1994,17,0,1994
2026-05-25 14:48:00,4574.44,4574.46,4571.02,4571.37,1960,17,0,1960
2026-05-25 14:51:00,4571.39,4572.0,4570.47,4570.54,2092,13,0,2092
2026-05-25 14:54:00,4570.56,4571.16,4569.51,4570.45,1919,13,0,1919
2026-05-25 14:57:00,4570.45,4571.04,4569.23,4569.42,1864,17,0,1864
2026-05-25 15:00:00,4569.42,4569.46,4564.38,4564.97,1991,20,0,1991
2026-05-25 15:03:00,4564.98,4565.76,4563.53,4564.17,2038,20,0,2038
2026-05-25 15:06:00,4564.17,4564.37,4557.14,4559.36,2074,19,0,2074
2026-05-25 15:09:00,4559.37,4561.31,4557.4,4558.1,2055,20,0,2055
2026-05-25 15:12:00,4558.1,4558.97,4556.09,4556.29,2077,20,0,2077
2026-05-25 15:15:00,4556.29,4556.9,4554.73,4554.79,1962,17,0,1962
2026-05-25 15:18:00,4554.82,4555.5,4552.99,4553.84,1946,16,0,1946
2026-05-25 15:21:00,4553.82,4557.07,4553.15,4555.54,2046,20,0,2046
2026-05-25 15:24:00,4555.53,4558.05,4555.28,4557.52,2047,19,0,2047
2026-05-25 15:27:00,4557.53,4560.9,4557.53,4560.48,1940,16,0,1940
2026-05-25 15:30:00,4560.5,4563.56,4559.89,4562.59,1926,17,0,1926
2026-05-25 15:33:00,4562.6,4564.91,4562.3,4564.84,1929,14,0,1929
2026-05-25 15:36:00,4564.84,4570.22,4564.65,4568.11,2118,19,0,2118
2026-05-25 15:39:00,4568.13,4569.18,4567.79,4568.32,2013,19,0,2013
2026-05-25 15:42:00,4568.34,4569.16,4566.38,4566.45,2143,13,0,2143
2026-05-25 15:45:00,4566.46,4568.1,4564.22,4567.41,2379,13,0,2379
2026-05-25 15:48:00,4567.38,4567.46,4565.06,4566.63,2070,13,0,2070
2026-05-25 15:51:00,4566.64,4566.97,4565.88,4566.27,1837,13,0,1837
2026-05-25 15:54:00,4566.25,4568.64,4566.22,4568.49,1802,13,0,1802
2026-05-25 15:57:00,4568.48,4568.71,4566.64,4567.62,1997,19,0,1997
2026-05-25 16:00:00,4567.62,4567.74,4561.64,4562.51,2377,20,0,2377
2026-05-25 16:03:00,4562.51,4566.46,4561.74,4565.96,2092,20,0,2092
2026-05-25 16:06:00,4565.99,4571.66,4565.11,4568.89,2087,20,0,2087
2026-05-25 16:09:00,4568.86,4569.34,4565.72,4565.75,2007,15,0,2007
2026-05-25 16:12:00,4565.78,4565.86,4562.78,4564.47,2210,13,0,2210
2026-05-25 16:15:00,4564.46,4564.5,4561.12,4561.46,1986,13,0,1986
2026-05-25 16:18:00,4561.48,4563.36,4560.57,4563.27,2007,13,0,2007
2026-05-25 16:21:00,4563.24,4564.6,4562.58,4563.76,1991,17,0,1991
2026-05-25 16:24:00,4563.73,4563.93,4560.96,4561.54,2004,14,0,2004
2026-05-25 16:27:00,4561.54,4563.37,4561.44,4561.86,2195,13,0,2195
2026-05-25 16:30:00,4561.84,4563.47,4561.55,4562.73,2033,19,0,2033
2026-05-25 16:33:00,4562.67,4565.62,4562.09,4565.45,2362,13,0,2362
2026-05-25 16:36:00,4565.48,4565.5,4563.08,4563.17,2015,13,0,2015
2026-05-25 16:39:00,4563.18,4565.57,4563.06,4564.17,1990,13,0,1990
2026-05-25 16:42:00,4564.2,4565.42,4563.79,4565.11,1957,14,0,1957
2026-05-25 16:45:00,4565.13,4565.36,4560.08,4560.21,1924,17,0,1924
2026-05-25 16:48:00,4560.23,4562.15,4560.23,4561.18,1860,19,0,1860
2026-05-25 16:51:00,4561.17,4563.42,4560.72,4562.73,1931,19,0,1931
2026-05-25 16:54:00,4562.75,4564.91,4562.49,4564.62,2157,13,0,2157
2026-05-25 16:57:00,4564.62,4564.67,4563.0,4563.08,1914,13,0,1914
2026-05-25 17:00:00,4563.1,4564.62,4562.31,4564.6,1897,19,0,1897
2026-05-25 17:03:00,4564.59,4569.66,4564.53,4569.64,1958,19,0,1958
2026-05-25 17:06:00,4569.64,4569.88,4568.55,4569.07,1987,20,0,1987
2026-05-25 17:09:00,4569.08,4570.03,4568.49,4568.98,1994,17,0,1994
2026-05-25 17:12:00,4568.98,4569.58,4567.02,4567.75,2298,13,0,2298
2026-05-25 17:15:00,4567.75,4568.76,4567.48,4568.75,2095,13,0,2095
2026-05-25 17:18:00,4568.72,4568.98,4567.67,4567.72,1890,13,0,1890
2026-05-25 17:21:00,4567.72,4570.05,4567.72,4569.69,1919,14,0,1919
2026-05-25 17:24:00,4569.72,4570.64,4569.05,4569.07,1871,14,0,1871
2026-05-25 17:27:00,4569.05,4569.41,4567.38,4567.94,1978,13,0,1978
2026-05-25 17:30:00,4567.97,4568.11,4565.18,4565.74,1940,17,0,1940
2026-05-25 17:33:00,4565.74,4568.36,4565.34,4567.25,2134,13,0,2134
2026-05-25 17:36:00,4567.25,4568.29,4566.49,4566.86,2142,13,0,2142
2026-05-25 17:39:00,4566.89,4568.51,4566.36,4568.15,1834,16,0,1834
2026-05-25 17:42:00,4568.15,4568.31,4566.54,4567.02,2202,13,0,2202
2026-05-25 17:45:00,4567.05,4568.26,4566.38,4567.35,1833,13,0,1833
2026-05-25 17:48:00,4567.36,4568.97,4566.55,4567.82,1913,19,0,1913
2026-05-25 17:51:00,4567.83,4568.14,4567.19,4567.67,2226,13,0,2226
2026-05-25 17:54:00,4567.66,4567.96,4565.77,4566.89,1915,13,0,1915
2026-05-25 17:57:00,4566.88,4566.99,4565.33,4566.82,2060,13,0,2060
2026-05-25 18:00:00,4566.82,4569.19,4566.6,4568.14,1938,13,0,1938
2026-05-25 18:03:00,4568.14,4568.72,4566.64,4567.17,2093,13,0,2093
2026-05-25 18:06:00,4567.2,4567.46,4565.65,4566.14,1941,13,0,1941
2026-05-25 18:09:00,4566.14,4573.24,4565.86,4572.27,2519,13,0,2519
2026-05-25 18:12:00,4572.25,4573.49,4569.94,4570.12,2145,20,0,2145
2026-05-25 18:15:00,4570.13,4570.72,4567.99,4568.31,2002,19,0,2002
2026-05-25 18:18:00,4568.31,4572.79,4568.19,4572.13,1939,19,0,1939
2026-05-25 18:21:00,4572.11,4572.41,4570.87,4571.88,1908,19,0,1908
2026-05-25 18:24:00,4571.88,4574.69,4571.88,4574.26,2020,19,0,2020
2026-05-25 18:27:00,4574.25,4574.38,4571.59,4573.35,1984,20,0,1984
2026-05-25 18:30:00,4573.35,4573.47,4570.7,4570.91,1865,16,0,1865
2026-05-25 18:33:00,4570.92,4571.46,4570.13,4570.84,1916,14,0,1916
2026-05-25 18:36:00,4570.83,4571.07,4566.73,4567.93,1910,17,0,1910
2026-05-25 18:39:00,4567.93,4568.94,4567.87,4568.43,1799,17,0,1799
2026-05-25 18:42:00,4568.45,4569.59,4568.42,4568.99,1818,19,0,1818
2026-05-25 18:45:00,4569.02,4570.41,4568.76,4570.38,1780,19,0,1780
2026-05-25 18:48:00,4570.4,4570.57,4569.66,4570.52,1793,20,0,1793
2026-05-25 18:51:00,4570.55,4572.47,4570.25,4571.4,1816,20,0,1816
2026-05-25 18:54:00,4571.37,4572.74,4571.36,4572.48,1777,20,0,1777
2026-05-25 18:57:00,4572.47,4572.58,4570.67,4570.9,1788,20,0,1788
2026-05-25 19:00:00,4570.93,4571.22,4568.63,4569.62,1888,20,0,1888
2026-05-25 19:03:00,4569.64,4570.09,4568.95,4568.98,1791,20,0,1791
2026-05-25 19:06:00,4568.96,4570.06,4568.95,4569.57,1822,20,0,1822
2026-05-25 19:09:00,4569.55,4570.21,4569.28,4570.07,1723,20,0,1723
2026-05-25 19:12:00,4570.07,4570.79,4569.36,4570.61,1813,20,0,1813
2026-05-25 19:15:00,4570.62,4570.63,4570.26,4570.52,1788,19,0,1788
2026-05-25 19:18:00,4570.5,4570.63,4568.74,4569.14,1758,17,0,1758
2026-05-25 19:21:00,4569.11,4570.34,4568.89,4569.33,1763,17,0,1763
2026-05-25 19:24:00,4569.3,4570.28,4569.28,4569.91,1753,19,0,1753
2026-05-25 19:27:00,4569.9,4569.97,4568.14,4568.18,1763,16,0,1763
2026-05-25 19:30:00,4568.21,4569.92,4567.95,4569.46,1764,20,0,1764
2026-05-25 19:33:00,4569.45,4570.55,4569.07,4570.13,1817,19,0,1817
2026-05-25 19:36:00,4570.13,4570.32,4569.71,4570.21,2061,13,0,2061
2026-05-25 19:39:00,4570.21,4571.65,4570.09,4571.57,1833,14,0,1833
2026-05-25 19:42:00,4571.6,4572.37,4570.45,4572.1,1829,19,0,1829
2026-05-25 19:45:00,4572.08,4572.85,4571.73,4572.82,1753,20,0,1753
2026-05-25 19:48:00,4572.84,4574.39,4572.28,4573.32,1851,14,0,1851
2026-05-25 19:51:00,4573.33,4574.58,4570.93,4571.32,1856,20,0,1856
2026-05-25 19:54:00,4571.31,4573.27,4570.9,4572.75,1785,20,0,1785
2026-05-25 19:57:00,4572.76,4573.61,4572.22,4573.59,1805,20,0,1805
2026-05-25 20:00:00,4573.57,4576.27,4573.39,4576.27,1782,17,0,1782
2026-05-25 20:03:00,4576.38,4576.65,4574.98,4575.36,1787,20,0,1787
2026-05-25 20:06:00,4575.38,4575.57,4574.08,4574.56,1751,14,0,1751
2026-05-25 20:09:00,4574.57,4576.23,4574.33,4574.57,2120,13,0,2120
2026-05-25 20:12:00,4574.6,4577.8,4573.72,4574.1,1868,20,0,1868
2026-05-25 20:15:00,4574.09,4574.46,4573.69,4573.78,1798,16,0,1798
2026-05-25 20:18:00,4573.8,4574.56,4573.26,4573.42,2010,13,0,2010
2026-05-25 20:21:00,4573.42,4573.5,4571.76,4572.09,1779,13,0,1779
2026-05-25 20:24:00,4572.12,4572.23,4570.33,4570.65,1739,16,0,1739
2026-05-25 20:27:00,4570.67,4571.59,4570.65,4571.38,1764,13,0,1764
2026-05-25 20:30:00,4571.37,4571.45,4570.37,4570.37,1735,17,0,1735
2026-05-25 20:33:00,4570.37,4570.54,4569.29,4569.56,1734,19,0,1734
2026-05-25 20:36:00,4569.57,4569.91,4569.19,4569.22,1742,20,0,1742
2026-05-25 20:39:00,4569.24,4569.25,4566.47,4567.05,1780,20,0,1780
2026-05-25 20:42:00,4567.06,4568.14,4566.32,4566.75,1792,20,0,1792
2026-05-25 20:45:00,4566.75,4566.78,4563.6,4564.07,1941,20,0,1941
2026-05-25 20:48:00,4564.04,4565.62,4563.33,4564.77,1797,19,0,1797
2026-05-25 20:51:00,4564.75,4564.94,4563.57,4564.92,1721,16,0,1721
2026-05-25 20:54:00,4564.9,4564.93,4563.95,4564.22,1803,13,0,1803
2026-05-25 20:57:00,4564.19,4565.72,4564.18,4565.07,1759,16,0,1759
2026-05-25 21:00:00,4565.1,4566.15,4564.37,4565.92,1755,20,0,1755
2026-05-25 21:03:00,4565.92,4569.16,4565.86,4568.22,1780,20,0,1780
2026-05-25 21:06:00,4568.24,4571.55,4568.11,4569.86,1783,19,0,1783
2026-05-25 21:09:00,4569.86,4571.21,4568.12,4569.32,1824,19,0,1824
2026-05-25 21:12:00,4569.31,4569.45,4568.45,4569.2,1987,13,0,1987
2026-05-25 21:15:00,4569.21,4570.25,4568.96,4569.9,1737,13,0,1737
2026-05-25 21:18:00,4569.89,4569.91,4568.45,4569.29,1745,13,0,1745
2026-05-25 21:21:00,4569.28,4570.72,4569.24,4569.63,1744,19,0,1744
2026-05-25 21:24:00,4569.61,4569.9,4567.4,4569.64,1785,17,0,1785
2026-05-25 21:27:00,4569.61,4570.91,4569.48,4570.9,2165,13,0,2165
2026-05-26 01:00:00,4570.66,4573.18,4570.28,4572.37,5074,23,0,5074
2026-05-26 01:03:00,4572.38,4573.08,4570.4,4571.35,4738,23,0,4738
2026-05-26 01:06:00,4571.36,4572.97,4571.08,4572.45,1895,23,0,1895
2026-05-26 01:09:00,4572.44,4574.06,4572.0,4573.48,1890,22,0,1890
2026-05-26 01:12:00,4573.5,4573.8,4572.65,4573.44,1833,22,0,1833
2026-05-26 01:15:00,4573.42,4575.23,4573.2,4574.14,1796,22,0,1796
2026-05-26 01:18:00,4574.15,4575.28,4572.97,4574.33,1804,22,0,1804
2026-05-26 01:21:00,4574.35,4574.97,4573.38,4574.93,1810,22,0,1810
2026-05-26 01:24:00,4574.92,4575.51,4573.99,4574.01,1806,22,0,1806
2026-05-26 01:27:00,4573.99,4575.15,4572.9,4573.17,1809,22,0,1809
2026-05-26 01:30:00,4573.16,4573.23,4571.11,4572.57,1855,23,0,1855
2026-05-26 01:33:00,4572.54,4572.64,4569.67,4569.98,1783,22,0,1783
2026-05-26 01:36:00,4570.01,4573.39,4569.65,4572.77,1834,23,0,1834
2026-05-26 01:39:00,4572.77,4573.87,4571.86,4573.48,1770,22,0,1770
2026-05-26 01:42:00,4573.47,4575.19,4572.32,4574.07,1865,20,0,1865
2026-05-26 01:45:00,4574.05,4575.27,4573.57,4575.18,1787,19,0,1787
2026-05-26 01:48:00,4575.16,4575.32,4573.7,4574.63,1808,19,0,1808
2026-05-26 01:51:00,4574.65,4575.04,4574.29,4575.03,1755,19,0,1755
2026-05-26 01:54:00,4575.01,4576.55,4574.74,4576.25,1846,19,0,1846
2026-05-26 01:57:00,4576.26,4576.48,4574.18,4574.91,1824,22,0,1824
2026-05-26 02:00:00,4574.94,4576.67,4574.28,4574.54,1850,23,0,1850
2026-05-26 02:03:00,4574.55,4574.76,4573.82,4574.63,1801,19,0,1801
2026-05-26 02:06:00,4574.64,4576.28,4574.54,4575.84,1759,19,0,1759
2026-05-26 02:09:00,4575.81,4578.98,4575.38,4578.33,1910,19,0,1910
2026-05-26 02:12:00,4578.33,4579.2,4577.52,4579.0,1892,22,0,1892
2026-05-26 02:15:00,4578.98,4579.28,4578.69,4579.11,1833,19,0,1833
2026-05-26 02:18:00,4579.12,4580.29,4577.3,4577.67,1965,19,0,1965
2026-05-26 02:21:00,4577.67,4577.74,4574.23,4574.47,1826,19,0,1826
2026-05-26 02:24:00,4574.47,4574.49,4570.34,4571.27,1915,22,0,1915
2026-05-26 02:27:00,4571.27,4571.39,4567.29,4568.3,1983,23,0,1983
2026-05-26 02:30:00,4568.32,4568.62,4564.4,4564.66,2045,23,0,2045
2026-05-26 02:33:00,4564.65,4564.89,4558.21,4558.79,2101,23,0,2101
2026-05-26 02:36:00,4558.73,4561.6,4555.37,4559.75,2221,23,0,2221
2026-05-26 02:39:00,4559.75,4562.47,4558.57,4559.73,1985,22,0,1985
2026-05-26 02:42:00,4559.72,4560.27,4555.24,4556.72,1992,22,0,1992
2026-05-26 02:45:00,4556.73,4561.24,4556.73,4559.73,2060,22,0,2060
2026-05-26 02:48:00,4559.7,4559.97,4557.57,4559.41,1913,20,0,1913
2026-05-26 02:51:00,4559.39,4561.82,4558.79,4561.11,1848,22,0,1848
2026-05-26 02:54:00,4561.1,4562.95,4560.42,4561.35,1894,20,0,1894
2026-05-26 02:57:00,4561.37,4561.92,4559.29,4559.7,1885,22,0,1885
2026-05-26 03:00:00,4559.72,4560.22,4549.34,4549.91,2646,22,0,2646
2026-05-26 03:03:00,4549.94,4552.49,4549.58,4551.05,2255,22,0,2255
2026-05-26 03:06:00,4551.06,4552.62,4548.85,4549.55,2299,22,0,2299
2026-05-26 03:09:00,4549.53,4550.47,4548.57,4550.22,2311,19,0,2311
2026-05-26 03:12:00,4550.22,4553.17,4550.22,4552.35,2110,20,0,2110
2026-05-26 03:15:00,4552.35,4553.5,4548.79,4549.21,2156,20,0,2156
2026-05-26 03:18:00,4549.21,4549.21,4541.23,4544.98,2343,19,0,2343
2026-05-26 03:21:00,4544.97,4547.11,4541.47,4543.17,2160,23,0,2160
2026-05-26 03:24:00,4543.2,4546.97,4543.14,4546.91,2009,20,0,2009
2026-05-26 03:27:00,4546.92,4550.42,4546.51,4549.33,1979,19,0,1979
2026-05-26 03:30:00,4549.29,4552.66,4549.29,4551.14,2000,19,0,2000
2026-05-26 03:33:00,4551.13,4553.05,4549.84,4551.04,2018,19,0,2018
2026-05-26 03:36:00,4551.07,4551.56,4547.25,4547.47,1986,19,0,1986
2026-05-26 03:39:00,4547.46,4547.89,4543.48,4546.57,2109,22,0,2109
2026-05-26 03:42:00,4546.57,4549.68,4546.14,4548.13,1978,20,0,1978
2026-05-26 03:45:00,4548.14,4551.56,4546.82,4549.22,2010,19,0,2010
2026-05-26 03:48:00,4549.25,4549.53,4543.82,4543.83,2111,22,0,2111
2026-05-26 03:51:00,4543.82,4545.16,4539.57,4540.72,2199,23,0,2199
2026-05-26 03:54:00,4540.73,4547.13,4540.2,4546.66,2095,23,0,2095
2026-05-26 03:57:00,4546.68,4550.21,4545.27,4549.6,1999,19,0,1999
2026-05-26 04:00:00,4549.61,4550.43,4543.32,4544.5,2669,23,0,2669
2026-05-26 04:03:00,4544.3,4546.91,4542.31,4544.29,2404,22,0,2404
2026-05-26 04:06:00,4544.29,4547.31,4543.52,4545.91,2252,22,0,2252
2026-05-26 04:09:00,4545.9,4548.53,4543.63,4546.92,2189,22,0,2189
2026-05-26 04:12:00,4546.92,4549.29,4546.85,4548.67,2109,19,0,2109
2026-05-26 04:15:00,4548.69,4549.05,4545.69,4546.52,2083,19,0,2083
2026-05-26 04:18:00,4546.51,4548.17,4544.96,4545.3,2073,19,0,2073
2026-05-26 04:21:00,4545.3,4545.33,4541.84,4543.96,2101,22,0,2101
2026-05-26 04:24:00,4543.94,4546.14,4543.1,4544.58,2060,22,0,2060
2026-05-26 04:27:00,4544.7,4546.42,4543.26,4543.77,2068,22,0,2068
2026-05-26 04:30:00,4543.79,4544.29,4538.67,4540.08,2259,23,0,2259
2026-05-26 04:33:00,4540.08,4540.39,4537.29,4537.92,2190,23,0,2190
2026-05-26 04:36:00,4537.94,4538.44,4532.05,4534.92,2190,22,0,2190
2026-05-26 04:39:00,4534.94,4535.38,4527.69,4529.25,2468,23,0,2468
2026-05-26 04:42:00,4529.28,4532.95,4528.02,4532.2,2299,22,0,2299
2026-05-26 04:45:00,4532.21,4535.12,4531.48,4532.74,2233,19,0,2233
2026-05-26 04:48:00,4532.76,4534.94,4531.26,4532.84,2204,22,0,2204
2026-05-26 04:51:00,4532.81,4535.37,4532.25,4535.21,2015,19,0,2015
2026-05-26 04:54:00,4535.23,4536.26,4534.76,4535.18,2003,19,0,2003
2026-05-26 04:57:00,4535.19,4537.35,4534.49,4537.05,1926,19,0,1926
2026-05-26 05:00:00,4537.06,4538.05,4535.43,4536.33,1976,22,0,1976
2026-05-26 05:03:00,4536.34,4537.7,4535.37,4537.06,1943,22,0,1943
2026-05-26 05:06:00,4537.08,4538.74,4536.92,4537.43,1931,22,0,1931
2026-05-26 05:09:00,4537.45,4539.55,4537.15,4537.98,1932,20,0,1932
2026-05-26 05:12:00,4538.0,4538.66,4537.13,4538.46,1854,22,0,1854
2026-05-26 05:15:00,4538.49,4538.94,4537.16,4537.78,1806,22,0,1806
2026-05-26 05:18:00,4537.77,4538.73,4536.53,4537.18,1820,23,0,1820
2026-05-26 05:21:00,4537.17,4538.37,4536.49,4538.07,1853,22,0,1853
2026-05-26 05:24:00,4538.08,4538.76,4536.48,4537.12,1831,20,0,1831
2026-05-26 05:27:00,4537.16,4538.04,4536.36,4536.85,1855,22,0,1855
2026-05-26 05:30:00,4536.84,4537.21,4534.29,4534.94,1980,22,0,1980
2026-05-26 05:33:00,4534.95,4536.92,4533.67,4536.65,1944,23,0,1944
2026-05-26 05:36:00,4536.65,4538.51,4536.63,4537.67,1961,19,0,1961
2026-05-26 05:39:00,4537.69,4538.53,4536.43,4536.8,1915,19,0,1915
2026-05-26 05:42:00,4536.72,4537.2,4533.67,4534.02,1887,20,0,1887
2026-05-26 05:45:00,4534.04,4534.14,4531.23,4533.4,1979,19,0,1979
2026-05-26 05:48:00,4533.39,4533.92,4531.54,4532.14,1940,20,0,1940
2026-05-26 05:51:00,4532.1,4533.85,4530.09,4533.15,1925,19,0,1925
2026-05-26 05:54:00,4533.12,4534.75,4531.49,4533.7,1870,19,0,1870
2026-05-26 05:57:00,4533.71,4534.37,4532.23,4532.26,1860,19,0,1860
2026-05-26 06:00:00,4532.27,4536.35,4532.03,4534.79,1962,19,0,1962
2026-05-26 06:03:00,4534.8,4535.41,4533.5,4534.58,1920,19,0,1920
2026-05-26 06:06:00,4534.59,4536.59,4534.55,4535.85,1837,19,0,1837
2026-05-26 06:09:00,4535.84,4536.82,4534.91,4536.28,1886,19,0,1886
2026-05-26 06:12:00,4536.26,4538.39,4535.7,4537.0,1945,20,0,1945
2026-05-26 06:15:00,4537.01,4538.86,4536.91,4538.51,1842,19,0,1842
2026-05-26 06:18:00,4538.5,4540.64,4538.09,4540.0,1935,19,0,1935
2026-05-26 06:21:00,4540.02,4543.75,4539.97,4541.7,2031,20,0,2031
2026-05-26 06:24:00,4541.72,4543.16,4541.65,4542.55,1871,19,0,1871
2026-05-26 06:27:00,4542.55,4542.63,4541.25,4542.21,1873,19,0,1873
2026-05-26 06:30:00,4542.18,4544.27,4541.81,4543.27,1890,19,0,1890
2026-05-26 06:33:00,4543.25,4544.79,4542.71,4543.78,1857,20,0,1857
2026-05-26 06:36:00,4543.77,4545.35,4543.49,4544.9,1836,19,0,1836
2026-05-26 06:39:00,4544.9,4544.99,4542.32,4542.32,1911,20,0,1911
2026-05-26 06:42:00,4542.33,4542.66,4540.98,4541.36,1850,20,0,1850
2026-05-26 06:45:00,4541.36,4542.25,4540.79,4542.2,1841,19,0,1841
2026-05-26 06:48:00,4542.21,4543.2,4541.84,4542.16,1787,19,0,1787
2026-05-26 06:51:00,4542.13,4543.77,4541.62,4543.29,1845,20,0,1845
2026-05-26 06:54:00,4543.27,4543.39,4542.21,4542.58,1827,19,0,1827
2026-05-26 06:57:00,4542.59,4542.97,4541.22,4542.3,1770,19,0,1770
2026-05-26 07:00:00,4542.32,4543.18,4542.12,4542.83,1812,20,0,1812
2026-05-26 07:03:00,4542.84,4542.92,4539.32,4539.54,1878,19,0,1878
2026-05-26 07:06:00,4539.57,4540.66,4539.11,4540.53,1806,19,0,1806
2026-05-26 07:09:00,4540.54,4540.62,4537.67,4537.93,1838,22,0,1838
2026-05-26 07:12:00,4537.94,4538.6,4536.22,4537.32,1876,23,0,1876
2026-05-26 07:15:00,4537.33,4539.49,4536.43,4539.07,1901,23,0,1901
2026-05-26 07:18:00,4539.07,4539.34,4537.87,4538.09,1786,20,0,1786
2026-05-26 07:21:00,4538.07,4538.14,4536.36,4536.45,1790,19,0,1790
2026-05-26 07:24:00,4536.46,4536.72,4534.11,4534.28,1858,19,0,1858
2026-05-26 07:27:00,4534.27,4535.55,4532.52,4532.53,1845,22,0,1845
2026-05-26 07:30:00,4532.59,4533.22,4530.19,4532.95,2039,22,0,2039
2026-05-26 07:33:00,4532.96,4533.02,4529.86,4530.2,1843,23,0,1843
2026-05-26 07:36:00,4530.21,4530.35,4525.88,4528.1,1966,22,0,1966
2026-05-26 07:39:00,4528.09,4529.17,4527.36,4527.57,1855,22,0,1855
2026-05-26 07:42:00,4527.57,4527.87,4525.24,4526.19,1867,22,0,1867
2026-05-26 07:45:00,4526.17,4527.39,4524.78,4526.93,1956,20,0,1956
2026-05-26 07:48:00,4526.94,4529.15,4526.26,4528.68,1911,20,0,1911
2026-05-26 07:51:00,4528.68,4528.8,4526.31,4526.55,1963,15,0,1963
2026-05-26 07:54:00,4526.57,4527.77,4526.55,4527.4,1826,15,0,1826
2026-05-26 07:57:00,4527.38,4527.55,4523.48,4525.46,1989,15,0,1989
2026-05-26 08:00:00,4525.45,4527.32,4522.9,4527.11,2125,16,0,2125
2026-05-26 08:03:00,4527.1,4529.32,4526.5,4528.46,2033,19,0,2033
2026-05-26 08:06:00,4528.46,4530.04,4526.2,4529.87,1927,16,0,1927
2026-05-26 08:09:00,4529.9,4531.09,4529.82,4530.79,1955,15,0,1955
2026-05-26 08:12:00,4530.83,4531.68,4529.03,4529.37,1954,16,0,1954
2026-05-26 08:15:00,4529.38,4530.54,4528.8,4530.34,1859,15,0,1859
2026-05-26 08:18:00,4530.36,4531.35,4529.01,4530.17,1838,15,0,1838
2026-05-26 08:21:00,4530.16,4530.33,4528.95,4529.87,1785,15,0,1785
2026-05-26 08:24:00,4529.88,4531.23,4528.73,4529.95,1850,15,0,1850
2026-05-26 08:27:00,4529.94,4531.38,4529.42,4531.24,1861,18,0,1861
2026-05-26 08:30:00,4531.23,4533.95,4530.31,4533.61,2145,18,0,2145
2026-05-26 08:33:00,4533.63,4534.39,4532.21,4533.49,1999,19,0,1999
2026-05-26 08:36:00,4533.47,4535.08,4532.28,4534.4,2046,15,0,2046
2026-05-26 08:39:00,4534.43,4534.56,4527.93,4529.03,2249,15,0,2249
2026-05-26 08:42:00,4528.99,4530.99,4528.09,4529.79,2075,19,0,2075
2026-05-26 08:45:00,4529.78,4529.8,4526.31,4527.2,2102,16,0,2102
2026-05-26 08:48:00,4527.11,4529.88,4526.5,4528.04,2145,18,0,2145
2026-05-26 08:51:00,4528.05,4528.13,4523.55,4525.56,2193,19,0,2193
2026-05-26 08:54:00,4525.54,4527.02,4524.82,4526.85,2106,15,0,2106
2026-05-26 08:57:00,4526.85,4528.75,4526.62,4527.21,1997,15,0,1997
2026-05-26 09:00:00,4527.22,4531.01,4527.08,4530.84,2142,14,0,2142
2026-05-26 09:03:00,4530.86,4531.83,4530.21,4530.52,2068,10,0,2068
2026-05-26 09:06:00,4530.55,4532.18,4530.19,4531.41,1989,12,0,1989
2026-05-26 09:09:00,4531.43,4532.25,4529.03,4530.27,2078,15,0,2078
2026-05-26 09:12:00,4530.29,4532.78,4529.53,4531.64,1985,16,0,1985
2026-05-26 09:15:00,4531.66,4532.14,4529.28,4531.03,2275,10,0,2275
2026-05-26 09:18:00,4531.03,4532.88,4530.12,4532.62,2350,10,0,2350
2026-05-26 09:21:00,4532.78,4534.66,4531.97,4534.59,1966,16,0,1966
2026-05-26 09:24:00,4534.56,4536.21,4532.88,4535.29,2285,10,0,2285
2026-05-26 09:27:00,4535.38,4535.4,4528.25,4530.41,2424,10,0,2424
2026-05-26 09:30:00,4530.44,4531.41,4528.7,4528.93,1980,16,0,1980
2026-05-26 09:33:00,4528.94,4531.91,4528.78,4531.48,1967,15,0,1967
2026-05-26 09:36:00,4531.48,4533.31,4530.97,4531.23,1948,15,0,1948
2026-05-26 09:39:00,4531.24,4533.99,4531.02,4533.32,1942,15,0,1942
2026-05-26 09:42:00,4533.33,4533.87,4532.38,4533.85,2005,15,0,2005
2026-05-26 09:45:00,4533.83,4534.01,4530.56,4530.75,1953,16,0,1953
2026-05-26 09:48:00,4530.76,4532.28,4528.78,4530.32,2100,16,0,2100
2026-05-26 09:51:00,4530.34,4530.98,4528.49,4530.82,1990,16,0,1990
2026-05-26 09:54:00,4530.84,4533.51,4530.59,4533.08,1924,14,0,1924
2026-05-26 09:57:00,4533.09,4533.27,4530.46,4531.0,1962,15,0,1962
2026-05-26 10:00:00,4531.0,4533.42,4530.91,4532.88,2068,16,0,2068
2026-05-26 10:03:00,4532.87,4533.93,4529.22,4530.68,2231,16,0,2231
2026-05-26 10:06:00,4530.67,4533.39,4530.54,4530.54,2145,16,0,2145
2026-05-26 10:09:00,4530.55,4530.65,4525.92,4529.17,2092,16,0,2092
2026-05-26 10:12:00,4529.17,4529.69,4526.42,4528.49,1983,15,0,1983
2026-05-26 10:15:00,4528.5,4528.52,4522.04,4522.7,2117,14,0,2117
2026-05-26 10:18:00,4522.7,4527.07,4522.69,4526.53,2004,16,0,2004
2026-05-26 10:21:00,4526.56,4527.48,4525.1,4527.34,2090,10,0,2090
2026-05-26 10:24:00,4527.36,4530.38,4527.23,4529.31,2008,13,0,2008
2026-05-26 10:27:00,4529.34,4531.15,4528.84,4529.68,1872,12,0,1872
2026-05-26 10:30:00,4529.7,4529.77,4524.17,4525.4,2161,14,0,2161
2026-05-26 10:33:00,4525.38,4526.48,4523.04,4524.29,2140,16,0,2140
2026-05-26 10:36:00,4524.31,4525.65,4521.68,4522.98,2143,15,0,2143
2026-05-26 10:39:00,4522.96,4525.29,4521.85,4524.42,2042,14,0,2042
2026-05-26 10:42:00,4524.45,4527.48,4524.29,4526.67,1991,13,0,1991
2026-05-26 10:45:00,4526.67,4531.09,4525.19,4529.93,2034,14,0,2034
2026-05-26 10:48:00,4530.14,4535.25,4530.14,4535.06,2019,15,0,2019
2026-05-26 10:51:00,4535.07,4535.42,4532.1,4532.18,2062,15,0,2062
2026-05-26 10:54:00,4532.17,4536.13,4531.53,4534.28,2042,15,0,2042
2026-05-26 10:57:00,4534.29,4539.03,4534.19,4538.2,2180,16,0,2180
2026-05-26 11:00:00,4538.2,4539.15,4535.32,4535.43,2220,13,0,2220
2026-05-26 11:03:00,4535.45,4537.7,4534.78,4534.83,2072,14,0,2072
2026-05-26 11:06:00,4534.86,4535.14,4532.81,4533.61,2094,12,0,2094
2026-05-26 11:09:00,4533.59,4534.41,4531.88,4532.44,2340,10,0,2340
2026-05-26 11:12:00,4532.56,4533.19,4527.01,4527.55,2344,10,0,2344
2026-05-26 11:15:00,4527.57,4529.89,4527.44,4529.19,1969,14,0,1969
2026-05-26 11:18:00,4529.18,4529.93,4527.41,4527.67,2291,10,0,2291
2026-05-26 11:21:00,4527.65,4529.6,4527.0,4529.0,2206,10,0,2206
2026-05-26 11:24:00,4529.02,4529.45,4523.78,4524.65,2156,10,0,2156
2026-05-26 11:27:00,4524.59,4525.03,4520.55,4522.47,2141,16,0,2141
2026-05-26 11:30:00,4522.47,4523.18,4520.42,4521.29,2050,16,0,2050
2026-05-26 11:33:00,4521.28,4522.49,4520.18,4520.8,2008,14,0,2008
2026-05-26 11:36:00,4520.8,4523.73,4520.57,4522.96,1991,12,0,1991
2026-05-26 11:39:00,4522.98,4524.1,4521.8,4524.1,1953,12,0,1953
2026-05-26 11:42:00,4524.1,4526.31,4524.07,4525.42,1965,12,0,1965
2026-05-26 11:45:00,4525.4,4527.4,4525.01,4525.69,1974,15,0,1974
2026-05-26 11:48:00,4525.68,4525.86,4520.26,4522.47,2020,15,0,2020
2026-05-26 11:51:00,4522.51,4525.3,4522.32,4524.64,2449,10,0,2449
2026-05-26 11:54:00,4524.64,4524.8,4522.97,4523.87,1897,10,0,1897
2026-05-26 11:57:00,4523.87,4524.22,4522.15,4523.76,1973,13,0,1973
2026-05-26 12:00:00,4523.76,4524.46,4522.61,4524.24,1991,13,0,1991
2026-05-26 12:03:00,4524.22,4524.81,4522.93,4524.53,1896,13,0,1896
2026-05-26 12:06:00,4524.57,4524.88,4522.18,4523.25,1920,15,0,1920
2026-05-26 12:09:00,4523.28,4523.67,4522.43,4523.16,1826,14,0,1826
2026-05-26 12:12:00,4523.19,4523.45,4519.32,4520.52,1909,13,0,1909
2026-05-26 12:15:00,4520.51,4524.12,4518.22,4523.52,2072,16,0,2072
2026-05-26 12:18:00,4523.51,4525.68,4523.4,4523.7,2080,16,0,2080
2026-05-26 12:21:00,4523.7,4525.51,4520.8,4520.83,2053,15,0,2053
2026-05-26 12:24:00,4520.82,4524.98,4520.78,4524.72,1983,15,0,1983
2026-05-26 12:27:00,4524.72,4526.43,4524.64,4524.82,2067,16,0,2067
2026-05-26 12:30:00,4524.83,4525.3,4517.1,4518.38,2219,16,0,2219
2026-05-26 12:33:00,4518.4,4521.19,4516.22,4516.96,2062,16,0,2062
2026-05-26 12:36:00,4516.94,4518.79,4516.4,4517.75,1986,16,0,1986
2026-05-26 12:39:00,4517.77,4517.85,4514.94,4516.45,2073,16,0,2073
2026-05-26 12:42:00,4516.44,4516.44,4512.08,4513.25,2138,16,0,2138
2026-05-26 12:45:00,4513.23,4518.45,4513.13,4518.04,2102,13,0,2102
2026-05-26 12:48:00,4518.02,4519.32,4516.8,4517.63,2247,10,0,2247
2026-05-26 12:51:00,4517.6,4519.43,4517.2,4517.28,2063,9,0,2063
2026-05-26 12:54:00,4517.29,4520.01,4516.91,4519.2,1950,10,0,1950
2026-05-26 12:57:00,4519.18,4523.56,4517.51,4522.69,2115,13,0,2115
2026-05-26 13:00:00,4522.71,4523.3,4520.91,4521.49,2064,11,0,2064
2026-05-26 13:03:00,4521.51,4522.45,4519.33,4520.46,2438,9,0,2438
2026-05-26 13:06:00,4520.45,4524.34,4520.17,4524.01,1937,9,0,1937
2026-05-26 13:09:00,4524.04,4528.27,4523.08,4528.26,1983,11,0,1983
2026-05-26 13:12:00,4528.28,4532.12,4527.4,4529.42,2244,14,0,2244
2026-05-26 13:15:00,4529.44,4533.06,4528.96,4529.09,2105,14,0,2105
2026-05-26 13:18:00,4529.1,4530.09,4527.52,4529.24,2003,10,0,2003
2026-05-26 13:21:00,4529.25,4532.55,4529.23,4531.44,2357,9,0,2357
2026-05-26 13:24:00,4531.44,4532.84,4531.33,4532.45,1935,9,0,1935
2026-05-26 13:27:00,4532.44,4535.34,4531.86,4533.41,2125,11,0,2125
2026-05-26 13:30:00,4533.41,4535.68,4533.41,4534.02,2402,9,0,2402
2026-05-26 13:33:00,4534.05,4538.84,4533.83,4535.91,2177,12,0,2177
2026-05-26 13:36:00,4535.89,4537.61,4533.8,4534.11,2126,9,0,2126
2026-05-26 13:39:00,4534.16,4534.87,4533.53,4534.04,2365,9,0,2365
2026-05-26 13:42:00,4534.07,4534.23,4531.47,4533.21,2108,9,0,2108
2026-05-26 13:45:00,4533.2,4536.18,4533.19,4533.79,1960,14,0,1960
2026-05-26 13:48:00,4533.8,4540.53,4533.79,4538.16,2196,9,0,2196
2026-05-26 13:51:00,4538.18,4538.51,4535.61,4535.92,2097,14,0,2097
2026-05-26 13:54:00,4535.89,4535.99,4533.88,4534.29,2348,9,0,2348
2026-05-26 13:57:00,4534.27,4535.24,4533.77,4534.48,1906,9,0,1906
2026-05-26 14:00:00,4534.48,4535.34,4532.94,4533.76,1987,9,0,1987
2026-05-26 14:03:00,4533.76,4536.34,4533.74,4535.11,1978,11,0,1978
2026-05-26 14:06:00,4535.13,4535.68,4533.85,4535.56,1900,11,0,1900
2026-05-26 14:09:00,4535.57,4535.95,4534.24,4534.27,1891,13,0,1891
2026-05-26 14:12:00,4534.25,4534.45,4531.72,4531.74,1914,13,0,1914
2026-05-26 14:15:00,4531.72,4532.66,4531.32,4532.02,1903,13,0,1903
2026-05-26 14:18:00,4532.01,4532.14,4529.03,4529.08,2030,14,0,2030
2026-05-26 14:21:00,4529.11,4529.25,4525.28,4526.04,2121,14,0,2121
2026-05-26 14:24:00,4526.08,4527.25,4523.83,4524.5,2067,14,0,2067
2026-05-26 14:27:00,4524.48,4524.96,4522.81,4523.81,2116,14,0,2116
2026-05-26 14:30:00,4523.8,4523.84,4517.38,4520.86,2252,14,0,2252
2026-05-26 14:33:00,4520.89,4523.22,4507.24,4511.12,2533,14,0,2533
2026-05-26 14:36:00,4511.16,4516.39,4507.03,4511.16,2717,14,0,2717
2026-05-26 14:39:00,4511.15,4513.23,4508.57,4512.15,2353,14,0,2353
2026-05-26 14:42:00,4512.15,4512.47,4504.58,4510.14,2448,14,0,2448
2026-05-26 14:45:00,4510.13,4515.73,4508.42,4514.71,2182,14,0,2182
2026-05-26 14:48:00,4514.7,4515.04,4512.04,4514.44,2048,12,0,2048
2026-05-26 14:51:00,4514.47,4515.68,4510.67,4511.19,2079,12,0,2079
2026-05-26 14:54:00,4511.19,4512.58,4508.1,4509.88,2200,14,0,2200
2026-05-26 14:57:00,4509.88,4511.79,4503.81,4507.17,2254,14,0,2254
2026-05-26 15:00:00,4507.17,4510.1,4504.47,4509.21,2312,14,0,2312
2026-05-26 15:03:00,4509.2,4509.57,4506.68,4508.27,2040,13,0,2040
2026-05-26 15:06:00,4508.27,4512.13,4506.45,4508.83,2379,12,0,2379
2026-05-26 15:09:00,4508.83,4511.47,4507.28,4510.9,2183,12,0,2183
2026-05-26 15:12:00,4510.91,4512.23,4508.61,4510.38,2397,9,0,2397
2026-05-26 15:15:00,4510.36,4515.93,4509.69,4513.66,2243,11,0,2243
2026-05-26 15:18:00,4513.64,4513.67,4508.12,4509.03,2241,9,0,2241
2026-05-26 15:21:00,4509.02,4512.88,4508.86,4509.63,2158,10,0,2158
2026-05-26 15:24:00,4509.64,4511.64,4508.45,4508.69,2099,13,0,2099
2026-05-26 15:27:00,4508.68,4509.68,4503.73,4506.22,2302,9,0,2302
2026-05-26 15:30:00,4506.2,4506.64,4500.68,4504.94,2337,14,0,2337
2026-05-26 15:33:00,4504.97,4510.51,4504.59,4508.17,2167,10,0,2167
2026-05-26 15:36:00,4508.18,4509.32,4503.41,4503.41,2091,12,0,2091
2026-05-26 15:39:00,4503.25,4505.83,4501.44,4505.76,2603,9,0,2603
2026-05-26 15:42:00,4505.78,4512.05,4505.54,4512.03,2225,9,0,2225
2026-05-26 15:45:00,4512.01,4516.15,4510.59,4513.49,2490,9,0,2490
2026-05-26 15:48:00,4513.48,4521.8,4513.47,4517.57,2604,10,0,2604
2026-05-26 15:51:00,4517.75,4523.56,4517.72,4522.23,2443,9,0,2443
2026-05-26 15:54:00,4522.21,4523.74,4520.53,4522.41,2674,9,0,2674
2026-05-26 15:57:00,4522.4,4523.38,4519.24,4520.41,2315,9,0,2315
2026-05-26 16:00:00,4520.43,4526.31,4519.41,4524.6,2372,9,0,2372
2026-05-26 16:03:00,4524.6,4524.6,4520.4,4520.8,2278,9,0,2278
2026-05-26 16:06:00,4520.79,4521.87,4519.52,4520.66,2457,9,0,2457
2026-05-26 16:09:00,4520.63,4523.6,4516.18,4518.61,2137,9,0,2137
2026-05-26 16:12:00,4518.63,4520.28,4516.65,4518.42,2546,9,0,2546
2026-05-26 16:15:00,4518.41,4520.82,4518.23,4520.74,2381,9,0,2381
2026-05-26 16:18:00,4520.61,4522.07,4518.77,4522.05,2020,9,0,2020
2026-05-26 16:21:00,4522.06,4527.0,4521.97,4524.76,2299,10,0,2299
2026-05-26 16:24:00,4524.66,4527.59,4524.45,4525.55,2649,9,0,2649
2026-05-26 16:27:00,4525.56,4526.31,4522.0,4522.31,2135,9,0,2135
2026-05-26 16:30:00,4522.3,4527.85,4522.3,4526.31,2653,9,0,2653
2026-05-26 16:33:00,4526.3,4527.18,4521.14,4522.73,2460,14,0,2460
2026-05-26 16:36:00,4522.74,4528.8,4522.04,4526.21,2479,14,0,2479
2026-05-26 16:39:00,4526.24,4528.6,4524.22,4528.46,2403,9,0,2403
2026-05-26 16:42:00,4528.46,4531.49,4527.08,4527.34,2528,9,0,2528
2026-05-26 16:45:00,4527.33,4528.95,4525.95,4527.65,2583,9,0,2583
2026-05-26 16:48:00,4527.66,4529.31,4519.6,4519.85,2686,9,0,2686
2026-05-26 16:51:00,4519.98,4521.95,4512.81,4514.69,3215,14,0,3215
2026-05-26 16:54:00,4514.69,4517.77,4514.35,4516.37,2554,14,0,2554
2026-05-26 16:57:00,4516.38,4517.24,4512.34,4514.05,2336,9,0,2336
2026-05-26 17:00:00,4514.05,4516.79,4511.24,4516.42,2509,12,0,2509
2026-05-26 17:03:00,4516.37,4519.19,4515.14,4519.0,2566,9,0,2566
2026-05-26 17:06:00,4519.02,4520.49,4516.41,4517.4,2437,9,0,2437
2026-05-26 17:09:00,4517.41,4517.67,4512.11,4512.62,2370,9,0,2370
2026-05-26 17:12:00,4512.65,4513.84,4507.92,4511.07,2513,9,0,2513
2026-05-26 17:15:00,4511.11,4511.69,4508.57,4509.52,2144,12,0,2144
2026-05-26 17:18:00,4509.62,4514.74,4509.55,4513.74,2458,9,0,2458
2026-05-26 17:21:00,4513.74,4517.39,4512.53,4515.18,2324,9,0,2324
2026-05-26 17:24:00,4515.18,4517.87,4514.72,4516.78,2431,9,0,2431
2026-05-26 17:27:00,4516.79,4517.84,4514.98,4517.68,2176,10,0,2176
2026-05-26 17:30:00,4517.69,4521.75,4517.41,4520.1,2247,13,0,2247
2026-05-26 17:33:00,4519.95,4521.41,4516.81,4521.34,2298,14,0,2298
2026-05-26 17:36:00,4521.35,4523.88,4520.51,4523.82,2391,12,0,2391
2026-05-26 17:39:00,4523.77,4524.94,4521.06,4521.28,2150,11,0,2150
2026-05-26 17:42:00,4521.29,4521.61,4519.76,4521.48,2335,9,0,2335
2026-05-26 17:45:00,4521.48,4522.12,4519.88,4520.04,2097,11,0,2097
2026-05-26 17:48:00,4520.03,4520.52,4517.48,4517.99,2164,13,0,2164
2026-05-26 17:51:00,4518.01,4519.35,4517.09,4517.48,2086,13,0,2086
2026-05-26 17:54:00,4517.52,4517.79,4512.74,4514.77,2262,14,0,2262
2026-05-26 17:57:00,4514.75,4516.01,4513.77,4515.24,2313,14,0,2313
2026-05-26 18:00:00,4515.27,4515.57,4509.06,4509.75,2381,14,0,2381
2026-05-26 18:03:00,4509.75,4514.4,4508.17,4513.28,2302,14,0,2302
2026-05-26 18:06:00,4513.27,4513.27,4508.85,4511.94,2205,14,0,2205
2026-05-26 18:09:00,4511.94,4512.58,4509.5,4510.24,2162,14,0,2162
2026-05-26 18:12:00,4510.24,4511.63,4508.77,4509.53,2355,9,0,2355
2026-05-26 18:15:00,4509.52,4510.64,4505.16,4505.52,2212,10,0,2212
2026-05-26 18:18:00,4505.52,4509.41,4505.35,4507.2,2118,14,0,2118
2026-05-26 18:21:00,4507.2,4507.89,4506.31,4506.36,2457,9,0,2457
2026-05-26 18:24:00,4506.35,4508.37,4505.06,4507.48,2083,9,0,2083
2026-05-26 18:27:00,4507.45,4508.34,4504.98,4506.01,2141,12,0,2141
2026-05-26 18:30:00,4505.99,4508.43,4503.71,4504.52,2275,14,0,2275
2026-05-26 18:33:00,4504.52,4507.03,4504.44,4506.17,2567,9,0,2567
2026-05-26 18:36:00,4506.17,4506.44,4502.31,4504.5,2768,9,0,2768
2026-05-26 18:39:00,4504.49,4508.07,4504.04,4507.63,2601,9,0,2601
2026-05-26 18:42:00,4507.63,4508.98,4506.61,4508.37,2275,9,0,2275
2026-05-26 18:45:00,4508.35,4509.22,4506.88,4507.6,2203,9,0,2203
2026-05-26 18:48:00,4507.62,4508.45,4506.07,4506.71,2220,9,0,2220
2026-05-26 18:51:00,4506.68,4510.8,4506.65,4509.58,2149,11,0,2149
2026-05-26 18:54:00,4509.56,4509.88,4506.35,4506.74,2237,11,0,2237
2026-05-26 18:57:00,4506.74,4507.56,4506.19,4506.44,2076,14,0,2076
2026-05-26 19:00:00,4506.43,4508.53,4506.42,4506.68,2433,9,0,2433
2026-05-26 19:03:00,4506.7,4507.17,4505.33,4505.76,2411,9,0,2411
2026-05-26 19:06:00,4505.73,4505.95,4502.72,4503.18,2270,9,0,2270
2026-05-26 19:09:00,4503.17,4503.39,4502.3,4503.28,2289,9,0,2289
2026-05-26 19:12:00,4503.27,4503.29,4500.45,4501.44,2161,9,0,2161
2026-05-26 19:15:00,4501.46,4502.32,4499.82,4501.38,2172,14,0,2172
2026-05-26 19:18:00,4501.37,4505.74,4500.83,4503.42,2213,14,0,2213
2026-05-26 19:21:00,4503.43,4505.53,4502.52,4504.87,2316,9,0,2316
2026-05-26 19:24:00,4504.88,4507.6,4504.57,4507.6,2263,9,0,2263
2026-05-26 19:27:00,4507.59,4508.85,4506.88,4508.02,2035,9,0,2035
2026-05-26 19:30:00,4508.03,4509.53,4507.42,4509.51,2068,11,0,2068
2026-05-26 19:33:00,4509.52,4511.32,4508.26,4510.15,2132,13,0,2132
2026-05-26 19:36:00,4510.16,4510.17,4508.25,4509.85,2060,12,0,2060
2026-05-26 19:39:00,4509.87,4509.88,4507.58,4507.73,2139,9,0,2139
2026-05-26 19:42:00,4507.66,4507.88,4506.2,4506.62,2146,9,0,2146
2026-05-26 19:45:00,4506.61,4507.82,4505.17,4505.37,2002,10,0,2002
2026-05-26 19:48:00,4505.34,4505.82,4503.09,4504.53,2068,13,0,2068
2026-05-26 19:51:00,4504.52,4505.89,4503.77,4504.16,1949,10,0,1949
2026-05-26 19:54:00,4504.13,4505.71,4504.08,4505.06,2141,9,0,2141
2026-05-26 19:57:00,4505.03,4505.91,4504.62,4504.91,1944,12,0,1944
2026-05-26 20:00:00,4504.91,4507.04,4504.35,4506.9,2025,13,0,2025
2026-05-26 20:03:00,4506.9,4507.42,4504.15,4504.71,2006,14,0,2006
2026-05-26 20:06:00,4504.74,4505.63,4503.6,4503.78,1927,14,0,1927
2026-05-26 20:09:00,4503.75,4504.9,4503.24,4504.36,1942,13,0,1942
2026-05-26 20:12:00,4504.34,4504.69,4503.56,4503.74,1899,12,0,1899
2026-05-26 20:15:00,4503.75,4504.64,4503.32,4504.03,1971,13,0,1971
2026-05-26 20:18:00,4504.04,4505.52,4503.93,4504.99,1952,14,0,1952
2026-05-26 20:21:00,4504.96,4506.27,4504.72,4506.03,1943,13,0,1943
2026-05-26 20:24:00,4506.03,4507.6,4505.37,4507.45,2004,14,0,2004
2026-05-26 20:27:00,4507.42,4507.54,4500.49,4501.58,2246,14,0,2246
2026-05-26 20:30:00,4501.51,4501.7,4498.19,4500.93,2224,14,0,2224
2026-05-26 20:33:00,4500.93,4501.71,4499.89,4500.03,2090,14,0,2090
2026-05-26 20:36:00,4500.02,4500.06,4497.0,4497.97,2075,14,0,2075
2026-05-26 20:39:00,4497.94,4499.67,4497.39,4499.01,2035,14,0,2035
2026-05-26 20:42:00,4499.01,4499.19,4496.63,4498.61,2025,13,0,2025
2026-05-26 20:45:00,4498.61,4500.68,4498.38,4500.65,2004,12,0,2004
2026-05-26 20:48:00,4500.65,4500.99,4499.04,4499.89,1936,12,0,1936
2026-05-26 20:51:00,4499.89,4501.29,4497.0,4499.4,1958,10,0,1958
2026-05-26 20:54:00,4499.38,4499.53,4492.16,4493.88,2294,14,0,2294
2026-05-26 20:57:00,4493.88,4494.58,4489.86,4491.05,2252,14,0,2252
2026-05-26 21:00:00,4491.03,4493.33,4485.64,4485.91,2453,14,0,2453
2026-05-26 21:03:00,4485.93,4489.15,4482.58,4483.81,2251,14,0,2251
2026-05-26 21:06:00,4483.81,4486.4,4483.14,4486.39,2148,14,0,2148
2026-05-26 21:09:00,4486.4,4491.05,4486.35,4490.1,2036,12,0,2036
2026-05-26 21:12:00,4490.08,4490.36,4485.42,4487.34,2033,11,0,2033
2026-05-26 21:15:00,4487.33,4489.09,4486.48,4488.55,2028,14,0,2028
2026-05-26 21:18:00,4488.53,4491.55,4488.04,4490.56,2048,13,0,2048
2026-05-26 21:21:00,4490.55,4492.69,4490.5,4492.41,2009,12,0,2009
2026-05-26 21:24:00,4492.43,4496.08,4491.99,4494.9,2018,13,0,2018
2026-05-26 21:27:00,4494.89,4495.55,4493.91,4495.21,2037,14,0,2037
2026-05-26 21:30:00,4495.2,4497.05,4494.14,4496.99,2049,14,0,2049
2026-05-26 21:33:00,4496.98,4498.32,4495.97,4496.12,2034,14,0,2034
2026-05-26 21:36:00,4496.12,4496.69,4495.44,4495.45,1939,14,0,1939
2026-05-26 21:39:00,4495.41,4496.67,4495.19,4496.22,1922,14,0,1922
2026-05-26 21:42:00,4496.23,4496.38,4495.13,4496.1,1919,14,0,1919
2026-05-26 21:45:00,4496.08,4498.41,4496.05,4498.22,1872,14,0,1872
2026-05-26 21:48:00,4498.2,4498.36,4497.28,4497.84,1944,14,0,1944
2026-05-26 21:51:00,4497.81,4499.45,4497.65,4498.66,1907,14,0,1907
2026-05-26 21:54:00,4498.68,4499.52,4497.81,4498.87,1913,14,0,1913
2026-05-26 21:57:00,4498.86,4499.46,4498.16,4499.28,1950,14,0,1950
2026-05-26 22:00:00,4499.28,4499.83,4497.61,4498.67,1992,14,0,1992
2026-05-26 22:03:00,4498.72,4501.13,4498.68,4499.11,1914,14,0,1914
2026-05-26 22:06:00,4499.12,4499.72,4498.72,4499.34,1869,13,0,1869
2026-05-26 22:09:00,4499.36,4501.17,4499.25,4499.95,1880,12,0,1880
2026-05-26 22:12:00,4499.94,4500.27,4499.08,4499.44,1898,13,0,1898
2026-05-26 22:15:00,4499.42,4504.61,4499.38,4502.39,1950,14,0,1950
2026-05-26 22:18:00,4502.38,4503.66,4501.94,4503.65,1886,14,0,1886
2026-05-26 22:21:00,4503.66,4504.31,4502.56,4503.63,1914,14,0,1914
2026-05-26 22:24:00,4503.6,4503.84,4502.15,4502.56,1882,11,0,1882
2026-05-26 22:27:00,4502.57,4503.58,4501.22,4502.06,1916,11,0,1916
2026-05-26 22:30:00,4502.07,4503.38,4500.82,4501.91,1943,14,0,1943
2026-05-26 22:33:00,4501.92,4504.49,4501.87,4504.17,2265,9,0,2265
2026-05-26 22:36:00,4504.14,4504.37,4503.44,4503.65,1998,9,0,1998
2026-05-26 22:39:00,4503.69,4504.68,4503.14,4504.68,1888,9,0,1888
2026-05-26 22:42:00,4504.67,4505.9,4504.44,4504.9,1833,14,0,1833
2026-05-26 22:45:00,4504.9,4505.78,4504.16,4505.61,1900,10,0,1900
2026-05-26 22:48:00,4505.62,4508.0,4505.62,4507.45,1946,14,0,1946
2026-05-26 22:51:00,4507.46,4507.48,4505.8,4506.85,2126,9,0,2126
2026-05-26 22:54:00,4506.83,4508.45,4505.79,4508.25,2096,9,0,2096
2026-05-26 22:57:00,4508.24,4509.97,4507.23,4508.96,2319,14,0,2319
2026-05-26 23:00:00,4508.97,4510.59,4508.43,4509.96,1903,13,0,1903
2026-05-26 23:03:00,4509.95,4510.33,4507.31,4508.22,1908,11,0,1908
2026-05-26 23:06:00,4508.22,4509.14,4506.32,4508.35,2290,9,0,2290
2026-05-26 23:09:00,4508.37,4508.37,4507.07,4507.53,1877,9,0,1877
2026-05-26 23:12:00,4507.51,4507.96,4506.5,4507.93,2021,9,0,2021
2026-05-26 23:15:00,4507.94,4509.74,4507.94,4509.57,1769,9,0,1769
2026-05-26 23:18:00,4509.55,4509.85,4508.44,4508.88,1819,11,0,1819
2026-05-26 23:21:00,4508.86,4509.06,4507.57,4508.48,1804,13,0,1804
2026-05-26 23:24:00,4508.47,4509.21,4506.57,4506.61,1832,14,0,1832
2026-05-26 23:27:00,4506.61,4507.33,4506.35,4506.66,1785,13,0,1785
2026-05-26 23:30:00,4506.6,4507.78,4506.6,4507.08,1734,13,0,1734
2026-05-26 23:33:00,4507.11,4507.11,4506.17,4506.78,1743,12,0,1743
2026-05-26 23:36:00,4506.78,4507.76,4506.06,4506.79,1741,13,0,1741
2026-05-26 23:39:00,4506.81,4509.76,4506.81,4509.17,1797,14,0,1797
2026-05-26 23:42:00,4509.16,4509.74,4508.54,4508.82,1717,22,0,1717
2026-05-26 23:45:00,4508.81,4510.13,4508.81,4509.28,1803,22,0,1803
2026-05-26 23:48:00,4509.26,4509.31,4505.25,4505.69,1906,22,0,1906
2026-05-26 23:51:00,4505.8,4505.9,4504.11,4505.39,1807,22,0,1807
2026-05-26 23:54:00,4505.38,4507.88,4505.27,4506.3,1797,22,0,1797
2026-05-26 23:57:00,4506.31,4507.57,4506.2,4507.56,1175,22,0,1175
2026-05-27 01:00:00,4535.85,4538.06,4497.99,4497.99,2230,16,0,2230
2026-05-27 01:03:00,4504.71,4507.42,4504.2,4506.25,2362,16,0,2362
2026-05-27 01:06:00,4506.02,4508.47,4502.34,4504.66,1772,16,0,1772
2026-05-27 01:09:00,4504.67,4508.37,4501.49,4505.6,3034,16,0,3034
2026-05-27 01:12:00,4507.42,4507.64,4501.86,4504.76,5016,15,0,5016
2026-05-27 01:15:00,4504.77,4506.1,4503.96,4506.03,3254,15,0,3254
2026-05-27 01:18:00,4506.01,4508.35,4505.92,4507.74,1906,15,0,1906
2026-05-27 01:21:00,4507.74,4510.1,4505.78,4506.25,1982,15,0,1982
2026-05-27 01:24:00,4506.28,4507.17,4502.82,4505.42,1977,15,0,1977
2026-05-27 01:27:00,4505.4,4505.43,4503.6,4504.52,1836,15,0,1836
2026-05-27 01:30:00,4504.51,4505.87,4502.8,4502.82,1887,15,0,1887
2026-05-27 01:33:00,4502.79,4503.03,4498.35,4498.82,1850,16,0,1850
2026-05-27 01:36:00,4498.84,4500.86,4498.14,4500.1,1879,16,0,1879
2026-05-27 01:39:00,4500.08,4503.32,4499.84,4502.36,1824,16,0,1824
2026-05-27 01:42:00,4502.37,4502.88,4500.41,4500.64,1796,16,0,1796
2026-05-27 01:45:00,4500.63,4502.0,4499.6,4500.06,1767,16,0,1767
2026-05-27 01:48:00,4500.05,4503.66,4499.86,4503.03,1775,16,0,1775
2026-05-27 01:51:00,4503.02,4506.72,4503.0,4505.95,1847,16,0,1847
2026-05-27 01:54:00,4505.98,4510.9,4505.81,4510.45,1930,16,0,1930
2026-05-27 01:57:00,4510.45,4512.55,4509.5,4511.02,1861,16,0,1861
2026-05-27 02:00:00,4511.02,4513.73,4509.53,4511.6,1881,16,0,1881
2026-05-27 02:03:00,4511.62,4512.25,4510.75,4511.25,1840,16,0,1840
2026-05-27 02:06:00,4511.25,4512.89,4510.3,4510.66,1790,15,0,1790
2026-05-27 02:09:00,4510.66,4510.76,4508.56,4509.19,1806,15,0,1806
2026-05-27 02:12:00,4509.18,4509.76,4507.6,4508.88,1805,15,0,1805
2026-05-27 02:15:00,4508.89,4510.16,4507.98,4508.45,1775,15,0,1775
2026-05-27 02:18:00,4508.44,4509.52,4505.59,4506.32,1819,14,0,1819
2026-05-27 02:21:00,4506.33,4507.0,4504.57,4504.88,1868,16,0,1868
2026-05-27 02:24:00,4504.86,4507.75,4504.48,4507.12,1847,15,0,1847
2026-05-27 02:27:00,4507.15,4512.28,4506.69,4512.28,1892,14,0,1892
2026-05-27 02:30:00,4512.3,4512.84,4511.16,4512.62,1900,15,0,1900
2026-05-27 02:33:00,4512.63,4516.66,4512.36,4514.04,1921,13,0,1921
2026-05-27 02:36:00,4514.03,4514.88,4512.66,4513.66,1870,13,0,1870
2026-05-27 02:39:00,4513.66,4519.85,4513.51,4519.75,1922,13,0,1922
2026-05-27 02:42:00,4519.75,4526.96,4519.63,4526.96,2074,16,0,2074
2026-05-27 02:45:00,4526.96,4528.11,4522.21,4525.67,2028,16,0,2028
2026-05-27 02:48:00,4525.68,4526.53,4520.3,4521.47,1888,14,0,1888
2026-05-27 02:51:00,4521.47,4522.75,4520.37,4520.46,1782,13,0,1782
2026-05-27 02:54:00,4520.47,4521.38,4519.4,4519.41,1834,13,0,1834
2026-05-27 02:57:00,4519.42,4519.85,4518.56,4519.7,1862,13,0,1862
2026-05-27 03:00:00,4519.7,4525.87,4517.27,4523.13,2087,15,0,2087
2026-05-27 03:03:00,4523.14,4523.24,4520.43,4522.42,1924,14,0,1924
2026-05-27 03:06:00,4522.4,4523.85,4519.8,4523.85,1907,13,0,1907
2026-05-27 03:09:00,4523.82,4524.08,4520.05,4520.9,1902,14,0,1902
2026-05-27 03:12:00,4520.92,4522.61,4520.24,4522.03,1888,13,0,1888
2026-05-27 03:15:00,4522.02,4522.53,4520.18,4520.32,1927,13,0,1927
2026-05-27 03:18:00,4520.44,4521.62,4518.79,4519.35,1870,13,0,1870
2026-05-27 03:21:00,4519.38,4520.21,4516.49,4517.73,1947,14,0,1947
2026-05-27 03:24:00,4517.75,4518.36,4514.93,4516.74,1986,16,0,1986
2026-05-27 03:27:00,4516.76,4518.88,4514.07,4517.91,1979,15,0,1979
2026-05-27 03:30:00,4517.94,4520.47,4517.5,4519.86,1963,13,0,1963
2026-05-27 03:33:00,4519.86,4520.76,4518.99,4519.46,1822,13,0,1822
2026-05-27 03:36:00,4519.47,4520.61,4518.79,4519.76,1887,13,0,1887
2026-05-27 03:39:00,4519.73,4519.76,4516.93,4518.29,1894,13,0,1894
2026-05-27 03:42:00,4518.28,4519.4,4517.7,4518.73,1814,13,0,1814
2026-05-27 03:45:00,4518.71,4522.18,4518.62,4521.53,1898,13,0,1898
2026-05-27 03:48:00,4521.54,4522.01,4516.73,4516.94,1899,13,0,1899
2026-05-27 03:51:00,4516.94,4518.74,4516.73,4518.51,1902,13,0,1902
2026-05-27 03:54:00,4518.52,4518.64,4516.12,4516.4,1883,13,0,1883
2026-05-27 03:57:00,4516.42,4519.15,4514.64,4515.09,1972,13,0,1972
2026-05-27 04:00:00,4515.1,4517.95,4514.12,4517.44,2258,16,0,2258
2026-05-27 04:03:00,4517.53,4517.96,4512.71,4513.26,2150,16,0,2150
2026-05-27 04:06:00,4513.25,4517.53,4513.25,4516.32,1999,15,0,1999
2026-05-27 04:09:00,4516.32,4520.18,4515.09,4516.76,2035,15,0,2035
2026-05-27 04:12:00,4516.77,4520.95,4515.91,4519.42,1998,15,0,1998
2026-05-27 04:15:00,4519.41,4520.38,4517.22,4518.62,2013,15,0,2013
2026-05-27 04:18:00,4518.63,4518.89,4515.65,4516.76,1935,13,0,1935
2026-05-27 04:21:00,4516.75,4521.08,4516.67,4520.3,1934,13,0,1934
2026-05-27 04:24:00,4520.3,4520.43,4517.41,4517.65,1892,13,0,1892
2026-05-27 04:27:00,4517.66,4517.86,4514.4,4516.15,1901,13,0,1901
2026-05-27 04:30:00,4516.15,4517.15,4513.7,4515.99,2003,13,0,2003
2026-05-27 04:33:00,4516.01,4516.25,4514.51,4515.43,1923,14,0,1923
2026-05-27 04:36:00,4515.43,4516.74,4512.47,4513.08,1877,14,0,1877
2026-05-27 04:39:00,4513.09,4513.43,4511.22,4512.8,1901,15,0,1901
2026-05-27 04:42:00,4512.9,4513.66,4509.29,4509.96,1899,14,0,1899
2026-05-27 04:45:00,4509.95,4510.46,4506.8,4507.56,1945,14,0,1945
2026-05-27 04:48:00,4507.55,4510.33,4507.54,4509.53,1875,14,0,1875
2026-05-27 04:51:00,4509.52,4509.87,4507.3,4507.9,1869,14,0,1869
2026-05-27 04:54:00,4507.92,4508.53,4506.91,4507.99,1890,14,0,1890
2026-05-27 04:57:00,4507.99,4509.9,4507.75,4508.0,1879,13,0,1879
2026-05-27 05:00:00,4508.0,4509.55,4503.99,4504.6,1995,15,0,1995
2026-05-27 05:03:00,4504.63,4506.64,4504.09,4504.31,1936,13,0,1936
2026-05-27 05:06:00,4504.29,4505.36,4502.08,4504.66,1930,13,0,1930
2026-05-27 05:09:00,4504.66,4504.76,4502.13,4502.47,1856,13,0,1856
2026-05-27 05:12:00,4502.47,4504.56,4502.43,4504.22,1945,13,0,1945
2026-05-27 05:15:00,4504.23,4505.25,4499.05,4501.14,1921,16,0,1921
2026-05-27 05:18:00,4501.09,4502.39,4499.18,4500.52,1887,15,0,1887
2026-05-27 05:21:00,4500.53,4502.21,4499.84,4501.42,1932,15,0,1932
2026-05-27 05:24:00,4501.43,4505.15,4501.4,4504.21,1934,13,0,1934
2026-05-27 05:27:00,4504.18,4505.81,4503.84,4505.49,1818,13,0,1818
2026-05-27 05:30:00,4505.56,4505.95,4503.77,4504.67,1830,13,0,1830
2026-05-27 05:33:00,4504.67,4506.09,4504.36,4505.89,1823,13,0,1823
2026-05-27 05:36:00,4505.88,4505.95,4500.59,4502.0,1981,13,0,1981
2026-05-27 05:39:00,4501.99,4502.42,4499.73,4500.74,1957,15,0,1957
2026-05-27 05:42:00,4500.71,4500.74,4498.72,4499.98,1887,15,0,1887
2026-05-27 05:45:00,4499.97,4500.95,4498.13,4500.64,1853,13,0,1853
2026-05-27 05:48:00,4500.65,4503.38,4500.63,4503.15,1856,13,0,1856
2026-05-27 05:51:00,4503.18,4504.93,4502.63,4504.9,1825,13,0,1825
2026-05-27 05:54:00,4504.9,4505.17,4503.57,4504.92,1818,13,0,1818
2026-05-27 05:57:00,4504.92,4506.97,4504.69,4505.82,1821,13,0,1821
2026-05-27 06:00:00,4505.83,4507.03,4505.15,4506.9,1841,15,0,1841
2026-05-27 06:03:00,4506.89,4509.78,4506.64,4508.13,1906,14,0,1906
2026-05-27 06:06:00,4508.13,4508.15,4505.98,4506.21,1808,13,0,1808
2026-05-27 06:09:00,4506.21,4509.64,4505.59,4508.64,1910,13,0,1910
2026-05-27 06:12:00,4508.63,4510.46,4508.34,4509.25,1877,13,0,1877
2026-05-27 06:15:00,4509.25,4510.09,4508.68,4509.82,1836,13,0,1836
2026-05-27 06:18:00,4509.83,4512.02,4509.82,4510.31,1832,13,0,1832
2026-05-27 06:21:00,4510.32,4511.14,4508.61,4508.99,1872,16,0,1872
2026-05-27 06:24:00,4509.0,4509.02,4507.11,4507.29,1858,13,0,1858
2026-05-27 06:27:00,4507.28,4507.36,4505.58,4507.13,1847,13,0,1847
2026-05-27 06:30:00,4507.14,4507.38,4505.35,4506.09,1794,13,0,1794
2026-05-27 06:33:00,4506.1,4506.13,4503.46,4503.87,1802,13,0,1802
2026-05-27 06:36:00,4503.87,4504.11,4502.19,4503.26,1855,13,0,1855
2026-05-27 06:39:00,4503.25,4505.24,4501.67,4504.67,1860,13,0,1860
2026-05-27 06:42:00,4504.65,4505.39,4503.41,4504.45,1862,13,0,1862
2026-05-27 06:45:00,4504.47,4505.56,4503.66,4505.51,1812,13,0,1812
2026-05-27 06:48:00,4505.51,4505.59,4503.9,4504.05,1853,13,0,1853
2026-05-27 06:51:00,4504.04,4504.69,4502.03,4504.57,1850,13,0,1850
2026-05-27 06:54:00,4504.56,4504.79,4499.24,4499.57,1881,15,0,1881
2026-05-27 06:57:00,4499.55,4500.02,4496.72,4497.12,1890,14,0,1890
2026-05-27 07:00:00,4497.18,4500.63,4495.88,4498.71,2020,16,0,2020
2026-05-27 07:03:00,4498.71,4501.4,4498.09,4501.4,1914,16,0,1914
2026-05-27 07:06:00,4501.4,4502.54,4501.3,4502.13,1831,13,0,1831
2026-05-27 07:09:00,4502.13,4502.87,4501.14,4502.44,1806,13,0,1806
2026-05-27 07:12:00,4502.46,4503.31,4501.93,4503.09,1850,13,0,1850
2026-05-27 07:15:00,4503.1,4503.18,4501.31,4501.33,1834,13,0,1834
2026-05-27 07:18:00,4501.31,4502.13,4500.83,4501.35,1866,13,0,1866
2026-05-27 07:21:00,4501.37,4503.44,4501.24,4502.71,1856,14,0,1856
2026-05-27 07:24:00,4502.71,4503.18,4501.53,4501.59,1812,13,0,1812
2026-05-27 07:27:00,4501.57,4502.25,4499.64,4499.68,1916,14,0,1916
2026-05-27 07:30:00,4499.69,4500.59,4498.02,4499.86,1986,15,0,1986
2026-05-27 07:33:00,4499.86,4502.03,4499.85,4500.95,1879,15,0,1879
2026-05-27 07:36:00,4500.93,4501.2,4500.01,4500.65,1815,13,0,1815
2026-05-27 07:39:00,4500.67,4505.34,4500.57,4505.16,1901,16,0,1901
2026-05-27 07:42:00,4505.15,4508.6,4505.15,4508.55,1912,16,0,1912
2026-05-27 07:45:00,4508.56,4513.98,4508.54,4513.89,1982,15,0,1982
2026-05-27 07:48:00,4513.88,4517.39,4513.05,4513.81,1980,16,0,1980
2026-05-27 07:51:00,4513.8,4513.96,4511.68,4512.77,1896,15,0,1896
2026-05-27 07:54:00,4512.77,4513.15,4511.18,4511.68,1836,14,0,1836
2026-05-27 07:57:00,4511.66,4511.67,4509.2,4510.18,1854,14,0,1854
2026-05-27 08:00:00,4510.16,4510.63,4508.3,4509.35,1862,14,0,1862
2026-05-27 08:03:00,4509.36,4513.83,4509.02,4511.85,1863,13,0,1863
2026-05-27 08:06:00,4511.85,4512.25,4510.17,4510.9,1969,15,0,1969
2026-05-27 08:09:00,4510.92,4511.16,4510.09,4510.79,1846,13,0,1846
2026-05-27 08:12:00,4510.77,4510.91,4508.87,4509.0,1929,13,0,1929
2026-05-27 08:15:00,4508.99,4509.07,4505.3,4506.39,2016,15,0,2016
2026-05-27 08:18:00,4506.39,4506.42,4504.09,4504.98,1837,13,0,1837
2026-05-27 08:21:00,4504.96,4506.6,4504.42,4504.84,1954,15,0,1954
2026-05-27 08:24:00,4504.84,4507.88,4504.84,4506.99,1966,13,0,1966
2026-05-27 08:27:00,4507.01,4508.14,4506.69,4507.3,1742,13,0,1742
2026-05-27 08:30:00,4507.33,4508.79,4497.8,4498.9,2306,13,0,2306
2026-05-27 08:33:00,4498.93,4499.27,4493.66,4495.7,2429,16,0,2429
2026-05-27 08:36:00,4495.69,4500.83,4495.4,4500.19,2156,15,0,2156
2026-05-27 08:39:00,4500.1,4500.65,4494.77,4495.85,2443,15,0,2443
2026-05-27 08:42:00,4495.85,4496.11,4491.73,4493.37,2587,16,0,2587
2026-05-27 08:45:00,4493.38,4494.92,4491.88,4493.6,2340,15,0,2340
2026-05-27 08:48:00,4493.6,4499.93,4493.08,4499.64,2361,15,0,2361
2026-05-27 08:51:00,4499.73,4502.25,4496.31,4498.73,2255,15,0,2255
2026-05-27 08:54:00,4498.75,4499.9,4497.09,4497.79,2129,15,0,2129
2026-05-27 08:57:00,4497.77,4498.4,4496.54,4497.59,2233,13,0,2233
2026-05-27 09:00:00,4497.59,4499.21,4493.72,4494.3,2266,13,0,2266
2026-05-27 09:03:00,4494.31,4495.65,4493.87,4494.46,2293,10,0,2293
2026-05-27 09:06:00,4494.47,4498.99,4493.97,4498.22,2273,9,0,2273
2026-05-27 09:09:00,4498.25,4498.6,4495.02,4496.31,2324,9,0,2324
2026-05-27 09:12:00,4496.3,4496.54,4493.66,4493.99,2359,10,0,2359
2026-05-27 09:15:00,4494.03,4495.85,4492.36,4492.91,2282,12,0,2282
2026-05-27 09:18:00,4492.9,4493.22,4486.44,4490.23,2330,14,0,2330
2026-05-27 09:21:00,4490.24,4490.26,4483.75,4485.89,2416,14,0,2416
2026-05-27 09:24:00,4485.86,4489.1,4484.49,4486.0,2326,14,0,2326
2026-05-27 09:27:00,4486.02,4487.26,4483.74,4486.34,2467,9,0,2467
2026-05-27 09:30:00,4486.31,4486.46,4479.73,4481.98,2525,9,0,2525
2026-05-27 09:33:00,4481.96,4484.74,4481.41,4483.75,2358,12,0,2358
2026-05-27 09:36:00,4483.74,4485.67,4482.12,4484.46,2427,9,0,2427
2026-05-27 09:39:00,4484.49,4484.93,4480.81,4484.61,2415,9,0,2415
2026-05-27 09:42:00,4484.59,4487.97,4482.41,4487.75,2204,9,0,2204
2026-05-27 09:45:00,4487.75,4489.75,4487.07,4489.32,2410,9,0,2410
2026-05-27 09:48:00,4489.31,4490.17,4488.05,4488.47,1936,10,0,1936
2026-05-27 09:51:00,4488.49,4489.27,4487.33,4487.82,2013,10,0,2013
2026-05-27 09:54:00,4487.83,4487.85,4485.93,4486.25,2020,14,0,2020
2026-05-27 09:57:00,4486.25,4486.4,4483.62,4485.2,2025,14,0,2025
2026-05-27 10:00:00,4485.23,4488.21,4485.04,4488.01,2142,14,0,2142
2026-05-27 10:03:00,4488.01,4488.47,4485.68,4488.29,2107,14,0,2107
2026-05-27 10:06:00,4488.3,4488.58,4483.32,4483.63,2074,14,0,2074
2026-05-27 10:09:00,4483.62,4484.87,4481.95,4483.71,2008,14,0,2008
2026-05-27 10:12:00,4483.74,4484.3,4480.15,4480.21,2006,14,0,2006
2026-05-27 10:15:00,4480.22,4484.41,4480.22,4484.38,2044,13,0,2044
2026-05-27 10:18:00,4484.41,4485.35,4483.19,4484.73,1924,13,0,1924
2026-05-27 10:21:00,4484.68,4487.9,4482.98,4487.36,2184,9,0,2184
2026-05-27 10:24:00,4487.33,4489.22,4485.98,4486.83,2414,9,0,2414
2026-05-27 10:27:00,4486.83,4486.92,4484.79,4486.19,2051,9,0,2051
2026-05-27 10:30:00,4486.18,4488.63,4485.79,4487.7,2003,12,0,2003
2026-05-27 10:33:00,4487.7,4488.4,4483.18,4483.38,2038,11,0,2038
2026-05-27 10:36:00,4483.38,4483.8,4481.23,4483.06,1966,12,0,1966
2026-05-27 10:39:00,4483.06,4483.68,4482.15,4482.89,2238,9,0,2238
2026-05-27 10:42:00,4482.9,4484.65,4482.5,4482.78,1905,9,0,1905
2026-05-27 10:45:00,4482.8,4483.84,4482.14,4483.27,1959,10,0,1959
2026-05-27 10:48:00,4483.26,4484.13,4475.92,4476.07,2148,12,0,2148
2026-05-27 10:51:00,4476.09,4480.56,4475.84,4480.35,2178,14,0,2178
2026-05-27 10:54:00,4480.32,4481.01,4478.76,4480.88,1967,13,0,1967
2026-05-27 10:57:00,4480.9,4482.43,4480.55,4482.18,1968,12,0,1968
2026-05-27 11:00:00,4482.15,4489.33,4481.32,4487.87,2245,12,0,2245
2026-05-27 11:03:00,4487.95,4488.34,4485.32,4486.28,2147,14,0,2147
2026-05-27 11:06:00,4486.29,4487.37,4485.02,4487.22,2342,9,0,2342
2026-05-27 11:09:00,4487.22,4487.25,4483.88,4485.97,2228,9,0,2228
2026-05-27 11:12:00,4485.99,4487.43,4484.02,4486.35,1955,10,0,1955
2026-05-27 11:15:00,4486.37,4487.73,4486.14,4487.16,1965,10,0,1965
2026-05-27 11:18:00,4487.16,4490.8,4487.11,4488.21,2072,14,0,2072
2026-05-27 11:21:00,4488.22,4492.99,4488.22,4492.28,2012,13,0,2012
2026-05-27 11:24:00,4492.3,4492.58,4489.0,4489.15,2295,9,0,2295
2026-05-27 11:27:00,4489.15,4489.59,4487.92,4489.16,2028,9,0,2028
2026-05-27 11:30:00,4489.16,4489.57,4486.07,4487.08,1959,12,0,1959
2026-05-27 11:33:00,4487.09,4489.43,4487.08,4489.26,2347,9,0,2347
2026-05-27 11:36:00,4489.25,4492.04,4489.2,4490.71,1918,10,0,1918
2026-05-27 11:39:00,4490.72,4496.28,4489.8,4495.11,2045,14,0,2045
2026-05-27 11:42:00,4495.14,4496.67,4493.96,4496.29,2083,13,0,2083
2026-05-27 11:45:00,4496.28,4497.32,4493.67,4493.93,1947,11,0,1947
2026-05-27 11:48:00,4493.96,4498.53,4492.66,4498.05,1960,14,0,1960
2026-05-27 11:51:00,4498.05,4498.7,4495.51,4497.48,1970,12,0,1970
2026-05-27 11:54:00,4497.49,4498.61,4496.0,4496.0,2463,9,0,2463
2026-05-27 11:57:00,4495.98,4497.88,4494.88,4497.86,2160,9,0,2160
2026-05-27 12:00:00,4497.86,4497.87,4491.16,4491.42,2183,13,0,2183
2026-05-27 12:03:00,4491.44,4492.5,4490.38,4491.3,2215,9,0,2215
2026-05-27 12:06:00,4491.29,4491.42,4488.65,4490.65,2371,9,0,2371
2026-05-27 12:09:00,4490.67,4490.81,4489.08,4490.52,1956,9,0,1956
2026-05-27 12:12:00,4490.53,4493.24,4490.11,4491.76,1979,9,0,1979
2026-05-27 12:15:00,4491.79,4495.38,4491.72,4494.19,1912,12,0,1912
2026-05-27 12:18:00,4494.21,4495.2,4492.62,4494.41,1921,14,0,1921
2026-05-27 12:21:00,4494.41,4495.09,4491.65,4491.83,2259,9,0,2259
2026-05-27 12:24:00,4491.84,4492.22,4489.37,4490.73,1969,9,0,1969
2026-05-27 12:27:00,4490.72,4491.8,4489.42,4490.12,2104,9,0,2104
2026-05-27 12:30:00,4490.11,4490.79,4486.9,4488.91,2001,14,0,2001
2026-05-27 12:33:00,4488.88,4491.13,4488.08,4490.97,2039,10,0,2039
2026-05-27 12:36:00,4490.96,4491.72,4490.25,4490.42,2292,9,0,2292
2026-05-27 12:39:00,4490.42,4492.29,4490.21,4490.24,2067,9,0,2067
2026-05-27 12:42:00,4490.24,4491.83,4488.33,4488.63,1835,9,0,1835
2026-05-27 12:45:00,4488.63,4489.76,4488.3,4488.8,1820,12,0,1820
2026-05-27 12:48:00,4488.8,4491.37,4488.74,4490.98,1815,10,0,1815
2026-05-27 12:51:00,4490.97,4493.07,4490.95,4492.43,1831,14,0,1831
2026-05-27 12:54:00,4492.44,4493.23,4491.2,4493.0,1859,14,0,1859
2026-05-27 12:57:00,4492.98,4493.02,4490.16,4490.18,1764,12,0,1764
2026-05-27 13:00:00,4490.21,4490.56,4486.7,4486.82,1908,13,0,1908
2026-05-27 13:03:00,4486.81,4487.59,4484.95,4487.43,1899,14,0,1899
2026-05-27 13:06:00,4487.42,4489.01,4486.65,4486.79,1898,13,0,1898
2026-05-27 13:09:00,4486.81,4487.71,4486.14,4486.14,1958,10,0,1958
2026-05-27 13:12:00,4486.09,4486.84,4484.31,4485.52,1938,10,0,1938
2026-05-27 13:15:00,4485.53,4486.39,4482.84,4483.5,1913,12,0,1913
2026-05-27 13:18:00,4483.5,4483.76,4478.84,4479.2,1941,14,0,1941
2026-05-27 13:21:00,4479.2,4481.38,4478.1,4478.26,1956,13,0,1956
2026-05-27 13:24:00,4478.2,4481.19,4477.65,4479.44,1975,14,0,1975
2026-05-27 13:27:00,4479.41,4480.05,4476.59,4477.05,2031,14,0,2031
2026-05-27 13:30:00,4477.03,4477.26,4472.45,4473.8,2148,14,0,2148
2026-05-27 13:33:00,4473.78,4476.05,4472.54,4474.46,2127,14,0,2127
2026-05-27 13:36:00,4474.45,4475.91,4471.76,4473.09,2252,14,0,2252
2026-05-27 13:39:00,4473.09,4473.38,4462.12,4466.71,2665,14,0,2665
2026-05-27 13:42:00,4466.53,4470.02,4463.5,4465.7,2289,14,0,2289
2026-05-27 13:45:00,4465.7,4466.97,4448.36,4449.89,2906,14,0,2906
2026-05-27 13:48:00,4449.72,4450.14,4444.12,4448.59,2837,14,0,2837
2026-05-27 13:51:00,4448.59,4449.17,4443.09,4444.59,2580,14,0,2580
2026-05-27 13:54:00,4444.59,4448.27,4443.36,4445.36,2458,14,0,2458
2026-05-27 13:57:00,4445.36,4450.28,4442.75,4445.74,2373,14,0,2373
2026-05-27 14:00:00,4445.77,4450.06,4445.21,4447.85,2290,14,0,2290
2026-05-27 14:03:00,4447.85,4453.14,4447.46,4449.4,2271,14,0,2271
2026-05-27 14:06:00,4449.38,4451.22,4446.44,4451.2,2144,13,0,2144
2026-05-27 14:09:00,4451.22,4451.22,4443.39,4446.74,2190,12,0,2190
2026-05-27 14:12:00,4446.74,4451.57,4446.12,4451.19,2275,9,0,2275
2026-05-27 14:15:00,4451.2,4452.23,4447.71,4449.76,2199,11,0,2199
2026-05-27 14:18:00,4449.76,4451.25,4446.62,4447.19,2454,9,0,2454
2026-05-27 14:21:00,4447.2,4447.53,4440.31,4443.09,2374,9,0,2374
2026-05-27 14:24:00,4443.08,4446.19,4442.17,4442.52,2235,13,0,2235
2026-05-27 14:27:00,4442.52,4443.57,4439.85,4440.92,2380,9,0,2380
2026-05-27 14:30:00,4440.91,4441.77,4432.39,4437.25,2565,14,0,2565
2026-05-27 14:33:00,4437.28,4438.71,4434.93,4436.54,2206,11,0,2206
2026-05-27 14:36:00,4436.53,4441.61,4435.64,4441.57,2361,9,0,2361
2026-05-27 14:39:00,4441.56,4441.82,4438.51,4441.12,2318,9,0,2318
2026-05-27 14:42:00,4441.09,4444.3,4440.59,4443.18,2053,11,0,2053
2026-05-27 14:45:00,4443.22,4444.78,4442.4,4444.11,2030,13,0,2030
2026-05-27 14:48:00,4444.12,4444.21,4435.81,4436.94,2091,14,0,2091
2026-05-27 14:51:00,4436.94,4438.51,4435.63,4436.85,2179,14,0,2179
2026-05-27 14:54:00,4436.88,4437.29,4430.38,4432.7,2366,13,0,2366
2026-05-27 14:57:00,4432.71,4432.95,4425.07,4428.74,2478,14,0,2478
2026-05-27 15:00:00,4428.76,4437.18,4428.4,4436.55,2517,14,0,2517
2026-05-27 15:03:00,4436.62,4437.57,4433.62,4435.91,2455,9,0,2455
2026-05-27 15:06:00,4435.92,4437.4,4432.07,4432.81,2132,9,0,2132
2026-05-27 15:09:00,4432.8,4433.54,4430.43,4432.92,2150,11,0,2150
2026-05-27 15:12:00,4432.92,4433.18,4428.89,4430.39,2219,13,0,2219
2026-05-27 15:15:00,4430.39,4431.61,4427.5,4429.98,2551,9,0,2551
2026-05-27 15:18:00,4429.99,4454.11,4428.84,4449.05,3679,12,0,3679
2026-05-27 15:21:00,4449.02,4466.43,4448.29,4456.84,3492,14,0,3492
2026-05-27 15:24:00,4456.8,4460.68,4451.75,4457.45,3032,14,0,3032
2026-05-27 15:27:00,4457.44,4458.44,4453.48,4454.76,2624,12,0,2624
2026-05-27 15:30:00,4454.77,4460.22,4449.32,4449.36,2775,13,0,2775
2026-05-27 15:33:00,4449.35,4451.37,4444.74,4445.54,2452,13,0,2452
2026-05-27 15:36:00,4445.58,4453.36,4445.58,4451.82,2621,13,0,2621
2026-05-27 15:39:00,4451.83,4453.22,4447.96,4448.76,2429,10,0,2429
2026-05-27 15:42:00,4448.78,4449.38,4446.09,4447.01,2357,9,0,2357
2026-05-27 15:45:00,4447.03,4448.22,4444.99,4445.28,2222,13,0,2222
2026-05-27 15:48:00,4445.26,4446.05,4441.11,4441.59,2304,14,0,2304
2026-05-27 15:51:00,4441.61,4446.1,4441.52,4444.93,2340,14,0,2340
2026-05-27 15:54:00,4444.89,4446.9,4443.51,4445.03,2202,13,0,2202
2026-05-27 15:57:00,4445.04,4445.6,4437.82,4438.9,2264,13,0,2264
2026-05-27 16:00:00,4438.89,4438.94,4429.53,4438.37,2978,14,0,2978
2026-05-27 16:03:00,4438.37,4438.59,4425.57,4427.65,2555,14,0,2555
2026-05-27 16:06:00,4427.63,4427.84,4412.63,4419.96,3005,14,0,3005
2026-05-27 16:09:00,4419.98,4420.89,4411.59,4419.65,2918,14,0,2918
2026-05-27 16:12:00,4419.67,4420.41,4411.15,4416.66,2582,14,0,2582
2026-05-27 16:15:00,4416.66,4421.32,4415.63,4418.82,2556,14,0,2556
2026-05-27 16:18:00,4418.86,4419.11,4405.99,4406.04,2587,10,0,2587
2026-05-27 16:21:00,4406.08,4416.48,4405.92,4414.88,2626,14,0,2626
2026-05-27 16:24:00,4414.9,4419.45,4410.87,4413.04,2703,9,0,2703
2026-05-27 16:27:00,4413.02,4413.1,4401.47,4404.82,3003,14,0,3003
2026-05-27 16:30:00,4404.58,4421.18,4404.06,4421.18,3060,13,0,3060
2026-05-27 16:33:00,4421.18,4425.67,4418.11,4425.13,2854,10,0,2854
2026-05-27 16:36:00,4425.13,4425.2,4412.59,4415.76,3052,10,0,3052
2026-05-27 16:39:00,4415.78,4420.59,4415.28,4420.07,2900,9,0,2900
2026-05-27 16:42:00,4420.09,4423.39,4416.88,4419.3,2698,11,0,2698
2026-05-27 16:45:00,4419.27,4428.48,4418.35,4423.02,2768,10,0,2768
2026-05-27 16:48:00,4423.02,4426.15,4419.39,4424.67,2478,9,0,2478
2026-05-27 16:51:00,4424.68,4434.0,4424.55,4428.7,2635,13,0,2635
2026-05-27 16:54:00,4428.67,4428.99,4423.76,4425.07,2655,14,0,2655
2026-05-27 16:57:00,4425.06,4428.32,4424.56,4427.34,2758,9,0,2758
2026-05-27 17:00:00,4427.31,4433.88,4426.04,4431.2,2588,13,0,2588
2026-05-27 17:03:00,4431.33,4438.93,4430.94,4438.81,2923,9,0,2923
2026-05-27 17:06:00,4438.79,4448.25,4438.07,4441.44,3100,9,0,3100
2026-05-27 17:09:00,4441.41,4446.73,4439.38,4445.5,3057,9,0,3057
2026-05-27 17:12:00,4445.5,4455.52,4445.15,4447.96,2847,9,0,2847
2026-05-27 17:15:00,4447.99,4451.72,4446.91,4450.19,2921,9,0,2921
2026-05-27 17:18:00,4450.2,4454.95,4448.69,4451.85,2681,9,0,2681
2026-05-27 17:21:00,4451.85,4455.38,4446.09,4446.44,2755,9,0,2755
2026-05-27 17:24:00,4446.44,4446.49,4440.91,4440.91,2777,9,0,2777
2026-05-27 17:27:00,4440.89,4446.09,4440.02,4445.43,2475,12,0,2475
2026-05-27 17:30:00,4445.44,4449.36,4441.7,4442.15,2565,13,0,2565
2026-05-27 17:33:00,4442.02,4444.78,4435.91,4441.33,2902,14,0,2902
2026-05-27 17:36:00,4441.44,4445.36,4440.99,4441.81,2389,11,0,2389
2026-05-27 17:39:00,4441.8,4444.92,4441.4,4443.16,2308,10,0,2308
2026-05-27 17:42:00,4443.24,4444.97,4440.12,4443.2,2303,13,0,2303
2026-05-27 17:45:00,4443.21,4446.2,4441.33,4444.25,2268,13,0,2268
2026-05-27 17:48:00,4444.26,4445.07,4436.73,4437.32,2358,14,0,2358
2026-05-27 17:51:00,4437.33,4439.38,4436.59,4438.19,2274,14,0,2274
2026-05-27 17:54:00,4438.16,4439.87,4433.87,4434.04,2340,14,0,2340
2026-05-27 17:57:00,4434.03,4435.38,4433.26,4434.0,2201,13,0,2201
2026-05-27 18:00:00,4433.97,4436.88,4430.32,4436.2,2381,14,0,2381
2026-05-27 18:03:00,4436.17,4438.53,4434.31,4434.56,2191,13,0,2191
2026-05-27 18:06:00,4434.59,4436.42,4431.48,4431.68,2187,12,0,2187
2026-05-27 18:09:00,4431.71,4432.29,4428.21,4429.11,2343,12,0,2343
2026-05-27 18:12:00,4429.11,4432.72,4428.9,4432.16,2145,10,0,2145
2026-05-27 18:15:00,4432.15,4432.63,4429.77,4431.71,2518,9,0,2518
2026-05-27 18:18:00,4431.64,4433.13,4430.45,4431.25,2146,9,0,2146
2026-05-27 18:21:00,4431.27,4432.45,4429.9,4432.35,2203,12,0,2203
2026-05-27 18:24:00,4432.34,4434.09,4431.1,4433.07,2163,12,0,2163
2026-05-27 18:27:00,4433.06,4435.93,4432.65,4435.86,2089,12,0,2089
2026-05-27 18:30:00,4435.88,4441.25,4435.88,4439.76,2451,13,0,2451
2026-05-27 18:33:00,4439.75,4441.58,4437.23,4438.43,2218,13,0,2218
2026-05-27 18:36:00,4438.43,4439.96,4437.75,4439.56,2217,9,0,2217
2026-05-27 18:39:00,4439.55,4441.2,4439.12,4440.37,2175,9,0,2175
2026-05-27 18:42:00,4440.34,4440.99,4433.12,4434.19,2348,13,0,2348
2026-05-27 18:45:00,4434.19,4438.79,4433.2,4433.94,2280,13,0,2280
2026-05-27 18:48:00,4433.94,4434.42,4431.48,4433.79,2069,12,0,2069
2026-05-27 18:51:00,4433.88,4434.61,4431.01,4434.47,2108,12,0,2108
2026-05-27 18:54:00,4434.46,4435.93,4432.12,4435.89,2101,12,0,2101
2026-05-27 18:57:00,4435.91,4437.31,4435.6,4436.59,2437,9,0,2437
2026-05-27 19:00:00,4436.56,4441.26,4435.6,4440.73,2098,11,0,2098
2026-05-27 19:03:00,4440.75,4441.93,4434.92,4436.69,2295,13,0,2295
2026-05-27 19:06:00,4436.68,4437.72,4434.18,4436.74,2029,13,0,2029
2026-05-27 19:09:00,4436.61,4440.54,4435.36,4440.02,2086,13,0,2086
2026-05-27 19:12:00,4440.03,4440.98,4439.47,4440.28,1994,10,0,1994
2026-05-27 19:15:00,4440.26,4442.6,4439.91,4441.75,2007,11,0,2007
2026-05-27 19:18:00,4441.75,4443.2,4441.61,4442.84,1959,14,0,1959
2026-05-27 19:21:00,4442.83,4444.05,4442.62,4443.35,1957,14,0,1957
2026-05-27 19:24:00,4443.38,4447.59,4442.93,4447.47,1944,14,0,1944
2026-05-27 19:27:00,4447.47,4447.62,4445.7,4446.81,1989,14,0,1989
2026-05-27 19:30:00,4446.83,4449.58,4445.23,4448.13,2015,14,0,2015
2026-05-27 19:33:00,4448.12,4450.63,4447.85,4449.86,1971,14,0,1971
2026-05-27 19:36:00,4449.86,4450.93,4449.59,4450.44,1963,14,0,1963
2026-05-27 19:39:00,4450.43,4452.77,4449.64,4452.3,1941,14,0,1941
2026-05-27 19:42:00,4452.27,4453.23,4450.5,4450.84,1986,14,0,1986
2026-05-27 19:45:00,4450.84,4452.19,4449.41,4451.67,2035,14,0,2035
2026-05-27 19:48:00,4451.66,4453.3,4450.81,4451.98,2049,14,0,2049
2026-05-27 19:51:00,4451.97,4452.76,4450.9,4451.13,1990,11,0,1990
2026-05-27 19:54:00,4451.13,4451.13,4449.48,4449.57,2020,9,0,2020
2026-05-27 19:57:00,4449.62,4451.51,4449.57,4450.83,2025,12,0,2025
2026-05-27 20:00:00,4450.82,4451.06,4447.39,4448.01,2165,14,0,2165
2026-05-27 20:03:00,4448.01,4451.61,4447.38,4451.58,2043,14,0,2043
2026-05-27 20:06:00,4451.58,4451.68,4444.86,4444.98,2191,13,0,2191
2026-05-27 20:09:00,4444.98,4445.88,4441.77,4441.77,2280,14,0,2280
2026-05-27 20:12:00,4441.79,4444.16,4441.4,4444.16,2110,12,0,2110
2026-05-27 20:15:00,4444.17,4447.44,4443.31,4447.12,2050,12,0,2050
2026-05-27 20:18:00,4447.15,4448.06,4445.37,4447.27,2069,12,0,2069
2026-05-27 20:21:00,4447.26,4447.59,4445.91,4446.51,2145,9,0,2145
2026-05-27 20:24:00,4446.53,4448.29,4445.49,4446.53,2047,11,0,2047
2026-05-27 20:27:00,4446.54,4451.28,4445.93,4449.88,2136,12,0,2136
2026-05-27 20:30:00,4449.86,4453.32,4449.86,4451.93,2055,11,0,2055
2026-05-27 20:33:00,4451.96,4454.34,4451.05,4453.74,2412,9,0,2412
2026-05-27 20:36:00,4453.74,4454.21,4452.54,4453.71,2060,9,0,2060
2026-05-27 20:39:00,4453.69,4453.84,4450.37,4451.84,2043,11,0,2043
2026-05-27 20:42:00,4451.84,4452.13,4450.48,4450.66,2300,9,0,2300
2026-05-27 20:45:00,4450.64,4451.83,4450.26,4450.5,1880,9,0,1880
2026-05-27 20:48:00,4450.5,4451.86,4450.06,4451.85,1903,12,0,1903
2026-05-27 20:51:00,4451.85,4453.72,4450.72,4452.39,1932,14,0,1932
2026-05-27 20:54:00,4452.38,4454.08,4452.2,4453.56,1918,13,0,1918
2026-05-27 20:57:00,4453.54,4453.61,4450.37,4450.37,1914,13,0,1914
2026-05-27 21:00:00,4450.36,4452.25,4449.53,4451.01,1951,14,0,1951
2026-05-27 21:03:00,4451.02,4451.23,4448.93,4449.81,1923,12,0,1923
2026-05-27 21:06:00,4449.81,4449.84,4448.28,4448.86,1901,14,0,1901
2026-05-27 21:09:00,4448.85,4449.42,4447.72,4449.09,1879,13,0,1879
2026-05-27 21:12:00,4449.09,4450.16,4448.9,4450.15,2099,9,0,2099
2026-05-27 21:15:00,4450.14,4452.88,4449.9,4452.53,1980,12,0,1980
2026-05-27 21:18:00,4452.55,4458.3,4451.99,4456.41,2189,9,0,2189
2026-05-27 21:21:00,4456.43,4457.55,4455.05,4456.23,1960,14,0,1960
2026-05-27 21:24:00,4456.2,4456.25,4454.45,4455.25,1929,12,0,1929
2026-05-27 21:27:00,4455.23,4455.97,4454.34,4455.56,1963,12,0,1963
2026-05-27 21:30:00,4455.53,4456.44,4453.47,4453.73,1954,14,0,1954
2026-05-27 21:33:00,4453.72,4453.72,4452.33,4452.48,2175,9,0,2175
2026-05-27 21:36:00,4452.38,4452.87,4451.38,4452.45,1890,9,0,1890
2026-05-27 21:39:00,4452.45,4454.09,4452.43,4453.99,2126,9,0,2126
2026-05-27 21:42:00,4453.97,4454.02,4452.93,4453.41,1797,9,0,1797
2026-05-27 21:45:00,4453.4,4453.54,4452.62,4453.18,1823,12,0,1823
2026-05-27 21:48:00,4453.19,4453.8,4452.76,4452.84,1834,14,0,1834
2026-05-27 21:51:00,4452.82,4453.75,4452.37,4452.64,1839,13,0,1839
2026-05-27 21:54:00,4452.66,4454.22,4452.35,4454.16,1812,14,0,1812
2026-05-27 21:57:00,4454.17,4455.05,4453.79,4454.43,1870,14,0,1870
2026-05-27 22:00:00,4454.43,4454.79,4452.97,4452.98,1847,14,0,1847
2026-05-27 22:03:00,4452.99,4453.0,4451.89,4452.33,1845,14,0,1845
2026-05-27 22:06:00,4452.34,4453.33,4452.32,4452.66,1827,11,0,1827
2026-05-27 22:09:00,4452.65,4452.94,4450.57,4450.65,1870,12,0,1870
2026-05-27 22:12:00,4450.65,4452.09,4450.58,4451.79,1893,14,0,1893
2026-05-27 22:15:00,4451.76,4452.35,4450.23,4450.69,1947,14,0,1947
2026-05-27 22:18:00,4450.71,4450.95,4449.79,4450.53,1873,11,0,1873
2026-05-27 22:21:00,4450.52,4454.07,4450.34,4453.51,2248,9,0,2248
2026-05-27 22:24:00,4453.53,4453.9,4451.14,4451.45,1911,14,0,1911
2026-05-27 22:27:00,4451.44,4451.6,4450.44,4451.02,2174,9,0,2174
2026-05-27 22:30:00,4451.04,4452.98,4449.69,4451.29,1901,11,0,1901
2026-05-27 22:33:00,4451.28,4453.54,4451.25,4453.53,1903,14,0,1903
2026-05-27 22:36:00,4453.52,4454.19,4451.93,4454.14,1870,13,0,1870
2026-05-27 22:39:00,4454.14,4454.81,4453.18,4453.33,1938,12,0,1938
2026-05-27 22:42:00,4453.32,4454.34,4453.32,4453.67,1987,9,0,1987
2026-05-27 22:45:00,4453.69,4453.77,4452.41,4453.1,1816,12,0,1816
2026-05-27 22:48:00,4453.12,4453.34,4451.76,4452.32,1864,13,0,1864
2026-05-27 22:51:00,4452.33,4452.59,4450.72,4451.39,1949,14,0,1949
2026-05-27 22:54:00,4451.39,4451.73,4449.67,4450.07,1917,14,0,1917
2026-05-27 22:57:00,4450.08,4450.92,4448.8,4450.86,2110,14,0,2110
2026-05-27 23:00:00,4450.88,4453.51,4450.1,4452.74,1888,14,0,1888
2026-05-27 23:03:00,4452.72,4453.23,4451.84,4451.87,2188,9,0,2188
2026-05-27 23:06:00,4451.89,4453.54,4451.24,4453.16,2680,9,0,2680
2026-05-27 23:09:00,4453.14,4453.37,4452.51,4452.74,1806,9,0,1806
2026-05-27 23:12:00,4452.72,4455.28,4452.72,4455.28,1749,9,0,1749
2026-05-27 23:15:00,4455.27,4458.01,4455.25,4457.62,1889,14,0,1889
2026-05-27 23:18:00,4457.6,4458.9,4457.48,4458.01,1827,11,0,1827
2026-05-27 23:21:00,4457.99,4458.04,4456.11,4457.04,1892,9,0,1892
2026-05-27 23:24:00,4457.05,4457.18,4455.45,4455.5,1927,9,0,1927
2026-05-27 23:27:00,4455.47,4455.82,4454.75,4455.09,1751,12,0,1751
2026-05-27 23:30:00,4455.09,4455.4,4454.72,4455.03,1855,9,0,1855
2026-05-27 23:33:00,4455.02,4455.78,4453.62,4453.65,1757,13,0,1757
2026-05-27 23:36:00,4453.66,4453.69,4452.4,4452.44,1744,13,0,1744
2026-05-27 23:39:00,4452.42,4452.91,4451.6,4452.82,1817,14,0,1817
2026-05-27 23:42:00,4452.82,4453.9,4452.7,4453.67,1727,22,0,1727
2026-05-27 23:45:00,4453.67,4454.18,4452.59,4454.09,1805,22,0,1805
2026-05-27 23:48:00,4454.07,4454.55,4453.76,4454.47,1770,22,0,1770
2026-05-27 23:51:00,4454.47,4455.09,4453.98,4454.8,1752,22,0,1752
2026-05-27 23:54:00,4454.82,4456.09,4454.73,4455.68,1719,22,0,1719
2026-05-27 23:57:00,4455.66,4456.35,4455.37,4456.25,1167,22,0,1167
2026-05-28 01:00:00,4462.39,4466.82,4458.64,4459.8,4658,16,0,4658
2026-05-28 01:03:00,4459.91,4460.91,4455.41,4459.4,1953,15,0,1953
2026-05-28 01:06:00,4459.41,4462.34,4459.16,4460.53,1784,15,0,1784
2026-05-28 01:09:00,4460.53,4460.54,4457.84,4458.7,1782,15,0,1782
2026-05-28 01:12:00,4458.7,4460.54,4457.25,4457.93,1829,15,0,1829
2026-05-28 01:15:00,4457.93,4458.81,4456.65,4458.46,1777,15,0,1777
2026-05-28 01:18:00,4458.44,4460.48,4458.28,4458.87,1736,15,0,1736
2026-05-28 01:21:00,4458.87,4461.03,4457.7,4460.74,1827,15,0,1827
2026-05-28 01:24:00,4460.72,4462.03,4460.24,4460.62,1812,15,0,1812
2026-05-28 01:27:00,4460.64,4461.86,4459.66,4459.99,1836,15,0,1836
2026-05-28 01:30:00,4459.98,4460.26,4455.5,4456.77,1864,15,0,1864
2026-05-28 01:33:00,4456.77,4460.85,4455.18,4460.85,1820,16,0,1820
2026-05-28 01:36:00,4460.83,4461.9,4459.48,4461.9,1783,15,0,1783
2026-05-28 01:39:00,4461.85,4462.38,4458.33,4458.48,1833,15,0,1833
2026-05-28 01:42:00,4458.48,4459.53,4458.17,4458.57,1794,15,0,1794
2026-05-28 01:45:00,4458.59,4458.88,4457.07,4457.48,1769,15,0,1769
2026-05-28 01:48:00,4457.48,4458.1,4455.33,4456.93,1803,15,0,1803
2026-05-28 01:51:00,4456.92,4458.12,4456.78,4458.1,1755,14,0,1755
2026-05-28 01:54:00,4458.09,4458.1,4456.58,4457.04,1735,14,0,1735
2026-05-28 01:57:00,4457.05,4457.88,4456.99,4457.43,1766,14,0,1766
2026-05-28 02:00:00,4457.41,4457.79,4455.15,4456.78,1841,15,0,1841
2026-05-28 02:03:00,4456.77,4457.74,4456.13,4456.52,1720,13,0,1720
2026-05-28 02:06:00,4456.49,4456.91,4451.7,4452.11,1858,13,0,1858
2026-05-28 02:09:00,4452.1,4453.03,4451.78,4452.34,1799,13,0,1799
2026-05-28 02:12:00,4452.36,4454.28,4452.36,4453.53,1845,13,0,1845
2026-05-28 02:15:00,4453.53,4454.76,4451.13,4454.7,1927,13,0,1927
2026-05-28 02:18:00,4454.67,4455.06,4453.13,4453.4,1911,13,0,1911
2026-05-28 02:21:00,4453.41,4453.41,4449.52,4450.75,1927,16,0,1927
2026-05-28 02:24:00,4450.74,4452.21,4449.79,4450.38,1869,14,0,1869
2026-05-28 02:27:00,4450.41,4451.64,4449.36,4450.77,1877,13,0,1877
2026-05-28 02:30:00,4450.77,4451.46,4449.33,4450.0,1831,13,0,1831
2026-05-28 02:33:00,4450.01,4451.99,4449.37,4450.55,1880,13,0,1880
2026-05-28 02:36:00,4450.58,4452.28,4450.24,4451.73,1773,13,0,1773
2026-05-28 02:39:00,4451.72,4453.95,4451.72,4452.1,1839,13,0,1839
2026-05-28 02:42:00,4452.12,4453.84,4450.67,4450.67,1821,16,0,1821
2026-05-28 02:45:00,4450.7,4450.7,4446.1,4447.52,1989,13,0,1989
2026-05-28 02:48:00,4447.53,4448.98,4447.09,4448.04,1840,13,0,1840
2026-05-28 02:51:00,4448.05,4448.52,4443.77,4445.18,1990,15,0,1990
2026-05-28 02:54:00,4445.19,4449.89,4444.84,4449.17,1883,15,0,1883
2026-05-28 02:57:00,4449.18,4449.84,4446.81,4447.14,1830,13,0,1830
2026-05-28 03:00:00,4447.14,4452.51,4445.3,4452.42,2077,14,0,2077
2026-05-28 03:03:00,4452.41,4452.41,4448.3,4448.3,2011,14,0,2011
2026-05-28 03:06:00,4448.29,4449.99,4446.73,4446.74,2058,13,0,2058
2026-05-28 03:09:00,4446.74,4449.96,4445.63,4446.88,1948,13,0,1948
2026-05-28 03:12:00,4446.87,4448.63,4444.51,4444.62,1986,13,0,1986
2026-05-28 03:15:00,4444.62,4449.96,4443.98,4449.75,2069,15,0,2069
2026-05-28 03:18:00,4449.75,4453.9,4449.52,4451.93,2052,14,0,2052
2026-05-28 03:21:00,4451.96,4453.57,4446.99,4447.97,1988,13,0,1988
2026-05-28 03:24:00,4447.97,4447.98,4444.21,4446.78,2054,13,0,2054
2026-05-28 03:27:00,4446.79,4447.86,4445.41,4446.33,1910,13,0,1910
2026-05-28 03:30:00,4446.3,4449.7,4443.46,4449.58,2077,13,0,2077
2026-05-28 03:33:00,4449.57,4450.7,4448.25,4450.33,2031,14,0,2031
2026-05-28 03:36:00,4450.44,4452.8,4450.09,4451.15,1982,13,0,1982
2026-05-28 03:39:00,4451.15,4452.5,4450.26,4450.46,1962,13,0,1962
2026-05-28 03:42:00,4450.46,4453.21,4450.34,4452.08,1996,13,0,1996
2026-05-28 03:45:00,4452.05,4455.24,4451.93,4454.75,2103,14,0,2103
2026-05-28 03:48:00,4454.76,4455.05,4452.98,4453.02,1892,13,0,1892
2026-05-28 03:51:00,4453.01,4453.43,4452.07,4452.19,1910,13,0,1910
2026-05-28 03:54:00,4452.19,4452.98,4450.68,4451.03,1991,15,0,1991
2026-05-28 03:57:00,4451.03,4457.84,4450.96,4457.09,2085,14,0,2085
2026-05-28 04:00:00,4457.09,4458.7,4447.33,4447.57,2534,16,0,2534
2026-05-28 04:03:00,4447.61,4447.88,4443.84,4444.75,2345,16,0,2345
2026-05-28 04:06:00,4444.77,4448.25,4443.93,4444.44,2101,16,0,2101
2026-05-28 04:09:00,4444.46,4446.4,4442.69,4445.36,2135,15,0,2135
2026-05-28 04:12:00,4445.35,4445.36,4437.86,4438.2,2236,15,0,2236
2026-05-28 04:15:00,4438.18,4440.42,4431.89,4434.01,2333,16,0,2333
2026-05-28 04:18:00,4433.98,4435.44,4431.72,4434.29,2155,16,0,2155
2026-05-28 04:21:00,4434.31,4435.04,4426.74,4431.76,2247,14,0,2247
2026-05-28 04:24:00,4431.78,4432.48,4418.59,4419.06,2285,16,0,2285
2026-05-28 04:27:00,4419.04,4420.84,4417.1,4419.38,2467,16,0,2467
2026-05-28 04:30:00,4419.4,4425.49,4417.13,4424.45,2431,16,0,2431
2026-05-28 04:33:00,4424.51,4426.55,4423.77,4426.18,2249,13,0,2249
2026-05-28 04:36:00,4426.21,4426.38,4420.84,4421.61,2294,13,0,2294
2026-05-28 04:39:00,4421.61,4423.27,4417.06,4417.76,2302,14,0,2302
2026-05-28 04:42:00,4417.74,4422.71,4415.98,4417.72,2454,14,0,2454
2026-05-28 04:45:00,4417.71,4420.49,4416.44,4419.18,2181,13,0,2181
2026-05-28 04:48:00,4419.18,4419.35,4416.1,4418.55,2212,13,0,2212
2026-05-28 04:51:00,4418.6,4419.82,4407.6,4408.21,2305,15,0,2305
2026-05-28 04:54:00,4408.21,4410.68,4407.2,4409.94,2263,13,0,2263
2026-05-28 04:57:00,4409.91,4411.32,4407.03,4410.01,2139,13,0,2139
2026-05-28 05:00:00,4410.02,4412.73,4404.13,4404.62,2279,13,0,2279
2026-05-28 05:03:00,4404.63,4410.35,4402.8,4404.63,2249,14,0,2249
2026-05-28 05:06:00,4404.6,4408.52,4403.82,4406.52,2156,13,0,2156
2026-05-28 05:09:00,4406.52,4408.43,4402.66,4403.47,2184,13,0,2184
2026-05-28 05:12:00,4403.47,4403.97,4396.48,4402.72,2454,14,0,2454
2026-05-28 05:15:00,4402.69,4405.93,4402.63,4404.4,2205,13,0,2205
2026-05-28 05:18:00,4404.41,4405.85,4402.42,4404.39,2021,13,0,2021
2026-05-28 05:21:00,4404.35,4406.21,4399.82,4402.76,2094,13,0,2094
2026-05-28 05:24:00,4402.78,4408.33,4402.52,4406.98,2021,13,0,2021
2026-05-28 05:27:00,4406.88,4408.05,4405.94,4406.2,1936,13,0,1936
2026-05-28 05:30:00,4406.17,4410.46,4404.04,4404.51,2129,15,0,2129
2026-05-28 05:33:00,4404.52,4410.29,4404.45,4408.67,2053,15,0,2053
2026-05-28 05:36:00,4408.51,4408.71,4405.78,4406.63,2012,13,0,2012
2026-05-28 05:39:00,4406.63,4408.4,4405.03,4405.95,2022,13,0,2022
2026-05-28 05:42:00,4405.95,4406.36,4400.71,4402.06,2087,13,0,2087
2026-05-28 05:45:00,4402.05,4402.3,4393.6,4396.51,2295,16,0,2295
2026-05-28 05:48:00,4396.5,4399.35,4393.43,4393.62,2060,15,0,2060
2026-05-28 05:51:00,4393.62,4398.43,4393.35,4398.18,2042,13,0,2042
2026-05-28 05:54:00,4398.2,4398.9,4392.65,4398.52,2013,13,0,2013
2026-05-28 05:57:00,4398.52,4398.88,4393.74,4394.42,2012,13,0,2012
2026-05-28 06:00:00,4394.42,4396.47,4390.29,4390.99,2117,13,0,2117
2026-05-28 06:03:00,4390.98,4395.66,4390.42,4395.27,2083,13,0,2083
2026-05-28 06:06:00,4395.27,4397.81,4394.26,4397.35,2006,13,0,2006
2026-05-28 06:09:00,4397.37,4397.82,4393.05,4393.5,2079,13,0,2079
2026-05-28 06:12:00,4393.5,4396.8,4391.78,4394.21,2050,13,0,2050
2026-05-28 06:15:00,4394.22,4394.7,4387.75,4387.87,2071,13,0,2071
2026-05-28 06:18:00,4387.86,4388.55,4382.82,4383.75,2257,13,0,2257
2026-05-28 06:21:00,4383.87,4387.04,4382.34,4384.99,2159,13,0,2159
2026-05-28 06:24:00,4385.0,4387.9,4383.35,4385.64,2165,13,0,2165
2026-05-28 06:27:00,4385.66,4388.32,4384.59,4387.72,2136,13,0,2136
2026-05-28 06:30:00,4387.73,4387.99,4380.43,4381.78,2228,13,0,2228
2026-05-28 06:33:00,4381.78,4383.14,4377.78,4378.0,2192,15,0,2192
2026-05-28 06:36:00,4377.98,4379.78,4371.18,4371.31,2288,14,0,2288
2026-05-28 06:39:00,4371.29,4376.64,4370.99,4374.18,2450,15,0,2450
2026-05-28 06:42:00,4374.2,4377.93,4371.95,4376.81,2213,13,0,2213
2026-05-28 06:45:00,4376.81,4379.4,4372.43,4374.3,2218,13,0,2218
2026-05-28 06:48:00,4374.31,4375.13,4371.99,4373.77,2099,13,0,2099
2026-05-28 06:51:00,4373.76,4374.69,4372.39,4374.56,2038,13,0,2038
2026-05-28 06:54:00,4374.57,4376.47,4369.34,4369.54,2083,13,0,2083
2026-05-28 06:57:00,4369.52,4376.96,4368.49,4374.81,2176,15,0,2176
2026-05-28 07:00:00,4374.8,4376.94,4369.56,4376.03,2248,16,0,2248
2026-05-28 07:03:00,4375.99,4377.57,4373.24,4376.31,2154,14,0,2154
2026-05-28 07:06:00,4376.33,4382.03,4375.86,4380.57,2191,13,0,2191
2026-05-28 07:09:00,4380.57,4381.71,4377.57,4379.28,2105,13,0,2105
2026-05-28 07:12:00,4379.29,4380.16,4375.9,4376.4,1984,13,0,1984
2026-05-28 07:15:00,4376.4,4377.09,4372.54,4373.28,2095,14,0,2095
2026-05-28 07:18:00,4373.26,4373.64,4366.59,4368.78,2220,14,0,2220
2026-05-28 07:21:00,4368.8,4372.76,4368.25,4371.43,2100,14,0,2100
2026-05-28 07:24:00,4371.43,4372.36,4369.31,4369.48,2122,13,0,2122
2026-05-28 07:27:00,4369.49,4369.79,4367.26,4368.5,2023,13,0,2023
2026-05-28 07:30:00,4368.51,4371.93,4368.46,4371.93,1998,13,0,1998
2026-05-28 07:33:00,4371.88,4373.29,4369.78,4372.8,2139,13,0,2139
2026-05-28 07:36:00,4372.78,4373.89,4370.64,4371.88,1966,13,0,1966
2026-05-28 07:39:00,4371.87,4373.7,4370.87,4372.36,2106,14,0,2106
2026-05-28 07:42:00,4372.34,4375.14,4371.82,4374.07,1975,13,0,1975
2026-05-28 07:45:00,4374.07,4375.28,4371.66,4372.28,1980,14,0,1980
2026-05-28 07:48:00,4372.26,4372.96,4368.19,4369.38,2051,13,0,2051
2026-05-28 07:51:00,4369.37,4372.64,4369.37,4371.53,2054,15,0,2054
2026-05-28 07:54:00,4371.51,4373.62,4370.55,4372.99,2143,13,0,2143
2026-05-28 07:57:00,4373.02,4374.82,4372.57,4373.01,2073,13,0,2073
2026-05-28 08:00:00,4373.02,4374.1,4367.26,4368.28,2220,13,0,2220
2026-05-28 08:03:00,4368.28,4372.45,4367.58,4369.69,2090,16,0,2090
2026-05-28 08:06:00,4369.69,4374.14,4369.54,4373.1,2071,13,0,2071
2026-05-28 08:09:00,4373.1,4375.53,4371.59,4375.52,1956,13,0,1956
2026-05-28 08:12:00,4375.49,4377.3,4372.74,4375.39,2033,13,0,2033
2026-05-28 08:15:00,4375.38,4376.43,4371.8,4374.33,2004,13,0,2004
2026-05-28 08:18:00,4374.33,4375.36,4371.74,4372.83,2019,14,0,2019
2026-05-28 08:21:00,4372.84,4375.99,4372.53,4375.67,1910,13,0,1910
2026-05-28 08:24:00,4375.66,4378.37,4375.64,4378.16,2022,13,0,2022
2026-05-28 08:27:00,4378.17,4379.95,4377.75,4378.7,2018,13,0,2018
2026-05-28 08:30:00,4378.69,4385.08,4375.21,4384.02,2389,14,0,2389
2026-05-28 08:33:00,4384.04,4389.01,4383.66,4387.5,2350,16,0,2350
2026-05-28 08:36:00,4387.53,4389.83,4386.66,4388.19,2161,14,0,2161
2026-05-28 08:39:00,4388.17,4393.59,4387.94,4391.84,2147,14,0,2147
2026-05-28 08:42:00,4391.84,4392.53,4389.35,4389.5,2099,13,0,2099
2026-05-28 08:45:00,4389.53,4394.89,4389.52,4393.05,2242,13,0,2242
2026-05-28 08:48:00,4393.03,4394.78,4391.03,4393.26,2099,13,0,2099
2026-05-28 08:51:00,4393.26,4395.88,4392.59,4393.07,2208,13,0,2208
2026-05-28 08:54:00,4393.05,4393.71,4390.17,4390.36,2104,13,0,2104
2026-05-28 08:57:00,4390.35,4392.04,4387.68,4387.94,2033,13,0,2033
2026-05-28 09:00:00,4387.92,4390.59,4386.31,4387.23,2271,13,0,2271
2026-05-28 09:03:00,4387.22,4389.06,4385.44,4385.53,2108,14,0,2108
2026-05-28 09:06:00,4385.49,4385.49,4379.22,4379.77,2144,14,0,2144
2026-05-28 09:09:00,4379.79,4381.67,4375.7,4376.08,2192,14,0,2192
2026-05-28 09:12:00,4376.11,4378.09,4374.72,4375.99,2163,12,0,2163
2026-05-28 09:15:00,4376.01,4376.89,4374.26,4376.87,2164,11,0,2164
2026-05-28 09:18:00,4376.9,4382.46,4376.75,4382.02,2298,9,0,2298
2026-05-28 09:21:00,4382.02,4384.72,4379.83,4381.64,2205,9,0,2205
2026-05-28 09:24:00,4381.65,4384.78,4381.04,4383.31,2118,9,0,2118
2026-05-28 09:27:00,4383.28,4383.53,4380.12,4380.38,2029,10,0,2029
2026-05-28 09:30:00,4380.38,4384.94,4379.31,4382.99,2205,9,0,2205
2026-05-28 09:33:00,4382.97,4384.87,4380.85,4384.82,2064,12,0,2064
2026-05-28 09:36:00,4384.83,4385.43,4382.22,4382.66,2146,9,0,2146
2026-05-28 09:39:00,4382.64,4383.8,4381.87,4383.35,1983,11,0,1983
2026-05-28 09:42:00,4383.35,4383.82,4376.96,4380.46,2160,12,0,2160
2026-05-28 09:45:00,4380.43,4383.54,4379.24,4383.14,2039,12,0,2039
2026-05-28 09:48:00,4383.15,4384.42,4382.21,4383.53,1975,10,0,1975
2026-05-28 09:51:00,4383.53,4384.07,4381.07,4383.14,2026,10,0,2026
2026-05-28 09:54:00,4383.17,4384.63,4381.87,4383.14,2098,9,0,2098
2026-05-28 09:57:00,4383.17,4384.09,4381.76,4383.52,1990,10,0,1990
2026-05-28 10:00:00,4383.51,4389.68,4383.49,4386.31,2215,13,0,2215
2026-05-28 10:03:00,4386.34,4389.37,4384.94,4387.92,2145,14,0,2145
2026-05-28 10:06:00,4387.85,4391.16,4386.83,4391.04,2038,13,0,2038
2026-05-28 10:09:00,4391.02,4392.29,4386.78,4389.09,2033,14,0,2033
2026-05-28 10:12:00,4389.1,4390.98,4388.27,4388.84,2054,9,0,2054
2026-05-28 10:15:00,4388.82,4390.36,4386.39,4390.13,2135,9,0,2135
2026-05-28 10:18:00,4390.16,4395.21,4390.14,4394.64,2052,10,0,2052
2026-05-28 10:21:00,4394.63,4396.14,4394.37,4395.22,2265,9,0,2265
2026-05-28 10:24:00,4395.21,4396.12,4394.05,4395.1,2242,9,0,2242
2026-05-28 10:27:00,4395.11,4395.56,4391.84,4392.69,2178,9,0,2178
2026-05-28 10:30:00,4392.66,4393.82,4390.76,4391.33,2110,9,0,2110
2026-05-28 10:33:00,4391.35,4392.73,4389.28,4392.66,2473,9,0,2473
2026-05-28 10:36:00,4392.64,4392.66,4388.65,4390.15,1997,10,0,1997
2026-05-28 10:39:00,4390.17,4390.78,4385.5,4386.22,2396,9,0,2396
2026-05-28 10:42:00,4386.22,4389.81,4385.53,4389.43,2222,9,0,2222
2026-05-28 10:45:00,4389.4,4391.03,4386.31,4386.54,2064,9,0,2064
2026-05-28 10:48:00,4386.57,4389.43,4386.46,4389.07,2054,10,0,2054
2026-05-28 10:51:00,4389.08,4389.42,4382.89,4384.87,2267,9,0,2267
2026-05-28 10:54:00,4384.87,4386.34,4383.72,4384.38,2336,9,0,2336
2026-05-28 10:57:00,4384.37,4388.86,4384.04,4387.53,2178,9,0,2178
2026-05-28 11:00:00,4387.53,4393.12,4387.53,4389.55,2242,14,0,2242
2026-05-28 11:03:00,4389.58,4389.99,4386.54,4388.47,2113,13,0,2113
2026-05-28 11:06:00,4388.49,4393.11,4388.46,4391.21,2252,9,0,2252
2026-05-28 11:09:00,4391.21,4394.96,4391.04,4393.2,2294,9,0,2294
2026-05-28 11:12:00,4393.21,4393.57,4391.53,4393.3,2300,9,0,2300
2026-05-28 11:15:00,4393.31,4394.54,4391.74,4392.96,1955,9,0,1955
2026-05-28 11:18:00,4392.99,4393.51,4391.09,4391.99,1940,11,0,1940
2026-05-28 11:21:00,4391.99,4394.16,4391.58,4394.16,2169,9,0,2169
2026-05-28 11:24:00,4394.15,4394.43,4390.61,4391.36,2027,14,0,2027
2026-05-28 11:27:00,4391.32,4391.67,4387.46,4389.76,2247,9,0,2247
2026-05-28 11:30:00,4389.8,4391.17,4386.79,4387.68,2062,9,0,2062
2026-05-28 11:33:00,4387.59,4392.96,4386.29,4391.89,2150,9,0,2150
2026-05-28 11:36:00,4391.89,4394.99,4391.88,4393.05,1934,13,0,1934
2026-05-28 11:39:00,4393.08,4393.46,4389.99,4392.76,2017,12,0,2017
2026-05-28 11:42:00,4392.74,4392.76,4389.37,4390.03,2338,9,0,2338
2026-05-28 11:45:00,4390.03,4390.2,4387.24,4388.1,2268,9,0,2268
2026-05-28 11:48:00,4388.12,4391.42,4388.05,4390.49,1939,9,0,1939
2026-05-28 11:51:00,4390.52,4391.84,4389.24,4389.31,1881,11,0,1881
2026-05-28 11:54:00,4389.32,4389.6,4386.46,4386.73,1892,12,0,1892
2026-05-28 11:57:00,4386.74,4387.22,4385.94,4387.04,1895,13,0,1895
2026-05-28 12:00:00,4387.01,4390.58,4386.47,4389.38,1986,14,0,1986
2026-05-28 12:03:00,4389.35,4390.99,4388.09,4390.64,1988,14,0,1988
2026-05-28 12:06:00,4390.65,4390.97,4388.32,4389.03,1968,12,0,1968
2026-05-28 12:09:00,4389.03,4390.64,4386.67,4387.81,2005,11,0,2005
2026-05-28 12:12:00,4387.85,4389.54,4386.77,4389.36,2000,11,0,2000
2026-05-28 12:15:00,4389.37,4390.16,4388.63,4389.99,2194,9,0,2194
2026-05-28 12:18:00,4389.97,4392.03,4389.54,4391.63,2046,9,0,2046
2026-05-28 12:21:00,4391.62,4399.11,4391.55,4395.07,2158,14,0,2158
2026-05-28 12:24:00,4395.06,4396.28,4394.48,4394.84,2004,14,0,2004
2026-05-28 12:27:00,4394.84,4397.75,4393.53,4396.46,2009,14,0,2009
2026-05-28 12:30:00,4396.47,4396.9,4392.49,4394.04,2189,14,0,2189
2026-05-28 12:33:00,4394.06,4394.61,4391.54,4392.4,2020,13,0,2020
2026-05-28 12:36:00,4392.38,4395.81,4391.94,4393.81,2010,10,0,2010
2026-05-28 12:39:00,4393.83,4393.91,4391.28,4392.72,2003,9,0,2003
2026-05-28 12:42:00,4392.72,4392.75,4390.17,4391.18,2089,9,0,2089
2026-05-28 12:45:00,4391.16,4391.96,4389.74,4391.51,1948,13,0,1948
2026-05-28 12:48:00,4391.49,4396.23,4390.81,4395.13,1991,13,0,1991
2026-05-28 12:51:00,4395.14,4395.54,4392.69,4395.27,1998,13,0,1998
2026-05-28 12:54:00,4395.25,4396.26,4392.9,4395.02,1940,13,0,1940
2026-05-28 12:57:00,4395.01,4396.32,4393.03,4393.68,2002,10,0,2002
2026-05-28 13:00:00,4393.7,4393.86,4391.63,4393.11,2259,9,0,2259
2026-05-28 13:03:00,4393.11,4394.97,4392.75,4393.87,1978,13,0,1978
2026-05-28 13:06:00,4393.85,4398.06,4393.72,4397.54,1928,11,0,1928
2026-05-28 13:09:00,4397.54,4404.1,4397.54,4400.85,2102,14,0,2102
2026-05-28 13:12:00,4400.85,4401.34,4398.49,4399.38,1910,12,0,1910
2026-05-28 13:15:00,4399.41,4400.89,4399.35,4399.63,2168,9,0,2168
2026-05-28 13:18:00,4399.62,4400.04,4396.17,4396.55,1941,11,0,1941
2026-05-28 13:21:00,4396.57,4396.81,4393.72,4395.32,1981,13,0,1981
2026-05-28 13:24:00,4395.3,4398.51,4394.81,4398.4,1968,11,0,1968
2026-05-28 13:27:00,4398.42,4402.33,4398.07,4401.23,1983,14,0,1983
2026-05-28 13:30:00,4401.24,4402.5,4400.0,4400.56,2007,14,0,2007
2026-05-28 13:33:00,4400.59,4400.68,4398.31,4398.69,2042,9,0,2042
2026-05-28 13:36:00,4398.72,4399.7,4397.65,4398.12,2324,9,0,2324
2026-05-28 13:39:00,4398.12,4398.49,4393.91,4394.95,1971,9,0,1971
2026-05-28 13:42:00,4394.92,4395.3,4388.19,4389.16,2149,14,0,2149
2026-05-28 13:45:00,4389.16,4389.16,4384.31,4385.13,2118,14,0,2118
2026-05-28 13:48:00,4385.14,4386.33,4378.73,4381.19,2406,14,0,2406
2026-05-28 13:51:00,4381.18,4384.92,4375.37,4379.02,2459,14,0,2459
2026-05-28 13:54:00,4379.02,4386.0,4378.5,4385.08,2069,14,0,2069
2026-05-28 13:57:00,4385.08,4387.39,4382.13,4383.09,2231,14,0,2231
2026-05-28 14:00:00,4383.05,4385.48,4381.6,4385.09,2247,14,0,2247
2026-05-28 14:03:00,4385.11,4389.34,4383.22,4388.84,2212,14,0,2212
2026-05-28 14:06:00,4388.81,4388.9,4385.57,4386.18,1975,13,0,1975
2026-05-28 14:09:00,4386.2,4387.68,4385.53,4385.83,2072,14,0,2072
2026-05-28 14:12:00,4385.83,4388.62,4385.8,4387.04,2014,14,0,2014
2026-05-28 14:15:00,4387.05,4390.55,4386.71,4389.99,2005,14,0,2005
2026-05-28 14:18:00,4390.01,4390.54,4388.51,4390.04,1926,14,0,1926
2026-05-28 14:21:00,4390.06,4390.09,4386.6,4387.11,1968,14,0,1968
2026-05-28 14:24:00,4387.1,4389.2,4385.81,4387.22,1962,12,0,1962
2026-05-28 14:27:00,4387.24,4388.09,4384.49,4384.96,1941,12,0,1941
2026-05-28 14:30:00,4384.98,4385.15,4382.09,4382.16,1959,13,0,1959
2026-05-28 14:33:00,4382.15,4387.76,4381.05,4386.44,2298,12,0,2298
2026-05-28 14:36:00,4386.42,4390.22,4386.3,4389.62,2127,14,0,2127
2026-05-28 14:39:00,4389.62,4390.4,4387.5,4388.39,2134,12,0,2134
2026-05-28 14:42:00,4388.4,4389.26,4385.1,4385.84,2306,9,0,2306
2026-05-28 14:45:00,4385.91,4386.36,4384.06,4384.34,2111,9,0,2111
2026-05-28 14:48:00,4384.34,4385.29,4382.35,4383.03,2148,10,0,2148
2026-05-28 14:51:00,4383.06,4384.43,4382.0,4382.82,2127,11,0,2127
2026-05-28 14:54:00,4382.8,4386.14,4381.09,4386.1,2224,9,0,2224
2026-05-28 14:57:00,4386.13,4388.51,4384.67,4387.97,2506,9,0,2506
2026-05-28 15:00:00,4387.95,4391.29,4387.95,4389.86,2114,9,0,2114
2026-05-28 15:03:00,4389.89,4391.82,4389.61,4391.68,2453,9,0,2453
2026-05-28 15:06:00,4391.65,4392.82,4390.63,4391.74,2086,9,0,2086
2026-05-28 15:09:00,4391.76,4392.11,4388.72,4390.07,2291,9,0,2291
2026-05-28 15:12:00,4390.06,4392.79,4389.97,4392.7,2584,9,0,2584
2026-05-28 15:15:00,4392.71,4392.95,4390.04,4390.07,2414,9,0,2414
2026-05-28 15:18:00,4390.05,4390.14,4382.64,4382.82,2288,9,0,2288
2026-05-28 15:21:00,4382.85,4383.17,4379.69,4382.57,2296,14,0,2296
2026-05-28 15:24:00,4382.57,4387.01,4380.18,4384.74,2205,14,0,2205
2026-05-28 15:27:00,4384.74,4386.07,4384.09,4386.07,2011,9,0,2011
2026-05-28 15:30:00,4386.05,4394.69,4383.96,4392.33,2628,10,0,2628
2026-05-28 15:33:00,4392.3,4393.73,4390.86,4392.76,2274,13,0,2274
2026-05-28 15:36:00,4392.76,4402.5,4391.98,4402.06,2664,13,0,2664
2026-05-28 15:39:00,4401.94,4401.98,4397.58,4398.25,2525,12,0,2525
2026-05-28 15:42:00,4398.22,4403.13,4398.15,4402.13,2377,10,0,2377
2026-05-28 15:45:00,4402.1,4406.22,4401.71,4403.82,2308,11,0,2308
2026-05-28 15:48:00,4403.84,4411.87,4403.83,4410.85,2432,12,0,2432
2026-05-28 15:51:00,4410.87,4420.06,4410.7,4419.48,2546,14,0,2546
2026-05-28 15:54:00,4419.48,4429.32,4419.45,4427.82,2554,11,0,2554
2026-05-28 15:57:00,4427.86,4433.8,4425.81,4432.15,2758,14,0,2758
2026-05-28 16:00:00,4432.18,4435.68,4428.84,4429.73,3104,14,0,3104
2026-05-28 16:03:00,4429.76,4439.07,4429.04,4436.86,2784,14,0,2784
2026-05-28 16:06:00,4436.81,4437.31,4426.43,4427.76,2566,12,0,2566
2026-05-28 16:09:00,4428.1,4429.49,4425.27,4426.0,2411,10,0,2411
2026-05-28 16:12:00,4425.99,4432.04,4425.16,4426.73,2394,10,0,2394
2026-05-28 16:15:00,4426.73,4431.31,4426.45,4426.91,2262,11,0,2262
2026-05-28 16:18:00,4426.94,4434.02,4425.89,4431.58,2263,12,0,2263
2026-05-28 16:21:00,4431.56,4434.33,4427.81,4427.9,2330,14,0,2330
2026-05-28 16:24:00,4427.87,4433.03,4427.42,4429.59,2163,12,0,2163
2026-05-28 16:27:00,4429.6,4432.25,4427.82,4428.57,2193,13,0,2193
2026-05-28 16:30:00,4428.57,4430.83,4422.82,4424.57,2697,14,0,2697
2026-05-28 16:33:00,4424.57,4424.58,4418.26,4420.93,2686,13,0,2686
2026-05-28 16:36:00,4420.93,4426.42,4419.11,4425.94,2776,9,0,2776
2026-05-28 16:39:00,4425.93,4425.93,4419.63,4421.92,2546,11,0,2546
2026-05-28 16:42:00,4421.93,4425.67,4421.24,4422.12,2667,9,0,2667
2026-05-28 16:45:00,4422.12,4430.18,4421.39,4425.98,2517,9,0,2517
2026-05-28 16:48:00,4425.97,4433.71,4423.7,4431.35,2808,9,0,2808
2026-05-28 16:51:00,4431.3,4434.31,4430.02,4430.1,2573,11,0,2573
2026-05-28 16:54:00,4430.1,4431.74,4426.44,4427.42,2592,9,0,2592
2026-05-28 16:57:00,4427.42,4432.29,4427.4,4430.47,2447,9,0,2447
2026-05-28 17:00:00,4430.45,4433.25,4424.82,4425.21,2554,13,0,2554
2026-05-28 17:03:00,4425.18,4426.74,4420.79,4426.11,2500,12,0,2500
2026-05-28 17:06:00,4426.13,4434.17,4425.63,4433.75,2567,10,0,2567
2026-05-28 17:09:00,4433.81,4442.51,4432.31,4435.11,2766,13,0,2766
2026-05-28 17:12:00,4435.08,4467.51,4434.5,4464.26,3704,9,0,3704
2026-05-28 17:15:00,4464.24,4467.0,4451.52,4465.96,3906,14,0,3906
2026-05-28 17:18:00,4465.93,4473.5,4461.65,4461.92,3692,14,0,3692
2026-05-28 17:21:00,4461.94,4463.99,4453.69,4456.0,3006,13,0,3006
2026-05-28 17:24:00,4455.85,4465.11,4455.83,4462.18,3221,13,0,3221
2026-05-28 17:27:00,4462.19,4464.41,4458.91,4461.12,2900,14,0,2900
2026-05-28 17:30:00,4461.12,4468.02,4459.84,4462.3,2976,14,0,2976
2026-05-28 17:33:00,4462.34,4463.84,4455.96,4457.89,2903,14,0,2903
2026-05-28 17:36:00,4457.87,4460.27,4452.95,4456.47,2715,14,0,2715
2026-05-28 17:39:00,4456.5,4467.25,4456.4,4465.73,2797,14,0,2797
2026-05-28 17:42:00,4465.74,4471.5,4463.59,4468.98,2629,14,0,2629
2026-05-28 17:45:00,4468.99,4480.41,4466.62,4467.83,3169,14,0,3169
2026-05-28 17:48:00,4467.81,4474.06,4466.25,4469.47,2650,13,0,2650
2026-05-28 17:51:00,4469.47,4475.88,4466.73,4474.44,2599,11,0,2599
2026-05-28 17:54:00,4474.47,4474.68,4466.23,4466.82,2600,13,0,2600
2026-05-28 17:57:00,4466.86,4470.32,4462.04,4469.3,2502,13,0,2502
2026-05-28 18:00:00,4469.31,4476.88,4468.77,4475.74,2589,13,0,2589
2026-05-28 18:03:00,4475.74,4477.86,4473.0,4474.98,2396,13,0,2396
2026-05-28 18:06:00,4474.98,4480.73,4473.21,4474.21,2459,14,0,2459
2026-05-28 18:09:00,4474.16,4474.41,4471.47,4473.62,2385,12,0,2385
2026-05-28 18:12:00,4473.61,4474.36,4470.51,4471.39,2366,11,0,2366
2026-05-28 18:15:00,4471.4,4474.27,4470.76,4472.36,2333,14,0,2333
2026-05-28 18:18:00,4472.32,4473.68,4469.87,4471.28,2257,11,0,2257
2026-05-28 18:21:00,4471.3,4475.52,4469.25,4474.51,2310,14,0,2310
2026-05-28 18:24:00,4474.5,4479.83,4474.5,4479.39,2307,14,0,2307
2026-05-28 18:27:00,4479.4,4482.35,4476.32,4476.81,2460,14,0,2460
2026-05-28 18:30:00,4476.81,4480.79,4476.79,4479.75,2588,9,0,2588
2026-05-28 18:33:00,4479.78,4483.25,4478.66,4483.2,2718,9,0,2718
2026-05-28 18:36:00,4483.16,4484.71,4479.83,4481.47,2465,9,0,2465
2026-05-28 18:39:00,4481.47,4482.07,4477.16,4477.86,2309,10,0,2309
2026-05-28 18:42:00,4477.86,4480.28,4477.5,4479.38,2576,9,0,2576
2026-05-28 18:45:00,4479.4,4482.35,4479.07,4482.3,2130,9,0,2130
2026-05-28 18:48:00,4482.28,4482.3,4478.92,4480.12,2151,12,0,2151
2026-05-28 18:51:00,4480.12,4482.38,4479.45,4480.42,2112,13,0,2112
2026-05-28 18:54:00,4480.44,4482.26,4479.57,4480.82,2083,12,0,2083
2026-05-28 18:57:00,4480.82,4482.27,4478.66,4482.27,2059,13,0,2059
2026-05-28 19:00:00,4482.28,4483.84,4478.78,4479.44,2210,14,0,2210
2026-05-28 19:03:00,4479.44,4485.84,4477.82,4485.77,2150,10,0,2150
2026-05-28 19:06:00,4485.78,4485.78,4481.04,4481.72,2242,9,0,2242
2026-05-28 19:09:00,4481.72,4485.37,4481.01,4485.0,2227,9,0,2227
2026-05-28 19:12:00,4484.96,4485.47,4482.2,4484.41,2272,9,0,2272
2026-05-28 19:15:00,4484.4,4491.29,4484.11,4491.27,2337,10,0,2337
2026-05-28 19:18:00,4491.29,4499.67,4490.99,4498.34,2574,14,0,2574
2026-05-28 19:21:00,4498.55,4499.17,4494.81,4497.76,2289,14,0,2289
2026-05-28 19:24:00,4497.78,4502.75,4497.11,4500.3,2546,9,0,2546
2026-05-28 19:27:00,4500.31,4502.83,4500.14,4500.46,2446,9,0,2446
2026-05-28 19:30:00,4500.47,4502.6,4498.9,4498.97,2461,9,0,2461
2026-05-28 19:33:00,4498.96,4500.71,4497.89,4499.28,2415,9,0,2415
2026-05-28 19:36:00,4499.36,4503.12,4497.71,4500.2,2266,9,0,2266
2026-05-28 19:39:00,4500.2,4503.91,4499.21,4503.85,2493,9,0,2493
2026-05-28 19:42:00,4503.86,4506.3,4501.86,4504.39,2410,9,0,2410
2026-05-28 19:45:00,4504.41,4508.33,4504.38,4506.52,2519,9,0,2519
2026-05-28 19:48:00,4506.52,4509.1,4504.79,4508.36,2430,9,0,2430
2026-05-28 19:51:00,4508.38,4509.66,4506.25,4507.09,2175,10,0,2175
2026-05-28 19:54:00,4507.08,4510.29,4506.87,4509.86,2419,9,0,2419
2026-05-28 19:57:00,4509.85,4511.14,4507.96,4511.03,2027,9,0,2027
2026-05-28 20:00:00,4511.05,4514.46,4510.15,4511.5,2234,9,0,2234
2026-05-28 20:03:00,4511.47,4512.44,4506.73,4506.86,2163,13,0,2163
2026-05-28 20:06:00,4506.84,4508.25,4505.92,4508.05,2395,9,0,2395
2026-05-28 20:09:00,4508.02,4510.43,4507.18,4508.0,2143,9,0,2143
2026-05-28 20:12:00,4508.01,4509.15,4503.57,4503.92,2133,11,0,2133
2026-05-28 20:15:00,4503.94,4506.26,4503.47,4505.45,2070,14,0,2070
2026-05-28 20:18:00,4505.47,4506.88,4502.6,4504.09,2136,13,0,2136
2026-05-28 20:21:00,4504.07,4504.97,4503.35,4504.51,2430,9,0,2430
2026-05-28 20:24:00,4504.51,4505.78,4502.9,4505.05,2298,9,0,2298
2026-05-28 20:27:00,4505.06,4506.38,4501.25,4502.09,2378,10,0,2378
2026-05-28 20:30:00,4502.13,4506.1,4502.13,4505.84,2340,9,0,2340
2026-05-28 20:33:00,4505.82,4507.14,4504.77,4504.91,2031,9,0,2031
2026-05-28 20:36:00,4504.9,4505.69,4504.0,4504.29,2078,9,0,2078
2026-05-28 20:39:00,4504.29,4507.15,4504.28,4505.03,2030,11,0,2030
2026-05-28 20:42:00,4505.03,4505.44,4504.67,4505.04,2276,9,0,2276
2026-05-28 20:45:00,4505.09,4509.1,4504.75,4507.56,2046,9,0,2046
2026-05-28 20:48:00,4507.57,4509.2,4507.37,4507.48,2042,10,0,2042
2026-05-28 20:51:00,4507.48,4508.44,4506.86,4508.42,2231,9,0,2231
2026-05-28 20:54:00,4508.4,4509.94,4507.38,4508.45,1992,9,0,1992
2026-05-28 20:57:00,4508.44,4508.96,4507.85,4508.96,2058,9,0,2058
2026-05-28 21:00:00,4508.96,4515.23,4508.87,4514.95,2116,10,0,2116
2026-05-28 21:03:00,4514.99,4516.55,4511.46,4512.82,2157,14,0,2157
2026-05-28 21:06:00,4512.81,4513.83,4511.14,4511.17,2016,11,0,2016
2026-05-28 21:09:00,4511.15,4511.16,4506.31,4507.23,2117,11,0,2117
2026-05-28 21:12:00,4507.26,4508.54,4506.7,4507.71,1999,10,0,1999
2026-05-28 21:15:00,4507.73,4512.7,4505.62,4509.71,2200,10,0,2200
2026-05-28 21:18:00,4509.72,4511.15,4508.58,4508.96,2029,14,0,2029
2026-05-28 21:21:00,4509.13,4510.34,4507.72,4508.59,1964,11,0,1964
2026-05-28 21:24:00,4508.59,4509.61,4506.21,4506.77,1948,12,0,1948
2026-05-28 21:27:00,4506.75,4507.49,4505.44,4506.28,2014,10,0,2014
2026-05-28 21:30:00,4506.27,4506.5,4502.54,4503.09,1952,11,0,1952
2026-05-28 21:33:00,4503.1,4503.65,4500.92,4502.02,2042,13,0,2042
2026-05-28 21:36:00,4502.0,4503.66,4500.94,4501.49,1997,12,0,1997
2026-05-28 21:39:00,4501.52,4502.88,4501.18,4502.71,1967,12,0,1967
2026-05-28 21:42:00,4502.7,4502.74,4501.05,4501.81,1978,11,0,1978
2026-05-28 21:45:00,4501.8,4502.49,4498.85,4499.26,2009,13,0,2009
2026-05-28 21:48:00,4499.25,4501.72,4498.56,4501.14,1978,13,0,1978
2026-05-28 21:51:00,4501.14,4503.18,4501.14,4502.99,1985,14,0,1985
2026-05-28 21:54:00,4502.98,4503.63,4501.77,4502.05,2092,9,0,2092
2026-05-28 21:57:00,4502.05,4502.43,4500.54,4501.02,1950,10,0,1950
2026-05-28 22:00:00,4501.08,4503.74,4500.93,4502.3,1968,12,0,1968
2026-05-28 22:03:00,4502.3,4502.38,4500.08,4501.64,1892,14,0,1892
2026-05-28 22:06:00,4501.61,4502.13,4499.99,4500.2,1859,11,0,1859
2026-05-28 22:09:00,4500.18,4501.29,4498.57,4501.27,2089,9,0,2089
2026-05-28 22:12:00,4501.29,4501.83,4498.67,4499.59,2201,9,0,2201
2026-05-28 22:15:00,4499.59,4501.52,4499.55,4501.49,2225,9,0,2225
2026-05-28 22:18:00,4501.49,4501.64,4500.31,4501.21,1908,9,0,1908
2026-05-28 22:21:00,4501.21,4502.59,4501.13,4502.37,2058,9,0,2058
2026-05-28 22:24:00,4502.4,4503.0,4499.81,4500.36,2113,9,0,2113
2026-05-28 22:27:00,4500.33,4500.96,4499.74,4499.78,1815,10,0,1815
2026-05-28 22:30:00,4499.78,4501.88,4499.75,4501.84,2168,9,0,2168
2026-05-28 22:33:00,4501.84,4501.84,4499.42,4499.96,2088,9,0,2088
2026-05-28 22:36:00,4499.95,4501.66,4499.56,4500.37,1965,9,0,1965
2026-05-28 22:39:00,4500.4,4501.17,4500.2,4500.77,1911,11,0,1911
2026-05-28 22:42:00,4500.76,4500.85,4498.98,4499.26,2263,9,0,2263
2026-05-28 22:45:00,4499.24,4500.39,4499.24,4499.81,2241,9,0,2241
2026-05-28 22:48:00,4499.82,4500.04,4498.33,4500.04,1985,9,0,1985
2026-05-28 22:51:00,4500.03,4500.05,4497.72,4499.69,1909,14,0,1909
2026-05-28 22:54:00,4499.7,4499.72,4497.69,4498.38,1986,10,0,1986
2026-05-28 22:57:00,4498.38,4499.62,4497.23,4498.01,2106,10,0,2106
2026-05-28 23:00:00,4497.94,4498.3,4495.64,4496.03,1967,12,0,1967
2026-05-28 23:03:00,4496.03,4497.39,4495.65,4496.02,1980,9,0,1980
2026-05-28 23:06:00,4496.02,4497.56,4494.97,4496.75,2216,9,0,2216
2026-05-28 23:09:00,4496.74,4498.69,4496.1,4497.84,1809,9,0,1809
2026-05-28 23:12:00,4497.82,4498.1,4496.98,4497.16,2243,9,0,2243
2026-05-28 23:15:00,4497.15,4500.65,4497.0,4500.1,1835,11,0,1835
2026-05-28 23:18:00,4500.11,4500.11,4496.35,4498.82,1903,14,0,1903
2026-05-28 23:21:00,4498.81,4498.92,4497.61,4497.79,1853,9,0,1853
2026-05-28 23:24:00,4497.78,4498.01,4497.09,4497.32,1721,9,0,1721
2026-05-28 23:27:00,4497.31,4499.57,4497.03,4499.33,1765,10,0,1765
2026-05-28 23:30:00,4499.33,4499.33,4498.32,4498.85,1731,11,0,1731
2026-05-28 23:33:00,4498.87,4500.71,4498.57,4499.44,1774,12,0,1774
2026-05-28 23:36:00,4499.44,4499.44,4497.52,4497.73,1766,14,0,1766
2026-05-28 23:39:00,4497.72,4498.28,4496.01,4496.13,1815,13,0,1815
2026-05-28 23:42:00,4496.14,4496.69,4494.87,4495.49,1796,22,0,1796
2026-05-28 23:45:00,4495.49,4496.46,4494.95,4495.56,1808,22,0,1808
2026-05-28 23:48:00,4495.56,4496.45,4494.9,4495.19,1828,22,0,1828
2026-05-28 23:51:00,4495.19,4496.22,4495.19,4495.68,1770,22,0,1770
2026-05-28 23:54:00,4495.68,4496.51,4495.22,4495.8,1779,22,0,1779
2026-05-28 23:57:00,4495.79,4496.58,4495.35,4495.68,1250,22,0,1250
2026-05-29 01:00:00,4497.05,4499.72,4493.81,4496.16,5204,16,0,5204
2026-05-29 01:03:00,4496.17,4498.01,4495.68,4497.02,5170,15,0,5170
2026-05-29 01:06:00,4497.05,4497.32,4493.52,4493.77,2062,14,0,2062
2026-05-29 01:09:00,4493.77,4494.67,4491.71,4494.63,1965,15,0,1965
2026-05-29 01:12:00,4494.59,4495.22,4492.69,4493.75,1826,15,0,1826
2026-05-29 01:15:00,4493.77,4494.86,4493.24,4493.67,1816,15,0,1816
2026-05-29 01:18:00,4493.68,4494.39,4493.12,4493.78,1771,14,0,1771
2026-05-29 01:21:00,4493.77,4494.94,4493.05,4493.92,1775,14,0,1775
2026-05-29 01:24:00,4493.94,4494.35,4492.81,4493.53,1798,15,0,1798
2026-05-29 01:27:00,4493.54,4496.55,4493.48,4495.82,1803,15,0,1803
2026-05-29 01:30:00,4495.82,4496.55,4495.1,4495.59,1852,15,0,1852
2026-05-29 01:33:00,4495.58,4496.29,4492.79,4494.36,1806,15,0,1806
2026-05-29 01:36:00,4494.34,4494.85,4493.56,4494.41,1788,16,0,1788
2026-05-29 01:39:00,4494.43,4495.68,4493.48,4495.11,1818,15,0,1818
2026-05-29 01:42:00,4495.1,4496.53,4494.77,4495.53,1746,15,0,1746
2026-05-29 01:45:00,4495.64,4496.21,4494.6,4494.67,1793,16,0,1793
2026-05-29 01:48:00,4494.67,4495.15,4494.0,4494.12,1775,14,0,1775
2026-05-29 01:51:00,4494.12,4494.74,4492.52,4494.36,1740,16,0,1740
2026-05-29 01:54:00,4494.35,4494.36,4492.91,4492.96,1782,15,0,1782
2026-05-29 01:57:00,4492.98,4493.97,4491.08,4491.26,1798,14,0,1798
2026-05-29 02:00:00,4491.28,4494.32,4491.18,4493.51,1918,16,0,1918
2026-05-29 02:03:00,4493.5,4495.75,4493.19,4494.44,1827,14,0,1827
2026-05-29 02:06:00,4494.41,4495.24,4494.1,4494.78,1765,13,0,1765
2026-05-29 02:09:00,4494.76,4494.93,4494.26,4494.58,1762,13,0,1762
2026-05-29 02:12:00,4494.56,4494.97,4494.45,4494.74,1750,13,0,1750
2026-05-29 02:15:00,4494.71,4497.02,4494.71,4496.7,1772,13,0,1772
2026-05-29 02:18:00,4496.72,4496.72,4495.0,4495.06,1776,15,0,1776
2026-05-29 02:21:00,4495.07,4495.6,4493.99,4494.25,1777,14,0,1777
2026-05-29 02:24:00,4494.25,4495.37,4492.88,4492.98,1761,13,0,1761
2026-05-29 02:27:00,4492.96,4493.34,4491.82,4492.31,1804,13,0,1804
2026-05-29 02:30:00,4492.31,4494.62,4491.33,4493.93,1874,16,0,1874
2026-05-29 02:33:00,4493.95,4494.27,4492.4,4493.14,1828,13,0,1828
2026-05-29 02:36:00,4493.16,4494.61,4492.32,4493.75,1870,16,0,1870
2026-05-29 02:39:00,4493.75,4493.98,4490.06,4490.78,1888,15,0,1888
2026-05-29 02:42:00,4490.78,4490.89,4489.13,4489.96,1882,14,0,1882
2026-05-29 02:45:00,4489.97,4491.21,4489.06,4490.56,1890,16,0,1890
2026-05-29 02:48:00,4490.59,4491.31,4489.49,4491.03,1872,13,0,1872
2026-05-29 02:51:00,4491.01,4494.53,4490.81,4491.65,1871,14,0,1871
2026-05-29 02:54:00,4491.66,4494.11,4491.27,4492.48,1852,15,0,1852
2026-05-29 02:57:00,4492.49,4496.33,4492.49,4495.16,1900,15,0,1900
2026-05-29 03:00:00,4495.17,4498.07,4493.02,4494.15,2129,15,0,2129
2026-05-29 03:03:00,4494.15,4496.48,4492.43,4495.74,2150,16,0,2150
2026-05-29 03:06:00,4495.74,4495.92,4492.16,4493.16,2075,16,0,2075
2026-05-29 03:09:00,4493.13,4496.68,4492.65,4496.26,2115,16,0,2115
2026-05-29 03:12:00,4496.25,4498.22,4496.2,4497.39,2024,13,0,2024
2026-05-29 03:15:00,4497.39,4499.43,4496.56,4498.09,2049,14,0,2049
2026-05-29 03:18:00,4498.11,4500.47,4497.67,4499.93,1910,13,0,1910
2026-05-29 03:21:00,4499.94,4499.96,4495.65,4496.47,1938,13,0,1938
2026-05-29 03:24:00,4496.47,4500.44,4496.18,4499.42,2023,13,0,2023
2026-05-29 03:27:00,4499.43,4500.24,4497.98,4500.04,1988,14,0,1988
2026-05-29 03:30:00,4500.06,4500.3,4497.07,4498.14,2018,14,0,2018
2026-05-29 03:33:00,4498.15,4500.47,4495.18,4496.2,1922,13,0,1922
2026-05-29 03:36:00,4496.2,4496.32,4493.89,4493.97,1948,13,0,1948
2026-05-29 03:39:00,4493.95,4496.36,4493.29,4496.12,1906,13,0,1906
2026-05-29 03:42:00,4496.1,4498.5,4495.4,4498.34,1927,13,0,1927
2026-05-29 03:45:00,4498.32,4498.32,4493.24,4493.89,1887,13,0,1887
2026-05-29 03:48:00,4493.9,4496.81,4493.69,4496.39,1935,13,0,1935
2026-05-29 03:51:00,4496.39,4496.56,4493.72,4493.78,1915,13,0,1915
2026-05-29 03:54:00,4493.79,4495.28,4493.54,4494.79,1904,13,0,1904
2026-05-29 03:57:00,4494.82,4496.1,4493.36,4496.1,1930,13,0,1930
2026-05-29 04:00:00,4496.08,4503.6,4495.84,4497.32,2528,16,0,2528
2026-05-29 04:03:00,4497.34,4501.78,4492.49,4500.16,2312,16,0,2312
2026-05-29 04:06:00,4500.15,4505.02,4498.9,4505.0,2248,15,0,2248
2026-05-29 04:09:00,4504.98,4511.12,4504.56,4510.48,2341,16,0,2341
2026-05-29 04:12:00,4510.49,4515.32,4509.16,4514.95,2140,15,0,2140
2026-05-29 04:15:00,4514.94,4517.58,4514.57,4516.51,2159,15,0,2159
2026-05-29 04:18:00,4516.49,4520.74,4515.17,4518.98,2109,15,0,2109
2026-05-29 04:21:00,4519.01,4520.26,4515.88,4515.92,2050,14,0,2050
2026-05-29 04:24:00,4515.92,4516.36,4509.2,4509.76,2231,13,0,2231
2026-05-29 04:27:00,4509.8,4510.23,4505.27,4505.43,2123,13,0,2123
2026-05-29 04:30:00,4505.42,4505.69,4502.47,4503.89,2200,14,0,2200
2026-05-29 04:33:00,4503.89,4505.31,4503.42,4503.61,2021,13,0,2021
2026-05-29 04:36:00,4503.6,4508.42,4503.52,4505.92,2090,13,0,2090
2026-05-29 04:39:00,4505.92,4508.5,4503.27,4507.03,2119,13,0,2119
2026-05-29 04:42:00,4507.01,4508.54,4505.37,4506.48,2103,13,0,2103
2026-05-29 04:45:00,4506.51,4506.8,4502.09,4502.59,2084,14,0,2084
2026-05-29 04:48:00,4502.58,4503.31,4501.11,4501.91,2015,13,0,2015
2026-05-29 04:51:00,4501.89,4504.82,4501.88,4504.82,1925,13,0,1925
2026-05-29 04:54:00,4504.85,4507.24,4503.72,4505.09,1957,14,0,1957
2026-05-29 04:57:00,4505.07,4507.69,4505.05,4506.49,1947,15,0,1947
2026-05-29 05:00:00,4506.48,4509.98,4506.0,4508.96,2018,16,0,2018
2026-05-29 05:03:00,4508.96,4511.13,4508.14,4509.58,1977,14,0,1977
2026-05-29 05:06:00,4509.58,4510.08,4505.05,4506.54,1874,14,0,1874
2026-05-29 05:09:00,4506.52,4506.7,4504.11,4505.53,1957,14,0,1957
2026-05-29 05:12:00,4505.55,4507.98,4504.81,4506.85,1976,14,0,1976
2026-05-29 05:15:00,4506.86,4508.97,4505.15,4506.09,1965,16,0,1965
2026-05-29 05:18:00,4506.1,4507.69,4502.91,4503.54,1906,13,0,1906
2026-05-29 05:21:00,4503.54,4505.76,4503.16,4503.48,1864,13,0,1864
2026-05-29 05:24:00,4503.49,4505.0,4503.33,4503.35,1829,13,0,1829
2026-05-29 05:27:00,4503.34,4503.4,4501.91,4503.16,1823,13,0,1823
2026-05-29 05:30:00,4503.15,4503.75,4498.4,4503.55,2066,13,0,2066
2026-05-29 05:33:00,4503.59,4505.33,4503.05,4504.29,1972,13,0,1972
2026-05-29 05:36:00,4504.27,4506.01,4503.25,4505.69,1880,13,0,1880
2026-05-29 05:39:00,4505.7,4507.91,4505.4,4505.98,1944,13,0,1944
2026-05-29 05:42:00,4505.96,4506.68,4504.94,4505.16,1839,13,0,1839
2026-05-29 05:45:00,4505.17,4508.17,4504.78,4506.75,1936,14,0,1936
2026-05-29 05:48:00,4506.78,4507.41,4502.74,4502.98,1923,13,0,1923
2026-05-29 05:51:00,4502.99,4505.05,4502.2,4503.77,1980,15,0,1980
2026-05-29 05:54:00,4503.78,4504.81,4502.42,4504.69,2055,16,0,2055
2026-05-29 05:57:00,4504.69,4505.19,4501.31,4501.79,1952,13,0,1952
2026-05-29 06:00:00,4501.77,4501.97,4499.01,4500.01,2127,13,0,2127
2026-05-29 06:03:00,4500.02,4501.71,4498.93,4499.88,1991,13,0,1991
2026-05-29 06:06:00,4499.93,4500.75,4497.4,4498.36,2048,14,0,2048
2026-05-29 06:09:00,4498.29,4498.78,4496.54,4497.05,2069,15,0,2069
2026-05-29 06:12:00,4497.09,4498.03,4494.99,4496.37,2035,15,0,2035
2026-05-29 06:15:00,4496.35,4497.75,4495.49,4495.75,1999,14,0,1999
2026-05-29 06:18:00,4495.74,4498.05,4495.35,4497.77,1977,13,0,1977
2026-05-29 06:21:00,4497.79,4499.25,4497.16,4497.34,1968,13,0,1968
2026-05-29 06:24:00,4497.35,4498.45,4495.31,4496.38,1974,14,0,1974
2026-05-29 06:27:00,4496.38,4496.85,4495.21,4496.85,2063,14,0,2063
2026-05-29 06:30:00,4496.87,4498.32,4496.67,4497.46,1934,14,0,1934
2026-05-29 06:33:00,4497.48,4498.02,4495.61,4495.96,1850,13,0,1850
2026-05-29 06:36:00,4495.96,4497.08,4494.82,4494.97,1937,16,0,1937
2026-05-29 06:39:00,4494.97,4498.44,4494.97,4498.28,1884,14,0,1884
2026-05-29 06:42:00,4498.27,4499.18,4496.67,4498.18,1905,14,0,1905
2026-05-29 06:45:00,4498.18,4499.98,4497.98,4499.39,1878,13,0,1878
2026-05-29 06:48:00,4499.4,4500.58,4498.91,4500.32,1859,13,0,1859
2026-05-29 06:51:00,4500.31,4500.54,4496.39,4498.67,1931,13,0,1931
2026-05-29 06:54:00,4498.64,4501.58,4498.44,4499.73,1976,15,0,1976
2026-05-29 06:57:00,4499.74,4501.33,4499.51,4501.31,1827,14,0,1827
2026-05-29 07:00:00,4501.31,4505.33,4501.06,4504.45,1975,13,0,1975
2026-05-29 07:03:00,4504.47,4504.78,4501.6,4502.23,1878,13,0,1878
2026-05-29 07:06:00,4502.22,4503.84,4501.41,4502.93,1815,13,0,1815
2026-05-29 07:09:00,4502.95,4503.61,4502.53,4502.79,1826,13,0,1826
2026-05-29 07:12:00,4502.79,4502.95,4501.83,4502.36,1779,13,0,1779
2026-05-29 07:15:00,4502.36,4504.92,4501.96,4502.97,1931,13,0,1931
2026-05-29 07:18:00,4502.96,4505.87,4502.87,4505.7,1842,14,0,1842
2026-05-29 07:21:00,4505.7,4510.39,4504.88,4510.39,1915,16,0,1915
2026-05-29 07:24:00,4510.44,4511.8,4509.65,4510.46,2042,13,0,2042
2026-05-29 07:27:00,4510.47,4510.96,4509.04,4509.28,1985,13,0,1985
2026-05-29 07:30:00,4509.29,4510.56,4508.57,4509.19,1968,13,0,1968
2026-05-29 07:33:00,4509.19,4510.92,4508.75,4510.47,1850,13,0,1850
2026-05-29 07:36:00,4510.45,4510.48,4508.52,4508.73,1881,13,0,1881
2026-05-29 07:39:00,4508.74,4510.38,4508.62,4509.31,1878,13,0,1878
2026-05-29 07:42:00,4509.32,4510.9,4509.29,4510.65,1828,13,0,1828
2026-05-29 07:45:00,4510.66,4511.06,4508.82,4509.63,1908,15,0,1908
2026-05-29 07:48:00,4509.65,4509.93,4508.47,4509.52,1879,13,0,1879
2026-05-29 07:51:00,4509.53,4510.16,4508.2,4509.83,1858,13,0,1858
2026-05-29 07:54:00,4509.85,4512.8,4508.81,4512.7,1830,13,0,1830
2026-05-29 07:57:00,4512.73,4514.92,4512.39,4514.09,1839,13,0,1839
2026-05-29 08:00:00,4514.11,4515.46,4510.75,4511.39,1892,13,0,1892
2026-05-29 08:03:00,4511.41,4511.43,4509.64,4510.35,1885,13,0,1885
2026-05-29 08:06:00,4510.33,4510.89,4509.52,4509.64,1809,13,0,1809
2026-05-29 08:09:00,4509.65,4510.4,4509.04,4509.47,1836,13,0,1836
2026-05-29 08:12:00,4509.44,4512.42,4508.95,4512.02,1876,13,0,1876
2026-05-29 08:15:00,4512.0,4512.04,4510.59,4512.03,1856,13,0,1856
2026-05-29 08:18:00,4512.04,4512.26,4511.01,4511.37,1844,13,0,1844
2026-05-29 08:21:00,4511.39,4511.46,4510.14,4510.83,1782,13,0,1782
2026-05-29 08:24:00,4510.81,4511.1,4509.78,4510.51,1841,13,0,1841
2026-05-29 08:27:00,4510.53,4510.79,4509.45,4509.93,1820,14,0,1820
2026-05-29 08:30:00,4509.94,4512.87,4508.13,4508.44,2253,15,0,2253
2026-05-29 08:33:00,4508.45,4509.63,4506.52,4506.58,2037,15,0,2037
2026-05-29 08:36:00,4506.58,4508.11,4502.81,4503.49,2006,15,0,2006
2026-05-29 08:39:00,4503.49,4504.64,4502.59,4504.39,2063,16,0,2063
2026-05-29 08:42:00,4504.39,4507.91,4504.25,4506.67,2040,15,0,2040
2026-05-29 08:45:00,4506.69,4508.63,4505.55,4506.8,2034,16,0,2034
2026-05-29 08:48:00,4506.81,4507.13,4503.97,4505.47,1916,14,0,1916
2026-05-29 08:51:00,4505.45,4512.93,4505.31,4512.92,2025,15,0,2025
2026-05-29 08:54:00,4512.91,4515.78,4511.55,4511.81,2083,14,0,2083
2026-05-29 08:57:00,4511.83,4514.97,4510.7,4514.91,2047,13,0,2047
2026-05-29 09:00:00,4514.9,4522.45,4514.3,4520.4,2585,14,0,2585
2026-05-29 09:03:00,4520.38,4520.67,4517.66,4519.49,2210,14,0,2210
2026-05-29 09:06:00,4519.46,4519.59,4517.25,4517.39,2052,12,0,2052
2026-05-29 09:09:00,4517.36,4518.01,4513.11,4513.6,2116,12,0,2116
2026-05-29 09:12:00,4513.58,4516.05,4511.08,4515.73,2082,13,0,2082
2026-05-29 09:15:00,4515.72,4515.74,4510.17,4510.33,2044,12,0,2044
2026-05-29 09:18:00,4510.3,4513.34,4509.97,4512.42,2024,11,0,2024
2026-05-29 09:21:00,4512.4,4519.83,4511.33,4518.06,2156,12,0,2156
2026-05-29 09:24:00,4518.05,4519.77,4516.2,4517.54,2117,11,0,2117
2026-05-29 09:27:00,4517.52,4521.5,4516.6,4516.62,2158,10,0,2158
2026-05-29 09:30:00,4516.63,4520.75,4516.49,4518.92,2082,13,0,2082
2026-05-29 09:33:00,4518.92,4519.31,4515.95,4516.08,2198,9,0,2198
2026-05-29 09:36:00,4516.06,4516.65,4513.78,4515.9,2139,9,0,2139
2026-05-29 09:39:00,4515.9,4516.46,4511.58,4511.8,2041,13,0,2041
2026-05-29 09:42:00,4511.8,4516.9,4511.39,4516.66,2487,9,0,2487
2026-05-29 09:45:00,4516.64,4519.81,4515.28,4518.15,2226,9,0,2226
2026-05-29 09:48:00,4518.16,4519.28,4516.93,4517.88,2224,9,0,2224
2026-05-29 09:51:00,4517.88,4521.74,4517.88,4521.37,2055,9,0,2055
2026-05-29 09:54:00,4521.49,4523.46,4520.99,4522.95,2228,9,0,2228
2026-05-29 09:57:00,4522.94,4524.04,4522.46,4523.61,2089,9,0,2089
2026-05-29 10:00:00,4523.62,4523.9,4520.39,4520.9,2127,14,0,2127
2026-05-29 10:03:00,4520.91,4521.3,4518.85,4519.86,2197,9,0,2197
2026-05-29 10:06:00,4519.86,4520.77,4518.04,4520.02,2425,9,0,2425
2026-05-29 10:09:00,4520.03,4520.59,4518.36,4519.89,2170,9,0,2170
2026-05-29 10:12:00,4519.87,4520.23,4516.02,4516.34,2103,9,0,2103
2026-05-29 10:15:00,4516.36,4516.61,4514.35,4516.42,1986,10,0,1986
2026-05-29 10:18:00,4516.45,4517.15,4514.35,4514.88,2201,9,0,2201
2026-05-29 10:21:00,4514.89,4515.05,4512.9,4514.58,2232,9,0,2232
2026-05-29 10:24:00,4514.58,4514.65,4510.73,4512.0,2021,11,0,2021
2026-05-29 10:27:00,4512.01,4514.21,4511.18,4514.13,2002,11,0,2002
2026-05-29 10:30:00,4514.17,4517.57,4512.88,4517.14,2060,14,0,2060
2026-05-29 10:33:00,4517.12,4525.31,4516.62,4523.7,2105,14,0,2105
2026-05-29 10:36:00,4523.69,4524.29,4520.26,4523.51,2208,14,0,2208
2026-05-29 10:39:00,4523.53,4523.67,4521.17,4522.03,2068,10,0,2068
2026-05-29 10:42:00,4522.02,4526.02,4521.24,4525.43,2060,13,0,2060
2026-05-29 10:45:00,4525.4,4526.09,4523.46,4523.91,2342,9,0,2342
2026-05-29 10:48:00,4523.85,4525.03,4523.56,4524.27,2071,9,0,2071
2026-05-29 10:51:00,4524.28,4525.39,4522.14,4523.58,1941,9,0,1941
2026-05-29 10:54:00,4523.59,4525.0,4522.88,4524.69,1949,11,0,1949
2026-05-29 10:57:00,4524.7,4525.55,4523.98,4524.76,2115,9,0,2115
2026-05-29 11:00:00,4524.76,4524.82,4519.78,4520.42,2091,9,0,2091
2026-05-29 11:03:00,4520.43,4521.3,4518.99,4520.2,2043,10,0,2043
2026-05-29 11:06:00,4520.24,4520.78,4516.82,4518.22,2367,9,0,2367
2026-05-29 11:09:00,4518.21,4518.75,4515.74,4517.85,2177,9,0,2177
2026-05-29 11:12:00,4517.84,4519.16,4514.25,4515.25,2273,9,0,2273
2026-05-29 11:15:00,4515.27,4516.4,4514.02,4514.17,2215,9,0,2215
2026-05-29 11:18:00,4514.18,4514.61,4512.96,4513.41,2114,9,0,2114
2026-05-29 11:21:00,4513.41,4517.22,4512.64,4516.07,2007,12,0,2007
2026-05-29 11:24:00,4516.07,4516.99,4514.37,4515.78,1977,10,0,1977
2026-05-29 11:27:00,4515.81,4518.04,4515.72,4517.13,2419,9,0,2419
2026-05-29 11:30:00,4517.11,4518.08,4515.74,4516.37,1996,9,0,1996
2026-05-29 11:33:00,4516.35,4516.36,4514.47,4514.98,1857,9,0,1857
2026-05-29 11:36:00,4514.91,4516.62,4513.93,4514.66,2029,11,0,2029
2026-05-29 11:39:00,4514.65,4515.5,4514.22,4514.79,2292,9,0,2292
2026-05-29 11:42:00,4514.8,4516.2,4514.49,4515.05,1908,11,0,1908
2026-05-29 11:45:00,4515.04,4516.29,4513.11,4513.8,1949,13,0,1949
2026-05-29 11:48:00,4513.83,4514.1,4510.01,4510.04,2018,13,0,2018
2026-05-29 11:51:00,4510.03,4515.36,4510.01,4514.27,1987,13,0,1987
2026-05-29 11:54:00,4514.25,4514.81,4513.11,4513.82,2243,9,0,2243
2026-05-29 11:57:00,4513.83,4515.19,4513.16,4514.94,2074,9,0,2074
2026-05-29 12:00:00,4514.95,4517.64,4513.44,4516.94,2075,9,0,2075
2026-05-29 12:03:00,4516.95,4519.52,4516.03,4517.88,2022,14,0,2022
2026-05-29 12:06:00,4517.88,4522.67,4517.84,4522.67,2001,13,0,2001
2026-05-29 12:09:00,4522.66,4525.89,4522.55,4525.81,2012,12,0,2012
2026-05-29 12:12:00,4525.83,4530.41,4525.54,4529.08,2454,9,0,2454
2026-05-29 12:15:00,4529.08,4529.74,4527.44,4529.15,2145,14,0,2145
2026-05-29 12:18:00,4529.17,4529.64,4526.94,4527.23,2050,14,0,2050
2026-05-29 12:21:00,4527.21,4527.24,4522.85,4523.09,1989,11,0,1989
2026-05-29 12:24:00,4523.08,4524.34,4522.18,4523.97,2102,9,0,2102
2026-05-29 12:27:00,4523.96,4532.21,4523.93,4528.9,2188,9,0,2188
2026-05-29 12:30:00,4528.91,4530.68,4524.74,4526.06,2152,14,0,2152
2026-05-29 12:33:00,4526.07,4528.76,4525.01,4527.12,1962,14,0,1962
2026-05-29 12:36:00,4527.14,4530.18,4526.8,4530.03,1946,10,0,1946
2026-05-29 12:39:00,4530.06,4530.85,4528.29,4530.82,1934,9,0,1934
2026-05-29 12:42:00,4530.8,4532.7,4529.34,4532.47,1937,10,0,1937
2026-05-29 12:45:00,4532.46,4537.61,4532.04,4536.12,2140,13,0,2140
2026-05-29 12:48:00,4536.11,4539.78,4534.88,4538.48,2071,11,0,2071
2026-05-29 12:51:00,4538.49,4538.49,4532.43,4532.45,2006,12,0,2006
2026-05-29 12:54:00,4532.43,4533.26,4529.74,4530.47,2148,9,0,2148
2026-05-29 12:57:00,4530.48,4533.36,4530.46,4531.07,2089,9,0,2089
2026-05-29 13:00:00,4531.15,4531.18,4526.31,4526.7,1968,9,0,1968
2026-05-29 13:03:00,4526.68,4528.37,4525.52,4527.72,1953,11,0,1953
2026-05-29 13:06:00,4527.68,4528.68,4526.76,4526.96,2192,9,0,2192
2026-05-29 13:09:00,4526.96,4527.6,4525.99,4526.79,1935,9,0,1935
2026-05-29 13:12:00,4526.79,4528.76,4526.64,4528.5,1938,13,0,1938
2026-05-29 13:15:00,4528.49,4530.19,4525.76,4525.79,1943,13,0,1943
2026-05-29 13:18:00,4525.8,4527.81,4525.75,4527.22,1930,10,0,1930
2026-05-29 13:21:00,4527.2,4527.43,4525.96,4526.56,1927,12,0,1927
2026-05-29 13:24:00,4526.57,4530.22,4526.25,4529.25,1885,12,0,1885
2026-05-29 13:27:00,4529.23,4530.99,4529.1,4530.51,1813,12,0,1813
2026-05-29 13:30:00,4530.49,4533.73,4530.39,4533.73,1975,13,0,1975
2026-05-29 13:33:00,4533.73,4539.29,4533.7,4538.71,2099,14,0,2099
2026-05-29 13:36:00,4538.74,4543.32,4538.51,4541.14,2074,14,0,2074
2026-05-29 13:39:00,4541.12,4542.14,4539.15,4539.48,1982,14,0,1982
2026-05-29 13:42:00,4539.45,4539.65,4536.38,4537.97,1974,13,0,1974
2026-05-29 13:45:00,4537.96,4541.05,4537.0,4537.5,2036,13,0,2036
2026-05-29 13:48:00,4537.52,4538.97,4536.43,4538.64,1968,10,0,1968
2026-05-29 13:51:00,4538.65,4539.12,4536.95,4537.83,1940,12,0,1940
2026-05-29 13:54:00,4537.81,4537.84,4536.0,4537.03,1969,11,0,1969
2026-05-29 13:57:00,4537.05,4538.64,4535.45,4538.54,1978,14,0,1978
2026-05-29 14:00:00,4538.52,4540.43,4536.54,4536.54,2040,12,0,2040
2026-05-29 14:03:00,4536.5,4537.28,4535.64,4536.38,1950,11,0,1950
2026-05-29 14:06:00,4536.4,4536.63,4534.1,4534.2,2071,9,0,2071
2026-05-29 14:09:00,4534.21,4534.59,4531.27,4531.29,2013,10,0,2013
2026-05-29 14:12:00,4531.29,4533.02,4530.88,4532.35,1929,11,0,1929
2026-05-29 14:15:00,4532.36,4532.77,4529.4,4529.86,2223,9,0,2223
2026-05-29 14:18:00,4529.85,4532.62,4529.61,4531.28,2001,12,0,2001
2026-05-29 14:21:00,4531.26,4534.46,4530.24,4534.18,2378,9,0,2378
2026-05-29 14:24:00,4534.18,4534.19,4527.73,4528.18,1956,13,0,1956
2026-05-29 14:27:00,4528.17,4529.05,4526.92,4528.06,2029,9,0,2029
2026-05-29 14:30:00,4528.1,4528.56,4525.87,4526.71,2169,9,0,2169
2026-05-29 14:33:00,4526.68,4528.65,4526.42,4528.16,2216,9,0,2216
2026-05-29 14:36:00,4528.18,4528.96,4526.65,4528.1,2001,12,0,2001
2026-05-29 14:39:00,4528.11,4529.89,4527.72,4529.79,2354,9,0,2354
2026-05-29 14:42:00,4529.8,4531.47,4529.27,4531.08,1932,9,0,1932
2026-05-29 14:45:00,4531.07,4533.9,4530.97,4533.13,1913,13,0,1913
2026-05-29 14:48:00,4533.16,4533.21,4529.22,4531.64,1955,11,0,1955
2026-05-29 14:51:00,4531.62,4535.07,4527.37,4534.75,2314,14,0,2314
2026-05-29 14:54:00,4534.74,4536.35,4532.67,4535.24,2061,14,0,2061
2026-05-29 14:57:00,4535.24,4538.89,4533.82,4538.44,1950,14,0,1950
2026-05-29 15:00:00,4538.44,4538.59,4528.31,4531.55,2123,14,0,2123
2026-05-29 15:03:00,4531.56,4531.8,4527.73,4528.25,2023,14,0,2023
2026-05-29 15:06:00,4528.22,4529.64,4527.24,4528.82,2077,14,0,2077
2026-05-29 15:09:00,4528.82,4531.41,4528.73,4531.41,2057,12,0,2057
2026-05-29 15:12:00,4531.41,4532.03,4526.99,4528.39,2194,13,0,2194
2026-05-29 15:15:00,4528.38,4531.48,4527.67,4531.36,1994,12,0,1994
2026-05-29 15:18:00,4531.35,4531.89,4521.99,4522.28,2224,10,0,2224
2026-05-29 15:21:00,4522.27,4524.82,4519.95,4524.64,2250,14,0,2250
2026-05-29 15:24:00,4524.64,4524.92,4521.46,4522.05,2142,11,0,2142
2026-05-29 15:27:00,4522.06,4524.16,4520.59,4522.4,2171,9,0,2171
2026-05-29 15:30:00,4522.38,4523.49,4519.16,4520.24,2230,9,0,2230
2026-05-29 15:33:00,4520.22,4522.17,4514.99,4518.8,2500,13,0,2500
2026-05-29 15:36:00,4518.81,4518.82,4515.32,4515.86,2173,13,0,2173
2026-05-29 15:39:00,4515.87,4517.93,4515.13,4515.51,2149,13,0,2149
2026-05-29 15:42:00,4515.53,4516.41,4512.77,4514.37,2213,13,0,2213
2026-05-29 15:45:00,4514.35,4515.28,4512.76,4514.17,2126,13,0,2126
2026-05-29 15:48:00,4514.17,4517.94,4513.43,4516.3,2159,14,0,2159
2026-05-29 15:51:00,4516.31,4520.03,4515.8,4516.72,2130,13,0,2130
2026-05-29 15:54:00,4516.72,4519.21,4516.02,4518.01,2096,13,0,2096
2026-05-29 15:57:00,4518.01,4524.08,4517.72,4523.01,2108,13,0,2108
2026-05-29 16:00:00,4523.01,4524.52,4517.13,4520.5,2553,14,0,2553
2026-05-29 16:03:00,4520.52,4525.56,4520.52,4522.71,2363,13,0,2363
2026-05-29 16:06:00,4522.72,4525.68,4520.29,4525.35,2332,14,0,2332
2026-05-29 16:09:00,4525.34,4526.89,4522.64,4524.14,2222,12,0,2222
2026-05-29 16:12:00,4524.13,4524.56,4520.89,4522.75,2272,9,0,2272
2026-05-29 16:15:00,4522.74,4524.37,4521.27,4523.66,2345,9,0,2345
2026-05-29 16:18:00,4523.67,4524.42,4522.47,4523.68,2305,9,0,2305
2026-05-29 16:21:00,4523.72,4529.2,4523.71,4526.05,2112,13,0,2112
2026-05-29 16:24:00,4526.07,4528.36,4525.09,4527.73,2101,10,0,2101
2026-05-29 16:27:00,4527.76,4528.14,4525.37,4528.04,2183,12,0,2183
2026-05-29 16:30:00,4528.05,4532.04,4525.33,4528.36,2627,14,0,2627
2026-05-29 16:33:00,4528.38,4530.45,4522.75,4523.12,2551,14,0,2551
2026-05-29 16:36:00,4523.1,4533.09,4522.38,4533.07,2535,14,0,2535
2026-05-29 16:39:00,4532.92,4535.5,4530.71,4535.07,2280,12,0,2280
2026-05-29 16:42:00,4535.07,4535.1,4530.44,4533.03,2264,11,0,2264
2026-05-29 16:45:00,4533.04,4535.66,4529.44,4534.52,2357,12,0,2357
2026-05-29 16:48:00,4534.54,4536.79,4533.5,4534.75,2345,11,0,2345
2026-05-29 16:51:00,4534.75,4537.82,4532.15,4536.6,2379,12,0,2379
2026-05-29 16:54:00,4536.57,4539.81,4536.5,4539.41,2323,13,0,2323
2026-05-29 16:57:00,4539.41,4540.74,4535.37,4536.85,2574,9,0,2574
2026-05-29 17:00:00,4536.85,4549.34,4535.19,4545.68,2807,14,0,2807
2026-05-29 17:03:00,4545.68,4549.47,4543.26,4546.51,2548,14,0,2548
2026-05-29 17:06:00,4546.6,4550.69,4546.35,4550.42,2554,12,0,2554
2026-05-29 17:09:00,4550.41,4552.71,4548.77,4549.97,2572,14,0,2572
2026-05-29 17:12:00,4550.0,4551.54,4543.94,4543.96,2474,12,0,2474
2026-05-29 17:15:00,4543.95,4545.1,4540.49,4541.66,2503,12,0,2503
2026-05-29 17:18:00,4541.67,4542.82,4537.84,4538.98,2463,9,0,2463
2026-05-29 17:21:00,4539.02,4539.77,4533.96,4534.35,2725,9,0,2725
2026-05-29 17:24:00,4534.34,4535.67,4528.65,4529.7,2906,14,0,2906
2026-05-29 17:27:00,4529.67,4530.89,4526.16,4529.91,2840,10,0,2840
2026-05-29 17:30:00,4529.9,4532.66,4525.46,4530.6,2766,9,0,2766
2026-05-29 17:33:00,4530.62,4536.69,4530.07,4533.6,2934,9,0,2934
2026-05-29 17:36:00,4533.57,4535.86,4530.87,4533.29,2820,9,0,2820
2026-05-29 17:39:00,4533.28,4535.74,4531.64,4535.64,2813,9,0,2813
2026-05-29 17:42:00,4535.64,4541.92,4535.44,4540.42,2537,9,0,2537
2026-05-29 17:45:00,4540.39,4540.54,4536.92,4537.5,2667,9,0,2667
2026-05-29 17:48:00,4537.52,4542.22,4537.23,4540.44,2359,9,0,2359
2026-05-29 17:51:00,4540.45,4568.82,4540.02,4564.21,3644,9,0,3644
2026-05-29 17:54:00,4564.18,4570.39,4555.75,4568.72,3517,14,0,3517
2026-05-29 17:57:00,4568.65,4570.05,4564.11,4564.28,3272,14,0,3272
2026-05-29 18:00:00,4564.27,4570.98,4564.18,4570.39,3212,14,0,3212
2026-05-29 18:03:00,4570.38,4582.1,4569.81,4575.11,3102,14,0,3102
2026-05-29 18:06:00,4575.1,4589.78,4573.89,4588.64,3110,14,0,3110
2026-05-29 18:09:00,4588.67,4595.1,4585.99,4591.63,3038,14,0,3038
2026-05-29 18:12:00,4591.45,4595.33,4589.66,4590.08,2857,12,0,2857
2026-05-29 18:15:00,4590.04,4591.09,4586.04,4587.6,2820,9,0,2820
2026-05-29 18:18:00,4587.6,4591.47,4585.02,4585.12,2620,10,0,2620
2026-05-29 18:21:00,4585.09,4588.02,4581.63,4586.74,2714,12,0,2714
2026-05-29 18:24:00,4586.74,4587.41,4581.23,4582.27,2394,12,0,2394
2026-05-29 18:27:00,4582.26,4582.6,4578.22,4578.43,2518,12,0,2518
2026-05-29 18:30:00,4578.44,4583.15,4577.92,4583.05,2570,13,0,2570
2026-05-29 18:33:00,4583.08,4583.27,4577.87,4578.12,2458,13,0,2458
2026-05-29 18:36:00,4578.12,4580.71,4572.1,4573.25,2706,14,0,2706
2026-05-29 18:39:00,4573.24,4575.6,4564.77,4565.37,2604,14,0,2604
2026-05-29 18:42:00,4565.41,4566.9,4561.51,4566.56,2703,14,0,2703
2026-05-29 18:45:00,4566.58,4569.38,4560.62,4561.73,2570,13,0,2570
2026-05-29 18:48:00,4561.71,4566.24,4557.33,4564.2,2740,9,0,2740
2026-05-29 18:51:00,4564.19,4569.37,4564.19,4568.79,2429,9,0,2429
2026-05-29 18:54:00,4568.82,4570.62,4568.31,4570.17,2194,9,0,2194
2026-05-29 18:57:00,4570.19,4571.5,4568.61,4571.15,2220,12,0,2220
2026-05-29 19:00:00,4571.21,4572.11,4567.86,4570.68,2237,13,0,2237
2026-05-29 19:03:00,4570.68,4572.22,4566.66,4567.52,2125,14,0,2125
2026-05-29 19:06:00,4567.51,4568.92,4564.81,4564.97,2133,14,0,2133
2026-05-29 19:09:00,4564.96,4565.63,4562.51,4562.85,2119,14,0,2119
2026-05-29 19:12:00,4562.83,4564.83,4559.91,4563.6,2095,14,0,2095
2026-05-29 19:15:00,4563.62,4567.71,4563.38,4565.97,2117,14,0,2117
2026-05-29 19:18:00,4565.98,4565.98,4562.96,4564.42,2071,14,0,2071
2026-05-29 19:21:00,4564.45,4567.08,4564.16,4564.86,2111,13,0,2111
2026-05-29 19:24:00,4564.88,4565.98,4560.42,4561.63,2111,14,0,2111
2026-05-29 19:27:00,4561.62,4563.06,4561.04,4563.04,2035,14,0,2035
2026-05-29 19:30:00,4563.06,4568.98,4561.95,4567.02,2430,14,0,2430
2026-05-29 19:33:00,4567.0,4570.12,4566.98,4569.41,2106,12,0,2106
2026-05-29 19:36:00,4569.42,4573.36,4567.92,4570.97,2172,13,0,2172
2026-05-29 19:39:00,4570.95,4572.96,4569.8,4571.43,2070,12,0,2070
2026-05-29 19:42:00,4571.44,4571.62,4568.6,4569.5,2078,11,0,2078
2026-05-29 19:45:00,4569.51,4569.57,4564.52,4565.28,2085,13,0,2085
2026-05-29 19:48:00,4565.41,4566.22,4561.3,4562.09,2127,13,0,2127
2026-05-29 19:51:00,4562.11,4564.95,4560.89,4564.6,2075,14,0,2075
2026-05-29 19:54:00,4564.61,4565.81,4562.59,4565.38,2103,14,0,2103
2026-05-29 19:57:00,4565.48,4567.45,4565.2,4566.96,1922,12,0,1922
2026-05-29 20:00:00,4566.95,4568.11,4565.98,4567.09,2030,13,0,2030
2026-05-29 20:03:00,4567.09,4567.39,4563.41,4563.42,2052,14,0,2052
2026-05-29 20:06:00,4563.44,4568.36,4563.41,4567.35,1989,13,0,1989
2026-05-29 20:09:00,4567.35,4568.55,4565.97,4566.03,2018,14,0,2018
2026-05-29 20:12:00,4566.03,4566.79,4563.95,4564.31,2008,14,0,2008
2026-05-29 20:15:00,4564.1,4566.85,4563.74,4565.86,2022,14,0,2022
2026-05-29 20:18:00,4565.85,4566.64,4562.83,4563.71,2086,13,0,2086
2026-05-29 20:21:00,4563.7,4563.87,4560.8,4563.15,2098,14,0,2098
2026-05-29 20:24:00,4563.18,4566.9,4562.89,4563.63,2127,14,0,2127
2026-05-29 20:27:00,4563.64,4565.04,4561.49,4561.9,2182,12,0,2182
2026-05-29 20:30:00,4561.88,4562.26,4557.95,4558.3,2125,13,0,2125
2026-05-29 20:33:00,4558.26,4561.93,4557.87,4560.44,2055,11,0,2055
2026-05-29 20:36:00,4560.45,4560.83,4558.74,4559.23,2031,11,0,2031
2026-05-29 20:39:00,4559.24,4559.98,4558.39,4558.76,2037,11,0,2037
2026-05-29 20:42:00,4558.78,4559.21,4553.31,4554.17,2238,9,0,2238
2026-05-29 20:45:00,4554.17,4556.56,4553.17,4555.92,2043,12,0,2043
2026-05-29 20:48:00,4555.9,4557.67,4554.86,4555.18,2377,9,0,2377
2026-05-29 20:51:00,4555.19,4556.26,4552.49,4553.62,2047,9,0,2047
2026-05-29 20:54:00,4553.61,4554.94,4551.68,4552.27,2106,14,0,2106
2026-05-29 20:57:00,4552.24,4554.01,4551.71,4553.44,2118,12,0,2118
2026-05-29 21:00:00,4553.44,4557.05,4552.57,4556.47,2158,14,0,2158
2026-05-29 21:03:00,4556.45,4557.53,4555.59,4557.31,2045,13,0,2045
2026-05-29 21:06:00,4557.31,4558.75,4555.81,4556.57,2117,10,0,2117
2026-05-29 21:09:00,4556.56,4558.3,4556.56,4557.93,2097,9,0,2097
2026-05-29 21:12:00,4557.94,4558.3,4556.18,4558.14,2193,9,0,2193
2026-05-29 21:15:00,4558.14,4558.88,4555.67,4556.25,2055,9,0,2055
2026-05-29 21:18:00,4556.23,4559.87,4556.01,4558.65,2044,11,0,2044
2026-05-29 21:21:00,4558.64,4558.89,4557.49,4558.51,2394,9,0,2394
2026-05-29 21:24:00,4558.55,4560.12,4558.27,4560.04,1906,9,0,1906
2026-05-29 21:27:00,4560.04,4560.43,4558.2,4559.39,2019,11,0,2019
2026-05-29 21:30:00,4559.38,4561.27,4559.36,4560.22,1944,12,0,1944
2026-05-29 21:33:00,4560.21,4561.69,4560.06,4560.47,1907,11,0,1907
2026-05-29 21:36:00,4560.47,4560.77,4559.99,4560.22,1813,11,0,1813
2026-05-29 21:39:00,4560.22,4560.61,4559.42,4559.98,1860,12,0,1860
2026-05-29 21:42:00,4559.88,4560.16,4557.61,4558.02,1947,14,0,1947
2026-05-29 21:45:00,4558.02,4558.02,4551.18,4554.04,2551,14,0,2551
2026-05-29 21:48:00,4554.01,4554.67,4552.58,4554.61,2075,14,0,2075
2026-05-29 21:51:00,4554.62,4554.69,4552.29,4552.49,2083,14,0,2083
2026-05-29 21:54:00,4552.5,4556.89,4552.35,4555.99,1954,13,0,1954
2026-05-29 21:57:00,4556.0,4556.52,4552.97,4553.32,1995,14,0,1995
2026-05-29 22:00:00,4553.35,4554.11,4552.31,4553.27,2051,14,0,2051
2026-05-29 22:03:00,4553.28,4555.14,4552.94,4555.14,1966,12,0,1966
2026-05-29 22:06:00,4555.13,4557.41,4555.11,4556.6,1922,11,0,1922
2026-05-29 22:09:00,4556.61,4559.59,4556.43,4559.54,1939,12,0,1939
2026-05-29 22:12:00,4559.54,4560.23,4558.1,4558.51,1850,14,0,1850
2026-05-29 22:15:00,4558.52,4559.13,4557.35,4557.58,1915,13,0,1915
2026-05-29 22:18:00,4557.6,4557.85,4556.59,4556.59,1893,13,0,1893
2026-05-29 22:21:00,4556.61,4557.99,4556.19,4556.28,1894,13,0,1894
2026-05-29 22:24:00,4556.29,4556.97,4554.65,4555.79,1914,13,0,1914
2026-05-29 22:27:00,4555.79,4556.96,4555.21,4555.29,1892,12,0,1892
2026-05-29 22:30:00,4555.29,4556.41,4553.73,4554.36,2021,12,0,2021
2026-05-29 22:33:00,4554.38,4554.53,4553.03,4553.53,1880,12,0,1880
2026-05-29 22:36:00,4553.51,4553.98,4551.89,4552.72,2237,9,0,2237
2026-05-29 22:39:00,4552.72,4553.86,4551.87,4553.47,1840,9,0,1840
2026-05-29 22:42:00,4553.47,4553.64,4551.3,4551.53,1971,13,0,1971
2026-05-29 22:45:00,4551.53,4551.63,4550.01,4550.33,2407,9,0,2407
2026-05-29 22:48:00,4550.35,4551.04,4546.67,4546.87,2023,14,0,2023
2026-05-29 22:51:00,4546.87,4547.87,4545.77,4546.14,2114,14,0,2114
2026-05-29 22:54:00,4546.15,4548.21,4545.65,4545.75,2112,14,0,2112
2026-05-29 22:57:00,4545.73,4546.11,4542.93,4545.55,2338,14,0,2338
2026-05-29 23:00:00,4545.59,4547.4,4543.32,4543.61,2195,14,0,2195
2026-05-29 23:03:00,4543.64,4544.47,4542.86,4543.75,1968,12,0,1968
2026-05-29 23:06:00,4543.73,4546.11,4543.7,4545.22,1920,11,0,1920
2026-05-29 23:09:00,4545.22,4546.4,4544.68,4546.1,1902,10,0,1902
2026-05-29 23:12:00,4546.09,4549.14,4545.87,4548.81,2017,9,0,2017
2026-05-29 23:15:00,4548.82,4548.87,4546.66,4546.73,1857,12,0,1857
2026-05-29 23:18:00,4546.75,4546.78,4544.86,4545.24,1842,11,0,1842
2026-05-29 23:21:00,4545.24,4545.6,4544.38,4544.77,1839,13,0,1839
2026-05-29 23:24:00,4544.81,4545.45,4544.27,4544.8,1858,14,0,1858
2026-05-29 23:27:00,4544.82,4545.12,4542.26,4542.73,1798,14,0,1798
2026-05-29 23:30:00,4542.71,4542.89,4541.83,4542.62,1828,14,0,1828
2026-05-29 23:33:00,4542.62,4543.34,4542.05,4543.04,1801,14,0,1801
2026-05-29 23:36:00,4543.04,4543.5,4542.12,4543.39,1802,14,0,1802
2026-05-29 23:39:00,4543.38,4543.59,4541.3,4541.67,1805,14,0,1805
2026-05-29 23:42:00,4541.67,4544.07,4541.34,4543.6,2303,22,0,2303
2026-05-29 23:45:00,4543.61,4543.61,4542.44,4542.57,2029,22,0,2029
2026-05-29 23:48:00,4542.56,4543.16,4541.39,4542.47,1797,22,0,1797
2026-05-29 23:51:00,4542.45,4542.74,4539.68,4540.05,1781,22,0,1781
2026-05-29 23:54:00,4540.07,4540.5,4539.36,4539.72,654,22,0,654
2026-06-01 01:03:00,4520.29,4522.81,4519.71,4521.67,1506,13,0,1506
2026-06-01 01:06:00,4521.58,4525.89,4520.27,4525.21,3093,13,0,3093
2026-06-01 01:09:00,4525.21,4528.32,4523.83,4528.29,1991,14,0,1991
2026-06-01 01:12:00,4528.28,4535.33,4528.01,4534.72,2133,15,0,2133
2026-06-01 01:15:00,4534.71,4534.74,4531.43,4532.05,2071,15,0,2071
2026-06-01 01:18:00,4532.07,4536.67,4532.05,4534.68,1981,15,0,1981
2026-06-01 01:21:00,4534.68,4536.21,4531.79,4532.36,1970,15,0,1970
2026-06-01 01:24:00,4532.36,4533.88,4531.38,4532.92,1942,16,0,1942
2026-06-01 01:27:00,4532.91,4534.24,4531.7,4533.16,1816,16,0,1816
2026-06-01 01:30:00,4533.16,4536.05,4532.62,4535.13,1915,16,0,1915
2026-06-01 01:33:00,4535.1,4536.62,4534.51,4535.45,1912,16,0,1912
2026-06-01 01:36:00,4535.46,4536.48,4533.56,4534.11,1794,16,0,1794
2026-06-01 01:39:00,4534.11,4534.14,4531.86,4532.16,1804,16,0,1804
2026-06-01 01:42:00,4532.17,4535.63,4530.95,4535.63,1856,16,0,1856
2026-06-01 01:45:00,4535.62,4540.18,4535.58,4540.12,1858,16,0,1858
2026-06-01 01:48:00,4540.11,4540.4,4537.36,4537.44,1835,16,0,1835
2026-06-01 01:51:00,4537.44,4537.64,4535.75,4535.79,1871,16,0,1871
2026-06-01 01:54:00,4535.76,4537.16,4534.85,4537.03,1777,16,0,1777
2026-06-01 01:57:00,4537.04,4537.89,4535.06,4535.28,1820,16,0,1820
2026-06-01 02:00:00,4535.28,4537.65,4535.07,4537.15,1863,16,0,1863
2026-06-01 02:03:00,4537.18,4540.51,4537.1,4539.4,1841,15,0,1841
2026-06-01 02:06:00,4539.52,4541.25,4538.77,4541.22,1788,15,0,1788
2026-06-01 02:09:00,4541.22,4541.73,4540.14,4540.75,1792,16,0,1792
2026-06-01 02:12:00,4540.78,4543.18,4540.19,4542.58,1814,15,0,1814
2026-06-01 02:15:00,4542.56,4543.58,4541.56,4543.08,1817,16,0,1817
2026-06-01 02:18:00,4543.07,4543.67,4541.24,4542.95,1854,15,0,1854
2026-06-01 02:21:00,4542.98,4543.47,4540.1,4541.2,1828,15,0,1828
2026-06-01 02:24:00,4541.2,4544.21,4540.55,4543.53,1817,14,0,1817
2026-06-01 02:27:00,4543.55,4545.08,4541.82,4544.91,1859,14,0,1859
2026-06-01 02:30:00,4544.9,4545.76,4543.59,4543.9,1865,15,0,1865
2026-06-01 02:33:00,4543.9,4543.91,4538.58,4540.23,1926,16,0,1926
2026-06-01 02:36:00,4540.23,4541.78,4539.15,4540.81,1888,15,0,1888
2026-06-01 02:39:00,4540.79,4542.48,4539.44,4542.45,1786,13,0,1786
2026-06-01 02:42:00,4542.43,4542.67,4541.06,4541.94,1741,13,0,1741
2026-06-01 02:45:00,4541.93,4542.77,4538.54,4539.83,1940,14,0,1940
2026-06-01 02:48:00,4539.8,4541.89,4539.11,4541.03,1882,13,0,1882
2026-06-01 02:51:00,4541.01,4544.69,4540.53,4543.03,1893,13,0,1893
2026-06-01 02:54:00,4543.02,4544.61,4542.48,4542.85,1860,13,0,1860
2026-06-01 02:57:00,4542.86,4543.58,4539.57,4539.59,1858,13,0,1858
2026-06-01 03:00:00,4539.59,4541.86,4537.42,4541.31,2030,16,0,2030
2026-06-01 03:03:00,4541.31,4546.31,4541.27,4543.64,1972,14,0,1972
2026-06-01 03:06:00,4543.61,4544.87,4541.66,4541.86,1896,14,0,1896
2026-06-01 03:09:00,4541.88,4543.59,4539.6,4541.04,1904,13,0,1904
2026-06-01 03:12:00,4541.04,4541.45,4539.39,4540.9,1886,14,0,1886
2026-06-01 03:15:00,4540.81,4543.77,4537.93,4538.98,1942,14,0,1942
2026-06-01 03:18:00,4539.0,4539.78,4537.85,4539.26,1865,13,0,1865
2026-06-01 03:21:00,4539.26,4541.55,4538.42,4540.99,1885,14,0,1885
2026-06-01 03:24:00,4540.98,4541.51,4539.68,4541.33,1874,13,0,1874
2026-06-01 03:27:00,4541.8,4544.46,4541.4,4543.17,1929,13,0,1929
2026-06-01 03:30:00,4543.19,4545.05,4540.06,4540.09,1942,13,0,1942
2026-06-01 03:33:00,4540.1,4540.31,4536.01,4537.49,1960,13,0,1960
2026-06-01 03:36:00,4537.49,4537.75,4535.27,4537.17,1883,13,0,1883
2026-06-01 03:39:00,4537.17,4537.2,4535.28,4536.3,1871,13,0,1871
2026-06-01 03:42:00,4536.3,4537.36,4535.41,4536.06,1867,13,0,1867
2026-06-01 03:45:00,4535.97,4539.56,4535.97,4539.24,1902,13,0,1902
2026-06-01 03:48:00,4539.25,4541.91,4539.23,4540.91,1897,13,0,1897
2026-06-01 03:51:00,4540.92,4542.78,4539.22,4539.54,1847,13,0,1847
2026-06-01 03:54:00,4539.51,4541.9,4538.08,4539.42,1932,15,0,1932
2026-06-01 03:57:00,4539.43,4540.7,4537.04,4540.7,1956,14,0,1956
2026-06-01 04:00:00,4540.84,4541.39,4534.29,4537.65,2225,16,0,2225
2026-06-01 04:03:00,4537.65,4537.72,4531.89,4534.99,2175,15,0,2175
2026-06-01 04:06:00,4534.98,4535.22,4527.37,4528.46,2127,15,0,2127
2026-06-01 04:09:00,4528.55,4530.0,4526.27,4529.55,2047,15,0,2047
2026-06-01 04:12:00,4529.55,4534.36,4529.43,4533.97,2065,14,0,2065
2026-06-01 04:15:00,4533.95,4534.39,4530.55,4532.56,2003,14,0,2003
2026-06-01 04:18:00,4532.56,4533.9,4529.82,4533.74,2039,13,0,2039
2026-06-01 04:21:00,4533.74,4536.59,4532.92,4534.7,1997,14,0,1997
2026-06-01 04:24:00,4534.7,4534.97,4531.04,4531.72,2060,15,0,2060
2026-06-01 04:27:00,4531.93,4532.52,4527.94,4528.77,1973,13,0,1973
2026-06-01 04:30:00,4528.82,4529.94,4527.04,4527.44,2077,14,0,2077
2026-06-01 04:33:00,4527.42,4533.36,4527.28,4531.57,2008,13,0,2008
2026-06-01 04:36:00,4531.59,4532.54,4528.01,4529.22,2003,13,0,2003
2026-06-01 04:39:00,4529.19,4531.42,4529.19,4530.05,1967,13,0,1967
2026-06-01 04:42:00,4530.06,4533.86,4528.5,4533.19,2041,13,0,2041
2026-06-01 04:45:00,4533.17,4533.69,4528.57,4530.04,2027,13,0,2027
2026-06-01 04:48:00,4530.05,4531.04,4527.34,4528.05,1972,13,0,1972
2026-06-01 04:51:00,4528.04,4530.11,4527.78,4529.12,1968,13,0,1968
2026-06-01 04:54:00,4529.11,4531.19,4524.85,4524.85,2042,15,0,2042
2026-06-01 04:57:00,4524.86,4528.24,4523.73,4525.48,2031,14,0,2031
2026-06-01 05:00:00,4525.49,4527.48,4524.81,4527.39,1952,13,0,1952
2026-06-01 05:03:00,4527.39,4527.65,4524.32,4525.55,1938,13,0,1938
2026-06-01 05:06:00,4525.54,4531.9,4524.85,4530.06,2000,13,0,2000
2026-06-01 05:09:00,4530.07,4531.78,4528.45,4529.76,1966,13,0,1966
2026-06-01 05:12:00,4529.75,4533.95,4529.75,4532.15,1948,13,0,1948
2026-06-01 05:15:00,4532.15,4534.6,4532.06,4533.74,1863,13,0,1863
2026-06-01 05:18:00,4533.71,4533.97,4530.75,4530.99,1950,15,0,1950
2026-06-01 05:21:00,4530.96,4531.6,4530.2,4531.03,1869,13,0,1869
2026-06-01 05:24:00,4531.04,4532.67,4530.13,4530.86,1838,13,0,1838
2026-06-01 05:27:00,4530.82,4530.94,4529.3,4530.39,1787,13,0,1787
2026-06-01 05:30:00,4530.46,4530.46,4523.55,4527.86,2103,14,0,2103
2026-06-01 05:33:00,4527.87,4529.89,4526.27,4529.69,1983,14,0,1983
2026-06-01 05:36:00,4529.66,4531.05,4527.67,4527.8,2006,14,0,2006
2026-06-01 05:39:00,4527.82,4528.91,4524.34,4525.16,1915,13,0,1915
2026-06-01 05:42:00,4525.17,4525.3,4522.44,4522.84,1930,14,0,1930
2026-06-01 05:45:00,4522.83,4525.05,4522.44,4523.33,1995,13,0,1995
2026-06-01 05:48:00,4523.34,4523.94,4521.9,4523.49,1920,13,0,1920
2026-06-01 05:51:00,4523.52,4524.01,4522.3,4523.76,1927,13,0,1927
2026-06-01 05:54:00,4523.77,4523.86,4521.17,4522.17,1898,13,0,1898
2026-06-01 05:57:00,4522.16,4523.6,4521.16,4521.45,1941,13,0,1941
2026-06-01 06:00:00,4521.43,4524.38,4521.19,4523.49,1914,14,0,1914
2026-06-01 06:03:00,4523.52,4525.52,4520.75,4521.22,1935,13,0,1935
2026-06-01 06:06:00,4521.21,4521.22,4517.71,4518.98,1992,16,0,1992
2026-06-01 06:09:00,4519.0,4519.73,4515.66,4517.7,2046,15,0,2046
2026-06-01 06:12:00,4517.7,4520.55,4516.36,4518.9,1930,15,0,1930
2026-06-01 06:15:00,4518.9,4519.61,4516.96,4517.79,1891,13,0,1891
2026-06-01 06:18:00,4517.78,4520.01,4513.9,4519.47,2128,15,0,2128
2026-06-01 06:21:00,4519.45,4520.16,4517.56,4518.98,2021,14,0,2021
2026-06-01 06:24:00,4519.0,4519.65,4518.08,4519.45,1867,13,0,1867
2026-06-01 06:27:00,4519.43,4521.41,4519.4,4520.48,1845,13,0,1845
2026-06-01 06:30:00,4520.5,4524.04,4520.0,4523.45,1978,14,0,1978
2026-06-01 06:33:00,4523.38,4523.58,4520.59,4520.74,1831,13,0,1831
2026-06-01 06:36:00,4520.77,4521.5,4516.98,4516.98,1823,14,0,1823
2026-06-01 06:39:00,4517.0,4517.14,4514.01,4514.31,1917,16,0,1917
2026-06-01 06:42:00,4514.33,4514.4,4509.87,4510.66,1923,15,0,1923
2026-06-01 06:45:00,4510.68,4512.04,4509.84,4511.27,1940,13,0,1940
2026-06-01 06:48:00,4511.3,4513.26,4511.3,4512.74,1844,13,0,1844
2026-06-01 06:51:00,4512.75,4513.95,4511.72,4513.27,1863,13,0,1863
2026-06-01 06:54:00,4513.28,4514.36,4512.59,4512.83,1818,13,0,1818
2026-06-01 06:57:00,4512.82,4516.35,4512.32,4516.34,1813,14,0,1813
2026-06-01 07:00:00,4516.34,4519.64,4515.72,4519.12,1889,14,0,1889
2026-06-01 07:03:00,4519.12,4519.62,4515.05,4515.14,1908,16,0,1908
2026-06-01 07:06:00,4515.13,4516.86,4514.35,4515.03,1819,15,0,1819
2026-06-01 07:09:00,4515.01,4515.13,4512.52,4512.69,1806,13,0,1806
2026-06-01 07:12:00,4512.69,4515.04,4512.52,4514.68,1787,13,0,1787
2026-06-01 07:15:00,4514.67,4518.3,4514.65,4518.25,1802,13,0,1802
2026-06-01 07:18:00,4518.23,4518.49,4516.17,4516.22,1818,14,0,1818
2026-06-01 07:21:00,4516.2,4517.71,4516.01,4517.31,1780,13,0,1780
2026-06-01 07:24:00,4517.3,4517.6,4516.15,4516.18,1764,13,0,1764
2026-06-01 07:27:00,4516.18,4516.71,4515.3,4515.85,1810,15,0,1810
2026-06-01 07:30:00,4515.83,4516.57,4514.62,4515.75,1823,15,0,1823
2026-06-01 07:33:00,4515.76,4516.02,4514.06,4515.34,1866,14,0,1866
2026-06-01 07:36:00,4515.33,4515.46,4513.64,4513.72,1812,15,0,1812
2026-06-01 07:39:00,4513.71,4516.82,4513.57,4516.57,1799,15,0,1799
2026-06-01 07:42:00,4516.57,4517.28,4514.39,4514.6,1874,15,0,1874
2026-06-01 07:45:00,4514.62,4514.7,4512.33,4512.51,1851,16,0,1851
2026-06-01 07:48:00,4512.49,4512.68,4508.61,4510.88,1921,15,0,1921
2026-06-01 07:51:00,4510.92,4513.35,4509.68,4513.02,1878,16,0,1878
2026-06-01 07:54:00,4513.05,4515.07,4513.04,4513.66,1826,14,0,1826
2026-06-01 07:57:00,4513.67,4514.88,4512.57,4514.37,1838,13,0,1838
2026-06-01 08:00:00,4514.41,4515.75,4513.57,4515.75,1938,15,0,1938
2026-06-01 08:03:00,4515.77,4517.63,4515.39,4517.2,1882,13,0,1882
2026-06-01 08:06:00,4517.22,4517.7,4516.18,4517.65,1859,13,0,1859
2026-06-01 08:09:00,4517.66,4518.23,4515.27,4518.22,1829,13,0,1829
2026-06-01 08:12:00,4518.24,4519.32,4517.28,4518.16,1877,14,0,1877
2026-06-01 08:15:00,4518.15,4519.85,4517.51,4519.55,1840,13,0,1840
2026-06-01 08:18:00,4519.53,4522.16,4519.3,4521.28,1840,13,0,1840
2026-06-01 08:21:00,4521.26,4523.0,4519.69,4522.21,1848,13,0,1848
2026-06-01 08:24:00,4522.23,4523.05,4521.26,4522.01,1885,13,0,1885
2026-06-01 08:27:00,4522.0,4523.62,4520.38,4520.47,1913,13,0,1913
2026-06-01 08:30:00,4520.48,4522.06,4514.8,4516.13,2139,16,0,2139
2026-06-01 08:33:00,4516.12,4516.5,4512.73,4515.33,2055,16,0,2055
2026-06-01 08:36:00,4515.48,4519.4,4515.09,4518.6,2017,15,0,2017
2026-06-01 08:39:00,4518.59,4521.96,4515.3,4517.88,2118,16,0,2118
2026-06-01 08:42:00,4517.88,4520.38,4517.16,4519.8,1931,15,0,1931
2026-06-01 08:45:00,4519.81,4520.92,4517.33,4520.78,1985,14,0,1985
2026-06-01 08:48:00,4520.78,4525.19,4519.9,4522.49,2019,14,0,2019
2026-06-01 08:51:00,4522.47,4524.23,4521.11,4522.62,1971,14,0,1971
2026-06-01 08:54:00,4522.63,4523.83,4521.11,4522.11,1939,13,0,1939
2026-06-01 08:57:00,4522.1,4522.71,4517.13,4518.22,1963,14,0,1963
2026-06-01 09:00:00,4518.23,4518.51,4514.16,4517.91,2178,14,0,2178
2026-06-01 09:03:00,4517.93,4518.73,4515.39,4517.05,2100,14,0,2100
2026-06-01 09:06:00,4517.04,4518.55,4516.13,4517.66,1971,11,0,1971
2026-06-01 09:09:00,4517.71,4518.07,4512.65,4513.49,2021,10,0,2021
2026-06-01 09:12:00,4513.49,4515.48,4512.56,4514.11,2161,9,0,2161
2026-06-01 09:15:00,4514.1,4515.99,4510.62,4511.24,2145,9,0,2145
2026-06-01 09:18:00,4511.23,4513.0,4508.15,4510.22,2028,12,0,2028
2026-06-01 09:21:00,4510.22,4510.96,4505.19,4506.8,2057,12,0,2057
2026-06-01 09:24:00,4506.81,4511.91,4504.97,4510.44,2142,14,0,2142
2026-06-01 09:27:00,4510.35,4514.47,4509.65,4514.04,2490,9,0,2490
2026-06-01 09:30:00,4514.06,4514.92,4510.59,4511.92,2016,9,0,2016
2026-06-01 09:33:00,4511.91,4512.82,4505.1,4505.87,2175,9,0,2175
2026-06-01 09:36:00,4505.86,4505.86,4501.77,4504.03,2142,14,0,2142
2026-06-01 09:39:00,4504.0,4506.02,4502.78,4503.92,2164,9,0,2164
2026-06-01 09:42:00,4503.94,4505.14,4503.24,4504.55,2479,9,0,2479
2026-06-01 09:45:00,4504.55,4504.55,4500.9,4502.01,2120,9,0,2120
2026-06-01 09:48:00,4502.01,4504.58,4501.59,4502.83,2501,9,0,2501
2026-06-01 09:51:00,4502.86,4503.33,4500.27,4502.93,2291,9,0,2291
2026-06-01 09:54:00,4502.95,4504.91,4502.26,4502.33,2058,9,0,2058
2026-06-01 09:57:00,4502.32,4503.87,4501.12,4501.7,2004,12,0,2004
2026-06-01 10:00:00,4501.69,4505.18,4500.72,4505.14,2091,14,0,2091
2026-06-01 10:03:00,4505.1,4508.96,4504.45,4507.43,2133,14,0,2133
2026-06-01 10:06:00,4507.43,4510.0,4506.94,4508.36,2009,12,0,2009
2026-06-01 10:09:00,4508.34,4509.65,4505.57,4506.41,2074,10,0,2074
2026-06-01 10:12:00,4506.38,4509.46,4506.15,4507.26,2487,9,0,2487
2026-06-01 10:15:00,4507.24,4508.33,4506.59,4507.77,1953,9,0,1953
2026-06-01 10:18:00,4507.77,4508.08,4504.59,4506.48,1964,9,0,1964
2026-06-01 10:21:00,4506.48,4506.57,4503.34,4504.55,1918,10,0,1918
2026-06-01 10:24:00,4504.52,4506.09,4504.11,4505.78,2176,9,0,2176
2026-06-01 10:27:00,4505.53,4506.0,4503.31,4503.91,1904,10,0,1904
2026-06-01 10:30:00,4503.91,4507.76,4503.74,4507.63,2318,9,0,2318
2026-06-01 10:33:00,4507.65,4507.7,4503.98,4505.8,1950,9,0,1950
2026-06-01 10:36:00,4505.81,4506.44,4502.71,4503.07,2060,9,0,2060
2026-06-01 10:39:00,4503.06,4504.36,4500.3,4500.58,2045,14,0,2045
2026-06-01 10:42:00,4500.58,4502.29,4497.94,4498.15,2290,9,0,2290
2026-06-01 10:45:00,4498.13,4500.28,4492.92,4494.21,2160,14,0,2160
2026-06-01 10:48:00,4494.23,4496.8,4493.69,4496.39,2000,14,0,2000
2026-06-01 10:51:00,4496.4,4496.4,4492.46,4494.55,1967,14,0,1967
2026-06-01 10:54:00,4494.58,4498.35,4493.07,4498.07,2045,14,0,2045
2026-06-01 10:57:00,4497.8,4503.17,4497.71,4503.11,2142,9,0,2142
2026-06-01 11:00:00,4503.1,4504.58,4499.69,4500.67,2005,13,0,2005
2026-06-01 11:03:00,4500.65,4500.69,4494.01,4495.1,1950,13,0,1950
2026-06-01 11:06:00,4495.06,4499.49,4493.85,4494.87,2346,9,0,2346
2026-06-01 11:09:00,4494.87,4496.83,4493.51,4496.29,2192,9,0,2192
2026-06-01 11:12:00,4496.28,4498.8,4495.51,4495.65,2173,9,0,2173
2026-06-01 11:15:00,4495.65,4496.65,4491.58,4494.98,2071,9,0,2071
2026-06-01 11:18:00,4494.99,4495.19,4493.45,4494.58,2379,9,0,2379
2026-06-01 11:21:00,4494.58,4496.85,4490.63,4492.24,2161,9,0,2161
2026-06-01 11:24:00,4492.26,4495.2,4490.99,4493.85,1930,9,0,1930
2026-06-01 11:27:00,4493.79,4496.33,4493.11,4495.97,2160,9,0,2160
2026-06-01 11:30:00,4495.96,4496.58,4492.65,4493.46,2090,9,0,2090
2026-06-01 11:33:00,4493.45,4496.48,4493.28,4495.33,2032,9,0,2032
2026-06-01 11:36:00,4495.29,4495.74,4493.22,4493.92,1887,12,0,1887
2026-06-01 11:39:00,4493.93,4494.95,4492.74,4493.2,1804,13,0,1804
2026-06-01 11:42:00,4493.2,4500.5,4493.03,4500.18,1964,14,0,1964
2026-06-01 11:45:00,4500.18,4502.17,4496.45,4500.91,2054,13,0,2054
2026-06-01 11:48:00,4500.64,4502.63,4498.98,4500.14,1922,12,0,1922
2026-06-01 11:51:00,4500.16,4500.85,4497.05,4497.05,2020,14,0,2020
2026-06-01 11:54:00,4497.07,4499.67,4497.06,4498.77,1935,11,0,1935
2026-06-01 11:57:00,4498.75,4498.75,4495.68,4498.09,2261,9,0,2261
2026-06-01 12:00:00,4498.07,4500.76,4497.57,4499.0,2083,9,0,2083
2026-06-01 12:03:00,4499.03,4500.8,4498.31,4499.58,1908,11,0,1908
2026-06-01 12:06:00,4499.59,4500.15,4498.28,4499.48,1915,13,0,1915
2026-06-01 12:09:00,4499.46,4500.13,4498.46,4499.76,1942,11,0,1942
2026-06-01 12:12:00,4499.77,4500.19,4498.76,4499.56,1885,13,0,1885
2026-06-01 12:15:00,4499.61,4504.37,4498.19,4504.05,1988,14,0,1988
2026-06-01 12:18:00,4504.05,4506.39,4503.8,4506.05,1998,14,0,1998
2026-06-01 12:21:00,4506.12,4506.18,4499.85,4500.74,1970,14,0,1970
2026-06-01 12:24:00,4500.74,4501.04,4497.27,4498.85,2003,14,0,2003
2026-06-01 12:27:00,4498.84,4499.4,4496.46,4496.49,2028,14,0,2028
2026-06-01 12:30:00,4496.47,4497.4,4491.13,4491.6,2151,14,0,2151
2026-06-01 12:33:00,4491.63,4494.99,4489.14,4493.53,2301,14,0,2301
2026-06-01 12:36:00,4493.54,4497.71,4493.54,4497.61,2020,13,0,2020
2026-06-01 12:39:00,4497.6,4498.21,4495.82,4496.3,1933,13,0,1933
2026-06-01 12:42:00,4496.27,4499.25,4494.8,4498.38,1984,13,0,1984
2026-06-01 12:45:00,4498.37,4498.54,4495.84,4496.3,1955,13,0,1955
2026-06-01 12:48:00,4496.3,4497.07,4494.0,4494.6,1953,13,0,1953
2026-06-01 12:51:00,4494.61,4497.47,4494.59,4497.01,1883,14,0,1883
2026-06-01 12:54:00,4497.02,4498.52,4495.93,4495.98,1896,14,0,1896
2026-06-01 12:57:00,4495.98,4496.46,4494.49,4496.0,1876,13,0,1876
2026-06-01 13:00:00,4496.02,4498.96,4496.01,4497.75,1894,14,0,1894
2026-06-01 13:03:00,4497.73,4498.78,4496.28,4497.11,1900,14,0,1900
2026-06-01 13:06:00,4497.08,4501.21,4497.07,4500.57,1868,14,0,1868
2026-06-01 13:09:00,4500.55,4502.15,4499.89,4500.52,1856,14,0,1856
2026-06-01 13:12:00,4500.51,4501.69,4499.61,4501.5,1862,13,0,1862
2026-06-01 13:15:00,4501.52,4501.97,4500.85,4501.63,1804,14,0,1804
2026-06-01 13:18:00,4501.64,4501.69,4498.55,4499.67,1936,14,0,1936
2026-06-01 13:21:00,4499.67,4500.55,4496.28,4499.48,1884,13,0,1884
2026-06-01 13:24:00,4499.46,4501.86,4499.45,4501.48,1869,11,0,1869
2026-06-01 13:27:00,4501.48,4503.53,4500.47,4500.91,1851,10,0,1851
2026-06-01 13:30:00,4500.88,4504.73,4500.51,4504.42,1858,14,0,1858
2026-06-01 13:33:00,4504.4,4506.65,4504.14,4505.48,1933,9,0,1933
2026-06-01 13:36:00,4505.48,4506.51,4503.98,4504.12,2040,9,0,2040
2026-06-01 13:39:00,4504.09,4506.53,4503.03,4506.51,1949,14,0,1949
2026-06-01 13:42:00,4506.5,4507.44,4505.7,4505.94,2273,9,0,2273
2026-06-01 13:45:00,4505.94,4510.29,4505.32,4509.84,1945,9,0,1945
2026-06-01 13:48:00,4509.83,4510.95,4508.57,4509.76,1962,14,0,1962
2026-06-01 13:51:00,4509.79,4509.9,4507.34,4507.68,2462,9,0,2462
2026-06-01 13:54:00,4507.66,4508.15,4504.82,4505.23,1976,9,0,1976
2026-06-01 13:57:00,4505.2,4505.24,4502.65,4503.96,2111,9,0,2111
2026-06-01 14:00:00,4503.98,4506.71,4501.89,4502.4,2080,14,0,2080
2026-06-01 14:03:00,4502.43,4503.3,4499.77,4501.56,2070,14,0,2070
2026-06-01 14:06:00,4501.57,4503.64,4500.39,4503.59,1916,12,0,1916
2026-06-01 14:09:00,4503.59,4505.86,4503.33,4504.14,2381,9,0,2381
2026-06-01 14:12:00,4504.16,4505.03,4503.69,4504.94,1964,9,0,1964
2026-06-01 14:15:00,4504.97,4505.9,4504.18,4505.86,1942,9,0,1942
2026-06-01 14:18:00,4505.23,4510.28,4505.23,4510.04,1978,14,0,1978
2026-06-01 14:21:00,4510.01,4512.95,4509.48,4511.83,1979,11,0,1979
2026-06-01 14:24:00,4511.81,4511.82,4507.77,4510.33,1931,10,0,1931
2026-06-01 14:27:00,4510.34,4511.97,4509.5,4510.61,2252,9,0,2252
2026-06-01 14:30:00,4510.6,4512.33,4507.68,4507.74,1975,14,0,1975
2026-06-01 14:33:00,4507.76,4507.8,4506.23,4507.23,2365,9,0,2365
2026-06-01 14:36:00,4507.21,4508.58,4506.72,4507.88,2246,9,0,2246
2026-06-01 14:39:00,4507.95,4511.11,4507.37,4507.41,2094,9,0,2094
2026-06-01 14:42:00,4507.43,4508.34,4506.52,4507.2,2165,9,0,2165
2026-06-01 14:45:00,4507.18,4508.69,4506.65,4508.36,2337,9,0,2337
2026-06-01 14:48:00,4508.38,4509.76,4507.15,4507.25,1873,9,0,1873
2026-06-01 14:51:00,4507.25,4508.35,4506.48,4507.3,1911,10,0,1911
2026-06-01 14:54:00,4507.29,4508.07,4505.71,4506.43,1997,10,0,1997
2026-06-01 14:57:00,4506.4,4506.99,4505.45,4505.92,1864,12,0,1864
2026-06-01 15:00:00,4505.92,4506.93,4503.37,4503.92,2021,12,0,2021
2026-06-01 15:03:00,4503.95,4507.18,4503.77,4507.13,1894,14,0,1894
2026-06-01 15:06:00,4507.14,4509.15,4506.95,4507.79,1984,13,0,1984
2026-06-01 15:09:00,4507.83,4509.58,4506.58,4509.37,1951,13,0,1951
2026-06-01 15:12:00,4509.31,4509.33,4503.08,4503.28,2106,9,0,2106
2026-06-01 15:15:00,4503.26,4505.84,4502.79,4504.73,1977,14,0,1977
2026-06-01 15:18:00,4504.71,4505.32,4499.57,4500.59,2039,14,0,2039
2026-06-01 15:21:00,4500.57,4501.82,4497.43,4500.26,2056,14,0,2056
2026-06-01 15:24:00,4500.25,4507.58,4500.05,4506.93,2132,14,0,2132
2026-06-01 15:27:00,4506.92,4507.66,4505.08,4505.53,1974,14,0,1974
2026-06-01 15:30:00,4505.55,4505.57,4497.66,4500.54,2117,14,0,2117
2026-06-01 15:33:00,4500.54,4502.71,4499.57,4501.86,1984,13,0,1984
2026-06-01 15:36:00,4502.04,4503.28,4499.19,4502.41,1996,12,0,1996
2026-06-01 15:39:00,4502.39,4503.87,4501.21,4501.54,2282,9,0,2282
2026-06-01 15:42:00,4501.53,4508.31,4499.13,4507.65,2236,9,0,2236
2026-06-01 15:45:00,4507.51,4510.48,4505.83,4506.15,2251,11,0,2251
2026-06-01 15:48:00,4506.12,4508.21,4505.67,4506.34,2510,9,0,2510
2026-06-01 15:51:00,4506.32,4508.54,4505.14,4506.69,2183,9,0,2183
2026-06-01 15:54:00,4506.72,4507.08,4502.37,4502.62,2500,9,0,2500
2026-06-01 15:57:00,4502.63,4503.51,4498.58,4502.24,2066,9,0,2066
2026-06-01 16:00:00,4502.22,4503.91,4498.38,4498.64,2602,14,0,2602
2026-06-01 16:03:00,4498.62,4502.16,4495.67,4500.36,2363,14,0,2363
2026-06-01 16:06:00,4500.36,4502.33,4496.19,4502.23,2184,14,0,2184
2026-06-01 16:09:00,4502.24,4502.41,4481.98,4486.04,2843,9,0,2843
2026-06-01 16:12:00,4486.07,4488.19,4472.37,4484.11,3659,14,0,3659
2026-06-01 16:15:00,4484.13,4489.68,4479.37,4488.29,3114,14,0,3114
2026-06-01 16:18:00,4488.3,4488.79,4477.28,4478.05,2806,14,0,2806
2026-06-01 16:21:00,4478.04,4479.52,4465.75,4471.01,3476,14,0,3476
2026-06-01 16:24:00,4470.82,4471.0,4464.0,4464.91,3195,14,0,3195
2026-06-01 16:27:00,4464.9,4467.74,4462.44,4465.08,2906,14,0,2906
2026-06-01 16:30:00,4465.09,4469.96,4459.05,4469.88,3383,14,0,3383
2026-06-01 16:33:00,4469.92,4470.98,4464.75,4470.88,3214,13,0,3214
2026-06-01 16:36:00,4470.83,4473.9,4463.37,4473.66,2859,12,0,2859
2026-06-01 16:39:00,4473.65,4478.67,4465.4,4467.67,2745,11,0,2745
2026-06-01 16:42:00,4467.71,4469.93,4466.24,4467.2,2550,11,0,2550
2026-06-01 16:45:00,4467.2,4469.62,4465.13,4467.43,2508,11,0,2508
2026-06-01 16:48:00,4467.43,4469.4,4463.13,4463.75,2747,13,0,2747
2026-06-01 16:51:00,4463.74,4465.0,4454.23,4455.75,3139,14,0,3139
2026-06-01 16:54:00,4455.74,4455.74,4449.5,4450.55,2883,12,0,2883
2026-06-01 16:57:00,4450.5,4453.2,4448.4,4450.26,2722,9,0,2722
2026-06-01 17:00:00,4450.26,4453.18,4446.28,4451.74,3242,12,0,3242
2026-06-01 17:03:00,4451.82,4455.35,4449.28,4454.32,2929,9,0,2929
2026-06-01 17:06:00,4454.36,4458.49,4449.65,4457.91,2965,9,0,2965
2026-06-01 17:09:00,4457.9,4461.54,4456.36,4456.36,2597,9,0,2597
2026-06-01 17:12:00,4456.24,4462.16,4456.11,4461.24,2540,9,0,2540
2026-06-01 17:15:00,4461.23,4464.73,4454.27,4459.17,2754,9,0,2754
2026-06-01 17:18:00,4459.26,4461.19,4454.07,4458.66,2608,10,0,2608
2026-06-01 17:21:00,4458.54,4461.8,4455.88,4457.84,2560,9,0,2560
2026-06-01 17:24:00,4457.82,4458.26,4450.02,4450.21,2430,9,0,2430
2026-06-01 17:27:00,4450.26,4456.28,4449.74,4456.28,2294,10,0,2294
2026-06-01 17:30:00,4456.27,4460.37,4453.8,4460.25,2452,13,0,2452
2026-06-01 17:33:00,4460.24,4460.57,4455.83,4459.24,2341,13,0,2341
2026-06-01 17:36:00,4459.23,4459.55,4454.13,4455.12,2324,13,0,2324
2026-06-01 17:39:00,4455.15,4460.23,4454.9,4459.81,2250,14,0,2250
2026-06-01 17:42:00,4460.05,4461.5,4458.1,4459.9,2230,13,0,2230
2026-06-01 17:45:00,4459.9,4461.26,4453.66,4454.37,2247,14,0,2247
2026-06-01 17:48:00,4454.35,4457.13,4453.6,4454.05,2285,14,0,2285
2026-06-01 17:51:00,4454.03,4456.43,4452.2,4454.7,2383,14,0,2383
2026-06-01 17:54:00,4454.7,4459.02,4454.53,4457.86,2257,14,0,2257
2026-06-01 17:57:00,4457.87,4458.72,4454.92,4458.68,2133,13,0,2133
2026-06-01 18:00:00,4458.68,4462.29,4458.05,4459.72,2244,14,0,2244
2026-06-01 18:03:00,4459.72,4461.09,4455.53,4459.25,2242,14,0,2242
2026-06-01 18:06:00,4459.26,4465.22,4457.77,4462.4,2344,14,0,2344
2026-06-01 18:09:00,4462.4,4463.08,4460.7,4461.58,2225,12,0,2225
2026-06-01 18:12:00,4461.59,4465.33,4461.48,4464.2,2136,11,0,2136
2026-06-01 18:15:00,4464.2,4467.21,4463.24,4464.17,2226,12,0,2226
2026-06-01 18:18:00,4464.17,4466.45,4463.34,4465.16,2165,11,0,2165
2026-06-01 18:21:00,4465.18,4467.67,4464.43,4467.39,2374,9,0,2374
2026-06-01 18:24:00,4467.4,4468.34,4465.7,4467.25,2011,10,0,2011
2026-06-01 18:27:00,4467.27,4470.31,4466.52,4468.42,2026,11,0,2026
2026-06-01 18:30:00,4468.35,4476.56,4468.19,4474.79,2768,14,0,2768
2026-06-01 18:33:00,4474.83,4479.69,4473.86,4477.75,2477,14,0,2477
2026-06-01 18:36:00,4477.74,4478.3,4474.02,4475.47,2316,14,0,2316
2026-06-01 18:39:00,4475.53,4477.33,4473.78,4474.1,2181,12,0,2181
2026-06-01 18:42:00,4474.07,4475.15,4471.16,4472.31,2116,11,0,2116
2026-06-01 18:45:00,4472.32,4474.74,4470.82,4471.19,2111,11,0,2111
2026-06-01 18:48:00,4471.22,4471.33,4468.7,4469.23,2109,12,0,2109
2026-06-01 18:51:00,4469.24,4471.71,4468.91,4471.71,2057,14,0,2057
2026-06-01 18:54:00,4471.7,4474.92,4471.02,4474.54,2042,13,0,2042
2026-06-01 18:57:00,4474.56,4475.3,4472.79,4474.14,2123,14,0,2123
2026-06-01 19:00:00,4474.13,4478.19,4473.5,4474.24,2173,14,0,2173
2026-06-01 19:03:00,4474.24,4474.37,4472.55,4474.22,1948,10,0,1948
2026-06-01 19:06:00,4474.21,4474.32,4468.52,4468.85,1999,10,0,1999
2026-06-01 19:09:00,4468.88,4469.2,4465.17,4467.65,2209,11,0,2209
2026-06-01 19:12:00,4467.71,4468.79,4466.77,4467.37,2014,11,0,2014
2026-06-01 19:15:00,4467.2,4467.63,4463.71,4464.13,2009,11,0,2009
2026-06-01 19:18:00,4464.14,4467.31,4463.12,4466.17,2098,14,0,2098
2026-06-01 19:21:00,4466.16,4466.99,4464.68,4466.88,1898,11,0,1898
2026-06-01 19:24:00,4466.89,4469.01,4466.65,4467.78,1929,13,0,1929
2026-06-01 19:27:00,4467.79,4469.81,4466.72,4468.02,2026,13,0,2026
2026-06-01 19:30:00,4468.0,4471.26,4467.95,4469.97,2117,14,0,2117
2026-06-01 19:33:00,4469.96,4472.08,4468.27,4470.51,2018,13,0,2018
2026-06-01 19:36:00,4470.5,4471.08,4467.75,4469.57,2040,11,0,2040
2026-06-01 19:39:00,4469.55,4469.96,4467.81,4468.95,2100,9,0,2100
2026-06-01 19:42:00,4468.94,4470.03,4467.94,4468.08,1915,11,0,1915
2026-06-01 19:45:00,4468.06,4470.33,4467.44,4470.31,1982,11,0,1982
2026-06-01 19:48:00,4470.33,4473.72,4470.28,4472.46,1969,13,0,1969
2026-06-01 19:51:00,4472.46,4478.9,4472.32,4477.43,2253,14,0,2253
2026-06-01 19:54:00,4477.44,4482.23,4476.89,4480.4,2368,14,0,2368
2026-06-01 19:57:00,4480.41,4480.99,4478.64,4480.12,2155,14,0,2155
2026-06-01 20:00:00,4480.09,4480.97,4476.81,4479.39,2237,14,0,2237
2026-06-01 20:03:00,4479.39,4479.48,4475.51,4476.07,2135,14,0,2135
2026-06-01 20:06:00,4476.06,4476.36,4472.03,4472.69,2087,12,0,2087
2026-06-01 20:09:00,4472.69,4475.34,4471.45,4474.89,2297,9,0,2297
2026-06-01 20:12:00,4474.89,4476.07,4474.64,4475.05,1915,9,0,1915
2026-06-01 20:15:00,4475.03,4475.8,4474.14,4474.14,1882,10,0,1882
2026-06-01 20:18:00,4474.14,4476.04,4473.44,4475.89,1890,13,0,1890
2026-06-01 20:21:00,4475.9,4476.7,4475.41,4475.81,1873,12,0,1873
2026-06-01 20:24:00,4475.84,4476.77,4474.14,4476.7,1910,14,0,1910
2026-06-01 20:27:00,4476.72,4482.9,4472.39,4482.77,2033,13,0,2033
2026-06-01 20:30:00,4482.79,4485.55,4480.58,4481.7,2823,14,0,2823
2026-06-01 20:33:00,4481.71,4482.93,4480.47,4482.01,2274,14,0,2274
2026-06-01 20:36:00,4482.05,4484.61,4481.79,4482.34,2228,14,0,2228
2026-06-01 20:39:00,4482.33,4485.49,4482.11,4483.94,2148,14,0,2148
2026-06-01 20:42:00,4483.91,4491.57,4483.13,4491.56,2596,14,0,2596
2026-06-01 20:45:00,4491.55,4495.42,4491.54,4494.47,2447,13,0,2447
2026-06-01 20:48:00,4494.46,4494.68,4489.15,4491.79,2172,12,0,2172
2026-06-01 20:51:00,4491.81,4492.02,4489.45,4490.7,2159,12,0,2159
2026-06-01 20:54:00,4490.73,4491.69,4489.82,4490.5,2033,11,0,2033
2026-06-01 20:57:00,4490.49,4490.53,4487.44,4487.53,1993,12,0,1993
2026-06-01 21:00:00,4487.5,4488.44,4486.97,4487.39,1937,13,0,1937
2026-06-01 21:03:00,4487.36,4488.14,4486.28,4487.62,1942,13,0,1942
2026-06-01 21:06:00,4487.59,4488.54,4487.52,4488.18,1911,14,0,1911
2026-06-01 21:09:00,4488.17,4490.21,4487.85,4488.23,1874,14,0,1874
2026-06-01 21:12:00,4488.24,4489.39,4488.09,4488.64,1848,14,0,1848
2026-06-01 21:15:00,4488.64,4488.73,4486.78,4487.5,1941,14,0,1941
2026-06-01 21:18:00,4487.5,4490.07,4487.38,4490.06,1856,14,0,1856
2026-06-01 21:21:00,4490.07,4490.12,4488.56,4488.6,1863,14,0,1863
2026-06-01 21:24:00,4488.59,4489.27,4487.94,4488.4,1840,14,0,1840
2026-06-01 21:27:00,4488.39,4489.22,4486.47,4486.67,1857,14,0,1857
2026-06-01 21:30:00,4486.66,4487.42,4484.87,4485.56,1892,14,0,1892
2026-06-01 21:33:00,4485.55,4486.71,4485.15,4486.15,1862,14,0,1862
2026-06-01 21:36:00,4486.17,4487.28,4486.02,4486.48,1853,14,0,1853
2026-06-01 21:39:00,4486.47,4487.68,4485.77,4487.66,1831,14,0,1831
2026-06-01 21:42:00,4487.67,4488.14,4487.04,4487.88,1780,14,0,1780
2026-06-01 21:45:00,4487.91,4488.41,4487.5,4488.24,1806,14,0,1806
2026-06-01 21:48:00,4488.26,4488.61,4487.49,4487.73,1817,13,0,1817
2026-06-01 21:51:00,4487.76,4488.29,4487.28,4487.66,1828,14,0,1828
2026-06-01 21:54:00,4487.67,4488.39,4486.92,4488.23,1831,13,0,1831
2026-06-01 21:57:00,4488.23,4488.58,4486.52,4486.72,1858,14,0,1858
2026-06-01 22:00:00,4486.7,4487.88,4485.11,4487.44,1924,14,0,1924
2026-06-01 22:03:00,4487.44,4488.22,4486.95,4487.84,1889,13,0,1889
2026-06-01 22:06:00,4487.82,4488.12,4485.46,4486.01,1934,10,0,1934
2026-06-01 22:09:00,4486.01,4486.61,4484.82,4486.43,1894,12,0,1894
2026-06-01 22:12:00,4486.41,4487.19,4485.19,4485.37,1892,10,0,1892
2026-06-01 22:15:00,4485.36,4485.83,4484.6,4485.62,1912,12,0,1912
2026-06-01 22:18:00,4485.6,4486.49,4485.56,4485.99,1960,9,0,1960
2026-06-01 22:21:00,4485.98,4486.48,4485.0,4485.51,2000,9,0,2000
2026-06-01 22:24:00,4485.49,4485.87,4484.97,4485.67,1962,9,0,1962
2026-06-01 22:27:00,4485.67,4486.14,4484.33,4484.67,1858,10,0,1858
2026-06-01 22:30:00,4484.68,4485.68,4483.62,4483.73,1887,14,0,1887
2026-06-01 22:33:00,4483.76,4484.39,4483.13,4483.65,1920,10,0,1920
2026-06-01 22:36:00,4483.66,4485.3,4483.25,4485.3,1898,14,0,1898
2026-06-01 22:39:00,4485.25,4485.52,4483.7,4484.45,1885,11,0,1885
2026-06-01 22:42:00,4484.45,4484.76,4483.27,4483.46,2114,9,0,2114
2026-06-01 22:45:00,4483.45,4483.86,4482.9,4483.64,1885,10,0,1885
2026-06-01 22:48:00,4483.67,4484.32,4481.49,4481.87,2129,9,0,2129
2026-06-01 22:51:00,4481.86,4482.71,4479.94,4479.98,2009,14,0,2009
2026-06-01 22:54:00,4479.99,4481.02,4479.89,4480.36,2018,14,0,2018
2026-06-01 22:57:00,4480.34,4481.14,4479.09,4481.13,2095,14,0,2095
2026-06-01 23:00:00,4481.16,4483.72,4480.15,4483.2,1911,13,0,1911
2026-06-01 23:03:00,4483.22,4484.3,4482.19,4484.1,1829,13,0,1829
2026-06-01 23:06:00,4484.08,4484.19,4482.77,4483.25,1876,10,0,1876
2026-06-01 23:09:00,4483.25,4483.56,4482.45,4483.39,2297,9,0,2297
2026-06-01 23:12:00,4483.37,4483.99,4482.91,4483.51,1880,9,0,1880
2026-06-01 23:15:00,4483.48,4484.32,4483.22,4483.81,2225,9,0,2225
2026-06-01 23:18:00,4483.82,4483.82,4482.7,4482.99,1744,9,0,1744
2026-06-01 23:21:00,4483.0,4483.23,4482.21,4482.5,1772,13,0,1772
2026-06-01 23:24:00,4482.51,4483.34,4482.14,4483.26,1731,13,0,1731
2026-06-01 23:27:00,4483.27,4483.7,4482.86,4483.15,1773,12,0,1773
2026-06-01 23:30:00,4483.16,4483.62,4482.13,4483.62,1795,13,0,1795
2026-06-01 23:33:00,4483.62,4484.73,4483.59,4483.97,1786,13,0,1786
2026-06-01 23:36:00,4483.94,4484.55,4483.1,4483.69,1739,13,0,1739
2026-06-01 23:39:00,4483.69,4484.71,4483.24,4483.41,1839,10,0,1839
2026-06-01 23:42:00,4483.41,4483.91,4482.42,4482.51,1766,22,0,1766
2026-06-01 23:45:00,4482.53,4482.75,4481.2,4482.19,1884,22,0,1884
2026-06-01 23:48:00,4482.17,4484.15,4482.07,4482.97,1831,22,0,1831
2026-06-01 23:51:00,4482.96,4483.16,4482.48,4482.71,1864,22,0,1864
2026-06-01 23:54:00,4482.68,4485.79,4482.37,4483.66,1858,22,0,1858
2026-06-01 23:57:00,4483.66,4484.81,4483.64,4484.8,1202,22,0,1202
2026-06-02 01:00:00,4486.89,4488.61,4483.53,4484.22,3823,16,0,3823
2026-06-02 01:03:00,4484.2,4485.49,4482.49,4483.63,1938,15,0,1938
2026-06-02 01:06:00,4483.66,4483.77,4481.97,4482.56,1804,15,0,1804
2026-06-02 01:09:00,4482.56,4483.47,4481.92,4483.29,1826,15,0,1826
2026-06-02 01:12:00,4483.32,4484.84,4483.29,4484.56,1795,15,0,1795
2026-06-02 01:15:00,4484.57,4485.33,4483.84,4485.03,1799,15,0,1799
2026-06-02 01:18:00,4485.02,4485.25,4482.73,4482.78,1798,15,0,1798
2026-06-02 01:21:00,4482.78,4483.03,4481.75,4482.08,1861,15,0,1861
2026-06-02 01:24:00,4482.06,4484.01,4482.05,4482.63,1798,15,0,1798
2026-06-02 01:27:00,4482.63,4482.64,4481.34,4481.5,1857,15,0,1857
2026-06-02 01:30:00,4481.52,4483.24,4481.41,4483.07,1753,15,0,1753
2026-06-02 01:33:00,4483.05,4483.52,4480.62,4480.7,1821,15,0,1821
2026-06-02 01:36:00,4480.69,4482.41,4479.72,4482.01,1767,15,0,1767
2026-06-02 01:39:00,4482.01,4483.71,4481.64,4483.09,1831,15,0,1831
2026-06-02 01:42:00,4483.1,4483.12,4481.13,4481.65,1787,13,0,1787
2026-06-02 01:45:00,4481.6,4485.22,4481.48,4484.82,1784,13,0,1784
2026-06-02 01:48:00,4484.82,4485.82,4483.53,4484.09,1793,14,0,1793
2026-06-02 01:51:00,4484.1,4484.2,4483.51,4483.59,1764,13,0,1764
2026-06-02 01:54:00,4483.62,4485.67,4483.5,4485.67,1832,15,0,1832
2026-06-02 01:57:00,4485.55,4486.7,4484.04,4485.65,1854,16,0,1854
2026-06-02 02:00:00,4485.64,4486.45,4481.66,4485.34,1890,16,0,1890
2026-06-02 02:03:00,4485.36,4487.77,4485.34,4486.18,1790,14,0,1790
2026-06-02 02:06:00,4486.21,4486.35,4485.69,4485.74,1735,13,0,1735
2026-06-02 02:09:00,4485.78,4486.39,4484.74,4486.34,1762,13,0,1762
2026-06-02 02:12:00,4486.36,4486.42,4485.13,4486.23,1763,13,0,1763
2026-06-02 02:15:00,4486.23,4488.08,4486.06,4486.83,1773,14,0,1773
2026-06-02 02:18:00,4486.83,4486.85,4485.92,4486.7,1438,14,0,1438
2026-06-02 02:21:00,4486.71,4487.46,4485.47,4487.31,1731,14,0,1731
2026-06-02 02:24:00,4487.31,4488.32,4487.15,4487.95,1747,13,0,1747
2026-06-02 02:27:00,4487.94,4488.21,4487.17,4487.24,1743,13,0,1743
2026-06-02 02:30:00,4487.23,4487.47,4484.94,4485.64,1776,15,0,1776
2026-06-02 02:33:00,4485.62,4486.23,4482.19,4482.19,1787,14,0,1787
2026-06-02 02:36:00,4482.18,4484.17,4480.62,4483.83,1857,16,0,1857
2026-06-02 02:39:00,4483.84,4486.41,4483.2,4486.41,1832,15,0,1832
2026-06-02 02:42:00,4486.38,4486.82,4483.43,4483.5,1820,14,0,1820
2026-06-02 02:45:00,4483.53,4483.53,4480.87,4482.37,1855,15,0,1855
2026-06-02 02:48:00,4482.39,4482.76,4479.37,4482.42,1838,16,0,1838
2026-06-02 02:51:00,4482.43,4484.33,4482.38,4483.64,1815,13,0,1815
2026-06-02 02:54:00,4483.65,4485.56,4483.63,4484.1,1818,14,0,1818
2026-06-02 02:57:00,4484.1,4485.86,4484.04,4484.46,1760,13,0,1760
2026-06-02 03:00:00,4484.44,4485.06,4481.39,4482.46,2059,16,0,2059
2026-06-02 03:03:00,4482.21,4485.2,4480.51,4481.4,1981,15,0,1981
2026-06-02 03:06:00,4481.41,4481.51,4476.72,4477.39,2047,16,0,2047
2026-06-02 03:09:00,4477.35,4480.57,4476.81,4479.23,2113,16,0,2113
2026-06-02 03:12:00,4479.22,4481.56,4478.45,4481.22,1954,15,0,1954
2026-06-02 03:15:00,4481.21,4485.23,4481.04,4483.55,2019,14,0,2019
2026-06-02 03:18:00,4483.57,4485.55,4482.15,4485.04,1923,13,0,1923
2026-06-02 03:21:00,4485.02,4489.68,4485.01,4488.01,1917,13,0,1917
2026-06-02 03:24:00,4487.73,4492.28,4487.34,4490.27,1943,15,0,1943
2026-06-02 03:27:00,4490.26,4493.81,4489.73,4493.78,1947,13,0,1947
2026-06-02 03:30:00,4493.81,4497.21,4492.86,4495.25,1990,13,0,1990
2026-06-02 03:33:00,4495.22,4495.26,4488.72,4490.04,1972,15,0,1972
2026-06-02 03:36:00,4490.05,4491.46,4488.47,4490.04,1906,13,0,1906
2026-06-02 03:39:00,4490.0,4490.12,4487.92,4488.72,1915,13,0,1915
2026-06-02 03:42:00,4488.73,4488.74,4485.1,4487.18,1961,13,0,1961
2026-06-02 03:45:00,4487.15,4487.75,4485.68,4486.57,1887,13,0,1887
2026-06-02 03:48:00,4486.52,4486.64,4480.76,4482.49,1924,13,0,1924
2026-06-02 03:51:00,4482.49,4484.09,4481.8,4482.87,1902,14,0,1902
2026-06-02 03:54:00,4482.86,4483.13,4481.01,4482.43,1915,13,0,1915
2026-06-02 03:57:00,4482.41,4484.25,4480.8,4481.47,1983,15,0,1983
2026-06-02 04:00:00,4481.48,4483.18,4473.72,4479.05,2404,16,0,2404
2026-06-02 04:03:00,4479.06,4486.81,4478.99,4482.56,2294,16,0,2294
2026-06-02 04:06:00,4482.6,4485.87,4481.57,4482.37,2107,15,0,2107
2026-06-02 04:09:00,4482.35,4482.48,4478.96,4480.69,2131,15,0,2131
2026-06-02 04:12:00,4480.7,4492.01,4480.7,4490.03,2317,15,0,2317
2026-06-02 04:15:00,4490.06,4490.22,4482.0,4482.03,2251,16,0,2251
2026-06-02 04:18:00,4482.03,4486.9,4481.72,4486.35,2194,15,0,2194
2026-06-02 04:21:00,4486.35,4488.42,4482.65,4483.34,2072,14,0,2072
2026-06-02 04:24:00,4483.36,4486.48,4481.03,4485.28,2080,14,0,2080
2026-06-02 04:27:00,4485.27,4492.37,4484.17,4486.18,2190,14,0,2190
2026-06-02 04:30:00,4486.2,4489.5,4486.2,4488.06,2075,13,0,2075
2026-06-02 04:33:00,4488.06,4489.18,4486.15,4487.14,2150,13,0,2150
2026-06-02 04:36:00,4487.14,4489.33,4481.2,4481.76,2209,13,0,2209
2026-06-02 04:39:00,4481.78,4483.19,4479.87,4480.6,2044,13,0,2044
2026-06-02 04:42:00,4480.6,4485.35,4479.5,4479.92,2112,15,0,2112
2026-06-02 04:45:00,4479.91,4482.27,4472.85,4473.98,2174,13,0,2174
2026-06-02 04:48:00,4473.98,4476.14,4469.68,4470.58,2135,13,0,2135
2026-06-02 04:51:00,4470.54,4470.78,4463.0,4468.65,2230,15,0,2230
2026-06-02 04:54:00,4468.63,4475.48,4467.68,4473.56,2290,15,0,2290
2026-06-02 04:57:00,4473.4,4477.13,4473.19,4474.11,2155,13,0,2155
2026-06-02 05:00:00,4474.12,4481.1,4473.9,4478.23,2296,13,0,2296
2026-06-02 05:03:00,4478.24,4478.76,4472.62,4473.69,2166,13,0,2166
2026-06-02 05:06:00,4473.69,4474.87,4472.27,4474.37,2081,13,0,2081
2026-06-02 05:09:00,4474.35,4476.91,4473.14,4476.2,2012,13,0,2012
2026-06-02 05:12:00,4476.22,4480.72,4476.19,4480.59,2036,13,0,2036
2026-06-02 05:15:00,4480.57,4482.02,4478.68,4481.38,1994,15,0,1994
2026-06-02 05:18:00,4481.4,4483.11,4480.39,4482.97,1915,14,0,1915
2026-06-02 05:21:00,4482.96,4484.48,4482.23,4484.13,1963,15,0,1963
2026-06-02 05:24:00,4484.12,4484.82,4482.55,4482.89,1965,15,0,1965
2026-06-02 05:27:00,4482.87,4484.52,4481.53,4481.92,1953,15,0,1953
2026-06-02 05:30:00,4481.95,4485.61,4480.86,4481.17,2198,15,0,2198
2026-06-02 05:33:00,4481.1,4481.63,4479.94,4480.81,2034,14,0,2034
2026-06-02 05:36:00,4480.83,4483.89,4480.52,4482.35,1992,14,0,1992
2026-06-02 05:39:00,4482.33,4482.47,4475.83,4477.51,2010,14,0,2010
2026-06-02 05:42:00,4477.5,4478.24,4474.29,4476.55,2014,13,0,2014
2026-06-02 05:45:00,4476.55,4477.89,4474.17,4474.78,2016,14,0,2016
2026-06-02 05:48:00,4474.8,4476.02,4473.55,4475.89,1955,14,0,1955
2026-06-02 05:51:00,4475.88,4479.92,4475.87,4479.85,1831,13,0,1831
2026-06-02 05:54:00,4479.82,4482.8,4478.33,4482.12,1851,13,0,1851
2026-06-02 05:57:00,4482.14,4486.53,4481.73,4485.89,1919,13,0,1919
2026-06-02 06:00:00,4485.89,4492.64,4485.7,4488.83,2033,15,0,2033
2026-06-02 06:03:00,4488.84,4490.55,4486.84,4488.27,1941,13,0,1941
2026-06-02 06:06:00,4488.26,4489.56,4487.84,4488.58,1831,13,0,1831
2026-06-02 06:09:00,4488.6,4488.64,4485.86,4487.93,1926,13,0,1926
2026-06-02 06:12:00,4488.04,4489.24,4487.34,4488.29,1890,15,0,1890
2026-06-02 06:15:00,4488.15,4490.1,4488.05,4490.03,1881,13,0,1881
2026-06-02 06:18:00,4490.04,4491.26,4487.07,4487.67,1946,13,0,1946
2026-06-02 06:21:00,4487.6,4488.29,4485.66,4486.5,1966,15,0,1966
2026-06-02 06:24:00,4486.5,4492.39,4486.43,4492.07,1953,15,0,1953
2026-06-02 06:27:00,4492.12,4497.38,4492.03,4495.18,2032,15,0,2032
2026-06-02 06:30:00,4495.19,4498.71,4494.48,4497.46,2043,16,0,2043
2026-06-02 06:33:00,4497.48,4499.3,4493.05,4496.59,2099,16,0,2099
2026-06-02 06:36:00,4496.57,4498.91,4494.49,4495.0,1984,15,0,1984
2026-06-02 06:39:00,4494.99,4495.96,4494.07,4495.78,1916,13,0,1916
2026-06-02 06:42:00,4495.78,4497.23,4495.23,4497.21,1896,13,0,1896
2026-06-02 06:45:00,4497.22,4497.73,4495.34,4497.38,1887,13,0,1887
2026-06-02 06:48:00,4497.33,4499.35,4497.3,4497.82,1854,14,0,1854
2026-06-02 06:51:00,4497.81,4498.33,4496.97,4497.84,1821,14,0,1821
2026-06-02 06:54:00,4497.83,4498.45,4497.39,4498.18,1824,14,0,1824
2026-06-02 06:57:00,4498.16,4499.36,4497.99,4499.31,1809,15,0,1809
2026-06-02 07:00:00,4499.31,4501.55,4497.58,4499.21,1919,15,0,1919
2026-06-02 07:03:00,4499.2,4501.47,4499.18,4500.42,1832,15,0,1832
2026-06-02 07:06:00,4500.41,4503.19,4500.4,4501.52,1883,16,0,1883
2026-06-02 07:09:00,4501.52,4505.41,4501.5,4505.04,1924,15,0,1924
2026-06-02 07:12:00,4505.04,4505.26,4503.99,4504.65,1915,15,0,1915
2026-06-02 07:15:00,4504.65,4508.42,4504.18,4508.41,1977,15,0,1977
2026-06-02 07:18:00,4508.42,4510.18,4506.08,4506.21,1981,16,0,1981
2026-06-02 07:21:00,4506.21,4507.6,4505.09,4506.8,1930,15,0,1930
2026-06-02 07:24:00,4506.78,4507.42,4504.4,4505.87,1894,14,0,1894
2026-06-02 07:27:00,4505.84,4505.87,4504.18,4504.58,1874,14,0,1874
2026-06-02 07:30:00,4504.57,4505.78,4503.49,4503.66,1952,13,0,1952
2026-06-02 07:33:00,4503.69,4508.77,4503.69,4507.9,1885,15,0,1885
2026-06-02 07:36:00,4507.9,4508.96,4507.26,4507.96,1895,13,0,1895
2026-06-02 07:39:00,4507.93,4510.9,4507.81,4510.59,1844,13,0,1844
2026-06-02 07:42:00,4510.61,4510.98,4509.49,4510.27,1852,13,0,1852
2026-06-02 07:45:00,4510.25,4515.75,4509.8,4513.85,1936,13,0,1936
2026-06-02 07:48:00,4513.82,4514.38,4511.85,4513.97,1848,13,0,1848
2026-06-02 07:51:00,4513.99,4514.31,4511.9,4513.17,1825,13,0,1825
2026-06-02 07:54:00,4513.17,4515.07,4512.51,4513.79,1824,13,0,1824
2026-06-02 07:57:00,4513.79,4518.22,4513.1,4517.32,1880,16,0,1880
2026-06-02 08:00:00,4517.34,4518.18,4516.09,4517.29,1902,13,0,1902
2026-06-02 08:03:00,4517.3,4517.62,4515.42,4517.05,1874,13,0,1874
2026-06-02 08:06:00,4517.17,4517.31,4515.89,4516.83,1837,13,0,1837
2026-06-02 08:09:00,4516.85,4518.57,4515.09,4517.79,1909,13,0,1909
2026-06-02 08:12:00,4517.78,4518.74,4516.62,4518.65,1828,13,0,1828
2026-06-02 08:15:00,4518.66,4519.26,4517.09,4518.94,1943,15,0,1943
2026-06-02 08:18:00,4518.92,4519.73,4517.75,4518.13,1932,13,0,1932
2026-06-02 08:21:00,4518.14,4520.63,4518.12,4518.59,1911,13,0,1911
2026-06-02 08:24:00,4518.58,4519.06,4516.61,4518.13,1963,13,0,1963
2026-06-02 08:27:00,4518.13,4521.84,4518.07,4519.66,1944,16,0,1944
2026-06-02 08:30:00,4519.78,4526.89,4519.64,4523.45,2507,16,0,2507
2026-06-02 08:33:00,4523.45,4528.15,4522.28,4526.05,2264,16,0,2264
2026-06-02 08:36:00,4526.08,4528.15,4523.3,4524.28,2084,15,0,2084
2026-06-02 08:39:00,4524.28,4524.88,4522.69,4524.88,2006,14,0,2006
2026-06-02 08:42:00,4524.92,4526.81,4523.41,4524.48,1930,13,0,1930
2026-06-02 08:45:00,4524.47,4526.24,4523.28,4523.54,1881,13,0,1881
2026-06-02 08:48:00,4523.53,4523.9,4521.41,4521.44,1914,13,0,1914
2026-06-02 08:51:00,4521.42,4521.43,4518.35,4520.7,1955,15,0,1955
2026-06-02 08:54:00,4520.71,4520.75,4516.45,4516.76,1998,13,0,1998
2026-06-02 08:57:00,4516.72,4518.76,4516.17,4517.03,1993,15,0,1993
2026-06-02 09:00:00,4517.05,4520.62,4516.92,4519.66,2117,14,0,2117
2026-06-02 09:03:00,4519.65,4522.57,4519.21,4521.96,2018,14,0,2018
2026-06-02 09:06:00,4521.95,4524.88,4520.54,4522.47,2043,14,0,2043
2026-06-02 09:09:00,4522.47,4522.78,4520.51,4521.17,1992,14,0,1992
2026-06-02 09:12:00,4521.17,4522.9,4518.82,4519.02,2045,14,0,2045
2026-06-02 09:15:00,4519.04,4524.27,4518.07,4522.73,2134,14,0,2134
2026-06-02 09:18:00,4522.73,4524.76,4519.98,4524.54,2058,13,0,2058
2026-06-02 09:21:00,4524.56,4530.67,4524.54,4530.39,2119,13,0,2119
2026-06-02 09:24:00,4530.4,4530.69,4526.06,4528.98,2251,9,0,2251
2026-06-02 09:27:00,4529.01,4533.98,4528.87,4533.17,2177,14,0,2177
2026-06-02 09:30:00,4533.16,4537.18,4533.16,4534.21,2236,14,0,2236
2026-06-02 09:33:00,4534.21,4538.16,4533.77,4538.16,2415,9,0,2415
2026-06-02 09:36:00,4538.31,4538.39,4533.92,4535.33,2243,9,0,2243
2026-06-02 09:39:00,4535.35,4535.72,4532.87,4532.91,1979,9,0,1979
2026-06-02 09:42:00,4532.88,4533.59,4531.81,4532.77,1869,13,0,1869
2026-06-02 09:45:00,4532.78,4535.65,4532.41,4533.59,1929,14,0,1929
2026-06-02 09:48:00,4533.6,4534.48,4531.92,4532.47,1908,12,0,1908
2026-06-02 09:51:00,4532.46,4534.23,4532.3,4532.72,1884,14,0,1884
2026-06-02 09:54:00,4532.71,4534.23,4532.61,4533.81,1911,13,0,1911
2026-06-02 09:57:00,4533.83,4536.87,4533.35,4535.81,1960,14,0,1960
2026-06-02 10:00:00,4535.82,4537.82,4533.79,4534.02,2002,14,0,2002
2026-06-02 10:03:00,4534.0,4537.21,4533.26,4535.7,1956,14,0,1956
2026-06-02 10:06:00,4535.68,4537.81,4534.02,4536.31,1968,14,0,1968
2026-06-02 10:09:00,4536.3,4540.78,4535.9,4539.97,1974,14,0,1974
2026-06-02 10:12:00,4539.98,4541.5,4538.39,4539.97,1944,14,0,1944
2026-06-02 10:15:00,4539.98,4540.66,4537.95,4538.18,1929,13,0,1929
2026-06-02 10:18:00,4538.18,4540.21,4537.61,4537.89,2003,13,0,2003
2026-06-02 10:21:00,4537.91,4538.75,4536.67,4536.73,2419,9,0,2419
2026-06-02 10:24:00,4536.73,4537.45,4535.27,4536.17,1913,9,0,1913
2026-06-02 10:27:00,4536.17,4536.5,4533.35,4534.0,1914,12,0,1914
2026-06-02 10:30:00,4534.01,4535.34,4531.86,4534.53,1933,14,0,1933
2026-06-02 10:33:00,4534.52,4534.89,4531.95,4532.87,1882,14,0,1882
2026-06-02 10:36:00,4532.88,4534.16,4531.82,4533.51,1872,13,0,1872
2026-06-02 10:39:00,4533.53,4534.79,4532.28,4533.5,2357,9,0,2357
2026-06-02 10:42:00,4533.5,4533.75,4531.18,4531.85,1882,14,0,1882
2026-06-02 10:45:00,4531.86,4532.29,4530.46,4530.91,2204,9,0,2204
2026-06-02 10:48:00,4530.91,4532.36,4530.13,4531.5,2037,9,0,2037
2026-06-02 10:51:00,4531.52,4531.53,4527.93,4528.81,2016,9,0,2016
2026-06-02 10:54:00,4528.83,4533.86,4528.04,4533.82,2092,14,0,2092
2026-06-02 10:57:00,4533.83,4535.5,4532.45,4535.08,2075,14,0,2075
2026-06-02 11:00:00,4535.09,4537.15,4533.9,4534.06,2165,14,0,2165
2026-06-02 11:03:00,4534.05,4536.78,4533.14,4536.25,2070,14,0,2070
2026-06-02 11:06:00,4536.25,4539.18,4535.54,4535.9,2081,12,0,2081
2026-06-02 11:09:00,4535.91,4536.66,4534.33,4535.51,2297,9,0,2297
2026-06-02 11:12:00,4535.5,4537.52,4534.83,4534.83,1975,9,0,1975
2026-06-02 11:15:00,4534.8,4535.49,4531.52,4532.12,2011,13,0,2011
2026-06-02 11:18:00,4532.13,4533.25,4531.79,4532.72,2322,9,0,2322
2026-06-02 11:21:00,4532.71,4534.76,4529.91,4533.97,2075,9,0,2075
2026-06-02 11:24:00,4533.96,4534.5,4532.77,4533.29,1933,13,0,1933
2026-06-02 11:27:00,4533.25,4533.25,4529.87,4531.16,2061,12,0,2061
2026-06-02 11:30:00,4531.15,4532.88,4530.69,4532.36,2051,13,0,2051
2026-06-02 11:33:00,4532.41,4533.37,4531.06,4531.74,1900,13,0,1900
2026-06-02 11:36:00,4531.76,4532.24,4529.4,4529.49,1898,14,0,1898
2026-06-02 11:39:00,4529.48,4530.91,4529.18,4529.31,1837,14,0,1837
2026-06-02 11:42:00,4529.31,4530.14,4528.22,4528.79,1863,14,0,1863
2026-06-02 11:45:00,4528.8,4530.11,4528.45,4529.34,1902,14,0,1902
2026-06-02 11:48:00,4529.35,4529.59,4527.67,4529.07,1868,13,0,1868
2026-06-02 11:51:00,4529.13,4529.51,4527.74,4529.21,1893,11,0,1893
2026-06-02 11:54:00,4529.18,4529.23,4526.35,4526.63,1869,10,0,1869
2026-06-02 11:57:00,4526.67,4526.96,4525.96,4526.77,2134,9,0,2134
2026-06-02 12:00:00,4526.76,4527.42,4525.29,4527.1,1932,9,0,1932
2026-06-02 12:03:00,4527.12,4528.71,4526.27,4528.71,1941,14,0,1941
2026-06-02 12:06:00,4528.72,4530.9,4528.17,4529.22,1965,14,0,1965
2026-06-02 12:09:00,4529.22,4531.91,4527.89,4531.19,1966,14,0,1966
2026-06-02 12:12:00,4531.21,4534.3,4531.16,4533.94,1994,13,0,1994
2026-06-02 12:15:00,4533.92,4535.75,4532.84,4534.01,2022,12,0,2022
2026-06-02 12:18:00,4533.99,4535.57,4532.85,4533.09,1920,11,0,1920
2026-06-02 12:21:00,4533.1,4533.12,4528.77,4528.88,1916,11,0,1916
2026-06-02 12:24:00,4528.88,4530.12,4528.68,4529.44,2257,9,0,2257
2026-06-02 12:27:00,4529.43,4529.43,4525.21,4526.82,1990,12,0,1990
2026-06-02 12:30:00,4526.82,4527.36,4522.03,4524.43,2217,14,0,2217
2026-06-02 12:33:00,4524.45,4526.46,4523.6,4526.24,2033,14,0,2033
2026-06-02 12:36:00,4526.26,4526.79,4523.74,4524.38,1888,10,0,1888
2026-06-02 12:39:00,4524.38,4525.75,4521.35,4525.75,1997,11,0,1997
2026-06-02 12:42:00,4525.75,4526.28,4523.57,4525.65,2053,9,0,2053
2026-06-02 12:45:00,4525.65,4526.36,4524.94,4526.03,1881,10,0,1881
2026-06-02 12:48:00,4526.02,4527.88,4525.72,4527.43,1955,11,0,1955
2026-06-02 12:51:00,4527.4,4531.21,4527.4,4530.66,1893,14,0,1893
2026-06-02 12:54:00,4530.65,4531.56,4530.41,4530.62,1811,13,0,1811
2026-06-02 12:57:00,4530.6,4531.1,4527.49,4530.07,1936,14,0,1936
2026-06-02 13:00:00,4530.0,4530.89,4528.27,4528.49,1950,14,0,1950
2026-06-02 13:03:00,4528.5,4529.35,4527.77,4529.33,1878,13,0,1878
2026-06-02 13:06:00,4529.35,4530.36,4528.66,4529.24,1885,14,0,1885
2026-06-02 13:09:00,4529.23,4531.74,4529.18,4531.39,1846,12,0,1846
2026-06-02 13:12:00,4531.4,4531.55,4528.38,4529.04,2224,9,0,2224
2026-06-02 13:15:00,4529.03,4529.69,4528.2,4528.84,1948,9,0,1948
2026-06-02 13:18:00,4528.84,4529.2,4528.24,4528.53,2147,9,0,2147
2026-06-02 13:21:00,4528.51,4528.64,4524.67,4525.98,1948,14,0,1948
2026-06-02 13:24:00,4525.94,4528.19,4525.1,4527.16,2004,9,0,2004
2026-06-02 13:27:00,4527.16,4528.63,4526.79,4528.41,2087,9,0,2087
2026-06-02 13:30:00,4528.41,4528.74,4527.34,4528.08,2218,9,0,2218
2026-06-02 13:33:00,4528.06,4528.34,4526.99,4527.59,1864,9,0,1864
2026-06-02 13:36:00,4527.61,4528.16,4525.42,4525.56,1795,10,0,1795
2026-06-02 13:39:00,4525.58,4527.4,4525.53,4527.05,2250,9,0,2250
2026-06-02 13:42:00,4527.06,4528.78,4526.25,4528.76,1810,9,0,1810
2026-06-02 13:45:00,4528.78,4532.17,4528.75,4531.4,1833,14,0,1833
2026-06-02 13:48:00,4531.36,4532.98,4530.13,4530.95,1937,14,0,1937
2026-06-02 13:51:00,4530.96,4531.34,4529.51,4530.85,1827,11,0,1827
2026-06-02 13:54:00,4530.86,4532.74,4530.67,4532.13,1879,9,0,1879
2026-06-02 13:57:00,4532.13,4533.97,4531.9,4533.15,1835,14,0,1835
2026-06-02 14:00:00,4533.13,4534.64,4533.06,4534.47,1895,14,0,1895
2026-06-02 14:03:00,4534.46,4534.49,4530.06,4530.34,1924,14,0,1924
2026-06-02 14:06:00,4530.32,4531.19,4529.84,4530.17,1917,10,0,1917
2026-06-02 14:09:00,4530.19,4530.48,4529.13,4530.3,1940,10,0,1940
2026-06-02 14:12:00,4530.31,4531.28,4528.7,4528.83,1871,10,0,1871
2026-06-02 14:15:00,4528.82,4529.65,4526.53,4529.19,1949,14,0,1949
2026-06-02 14:18:00,4529.17,4529.31,4527.61,4528.25,2043,9,0,2043
2026-06-02 14:21:00,4528.25,4529.03,4527.51,4527.84,1902,12,0,1902
2026-06-02 14:24:00,4527.84,4529.22,4527.83,4529.16,2193,9,0,2193
2026-06-02 14:27:00,4529.19,4529.63,4527.3,4529.56,1867,9,0,1867
2026-06-02 14:30:00,4529.53,4530.73,4528.87,4529.11,2189,9,0,2189
2026-06-02 14:33:00,4529.11,4530.63,4528.85,4528.96,2052,9,0,2052
2026-06-02 14:36:00,4528.98,4529.02,4526.17,4527.21,2072,9,0,2072
2026-06-02 14:39:00,4527.25,4527.79,4527.02,4527.3,2126,9,0,2126
2026-06-02 14:42:00,4527.29,4528.57,4526.74,4526.86,1869,9,0,1869
2026-06-02 14:45:00,4526.86,4528.32,4525.73,4525.76,1893,14,0,1893
2026-06-02 14:48:00,4525.76,4529.7,4525.66,4529.3,1945,12,0,1945
2026-06-02 14:51:00,4529.31,4529.6,4528.53,4528.74,2275,9,0,2275
2026-06-02 14:54:00,4528.76,4530.63,4528.44,4530.25,1934,9,0,1934
2026-06-02 14:57:00,4530.25,4530.26,4525.59,4527.47,1943,11,0,1943
2026-06-02 15:00:00,4527.45,4528.57,4525.86,4527.24,1980,14,0,1980
2026-06-02 15:03:00,4527.24,4528.7,4525.81,4526.37,1916,11,0,1916
2026-06-02 15:06:00,4526.37,4528.22,4524.92,4527.47,1913,14,0,1913
2026-06-02 15:09:00,4527.47,4528.11,4525.99,4526.86,1877,13,0,1877
2026-06-02 15:12:00,4526.88,4527.67,4526.36,4526.36,1846,12,0,1846
2026-06-02 15:15:00,4526.38,4527.89,4524.04,4526.82,1993,10,0,1993
2026-06-02 15:18:00,4526.82,4528.75,4525.35,4527.96,1967,12,0,1967
2026-06-02 15:21:00,4527.97,4532.23,4527.52,4529.92,2146,14,0,2146
2026-06-02 15:24:00,4529.91,4534.15,4529.33,4529.61,2015,14,0,2015
2026-06-02 15:27:00,4529.6,4529.91,4527.81,4529.32,2035,13,0,2035
2026-06-02 15:30:00,4529.32,4529.74,4521.67,4526.51,2228,14,0,2228
2026-06-02 15:33:00,4526.52,4533.65,4526.41,4533.58,2015,13,0,2015
2026-06-02 15:36:00,4533.58,4533.58,4523.12,4524.57,2254,14,0,2254
2026-06-02 15:39:00,4524.31,4527.19,4523.47,4526.64,2019,13,0,2019
2026-06-02 15:42:00,4526.61,4527.24,4523.64,4525.04,1996,12,0,1996
2026-06-02 15:45:00,4525.02,4525.97,4521.01,4521.44,2077,9,0,2077
2026-06-02 15:48:00,4521.47,4523.99,4519.09,4519.25,2062,14,0,2062
2026-06-02 15:51:00,4519.26,4520.28,4516.03,4516.76,2051,13,0,2051
2026-06-02 15:54:00,4516.78,4517.36,4514.25,4516.35,2174,12,0,2174
2026-06-02 15:57:00,4516.35,4517.52,4513.48,4514.44,2403,9,0,2403
2026-06-02 16:00:00,4514.8,4518.36,4513.09,4518.21,2387,9,0,2387
2026-06-02 16:03:00,4518.17,4522.58,4516.88,4522.58,2181,12,0,2181
2026-06-02 16:06:00,4522.57,4524.7,4513.29,4515.38,2642,9,0,2642
2026-06-02 16:09:00,4515.36,4518.24,4515.32,4516.66,2187,13,0,2187
2026-06-02 16:12:00,4516.67,4517.59,4511.81,4514.0,2431,12,0,2431
2026-06-02 16:15:00,4514.01,4517.12,4513.64,4515.51,2192,11,0,2192
2026-06-02 16:18:00,4515.51,4515.87,4512.32,4513.35,2229,10,0,2229
2026-06-02 16:21:00,4513.36,4514.84,4510.21,4511.84,2188,13,0,2188
2026-06-02 16:24:00,4511.84,4515.12,4511.8,4514.57,2108,9,0,2108
2026-06-02 16:27:00,4514.57,4516.1,4509.94,4510.66,2088,11,0,2088
2026-06-02 16:30:00,4510.82,4511.39,4506.7,4509.14,2743,14,0,2743
2026-06-02 16:33:00,4509.15,4511.2,4506.84,4510.75,2427,14,0,2427
2026-06-02 16:36:00,4510.75,4511.14,4506.29,4508.43,2482,9,0,2482
2026-06-02 16:39:00,4508.43,4514.45,4508.39,4512.43,2611,12,0,2611
2026-06-02 16:42:00,4512.4,4513.1,4507.72,4508.46,2429,13,0,2429
2026-06-02 16:45:00,4508.45,4510.99,4506.61,4508.61,2420,9,0,2420
2026-06-02 16:48:00,4508.59,4513.83,4507.15,4513.5,2549,9,0,2549
2026-06-02 16:51:00,4513.51,4513.62,4508.09,4509.81,2254,9,0,2254
2026-06-02 16:54:00,4509.81,4509.88,4503.07,4504.53,2447,9,0,2447
2026-06-02 16:57:00,4504.54,4505.65,4502.79,4502.81,2450,9,0,2450
2026-06-02 17:00:00,4502.79,4505.88,4494.94,4504.79,2611,10,0,2611
2026-06-02 17:03:00,4504.81,4506.05,4501.58,4504.52,2373,12,0,2373
2026-06-02 17:06:00,4504.51,4505.07,4500.61,4503.76,2292,13,0,2292
2026-06-02 17:09:00,4503.84,4507.03,4502.63,4506.54,2252,11,0,2252
2026-06-02 17:12:00,4506.5,4506.54,4503.5,4504.28,2277,11,0,2277
2026-06-02 17:15:00,4504.28,4505.14,4494.18,4494.27,2570,13,0,2570
2026-06-02 17:18:00,4494.24,4498.21,4492.62,4495.31,2539,14,0,2539
2026-06-02 17:21:00,4495.34,4496.5,4490.32,4491.74,2595,13,0,2595
2026-06-02 17:24:00,4491.76,4497.28,4490.88,4496.17,2662,9,0,2662
2026-06-02 17:27:00,4496.22,4496.56,4493.33,4495.56,2594,9,0,2594
2026-06-02 17:30:00,4495.53,4499.52,4495.53,4499.06,2343,9,0,2343
2026-06-02 17:33:00,4499.08,4502.23,4498.3,4502.1,2150,9,0,2150
2026-06-02 17:36:00,4502.12,4504.36,4501.44,4503.4,2122,9,0,2122
2026-06-02 17:39:00,4503.4,4504.15,4501.08,4503.3,2141,11,0,2141
2026-06-02 17:42:00,4503.3,4505.39,4501.5,4504.42,2123,13,0,2123
2026-06-02 17:45:00,4504.41,4506.33,4504.07,4505.78,2096,14,0,2096
2026-06-02 17:48:00,4505.79,4505.79,4500.89,4502.46,2139,14,0,2139
2026-06-02 17:51:00,4502.48,4503.52,4502.02,4503.22,2004,14,0,2004
2026-06-02 17:54:00,4503.19,4505.56,4502.83,4505.08,1973,13,0,1973
2026-06-02 17:57:00,4505.09,4505.1,4501.22,4504.06,2023,14,0,2023
2026-06-02 18:00:00,4504.05,4506.85,4503.77,4505.33,2109,14,0,2109
2026-06-02 18:03:00,4505.31,4505.53,4501.61,4503.12,2048,14,0,2048
2026-06-02 18:06:00,4503.1,4508.01,4503.05,4507.12,2041,13,0,2041
2026-06-02 18:09:00,4507.12,4508.09,4505.21,4505.24,2008,13,0,2008
2026-06-02 18:12:00,4505.23,4505.51,4502.48,4503.45,1988,12,0,1988
2026-06-02 18:15:00,4503.45,4505.38,4503.23,4504.21,1989,11,0,1989
2026-06-02 18:18:00,4504.16,4505.97,4503.47,4505.18,2271,9,0,2271
2026-06-02 18:21:00,4505.21,4506.23,4502.42,4502.64,1960,10,0,1960
2026-06-02 18:24:00,4502.67,4505.35,4502.16,4504.4,2015,12,0,2015
2026-06-02 18:27:00,4504.36,4505.94,4501.54,4505.39,2052,14,0,2052
2026-06-02 18:30:00,4505.39,4506.51,4502.95,4504.31,1994,14,0,1994
2026-06-02 18:33:00,4504.35,4508.37,4504.33,4508.22,2210,9,0,2210
2026-06-02 18:36:00,4508.22,4508.57,4506.08,4506.43,2335,9,0,2335
2026-06-02 18:39:00,4506.41,4506.6,4500.14,4502.12,2102,14,0,2102
2026-06-02 18:42:00,4502.13,4503.54,4501.64,4502.42,2352,9,0,2352
2026-06-02 18:45:00,4502.43,4506.64,4501.79,4505.95,2072,9,0,2072
2026-06-02 18:48:00,4505.97,4507.07,4503.22,4504.44,2057,9,0,2057
2026-06-02 18:51:00,4504.45,4505.01,4502.38,4504.04,2323,9,0,2323
2026-06-02 18:54:00,4504.03,4504.37,4502.61,4502.7,1964,9,0,1964
2026-06-02 18:57:00,4502.73,4503.29,4501.21,4502.09,2025,9,0,2025
2026-06-02 19:00:00,4502.09,4502.89,4500.5,4501.85,2019,11,0,2019
2026-06-02 19:03:00,4501.84,4501.93,4499.84,4500.03,1922,11,0,1922
2026-06-02 19:06:00,4500.0,4502.81,4498.16,4500.06,2141,13,0,2141
2026-06-02 19:09:00,4500.05,4502.13,4499.44,4500.43,1995,12,0,1995
2026-06-02 19:12:00,4500.44,4500.63,4498.1,4498.25,1924,10,0,1924
2026-06-02 19:15:00,4498.21,4498.44,4495.6,4496.0,2027,11,0,2027
2026-06-02 19:18:00,4495.99,4496.01,4493.98,4494.04,1985,12,0,1985
2026-06-02 19:21:00,4494.03,4496.12,4492.52,4495.86,2025,12,0,2025
2026-06-02 19:24:00,4495.88,4495.99,4490.4,4490.86,2036,11,0,2036
2026-06-02 19:27:00,4490.85,4492.2,4490.34,4490.36,2042,14,0,2042
2026-06-02 19:30:00,4490.34,4491.45,4489.07,4489.89,2086,14,0,2086
2026-06-02 19:33:00,4489.87,4490.82,4488.4,4489.07,2056,14,0,2056
2026-06-02 19:36:00,4489.05,4489.22,4486.33,4487.64,2101,10,0,2101
2026-06-02 19:39:00,4487.64,4489.21,4486.47,4489.13,1953,13,0,1953
2026-06-02 19:42:00,4489.13,4491.44,4488.74,4489.82,2390,9,0,2390
2026-06-02 19:45:00,4489.79,4491.33,4489.15,4490.63,2283,9,0,2283
2026-06-02 19:48:00,4490.62,4491.88,4489.92,4491.46,1929,9,0,1929
2026-06-02 19:51:00,4491.46,4491.49,4489.65,4490.18,1924,9,0,1924
2026-06-02 19:54:00,4490.17,4490.76,4489.33,4490.36,1894,13,0,1894
2026-06-02 19:57:00,4490.37,4491.97,4489.8,4491.92,1965,13,0,1965
2026-06-02 20:00:00,4491.89,4493.07,4490.42,4491.14,2085,14,0,2085
2026-06-02 20:03:00,4491.14,4491.93,4489.67,4491.69,1932,13,0,1932
2026-06-02 20:06:00,4491.67,4491.99,4488.56,4490.41,1998,14,0,1998
2026-06-02 20:09:00,4490.41,4490.47,4486.74,4488.35,2050,13,0,2050
2026-06-02 20:12:00,4488.29,4489.95,4487.66,4489.56,1965,12,0,1965
2026-06-02 20:15:00,4489.56,4490.13,4486.82,4488.36,2461,9,0,2461
2026-06-02 20:18:00,4488.34,4488.85,4486.8,4487.64,1931,11,0,1931
2026-06-02 20:21:00,4487.66,4488.72,4486.49,4487.89,2457,9,0,2457
2026-06-02 20:24:00,4487.94,4489.19,4487.18,4488.76,2384,9,0,2384
2026-06-02 20:27:00,4488.76,4491.73,4487.96,4491.19,2117,9,0,2117
2026-06-02 20:30:00,4491.19,4491.32,4489.0,4490.83,2004,12,0,2004
2026-06-02 20:33:00,4490.8,4491.69,4487.29,4487.35,2246,9,0,2246
2026-06-02 20:36:00,4487.35,4487.63,4482.48,4483.59,2062,9,0,2062
2026-06-02 20:39:00,4483.6,4484.86,4482.1,4483.44,2380,9,0,2380
2026-06-02 20:42:00,4483.45,4485.46,4483.21,4484.57,2017,9,0,2017
2026-06-02 20:45:00,4484.57,4486.22,4484.32,4485.83,1881,9,0,1881
2026-06-02 20:48:00,4485.83,4486.53,4485.18,4485.87,1929,9,0,1929
2026-06-02 20:51:00,4485.86,4486.26,4483.53,4484.22,1926,13,0,1926
2026-06-02 20:54:00,4484.24,4484.61,4482.75,4484.13,1876,14,0,1876
2026-06-02 20:57:00,4484.12,4484.93,4484.06,4484.61,1864,12,0,1864
2026-06-02 21:00:00,4484.6,4488.6,4484.33,4486.79,1950,14,0,1950
2026-06-02 21:03:00,4486.81,4487.39,4485.8,4486.53,1860,13,0,1860
2026-06-02 21:06:00,4486.53,4487.66,4485.37,4487.05,1872,13,0,1872
2026-06-02 21:09:00,4487.06,4487.58,4485.11,4485.55,1895,10,0,1895
2026-06-02 21:12:00,4485.54,4488.15,4484.99,4485.14,1911,14,0,1911
2026-06-02 21:15:00,4485.11,4485.71,4484.0,4485.58,2033,9,0,2033
2026-06-02 21:18:00,4485.55,4486.11,4484.52,4484.9,1927,9,0,1927
2026-06-02 21:21:00,4484.9,4487.31,4484.52,4487.05,1933,11,0,1933
2026-06-02 21:24:00,4487.02,4490.65,4486.84,4489.9,1930,10,0,1930
2026-06-02 21:27:00,4489.89,4490.94,4488.43,4488.43,1954,11,0,1954
2026-06-02 21:30:00,4488.45,4489.46,4486.86,4488.59,1972,11,0,1972
2026-06-02 21:33:00,4488.59,4489.05,4487.5,4487.77,2342,9,0,2342
2026-06-02 21:36:00,4487.78,4487.85,4484.74,4486.05,1883,9,0,1883
2026-06-02 21:39:00,4486.12,4486.36,4481.67,4481.68,1979,14,0,1979
2026-06-02 21:42:00,4481.67,4482.58,4478.72,4480.55,1949,14,0,1949
2026-06-02 21:45:00,4480.57,4483.91,4480.26,4483.79,1895,13,0,1895
2026-06-02 21:48:00,4483.77,4488.77,4483.61,4488.71,1921,11,0,1921
2026-06-02 21:51:00,4488.73,4490.57,4488.41,4488.5,1886,11,0,1886
2026-06-02 21:54:00,4488.5,4488.89,4487.55,4488.26,2235,9,0,2235
2026-06-02 21:57:00,4488.28,4488.46,4487.05,4487.42,2008,9,0,2008
2026-06-02 22:00:00,4487.43,4488.92,4487.4,4488.9,1879,9,0,1879
2026-06-02 22:03:00,4488.9,4489.21,4488.03,4488.67,1891,13,0,1891
2026-06-02 22:06:00,4488.66,4489.06,4488.12,4488.87,1861,13,0,1861
2026-06-02 22:09:00,4488.86,4488.96,4487.92,4487.96,1789,13,0,1789
2026-06-02 22:12:00,4487.96,4488.49,4487.2,4487.38,1839,14,0,1839
2026-06-02 22:15:00,4487.33,4487.78,4486.44,4487.37,1890,14,0,1890
2026-06-02 22:18:00,4487.37,4487.53,4486.62,4487.09,1814,13,0,1814
2026-06-02 22:21:00,4487.09,4487.1,4485.73,4486.79,1865,13,0,1865
2026-06-02 22:24:00,4486.78,4488.18,4486.17,4488.15,1826,13,0,1826
2026-06-02 22:27:00,4488.16,4489.61,4487.94,4489.57,1872,14,0,1872
2026-06-02 22:30:00,4489.57,4490.31,4488.33,4488.43,1837,13,0,1837
2026-06-02 22:33:00,4488.32,4488.32,4485.83,4486.26,1916,14,0,1916
2026-06-02 22:36:00,4486.26,4486.45,4483.45,4484.64,1974,13,0,1974
2026-06-02 22:39:00,4484.65,4485.06,4483.74,4484.56,1921,13,0,1921
2026-06-02 22:42:00,4484.55,4487.49,4484.42,4487.37,1854,13,0,1854
2026-06-02 22:45:00,4487.36,4487.84,4485.62,4487.55,1895,11,0,1895
2026-06-02 22:48:00,4487.56,4488.1,4486.37,4486.58,2129,9,0,2129
2026-06-02 22:51:00,4486.6,4487.31,4485.9,4486.76,2091,9,0,2091
2026-06-02 22:54:00,4486.78,4488.61,4486.27,4487.34,2051,9,0,2051
2026-06-02 22:57:00,4487.35,4488.17,4487.16,4488.06,1902,11,0,1902
2026-06-02 23:00:00,4488.14,4488.15,4486.26,4486.9,2321,9,0,2321
2026-06-02 23:03:00,4486.9,4488.37,4486.63,4487.96,2103,9,0,2103
2026-06-02 23:06:00,4487.97,4488.6,4487.3,4488.36,2029,9,0,2029
2026-06-02 23:09:00,4488.36,4489.6,4487.98,4489.25,1808,9,0,1808
2026-06-02 23:12:00,4489.26,4489.97,4488.97,4489.92,1788,13,0,1788
2026-06-02 23:15:00,4489.89,4490.83,4489.56,4490.81,1765,14,0,1765
2026-06-02 23:18:00,4490.84,4491.05,4489.15,4489.2,2038,9,0,2038
2026-06-02 23:21:00,4489.21,4490.17,4489.19,4489.83,1788,12,0,1788
2026-06-02 23:24:00,4489.85,4489.95,4488.6,4489.44,1808,10,0,1808
2026-06-02 23:27:00,4489.44,4490.08,4489.42,4489.79,2120,9,0,2120
2026-06-02 23:30:00,4489.78,4491.03,4489.19,4490.49,1810,13,0,1810
2026-06-02 23:33:00,4490.5,4490.66,4489.44,4489.49,2222,9,0,2222
2026-06-02 23:36:00,4489.5,4490.49,4489.1,4490.11,1766,9,0,1766
2026-06-02 23:39:00,4490.09,4490.52,4488.87,4488.89,1716,13,0,1716
2026-06-02 23:42:00,4488.89,4490.28,4488.85,4488.99,1779,22,0,1779
2026-06-02 23:45:00,4488.98,4489.35,4488.57,4489.24,1771,22,0,1771
2026-06-02 23:48:00,4489.26,4489.96,4487.79,4488.41,1769,22,0,1769
2026-06-02 23:51:00,4488.38,4488.63,4487.68,4488.13,1768,22,0,1768
2026-06-02 23:54:00,4488.11,4488.68,4486.74,4488.2,1805,22,0,1805
2026-06-02 23:57:00,4488.2,4488.49,4487.71,4487.85,1202,22,0,1202
2026-06-03 01:00:00,4491.12,4493.12,4490.49,4491.08,4808,16,0,4808
2026-06-03 01:03:00,4491.06,4492.29,4488.23,4490.24,4799,16,0,4799
2026-06-03 01:06:00,4490.21,4493.25,4489.63,4492.74,2065,16,0,2065
2026-06-03 01:09:00,4492.76,4493.01,4490.64,4492.04,1896,16,0,1896
2026-06-03 01:12:00,4492.04,4492.29,4489.58,4489.61,1928,16,0,1928
2026-06-03 01:15:00,4489.59,4490.98,4488.51,4488.71,1840,15,0,1840
2026-06-03 01:18:00,4488.7,4490.83,4488.27,4490.63,1876,15,0,1876
2026-06-03 01:21:00,4490.63,4491.63,4488.53,4488.66,1873,16,0,1873
2026-06-03 01:24:00,4488.66,4489.31,4487.69,4488.11,1837,15,0,1837
2026-06-03 01:27:00,4488.14,4490.25,4488.1,4490.23,1871,16,0,1871
2026-06-03 01:30:00,4490.23,4491.2,4489.53,4491.04,1802,14,0,1802
2026-06-03 01:33:00,4491.05,4491.27,4487.27,4487.62,1784,15,0,1784
2026-06-03 01:36:00,4487.61,4489.15,4487.45,4488.63,1812,13,0,1812
2026-06-03 01:39:00,4488.62,4489.85,4487.7,4488.89,1758,15,0,1758
2026-06-03 01:42:00,4488.91,4489.46,4488.4,4488.94,1776,14,0,1776
2026-06-03 01:45:00,4488.93,4492.21,4484.22,4488.56,1945,16,0,1945
2026-06-03 01:48:00,4488.55,4489.67,4487.33,4489.48,1860,15,0,1860
2026-06-03 01:51:00,4489.46,4490.26,4486.91,4487.01,1875,15,0,1875
2026-06-03 01:54:00,4486.98,4488.14,4486.42,4487.57,1814,15,0,1814
2026-06-03 01:57:00,4487.56,4487.97,4484.84,4484.91,1864,15,0,1864
2026-06-03 02:00:00,4484.9,4488.8,4484.8,4484.92,1885,15,0,1885
2026-06-03 02:03:00,4484.95,4486.91,4482.59,4483.92,1957,14,0,1957
2026-06-03 02:06:00,4483.9,4483.97,4480.72,4482.37,1905,14,0,1905
2026-06-03 02:09:00,4482.35,4483.34,4475.02,4479.48,2066,15,0,2066
2026-06-03 02:12:00,4479.48,4479.5,4474.49,4477.51,2014,15,0,2014
2026-06-03 02:15:00,4477.47,4477.5,4472.64,4473.1,1987,14,0,1987
2026-06-03 02:18:00,4473.13,4476.4,4469.3,4470.52,2189,14,0,2189
2026-06-03 02:21:00,4470.52,4470.68,4466.94,4468.15,2052,15,0,2052
2026-06-03 02:24:00,4468.15,4470.81,4466.84,4470.6,2078,14,0,2078
2026-06-03 02:27:00,4470.57,4471.12,4462.32,4467.58,2195,14,0,2195
2026-06-03 02:30:00,4467.57,4468.99,4462.59,4463.03,2101,13,0,2101
2026-06-03 02:33:00,4463.03,4467.36,4462.91,4465.83,2079,13,0,2079
2026-06-03 02:36:00,4465.83,4467.74,4463.76,4466.99,2103,13,0,2103
2026-06-03 02:39:00,4467.0,4469.92,4464.29,4469.21,2091,13,0,2091
2026-06-03 02:42:00,4469.26,4474.89,4467.3,4474.81,2114,13,0,2114
2026-06-03 02:45:00,4474.83,4475.19,4470.61,4472.23,2088,13,0,2088
2026-06-03 02:48:00,4472.24,4473.79,4469.07,4473.74,1892,13,0,1892
2026-06-03 02:51:00,4473.73,4474.54,4471.24,4471.52,1858,13,0,1858
2026-06-03 02:54:00,4471.54,4473.96,4471.39,4472.58,1893,13,0,1893
2026-06-03 02:57:00,4472.57,4474.84,4472.41,4474.48,1921,14,0,1921
2026-06-03 03:00:00,4474.49,4479.31,4473.86,4477.19,2178,15,0,2178
2026-06-03 03:03:00,4477.18,4479.29,4476.88,4478.89,1994,15,0,1994
2026-06-03 03:06:00,4478.86,4479.85,4475.5,4475.81,2023,15,0,2023
2026-06-03 03:09:00,4475.81,4477.02,4474.82,4476.38,1940,15,0,1940
2026-06-03 03:12:00,4476.38,4477.02,4474.21,4476.02,1894,14,0,1894
2026-06-03 03:15:00,4476.01,4479.03,4474.47,4478.64,1897,14,0,1897
2026-06-03 03:18:00,4478.43,4479.24,4477.26,4477.92,1875,14,0,1875
2026-06-03 03:21:00,4477.94,4482.43,4477.87,4479.96,1888,14,0,1888
2026-06-03 03:24:00,4479.94,4480.64,4478.75,4480.09,1856,13,0,1856
2026-06-03 03:27:00,4480.11,4483.31,4479.78,4483.21,1844,14,0,1844
2026-06-03 03:30:00,4483.22,4484.11,4481.34,4481.94,1928,13,0,1928
2026-06-03 03:33:00,4481.95,4487.91,4481.91,4487.75,1894,13,0,1894
2026-06-03 03:36:00,4487.76,4488.7,4485.98,4488.04,1937,13,0,1937
2026-06-03 03:39:00,4488.05,4495.98,4488.02,4495.66,2032,13,0,2032
2026-06-03 03:42:00,4495.66,4496.79,4493.97,4495.86,2071,16,0,2071
2026-06-03 03:45:00,4495.88,4496.04,4491.09,4491.14,1941,14,0,1941
2026-06-03 03:48:00,4491.15,4491.93,4489.11,4491.5,1928,13,0,1928
2026-06-03 03:51:00,4491.49,4492.48,4489.01,4489.16,1900,13,0,1900
2026-06-03 03:54:00,4489.15,4489.76,4487.09,4488.16,1887,13,0,1887
2026-06-03 03:57:00,4488.13,4489.07,4486.0,4486.22,1900,14,0,1900
2026-06-03 04:00:00,4486.19,4487.68,4473.46,4476.27,2744,16,0,2744
2026-06-03 04:03:00,4476.29,4479.37,4471.62,4474.2,2511,16,0,2511
2026-06-03 04:06:00,4474.2,4474.2,4467.3,4471.56,2485,16,0,2485
2026-06-03 04:09:00,4471.56,4477.42,4471.13,4476.27,2353,15,0,2353
2026-06-03 04:12:00,4476.15,4476.22,4468.91,4471.35,2333,15,0,2333
2026-06-03 04:15:00,4471.37,4472.6,4468.45,4472.55,2221,15,0,2221
2026-06-03 04:18:00,4472.57,4472.76,4468.71,4469.66,2146,14,0,2146
2026-06-03 04:21:00,4469.66,4471.49,4467.69,4468.42,2199,15,0,2199
2026-06-03 04:24:00,4468.4,4470.5,4464.09,4465.04,2234,16,0,2234
2026-06-03 04:27:00,4465.02,4468.09,4463.7,4467.25,2159,13,0,2159
2026-06-03 04:30:00,4467.25,4473.04,4466.92,4470.94,2315,13,0,2315
2026-06-03 04:33:00,4470.93,4472.86,4469.51,4471.97,2023,13,0,2023
2026-06-03 04:36:00,4471.98,4472.69,4467.4,4469.71,2043,13,0,2043
2026-06-03 04:39:00,4469.71,4470.68,4464.89,4469.78,2158,13,0,2158
2026-06-03 04:42:00,4469.8,4471.4,4468.79,4470.51,1999,13,0,1999
2026-06-03 04:45:00,4470.52,4475.14,4470.19,4473.79,2003,13,0,2003
2026-06-03 04:48:00,4473.81,4476.44,4473.46,4474.5,1966,13,0,1966
2026-06-03 04:51:00,4474.5,4477.19,4473.87,4474.17,1937,14,0,1937
2026-06-03 04:54:00,4474.17,4476.89,4473.35,4474.81,2011,14,0,2011
2026-06-03 04:57:00,4474.82,4476.17,4472.34,4475.78,2034,15,0,2034
2026-06-03 05:00:00,4475.77,4476.21,4472.84,4473.72,1901,14,0,1901
2026-06-03 05:03:00,4473.7,4475.25,4473.33,4475.25,1882,14,0,1882
2026-06-03 05:06:00,4475.26,4475.98,4474.29,4475.88,1871,15,0,1871
2026-06-03 05:09:00,4475.93,4479.68,4475.38,4476.9,2073,15,0,2073
2026-06-03 05:12:00,4476.91,4481.47,4476.45,4480.65,1969,14,0,1969
2026-06-03 05:15:00,4480.65,4481.04,4478.49,4479.15,1881,14,0,1881
2026-06-03 05:18:00,4479.14,4479.16,4474.15,4475.62,1854,13,0,1854
2026-06-03 05:21:00,4475.62,4477.89,4475.21,4477.61,1894,13,0,1894
2026-06-03 05:24:00,4477.64,4480.83,4477.29,4479.82,1852,13,0,1852
2026-06-03 05:27:00,4479.83,4479.83,4478.19,4478.91,1886,13,0,1886
2026-06-03 05:30:00,4478.91,4479.15,4474.91,4476.83,2006,14,0,2006
2026-06-03 05:33:00,4476.81,4479.94,4476.49,4478.86,1961,13,0,1961
2026-06-03 05:36:00,4478.86,4482.24,4478.24,4481.27,1921,14,0,1921
2026-06-03 05:39:00,4481.25,4484.11,4480.36,4483.59,1880,13,0,1880
2026-06-03 05:42:00,4483.62,4485.17,4479.06,4479.19,1992,15,0,1992
2026-06-03 05:45:00,4479.18,4479.39,4473.03,4474.1,2064,16,0,2064
2026-06-03 05:48:00,4474.11,4476.99,4474.01,4475.96,1928,16,0,1928
2026-06-03 05:51:00,4475.95,4478.85,4474.1,4478.06,1976,15,0,1976
2026-06-03 05:54:00,4478.07,4480.6,4478.07,4479.8,1867,13,0,1867
2026-06-03 05:57:00,4479.8,4482.07,4477.13,4481.94,1908,13,0,1908
2026-06-03 06:00:00,4481.95,4486.23,4481.88,4485.5,1939,14,0,1939
2026-06-03 06:03:00,4485.49,4487.6,4485.03,4487.14,1900,13,0,1900
2026-06-03 06:06:00,4487.15,4487.49,4484.64,4485.29,1853,13,0,1853
2026-06-03 06:09:00,4485.31,4486.27,4484.35,4484.74,1842,13,0,1842
2026-06-03 06:12:00,4484.79,4485.53,4483.75,4485.43,1878,13,0,1878
2026-06-03 06:15:00,4485.46,4486.44,4483.48,4486.39,1838,15,0,1838
2026-06-03 06:18:00,4486.44,4487.26,4484.98,4485.95,1790,14,0,1790
2026-06-03 06:21:00,4485.94,4486.73,4485.02,4486.55,1861,14,0,1861
2026-06-03 06:24:00,4486.56,4486.69,4483.16,4483.81,1869,15,0,1869
2026-06-03 06:27:00,4483.8,4484.88,4483.41,4483.41,1857,15,0,1857
2026-06-03 06:30:00,4483.42,4484.87,4483.1,4484.01,1793,15,0,1793
2026-06-03 06:33:00,4484.0,4485.54,4483.73,4484.1,1785,15,0,1785
2026-06-03 06:36:00,4484.09,4485.39,4483.45,4483.45,1797,14,0,1797
2026-06-03 06:39:00,4483.45,4485.84,4483.41,4484.43,1743,13,0,1743
2026-06-03 06:42:00,4484.44,4485.3,4483.64,4484.54,1802,13,0,1802
2026-06-03 06:45:00,4484.54,4484.74,4482.49,4483.1,1818,14,0,1818
2026-06-03 06:48:00,4483.11,4483.42,4482.74,4482.95,1831,13,0,1831
2026-06-03 06:51:00,4482.93,4486.32,4482.93,4484.57,1770,14,0,1770
2026-06-03 06:54:00,4484.57,4485.6,4483.81,4484.33,1793,13,0,1793
2026-06-03 06:57:00,4484.35,4484.63,4483.37,4484.44,1766,13,0,1766
2026-06-03 07:00:00,4484.45,4486.25,4484.01,4485.38,1786,13,0,1786
2026-06-03 07:03:00,4485.37,4486.8,4485.22,4486.71,1785,13,0,1785
2026-06-03 07:06:00,4486.7,4486.99,4484.94,4485.05,1811,13,0,1811
2026-06-03 07:09:00,4485.04,4486.69,4485.03,4485.72,1824,13,0,1824
2026-06-03 07:12:00,4485.75,4486.91,4484.55,4486.89,1798,13,0,1798
2026-06-03 07:15:00,4486.87,4488.16,4482.35,4482.36,1866,15,0,1866
2026-06-03 07:18:00,4482.28,4482.7,4480.64,4480.71,1794,15,0,1794
2026-06-03 07:21:00,4480.7,4481.53,4480.24,4480.52,1757,13,0,1757
2026-06-03 07:24:00,4480.53,4480.89,4480.16,4480.39,1771,13,0,1771
2026-06-03 07:27:00,4480.39,4480.39,4477.11,4477.14,1856,13,0,1856
2026-06-03 07:30:00,4477.13,4477.38,4473.97,4474.43,1823,15,0,1823
2026-06-03 07:33:00,4474.44,4475.46,4473.71,4474.94,1797,15,0,1797
2026-06-03 07:36:00,4474.95,4475.0,4471.45,4472.98,1805,16,0,1805
2026-06-03 07:39:00,4472.98,4473.27,4470.88,4472.78,1826,14,0,1826
2026-06-03 07:42:00,4472.77,4473.82,4472.03,4473.42,1804,13,0,1804
2026-06-03 07:45:00,4473.42,4474.02,4470.35,4471.66,1861,15,0,1861
2026-06-03 07:48:00,4471.66,4471.87,4470.86,4471.34,1762,13,0,1762
2026-06-03 07:51:00,4471.36,4471.55,4470.12,4470.94,1787,13,0,1787
2026-06-03 07:54:00,4470.97,4470.97,4469.06,4469.07,1824,13,0,1824
2026-06-03 07:57:00,4469.05,4470.63,4468.33,4469.43,1854,16,0,1854
2026-06-03 08:00:00,4469.44,4470.64,4467.82,4469.24,1968,14,0,1968
2026-06-03 08:03:00,4469.25,4472.05,4468.11,4469.65,1888,15,0,1888
2026-06-03 08:06:00,4469.65,4470.31,4467.39,4468.99,1894,15,0,1894
2026-06-03 08:09:00,4469.0,4471.83,4468.95,4471.57,1917,15,0,1917
2026-06-03 08:12:00,4471.56,4473.65,4470.92,4473.33,1893,13,0,1893
2026-06-03 08:15:00,4473.35,4474.2,4472.38,4472.98,1839,13,0,1839
2026-06-03 08:18:00,4472.98,4473.17,4471.26,4471.72,1821,13,0,1821
2026-06-03 08:21:00,4471.72,4473.11,4471.29,4471.38,1831,13,0,1831
2026-06-03 08:24:00,4471.4,4471.54,4468.5,4468.87,1846,13,0,1846
2026-06-03 08:27:00,4468.89,4468.93,4466.12,4468.62,1917,13,0,1917
2026-06-03 08:30:00,4468.64,4468.94,4459.06,4461.85,2434,13,0,2434
2026-06-03 08:33:00,4461.87,4465.87,4461.85,4465.51,2005,15,0,2005
2026-06-03 08:36:00,4465.49,4468.87,4463.38,4464.03,2003,15,0,2003
2026-06-03 08:39:00,4464.03,4467.4,4463.46,4463.55,1929,15,0,1929
2026-06-03 08:42:00,4463.56,4463.81,4460.17,4462.01,1954,14,0,1954
2026-06-03 08:45:00,4462.02,4465.36,4461.08,4465.14,2028,15,0,2028
2026-06-03 08:48:00,4465.11,4468.33,4464.38,4466.37,2037,14,0,2037
2026-06-03 08:51:00,4466.39,4466.68,4462.41,4462.92,2083,14,0,2083
2026-06-03 08:54:00,4462.9,4464.05,4461.16,4461.6,1963,13,0,1963
2026-06-03 08:57:00,4461.59,4461.62,4456.64,4457.09,2167,13,0,2167
2026-06-03 09:00:00,4457.06,4466.27,4456.82,4466.13,2278,12,0,2278
2026-06-03 09:03:00,4466.13,4467.46,4464.16,4465.29,2215,14,0,2215
2026-06-03 09:06:00,4465.3,4465.69,4462.23,4465.36,2252,9,0,2252
2026-06-03 09:09:00,4465.41,4467.01,4464.53,4464.64,2128,14,0,2128
2026-06-03 09:12:00,4464.64,4466.25,4462.88,4466.16,2245,9,0,2245
2026-06-03 09:15:00,4466.16,4468.6,4465.63,4468.02,2104,10,0,2104
2026-06-03 09:18:00,4468.02,4471.08,4467.55,4468.54,2317,9,0,2317
2026-06-03 09:21:00,4468.53,4468.66,4461.02,4461.45,2161,12,0,2161
2026-06-03 09:24:00,4461.46,4461.46,4458.99,4460.5,2163,12,0,2163
2026-06-03 09:27:00,4460.49,4463.24,4459.69,4462.56,2181,14,0,2181
2026-06-03 09:30:00,4462.53,4465.05,4461.32,4462.05,2468,9,0,2468
2026-06-03 09:33:00,4462.09,4462.41,4457.18,4460.86,2343,14,0,2343
2026-06-03 09:36:00,4460.86,4463.89,4460.25,4462.5,2247,9,0,2247
2026-06-03 09:39:00,4462.49,4463.44,4460.43,4460.71,2356,9,0,2356
2026-06-03 09:42:00,4460.72,4463.67,4457.87,4460.6,2146,9,0,2146
2026-06-03 09:45:00,4460.57,4460.59,4455.29,4457.59,2177,13,0,2177
2026-06-03 09:48:00,4457.58,4459.57,4456.97,4458.5,1985,11,0,1985
2026-06-03 09:51:00,4458.53,4460.4,4457.74,4459.21,2029,11,0,2029
2026-06-03 09:54:00,4459.22,4461.7,4457.77,4461.28,1965,11,0,1965
2026-06-03 09:57:00,4461.24,4463.07,4460.29,4463.01,1991,13,0,1991
2026-06-03 10:00:00,4463.01,4464.54,4459.96,4464.52,2117,14,0,2117
2026-06-03 10:03:00,4464.55,4466.93,4463.39,4465.42,2111,14,0,2111
2026-06-03 10:06:00,4465.41,4466.86,4464.37,4466.65,2146,9,0,2146
2026-06-03 10:09:00,4466.63,4471.1,4465.98,4470.6,2151,12,0,2151
2026-06-03 10:12:00,4470.61,4472.16,4468.54,4469.57,2071,14,0,2071
2026-06-03 10:15:00,4469.6,4469.91,4466.64,4468.77,2072,11,0,2072
2026-06-03 10:18:00,4468.76,4469.15,4462.02,4462.22,2031,11,0,2031
2026-06-03 10:21:00,4462.19,4464.89,4461.98,4462.94,2484,9,0,2484
2026-06-03 10:24:00,4462.93,4464.69,4458.63,4459.03,1973,9,0,1973
2026-06-03 10:27:00,4459.02,4460.37,4456.19,4456.21,2035,11,0,2035
2026-06-03 10:30:00,4456.2,4458.67,4454.34,4458.26,2074,14,0,2074
2026-06-03 10:33:00,4458.26,4463.29,4457.8,4461.08,2208,9,0,2208
2026-06-03 10:36:00,4461.08,4461.08,4458.35,4460.5,2393,9,0,2393
2026-06-03 10:39:00,4460.51,4460.78,4455.26,4456.17,2062,9,0,2062
2026-06-03 10:42:00,4456.2,4461.37,4454.64,4458.71,2122,14,0,2122
2026-06-03 10:45:00,4458.71,4459.36,4455.7,4459.13,2092,12,0,2092
2026-06-03 10:48:00,4459.14,4460.72,4458.58,4460.67,2396,9,0,2396
2026-06-03 10:51:00,4460.66,4463.92,4459.99,4461.25,1962,9,0,1962
2026-06-03 10:54:00,4461.22,4461.59,4456.54,4456.9,2038,9,0,2038
2026-06-03 10:57:00,4456.91,4457.32,4452.73,4453.29,2011,12,0,2011
2026-06-03 11:00:00,4453.26,4455.8,4450.74,4454.85,2217,14,0,2217
2026-06-03 11:03:00,4454.83,4459.38,4453.07,4455.83,2065,14,0,2065
2026-06-03 11:06:00,4455.83,4457.33,4455.39,4456.24,1969,12,0,1969
2026-06-03 11:09:00,4456.23,4456.6,4454.27,4456.13,1920,11,0,1920
2026-06-03 11:12:00,4456.13,4457.81,4455.39,4455.44,1932,11,0,1932
2026-06-03 11:15:00,4455.42,4457.08,4452.31,4453.57,2013,12,0,2013
2026-06-03 11:18:00,4453.61,4455.45,4452.81,4455.31,1913,14,0,1913
2026-06-03 11:21:00,4455.3,4455.45,4450.73,4450.85,1972,12,0,1972
2026-06-03 11:24:00,4450.87,4453.73,4450.67,4453.1,2101,14,0,2101
2026-06-03 11:27:00,4453.11,4457.55,4453.04,4457.42,2165,9,0,2165
2026-06-03 11:30:00,4457.41,4458.47,4455.71,4455.86,2267,9,0,2267
2026-06-03 11:33:00,4455.87,4456.99,4454.89,4456.09,2281,9,0,2281
2026-06-03 11:36:00,4456.08,4457.04,4454.45,4456.5,1974,9,0,1974
2026-06-03 11:39:00,4456.51,4458.4,4455.51,4458.18,1950,11,0,1950
2026-06-03 11:42:00,4458.17,4458.86,4455.43,4456.44,1949,13,0,1949
2026-06-03 11:45:00,4456.43,4457.71,4454.24,4456.41,1972,14,0,1972
2026-06-03 11:48:00,4456.39,4456.61,4453.83,4453.84,2105,9,0,2105
2026-06-03 11:51:00,4453.84,4454.48,4442.63,4447.07,2430,9,0,2430
2026-06-03 11:54:00,4447.08,4448.24,4442.52,4444.08,2131,14,0,2131
2026-06-03 11:57:00,4444.08,4445.78,4440.22,4443.98,2193,14,0,2193
2026-06-03 12:00:00,4444.0,4447.16,4441.79,4446.58,2090,14,0,2090
2026-06-03 12:03:00,4446.59,4453.0,4446.22,4452.38,2039,13,0,2039
2026-06-03 12:06:00,4452.37,4458.98,4452.37,4458.04,2037,11,0,2037
2026-06-03 12:09:00,4458.03,4458.11,4454.5,4454.51,1999,12,0,1999
2026-06-03 12:12:00,4454.53,4454.91,4451.38,4451.41,1979,12,0,1979
2026-06-03 12:15:00,4451.4,4451.75,4446.82,4447.84,2005,14,0,2005
2026-06-03 12:18:00,4447.83,4451.91,4447.49,4451.45,1971,13,0,1971
2026-06-03 12:21:00,4451.44,4451.68,4449.45,4450.35,2009,11,0,2009
2026-06-03 12:24:00,4450.36,4450.41,4446.96,4448.59,2030,12,0,2030
2026-06-03 12:27:00,4448.58,4449.07,4439.28,4439.64,2191,12,0,2191
2026-06-03 12:30:00,4439.91,4444.11,4439.78,4443.48,2183,14,0,2183
2026-06-03 12:33:00,4443.45,4444.46,4440.29,4440.75,1955,13,0,1955
2026-06-03 12:36:00,4440.75,4446.65,4438.97,4445.82,2281,9,0,2281
2026-06-03 12:39:00,4445.85,4448.5,4445.75,4445.96,2014,9,0,2014
2026-06-03 12:42:00,4445.96,4448.05,4444.37,4446.84,1993,9,0,1993
2026-06-03 12:45:00,4446.84,4447.06,4443.43,4445.5,2038,10,0,2038
2026-06-03 12:48:00,4445.51,4447.95,4444.43,4447.12,2096,9,0,2096
2026-06-03 12:51:00,4447.14,4447.43,4444.77,4444.88,1889,11,0,1889
2026-06-03 12:54:00,4444.91,4445.47,4443.0,4443.69,1940,12,0,1940
2026-06-03 12:57:00,4443.68,4444.18,4441.0,4443.1,1933,12,0,1933
2026-06-03 13:00:00,4443.09,4446.41,4440.97,4446.41,2034,14,0,2034
2026-06-03 13:03:00,4446.41,4452.79,4446.01,4452.52,2153,14,0,2153
2026-06-03 13:06:00,4452.53,4467.07,4451.89,4461.6,3196,14,0,3196
2026-06-03 13:09:00,4461.62,4464.98,4457.75,4462.82,2660,14,0,2660
2026-06-03 13:12:00,4462.82,4464.42,4459.23,4463.02,2447,14,0,2447
2026-06-03 13:15:00,4463.01,4463.49,4460.5,4461.32,2279,14,0,2279
2026-06-03 13:18:00,4461.34,4463.84,4460.77,4462.41,2139,14,0,2139
2026-06-03 13:21:00,4462.41,4464.35,4456.81,4456.81,2195,14,0,2195
2026-06-03 13:24:00,4456.81,4457.52,4454.08,4454.27,2109,14,0,2109
2026-06-03 13:27:00,4454.29,4460.83,4453.72,4459.85,2140,14,0,2140
2026-06-03 13:30:00,4459.9,4462.29,4458.71,4461.68,1986,14,0,1986
2026-06-03 13:33:00,4461.67,4462.78,4459.25,4459.61,1936,14,0,1936
2026-06-03 13:36:00,4459.62,4460.19,4458.33,4459.45,1890,14,0,1890
2026-06-03 13:39:00,4459.45,4460.17,4456.15,4456.65,1915,14,0,1915
2026-06-03 13:42:00,4456.65,4457.02,4453.24,4454.16,2021,14,0,2021
2026-06-03 13:45:00,4454.2,4455.83,4453.85,4455.13,1947,14,0,1947
2026-06-03 13:48:00,4455.12,4458.68,4455.08,4458.62,1866,14,0,1866
2026-06-03 13:51:00,4458.61,4459.49,4457.01,4457.04,1898,14,0,1898
2026-06-03 13:54:00,4457.07,4461.14,4456.78,4460.86,1919,14,0,1919
2026-06-03 13:57:00,4460.85,4460.91,4458.41,4458.98,1838,14,0,1838
2026-06-03 14:00:00,4458.98,4463.43,4458.98,4463.42,2023,14,0,2023
2026-06-03 14:03:00,4463.42,4464.93,4462.53,4462.77,2012,14,0,2012
2026-06-03 14:06:00,4462.79,4468.06,4462.69,4466.83,2057,14,0,2057
2026-06-03 14:09:00,4466.85,4466.85,4461.01,4461.45,2125,14,0,2125
2026-06-03 14:12:00,4461.48,4463.77,4461.07,4462.07,2030,10,0,2030
2026-06-03 14:15:00,4462.06,4462.62,4459.29,4459.33,2198,9,0,2198
2026-06-03 14:18:00,4459.31,4465.52,4459.18,4465.33,2088,9,0,2088
2026-06-03 14:21:00,4465.35,4465.79,4461.67,4461.73,1968,12,0,1968
2026-06-03 14:24:00,4461.74,4463.5,4461.73,4463.2,2041,9,0,2041
2026-06-03 14:27:00,4463.21,4464.74,4461.95,4464.55,1974,11,0,1974
2026-06-03 14:30:00,4464.53,4467.23,4464.46,4465.06,2034,13,0,2034
2026-06-03 14:33:00,4465.07,4466.25,4463.87,4465.12,1914,12,0,1914
2026-06-03 14:36:00,4465.28,4465.46,4463.39,4463.5,2117,9,0,2117
2026-06-03 14:39:00,4463.5,4464.66,4462.69,4464.37,2000,9,0,2000
2026-06-03 14:42:00,4464.4,4464.64,4459.44,4460.29,1930,14,0,1930
2026-06-03 14:45:00,4460.31,4463.44,4458.53,4462.06,2038,14,0,2038
2026-06-03 14:48:00,4462.02,4463.05,4460.56,4462.84,1962,14,0,1962
2026-06-03 14:51:00,4462.93,4464.95,4461.82,4463.27,1987,10,0,1987
2026-06-03 14:54:00,4463.27,4463.7,4461.94,4462.29,2059,9,0,2059
2026-06-03 14:57:00,4462.29,4463.23,4461.41,4462.43,2169,9,0,2169
2026-06-03 15:00:00,4462.41,4464.04,4459.82,4463.05,2006,13,0,2006
2026-06-03 15:03:00,4463.06,4464.48,4462.16,4463.21,2081,13,0,2081
2026-06-03 15:06:00,4463.21,4464.52,4457.18,4457.3,2077,14,0,2077
2026-06-03 15:09:00,4457.33,4461.44,4457.33,4460.08,2146,10,0,2146
2026-06-03 15:12:00,4460.06,4461.23,4458.32,4459.1,2323,9,0,2323
2026-06-03 15:15:00,4459.12,4459.16,4455.83,4457.29,1998,9,0,1998
2026-06-03 15:18:00,4457.26,4461.47,4455.69,4461.03,2076,11,0,2076
2026-06-03 15:21:00,4461.04,4462.32,4457.96,4457.99,2092,14,0,2092
2026-06-03 15:24:00,4457.99,4458.83,4454.57,4454.64,2109,13,0,2109
2026-06-03 15:27:00,4454.64,4454.83,4451.89,4452.78,2089,13,0,2089
2026-06-03 15:30:00,4452.77,4456.93,4452.0,4456.53,2204,13,0,2204
2026-06-03 15:33:00,4456.54,4456.72,4449.19,4451.01,2106,14,0,2106
2026-06-03 15:36:00,4450.99,4453.93,4448.25,4450.02,2158,14,0,2158
2026-06-03 15:39:00,4450.01,4457.47,4448.55,4457.05,2157,14,0,2157
2026-06-03 15:42:00,4457.07,4460.58,4453.54,4459.19,2228,14,0,2228
2026-06-03 15:45:00,4458.99,4460.18,4456.78,4459.45,2298,14,0,2298
2026-06-03 15:48:00,4459.45,4465.38,4457.96,4465.0,2123,13,0,2123
2026-06-03 15:51:00,4465.03,4467.2,4463.22,4464.43,2173,14,0,2173
2026-06-03 15:54:00,4464.46,4465.14,4455.46,4459.95,2284,13,0,2284
2026-06-03 15:57:00,4459.95,4462.53,4459.16,4460.44,2255,9,0,2255
2026-06-03 16:00:00,4460.42,4462.48,4458.0,4461.66,2475,11,0,2475
2026-06-03 16:03:00,4461.66,4465.58,4460.6,4463.73,2423,12,0,2423
2026-06-03 16:06:00,4463.75,4465.43,4462.05,4463.31,2291,9,0,2291
2026-06-03 16:09:00,4463.33,4466.06,4461.93,4464.19,2252,14,0,2252
2026-06-03 16:12:00,4464.19,4465.17,4462.3,4462.33,2050,11,0,2050
2026-06-03 16:15:00,4462.32,4463.27,4457.27,4457.53,2125,14,0,2125
2026-06-03 16:18:00,4457.49,4458.05,4453.38,4453.83,2175,14,0,2175
2026-06-03 16:21:00,4453.86,4457.98,4450.69,4450.85,2286,14,0,2286
2026-06-03 16:24:00,4450.86,4451.41,4445.88,4447.21,2340,14,0,2340
2026-06-03 16:27:00,4447.22,4449.47,4446.44,4448.59,2237,11,0,2237
2026-06-03 16:30:00,4448.62,4453.26,4448.09,4452.21,2659,13,0,2659
2026-06-03 16:33:00,4452.21,4452.21,4446.22,4447.93,2530,14,0,2530
2026-06-03 16:36:00,4447.93,4451.57,4447.58,4450.27,2603,11,0,2603
2026-06-03 16:39:00,4450.28,4450.42,4444.46,4445.66,2603,13,0,2603
2026-06-03 16:42:00,4445.68,4446.31,4427.32,4427.41,2957,13,0,2957
2026-06-03 16:45:00,4427.22,4434.52,4426.41,4433.27,3216,14,0,3216
2026-06-03 16:48:00,4433.25,4441.38,4431.75,4441.1,3116,13,0,3116
2026-06-03 16:51:00,4441.11,4446.72,4440.42,4445.93,2641,12,0,2641
2026-06-03 16:54:00,4445.93,4450.07,4443.97,4444.69,2702,11,0,2702
2026-06-03 16:57:00,4444.73,4447.25,4441.68,4444.77,2385,13,0,2385
2026-06-03 17:00:00,4446.54,4451.52,4442.44,4445.04,2853,14,0,2853
2026-06-03 17:03:00,4445.03,4448.82,4442.97,4446.16,2678,12,0,2678
2026-06-03 17:06:00,4446.19,4452.14,4445.87,4448.95,2647,12,0,2647
2026-06-03 17:09:00,4448.95,4456.58,4448.93,4454.45,2712,10,0,2712
2026-06-03 17:12:00,4454.47,4456.67,4453.67,4454.51,2474,11,0,2474
2026-06-03 17:15:00,4454.51,4458.57,4451.2,4452.86,2588,12,0,2588
2026-06-03 17:18:00,4452.87,4453.31,4445.85,4449.18,2813,9,0,2813
2026-06-03 17:21:00,4449.21,4451.6,4447.12,4447.15,2829,9,0,2829
2026-06-03 17:24:00,4447.11,4449.96,4446.84,4447.14,2432,9,0,2432
2026-06-03 17:27:00,4447.12,4452.2,4446.39,4452.02,2222,11,0,2222
2026-06-03 17:30:00,4451.99,4453.3,4448.34,4448.53,2460,13,0,2460
2026-06-03 17:33:00,4448.53,4451.43,4447.5,4450.33,2374,13,0,2374
2026-06-03 17:36:00,4450.31,4453.54,4449.0,4450.83,2403,13,0,2403
2026-06-03 17:39:00,4450.81,4452.29,4449.06,4451.05,2323,12,0,2323
2026-06-03 17:42:00,4451.06,4451.41,4447.09,4448.22,2281,14,0,2281
2026-06-03 17:45:00,4448.23,4453.07,4447.95,4452.75,2239,11,0,2239
2026-06-03 17:48:00,4452.76,4455.08,4450.78,4451.08,2392,9,0,2392
2026-06-03 17:51:00,4451.07,4459.43,4451.07,4458.13,2460,14,0,2460
2026-06-03 17:54:00,4458.13,4459.56,4456.03,4456.03,2542,9,0,2542
2026-06-03 17:57:00,4456.02,4458.41,4455.46,4457.16,2261,9,0,2261
2026-06-03 18:00:00,4457.14,4458.38,4455.55,4456.07,2258,13,0,2258
2026-06-03 18:03:00,4456.07,4456.54,4450.08,4450.27,2264,12,0,2264
2026-06-03 18:06:00,4450.29,4451.48,4448.05,4450.99,2528,9,0,2528
2026-06-03 18:09:00,4451.0,4452.03,4448.38,4449.93,2379,9,0,2379
2026-06-03 18:12:00,4449.94,4450.53,4444.94,4445.85,2239,10,0,2239
2026-06-03 18:15:00,4445.85,4449.61,4445.83,4447.3,2316,14,0,2316
2026-06-03 18:18:00,4447.36,4450.98,4443.66,4443.66,2438,14,0,2438
2026-06-03 18:21:00,4443.67,4445.17,4439.48,4441.68,2320,13,0,2320
2026-06-03 18:24:00,4441.68,4443.39,4439.96,4440.99,2330,11,0,2330
2026-06-03 18:27:00,4440.99,4445.19,4440.42,4445.19,2385,12,0,2385
2026-06-03 18:30:00,4444.92,4445.45,4442.87,4443.42,2439,10,0,2439
2026-06-03 18:33:00,4443.43,4443.7,4440.43,4442.07,2430,9,0,2430
2026-06-03 18:36:00,4442.07,4442.76,4436.86,4439.0,2286,10,0,2286
2026-06-03 18:39:00,4438.99,4440.86,4438.4,4440.03,2508,9,0,2508
2026-06-03 18:42:00,4440.07,4442.3,4440.03,4440.14,2231,12,0,2231
2026-06-03 18:45:00,4440.11,4441.7,4437.93,4440.07,2363,9,0,2363
2026-06-03 18:48:00,4440.05,4443.73,4440.04,4442.55,2145,11,0,2145
2026-06-03 18:51:00,4442.54,4443.19,4440.05,4440.77,2007,12,0,2007
2026-06-03 18:54:00,4440.74,4442.92,4440.55,4441.24,2072,14,0,2072
2026-06-03 18:57:00,4441.25,4442.56,4440.87,4442.23,2046,13,0,2046
2026-06-03 19:00:00,4442.23,4443.09,4439.74,4441.15,2057,14,0,2057
2026-06-03 19:03:00,4441.15,4443.94,4440.67,4442.88,2186,13,0,2186
2026-06-03 19:06:00,4442.88,4443.02,4437.2,4438.51,2270,12,0,2270
2026-06-03 19:09:00,4438.51,4440.26,4437.32,4439.55,2208,12,0,2208
2026-06-03 19:12:00,4439.56,4440.63,4438.5,4439.21,2261,9,0,2261
2026-06-03 19:15:00,4439.23,4441.37,4438.57,4438.63,2297,9,0,2297
2026-06-03 19:18:00,4438.61,4438.68,4436.64,4436.86,2231,11,0,2231
2026-06-03 19:21:00,4436.84,4439.78,4435.04,4435.49,2295,10,0,2295
2026-06-03 19:24:00,4435.5,4437.78,4434.05,4436.92,2232,12,0,2232
2026-06-03 19:27:00,4436.92,4437.86,4433.81,4437.64,2258,11,0,2258
2026-06-03 19:30:00,4437.67,4440.72,4437.2,4439.83,2242,11,0,2242
2026-06-03 19:33:00,4439.83,4440.65,4438.45,4438.66,2436,9,0,2436
2026-06-03 19:36:00,4438.63,4439.24,4437.15,4437.45,2489,9,0,2489
2026-06-03 19:39:00,4437.47,4438.2,4435.87,4436.72,2096,9,0,2096
2026-06-03 19:42:00,4436.74,4439.09,4435.38,4439.02,2101,12,0,2101
2026-06-03 19:45:00,4439.0,4440.44,4437.58,4439.82,2280,12,0,2280
2026-06-03 19:48:00,4439.85,4440.21,4437.61,4439.46,2446,9,0,2446
2026-06-03 19:51:00,4439.48,4439.64,4437.03,4437.57,2154,9,0,2154
2026-06-03 19:54:00,4437.59,4439.39,4437.38,4439.26,2120,9,0,2120
2026-06-03 19:57:00,4439.24,4442.78,4439.17,4441.84,2298,9,0,2298
2026-06-03 20:00:00,4441.87,4444.91,4441.75,4444.05,2293,9,0,2293
2026-06-03 20:03:00,4444.04,4445.2,4443.87,4444.08,2486,9,0,2486
2026-06-03 20:06:00,4444.08,4446.26,4443.28,4445.73,2334,9,0,2334
2026-06-03 20:09:00,4445.72,4448.42,4445.2,4445.58,2384,9,0,2384
2026-06-03 20:12:00,4445.57,4445.94,4441.61,4441.9,2538,9,0,2538
2026-06-03 20:15:00,4441.89,4443.49,4441.43,4441.98,2482,9,0,2482
2026-06-03 20:18:00,4442.0,4442.9,4441.16,4441.2,2159,9,0,2159
2026-06-03 20:21:00,4441.19,4442.16,4440.22,4442.14,1976,9,0,1976
2026-06-03 20:24:00,4442.17,4442.9,4441.18,4441.84,2156,9,0,2156
2026-06-03 20:27:00,4441.85,4442.18,4437.88,4439.04,2181,13,0,2181
2026-06-03 20:30:00,4439.02,4439.02,4435.62,4437.68,2081,14,0,2081
2026-06-03 20:33:00,4437.66,4440.7,4437.36,4439.9,2116,9,0,2116
2026-06-03 20:36:00,4439.89,4439.95,4438.01,4439.07,2092,9,0,2092
2026-06-03 20:39:00,4439.05,4440.75,4439.02,4440.69,1952,9,0,1952
2026-06-03 20:42:00,4440.68,4442.25,4440.25,4440.56,1973,12,0,1973
2026-06-03 20:45:00,4440.58,4440.87,4438.76,4438.76,1975,11,0,1975
2026-06-03 20:48:00,4438.78,4439.35,4437.75,4438.33,1948,12,0,1948
2026-06-03 20:51:00,4438.33,4439.66,4438.3,4438.76,1924,12,0,1924
2026-06-03 20:54:00,4438.74,4439.38,4436.93,4438.62,1999,12,0,1999
2026-06-03 20:57:00,4438.65,4439.28,4438.15,4439.05,2012,9,0,2012
2026-06-03 21:00:00,4439.04,4439.82,4438.1,4439.64,1977,9,0,1977
2026-06-03 21:03:00,4439.64,4440.59,4438.5,4438.63,2220,9,0,2220
2026-06-03 21:06:00,4438.6,4439.32,4436.37,4436.84,1986,10,0,1986
2026-06-03 21:09:00,4436.84,4438.58,4436.82,4438.08,2056,9,0,2056
2026-06-03 21:12:00,4438.08,4438.15,4435.52,4436.93,2212,9,0,2212
2026-06-03 21:15:00,4436.92,4437.53,4435.54,4437.19,1922,14,0,1922
2026-06-03 21:18:00,4437.21,4438.15,4435.02,4437.64,2393,9,0,2393
2026-06-03 21:21:00,4437.61,4439.28,4437.26,4438.77,1945,13,0,1945
2026-06-03 21:24:00,4438.77,4439.81,4438.5,4439.78,1913,11,0,1913
2026-06-03 21:27:00,4439.79,4440.66,4439.6,4440.2,2003,12,0,2003
2026-06-03 21:30:00,4440.2,4442.6,4439.73,4440.97,1945,13,0,1945
2026-06-03 21:33:00,4440.97,4441.52,4436.94,4437.23,2011,13,0,2011
2026-06-03 21:36:00,4437.28,4439.32,4437.25,4439.04,2021,11,0,2021
2026-06-03 21:39:00,4439.06,4440.22,4437.39,4440.18,2005,9,0,2005
2026-06-03 21:42:00,4440.2,4440.33,4439.5,4440.02,2216,9,0,2216
2026-06-03 21:45:00,4439.99,4441.72,4439.62,4441.55,1990,9,0,1990
2026-06-03 21:48:00,4441.54,4441.82,4439.88,4440.53,1864,12,0,1864
2026-06-03 21:51:00,4440.55,4440.92,4440.03,4440.24,1973,13,0,1973
2026-06-03 21:54:00,4440.21,4440.78,4439.78,4440.2,1878,14,0,1878
2026-06-03 21:57:00,4440.21,4442.91,4439.78,4442.1,1899,14,0,1899
2026-06-03 22:00:00,4442.09,4446.38,4441.45,4446.36,2047,14,0,2047
2026-06-03 22:03:00,4446.37,4449.8,4445.52,4449.17,2097,14,0,2097
2026-06-03 22:06:00,4449.17,4449.33,4446.96,4448.89,1951,14,0,1951
2026-06-03 22:09:00,4448.86,4448.88,4446.91,4447.52,1987,14,0,1987
2026-06-03 22:12:00,4447.53,4450.0,4447.21,4449.76,2008,14,0,2008
2026-06-03 22:15:00,4449.73,4452.05,4448.81,4451.04,2049,14,0,2049
2026-06-03 22:18:00,4451.05,4452.28,4450.34,4451.39,1994,12,0,1994
2026-06-03 22:21:00,4451.38,4451.39,4448.41,4448.72,1981,11,0,1981
2026-06-03 22:24:00,4448.69,4449.1,4447.78,4448.27,1977,10,0,1977
2026-06-03 22:27:00,4448.3,4448.3,4446.55,4448.03,1941,10,0,1941
2026-06-03 22:30:00,4448.03,4449.69,4447.39,4447.88,2026,13,0,2026
2026-06-03 22:33:00,4447.9,4448.87,4447.77,4448.77,1859,11,0,1859
2026-06-03 22:36:00,4448.76,4449.14,4447.83,4448.6,1919,13,0,1919
2026-06-03 22:39:00,4448.6,4448.88,4446.71,4448.42,1877,13,0,1877
2026-06-03 22:42:00,4448.41,4448.67,4446.9,4446.92,2215,9,0,2215
2026-06-03 22:45:00,4446.94,4447.0,4444.84,4445.68,1956,9,0,1956
2026-06-03 22:48:00,4445.7,4447.38,4445.16,4445.3,2196,9,0,2196
2026-06-03 22:51:00,4445.3,4446.67,4445.05,4446.51,1958,13,0,1958
2026-06-03 22:54:00,4446.51,4446.55,4443.5,4444.66,1996,14,0,1996
2026-06-03 22:57:00,4444.67,4444.91,4443.11,4443.95,2048,12,0,2048
2026-06-03 23:00:00,4443.91,4445.36,4442.12,4442.36,1988,11,0,1988
2026-06-03 23:03:00,4442.35,4443.4,4438.62,4439.87,2162,9,0,2162
2026-06-03 23:06:00,4439.87,4440.88,4439.55,4439.87,2220,9,0,2220
2026-06-03 23:09:00,4439.88,4441.93,4439.28,4439.5,1998,9,0,1998
2026-06-03 23:12:00,4439.49,4440.38,4439.04,4439.99,2439,9,0,2439
2026-06-03 23:15:00,4439.99,4440.19,4437.73,4437.82,2162,9,0,2162
2026-06-03 23:18:00,4437.82,4438.88,4437.42,4437.99,2500,9,0,2500
2026-06-03 23:21:00,4437.97,4440.07,4437.89,4439.19,2236,9,0,2236
2026-06-03 23:24:00,4439.18,4440.3,4439.11,4439.99,1928,9,0,1928
2026-06-03 23:27:00,4439.97,4440.03,4438.23,4439.06,1827,12,0,1827
2026-06-03 23:30:00,4439.06,4439.66,4435.16,4435.36,2247,9,0,2247
2026-06-03 23:33:00,4435.37,4435.37,4433.24,4434.07,1952,14,0,1952
2026-06-03 23:36:00,4434.08,4434.3,4433.24,4434.12,1870,10,0,1870
2026-06-03 23:39:00,4434.12,4434.7,4432.73,4433.52,1917,9,0,1917
2026-06-03 23:42:00,4433.49,4434.09,4432.27,4433.45,1860,22,0,1860
2026-06-03 23:45:00,4433.45,4434.95,4433.39,4433.73,1893,22,0,1893
2026-06-03 23:48:00,4433.74,4434.0,4430.51,4432.73,1884,22,0,1884
2026-06-03 23:51:00,4432.74,4432.75,4430.96,4432.09,1887,22,0,1887
2026-06-03 23:54:00,4432.11,4434.56,4431.8,4433.74,1861,22,0,1861
2026-06-03 23:57:00,4433.76,4435.01,4433.51,4434.4,1255,22,0,1255
2026-06-04 01:00:00,4438.59,4440.36,4436.78,4439.65,4729,16,0,4729
2026-06-04 01:03:00,4439.66,4439.94,4430.99,4432.96,4786,16,0,4786
2026-06-04 01:06:00,4432.96,4436.28,4432.71,4435.56,2154,16,0,2154
2026-06-04 01:09:00,4435.59,4436.16,4433.85,4433.9,1850,15,0,1850
2026-06-04 01:12:00,4433.87,4433.92,4429.44,4431.9,2038,16,0,2038
2026-06-04 01:15:00,4431.92,4432.13,4423.82,4427.82,2077,16,0,2077
2026-06-04 01:18:00,4427.8,4429.71,4424.9,4425.51,1940,15,0,1940
2026-06-04 01:21:00,4425.52,4430.38,4424.7,4430.38,1948,15,0,1948
2026-06-04 01:24:00,4430.36,4434.05,4429.11,4431.81,1966,15,0,1966
2026-06-04 01:27:00,4431.84,4435.66,4431.84,4434.09,1894,14,0,1894
2026-06-04 01:30:00,4434.1,4438.15,4434.09,4436.7,1924,14,0,1924
2026-06-04 01:33:00,4436.71,4440.55,4436.49,4439.33,1934,15,0,1934
2026-06-04 01:36:00,4439.34,4439.37,4436.23,4436.5,1884,14,0,1884
2026-06-04 01:39:00,4436.49,4438.6,4435.85,4437.46,1885,13,0,1885
2026-06-04 01:42:00,4437.48,4437.49,4434.86,4436.83,1875,14,0,1875
2026-06-04 01:45:00,4436.81,4438.51,4436.73,4437.99,1854,15,0,1854
2026-06-04 01:48:00,4438.0,4439.08,4437.35,4438.59,1848,14,0,1848
2026-06-04 01:51:00,4438.59,4441.68,4437.64,4441.07,1820,15,0,1820
2026-06-04 01:54:00,4441.06,4446.77,4439.21,4446.16,2038,16,0,2038
2026-06-04 01:57:00,4446.16,4453.05,4445.53,4448.95,2363,16,0,2363
2026-06-04 02:00:00,4449.17,4450.3,4446.72,4446.85,2011,15,0,2011
2026-06-04 02:03:00,4446.83,4450.4,4445.38,4449.52,1940,14,0,1940
2026-06-04 02:06:00,4449.5,4450.09,4447.06,4447.15,1784,13,0,1784
2026-06-04 02:09:00,4447.12,4448.54,4446.29,4446.94,1822,13,0,1822
2026-06-04 02:12:00,4446.94,4448.2,4445.75,4447.87,1808,13,0,1808
2026-06-04 02:15:00,4447.91,4449.41,4447.28,4448.27,1810,14,0,1810
2026-06-04 02:18:00,4448.28,4448.44,4447.44,4448.18,1783,14,0,1783
2026-06-04 02:21:00,4448.18,4450.82,4447.89,4450.48,1814,15,0,1814
2026-06-04 02:24:00,4450.46,4451.54,4448.49,4449.94,1858,15,0,1858
2026-06-04 02:27:00,4449.92,4451.57,4449.78,4450.84,1773,13,0,1773
2026-06-04 02:30:00,4450.83,4452.0,4447.62,4450.53,1914,13,0,1914
2026-06-04 02:33:00,4450.52,4451.38,4449.55,4451.38,1795,13,0,1795
2026-06-04 02:36:00,4451.37,4452.42,4448.83,4449.1,1889,13,0,1889
2026-06-04 02:39:00,4449.12,4450.49,4446.32,4447.19,1865,15,0,1865
2026-06-04 02:42:00,4447.14,4453.85,4446.56,4453.55,1946,15,0,1946
2026-06-04 02:45:00,4453.54,4464.8,4453.5,4461.4,2337,15,0,2337
2026-06-04 02:48:00,4461.4,4462.97,4458.78,4460.72,1943,15,0,1943
2026-06-04 02:51:00,4460.73,4461.32,4457.98,4459.63,1874,14,0,1874
2026-06-04 02:54:00,4459.65,4460.39,4457.46,4458.09,1914,14,0,1914
2026-06-04 02:57:00,4458.06,4459.15,4456.22,4457.32,1926,13,0,1926
2026-06-04 03:00:00,4457.32,4465.33,4455.09,4461.75,2477,15,0,2477
2026-06-04 03:03:00,4461.74,4462.18,4458.0,4459.7,2130,15,0,2130
2026-06-04 03:06:00,4459.71,4459.71,4455.59,4456.1,2114,14,0,2114
2026-06-04 03:09:00,4456.12,4457.2,4454.08,4456.41,2015,13,0,2015
2026-06-04 03:12:00,4456.43,4457.61,4453.1,4453.52,2055,14,0,2055
2026-06-04 03:15:00,4453.52,4456.46,4450.0,4455.78,2141,14,0,2141
2026-06-04 03:18:00,4455.77,4456.76,4454.15,4454.57,1977,13,0,1977
2026-06-04 03:21:00,4454.57,4454.88,4448.79,4451.03,2011,14,0,2011
2026-06-04 03:24:00,4451.03,4451.59,4447.58,4448.97,1892,13,0,1892
2026-06-04 03:27:00,4448.96,4451.53,4448.65,4450.81,1849,13,0,1849
2026-06-04 03:30:00,4450.81,4451.32,4447.23,4449.55,1926,13,0,1926
2026-06-04 03:33:00,4449.53,4452.87,4448.04,4448.88,1998,15,0,1998
2026-06-04 03:36:00,4448.87,4449.36,4445.4,4446.38,1987,16,0,1987
2026-06-04 03:39:00,4446.39,4448.83,4444.19,4444.67,1956,13,0,1956
2026-06-04 03:42:00,4444.67,4448.43,4444.47,4448.43,2005,13,0,2005
2026-06-04 03:45:00,4448.4,4448.86,4445.07,4448.59,2040,13,0,2040
2026-06-04 03:48:00,4448.59,4452.85,4446.55,4451.38,2053,14,0,2053
2026-06-04 03:51:00,4451.36,4452.92,4449.68,4452.28,1942,13,0,1942
2026-06-04 03:54:00,4452.29,4452.29,4447.45,4448.16,2007,13,0,2007
2026-06-04 03:57:00,4448.16,4449.07,4446.75,4448.41,1901,13,0,1901
2026-06-04 04:00:00,4448.43,4454.89,4443.01,4454.65,2270,13,0,2270
2026-06-04 04:03:00,4454.67,4457.5,4452.66,4456.46,2126,16,0,2126
2026-06-04 04:06:00,4456.36,4456.92,4452.95,4456.89,2101,15,0,2101
2026-06-04 04:09:00,4456.92,4464.79,4456.0,4464.14,2132,15,0,2132
2026-06-04 04:12:00,4464.14,4467.33,4463.98,4464.46,2106,15,0,2106
2026-06-04 04:15:00,4464.47,4464.55,4459.66,4460.95,2122,13,0,2122
2026-06-04 04:18:00,4460.95,4469.81,4460.76,4467.64,2085,14,0,2085
2026-06-04 04:21:00,4467.67,4473.53,4466.5,4471.04,2101,15,0,2101
2026-06-04 04:24:00,4471.05,4472.17,4466.52,4467.54,2018,13,0,2018
2026-06-04 04:27:00,4467.54,4468.62,4465.89,4466.04,2028,13,0,2028
2026-06-04 04:30:00,4466.05,4470.17,4465.26,4465.56,2089,13,0,2089
2026-06-04 04:33:00,4465.53,4468.82,4464.89,4468.81,2032,13,0,2032
2026-06-04 04:36:00,4468.82,4470.03,4465.92,4467.83,2093,13,0,2093
2026-06-04 04:39:00,4467.84,4469.02,4461.74,4461.76,2028,13,0,2028
2026-06-04 04:42:00,4461.76,4463.7,4458.76,4459.2,2169,15,0,2169
2026-06-04 04:45:00,4459.23,4465.29,4458.65,4465.11,2233,15,0,2233
2026-06-04 04:48:00,4465.09,4466.86,4462.52,4464.04,2030,13,0,2030
2026-06-04 04:51:00,4464.04,4464.17,4456.91,4460.63,2178,13,0,2178
2026-06-04 04:54:00,4460.62,4467.34,4460.36,4466.89,2140,13,0,2140
2026-06-04 04:57:00,4466.89,4467.3,4464.24,4465.89,2013,13,0,2013
2026-06-04 05:00:00,4465.88,4467.06,4463.03,4465.35,2054,13,0,2054
2026-06-04 05:03:00,4465.35,4467.31,4460.17,4461.55,2012,13,0,2012
2026-06-04 05:06:00,4461.43,4461.49,4458.54,4460.53,1991,13,0,1991
2026-06-04 05:09:00,4460.52,4460.79,4455.63,4457.3,2036,13,0,2036
2026-06-04 05:12:00,4457.3,4464.9,4457.21,4463.02,2101,13,0,2101
2026-06-04 05:15:00,4463.03,4463.66,4458.83,4461.17,2072,13,0,2072
2026-06-04 05:18:00,4461.18,4463.17,4460.75,4462.69,1935,13,0,1935
2026-06-04 05:21:00,4462.71,4463.17,4459.68,4460.44,1915,13,0,1915
2026-06-04 05:24:00,4460.46,4462.0,4458.77,4461.97,1856,13,0,1856
2026-06-04 05:27:00,4461.97,4462.77,4460.62,4460.65,1857,13,0,1857
2026-06-04 05:30:00,4460.65,4462.62,4458.73,4460.23,2023,14,0,2023
2026-06-04 05:33:00,4460.23,4461.13,4457.81,4458.66,1922,15,0,1922
2026-06-04 05:36:00,4458.65,4460.36,4458.63,4459.18,1961,15,0,1961
2026-06-04 05:39:00,4459.17,4463.41,4457.93,4463.28,1924,13,0,1924
2026-06-04 05:42:00,4463.25,4464.82,4461.53,4462.45,1943,13,0,1943
2026-06-04 05:45:00,4462.44,4467.07,4462.43,4466.87,1953,13,0,1953
2026-06-04 05:48:00,4466.86,4470.98,4466.86,4470.29,2062,14,0,2062
2026-06-04 05:51:00,4470.3,4474.96,4470.05,4473.42,1953,15,0,1953
2026-06-04 05:54:00,4473.45,4476.59,4471.09,4475.74,2094,14,0,2094
2026-06-04 05:57:00,4475.73,4475.8,4471.68,4475.12,1986,15,0,1986
2026-06-04 06:00:00,4475.11,4476.39,4471.71,4472.95,2028,15,0,2028
2026-06-04 06:03:00,4472.96,4474.67,4471.55,4474.52,1844,13,0,1844
2026-06-04 06:06:00,4474.52,4477.24,4473.77,4475.35,1932,13,0,1932
2026-06-04 06:09:00,4475.36,4475.36,4472.88,4472.88,1921,13,0,1921
2026-06-04 06:12:00,4472.89,4473.12,4470.23,4471.86,1989,14,0,1989
2026-06-04 06:15:00,4471.83,4472.37,4470.4,4470.89,1857,13,0,1857
2026-06-04 06:18:00,4470.89,4471.51,4468.88,4469.2,1862,13,0,1862
2026-06-04 06:21:00,4469.18,4469.62,4467.82,4469.12,1989,13,0,1989
2026-06-04 06:24:00,4469.16,4469.72,4465.87,4466.26,2023,15,0,2023
2026-06-04 06:27:00,4466.26,4469.62,4466.23,4469.31,1908,14,0,1908
2026-06-04 06:30:00,4469.3,4470.8,4468.53,4469.43,1924,14,0,1924
2026-06-04 06:33:00,4469.43,4469.58,4465.5,4466.15,1907,15,0,1907
2026-06-04 06:36:00,4466.14,4466.32,4464.28,4464.69,1957,14,0,1957
2026-06-04 06:39:00,4464.7,4465.46,4462.59,4462.66,1952,14,0,1952
2026-06-04 06:42:00,4462.64,4462.92,4460.92,4460.92,1894,13,0,1894
2026-06-04 06:45:00,4460.84,4461.04,4458.29,4459.16,1900,15,0,1900
2026-06-04 06:48:00,4459.13,4460.93,4458.99,4460.88,1941,13,0,1941
2026-06-04 06:51:00,4460.88,4463.37,4460.32,4462.54,1881,13,0,1881
2026-06-04 06:54:00,4462.54,4464.81,4462.25,4462.89,1813,13,0,1813
2026-06-04 06:57:00,4462.88,4463.91,4462.18,4463.64,1801,13,0,1801
2026-06-04 07:00:00,4463.67,4466.01,4463.45,4464.62,1865,13,0,1865
2026-06-04 07:03:00,4464.59,4464.74,4462.26,4463.91,1825,13,0,1825
2026-06-04 07:06:00,4463.93,4465.84,4463.93,4465.04,1838,13,0,1838
2026-06-04 07:09:00,4465.02,4466.84,4463.47,4466.07,1951,13,0,1951
2026-06-04 07:12:00,4466.08,4471.23,4465.86,4471.2,1954,16,0,1954
2026-06-04 07:15:00,4471.21,4472.01,4470.49,4470.77,1803,14,0,1803
2026-06-04 07:18:00,4470.8,4472.45,4469.98,4472.31,1826,13,0,1826
2026-06-04 07:21:00,4472.35,4474.69,4472.24,4474.66,1805,13,0,1805
2026-06-04 07:24:00,4474.66,4476.24,4473.76,4474.07,1882,13,0,1882
2026-06-04 07:27:00,4474.09,4475.63,4473.48,4474.64,1862,13,0,1862
2026-06-04 07:30:00,4474.64,4479.23,4474.52,4478.75,1910,14,0,1910
2026-06-04 07:33:00,4478.77,4483.86,4478.18,4479.4,2112,13,0,2112
2026-06-04 07:36:00,4479.4,4481.5,4478.5,4480.47,1962,14,0,1962
2026-06-04 07:39:00,4480.44,4482.49,4479.41,4482.22,1896,13,0,1896
2026-06-04 07:42:00,4482.19,4484.0,4481.92,4482.81,1885,13,0,1885
2026-06-04 07:45:00,4482.78,4483.55,4479.71,4480.63,1871,13,0,1871
2026-06-04 07:48:00,4480.63,4481.35,4478.81,4479.02,1839,13,0,1839
2026-06-04 07:51:00,4479.01,4480.12,4478.98,4479.99,1820,13,0,1820
2026-06-04 07:54:00,4479.98,4480.87,4478.61,4479.81,1838,13,0,1838
2026-06-04 07:57:00,4479.79,4481.21,4479.51,4481.02,1804,14,0,1804
2026-06-04 08:00:00,4481.03,4482.38,4478.93,4479.25,1925,15,0,1925
2026-06-04 08:03:00,4479.24,4479.91,4477.09,4477.39,1818,14,0,1818
2026-06-04 08:06:00,4477.36,4478.29,4474.65,4474.71,1838,13,0,1838
2026-06-04 08:09:00,4474.71,4475.4,4471.43,4472.78,1871,13,0,1871
2026-06-04 08:12:00,4472.81,4479.23,4472.43,4477.14,1929,16,0,1929
2026-06-04 08:15:00,4477.13,4477.69,4475.65,4477.06,1809,13,0,1809
2026-06-04 08:18:00,4477.06,4477.33,4474.29,4474.59,1829,13,0,1829
2026-06-04 08:21:00,4474.53,4474.94,4473.06,4473.43,1855,14,0,1855
2026-06-04 08:24:00,4473.44,4473.8,4471.33,4471.46,1899,13,0,1899
2026-06-04 08:27:00,4471.45,4474.26,4470.95,4473.25,1818,13,0,1818
2026-06-04 08:30:00,4473.23,4475.46,4471.11,4473.89,2038,13,0,2038
2026-06-04 08:33:00,4473.88,4475.81,4472.1,4472.35,1957,16,0,1957
2026-06-04 08:36:00,4472.36,4474.83,4471.47,4473.75,1907,13,0,1907
2026-06-04 08:39:00,4473.74,4474.18,4470.84,4473.99,1949,15,0,1949
2026-06-04 08:42:00,4474.01,4474.71,4471.7,4474.56,1948,14,0,1948
2026-06-04 08:45:00,4474.53,4474.85,4469.74,4469.84,1986,16,0,1986
2026-06-04 08:48:00,4469.84,4469.99,4467.06,4468.56,1971,15,0,1971
2026-06-04 08:51:00,4468.56,4471.23,4467.82,4469.28,1933,13,0,1933
2026-06-04 08:54:00,4469.34,4470.01,4466.97,4468.03,2049,13,0,2049
2026-06-04 08:57:00,4468.02,4470.44,4467.51,4469.27,2113,14,0,2113
2026-06-04 09:00:00,4469.26,4474.05,4468.15,4474.04,2164,14,0,2164
2026-06-04 09:03:00,4474.04,4474.57,4472.86,4474.1,1958,9,0,1958
2026-06-04 09:06:00,4474.11,4476.34,4472.06,4476.3,2058,12,0,2058
2026-06-04 09:09:00,4476.36,4477.23,4474.99,4475.13,2186,9,0,2186
2026-06-04 09:12:00,4475.09,4476.56,4473.26,4474.0,2162,9,0,2162
2026-06-04 09:15:00,4474.0,4474.27,4469.31,4469.54,1987,9,0,1987
2026-06-04 09:18:00,4469.51,4470.9,4466.76,4470.06,2291,9,0,2291
2026-06-04 09:21:00,4470.06,4470.09,4466.94,4468.41,2354,9,0,2354
2026-06-04 09:24:00,4468.4,4470.05,4467.48,4469.89,2045,9,0,2045
2026-06-04 09:27:00,4469.92,4472.18,4469.63,4472.16,2572,9,0,2572
2026-06-04 09:30:00,4472.13,4472.99,4469.76,4470.1,2136,9,0,2136
2026-06-04 09:33:00,4470.05,4476.52,4470.04,4476.41,2182,13,0,2182
2026-06-04 09:36:00,4476.43,4476.79,4470.52,4470.6,2140,14,0,2140
2026-06-04 09:39:00,4470.62,4473.45,4469.74,4471.21,2153,13,0,2153
2026-06-04 09:42:00,4471.22,4472.15,4469.01,4469.29,2400,9,0,2400
2026-06-04 09:45:00,4469.3,4469.93,4462.9,4463.46,2066,12,0,2066
2026-06-04 09:48:00,4463.23,4470.18,4463.22,4467.35,1995,14,0,1995
2026-06-04 09:51:00,4467.33,4468.35,4466.53,4467.21,2069,9,0,2069
2026-06-04 09:54:00,4467.26,4469.16,4467.18,4469.0,2111,9,0,2111
2026-06-04 09:57:00,4468.98,4469.43,4466.73,4467.71,1949,9,0,1949
2026-06-04 10:00:00,4467.76,4468.52,4464.98,4467.55,2123,13,0,2123
2026-06-04 10:03:00,4467.57,4470.75,4466.37,4468.6,2158,14,0,2158
2026-06-04 10:06:00,4468.58,4469.49,4466.07,4466.29,2156,9,0,2156
2026-06-04 10:09:00,4466.31,4466.57,4464.09,4465.01,2024,14,0,2024
2026-06-04 10:12:00,4465.0,4465.67,4462.32,4464.1,2318,9,0,2318
2026-06-04 10:15:00,4464.09,4466.69,4462.86,4465.31,2066,12,0,2066
2026-06-04 10:18:00,4465.32,4470.46,4465.14,4466.53,2290,9,0,2290
2026-06-04 10:21:00,4466.53,4467.94,4465.49,4466.76,2297,9,0,2297
2026-06-04 10:24:00,4466.77,4467.18,4461.86,4462.81,1985,9,0,1985
2026-06-04 10:27:00,4462.83,4465.57,4461.97,4465.14,2380,9,0,2380
2026-06-04 10:30:00,4465.16,4466.89,4464.42,4465.03,2112,9,0,2112
2026-06-04 10:33:00,4465.04,4465.59,4463.39,4464.14,1939,9,0,1939
2026-06-04 10:36:00,4464.12,4467.9,4462.58,4467.03,1991,13,0,1991
2026-06-04 10:39:00,4467.01,4467.04,4462.16,4462.47,1995,14,0,1995
2026-06-04 10:42:00,4462.46,4463.99,4459.91,4461.4,2147,11,0,2147
2026-06-04 10:45:00,4461.43,4462.35,4460.77,4462.13,2433,9,0,2433
2026-06-04 10:48:00,4462.15,4462.29,4460.5,4460.91,2053,9,0,2053
2026-06-04 10:51:00,4460.9,4462.3,4460.26,4462.08,2324,9,0,2324
2026-06-04 10:54:00,4462.09,4462.1,4460.9,4461.56,1949,9,0,1949
2026-06-04 10:57:00,4461.57,4462.3,4459.55,4461.62,1911,12,0,1911
2026-06-04 11:00:00,4461.62,4465.29,4460.05,4465.12,2124,14,0,2124
2026-06-04 11:03:00,4465.12,4466.65,4463.92,4465.65,2026,14,0,2026
2026-06-04 11:06:00,4465.63,4467.9,4464.54,4465.69,2042,14,0,2042
2026-06-04 11:09:00,4465.67,4466.26,4462.28,4462.36,1986,12,0,1986
2026-06-04 11:12:00,4462.37,4463.96,4459.74,4460.6,2173,9,0,2173
2026-06-04 11:15:00,4460.61,4464.57,4460.34,4464.29,2057,14,0,2057
2026-06-04 11:18:00,4464.3,4465.53,4459.95,4460.6,2036,12,0,2036
2026-06-04 11:21:00,4460.57,4462.34,4459.14,4459.79,2138,14,0,2138
2026-06-04 11:24:00,4459.79,4460.41,4458.5,4459.99,2310,9,0,2310
2026-06-04 11:27:00,4459.93,4463.6,4458.74,4463.41,2161,10,0,2161
2026-06-04 11:30:00,4463.4,4469.51,4459.95,4463.32,2540,14,0,2540
2026-06-04 11:33:00,4463.34,4465.89,4461.83,4461.97,2189,13,0,2189
2026-06-04 11:36:00,4461.99,4464.36,4460.29,4460.85,2065,13,0,2065
2026-06-04 11:39:00,4460.85,4462.24,4460.07,4461.78,2112,11,0,2112
2026-06-04 11:42:00,4461.74,4463.6,4461.12,4463.31,1985,11,0,1985
2026-06-04 11:45:00,4463.28,4464.2,4461.84,4462.27,2182,14,0,2182
2026-06-04 11:48:00,4462.28,4463.16,4459.59,4461.19,2024,13,0,2024
2026-06-04 11:51:00,4461.18,4463.62,4461.08,4463.54,1955,14,0,1955
2026-06-04 11:54:00,4463.55,4466.03,4462.24,4465.62,2006,14,0,2006
2026-06-04 11:57:00,4465.62,4465.8,4462.75,4463.33,1948,14,0,1948
2026-06-04 12:00:00,4463.32,4465.16,4460.91,4464.68,2131,14,0,2131
2026-06-04 12:03:00,4464.68,4468.66,4464.17,4465.74,2100,14,0,2100
2026-06-04 12:06:00,4465.73,4469.35,4465.71,4467.65,2018,14,0,2018
2026-06-04 12:09:00,4467.66,4469.3,4465.19,4465.19,2071,14,0,2071
2026-06-04 12:12:00,4465.2,4465.22,4462.19,4463.52,2051,13,0,2051
2026-06-04 12:15:00,4463.49,4466.2,4462.9,4464.87,2139,14,0,2139
2026-06-04 12:18:00,4464.9,4466.54,4464.3,4465.52,2111,9,0,2111
2026-06-04 12:21:00,4465.53,4467.55,4463.52,4466.6,2123,9,0,2123
2026-06-04 12:24:00,4466.6,4467.01,4464.36,4465.59,2277,9,0,2277
2026-06-04 12:27:00,4465.57,4466.71,4464.22,4464.66,2106,13,0,2106
2026-06-04 12:30:00,4464.66,4466.94,4461.83,4466.8,2170,14,0,2170
2026-06-04 12:33:00,4466.86,4467.83,4465.32,4465.71,2102,14,0,2102
2026-06-04 12:36:00,4465.74,4468.64,4464.81,4468.07,2094,14,0,2094
2026-06-04 12:39:00,4468.08,4469.27,4467.09,4467.64,2060,10,0,2060
2026-06-04 12:42:00,4467.64,4468.69,4466.15,4468.02,2029,9,0,2029
2026-06-04 12:45:00,4467.99,4469.24,4467.51,4469.06,2075,10,0,2075
2026-06-04 12:48:00,4469.07,4472.31,4468.3,4471.14,2132,10,0,2132
2026-06-04 12:51:00,4471.15,4475.59,4470.91,4472.47,2031,12,0,2031
2026-06-04 12:54:00,4472.46,4475.29,4472.16,4472.71,1962,11,0,1962
2026-06-04 12:57:00,4472.72,4472.72,4469.48,4470.32,1951,13,0,1951
2026-06-04 13:00:00,4470.3,4472.0,4468.85,4470.52,2041,13,0,2041
2026-06-04 13:03:00,4470.52,4470.65,4468.36,4469.91,1976,14,0,1976
2026-06-04 13:06:00,4469.92,4471.26,4469.53,4470.55,1946,13,0,1946
2026-06-04 13:09:00,4470.54,4471.87,4467.79,4469.35,1949,14,0,1949
2026-06-04 13:12:00,4469.35,4471.61,4469.28,4471.2,1916,13,0,1916
2026-06-04 13:15:00,4471.2,4471.6,4468.79,4470.14,1901,12,0,1901
2026-06-04 13:18:00,4470.13,4470.54,4467.78,4468.2,1913,14,0,1913
2026-06-04 13:21:00,4468.17,4468.51,4464.9,4465.45,1969,12,0,1969
2026-06-04 13:24:00,4465.43,4467.35,4464.29,4464.97,1970,13,0,1970
2026-06-04 13:27:00,4464.98,4468.32,4464.94,4467.52,1945,12,0,1945
2026-06-04 13:30:00,4467.52,4468.98,4466.43,4468.92,1934,13,0,1934
2026-06-04 13:33:00,4468.92,4469.98,4467.67,4469.88,2142,9,0,2142
2026-06-04 13:36:00,4469.83,4471.1,4468.44,4468.86,1876,14,0,1876
2026-06-04 13:39:00,4468.88,4471.0,4468.54,4470.91,2083,9,0,2083
2026-06-04 13:42:00,4470.94,4472.81,4470.78,4471.27,2371,9,0,2371
2026-06-04 13:45:00,4471.28,4472.99,4470.78,4470.92,2338,9,0,2338
2026-06-04 13:48:00,4470.97,4472.48,4469.62,4470.24,2082,9,0,2082
2026-06-04 13:51:00,4470.24,4470.82,4468.49,4469.53,1976,9,0,1976
2026-06-04 13:54:00,4469.55,4471.51,4469.12,4470.58,2088,9,0,2088
2026-06-04 13:57:00,4470.56,4473.87,4470.42,4473.67,2227,9,0,2227
2026-06-04 14:00:00,4473.64,4475.42,4468.74,4469.52,2050,14,0,2050
2026-06-04 14:03:00,4469.53,4473.52,4469.27,4472.7,1930,14,0,1930
2026-06-04 14:06:00,4472.71,4476.91,4472.06,4476.03,2010,14,0,2010
2026-06-04 14:09:00,4476.05,4478.76,4475.55,4475.84,2050,14,0,2050
2026-06-04 14:12:00,4475.85,4476.46,4473.55,4473.57,2020,9,0,2020
2026-06-04 14:15:00,4473.59,4479.21,4473.53,4476.99,2360,9,0,2360
2026-06-04 14:18:00,4477.0,4478.47,4476.31,4477.65,2240,9,0,2240
2026-06-04 14:21:00,4477.67,4479.72,4476.64,4479.72,2338,9,0,2338
2026-06-04 14:24:00,4479.7,4487.56,4477.62,4486.32,2274,13,0,2274
2026-06-04 14:27:00,4486.3,4491.48,4485.67,4489.56,2442,14,0,2442
2026-06-04 14:30:00,4489.59,4492.56,4487.29,4487.92,2195,14,0,2195
2026-06-04 14:33:00,4487.93,4488.5,4484.58,4484.7,2112,11,0,2112
2026-06-04 14:36:00,4484.71,4485.75,4482.25,4485.61,2224,11,0,2224
2026-06-04 14:39:00,4485.55,4490.76,4485.4,4490.76,2404,13,0,2404
2026-06-04 14:42:00,4490.77,4492.22,4487.29,4491.48,2248,13,0,2248
2026-06-04 14:45:00,4491.45,4500.82,4491.45,4499.34,2515,14,0,2515
2026-06-04 14:48:00,4499.37,4504.22,4499.37,4501.99,2397,14,0,2397
2026-06-04 14:51:00,4501.99,4504.63,4501.23,4502.3,2331,9,0,2331
2026-06-04 14:54:00,4502.27,4507.89,4502.23,4507.77,2398,9,0,2398
2026-06-04 14:57:00,4507.76,4514.59,4506.8,4511.52,2287,12,0,2287
2026-06-04 15:00:00,4511.52,4513.78,4504.3,4505.91,2479,13,0,2479
2026-06-04 15:03:00,4505.92,4506.86,4496.71,4499.13,2376,9,0,2376
2026-06-04 15:06:00,4499.1,4503.68,4498.6,4500.23,2294,12,0,2294
2026-06-04 15:09:00,4500.25,4501.15,4491.57,4492.2,2447,12,0,2447
2026-06-04 15:12:00,4492.2,4494.9,4492.15,4493.82,2331,10,0,2331
2026-06-04 15:15:00,4493.85,4495.59,4491.18,4492.13,2290,11,0,2290
2026-06-04 15:18:00,4492.13,4496.13,4491.37,4495.75,2156,11,0,2156
2026-06-04 15:21:00,4495.75,4499.15,4495.14,4498.9,2150,13,0,2150
2026-06-04 15:24:00,4498.91,4499.13,4495.83,4498.45,2101,14,0,2101
2026-06-04 15:27:00,4498.45,4499.91,4495.89,4498.52,2291,9,0,2291
2026-06-04 15:30:00,4498.52,4501.45,4496.7,4498.99,2187,11,0,2187
2026-06-04 15:33:00,4499.01,4501.48,4497.05,4501.42,2181,11,0,2181
2026-06-04 15:36:00,4501.4,4502.05,4498.71,4499.45,2529,9,0,2529
2026-06-04 15:39:00,4499.45,4501.94,4497.98,4500.24,2132,9,0,2132
2026-06-04 15:42:00,4500.24,4502.13,4498.93,4502.13,2238,9,0,2238
2026-06-04 15:45:00,4502.09,4503.07,4498.98,4500.47,2171,9,0,2171
2026-06-04 15:48:00,4500.5,4507.77,4499.88,4507.31,2312,9,0,2312
2026-06-04 15:51:00,4507.28,4511.0,4501.99,4508.14,2337,14,0,2337
2026-06-04 15:54:00,4508.14,4510.29,4505.07,4506.25,2020,13,0,2020
2026-06-04 15:57:00,4506.24,4506.56,4502.78,4504.19,2033,10,0,2033
2026-06-04 16:00:00,4504.07,4510.09,4500.12,4506.65,2505,11,0,2505
2026-06-04 16:03:00,4506.66,4508.89,4502.69,4508.06,2250,13,0,2250
2026-06-04 16:06:00,4508.07,4508.5,4504.23,4505.21,2452,9,0,2452
2026-06-04 16:09:00,4505.2,4505.5,4502.14,4502.82,2118,9,0,2118
2026-06-04 16:12:00,4502.83,4504.27,4502.06,4503.26,2029,10,0,2029
2026-06-04 16:15:00,4503.28,4507.32,4502.96,4507.11,1975,12,0,1975
2026-06-04 16:18:00,4506.82,4509.4,4506.39,4508.5,2135,13,0,2135
2026-06-04 16:21:00,4508.51,4508.7,4506.11,4506.27,2016,13,0,2016
2026-06-04 16:24:00,4506.26,4506.98,4501.82,4502.77,2014,13,0,2014
2026-06-04 16:27:00,4502.78,4506.49,4501.78,4504.62,2136,14,0,2136
2026-06-04 16:30:00,4504.7,4506.59,4502.25,4503.77,2633,14,0,2633
2026-06-04 16:33:00,4503.8,4509.93,4503.55,4509.15,2521,14,0,2521
2026-06-04 16:36:00,4508.96,4512.29,4507.75,4508.99,2414,14,0,2414
2026-06-04 16:39:00,4508.98,4510.83,4505.15,4507.72,2487,13,0,2487
2026-06-04 16:42:00,4507.7,4514.87,4505.53,4514.41,2413,12,0,2413
2026-06-04 16:45:00,4514.39,4515.43,4510.41,4510.54,2276,11,0,2276
2026-06-04 16:48:00,4510.51,4511.95,4507.21,4509.61,2335,11,0,2335
2026-06-04 16:51:00,4509.63,4512.39,4502.58,4502.98,2720,9,0,2720
2026-06-04 16:54:00,4502.95,4503.32,4497.74,4501.91,2679,14,0,2679
2026-06-04 16:57:00,4501.9,4503.02,4495.51,4495.79,2437,11,0,2437
2026-06-04 17:00:00,4495.78,4499.85,4494.56,4496.42,2789,14,0,2789
2026-06-04 17:03:00,4496.33,4498.08,4494.75,4496.73,2770,9,0,2770
2026-06-04 17:06:00,4496.67,4499.86,4490.47,4492.23,2497,9,0,2497
2026-06-04 17:09:00,4492.21,4492.31,4487.94,4491.55,2606,9,0,2606
2026-06-04 17:12:00,4491.57,4491.93,4486.07,4487.77,2453,9,0,2453
2026-06-04 17:15:00,4487.74,4493.81,4485.44,4490.86,2561,9,0,2561
2026-06-04 17:18:00,4490.84,4491.42,4486.22,4486.6,2512,9,0,2512
2026-06-04 17:21:00,4486.66,4489.33,4484.25,4489.24,2289,11,0,2289
2026-06-04 17:24:00,4489.24,4489.52,4484.41,4485.76,2366,10,0,2366
2026-06-04 17:27:00,4485.75,4487.9,4484.0,4486.17,2677,9,0,2677
2026-06-04 17:30:00,4486.18,4486.86,4481.54,4482.51,2422,9,0,2422
2026-06-04 17:33:00,4482.51,4485.35,4480.61,4481.71,2541,9,0,2541
2026-06-04 17:36:00,4481.71,4482.1,4477.68,4478.7,2291,11,0,2291
2026-06-04 17:39:00,4478.71,4481.85,4477.77,4479.47,2389,13,0,2389
2026-06-04 17:42:00,4479.47,4479.93,4472.34,4474.6,2480,13,0,2480
2026-06-04 17:45:00,4474.87,4475.47,4470.16,4470.3,2520,9,0,2520
2026-06-04 17:48:00,4470.28,4471.28,4465.1,4468.0,2679,9,0,2679
2026-06-04 17:51:00,4468.0,4468.06,4457.32,4458.13,2940,14,0,2940
2026-06-04 17:54:00,4458.17,4466.3,4457.97,4463.38,2747,12,0,2747
2026-06-04 17:57:00,4463.39,4466.07,4460.25,4465.8,2828,9,0,2828
2026-06-04 18:00:00,4465.79,4470.08,4463.83,4469.48,2533,9,0,2533
2026-06-04 18:03:00,4469.47,4472.57,4468.81,4470.98,2264,9,0,2264
2026-06-04 18:06:00,4470.96,4471.12,4467.26,4469.01,2246,13,0,2246
2026-06-04 18:09:00,4469.1,4474.84,4468.93,4473.82,2306,12,0,2306
2026-06-04 18:12:00,4473.84,4473.86,4470.16,4471.9,2407,14,0,2407
2026-06-04 18:15:00,4471.94,4474.11,4471.29,4472.01,2162,13,0,2162
2026-06-04 18:18:00,4472.03,4473.7,4471.37,4472.44,2121,12,0,2121
2026-06-04 18:21:00,4472.42,4473.87,4471.29,4471.68,2150,13,0,2150
2026-06-04 18:24:00,4471.66,4472.67,4470.2,4471.49,2128,14,0,2128
2026-06-04 18:27:00,4471.51,4472.19,4469.19,4470.94,2127,14,0,2127
2026-06-04 18:30:00,4470.9,4472.91,4470.05,4470.63,2244,14,0,2244
2026-06-04 18:33:00,4470.61,4474.42,4469.73,4473.95,2148,12,0,2148
2026-06-04 18:36:00,4473.97,4475.22,4473.12,4474.43,2582,9,0,2582
2026-06-04 18:39:00,4474.42,4477.4,4473.45,4474.15,2266,9,0,2266
2026-06-04 18:42:00,4474.15,4474.3,4471.17,4472.65,2084,9,0,2084
2026-06-04 18:45:00,4472.65,4475.34,4470.02,4475.06,2210,10,0,2210
2026-06-04 18:48:00,4475.07,4476.2,4474.2,4476.2,2105,11,0,2105
2026-06-04 18:51:00,4476.2,4478.75,4476.02,4478.51,2036,14,0,2036
2026-06-04 18:54:00,4478.47,4479.21,4476.46,4477.24,2020,13,0,2020
2026-06-04 18:57:00,4477.26,4478.74,4476.94,4477.42,1938,9,0,1938
2026-06-04 19:00:00,4477.43,4478.82,4476.16,4477.98,1985,13,0,1985
2026-06-04 19:03:00,4477.96,4478.18,4475.35,4475.53,1908,14,0,1908
2026-06-04 19:06:00,4475.53,4481.89,4475.53,4481.44,1981,14,0,1981
2026-06-04 19:09:00,4481.45,4484.17,4481.22,4482.24,2128,14,0,2128
2026-06-04 19:12:00,4482.25,4482.53,4479.18,4479.18,1897,13,0,1897
2026-06-04 19:15:00,4479.18,4482.27,4479.18,4481.59,1922,13,0,1922
2026-06-04 19:18:00,4481.59,4484.69,4480.31,4482.17,2069,13,0,2069
2026-06-04 19:21:00,4482.2,4484.8,4482.05,4483.78,1937,11,0,1937
2026-06-04 19:24:00,4483.76,4484.36,4482.47,4483.15,2227,9,0,2227
2026-06-04 19:27:00,4483.16,4485.16,4483.16,4483.57,1828,10,0,1828
2026-06-04 19:30:00,4483.57,4484.09,4479.71,4480.59,2216,13,0,2216
2026-06-04 19:33:00,4480.61,4483.59,4480.03,4482.65,2269,14,0,2269
2026-06-04 19:36:00,4482.68,4483.44,4481.6,4482.33,1997,10,0,1997
2026-06-04 19:39:00,4482.3,4483.02,4481.26,4482.48,2244,9,0,2244
2026-06-04 19:42:00,4482.49,4482.53,4481.07,4481.54,1917,9,0,1917
2026-06-04 19:45:00,4481.53,4483.43,4480.33,4482.48,1911,9,0,1911
2026-06-04 19:48:00,4482.48,4483.42,4480.43,4481.23,1918,12,0,1918
2026-06-04 19:51:00,4481.24,4482.46,4480.95,4481.37,1853,13,0,1853
2026-06-04 19:54:00,4481.37,4484.0,4481.27,4483.53,1926,12,0,1926
2026-06-04 19:57:00,4483.54,4483.95,4481.74,4482.78,2028,14,0,2028
2026-06-04 20:00:00,4482.8,4482.81,4480.56,4481.12,2045,14,0,2045
2026-06-04 20:03:00,4481.18,4482.14,4480.99,4481.75,2105,9,0,2105
2026-06-04 20:06:00,4481.75,4481.88,4480.32,4480.83,1930,10,0,1930
2026-06-04 20:09:00,4480.83,4481.61,4478.1,4478.39,1902,13,0,1902
2026-06-04 20:12:00,4478.41,4478.6,4476.12,4476.14,1996,13,0,1996
2026-06-04 20:15:00,4476.14,4476.39,4474.15,4475.55,2091,13,0,2091
2026-06-04 20:18:00,4475.54,4475.8,4474.08,4475.32,1921,10,0,1921
2026-06-04 20:21:00,4475.34,4476.04,4474.33,4475.47,1888,11,0,1888
2026-06-04 20:24:00,4475.48,4478.49,4474.92,4478.47,1996,12,0,1996
2026-06-04 20:27:00,4478.56,4479.38,4476.15,4476.83,2138,12,0,2138
2026-06-04 20:30:00,4476.85,4479.55,4476.77,4479.4,2063,14,0,2063
2026-06-04 20:33:00,4479.39,4481.55,4478.76,4478.87,1979,14,0,1979
2026-06-04 20:36:00,4478.9,4480.57,4477.74,4478.64,2028,13,0,2028
2026-06-04 20:39:00,4478.67,4478.91,4476.74,4477.78,1947,12,0,1947
2026-06-04 20:42:00,4477.79,4477.96,4476.12,4476.8,1971,13,0,1971
2026-06-04 20:45:00,4476.78,4479.01,4476.76,4478.67,2148,9,0,2148
2026-06-04 20:48:00,4478.68,4479.52,4477.92,4479.18,2098,9,0,2098
2026-06-04 20:51:00,4479.18,4480.39,4478.6,4478.81,1906,9,0,1906
2026-06-04 20:54:00,4478.79,4478.88,4477.59,4477.93,1852,12,0,1852
2026-06-04 20:57:00,4477.94,4478.78,4477.69,4478.18,1875,14,0,1875
2026-06-04 21:00:00,4478.17,4480.26,4476.61,4477.94,1964,14,0,1964
2026-06-04 21:03:00,4477.91,4478.12,4476.69,4476.76,1937,13,0,1937
2026-06-04 21:06:00,4476.74,4478.06,4476.33,4477.7,1877,13,0,1877
2026-06-04 21:09:00,4477.77,4479.05,4477.2,4478.61,1957,13,0,1957
2026-06-04 21:12:00,4478.61,4479.35,4477.67,4478.91,1927,14,0,1927
2026-06-04 21:15:00,4478.95,4479.25,4477.53,4477.58,1840,13,0,1840
2026-06-04 21:18:00,4477.62,4478.82,4477.39,4478.47,1876,14,0,1876
2026-06-04 21:21:00,4478.47,4480.58,4478.47,4480.02,1914,14,0,1914
2026-06-04 21:24:00,4480.0,4481.04,4479.89,4480.57,1869,13,0,1869
2026-06-04 21:27:00,4480.57,4480.6,4477.41,4478.18,1937,12,0,1937
2026-06-04 21:30:00,4478.15,4478.17,4475.77,4476.33,1892,14,0,1892
2026-06-04 21:33:00,4476.35,4476.52,4473.07,4473.33,1947,14,0,1947
2026-06-04 21:36:00,4473.36,4474.06,4472.7,4473.26,2033,9,0,2033
2026-06-04 21:39:00,4473.27,4474.33,4472.92,4474.31,2083,9,0,2083
2026-06-04 21:42:00,4474.33,4474.71,4473.38,4474.35,1898,9,0,1898
2026-06-04 21:45:00,4474.33,4476.03,4473.83,4476.01,1853,11,0,1853
2026-06-04 21:48:00,4476.02,4476.97,4475.02,4476.95,1864,11,0,1864
2026-06-04 21:51:00,4476.97,4479.45,4476.97,4478.26,2317,9,0,2317
2026-06-04 21:54:00,4478.32,4478.74,4477.42,4478.31,1962,9,0,1962
2026-06-04 21:57:00,4478.3,4478.56,4476.74,4478.13,2122,9,0,2122
2026-06-04 22:00:00,4478.14,4483.43,4478.08,4482.17,1966,11,0,1966
2026-06-04 22:03:00,4482.2,4482.34,4480.42,4480.43,1918,12,0,1918
2026-06-04 22:06:00,4480.42,4480.42,4477.86,4478.03,1944,10,0,1944
2026-06-04 22:09:00,4477.96,4478.6,4476.17,4477.76,2045,9,0,2045
2026-06-04 22:12:00,4477.78,4478.46,4477.49,4478.2,2269,9,0,2269
2026-06-04 22:15:00,4478.18,4478.74,4477.68,4478.45,1817,9,0,1817
2026-06-04 22:18:00,4478.42,4479.35,4477.9,4479.05,1937,9,0,1937
2026-06-04 22:21:00,4479.02,4479.15,4477.93,4478.16,2129,9,0,2129
2026-06-04 22:24:00,4478.18,4479.74,4478.16,4479.29,1847,13,0,1847
2026-06-04 22:27:00,4479.31,4480.3,4478.85,4480.15,1812,14,0,1812
2026-06-04 22:30:00,4480.14,4480.39,4478.06,4478.66,1848,13,0,1848
2026-06-04 22:33:00,4478.65,4479.28,4478.29,4479.01,1852,12,0,1852
2026-06-04 22:36:00,4479.0,4479.05,4477.47,4478.97,1986,9,0,1986
2026-06-04 22:39:00,4479.01,4480.3,4478.64,4478.85,1891,13,0,1891
2026-06-04 22:42:00,4478.85,4479.35,4477.43,4478.08,2387,9,0,2387
2026-06-04 22:45:00,4478.06,4478.21,4476.85,4477.61,2224,9,0,2224
2026-06-04 22:48:00,4477.59,4478.7,4476.86,4477.52,1914,9,0,1914
2026-06-04 22:51:00,4477.5,4478.64,4477.03,4478.31,2117,9,0,2117
2026-06-04 22:54:00,4478.29,4478.7,4476.92,4477.81,2154,9,0,2154
2026-06-04 22:57:00,4477.79,4482.29,4477.76,4480.58,2126,14,0,2126
2026-06-04 23:00:00,4480.63,4481.43,4479.93,4481.19,1938,10,0,1938
2026-06-04 23:03:00,4481.19,4481.57,4478.96,4479.88,1880,10,0,1880
2026-06-04 23:06:00,4479.85,4479.86,4478.63,4479.23,1822,12,0,1822
2026-06-04 23:09:00,4479.24,4479.92,4478.33,4478.39,2047,9,0,2047
2026-06-04 23:12:00,4478.42,4478.49,4477.74,4477.74,1987,9,0,1987
2026-06-04 23:15:00,4477.7,4479.1,4477.59,4478.35,1776,10,0,1776
2026-06-04 23:18:00,4478.35,4479.04,4477.59,4477.67,1801,10,0,1801
2026-06-04 23:21:00,4477.68,4478.24,4476.84,4477.52,1784,13,0,1784
2026-06-04 23:24:00,4477.5,4478.0,4476.92,4477.06,1780,11,0,1780
2026-06-04 23:27:00,4477.03,4477.84,4476.6,4477.72,1770,12,0,1770
2026-06-04 23:30:00,4477.71,4477.71,4475.5,4476.53,1782,12,0,1782
2026-06-04 23:33:00,4476.53,4476.61,4475.59,4475.73,2142,9,0,2142
2026-06-04 23:36:00,4475.74,4476.31,4475.12,4475.99,1749,10,0,1749
2026-06-04 23:39:00,4475.98,4477.35,4475.47,4476.03,1860,11,0,1860
2026-06-04 23:42:00,4476.05,4476.37,4475.11,4475.14,1747,22,0,1747
2026-06-04 23:45:00,4475.14,4475.78,4474.68,4475.19,1757,22,0,1757
2026-06-04 23:48:00,4475.18,4475.45,4474.34,4475.03,1776,22,0,1776
2026-06-04 23:51:00,4475.04,4475.78,4474.72,4475.57,1720,22,0,1720
2026-06-04 23:54:00,4475.59,4475.94,4474.48,4474.82,1756,22,0,1756
2026-06-04 23:57:00,4474.82,4475.91,4474.45,4475.35,1182,22,0,1182
2026-06-05 01:00:00,4474.36,4476.56,4473.13,4474.73,4649,16,0,4649
2026-06-05 01:03:00,4474.71,4475.84,4473.06,4475.76,4737,16,0,4737
2026-06-05 01:06:00,4475.76,4476.2,4473.95,4475.05,2613,16,0,2613
2026-06-05 01:09:00,4475.02,4476.18,4474.46,4476.06,1750,15,0,1750
2026-06-05 01:12:00,4476.06,4476.15,4474.08,4475.37,1832,16,0,1832
2026-06-05 01:15:00,4475.35,4477.69,4474.56,4477.64,1766,16,0,1766
2026-06-05 01:18:00,4477.64,4478.74,4477.01,4477.9,1815,15,0,1815
2026-06-05 01:21:00,4477.89,4479.16,4477.61,4478.59,1816,14,0,1816
2026-06-05 01:24:00,4478.58,4479.51,4477.9,4479.13,1839,15,0,1839
2026-06-05 01:27:00,4479.14,4480.99,4478.69,4478.91,1834,16,0,1834
2026-06-05 01:30:00,4478.93,4481.5,4478.88,4480.64,1830,15,0,1830
2026-06-05 01:33:00,4480.64,4480.83,4477.84,4478.64,1851,14,0,1851
2026-06-05 01:36:00,4478.63,4479.9,4477.51,4479.36,1804,15,0,1804
2026-06-05 01:39:00,4479.38,4479.63,4477.98,4478.32,1787,13,0,1787
2026-06-05 01:42:00,4478.34,4479.31,4475.26,4475.28,1951,15,0,1951
2026-06-05 01:45:00,4475.28,4476.24,4474.63,4475.7,1768,13,0,1768
2026-06-05 01:48:00,4475.73,4475.9,4472.24,4473.38,1786,13,0,1786
2026-06-05 01:51:00,4473.38,4473.65,4471.19,4471.44,1868,13,0,1868
2026-06-05 01:54:00,4471.41,4471.44,4469.6,4470.31,1845,13,0,1845
2026-06-05 01:57:00,4470.31,4471.97,4468.89,4469.66,1843,14,0,1843
2026-06-05 02:00:00,4469.64,4471.36,4464.17,4464.45,2003,14,0,2003
2026-06-05 02:03:00,4464.45,4471.87,4464.36,4467.58,1939,16,0,1939
2026-06-05 02:06:00,4467.59,4473.27,4466.89,4471.6,1881,16,0,1881
2026-06-05 02:09:00,4471.59,4472.44,4470.75,4471.57,1759,14,0,1759
2026-06-05 02:12:00,4471.58,4474.07,4470.68,4471.01,1847,13,0,1847
2026-06-05 02:15:00,4471.0,4471.42,4469.94,4470.62,1782,13,0,1782
2026-06-05 02:18:00,4470.61,4471.45,4467.42,4468.54,1867,14,0,1867
2026-06-05 02:21:00,4468.54,4470.91,4466.56,4470.81,1832,14,0,1832
2026-06-05 02:24:00,4470.8,4473.37,4470.49,4471.33,1809,13,0,1809
2026-06-05 02:27:00,4471.33,4472.61,4468.22,4469.24,1809,13,0,1809
2026-06-05 02:30:00,4469.22,4469.63,4464.05,4465.77,1856,13,0,1856
2026-06-05 02:33:00,4465.77,4466.94,4464.86,4465.79,1733,13,0,1733
2026-06-05 02:36:00,4465.78,4466.27,4462.59,4462.82,1839,13,0,1839
2026-06-05 02:39:00,4462.82,4464.98,4462.79,4464.63,1789,14,0,1789
2026-06-05 02:42:00,4464.64,4465.05,4462.04,4463.27,1800,15,0,1800
2026-06-05 02:45:00,4463.28,4463.53,4460.57,4462.56,1840,15,0,1840
2026-06-05 02:48:00,4462.54,4465.82,4462.03,4465.36,1863,13,0,1863
2026-06-05 02:51:00,4465.35,4466.1,4463.11,4463.75,1852,13,0,1852
2026-06-05 02:54:00,4463.77,4464.96,4463.14,4463.54,1886,13,0,1886
2026-06-05 02:57:00,4463.55,4463.83,4461.2,4461.82,1864,15,0,1864
2026-06-05 03:00:00,4461.71,4464.0,4459.77,4461.86,2245,16,0,2245
2026-06-05 03:03:00,4461.85,4464.99,4461.78,4463.54,2073,15,0,2073
2026-06-05 03:06:00,4463.53,4463.59,4460.84,4461.41,2121,14,0,2121
2026-06-05 03:09:00,4461.39,4462.52,4459.72,4460.36,2108,14,0,2108
2026-06-05 03:12:00,4460.35,4460.46,4454.44,4455.29,2193,15,0,2193
2026-06-05 03:15:00,4455.33,4457.63,4452.37,4453.31,2235,15,0,2235
2026-06-05 03:18:00,4453.3,4454.32,4450.7,4452.08,2019,14,0,2019
2026-06-05 03:21:00,4452.09,4455.57,4450.79,4455.01,2079,15,0,2079
2026-06-05 03:24:00,4455.01,4456.34,4452.76,4454.85,2140,14,0,2140
2026-06-05 03:27:00,4454.85,4457.73,4453.94,4457.53,2068,15,0,2068
2026-06-05 03:30:00,4457.54,4461.04,4456.27,4458.48,1997,13,0,1997
2026-06-05 03:33:00,4458.49,4463.25,4458.37,4462.76,1846,13,0,1846
2026-06-05 03:36:00,4462.88,4466.93,4461.96,4463.33,2029,14,0,2029
2026-06-05 03:39:00,4463.31,4466.34,4461.71,4464.95,2002,13,0,2002
2026-06-05 03:42:00,4464.97,4465.94,4462.91,4463.23,1884,13,0,1884
2026-06-05 03:45:00,4463.24,4466.37,4462.33,4463.63,2030,13,0,2030
2026-06-05 03:48:00,4463.64,4464.14,4460.87,4462.04,1887,13,0,1887
2026-06-05 03:51:00,4462.05,4465.34,4461.36,4464.97,1879,13,0,1879
2026-06-05 03:54:00,4464.96,4465.71,4463.01,4463.15,1893,13,0,1893
2026-06-05 03:57:00,4463.16,4464.49,4458.45,4459.41,2062,13,0,2062
2026-06-05 04:00:00,4459.37,4461.47,4452.98,4460.6,2719,16,0,2719
2026-06-05 04:03:00,4460.58,4469.97,4459.67,4468.4,2356,16,0,2356
2026-06-05 04:06:00,4468.39,4468.61,4463.45,4465.32,2123,15,0,2123
2026-06-05 04:09:00,4465.32,4467.21,4461.84,4463.48,2234,15,0,2234
2026-06-05 04:12:00,4463.45,4463.98,4459.78,4459.94,2317,15,0,2317
2026-06-05 04:15:00,4459.98,4464.07,4459.38,4460.93,2164,15,0,2164
2026-06-05 04:18:00,4460.95,4464.9,4457.56,4462.19,2130,15,0,2130
2026-06-05 04:21:00,4462.2,4462.61,4454.35,4456.3,2216,16,0,2216
2026-06-05 04:24:00,4456.52,4457.53,4449.32,4449.79,2295,16,0,2295
2026-06-05 04:27:00,4449.77,4459.64,4449.76,4458.76,2182,13,0,2182
2026-06-05 04:30:00,4458.89,4459.73,4455.68,4456.52,2122,13,0,2122
2026-06-05 04:33:00,4456.53,4458.73,4453.68,4454.89,2066,13,0,2066
2026-06-05 04:36:00,4454.9,4455.8,4452.04,4452.26,1989,13,0,1989
2026-06-05 04:39:00,4452.24,4453.51,4447.99,4448.82,2098,13,0,2098
2026-06-05 04:42:00,4448.82,4449.35,4445.3,4446.03,2117,13,0,2117
2026-06-05 04:45:00,4446.03,4449.57,4444.14,4449.29,2035,13,0,2035
2026-06-05 04:48:00,4449.27,4449.56,4444.79,4445.92,2014,13,0,2014
2026-06-05 04:51:00,4445.92,4447.97,4444.55,4447.32,2022,13,0,2022
2026-06-05 04:54:00,4447.3,4450.94,4447.3,4447.56,2004,13,0,2004
2026-06-05 04:57:00,4447.57,4448.34,4445.19,4446.84,2066,14,0,2066
2026-06-05 05:00:00,4446.92,4448.92,4442.43,4445.86,2323,15,0,2323
2026-06-05 05:03:00,4445.83,4450.83,4445.83,4449.13,2129,13,0,2129
2026-06-05 05:06:00,4449.13,4449.79,4444.77,4448.19,2178,13,0,2178
2026-06-05 05:09:00,4448.18,4448.81,4445.98,4448.48,2084,13,0,2084
2026-06-05 05:12:00,4448.48,4450.55,4447.84,4449.49,2056,13,0,2056
2026-06-05 05:15:00,4449.46,4450.62,4448.7,4449.86,1998,13,0,1998
2026-06-05 05:18:00,4449.85,4449.97,4445.78,4448.36,1961,13,0,1961
2026-06-05 05:21:00,4448.35,4452.98,4448.31,4452.71,1907,13,0,1907
2026-06-05 05:24:00,4452.76,4455.02,4451.7,4453.3,1913,15,0,1913
2026-06-05 05:27:00,4453.31,4453.4,4450.07,4451.27,1954,14,0,1954
2026-06-05 05:30:00,4451.26,4451.83,4442.18,4446.87,2632,15,0,2632
2026-06-05 05:33:00,4446.87,4447.55,4441.49,4443.68,2210,16,0,2210
2026-06-05 05:36:00,4443.69,4446.96,4443.47,4445.22,2191,15,0,2191
2026-06-05 05:39:00,4445.23,4446.74,4438.36,4439.05,2283,15,0,2283
2026-06-05 05:42:00,4439.07,4443.69,4438.48,4442.95,2203,15,0,2203
2026-06-05 05:45:00,4442.94,4447.33,4442.39,4446.14,2219,14,0,2219
2026-06-05 05:48:00,4446.07,4449.95,4444.2,4448.88,2101,13,0,2101
2026-06-05 05:51:00,4448.85,4449.5,4447.16,4447.16,2055,13,0,2055
2026-06-05 05:54:00,4447.16,4447.19,4440.28,4441.48,2063,13,0,2063
2026-06-05 05:57:00,4441.47,4442.69,4440.1,4440.6,2076,13,0,2076
2026-06-05 06:00:00,4440.57,4441.27,4437.32,4437.82,2237,15,0,2237
2026-06-05 06:03:00,4437.85,4439.02,4436.44,4438.03,2193,14,0,2193
2026-06-05 06:06:00,4438.04,4440.28,4436.87,4439.15,2149,13,0,2149
2026-06-05 06:09:00,4439.16,4440.65,4438.3,4440.14,2062,13,0,2062
2026-06-05 06:12:00,4440.13,4441.14,4439.18,4440.98,2013,13,0,2013
2026-06-05 06:15:00,4441.0,4443.91,4440.93,4441.49,2079,13,0,2079
2026-06-05 06:18:00,4441.52,4441.67,4437.72,4438.74,1969,14,0,1969
2026-06-05 06:21:00,4438.76,4438.76,4435.25,4436.84,2076,15,0,2076
2026-06-05 06:24:00,4436.82,4439.21,4436.68,4437.22,2049,15,0,2049
2026-06-05 06:27:00,4437.22,4438.6,4436.34,4436.77,2070,13,0,2070
2026-06-05 06:30:00,4436.79,4441.68,4436.31,4439.54,2084,15,0,2084
2026-06-05 06:33:00,4439.57,4440.02,4438.03,4438.83,1916,13,0,1916
2026-06-05 06:36:00,4438.81,4440.22,4436.65,4439.14,1959,15,0,1959
2026-06-05 06:39:00,4439.14,4441.81,4438.93,4441.55,1921,13,0,1921
2026-06-05 06:42:00,4441.57,4442.47,4440.34,4440.93,1852,13,0,1852
2026-06-05 06:45:00,4440.95,4441.22,4440.04,4440.52,1869,13,0,1869
2026-06-05 06:48:00,4440.54,4442.34,4440.31,4441.35,1859,14,0,1859
2026-06-05 06:51:00,4441.33,4441.33,4439.25,4439.75,1870,15,0,1870
2026-06-05 06:54:00,4439.74,4443.14,4439.25,4442.95,1847,15,0,1847
2026-06-05 06:57:00,4442.97,4443.37,4441.6,4442.38,1865,13,0,1865
2026-06-05 07:00:00,4442.4,4444.67,4442.29,4444.19,1887,13,0,1887
2026-06-05 07:03:00,4444.2,4444.24,4441.2,4443.41,1934,16,0,1934
2026-06-05 07:06:00,4443.42,4443.6,4439.76,4440.35,1905,14,0,1905
2026-06-05 07:09:00,4440.36,4441.28,4439.44,4440.09,1861,13,0,1861
2026-06-05 07:12:00,4440.08,4441.72,4438.4,4441.62,1959,15,0,1959
2026-06-05 07:15:00,4441.62,4443.81,4440.69,4443.74,1963,15,0,1963
2026-06-05 07:18:00,4443.74,4443.88,4438.96,4439.91,1945,14,0,1945
2026-06-05 07:21:00,4439.93,4441.76,4439.71,4439.95,1829,13,0,1829
2026-06-05 07:24:00,4439.94,4443.8,4439.12,4443.66,1967,13,0,1967
2026-06-05 07:27:00,4443.66,4443.79,4439.51,4439.73,1931,13,0,1931
2026-06-05 07:30:00,4439.72,4440.08,4437.64,4439.29,1906,13,0,1906
2026-06-05 07:33:00,4439.31,4440.26,4438.95,4439.73,1858,13,0,1858
2026-06-05 07:36:00,4439.71,4441.08,4439.42,4440.21,1849,13,0,1849
2026-06-05 07:39:00,4440.23,4444.19,4439.95,4441.75,1904,13,0,1904
2026-06-05 07:42:00,4441.77,4441.79,4439.32,4440.94,1868,13,0,1868
2026-06-05 07:45:00,4440.93,4441.58,4439.66,4441.29,1877,13,0,1877
2026-06-05 07:48:00,4441.32,4443.09,4440.39,4442.25,1903,14,0,1903
2026-06-05 07:51:00,4442.26,4443.18,4441.7,4443.16,1881,13,0,1881
2026-06-05 07:54:00,4443.15,4446.24,4442.95,4445.52,1972,13,0,1972
2026-06-05 07:57:00,4445.53,4446.6,4444.67,4444.99,1872,13,0,1872
2026-06-05 08:00:00,4445.0,4447.07,4443.24,4446.59,1980,13,0,1980
2026-06-05 08:03:00,4446.59,4450.06,4446.53,4448.55,2087,16,0,2087
2026-06-05 08:06:00,4448.54,4449.85,4447.08,4449.67,1978,15,0,1978
2026-06-05 08:09:00,4449.69,4449.91,4446.43,4448.12,1921,15,0,1921
2026-06-05 08:12:00,4448.11,4449.75,4447.01,4448.99,1921,13,0,1921
2026-06-05 08:15:00,4449.01,4449.28,4444.16,4444.55,1920,13,0,1920
2026-06-05 08:18:00,4444.52,4446.42,4444.23,4445.77,1915,13,0,1915
2026-06-05 08:21:00,4445.75,4445.96,4442.25,4442.82,1889,13,0,1889
2026-06-05 08:24:00,4442.84,4445.34,4442.78,4444.8,1892,13,0,1892
2026-06-05 08:27:00,4444.79,4445.87,4444.39,4444.71,1839,13,0,1839
2026-06-05 08:30:00,4444.72,4446.05,4439.41,4441.15,2289,16,0,2289
2026-06-05 08:33:00,4441.07,4443.92,4440.56,4443.12,2156,16,0,2156
2026-06-05 08:36:00,4443.14,4447.99,4442.22,4446.04,2028,15,0,2028
2026-06-05 08:39:00,4446.07,4447.46,4444.11,4445.06,1974,15,0,1974
2026-06-05 08:42:00,4445.06,4446.14,4443.04,4443.69,1953,15,0,1953
2026-06-05 08:45:00,4443.68,4446.01,4442.16,4445.83,1927,15,0,1927
2026-06-05 08:48:00,4445.83,4448.29,4445.59,4446.46,2000,13,0,2000
2026-06-05 08:51:00,4446.49,4447.96,4444.14,4444.76,1966,13,0,1966
2026-06-05 08:54:00,4444.75,4445.38,4441.2,4441.2,2016,13,0,2016
2026-06-05 08:57:00,4441.2,4441.28,4438.63,4440.01,2080,13,0,2080
2026-06-05 09:00:00,4440.01,4442.62,4437.0,4437.58,2273,14,0,2273
2026-06-05 09:03:00,4437.59,4439.46,4435.33,4439.09,2273,14,0,2273
2026-06-05 09:06:00,4439.08,4440.93,4438.15,4439.85,2163,13,0,2163
2026-06-05 09:09:00,4439.85,4442.29,4438.23,4438.97,2253,13,0,2253
2026-06-05 09:12:00,4438.97,4439.34,4436.18,4436.52,2123,14,0,2123
2026-06-05 09:15:00,4436.45,4437.19,4432.09,4432.54,2307,14,0,2307
2026-06-05 09:18:00,4432.56,4437.08,4428.65,4436.51,2301,14,0,2301
2026-06-05 09:21:00,4436.53,4442.29,4435.82,4442.15,2205,10,0,2205
2026-06-05 09:24:00,4442.15,4446.51,4441.98,4443.13,2259,10,0,2259
2026-06-05 09:27:00,4443.11,4445.01,4440.45,4442.33,2720,9,0,2720
2026-06-05 09:30:00,4442.57,4445.86,4442.36,4445.25,2111,9,0,2111
2026-06-05 09:33:00,4445.26,4448.3,4444.66,4447.58,2088,11,0,2088
2026-06-05 09:36:00,4447.61,4450.16,4447.42,4448.2,2137,10,0,2137
2026-06-05 09:39:00,4448.21,4449.06,4446.91,4447.14,2052,11,0,2052
2026-06-05 09:42:00,4447.13,4448.5,4446.54,4448.49,1985,12,0,1985
2026-06-05 09:45:00,4448.49,4455.38,4446.93,4455.03,2299,12,0,2299
2026-06-05 09:48:00,4455.04,4456.03,4453.24,4454.35,2090,11,0,2090
2026-06-05 09:51:00,4454.31,4456.21,4451.82,4453.01,2337,9,0,2337
2026-06-05 09:54:00,4453.03,4453.36,4449.43,4451.48,2151,9,0,2151
2026-06-05 09:57:00,4451.49,4453.43,4450.88,4452.81,2220,9,0,2220
2026-06-05 10:00:00,4452.82,4455.68,4451.9,4451.92,2153,14,0,2153
2026-06-05 10:03:00,4451.92,4455.98,4451.91,4454.98,2198,14,0,2198
2026-06-05 10:06:00,4454.96,4458.32,4453.25,4457.83,2168,10,0,2168
2026-06-05 10:09:00,4457.8,4459.15,4456.13,4458.76,2361,9,0,2361
2026-06-05 10:12:00,4458.79,4463.3,4458.3,4458.49,2104,13,0,2104
2026-06-05 10:15:00,4458.47,4464.09,4458.41,4461.69,2111,11,0,2111
2026-06-05 10:18:00,4461.71,4462.27,4460.39,4460.57,2377,9,0,2377
2026-06-05 10:21:00,4460.57,4465.31,4459.87,4463.49,2158,9,0,2158
2026-06-05 10:24:00,4463.39,4465.88,4461.53,4463.82,2320,9,0,2320
2026-06-05 10:27:00,4463.81,4467.36,4463.25,4467.2,2511,9,0,2511
2026-06-05 10:30:00,4467.23,4467.23,4464.47,4466.1,2336,9,0,2336
2026-06-05 10:33:00,4466.09,4466.66,4464.13,4464.19,2507,9,0,2507
2026-06-05 10:36:00,4464.18,4464.77,4461.53,4463.43,2028,9,0,2028
2026-06-05 10:39:00,4463.45,4464.64,4459.5,4462.12,2025,10,0,2025
2026-06-05 10:42:00,4462.1,4465.83,4461.4,4462.12,2175,9,0,2175
2026-06-05 10:45:00,4462.13,4464.31,4461.86,4463.12,2474,9,0,2474
2026-06-05 10:48:00,4463.12,4463.33,4461.72,4462.0,1886,9,0,1886
2026-06-05 10:51:00,4462.02,4465.12,4461.86,4462.54,1981,9,0,1981
2026-06-05 10:54:00,4462.55,4462.84,4461.42,4461.84,1897,13,0,1897
2026-06-05 10:57:00,4461.85,4462.02,4460.73,4460.9,1856,12,0,1856
2026-06-05 11:00:00,4460.91,4463.4,4458.76,4461.41,2077,14,0,2077
2026-06-05 11:03:00,4461.44,4462.3,4460.54,4461.9,2043,14,0,2043
2026-06-05 11:06:00,4461.89,4462.53,4459.48,4459.94,2080,14,0,2080
2026-06-05 11:09:00,4459.94,4461.82,4459.84,4461.05,1958,13,0,1958
2026-06-05 11:12:00,4461.06,4461.53,4459.42,4461.12,2035,9,0,2035
2026-06-05 11:15:00,4461.12,4461.3,4459.95,4460.75,2046,9,0,2046
2026-06-05 11:18:00,4460.75,4463.45,4460.75,4462.87,2162,9,0,2162
2026-06-05 11:21:00,4462.83,4465.6,4462.49,4464.57,2048,9,0,2048
2026-06-05 11:24:00,4464.62,4465.86,4463.44,4464.74,2002,11,0,2002
2026-06-05 11:27:00,4464.74,4466.99,4463.08,4466.99,2373,9,0,2373
2026-06-05 11:30:00,4466.99,4468.25,4464.49,4464.91,2191,14,0,2191
2026-06-05 11:33:00,4464.93,4464.97,4463.2,4463.5,1928,11,0,1928
2026-06-05 11:36:00,4463.52,4463.63,4461.69,4462.1,1931,10,0,1931
2026-06-05 11:39:00,4462.08,4462.81,4460.97,4461.98,1911,13,0,1911
2026-06-05 11:42:00,4461.97,4463.33,4461.67,4461.83,1892,11,0,1892
2026-06-05 11:45:00,4461.82,4463.11,4461.57,4462.78,1866,11,0,1866
2026-06-05 11:48:00,4462.79,4464.49,4462.66,4462.67,1870,12,0,1870
2026-06-05 11:51:00,4462.69,4463.73,4461.92,4463.09,1919,14,0,1919
2026-06-05 11:54:00,4463.07,4463.82,4462.42,4462.91,1846,13,0,1846
2026-06-05 11:57:00,4462.88,4463.48,4462.32,4462.82,1799,11,0,1799
2026-06-05 12:00:00,4462.81,4463.14,4461.01,4463.06,1840,11,0,1840
2026-06-05 12:03:00,4463.07,4463.32,4460.99,4462.08,1869,14,0,1869
2026-06-05 12:06:00,4462.07,4462.94,4459.69,4461.22,1930,14,0,1930
2026-06-05 12:09:00,4461.21,4461.65,4458.89,4459.06,1866,10,0,1866
2026-06-05 12:12:00,4459.07,4469.38,4459.07,4465.97,2881,9,0,2881
2026-06-05 12:15:00,4466.13,4468.54,4464.16,4467.31,2295,14,0,2295
2026-06-05 12:18:00,4467.31,4469.3,4466.02,4467.24,2043,14,0,2043
2026-06-05 12:21:00,4467.21,4468.93,4466.65,4467.48,2006,14,0,2006
2026-06-05 12:24:00,4467.5,4468.14,4465.35,4466.48,2072,14,0,2072
2026-06-05 12:27:00,4466.48,4466.63,4461.96,4462.9,1973,14,0,1973
2026-06-05 12:30:00,4462.9,4463.37,4459.27,4461.26,2178,14,0,2178
2026-06-05 12:33:00,4461.26,4466.86,4461.04,4462.85,2056,14,0,2056
2026-06-05 12:36:00,4462.87,4465.45,4462.68,4464.48,2362,9,0,2362
2026-06-05 12:39:00,4464.46,4465.78,4462.83,4465.39,1960,11,0,1960
2026-06-05 12:42:00,4465.42,4466.14,4464.47,4465.89,1936,12,0,1936
2026-06-05 12:45:00,4465.88,4469.23,4465.6,4468.24,1907,13,0,1907
2026-06-05 12:48:00,4468.23,4468.94,4464.46,4464.61,1866,14,0,1866
2026-06-05 12:51:00,4464.61,4465.37,4464.6,4465.2,1836,11,0,1836
2026-06-05 12:54:00,4465.2,4465.6,4462.61,4462.94,1891,12,0,1891
2026-06-05 12:57:00,4462.95,4465.07,4462.76,4464.89,1865,13,0,1865
2026-06-05 13:00:00,4464.89,4465.05,4463.37,4463.67,1844,13,0,1844
2026-06-05 13:03:00,4463.68,4464.23,4463.14,4464.08,1849,14,0,1849
2026-06-05 13:06:00,4464.07,4464.25,4463.19,4463.86,1836,13,0,1836
2026-06-05 13:09:00,4463.87,4465.13,4463.67,4464.19,1840,14,0,1840
2026-06-05 13:12:00,4464.16,4465.27,4463.55,4465.25,1856,14,0,1856
2026-06-05 13:15:00,4465.28,4465.92,4464.56,4464.76,1879,14,0,1879
2026-06-05 13:18:00,4464.75,4466.35,4464.69,4465.79,1821,13,0,1821
2026-06-05 13:21:00,4465.79,4467.82,4465.7,4467.81,1815,14,0,1815
2026-06-05 13:24:00,4467.8,4468.13,4465.53,4465.53,1871,11,0,1871
2026-06-05 13:27:00,4465.55,4466.18,4465.14,4466.08,2168,9,0,2168
2026-06-05 13:30:00,4466.07,4466.97,4465.1,4465.32,1859,14,0,1859
2026-06-05 13:33:00,4465.31,4465.8,4462.69,4464.08,1915,13,0,1915
2026-06-05 13:36:00,4464.07,4464.09,4462.2,4462.98,2243,9,0,2243
2026-06-05 13:39:00,4463.0,4463.97,4461.93,4462.74,2018,9,0,2018
2026-06-05 13:42:00,4462.74,4464.65,4461.92,4464.61,1861,12,0,1861
2026-06-05 13:45:00,4464.62,4467.36,4464.41,4465.33,1907,13,0,1907
2026-06-05 13:48:00,4465.32,4467.94,4464.69,4467.82,1945,14,0,1945
2026-06-05 13:51:00,4467.83,4467.84,4466.33,4466.67,2151,9,0,2151
2026-06-05 13:54:00,4466.62,4466.92,4466.0,4466.77,1799,9,0,1799
2026-06-05 13:57:00,4466.78,4467.14,4465.99,4466.75,1904,9,0,1904
2026-06-05 14:00:00,4466.67,4467.14,4463.51,4463.78,1987,14,0,1987
2026-06-05 14:03:00,4463.81,4465.11,4463.71,4464.64,1876,12,0,1876
2026-06-05 14:06:00,4464.66,4466.43,4463.33,4466.18,1906,12,0,1906
2026-06-05 14:09:00,4466.15,4466.98,4465.21,4465.92,2085,9,0,2085
2026-06-05 14:12:00,4465.9,4465.93,4461.04,4461.37,1925,13,0,1925
2026-06-05 14:15:00,4461.36,4463.5,4461.24,4463.29,1900,12,0,1900
2026-06-05 14:18:00,4463.29,4463.4,4460.91,4462.2,2116,9,0,2116
2026-06-05 14:21:00,4462.18,4463.86,4461.3,4463.06,1908,13,0,1908
2026-06-05 14:24:00,4463.05,4464.03,4458.55,4463.7,2013,12,0,2013
2026-06-05 14:27:00,4463.71,4466.18,4463.54,4466.12,2015,13,0,2015
2026-06-05 14:30:00,4466.11,4467.21,4465.23,4465.7,1947,13,0,1947
2026-06-05 14:33:00,4465.69,4465.79,4464.52,4464.8,1907,13,0,1907
2026-06-05 14:36:00,4464.78,4467.01,4463.58,4466.8,1868,13,0,1868
2026-06-05 14:39:00,4466.78,4466.79,4463.22,4464.88,1991,14,0,1991
2026-06-05 14:42:00,4464.88,4465.81,4464.26,4465.0,1956,9,0,1956
2026-06-05 14:45:00,4464.97,4467.31,4464.05,4466.8,1861,11,0,1861
2026-06-05 14:48:00,4466.8,4467.97,4465.9,4467.93,1943,14,0,1943
2026-06-05 14:51:00,4467.96,4475.39,4467.7,4471.24,2101,14,0,2101
2026-06-05 14:54:00,4471.25,4472.64,4468.23,4468.28,1954,13,0,1954
2026-06-05 14:57:00,4468.3,4470.73,4467.81,4470.23,1978,13,0,1978
2026-06-05 15:00:00,4470.22,4470.83,4467.07,4468.13,2047,14,0,2047
2026-06-05 15:03:00,4468.15,4468.76,4464.22,4466.89,2030,10,0,2030
2026-06-05 15:06:00,4466.91,4468.18,4465.88,4466.17,2345,9,0,2345
2026-06-05 15:09:00,4466.15,4471.19,4465.51,4469.0,2010,14,0,2010
2026-06-05 15:12:00,4469.0,4470.12,4466.81,4469.24,2074,14,0,2074
2026-06-05 15:15:00,4469.32,4470.12,4468.29,4469.28,2482,9,0,2482
2026-06-05 15:18:00,4469.29,4475.86,4468.62,4468.7,2334,9,0,2334
2026-06-05 15:21:00,4469.05,4470.72,4467.49,4469.06,2118,14,0,2118
2026-06-05 15:24:00,4469.05,4469.14,4464.72,4465.1,2086,13,0,2086
2026-06-05 15:27:00,4465.09,4465.22,4461.58,4465.14,2023,13,0,2023
2026-06-05 15:30:00,4465.11,4465.97,4446.92,4450.81,3651,14,0,3651
2026-06-05 15:33:00,4450.78,4456.2,4448.72,4448.72,2849,14,0,2849
2026-06-05 15:36:00,4448.74,4448.74,4439.73,4441.65,2909,14,0,2909
2026-06-05 15:39:00,4441.68,4448.14,4441.64,4446.15,2773,14,0,2773
2026-06-05 15:42:00,4446.16,4447.51,4443.36,4446.04,2609,14,0,2609
2026-06-05 15:45:00,4446.09,4449.06,4444.22,4445.88,2548,14,0,2548
2026-06-05 15:48:00,4445.93,4447.4,4434.54,4437.22,2664,13,0,2664
2026-06-05 15:51:00,4437.21,4437.21,4420.32,4421.16,3108,14,0,3108
2026-06-05 15:54:00,4421.12,4422.32,4412.76,4413.07,3130,14,0,3130
2026-06-05 15:57:00,4413.08,4415.54,4404.83,4406.01,3121,14,0,3121
2026-06-05 16:00:00,4406.12,4418.44,4399.9,4413.03,3799,14,0,3799
2026-06-05 16:03:00,4413.07,4414.14,4408.19,4414.0,3070,13,0,3070
2026-06-05 16:06:00,4413.95,4417.05,4408.24,4416.75,3108,9,0,3108
2026-06-05 16:09:00,4416.73,4419.73,4414.5,4418.08,2828,9,0,2828
2026-06-05 16:12:00,4418.09,4420.55,4415.39,4418.47,2592,12,0,2592
2026-06-05 16:15:00,4418.46,4421.03,4416.28,4416.82,2550,13,0,2550
2026-06-05 16:18:00,4416.84,4419.34,4414.07,4415.48,2671,13,0,2671
2026-06-05 16:21:00,4415.48,4420.47,4412.32,4415.2,2711,14,0,2711
2026-06-05 16:24:00,4415.19,4415.47,4409.4,4411.71,2730,13,0,2730
2026-06-05 16:27:00,4411.76,4412.42,4403.93,4404.71,2710,13,0,2710
2026-06-05 16:30:00,4404.66,4409.52,4398.24,4409.25,3551,14,0,3551
2026-06-05 16:33:00,4409.32,4409.48,4399.99,4403.96,3232,14,0,3232
2026-06-05 16:36:00,4403.97,4404.4,4386.0,4387.92,3391,14,0,3391
2026-06-05 16:39:00,4387.79,4398.19,4386.76,4391.47,3248,14,0,3248
2026-06-05 16:42:00,4391.47,4393.9,4388.43,4389.42,3212,13,0,3212
2026-06-05 16:45:00,4389.41,4391.05,4383.33,4384.54,3332,11,0,3332
2026-06-05 16:48:00,4384.61,4388.1,4382.87,4383.0,3215,9,0,3215
2026-06-05 16:51:00,4383.04,4388.17,4381.91,4383.93,3228,9,0,3228
2026-06-05 16:54:00,4383.89,4386.7,4376.86,4379.25,3283,9,0,3283
2026-06-05 16:57:00,4379.23,4380.61,4365.74,4365.74,3057,9,0,3057
2026-06-05 17:00:00,4365.75,4379.29,4364.03,4377.83,3728,14,0,3728
2026-06-05 17:03:00,4377.59,4379.04,4366.41,4371.2,3704,14,0,3704
2026-06-05 17:06:00,4371.19,4374.66,4364.16,4374.32,3306,12,0,3306
2026-06-05 17:09:00,4374.42,4377.52,4367.08,4367.66,3392,11,0,3392
2026-06-05 17:12:00,4367.66,4369.75,4364.39,4366.18,3087,11,0,3087
2026-06-05 17:15:00,4366.28,4368.21,4364.62,4367.78,2908,10,0,2908
2026-06-05 17:18:00,4367.77,4370.29,4365.31,4369.88,2959,12,0,2959
2026-06-05 17:21:00,4369.87,4370.22,4356.59,4359.72,3529,14,0,3529
2026-06-05 17:24:00,4359.72,4360.57,4352.88,4356.01,3147,14,0,3147
2026-06-05 17:27:00,4356.0,4361.4,4355.61,4361.07,3069,11,0,3069
2026-06-05 17:30:00,4361.06,4364.08,4355.15,4359.21,3315,14,0,3315
2026-06-05 17:33:00,4359.18,4359.81,4349.81,4354.25,2897,13,0,2897
2026-06-05 17:36:00,4354.27,4354.28,4347.87,4348.9,2859,9,0,2859
2026-06-05 17:39:00,4348.88,4350.81,4345.69,4349.9,3151,9,0,3151
2026-06-05 17:42:00,4349.9,4350.13,4344.54,4349.22,2831,9,0,2831
2026-06-05 17:45:00,4349.21,4355.86,4348.29,4355.69,2920,13,0,2920
2026-06-05 17:48:00,4355.71,4359.9,4353.51,4359.68,2867,13,0,2867
2026-06-05 17:51:00,4359.67,4367.12,4359.11,4363.31,2949,13,0,2949
2026-06-05 17:54:00,4363.32,4367.72,4360.89,4365.71,2934,10,0,2934
2026-06-05 17:57:00,4365.69,4370.09,4365.11,4369.63,2639,10,0,2639
2026-06-05 18:00:00,4369.64,4372.53,4362.89,4366.68,2835,14,0,2835
2026-06-05 18:03:00,4366.66,4369.49,4365.9,4367.37,2611,12,0,2611
2026-06-05 18:06:00,4367.41,4368.94,4362.4,4363.82,2501,12,0,2501
2026-06-05 18:09:00,4363.82,4366.32,4358.19,4358.6,2590,9,0,2590
2026-06-05 18:12:00,4358.6,4360.71,4352.99,4353.0,2795,9,0,2795
2026-06-05 18:15:00,4352.91,4355.95,4349.07,4350.21,2933,14,0,2933
2026-06-05 18:18:00,4350.19,4355.96,4348.24,4349.33,2795,11,0,2795
2026-06-05 18:21:00,4349.33,4357.5,4348.31,4352.13,2889,9,0,2889
2026-06-05 18:24:00,4352.16,4354.32,4350.73,4352.89,2578,14,0,2578
2026-06-05 18:27:00,4352.91,4355.33,4349.49,4351.95,2556,9,0,2556
2026-06-05 18:30:00,4351.86,4354.89,4349.93,4351.1,2495,11,0,2495
2026-06-05 18:33:00,4351.09,4351.58,4345.4,4348.93,2413,11,0,2413
2026-06-05 18:36:00,4348.91,4349.56,4336.37,4336.96,2566,14,0,2566
2026-06-05 18:39:00,4337.14,4340.36,4335.48,4336.0,2636,14,0,2636
2026-06-05 18:42:00,4335.98,4341.63,4335.93,4338.79,2689,9,0,2689
2026-06-05 18:45:00,4338.82,4341.23,4337.44,4338.42,2394,9,0,2394
2026-06-05 18:48:00,4338.36,4340.87,4336.7,4337.68,2304,9,0,2304
2026-06-05 18:51:00,4337.67,4341.31,4336.9,4340.35,2306,9,0,2306
2026-06-05 18:54:00,4340.33,4341.93,4337.34,4338.87,2414,12,0,2414
2026-06-05 18:57:00,4338.88,4339.37,4334.01,4335.46,2443,14,0,2443
2026-06-05 19:00:00,4335.46,4336.04,4330.42,4334.93,2627,14,0,2627
2026-06-05 19:03:00,4334.91,4339.05,4330.93,4331.19,2665,14,0,2665
2026-06-05 19:06:00,4331.2,4332.89,4328.84,4331.75,2790,14,0,2790
2026-06-05 19:09:00,4331.73,4334.48,4331.03,4334.17,2585,14,0,2585
2026-06-05 19:12:00,4334.17,4338.08,4333.17,4333.59,2504,14,0,2504
2026-06-05 19:15:00,4333.59,4333.61,4326.46,4326.89,2562,14,0,2562
2026-06-05 19:18:00,4326.98,4330.84,4325.57,4326.63,2587,14,0,2587
2026-06-05 19:21:00,4326.6,4328.98,4325.4,4327.87,2500,14,0,2500
2026-06-05 19:24:00,4327.87,4333.84,4326.83,4330.31,2613,14,0,2613
2026-06-05 19:27:00,4330.3,4332.66,4329.17,4329.68,2567,14,0,2567
2026-06-05 19:30:00,4329.67,4330.1,4324.78,4326.27,2664,14,0,2664
2026-06-05 19:33:00,4326.19,4329.84,4323.33,4326.06,2632,14,0,2632
2026-06-05 19:36:00,4326.05,4332.23,4325.23,4331.53,2418,12,0,2418
2026-06-05 19:39:00,4331.54,4332.15,4328.64,4329.13,2429,10,0,2429
2026-06-05 19:42:00,4329.12,4329.49,4326.05,4327.83,2409,9,0,2409
2026-06-05 19:45:00,4327.81,4331.33,4325.1,4330.87,2583,13,0,2583
2026-06-05 19:48:00,4330.86,4335.42,4330.34,4333.88,2741,14,0,2741
2026-06-05 19:51:00,4333.86,4336.48,4333.15,4336.44,2431,12,0,2431
2026-06-05 19:54:00,4336.42,4340.91,4336.02,4340.32,2540,11,0,2540
2026-06-05 19:57:00,4340.34,4344.95,4340.16,4344.56,2644,14,0,2644
2026-06-05 20:00:00,4344.57,4347.02,4340.51,4342.21,2519,14,0,2519
2026-06-05 20:03:00,4342.2,4344.96,4339.57,4342.97,2486,14,0,2486
2026-06-05 20:06:00,4342.99,4343.16,4339.35,4340.38,2424,11,0,2424
2026-06-05 20:09:00,4340.33,4341.04,4336.71,4337.13,2623,9,0,2623
2026-06-05 20:12:00,4337.15,4341.73,4336.59,4339.6,2542,9,0,2542
2026-06-05 20:15:00,4339.62,4342.29,4337.93,4341.42,2609,9,0,2609
2026-06-05 20:18:00,4341.45,4341.52,4335.67,4337.26,2505,9,0,2505
2026-06-05 20:21:00,4337.25,4341.69,4337.23,4339.54,2401,9,0,2401
2026-06-05 20:24:00,4339.52,4341.42,4336.61,4338.26,2603,11,0,2603
2026-06-05 20:27:00,4338.27,4343.0,4336.13,4342.48,2813,9,0,2813
2026-06-05 20:30:00,4342.51,4343.52,4339.88,4342.64,2425,14,0,2425
2026-06-05 20:33:00,4342.63,4343.9,4340.38,4341.55,2682,9,0,2682
2026-06-05 20:36:00,4341.56,4344.51,4339.66,4343.74,2337,9,0,2337
2026-06-05 20:39:00,4343.75,4347.43,4341.03,4341.41,2595,9,0,2595
2026-06-05 20:42:00,4341.41,4343.07,4340.22,4341.23,2585,9,0,2585
2026-06-05 20:45:00,4341.22,4342.94,4339.42,4340.08,2440,9,0,2440
2026-06-05 20:48:00,4340.07,4340.81,4337.85,4339.78,2258,9,0,2258
2026-06-05 20:51:00,4339.75,4342.6,4338.85,4342.16,2288,12,0,2288
2026-06-05 20:54:00,4342.17,4343.72,4341.66,4342.23,2317,9,0,2317
2026-06-05 20:57:00,4342.22,4343.6,4341.19,4341.8,2233,9,0,2233
2026-06-05 21:00:00,4341.8,4342.17,4337.17,4337.64,2258,9,0,2258
2026-06-05 21:03:00,4337.66,4338.16,4332.52,4332.52,2530,13,0,2530
2026-06-05 21:06:00,4332.51,4333.25,4329.61,4331.24,2411,14,0,2411
2026-06-05 21:09:00,4331.22,4331.73,4328.46,4329.77,2407,13,0,2407
2026-06-05 21:12:00,4329.77,4329.94,4322.95,4322.95,2548,14,0,2548
2026-06-05 21:15:00,4322.97,4325.36,4321.9,4325.23,2719,14,0,2719
2026-06-05 21:18:00,4325.2,4330.28,4323.7,4328.58,2424,14,0,2424
2026-06-05 21:21:00,4328.77,4329.38,4326.18,4327.67,2479,14,0,2479
2026-06-05 21:24:00,4327.62,4328.67,4322.94,4323.45,2565,14,0,2565
2026-06-05 21:27:00,4323.45,4327.51,4322.99,4325.88,2688,14,0,2688
2026-06-05 21:30:00,4325.87,4327.04,4318.81,4319.87,2564,14,0,2564
2026-06-05 21:33:00,4319.98,4325.3,4319.1,4323.58,2408,14,0,2408
2026-06-05 21:36:00,4323.59,4326.04,4319.18,4319.97,2420,14,0,2420
2026-06-05 21:39:00,4319.96,4321.23,4318.43,4318.48,2340,14,0,2340
2026-06-05 21:42:00,4318.47,4318.81,4315.33,4318.09,2380,12,0,2380
2026-06-05 21:45:00,4318.1,4319.23,4316.07,4318.36,2356,13,0,2356
2026-06-05 21:48:00,4318.35,4321.8,4317.37,4318.46,2621,13,0,2621
2026-06-05 21:51:00,4318.42,4319.15,4316.85,4317.35,2383,11,0,2383
2026-06-05 21:54:00,4317.36,4326.36,4317.13,4324.22,2605,11,0,2605
2026-06-05 21:57:00,4324.22,4325.15,4321.95,4322.34,2635,14,0,2635
2026-06-05 22:00:00,4322.36,4323.86,4316.58,4319.38,2677,14,0,2677
2026-06-05 22:03:00,4319.37,4322.42,4318.91,4319.85,2467,12,0,2467
2026-06-05 22:06:00,4319.86,4321.15,4316.51,4316.52,2470,11,0,2470
2026-06-05 22:09:00,4316.5,4320.07,4316.37,4317.92,2489,9,0,2489
2026-06-05 22:12:00,4317.93,4319.18,4315.21,4315.4,2483,9,0,2483
2026-06-05 22:15:00,4315.38,4316.38,4314.3,4314.33,2395,9,0,2395
2026-06-05 22:18:00,4314.33,4321.27,4313.94,4320.91,2644,9,0,2644
2026-06-05 22:21:00,4320.88,4321.64,4315.48,4315.59,2695,14,0,2695
2026-06-05 22:24:00,4315.6,4322.51,4315.48,4320.96,2725,14,0,2725
2026-06-05 22:27:00,4320.95,4324.3,4320.72,4323.84,2610,14,0,2610
2026-06-05 22:30:00,4323.87,4325.09,4320.65,4321.75,2582,13,0,2582
2026-06-05 22:33:00,4321.73,4324.85,4321.3,4323.25,2651,10,0,2651
2026-06-05 22:36:00,4323.26,4323.56,4320.57,4322.63,2593,9,0,2593
2026-06-05 22:39:00,4322.65,4322.85,4313.98,4314.72,2591,9,0,2591
2026-06-05 22:42:00,4314.75,4320.27,4314.23,4318.76,2675,14,0,2675
2026-06-05 22:45:00,4318.77,4321.73,4317.74,4320.68,2729,14,0,2729
2026-06-05 22:48:00,4320.68,4323.76,4319.24,4322.22,2693,10,0,2693
2026-06-05 22:51:00,4322.23,4323.15,4318.34,4318.56,2790,11,0,2790
2026-06-05 22:54:00,4318.57,4321.27,4317.51,4318.29,2878,9,0,2878
2026-06-05 22:57:00,4318.28,4319.2,4316.81,4318.76,2690,9,0,2690
2026-06-05 23:00:00,4318.73,4318.97,4312.7,4313.7,2480,10,0,2480
2026-06-05 23:03:00,4313.69,4314.57,4312.55,4312.96,2353,9,0,2353
2026-06-05 23:06:00,4312.96,4314.04,4311.79,4313.58,2168,9,0,2168
2026-06-05 23:09:00,4313.56,4314.72,4312.34,4312.89,2128,10,0,2128
2026-06-05 23:12:00,4312.86,4317.52,4312.7,4315.66,2122,10,0,2122
2026-06-05 23:15:00,4315.66,4316.81,4313.99,4316.42,2146,12,0,2146
2026-06-05 23:18:00,4316.45,4316.65,4314.58,4315.29,2140,12,0,2140
2026-06-05 23:21:00,4315.28,4319.79,4315.07,4318.41,2124,14,0,2124
2026-06-05 23:24:00,4318.23,4322.92,4317.96,4322.75,2032,14,0,2032
2026-06-05 23:27:00,4322.76,4326.66,4322.08,4322.91,2070,14,0,2070
2026-06-05 23:30:00,4322.93,4324.11,4321.63,4322.3,2010,12,0,2010
2026-06-05 23:33:00,4322.25,4323.21,4321.85,4323.15,1954,12,0,1954
2026-06-05 23:36:00,4323.16,4325.38,4322.53,4322.53,2040,13,0,2040
2026-06-05 23:39:00,4322.54,4323.57,4322.07,4322.75,1941,14,0,1941
2026-06-05 23:42:00,4322.82,4324.96,4321.05,4323.8,1957,22,0,1957
2026-06-05 23:45:00,4323.81,4327.67,4323.72,4327.64,1905,22,0,1905
2026-06-05 23:48:00,4327.63,4329.53,4325.45,4328.11,2059,22,0,2059
2026-06-05 23:51:00,4327.89,4330.01,4327.04,4328.2,2373,22,0,2373
2026-06-05 23:54:00,4328.21,4328.81,4327.55,4327.63,862,22,0,862
2026-06-08 01:03:00,4320.56,4320.96,4310.82,4312.57,1519,16,0,1519
2026-06-08 01:06:00,4312.82,4315.63,4310.15,4312.28,4070,16,0,4070
2026-06-08 01:09:00,4312.28,4319.09,4312.2,4315.81,2348,16,0,2348
2026-06-08 01:12:00,4315.83,4330.15,4312.8,4329.86,2516,16,0,2516
2026-06-08 01:15:00,4329.86,4330.54,4323.91,4329.25,2397,16,0,2397
2026-06-08 01:18:00,4329.25,4330.64,4326.26,4328.25,2488,16,0,2488
2026-06-08 01:21:00,4328.27,4329.35,4323.59,4326.32,2264,16,0,2264
2026-06-08 01:24:00,4326.29,4326.53,4317.02,4317.03,2131,16,0,2131
2026-06-08 01:27:00,4317.02,4320.07,4316.23,4316.72,2329,16,0,2329
2026-06-08 01:30:00,4316.72,4320.42,4315.3,4318.33,2163,16,0,2163
2026-06-08 01:33:00,4318.36,4325.88,4317.24,4325.26,2069,16,0,2069
2026-06-08 01:36:00,4325.26,4328.94,4324.88,4328.53,1921,16,0,1921
2026-06-08 01:39:00,4328.55,4328.55,4325.11,4325.21,1935,16,0,1935
2026-06-08 01:42:00,4325.17,4326.49,4324.5,4326.02,1905,16,0,1905
2026-06-08 01:45:00,4326.01,4326.1,4319.78,4322.83,2119,16,0,2119
2026-06-08 01:48:00,4322.82,4324.18,4321.22,4323.08,1929,16,0,1929
2026-06-08 01:51:00,4323.07,4326.66,4321.66,4323.52,2019,16,0,2019
2026-06-08 01:54:00,4323.51,4324.13,4315.7,4321.53,2257,16,0,2257
2026-06-08 01:57:00,4321.55,4321.55,4317.13,4317.27,2213,16,0,2213
2026-06-08 02:00:00,4317.26,4327.24,4317.24,4324.67,2254,16,0,2254
2026-06-08 02:03:00,4324.69,4326.97,4322.63,4323.36,2023,15,0,2023
2026-06-08 02:06:00,4323.34,4327.41,4323.08,4325.45,2094,15,0,2094
2026-06-08 02:09:00,4325.44,4330.45,4324.18,4329.6,2053,15,0,2053
2026-06-08 02:12:00,4329.6,4334.18,4327.57,4330.84,2018,15,0,2018
2026-06-08 02:15:00,4330.82,4334.17,4330.03,4331.13,2032,15,0,2032
2026-06-08 02:18:00,4331.12,4332.25,4329.89,4329.97,1962,14,0,1962
2026-06-08 02:21:00,4329.94,4332.12,4328.89,4329.21,2044,15,0,2044
2026-06-08 02:24:00,4329.2,4330.61,4329.15,4329.64,1931,13,0,1931
2026-06-08 02:27:00,4329.64,4334.56,4329.61,4334.05,1975,13,0,1975
2026-06-08 02:30:00,4334.03,4336.45,4333.07,4336.11,2071,15,0,2071
2026-06-08 02:33:00,4336.12,4336.46,4333.02,4333.57,2053,15,0,2053
2026-06-08 02:36:00,4333.57,4337.76,4333.37,4336.67,1927,13,0,1927
2026-06-08 02:39:00,4336.67,4338.78,4334.96,4338.01,2042,13,0,2042
2026-06-08 02:42:00,4338.01,4340.63,4337.95,4339.07,1951,13,0,1951
2026-06-08 02:45:00,4339.06,4340.29,4335.26,4339.53,2123,13,0,2123
2026-06-08 02:48:00,4339.52,4343.25,4339.36,4341.21,2140,15,0,2140
2026-06-08 02:51:00,4341.18,4341.68,4339.32,4341.5,1985,13,0,1985
2026-06-08 02:54:00,4341.52,4346.81,4341.48,4344.83,2192,15,0,2192
2026-06-08 02:57:00,4344.83,4346.98,4342.41,4344.01,2040,15,0,2040
2026-06-08 03:00:00,4344.07,4346.89,4340.81,4345.93,2280,15,0,2280
2026-06-08 03:03:00,4345.92,4345.92,4343.31,4344.31,2051,13,0,2051
2026-06-08 03:06:00,4344.32,4345.21,4341.35,4344.8,2175,13,0,2175
2026-06-08 03:09:00,4344.78,4345.96,4341.2,4343.82,2092,13,0,2092
2026-06-08 03:12:00,4343.82,4345.47,4341.34,4343.76,2071,13,0,2071
2026-06-08 03:15:00,4343.79,4345.95,4341.73,4344.94,2096,14,0,2096
2026-06-08 03:18:00,4344.93,4350.09,4344.93,4349.42,2084,13,0,2084
2026-06-08 03:21:00,4349.42,4352.52,4347.75,4352.17,2084,13,0,2084
2026-06-08 03:24:00,4352.17,4352.17,4349.41,4349.74,2026,13,0,2026
2026-06-08 03:27:00,4349.73,4353.4,4349.73,4351.52,2021,13,0,2021
2026-06-08 03:30:00,4351.51,4352.45,4349.49,4349.77,2059,13,0,2059
2026-06-08 03:33:00,4349.78,4350.1,4346.3,4349.28,2130,13,0,2130
2026-06-08 03:36:00,4349.29,4352.28,4346.03,4346.57,2073,14,0,2073
2026-06-08 03:39:00,4346.56,4348.8,4341.93,4342.6,2109,13,0,2109
2026-06-08 03:42:00,4342.58,4345.42,4342.54,4345.36,2106,16,0,2106
2026-06-08 03:45:00,4345.38,4345.96,4342.19,4342.58,2114,14,0,2114
2026-06-08 03:48:00,4342.61,4343.79,4339.89,4341.45,2139,14,0,2139
2026-06-08 03:51:00,4341.48,4342.03,4339.97,4340.52,2147,13,0,2147
2026-06-08 03:54:00,4340.55,4343.2,4340.14,4342.62,2116,13,0,2116
2026-06-08 03:57:00,4342.78,4345.28,4341.67,4342.22,2142,13,0,2142
2026-06-08 04:00:00,4342.22,4345.9,4336.26,4339.83,2785,13,0,2785
2026-06-08 04:03:00,4339.83,4342.52,4333.7,4335.91,2290,16,0,2290
2026-06-08 04:06:00,4335.98,4339.91,4330.95,4339.58,2366,16,0,2366
2026-06-08 04:09:00,4339.6,4341.02,4334.12,4336.49,2269,15,0,2269
2026-06-08 04:12:00,4336.5,4337.03,4326.63,4327.15,2430,15,0,2430
2026-06-08 04:15:00,4327.03,4327.54,4319.55,4321.14,2634,16,0,2634
2026-06-08 04:18:00,4321.12,4321.47,4313.65,4314.61,2724,16,0,2724
2026-06-08 04:21:00,4314.61,4324.83,4311.54,4324.83,3076,16,0,3076
2026-06-08 04:24:00,4324.83,4325.03,4316.75,4318.58,2828,15,0,2828
2026-06-08 04:27:00,4318.6,4323.3,4311.25,4314.62,2865,15,0,2865
2026-06-08 04:30:00,4314.61,4317.95,4300.24,4316.51,3562,15,0,3562
2026-06-08 04:33:00,4316.34,4317.39,4310.5,4312.98,2864,16,0,2864
2026-06-08 04:36:00,4313.0,4317.78,4312.59,4317.37,2856,15,0,2856
2026-06-08 04:39:00,4317.34,4324.11,4313.16,4323.06,2720,14,0,2720
2026-06-08 04:42:00,4323.11,4327.5,4321.92,4326.3,2872,13,0,2872
2026-06-08 04:45:00,4326.24,4329.68,4323.33,4325.26,2592,13,0,2592
2026-06-08 04:48:00,4325.27,4328.23,4319.37,4321.99,2461,14,0,2461
2026-06-08 04:51:00,4321.96,4328.16,4321.28,4322.76,2537,15,0,2537
2026-06-08 04:54:00,4322.73,4328.61,4321.97,4328.18,2496,14,0,2496
2026-06-08 04:57:00,4328.16,4328.33,4323.51,4325.65,2376,15,0,2376
2026-06-08 05:00:00,4325.67,4330.73,4321.47,4323.33,2443,15,0,2443
2026-06-08 05:03:00,4323.3,4325.93,4320.06,4321.98,2406,14,0,2406
2026-06-08 05:06:00,4321.92,4324.54,4320.26,4320.3,2418,14,0,2418
2026-06-08 05:09:00,4320.22,4320.77,4315.0,4318.6,2346,14,0,2346
2026-06-08 05:12:00,4318.75,4318.75,4314.67,4316.76,2310,15,0,2310
2026-06-08 05:15:00,4316.77,4319.7,4313.71,4313.91,2254,15,0,2254
2026-06-08 05:18:00,4313.87,4314.08,4311.4,4312.56,2213,14,0,2213
2026-06-08 05:21:00,4312.58,4315.01,4312.19,4314.97,2109,15,0,2109
2026-06-08 05:24:00,4314.98,4316.86,4313.6,4316.13,2139,14,0,2139
2026-06-08 05:27:00,4316.13,4316.37,4311.5,4314.81,2149,15,0,2149
2026-06-08 05:30:00,4314.81,4316.78,4308.83,4311.39,2680,16,0,2680
2026-06-08 05:33:00,4311.41,4313.81,4308.21,4308.21,2415,15,0,2415
2026-06-08 05:36:00,4308.31,4311.75,4307.33,4309.51,2268,15,0,2268
2026-06-08 05:39:00,4309.49,4312.55,4309.05,4310.29,2372,15,0,2372
2026-06-08 05:42:00,4310.31,4317.66,4309.6,4315.92,2471,15,0,2471
2026-06-08 05:45:00,4315.91,4319.26,4314.29,4319.24,2337,13,0,2337
2026-06-08 05:48:00,4319.25,4320.8,4314.4,4316.61,2356,13,0,2356
2026-06-08 05:51:00,4316.64,4316.65,4309.22,4312.06,2496,14,0,2496
2026-06-08 05:54:00,4312.06,4315.59,4311.19,4312.92,2268,13,0,2268
2026-06-08 05:57:00,4312.92,4313.6,4309.61,4310.54,2320,13,0,2320
2026-06-08 06:00:00,4310.54,4314.14,4310.51,4312.65,2225,13,0,2225
2026-06-08 06:03:00,4312.63,4312.81,4308.61,4310.01,2202,13,0,2202
2026-06-08 06:06:00,4310.03,4310.38,4306.31,4307.9,2344,15,0,2344
2026-06-08 06:09:00,4307.84,4309.47,4304.68,4305.35,2211,13,0,2211
2026-06-08 06:12:00,4305.35,4306.54,4304.31,4304.8,2101,13,0,2101
2026-06-08 06:15:00,4304.82,4306.36,4303.52,4305.55,2067,13,0,2067
2026-06-08 06:18:00,4305.54,4308.78,4304.92,4307.71,1983,13,0,1983
2026-06-08 06:21:00,4307.73,4311.92,4307.62,4310.03,2154,15,0,2154
2026-06-08 06:24:00,4310.02,4310.88,4307.52,4308.59,2054,15,0,2054
2026-06-08 06:27:00,4308.58,4309.61,4306.12,4307.21,2040,13,0,2040
2026-06-08 06:30:00,4307.23,4309.34,4305.26,4306.08,2124,15,0,2124
2026-06-08 06:33:00,4306.09,4307.5,4304.97,4307.06,1990,14,0,1990
2026-06-08 06:36:00,4307.05,4308.98,4306.18,4307.18,1947,14,0,1947
2026-06-08 06:39:00,4307.2,4309.15,4306.33,4307.89,1959,14,0,1959
2026-06-08 06:42:00,4307.89,4309.97,4306.57,4309.89,2003,15,0,2003
2026-06-08 06:45:00,4309.87,4313.06,4309.42,4311.18,1941,13,0,1941
2026-06-08 06:48:00,4311.2,4313.5,4311.17,4313.36,1939,15,0,1939
2026-06-08 06:51:00,4313.36,4316.57,4313.01,4316.2,2025,15,0,2025
2026-06-08 06:54:00,4316.2,4317.18,4314.22,4315.27,1946,14,0,1946
2026-06-08 06:57:00,4315.26,4316.92,4314.05,4316.89,1930,14,0,1930
2026-06-08 07:00:00,4316.92,4320.35,4316.89,4318.69,2012,14,0,2012
2026-06-08 07:03:00,4318.64,4319.09,4313.77,4314.93,2147,15,0,2147
2026-06-08 07:06:00,4314.95,4319.19,4313.49,4318.24,2177,16,0,2177
2026-06-08 07:09:00,4318.26,4319.51,4317.6,4318.61,1979,13,0,1979
2026-06-08 07:12:00,4318.6,4319.33,4316.61,4318.81,2012,13,0,2012
2026-06-08 07:15:00,4318.8,4321.52,4317.65,4320.54,2100,13,0,2100
2026-06-08 07:18:00,4320.52,4321.81,4316.92,4317.85,1986,13,0,1986
2026-06-08 07:21:00,4317.86,4318.91,4316.01,4317.12,1920,13,0,1920
2026-06-08 07:24:00,4317.13,4318.55,4316.24,4317.77,1889,13,0,1889
2026-06-08 07:27:00,4317.76,4320.92,4317.17,4320.02,1953,15,0,1953
2026-06-08 07:30:00,4320.02,4320.37,4316.18,4316.19,1963,13,0,1963
2026-06-08 07:33:00,4316.2,4316.8,4311.27,4312.59,2188,14,0,2188
2026-06-08 07:36:00,4312.6,4313.98,4311.67,4312.3,2004,13,0,2004
2026-06-08 07:39:00,4312.27,4312.94,4308.9,4309.55,1939,13,0,1939
2026-06-08 07:42:00,4309.55,4309.81,4307.65,4307.74,1952,13,0,1952
2026-06-08 07:45:00,4307.72,4311.02,4307.71,4311.01,1959,13,0,1959
2026-06-08 07:48:00,4311.02,4311.98,4309.54,4311.42,1940,13,0,1940
2026-06-08 07:51:00,4311.42,4313.96,4310.37,4311.36,1908,14,0,1908
2026-06-08 07:54:00,4311.35,4312.63,4309.55,4310.03,1985,14,0,1985
2026-06-08 07:57:00,4309.99,4313.55,4308.8,4312.63,1984,15,0,1984
2026-06-08 08:00:00,4312.65,4315.54,4311.75,4313.56,2131,16,0,2131
2026-06-08 08:03:00,4313.53,4316.14,4313.21,4313.53,1942,13,0,1942
2026-06-08 08:06:00,4313.54,4313.89,4310.53,4310.84,1955,14,0,1955
2026-06-08 08:09:00,4310.84,4311.79,4309.68,4311.01,1973,13,0,1973
2026-06-08 08:12:00,4311.0,4311.02,4304.64,4304.64,1970,13,0,1970
2026-06-08 08:15:00,4304.63,4308.81,4304.51,4308.25,2031,13,0,2031
2026-06-08 08:18:00,4308.23,4310.89,4307.93,4309.58,2024,16,0,2024
2026-06-08 08:21:00,4309.6,4314.28,4309.34,4312.81,2080,15,0,2080
2026-06-08 08:24:00,4312.82,4312.83,4309.09,4311.21,1999,14,0,1999
2026-06-08 08:27:00,4311.19,4313.23,4310.21,4311.8,2065,15,0,2065
2026-06-08 08:30:00,4311.81,4313.12,4301.43,4302.66,2573,15,0,2573
2026-06-08 08:33:00,4302.67,4303.99,4281.86,4283.14,2651,16,0,2651
2026-06-08 08:36:00,4283.14,4290.52,4268.54,4288.27,3174,16,0,3174
2026-06-08 08:39:00,4288.19,4293.07,4284.93,4285.08,2835,16,0,2835
2026-06-08 08:42:00,4285.02,4291.75,4283.02,4288.0,2634,16,0,2634
2026-06-08 08:45:00,4288.01,4292.17,4285.02,4290.84,2572,15,0,2572
2026-06-08 08:48:00,4290.84,4291.95,4285.67,4289.46,2589,15,0,2589
2026-06-08 08:51:00,4289.5,4295.89,4289.11,4291.03,2622,15,0,2622
2026-06-08 08:54:00,4291.02,4291.46,4286.33,4286.93,2464,15,0,2464
2026-06-08 08:57:00,4287.0,4294.99,4286.01,4292.06,2483,14,0,2483
2026-06-08 09:00:00,4292.07,4308.07,4292.06,4305.72,2994,14,0,2994
2026-06-08 09:03:00,4305.73,4307.79,4301.77,4304.43,2608,14,0,2608
2026-06-08 09:06:00,4304.45,4306.82,4299.68,4302.41,2614,14,0,2614
2026-06-08 09:09:00,4302.42,4304.45,4300.25,4300.4,2462,14,0,2462
2026-06-08 09:12:00,4300.39,4306.14,4299.13,4303.44,2481,14,0,2481
2026-06-08 09:15:00,4303.43,4307.15,4302.22,4305.69,2377,14,0,2377
2026-06-08 09:18:00,4305.74,4305.77,4299.55,4303.94,2303,14,0,2303
2026-06-08 09:21:00,4303.96,4311.3,4302.71,4307.15,2441,14,0,2441
2026-06-08 09:24:00,4307.18,4310.57,4306.73,4309.68,2315,11,0,2315
2026-06-08 09:27:00,4309.81,4310.07,4305.34,4305.83,2388,12,0,2388
2026-06-08 09:30:00,4305.84,4306.53,4301.23,4302.18,2326,14,0,2326
2026-06-08 09:33:00,4302.2,4302.33,4295.44,4296.22,2280,12,0,2280
2026-06-08 09:36:00,4296.2,4299.19,4295.76,4297.82,2325,13,0,2325
2026-06-08 09:39:00,4297.74,4298.02,4293.97,4295.36,2219,13,0,2219
2026-06-08 09:42:00,4295.35,4300.07,4294.6,4298.36,2238,12,0,2238
2026-06-08 09:45:00,4298.36,4300.26,4296.07,4300.23,2242,13,0,2242
2026-06-08 09:48:00,4300.23,4300.27,4296.39,4299.07,2389,9,0,2389
2026-06-08 09:51:00,4299.09,4300.86,4296.96,4297.11,2563,9,0,2563
2026-06-08 09:54:00,4297.12,4298.47,4293.22,4297.38,2247,9,0,2247
2026-06-08 09:57:00,4297.35,4300.2,4296.71,4300.02,2515,9,0,2515
2026-06-08 10:00:00,4300.02,4301.47,4296.33,4297.03,2647,10,0,2647
2026-06-08 10:03:00,4297.01,4302.81,4295.69,4298.21,2409,14,0,2409
2026-06-08 10:06:00,4298.21,4300.79,4294.87,4300.64,2233,12,0,2233
2026-06-08 10:09:00,4300.62,4301.41,4298.36,4300.22,2394,9,0,2394
2026-06-08 10:12:00,4300.2,4308.47,4300.12,4305.21,2325,12,0,2325
2026-06-08 10:15:00,4305.2,4310.65,4300.13,4308.41,2522,14,0,2522
2026-06-08 10:18:00,4308.42,4309.2,4304.24,4306.96,2318,11,0,2318
2026-06-08 10:21:00,4306.95,4311.29,4306.14,4310.8,2479,9,0,2479
2026-06-08 10:24:00,4310.79,4316.87,4310.38,4312.05,2510,9,0,2510
2026-06-08 10:27:00,4312.29,4312.85,4305.83,4306.18,2618,9,0,2618
2026-06-08 10:30:00,4306.19,4309.25,4304.85,4307.12,2377,9,0,2377
2026-06-08 10:33:00,4307.15,4310.67,4305.91,4307.17,2203,9,0,2203
2026-06-08 10:36:00,4307.17,4311.71,4303.44,4307.8,2331,13,0,2331
2026-06-08 10:39:00,4307.79,4309.2,4303.59,4304.06,2435,9,0,2435
2026-06-08 10:42:00,4304.08,4305.53,4301.4,4301.71,2212,9,0,2212
2026-06-08 10:45:00,4301.71,4302.61,4298.69,4300.97,2242,10,0,2242
2026-06-08 10:48:00,4300.99,4301.18,4297.68,4298.63,2119,13,0,2119
2026-06-08 10:51:00,4298.61,4299.45,4295.86,4296.49,2203,11,0,2203
2026-06-08 10:54:00,4296.52,4299.52,4295.69,4297.06,2228,9,0,2228
2026-06-08 10:57:00,4297.07,4298.96,4294.37,4294.48,2097,11,0,2097
2026-06-08 11:00:00,4294.46,4297.07,4290.23,4294.07,2389,14,0,2389
2026-06-08 11:03:00,4294.09,4297.14,4291.3,4291.68,2242,14,0,2242
2026-06-08 11:06:00,4291.68,4292.83,4289.54,4292.44,2159,13,0,2159
2026-06-08 11:09:00,4292.42,4296.3,4291.09,4295.82,2171,14,0,2171
2026-06-08 11:12:00,4295.81,4295.93,4291.44,4291.81,2387,9,0,2387
2026-06-08 11:15:00,4291.82,4293.59,4288.69,4290.0,2287,9,0,2287
2026-06-08 11:18:00,4290.0,4293.2,4289.56,4292.08,2162,13,0,2162
2026-06-08 11:21:00,4292.08,4292.69,4288.95,4289.95,2256,10,0,2256
2026-06-08 11:24:00,4289.93,4291.92,4287.36,4289.59,2237,14,0,2237
2026-06-08 11:27:00,4289.58,4290.17,4285.35,4288.26,2398,9,0,2398
2026-06-08 11:30:00,4288.21,4291.24,4286.79,4288.11,2295,9,0,2295
2026-06-08 11:33:00,4288.09,4292.06,4287.02,4288.49,2421,9,0,2421
2026-06-08 11:36:00,4288.5,4289.76,4286.53,4289.05,2362,9,0,2362
2026-06-08 11:39:00,4289.05,4289.51,4286.52,4287.46,2059,9,0,2059
2026-06-08 11:42:00,4287.47,4291.28,4287.47,4290.79,2050,12,0,2050
2026-06-08 11:45:00,4290.77,4293.76,4289.34,4290.78,2196,14,0,2196
2026-06-08 11:48:00,4290.76,4293.72,4290.02,4291.68,2272,9,0,2272
2026-06-08 11:51:00,4291.7,4292.79,4286.52,4287.24,2186,13,0,2186
2026-06-08 11:54:00,4287.24,4288.94,4285.5,4287.93,2293,11,0,2293
2026-06-08 11:57:00,4287.88,4290.42,4286.67,4288.86,2529,9,0,2529
2026-06-08 12:00:00,4288.85,4292.11,4288.75,4291.37,2380,9,0,2380
2026-06-08 12:03:00,4291.4,4292.15,4286.9,4287.93,2055,9,0,2055
2026-06-08 12:06:00,4287.94,4288.69,4286.51,4286.55,2123,9,0,2123
2026-06-08 12:09:00,4286.57,4287.51,4284.3,4287.33,2094,9,0,2094
2026-06-08 12:12:00,4287.32,4288.98,4286.79,4288.98,1935,12,0,1935
2026-06-08 12:15:00,4288.97,4290.38,4287.48,4287.98,1986,14,0,1986
2026-06-08 12:18:00,4287.98,4290.84,4287.16,4290.77,1914,12,0,1914
2026-06-08 12:21:00,4290.7,4290.81,4288.31,4288.7,1994,13,0,1994
2026-06-08 12:24:00,4288.68,4288.72,4285.1,4286.8,1987,12,0,1987
2026-06-08 12:27:00,4286.79,4287.88,4279.38,4279.78,2179,14,0,2179
2026-06-08 12:30:00,4279.78,4280.99,4274.76,4277.32,2404,14,0,2404
2026-06-08 12:33:00,4277.33,4278.43,4272.96,4275.73,2333,14,0,2333
2026-06-08 12:36:00,4275.72,4295.79,4275.72,4291.6,2922,14,0,2922
2026-06-08 12:39:00,4291.6,4294.75,4289.72,4289.84,2397,14,0,2397
2026-06-08 12:42:00,4289.86,4296.55,4289.73,4293.97,2294,13,0,2294
2026-06-08 12:45:00,4293.84,4299.79,4293.02,4299.64,2145,13,0,2145
2026-06-08 12:48:00,4299.61,4302.0,4296.64,4296.64,2262,13,0,2262
2026-06-08 12:51:00,4296.64,4296.7,4291.45,4294.1,2179,14,0,2179
2026-06-08 12:54:00,4294.09,4295.68,4291.16,4292.04,2179,14,0,2179
2026-06-08 12:57:00,4292.05,4294.62,4291.71,4294.36,2073,14,0,2073
2026-06-08 13:00:00,4294.38,4295.03,4286.22,4291.2,2336,14,0,2336
2026-06-08 13:03:00,4291.2,4292.26,4289.18,4291.02,2071,14,0,2071
2026-06-08 13:06:00,4291.03,4297.66,4290.6,4296.37,2159,12,0,2159
2026-06-08 13:09:00,4296.39,4297.67,4294.22,4296.12,2130,9,0,2130
2026-06-08 13:12:00,4296.11,4297.59,4293.47,4294.6,2038,12,0,2038
2026-06-08 13:15:00,4294.59,4296.04,4290.71,4292.01,2076,13,0,2076
2026-06-08 13:18:00,4292.02,4292.21,4290.03,4291.81,2002,14,0,2002
2026-06-08 13:21:00,4291.8,4292.82,4289.82,4290.12,1918,14,0,1918
2026-06-08 13:24:00,4290.09,4293.85,4290.02,4293.58,1984,14,0,1984
2026-06-08 13:27:00,4293.6,4295.27,4291.39,4293.84,1974,12,0,1974
2026-06-08 13:30:00,4293.83,4295.34,4292.63,4292.65,1969,11,0,1969
2026-06-08 13:33:00,4292.64,4305.81,4292.28,4301.86,2733,13,0,2733
2026-06-08 13:36:00,4301.85,4304.21,4299.8,4301.77,2209,14,0,2209
2026-06-08 13:39:00,4301.76,4302.06,4299.26,4301.07,2132,13,0,2132
2026-06-08 13:42:00,4301.04,4304.89,4300.68,4304.85,2083,13,0,2083
2026-06-08 13:45:00,4304.86,4305.08,4299.33,4300.63,2075,14,0,2075
2026-06-08 13:48:00,4300.63,4302.09,4300.06,4300.39,2058,13,0,2058
2026-06-08 13:51:00,4300.36,4301.86,4298.89,4300.3,2113,14,0,2113
2026-06-08 13:54:00,4300.31,4300.35,4296.84,4298.5,1997,14,0,1997
2026-06-08 13:57:00,4298.52,4303.17,4298.5,4302.05,2053,14,0,2053
2026-06-08 14:00:00,4302.06,4302.52,4297.18,4298.37,2154,14,0,2154
2026-06-08 14:03:00,4298.37,4302.02,4298.08,4300.88,1973,14,0,1973
2026-06-08 14:06:00,4300.87,4303.93,4300.44,4303.34,1918,14,0,1918
2026-06-08 14:09:00,4303.33,4312.98,4302.85,4308.1,2387,14,0,2387
2026-06-08 14:12:00,4308.11,4318.62,4306.69,4318.62,2525,14,0,2525
2026-06-08 14:15:00,4318.65,4323.13,4312.6,4313.61,2919,14,0,2919
2026-06-08 14:18:00,4313.59,4331.02,4313.07,4325.87,2744,14,0,2744
2026-06-08 14:21:00,4325.88,4329.99,4323.2,4324.67,2456,14,0,2456
2026-06-08 14:24:00,4324.68,4329.54,4324.43,4327.69,2277,14,0,2277
2026-06-08 14:27:00,4327.68,4329.03,4321.95,4325.27,2271,14,0,2271
2026-06-08 14:30:00,4325.3,4333.3,4325.02,4332.53,2413,14,0,2413
2026-06-08 14:33:00,4332.63,4332.63,4327.41,4327.77,2323,14,0,2323
2026-06-08 14:36:00,4327.78,4328.72,4324.06,4326.55,2324,13,0,2324
2026-06-08 14:39:00,4326.54,4327.53,4324.14,4326.2,2241,12,0,2241
2026-06-08 14:42:00,4326.19,4327.43,4322.33,4324.0,2202,13,0,2202
2026-06-08 14:45:00,4323.99,4326.36,4321.38,4322.22,2105,13,0,2105
2026-06-08 14:48:00,4322.22,4325.41,4321.42,4325.33,2134,13,0,2134
2026-06-08 14:51:00,4325.2,4328.65,4323.98,4328.27,2105,13,0,2105
2026-06-08 14:54:00,4328.25,4332.3,4325.29,4332.0,2176,14,0,2176
2026-06-08 14:57:00,4331.99,4332.75,4329.19,4331.31,2117,14,0,2117
2026-06-08 15:00:00,4331.29,4334.62,4327.66,4331.63,2500,14,0,2500
2026-06-08 15:03:00,4331.81,4333.37,4328.11,4328.81,2354,14,0,2354
2026-06-08 15:06:00,4328.81,4334.8,4327.49,4331.4,2298,14,0,2298
2026-06-08 15:09:00,4331.35,4332.19,4326.28,4329.26,2164,14,0,2164
2026-06-08 15:12:00,4329.32,4329.36,4322.56,4322.96,2252,14,0,2252
2026-06-08 15:15:00,4322.89,4323.99,4320.23,4323.51,2241,12,0,2241
2026-06-08 15:18:00,4323.52,4326.9,4322.94,4325.1,2221,13,0,2221
2026-06-08 15:21:00,4325.1,4330.11,4324.91,4327.53,2353,14,0,2353
2026-06-08 15:24:00,4327.53,4329.72,4326.6,4328.69,2137,13,0,2137
2026-06-08 15:27:00,4328.69,4331.94,4328.1,4330.13,2202,13,0,2202
2026-06-08 15:30:00,4329.97,4334.67,4329.61,4332.03,2242,13,0,2242
2026-06-08 15:33:00,4332.03,4334.53,4327.6,4329.48,2159,14,0,2159
2026-06-08 15:36:00,4329.46,4334.04,4329.41,4331.4,2188,11,0,2188
2026-06-08 15:39:00,4331.42,4333.98,4328.54,4330.44,2211,14,0,2211
2026-06-08 15:42:00,4330.45,4339.41,4330.1,4335.76,2321,14,0,2321
2026-06-08 15:45:00,4335.74,4337.99,4334.53,4336.76,2183,14,0,2183
2026-06-08 15:48:00,4336.75,4337.14,4330.84,4330.92,2228,12,0,2228
2026-06-08 15:51:00,4330.9,4332.14,4327.13,4330.62,2249,10,0,2249
2026-06-08 15:54:00,4330.65,4332.54,4328.98,4329.79,2157,10,0,2157
2026-06-08 15:57:00,4329.79,4334.66,4329.06,4333.1,2272,10,0,2272
2026-06-08 16:00:00,4333.15,4334.96,4325.99,4327.03,2820,12,0,2820
2026-06-08 16:03:00,4327.06,4334.86,4326.95,4328.27,2506,14,0,2506
2026-06-08 16:06:00,4328.25,4328.53,4323.3,4327.08,2268,12,0,2268
2026-06-08 16:09:00,4327.08,4327.6,4324.09,4324.54,2262,9,0,2262
2026-06-08 16:12:00,4324.56,4326.18,4323.23,4323.93,2140,9,0,2140
2026-06-08 16:15:00,4323.95,4324.59,4321.32,4324.26,2222,9,0,2222
2026-06-08 16:18:00,4324.26,4330.7,4323.22,4329.78,2193,9,0,2193
2026-06-08 16:21:00,4329.8,4336.11,4328.59,4332.97,2428,14,0,2428
2026-06-08 16:24:00,4332.93,4333.65,4329.29,4330.82,2161,13,0,2161
2026-06-08 16:27:00,4330.82,4333.74,4330.12,4331.26,2164,12,0,2164
2026-06-08 16:30:00,4331.28,4340.34,4331.07,4336.73,3107,13,0,3107
2026-06-08 16:33:00,4336.73,4337.58,4332.46,4335.69,3066,14,0,3066
2026-06-08 16:36:00,4335.66,4346.64,4335.03,4341.76,2845,14,0,2845
2026-06-08 16:39:00,4341.73,4344.21,4338.75,4342.97,2703,14,0,2703
2026-06-08 16:42:00,4342.91,4344.57,4335.34,4336.35,2560,14,0,2560
2026-06-08 16:45:00,4336.32,4338.72,4333.59,4335.71,2623,14,0,2623
2026-06-08 16:48:00,4335.73,4336.77,4328.4,4328.83,2561,14,0,2561
2026-06-08 16:51:00,4328.79,4339.06,4328.72,4338.81,2536,13,0,2536
2026-06-08 16:54:00,4338.84,4339.16,4330.22,4330.82,2525,12,0,2525
2026-06-08 16:57:00,4330.81,4331.19,4326.21,4326.78,2566,11,0,2566
2026-06-08 17:00:00,4327.03,4330.79,4325.1,4325.64,2747,12,0,2747
2026-06-08 17:03:00,4325.6,4327.99,4319.33,4321.11,2589,14,0,2589
2026-06-08 17:06:00,4321.08,4327.51,4319.05,4322.35,2566,14,0,2566
2026-06-08 17:09:00,4322.36,4323.08,4316.65,4319.94,2493,14,0,2493
2026-06-08 17:12:00,4319.95,4320.24,4317.25,4319.51,2491,9,0,2491
2026-06-08 17:15:00,4319.52,4321.9,4316.98,4321.23,2506,10,0,2506
2026-06-08 17:18:00,4321.24,4324.37,4319.2,4321.57,2473,12,0,2473
2026-06-08 17:21:00,4321.58,4323.86,4318.79,4319.34,2469,13,0,2469
2026-06-08 17:24:00,4319.36,4322.93,4315.89,4321.16,2441,13,0,2441
2026-06-08 17:27:00,4321.16,4322.49,4318.52,4319.97,2333,11,0,2333
2026-06-08 17:30:00,4320.06,4324.18,4318.53,4323.32,2351,12,0,2351
2026-06-08 17:33:00,4323.22,4323.5,4320.16,4322.13,2373,9,0,2373
2026-06-08 17:36:00,4322.13,4323.17,4315.73,4317.76,2348,9,0,2348
2026-06-08 17:39:00,4317.84,4321.97,4314.83,4318.25,2382,13,0,2382
2026-06-08 17:42:00,4318.28,4323.34,4316.23,4322.67,2464,14,0,2464
2026-06-08 17:45:00,4322.66,4328.96,4322.63,4325.34,2483,9,0,2483
2026-06-08 17:48:00,4325.37,4325.59,4317.03,4320.16,2423,13,0,2423
2026-06-08 17:51:00,4320.14,4326.94,4319.64,4326.75,2566,9,0,2566
2026-06-08 17:54:00,4326.73,4327.85,4324.47,4325.72,2253,9,0,2253
2026-06-08 17:57:00,4325.68,4331.52,4325.25,4331.01,2273,9,0,2273
2026-06-08 18:00:00,4331.02,4336.54,4330.55,4335.08,2246,9,0,2246
2026-06-08 18:03:00,4335.09,4335.29,4327.62,4328.53,2234,10,0,2234
2026-06-08 18:06:00,4328.53,4330.83,4325.94,4326.29,2125,11,0,2125
2026-06-08 18:09:00,4326.27,4328.85,4325.31,4326.33,2143,12,0,2143
2026-06-08 18:12:00,4326.3,4328.89,4325.21,4325.41,2087,11,0,2087
2026-06-08 18:15:00,4325.42,4328.52,4323.0,4323.23,2186,13,0,2186
2026-06-08 18:18:00,4323.23,4332.47,4322.61,4330.33,2467,14,0,2467
2026-06-08 18:21:00,4330.33,4334.43,4329.31,4334.41,2385,14,0,2385
2026-06-08 18:24:00,4334.41,4336.06,4329.02,4329.95,2466,14,0,2466
2026-06-08 18:27:00,4330.0,4332.3,4329.54,4330.67,2304,12,0,2304
2026-06-08 18:30:00,4330.67,4332.86,4328.63,4329.94,2575,14,0,2575
2026-06-08 18:33:00,4329.95,4333.51,4329.41,4332.39,2466,14,0,2466
2026-06-08 18:36:00,4332.38,4335.34,4331.27,4334.38,2445,13,0,2445
2026-06-08 18:39:00,4334.39,4338.37,4333.82,4338.37,2299,11,0,2299
2026-06-08 18:42:00,4338.4,4339.64,4335.39,4339.59,2379,11,0,2379
2026-06-08 18:45:00,4339.07,4341.0,4335.06,4335.36,2198,14,0,2198
2026-06-08 18:48:00,4335.35,4337.97,4334.52,4336.06,2438,9,0,2438
2026-06-08 18:51:00,4336.03,4342.09,4335.64,4342.08,2231,9,0,2231
2026-06-08 18:54:00,4342.07,4345.4,4340.89,4345.36,2219,9,0,2219
2026-06-08 18:57:00,4345.35,4345.77,4341.1,4341.86,2100,9,0,2100
2026-06-08 19:00:00,4341.88,4343.9,4338.6,4341.26,2164,9,0,2164
2026-06-08 19:03:00,4341.25,4342.22,4339.26,4341.26,2204,10,0,2204
2026-06-08 19:06:00,4341.24,4343.25,4340.17,4340.71,2289,14,0,2289
2026-06-08 19:09:00,4340.85,4342.08,4338.18,4341.69,2153,10,0,2153
2026-06-08 19:12:00,4341.73,4341.73,4340.06,4341.01,2142,11,0,2142
2026-06-08 19:15:00,4341.01,4343.95,4340.36,4341.45,2159,11,0,2159
2026-06-08 19:18:00,4341.46,4343.8,4341.42,4342.38,2062,12,0,2062
2026-06-08 19:21:00,4342.38,4343.03,4339.79,4340.09,2178,13,0,2178
2026-06-08 19:24:00,4340.16,4343.09,4339.85,4341.94,2212,14,0,2212
2026-06-08 19:27:00,4341.96,4342.87,4340.42,4340.95,2219,14,0,2219
2026-06-08 19:30:00,4340.95,4343.48,4340.95,4343.0,2290,14,0,2290
2026-06-08 19:33:00,4343.04,4345.05,4342.05,4343.81,2282,14,0,2282
2026-06-08 19:36:00,4343.81,4346.39,4342.26,4342.3,2205,14,0,2205
2026-06-08 19:39:00,4342.29,4343.55,4340.64,4342.91,2254,14,0,2254
2026-06-08 19:42:00,4342.91,4344.06,4341.49,4344.06,2161,14,0,2161
2026-06-08 19:45:00,4344.08,4345.41,4342.43,4345.25,2034,12,0,2034
2026-06-08 19:48:00,4345.2,4346.17,4343.25,4343.39,2162,12,0,2162
2026-06-08 19:51:00,4343.39,4343.84,4339.49,4339.78,2364,13,0,2364
2026-06-08 19:54:00,4339.78,4340.6,4337.87,4340.3,2215,14,0,2215
2026-06-08 19:57:00,4340.28,4341.51,4339.93,4340.66,2040,12,0,2040
2026-06-08 20:00:00,4340.67,4342.44,4339.2,4339.22,2248,13,0,2248
2026-06-08 20:03:00,4339.2,4340.14,4336.83,4339.84,2226,14,0,2226
2026-06-08 20:06:00,4339.86,4342.03,4339.56,4340.09,2174,14,0,2174
2026-06-08 20:09:00,4340.11,4340.17,4337.4,4338.77,2140,14,0,2140
2026-06-08 20:12:00,4338.8,4339.21,4336.11,4338.78,2248,14,0,2248
2026-06-08 20:15:00,4338.78,4340.25,4338.11,4339.24,2237,12,0,2237
2026-06-08 20:18:00,4339.23,4339.49,4336.56,4339.1,2206,12,0,2206
2026-06-08 20:21:00,4339.07,4340.54,4335.59,4336.29,2220,12,0,2220
2026-06-08 20:24:00,4336.3,4336.58,4333.84,4335.72,2250,14,0,2250
2026-06-08 20:27:00,4335.73,4340.35,4335.68,4339.09,2348,14,0,2348
2026-06-08 20:30:00,4339.1,4339.61,4334.66,4335.98,2250,14,0,2250
2026-06-08 20:33:00,4335.98,4336.03,4332.03,4332.55,2219,14,0,2219
2026-06-08 20:36:00,4332.53,4334.85,4332.04,4334.82,2289,13,0,2289
2026-06-08 20:39:00,4334.82,4335.38,4333.81,4334.47,2448,9,0,2448
2026-06-08 20:42:00,4334.47,4335.25,4333.85,4334.14,2188,9,0,2188
2026-06-08 20:45:00,4334.1,4336.81,4334.1,4335.21,2343,9,0,2343
2026-06-08 20:48:00,4335.22,4337.73,4334.81,4337.49,2136,9,0,2136
2026-06-08 20:51:00,4337.48,4338.31,4336.19,4338.05,2074,9,0,2074
2026-06-08 20:54:00,4338.05,4338.1,4335.8,4336.47,2075,9,0,2075
2026-06-08 20:57:00,4336.45,4339.34,4336.33,4339.11,2022,10,0,2022
2026-06-08 21:00:00,4339.12,4343.88,4338.61,4343.34,1949,14,0,1949
2026-06-08 21:03:00,4343.36,4344.86,4342.88,4344.54,2039,14,0,2039
2026-06-08 21:06:00,4344.53,4345.36,4342.33,4343.18,1968,14,0,1968
2026-06-08 21:09:00,4343.21,4344.34,4342.25,4342.39,1955,13,0,1955
2026-06-08 21:12:00,4342.42,4344.21,4340.8,4341.4,2004,13,0,2004
2026-06-08 21:15:00,4341.39,4343.7,4341.37,4343.14,2030,14,0,2030
2026-06-08 21:18:00,4343.1,4343.81,4341.82,4342.26,1973,13,0,1973
2026-06-08 21:21:00,4342.27,4345.08,4342.08,4344.34,2019,14,0,2019
2026-06-08 21:24:00,4344.35,4345.95,4343.78,4344.65,1964,14,0,1964
2026-06-08 21:27:00,4344.64,4344.66,4342.12,4342.53,2032,14,0,2032
2026-06-08 21:30:00,4342.54,4344.66,4341.44,4342.27,2033,14,0,2033
2026-06-08 21:33:00,4342.25,4343.77,4340.24,4340.85,1957,14,0,1957
2026-06-08 21:36:00,4340.79,4341.67,4337.4,4337.77,1993,13,0,1993
2026-06-08 21:39:00,4337.78,4338.64,4336.9,4337.56,2030,14,0,2030
2026-06-08 21:42:00,4337.53,4338.09,4336.38,4336.7,1961,14,0,1961
2026-06-08 21:45:00,4336.69,4337.08,4334.7,4335.5,1933,13,0,1933
2026-06-08 21:48:00,4335.5,4335.76,4334.48,4335.33,1906,12,0,1906
2026-06-08 21:51:00,4335.34,4336.88,4332.96,4333.88,2005,14,0,2005
2026-06-08 21:54:00,4333.89,4335.13,4333.73,4333.98,1989,14,0,1989
2026-06-08 21:57:00,4334.0,4336.06,4333.43,4334.62,1968,14,0,1968
2026-06-08 22:00:00,4334.64,4338.15,4334.09,4337.64,2088,14,0,2088
2026-06-08 22:03:00,4337.66,4338.06,4335.05,4335.75,2089,9,0,2089
2026-06-08 22:06:00,4335.74,4336.18,4333.41,4333.66,1939,10,0,1939
2026-06-08 22:09:00,4333.66,4333.86,4330.14,4330.82,2099,9,0,2099
2026-06-08 22:12:00,4330.85,4332.41,4329.62,4329.88,2067,14,0,2067
2026-06-08 22:15:00,4329.9,4331.62,4328.24,4329.31,2063,14,0,2063
2026-06-08 22:18:00,4329.34,4329.94,4328.2,4329.29,2050,14,0,2050
2026-06-08 22:21:00,4329.32,4330.42,4327.0,4327.44,2107,14,0,2107
2026-06-08 22:24:00,4327.45,4327.87,4326.03,4327.07,2132,14,0,2132
2026-06-08 22:27:00,4327.05,4328.25,4326.34,4327.77,2064,14,0,2064
2026-06-08 22:30:00,4327.8,4330.44,4327.32,4328.83,2226,13,0,2226
2026-06-08 22:33:00,4328.82,4329.22,4326.27,4326.72,2092,14,0,2092
2026-06-08 22:36:00,4326.72,4328.44,4326.0,4327.92,2029,13,0,2029
2026-06-08 22:39:00,4327.92,4328.0,4324.34,4325.75,2110,13,0,2110
2026-06-08 22:42:00,4325.75,4325.77,4324.24,4325.11,1985,12,0,1985
2026-06-08 22:45:00,4325.13,4327.2,4324.78,4326.86,2178,9,0,2178
2026-06-08 22:48:00,4326.87,4329.37,4325.66,4328.22,2019,9,0,2019
2026-06-08 22:51:00,4328.22,4330.11,4328.22,4329.03,2024,14,0,2024
2026-06-08 22:54:00,4329.05,4329.79,4323.51,4323.82,2234,14,0,2234
2026-06-08 22:57:00,4323.8,4328.32,4323.36,4326.66,2333,14,0,2333
2026-06-08 23:00:00,4326.68,4328.79,4326.49,4327.96,2020,14,0,2020
2026-06-08 23:03:00,4327.96,4329.99,4327.77,4327.83,1850,11,0,1850
2026-06-08 23:06:00,4327.85,4329.19,4327.69,4328.87,2216,9,0,2216
2026-06-08 23:09:00,4328.87,4329.84,4327.13,4327.21,1849,9,0,1849
2026-06-08 23:12:00,4327.2,4328.37,4326.52,4328.27,2216,9,0,2216
2026-06-08 23:15:00,4328.24,4328.32,4324.56,4326.32,1883,9,0,1883
2026-06-08 23:18:00,4326.3,4326.59,4325.36,4326.27,2016,9,0,2016
2026-06-08 23:21:00,4326.26,4327.7,4325.94,4327.69,1808,9,0,1808
2026-06-08 23:24:00,4327.7,4327.7,4324.47,4326.43,1859,9,0,1859
2026-06-08 23:27:00,4326.44,4326.7,4325.63,4326.55,1823,12,0,1823
2026-06-08 23:30:00,4326.56,4327.53,4326.23,4326.24,1920,9,0,1920
2026-06-08 23:33:00,4326.23,4328.05,4325.69,4327.52,1750,9,0,1750
2026-06-08 23:36:00,4327.54,4328.55,4326.83,4328.45,1761,12,0,1761
2026-06-08 23:39:00,4328.48,4328.54,4326.27,4326.81,1796,12,0,1796
2026-06-08 23:42:00,4326.81,4327.06,4325.44,4326.25,1809,22,0,1809
2026-06-08 23:45:00,4326.26,4327.45,4325.62,4326.4,1856,22,0,1856
2026-06-08 23:48:00,4326.39,4328.16,4326.29,4327.56,1840,22,0,1840
2026-06-08 23:51:00,4327.57,4329.47,4327.41,4329.07,1803,22,0,1803
2026-06-08 23:54:00,4329.07,4330.04,4328.59,4329.93,1794,22,0,1794
2026-06-08 23:57:00,4329.93,4330.46,4329.53,4329.85,1198,22,0,1198
2026-06-09 01:00:00,4331.39,4333.24,4328.32,4328.6,4931,16,0,4931
2026-06-09 01:03:00,4328.58,4329.1,4326.53,4326.92,5079,16,0,5079
2026-06-09 01:06:00,4326.94,4326.96,4324.99,4326.6,2358,16,0,2358
2026-06-09 01:09:00,4326.6,4328.1,4326.57,4327.33,1754,16,0,1754
2026-06-09 01:12:00,4327.34,4327.73,4324.52,4325.31,1834,16,0,1834
2026-06-09 01:15:00,4325.3,4325.34,4322.79,4325.11,1867,16,0,1867
2026-06-09 01:18:00,4325.11,4326.27,4324.24,4326.21,1789,15,0,1789
2026-06-09 01:21:00,4326.21,4326.21,4324.5,4325.51,1800,16,0,1800
2026-06-09 01:24:00,4325.49,4326.95,4324.5,4326.94,1846,15,0,1846
2026-06-09 01:27:00,4326.93,4327.57,4324.64,4325.18,1785,15,0,1785
2026-06-09 01:30:00,4325.19,4327.54,4324.98,4326.94,1793,15,0,1793
2026-06-09 01:33:00,4326.92,4326.94,4325.27,4325.87,1787,15,0,1787
2026-06-09 01:36:00,4325.86,4326.51,4325.39,4326.29,1746,13,0,1746
2026-06-09 01:39:00,4326.29,4326.73,4325.08,4325.66,1756,13,0,1756
2026-06-09 01:42:00,4325.66,4327.52,4325.66,4327.44,1763,14,0,1763
2026-06-09 01:45:00,4327.45,4328.02,4326.92,4326.99,1741,15,0,1741
2026-06-09 01:48:00,4326.96,4327.66,4326.49,4326.68,1734,14,0,1734
2026-06-09 01:51:00,4326.68,4327.95,4326.15,4327.94,1754,14,0,1754
2026-06-09 01:54:00,4327.92,4328.86,4327.73,4327.91,1808,15,0,1808
2026-06-09 01:57:00,4327.9,4328.31,4327.76,4327.9,1710,13,0,1710
2026-06-09 02:00:00,4327.93,4328.1,4327.03,4327.66,1795,13,0,1795
2026-06-09 02:03:00,4327.65,4327.99,4325.21,4326.25,1783,13,0,1783
2026-06-09 02:06:00,4326.26,4326.56,4325.79,4326.37,1726,13,0,1726
2026-06-09 02:09:00,4326.35,4327.0,4325.74,4326.89,1734,13,0,1734
2026-06-09 02:12:00,4326.9,4328.91,4326.77,4327.7,1840,14,0,1840
2026-06-09 02:15:00,4327.67,4328.47,4327.54,4327.71,1792,13,0,1792
2026-06-09 02:18:00,4327.71,4327.79,4326.31,4327.13,1822,13,0,1822
2026-06-09 02:21:00,4327.12,4327.16,4325.37,4326.42,1775,13,0,1775
2026-06-09 02:24:00,4326.44,4326.45,4323.26,4323.28,1816,15,0,1816
2026-06-09 02:27:00,4323.27,4323.35,4320.58,4320.64,1806,14,0,1806
2026-06-09 02:30:00,4320.66,4321.07,4317.91,4318.14,1944,16,0,1944
2026-06-09 02:33:00,4318.12,4320.72,4315.31,4319.97,1852,14,0,1852
2026-06-09 02:36:00,4319.97,4321.93,4319.9,4321.39,1790,14,0,1790
2026-06-09 02:39:00,4321.4,4322.37,4320.41,4320.55,1784,13,0,1784
2026-06-09 02:42:00,4320.52,4320.64,4319.32,4319.7,1809,13,0,1809
2026-06-09 02:45:00,4319.71,4320.05,4316.11,4317.96,1924,16,0,1924
2026-06-09 02:48:00,4317.98,4318.68,4313.6,4313.96,1919,16,0,1919
2026-06-09 02:51:00,4313.94,4315.53,4312.97,4315.18,1873,16,0,1873
2026-06-09 02:54:00,4315.21,4319.17,4314.24,4317.17,1986,15,0,1986
2026-06-09 02:57:00,4317.17,4318.09,4316.07,4317.77,1898,14,0,1898
2026-06-09 03:00:00,4317.78,4318.66,4315.39,4318.01,2361,16,0,2361
2026-06-09 03:03:00,4318.03,4319.66,4316.21,4319.43,2392,16,0,2392
2026-06-09 03:06:00,4319.43,4321.71,4318.55,4318.78,2427,15,0,2427
2026-06-09 03:09:00,4318.79,4321.13,4318.37,4320.84,2231,14,0,2231
2026-06-09 03:12:00,4320.83,4323.69,4320.68,4322.61,2179,13,0,2179
2026-06-09 03:15:00,4322.62,4323.42,4320.2,4321.02,2150,15,0,2150
2026-06-09 03:18:00,4321.04,4322.61,4319.1,4319.82,2117,13,0,2117
2026-06-09 03:21:00,4319.81,4319.88,4317.43,4318.18,2182,13,0,2182
2026-06-09 03:24:00,4318.15,4319.58,4317.45,4317.91,2079,13,0,2079
2026-06-09 03:27:00,4317.88,4318.68,4316.62,4316.78,2089,14,0,2089
2026-06-09 03:30:00,4316.8,4317.91,4315.35,4317.1,2035,14,0,2035
2026-06-09 03:33:00,4317.09,4320.48,4315.14,4319.79,2157,16,0,2157
2026-06-09 03:36:00,4319.77,4323.06,4318.71,4318.91,2179,16,0,2179
2026-06-09 03:39:00,4318.9,4321.17,4317.86,4317.88,2103,16,0,2103
2026-06-09 03:42:00,4317.86,4318.4,4317.46,4318.27,1985,13,0,1985
2026-06-09 03:45:00,4318.26,4318.82,4316.85,4317.19,1967,13,0,1967
2026-06-09 03:48:00,4317.21,4318.41,4315.08,4318.1,2006,13,0,2006
2026-06-09 03:51:00,4318.11,4319.95,4316.1,4316.34,2129,15,0,2129
2026-06-09 03:54:00,4316.34,4317.11,4315.48,4316.54,2008,13,0,2008
2026-06-09 03:57:00,4316.51,4321.2,4316.25,4319.91,2012,14,0,2012
2026-06-09 04:00:00,4319.87,4323.57,4318.63,4322.46,2590,16,0,2590
2026-06-09 04:03:00,4322.45,4324.51,4320.65,4324.12,2476,16,0,2476
2026-06-09 04:06:00,4324.11,4327.97,4323.03,4325.04,2418,15,0,2418
2026-06-09 04:09:00,4325.13,4326.35,4321.44,4323.91,2240,15,0,2240
2026-06-09 04:12:00,4323.91,4326.82,4322.66,4324.0,2389,15,0,2389
2026-06-09 04:15:00,4323.99,4329.9,4323.43,4328.09,2469,16,0,2469
2026-06-09 04:18:00,4328.11,4328.11,4322.39,4324.34,2405,15,0,2405
2026-06-09 04:21:00,4324.35,4332.28,4324.35,4328.79,2378,15,0,2378
2026-06-09 04:24:00,4328.81,4330.35,4326.86,4329.91,2224,15,0,2224
2026-06-09 04:27:00,4329.92,4338.01,4329.37,4335.43,2245,15,0,2245
2026-06-09 04:30:00,4335.44,4337.94,4332.96,4337.53,2064,13,0,2064
2026-06-09 04:33:00,4337.53,4338.19,4335.93,4337.11,2046,13,0,2046
2026-06-09 04:36:00,4337.09,4338.87,4334.5,4335.14,1978,13,0,1978
2026-06-09 04:39:00,4335.13,4338.47,4334.98,4337.58,2061,13,0,2061
2026-06-09 04:42:00,4337.57,4337.72,4332.87,4335.68,2044,14,0,2044
2026-06-09 04:45:00,4335.68,4338.39,4335.58,4337.03,2069,15,0,2069
2026-06-09 04:48:00,4337.08,4338.08,4333.93,4334.42,2174,16,0,2174
2026-06-09 04:51:00,4334.41,4337.02,4334.23,4334.85,2059,13,0,2059
2026-06-09 04:54:00,4334.86,4337.45,4333.09,4334.78,2185,13,0,2185
2026-06-09 04:57:00,4334.8,4338.37,4333.53,4336.56,2111,13,0,2111
2026-06-09 05:00:00,4336.59,4336.99,4332.77,4332.86,2163,14,0,2163
2026-06-09 05:03:00,4332.84,4333.77,4328.94,4329.68,2188,13,0,2188
2026-06-09 05:06:00,4329.71,4332.23,4328.31,4331.39,2159,13,0,2159
2026-06-09 05:09:00,4331.41,4332.1,4329.5,4330.5,2092,13,0,2092
2026-06-09 05:12:00,4330.51,4333.57,4330.32,4333.02,2014,13,0,2014
2026-06-09 05:15:00,4333.04,4334.66,4330.17,4333.52,2091,13,0,2091
2026-06-09 05:18:00,4333.5,4333.85,4331.66,4332.32,1982,13,0,1982
2026-06-09 05:21:00,4332.31,4335.77,4331.81,4334.7,2090,13,0,2090
2026-06-09 05:24:00,4334.67,4335.09,4332.22,4332.52,1980,13,0,1980
2026-06-09 05:27:00,4332.39,4336.22,4332.35,4335.59,1977,13,0,1977
2026-06-09 05:30:00,4335.56,4339.84,4333.82,4337.76,2190,16,0,2190
2026-06-09 05:33:00,4337.75,4338.52,4333.16,4333.41,2120,15,0,2120
2026-06-09 05:36:00,4333.4,4334.57,4331.16,4334.03,2130,15,0,2130
2026-06-09 05:39:00,4334.02,4335.76,4333.59,4334.41,2048,13,0,2048
2026-06-09 05:42:00,4334.41,4338.81,4334.39,4338.81,2046,13,0,2046
2026-06-09 05:45:00,4338.89,4341.04,4338.82,4339.74,2010,14,0,2010
2026-06-09 05:48:00,4339.74,4340.17,4337.26,4337.64,1958,13,0,1958
2026-06-09 05:51:00,4337.64,4339.48,4335.0,4338.92,1980,13,0,1980
2026-06-09 05:54:00,4338.93,4340.49,4337.04,4337.14,1999,13,0,1999
2026-06-09 05:57:00,4337.14,4337.71,4334.93,4336.07,2081,13,0,2081
2026-06-09 06:00:00,4336.06,4337.73,4335.09,4336.28,2074,15,0,2074
2026-06-09 06:03:00,4336.28,4336.66,4331.13,4334.24,2150,16,0,2150
2026-06-09 06:06:00,4334.22,4341.6,4334.15,4337.48,2274,16,0,2274
2026-06-09 06:09:00,4337.47,4339.44,4337.41,4339.14,2000,14,0,2000
2026-06-09 06:12:00,4339.15,4340.33,4338.04,4338.8,2062,14,0,2062
2026-06-09 06:15:00,4338.84,4342.16,4338.78,4339.71,2117,14,0,2117
2026-06-09 06:18:00,4339.7,4341.66,4338.97,4339.87,1958,13,0,1958
2026-06-09 06:21:00,4339.85,4340.26,4335.17,4335.44,1975,13,0,1975
2026-06-09 06:24:00,4335.45,4336.2,4333.52,4336.04,1951,14,0,1951
2026-06-09 06:27:00,4336.02,4337.49,4335.65,4336.74,1927,14,0,1927
2026-06-09 06:30:00,4336.65,4338.08,4334.77,4334.78,1902,15,0,1902
2026-06-09 06:33:00,4334.78,4335.89,4333.61,4334.07,1885,14,0,1885
2026-06-09 06:36:00,4334.05,4336.62,4333.66,4335.48,1849,14,0,1849
2026-06-09 06:39:00,4335.48,4336.16,4334.76,4335.95,1795,14,0,1795
2026-06-09 06:42:00,4335.93,4337.96,4334.81,4337.65,1842,14,0,1842
2026-06-09 06:45:00,4337.67,4341.91,4337.64,4339.47,1892,16,0,1892
2026-06-09 06:48:00,4339.47,4340.01,4338.13,4338.25,1874,14,0,1874
2026-06-09 06:51:00,4338.25,4340.36,4337.24,4339.77,1839,13,0,1839
2026-06-09 06:54:00,4339.79,4340.51,4338.38,4339.1,1817,14,0,1817
2026-06-09 06:57:00,4339.11,4340.24,4334.44,4336.63,1839,16,0,1839
2026-06-09 07:00:00,4336.65,4336.65,4333.26,4334.72,1841,14,0,1841
2026-06-09 07:03:00,4334.73,4335.71,4334.48,4335.26,1810,13,0,1810
2026-06-09 07:06:00,4335.27,4337.35,4335.27,4337.35,1788,13,0,1788
2026-06-09 07:09:00,4337.36,4339.34,4336.63,4338.12,1818,13,0,1818
2026-06-09 07:12:00,4338.14,4339.05,4332.3,4332.31,1868,14,0,1868
2026-06-09 07:15:00,4332.32,4332.93,4330.31,4331.56,1849,14,0,1849
2026-06-09 07:18:00,4331.56,4332.2,4329.39,4329.88,1853,13,0,1853
2026-06-09 07:21:00,4329.88,4331.1,4328.76,4330.9,1840,13,0,1840
2026-06-09 07:24:00,4330.9,4331.87,4330.13,4330.33,1816,13,0,1816
2026-06-09 07:27:00,4330.34,4330.85,4329.32,4330.5,1819,13,0,1819
2026-06-09 07:30:00,4330.48,4330.64,4325.89,4326.42,1910,15,0,1910
2026-06-09 07:33:00,4326.44,4328.53,4324.27,4327.67,1913,16,0,1913
2026-06-09 07:36:00,4327.7,4330.6,4327.65,4330.33,1946,14,0,1946
2026-06-09 07:39:00,4330.31,4330.59,4328.0,4328.85,1861,15,0,1861
2026-06-09 07:42:00,4328.85,4329.26,4326.93,4328.23,1849,13,0,1849
2026-06-09 07:45:00,4328.23,4329.31,4326.99,4328.83,1795,13,0,1795
2026-06-09 07:48:00,4328.83,4331.59,4328.0,4330.16,1854,13,0,1854
2026-06-09 07:51:00,4330.17,4330.29,4327.95,4328.18,1818,13,0,1818
2026-06-09 07:54:00,4328.19,4330.08,4326.22,4329.39,1815,13,0,1815
2026-06-09 07:57:00,4329.39,4332.96,4328.03,4332.38,1858,15,0,1858
2026-06-09 08:00:00,4332.39,4336.19,4332.33,4335.25,1895,13,0,1895
2026-06-09 08:03:00,4335.25,4336.8,4334.68,4336.03,1837,13,0,1837
2026-06-09 08:06:00,4336.03,4337.16,4334.59,4334.71,1826,13,0,1826
2026-06-09 08:09:00,4334.7,4335.33,4332.01,4333.63,1858,13,0,1858
2026-06-09 08:12:00,4333.61,4333.94,4330.97,4331.43,1901,13,0,1901
2026-06-09 08:15:00,4331.42,4333.17,4330.65,4331.35,1910,13,0,1910
2026-06-09 08:18:00,4331.34,4335.53,4331.32,4335.0,1874,14,0,1874
2026-06-09 08:21:00,4335.0,4335.08,4331.08,4332.87,1924,14,0,1924
2026-06-09 08:24:00,4332.88,4333.89,4332.2,4333.1,1950,13,0,1950
2026-06-09 08:27:00,4333.08,4333.95,4332.17,4332.58,1884,13,0,1884
2026-06-09 08:30:00,4332.55,4343.72,4331.53,4340.79,2287,16,0,2287
2026-06-09 08:33:00,4340.76,4343.92,4338.74,4342.06,2189,16,0,2189
2026-06-09 08:36:00,4342.06,4342.98,4339.82,4340.76,2078,15,0,2078
2026-06-09 08:39:00,4340.76,4346.61,4340.74,4345.82,2072,15,0,2072
2026-06-09 08:42:00,4345.85,4351.43,4345.81,4348.15,2181,16,0,2181
2026-06-09 08:45:00,4348.13,4349.06,4343.3,4344.45,2041,15,0,2041
2026-06-09 08:48:00,4344.43,4346.99,4342.95,4343.8,2046,15,0,2046
2026-06-09 08:51:00,4343.79,4345.52,4343.09,4344.04,1966,13,0,1966
2026-06-09 08:54:00,4344.04,4346.21,4341.64,4343.06,1932,13,0,1932
2026-06-09 08:57:00,4343.03,4345.0,4342.48,4343.48,1991,14,0,1991
2026-06-09 09:00:00,4343.46,4348.93,4342.83,4347.02,2155,14,0,2155
2026-06-09 09:03:00,4347.0,4348.95,4344.23,4345.69,2089,14,0,2089
2026-06-09 09:06:00,4345.71,4346.81,4344.31,4345.32,2096,11,0,2096
2026-06-09 09:09:00,4345.32,4345.34,4342.03,4342.33,2076,12,0,2076
2026-06-09 09:12:00,4342.3,4343.55,4340.09,4341.38,2063,14,0,2063
2026-06-09 09:15:00,4341.37,4343.69,4340.88,4342.99,1971,13,0,1971
2026-06-09 09:18:00,4342.93,4343.81,4340.9,4341.93,2018,14,0,2018
2026-06-09 09:21:00,4341.95,4345.91,4341.95,4344.35,2021,13,0,2021
2026-06-09 09:24:00,4344.33,4345.53,4342.37,4343.16,1960,12,0,1960
2026-06-09 09:27:00,4343.17,4343.42,4338.22,4338.83,2101,10,0,2101
2026-06-09 09:30:00,4339.1,4339.36,4332.57,4332.88,2120,14,0,2120
2026-06-09 09:33:00,4332.86,4338.53,4331.92,4338.34,2124,13,0,2124
2026-06-09 09:36:00,4338.36,4339.47,4336.48,4337.09,2053,9,0,2053
2026-06-09 09:39:00,4337.08,4338.95,4336.41,4337.33,2118,9,0,2118
2026-06-09 09:42:00,4337.35,4337.89,4334.43,4336.65,1978,9,0,1978
2026-06-09 09:45:00,4336.64,4339.06,4336.32,4337.44,2006,14,0,2006
2026-06-09 09:48:00,4337.46,4340.27,4336.06,4337.27,1926,13,0,1926
2026-06-09 09:51:00,4337.28,4337.9,4335.4,4335.73,1901,11,0,1901
2026-06-09 09:54:00,4335.73,4336.69,4333.44,4334.08,2044,14,0,2044
2026-06-09 09:57:00,4334.06,4334.81,4330.27,4330.65,2028,14,0,2028
2026-06-09 10:00:00,4330.69,4332.37,4328.53,4331.28,2263,14,0,2263
2026-06-09 10:03:00,4331.29,4334.8,4329.85,4331.15,2243,14,0,2243
2026-06-09 10:06:00,4331.13,4333.79,4330.39,4331.66,2073,14,0,2073
2026-06-09 10:09:00,4331.67,4332.76,4328.56,4330.29,2002,11,0,2002
2026-06-09 10:12:00,4330.28,4330.87,4326.98,4326.98,2087,11,0,2087
2026-06-09 10:15:00,4326.92,4328.17,4322.99,4328.14,2174,12,0,2174
2026-06-09 10:18:00,4328.15,4330.3,4327.45,4327.47,2267,9,0,2267
2026-06-09 10:21:00,4327.48,4330.78,4325.76,4328.98,2047,10,0,2047
2026-06-09 10:24:00,4328.99,4330.89,4328.19,4330.11,2412,9,0,2412
2026-06-09 10:27:00,4330.1,4332.22,4329.25,4331.13,1978,9,0,1978
2026-06-09 10:30:00,4331.1,4331.46,4326.1,4326.69,2010,11,0,2010
2026-06-09 10:33:00,4326.7,4327.47,4323.92,4324.28,2040,14,0,2040
2026-06-09 10:36:00,4324.3,4326.75,4323.2,4324.67,2014,14,0,2014
2026-06-09 10:39:00,4324.74,4327.6,4322.26,4326.73,2093,10,0,2093
2026-06-09 10:42:00,4326.74,4328.61,4326.63,4328.44,2226,9,0,2226
2026-06-09 10:45:00,4328.43,4330.28,4327.91,4327.96,1902,12,0,1902
2026-06-09 10:48:00,4327.95,4329.0,4325.1,4327.8,1889,12,0,1889
2026-06-09 10:51:00,4327.8,4329.7,4325.47,4328.4,1988,14,0,1988
2026-06-09 10:54:00,4328.42,4328.75,4327.1,4327.42,1836,13,0,1836
2026-06-09 10:57:00,4327.43,4327.82,4325.81,4326.56,1968,11,0,1968
2026-06-09 11:00:00,4326.57,4327.18,4322.66,4323.8,2170,14,0,2170
2026-06-09 11:03:00,4323.88,4326.03,4321.26,4322.2,2140,12,0,2140
2026-06-09 11:06:00,4322.29,4326.27,4321.18,4326.12,2192,9,0,2192
2026-06-09 11:09:00,4326.11,4330.68,4325.52,4330.04,2394,9,0,2394
2026-06-09 11:12:00,4330.06,4336.45,4329.77,4331.65,2377,14,0,2377
2026-06-09 11:15:00,4331.66,4335.26,4331.41,4332.03,2164,13,0,2164
2026-06-09 11:18:00,4332.0,4334.03,4331.47,4332.52,2109,12,0,2109
2026-06-09 11:21:00,4332.53,4334.38,4332.02,4333.33,2042,13,0,2042
2026-06-09 11:24:00,4333.31,4333.7,4331.55,4333.17,2095,12,0,2095
2026-06-09 11:27:00,4333.18,4335.59,4333.15,4334.37,2008,14,0,2008
2026-06-09 11:30:00,4334.39,4336.06,4333.56,4334.88,2046,12,0,2046
2026-06-09 11:33:00,4334.89,4335.08,4330.43,4331.43,1938,13,0,1938
2026-06-09 11:36:00,4331.43,4333.48,4330.62,4333.39,1881,11,0,1881
2026-06-09 11:39:00,4333.4,4334.91,4332.91,4334.0,2086,9,0,2086
2026-06-09 11:42:00,4334.02,4336.81,4333.8,4335.02,2056,9,0,2056
2026-06-09 11:45:00,4335.03,4335.45,4330.48,4330.54,2391,9,0,2391
2026-06-09 11:48:00,4330.57,4330.57,4325.86,4327.42,1950,9,0,1950
2026-06-09 11:51:00,4327.43,4330.02,4327.31,4329.94,2246,9,0,2246
2026-06-09 11:54:00,4329.86,4330.39,4328.57,4329.8,2181,9,0,2181
2026-06-09 11:57:00,4329.8,4330.6,4326.59,4326.62,2101,9,0,2101
2026-06-09 12:00:00,4326.62,4328.83,4325.22,4328.57,1975,10,0,1975
2026-06-09 12:03:00,4328.57,4329.83,4328.05,4329.54,1941,12,0,1941
2026-06-09 12:06:00,4329.55,4329.61,4327.2,4328.47,1952,10,0,1952
2026-06-09 12:09:00,4328.48,4330.78,4328.4,4330.65,1967,9,0,1967
2026-06-09 12:12:00,4330.68,4330.94,4327.63,4328.27,1963,10,0,1963
2026-06-09 12:15:00,4328.37,4329.27,4328.09,4328.91,2004,10,0,2004
2026-06-09 12:18:00,4328.92,4332.83,4327.98,4332.83,2136,9,0,2136
2026-06-09 12:21:00,4332.73,4336.13,4331.68,4334.32,2020,14,0,2020
2026-06-09 12:24:00,4334.35,4334.56,4332.22,4333.87,1914,14,0,1914
2026-06-09 12:27:00,4333.88,4333.88,4324.19,4326.93,2098,14,0,2098
2026-06-09 12:30:00,4326.91,4329.81,4326.14,4327.35,2146,14,0,2146
2026-06-09 12:33:00,4327.37,4328.44,4325.71,4328.07,1992,13,0,1992
2026-06-09 12:36:00,4328.07,4330.99,4327.6,4330.96,1890,11,0,1890
2026-06-09 12:39:00,4330.95,4331.09,4328.45,4328.97,1947,12,0,1947
2026-06-09 12:42:00,4328.99,4329.64,4325.03,4327.17,1890,14,0,1890
2026-06-09 12:45:00,4327.15,4330.2,4326.67,4329.04,1917,13,0,1917
2026-06-09 12:48:00,4329.02,4330.41,4328.74,4330.41,1894,10,0,1894
2026-06-09 12:51:00,4330.4,4332.36,4329.92,4332.27,1887,11,0,1887
2026-06-09 12:54:00,4332.27,4333.55,4331.49,4331.68,1852,12,0,1852
2026-06-09 12:57:00,4331.69,4332.46,4330.7,4332.17,1834,13,0,1834
2026-06-09 13:00:00,4332.18,4333.2,4331.31,4331.48,1949,14,0,1949
2026-06-09 13:03:00,4331.51,4332.66,4330.22,4331.13,1969,14,0,1969
2026-06-09 13:06:00,4331.14,4331.23,4325.06,4328.13,2205,12,0,2205
2026-06-09 13:09:00,4328.16,4329.11,4325.75,4328.78,2104,14,0,2104
2026-06-09 13:12:00,4328.78,4335.73,4328.52,4335.27,2077,13,0,2077
2026-06-09 13:15:00,4335.28,4336.37,4334.08,4336.24,2011,13,0,2011
2026-06-09 13:18:00,4336.25,4336.37,4333.82,4333.87,2007,13,0,2007
2026-06-09 13:21:00,4333.84,4334.07,4331.35,4331.8,1929,13,0,1929
2026-06-09 13:24:00,4331.8,4336.79,4331.71,4336.2,1948,12,0,1948
2026-06-09 13:27:00,4336.2,4336.22,4333.5,4333.83,1936,12,0,1936
2026-06-09 13:30:00,4333.85,4334.37,4332.27,4333.67,1939,13,0,1939
2026-06-09 13:33:00,4333.66,4335.03,4332.25,4333.02,1892,14,0,1892
2026-06-09 13:36:00,4333.05,4333.96,4332.6,4333.81,1952,10,0,1952
2026-06-09 13:39:00,4333.8,4333.81,4330.54,4330.74,1866,12,0,1866
2026-06-09 13:42:00,4330.78,4332.7,4329.71,4332.53,1914,10,0,1914
2026-06-09 13:45:00,4332.52,4333.04,4331.19,4331.2,2327,9,0,2327
2026-06-09 13:48:00,4331.21,4332.35,4330.54,4331.63,1899,9,0,1899
2026-06-09 13:51:00,4331.61,4333.74,4330.27,4333.25,1842,14,0,1842
2026-06-09 13:54:00,4333.24,4336.48,4333.2,4335.24,1993,13,0,1993
2026-06-09 13:57:00,4335.24,4340.75,4335.23,4339.17,1996,13,0,1996
2026-06-09 14:00:00,4339.2,4340.42,4337.66,4338.51,2016,14,0,2016
2026-06-09 14:03:00,4338.48,4338.84,4335.76,4336.64,1909,14,0,1909
2026-06-09 14:06:00,4336.65,4339.03,4335.64,4338.55,1928,14,0,1928
2026-06-09 14:09:00,4338.49,4338.57,4335.98,4337.16,1922,14,0,1922
2026-06-09 14:12:00,4337.16,4338.17,4335.98,4337.93,1886,14,0,1886
2026-06-09 14:15:00,4337.93,4339.12,4336.15,4337.33,1882,14,0,1882
2026-06-09 14:18:00,4337.31,4339.82,4336.36,4339.79,1861,14,0,1861
2026-06-09 14:21:00,4339.77,4340.68,4338.22,4338.4,1854,13,0,1854
2026-06-09 14:24:00,4338.38,4338.84,4336.5,4337.19,1868,13,0,1868
2026-06-09 14:27:00,4337.18,4338.85,4336.3,4338.69,1872,13,0,1872
2026-06-09 14:30:00,4338.71,4339.14,4337.29,4337.29,1864,14,0,1864
2026-06-09 14:33:00,4337.29,4338.65,4336.83,4338.16,1832,14,0,1832
2026-06-09 14:36:00,4338.15,4338.32,4336.82,4337.28,1809,13,0,1809
2026-06-09 14:39:00,4337.3,4338.9,4336.95,4338.5,1824,11,0,1824
2026-06-09 14:42:00,4338.49,4340.06,4338.09,4338.91,1977,14,0,1977
2026-06-09 14:45:00,4338.88,4340.29,4337.35,4339.04,2040,14,0,2040
2026-06-09 14:48:00,4339.02,4341.96,4338.85,4341.21,1907,14,0,1907
2026-06-09 14:51:00,4341.2,4343.8,4340.7,4342.24,1919,14,0,1919
2026-06-09 14:54:00,4342.24,4342.27,4339.75,4340.59,1906,13,0,1906
2026-06-09 14:57:00,4340.59,4343.47,4339.65,4339.84,1881,10,0,1881
2026-06-09 15:00:00,4339.89,4343.25,4339.79,4341.29,2018,12,0,2018
2026-06-09 15:03:00,4341.26,4343.53,4341.08,4342.27,1905,14,0,1905
2026-06-09 15:06:00,4342.26,4343.81,4342.16,4342.9,1900,11,0,1900
2026-06-09 15:09:00,4342.9,4344.15,4342.89,4343.77,2031,9,0,2031
2026-06-09 15:12:00,4343.74,4343.84,4340.77,4341.08,1984,9,0,1984
2026-06-09 15:15:00,4341.09,4342.1,4338.84,4341.53,2039,14,0,2039
2026-06-09 15:18:00,4341.52,4342.98,4338.34,4339.12,2020,14,0,2020
2026-06-09 15:21:00,4339.11,4339.36,4337.17,4337.65,2027,14,0,2027
2026-06-09 15:24:00,4337.67,4339.76,4337.65,4338.85,2098,14,0,2098
2026-06-09 15:27:00,4338.86,4339.41,4335.3,4335.85,1949,14,0,1949
2026-06-09 15:30:00,4335.83,4339.88,4334.84,4339.28,2170,14,0,2170
2026-06-09 15:33:00,4339.28,4339.29,4334.97,4338.07,2082,14,0,2082
2026-06-09 15:36:00,4338.07,4341.39,4337.74,4341.03,2071,14,0,2071
2026-06-09 15:39:00,4341.02,4341.41,4339.02,4340.76,2066,14,0,2066
2026-06-09 15:42:00,4340.72,4341.99,4340.11,4340.82,2016,14,0,2016
2026-06-09 15:45:00,4340.85,4344.18,4339.88,4343.37,2009,13,0,2009
2026-06-09 15:48:00,4343.38,4343.75,4341.19,4343.68,2048,12,0,2048
2026-06-09 15:51:00,4343.67,4343.67,4338.66,4338.77,1992,14,0,1992
2026-06-09 15:54:00,4338.78,4339.02,4336.92,4337.53,1975,14,0,1975
2026-06-09 15:57:00,4337.56,4341.94,4336.64,4341.38,2071,14,0,2071
2026-06-09 16:00:00,4341.4,4345.46,4340.11,4340.45,2635,14,0,2635
2026-06-09 16:03:00,4340.45,4342.5,4338.14,4342.34,2290,14,0,2290
2026-06-09 16:06:00,4342.32,4343.34,4338.94,4342.35,2302,14,0,2302
2026-06-09 16:09:00,4342.37,4344.36,4340.59,4341.92,2176,14,0,2176
2026-06-09 16:12:00,4341.91,4342.13,4339.82,4341.02,2063,14,0,2063
2026-06-09 16:15:00,4341.02,4342.06,4336.91,4337.41,2167,14,0,2167
2026-06-09 16:18:00,4337.4,4338.12,4333.5,4333.86,2102,14,0,2102
2026-06-09 16:21:00,4333.87,4334.58,4331.62,4334.16,2047,14,0,2047
2026-06-09 16:24:00,4334.15,4335.46,4332.37,4332.45,1985,14,0,1985
2026-06-09 16:27:00,4332.47,4333.1,4330.22,4330.91,2081,14,0,2081
2026-06-09 16:30:00,4330.93,4333.46,4328.84,4331.0,2408,14,0,2408
2026-06-09 16:33:00,4331.0,4334.15,4329.55,4331.24,2330,14,0,2330
2026-06-09 16:36:00,4331.27,4334.43,4330.36,4331.99,2241,14,0,2241
2026-06-09 16:39:00,4332.0,4332.61,4325.16,4325.59,2218,14,0,2218
2026-06-09 16:42:00,4325.57,4330.38,4325.45,4330.33,2147,14,0,2147
2026-06-09 16:45:00,4330.35,4345.08,4329.22,4344.8,2326,14,0,2326
2026-06-09 16:48:00,4344.8,4363.56,4342.28,4342.29,3075,14,0,3075
2026-06-09 16:51:00,4342.29,4344.28,4335.25,4337.13,2759,14,0,2759
2026-06-09 16:54:00,4337.12,4337.92,4327.49,4328.36,2851,14,0,2851
2026-06-09 16:57:00,4328.35,4332.04,4326.53,4328.87,2475,14,0,2475
2026-06-09 17:00:00,4328.9,4336.14,4327.28,4332.92,2704,14,0,2704
2026-06-09 17:03:00,4333.01,4333.92,4326.39,4327.31,2861,14,0,2861
2026-06-09 17:06:00,4327.33,4332.33,4324.97,4330.52,2867,14,0,2867
2026-06-09 17:09:00,4330.58,4330.66,4325.06,4327.7,2841,14,0,2841
2026-06-09 17:12:00,4327.72,4328.75,4319.83,4321.25,2883,14,0,2883
2026-06-09 17:15:00,4321.24,4323.09,4310.54,4310.77,3109,14,0,3109
2026-06-09 17:18:00,4310.81,4312.76,4306.05,4312.65,3376,14,0,3376
2026-06-09 17:21:00,4312.64,4320.27,4311.55,4317.28,3046,14,0,3046
2026-06-09 17:24:00,4317.27,4323.85,4316.35,4320.04,2897,14,0,2897
