time,open,high,low,close,tick_volume,spread,real_volume,volume
2024-11-05 15:51:00,2745.71,2746.2,2744.89,2744.99,555,7,0,555
2024-11-05 15:54:00,2744.92,2746.76,2744.88,2746.32,751,7,0,751
2024-11-05 15:57:00,2746.31,2746.42,2744.78,2744.78,508,7,0,508
2024-11-05 16:00:00,2744.77,2746.82,2744.65,2746.21,568,7,0,568
2024-11-05 16:03:00,2746.25,2746.29,2743.35,2744.27,466,7,0,466
2024-11-05 16:06:00,2744.26,2744.84,2743.27,2744.82,528,7,0,528
2024-11-05 16:09:00,2744.83,2745.25,2743.9,2744.98,416,7,0,416
2024-11-05 16:12:00,2745.0,2745.13,2743.82,2744.28,415,7,0,415
2024-11-05 16:15:00,2744.27,2744.59,2743.52,2744.15,401,7,0,401
2024-11-05 16:18:00,2744.12,2745.15,2744.12,2744.62,394,7,0,394
2024-11-05 16:21:00,2744.63,2746.24,2744.53,2744.94,491,7,0,491
2024-11-05 16:24:00,2744.95,2747.05,2744.75,2747.04,437,7,0,437
2024-11-05 16:27:00,2747.06,2747.77,2746.7,2747.74,519,7,0,519
2024-11-05 16:30:00,2747.73,2748.79,2746.7,2748.21,893,7,0,893
2024-11-05 16:33:00,2748.22,2750.02,2747.93,2749.7,942,7,0,942
2024-11-05 16:36:00,2749.71,2749.88,2747.82,2748.16,842,7,0,842
2024-11-05 16:39:00,2748.15,2748.29,2745.89,2746.5,749,7,0,749
2024-11-05 16:42:00,2746.52,2746.62,2744.38,2745.26,803,7,0,803
2024-11-05 16:45:00,2745.27,2745.27,2742.62,2742.77,890,7,0,890
2024-11-05 16:48:00,2742.76,2744.26,2741.53,2742.77,719,7,0,719
2024-11-05 16:51:00,2742.88,2744.22,2742.81,2743.43,710,7,0,710
2024-11-05 16:54:00,2743.42,2746.82,2743.22,2746.63,741,7,0,741
2024-11-05 16:57:00,2746.67,2747.15,2746.24,2746.3,533,7,0,533
2024-11-05 17:00:00,2746.24,2746.24,2742.02,2742.65,856,7,0,856
2024-11-05 17:03:00,2742.67,2742.68,2740.12,2740.5,930,7,0,930
2024-11-05 17:06:00,2740.49,2740.62,2738.5,2739.78,874,7,0,874
2024-11-05 17:09:00,2739.79,2739.85,2736.72,2737.62,922,7,0,922
2024-11-05 17:12:00,2737.63,2738.93,2736.72,2737.89,902,7,0,902
2024-11-05 17:15:00,2737.98,2738.59,2735.61,2737.59,836,7,0,836
2024-11-05 17:18:00,2737.64,2738.27,2736.73,2737.2,884,7,0,884
2024-11-05 17:21:00,2737.04,2738.28,2735.42,2735.42,733,7,0,733
2024-11-05 17:24:00,2735.36,2736.59,2735.21,2735.57,699,7,0,699
2024-11-05 17:27:00,2735.53,2735.87,2733.55,2734.07,726,7,0,726
2024-11-05 17:30:00,2734.07,2734.97,2733.11,2733.44,769,7,0,769
2024-11-05 17:33:00,2733.45,2736.4,2733.41,2736.4,659,7,0,659
2024-11-05 17:36:00,2736.5,2737.2,2735.55,2735.75,546,7,0,546
2024-11-05 17:39:00,2735.74,2737.44,2735.24,2737.44,667,7,0,667
2024-11-05 17:42:00,2737.45,2738.83,2737.33,2738.2,697,7,0,697
2024-11-05 17:45:00,2738.21,2741.2,2737.51,2741.14,708,7,0,708
2024-11-05 17:48:00,2741.18,2742.15,2740.42,2740.87,674,7,0,674
2024-11-05 17:51:00,2740.86,2741.3,2739.64,2740.6,551,7,0,551
2024-11-05 17:54:00,2740.58,2742.01,2739.89,2741.98,488,7,0,488
2024-11-05 17:57:00,2741.96,2742.23,2741.13,2742.04,577,7,0,577
2024-11-05 18:00:00,2742.06,2744.15,2741.94,2744.04,616,7,0,616
2024-11-05 18:03:00,2744.06,2744.59,2742.09,2742.71,576,7,0,576
2024-11-05 18:06:00,2742.74,2742.84,2741.88,2742.12,554,7,0,554
2024-11-05 18:09:00,2742.13,2742.84,2741.09,2741.88,528,7,0,528
2024-11-05 18:12:00,2741.85,2742.67,2741.31,2742.11,436,7,0,436
2024-11-05 18:15:00,2742.12,2742.12,2740.69,2740.69,439,7,0,439
2024-11-05 18:18:00,2740.7,2741.06,2740.15,2740.93,511,7,0,511
2024-11-05 18:21:00,2740.92,2741.32,2739.56,2739.87,432,7,0,432
2024-11-05 18:24:00,2739.88,2740.9,2739.27,2739.27,427,7,0,427
2024-11-05 18:27:00,2739.29,2739.29,2737.78,2737.94,417,7,0,417
2024-11-05 18:30:00,2737.95,2738.4,2737.38,2738.38,431,7,0,431
2024-11-05 18:33:00,2738.34,2738.78,2737.74,2737.82,426,7,0,426
2024-11-05 18:36:00,2737.83,2738.63,2737.38,2738.51,359,7,0,359
2024-11-05 18:39:00,2738.49,2738.78,2736.69,2736.9,404,7,0,404
2024-11-05 18:42:00,2736.92,2738.17,2736.4,2738.03,481,7,0,481
2024-11-05 18:45:00,2738.01,2739.84,2737.89,2739.84,413,7,0,413
2024-11-05 18:48:00,2739.8,2740.82,2739.48,2740.82,457,7,0,457
2024-11-05 18:51:00,2740.79,2741.25,2740.63,2740.75,396,7,0,396
2024-11-05 18:54:00,2740.76,2740.9,2738.87,2738.95,299,7,0,299
2024-11-05 18:57:00,2738.96,2739.17,2738.76,2738.95,246,7,0,246
2024-11-05 19:00:00,2738.97,2739.24,2738.28,2738.85,262,7,0,262
2024-11-05 19:03:00,2738.87,2740.11,2738.86,2739.94,311,7,0,311
2024-11-05 19:06:00,2739.97,2740.13,2739.14,2740.04,311,7,0,311
2024-11-05 19:09:00,2740.05,2741.04,2739.81,2740.73,278,7,0,278
2024-11-05 19:12:00,2740.73,2742.02,2740.73,2741.89,254,7,0,254
2024-11-05 19:15:00,2741.88,2742.51,2741.86,2742.33,211,7,0,211
2024-11-05 19:18:00,2742.34,2743.7,2742.09,2743.54,331,7,0,331
2024-11-05 19:21:00,2743.56,2743.67,2742.3,2742.57,301,7,0,301
2024-11-05 19:24:00,2742.58,2742.86,2741.82,2742.86,292,7,0,292
2024-11-05 19:27:00,2742.87,2743.25,2742.25,2743.25,301,7,0,301
2024-11-05 19:30:00,2743.27,2743.6,2742.38,2743.32,312,7,0,312
2024-11-05 19:33:00,2743.33,2743.52,2741.81,2742.24,298,7,0,298
2024-11-05 19:36:00,2742.28,2742.51,2741.86,2741.86,250,7,0,250
2024-11-05 19:39:00,2741.85,2742.11,2741.01,2741.05,339,7,0,339
2024-11-05 19:42:00,2741.02,2741.99,2740.82,2741.82,247,7,0,247
2024-11-05 19:45:00,2741.85,2742.85,2741.55,2742.74,270,7,0,270
2024-11-05 19:48:00,2742.77,2742.93,2741.84,2742.41,193,7,0,193
2024-11-05 19:51:00,2742.52,2742.78,2742.03,2742.34,202,7,0,202
2024-11-05 19:54:00,2742.33,2742.68,2741.78,2742.41,229,7,0,229
2024-11-05 19:57:00,2742.4,2742.91,2741.58,2742.03,230,7,0,230
2024-11-05 20:00:00,2742.04,2743.23,2741.9,2743.23,269,7,0,269
2024-11-05 20:03:00,2743.27,2743.7,2742.78,2743.54,344,7,0,344
2024-11-05 20:06:00,2743.55,2743.89,2742.32,2742.93,284,7,0,284
2024-11-05 20:09:00,2742.92,2742.93,2741.21,2741.65,282,7,0,282
2024-11-05 20:12:00,2741.69,2743.34,2741.59,2741.91,313,7,0,313
2024-11-05 20:15:00,2741.92,2742.09,2740.65,2741.2,291,7,0,291
2024-11-05 20:18:00,2741.24,2741.39,2740.53,2740.58,310,7,0,310
2024-11-05 20:21:00,2740.54,2741.06,2740.11,2741.06,355,7,0,355
2024-11-05 20:24:00,2741.03,2741.18,2740.23,2740.43,282,7,0,282
2024-11-05 20:27:00,2740.48,2740.85,2739.72,2740.59,446,7,0,446
2024-11-05 20:30:00,2740.61,2741.38,2740.08,2740.1,369,7,0,369
2024-11-05 20:33:00,2740.12,2740.71,2740.1,2740.49,208,7,0,208
2024-11-05 20:36:00,2740.5,2740.87,2739.43,2739.79,268,7,0,268
2024-11-05 20:39:00,2739.77,2740.5,2739.58,2740.41,210,7,0,210
2024-11-05 20:42:00,2740.46,2741.21,2740.46,2741.19,223,7,0,223
2024-11-05 20:45:00,2741.18,2742.02,2740.98,2741.69,218,7,0,218
2024-11-05 20:48:00,2741.64,2741.69,2740.89,2741.29,193,7,0,193
2024-11-05 20:51:00,2741.28,2741.9,2740.83,2741.52,192,7,0,192
2024-11-05 20:54:00,2741.56,2741.93,2741.29,2741.88,157,7,0,157
2024-11-05 20:57:00,2741.89,2741.99,2741.17,2741.27,185,7,0,185
2024-11-05 21:00:00,2741.27,2741.53,2740.6,2740.64,174,7,0,174
2024-11-05 21:03:00,2740.67,2740.84,2739.54,2739.64,209,7,0,209
2024-11-05 21:06:00,2739.65,2740.45,2739.59,2740.35,145,7,0,145
2024-11-05 21:09:00,2740.32,2740.45,2739.54,2740.04,173,7,0,173
2024-11-05 21:12:00,2740.05,2740.41,2739.93,2740.31,210,7,0,210
2024-11-05 21:15:00,2740.3,2741.2,2739.96,2741.03,163,7,0,163
2024-11-05 21:18:00,2741.01,2741.42,2740.91,2740.97,274,7,0,274
2024-11-05 21:21:00,2741.0,2741.01,2740.31,2740.82,226,7,0,226
2024-11-05 21:24:00,2740.83,2741.99,2740.62,2741.99,200,7,0,200
2024-11-05 21:27:00,2742.01,2742.26,2740.39,2740.59,232,7,0,232
2024-11-05 21:30:00,2740.68,2741.19,2740.11,2741.17,220,7,0,220
2024-11-05 21:33:00,2741.16,2741.39,2740.65,2740.74,146,7,0,146
2024-11-05 21:36:00,2740.76,2741.17,2740.12,2740.76,148,7,0,148
2024-11-05 21:39:00,2740.77,2741.75,2740.67,2741.66,137,7,0,137
2024-11-05 21:42:00,2741.62,2742.28,2741.55,2742.23,171,7,0,171
2024-11-05 21:45:00,2742.24,2742.25,2741.69,2741.72,129,7,0,129
2024-11-05 21:48:00,2741.73,2742.03,2741.36,2741.83,171,7,0,171
2024-11-05 21:51:00,2741.81,2742.29,2741.59,2741.73,185,7,0,185
2024-11-05 21:54:00,2741.73,2741.93,2741.1,2741.23,198,7,0,198
2024-11-05 21:57:00,2741.21,2741.25,2740.23,2740.5,232,7,0,232
2024-11-05 22:00:00,2740.51,2740.53,2739.72,2740.08,230,7,0,230
2024-11-05 22:03:00,2740.09,2741.45,2740.06,2741.12,119,7,0,119
2024-11-05 22:06:00,2741.11,2741.25,2740.7,2740.94,106,7,0,106
2024-11-05 22:09:00,2740.94,2741.55,2740.94,2741.52,121,7,0,121
2024-11-05 22:12:00,2741.51,2741.98,2741.44,2741.64,128,7,0,128
2024-11-05 22:15:00,2741.63,2741.81,2741.34,2741.64,133,7,0,133
2024-11-05 22:18:00,2741.64,2741.81,2741.24,2741.41,140,7,0,140
2024-11-05 22:21:00,2741.34,2741.81,2740.91,2741.65,116,7,0,116
2024-11-05 22:24:00,2741.65,2741.87,2741.36,2741.66,191,7,0,191
2024-11-05 22:27:00,2741.67,2741.87,2741.54,2741.65,134,7,0,134
2024-11-05 22:30:00,2741.62,2741.92,2740.96,2741.12,151,7,0,151
2024-11-05 22:33:00,2741.11,2741.8,2740.95,2741.8,159,7,0,159
2024-11-05 22:36:00,2741.78,2741.83,2741.22,2741.22,172,7,0,172
2024-11-05 22:39:00,2741.26,2741.41,2740.53,2741.1,187,7,0,187
2024-11-05 22:42:00,2741.09,2741.2,2740.71,2740.88,173,7,0,173
2024-11-05 22:45:00,2740.89,2741.22,2740.32,2740.53,162,7,0,162
2024-11-05 22:48:00,2740.54,2741.54,2740.54,2741.54,206,7,0,206
2024-11-05 22:51:00,2741.52,2742.33,2741.33,2742.33,339,7,0,339
2024-11-05 22:54:00,2742.26,2743.11,2741.91,2743.11,401,7,0,401
2024-11-05 22:57:00,2743.1,2743.51,2742.91,2743.06,522,7,0,522
2024-11-05 23:00:00,2743.04,2743.26,2742.6,2742.74,144,7,0,144
2024-11-05 23:03:00,2742.76,2743.15,2742.76,2743.15,91,7,0,91
2024-11-05 23:06:00,2743.14,2743.47,2743.13,2743.35,53,7,0,53
2024-11-05 23:09:00,2743.4,2743.66,2743.37,2743.66,70,7,0,70
2024-11-05 23:12:00,2743.67,2743.82,2743.45,2743.64,89,7,0,89
2024-11-05 23:15:00,2743.46,2743.71,2743.44,2743.56,91,7,0,91
2024-11-05 23:18:00,2743.56,2743.85,2743.55,2743.74,64,7,0,64
2024-11-05 23:21:00,2743.74,2744.04,2743.74,2743.94,67,7,0,67
2024-11-05 23:24:00,2743.94,2744.31,2743.88,2744.27,53,7,0,53
2024-11-05 23:27:00,2744.33,2744.84,2744.33,2744.58,97,7,0,97
2024-11-05 23:30:00,2744.55,2744.77,2744.28,2744.77,96,7,0,96
2024-11-05 23:33:00,2744.75,2744.8,2744.37,2744.59,88,7,0,88
2024-11-05 23:36:00,2744.62,2744.88,2744.52,2744.52,78,7,0,78
2024-11-05 23:39:00,2744.51,2744.77,2744.29,2744.32,63,7,0,63
2024-11-05 23:42:00,2744.31,2744.32,2744.07,2744.25,93,7,0,93
2024-11-05 23:45:00,2744.24,2744.28,2743.79,2743.92,131,7,0,131
2024-11-05 23:48:00,2743.93,2744.21,2743.63,2744.2,106,7,0,106
2024-11-05 23:51:00,2744.2,2744.29,2743.97,2744.01,93,7,0,93
2024-11-05 23:54:00,2743.97,2744.01,2743.55,2743.82,84,7,0,84
2024-11-05 23:57:00,2743.83,2744.06,2743.47,2743.84,85,7,0,85
2024-11-06 01:00:00,2742.14,2743.17,2741.85,2742.88,161,39,0,161
2024-11-06 01:03:00,2742.76,2743.21,2742.62,2742.7,49,15,0,49
2024-11-06 01:06:00,2742.8,2743.12,2742.8,2742.98,44,7,0,44
2024-11-06 01:09:00,2742.94,2744.02,2742.93,2743.6,137,7,0,137
2024-11-06 01:12:00,2743.55,2743.76,2743.17,2743.35,98,7,0,98
2024-11-06 01:15:00,2743.32,2743.37,2742.72,2742.84,97,7,0,97
2024-11-06 01:18:00,2742.83,2743.87,2742.64,2743.86,101,7,0,101
2024-11-06 01:21:00,2743.86,2743.86,2742.79,2743.24,122,7,0,122
2024-11-06 01:24:00,2743.29,2743.92,2743.26,2743.83,35,7,0,35
2024-11-06 01:27:00,2743.9,2743.93,2743.43,2743.8,71,7,0,71
2024-11-06 01:30:00,2743.77,2743.94,2743.38,2743.59,157,7,0,157
2024-11-06 01:33:00,2743.59,2743.82,2743.23,2743.45,117,7,0,117
2024-11-06 01:36:00,2743.45,2743.55,2742.96,2743.0,107,7,0,107
2024-11-06 01:39:00,2743.01,2743.9,2742.96,2743.86,205,7,0,205
2024-11-06 01:42:00,2743.85,2744.99,2743.7,2744.82,269,7,0,269
2024-11-06 01:45:00,2744.87,2745.19,2744.56,2745.12,194,7,0,194
2024-11-06 01:48:00,2745.12,2745.25,2744.49,2744.59,142,7,0,142
2024-11-06 01:51:00,2744.59,2745.31,2744.59,2745.06,149,7,0,149
2024-11-06 01:54:00,2745.08,2746.38,2745.08,2746.24,211,7,0,211
2024-11-06 01:57:00,2746.2,2746.28,2745.28,2745.69,210,7,0,210
2024-11-06 02:00:00,2745.68,2745.69,2744.48,2744.73,242,7,0,242
2024-11-06 02:03:00,2744.72,2744.95,2744.11,2744.33,295,7,0,295
2024-11-06 02:06:00,2744.37,2744.82,2743.92,2743.96,350,7,0,350
2024-11-06 02:09:00,2743.96,2744.05,2743.48,2743.84,334,7,0,334
2024-11-06 02:12:00,2743.84,2743.91,2741.87,2742.77,332,7,0,332
2024-11-06 02:15:00,2742.78,2743.52,2742.53,2743.43,439,7,0,439
2024-11-06 02:18:00,2743.42,2743.61,2742.24,2742.42,398,7,0,398
2024-11-06 02:21:00,2742.43,2742.54,2736.19,2736.19,669,7,0,669
2024-11-06 02:24:00,2736.25,2738.36,2735.37,2737.38,687,7,0,687
2024-11-06 02:27:00,2737.22,2738.62,2736.72,2737.41,425,7,0,425
2024-11-06 02:30:00,2737.41,2738.32,2736.52,2738.23,494,7,0,494
2024-11-06 02:33:00,2738.18,2739.99,2737.68,2738.83,459,7,0,459
2024-11-06 02:36:00,2738.78,2740.08,2738.01,2739.79,475,7,0,475
2024-11-06 02:39:00,2739.77,2739.82,2737.81,2737.91,373,7,0,373
2024-11-06 02:42:00,2737.88,2739.42,2737.31,2739.38,404,7,0,404
2024-11-06 02:45:00,2738.93,2739.94,2738.22,2738.9,400,7,0,400
2024-11-06 02:48:00,2738.9,2739.21,2737.99,2739.06,446,7,0,446
2024-11-06 02:51:00,2739.06,2740.17,2738.58,2739.81,477,7,0,477
2024-11-06 02:54:00,2739.71,2739.81,2738.04,2738.13,453,7,0,453
2024-11-06 02:57:00,2738.14,2738.3,2737.07,2737.99,370,7,0,370
2024-11-06 03:00:00,2737.99,2738.59,2733.87,2735.99,754,7,0,754
2024-11-06 03:03:00,2735.96,2736.19,2734.48,2734.97,743,7,0,743
2024-11-06 03:06:00,2734.99,2735.0,2732.72,2734.54,816,7,0,816
2024-11-06 03:09:00,2734.68,2737.73,2734.68,2736.36,826,7,0,826
2024-11-06 03:12:00,2736.38,2738.87,2736.38,2738.86,715,7,0,715
2024-11-06 03:15:00,2738.87,2740.69,2738.25,2739.1,686,7,0,686
2024-11-06 03:18:00,2739.12,2739.98,2738.25,2738.43,647,7,0,647
2024-11-06 03:21:00,2738.42,2740.71,2738.42,2740.47,661,7,0,661
2024-11-06 03:24:00,2740.54,2741.35,2739.56,2741.06,629,7,0,629
2024-11-06 03:27:00,2741.09,2742.74,2740.5,2741.17,621,7,0,621
2024-11-06 03:30:00,2741.2,2742.02,2740.41,2741.31,603,7,0,603
2024-11-06 03:33:00,2741.32,2743.87,2740.26,2743.61,631,7,0,631
2024-11-06 03:36:00,2743.6,2744.35,2742.93,2744.3,628,7,0,628
2024-11-06 03:39:00,2744.28,2745.24,2743.14,2744.94,680,7,0,680
2024-11-06 03:42:00,2744.94,2748.32,2744.27,2747.78,975,7,0,975
2024-11-06 03:45:00,2747.78,2748.96,2746.84,2747.27,850,7,0,850
2024-11-06 03:48:00,2747.25,2747.95,2744.88,2747.75,908,7,0,908
2024-11-06 03:51:00,2747.81,2749.19,2747.77,2748.31,829,7,0,829
2024-11-06 03:54:00,2748.24,2749.71,2747.57,2749.36,841,7,0,841
2024-11-06 03:57:00,2749.33,2749.47,2746.57,2747.13,723,7,0,723
2024-11-06 04:00:00,2747.15,2747.87,2745.86,2747.65,863,7,0,863
2024-11-06 04:03:00,2747.66,2748.37,2745.85,2746.58,843,7,0,843
2024-11-06 04:06:00,2746.55,2746.86,2743.96,2744.54,876,7,0,876
2024-11-06 04:09:00,2744.55,2745.01,2742.72,2744.48,834,7,0,834
2024-11-06 04:12:00,2744.45,2744.92,2742.78,2743.76,842,7,0,842
2024-11-06 04:15:00,2743.81,2745.15,2743.53,2745.0,805,7,0,805
2024-11-06 04:18:00,2744.99,2747.97,2744.33,2747.39,787,7,0,787
2024-11-06 04:21:00,2747.29,2748.25,2747.1,2747.23,597,7,0,597
2024-11-06 04:24:00,2747.21,2748.13,2746.62,2747.47,835,7,0,835
2024-11-06 04:27:00,2747.53,2748.26,2746.28,2746.29,895,7,0,895
2024-11-06 04:30:00,2746.3,2746.3,2742.86,2743.12,696,7,0,696
2024-11-06 04:33:00,2743.11,2743.18,2741.5,2741.77,767,7,0,767
2024-11-06 04:36:00,2741.72,2742.16,2740.61,2741.31,709,7,0,709
2024-11-06 04:39:00,2741.28,2742.41,2739.24,2742.17,863,7,0,863
2024-11-06 04:42:00,2742.2,2743.18,2740.85,2741.44,816,7,0,816
2024-11-06 04:45:00,2741.44,2743.34,2741.01,2743.23,788,7,0,788
2024-11-06 04:48:00,2743.22,2745.11,2742.92,2744.16,696,7,0,696
2024-11-06 04:51:00,2744.19,2744.56,2738.27,2738.77,765,7,0,765
2024-11-06 04:54:00,2738.76,2739.39,2737.15,2738.9,792,7,0,792
2024-11-06 04:57:00,2738.91,2739.03,2736.85,2737.49,772,7,0,772
2024-11-06 05:00:00,2737.49,2737.75,2735.34,2737.25,693,7,0,693
2024-11-06 05:03:00,2737.25,2738.68,2736.46,2737.83,693,7,0,693
2024-11-06 05:06:00,2737.84,2738.17,2736.51,2736.51,585,7,0,585
2024-11-06 05:09:00,2736.49,2741.14,2736.42,2739.46,513,7,0,513
2024-11-06 05:12:00,2739.46,2740.36,2739.05,2739.74,618,7,0,618
2024-11-06 05:15:00,2739.74,2742.34,2739.43,2742.31,673,7,0,673
2024-11-06 05:18:00,2742.32,2743.55,2741.84,2742.61,815,7,0,815
2024-11-06 05:21:00,2742.66,2742.96,2740.24,2741.26,642,7,0,642
2024-11-06 05:24:00,2741.34,2741.62,2738.75,2738.75,630,7,0,630
2024-11-06 05:27:00,2738.75,2738.95,2730.74,2731.52,884,7,0,884
2024-11-06 05:30:00,2731.49,2735.26,2730.77,2735.02,846,7,0,846
2024-11-06 05:33:00,2735.03,2738.17,2734.65,2736.79,681,7,0,681
2024-11-06 05:36:00,2736.79,2736.98,2734.51,2735.07,821,7,0,821
2024-11-06 05:39:00,2735.09,2735.36,2732.86,2734.3,850,7,0,850
2024-11-06 05:42:00,2734.27,2736.33,2734.27,2734.95,646,7,0,646
2024-11-06 05:45:00,2734.79,2735.59,2734.05,2734.05,689,7,0,689
2024-11-06 05:48:00,2734.03,2735.2,2733.32,2734.21,750,7,0,750
2024-11-06 05:51:00,2734.2,2735.23,2733.01,2735.05,680,7,0,680
2024-11-06 05:54:00,2735.04,2735.36,2733.11,2734.03,715,7,0,715
2024-11-06 05:57:00,2734.01,2734.71,2733.35,2734.2,607,7,0,607
2024-11-06 06:00:00,2734.22,2734.69,2733.22,2734.25,528,7,0,528
2024-11-06 06:03:00,2734.15,2735.56,2733.97,2735.56,583,7,0,583
2024-11-06 06:06:00,2735.58,2736.58,2734.57,2736.37,544,7,0,544
2024-11-06 06:09:00,2736.38,2737.01,2735.07,2735.68,553,7,0,553
2024-11-06 06:12:00,2735.69,2738.83,2735.69,2738.73,684,7,0,684
2024-11-06 06:15:00,2738.74,2739.16,2738.2,2739.03,517,7,0,517
2024-11-06 06:18:00,2739.02,2739.16,2738.35,2738.52,595,7,0,595
2024-11-06 06:21:00,2738.51,2738.68,2737.29,2737.78,481,7,0,481
2024-11-06 06:24:00,2737.73,2738.17,2736.56,2736.8,580,7,0,580
2024-11-06 06:27:00,2736.82,2737.38,2736.16,2736.23,637,7,0,637
2024-11-06 06:30:00,2736.24,2737.86,2736.17,2737.52,454,7,0,454
2024-11-06 06:33:00,2737.51,2737.84,2736.73,2737.84,416,7,0,416
2024-11-06 06:36:00,2737.82,2739.22,2737.82,2738.92,459,7,0,459
2024-11-06 06:39:00,2738.92,2741.11,2738.35,2741.04,558,7,0,558
2024-11-06 06:42:00,2741.03,2741.08,2739.25,2739.82,527,7,0,527
2024-11-06 06:45:00,2739.82,2741.96,2739.74,2741.93,491,7,0,491
2024-11-06 06:48:00,2741.92,2743.04,2741.78,2742.54,724,7,0,724
2024-11-06 06:51:00,2742.53,2742.92,2741.0,2741.25,639,7,0,639
2024-11-06 06:54:00,2741.29,2742.57,2740.39,2742.27,592,7,0,592
2024-11-06 06:57:00,2742.28,2742.66,2741.5,2741.8,725,7,0,725
2024-11-06 07:00:00,2741.84,2743.65,2741.46,2742.43,755,7,0,755
2024-11-06 07:03:00,2742.45,2743.26,2741.78,2741.92,585,7,0,585
2024-11-06 07:06:00,2741.91,2743.07,2741.59,2742.6,617,7,0,617
2024-11-06 07:09:00,2742.6,2742.61,2738.38,2738.79,622,7,0,622
2024-11-06 07:12:00,2738.75,2740.73,2738.72,2739.08,701,7,0,701
2024-11-06 07:15:00,2739.11,2741.96,2739.09,2741.74,496,7,0,496
2024-11-06 07:18:00,2741.75,2742.55,2741.72,2741.93,429,7,0,429
2024-11-06 07:21:00,2741.95,2742.21,2741.23,2741.85,530,7,0,530
2024-11-06 07:24:00,2741.86,2741.87,2739.57,2739.57,598,7,0,598
2024-11-06 07:27:00,2739.58,2740.98,2739.57,2739.6,439,7,0,439
2024-11-06 07:30:00,2739.6,2740.01,2737.17,2738.99,959,7,0,959
2024-11-06 07:33:00,2739.01,2739.87,2736.95,2737.15,885,7,0,885
2024-11-06 07:36:00,2737.17,2737.97,2736.45,2736.82,835,7,0,835
2024-11-06 07:39:00,2736.86,2740.4,2736.78,2739.55,842,7,0,842
2024-11-06 07:42:00,2739.52,2740.46,2738.8,2739.74,850,7,0,850
2024-11-06 07:45:00,2739.73,2741.34,2739.64,2740.7,752,7,0,752
2024-11-06 07:48:00,2740.72,2741.12,2740.06,2741.08,830,7,0,830
2024-11-06 07:51:00,2741.09,2741.09,2738.7,2739.14,907,7,0,907
2024-11-06 07:54:00,2739.11,2740.1,2738.55,2739.45,644,7,0,644
2024-11-06 07:57:00,2739.44,2739.53,2738.85,2739.04,453,7,0,453
2024-11-06 08:00:00,2739.06,2739.32,2736.27,2736.39,473,7,0,473
2024-11-06 08:03:00,2736.4,2737.73,2736.27,2737.34,600,7,0,600
2024-11-06 08:06:00,2737.32,2737.35,2733.94,2735.29,759,7,0,759
2024-11-06 08:09:00,2735.31,2735.44,2733.22,2733.23,649,7,0,649
2024-11-06 08:12:00,2733.22,2733.55,2731.57,2732.66,823,7,0,823
2024-11-06 08:15:00,2732.69,2735.77,2732.69,2735.49,904,7,0,904
2024-11-06 08:18:00,2735.49,2735.58,2733.21,2734.61,797,7,0,797
2024-11-06 08:21:00,2734.59,2734.67,2730.88,2730.99,577,7,0,577
2024-11-06 08:24:00,2731.01,2731.04,2722.67,2723.31,935,7,0,935
2024-11-06 08:27:00,2723.31,2724.02,2715.63,2717.06,1241,7,0,1241
2024-11-06 08:30:00,2717.06,2720.76,2715.14,2717.06,1122,7,0,1122
2024-11-06 08:33:00,2717.08,2717.08,2705.52,2708.42,1271,7,0,1271
2024-11-06 08:36:00,2708.29,2711.35,2701.32,2703.15,1311,7,0,1311
2024-11-06 08:39:00,2703.15,2708.14,2701.92,2706.28,1182,7,0,1182
2024-11-06 08:42:00,2706.28,2708.48,2702.13,2704.22,1080,7,0,1080
2024-11-06 08:45:00,2704.32,2711.77,2703.91,2711.77,1206,7,0,1206
2024-11-06 08:48:00,2711.79,2715.19,2711.27,2712.24,1122,7,0,1122
2024-11-06 08:51:00,2712.24,2712.55,2708.33,2710.25,1015,7,0,1015
2024-11-06 08:54:00,2710.26,2712.36,2709.2,2709.37,794,7,0,794
2024-11-06 08:57:00,2709.38,2709.45,2706.42,2707.01,819,7,0,819
2024-11-06 09:00:00,2707.0,2712.27,2704.21,2711.71,834,7,0,834
2024-11-06 09:03:00,2711.7,2714.6,2711.63,2713.51,662,7,0,662
2024-11-06 09:06:00,2713.51,2715.71,2710.96,2715.46,717,7,0,717
2024-11-06 09:09:00,2715.45,2719.27,2715.03,2719.27,895,7,0,895
2024-11-06 09:12:00,2719.31,2722.32,2719.19,2722.14,941,7,0,941
2024-11-06 09:15:00,2722.21,2725.15,2720.42,2724.77,851,7,0,851
2024-11-06 09:18:00,2724.76,2733.21,2724.06,2728.8,1029,7,0,1029
2024-11-06 09:21:00,2728.74,2728.91,2724.24,2724.44,968,7,0,968
2024-11-06 09:24:00,2724.46,2727.5,2723.65,2724.69,876,7,0,876
2024-11-06 09:27:00,2724.8,2726.04,2724.14,2725.66,651,7,0,651
2024-11-06 09:30:00,2725.7,2727.37,2723.84,2726.44,643,7,0,643
2024-11-06 09:33:00,2726.52,2728.87,2725.27,2728.17,681,7,0,681
2024-11-06 09:36:00,2728.17,2728.35,2725.03,2725.28,660,7,0,660
2024-11-06 09:39:00,2725.26,2726.77,2724.89,2724.91,534,7,0,534
2024-11-06 09:42:00,2724.9,2725.11,2719.75,2720.85,707,7,0,707
2024-11-06 09:45:00,2720.84,2726.01,2720.7,2724.08,808,7,0,808
2024-11-06 09:48:00,2724.0,2728.24,2723.88,2726.06,751,7,0,751
2024-11-06 09:51:00,2726.04,2726.71,2723.69,2725.99,751,7,0,751
2024-11-06 09:54:00,2726.0,2727.32,2725.77,2727.2,659,7,0,659
2024-11-06 09:57:00,2727.21,2727.3,2725.59,2725.88,625,7,0,625
2024-11-06 10:00:00,2725.77,2726.71,2724.72,2725.78,697,7,0,697
2024-11-06 10:03:00,2725.76,2727.08,2724.63,2725.14,652,7,0,652
2024-11-06 10:06:00,2725.12,2726.49,2723.21,2726.11,703,7,0,703
2024-11-06 10:09:00,2726.07,2727.55,2725.74,2727.42,706,7,0,706
2024-11-06 10:12:00,2727.41,2727.99,2725.53,2726.22,745,7,0,745
2024-11-06 10:15:00,2726.24,2730.65,2725.79,2730.25,905,7,0,905
2024-11-06 10:18:00,2730.3,2733.66,2730.28,2732.58,1013,7,0,1013
2024-11-06 10:21:00,2732.49,2732.95,2730.21,2731.85,714,7,0,714
2024-11-06 10:24:00,2731.85,2732.48,2729.43,2731.39,657,7,0,657
2024-11-06 10:27:00,2731.34,2732.26,2729.26,2729.34,698,7,0,698
2024-11-06 10:30:00,2729.28,2730.08,2726.44,2726.54,838,7,0,838
2024-11-06 10:33:00,2726.55,2729.22,2726.33,2729.21,788,7,0,788
2024-11-06 10:36:00,2729.24,2730.38,2727.64,2730.3,706,7,0,706
2024-11-06 10:39:00,2730.31,2730.55,2728.92,2729.65,672,7,0,672
2024-11-06 10:42:00,2729.66,2730.7,2729.04,2729.82,553,7,0,553
2024-11-06 10:45:00,2729.84,2730.9,2728.81,2728.99,516,7,0,516
2024-11-06 10:48:00,2728.99,2730.19,2728.34,2728.44,533,7,0,533
2024-11-06 10:51:00,2728.44,2728.87,2725.86,2726.15,653,7,0,653
2024-11-06 10:54:00,2726.14,2726.14,2723.49,2723.67,703,7,0,703
2024-11-06 10:57:00,2723.69,2724.78,2722.8,2724.5,582,7,0,582
2024-11-06 11:00:00,2724.48,2724.58,2721.56,2722.41,549,7,0,549
2024-11-06 11:03:00,2722.43,2724.54,2722.06,2723.52,665,7,0,665
2024-11-06 11:06:00,2723.54,2726.11,2723.33,2724.39,780,7,0,780
2024-11-06 11:09:00,2724.13,2726.78,2722.84,2726.45,887,7,0,887
2024-11-06 11:12:00,2726.45,2728.57,2726.17,2726.26,537,7,0,537
2024-11-06 11:15:00,2726.25,2726.34,2725.5,2726.34,475,7,0,475
2024-11-06 11:18:00,2726.35,2726.4,2721.49,2722.08,753,7,0,753
2024-11-06 11:21:00,2722.07,2724.07,2720.86,2721.67,565,7,0,565
2024-11-06 11:24:00,2721.68,2721.71,2719.36,2721.05,661,7,0,661
2024-11-06 11:27:00,2721.04,2722.46,2720.83,2722.36,404,7,0,404
2024-11-06 11:30:00,2722.36,2722.45,2720.56,2720.96,436,7,0,436
2024-11-06 11:33:00,2720.95,2722.03,2720.45,2721.23,530,7,0,530
2024-11-06 11:36:00,2721.21,2721.21,2718.31,2719.58,584,7,0,584
2024-11-06 11:39:00,2719.59,2720.2,2717.61,2717.61,436,7,0,436
2024-11-06 11:42:00,2717.63,2718.09,2716.46,2717.93,479,7,0,479
2024-11-06 11:45:00,2717.96,2719.88,2716.75,2719.79,448,7,0,448
2024-11-06 11:48:00,2719.78,2724.23,2719.78,2723.67,588,7,0,588
2024-11-06 11:51:00,2723.73,2726.17,2723.73,2725.39,528,7,0,528
2024-11-06 11:54:00,2725.43,2726.04,2724.82,2725.18,514,7,0,514
2024-11-06 11:57:00,2725.16,2725.44,2724.62,2724.69,326,7,0,326
2024-11-06 12:00:00,2724.68,2725.81,2723.63,2725.34,526,7,0,526
2024-11-06 12:03:00,2725.35,2726.74,2724.91,2725.0,298,7,0,298
2024-11-06 12:06:00,2724.99,2726.29,2724.48,2724.95,347,7,0,347
2024-11-06 12:09:00,2724.96,2725.06,2722.36,2722.77,488,7,0,488
2024-11-06 12:12:00,2722.77,2724.34,2722.68,2723.65,495,7,0,495
2024-11-06 12:15:00,2723.65,2724.33,2722.37,2722.69,409,7,0,409
2024-11-06 12:18:00,2722.69,2724.64,2722.26,2724.63,420,7,0,420
2024-11-06 12:21:00,2724.62,2724.87,2722.39,2722.62,344,7,0,344
2024-11-06 12:24:00,2722.6,2725.72,2722.59,2725.63,365,7,0,365
2024-11-06 12:27:00,2725.65,2727.1,2725.17,2725.33,601,7,0,601
2024-11-06 12:30:00,2725.46,2727.13,2725.36,2726.33,479,7,0,479
2024-11-06 12:33:00,2726.29,2727.23,2725.69,2726.23,412,7,0,412
2024-11-06 12:36:00,2726.34,2726.42,2724.54,2724.88,487,7,0,487
2024-11-06 12:39:00,2724.9,2724.99,2722.27,2722.45,481,7,0,481
2024-11-06 12:42:00,2722.38,2723.69,2722.05,2722.47,372,7,0,372
2024-11-06 12:45:00,2722.38,2722.52,2720.65,2720.69,399,7,0,399
2024-11-06 12:48:00,2720.7,2720.97,2718.95,2719.32,400,7,0,400
2024-11-06 12:51:00,2719.22,2720.79,2718.74,2720.37,439,7,0,439
2024-11-06 12:54:00,2720.4,2720.9,2719.77,2719.85,283,7,0,283
2024-11-06 12:57:00,2719.85,2720.36,2719.36,2720.23,302,7,0,302
2024-11-06 13:00:00,2720.24,2722.15,2720.02,2721.83,404,7,0,404
2024-11-06 13:03:00,2721.83,2722.58,2721.45,2722.46,348,7,0,348
2024-11-06 13:06:00,2722.47,2722.74,2720.94,2721.11,404,7,0,404
2024-11-06 13:09:00,2721.07,2722.19,2721.04,2721.07,239,7,0,239
2024-11-06 13:12:00,2721.07,2721.28,2720.31,2721.08,357,7,0,357
2024-11-06 13:15:00,2720.98,2721.33,2718.9,2719.28,550,7,0,550
2024-11-06 13:18:00,2719.29,2720.03,2718.8,2719.32,352,7,0,352
2024-11-06 13:21:00,2719.34,2719.65,2712.93,2713.73,725,7,0,725
2024-11-06 13:24:00,2713.83,2715.59,2713.78,2714.05,567,7,0,567
2024-11-06 13:27:00,2714.04,2714.37,2711.1,2711.13,555,7,0,555
2024-11-06 13:30:00,2711.14,2712.29,2709.52,2709.88,667,7,0,667
2024-11-06 13:33:00,2709.89,2712.74,2709.88,2711.22,634,7,0,634
2024-11-06 13:36:00,2711.26,2711.8,2704.51,2706.67,816,7,0,816
2024-11-06 13:39:00,2706.66,2709.11,2705.13,2705.4,873,7,0,873
2024-11-06 13:42:00,2705.4,2709.64,2705.38,2707.07,705,7,0,705
2024-11-06 13:45:00,2707.06,2708.07,2705.36,2705.65,746,7,0,746
2024-11-06 13:48:00,2705.6,2706.56,2702.97,2705.73,802,7,0,802
2024-11-06 13:51:00,2705.75,2706.84,2701.93,2702.91,653,7,0,653
2024-11-06 13:54:00,2702.87,2702.87,2697.2,2700.62,918,7,0,918
2024-11-06 13:57:00,2700.65,2700.87,2696.1,2699.34,967,7,0,967
2024-11-06 14:00:00,2699.22,2704.05,2698.49,2703.97,875,7,0,875
2024-11-06 14:03:00,2703.97,2706.57,2703.96,2705.74,643,7,0,643
2024-11-06 14:06:00,2705.73,2705.73,2702.37,2705.56,648,7,0,648
2024-11-06 14:09:00,2705.59,2706.22,2704.07,2705.84,602,7,0,602
2024-11-06 14:12:00,2705.87,2707.7,2704.99,2707.33,559,7,0,559
2024-11-06 14:15:00,2707.33,2707.75,2705.52,2706.94,639,7,0,639
2024-11-06 14:18:00,2706.93,2708.02,2706.01,2706.18,536,7,0,536
2024-11-06 14:21:00,2706.19,2706.19,2702.24,2702.29,706,7,0,706
2024-11-06 14:24:00,2702.26,2702.82,2698.65,2700.5,804,7,0,804
2024-11-06 14:27:00,2700.49,2702.59,2699.99,2700.37,755,7,0,755
2024-11-06 14:30:00,2700.39,2700.59,2696.7,2696.79,757,7,0,757
2024-11-06 14:33:00,2696.77,2697.45,2693.41,2697.45,944,7,0,944
2024-11-06 14:36:00,2697.44,2700.92,2696.28,2700.86,814,7,0,814
2024-11-06 14:39:00,2700.88,2703.23,2700.65,2701.42,818,7,0,818
2024-11-06 14:42:00,2701.43,2702.3,2699.1,2700.63,783,7,0,783
2024-11-06 14:45:00,2700.63,2701.04,2698.35,2698.35,725,7,0,725
2024-11-06 14:48:00,2698.37,2698.96,2696.74,2698.96,558,7,0,558
2024-11-06 14:51:00,2698.95,2699.46,2697.09,2697.57,564,7,0,564
2024-11-06 14:54:00,2697.56,2700.13,2697.37,2698.79,531,7,0,531
2024-11-06 14:57:00,2698.78,2699.45,2695.14,2695.16,598,7,0,598
2024-11-06 15:00:00,2695.16,2695.16,2686.92,2688.04,1298,7,0,1298
2024-11-06 15:03:00,2688.14,2688.71,2684.98,2685.66,1351,7,0,1351
2024-11-06 15:06:00,2685.74,2687.16,2684.03,2684.3,1304,7,0,1304
2024-11-06 15:09:00,2684.28,2689.53,2682.59,2689.34,1136,7,0,1136
2024-11-06 15:12:00,2689.37,2689.5,2681.37,2682.37,1183,7,0,1183
2024-11-06 15:15:00,2682.39,2682.84,2678.86,2680.16,1139,7,0,1139
2024-11-06 15:18:00,2680.26,2682.01,2677.89,2679.36,1163,7,0,1163
2024-11-06 15:21:00,2679.31,2683.51,2678.8,2683.44,1063,7,0,1063
2024-11-06 15:24:00,2683.45,2683.45,2677.06,2677.11,1058,7,0,1058
2024-11-06 15:27:00,2677.1,2678.29,2675.85,2676.34,1040,7,0,1040
2024-11-06 15:30:00,2676.36,2676.53,2669.41,2671.79,1098,7,0,1098
2024-11-06 15:33:00,2671.78,2671.78,2663.98,2667.7,1310,7,0,1310
2024-11-06 15:36:00,2667.73,2668.53,2659.12,2660.21,1258,7,0,1258
2024-11-06 15:39:00,2660.14,2667.05,2659.49,2665.97,1302,7,0,1302
2024-11-06 15:42:00,2665.78,2665.83,2660.26,2660.91,1197,7,0,1197
2024-11-06 15:45:00,2660.91,2665.94,2660.43,2665.17,1075,7,0,1075
2024-11-06 15:48:00,2665.25,2666.15,2662.02,2663.06,1053,7,0,1053
2024-11-06 15:51:00,2663.09,2667.4,2661.8,2666.52,1161,7,0,1161
2024-11-06 15:54:00,2666.47,2666.99,2664.06,2665.52,1060,7,0,1060
2024-11-06 15:57:00,2665.51,2665.51,2662.78,2664.21,926,7,0,926
2024-11-06 16:00:00,2664.07,2665.12,2661.76,2663.05,990,7,0,990
2024-11-06 16:03:00,2663.04,2663.26,2657.07,2661.19,1066,7,0,1066
2024-11-06 16:06:00,2661.17,2663.38,2659.81,2662.96,1159,7,0,1159
2024-11-06 16:09:00,2662.9,2667.74,2662.45,2667.18,1022,7,0,1022
2024-11-06 16:12:00,2667.19,2670.35,2666.95,2669.6,1018,7,0,1018
2024-11-06 16:15:00,2669.65,2670.41,2667.82,2669.55,967,7,0,967
2024-11-06 16:18:00,2669.56,2669.56,2663.92,2664.13,950,7,0,950
2024-11-06 16:21:00,2664.15,2665.06,2662.96,2663.49,813,7,0,813
2024-11-06 16:24:00,2663.48,2664.42,2659.63,2659.72,802,7,0,802
2024-11-06 16:27:00,2659.73,2661.41,2659.6,2659.61,785,7,0,785
2024-11-06 16:30:00,2659.51,2659.51,2655.88,2657.18,851,7,0,851
2024-11-06 16:33:00,2657.46,2657.46,2652.43,2652.64,907,7,0,907
2024-11-06 16:36:00,2652.63,2660.03,2652.55,2658.22,1056,7,0,1056
2024-11-06 16:39:00,2658.14,2659.47,2655.88,2658.62,991,7,0,991
2024-11-06 16:42:00,2658.61,2659.51,2657.78,2659.16,950,7,0,950
2024-11-06 16:45:00,2659.18,2662.35,2657.86,2658.03,983,7,0,983
2024-11-06 16:48:00,2658.08,2658.31,2654.25,2654.29,942,7,0,942
2024-11-06 16:51:00,2654.27,2654.77,2652.54,2653.19,1082,7,0,1082
2024-11-06 16:54:00,2653.33,2658.29,2652.75,2658.03,1057,7,0,1057
2024-11-06 16:57:00,2658.07,2661.12,2656.42,2659.81,1007,7,0,1007
2024-11-06 17:00:00,2659.82,2663.53,2659.38,2660.69,888,7,0,888
2024-11-06 17:03:00,2660.68,2660.75,2658.04,2658.78,851,7,0,851
2024-11-06 17:06:00,2658.83,2664.58,2657.53,2664.24,819,7,0,819
2024-11-06 17:09:00,2664.18,2665.11,2662.51,2664.52,835,7,0,835
2024-11-06 17:12:00,2664.71,2665.84,2663.28,2664.97,980,7,0,980
2024-11-06 17:15:00,2665.01,2665.71,2662.19,2663.28,930,7,0,930
2024-11-06 17:18:00,2663.23,2665.66,2661.82,2665.55,959,7,0,959
2024-11-06 17:21:00,2665.61,2668.42,2665.33,2666.06,1012,7,0,1012
2024-11-06 17:24:00,2666.07,2667.26,2664.8,2666.29,889,7,0,889
2024-11-06 17:27:00,2666.28,2668.67,2665.68,2668.32,894,7,0,894
2024-11-06 17:30:00,2668.25,2671.08,2666.93,2670.92,825,7,0,825
2024-11-06 17:33:00,2670.91,2674.01,2668.61,2674.0,904,7,0,904
2024-11-06 17:36:00,2674.07,2674.09,2672.0,2672.82,926,7,0,926
2024-11-06 17:39:00,2672.83,2673.9,2672.18,2673.11,1007,7,0,1007
2024-11-06 17:42:00,2673.18,2673.31,2670.35,2671.12,859,7,0,859
2024-11-06 17:45:00,2671.13,2673.69,2671.06,2673.51,858,7,0,858
2024-11-06 17:48:00,2673.52,2673.52,2671.25,2673.17,761,7,0,761
2024-11-06 17:51:00,2673.15,2675.53,2672.49,2673.3,815,7,0,815
2024-11-06 17:54:00,2673.99,2675.17,2673.17,2675.08,675,7,0,675
2024-11-06 17:57:00,2675.07,2675.89,2674.48,2675.78,708,7,0,708
2024-11-06 18:00:00,2675.8,2677.48,2675.8,2676.92,795,7,0,795
2024-11-06 18:03:00,2676.91,2678.22,2672.22,2672.42,848,7,0,848
2024-11-06 18:06:00,2672.41,2673.17,2670.37,2670.9,826,7,0,826
2024-11-06 18:09:00,2670.91,2671.96,2670.2,2670.68,760,7,0,760
2024-11-06 18:12:00,2670.69,2670.84,2667.58,2668.76,762,7,0,762
2024-11-06 18:15:00,2668.75,2668.75,2665.37,2665.39,785,7,0,785
2024-11-06 18:18:00,2665.42,2666.91,2662.9,2663.23,856,7,0,856
2024-11-06 18:21:00,2663.22,2664.62,2662.94,2664.58,843,7,0,843
2024-11-06 18:24:00,2664.47,2668.87,2664.22,2667.85,939,7,0,939
2024-11-06 18:27:00,2667.87,2668.65,2667.01,2668.04,827,7,0,827
2024-11-06 18:30:00,2668.08,2668.79,2666.51,2668.42,764,7,0,764
2024-11-06 18:33:00,2668.4,2670.47,2668.4,2669.69,552,7,0,552
2024-11-06 18:36:00,2669.7,2669.82,2668.19,2668.89,494,7,0,494
2024-11-06 18:39:00,2668.86,2669.82,2666.1,2666.13,556,7,0,556
2024-11-06 18:42:00,2666.14,2666.5,2665.3,2665.76,495,7,0,495
2024-11-06 18:45:00,2665.77,2667.19,2665.52,2666.16,469,7,0,469
2024-11-06 18:48:00,2666.18,2668.19,2665.62,2666.86,514,7,0,514
2024-11-06 18:51:00,2666.88,2667.71,2666.24,2667.45,531,7,0,531
2024-11-06 18:54:00,2667.46,2667.86,2665.65,2665.91,504,7,0,504
2024-11-06 18:57:00,2665.9,2666.41,2665.72,2666.19,534,7,0,534
2024-11-06 19:00:00,2666.21,2666.84,2664.54,2666.53,537,7,0,537
2024-11-06 19:03:00,2666.52,2668.38,2666.22,2667.17,607,7,0,607
2024-11-06 19:06:00,2667.18,2668.25,2666.53,2667.65,475,7,0,475
2024-11-06 19:09:00,2667.62,2669.16,2667.16,2668.6,468,7,0,468
2024-11-06 19:12:00,2668.63,2668.8,2667.54,2668.54,399,3,0,399
2024-11-06 19:15:00,2668.59,2669.31,2667.16,2667.16,447,3,0,447
2024-11-06 19:18:00,2667.16,2668.12,2666.36,2667.93,469,3,0,469
2024-11-06 19:21:00,2667.94,2669.02,2667.83,2668.74,320,3,0,320
2024-11-06 19:24:00,2668.78,2669.12,2667.52,2667.52,418,3,0,418
2024-11-06 19:27:00,2667.53,2667.68,2666.68,2666.87,491,3,0,491
2024-11-06 19:30:00,2666.87,2666.87,2665.28,2666.18,389,3,0,389
2024-11-06 19:33:00,2666.2,2667.76,2665.75,2666.29,414,3,0,414
2024-11-06 19:36:00,2666.25,2667.02,2665.82,2665.82,317,3,0,317
2024-11-06 19:39:00,2665.79,2666.48,2665.47,2665.52,311,3,0,311
2024-11-06 19:42:00,2665.57,2665.8,2664.18,2664.64,352,3,0,352
2024-11-06 19:45:00,2664.67,2665.06,2663.24,2663.95,377,3,0,377
2024-11-06 19:48:00,2663.84,2664.65,2662.45,2662.68,509,3,0,509
2024-11-06 19:51:00,2662.53,2662.83,2661.65,2662.71,365,3,0,365
2024-11-06 19:54:00,2662.76,2662.92,2662.05,2662.15,330,3,0,330
2024-11-06 19:57:00,2662.14,2663.52,2662.14,2663.34,338,3,0,338
2024-11-06 20:00:00,2663.34,2667.53,2662.89,2667.48,542,3,0,542
2024-11-06 20:03:00,2667.33,2667.35,2665.25,2665.46,666,3,0,666
2024-11-06 20:06:00,2665.48,2665.91,2663.47,2663.49,555,3,0,555
2024-11-06 20:09:00,2663.49,2665.02,2663.03,2665.01,512,3,0,512
2024-11-06 20:12:00,2665.03,2667.16,2664.71,2666.61,427,3,0,427
2024-11-06 20:15:00,2666.62,2667.78,2665.95,2667.37,400,3,0,400
2024-11-06 20:18:00,2667.37,2668.33,2667.37,2668.08,424,3,0,424
2024-11-06 20:21:00,2668.09,2669.55,2668.05,2668.16,537,3,0,537
2024-11-06 20:24:00,2668.18,2668.84,2667.21,2667.98,513,3,0,513
2024-11-06 20:27:00,2667.98,2668.98,2667.18,2668.13,515,3,0,515
2024-11-06 20:30:00,2668.11,2668.34,2666.91,2667.74,388,3,0,388
2024-11-06 20:33:00,2667.75,2667.82,2665.81,2665.94,358,3,0,358
2024-11-06 20:36:00,2665.92,2665.93,2664.26,2664.45,341,3,0,341
2024-11-06 20:39:00,2664.4,2665.17,2664.21,2665.01,349,3,0,349
2024-11-06 20:42:00,2665.0,2667.15,2664.97,2667.13,340,3,0,340
2024-11-06 20:45:00,2667.12,2667.12,2665.75,2665.75,275,3,0,275
2024-11-06 20:48:00,2665.75,2666.63,2665.75,2666.43,267,3,0,267
2024-11-06 20:51:00,2666.42,2667.11,2664.9,2665.1,341,3,0,341
2024-11-06 20:54:00,2665.08,2666.44,2665.08,2666.27,343,3,0,343
2024-11-06 20:57:00,2666.29,2666.61,2665.55,2665.67,337,3,0,337
2024-11-06 21:00:00,2665.7,2666.86,2665.57,2666.63,289,3,0,289
2024-11-06 21:03:00,2666.65,2668.54,2666.35,2667.97,406,3,0,406
2024-11-06 21:06:00,2667.96,2668.29,2666.95,2667.27,389,3,0,389
2024-11-06 21:09:00,2667.25,2667.35,2665.05,2665.69,437,3,0,437
2024-11-06 21:12:00,2665.71,2666.83,2665.04,2666.55,324,3,0,324
2024-11-06 21:15:00,2666.59,2667.34,2666.0,2667.23,301,3,0,301
2024-11-06 21:18:00,2667.15,2667.47,2666.45,2667.18,284,3,0,284
2024-11-06 21:21:00,2667.22,2667.32,2666.02,2666.85,315,3,0,315
2024-11-06 21:24:00,2666.87,2668.25,2666.8,2668.2,228,3,0,228
2024-11-06 21:27:00,2668.16,2668.29,2667.41,2667.42,201,3,0,201
2024-11-06 21:30:00,2667.42,2668.06,2667.32,2668.02,137,3,0,137
2024-11-06 21:33:00,2668.03,2668.03,2667.21,2667.22,214,3,0,214
2024-11-06 21:36:00,2667.22,2668.23,2666.82,2666.92,279,3,0,279
2024-11-06 21:39:00,2666.92,2667.57,2666.05,2667.43,296,3,0,296
2024-11-06 21:42:00,2667.44,2667.49,2665.69,2666.1,309,3,0,309
2024-11-06 21:45:00,2666.15,2666.84,2666.08,2666.75,254,3,0,254
2024-11-06 21:48:00,2666.76,2667.04,2666.35,2666.74,250,3,0,250
2024-11-06 21:51:00,2666.76,2667.52,2666.65,2666.95,281,3,0,281
2024-11-06 21:54:00,2666.95,2667.54,2666.8,2667.29,364,3,0,364
2024-11-06 21:57:00,2667.31,2667.54,2666.93,2667.15,323,3,0,323
2024-11-06 22:00:00,2667.13,2667.78,2666.83,2667.15,311,3,0,311
2024-11-06 22:03:00,2667.16,2667.52,2665.81,2666.1,332,3,0,332
2024-11-06 22:06:00,2666.1,2666.53,2665.39,2665.39,255,3,0,255
2024-11-06 22:09:00,2665.47,2665.76,2664.69,2665.09,230,3,0,230
2024-11-06 22:12:00,2665.14,2665.58,2664.52,2664.83,267,3,0,267
2024-11-06 22:15:00,2664.82,2664.96,2663.93,2663.93,247,3,0,247
2024-11-06 22:18:00,2663.94,2664.16,2662.9,2662.96,217,3,0,217
2024-11-06 22:21:00,2662.98,2663.95,2662.91,2663.14,346,3,0,346
2024-11-06 22:24:00,2663.12,2663.42,2662.82,2663.29,240,3,0,240
2024-11-06 22:27:00,2663.35,2663.52,2662.53,2662.65,241,3,0,241
2024-11-06 22:30:00,2662.65,2663.06,2661.37,2661.99,292,3,0,292
2024-11-06 22:33:00,2662.0,2662.19,2661.34,2661.48,256,3,0,256
2024-11-06 22:36:00,2661.48,2661.75,2660.95,2661.08,278,3,0,278
2024-11-06 22:39:00,2661.08,2661.25,2660.75,2660.81,209,3,0,209
2024-11-06 22:42:00,2660.76,2660.81,2659.82,2660.02,274,3,0,274
2024-11-06 22:45:00,2660.02,2660.41,2659.42,2659.53,319,3,0,319
2024-11-06 22:48:00,2659.55,2660.7,2659.53,2660.39,264,3,0,264
2024-11-06 22:51:00,2660.33,2661.53,2660.2,2661.13,395,3,0,395
2024-11-06 22:54:00,2661.14,2661.53,2659.51,2659.51,307,3,0,307
2024-11-06 22:57:00,2659.5,2661.19,2659.43,2660.72,388,3,0,388
2024-11-06 23:00:00,2660.73,2661.95,2660.51,2661.95,188,3,0,188
2024-11-06 23:03:00,2661.96,2662.24,2661.0,2661.58,133,3,0,133
2024-11-06 23:06:00,2661.57,2662.28,2661.41,2662.18,72,3,0,72
2024-11-06 23:09:00,2662.18,2662.29,2661.89,2662.01,75,3,0,75
2024-11-06 23:12:00,2662.05,2662.38,2661.98,2662.12,69,3,0,69
2024-11-06 23:15:00,2662.13,2662.49,2660.87,2660.99,82,3,0,82
2024-11-06 23:18:00,2660.93,2661.16,2660.66,2660.78,45,3,0,45
2024-11-06 23:21:00,2660.78,2660.78,2659.59,2659.69,85,3,0,85
2024-11-06 23:24:00,2659.72,2660.19,2659.25,2660.18,98,3,0,98
2024-11-06 23:27:00,2660.2,2660.8,2660.13,2660.69,56,3,0,56
2024-11-06 23:30:00,2660.73,2661.08,2660.69,2660.7,64,3,0,64
2024-11-06 23:33:00,2660.69,2660.9,2660.24,2660.32,51,3,0,51
2024-11-06 23:36:00,2660.38,2660.63,2659.55,2659.64,98,3,0,98
2024-11-06 23:39:00,2659.66,2660.04,2659.66,2659.75,99,3,0,99
2024-11-06 23:42:00,2659.72,2659.72,2659.32,2659.71,82,3,0,82
2024-11-06 23:45:00,2659.68,2659.7,2659.32,2659.42,53,3,0,53
2024-11-06 23:48:00,2659.43,2659.64,2659.22,2659.64,80,3,0,80
2024-11-06 23:51:00,2659.65,2659.73,2659.43,2659.44,54,3,0,54
2024-11-06 23:54:00,2659.44,2659.55,2659.33,2659.33,42,3,0,42
2024-11-06 23:57:00,2659.34,2659.42,2658.97,2659.01,53,3,0,53
2024-11-07 01:00:00,2658.02,2660.77,2657.86,2660.52,171,26,0,171
2024-11-07 01:03:00,2660.58,2662.24,2660.49,2662.08,164,3,0,164
2024-11-07 01:06:00,2662.07,2663.13,2662.07,2662.86,115,3,0,115
2024-11-07 01:09:00,2662.86,2664.31,2662.86,2664.27,113,3,0,113
2024-11-07 01:12:00,2664.25,2664.33,2663.11,2663.64,109,3,0,109
2024-11-07 01:15:00,2663.64,2664.27,2663.62,2663.83,137,3,0,137
2024-11-07 01:18:00,2663.82,2664.28,2663.62,2664.28,138,3,0,138
2024-11-07 01:21:00,2664.27,2664.27,2663.26,2663.43,97,3,0,97
2024-11-07 01:24:00,2663.43,2663.73,2662.27,2662.27,117,3,0,117
2024-11-07 01:27:00,2662.3,2663.0,2662.27,2662.76,103,4,0,103
2024-11-07 01:30:00,2662.76,2662.76,2661.76,2661.78,86,3,0,86
2024-11-07 01:33:00,2661.77,2662.23,2661.26,2661.42,95,3,0,95
2024-11-07 01:36:00,2661.41,2662.49,2661.39,2662.48,105,3,0,105
2024-11-07 01:39:00,2662.48,2663.31,2662.39,2662.94,122,3,0,122
2024-11-07 01:42:00,2662.95,2663.43,2662.93,2663.29,72,3,0,72
2024-11-07 01:45:00,2663.29,2663.88,2663.12,2663.72,139,3,0,139
2024-11-07 01:48:00,2663.72,2664.01,2663.56,2663.92,152,3,0,152
2024-11-07 01:51:00,2663.91,2663.92,2662.63,2662.73,221,3,0,221
2024-11-07 01:54:00,2662.74,2663.52,2662.46,2663.43,113,3,0,113
2024-11-07 01:57:00,2663.42,2664.28,2663.41,2664.04,177,3,0,177
2024-11-07 02:00:00,2664.04,2664.13,2663.06,2663.14,240,3,0,240
2024-11-07 02:03:00,2663.14,2663.99,2663.13,2663.81,184,3,0,184
2024-11-07 02:06:00,2663.81,2663.96,2662.12,2662.58,247,3,0,247
2024-11-07 02:09:00,2662.65,2663.08,2661.85,2663.08,208,3,0,208
2024-11-07 02:12:00,2663.09,2663.16,2662.12,2662.58,243,3,0,243
2024-11-07 02:15:00,2662.59,2663.37,2662.49,2663.16,148,3,0,148
2024-11-07 02:18:00,2663.19,2663.19,2662.35,2662.57,66,3,0,66
2024-11-07 02:21:00,2662.57,2662.57,2661.01,2661.41,189,3,0,189
2024-11-07 02:24:00,2661.37,2662.3,2661.01,2662.3,172,3,0,172
2024-11-07 02:27:00,2662.3,2663.11,2662.2,2663.01,137,3,0,137
2024-11-07 02:30:00,2663.03,2664.3,2663.01,2663.59,170,3,0,170
2024-11-07 02:33:00,2663.61,2663.79,2662.75,2663.22,172,3,0,172
2024-11-07 02:36:00,2663.18,2663.61,2662.75,2663.07,152,3,0,152
2024-11-07 02:39:00,2663.07,2663.77,2662.91,2663.17,79,3,0,79
2024-11-07 02:42:00,2663.16,2663.45,2661.96,2661.96,135,3,0,135
2024-11-07 02:45:00,2661.99,2662.95,2661.98,2662.92,152,3,0,152
2024-11-07 02:48:00,2662.94,2663.44,2661.84,2661.84,231,3,0,231
2024-11-07 02:51:00,2661.7,2663.16,2661.55,2662.83,225,3,0,225
2024-11-07 02:54:00,2662.77,2662.97,2661.52,2661.75,212,3,0,212
2024-11-07 02:57:00,2661.77,2661.87,2661.05,2661.58,197,3,0,197
2024-11-07 03:00:00,2661.47,2662.71,2660.68,2662.66,769,3,0,769
2024-11-07 03:03:00,2662.65,2664.06,2662.46,2663.22,558,3,0,558
2024-11-07 03:06:00,2663.2,2663.5,2660.96,2661.36,551,3,0,551
2024-11-07 03:09:00,2661.35,2662.26,2658.88,2659.63,706,3,0,706
2024-11-07 03:12:00,2659.67,2659.67,2656.18,2658.23,817,3,0,817
2024-11-07 03:15:00,2658.21,2658.59,2653.68,2654.55,944,3,0,944
2024-11-07 03:18:00,2654.55,2654.81,2643.21,2646.35,918,3,0,918
2024-11-07 03:21:00,2646.44,2649.54,2646.33,2648.02,1024,3,0,1024
2024-11-07 03:24:00,2648.02,2652.15,2647.85,2650.39,857,3,0,857
2024-11-07 03:27:00,2650.37,2651.02,2648.83,2650.72,782,3,0,782
2024-11-07 03:30:00,2650.74,2651.03,2648.58,2649.56,812,3,0,812
2024-11-07 03:33:00,2649.57,2649.74,2646.06,2647.35,817,3,0,817
2024-11-07 03:36:00,2647.36,2650.0,2646.44,2649.85,684,3,0,684
2024-11-07 03:39:00,2649.86,2649.91,2647.19,2647.26,706,3,0,706
2024-11-07 03:42:00,2647.3,2648.65,2647.18,2648.3,852,3,0,852
2024-11-07 03:45:00,2648.31,2650.89,2648.31,2650.54,773,3,0,773
2024-11-07 03:48:00,2650.54,2651.24,2648.9,2650.03,799,3,0,799
2024-11-07 03:51:00,2650.05,2650.18,2648.4,2648.61,563,3,0,563
2024-11-07 03:54:00,2648.61,2650.55,2648.61,2650.13,521,3,0,521
2024-11-07 03:57:00,2650.1,2650.34,2648.86,2649.48,512,3,0,512
2024-11-07 04:00:00,2649.48,2653.22,2649.48,2652.84,703,3,0,703
2024-11-07 04:03:00,2652.85,2655.28,2652.75,2655.06,559,3,0,559
2024-11-07 04:06:00,2655.11,2656.46,2655.05,2655.06,604,3,0,604
2024-11-07 04:09:00,2655.04,2656.63,2654.63,2655.41,606,3,0,606
2024-11-07 04:12:00,2655.44,2656.26,2654.69,2654.96,441,3,0,441
2024-11-07 04:15:00,2654.97,2657.22,2654.96,2657.2,463,3,0,463
2024-11-07 04:18:00,2657.22,2657.28,2656.49,2656.68,287,3,0,287
2024-11-07 04:21:00,2656.67,2656.7,2653.94,2653.94,339,3,0,339
2024-11-07 04:24:00,2653.93,2655.77,2653.63,2655.39,550,3,0,550
2024-11-07 04:27:00,2655.39,2655.39,2653.68,2653.78,367,3,0,367
2024-11-07 04:30:00,2653.78,2654.86,2651.22,2652.33,681,3,0,681
2024-11-07 04:33:00,2652.34,2653.36,2651.26,2653.36,529,3,0,529
2024-11-07 04:36:00,2653.37,2653.82,2652.77,2653.53,329,3,0,329
2024-11-07 04:39:00,2653.55,2655.96,2653.03,2653.79,517,3,0,517
2024-11-07 04:42:00,2653.85,2655.44,2653.49,2655.14,607,3,0,607
2024-11-07 04:45:00,2655.14,2656.23,2655.04,2655.15,619,3,0,619
2024-11-07 04:48:00,2655.14,2655.14,2653.87,2654.26,406,3,0,406
2024-11-07 04:51:00,2654.25,2656.23,2654.17,2656.17,499,3,0,499
2024-11-07 04:54:00,2656.17,2657.02,2655.94,2656.76,646,3,0,646
2024-11-07 04:57:00,2656.77,2657.59,2656.67,2657.43,611,3,0,611
2024-11-07 05:00:00,2657.45,2658.48,2657.35,2658.29,493,3,0,493
2024-11-07 05:03:00,2658.46,2659.48,2657.48,2657.71,334,3,0,334
2024-11-07 05:06:00,2657.7,2657.74,2656.61,2656.89,475,3,0,475
2024-11-07 05:09:00,2656.9,2657.1,2656.28,2656.9,391,3,0,391
2024-11-07 05:12:00,2656.92,2657.22,2655.68,2656.49,416,3,0,416
2024-11-07 05:15:00,2656.49,2657.08,2656.33,2656.79,344,3,0,344
2024-11-07 05:18:00,2656.78,2657.29,2655.92,2656.72,430,3,0,430
2024-11-07 05:21:00,2656.72,2658.13,2656.72,2656.99,330,3,0,330
2024-11-07 05:24:00,2657.01,2658.12,2656.43,2656.43,361,3,0,361
2024-11-07 05:27:00,2656.43,2656.83,2655.83,2656.5,311,3,0,311
2024-11-07 05:30:00,2656.48,2659.48,2656.48,2659.47,247,3,0,247
2024-11-07 05:33:00,2659.52,2660.28,2658.39,2659.54,364,3,0,364
2024-11-07 05:36:00,2659.55,2659.64,2658.6,2659.64,241,3,0,241
2024-11-07 05:39:00,2659.65,2660.51,2659.17,2660.12,267,3,0,267
2024-11-07 05:42:00,2660.12,2660.74,2659.19,2659.51,439,3,0,439
2024-11-07 05:45:00,2659.49,2660.12,2659.29,2659.63,101,3,0,101
2024-11-07 05:48:00,2659.59,2660.14,2658.91,2659.44,234,3,0,234
2024-11-07 05:51:00,2659.42,2659.68,2659.16,2659.67,121,3,0,121
2024-11-07 05:54:00,2659.67,2661.08,2659.46,2660.96,219,3,0,219
2024-11-07 05:57:00,2660.95,2661.27,2659.25,2659.26,217,3,0,217
2024-11-07 06:00:00,2659.26,2659.36,2658.38,2658.64,232,3,0,232
2024-11-07 06:03:00,2658.6,2659.66,2657.4,2657.52,368,3,0,368
2024-11-07 06:06:00,2657.51,2658.28,2656.54,2657.41,316,3,0,316
2024-11-07 06:09:00,2657.42,2658.14,2657.34,2657.97,139,3,0,139
2024-11-07 06:12:00,2657.96,2658.78,2657.72,2658.48,209,3,0,209
2024-11-07 06:15:00,2658.49,2658.54,2658.09,2658.3,154,3,0,154
2024-11-07 06:18:00,2658.41,2658.76,2657.85,2658.16,220,3,0,220
2024-11-07 06:21:00,2658.0,2658.3,2657.48,2657.78,190,3,0,190
2024-11-07 06:24:00,2657.81,2658.04,2657.51,2657.89,172,3,0,172
2024-11-07 06:27:00,2657.89,2657.89,2656.97,2657.64,227,3,0,227
2024-11-07 06:30:00,2657.65,2657.77,2656.97,2657.28,210,3,0,210
2024-11-07 06:33:00,2657.29,2657.81,2656.9,2657.77,177,3,0,177
2024-11-07 06:36:00,2657.78,2658.35,2657.68,2657.84,203,3,0,203
2024-11-07 06:39:00,2657.83,2657.86,2656.82,2656.94,144,3,0,144
2024-11-07 06:42:00,2656.92,2656.98,2655.35,2655.81,233,3,0,233
2024-11-07 06:45:00,2655.83,2656.13,2654.34,2654.7,372,3,0,372
2024-11-07 06:48:00,2654.71,2655.92,2654.61,2655.7,235,3,0,235
2024-11-07 06:51:00,2655.69,2656.1,2655.19,2655.54,185,3,0,185
2024-11-07 06:54:00,2655.52,2655.68,2654.6,2654.6,152,3,0,152
2024-11-07 06:57:00,2654.6,2654.93,2654.17,2654.61,147,3,0,147
2024-11-07 07:00:00,2654.61,2657.37,2654.61,2657.27,268,3,0,268
2024-11-07 07:03:00,2657.25,2657.39,2656.13,2656.62,360,3,0,360
2024-11-07 07:06:00,2656.64,2658.6,2656.35,2658.59,274,3,0,274
2024-11-07 07:09:00,2658.57,2659.2,2658.1,2658.89,297,3,0,297
2024-11-07 07:12:00,2658.93,2659.2,2658.59,2658.78,119,3,0,119
2024-11-07 07:15:00,2658.72,2659.69,2658.52,2658.79,159,3,0,159
2024-11-07 07:18:00,2658.78,2659.54,2658.68,2659.02,195,3,0,195
2024-11-07 07:21:00,2659.08,2659.11,2658.1,2658.63,182,3,0,182
2024-11-07 07:24:00,2658.61,2658.69,2657.72,2658.26,202,3,0,202
2024-11-07 07:27:00,2658.25,2658.61,2657.75,2657.89,204,3,0,204
2024-11-07 07:30:00,2658.01,2659.09,2657.71,2657.92,431,3,0,431
2024-11-07 07:33:00,2657.92,2658.21,2657.09,2657.95,425,3,0,425
2024-11-07 07:36:00,2658.01,2658.59,2657.66,2658.42,392,3,0,392
2024-11-07 07:39:00,2658.4,2658.63,2657.8,2658.22,366,3,0,366
2024-11-07 07:42:00,2658.23,2658.55,2657.41,2657.43,275,3,0,275
2024-11-07 07:45:00,2657.43,2658.13,2656.83,2657.83,384,3,0,384
2024-11-07 07:48:00,2657.83,2659.85,2657.6,2659.72,494,3,0,494
2024-11-07 07:51:00,2659.72,2660.34,2659.29,2659.83,434,3,0,434
2024-11-07 07:54:00,2659.84,2660.7,2659.52,2659.84,287,3,0,287
2024-11-07 07:57:00,2659.84,2659.97,2659.06,2659.24,267,3,0,267
2024-11-07 08:00:00,2659.25,2659.48,2658.26,2658.3,418,3,0,418
2024-11-07 08:03:00,2658.3,2658.64,2656.55,2656.55,555,3,0,555
2024-11-07 08:06:00,2656.55,2656.55,2655.06,2655.52,593,3,0,593
2024-11-07 08:09:00,2655.51,2655.51,2652.81,2653.68,574,3,0,574
2024-11-07 08:12:00,2653.68,2655.17,2653.67,2654.59,578,3,0,578
2024-11-07 08:15:00,2654.59,2656.66,2654.59,2656.57,596,3,0,596
2024-11-07 08:18:00,2656.58,2658.58,2656.33,2657.83,423,3,0,423
2024-11-07 08:21:00,2657.84,2658.39,2657.04,2658.38,389,3,0,389
2024-11-07 08:24:00,2658.41,2658.58,2655.8,2656.4,243,3,0,243
2024-11-07 08:27:00,2656.39,2656.46,2655.58,2656.21,318,3,0,318
2024-11-07 08:30:00,2656.22,2656.41,2655.19,2656.05,407,3,0,407
2024-11-07 08:33:00,2656.04,2657.05,2655.4,2656.92,392,3,0,392
2024-11-07 08:36:00,2656.93,2657.62,2656.43,2656.43,448,3,0,448
2024-11-07 08:39:00,2656.38,2656.5,2655.15,2655.69,418,3,0,418
2024-11-07 08:42:00,2655.7,2656.37,2655.44,2656.0,338,3,0,338
2024-11-07 08:45:00,2656.01,2656.69,2655.11,2656.25,339,3,0,339
2024-11-07 08:48:00,2656.25,2656.69,2655.4,2655.92,319,3,0,319
2024-11-07 08:51:00,2655.93,2656.7,2655.58,2656.64,212,3,0,212
2024-11-07 08:54:00,2656.68,2656.79,2656.0,2656.22,252,3,0,252
2024-11-07 08:57:00,2656.24,2657.31,2656.24,2657.12,236,3,0,236
2024-11-07 09:00:00,2657.11,2659.36,2656.16,2659.17,296,3,0,296
2024-11-07 09:03:00,2659.09,2659.21,2656.96,2657.15,247,3,0,247
2024-11-07 09:06:00,2657.3,2659.14,2657.25,2659.13,502,3,0,502
2024-11-07 09:09:00,2659.12,2661.08,2659.06,2659.88,605,3,0,605
2024-11-07 09:12:00,2659.84,2660.98,2659.41,2660.04,635,3,0,635
2024-11-07 09:15:00,2660.18,2663.09,2660.18,2662.86,489,3,0,489
2024-11-07 09:18:00,2662.93,2664.3,2661.72,2664.25,623,3,0,623
2024-11-07 09:21:00,2664.29,2665.39,2663.88,2664.67,554,3,0,554
2024-11-07 09:24:00,2664.68,2667.66,2664.37,2667.13,715,3,0,715
2024-11-07 09:27:00,2666.95,2667.34,2664.53,2664.83,757,3,0,757
2024-11-07 09:30:00,2664.84,2666.66,2664.32,2666.48,481,3,0,481
2024-11-07 09:33:00,2666.49,2667.31,2664.92,2665.02,461,3,0,461
2024-11-07 09:36:00,2665.02,2666.46,2664.82,2666.19,441,3,0,441
2024-11-07 09:39:00,2666.19,2666.19,2664.0,2664.1,393,3,0,393
2024-11-07 09:42:00,2664.1,2664.95,2663.81,2664.21,308,3,0,308
2024-11-07 09:45:00,2664.23,2664.49,2663.5,2664.18,310,3,0,310
2024-11-07 09:48:00,2664.25,2664.91,2663.92,2664.8,283,3,0,283
2024-11-07 09:51:00,2664.81,2665.12,2663.67,2664.08,239,3,0,239
2024-11-07 09:54:00,2664.05,2664.56,2662.98,2662.98,201,3,0,201
2024-11-07 09:57:00,2662.99,2664.06,2662.69,2663.32,290,3,0,290
2024-11-07 10:00:00,2663.35,2663.63,2662.58,2663.06,428,3,0,428
2024-11-07 10:03:00,2663.03,2663.6,2661.87,2662.79,398,3,0,398
2024-11-07 10:06:00,2662.78,2663.38,2661.87,2663.21,500,3,0,500
2024-11-07 10:09:00,2663.25,2664.18,2662.8,2663.91,389,3,0,389
2024-11-07 10:12:00,2663.92,2666.35,2662.24,2665.48,549,3,0,549
2024-11-07 10:15:00,2665.51,2665.77,2664.17,2665.34,496,3,0,496
2024-11-07 10:18:00,2665.34,2666.55,2665.14,2666.32,343,3,0,343
2024-11-07 10:21:00,2666.33,2666.74,2665.45,2665.65,326,3,0,326
2024-11-07 10:24:00,2665.64,2665.75,2663.65,2663.74,521,3,0,521
2024-11-07 10:27:00,2663.73,2664.2,2662.67,2662.96,397,3,0,397
2024-11-07 10:30:00,2662.96,2663.31,2661.62,2661.85,404,3,0,404
2024-11-07 10:33:00,2661.83,2663.12,2661.37,2661.37,460,3,0,460
2024-11-07 10:36:00,2661.38,2662.12,2661.0,2661.2,419,3,0,419
2024-11-07 10:39:00,2661.23,2661.81,2660.78,2661.18,380,3,0,380
2024-11-07 10:42:00,2661.19,2662.05,2660.56,2661.19,304,3,0,304
2024-11-07 10:45:00,2661.24,2661.48,2658.86,2658.94,348,3,0,348
2024-11-07 10:48:00,2659.02,2659.79,2658.77,2658.99,367,3,0,367
2024-11-07 10:51:00,2658.99,2659.54,2658.78,2659.01,242,3,0,242
2024-11-07 10:54:00,2659.03,2659.11,2657.87,2658.94,346,3,0,346
2024-11-07 10:57:00,2658.93,2659.13,2657.45,2657.67,366,3,0,366
2024-11-07 11:00:00,2657.59,2659.77,2657.51,2659.31,455,3,0,455
2024-11-07 11:03:00,2659.37,2662.21,2659.23,2662.17,475,3,0,475
2024-11-07 11:06:00,2662.16,2663.16,2661.92,2662.78,420,3,0,420
2024-11-07 11:09:00,2662.8,2662.8,2660.28,2660.79,353,3,0,353
2024-11-07 11:12:00,2660.84,2661.43,2659.66,2659.96,332,3,0,332
2024-11-07 11:15:00,2659.97,2660.61,2659.2,2660.18,320,3,0,320
2024-11-07 11:18:00,2660.24,2662.49,2660.15,2662.45,286,3,0,286
2024-11-07 11:21:00,2662.44,2663.24,2661.6,2663.01,244,3,0,244
2024-11-07 11:24:00,2663.0,2665.32,2663.0,2665.28,203,3,0,203
2024-11-07 11:27:00,2665.32,2666.12,2664.37,2664.65,257,3,0,257
2024-11-07 11:30:00,2664.62,2665.28,2664.23,2664.36,224,3,0,224
2024-11-07 11:33:00,2664.36,2664.94,2662.86,2663.75,261,3,0,261
2024-11-07 11:36:00,2663.57,2663.86,2662.47,2662.84,289,3,0,289
2024-11-07 11:39:00,2662.86,2664.32,2662.49,2664.04,250,3,0,250
2024-11-07 11:42:00,2663.98,2664.01,2663.45,2663.81,283,3,0,283
2024-11-07 11:45:00,2663.8,2663.92,2662.78,2663.07,334,3,0,334
2024-11-07 11:48:00,2663.06,2663.17,2662.52,2662.54,321,3,0,321
2024-11-07 11:51:00,2662.52,2663.3,2661.58,2663.27,374,3,0,374
2024-11-07 11:54:00,2663.29,2664.42,2662.64,2664.2,365,3,0,365
2024-11-07 11:57:00,2664.19,2664.54,2661.57,2661.7,320,3,0,320
2024-11-07 12:00:00,2661.7,2661.83,2660.07,2660.26,259,3,0,259
2024-11-07 12:03:00,2660.28,2661.1,2659.87,2660.54,391,3,0,391
2024-11-07 12:06:00,2660.5,2663.23,2660.06,2663.23,496,3,0,496
2024-11-07 12:09:00,2663.24,2664.19,2662.92,2663.95,505,3,0,505
2024-11-07 12:12:00,2663.97,2665.33,2663.88,2665.07,281,3,0,281
2024-11-07 12:15:00,2665.09,2665.54,2664.59,2665.43,233,3,0,233
2024-11-07 12:18:00,2665.52,2666.64,2665.38,2666.36,222,3,0,222
2024-11-07 12:21:00,2666.35,2667.47,2665.71,2667.4,279,3,0,279
2024-11-07 12:24:00,2667.4,2668.16,2666.18,2666.5,282,3,0,282
2024-11-07 12:27:00,2666.5,2666.54,2665.32,2665.33,252,3,0,252
2024-11-07 12:30:00,2665.33,2666.77,2665.09,2665.87,350,3,0,350
2024-11-07 12:33:00,2665.86,2667.71,2665.47,2666.9,258,3,0,258
2024-11-07 12:36:00,2666.91,2667.79,2666.59,2666.91,234,3,0,234
2024-11-07 12:39:00,2666.93,2668.24,2666.7,2667.47,246,3,0,246
2024-11-07 12:42:00,2667.47,2667.91,2665.92,2666.46,246,3,0,246
2024-11-07 12:45:00,2666.49,2666.88,2666.27,2666.67,199,3,0,199
2024-11-07 12:48:00,2666.67,2667.58,2666.34,2667.14,274,3,0,274
2024-11-07 12:51:00,2667.14,2667.67,2667.07,2667.16,227,3,0,227
2024-11-07 12:54:00,2667.14,2668.4,2666.57,2668.32,264,3,0,264
2024-11-07 12:57:00,2668.31,2668.36,2666.43,2666.6,300,3,0,300
2024-11-07 13:00:00,2666.59,2666.92,2665.84,2666.17,312,3,0,312
2024-11-07 13:03:00,2666.14,2666.34,2664.49,2664.55,325,3,0,325
2024-11-07 13:06:00,2664.57,2665.44,2663.99,2665.11,399,3,0,399
2024-11-07 13:09:00,2665.12,2665.43,2664.1,2664.31,379,3,0,379
2024-11-07 13:12:00,2664.31,2664.96,2664.09,2664.71,382,3,0,382
2024-11-07 13:15:00,2664.7,2665.0,2664.26,2664.47,268,3,0,268
2024-11-07 13:18:00,2664.48,2664.76,2664.1,2664.36,251,3,0,251
2024-11-07 13:21:00,2664.37,2665.52,2664.26,2665.42,271,3,0,271
2024-11-07 13:24:00,2665.49,2666.73,2665.35,2666.47,350,3,0,350
2024-11-07 13:27:00,2666.47,2666.54,2665.15,2665.3,268,3,0,268
2024-11-07 13:30:00,2665.32,2665.86,2664.85,2665.83,237,3,0,237
2024-11-07 13:33:00,2665.84,2666.17,2665.29,2665.43,235,3,0,235
2024-11-07 13:36:00,2665.39,2666.62,2665.15,2666.52,159,3,0,159
2024-11-07 13:39:00,2666.52,2667.15,2666.34,2666.68,316,3,0,316
2024-11-07 13:42:00,2666.66,2666.83,2665.55,2665.56,290,3,0,290
2024-11-07 13:45:00,2665.55,2665.61,2664.08,2664.18,313,3,0,313
2024-11-07 13:48:00,2664.16,2665.55,2663.87,2665.28,204,3,0,204
2024-11-07 13:51:00,2665.28,2665.54,2664.65,2665.04,258,3,0,258
2024-11-07 13:54:00,2665.05,2665.71,2664.73,2665.66,210,3,0,210
2024-11-07 13:57:00,2665.64,2668.14,2665.61,2666.28,306,3,0,306
2024-11-07 14:00:00,2666.3,2666.85,2664.83,2664.94,514,3,0,514
2024-11-07 14:03:00,2664.92,2667.56,2664.81,2667.36,441,3,0,441
2024-11-07 14:06:00,2667.37,2667.37,2665.25,2665.94,555,3,0,555
2024-11-07 14:09:00,2665.96,2666.23,2664.35,2664.55,383,3,0,383
2024-11-07 14:12:00,2664.61,2666.38,2664.61,2665.8,358,3,0,358
2024-11-07 14:15:00,2665.79,2666.83,2664.9,2666.82,231,3,0,231
2024-11-07 14:18:00,2666.83,2668.33,2666.53,2668.21,286,3,0,286
2024-11-07 14:21:00,2668.24,2668.3,2666.6,2668.21,328,3,0,328
2024-11-07 14:24:00,2668.25,2668.82,2667.8,2668.13,338,3,0,338
2024-11-07 14:27:00,2668.14,2668.14,2666.58,2666.8,289,3,0,289
2024-11-07 14:30:00,2666.61,2667.67,2666.58,2667.59,267,3,0,267
2024-11-07 14:33:00,2667.59,2668.06,2667.17,2667.66,203,3,0,203
2024-11-07 14:36:00,2667.72,2668.84,2667.35,2668.82,260,3,0,260
2024-11-07 14:39:00,2668.83,2669.13,2668.63,2669.04,271,3,0,271
2024-11-07 14:42:00,2669.12,2670.71,2669.05,2670.27,394,3,0,394
2024-11-07 14:45:00,2670.26,2671.71,2669.88,2670.09,437,3,0,437
2024-11-07 14:48:00,2670.09,2673.4,2669.78,2673.07,576,3,0,576
2024-11-07 14:51:00,2673.04,2673.79,2672.11,2672.44,422,3,0,422
2024-11-07 14:54:00,2672.42,2673.22,2671.93,2673.22,351,3,0,351
2024-11-07 14:57:00,2673.22,2674.15,2672.47,2673.65,487,3,0,487
2024-11-07 15:00:00,2673.72,2674.52,2672.45,2674.17,893,3,0,893
2024-11-07 15:03:00,2674.17,2675.12,2673.5,2675.01,726,3,0,726
2024-11-07 15:06:00,2675.01,2677.19,2674.88,2677.07,786,3,0,786
2024-11-07 15:09:00,2677.07,2677.66,2675.8,2677.57,655,3,0,655
2024-11-07 15:12:00,2677.57,2678.64,2677.06,2677.79,738,3,0,738
2024-11-07 15:15:00,2677.79,2677.84,2675.12,2675.21,735,3,0,735
2024-11-07 15:18:00,2675.13,2678.41,2674.95,2678.4,905,3,0,905
2024-11-07 15:21:00,2678.42,2681.53,2678.12,2681.28,821,3,0,821
2024-11-07 15:24:00,2681.28,2683.23,2680.32,2682.19,831,3,0,831
2024-11-07 15:27:00,2682.18,2682.28,2680.73,2681.26,610,3,0,610
2024-11-07 15:30:00,2681.25,2682.69,2678.36,2679.11,871,3,0,871
2024-11-07 15:33:00,2679.11,2684.06,2678.15,2683.66,994,3,0,994
2024-11-07 15:36:00,2683.76,2684.13,2681.77,2683.02,908,3,0,908
2024-11-07 15:39:00,2683.05,2683.36,2680.35,2681.93,774,3,0,774
2024-11-07 15:42:00,2681.93,2683.79,2681.3,2683.47,792,3,0,792
2024-11-07 15:45:00,2683.48,2684.84,2683.06,2683.06,694,3,0,694
2024-11-07 15:48:00,2683.11,2684.36,2682.22,2683.14,713,3,0,713
2024-11-07 15:51:00,2683.15,2685.2,2682.89,2684.7,718,3,0,718
2024-11-07 15:54:00,2684.73,2684.98,2683.65,2684.78,571,3,0,571
2024-11-07 15:57:00,2684.82,2684.95,2683.07,2684.62,679,3,0,679
2024-11-07 16:00:00,2684.62,2686.68,2683.86,2686.47,652,3,0,652
2024-11-07 16:03:00,2686.49,2686.8,2684.73,2684.76,494,3,0,494
2024-11-07 16:06:00,2684.65,2684.65,2682.44,2683.1,607,3,0,607
2024-11-07 16:09:00,2683.11,2684.38,2682.56,2683.81,551,3,0,551
2024-11-07 16:12:00,2683.82,2684.51,2682.79,2683.46,551,3,0,551
2024-11-07 16:15:00,2683.46,2686.3,2683.46,2686.17,544,3,0,544
2024-11-07 16:18:00,2686.19,2688.65,2686.07,2688.36,711,3,0,711
2024-11-07 16:21:00,2688.34,2689.83,2687.28,2689.7,636,3,0,636
2024-11-07 16:24:00,2689.66,2691.04,2688.3,2688.48,801,3,0,801
2024-11-07 16:27:00,2688.47,2690.28,2688.09,2690.06,550,3,0,550
2024-11-07 16:30:00,2690.05,2690.68,2688.24,2690.08,935,3,0,935
2024-11-07 16:33:00,2690.12,2691.8,2689.09,2691.58,849,3,0,849
2024-11-07 16:36:00,2691.51,2691.76,2688.18,2688.96,828,3,0,828
2024-11-07 16:39:00,2688.99,2694.71,2688.55,2691.7,872,3,0,872
2024-11-07 16:42:00,2691.71,2691.72,2690.11,2690.87,735,3,0,735
2024-11-07 16:45:00,2690.86,2691.37,2689.39,2690.87,746,3,0,746
2024-11-07 16:48:00,2690.91,2692.54,2690.6,2692.0,680,3,0,680
2024-11-07 16:51:00,2692.11,2694.03,2691.45,2693.75,719,3,0,719
2024-11-07 16:54:00,2693.79,2695.02,2692.79,2693.08,905,3,0,905
2024-11-07 16:57:00,2693.17,2693.28,2691.47,2691.99,639,3,0,639
2024-11-07 17:00:00,2691.98,2693.13,2690.75,2690.75,915,3,0,915
2024-11-07 17:03:00,2690.78,2692.56,2690.21,2692.48,776,3,0,776
2024-11-07 17:06:00,2692.45,2695.28,2692.4,2694.89,765,3,0,765
2024-11-07 17:09:00,2694.89,2696.43,2694.07,2696.43,725,3,0,725
2024-11-07 17:12:00,2696.36,2696.87,2694.97,2695.93,677,3,0,677
2024-11-07 17:15:00,2695.95,2696.19,2693.66,2694.76,859,3,0,859
2024-11-07 17:18:00,2694.78,2697.67,2694.28,2697.11,886,3,0,886
2024-11-07 17:21:00,2697.22,2697.8,2695.17,2696.51,774,3,0,774
2024-11-07 17:24:00,2696.5,2698.93,2696.5,2698.8,894,3,0,894
2024-11-07 17:27:00,2698.73,2699.99,2698.66,2698.97,883,3,0,883
2024-11-07 17:30:00,2698.96,2700.18,2698.74,2699.94,836,3,0,836
2024-11-07 17:33:00,2699.95,2700.26,2697.73,2698.62,828,3,0,828
2024-11-07 17:36:00,2698.64,2698.69,2696.99,2698.55,822,3,0,822
2024-11-07 17:39:00,2698.63,2698.64,2695.53,2695.66,790,3,0,790
2024-11-07 17:42:00,2695.72,2698.81,2695.64,2698.73,795,3,0,795
2024-11-07 17:45:00,2698.75,2699.2,2696.64,2697.23,742,3,0,742
2024-11-07 17:48:00,2697.26,2697.53,2696.04,2697.52,641,3,0,641
2024-11-07 17:51:00,2697.28,2698.1,2696.5,2697.93,617,3,0,617
2024-11-07 17:54:00,2697.94,2698.55,2696.17,2698.07,729,3,0,729
2024-11-07 17:57:00,2698.06,2699.31,2697.51,2698.86,725,3,0,725
2024-11-07 18:00:00,2698.76,2699.49,2697.97,2699.13,610,3,0,610
2024-11-07 18:03:00,2699.21,2699.33,2696.38,2696.38,644,3,0,644
2024-11-07 18:06:00,2696.36,2697.54,2695.97,2697.28,619,3,0,619
2024-11-07 18:09:00,2697.28,2697.58,2695.4,2696.34,561,3,0,561
2024-11-07 18:12:00,2696.33,2697.51,2696.26,2697.14,590,3,0,590
2024-11-07 18:15:00,2697.13,2697.5,2694.89,2695.55,710,3,0,710
2024-11-07 18:18:00,2695.56,2696.19,2693.0,2694.13,668,3,0,668
2024-11-07 18:21:00,2694.14,2694.84,2691.47,2692.16,766,3,0,766
2024-11-07 18:24:00,2692.17,2693.58,2691.07,2691.33,652,3,0,652
2024-11-07 18:27:00,2691.32,2692.62,2690.69,2691.96,724,3,0,724
2024-11-07 18:30:00,2691.97,2693.44,2691.97,2693.33,555,3,0,555
2024-11-07 18:33:00,2693.35,2695.21,2693.35,2695.12,491,3,0,491
2024-11-07 18:36:00,2695.12,2695.88,2694.72,2695.82,495,3,0,495
2024-11-07 18:39:00,2695.84,2697.39,2695.16,2696.87,500,3,0,500
2024-11-07 18:42:00,2696.88,2697.65,2696.45,2696.96,351,3,0,351
2024-11-07 18:45:00,2696.97,2697.24,2694.15,2694.18,410,3,0,410
2024-11-07 18:48:00,2694.24,2695.0,2693.61,2694.21,449,3,0,449
2024-11-07 18:51:00,2694.23,2695.39,2693.76,2695.28,442,3,0,442
2024-11-07 18:54:00,2695.25,2695.95,2693.84,2694.85,477,3,0,477
2024-11-07 18:57:00,2694.85,2696.34,2694.75,2695.81,366,3,0,366
2024-11-07 19:00:00,2695.81,2696.14,2694.57,2695.94,397,3,0,397
2024-11-07 19:03:00,2695.96,2696.25,2694.29,2695.55,383,3,0,383
2024-11-07 19:06:00,2695.57,2696.94,2695.36,2695.85,387,3,0,387
2024-11-07 19:09:00,2695.87,2697.62,2695.87,2697.6,346,3,0,346
2024-11-07 19:12:00,2697.53,2698.4,2697.42,2698.17,353,3,0,353
2024-11-07 19:15:00,2698.17,2698.69,2698.0,2698.49,298,3,0,298
2024-11-07 19:18:00,2698.5,2699.04,2697.53,2698.76,392,3,0,392
2024-11-07 19:21:00,2698.77,2699.62,2698.77,2699.31,401,3,0,401
2024-11-07 19:24:00,2699.31,2699.69,2698.89,2698.99,320,3,0,320
2024-11-07 19:27:00,2699.02,2699.48,2698.78,2699.29,235,3,0,235
2024-11-07 19:30:00,2699.32,2700.09,2698.98,2699.64,530,3,0,530
2024-11-07 19:33:00,2699.55,2699.61,2698.25,2698.66,491,3,0,491
2024-11-07 19:36:00,2698.68,2699.95,2698.63,2699.86,373,3,0,373
2024-11-07 19:39:00,2699.85,2700.17,2698.65,2699.94,382,3,0,382
2024-11-07 19:42:00,2699.96,2700.09,2699.37,2699.47,238,3,0,238
2024-11-07 19:45:00,2699.48,2699.58,2698.5,2698.88,207,3,0,207
2024-11-07 19:48:00,2698.94,2699.57,2698.26,2699.57,271,3,0,271
2024-11-07 19:51:00,2699.56,2700.37,2699.16,2699.57,451,3,0,451
2024-11-07 19:54:00,2699.59,2699.98,2699.09,2699.17,457,3,0,457
2024-11-07 19:57:00,2699.18,2699.51,2698.76,2699.41,425,3,0,425
2024-11-07 20:00:00,2699.42,2699.45,2698.23,2698.47,465,3,0,465
2024-11-07 20:03:00,2698.47,2698.53,2697.37,2698.06,384,3,0,384
2024-11-07 20:06:00,2698.07,2698.08,2697.19,2697.49,351,3,0,351
2024-11-07 20:09:00,2697.52,2698.83,2697.22,2697.49,371,3,0,371
2024-11-07 20:12:00,2697.44,2697.59,2696.53,2696.7,283,3,0,283
2024-11-07 20:15:00,2696.71,2696.92,2696.0,2696.41,301,3,0,301
2024-11-07 20:18:00,2696.41,2697.32,2696.1,2697.32,337,3,0,337
2024-11-07 20:21:00,2697.38,2697.94,2697.37,2697.88,250,3,0,250
2024-11-07 20:24:00,2697.87,2698.09,2697.46,2698.08,271,3,0,271
2024-11-07 20:27:00,2698.08,2698.8,2697.64,2698.21,417,3,0,417
2024-11-07 20:30:00,2698.22,2699.1,2698.22,2698.67,354,3,0,354
2024-11-07 20:33:00,2698.68,2699.49,2697.87,2698.07,327,3,0,327
2024-11-07 20:36:00,2698.1,2698.67,2697.85,2697.91,221,3,0,221
2024-11-07 20:39:00,2697.86,2698.24,2697.05,2697.18,357,3,0,357
2024-11-07 20:42:00,2697.2,2697.79,2696.92,2697.19,318,3,0,318
2024-11-07 20:45:00,2697.16,2697.16,2695.91,2696.3,383,3,0,383
2024-11-07 20:48:00,2696.29,2696.35,2694.99,2695.07,429,3,0,429
2024-11-07 20:51:00,2695.09,2695.42,2694.11,2694.12,330,3,0,330
2024-11-07 20:54:00,2694.18,2694.63,2694.03,2694.42,241,3,0,241
2024-11-07 20:57:00,2694.39,2695.27,2694.21,2695.08,302,3,0,302
2024-11-07 21:00:00,2694.69,2697.75,2691.05,2691.27,785,3,0,785
2024-11-07 21:03:00,2691.24,2691.85,2688.76,2691.66,759,3,0,759
2024-11-07 21:06:00,2691.65,2693.82,2690.43,2691.54,823,3,0,823
2024-11-07 21:09:00,2691.51,2692.56,2689.84,2691.4,789,3,0,789
2024-11-07 21:12:00,2691.38,2693.82,2691.34,2692.9,718,3,0,718
2024-11-07 21:15:00,2692.9,2694.34,2692.81,2693.09,564,3,0,564
2024-11-07 21:18:00,2693.08,2693.17,2691.24,2691.81,496,3,0,496
2024-11-07 21:21:00,2691.81,2692.41,2690.14,2690.25,546,3,0,546
2024-11-07 21:24:00,2690.25,2692.37,2690.12,2692.09,568,3,0,568
2024-11-07 21:27:00,2692.06,2692.06,2690.17,2690.56,440,3,0,440
2024-11-07 21:30:00,2690.56,2694.07,2690.55,2694.03,521,3,0,521
2024-11-07 21:33:00,2694.12,2695.0,2693.66,2694.63,610,3,0,610
2024-11-07 21:36:00,2694.66,2695.65,2693.94,2694.56,658,3,0,658
2024-11-07 21:39:00,2694.5,2695.59,2687.88,2687.9,665,3,0,665
2024-11-07 21:42:00,2687.92,2691.34,2687.54,2691.11,794,3,0,794
2024-11-07 21:45:00,2691.12,2694.34,2690.33,2692.73,794,3,0,794
2024-11-07 21:48:00,2692.72,2695.75,2692.52,2695.51,643,3,0,643
2024-11-07 21:51:00,2695.55,2696.02,2692.18,2693.47,737,3,0,737
2024-11-07 21:54:00,2693.49,2694.93,2692.56,2693.89,659,3,0,659
2024-11-07 21:57:00,2693.89,2694.66,2692.87,2694.27,660,3,0,660
2024-11-07 22:00:00,2694.31,2697.94,2692.92,2696.93,666,3,0,666
2024-11-07 22:03:00,2696.99,2700.25,2696.99,2699.57,766,3,0,766
2024-11-07 22:06:00,2699.6,2702.39,2698.16,2701.74,740,3,0,740
2024-11-07 22:09:00,2701.76,2705.28,2700.95,2703.61,786,3,0,786
2024-11-07 22:12:00,2703.62,2705.49,2702.56,2704.99,737,3,0,737
2024-11-07 22:15:00,2704.97,2708.33,2704.88,2707.86,845,3,0,845
2024-11-07 22:18:00,2707.85,2708.25,2706.36,2708.18,607,3,0,607
2024-11-07 22:21:00,2708.23,2709.22,2708.07,2709.16,547,3,0,547
2024-11-07 22:24:00,2709.14,2710.28,2707.93,2708.03,553,3,0,553
2024-11-07 22:27:00,2708.03,2709.01,2707.07,2707.34,524,3,0,524
2024-11-07 22:30:00,2707.36,2708.39,2706.83,2708.02,523,3,0,523
2024-11-07 22:33:00,2707.99,2708.74,2706.78,2707.04,534,3,0,534
2024-11-07 22:36:00,2707.05,2707.32,2705.74,2706.68,419,3,0,419
2024-11-07 22:39:00,2706.76,2706.94,2704.94,2704.94,376,3,0,376
2024-11-07 22:42:00,2704.95,2704.95,2703.26,2703.64,365,3,0,365
2024-11-07 22:45:00,2703.66,2704.56,2702.47,2702.76,331,3,0,331
2024-11-07 22:48:00,2702.68,2704.67,2702.08,2704.45,380,3,0,380
2024-11-07 22:51:00,2704.44,2704.76,2703.08,2703.1,299,3,0,299
2024-11-07 22:54:00,2703.12,2705.01,2702.78,2704.92,481,3,0,481
2024-11-07 22:57:00,2704.93,2704.96,2703.79,2704.59,491,3,0,491
2024-11-07 23:00:00,2704.4,2705.11,2703.71,2704.68,255,3,0,255
2024-11-07 23:03:00,2704.68,2705.72,2704.58,2705.71,180,3,0,180
2024-11-07 23:06:00,2705.74,2706.63,2705.74,2706.51,203,3,0,203
2024-11-07 23:09:00,2706.49,2706.49,2705.29,2705.64,171,3,0,171
2024-11-07 23:12:00,2705.66,2705.78,2704.58,2704.82,147,3,0,147
2024-11-07 23:15:00,2704.81,2706.38,2704.73,2705.89,149,3,0,149
2024-11-07 23:18:00,2705.9,2707.44,2705.9,2707.35,161,3,0,161
2024-11-07 23:21:00,2707.35,2707.36,2706.64,2707.06,128,3,0,128
2024-11-07 23:24:00,2707.05,2707.23,2705.93,2706.05,145,3,0,145
2024-11-07 23:27:00,2705.99,2706.27,2705.75,2706.17,119,3,0,119
2024-11-07 23:30:00,2706.19,2707.98,2706.15,2707.83,129,3,0,129
2024-11-07 23:33:00,2707.84,2707.86,2707.54,2707.74,111,3,0,111
2024-11-07 23:36:00,2707.73,2708.33,2707.66,2707.87,118,3,0,118
2024-11-07 23:39:00,2707.86,2708.34,2707.65,2707.73,140,3,0,140
2024-11-07 23:42:00,2707.7,2708.11,2707.56,2708.04,138,3,0,138
2024-11-07 23:45:00,2708.05,2708.24,2707.73,2707.77,159,3,0,159
2024-11-07 23:48:00,2707.82,2708.07,2706.94,2707.33,176,3,0,176
2024-11-07 23:51:00,2707.4,2708.52,2707.11,2708.19,160,3,0,160
2024-11-07 23:54:00,2708.15,2708.21,2707.14,2707.16,88,3,0,88
2024-11-07 23:57:00,2707.15,2707.18,2706.34,2706.38,115,3,0,115
2024-11-08 01:00:00,2704.41,2705.05,2704.06,2704.14,137,39,0,137
2024-11-08 01:03:00,2704.25,2704.62,2704.09,2704.09,94,3,0,94
2024-11-08 01:06:00,2704.07,2704.8,2704.05,2704.65,63,5,0,63
2024-11-08 01:09:00,2704.66,2704.67,2704.17,2704.46,78,3,0,78
2024-11-08 01:12:00,2704.47,2704.71,2704.23,2704.71,105,3,0,105
2024-11-08 01:15:00,2704.75,2706.15,2704.66,2706.13,114,3,0,114
2024-11-08 01:18:00,2706.15,2706.22,2705.49,2705.58,109,3,0,109
2024-11-08 01:21:00,2705.59,2705.74,2705.31,2705.72,68,3,0,68
2024-11-08 01:24:00,2705.81,2706.25,2705.34,2706.19,135,3,0,135
2024-11-08 01:27:00,2706.18,2706.42,2705.87,2706.11,105,3,0,105
2024-11-08 01:30:00,2706.11,2707.49,2706.02,2707.47,117,3,0,117
2024-11-08 01:33:00,2707.54,2708.01,2707.26,2707.26,168,3,0,168
2024-11-08 01:36:00,2707.26,2707.9,2707.23,2707.41,99,3,0,99
2024-11-08 01:39:00,2707.37,2707.67,2706.8,2707.01,109,3,0,109
2024-11-08 01:42:00,2707.01,2707.2,2706.24,2706.45,132,3,0,132
2024-11-08 01:45:00,2706.45,2706.52,2705.64,2706.19,115,3,0,115
2024-11-08 01:48:00,2706.19,2707.02,2705.88,2707.02,160,3,0,160
2024-11-08 01:51:00,2707.03,2707.11,2706.08,2706.17,145,3,0,145
2024-11-08 01:54:00,2706.18,2706.5,2705.46,2705.46,169,3,0,169
2024-11-08 01:57:00,2705.46,2707.12,2705.46,2706.94,141,3,0,141
2024-11-08 02:00:00,2706.9,2707.78,2706.9,2707.65,135,3,0,135
2024-11-08 02:03:00,2707.65,2708.07,2707.44,2707.75,105,3,0,105
2024-11-08 02:06:00,2707.76,2708.67,2707.54,2708.55,142,3,0,142
2024-11-08 02:09:00,2708.56,2709.24,2708.45,2708.87,146,3,0,146
2024-11-08 02:12:00,2708.87,2709.11,2708.63,2708.78,165,3,0,165
2024-11-08 02:15:00,2708.79,2709.5,2708.61,2709.29,173,3,0,173
2024-11-08 02:18:00,2709.27,2710.4,2709.12,2709.85,196,3,0,196
2024-11-08 02:21:00,2709.85,2709.95,2709.27,2709.33,140,3,0,140
2024-11-08 02:24:00,2709.27,2709.32,2708.07,2708.25,133,3,0,133
2024-11-08 02:27:00,2708.25,2709.14,2708.15,2709.12,103,3,0,103
2024-11-08 02:30:00,2709.08,2710.1,2709.08,2709.32,164,3,0,164
2024-11-08 02:33:00,2709.28,2709.32,2708.27,2708.36,149,3,0,149
2024-11-08 02:36:00,2708.38,2709.12,2707.98,2709.08,144,3,0,144
2024-11-08 02:39:00,2709.01,2709.54,2708.96,2709.44,100,3,0,100
2024-11-08 02:42:00,2709.45,2709.47,2708.55,2708.68,93,3,0,93
2024-11-08 02:45:00,2708.66,2708.73,2706.36,2706.62,250,3,0,250
2024-11-08 02:48:00,2706.6,2706.96,2705.87,2706.73,247,3,0,247
2024-11-08 02:51:00,2706.74,2707.72,2706.53,2706.92,208,3,0,208
2024-11-08 02:54:00,2706.91,2706.95,2706.05,2706.14,159,3,0,159
2024-11-08 02:57:00,2706.15,2706.85,2705.65,2706.37,172,3,0,172
2024-11-08 03:00:00,2706.38,2707.6,2703.39,2703.66,843,3,0,843
2024-11-08 03:03:00,2703.67,2704.35,2702.89,2704.08,644,3,0,644
2024-11-08 03:06:00,2704.22,2705.27,2702.62,2703.0,550,3,0,550
2024-11-08 03:09:00,2702.92,2703.49,2701.28,2701.42,519,3,0,519
2024-11-08 03:12:00,2701.34,2701.86,2699.55,2699.72,589,3,0,589
2024-11-08 03:15:00,2699.73,2701.48,2699.6,2700.98,506,3,0,506
2024-11-08 03:18:00,2701.02,2702.19,2700.47,2701.57,403,3,0,403
2024-11-08 03:21:00,2701.55,2702.37,2700.26,2701.27,444,3,0,444
2024-11-08 03:24:00,2701.28,2702.37,2701.25,2701.74,440,3,0,440
2024-11-08 03:27:00,2701.75,2702.54,2701.17,2701.62,461,3,0,461
2024-11-08 03:30:00,2701.63,2702.13,2699.83,2700.02,452,3,0,452
2024-11-08 03:33:00,2700.02,2701.07,2699.19,2700.59,511,3,0,511
2024-11-08 03:36:00,2700.6,2702.13,2700.5,2701.91,506,3,0,506
2024-11-08 03:39:00,2701.92,2702.77,2700.97,2701.18,382,3,0,382
2024-11-08 03:42:00,2701.18,2701.19,2700.19,2700.95,301,3,0,301
2024-11-08 03:45:00,2700.97,2701.38,2700.28,2700.3,345,3,0,345
2024-11-08 03:48:00,2700.32,2702.48,2699.58,2702.13,519,3,0,519
2024-11-08 03:51:00,2702.14,2702.87,2701.46,2701.47,339,3,0,339
2024-11-08 03:54:00,2701.46,2702.06,2700.13,2701.15,523,3,0,523
2024-11-08 03:57:00,2701.05,2701.12,2699.71,2699.93,442,3,0,442
2024-11-08 04:00:00,2699.9,2699.9,2695.87,2695.99,582,3,0,582
2024-11-08 04:03:00,2695.99,2697.64,2695.18,2697.4,547,3,0,547
2024-11-08 04:06:00,2697.4,2699.08,2697.06,2697.54,440,3,0,440
2024-11-08 04:09:00,2697.55,2699.96,2697.53,2699.73,557,3,0,557
2024-11-08 04:12:00,2699.73,2699.82,2698.19,2698.47,547,3,0,547
2024-11-08 04:15:00,2698.48,2699.51,2698.48,2698.84,295,3,0,295
2024-11-08 04:18:00,2698.84,2700.13,2698.73,2699.62,202,3,0,202
2024-11-08 04:21:00,2699.64,2699.9,2699.21,2699.38,167,3,0,167
2024-11-08 04:24:00,2699.39,2699.75,2698.94,2698.95,203,3,0,203
2024-11-08 04:27:00,2698.95,2699.74,2698.93,2699.71,137,3,0,137
2024-11-08 04:30:00,2699.72,2701.06,2699.0,2700.24,423,3,0,423
2024-11-08 04:33:00,2700.22,2700.24,2697.59,2698.09,434,3,0,434
2024-11-08 04:36:00,2698.03,2698.99,2697.76,2697.85,464,3,0,464
2024-11-08 04:39:00,2697.9,2699.02,2697.8,2697.88,402,3,0,402
2024-11-08 04:42:00,2697.89,2698.0,2696.74,2696.98,391,3,0,391
2024-11-08 04:45:00,2696.97,2697.12,2696.03,2696.27,366,3,0,366
2024-11-08 04:48:00,2696.3,2697.87,2696.3,2697.06,481,3,0,481
2024-11-08 04:51:00,2697.07,2697.86,2696.35,2697.44,472,3,0,472
2024-11-08 04:54:00,2697.43,2697.91,2697.02,2697.65,383,3,0,383
2024-11-08 04:57:00,2697.66,2698.2,2697.44,2697.54,442,3,0,442
2024-11-08 05:00:00,2697.53,2698.25,2697.42,2697.63,416,3,0,416
2024-11-08 05:03:00,2697.62,2697.66,2696.47,2697.33,301,3,0,301
2024-11-08 05:06:00,2697.32,2697.49,2696.36,2697.22,227,3,0,227
2024-11-08 05:09:00,2697.2,2699.8,2697.06,2699.64,393,3,0,393
2024-11-08 05:12:00,2699.66,2700.53,2699.06,2700.16,283,3,0,283
2024-11-08 05:15:00,2700.16,2700.45,2698.55,2698.77,263,3,0,263
2024-11-08 05:18:00,2698.77,2698.87,2697.89,2697.95,238,3,0,238
2024-11-08 05:21:00,2697.97,2698.39,2697.42,2697.78,276,3,0,276
2024-11-08 05:24:00,2697.7,2698.13,2696.57,2696.85,280,3,0,280
2024-11-08 05:27:00,2696.86,2696.86,2695.47,2695.56,441,3,0,441
2024-11-08 05:30:00,2695.56,2696.85,2695.46,2695.55,278,3,0,278
2024-11-08 05:33:00,2695.59,2695.64,2694.86,2695.34,137,3,0,137
2024-11-08 05:36:00,2695.36,2696.05,2694.76,2695.83,226,3,0,226
2024-11-08 05:39:00,2695.81,2695.97,2694.41,2694.41,187,3,0,187
2024-11-08 05:42:00,2694.39,2694.86,2694.38,2694.41,158,3,0,158
2024-11-08 05:45:00,2694.41,2695.49,2694.29,2694.69,209,3,0,209
2024-11-08 05:48:00,2694.69,2694.87,2694.1,2694.31,159,3,0,159
2024-11-08 05:51:00,2694.3,2694.95,2694.28,2694.67,164,3,0,164
2024-11-08 05:54:00,2694.64,2695.79,2694.57,2695.74,162,3,0,162
2024-11-08 05:57:00,2695.75,2696.16,2694.77,2695.22,238,3,0,238
2024-11-08 06:00:00,2695.21,2695.21,2694.09,2694.76,277,3,0,277
2024-11-08 06:03:00,2694.78,2694.95,2694.08,2694.85,202,3,0,202
2024-11-08 06:06:00,2694.86,2695.04,2693.99,2694.04,162,3,0,162
2024-11-08 06:09:00,2694.04,2695.04,2693.96,2695.04,110,3,0,110
2024-11-08 06:12:00,2695.1,2695.43,2694.92,2695.33,255,3,0,255
2024-11-08 06:15:00,2695.34,2696.14,2695.31,2695.6,342,3,0,342
2024-11-08 06:18:00,2695.6,2695.89,2694.41,2694.41,174,3,0,174
2024-11-08 06:21:00,2694.41,2694.8,2693.93,2694.04,149,3,0,149
2024-11-08 06:24:00,2694.06,2694.35,2693.86,2694.18,183,3,0,183
2024-11-08 06:27:00,2694.15,2694.47,2693.96,2693.98,121,3,0,121
2024-11-08 06:30:00,2694.03,2695.37,2693.36,2695.1,221,3,0,221
2024-11-08 06:33:00,2695.12,2696.08,2694.89,2695.15,232,3,0,232
2024-11-08 06:36:00,2695.15,2695.97,2695.1,2695.46,217,3,0,217
2024-11-08 06:39:00,2695.46,2695.71,2693.94,2694.1,173,3,0,173
2024-11-08 06:42:00,2694.0,2694.06,2693.59,2694.0,95,3,0,95
2024-11-08 06:45:00,2694.0,2695.13,2693.99,2695.13,103,3,0,103
2024-11-08 06:48:00,2695.07,2695.13,2694.39,2694.48,69,3,0,69
2024-11-08 06:51:00,2694.43,2694.73,2694.04,2694.05,120,3,0,120
2024-11-08 06:54:00,2694.04,2694.15,2693.49,2693.66,100,3,0,100
2024-11-08 06:57:00,2693.66,2693.97,2693.49,2693.65,125,3,0,125
2024-11-08 07:00:00,2693.61,2694.98,2693.61,2694.96,214,3,0,214
2024-11-08 07:03:00,2694.96,2695.03,2694.43,2694.78,197,3,0,197
2024-11-08 07:06:00,2694.81,2695.54,2694.81,2695.36,197,3,0,197
2024-11-08 07:09:00,2695.35,2695.8,2694.95,2695.48,231,3,0,231
2024-11-08 07:12:00,2695.47,2695.57,2694.79,2695.2,154,3,0,154
2024-11-08 07:15:00,2695.21,2695.21,2694.71,2694.74,130,3,0,130
2024-11-08 07:18:00,2694.76,2695.72,2694.62,2695.62,145,3,0,145
2024-11-08 07:21:00,2695.71,2696.22,2695.52,2695.63,198,3,0,198
2024-11-08 07:24:00,2695.68,2696.2,2695.42,2695.57,190,3,0,190
2024-11-08 07:27:00,2695.6,2696.09,2695.6,2695.73,161,3,0,161
2024-11-08 07:30:00,2695.73,2696.23,2694.55,2694.97,439,3,0,439
2024-11-08 07:33:00,2694.8,2696.32,2694.6,2695.45,309,3,0,309
2024-11-08 07:36:00,2695.49,2695.51,2694.56,2694.57,236,3,0,236
2024-11-08 07:39:00,2694.57,2695.89,2694.56,2695.64,229,3,0,229
2024-11-08 07:42:00,2695.66,2696.02,2694.78,2694.82,239,3,0,239
2024-11-08 07:45:00,2694.79,2695.0,2694.03,2694.23,300,3,0,300
2024-11-08 07:48:00,2694.24,2695.06,2694.1,2694.44,309,3,0,309
2024-11-08 07:51:00,2694.52,2695.8,2694.52,2695.58,248,3,0,248
2024-11-08 07:54:00,2695.57,2696.02,2695.29,2695.9,371,3,0,371
2024-11-08 07:57:00,2695.9,2696.16,2694.95,2695.26,268,3,0,268
2024-11-08 08:00:00,2695.25,2695.83,2693.36,2693.39,503,3,0,503
2024-11-08 08:03:00,2693.36,2694.22,2693.3,2693.34,344,3,0,344
2024-11-08 08:06:00,2693.34,2693.79,2691.91,2692.2,463,3,0,463
2024-11-08 08:09:00,2692.2,2692.69,2690.43,2690.56,416,3,0,416
2024-11-08 08:12:00,2690.54,2690.87,2689.02,2690.68,648,3,0,648
2024-11-08 08:15:00,2690.69,2691.75,2690.47,2691.12,458,3,0,458
2024-11-08 08:18:00,2691.1,2691.95,2689.16,2689.94,674,3,0,674
2024-11-08 08:21:00,2689.98,2690.08,2687.99,2688.13,902,3,0,902
2024-11-08 08:24:00,2688.14,2688.79,2687.58,2687.97,677,3,0,677
2024-11-08 08:27:00,2687.98,2688.69,2686.62,2687.03,601,3,0,601
2024-11-08 08:30:00,2687.04,2687.73,2686.39,2687.07,581,3,0,581
2024-11-08 08:33:00,2687.08,2687.93,2686.76,2687.02,414,3,0,414
2024-11-08 08:36:00,2687.08,2687.39,2686.0,2687.17,347,3,0,347
2024-11-08 08:39:00,2687.12,2687.78,2686.55,2687.09,499,3,0,499
2024-11-08 08:42:00,2687.08,2687.32,2686.52,2687.13,371,3,0,371
2024-11-08 08:45:00,2687.11,2689.17,2687.1,2688.4,487,3,0,487
2024-11-08 08:48:00,2688.39,2688.87,2687.47,2687.56,296,3,0,296
2024-11-08 08:51:00,2687.52,2688.14,2686.97,2688.14,308,3,0,308
2024-11-08 08:54:00,2688.17,2688.42,2687.65,2687.94,267,3,0,267
2024-11-08 08:57:00,2687.97,2688.32,2686.37,2686.44,322,3,0,322
2024-11-08 09:00:00,2686.44,2686.44,2684.3,2684.7,498,3,0,498
2024-11-08 09:03:00,2684.71,2686.08,2684.46,2685.61,311,3,0,311
2024-11-08 09:06:00,2685.62,2685.62,2683.87,2684.66,279,3,0,279
2024-11-08 09:09:00,2684.63,2685.06,2684.14,2684.22,219,3,0,219
2024-11-08 09:12:00,2684.25,2685.01,2683.19,2683.27,351,3,0,351
2024-11-08 09:15:00,2683.25,2683.77,2682.12,2683.18,532,3,0,532
2024-11-08 09:18:00,2683.17,2685.47,2683.1,2685.2,607,3,0,607
2024-11-08 09:21:00,2685.21,2685.46,2683.04,2683.7,452,3,0,452
2024-11-08 09:24:00,2683.69,2684.01,2681.66,2682.05,472,3,0,472
2024-11-08 09:27:00,2682.04,2683.26,2680.33,2683.26,487,3,0,487
2024-11-08 09:30:00,2683.28,2683.58,2681.83,2683.49,453,3,0,453
2024-11-08 09:33:00,2683.53,2684.66,2683.19,2684.07,207,3,0,207
2024-11-08 09:36:00,2684.06,2684.48,2683.17,2684.48,303,3,0,303
2024-11-08 09:39:00,2684.5,2685.79,2684.38,2685.35,347,3,0,347
2024-11-08 09:42:00,2685.35,2686.53,2685.24,2686.44,270,3,0,270
2024-11-08 09:45:00,2686.43,2686.88,2685.16,2685.82,357,3,0,357
2024-11-08 09:48:00,2685.83,2687.7,2685.64,2687.64,457,3,0,457
2024-11-08 09:51:00,2687.62,2687.89,2686.89,2687.1,321,3,0,321
2024-11-08 09:54:00,2687.12,2687.25,2686.2,2686.8,245,3,0,245
2024-11-08 09:57:00,2686.78,2687.61,2686.3,2687.44,239,3,0,239
2024-11-08 10:00:00,2687.47,2688.79,2687.24,2688.46,382,3,0,382
2024-11-08 10:03:00,2688.46,2688.58,2683.96,2683.96,724,3,0,724
2024-11-08 10:06:00,2684.0,2685.36,2682.49,2683.99,844,3,0,844
2024-11-08 10:09:00,2683.97,2684.67,2681.99,2684.39,904,3,0,904
2024-11-08 10:12:00,2684.46,2686.23,2683.11,2685.16,918,3,0,918
2024-11-08 10:15:00,2685.04,2687.18,2683.6,2686.97,782,3,0,782
2024-11-08 10:18:00,2686.99,2687.37,2684.95,2685.58,628,3,0,628
2024-11-08 10:21:00,2685.56,2686.78,2685.34,2685.71,569,3,0,569
2024-11-08 10:24:00,2685.71,2686.3,2684.54,2685.91,493,3,0,493
2024-11-08 10:27:00,2685.87,2688.17,2685.51,2687.88,678,3,0,678
2024-11-08 10:30:00,2687.89,2690.63,2687.89,2690.54,588,3,0,588
2024-11-08 10:33:00,2690.55,2691.48,2690.45,2691.32,554,3,0,554
2024-11-08 10:36:00,2691.34,2691.83,2689.36,2689.84,521,3,0,521
2024-11-08 10:39:00,2689.84,2690.49,2687.93,2688.52,643,3,0,643
2024-11-08 10:42:00,2688.57,2688.75,2685.67,2686.16,551,3,0,551
2024-11-08 10:45:00,2686.15,2687.91,2685.88,2687.45,469,3,0,469
2024-11-08 10:48:00,2687.5,2688.55,2687.5,2688.1,378,3,0,378
2024-11-08 10:51:00,2688.12,2689.61,2687.22,2687.88,453,3,0,453
2024-11-08 10:54:00,2687.88,2690.0,2687.88,2689.66,453,3,0,453
2024-11-08 10:57:00,2689.66,2689.84,2688.44,2688.74,281,3,0,281
2024-11-08 11:00:00,2688.75,2689.42,2687.95,2688.71,370,3,0,370
2024-11-08 11:03:00,2688.75,2690.02,2688.34,2690.02,357,3,0,357
2024-11-08 11:06:00,2690.03,2690.75,2689.32,2689.59,404,3,0,404
2024-11-08 11:09:00,2689.62,2690.06,2688.67,2689.48,549,3,0,549
2024-11-08 11:12:00,2689.44,2690.99,2688.78,2690.95,448,3,0,448
2024-11-08 11:15:00,2691.01,2691.06,2688.59,2689.67,466,3,0,466
2024-11-08 11:18:00,2689.67,2690.66,2688.56,2688.69,354,3,0,354
2024-11-08 11:21:00,2688.69,2688.73,2688.03,2688.11,289,3,0,289
2024-11-08 11:24:00,2688.1,2689.55,2687.32,2689.07,421,3,0,421
2024-11-08 11:27:00,2689.06,2689.38,2688.49,2689.38,324,3,0,324
2024-11-08 11:30:00,2689.37,2690.1,2688.18,2688.26,427,3,0,427
2024-11-08 11:33:00,2688.27,2688.28,2687.3,2687.76,368,3,0,368
2024-11-08 11:36:00,2687.72,2688.76,2687.18,2688.62,529,3,0,529
2024-11-08 11:39:00,2688.6,2689.29,2687.97,2689.07,438,3,0,438
2024-11-08 11:42:00,2689.0,2689.36,2688.44,2688.96,346,3,0,346
2024-11-08 11:45:00,2688.97,2689.21,2687.98,2688.46,292,3,0,292
2024-11-08 11:48:00,2688.48,2688.67,2688.09,2688.45,255,3,0,255
2024-11-08 11:51:00,2688.44,2688.62,2687.13,2687.52,382,3,0,382
2024-11-08 11:54:00,2687.52,2688.92,2687.52,2688.88,369,3,0,369
2024-11-08 11:57:00,2688.87,2689.84,2688.71,2689.34,284,3,0,284
2024-11-08 12:00:00,2689.39,2689.39,2688.15,2689.04,255,3,0,255
2024-11-08 12:03:00,2689.05,2689.09,2687.1,2687.65,313,3,0,313
2024-11-08 12:06:00,2687.65,2687.81,2686.48,2686.62,368,3,0,368
2024-11-08 12:09:00,2686.61,2686.7,2685.82,2686.24,431,3,0,431
2024-11-08 12:12:00,2686.28,2687.25,2685.65,2686.96,346,3,0,346
2024-11-08 12:15:00,2686.95,2687.3,2686.29,2686.29,239,3,0,239
2024-11-08 12:18:00,2686.25,2686.47,2685.17,2685.9,303,3,0,303
2024-11-08 12:21:00,2685.89,2686.06,2682.8,2682.89,482,3,0,482
2024-11-08 12:24:00,2682.91,2684.43,2682.09,2684.27,587,3,0,587
2024-11-08 12:27:00,2684.24,2685.35,2683.25,2685.32,439,3,0,439
2024-11-08 12:30:00,2685.36,2686.24,2684.77,2685.59,467,3,0,467
2024-11-08 12:33:00,2685.6,2686.01,2685.1,2685.44,249,3,0,249
2024-11-08 12:36:00,2685.43,2686.16,2684.9,2685.81,218,3,0,218
2024-11-08 12:39:00,2685.81,2686.62,2684.92,2686.58,247,3,0,247
2024-11-08 12:42:00,2686.59,2688.0,2686.53,2687.91,281,3,0,281
2024-11-08 12:45:00,2687.87,2687.87,2686.31,2687.51,240,3,0,240
2024-11-08 12:48:00,2687.51,2688.49,2686.81,2688.39,242,3,0,242
2024-11-08 12:51:00,2688.36,2688.72,2687.78,2688.21,320,3,0,320
2024-11-08 12:54:00,2688.21,2688.41,2687.84,2688.39,348,3,0,348
2024-11-08 12:57:00,2688.31,2688.87,2688.01,2688.62,379,3,0,379
2024-11-08 13:00:00,2688.61,2689.05,2688.49,2688.73,274,3,0,274
2024-11-08 13:03:00,2688.73,2689.13,2687.82,2688.31,175,3,0,175
2024-11-08 13:06:00,2688.31,2689.45,2688.26,2688.72,222,3,0,222
2024-11-08 13:09:00,2688.72,2688.72,2687.25,2687.32,242,3,0,242
2024-11-08 13:12:00,2687.31,2688.36,2686.82,2688.36,214,3,0,214
2024-11-08 13:15:00,2688.38,2689.23,2688.38,2689.1,282,3,0,282
2024-11-08 13:18:00,2689.1,2689.22,2688.24,2689.0,312,3,0,312
2024-11-08 13:21:00,2689.0,2689.18,2688.4,2688.98,262,3,0,262
2024-11-08 13:24:00,2688.84,2688.92,2688.22,2688.52,262,3,0,262
2024-11-08 13:27:00,2688.51,2689.1,2687.83,2688.9,187,3,0,187
2024-11-08 13:30:00,2688.92,2689.77,2688.58,2689.61,234,3,0,234
2024-11-08 13:33:00,2689.6,2691.17,2689.44,2690.71,302,3,0,302
2024-11-08 13:36:00,2690.67,2692.27,2690.44,2692.04,338,3,0,338
2024-11-08 13:39:00,2692.06,2693.11,2691.84,2692.93,508,3,0,508
2024-11-08 13:42:00,2692.92,2694.03,2692.73,2693.33,432,3,0,432
2024-11-08 13:45:00,2693.27,2694.55,2693.03,2693.66,454,3,0,454
2024-11-08 13:48:00,2693.65,2694.95,2693.07,2694.95,415,3,0,415
2024-11-08 13:51:00,2694.96,2694.97,2692.37,2692.81,390,3,0,390
2024-11-08 13:54:00,2692.83,2693.21,2692.27,2692.28,237,3,0,237
2024-11-08 13:57:00,2692.28,2692.3,2691.08,2691.91,262,3,0,262
2024-11-08 14:00:00,2691.94,2692.14,2690.41,2690.45,263,3,0,263
2024-11-08 14:03:00,2690.43,2690.72,2689.66,2690.55,309,3,0,309
2024-11-08 14:06:00,2690.55,2690.63,2689.71,2689.8,204,3,0,204
2024-11-08 14:09:00,2689.81,2690.4,2689.5,2689.9,251,3,0,251
2024-11-08 14:12:00,2689.9,2690.18,2689.15,2689.74,225,3,0,225
2024-11-08 14:15:00,2689.74,2690.95,2689.55,2689.9,281,3,0,281
2024-11-08 14:18:00,2689.9,2690.64,2689.13,2689.45,283,3,0,283
2024-11-08 14:21:00,2689.47,2689.47,2687.25,2687.48,370,3,0,370
2024-11-08 14:24:00,2687.54,2688.71,2686.69,2686.69,409,3,0,409
2024-11-08 14:27:00,2686.69,2688.66,2686.24,2688.56,515,3,0,515
2024-11-08 14:30:00,2688.59,2689.38,2688.48,2688.69,467,3,0,467
2024-11-08 14:33:00,2688.67,2690.23,2688.57,2689.82,394,3,0,394
2024-11-08 14:36:00,2689.83,2690.64,2689.42,2689.46,332,3,0,332
2024-11-08 14:39:00,2689.38,2690.5,2689.07,2690.44,267,3,0,267
2024-11-08 14:42:00,2690.48,2690.75,2689.31,2690.0,257,3,0,257
2024-11-08 14:45:00,2689.92,2691.45,2689.91,2691.13,317,3,0,317
2024-11-08 14:48:00,2691.13,2691.68,2690.48,2691.03,291,3,0,291
2024-11-08 14:51:00,2691.04,2692.76,2690.9,2692.56,246,3,0,246
2024-11-08 14:54:00,2692.58,2692.96,2692.06,2692.68,333,3,0,333
2024-11-08 14:57:00,2692.69,2693.17,2691.94,2691.95,334,3,0,334
2024-11-08 15:00:00,2691.94,2692.07,2689.97,2690.36,800,3,0,800
2024-11-08 15:03:00,2690.35,2690.71,2688.6,2689.58,691,3,0,691
2024-11-08 15:06:00,2689.57,2689.94,2687.96,2689.38,616,3,0,616
2024-11-08 15:09:00,2689.37,2691.98,2689.06,2691.58,719,3,0,719
2024-11-08 15:12:00,2691.58,2691.62,2689.9,2691.14,673,3,0,673
2024-11-08 15:15:00,2691.14,2692.15,2690.29,2691.42,789,3,0,789
2024-11-08 15:18:00,2691.43,2692.36,2690.64,2691.34,916,3,0,916
2024-11-08 15:21:00,2691.35,2694.75,2691.1,2694.31,995,3,0,995
2024-11-08 15:24:00,2694.34,2695.05,2692.72,2695.05,721,3,0,721
2024-11-08 15:27:00,2694.97,2695.6,2693.55,2695.18,567,3,0,567
2024-11-08 15:30:00,2695.24,2696.61,2694.52,2695.99,690,3,0,690
2024-11-08 15:33:00,2696.01,2696.03,2691.95,2692.52,657,3,0,657
2024-11-08 15:36:00,2692.53,2693.78,2690.56,2691.4,731,3,0,731
2024-11-08 15:39:00,2691.39,2694.48,2690.87,2694.29,629,3,0,629
2024-11-08 15:42:00,2694.3,2695.16,2693.32,2694.86,558,3,0,558
2024-11-08 15:45:00,2694.86,2696.86,2694.77,2696.86,626,3,0,626
2024-11-08 15:48:00,2696.78,2698.46,2696.38,2698.38,596,3,0,596
2024-11-08 15:51:00,2698.41,2699.02,2697.12,2698.74,664,3,0,664
2024-11-08 15:54:00,2698.7,2701.16,2698.15,2698.29,803,3,0,803
2024-11-08 15:57:00,2698.3,2699.05,2697.07,2697.58,610,3,0,610
2024-11-08 16:00:00,2697.59,2700.05,2695.86,2699.95,733,3,0,733
2024-11-08 16:03:00,2699.96,2701.71,2698.96,2701.64,659,3,0,659
2024-11-08 16:06:00,2701.6,2704.08,2700.52,2703.69,768,3,0,768
2024-11-08 16:09:00,2703.67,2703.92,2700.88,2700.95,630,3,0,630
2024-11-08 16:12:00,2700.89,2701.75,2699.68,2700.56,715,3,0,715
2024-11-08 16:15:00,2700.53,2700.53,2698.08,2698.74,655,3,0,655
2024-11-08 16:18:00,2698.72,2699.68,2698.02,2698.92,550,3,0,550
2024-11-08 16:21:00,2698.93,2700.97,2698.83,2699.93,515,3,0,515
2024-11-08 16:24:00,2699.93,2700.85,2699.03,2699.61,587,3,0,587
2024-11-08 16:27:00,2699.62,2699.86,2696.57,2696.6,520,3,0,520
2024-11-08 16:30:00,2696.66,2699.86,2696.14,2698.44,850,3,0,850
2024-11-08 16:33:00,2698.37,2699.21,2695.59,2697.03,778,3,0,778
2024-11-08 16:36:00,2696.94,2698.35,2694.2,2694.72,826,3,0,826
2024-11-08 16:39:00,2694.63,2695.53,2693.5,2694.45,806,3,0,806
2024-11-08 16:42:00,2694.44,2694.84,2691.36,2691.46,723,3,0,723
2024-11-08 16:45:00,2691.2,2691.46,2687.92,2691.27,919,3,0,919
2024-11-08 16:48:00,2691.28,2692.03,2690.06,2691.37,741,3,0,741
2024-11-08 16:51:00,2691.29,2693.3,2690.21,2693.22,824,3,0,824
2024-11-08 16:54:00,2693.18,2693.64,2692.17,2693.64,645,3,0,645
2024-11-08 16:57:00,2693.66,2693.81,2690.98,2691.6,429,3,0,429
2024-11-08 17:00:00,2691.53,2691.7,2689.74,2691.51,731,3,0,731
2024-11-08 17:03:00,2691.55,2692.43,2688.83,2689.04,692,3,0,692
2024-11-08 17:06:00,2689.04,2690.14,2687.72,2688.62,745,3,0,745
2024-11-08 17:09:00,2688.53,2689.03,2685.42,2685.81,795,3,0,795
2024-11-08 17:12:00,2685.81,2686.21,2683.86,2685.58,936,3,0,936
2024-11-08 17:15:00,2685.61,2686.75,2684.74,2684.81,844,3,0,844
2024-11-08 17:18:00,2684.83,2687.48,2683.5,2687.31,899,3,0,899
2024-11-08 17:21:00,2687.29,2689.61,2686.88,2689.11,793,3,0,793
2024-11-08 17:24:00,2689.1,2690.59,2688.37,2690.4,780,3,0,780
2024-11-08 17:27:00,2690.41,2691.77,2689.84,2690.31,695,3,0,695
2024-11-08 17:30:00,2690.22,2692.43,2689.71,2692.16,707,3,0,707
2024-11-08 17:33:00,2692.16,2692.81,2690.88,2692.24,682,3,0,682
2024-11-08 17:36:00,2692.25,2692.87,2690.05,2691.8,548,3,0,548
2024-11-08 17:39:00,2691.8,2691.89,2688.21,2689.74,604,3,0,604
2024-11-08 17:42:00,2689.75,2690.9,2688.44,2688.64,646,3,0,646
2024-11-08 17:45:00,2688.65,2689.6,2687.94,2688.51,537,3,0,537
2024-11-08 17:48:00,2688.53,2689.57,2686.75,2687.47,426,3,0,426
2024-11-08 17:51:00,2687.54,2688.26,2686.07,2686.19,482,3,0,482
2024-11-08 17:54:00,2686.21,2687.83,2686.16,2687.43,542,3,0,542
2024-11-08 17:57:00,2687.43,2688.64,2687.26,2687.59,557,3,0,557
2024-11-08 18:00:00,2687.52,2687.63,2685.84,2685.84,443,3,0,443
2024-11-08 18:03:00,2685.84,2686.62,2685.33,2685.64,427,3,0,427
2024-11-08 18:06:00,2685.63,2687.39,2685.33,2686.44,492,3,0,492
2024-11-08 18:09:00,2686.45,2687.11,2685.74,2685.75,477,3,0,477
2024-11-08 18:12:00,2685.77,2686.25,2685.25,2685.97,514,3,0,514
2024-11-08 18:15:00,2685.99,2687.15,2685.23,2686.22,485,3,0,485
2024-11-08 18:18:00,2686.22,2687.22,2685.25,2685.83,562,3,0,562
2024-11-08 18:21:00,2685.95,2686.43,2684.71,2684.92,438,3,0,438
2024-11-08 18:24:00,2684.94,2687.32,2684.94,2687.3,431,3,0,431
2024-11-08 18:27:00,2687.3,2687.34,2686.23,2687.15,476,3,0,476
2024-11-08 18:30:00,2687.17,2689.17,2687.17,2688.87,472,3,0,472
2024-11-08 18:33:00,2688.78,2689.35,2685.14,2685.15,514,3,0,514
2024-11-08 18:36:00,2685.14,2685.14,2683.94,2684.92,479,3,0,479
2024-11-08 18:39:00,2684.93,2686.81,2684.45,2686.78,356,3,0,356
2024-11-08 18:42:00,2686.8,2687.92,2686.39,2687.92,393,3,0,393
2024-11-08 18:45:00,2687.95,2688.71,2687.81,2688.43,323,3,0,323
2024-11-08 18:48:00,2688.46,2688.74,2687.02,2687.04,336,3,0,336
2024-11-08 18:51:00,2687.06,2687.51,2686.8,2686.92,319,3,0,319
2024-11-08 18:54:00,2686.92,2687.74,2686.73,2686.73,320,3,0,320
2024-11-08 18:57:00,2686.73,2686.83,2682.91,2683.32,344,3,0,344
2024-11-08 19:00:00,2683.32,2686.09,2683.32,2684.6,522,3,0,522
2024-11-08 19:03:00,2684.59,2686.01,2683.93,2685.75,360,3,0,360
2024-11-08 19:06:00,2685.76,2686.91,2684.7,2686.28,441,3,0,441
2024-11-08 19:09:00,2686.25,2687.34,2685.97,2686.83,431,3,0,431
2024-11-08 19:12:00,2686.88,2687.36,2685.65,2686.84,409,3,0,409
2024-11-08 19:15:00,2686.84,2688.4,2686.74,2687.71,352,3,0,352
2024-11-08 19:18:00,2687.61,2688.23,2686.72,2686.83,259,3,0,259
2024-11-08 19:21:00,2686.83,2687.63,2686.25,2687.43,255,3,0,255
2024-11-08 19:24:00,2687.43,2688.64,2687.32,2687.4,280,3,0,280
2024-11-08 19:27:00,2687.3,2687.91,2686.52,2686.52,247,3,0,247
2024-11-08 19:30:00,2686.5,2688.15,2685.9,2688.13,339,3,0,339
2024-11-08 19:33:00,2688.15,2688.31,2687.07,2687.07,298,3,0,298
2024-11-08 19:36:00,2687.08,2687.08,2685.75,2686.39,355,3,0,355
2024-11-08 19:39:00,2686.39,2686.84,2686.16,2686.51,261,3,0,261
2024-11-08 19:42:00,2686.5,2686.68,2685.5,2686.09,267,3,0,267
2024-11-08 19:45:00,2686.0,2687.5,2685.59,2687.26,344,3,0,344
2024-11-08 19:48:00,2687.27,2687.79,2686.88,2687.46,279,3,0,279
2024-11-08 19:51:00,2687.48,2687.63,2686.84,2687.47,302,3,0,302
2024-11-08 19:54:00,2687.49,2688.58,2687.49,2688.25,387,3,0,387
2024-11-08 19:57:00,2688.26,2688.36,2687.67,2687.99,241,3,0,241
2024-11-08 20:00:00,2687.98,2688.7,2686.97,2687.51,367,3,0,367
2024-11-08 20:03:00,2687.51,2688.6,2687.2,2687.96,297,3,0,297
2024-11-08 20:06:00,2687.97,2688.81,2687.85,2688.58,361,3,0,361
2024-11-08 20:09:00,2688.62,2688.8,2687.96,2688.37,413,3,0,413
2024-11-08 20:12:00,2688.39,2688.67,2687.85,2688.23,322,3,0,322
2024-11-08 20:15:00,2688.25,2688.25,2686.93,2687.55,319,3,0,319
2024-11-08 20:18:00,2687.47,2688.59,2687.47,2688.23,356,3,0,356
2024-11-08 20:21:00,2688.24,2688.81,2687.9,2688.42,304,3,0,304
2024-11-08 20:24:00,2688.4,2688.45,2687.4,2687.63,355,3,0,355
2024-11-08 20:27:00,2687.71,2688.0,2686.62,2686.66,374,3,0,374
2024-11-08 20:30:00,2686.68,2687.03,2685.36,2686.76,303,3,0,303
2024-11-08 20:33:00,2686.75,2687.13,2685.36,2685.42,274,3,0,274
2024-11-08 20:36:00,2685.42,2685.51,2684.71,2684.8,211,3,0,211
2024-11-08 20:39:00,2684.8,2685.06,2684.13,2684.84,210,3,0,210
2024-11-08 20:42:00,2684.86,2685.43,2683.87,2684.45,329,3,0,329
2024-11-08 20:45:00,2684.46,2685.09,2684.25,2684.25,253,3,0,253
2024-11-08 20:48:00,2684.35,2684.52,2684.07,2684.27,201,3,0,201
2024-11-08 20:51:00,2684.29,2685.16,2684.02,2685.05,211,3,0,211
2024-11-08 20:54:00,2685.04,2685.09,2684.21,2685.0,197,3,0,197
2024-11-08 20:57:00,2685.11,2685.44,2684.71,2684.99,232,3,0,232
2024-11-08 21:00:00,2685.03,2685.58,2684.55,2684.61,270,3,0,270
2024-11-08 21:03:00,2684.6,2684.92,2684.33,2684.41,159,3,0,159
2024-11-08 21:06:00,2684.42,2685.51,2684.42,2685.49,183,3,0,183
2024-11-08 21:09:00,2685.49,2685.69,2684.41,2684.47,158,3,0,158
2024-11-08 21:12:00,2684.46,2684.86,2683.95,2684.03,218,3,0,218
2024-11-08 21:15:00,2684.04,2684.97,2683.85,2684.23,300,3,0,300
2024-11-08 21:18:00,2684.24,2684.37,2683.48,2683.63,228,3,0,228
2024-11-08 21:21:00,2683.62,2683.81,2683.31,2683.74,194,3,0,194
2024-11-08 21:24:00,2683.73,2684.45,2683.73,2684.04,207,3,0,207
2024-11-08 21:27:00,2684.07,2684.59,2683.73,2683.92,230,3,0,230
2024-11-08 21:30:00,2683.97,2685.42,2683.83,2685.35,247,3,0,247
2024-11-08 21:33:00,2685.42,2685.55,2684.86,2685.18,172,3,0,172
2024-11-08 21:36:00,2685.23,2686.26,2685.09,2685.98,215,3,0,215
2024-11-08 21:39:00,2686.0,2686.55,2685.64,2686.05,250,3,0,250
2024-11-08 21:42:00,2686.05,2686.24,2685.66,2685.66,131,3,0,131
2024-11-08 21:45:00,2685.65,2686.47,2685.56,2686.39,187,3,0,187
2024-11-08 21:48:00,2686.38,2686.87,2686.06,2686.46,182,3,0,182
2024-11-08 21:51:00,2686.45,2686.62,2685.87,2686.36,192,3,0,192
2024-11-08 21:54:00,2686.35,2687.34,2686.35,2687.12,213,3,0,213
2024-11-08 21:57:00,2687.14,2687.56,2687.02,2687.16,257,3,0,257
2024-11-08 22:00:00,2687.16,2687.92,2686.76,2686.86,364,3,0,364
2024-11-08 22:03:00,2686.88,2687.18,2686.17,2687.06,232,3,0,232
2024-11-08 22:06:00,2687.07,2688.27,2687.07,2687.12,269,3,0,269
2024-11-08 22:09:00,2687.1,2687.35,2686.07,2686.47,259,3,0,259
2024-11-08 22:12:00,2686.46,2686.76,2685.81,2686.72,173,3,0,173
2024-11-08 22:15:00,2686.73,2687.09,2686.6,2686.92,148,3,0,148
2024-11-08 22:18:00,2686.96,2687.81,2686.52,2687.81,213,3,0,213
2024-11-08 22:21:00,2687.77,2688.62,2687.66,2688.07,261,3,0,261
2024-11-08 22:24:00,2688.08,2688.33,2687.34,2687.34,170,3,0,170
2024-11-08 22:27:00,2687.34,2688.14,2687.14,2688.12,152,3,0,152
2024-11-08 22:30:00,2688.13,2688.41,2687.58,2688.12,149,3,0,149
2024-11-08 22:33:00,2688.12,2688.22,2687.27,2687.31,87,3,0,87
2024-11-08 22:36:00,2687.3,2687.58,2686.72,2687.52,118,3,0,118
2024-11-08 22:39:00,2687.55,2688.41,2687.55,2687.63,150,3,0,150
2024-11-08 22:42:00,2687.61,2687.81,2687.31,2687.31,135,3,0,135
2024-11-08 22:45:00,2687.33,2687.73,2686.91,2687.49,168,3,0,168
2024-11-08 22:48:00,2687.5,2687.5,2687.0,2687.09,234,3,0,234
2024-11-08 22:51:00,2687.09,2687.37,2686.29,2686.35,325,3,0,325
2024-11-08 22:54:00,2686.39,2686.76,2685.98,2686.0,270,3,0,270
2024-11-08 22:57:00,2685.94,2686.02,2685.02,2685.15,499,3,0,499
2024-11-08 23:00:00,2685.16,2685.93,2685.1,2685.24,201,3,0,201
2024-11-08 23:03:00,2685.17,2685.29,2684.54,2684.68,75,3,0,75
2024-11-08 23:06:00,2684.7,2685.1,2684.51,2685.1,70,3,0,70
2024-11-08 23:09:00,2685.06,2685.29,2684.86,2685.29,67,3,0,67
2024-11-08 23:12:00,2685.3,2685.41,2684.75,2685.02,102,3,0,102
2024-11-08 23:15:00,2684.98,2685.01,2684.59,2684.59,117,3,0,117
2024-11-08 23:18:00,2684.58,2684.7,2684.41,2684.51,126,3,0,126
2024-11-08 23:21:00,2684.58,2684.69,2682.93,2683.26,136,3,0,136
2024-11-08 23:24:00,2683.22,2684.31,2683.16,2683.84,91,3,0,91
2024-11-08 23:27:00,2683.92,2684.14,2683.45,2683.45,103,3,0,103
2024-11-08 23:30:00,2683.45,2684.04,2683.45,2683.84,95,3,0,95
2024-11-08 23:33:00,2683.85,2684.25,2683.26,2683.55,66,3,0,66
2024-11-08 23:36:00,2683.56,2683.85,2683.55,2683.85,45,3,0,45
2024-11-08 23:39:00,2683.79,2684.24,2683.6,2683.84,68,3,0,68
2024-11-08 23:42:00,2683.83,2684.03,2683.82,2683.94,42,3,0,42
2024-11-08 23:45:00,2683.96,2684.16,2683.62,2684.15,95,3,0,95
2024-11-08 23:48:00,2684.14,2684.3,2683.91,2684.02,92,3,0,92
2024-11-08 23:51:00,2684.02,2684.73,2684.02,2684.73,93,3,0,93
2024-11-08 23:54:00,2684.75,2684.8,2683.96,2684.2,169,3,0,169
2024-11-08 23:57:00,2684.18,2684.95,2684.04,2684.06,89,3,0,89
2024-11-11 01:03:00,2682.45,2682.97,2681.74,2682.81,74,11,0,74
2024-11-11 01:06:00,2682.81,2683.28,2681.56,2682.82,320,3,0,320
2024-11-11 01:09:00,2682.83,2683.16,2682.38,2683.08,225,3,0,225
2024-11-11 01:12:00,2683.07,2683.28,2682.75,2683.02,165,3,0,165
2024-11-11 01:15:00,2683.0,2683.21,2682.91,2683.08,172,3,0,172
2024-11-11 01:18:00,2683.06,2683.26,2682.82,2682.96,203,3,0,203
2024-11-11 01:21:00,2682.92,2683.32,2682.63,2683.32,156,3,0,156
2024-11-11 01:24:00,2683.31,2683.74,2682.56,2682.89,259,3,0,259
2024-11-11 01:27:00,2682.92,2683.15,2682.71,2683.05,93,3,0,93
2024-11-11 01:30:00,2683.02,2684.13,2682.99,2683.98,163,3,0,163
2024-11-11 01:33:00,2683.97,2684.56,2683.31,2683.37,162,3,0,162
2024-11-11 01:36:00,2683.37,2684.0,2683.17,2683.55,143,3,0,143
2024-11-11 01:39:00,2683.54,2683.54,2682.29,2682.4,158,3,0,158
2024-11-11 01:42:00,2682.49,2683.59,2682.39,2683.49,171,3,0,171
2024-11-11 01:45:00,2683.45,2683.83,2683.09,2683.21,90,3,0,90
2024-11-11 01:48:00,2683.27,2683.77,2683.24,2683.31,61,3,0,61
2024-11-11 01:51:00,2683.34,2683.34,2683.02,2683.25,68,3,0,68
2024-11-11 01:54:00,2683.34,2684.68,2683.34,2684.62,129,3,0,129
2024-11-11 01:57:00,2684.62,2685.73,2684.6,2685.62,155,3,0,155
2024-11-11 02:00:00,2685.62,2686.17,2684.42,2685.04,326,3,0,326
2024-11-11 02:03:00,2685.05,2685.28,2683.97,2684.0,139,3,0,139
2024-11-11 02:06:00,2684.0,2684.66,2683.8,2684.59,125,4,0,125
2024-11-11 02:09:00,2684.6,2684.64,2683.48,2683.72,142,3,0,142
2024-11-11 02:12:00,2683.72,2684.05,2683.33,2683.49,263,3,0,263
2024-11-11 02:15:00,2683.5,2683.62,2682.88,2683.25,206,3,0,206
2024-11-11 02:18:00,2683.25,2683.42,2682.69,2682.87,173,3,0,173
2024-11-11 02:21:00,2682.86,2683.28,2682.82,2683.08,116,3,0,116
2024-11-11 02:24:00,2682.95,2683.78,2682.78,2682.8,189,3,0,189
2024-11-11 02:27:00,2682.78,2683.77,2682.78,2683.59,118,3,0,118
2024-11-11 02:30:00,2683.59,2684.7,2683.59,2684.04,144,3,0,144
2024-11-11 02:33:00,2684.06,2684.63,2683.91,2683.91,104,3,0,104
2024-11-11 02:36:00,2683.91,2684.13,2683.52,2683.82,68,3,0,68
2024-11-11 02:39:00,2683.82,2684.21,2683.48,2683.51,62,3,0,62
2024-11-11 02:42:00,2683.49,2684.03,2683.48,2683.87,59,3,0,59
2024-11-11 02:45:00,2683.89,2684.79,2683.57,2684.79,109,3,0,109
2024-11-11 02:48:00,2684.75,2685.01,2684.48,2684.54,84,3,0,84
2024-11-11 02:51:00,2684.54,2685.05,2684.54,2684.95,127,3,0,127
2024-11-11 02:54:00,2684.95,2685.41,2684.84,2685.05,245,3,0,245
2024-11-11 02:57:00,2685.05,2685.05,2684.04,2684.04,132,3,0,132
2024-11-11 03:00:00,2684.04,2684.94,2680.83,2680.86,582,3,0,582
2024-11-11 03:03:00,2680.86,2681.8,2676.78,2677.4,762,3,0,762
2024-11-11 03:06:00,2677.39,2679.5,2676.2,2679.4,820,3,0,820
2024-11-11 03:09:00,2679.4,2680.32,2678.21,2678.55,634,3,0,634
2024-11-11 03:12:00,2678.56,2679.46,2677.34,2677.76,692,3,0,692
2024-11-11 03:15:00,2677.8,2678.07,2674.51,2674.96,639,3,0,639
2024-11-11 03:18:00,2674.96,2675.87,2673.83,2673.97,616,3,0,616
2024-11-11 03:21:00,2673.97,2677.6,2672.77,2675.77,537,3,0,537
2024-11-11 03:24:00,2675.76,2675.87,2674.08,2674.86,506,3,0,506
2024-11-11 03:27:00,2674.9,2676.39,2674.1,2675.7,423,3,0,423
2024-11-11 03:30:00,2675.7,2678.38,2675.48,2675.71,676,3,0,676
2024-11-11 03:33:00,2675.71,2677.03,2674.74,2675.99,561,3,0,561
2024-11-11 03:36:00,2676.03,2677.59,2675.92,2677.45,501,3,0,501
2024-11-11 03:39:00,2677.42,2678.03,2676.67,2677.55,546,3,0,546
2024-11-11 03:42:00,2677.55,2678.11,2675.68,2676.25,337,3,0,337
2024-11-11 03:45:00,2676.24,2676.31,2674.67,2675.6,463,3,0,463
2024-11-11 03:48:00,2675.57,2676.12,2674.73,2675.21,378,3,0,378
2024-11-11 03:51:00,2675.22,2676.99,2675.22,2676.66,309,3,0,309
2024-11-11 03:54:00,2676.59,2676.59,2673.87,2673.97,467,3,0,467
2024-11-11 03:57:00,2673.95,2674.35,2671.85,2673.01,499,3,0,499
2024-11-11 04:00:00,2673.02,2673.1,2671.33,2671.61,427,3,0,427
2024-11-11 04:03:00,2671.64,2674.27,2671.64,2673.53,485,3,0,485
2024-11-11 04:06:00,2673.57,2673.67,2672.42,2672.72,407,3,0,407
2024-11-11 04:09:00,2672.7,2673.65,2672.57,2672.85,322,3,0,322
2024-11-11 04:12:00,2672.76,2673.66,2672.26,2673.2,232,3,0,232
2024-11-11 04:15:00,2673.16,2675.24,2673.01,2674.55,276,3,0,276
2024-11-11 04:18:00,2674.59,2674.61,2673.56,2673.84,218,3,0,218
2024-11-11 04:21:00,2673.95,2674.2,2673.33,2673.63,169,3,0,169
2024-11-11 04:24:00,2673.64,2673.9,2672.83,2673.17,184,3,0,184
2024-11-11 04:27:00,2673.17,2674.24,2673.13,2673.23,182,3,0,182
2024-11-11 04:30:00,2673.23,2673.27,2670.75,2671.17,525,3,0,525
2024-11-11 04:33:00,2671.15,2671.2,2668.92,2669.99,579,3,0,579
2024-11-11 04:36:00,2670.03,2670.1,2666.52,2669.01,763,3,0,763
2024-11-11 04:39:00,2669.01,2669.58,2666.83,2668.38,473,3,0,473
2024-11-11 04:42:00,2668.32,2669.99,2668.03,2669.85,321,3,0,321
2024-11-11 04:45:00,2669.87,2670.64,2669.41,2669.42,370,3,0,370
2024-11-11 04:48:00,2669.4,2670.29,2668.71,2670.08,247,3,0,247
2024-11-11 04:51:00,2670.15,2670.64,2669.38,2670.27,405,3,0,405
2024-11-11 04:54:00,2670.43,2671.31,2670.13,2671.01,356,3,0,356
2024-11-11 04:57:00,2671.04,2672.34,2670.89,2671.99,488,3,0,488
2024-11-11 05:00:00,2671.98,2672.02,2671.13,2671.51,216,3,0,216
2024-11-11 05:03:00,2671.45,2671.46,2669.52,2669.53,235,3,0,235
2024-11-11 05:06:00,2669.53,2669.61,2668.73,2669.12,289,3,0,289
2024-11-11 05:09:00,2669.1,2670.37,2669.03,2670.31,238,3,0,238
2024-11-11 05:12:00,2670.32,2670.63,2669.34,2670.26,263,3,0,263
2024-11-11 05:15:00,2670.18,2670.54,2669.89,2670.0,332,3,0,332
2024-11-11 05:18:00,2670.05,2670.47,2669.14,2669.97,228,3,0,228
2024-11-11 05:21:00,2669.97,2670.29,2669.41,2669.72,159,3,0,159
2024-11-11 05:24:00,2669.7,2669.74,2669.01,2669.23,249,3,0,249
2024-11-11 05:27:00,2669.24,2669.28,2668.1,2668.68,324,3,0,324
2024-11-11 05:30:00,2668.71,2668.99,2668.08,2668.26,254,3,0,254
2024-11-11 05:33:00,2668.31,2669.21,2668.31,2668.59,182,3,0,182
2024-11-11 05:36:00,2668.63,2668.76,2668.24,2668.28,139,3,0,139
2024-11-11 05:39:00,2668.29,2669.01,2668.13,2668.72,65,3,0,65
2024-11-11 05:42:00,2668.76,2670.73,2668.62,2670.69,163,3,0,163
2024-11-11 05:45:00,2670.71,2671.45,2670.57,2670.98,314,3,0,314
2024-11-11 05:48:00,2671.0,2671.69,2670.9,2671.21,146,3,0,146
2024-11-11 05:51:00,2671.21,2671.21,2670.55,2670.63,132,3,0,132
2024-11-11 05:54:00,2670.66,2670.9,2670.45,2670.83,83,3,0,83
2024-11-11 05:57:00,2670.83,2670.83,2670.12,2670.3,210,3,0,210
2024-11-11 06:00:00,2670.27,2670.84,2669.51,2669.85,225,3,0,225
2024-11-11 06:03:00,2669.86,2670.09,2669.56,2669.61,216,3,0,216
2024-11-11 06:06:00,2669.62,2670.76,2669.59,2669.89,240,3,0,240
2024-11-11 06:09:00,2669.84,2670.11,2669.63,2669.98,124,3,0,124
2024-11-11 06:12:00,2669.98,2670.13,2669.57,2669.94,135,3,0,135
2024-11-11 06:15:00,2669.89,2670.75,2669.84,2670.38,130,3,0,130
2024-11-11 06:18:00,2670.48,2670.48,2669.55,2669.8,122,3,0,122
2024-11-11 06:21:00,2669.83,2670.18,2669.74,2669.96,118,3,0,118
2024-11-11 06:24:00,2670.01,2670.93,2669.94,2670.51,903,3,0,903
2024-11-11 06:27:00,2670.53,2670.74,2670.31,2670.5,648,3,0,648
2024-11-11 06:30:00,2670.5,2670.92,2670.37,2670.7,407,3,0,407
2024-11-11 06:33:00,2670.68,2670.96,2670.45,2670.68,308,3,0,308
2024-11-11 06:36:00,2670.7,2670.91,2670.39,2670.54,517,3,0,517
2024-11-11 06:39:00,2670.56,2670.68,2670.37,2670.41,369,3,0,369
2024-11-11 06:42:00,2670.41,2670.45,2669.46,2669.65,118,5,0,118
2024-11-11 06:45:00,2669.65,2670.24,2669.63,2670.01,98,6,0,98
2024-11-11 06:48:00,2670.01,2670.34,2668.86,2669.54,152,3,0,152
2024-11-11 06:51:00,2669.59,2670.66,2669.38,2670.66,149,3,0,149
2024-11-11 06:54:00,2670.67,2671.43,2670.11,2671.39,180,3,0,180
2024-11-11 06:57:00,2671.4,2672.47,2671.4,2672.22,212,3,0,212
2024-11-11 07:00:00,2672.24,2672.65,2671.71,2672.58,144,3,0,144
2024-11-11 07:03:00,2672.59,2674.33,2672.51,2673.14,265,3,0,265
2024-11-11 07:06:00,2673.1,2673.46,2672.8,2672.92,199,3,0,199
2024-11-11 07:09:00,2672.92,2673.75,2672.79,2673.68,249,3,0,249
2024-11-11 07:12:00,2673.7,2674.1,2670.43,2670.95,364,3,0,364
2024-11-11 07:15:00,2670.96,2671.78,2670.96,2671.77,222,3,0,222
2024-11-11 07:18:00,2671.78,2672.05,2671.04,2671.13,111,3,0,111
2024-11-11 07:21:00,2671.11,2671.15,2667.05,2668.49,372,3,0,372
2024-11-11 07:24:00,2668.49,2669.51,2668.37,2668.81,281,3,0,281
2024-11-11 07:27:00,2668.81,2669.62,2668.67,2669.36,158,3,0,158
2024-11-11 07:30:00,2669.34,2669.74,2669.1,2669.14,304,3,0,304
2024-11-11 07:33:00,2669.17,2669.61,2668.84,2669.07,235,3,0,235
2024-11-11 07:36:00,2669.02,2669.1,2667.57,2667.7,304,3,0,304
2024-11-11 07:39:00,2667.7,2669.5,2667.27,2669.41,242,3,0,242
2024-11-11 07:42:00,2669.42,2670.24,2669.42,2670.08,259,3,0,259
2024-11-11 07:45:00,2670.08,2670.18,2669.57,2670.01,251,3,0,251
2024-11-11 07:48:00,2669.92,2671.5,2669.92,2670.91,419,3,0,419
2024-11-11 07:51:00,2670.92,2671.31,2670.34,2670.4,330,3,0,330
2024-11-11 07:54:00,2670.41,2670.49,2668.77,2668.99,272,3,0,272
2024-11-11 07:57:00,2668.99,2669.43,2668.21,2669.25,236,3,0,236
2024-11-11 08:00:00,2669.27,2670.2,2668.47,2670.2,337,3,0,337
2024-11-11 08:03:00,2670.21,2670.61,2669.62,2670.17,265,3,0,265
2024-11-11 08:06:00,2670.17,2672.03,2670.03,2671.19,349,3,0,349
2024-11-11 08:09:00,2671.18,2671.78,2670.84,2671.0,299,4,0,299
2024-11-11 08:12:00,2670.98,2671.26,2670.56,2670.99,277,5,0,277
2024-11-11 08:15:00,2670.98,2672.03,2670.91,2671.99,279,3,0,279
2024-11-11 08:18:00,2671.99,2673.34,2671.92,2672.64,306,3,0,306
2024-11-11 08:21:00,2672.63,2674.16,2672.33,2674.05,216,3,0,216
2024-11-11 08:24:00,2674.06,2674.08,2672.6,2673.87,417,3,0,417
2024-11-11 08:27:00,2673.84,2674.03,2672.38,2672.63,434,3,0,434
2024-11-11 08:30:00,2672.64,2673.63,2672.53,2673.6,364,3,0,364
2024-11-11 08:33:00,2673.59,2673.65,2671.55,2672.66,533,3,0,533
2024-11-11 08:36:00,2672.69,2673.16,2672.39,2672.48,244,3,0,244
2024-11-11 08:39:00,2672.47,2673.15,2671.98,2672.19,310,3,0,310
2024-11-11 08:42:00,2672.13,2672.94,2671.95,2672.64,257,3,0,257
2024-11-11 08:45:00,2672.6,2672.63,2671.91,2672.56,280,3,0,280
2024-11-11 08:48:00,2672.56,2672.69,2671.88,2672.49,221,4,0,221
2024-11-11 08:51:00,2672.49,2672.86,2672.2,2672.66,299,5,0,299
2024-11-11 08:54:00,2672.65,2673.68,2672.65,2673.54,305,3,0,305
2024-11-11 08:57:00,2673.54,2673.69,2673.0,2673.23,304,3,0,304
2024-11-11 09:00:00,2673.28,2674.04,2673.17,2673.61,390,3,0,390
2024-11-11 09:03:00,2673.61,2673.63,2671.59,2671.71,464,3,0,464
2024-11-11 09:06:00,2671.71,2672.74,2669.89,2670.86,504,3,0,504
2024-11-11 09:09:00,2670.79,2670.96,2669.37,2670.25,454,3,0,454
2024-11-11 09:12:00,2670.25,2672.18,2669.73,2672.15,453,3,0,453
2024-11-11 09:15:00,2672.16,2672.22,2671.4,2671.42,364,3,0,364
2024-11-11 09:18:00,2671.43,2672.61,2671.41,2671.94,416,3,0,416
2024-11-11 09:21:00,2671.94,2672.57,2671.39,2671.81,399,3,0,399
2024-11-11 09:24:00,2671.79,2672.0,2670.98,2671.54,343,3,0,343
2024-11-11 09:27:00,2671.56,2672.59,2671.47,2672.39,301,3,0,301
2024-11-11 09:30:00,2672.39,2672.7,2670.96,2671.36,335,3,0,335
2024-11-11 09:33:00,2671.36,2671.9,2670.22,2670.36,378,3,0,378
2024-11-11 09:36:00,2670.36,2671.8,2670.31,2671.8,309,3,0,309
2024-11-11 09:39:00,2671.8,2672.61,2671.49,2672.16,287,3,0,287
2024-11-11 09:42:00,2672.16,2672.67,2671.14,2671.22,243,3,0,243
2024-11-11 09:45:00,2671.23,2671.6,2670.12,2670.64,496,3,0,496
2024-11-11 09:48:00,2670.66,2670.87,2669.59,2669.64,488,3,0,488
2024-11-11 09:51:00,2669.64,2670.0,2669.11,2669.22,362,3,0,362
2024-11-11 09:54:00,2669.19,2669.69,2668.99,2669.45,338,3,0,338
2024-11-11 09:57:00,2669.48,2669.87,2668.85,2669.62,423,3,0,423
2024-11-11 10:00:00,2669.6,2669.68,2668.85,2669.15,568,3,0,568
2024-11-11 10:03:00,2669.16,2669.91,2668.92,2669.09,440,3,0,440
2024-11-11 10:06:00,2669.07,2669.8,2668.71,2669.11,444,3,0,444
2024-11-11 10:09:00,2669.14,2670.75,2669.11,2670.75,372,3,0,372
2024-11-11 10:12:00,2670.74,2671.68,2670.58,2671.05,336,3,0,336
2024-11-11 10:15:00,2671.13,2671.56,2670.55,2671.12,317,3,0,317
2024-11-11 10:18:00,2671.18,2671.78,2669.1,2669.27,378,3,0,378
2024-11-11 10:21:00,2669.25,2669.77,2668.21,2669.12,425,3,0,425
2024-11-11 10:24:00,2669.1,2669.63,2668.5,2669.42,360,3,0,360
2024-11-11 10:27:00,2669.42,2670.36,2669.05,2670.15,310,3,0,310
2024-11-11 10:30:00,2670.17,2670.19,2668.32,2668.96,429,3,0,429
2024-11-11 10:33:00,2668.94,2669.06,2667.75,2667.78,439,3,0,439
2024-11-11 10:36:00,2667.78,2670.62,2667.64,2670.19,438,3,0,438
2024-11-11 10:39:00,2670.15,2670.81,2669.96,2670.37,338,3,0,338
2024-11-11 10:42:00,2670.36,2670.4,2669.32,2669.48,233,3,0,233
2024-11-11 10:45:00,2669.47,2670.27,2668.41,2669.9,339,3,0,339
2024-11-11 10:48:00,2669.91,2670.5,2669.44,2670.3,358,3,0,358
2024-11-11 10:51:00,2670.29,2670.39,2668.79,2669.38,578,3,0,578
2024-11-11 10:54:00,2669.37,2669.74,2668.44,2669.4,456,3,0,456
2024-11-11 10:57:00,2669.39,2670.66,2669.29,2669.58,379,3,0,379
2024-11-11 11:00:00,2669.57,2670.67,2669.37,2670.39,413,3,0,413
2024-11-11 11:03:00,2670.43,2670.83,2669.05,2669.51,362,3,0,362
2024-11-11 11:06:00,2669.5,2670.13,2668.81,2669.37,471,3,0,471
2024-11-11 11:09:00,2669.37,2669.63,2668.41,2669.02,479,3,0,479
2024-11-11 11:12:00,2668.97,2669.18,2667.95,2668.01,302,3,0,302
2024-11-11 11:15:00,2667.99,2668.13,2667.38,2667.93,458,3,0,458
2024-11-11 11:18:00,2667.94,2668.62,2665.8,2665.8,377,3,0,377
2024-11-11 11:21:00,2665.85,2666.91,2664.52,2666.0,621,3,0,621
2024-11-11 11:24:00,2665.98,2666.8,2665.6,2666.03,548,3,0,548
2024-11-11 11:27:00,2666.03,2666.95,2665.04,2665.57,608,3,0,608
2024-11-11 11:30:00,2665.55,2666.98,2665.23,2666.27,469,3,0,469
2024-11-11 11:33:00,2666.29,2666.94,2665.67,2666.72,315,3,0,315
2024-11-11 11:36:00,2666.64,2667.58,2666.17,2667.08,181,3,0,181
2024-11-11 11:39:00,2667.12,2667.35,2666.44,2666.65,178,3,0,178
2024-11-11 11:42:00,2666.67,2667.46,2666.26,2667.02,269,3,0,269
2024-11-11 11:45:00,2667.02,2667.97,2666.8,2667.22,294,3,0,294
2024-11-11 11:48:00,2667.22,2667.5,2666.25,2666.51,287,3,0,287
2024-11-11 11:51:00,2666.5,2666.7,2663.92,2665.58,396,3,0,396
2024-11-11 11:54:00,2665.56,2666.68,2665.56,2666.21,241,3,0,241
2024-11-11 11:57:00,2666.23,2667.63,2666.09,2666.87,278,3,0,278
2024-11-11 12:00:00,2666.86,2668.38,2666.64,2668.35,224,3,0,224
2024-11-11 12:03:00,2668.35,2670.66,2668.33,2669.82,321,3,0,321
2024-11-11 12:06:00,2669.83,2670.87,2669.29,2670.48,276,3,0,276
2024-11-11 12:09:00,2670.47,2671.72,2670.35,2671.28,292,3,0,292
2024-11-11 12:12:00,2671.29,2672.3,2670.73,2671.84,276,3,0,276
2024-11-11 12:15:00,2671.84,2673.0,2671.81,2672.94,277,3,0,277
2024-11-11 12:18:00,2672.94,2675.34,2671.87,2674.74,509,3,0,509
2024-11-11 12:21:00,2674.67,2675.01,2673.02,2673.9,554,3,0,554
2024-11-11 12:24:00,2673.92,2674.55,2671.39,2671.59,470,3,0,470
2024-11-11 12:27:00,2671.59,2671.89,2670.33,2670.46,302,3,0,302
2024-11-11 12:30:00,2670.46,2671.17,2669.72,2669.72,349,3,0,349
2024-11-11 12:33:00,2669.68,2670.1,2669.1,2669.59,240,3,0,240
2024-11-11 12:36:00,2669.6,2669.86,2668.81,2668.93,277,3,0,277
2024-11-11 12:39:00,2668.92,2669.18,2668.71,2669.18,247,3,0,247
2024-11-11 12:42:00,2669.19,2669.46,2668.39,2668.5,269,3,0,269
2024-11-11 12:45:00,2668.5,2668.68,2668.01,2668.58,186,3,0,186
2024-11-11 12:48:00,2668.59,2669.33,2667.94,2667.94,205,3,0,205
2024-11-11 12:51:00,2667.96,2668.31,2665.33,2665.59,356,3,0,356
2024-11-11 12:54:00,2665.6,2665.7,2664.2,2664.38,416,3,0,416
2024-11-11 12:57:00,2664.39,2664.41,2661.03,2661.93,578,3,0,578
2024-11-11 13:00:00,2661.94,2662.54,2660.37,2660.64,590,3,0,590
2024-11-11 13:03:00,2660.65,2662.83,2659.08,2662.58,728,3,0,728
2024-11-11 13:06:00,2662.59,2664.42,2662.49,2664.41,642,3,0,642
2024-11-11 13:09:00,2664.46,2664.48,2662.11,2663.2,327,3,0,327
2024-11-11 13:12:00,2663.19,2664.0,2662.62,2663.91,244,3,0,244
2024-11-11 13:15:00,2663.89,2665.42,2663.86,2664.94,314,3,0,314
2024-11-11 13:18:00,2665.0,2665.21,2664.01,2664.94,245,3,0,245
2024-11-11 13:21:00,2664.97,2666.37,2664.82,2665.9,227,3,0,227
2024-11-11 13:24:00,2665.9,2666.38,2664.78,2666.35,295,3,0,295
2024-11-11 13:27:00,2666.35,2666.35,2665.15,2666.05,234,3,0,234
2024-11-11 13:30:00,2666.04,2666.85,2665.17,2666.75,350,3,0,350
2024-11-11 13:33:00,2666.77,2667.05,2665.65,2666.85,281,3,0,281
2024-11-11 13:36:00,2666.87,2666.95,2665.85,2665.85,247,3,0,247
2024-11-11 13:39:00,2665.85,2666.51,2665.03,2666.21,296,3,0,296
2024-11-11 13:42:00,2666.18,2666.46,2664.81,2665.02,306,3,0,306
2024-11-11 13:45:00,2665.02,2666.25,2663.56,2664.24,448,3,0,448
2024-11-11 13:48:00,2664.23,2665.35,2663.99,2664.41,311,3,0,311
2024-11-11 13:51:00,2664.4,2664.61,2663.22,2663.66,379,3,0,379
2024-11-11 13:54:00,2663.67,2663.94,2662.29,2662.91,418,3,0,418
2024-11-11 13:57:00,2662.94,2662.94,2662.25,2662.63,336,3,0,336
2024-11-11 14:00:00,2662.63,2663.19,2661.15,2661.16,495,3,0,495
2024-11-11 14:03:00,2661.14,2661.4,2659.91,2660.5,440,3,0,440
2024-11-11 14:06:00,2660.47,2661.34,2659.84,2660.56,429,3,0,429
2024-11-11 14:09:00,2660.46,2661.02,2659.84,2661.01,362,3,0,362
2024-11-11 14:12:00,2661.01,2661.21,2659.23,2660.17,397,3,0,397
2024-11-11 14:15:00,2660.19,2661.88,2660.11,2660.11,402,3,0,402
2024-11-11 14:18:00,2660.06,2660.29,2659.08,2659.76,371,3,0,371
2024-11-11 14:21:00,2659.75,2660.55,2659.28,2659.95,358,3,0,358
2024-11-11 14:24:00,2659.95,2661.43,2659.85,2661.22,355,3,0,355
2024-11-11 14:27:00,2661.24,2661.62,2660.8,2660.87,216,3,0,216
2024-11-11 14:30:00,2660.88,2661.66,2659.67,2659.79,240,3,0,240
2024-11-11 14:33:00,2659.79,2659.79,2657.9,2658.95,378,3,0,378
2024-11-11 14:36:00,2658.94,2660.62,2658.92,2660.22,293,3,0,293
2024-11-11 14:39:00,2660.22,2662.51,2659.91,2661.94,335,3,0,335
2024-11-11 14:42:00,2661.93,2662.41,2661.19,2661.63,241,3,0,241
2024-11-11 14:45:00,2661.59,2662.08,2659.89,2660.2,288,3,0,288
2024-11-11 14:48:00,2660.2,2660.24,2658.47,2658.55,286,3,0,286
2024-11-11 14:51:00,2658.55,2659.22,2657.85,2658.7,299,3,0,299
2024-11-11 14:54:00,2658.72,2659.25,2657.9,2659.09,304,3,0,304
2024-11-11 14:57:00,2659.07,2659.08,2656.74,2657.28,376,3,0,376
2024-11-11 15:00:00,2657.26,2657.26,2652.21,2654.18,1232,3,0,1232
2024-11-11 15:03:00,2654.13,2657.39,2653.79,2655.08,719,3,0,719
2024-11-11 15:06:00,2654.89,2655.59,2653.35,2655.28,752,3,0,752
2024-11-11 15:09:00,2655.28,2656.65,2654.21,2655.46,524,3,0,524
2024-11-11 15:12:00,2655.46,2657.47,2655.24,2656.52,514,3,0,514
2024-11-11 15:15:00,2656.55,2657.58,2655.79,2656.68,524,3,0,524
2024-11-11 15:18:00,2656.71,2656.99,2653.43,2654.68,563,3,0,563
2024-11-11 15:21:00,2654.73,2657.62,2654.73,2657.23,595,3,0,595
2024-11-11 15:24:00,2657.16,2657.49,2653.48,2653.97,553,3,0,553
2024-11-11 15:27:00,2653.96,2654.88,2651.44,2651.46,607,3,0,607
2024-11-11 15:30:00,2651.45,2652.83,2647.71,2647.74,856,3,0,856
2024-11-11 15:33:00,2647.76,2647.8,2640.02,2641.28,1168,3,0,1168
2024-11-11 15:36:00,2641.27,2642.37,2639.87,2640.12,1022,3,0,1022
2024-11-11 15:39:00,2640.2,2641.19,2636.4,2637.25,1005,3,0,1005
2024-11-11 15:42:00,2637.22,2640.41,2637.22,2637.8,785,3,0,785
2024-11-11 15:45:00,2637.8,2640.67,2636.86,2640.16,796,3,0,796
2024-11-11 15:48:00,2640.14,2640.92,2637.17,2638.57,880,3,0,880
2024-11-11 15:51:00,2638.49,2639.34,2634.99,2635.53,852,3,0,852
2024-11-11 15:54:00,2635.49,2637.31,2634.42,2637.15,986,3,0,986
2024-11-11 15:57:00,2637.14,2637.65,2634.39,2635.55,665,3,0,665
2024-11-11 16:00:00,2635.56,2635.69,2630.83,2631.47,1008,3,0,1008
2024-11-11 16:03:00,2631.49,2635.58,2631.41,2631.44,1037,3,0,1037
2024-11-11 16:06:00,2631.43,2632.74,2629.61,2629.88,791,3,0,791
2024-11-11 16:09:00,2629.88,2631.49,2627.64,2629.8,969,3,0,969
2024-11-11 16:12:00,2629.82,2633.53,2629.82,2632.7,871,3,0,871
2024-11-11 16:15:00,2632.7,2633.96,2631.34,2633.73,719,3,0,719
2024-11-11 16:18:00,2633.72,2635.6,2632.23,2632.69,698,3,0,698
2024-11-11 16:21:00,2632.67,2634.37,2631.28,2631.3,489,3,0,489
2024-11-11 16:24:00,2631.28,2632.12,2629.71,2630.93,554,3,0,554
2024-11-11 16:27:00,2630.95,2631.01,2627.33,2628.34,685,3,0,685
2024-11-11 16:30:00,2628.38,2628.38,2623.82,2626.18,1042,3,0,1042
2024-11-11 16:33:00,2626.15,2626.15,2622.48,2624.33,1014,3,0,1014
2024-11-11 16:36:00,2624.35,2624.92,2621.4,2623.89,1030,3,0,1030
2024-11-11 16:39:00,2623.79,2624.68,2621.46,2622.72,1051,3,0,1051
2024-11-11 16:42:00,2622.7,2623.73,2617.83,2620.22,1012,3,0,1012
2024-11-11 16:45:00,2620.16,2624.19,2619.35,2623.35,979,3,0,979
2024-11-11 16:48:00,2623.36,2625.05,2622.9,2624.4,1004,3,0,1004
2024-11-11 16:51:00,2624.4,2626.1,2623.04,2623.04,862,3,0,862
2024-11-11 16:54:00,2623.03,2623.46,2621.83,2621.96,778,3,0,778
2024-11-11 16:57:00,2621.96,2623.99,2621.22,2622.48,754,3,0,754
2024-11-11 17:00:00,2622.51,2625.89,2622.51,2625.13,808,3,0,808
2024-11-11 17:03:00,2625.13,2626.34,2624.05,2625.88,779,3,0,779
2024-11-11 17:06:00,2625.87,2625.96,2622.18,2622.59,852,3,0,852
2024-11-11 17:09:00,2622.58,2623.86,2621.96,2623.34,799,3,0,799
2024-11-11 17:12:00,2623.34,2623.4,2620.76,2621.04,693,3,0,693
2024-11-11 17:15:00,2621.04,2622.68,2620.84,2622.43,737,3,0,737
2024-11-11 17:18:00,2622.45,2622.88,2621.45,2621.7,635,3,0,635
2024-11-11 17:21:00,2621.65,2621.7,2620.4,2620.98,574,3,0,574
2024-11-11 17:24:00,2621.0,2621.1,2619.59,2619.94,591,3,0,591
2024-11-11 17:27:00,2619.96,2621.4,2618.71,2620.22,894,3,0,894
2024-11-11 17:30:00,2620.22,2620.22,2618.44,2618.67,881,3,0,881
2024-11-11 17:33:00,2618.67,2618.97,2615.85,2616.84,901,3,0,901
2024-11-11 17:36:00,2616.8,2617.34,2615.62,2615.88,659,3,0,659
2024-11-11 17:39:00,2615.88,2616.63,2614.14,2615.35,630,3,0,630
2024-11-11 17:42:00,2615.36,2618.65,2614.78,2617.93,826,3,0,826
2024-11-11 17:45:00,2617.92,2618.04,2615.56,2615.83,583,3,0,583
2024-11-11 17:48:00,2615.84,2617.4,2614.88,2614.97,552,3,0,552
2024-11-11 17:51:00,2614.96,2616.59,2613.81,2615.12,653,3,0,653
2024-11-11 17:54:00,2615.11,2615.29,2613.66,2614.14,797,3,0,797
2024-11-11 17:57:00,2614.11,2614.78,2613.47,2614.61,680,3,0,680
2024-11-11 18:00:00,2614.64,2616.49,2613.78,2614.7,788,3,0,788
2024-11-11 18:03:00,2614.77,2614.85,2613.7,2613.91,774,3,0,774
2024-11-11 18:06:00,2613.91,2614.03,2612.75,2613.42,855,3,0,855
2024-11-11 18:09:00,2613.41,2614.14,2613.0,2613.24,630,3,0,630
2024-11-11 18:12:00,2613.25,2615.83,2613.25,2615.26,762,3,0,762
2024-11-11 18:15:00,2615.26,2616.98,2615.14,2615.45,839,3,0,839
2024-11-11 18:18:00,2615.43,2615.6,2614.11,2615.36,597,3,0,597
2024-11-11 18:21:00,2615.34,2616.21,2614.79,2615.2,541,3,0,541
2024-11-11 18:24:00,2615.22,2615.45,2614.59,2614.87,473,3,0,473
2024-11-11 18:27:00,2614.87,2615.93,2614.2,2615.34,422,3,0,422
2024-11-11 18:30:00,2615.34,2615.81,2614.23,2615.56,376,3,0,376
2024-11-11 18:33:00,2615.63,2617.57,2615.59,2616.86,602,3,0,602
2024-11-11 18:36:00,2616.86,2618.18,2616.35,2618.01,505,3,0,505
2024-11-11 18:39:00,2618.01,2618.01,2615.77,2615.96,367,3,0,367
2024-11-11 18:42:00,2615.96,2616.41,2615.12,2615.71,358,3,0,358
2024-11-11 18:45:00,2615.73,2616.91,2615.41,2616.08,384,3,0,384
2024-11-11 18:48:00,2616.05,2617.41,2615.27,2617.1,490,3,0,490
2024-11-11 18:51:00,2617.06,2617.08,2615.36,2615.47,348,3,0,348
2024-11-11 18:54:00,2615.46,2615.82,2614.47,2614.91,430,3,0,430
2024-11-11 18:57:00,2614.91,2615.69,2614.07,2615.24,549,3,0,549
2024-11-11 19:00:00,2615.25,2616.95,2615.15,2615.5,554,3,0,554
2024-11-11 19:03:00,2615.5,2615.86,2614.83,2615.37,422,3,0,422
2024-11-11 19:06:00,2615.34,2615.34,2613.81,2613.81,398,3,0,398
2024-11-11 19:09:00,2613.96,2614.5,2613.63,2613.79,375,3,0,375
2024-11-11 19:12:00,2613.77,2614.43,2613.24,2613.75,348,3,0,348
2024-11-11 19:15:00,2613.74,2614.24,2613.15,2613.94,333,3,0,333
2024-11-11 19:18:00,2613.96,2613.96,2613.21,2613.46,348,3,0,348
2024-11-11 19:21:00,2613.46,2614.19,2612.92,2614.19,372,3,0,372
2024-11-11 19:24:00,2614.19,2614.19,2611.49,2612.6,345,3,0,345
2024-11-11 19:27:00,2612.58,2612.87,2611.66,2611.87,540,3,0,540
2024-11-11 19:30:00,2611.88,2613.98,2611.77,2613.88,466,3,0,466
2024-11-11 19:33:00,2613.89,2614.97,2613.82,2614.56,381,3,0,381
2024-11-11 19:36:00,2614.58,2615.74,2614.37,2615.66,354,3,0,354
2024-11-11 19:39:00,2615.66,2615.81,2614.55,2614.86,354,3,0,354
2024-11-11 19:42:00,2614.85,2615.51,2613.32,2613.68,368,3,0,368
2024-11-11 19:45:00,2613.68,2614.46,2613.22,2613.79,362,3,0,362
2024-11-11 19:48:00,2613.76,2614.0,2613.06,2613.27,204,3,0,204
2024-11-11 19:51:00,2613.27,2614.22,2612.85,2613.37,252,3,0,252
2024-11-11 19:54:00,2613.34,2613.49,2612.69,2613.07,265,3,0,265
2024-11-11 19:57:00,2613.04,2613.67,2612.36,2612.61,313,3,0,313
2024-11-11 20:00:00,2612.58,2612.65,2611.67,2612.21,532,3,0,532
2024-11-11 20:03:00,2612.14,2612.85,2611.93,2612.46,391,3,0,391
2024-11-11 20:06:00,2612.46,2613.38,2612.36,2612.91,336,3,0,336
2024-11-11 20:09:00,2612.89,2613.26,2612.71,2612.82,350,3,0,350
2024-11-11 20:12:00,2612.83,2613.29,2612.52,2612.64,312,3,0,312
2024-11-11 20:15:00,2612.64,2612.79,2611.7,2611.76,346,3,0,346
2024-11-11 20:18:00,2611.76,2611.92,2611.31,2611.86,313,3,0,313
2024-11-11 20:21:00,2611.86,2612.16,2610.71,2611.31,391,3,0,391
2024-11-11 20:24:00,2611.3,2611.89,2610.77,2611.43,418,3,0,418
2024-11-11 20:27:00,2611.31,2611.6,2611.08,2611.34,428,3,0,428
2024-11-11 20:30:00,2611.35,2613.52,2611.19,2613.33,489,3,0,489
2024-11-11 20:33:00,2613.31,2613.53,2613.12,2613.51,266,3,0,266
2024-11-11 20:36:00,2613.52,2615.49,2613.23,2615.4,362,3,0,362
2024-11-11 20:39:00,2615.4,2618.07,2615.4,2618.04,446,3,0,446
2024-11-11 20:42:00,2618.03,2618.48,2616.6,2618.27,418,3,0,418
2024-11-11 20:45:00,2618.25,2619.36,2617.83,2619.08,363,3,0,363
2024-11-11 20:48:00,2619.09,2619.09,2617.73,2618.34,257,3,0,257
2024-11-11 20:51:00,2618.34,2618.34,2617.34,2618.16,237,3,0,237
2024-11-11 20:54:00,2618.17,2619.01,2617.67,2618.92,363,3,0,363
2024-11-11 20:57:00,2618.92,2619.25,2618.72,2619.04,199,3,0,199
2024-11-11 21:00:00,2619.05,2620.48,2619.05,2620.48,267,3,0,267
2024-11-11 21:03:00,2620.47,2620.75,2619.61,2619.94,309,3,0,309
2024-11-11 21:06:00,2619.91,2619.97,2618.36,2619.22,302,3,0,302
2024-11-11 21:09:00,2619.24,2619.49,2617.94,2618.22,245,3,0,245
2024-11-11 21:12:00,2618.26,2619.41,2618.26,2619.22,180,3,0,180
2024-11-11 21:15:00,2619.23,2620.01,2619.23,2619.83,203,3,0,203
2024-11-11 21:18:00,2619.84,2620.57,2619.75,2620.44,161,3,0,161
2024-11-11 21:21:00,2620.44,2620.47,2618.77,2619.37,196,3,0,196
2024-11-11 21:24:00,2619.37,2620.28,2619.34,2620.05,247,3,0,247
2024-11-11 21:27:00,2619.97,2619.97,2618.94,2619.11,239,3,0,239
2024-11-11 21:30:00,2619.11,2620.13,2619.11,2620.13,189,3,0,189
2024-11-11 21:33:00,2620.14,2620.24,2618.7,2618.71,254,3,0,254
2024-11-11 21:36:00,2618.72,2618.96,2618.15,2618.45,192,3,0,192
2024-11-11 21:39:00,2618.45,2619.6,2618.45,2619.5,131,3,0,131
2024-11-11 21:42:00,2619.52,2619.65,2619.1,2619.28,116,3,0,116
2024-11-11 21:45:00,2619.27,2619.98,2619.2,2619.89,116,3,0,116
2024-11-11 21:48:00,2619.91,2620.22,2619.12,2619.58,197,3,0,197
2024-11-11 21:51:00,2619.58,2619.86,2618.8,2618.88,165,3,0,165
2024-11-11 21:54:00,2618.93,2619.46,2618.58,2619.46,179,3,0,179
2024-11-11 21:57:00,2619.47,2619.72,2619.07,2619.33,188,3,0,188
2024-11-11 22:00:00,2619.35,2620.98,2619.35,2620.89,199,3,0,199
2024-11-11 22:03:00,2620.88,2622.07,2620.88,2621.68,227,3,0,227
2024-11-11 22:06:00,2621.69,2622.55,2621.52,2622.55,221,3,0,221
2024-11-11 22:09:00,2622.54,2622.55,2621.93,2622.14,160,3,0,160
2024-11-11 22:12:00,2622.14,2622.23,2621.54,2622.14,175,3,0,175
2024-11-11 22:15:00,2622.14,2622.4,2621.89,2622.32,184,3,0,184
2024-11-11 22:18:00,2622.25,2623.23,2622.14,2622.88,151,3,0,151
2024-11-11 22:21:00,2622.86,2622.86,2621.65,2621.94,176,3,0,176
2024-11-11 22:24:00,2621.95,2622.79,2621.95,2622.79,111,3,0,111
2024-11-11 22:27:00,2622.76,2622.87,2622.23,2622.24,116,3,0,116
2024-11-11 22:30:00,2622.27,2623.71,2622.27,2623.61,192,3,0,192
2024-11-11 22:33:00,2623.61,2623.97,2623.51,2623.56,126,3,0,126
2024-11-11 22:36:00,2623.57,2623.83,2623.02,2623.03,188,3,0,188
2024-11-11 22:39:00,2623.03,2624.28,2622.44,2624.28,220,3,0,220
2024-11-11 22:42:00,2624.31,2625.35,2624.3,2625.34,344,3,0,344
2024-11-11 22:45:00,2625.35,2626.25,2625.24,2625.99,297,3,0,297
2024-11-11 22:48:00,2625.99,2625.99,2625.08,2625.41,196,3,0,196
2024-11-11 22:51:00,2625.49,2625.87,2623.98,2623.99,223,3,0,223
2024-11-11 22:54:00,2623.98,2624.39,2622.91,2623.13,261,3,0,261
2024-11-11 22:57:00,2623.11,2623.53,2622.04,2622.11,387,3,0,387
2024-11-11 23:00:00,2622.03,2623.15,2622.03,2622.72,224,3,0,224
2024-11-11 23:03:00,2622.75,2623.11,2622.68,2623.0,106,3,0,106
2024-11-11 23:06:00,2623.0,2623.08,2622.46,2622.8,65,3,0,65
2024-11-11 23:09:00,2622.79,2622.9,2622.38,2622.39,64,3,0,64
2024-11-11 23:12:00,2622.41,2623.05,2622.41,2622.95,70,3,0,70
2024-11-11 23:15:00,2622.96,2623.05,2622.67,2622.97,34,3,0,34
2024-11-11 23:18:00,2622.97,2623.06,2622.67,2622.67,63,3,0,63
2024-11-11 23:21:00,2622.67,2622.84,2622.47,2622.83,46,3,0,46
2024-11-11 23:24:00,2622.84,2622.85,2622.35,2622.36,42,3,0,42
2024-11-11 23:27:00,2622.36,2622.82,2622.36,2622.44,69,3,0,69
2024-11-11 23:30:00,2622.44,2622.55,2622.23,2622.33,55,3,0,55
2024-11-11 23:33:00,2622.32,2622.35,2621.52,2621.66,68,3,0,68
2024-11-11 23:36:00,2621.65,2621.75,2621.51,2621.61,73,3,0,73
2024-11-11 23:39:00,2621.56,2621.62,2621.24,2621.24,68,3,0,68
2024-11-11 23:42:00,2621.24,2621.37,2619.86,2619.92,97,3,0,97
2024-11-11 23:45:00,2619.94,2620.54,2619.85,2620.36,90,3,0,90
2024-11-11 23:48:00,2620.46,2620.57,2620.11,2620.31,71,3,0,71
2024-11-11 23:51:00,2620.32,2620.64,2619.94,2619.99,61,3,0,61
2024-11-11 23:54:00,2620.02,2620.1,2619.33,2619.53,102,3,0,102
2024-11-11 23:57:00,2619.53,2619.93,2619.36,2619.45,42,3,0,42
2024-11-12 01:00:00,2619.18,2620.3,2619.09,2620.3,44,31,0,44
2024-11-12 01:03:00,2620.3,2621.58,2620.3,2621.57,95,3,0,95
2024-11-12 01:06:00,2621.58,2621.78,2620.58,2620.95,74,3,0,74
2024-11-12 01:09:00,2620.85,2621.33,2620.6,2621.22,78,5,0,78
2024-11-12 01:12:00,2621.12,2621.24,2620.82,2621.05,64,5,0,64
2024-11-12 01:15:00,2621.01,2621.71,2620.86,2621.26,66,3,0,66
2024-11-12 01:18:00,2621.28,2622.06,2621.27,2621.94,66,3,0,66
2024-11-12 01:21:00,2622.02,2622.18,2621.94,2621.96,49,4,0,49
2024-11-12 01:24:00,2621.98,2622.13,2621.75,2621.94,73,3,0,73
2024-11-12 01:27:00,2621.93,2622.12,2621.81,2622.04,80,3,0,80
2024-11-12 01:30:00,2622.04,2622.64,2621.81,2622.64,89,3,0,89
2024-11-12 01:33:00,2622.63,2623.06,2622.46,2622.95,81,3,0,81
2024-11-12 01:36:00,2622.95,2623.07,2622.61,2622.87,69,3,0,69
2024-11-12 01:39:00,2622.89,2622.98,2622.66,2622.96,47,5,0,47
2024-11-12 01:42:00,2622.98,2623.12,2622.83,2622.94,62,3,0,62
2024-11-12 01:45:00,2622.94,2623.33,2622.83,2622.85,94,3,0,94
2024-11-12 01:48:00,2622.84,2623.33,2622.6,2622.8,88,3,0,88
2024-11-12 01:51:00,2622.8,2623.58,2622.7,2623.56,75,3,0,75
2024-11-12 01:54:00,2623.57,2623.77,2623.29,2623.6,94,3,0,94
2024-11-12 01:57:00,2623.61,2624.17,2623.58,2624.03,81,3,0,81
2024-11-12 02:00:00,2624.03,2624.11,2622.67,2623.18,123,3,0,123
2024-11-12 02:03:00,2623.16,2623.34,2622.63,2623.26,102,3,0,102
2024-11-12 02:06:00,2623.25,2623.5,2622.34,2622.63,149,3,0,149
2024-11-12 02:09:00,2622.59,2623.15,2622.27,2622.83,154,3,0,154
2024-11-12 02:12:00,2622.83,2623.79,2622.73,2623.79,131,3,0,131
2024-11-12 02:15:00,2623.79,2624.05,2623.22,2623.28,118,3,0,118
2024-11-12 02:18:00,2623.33,2623.48,2622.73,2622.74,83,3,0,83
2024-11-12 02:21:00,2622.67,2623.23,2622.66,2623.23,111,3,0,111
2024-11-12 02:24:00,2623.16,2623.55,2622.52,2622.85,146,3,0,146
2024-11-12 02:27:00,2622.85,2624.15,2622.78,2623.8,263,3,0,263
2024-11-12 02:30:00,2623.82,2624.02,2623.35,2623.87,204,3,0,204
2024-11-12 02:33:00,2623.87,2623.99,2622.96,2623.16,137,3,0,137
2024-11-12 02:36:00,2623.15,2623.87,2623.06,2623.87,130,3,0,130
2024-11-12 02:39:00,2623.86,2624.18,2623.44,2623.44,102,3,0,102
2024-11-12 02:42:00,2623.35,2624.12,2623.33,2624.12,190,3,0,190
2024-11-12 02:45:00,2624.12,2624.2,2623.56,2624.15,219,3,0,219
2024-11-12 02:48:00,2624.15,2625.18,2624.01,2624.1,161,3,0,161
2024-11-12 02:51:00,2624.16,2624.46,2623.98,2624.29,113,3,0,113
2024-11-12 02:54:00,2624.3,2624.3,2623.57,2623.82,405,3,0,405
2024-11-12 02:57:00,2623.83,2624.01,2623.57,2624.01,261,3,0,261
2024-11-12 03:00:00,2623.98,2625.77,2623.81,2624.29,888,3,0,888
2024-11-12 03:03:00,2624.29,2624.37,2623.28,2623.88,519,3,0,519
2024-11-12 03:06:00,2623.94,2624.47,2623.05,2623.34,430,3,0,430
2024-11-12 03:09:00,2623.34,2624.6,2622.31,2624.06,383,3,0,383
2024-11-12 03:12:00,2624.01,2624.52,2623.13,2623.4,380,3,0,380
2024-11-12 03:15:00,2623.43,2623.54,2622.25,2622.85,467,3,0,467
2024-11-12 03:18:00,2622.86,2623.13,2621.75,2622.09,418,3,0,418
2024-11-12 03:21:00,2622.1,2622.12,2620.23,2621.59,585,3,0,585
2024-11-12 03:24:00,2621.58,2621.92,2620.37,2620.48,747,3,0,747
2024-11-12 03:27:00,2620.47,2620.63,2619.22,2619.38,500,3,0,500
2024-11-12 03:30:00,2619.37,2622.77,2619.32,2622.62,522,3,0,522
2024-11-12 03:33:00,2622.59,2623.06,2621.64,2622.08,504,3,0,504
2024-11-12 03:36:00,2622.07,2622.19,2621.08,2621.26,532,3,0,532
2024-11-12 03:39:00,2621.15,2622.86,2620.97,2622.57,463,3,0,463
2024-11-12 03:42:00,2622.56,2622.68,2621.38,2622.25,330,3,0,330
2024-11-12 03:45:00,2622.25,2626.98,2622.25,2626.92,732,3,0,732
2024-11-12 03:48:00,2626.84,2627.14,2625.59,2625.79,667,3,0,667
2024-11-12 03:51:00,2625.89,2626.04,2623.7,2625.25,513,3,0,513
2024-11-12 03:54:00,2625.23,2625.23,2623.67,2624.01,395,3,0,395
2024-11-12 03:57:00,2624.02,2624.9,2623.4,2624.2,464,3,0,464
2024-11-12 04:00:00,2624.16,2624.68,2623.21,2623.58,614,3,0,614
2024-11-12 04:03:00,2623.59,2623.73,2621.5,2621.68,617,3,0,617
2024-11-12 04:06:00,2621.67,2622.62,2621.2,2622.24,456,3,0,456
2024-11-12 04:09:00,2622.25,2622.66,2621.15,2621.15,444,3,0,444
2024-11-12 04:12:00,2621.15,2622.97,2620.76,2622.56,552,3,0,552
2024-11-12 04:15:00,2622.55,2623.38,2622.47,2623.03,356,3,0,356
2024-11-12 04:18:00,2623.04,2625.05,2623.03,2625.02,432,3,0,432
2024-11-12 04:21:00,2625.03,2625.2,2624.15,2624.81,575,3,0,575
2024-11-12 04:24:00,2624.8,2625.31,2624.3,2624.7,388,3,0,388
2024-11-12 04:27:00,2624.69,2624.96,2624.29,2624.68,262,3,0,262
2024-11-12 04:30:00,2624.68,2624.96,2623.63,2624.69,829,3,0,829
2024-11-12 04:33:00,2624.69,2625.5,2623.64,2623.64,578,3,0,578
2024-11-12 04:36:00,2623.64,2624.43,2623.16,2624.18,516,3,0,516
2024-11-12 04:39:00,2624.2,2624.2,2622.23,2622.27,569,3,0,569
2024-11-12 04:42:00,2622.27,2622.47,2621.65,2621.99,472,3,0,472
2024-11-12 04:45:00,2621.99,2621.99,2621.1,2621.31,403,3,0,403
2024-11-12 04:48:00,2621.37,2621.38,2620.54,2620.97,389,3,0,389
2024-11-12 04:51:00,2620.95,2622.32,2620.93,2621.51,333,3,0,333
2024-11-12 04:54:00,2621.52,2622.83,2621.43,2621.87,376,3,0,376
2024-11-12 04:57:00,2621.91,2622.23,2621.63,2622.0,345,3,0,345
2024-11-12 05:00:00,2622.01,2622.59,2621.65,2622.39,437,3,0,437
2024-11-12 05:03:00,2622.38,2623.3,2622.32,2622.84,387,3,0,387
2024-11-12 05:06:00,2622.83,2623.2,2622.37,2622.44,466,3,0,466
2024-11-12 05:09:00,2622.46,2623.24,2622.32,2622.95,343,3,0,343
2024-11-12 05:12:00,2622.94,2623.04,2622.16,2622.46,320,3,0,320
2024-11-12 05:15:00,2622.43,2622.57,2621.86,2622.28,320,3,0,320
2024-11-12 05:18:00,2622.26,2622.99,2621.73,2622.51,337,3,0,337
2024-11-12 05:21:00,2622.53,2623.48,2622.49,2623.04,349,3,0,349
2024-11-12 05:24:00,2623.04,2623.75,2622.57,2623.15,359,3,0,359
2024-11-12 05:27:00,2623.14,2623.29,2622.92,2623.03,335,3,0,335
2024-11-12 05:30:00,2623.05,2623.18,2622.11,2622.17,231,3,0,231
2024-11-12 05:33:00,2622.18,2622.25,2621.2,2621.41,247,3,0,247
2024-11-12 05:36:00,2621.4,2621.8,2620.78,2620.78,169,3,0,169
2024-11-12 05:39:00,2620.79,2621.46,2620.72,2620.97,191,3,0,191
2024-11-12 05:42:00,2620.98,2621.09,2620.46,2620.55,137,3,0,137
2024-11-12 05:45:00,2620.56,2621.25,2620.1,2620.14,162,3,0,162
2024-11-12 05:48:00,2620.15,2620.22,2619.45,2619.74,217,3,0,217
2024-11-12 05:51:00,2619.74,2620.46,2619.13,2620.24,226,3,0,226
2024-11-12 05:54:00,2620.25,2620.27,2619.43,2619.65,155,3,0,155
2024-11-12 05:57:00,2619.66,2619.76,2618.89,2619.02,234,3,0,234
2024-11-12 06:00:00,2619.04,2619.17,2616.64,2617.43,548,3,0,548
2024-11-12 06:03:00,2617.49,2617.84,2616.87,2617.34,499,3,0,499
2024-11-12 06:06:00,2617.37,2617.38,2615.75,2617.01,412,3,0,412
2024-11-12 06:09:00,2617.01,2617.24,2616.04,2616.84,272,3,0,272
2024-11-12 06:12:00,2616.83,2617.31,2616.27,2617.02,318,3,0,318
2024-11-12 06:15:00,2616.93,2617.94,2616.83,2617.81,293,3,0,293
2024-11-12 06:18:00,2617.82,2618.08,2617.7,2618.08,217,3,0,217
2024-11-12 06:21:00,2618.07,2618.09,2617.39,2617.42,206,3,0,206
2024-11-12 06:24:00,2617.41,2618.0,2617.31,2617.83,132,3,0,132
2024-11-12 06:27:00,2617.77,2617.77,2616.71,2617.0,303,3,0,303
2024-11-12 06:30:00,2617.01,2617.28,2616.52,2616.72,201,3,0,201
2024-11-12 06:33:00,2616.73,2617.7,2616.69,2617.68,142,3,0,142
2024-11-12 06:36:00,2617.67,2617.81,2616.74,2616.84,191,3,0,191
2024-11-12 06:39:00,2616.82,2616.83,2615.87,2615.87,147,3,0,147
2024-11-12 06:42:00,2615.87,2616.52,2615.74,2616.22,234,3,0,234
2024-11-12 06:45:00,2616.24,2616.75,2616.08,2616.17,196,3,0,196
2024-11-12 06:48:00,2616.15,2616.44,2615.8,2616.02,202,3,0,202
2024-11-12 06:51:00,2615.99,2616.84,2615.7,2616.51,184,3,0,184
2024-11-12 06:54:00,2616.51,2617.3,2616.42,2617.15,189,3,0,189
2024-11-12 06:57:00,2617.16,2618.08,2616.93,2617.77,190,3,0,190
2024-11-12 07:00:00,2617.78,2618.19,2617.47,2617.8,254,3,0,254
2024-11-12 07:03:00,2617.78,2617.9,2617.09,2617.39,184,3,0,184
2024-11-12 07:06:00,2617.4,2617.52,2617.04,2617.09,190,3,0,190
2024-11-12 07:09:00,2617.09,2617.11,2616.51,2616.89,179,3,0,179
2024-11-12 07:12:00,2616.93,2617.19,2616.72,2617.0,179,3,0,179
2024-11-12 07:15:00,2617.0,2617.01,2615.92,2616.03,183,3,0,183
2024-11-12 07:18:00,2616.03,2616.34,2614.58,2615.01,204,3,0,204
2024-11-12 07:21:00,2615.01,2615.11,2612.38,2612.53,335,3,0,335
2024-11-12 07:24:00,2612.49,2613.09,2611.64,2612.8,390,3,0,390
2024-11-12 07:27:00,2612.79,2613.28,2612.15,2612.73,312,3,0,312
2024-11-12 07:30:00,2612.69,2612.82,2606.58,2607.98,1264,3,0,1264
2024-11-12 07:33:00,2607.98,2610.17,2607.61,2608.26,1012,3,0,1012
2024-11-12 07:36:00,2608.29,2612.02,2608.12,2612.01,831,3,0,831
2024-11-12 07:39:00,2612.02,2612.63,2611.33,2611.92,667,3,0,667
2024-11-12 07:42:00,2611.98,2613.16,2610.43,2610.59,545,3,0,545
2024-11-12 07:45:00,2610.57,2612.63,2610.43,2611.67,630,3,0,630
2024-11-12 07:48:00,2611.68,2611.89,2608.28,2608.28,549,3,0,549
2024-11-12 07:51:00,2608.23,2608.4,2606.5,2607.44,676,3,0,676
2024-11-12 07:54:00,2607.45,2608.44,2607.32,2607.62,649,3,0,649
2024-11-12 07:57:00,2607.63,2607.73,2605.46,2606.92,744,3,0,744
2024-11-12 08:00:00,2606.89,2607.11,2604.53,2604.8,850,3,0,850
2024-11-12 08:03:00,2604.81,2606.42,2604.19,2606.11,721,3,0,721
2024-11-12 08:06:00,2606.11,2607.7,2605.49,2607.55,657,3,0,657
2024-11-12 08:09:00,2607.54,2607.81,2606.07,2606.24,486,3,0,486
2024-11-12 08:12:00,2606.29,2608.21,2605.8,2607.24,420,3,0,420
2024-11-12 08:15:00,2607.24,2607.51,2605.45,2605.65,337,3,0,337
2024-11-12 08:18:00,2605.65,2606.85,2604.86,2606.52,384,3,0,384
2024-11-12 08:21:00,2606.5,2606.92,2603.54,2605.39,510,3,0,510
2024-11-12 08:24:00,2605.39,2606.79,2605.31,2606.7,477,3,0,477
2024-11-12 08:27:00,2606.76,2607.69,2606.51,2607.37,513,3,0,513
2024-11-12 08:30:00,2607.41,2609.53,2607.41,2609.53,522,3,0,522
2024-11-12 08:33:00,2609.52,2610.2,2607.98,2608.66,414,3,0,414
2024-11-12 08:36:00,2608.66,2609.17,2608.19,2608.29,354,3,0,354
2024-11-12 08:39:00,2608.31,2608.32,2604.22,2604.36,503,3,0,503
2024-11-12 08:42:00,2604.35,2605.38,2603.69,2604.86,645,3,0,645
2024-11-12 08:45:00,2604.86,2605.49,2604.58,2605.31,554,3,0,554
2024-11-12 08:48:00,2605.33,2607.71,2605.13,2606.77,633,3,0,633
2024-11-12 08:51:00,2606.77,2607.86,2606.47,2606.56,446,3,0,446
2024-11-12 08:54:00,2606.54,2607.97,2606.18,2607.74,334,3,0,334
2024-11-12 08:57:00,2607.74,2608.06,2607.05,2607.95,262,3,0,262
2024-11-12 09:00:00,2607.95,2609.12,2607.74,2608.26,279,3,0,279
2024-11-12 09:03:00,2608.31,2608.42,2606.54,2606.56,253,3,0,253
2024-11-12 09:06:00,2606.57,2607.48,2605.92,2606.87,259,3,0,259
2024-11-12 09:09:00,2606.9,2606.92,2605.72,2606.36,349,3,0,349
2024-11-12 09:12:00,2606.37,2607.09,2604.75,2606.54,391,3,0,391
2024-11-12 09:15:00,2606.54,2607.69,2605.72,2607.42,332,3,0,332
2024-11-12 09:18:00,2607.4,2608.29,2606.28,2606.29,325,3,0,325
2024-11-12 09:21:00,2606.29,2606.39,2603.76,2604.33,290,3,0,290
2024-11-12 09:24:00,2604.35,2604.38,2599.6,2603.27,720,3,0,720
2024-11-12 09:27:00,2603.25,2605.38,2603.25,2604.36,473,3,0,473
2024-11-12 09:30:00,2604.37,2604.62,2602.41,2602.41,350,3,0,350
2024-11-12 09:33:00,2602.4,2602.93,2600.33,2601.33,386,3,0,386
2024-11-12 09:36:00,2601.23,2601.86,2596.55,2596.92,691,3,0,691
2024-11-12 09:39:00,2596.93,2598.51,2595.3,2596.26,710,3,0,710
2024-11-12 09:42:00,2596.26,2598.1,2595.96,2596.97,535,3,0,535
2024-11-12 09:45:00,2596.95,2598.66,2596.95,2598.34,443,3,0,443
2024-11-12 09:48:00,2598.41,2604.08,2598.21,2603.98,665,3,0,665
2024-11-12 09:51:00,2603.98,2604.48,2602.59,2603.54,599,3,0,599
2024-11-12 09:54:00,2603.56,2604.22,2600.06,2600.18,613,3,0,613
2024-11-12 09:57:00,2600.08,2600.37,2597.96,2598.33,722,3,0,722
2024-11-12 10:00:00,2598.29,2603.46,2598.27,2603.45,844,3,0,844
2024-11-12 10:03:00,2603.46,2604.76,2600.66,2603.21,532,3,0,532
2024-11-12 10:06:00,2603.21,2603.91,2602.32,2603.42,412,3,0,412
2024-11-12 10:09:00,2603.42,2606.53,2603.42,2606.24,540,3,0,540
2024-11-12 10:12:00,2606.24,2606.26,2604.4,2604.4,491,3,0,491
2024-11-12 10:15:00,2604.29,2604.65,2602.67,2602.71,425,3,0,425
2024-11-12 10:18:00,2602.77,2605.09,2602.26,2604.97,484,3,0,484
2024-11-12 10:21:00,2604.97,2604.99,2601.78,2601.78,423,3,0,423
2024-11-12 10:24:00,2601.77,2602.73,2600.88,2601.93,371,3,0,371
2024-11-12 10:27:00,2601.91,2602.9,2601.18,2602.1,461,3,0,461
2024-11-12 10:30:00,2602.08,2602.49,2600.64,2602.4,479,3,0,479
2024-11-12 10:33:00,2602.4,2603.18,2601.5,2601.91,339,3,0,339
2024-11-12 10:36:00,2601.88,2603.18,2600.56,2601.21,411,3,0,411
2024-11-12 10:39:00,2601.19,2601.19,2599.72,2600.14,493,3,0,493
2024-11-12 10:42:00,2600.14,2600.68,2599.59,2599.91,343,3,0,343
2024-11-12 10:45:00,2599.92,2600.97,2599.43,2600.81,351,3,0,351
2024-11-12 10:48:00,2600.76,2602.83,2600.29,2602.53,374,3,0,374
2024-11-12 10:51:00,2602.54,2603.05,2600.53,2601.22,551,3,0,551
2024-11-12 10:54:00,2601.21,2601.87,2600.66,2601.55,475,3,0,475
2024-11-12 10:57:00,2601.56,2602.09,2600.45,2600.66,387,3,0,387
2024-11-12 11:00:00,2600.66,2600.79,2599.03,2599.59,446,3,0,446
2024-11-12 11:03:00,2599.6,2600.21,2597.65,2597.79,569,3,0,569
2024-11-12 11:06:00,2597.79,2598.24,2592.82,2593.49,669,3,0,669
2024-11-12 11:09:00,2593.48,2593.61,2590.9,2592.22,779,3,0,779
2024-11-12 11:12:00,2592.21,2594.52,2591.88,2594.36,550,3,0,550
2024-11-12 11:15:00,2594.36,2595.78,2594.24,2594.24,481,3,0,481
2024-11-12 11:18:00,2594.23,2594.29,2592.6,2593.02,683,3,0,683
2024-11-12 11:21:00,2593.01,2594.73,2592.57,2594.73,667,3,0,667
2024-11-12 11:24:00,2594.65,2595.25,2593.84,2594.68,500,3,0,500
2024-11-12 11:27:00,2594.71,2595.56,2593.78,2594.59,469,3,0,469
2024-11-12 11:30:00,2594.59,2595.4,2593.43,2594.55,315,3,0,315
2024-11-12 11:33:00,2594.52,2594.61,2591.96,2592.29,269,3,0,269
2024-11-12 11:36:00,2592.3,2594.89,2591.65,2594.79,549,3,0,549
2024-11-12 11:39:00,2594.82,2595.99,2593.57,2593.66,389,3,0,389
2024-11-12 11:42:00,2593.66,2594.74,2592.87,2593.41,320,3,0,320
2024-11-12 11:45:00,2593.44,2595.21,2593.35,2594.62,351,3,0,351
2024-11-12 11:48:00,2594.73,2595.89,2594.59,2595.18,357,3,0,357
2024-11-12 11:51:00,2595.18,2595.5,2594.59,2595.07,259,3,0,259
2024-11-12 11:54:00,2595.04,2596.38,2594.66,2595.06,317,3,0,317
2024-11-12 11:57:00,2595.06,2595.06,2592.42,2593.34,300,3,0,300
2024-11-12 12:00:00,2593.3,2593.78,2591.93,2593.58,329,3,0,329
2024-11-12 12:03:00,2593.58,2593.59,2591.29,2591.97,333,3,0,333
2024-11-12 12:06:00,2591.97,2593.05,2591.36,2591.96,270,3,0,270
2024-11-12 12:09:00,2591.96,2594.26,2591.86,2594.16,340,3,0,340
2024-11-12 12:12:00,2594.19,2595.93,2593.4,2593.59,383,3,0,383
2024-11-12 12:15:00,2593.59,2595.02,2592.92,2593.23,456,3,0,456
2024-11-12 12:18:00,2593.24,2593.43,2590.85,2591.23,293,3,0,293
2024-11-12 12:21:00,2591.22,2592.81,2591.22,2592.32,358,3,0,358
2024-11-12 12:24:00,2592.35,2592.5,2589.74,2592.22,520,3,0,520
2024-11-12 12:27:00,2592.22,2593.89,2591.47,2592.0,441,3,0,441
2024-11-12 12:30:00,2592.01,2592.02,2590.6,2591.97,310,3,0,310
2024-11-12 12:33:00,2592.0,2592.65,2591.39,2592.28,267,3,0,267
2024-11-12 12:36:00,2592.29,2592.89,2591.08,2591.37,335,3,0,335
2024-11-12 12:39:00,2591.37,2592.42,2590.62,2592.36,270,3,0,270
2024-11-12 12:42:00,2592.41,2593.53,2592.19,2592.48,373,3,0,373
2024-11-12 12:45:00,2592.49,2598.03,2592.31,2598.0,669,3,0,669
2024-11-12 12:48:00,2598.02,2598.69,2595.37,2596.56,442,3,0,442
2024-11-12 12:51:00,2596.57,2598.08,2596.37,2597.33,358,3,0,358
2024-11-12 12:54:00,2597.33,2597.42,2595.9,2595.93,446,3,0,446
2024-11-12 12:57:00,2595.91,2597.36,2595.91,2596.71,421,3,0,421
2024-11-12 13:00:00,2596.71,2598.24,2596.67,2596.91,465,3,0,465
2024-11-12 13:03:00,2596.9,2597.31,2595.87,2596.92,220,3,0,220
2024-11-12 13:06:00,2596.9,2599.14,2595.92,2596.14,731,3,0,731
2024-11-12 13:09:00,2596.11,2596.58,2595.61,2596.5,329,3,0,329
2024-11-12 13:12:00,2596.52,2597.99,2596.2,2596.78,331,3,0,331
2024-11-12 13:15:00,2596.78,2596.81,2595.68,2595.68,262,3,0,262
2024-11-12 13:18:00,2595.66,2596.39,2594.73,2595.09,326,3,0,326
2024-11-12 13:21:00,2595.1,2595.37,2592.62,2594.15,682,3,0,682
2024-11-12 13:24:00,2594.15,2596.77,2594.0,2595.98,409,3,0,409
2024-11-12 13:27:00,2595.98,2598.82,2595.06,2598.0,392,3,0,392
2024-11-12 13:30:00,2597.98,2598.95,2596.96,2598.11,591,3,0,591
2024-11-12 13:33:00,2598.12,2598.31,2596.46,2596.55,369,3,0,369
2024-11-12 13:36:00,2596.53,2597.7,2596.37,2597.16,223,3,0,223
2024-11-12 13:39:00,2597.16,2597.25,2595.94,2597.23,233,3,0,233
2024-11-12 13:42:00,2597.25,2597.53,2594.95,2595.16,347,3,0,347
2024-11-12 13:45:00,2595.16,2595.59,2593.24,2594.89,461,3,0,461
2024-11-12 13:48:00,2594.9,2595.34,2593.29,2595.12,483,3,0,483
2024-11-12 13:51:00,2595.12,2595.73,2594.66,2595.4,319,3,0,319
2024-11-12 13:54:00,2595.37,2596.58,2594.67,2596.38,359,3,0,359
2024-11-12 13:57:00,2596.35,2598.26,2596.08,2597.94,526,3,0,526
2024-11-12 14:00:00,2597.94,2603.2,2597.93,2602.68,953,3,0,953
2024-11-12 14:03:00,2602.68,2604.63,2602.04,2603.85,855,3,0,855
2024-11-12 14:06:00,2603.82,2604.14,2601.77,2602.27,710,3,0,710
2024-11-12 14:09:00,2602.28,2602.54,2600.7,2601.12,496,3,0,496
2024-11-12 14:12:00,2601.12,2603.71,2601.12,2602.39,518,3,0,518
2024-11-12 14:15:00,2602.37,2603.08,2601.38,2601.57,393,3,0,393
2024-11-12 14:18:00,2601.48,2603.07,2601.37,2602.08,339,3,0,339
2024-11-12 14:21:00,2602.07,2603.06,2601.47,2602.65,361,3,0,361
2024-11-12 14:24:00,2602.67,2603.97,2602.18,2603.75,343,3,0,343
2024-11-12 14:27:00,2603.74,2604.35,2601.7,2602.69,419,3,0,419
2024-11-12 14:30:00,2602.79,2603.35,2600.89,2601.87,541,3,0,541
2024-11-12 14:33:00,2601.87,2605.01,2601.47,2604.35,444,3,0,444
2024-11-12 14:36:00,2604.36,2606.36,2604.22,2605.64,670,3,0,670
2024-11-12 14:39:00,2605.62,2606.64,2604.89,2605.22,497,3,0,497
2024-11-12 14:42:00,2605.25,2605.52,2602.01,2602.38,586,3,0,586
2024-11-12 14:45:00,2602.38,2603.73,2601.3,2603.73,597,3,0,597
2024-11-12 14:48:00,2603.75,2606.53,2603.49,2605.12,894,3,0,894
2024-11-12 14:51:00,2605.12,2606.29,2604.77,2605.37,493,3,0,493
2024-11-12 14:54:00,2605.46,2607.19,2604.53,2605.51,776,3,0,776
2024-11-12 14:57:00,2605.52,2605.91,2604.29,2605.34,452,3,0,452
2024-11-12 15:00:00,2605.34,2606.92,2604.81,2605.71,811,3,0,811
2024-11-12 15:03:00,2605.6,2607.24,2605.21,2606.53,641,3,0,641
2024-11-12 15:06:00,2606.53,2609.34,2606.53,2609.24,684,3,0,684
2024-11-12 15:09:00,2609.25,2609.32,2605.04,2606.79,646,3,0,646
2024-11-12 15:12:00,2606.8,2607.13,2604.54,2605.63,518,3,0,518
2024-11-12 15:15:00,2605.63,2608.37,2605.43,2607.19,490,3,0,490
2024-11-12 15:18:00,2607.19,2609.34,2607.18,2607.96,679,3,0,679
2024-11-12 15:21:00,2608.1,2610.56,2607.89,2610.54,902,3,0,902
2024-11-12 15:24:00,2610.53,2616.42,2610.37,2615.75,855,3,0,855
2024-11-12 15:27:00,2615.71,2615.85,2613.27,2614.56,772,3,0,772
2024-11-12 15:30:00,2614.53,2614.84,2610.19,2611.32,742,3,0,742
2024-11-12 15:33:00,2611.32,2612.56,2609.44,2612.1,694,3,0,694
2024-11-12 15:36:00,2612.08,2612.11,2608.28,2608.63,537,3,0,537
2024-11-12 15:39:00,2608.63,2609.14,2605.98,2606.14,747,3,0,747
2024-11-12 15:42:00,2606.13,2608.31,2606.13,2606.32,576,3,0,576
2024-11-12 15:45:00,2606.32,2608.29,2605.55,2608.19,575,3,0,575
2024-11-12 15:48:00,2608.19,2609.39,2607.78,2608.43,603,3,0,603
2024-11-12 15:51:00,2608.46,2609.87,2607.08,2608.29,557,3,0,557
2024-11-12 15:54:00,2608.29,2611.21,2608.29,2611.13,478,3,0,478
2024-11-12 15:57:00,2611.13,2612.23,2610.94,2611.61,586,3,0,586
2024-11-12 16:00:00,2611.7,2612.01,2609.15,2609.57,567,3,0,567
2024-11-12 16:03:00,2609.57,2610.82,2609.08,2610.55,558,3,0,558
2024-11-12 16:06:00,2610.52,2611.35,2609.08,2609.97,554,3,0,554
2024-11-12 16:09:00,2610.02,2613.75,2609.64,2613.73,593,3,0,593
2024-11-12 16:12:00,2613.76,2613.85,2612.66,2613.57,460,3,0,460
2024-11-12 16:15:00,2613.49,2614.54,2612.21,2614.1,600,3,0,600
2024-11-12 16:18:00,2614.1,2614.86,2613.4,2614.7,615,3,0,615
2024-11-12 16:21:00,2614.69,2615.42,2613.34,2613.53,616,3,0,616
2024-11-12 16:24:00,2613.55,2614.59,2611.84,2612.94,583,3,0,583
2024-11-12 16:27:00,2612.98,2613.96,2612.62,2613.36,512,3,0,512
2024-11-12 16:30:00,2613.36,2613.88,2612.33,2612.48,742,3,0,742
2024-11-12 16:33:00,2612.49,2612.53,2609.94,2610.72,871,3,0,871
2024-11-12 16:36:00,2610.71,2617.11,2610.33,2614.68,875,3,0,875
2024-11-12 16:39:00,2614.71,2616.63,2613.55,2613.84,785,3,0,785
2024-11-12 16:42:00,2613.85,2615.14,2612.15,2614.97,693,3,0,693
2024-11-12 16:45:00,2614.99,2614.99,2611.94,2612.46,814,3,0,814
2024-11-12 16:48:00,2612.43,2614.38,2612.23,2613.04,717,3,0,717
2024-11-12 16:51:00,2613.03,2613.73,2610.68,2611.07,692,3,0,692
2024-11-12 16:54:00,2611.06,2612.39,2610.46,2610.77,647,3,0,647
2024-11-12 16:57:00,2610.78,2612.23,2610.25,2610.45,718,3,0,718
2024-11-12 17:00:00,2610.32,2611.83,2607.55,2607.57,848,3,0,848
2024-11-12 17:03:00,2607.56,2608.19,2605.27,2606.51,832,3,0,832
2024-11-12 17:06:00,2606.53,2608.17,2605.27,2607.72,626,3,0,626
2024-11-12 17:09:00,2607.72,2610.09,2607.6,2609.89,629,3,0,629
2024-11-12 17:12:00,2609.89,2610.15,2608.67,2609.29,632,3,0,632
2024-11-12 17:15:00,2609.28,2610.42,2608.78,2609.14,535,3,0,535
2024-11-12 17:18:00,2609.16,2610.64,2608.87,2610.07,555,3,0,555
2024-11-12 17:21:00,2610.07,2610.35,2606.78,2607.05,525,3,0,525
2024-11-12 17:24:00,2607.07,2607.07,2605.35,2606.12,593,3,0,593
2024-11-12 17:27:00,2606.12,2606.14,2603.15,2603.47,669,3,0,669
2024-11-12 17:30:00,2603.46,2604.52,2602.7,2602.76,564,3,0,564
2024-11-12 17:33:00,2602.79,2602.89,2601.35,2601.38,579,3,0,579
2024-11-12 17:36:00,2601.4,2601.62,2600.09,2600.11,799,3,0,799
2024-11-12 17:39:00,2600.14,2600.23,2597.46,2597.56,817,3,0,817
2024-11-12 17:42:00,2597.56,2603.89,2597.55,2601.28,818,3,0,818
2024-11-12 17:45:00,2601.28,2602.56,2600.6,2600.66,651,3,0,651
2024-11-12 17:48:00,2600.67,2602.04,2599.25,2599.36,734,3,0,734
2024-11-12 17:51:00,2599.36,2600.16,2597.77,2598.35,515,3,0,515
2024-11-12 17:54:00,2598.35,2600.66,2597.63,2600.5,588,3,0,588
2024-11-12 17:57:00,2600.5,2600.71,2597.99,2598.53,544,3,0,544
2024-11-12 18:00:00,2598.53,2601.08,2597.93,2599.67,568,3,0,568
2024-11-12 18:03:00,2599.67,2600.34,2598.46,2599.56,574,3,0,574
2024-11-12 18:06:00,2599.52,2602.45,2598.93,2602.35,570,3,0,570
2024-11-12 18:09:00,2602.35,2604.18,2601.99,2602.3,596,3,0,596
2024-11-12 18:12:00,2602.31,2603.0,2599.79,2599.96,644,3,0,644
2024-11-12 18:15:00,2599.96,2600.85,2599.08,2600.66,438,3,0,438
2024-11-12 18:18:00,2600.64,2601.8,2599.65,2600.63,538,3,0,538
2024-11-12 18:21:00,2600.63,2602.86,2599.37,2600.61,620,3,0,620
2024-11-12 18:24:00,2600.59,2600.59,2599.1,2599.29,517,3,0,517
2024-11-12 18:27:00,2599.29,2600.55,2598.77,2599.08,451,3,0,451
2024-11-12 18:30:00,2599.09,2599.88,2598.74,2598.74,439,3,0,439
2024-11-12 18:33:00,2598.75,2600.47,2598.38,2600.36,433,3,0,433
2024-11-12 18:36:00,2600.42,2600.84,2599.36,2599.51,384,3,0,384
2024-11-12 18:39:00,2599.54,2601.61,2599.08,2600.47,481,3,0,481
2024-11-12 18:42:00,2600.49,2600.76,2599.32,2600.48,388,3,0,388
2024-11-12 18:45:00,2600.49,2601.06,2599.87,2600.04,394,3,0,394
2024-11-12 18:48:00,2600.05,2601.69,2599.94,2601.43,392,3,0,392
2024-11-12 18:51:00,2601.43,2601.58,2599.88,2601.47,415,3,0,415
2024-11-12 18:54:00,2601.46,2601.46,2599.88,2600.1,348,3,0,348
2024-11-12 18:57:00,2600.12,2600.84,2599.47,2600.84,305,3,0,305
2024-11-12 19:00:00,2600.84,2601.14,2598.88,2598.98,374,3,0,374
2024-11-12 19:03:00,2599.06,2599.26,2596.62,2596.98,522,3,0,522
2024-11-12 19:06:00,2596.97,2597.69,2596.2,2596.38,462,3,0,462
2024-11-12 19:09:00,2596.38,2596.67,2594.4,2594.69,506,3,0,506
2024-11-12 19:12:00,2594.67,2594.9,2593.28,2593.28,583,3,0,583
2024-11-12 19:15:00,2593.3,2594.71,2592.74,2593.45,510,3,0,510
2024-11-12 19:18:00,2593.45,2593.58,2592.55,2593.18,401,3,0,401
2024-11-12 19:21:00,2593.18,2594.61,2592.81,2593.91,365,3,0,365
2024-11-12 19:24:00,2593.9,2594.69,2593.61,2593.92,381,3,0,381
2024-11-12 19:27:00,2593.89,2594.61,2593.28,2594.05,459,3,0,459
2024-11-12 19:30:00,2594.08,2595.23,2593.32,2595.09,546,3,0,546
2024-11-12 19:33:00,2595.09,2596.79,2595.01,2596.69,542,3,0,542
2024-11-12 19:36:00,2596.67,2597.15,2595.19,2596.48,497,3,0,497
2024-11-12 19:39:00,2596.46,2597.14,2595.85,2595.95,403,3,0,403
2024-11-12 19:42:00,2595.96,2596.15,2594.68,2594.78,300,3,0,300
2024-11-12 19:45:00,2594.77,2595.17,2593.86,2594.54,363,3,0,363
2024-11-12 19:48:00,2594.55,2595.76,2593.83,2595.76,345,3,0,345
2024-11-12 19:51:00,2595.74,2597.94,2595.73,2597.63,393,3,0,393
2024-11-12 19:54:00,2597.62,2598.97,2597.62,2598.71,338,3,0,338
2024-11-12 19:57:00,2598.73,2599.3,2597.46,2597.46,389,3,0,389
2024-11-12 20:00:00,2597.46,2598.63,2597.2,2598.05,360,3,0,360
2024-11-12 20:03:00,2598.05,2599.64,2597.65,2599.52,339,3,0,339
2024-11-12 20:06:00,2599.44,2599.91,2598.74,2599.13,290,3,0,290
2024-11-12 20:09:00,2599.05,2600.72,2598.74,2600.19,293,3,0,293
2024-11-12 20:12:00,2600.21,2600.95,2599.29,2600.73,328,3,0,328
2024-11-12 20:15:00,2600.73,2601.58,2600.18,2601.53,290,3,0,290
2024-11-12 20:18:00,2601.53,2602.14,2600.73,2600.89,255,3,0,255
2024-11-12 20:21:00,2600.93,2601.34,2600.16,2600.66,253,3,0,253
2024-11-12 20:24:00,2600.66,2600.66,2599.29,2599.76,416,3,0,416
2024-11-12 20:27:00,2599.76,2601.59,2599.45,2599.67,525,3,0,525
2024-11-12 20:30:00,2599.68,2600.19,2597.6,2597.64,544,3,0,544
2024-11-12 20:33:00,2597.65,2598.64,2597.34,2598.54,421,3,0,421
2024-11-12 20:36:00,2598.55,2598.56,2597.33,2597.44,298,3,0,298
2024-11-12 20:39:00,2597.43,2597.66,2596.74,2597.24,272,3,0,272
2024-11-12 20:42:00,2597.22,2597.93,2596.54,2597.55,250,3,0,250
2024-11-12 20:45:00,2597.56,2598.86,2597.37,2597.37,289,3,0,289
2024-11-12 20:48:00,2597.37,2598.34,2596.76,2598.16,247,3,0,247
2024-11-12 20:51:00,2598.18,2599.09,2598.18,2599.07,203,3,0,203
2024-11-12 20:54:00,2599.07,2599.98,2598.91,2599.85,257,3,0,257
2024-11-12 20:57:00,2599.82,2599.95,2599.12,2599.3,347,3,0,347
2024-11-12 21:00:00,2599.31,2600.6,2599.23,2600.6,223,3,0,223
2024-11-12 21:03:00,2600.6,2601.13,2600.32,2600.73,266,3,0,266
2024-11-12 21:06:00,2600.73,2600.92,2600.01,2600.09,167,3,0,167
2024-11-12 21:09:00,2600.11,2600.56,2599.39,2599.47,251,3,0,251
2024-11-12 21:12:00,2599.47,2599.65,2599.1,2599.38,251,3,0,251
2024-11-12 21:15:00,2599.39,2600.1,2598.91,2600.09,313,3,0,313
2024-11-12 21:18:00,2600.08,2600.39,2599.76,2600.39,332,3,0,332
2024-11-12 21:21:00,2600.37,2601.15,2600.25,2601.14,245,3,0,245
2024-11-12 21:24:00,2601.14,2601.48,2600.23,2600.72,370,3,0,370
2024-11-12 21:27:00,2600.73,2601.03,2599.55,2600.05,268,3,0,268
2024-11-12 21:30:00,2600.04,2600.72,2599.67,2600.01,343,3,0,343
2024-11-12 21:33:00,2600.03,2600.45,2599.38,2599.91,372,3,0,372
2024-11-12 21:36:00,2599.91,2600.01,2599.14,2599.55,278,3,0,278
2024-11-12 21:39:00,2599.55,2599.85,2599.01,2599.84,193,3,0,193
2024-11-12 21:42:00,2599.85,2600.64,2599.64,2600.31,170,3,0,170
2024-11-12 21:45:00,2600.32,2600.73,2600.01,2600.02,232,3,0,232
2024-11-12 21:48:00,2600.01,2600.01,2599.14,2599.35,183,3,0,183
2024-11-12 21:51:00,2599.36,2599.73,2598.94,2599.06,310,3,0,310
2024-11-12 21:54:00,2599.06,2599.63,2598.71,2598.78,399,3,0,399
2024-11-12 21:57:00,2598.83,2598.94,2598.04,2598.27,445,3,0,445
2024-11-12 22:00:00,2598.27,2598.82,2596.71,2596.91,365,3,0,365
2024-11-12 22:03:00,2596.9,2597.5,2596.69,2597.5,341,3,0,341
2024-11-12 22:06:00,2597.52,2597.6,2596.4,2596.4,369,3,0,369
2024-11-12 22:09:00,2596.41,2596.92,2595.23,2596.66,327,3,0,327
2024-11-12 22:12:00,2596.65,2598.02,2596.64,2598.02,232,3,0,232
2024-11-12 22:15:00,2598.03,2598.54,2597.96,2598.2,242,3,0,242
2024-11-12 22:18:00,2598.25,2599.29,2598.16,2599.14,198,3,0,198
2024-11-12 22:21:00,2599.13,2599.13,2598.27,2598.69,234,3,0,234
2024-11-12 22:24:00,2598.73,2599.26,2598.55,2599.02,196,3,0,196
2024-11-12 22:27:00,2599.03,2599.03,2598.3,2598.3,212,3,0,212
2024-11-12 22:30:00,2598.22,2598.38,2597.46,2597.93,327,3,0,327
2024-11-12 22:33:00,2597.85,2598.77,2597.7,2598.18,303,3,0,303
2024-11-12 22:36:00,2598.17,2599.19,2598.17,2599.01,189,3,0,189
2024-11-12 22:39:00,2599.06,2600.02,2599.06,2599.99,191,3,0,191
2024-11-12 22:42:00,2600.02,2600.28,2599.51,2600.28,257,3,0,257
2024-11-12 22:45:00,2600.29,2601.3,2600.21,2601.19,153,3,0,153
2024-11-12 22:48:00,2601.21,2601.4,2600.44,2600.97,184,3,0,184
2024-11-12 22:51:00,2600.99,2601.02,2600.3,2600.45,292,3,0,292
2024-11-12 22:54:00,2600.44,2600.65,2599.62,2599.81,362,3,0,362
2024-11-12 22:57:00,2599.8,2600.5,2599.54,2599.69,486,3,0,486
2024-11-12 23:00:00,2599.7,2600.82,2599.7,2600.75,184,3,0,184
2024-11-12 23:03:00,2600.75,2600.81,2600.24,2600.45,114,3,0,114
2024-11-12 23:06:00,2600.45,2600.83,2600.21,2600.22,100,3,0,100
2024-11-12 23:09:00,2600.21,2600.24,2599.53,2599.79,60,3,0,60
2024-11-12 23:12:00,2599.83,2599.83,2599.31,2599.42,77,3,0,77
2024-11-12 23:15:00,2599.51,2599.61,2599.2,2599.42,73,3,0,73
2024-11-12 23:18:00,2599.41,2599.51,2598.43,2598.82,107,3,0,107
2024-11-12 23:21:00,2598.82,2599.3,2598.39,2599.3,78,3,0,78
2024-11-12 23:24:00,2599.3,2599.3,2598.28,2598.37,110,3,0,110
2024-11-12 23:27:00,2598.27,2598.43,2597.71,2597.82,109,3,0,109
2024-11-12 23:30:00,2597.82,2598.29,2597.45,2598.23,144,3,0,144
2024-11-12 23:33:00,2598.24,2598.53,2597.97,2598.24,90,3,0,90
2024-11-12 23:36:00,2598.26,2598.38,2598.07,2598.37,59,3,0,59
2024-11-12 23:39:00,2598.32,2598.47,2598.24,2598.29,97,3,0,97
2024-11-12 23:42:00,2598.35,2598.36,2597.45,2597.78,87,3,0,87
2024-11-12 23:45:00,2597.69,2597.78,2597.46,2597.55,132,3,0,132
2024-11-12 23:48:00,2597.53,2597.64,2597.18,2597.62,71,3,0,71
2024-11-12 23:51:00,2597.56,2598.3,2597.53,2598.3,52,3,0,52
2024-11-12 23:54:00,2598.31,2598.41,2598.14,2598.28,56,3,0,56
2024-11-12 23:57:00,2598.28,2598.42,2598.12,2598.12,37,3,0,37
2024-11-13 01:00:00,2598.1,2598.44,2597.63,2597.63,74,6,0,74
2024-11-13 01:03:00,2597.58,2598.12,2597.52,2597.64,82,9,0,82
2024-11-13 01:06:00,2597.66,2598.31,2597.66,2598.31,26,3,0,26
2024-11-13 01:09:00,2598.31,2598.46,2598.28,2598.41,24,4,0,24
2024-11-13 01:12:00,2598.42,2599.08,2598.42,2598.98,74,3,0,74
2024-11-13 01:15:00,2599.06,2599.23,2598.87,2599.15,67,3,0,67
2024-11-13 01:18:00,2599.16,2599.58,2599.1,2599.4,126,3,0,126
2024-11-13 01:21:00,2599.37,2599.56,2599.21,2599.24,66,3,0,66
2024-11-13 01:24:00,2599.23,2599.25,2598.87,2598.93,72,3,0,72
2024-11-13 01:27:00,2598.95,2599.01,2598.34,2598.44,87,3,0,87
2024-11-13 01:30:00,2598.34,2598.69,2598.34,2598.53,75,3,0,75
2024-11-13 01:33:00,2598.53,2598.57,2598.13,2598.18,61,3,0,61
2024-11-13 01:36:00,2598.17,2598.54,2597.99,2598.45,62,3,0,62
2024-11-13 01:39:00,2598.48,2598.68,2598.38,2598.58,27,3,0,27
2024-11-13 01:42:00,2598.56,2598.6,2598.38,2598.42,22,3,0,22
2024-11-13 01:45:00,2598.51,2598.96,2598.51,2598.83,34,3,0,34
2024-11-13 01:48:00,2598.88,2599.72,2598.88,2599.53,66,3,0,66
2024-11-13 01:51:00,2599.54,2599.84,2599.31,2599.54,70,3,0,70
2024-11-13 01:54:00,2599.53,2599.75,2599.06,2599.06,73,3,0,73
2024-11-13 01:57:00,2599.07,2599.22,2598.9,2598.95,103,3,0,103
2024-11-13 02:00:00,2598.95,2599.07,2598.19,2598.73,88,3,0,88
2024-11-13 02:03:00,2598.75,2598.81,2598.47,2598.64,87,3,0,87
2024-11-13 02:06:00,2598.65,2598.95,2598.38,2598.41,104,3,0,104
2024-11-13 02:09:00,2598.4,2598.62,2598.08,2598.54,123,3,0,123
2024-11-13 02:12:00,2598.53,2599.24,2598.53,2598.81,100,3,0,100
2024-11-13 02:15:00,2598.81,2598.97,2598.56,2598.95,74,3,0,74
2024-11-13 02:18:00,2598.96,2599.7,2598.86,2599.52,108,3,0,108
2024-11-13 02:21:00,2599.52,2599.52,2599.22,2599.32,66,3,0,66
2024-11-13 02:24:00,2599.32,2599.32,2598.66,2599.01,100,3,0,100
2024-11-13 02:27:00,2599.01,2599.01,2598.72,2598.92,61,3,0,61
2024-11-13 02:30:00,2598.93,2599.53,2598.83,2599.08,167,3,0,167
2024-11-13 02:33:00,2599.09,2599.33,2599.08,2599.22,106,3,0,106
2024-11-13 02:36:00,2599.22,2599.92,2599.2,2599.67,134,3,0,134
2024-11-13 02:39:00,2599.69,2599.92,2599.59,2599.88,64,3,0,64
2024-11-13 02:42:00,2599.86,2599.86,2598.74,2599.14,93,3,0,93
2024-11-13 02:45:00,2599.19,2599.71,2598.81,2599.7,189,3,0,189
2024-11-13 02:48:00,2599.7,2599.72,2599.0,2599.25,161,3,0,161
2024-11-13 02:51:00,2599.27,2599.69,2599.01,2599.48,138,3,0,138
2024-11-13 02:54:00,2599.48,2599.68,2599.28,2599.46,120,3,0,120
2024-11-13 02:57:00,2599.43,2599.63,2598.73,2599.49,118,3,0,118
2024-11-13 03:00:00,2599.53,2602.31,2599.53,2601.88,715,3,0,715
2024-11-13 03:03:00,2601.85,2602.54,2601.6,2602.54,533,3,0,533
2024-11-13 03:06:00,2602.51,2603.24,2601.97,2603.1,505,3,0,505
2024-11-13 03:09:00,2603.11,2604.72,2602.97,2604.49,699,3,0,699
2024-11-13 03:12:00,2604.48,2604.59,2602.09,2602.99,492,3,0,492
2024-11-13 03:15:00,2603.0,2608.08,2603.0,2607.26,712,3,0,712
2024-11-13 03:18:00,2607.23,2608.51,2606.64,2607.21,769,3,0,769
2024-11-13 03:21:00,2607.23,2608.04,2606.53,2607.06,631,3,0,631
2024-11-13 03:24:00,2607.04,2608.26,2606.23,2607.81,494,3,0,494
2024-11-13 03:27:00,2607.82,2608.71,2607.4,2608.31,548,3,0,548
2024-11-13 03:30:00,2608.29,2608.78,2607.6,2607.63,702,3,0,702
2024-11-13 03:33:00,2607.54,2608.26,2606.52,2608.11,474,3,0,474
2024-11-13 03:36:00,2608.12,2610.45,2608.12,2609.12,499,3,0,499
2024-11-13 03:39:00,2609.09,2610.35,2608.86,2610.24,457,3,0,457
2024-11-13 03:42:00,2610.23,2610.51,2609.39,2609.97,454,3,0,454
2024-11-13 03:45:00,2609.92,2611.19,2609.65,2610.6,588,3,0,588
2024-11-13 03:48:00,2610.6,2610.87,2609.95,2610.26,493,3,0,493
2024-11-13 03:51:00,2610.25,2610.51,2608.3,2608.95,467,3,0,467
2024-11-13 03:54:00,2608.95,2609.67,2608.84,2609.31,609,3,0,609
2024-11-13 03:57:00,2609.31,2609.4,2607.98,2608.19,615,3,0,615
2024-11-13 04:00:00,2608.19,2608.59,2607.03,2607.03,659,3,0,659
2024-11-13 04:03:00,2607.03,2607.06,2606.13,2606.28,361,3,0,361
2024-11-13 04:06:00,2606.28,2607.84,2606.13,2607.74,407,3,0,407
2024-11-13 04:09:00,2607.73,2608.34,2605.79,2605.83,625,3,0,625
2024-11-13 04:12:00,2605.8,2606.73,2605.2,2606.73,537,3,0,537
2024-11-13 04:15:00,2606.72,2607.22,2606.23,2606.73,409,3,0,409
2024-11-13 04:18:00,2606.71,2606.71,2605.45,2606.0,305,3,0,305
2024-11-13 04:21:00,2606.01,2606.42,2605.55,2606.08,218,3,0,218
2024-11-13 04:24:00,2606.07,2606.76,2605.93,2606.67,241,3,0,241
2024-11-13 04:27:00,2606.66,2607.28,2606.66,2607.18,282,3,0,282
2024-11-13 04:30:00,2607.19,2607.19,2605.52,2606.79,444,3,0,444
2024-11-13 04:33:00,2606.79,2608.08,2606.41,2606.77,554,3,0,554
2024-11-13 04:36:00,2606.79,2607.65,2606.57,2606.91,522,3,0,522
2024-11-13 04:39:00,2606.84,2608.16,2606.42,2608.14,485,3,0,485
2024-11-13 04:42:00,2608.11,2609.9,2608.08,2608.52,503,3,0,503
2024-11-13 04:45:00,2608.48,2609.59,2608.41,2609.34,659,3,0,659
2024-11-13 04:48:00,2609.34,2610.44,2609.34,2610.22,691,3,0,691
2024-11-13 04:51:00,2610.21,2612.43,2610.19,2612.1,558,3,0,558
2024-11-13 04:54:00,2612.08,2612.37,2611.58,2611.76,402,3,0,402
2024-11-13 04:57:00,2611.76,2612.6,2611.48,2612.14,350,3,0,350
2024-11-13 05:00:00,2612.13,2613.28,2612.08,2612.95,495,3,0,495
2024-11-13 05:03:00,2612.94,2612.95,2611.09,2611.15,515,3,0,515
2024-11-13 05:06:00,2611.16,2612.82,2611.11,2612.71,534,3,0,534
2024-11-13 05:09:00,2612.73,2612.73,2610.86,2611.2,474,3,0,474
2024-11-13 05:12:00,2611.17,2611.27,2610.0,2610.46,408,3,0,408
2024-11-13 05:15:00,2610.47,2611.07,2610.27,2610.36,386,3,0,386
2024-11-13 05:18:00,2610.35,2610.86,2610.27,2610.53,337,3,0,337
2024-11-13 05:21:00,2610.53,2610.78,2609.86,2610.16,249,3,0,249
2024-11-13 05:24:00,2610.15,2610.17,2607.63,2607.68,474,3,0,474
2024-11-13 05:27:00,2607.67,2608.67,2607.09,2608.46,537,3,0,537
2024-11-13 05:30:00,2608.49,2609.07,2607.0,2607.03,490,3,0,490
2024-11-13 05:33:00,2607.02,2607.31,2606.55,2607.02,315,3,0,315
2024-11-13 05:36:00,2607.02,2607.4,2606.75,2607.16,239,3,0,239
2024-11-13 05:39:00,2607.18,2609.45,2607.06,2609.18,456,3,0,456
2024-11-13 05:42:00,2609.15,2609.29,2608.63,2608.92,347,3,0,347
2024-11-13 05:45:00,2608.92,2610.82,2608.85,2609.88,344,3,0,344
2024-11-13 05:48:00,2609.86,2611.11,2609.68,2610.75,309,3,0,309
2024-11-13 05:51:00,2610.73,2611.97,2610.7,2611.43,343,3,0,343
2024-11-13 05:54:00,2611.45,2612.53,2611.29,2612.24,451,3,0,451
2024-11-13 05:57:00,2612.23,2612.42,2611.48,2611.56,473,3,0,473
2024-11-13 06:00:00,2611.57,2612.38,2611.52,2611.97,462,3,0,462
2024-11-13 06:03:00,2611.98,2612.07,2609.41,2610.01,333,3,0,333
2024-11-13 06:06:00,2610.04,2610.58,2609.54,2609.54,213,3,0,213
2024-11-13 06:09:00,2609.52,2611.3,2609.35,2610.98,255,3,0,255
2024-11-13 06:12:00,2610.99,2611.01,2610.32,2610.36,126,3,0,126
2024-11-13 06:15:00,2610.32,2610.6,2609.67,2609.69,223,3,0,223
2024-11-13 06:18:00,2609.69,2611.31,2609.68,2611.18,281,3,0,281
2024-11-13 06:21:00,2611.16,2611.61,2610.91,2611.5,162,3,0,162
2024-11-13 06:24:00,2611.53,2611.84,2611.46,2611.52,175,3,0,175
2024-11-13 06:27:00,2611.53,2612.13,2611.44,2611.73,224,3,0,224
2024-11-13 06:30:00,2611.74,2612.14,2610.78,2611.21,278,3,0,278
2024-11-13 06:33:00,2611.23,2611.33,2610.74,2610.93,93,3,0,93
2024-11-13 06:36:00,2610.93,2611.31,2610.73,2611.26,154,3,0,154
2024-11-13 06:39:00,2611.28,2611.28,2610.42,2610.58,189,3,0,189
2024-11-13 06:42:00,2610.58,2610.59,2607.89,2609.2,333,3,0,333
2024-11-13 06:45:00,2609.22,2610.2,2608.85,2609.42,329,3,0,329
2024-11-13 06:48:00,2609.43,2609.5,2608.01,2608.78,304,3,0,304
2024-11-13 06:51:00,2608.78,2608.88,2607.97,2608.0,237,3,0,237
2024-11-13 06:54:00,2608.01,2608.05,2607.07,2607.1,298,3,0,298
2024-11-13 06:57:00,2607.1,2607.47,2606.15,2606.28,244,3,0,244
2024-11-13 07:00:00,2606.31,2607.91,2606.31,2607.6,309,3,0,309
2024-11-13 07:03:00,2607.6,2607.88,2607.19,2607.58,213,3,0,213
2024-11-13 07:06:00,2607.6,2607.92,2607.38,2607.53,189,3,0,189
2024-11-13 07:09:00,2607.54,2607.65,2606.36,2606.99,230,3,0,230
2024-11-13 07:12:00,2606.94,2606.99,2606.6,2606.68,226,3,0,226
2024-11-13 07:15:00,2606.68,2607.07,2606.03,2606.8,245,3,0,245
2024-11-13 07:18:00,2606.8,2606.98,2606.04,2606.06,307,3,0,307
2024-11-13 07:21:00,2606.1,2607.13,2605.93,2607.07,290,3,0,290
2024-11-13 07:24:00,2607.08,2607.15,2606.05,2606.52,195,3,0,195
2024-11-13 07:27:00,2606.45,2606.98,2606.21,2606.32,216,3,0,216
2024-11-13 07:30:00,2606.29,2606.66,2604.11,2604.14,615,3,0,615
2024-11-13 07:33:00,2604.12,2605.52,2603.63,2605.39,601,3,0,601
2024-11-13 07:36:00,2605.38,2605.54,2604.75,2605.04,388,3,0,388
2024-11-13 07:39:00,2605.01,2606.44,2604.94,2605.23,396,3,0,396
2024-11-13 07:42:00,2605.24,2605.51,2604.74,2605.16,319,3,0,319
2024-11-13 07:45:00,2605.17,2605.52,2604.13,2604.38,305,3,0,305
2024-11-13 07:48:00,2604.39,2605.29,2604.37,2604.67,291,3,0,291
2024-11-13 07:51:00,2604.67,2606.0,2604.43,2605.88,294,3,0,294
2024-11-13 07:54:00,2605.88,2606.85,2605.73,2606.21,409,3,0,409
2024-11-13 07:57:00,2606.19,2606.58,2605.45,2605.8,264,3,0,264
2024-11-13 08:00:00,2605.79,2607.47,2605.45,2607.3,356,3,0,356
2024-11-13 08:03:00,2607.3,2607.3,2605.98,2606.35,213,3,0,213
2024-11-13 08:06:00,2606.36,2607.07,2605.17,2607.07,410,3,0,410
2024-11-13 08:09:00,2607.09,2607.2,2605.39,2606.1,412,3,0,412
2024-11-13 08:12:00,2606.08,2606.12,2604.48,2604.48,384,3,0,384
2024-11-13 08:15:00,2604.48,2605.17,2604.22,2604.61,524,3,0,524
2024-11-13 08:18:00,2604.61,2606.21,2604.18,2605.48,395,3,0,395
2024-11-13 08:21:00,2605.49,2606.37,2605.4,2606.1,266,3,0,266
2024-11-13 08:24:00,2606.12,2607.08,2605.86,2606.75,336,3,0,336
2024-11-13 08:27:00,2606.75,2606.99,2605.73,2605.87,222,3,0,222
2024-11-13 08:30:00,2605.94,2606.77,2605.46,2606.54,220,3,0,220
2024-11-13 08:33:00,2606.5,2606.75,2605.53,2605.54,267,3,0,267
2024-11-13 08:36:00,2605.59,2605.89,2605.05,2605.65,252,3,0,252
2024-11-13 08:39:00,2605.65,2606.01,2605.09,2605.3,367,3,0,367
2024-11-13 08:42:00,2605.29,2605.51,2604.76,2604.94,356,3,0,356
2024-11-13 08:45:00,2604.91,2605.98,2604.5,2605.94,381,3,0,381
2024-11-13 08:48:00,2605.93,2606.16,2605.43,2605.97,243,3,0,243
2024-11-13 08:51:00,2605.98,2606.68,2605.65,2606.35,199,3,0,199
2024-11-13 08:54:00,2606.37,2606.54,2605.96,2606.16,206,3,0,206
2024-11-13 08:57:00,2606.16,2606.2,2605.1,2605.49,293,3,0,293
2024-11-13 09:00:00,2605.49,2605.98,2604.65,2605.88,331,3,0,331
2024-11-13 09:03:00,2605.9,2607.47,2605.26,2606.74,298,3,0,298
2024-11-13 09:06:00,2606.71,2606.71,2604.84,2605.25,182,3,0,182
2024-11-13 09:09:00,2605.26,2605.77,2604.85,2605.1,211,3,0,211
2024-11-13 09:12:00,2605.09,2605.63,2604.9,2605.26,219,3,0,219
2024-11-13 09:15:00,2605.27,2605.63,2604.38,2604.6,299,3,0,299
2024-11-13 09:18:00,2604.62,2606.31,2604.34,2606.19,326,3,0,326
2024-11-13 09:21:00,2606.18,2606.61,2605.76,2606.08,250,3,0,250
2024-11-13 09:24:00,2606.17,2607.01,2605.87,2607.0,231,3,0,231
2024-11-13 09:27:00,2607.07,2607.42,2606.26,2606.34,265,3,0,265
2024-11-13 09:30:00,2606.26,2606.55,2605.36,2606.55,279,3,0,279
2024-11-13 09:33:00,2606.56,2606.69,2605.56,2606.28,247,3,0,247
2024-11-13 09:36:00,2606.27,2607.08,2606.05,2606.34,190,3,0,190
2024-11-13 09:39:00,2606.34,2606.89,2605.85,2606.57,212,3,0,212
2024-11-13 09:42:00,2606.58,2607.31,2606.34,2607.31,292,3,0,292
2024-11-13 09:45:00,2607.31,2607.31,2605.82,2606.13,229,3,0,229
2024-11-13 09:48:00,2606.14,2606.56,2605.73,2606.35,307,3,0,307
2024-11-13 09:51:00,2606.34,2607.14,2606.11,2606.95,451,3,0,451
2024-11-13 09:54:00,2606.96,2607.23,2606.11,2606.29,391,3,0,391
2024-11-13 09:57:00,2606.29,2606.49,2605.92,2606.27,380,3,0,380
2024-11-13 10:00:00,2606.25,2606.25,2604.78,2605.73,505,3,0,505
2024-11-13 10:03:00,2605.74,2605.89,2603.78,2604.65,395,3,0,395
2024-11-13 10:06:00,2604.66,2604.84,2604.16,2604.25,326,3,0,326
2024-11-13 10:09:00,2604.25,2604.44,2602.71,2602.73,430,3,0,430
2024-11-13 10:12:00,2602.74,2603.75,2601.45,2601.85,443,3,0,443
2024-11-13 10:15:00,2601.85,2605.21,2601.1,2605.21,505,3,0,505
2024-11-13 10:18:00,2605.26,2606.07,2603.43,2603.72,483,3,0,483
2024-11-13 10:21:00,2603.72,2604.56,2603.09,2603.24,483,3,0,483
2024-11-13 10:24:00,2603.24,2604.82,2603.0,2604.57,317,3,0,317
2024-11-13 10:27:00,2604.56,2605.05,2603.49,2604.76,306,3,0,306
2024-11-13 10:30:00,2604.76,2607.11,2604.64,2607.08,337,3,0,337
2024-11-13 10:33:00,2607.08,2608.45,2606.41,2606.55,302,3,0,302
2024-11-13 10:36:00,2606.55,2609.22,2606.12,2609.13,348,3,0,348
2024-11-13 10:39:00,2609.13,2610.71,2608.77,2610.45,550,3,0,550
2024-11-13 10:42:00,2610.48,2610.79,2608.46,2608.97,324,3,0,324
2024-11-13 10:45:00,2608.97,2610.57,2608.46,2608.9,352,3,0,352
2024-11-13 10:48:00,2608.91,2609.63,2608.53,2608.58,264,3,0,264
2024-11-13 10:51:00,2608.57,2608.72,2607.74,2608.57,275,3,0,275
2024-11-13 10:54:00,2608.59,2609.3,2607.74,2607.74,301,3,0,301
2024-11-13 10:57:00,2607.75,2608.44,2607.45,2607.67,307,3,0,307
2024-11-13 11:00:00,2607.68,2610.39,2607.4,2609.32,328,3,0,328
2024-11-13 11:03:00,2609.3,2609.3,2608.28,2608.98,322,3,0,322
2024-11-13 11:06:00,2608.97,2609.17,2607.91,2608.39,270,3,0,270
2024-11-13 11:09:00,2608.38,2608.74,2608.08,2608.37,200,3,0,200
2024-11-13 11:12:00,2608.34,2609.85,2608.28,2609.64,219,3,0,219
2024-11-13 11:15:00,2609.61,2610.07,2608.95,2609.23,226,3,0,226
2024-11-13 11:18:00,2609.21,2609.6,2608.31,2608.74,201,3,0,201
2024-11-13 11:21:00,2608.72,2609.66,2607.88,2609.66,274,3,0,274
2024-11-13 11:24:00,2609.64,2610.57,2609.56,2610.47,318,3,0,318
2024-11-13 11:27:00,2610.45,2610.58,2609.66,2609.66,330,3,0,330
2024-11-13 11:30:00,2609.69,2611.71,2609.61,2610.84,326,3,0,326
2024-11-13 11:33:00,2610.82,2610.92,2610.2,2610.41,286,3,0,286
2024-11-13 11:36:00,2610.41,2610.61,2609.51,2609.93,209,3,0,209
2024-11-13 11:39:00,2609.93,2610.82,2609.34,2609.84,377,3,0,377
2024-11-13 11:42:00,2609.84,2609.84,2608.58,2609.68,352,3,0,352
2024-11-13 11:45:00,2609.67,2609.99,2608.67,2609.05,338,3,0,338
2024-11-13 11:48:00,2609.02,2610.89,2608.13,2610.38,361,3,0,361
2024-11-13 11:51:00,2610.37,2610.44,2609.13,2609.58,279,3,0,279
2024-11-13 11:54:00,2609.59,2610.48,2609.48,2609.58,280,3,0,280
2024-11-13 11:57:00,2609.57,2609.59,2608.1,2608.64,328,3,0,328
2024-11-13 12:00:00,2608.66,2608.9,2607.23,2608.49,410,3,0,410
2024-11-13 12:03:00,2608.49,2608.49,2607.72,2608.38,385,3,0,385
2024-11-13 12:06:00,2608.4,2609.02,2608.18,2608.52,245,3,0,245
2024-11-13 12:09:00,2608.51,2608.51,2607.65,2607.79,268,3,0,268
2024-11-13 12:12:00,2607.83,2608.65,2607.75,2607.75,163,3,0,163
2024-11-13 12:15:00,2607.75,2608.48,2607.56,2608.1,190,3,0,190
2024-11-13 12:18:00,2608.02,2608.57,2607.05,2607.3,260,3,0,260
2024-11-13 12:21:00,2607.3,2608.67,2607.29,2608.5,260,3,0,260
2024-11-13 12:24:00,2608.5,2609.45,2608.34,2609.04,239,3,0,239
2024-11-13 12:27:00,2609.03,2610.04,2608.95,2609.98,198,3,0,198
2024-11-13 12:30:00,2609.95,2610.49,2608.93,2609.68,311,3,0,311
2024-11-13 12:33:00,2609.6,2610.25,2608.99,2609.09,175,3,0,175
2024-11-13 12:36:00,2609.09,2609.26,2608.26,2608.76,178,3,0,178
2024-11-13 12:39:00,2608.75,2608.8,2607.71,2607.79,223,3,0,223
2024-11-13 12:42:00,2607.79,2607.79,2607.08,2607.16,177,3,0,177
2024-11-13 12:45:00,2607.16,2608.55,2607.16,2608.35,217,3,0,217
2024-11-13 12:48:00,2608.36,2610.25,2608.36,2610.24,223,3,0,223
2024-11-13 12:51:00,2610.24,2610.45,2609.48,2609.48,233,3,0,233
2024-11-13 12:54:00,2609.48,2609.79,2609.18,2609.59,159,3,0,159
2024-11-13 12:57:00,2609.57,2609.85,2608.95,2609.08,177,3,0,177
2024-11-13 13:00:00,2609.08,2609.2,2608.38,2609.2,196,3,0,196
2024-11-13 13:03:00,2609.19,2609.19,2608.28,2608.39,137,3,0,137
2024-11-13 13:06:00,2608.46,2610.35,2608.29,2610.35,199,3,0,199
2024-11-13 13:09:00,2610.36,2611.7,2610.36,2610.76,363,3,0,363
2024-11-13 13:12:00,2610.79,2610.79,2609.31,2609.69,203,3,0,203
2024-11-13 13:15:00,2609.7,2610.19,2609.1,2610.19,180,3,0,180
2024-11-13 13:18:00,2610.19,2610.31,2609.51,2609.6,113,3,0,113
2024-11-13 13:21:00,2609.59,2609.78,2609.06,2609.06,137,3,0,137
2024-11-13 13:24:00,2609.06,2609.44,2608.37,2609.34,191,3,0,191
2024-11-13 13:27:00,2609.33,2609.56,2608.57,2608.78,172,3,0,172
2024-11-13 13:30:00,2608.73,2608.73,2607.71,2608.1,260,3,0,260
2024-11-13 13:33:00,2608.1,2608.21,2606.1,2606.3,294,3,0,294
2024-11-13 13:36:00,2606.31,2607.14,2606.0,2606.46,266,3,0,266
2024-11-13 13:39:00,2606.45,2607.52,2605.89,2607.51,360,3,0,360
2024-11-13 13:42:00,2607.52,2608.71,2607.49,2608.47,350,3,0,350
2024-11-13 13:45:00,2608.42,2608.91,2607.71,2608.9,327,3,0,327
2024-11-13 13:48:00,2608.91,2609.95,2608.75,2609.28,327,3,0,327
2024-11-13 13:51:00,2609.27,2610.92,2609.26,2610.43,341,3,0,341
2024-11-13 13:54:00,2610.36,2610.78,2610.13,2610.24,248,3,0,248
2024-11-13 13:57:00,2610.24,2610.93,2610.11,2610.87,293,3,0,293
2024-11-13 14:00:00,2610.87,2612.67,2610.87,2612.44,478,3,0,478
2024-11-13 14:03:00,2612.44,2612.75,2611.12,2611.6,414,3,0,414
2024-11-13 14:06:00,2611.59,2611.92,2611.42,2611.7,216,3,0,216
2024-11-13 14:09:00,2611.7,2611.78,2610.46,2611.09,296,3,0,296
2024-11-13 14:12:00,2611.1,2611.52,2610.77,2611.51,185,3,0,185
2024-11-13 14:15:00,2611.48,2611.92,2611.18,2611.5,285,3,0,285
2024-11-13 14:18:00,2611.52,2611.78,2610.65,2611.4,322,3,0,322
2024-11-13 14:21:00,2611.39,2611.95,2610.49,2610.82,321,3,0,321
2024-11-13 14:24:00,2610.82,2611.54,2610.49,2611.46,319,3,0,319
2024-11-13 14:27:00,2611.55,2611.64,2609.94,2610.73,294,3,0,294
2024-11-13 14:30:00,2610.73,2611.13,2609.69,2609.84,299,3,0,299
2024-11-13 14:33:00,2609.86,2611.57,2609.82,2611.47,352,3,0,352
2024-11-13 14:36:00,2611.5,2611.67,2610.2,2610.4,261,3,0,261
2024-11-13 14:39:00,2610.4,2611.41,2610.01,2611.28,301,3,0,301
2024-11-13 14:42:00,2611.28,2611.38,2610.84,2611.03,274,3,0,274
2024-11-13 14:45:00,2611.06,2611.51,2610.03,2610.24,274,3,0,274
2024-11-13 14:48:00,2610.24,2610.54,2609.77,2610.02,247,3,0,247
2024-11-13 14:51:00,2610.04,2610.04,2608.95,2609.73,274,3,0,274
2024-11-13 14:54:00,2609.73,2610.08,2609.23,2609.93,340,3,0,340
2024-11-13 14:57:00,2610.0,2610.21,2609.62,2609.72,341,3,0,341
2024-11-13 15:00:00,2609.72,2610.44,2609.0,2609.47,781,3,0,781
2024-11-13 15:03:00,2609.42,2610.95,2609.28,2610.41,543,3,0,543
2024-11-13 15:06:00,2610.42,2611.07,2609.66,2609.77,379,3,0,379
2024-11-13 15:09:00,2609.76,2609.91,2608.16,2608.95,540,3,0,540
2024-11-13 15:12:00,2608.94,2609.44,2607.59,2608.07,529,3,0,529
2024-11-13 15:15:00,2608.07,2609.24,2608.04,2608.7,497,3,0,497
2024-11-13 15:18:00,2608.68,2609.65,2607.28,2607.71,535,3,0,535
2024-11-13 15:21:00,2607.75,2609.56,2607.23,2608.37,586,3,0,586
2024-11-13 15:24:00,2608.38,2608.68,2607.33,2607.78,445,3,0,445
2024-11-13 15:27:00,2607.79,2609.54,2607.38,2608.51,308,3,0,308
2024-11-13 15:30:00,2608.51,2618.78,2608.51,2612.4,569,3,0,569
2024-11-13 15:33:00,2612.32,2614.3,2609.74,2614.2,624,3,0,624
2024-11-13 15:36:00,2614.2,2614.98,2610.98,2614.07,558,3,0,558
2024-11-13 15:39:00,2614.16,2614.72,2610.06,2612.72,628,3,0,628
2024-11-13 15:42:00,2612.75,2613.67,2609.44,2609.56,773,3,0,773
2024-11-13 15:45:00,2609.54,2610.85,2608.14,2610.77,866,3,0,866
2024-11-13 15:48:00,2610.75,2612.2,2610.37,2610.99,664,3,0,664
2024-11-13 15:51:00,2610.99,2613.36,2610.61,2612.97,814,3,0,814
2024-11-13 15:54:00,2612.95,2613.89,2610.64,2611.0,838,3,0,838
2024-11-13 15:57:00,2611.02,2614.18,2610.53,2612.42,743,3,0,743
2024-11-13 16:00:00,2612.41,2613.65,2610.98,2613.35,657,3,0,657
2024-11-13 16:03:00,2613.44,2613.73,2611.21,2613.33,678,3,0,678
2024-11-13 16:06:00,2613.33,2614.95,2613.15,2613.78,607,3,0,607
2024-11-13 16:09:00,2613.67,2615.4,2613.1,2615.3,639,3,0,639
2024-11-13 16:12:00,2615.3,2616.4,2614.59,2615.66,658,3,0,658
2024-11-13 16:15:00,2615.65,2615.94,2612.13,2612.6,658,3,0,658
2024-11-13 16:18:00,2612.61,2613.39,2611.71,2613.39,690,3,0,690
2024-11-13 16:21:00,2613.38,2614.52,2612.35,2614.44,642,3,0,642
2024-11-13 16:24:00,2614.44,2615.97,2614.18,2615.26,594,3,0,594
2024-11-13 16:27:00,2615.24,2615.24,2613.0,2613.3,670,3,0,670
2024-11-13 16:30:00,2613.31,2615.23,2612.0,2612.1,645,3,0,645
2024-11-13 16:33:00,2612.04,2613.3,2610.08,2610.17,548,3,0,548
2024-11-13 16:36:00,2610.18,2610.48,2606.23,2608.81,691,3,0,691
2024-11-13 16:39:00,2608.8,2609.14,2606.42,2607.11,763,3,0,763
2024-11-13 16:42:00,2607.08,2610.02,2606.9,2610.0,731,3,0,731
2024-11-13 16:45:00,2609.99,2609.99,2606.27,2606.57,749,3,0,749
2024-11-13 16:48:00,2606.56,2607.03,2603.32,2603.48,702,3,0,702
2024-11-13 16:51:00,2603.5,2605.56,2601.35,2601.72,529,3,0,529
2024-11-13 16:54:00,2601.71,2603.86,2601.52,2603.67,597,3,0,597
2024-11-13 16:57:00,2603.75,2605.08,2601.46,2602.0,712,3,0,712
2024-11-13 17:00:00,2602.27,2603.07,2598.68,2599.54,794,3,0,794
2024-11-13 17:03:00,2599.54,2600.77,2596.99,2597.55,648,3,0,648
2024-11-13 17:06:00,2597.46,2597.55,2593.64,2597.36,569,3,0,569
2024-11-13 17:09:00,2597.38,2600.62,2596.82,2597.63,626,3,0,626
2024-11-13 17:12:00,2597.63,2598.61,2595.57,2596.34,801,3,0,801
2024-11-13 17:15:00,2596.38,2599.19,2596.05,2599.0,743,3,0,743
2024-11-13 17:18:00,2599.01,2600.44,2598.03,2599.3,807,3,0,807
2024-11-13 17:21:00,2599.29,2599.96,2598.06,2598.7,822,3,0,822
2024-11-13 17:24:00,2598.67,2600.23,2597.9,2599.18,723,3,0,723
2024-11-13 17:27:00,2599.18,2600.03,2597.02,2597.31,664,3,0,664
2024-11-13 17:30:00,2597.29,2600.85,2596.98,2600.72,683,3,0,683
2024-11-13 17:33:00,2600.8,2601.15,2598.33,2599.34,692,3,0,692
2024-11-13 17:36:00,2599.34,2600.44,2598.07,2598.15,659,3,0,659
2024-11-13 17:39:00,2598.14,2600.47,2597.23,2600.43,729,3,0,729
2024-11-13 17:42:00,2600.5,2601.76,2599.71,2601.11,864,3,0,864
2024-11-13 17:45:00,2601.15,2602.95,2599.79,2602.9,637,3,0,637
2024-11-13 17:48:00,2602.9,2603.63,2601.39,2602.95,698,3,0,698
2024-11-13 17:51:00,2603.05,2605.16,2603.03,2604.91,643,3,0,643
2024-11-13 17:54:00,2604.9,2606.36,2604.38,2606.2,626,3,0,626
2024-11-13 17:57:00,2606.2,2606.83,2604.54,2605.48,557,3,0,557
2024-11-13 18:00:00,2605.44,2606.03,2603.51,2603.62,638,3,0,638
2024-11-13 18:03:00,2603.59,2604.66,2602.54,2602.73,597,3,0,597
2024-11-13 18:06:00,2602.73,2604.62,2602.48,2604.58,578,3,0,578
2024-11-13 18:09:00,2604.6,2605.04,2603.53,2604.42,552,3,0,552
2024-11-13 18:12:00,2604.45,2604.82,2601.53,2601.99,643,3,0,643
2024-11-13 18:15:00,2601.96,2601.96,2600.33,2601.36,626,3,0,626
2024-11-13 18:18:00,2601.35,2601.53,2599.64,2599.89,626,3,0,626
2024-11-13 18:21:00,2599.88,2599.93,2598.48,2598.99,544,3,0,544
2024-11-13 18:24:00,2599.0,2599.76,2596.65,2596.94,620,3,0,620
2024-11-13 18:27:00,2596.93,2598.06,2595.66,2595.66,552,3,0,552
2024-11-13 18:30:00,2595.67,2596.58,2593.22,2593.57,536,3,0,536
2024-11-13 18:33:00,2593.58,2593.64,2587.55,2589.78,946,3,0,946
2024-11-13 18:36:00,2589.86,2591.6,2588.84,2589.17,866,3,0,866
2024-11-13 18:39:00,2589.2,2591.41,2589.05,2590.77,610,3,0,610
2024-11-13 18:42:00,2590.8,2591.98,2590.03,2590.23,488,3,0,488
2024-11-13 18:45:00,2590.23,2592.9,2590.04,2592.1,550,3,0,550
2024-11-13 18:48:00,2592.11,2592.59,2590.26,2590.26,440,3,0,440
2024-11-13 18:51:00,2590.23,2590.56,2588.86,2589.41,496,3,0,496
2024-11-13 18:54:00,2589.44,2589.6,2584.86,2585.62,764,3,0,764
2024-11-13 18:57:00,2585.62,2586.85,2584.79,2585.88,723,3,0,723
2024-11-13 19:00:00,2585.88,2586.89,2584.62,2584.97,621,3,0,621
2024-11-13 19:03:00,2584.94,2585.37,2582.73,2584.59,694,3,0,694
2024-11-13 19:06:00,2584.59,2585.51,2583.38,2583.88,673,3,0,673
2024-11-13 19:09:00,2583.87,2585.13,2581.6,2582.27,718,3,0,718
2024-11-13 19:12:00,2582.25,2582.38,2579.82,2582.11,650,3,0,650
2024-11-13 19:15:00,2582.12,2583.22,2581.71,2582.22,698,3,0,698
2024-11-13 19:18:00,2582.19,2583.67,2581.47,2581.72,590,3,0,590
2024-11-13 19:21:00,2581.71,2582.02,2580.09,2580.31,658,3,0,658
2024-11-13 19:24:00,2580.29,2580.61,2577.84,2577.92,634,3,0,634
2024-11-13 19:27:00,2577.9,2579.08,2577.68,2578.8,554,3,0,554
2024-11-13 19:30:00,2578.79,2582.17,2578.79,2582.0,776,3,0,776
2024-11-13 19:33:00,2582.01,2582.05,2580.33,2580.37,608,3,0,608
2024-11-13 19:36:00,2580.36,2582.66,2580.26,2581.75,607,3,0,607
2024-11-13 19:39:00,2581.79,2584.34,2581.79,2584.3,611,3,0,611
2024-11-13 19:42:00,2584.33,2584.65,2582.16,2582.17,455,3,0,455
2024-11-13 19:45:00,2582.17,2583.38,2581.77,2582.76,477,3,0,477
2024-11-13 19:48:00,2582.76,2583.4,2581.8,2583.04,433,3,0,433
2024-11-13 19:51:00,2583.02,2584.24,2582.48,2584.06,419,3,0,419
2024-11-13 19:54:00,2584.08,2585.1,2584.07,2585.05,388,3,0,388
2024-11-13 19:57:00,2585.06,2585.07,2582.98,2583.37,317,3,0,317
2024-11-13 20:00:00,2583.37,2584.61,2582.37,2584.53,369,3,0,369
2024-11-13 20:03:00,2584.53,2585.55,2583.49,2583.66,355,3,0,355
2024-11-13 20:06:00,2583.66,2583.95,2582.67,2582.69,317,3,0,317
2024-11-13 20:09:00,2582.69,2583.76,2582.43,2583.49,359,3,0,359
2024-11-13 20:12:00,2583.49,2585.02,2583.49,2584.55,297,3,0,297
2024-11-13 20:15:00,2584.55,2584.55,2583.56,2583.85,322,3,0,322
2024-11-13 20:18:00,2583.89,2584.43,2582.95,2583.58,320,3,0,320
2024-11-13 20:21:00,2583.63,2583.67,2581.68,2582.47,328,3,0,328
2024-11-13 20:24:00,2582.47,2582.67,2580.88,2581.03,381,3,0,381
2024-11-13 20:27:00,2581.06,2581.52,2579.92,2580.62,587,3,0,587
2024-11-13 20:30:00,2580.61,2582.07,2580.61,2581.3,497,3,0,497
2024-11-13 20:33:00,2581.32,2581.95,2580.88,2581.52,288,3,0,288
2024-11-13 20:36:00,2581.54,2583.82,2581.04,2583.77,399,3,0,399
2024-11-13 20:39:00,2583.79,2584.0,2580.19,2582.37,384,3,0,384
2024-11-13 20:42:00,2582.37,2582.47,2580.79,2581.59,257,3,0,257
2024-11-13 20:45:00,2581.59,2583.14,2581.59,2581.96,372,3,0,372
2024-11-13 20:48:00,2582.01,2582.01,2579.64,2581.06,345,3,0,345
2024-11-13 20:51:00,2581.06,2583.91,2581.06,2583.61,311,3,0,311
2024-11-13 20:54:00,2583.6,2583.97,2582.25,2583.51,260,3,0,260
2024-11-13 20:57:00,2583.51,2583.62,2581.99,2582.79,259,3,0,259
2024-11-13 21:00:00,2582.81,2583.18,2582.1,2582.89,156,3,0,156
2024-11-13 21:03:00,2582.96,2583.18,2581.27,2581.38,229,3,0,229
2024-11-13 21:06:00,2581.38,2581.99,2580.69,2581.67,186,3,0,186
2024-11-13 21:09:00,2581.68,2582.25,2581.28,2582.06,163,3,0,163
2024-11-13 21:12:00,2582.13,2583.02,2582.04,2582.76,236,3,0,236
2024-11-13 21:15:00,2582.76,2583.2,2582.36,2582.54,265,3,0,265
2024-11-13 21:18:00,2582.54,2583.07,2581.62,2583.07,228,3,0,228
2024-11-13 21:21:00,2583.08,2583.56,2582.45,2582.55,168,3,0,168
2024-11-13 21:24:00,2582.53,2583.56,2582.52,2583.44,215,3,0,215
2024-11-13 21:27:00,2583.46,2585.0,2583.46,2584.42,346,3,0,346
2024-11-13 21:30:00,2584.41,2584.74,2583.44,2584.14,268,3,0,268
2024-11-13 21:33:00,2584.23,2584.44,2583.64,2584.04,273,3,0,273
2024-11-13 21:36:00,2584.08,2584.41,2583.66,2583.91,226,3,0,226
2024-11-13 21:39:00,2583.92,2583.96,2582.51,2582.87,307,3,0,307
2024-11-13 21:42:00,2582.89,2583.2,2582.55,2583.01,247,3,0,247
2024-11-13 21:45:00,2583.01,2583.76,2582.9,2583.24,199,3,0,199
2024-11-13 21:48:00,2583.26,2583.26,2581.7,2581.71,220,3,0,220
2024-11-13 21:51:00,2581.72,2581.76,2580.62,2581.56,210,3,0,210
2024-11-13 21:54:00,2581.58,2581.58,2580.63,2580.93,231,3,0,231
2024-11-13 21:57:00,2580.95,2581.3,2580.72,2580.98,267,3,0,267
2024-11-13 22:00:00,2580.96,2581.15,2578.17,2578.17,372,3,0,372
2024-11-13 22:03:00,2578.2,2578.27,2575.42,2575.75,542,3,0,542
2024-11-13 22:06:00,2575.79,2577.7,2574.59,2577.42,465,3,0,465
2024-11-13 22:09:00,2577.36,2577.47,2575.29,2575.49,333,3,0,333
2024-11-13 22:12:00,2575.49,2577.33,2575.49,2577.07,329,3,0,329
2024-11-13 22:15:00,2577.08,2578.56,2576.96,2577.2,432,3,0,432
2024-11-13 22:18:00,2577.21,2577.36,2576.11,2576.11,294,3,0,294
2024-11-13 22:21:00,2576.12,2576.67,2575.55,2576.66,298,3,0,298
2024-11-13 22:24:00,2576.65,2576.85,2575.49,2575.8,288,3,0,288
2024-11-13 22:27:00,2575.81,2576.12,2575.4,2575.84,314,3,0,314
2024-11-13 22:30:00,2575.79,2575.79,2573.88,2574.91,477,3,0,477
2024-11-13 22:33:00,2574.96,2576.44,2574.53,2575.85,288,3,0,288
2024-11-13 22:36:00,2575.76,2576.8,2575.72,2576.68,410,3,0,410
2024-11-13 22:39:00,2576.67,2576.68,2574.81,2574.86,266,3,0,266
2024-11-13 22:42:00,2574.84,2575.37,2574.64,2575.25,350,3,0,350
2024-11-13 22:45:00,2575.32,2575.98,2574.79,2575.72,413,3,0,413
2024-11-13 22:48:00,2575.77,2576.18,2574.99,2574.99,429,3,0,429
2024-11-13 22:51:00,2574.99,2575.05,2574.04,2574.22,422,3,0,422
2024-11-13 22:54:00,2574.26,2574.75,2573.06,2574.05,356,3,0,356
2024-11-13 22:57:00,2574.05,2574.05,2573.33,2573.84,436,3,0,436
2024-11-13 23:00:00,2573.85,2575.62,2573.55,2575.59,207,3,0,207
2024-11-13 23:03:00,2575.57,2576.55,2575.45,2576.31,173,3,0,173
2024-11-13 23:06:00,2576.3,2576.78,2576.3,2576.63,81,3,0,81
2024-11-13 23:09:00,2576.65,2577.12,2576.65,2576.95,187,3,0,187
2024-11-13 23:12:00,2576.95,2577.16,2575.65,2575.89,143,3,0,143
2024-11-13 23:15:00,2575.94,2576.43,2575.84,2576.38,185,3,0,185
2024-11-13 23:18:00,2576.4,2576.49,2575.51,2575.62,133,3,0,133
2024-11-13 23:21:00,2575.62,2575.92,2575.52,2575.81,84,3,0,84
2024-11-13 23:24:00,2575.81,2576.12,2575.46,2575.98,103,3,0,103
2024-11-13 23:27:00,2575.99,2576.32,2575.98,2576.11,136,3,0,136
2024-11-13 23:30:00,2576.11,2576.12,2575.15,2575.22,88,3,0,88
2024-11-13 23:33:00,2575.22,2575.83,2575.22,2575.73,147,3,0,147
2024-11-13 23:36:00,2575.72,2575.72,2575.11,2575.25,70,3,0,70
2024-11-13 23:39:00,2575.26,2575.74,2574.76,2575.46,131,3,0,131
2024-11-13 23:42:00,2575.46,2575.66,2574.89,2575.27,89,3,0,89
2024-11-13 23:45:00,2575.27,2575.36,2573.98,2573.98,77,3,0,77
2024-11-13 23:48:00,2574.0,2574.22,2573.35,2573.91,161,3,0,161
2024-11-13 23:51:00,2573.93,2574.23,2573.83,2573.94,95,3,0,95
2024-11-13 23:54:00,2573.93,2573.94,2573.09,2573.17,100,3,0,100
2024-11-13 23:57:00,2573.17,2573.28,2572.75,2572.85,72,3,0,72
2024-11-14 01:00:00,2572.09,2572.38,2571.37,2571.86,93,18,0,93
2024-11-14 01:03:00,2571.84,2574.36,2571.84,2573.62,134,16,0,134
2024-11-14 01:06:00,2573.57,2574.48,2573.57,2573.82,139,11,0,139
2024-11-14 01:09:00,2573.79,2574.29,2573.79,2574.0,138,15,0,138
2024-11-14 01:12:00,2574.01,2575.8,2574.01,2575.54,165,3,0,165
2024-11-14 01:15:00,2575.44,2576.47,2575.32,2576.47,91,9,0,91
2024-11-14 01:18:00,2576.5,2577.66,2576.5,2577.6,188,24,0,188
2024-11-14 01:21:00,2577.63,2580.58,2577.59,2580.57,280,3,0,280
2024-11-14 01:24:00,2580.59,2581.12,2579.7,2580.72,306,3,0,306
2024-11-14 01:27:00,2580.74,2581.32,2580.15,2581.08,186,3,0,186
2024-11-14 01:30:00,2581.08,2581.47,2579.87,2580.5,258,3,0,258
2024-11-14 01:33:00,2580.49,2580.6,2569.96,2575.11,594,3,0,594
2024-11-14 01:36:00,2575.11,2575.49,2569.29,2571.18,452,3,0,452
2024-11-14 01:39:00,2571.18,2572.91,2571.14,2572.9,246,3,0,246
2024-11-14 01:42:00,2572.91,2574.11,2571.72,2572.37,269,3,0,269
2024-11-14 01:45:00,2572.37,2572.85,2569.39,2569.42,313,3,0,313
2024-11-14 01:48:00,2569.42,2571.24,2569.34,2570.93,325,3,0,325
2024-11-14 01:51:00,2570.99,2571.25,2569.89,2570.39,150,3,0,150
2024-11-14 01:54:00,2570.37,2570.49,2569.68,2570.38,141,3,0,141
2024-11-14 01:57:00,2570.4,2571.77,2570.4,2570.89,275,3,0,275
2024-11-14 02:00:00,2570.89,2572.36,2570.89,2572.2,327,3,0,327
2024-11-14 02:03:00,2572.2,2572.32,2571.59,2572.26,178,3,0,178
2024-11-14 02:06:00,2572.25,2572.34,2571.83,2572.05,177,3,0,177
2024-11-14 02:09:00,2572.08,2572.71,2571.71,2571.92,252,3,0,252
2024-11-14 02:12:00,2571.89,2573.02,2571.69,2572.92,231,3,0,231
2024-11-14 02:15:00,2572.93,2573.89,2572.23,2573.89,327,3,0,327
2024-11-14 02:18:00,2573.93,2574.55,2573.5,2573.5,321,3,0,321
2024-11-14 02:21:00,2573.56,2574.36,2573.19,2574.13,178,3,0,178
2024-11-14 02:24:00,2574.13,2574.74,2573.84,2573.84,89,3,0,89
2024-11-14 02:27:00,2573.92,2574.34,2573.34,2573.72,75,3,0,75
2024-11-14 02:30:00,2573.72,2574.02,2573.41,2573.64,108,3,0,108
2024-11-14 02:33:00,2573.64,2573.84,2572.92,2573.11,96,3,0,96
2024-11-14 02:36:00,2573.11,2573.11,2571.1,2572.27,128,3,0,128
2024-11-14 02:39:00,2572.51,2572.55,2572.07,2572.17,88,3,0,88
2024-11-14 02:42:00,2572.17,2572.45,2571.55,2572.15,107,3,0,107
2024-11-14 02:45:00,2572.15,2572.41,2571.34,2571.42,140,3,0,140
2024-11-14 02:48:00,2571.42,2571.48,2570.1,2570.31,142,3,0,142
2024-11-14 02:51:00,2570.22,2570.56,2569.68,2570.47,157,3,0,157
2024-11-14 02:54:00,2570.46,2571.48,2570.38,2571.46,242,3,0,242
2024-11-14 02:57:00,2571.46,2572.59,2571.34,2572.43,299,3,0,299
2024-11-14 03:00:00,2572.44,2572.89,2566.82,2567.02,846,3,0,846
2024-11-14 03:03:00,2567.09,2569.11,2566.35,2566.65,825,3,0,825
2024-11-14 03:06:00,2566.65,2567.19,2564.9,2567.02,788,3,0,788
2024-11-14 03:09:00,2566.98,2569.54,2566.84,2567.97,551,3,0,551
2024-11-14 03:12:00,2568.02,2569.06,2567.61,2567.99,532,3,0,532
2024-11-14 03:15:00,2567.98,2569.19,2567.41,2567.93,626,3,0,626
2024-11-14 03:18:00,2567.91,2567.91,2566.4,2567.4,485,3,0,485
2024-11-14 03:21:00,2567.38,2568.64,2565.63,2568.34,509,3,0,509
2024-11-14 03:24:00,2568.34,2568.83,2567.65,2568.24,381,3,0,381
2024-11-14 03:27:00,2568.25,2569.58,2567.9,2569.18,324,3,0,324
2024-11-14 03:30:00,2569.14,2570.26,2568.87,2569.76,452,3,0,452
2024-11-14 03:33:00,2569.76,2569.92,2567.29,2568.31,418,3,0,418
2024-11-14 03:36:00,2568.28,2568.53,2565.51,2565.79,398,3,0,398
2024-11-14 03:39:00,2565.8,2568.55,2565.63,2568.39,649,3,0,649
2024-11-14 03:42:00,2568.39,2569.08,2565.85,2566.98,588,3,0,588
2024-11-14 03:45:00,2567.0,2567.26,2566.43,2566.71,355,3,0,355
2024-11-14 03:48:00,2566.72,2567.0,2565.99,2565.99,335,3,0,335
2024-11-14 03:51:00,2565.89,2567.3,2565.88,2566.67,384,3,0,384
2024-11-14 03:54:00,2566.67,2567.31,2564.58,2564.66,493,3,0,493
2024-11-14 03:57:00,2564.68,2564.88,2561.6,2562.63,601,3,0,601
2024-11-14 04:00:00,2562.63,2563.73,2560.64,2563.73,735,3,0,735
2024-11-14 04:03:00,2563.73,2563.84,2561.11,2561.3,541,3,0,541
2024-11-14 04:06:00,2561.31,2563.91,2561.11,2563.76,463,3,0,463
2024-11-14 04:09:00,2563.76,2564.5,2562.97,2563.08,469,3,0,469
2024-11-14 04:12:00,2563.08,2563.6,2562.3,2563.31,432,3,0,432
2024-11-14 04:15:00,2563.32,2564.63,2562.95,2563.09,438,3,0,438
2024-11-14 04:18:00,2563.1,2564.27,2562.74,2563.84,305,3,0,305
2024-11-14 04:21:00,2563.84,2564.43,2562.37,2562.81,205,3,0,205
2024-11-14 04:24:00,2562.8,2562.84,2561.28,2561.97,289,3,0,289
2024-11-14 04:27:00,2561.97,2562.67,2561.61,2562.03,231,3,0,231
2024-11-14 04:30:00,2562.04,2562.56,2561.44,2561.66,404,3,0,404
2024-11-14 04:33:00,2561.67,2562.0,2559.76,2560.09,476,3,0,476
2024-11-14 04:36:00,2560.1,2560.35,2559.15,2559.29,663,3,0,663
2024-11-14 04:39:00,2559.28,2559.75,2559.01,2559.05,491,3,0,491
2024-11-14 04:42:00,2559.06,2559.87,2559.04,2559.47,480,3,0,480
2024-11-14 04:45:00,2559.49,2559.77,2559.16,2559.27,366,3,0,366
2024-11-14 04:48:00,2559.31,2560.01,2558.95,2559.7,419,3,0,419
2024-11-14 04:51:00,2559.71,2560.11,2559.18,2559.85,421,3,0,421
2024-11-14 04:54:00,2559.84,2560.54,2559.3,2559.72,533,3,0,533
2024-11-14 04:57:00,2559.74,2560.83,2559.74,2560.7,402,3,0,402
2024-11-14 05:00:00,2560.63,2561.58,2560.25,2560.35,363,3,0,363
2024-11-14 05:03:00,2560.35,2560.94,2560.05,2560.73,182,3,0,182
2024-11-14 05:06:00,2560.74,2562.58,2560.43,2562.58,304,3,0,304
2024-11-14 05:09:00,2562.6,2563.32,2561.84,2563.04,373,3,0,373
2024-11-14 05:12:00,2563.04,2563.83,2562.55,2563.73,403,3,0,403
2024-11-14 05:15:00,2563.74,2565.07,2563.02,2564.85,465,3,0,465
2024-11-14 05:18:00,2564.86,2564.96,2562.79,2563.02,486,3,0,486
2024-11-14 05:21:00,2563.02,2563.78,2562.31,2563.77,433,3,0,433
2024-11-14 05:24:00,2563.75,2564.4,2562.69,2563.11,435,3,0,435
2024-11-14 05:27:00,2563.13,2563.14,2561.49,2561.51,415,3,0,415
2024-11-14 05:30:00,2561.5,2562.63,2561.29,2562.35,321,3,0,321
2024-11-14 05:33:00,2562.39,2562.89,2562.01,2562.23,191,3,0,191
2024-11-14 05:36:00,2562.23,2562.74,2562.12,2562.24,214,3,0,214
2024-11-14 05:39:00,2562.24,2562.24,2561.25,2561.57,237,3,0,237
2024-11-14 05:42:00,2561.57,2561.58,2560.73,2560.75,175,3,0,175
2024-11-14 05:45:00,2560.75,2561.75,2560.71,2561.14,150,3,0,150
2024-11-14 05:48:00,2561.15,2561.15,2560.41,2561.13,196,3,0,196
2024-11-14 05:51:00,2561.13,2561.32,2560.21,2560.3,224,3,0,224
2024-11-14 05:54:00,2560.3,2560.75,2560.08,2560.72,148,3,0,148
2024-11-14 05:57:00,2560.7,2561.76,2560.66,2560.74,221,3,0,221
2024-11-14 06:00:00,2560.72,2560.72,2559.42,2559.89,319,3,0,319
2024-11-14 06:03:00,2559.88,2559.95,2559.33,2559.94,176,3,0,176
2024-11-14 06:06:00,2559.95,2560.5,2559.78,2560.09,193,3,0,193
2024-11-14 06:09:00,2560.08,2561.35,2560.03,2561.06,149,3,0,149
2024-11-14 06:12:00,2561.06,2561.37,2560.77,2561.05,106,3,0,106
2024-11-14 06:15:00,2561.05,2561.66,2560.65,2561.62,191,3,0,191
2024-11-14 06:18:00,2561.57,2562.12,2561.26,2561.9,241,3,0,241
2024-11-14 06:21:00,2561.9,2561.99,2561.11,2561.91,227,3,0,227
2024-11-14 06:24:00,2561.92,2562.99,2561.82,2562.91,230,3,0,230
2024-11-14 06:27:00,2562.93,2563.2,2562.77,2562.97,133,3,0,133
2024-11-14 06:30:00,2562.95,2562.95,2562.46,2562.47,218,3,0,218
2024-11-14 06:33:00,2562.49,2562.9,2562.36,2562.73,185,3,0,185
2024-11-14 06:36:00,2562.72,2562.82,2560.97,2561.03,211,3,0,211
2024-11-14 06:39:00,2561.04,2562.08,2560.33,2562.08,271,3,0,271
2024-11-14 06:42:00,2562.06,2562.41,2561.46,2561.81,272,3,0,272
2024-11-14 06:45:00,2561.82,2563.46,2561.46,2562.89,269,3,0,269
2024-11-14 06:48:00,2562.89,2563.96,2562.37,2563.95,158,3,0,158
2024-11-14 06:51:00,2563.96,2564.24,2563.86,2563.93,159,3,0,159
2024-11-14 06:54:00,2563.92,2564.89,2563.91,2564.82,88,3,0,88
2024-11-14 06:57:00,2564.81,2565.28,2564.51,2565.19,153,3,0,153
2024-11-14 07:00:00,2565.19,2565.19,2564.14,2564.58,245,3,0,245
2024-11-14 07:03:00,2564.57,2564.62,2563.19,2563.51,185,3,0,185
2024-11-14 07:06:00,2563.5,2563.5,2562.04,2562.37,242,3,0,242
2024-11-14 07:09:00,2562.38,2563.07,2562.22,2562.78,225,3,0,225
2024-11-14 07:12:00,2562.8,2562.89,2561.96,2562.11,250,3,0,250
2024-11-14 07:15:00,2562.09,2562.65,2561.18,2561.51,331,3,0,331
2024-11-14 07:18:00,2561.51,2561.6,2560.82,2561.07,229,3,0,229
2024-11-14 07:21:00,2561.05,2561.05,2559.95,2560.16,316,3,0,316
2024-11-14 07:24:00,2560.16,2560.2,2559.1,2559.29,336,3,0,336
2024-11-14 07:27:00,2559.28,2560.27,2559.26,2559.97,237,3,0,237
2024-11-14 07:30:00,2559.95,2560.43,2559.08,2559.42,642,3,0,642
2024-11-14 07:33:00,2559.44,2560.05,2559.22,2559.6,391,3,0,391
2024-11-14 07:36:00,2559.56,2559.61,2555.41,2555.82,595,3,0,595
2024-11-14 07:39:00,2555.82,2557.17,2555.36,2555.92,629,3,0,629
2024-11-14 07:42:00,2555.93,2556.39,2555.38,2556.26,625,3,0,625
2024-11-14 07:45:00,2556.28,2558.15,2555.98,2558.13,493,3,0,493
2024-11-14 07:48:00,2558.14,2558.79,2557.17,2558.67,415,3,0,415
2024-11-14 07:51:00,2558.64,2559.0,2557.86,2558.59,371,3,0,371
2024-11-14 07:54:00,2558.62,2558.65,2557.91,2558.2,439,3,0,439
2024-11-14 07:57:00,2558.19,2558.85,2557.92,2558.68,398,3,0,398
2024-11-14 08:00:00,2558.68,2559.73,2558.58,2559.73,343,3,0,343
2024-11-14 08:03:00,2559.7,2560.54,2558.37,2558.48,405,3,0,405
2024-11-14 08:06:00,2558.48,2559.51,2557.97,2558.05,419,3,0,419
2024-11-14 08:09:00,2558.05,2558.65,2557.64,2558.15,296,3,0,296
2024-11-14 08:12:00,2558.16,2558.84,2557.61,2558.13,302,3,0,302
2024-11-14 08:15:00,2558.14,2559.04,2558.05,2558.33,306,3,0,306
2024-11-14 08:18:00,2558.28,2559.35,2557.7,2558.77,433,3,0,433
2024-11-14 08:21:00,2558.77,2558.8,2557.68,2558.77,465,3,0,465
2024-11-14 08:24:00,2558.76,2559.07,2558.15,2558.15,467,3,0,467
2024-11-14 08:27:00,2558.15,2558.4,2557.55,2557.8,409,3,0,409
2024-11-14 08:30:00,2557.78,2558.18,2554.34,2555.06,568,3,0,568
2024-11-14 08:33:00,2555.06,2555.46,2554.44,2554.94,545,3,0,545
2024-11-14 08:36:00,2554.94,2555.18,2553.94,2554.92,431,3,0,431
2024-11-14 08:39:00,2554.93,2556.31,2554.61,2555.93,422,3,0,422
2024-11-14 08:42:00,2555.92,2556.1,2554.66,2555.14,338,3,0,338
2024-11-14 08:45:00,2555.15,2555.4,2552.53,2552.8,513,3,0,513
2024-11-14 08:48:00,2552.82,2553.83,2552.13,2552.74,680,3,0,680
2024-11-14 08:51:00,2552.68,2553.18,2551.93,2552.32,657,3,0,657
2024-11-14 08:54:00,2552.31,2555.13,2552.27,2553.99,554,3,0,554
2024-11-14 08:57:00,2554.04,2555.36,2553.98,2555.08,518,3,0,518
2024-11-14 09:00:00,2555.08,2556.53,2554.15,2556.5,509,3,0,509
2024-11-14 09:03:00,2556.49,2557.06,2555.52,2556.05,515,3,0,515
2024-11-14 09:06:00,2556.07,2556.4,2553.76,2553.85,549,3,0,549
2024-11-14 09:09:00,2553.85,2555.14,2552.72,2552.92,448,3,0,448
2024-11-14 09:12:00,2552.93,2553.15,2550.48,2550.99,768,3,0,768
2024-11-14 09:15:00,2550.99,2553.36,2550.61,2553.16,482,3,0,482
2024-11-14 09:18:00,2553.17,2554.06,2553.03,2553.95,417,3,0,417
2024-11-14 09:21:00,2553.96,2554.42,2553.06,2553.79,485,3,0,485
2024-11-14 09:24:00,2553.79,2554.89,2552.87,2554.76,409,3,0,409
2024-11-14 09:27:00,2554.76,2554.99,2554.33,2554.91,320,3,0,320
2024-11-14 09:30:00,2554.91,2555.79,2554.35,2555.71,369,3,0,369
2024-11-14 09:33:00,2555.71,2558.12,2555.61,2557.27,537,3,0,537
2024-11-14 09:36:00,2557.34,2558.96,2557.25,2558.33,620,3,0,620
2024-11-14 09:39:00,2558.33,2558.44,2557.09,2557.58,367,3,0,367
2024-11-14 09:42:00,2557.58,2557.67,2555.68,2556.2,356,3,0,356
2024-11-14 09:45:00,2556.2,2557.68,2556.01,2556.38,414,3,0,414
2024-11-14 09:48:00,2556.37,2558.07,2556.08,2557.74,419,3,0,419
2024-11-14 09:51:00,2557.75,2558.69,2556.94,2557.18,460,3,0,460
2024-11-14 09:54:00,2557.15,2558.04,2556.82,2556.86,360,3,0,360
2024-11-14 09:57:00,2556.88,2557.32,2556.64,2556.94,341,3,0,341
2024-11-14 10:00:00,2557.0,2557.0,2554.58,2555.22,604,3,0,604
2024-11-14 10:03:00,2555.22,2557.55,2555.12,2557.36,533,3,0,533
2024-11-14 10:06:00,2557.43,2558.87,2557.22,2558.42,586,3,0,586
2024-11-14 10:09:00,2558.42,2559.86,2558.12,2558.48,608,3,0,608
2024-11-14 10:12:00,2558.44,2559.07,2557.18,2557.2,654,3,0,654
2024-11-14 10:15:00,2557.19,2557.69,2555.91,2557.49,625,3,0,625
2024-11-14 10:18:00,2557.48,2558.03,2557.14,2557.79,297,3,0,297
2024-11-14 10:21:00,2557.79,2557.88,2555.07,2555.07,479,3,0,479
2024-11-14 10:24:00,2555.08,2556.98,2554.99,2555.97,372,3,0,372
2024-11-14 10:27:00,2555.98,2556.23,2555.23,2555.73,361,3,0,361
2024-11-14 10:30:00,2555.74,2557.87,2555.31,2557.68,457,3,0,457
2024-11-14 10:33:00,2557.67,2558.07,2556.3,2558.05,477,3,0,477
2024-11-14 10:36:00,2558.05,2558.85,2556.9,2557.92,389,3,0,389
2024-11-14 10:39:00,2557.91,2558.19,2556.03,2556.54,370,3,0,370
2024-11-14 10:42:00,2556.52,2557.69,2555.82,2557.53,343,3,0,343
2024-11-14 10:45:00,2557.49,2557.83,2555.72,2556.42,351,3,0,351
2024-11-14 10:48:00,2556.42,2556.78,2555.0,2556.58,362,3,0,362
2024-11-14 10:51:00,2556.61,2557.2,2556.2,2556.53,280,3,0,280
2024-11-14 10:54:00,2556.5,2556.61,2555.41,2555.51,337,3,0,337
2024-11-14 10:57:00,2555.5,2556.6,2554.69,2556.2,462,3,0,462
2024-11-14 11:00:00,2556.19,2558.37,2556.19,2557.77,468,3,0,468
2024-11-14 11:03:00,2557.73,2557.88,2556.12,2557.21,384,3,0,384
2024-11-14 11:06:00,2557.22,2557.32,2553.09,2554.42,669,3,0,669
2024-11-14 11:09:00,2554.54,2556.49,2554.11,2555.04,675,3,0,675
2024-11-14 11:12:00,2555.11,2555.24,2554.15,2554.74,603,3,0,603
2024-11-14 11:15:00,2554.75,2554.85,2552.48,2552.98,795,3,0,795
2024-11-14 11:18:00,2552.98,2553.01,2551.57,2551.93,779,3,0,779
2024-11-14 11:21:00,2551.94,2553.52,2551.79,2552.99,625,3,0,625
2024-11-14 11:24:00,2552.99,2553.7,2552.42,2552.46,504,3,0,504
2024-11-14 11:27:00,2552.46,2552.91,2551.65,2552.26,616,3,0,616
2024-11-14 11:30:00,2552.27,2552.27,2546.4,2547.88,1079,3,0,1079
2024-11-14 11:33:00,2547.88,2548.39,2544.57,2544.77,865,3,0,865
2024-11-14 11:36:00,2544.79,2545.85,2540.91,2545.01,987,3,0,987
2024-11-14 11:39:00,2545.02,2545.5,2543.84,2543.93,700,3,0,700
2024-11-14 11:42:00,2543.93,2544.58,2543.21,2543.72,554,3,0,554
2024-11-14 11:45:00,2543.72,2544.46,2543.01,2544.09,656,3,0,656
2024-11-14 11:48:00,2544.1,2544.15,2541.03,2541.19,936,3,0,936
2024-11-14 11:51:00,2541.16,2541.33,2536.86,2540.23,844,3,0,844
2024-11-14 11:54:00,2540.22,2543.58,2540.22,2543.43,672,3,0,672
2024-11-14 11:57:00,2543.39,2544.49,2543.15,2543.55,365,3,0,365
2024-11-14 12:00:00,2543.55,2543.64,2541.31,2541.78,336,3,0,336
2024-11-14 12:03:00,2541.77,2542.4,2539.1,2540.94,516,3,0,516
2024-11-14 12:06:00,2540.94,2541.84,2540.66,2541.06,364,3,0,364
2024-11-14 12:09:00,2541.06,2542.02,2540.69,2541.76,530,3,0,530
2024-11-14 12:12:00,2541.77,2544.7,2541.46,2544.68,548,3,0,548
2024-11-14 12:15:00,2544.68,2545.07,2542.37,2542.46,425,3,0,425
2024-11-14 12:18:00,2542.49,2543.71,2541.19,2541.76,296,3,0,296
2024-11-14 12:21:00,2541.77,2542.61,2540.74,2540.9,348,3,0,348
2024-11-14 12:24:00,2541.0,2542.78,2540.91,2542.3,261,3,0,261
2024-11-14 12:27:00,2542.33,2545.75,2542.1,2545.66,373,3,0,373
2024-11-14 12:30:00,2545.62,2548.11,2545.61,2548.0,565,3,0,565
2024-11-14 12:33:00,2548.0,2548.0,2546.59,2547.19,358,3,0,358
2024-11-14 12:36:00,2547.17,2547.39,2544.89,2545.15,368,3,0,368
2024-11-14 12:39:00,2545.07,2546.24,2543.45,2543.58,422,3,0,422
2024-11-14 12:42:00,2543.54,2545.82,2543.36,2544.88,345,3,0,345
2024-11-14 12:45:00,2544.81,2545.98,2544.78,2545.98,395,3,0,395
2024-11-14 12:48:00,2545.97,2547.11,2544.92,2545.0,396,3,0,396
2024-11-14 12:51:00,2544.99,2546.57,2544.19,2544.19,379,3,0,379
2024-11-14 12:54:00,2544.19,2547.03,2544.19,2547.0,331,3,0,331
2024-11-14 12:57:00,2547.01,2547.35,2546.43,2547.11,384,3,0,384
2024-11-14 13:00:00,2547.14,2548.01,2546.63,2546.98,386,3,0,386
2024-11-14 13:03:00,2546.99,2547.21,2545.56,2546.27,369,3,0,369
2024-11-14 13:06:00,2546.26,2546.74,2545.31,2546.37,419,3,0,419
2024-11-14 13:09:00,2546.38,2548.51,2546.12,2547.76,449,3,0,449
2024-11-14 13:12:00,2547.66,2548.14,2545.65,2547.54,475,3,0,475
2024-11-14 13:15:00,2547.54,2548.25,2546.68,2547.52,423,3,0,423
2024-11-14 13:18:00,2547.53,2547.59,2545.26,2545.91,431,3,0,431
2024-11-14 13:21:00,2545.91,2547.16,2545.82,2546.44,414,3,0,414
2024-11-14 13:24:00,2546.4,2546.88,2545.61,2545.93,323,3,0,323
2024-11-14 13:27:00,2545.96,2546.11,2545.26,2545.88,366,3,0,366
2024-11-14 13:30:00,2545.99,2548.42,2545.87,2547.35,421,3,0,421
2024-11-14 13:33:00,2547.35,2549.02,2547.05,2549.01,438,3,0,438
2024-11-14 13:36:00,2549.0,2552.08,2548.89,2552.08,677,3,0,677
2024-11-14 13:39:00,2552.06,2552.06,2549.28,2550.41,473,3,0,473
2024-11-14 13:42:00,2550.47,2552.22,2549.93,2552.19,449,3,0,449
2024-11-14 13:45:00,2552.18,2555.12,2552.01,2554.9,617,3,0,617
2024-11-14 13:48:00,2554.94,2555.02,2552.97,2553.57,525,3,0,525
2024-11-14 13:51:00,2553.56,2553.97,2551.93,2552.11,468,3,0,468
2024-11-14 13:54:00,2552.13,2553.51,2552.03,2552.75,564,3,0,564
2024-11-14 13:57:00,2552.76,2554.6,2551.9,2553.71,569,3,0,569
2024-11-14 14:00:00,2553.69,2555.17,2552.94,2554.01,643,3,0,643
2024-11-14 14:03:00,2554.02,2554.9,2553.31,2554.37,520,3,0,520
2024-11-14 14:06:00,2554.38,2554.93,2553.58,2553.66,456,3,0,456
2024-11-14 14:09:00,2553.65,2554.06,2552.3,2552.94,480,3,0,480
2024-11-14 14:12:00,2552.98,2554.67,2552.83,2554.49,382,3,0,382
2024-11-14 14:15:00,2554.48,2554.79,2553.62,2554.26,449,3,0,449
2024-11-14 14:18:00,2554.26,2555.64,2553.57,2555.12,453,3,0,453
2024-11-14 14:21:00,2555.08,2555.79,2554.77,2555.02,289,3,0,289
2024-11-14 14:24:00,2555.08,2556.25,2554.68,2555.87,330,3,0,330
2024-11-14 14:27:00,2555.86,2556.9,2555.33,2556.17,381,3,0,381
2024-11-14 14:30:00,2556.17,2556.48,2554.72,2555.42,397,3,0,397
2024-11-14 14:33:00,2555.42,2556.67,2554.63,2554.72,411,3,0,411
2024-11-14 14:36:00,2554.76,2554.8,2553.61,2553.99,381,3,0,381
2024-11-14 14:39:00,2553.98,2554.32,2553.28,2553.71,343,3,0,343
2024-11-14 14:42:00,2553.7,2554.26,2553.51,2553.77,302,3,0,302
2024-11-14 14:45:00,2553.77,2554.11,2552.51,2552.95,395,3,0,395
2024-11-14 14:48:00,2552.93,2552.98,2550.37,2550.4,514,3,0,514
2024-11-14 14:51:00,2550.39,2552.49,2550.18,2552.48,369,3,0,369
2024-11-14 14:54:00,2552.45,2553.48,2551.76,2551.76,365,3,0,365
2024-11-14 14:57:00,2551.76,2552.8,2551.66,2552.26,361,3,0,361
2024-11-14 15:00:00,2552.24,2553.39,2551.35,2552.11,897,3,0,897
2024-11-14 15:03:00,2552.11,2552.93,2551.34,2552.41,643,3,0,643
2024-11-14 15:06:00,2552.46,2553.66,2551.7,2553.1,564,3,0,564
2024-11-14 15:09:00,2553.13,2555.06,2553.06,2555.0,578,3,0,578
2024-11-14 15:12:00,2554.98,2555.79,2554.41,2555.3,638,3,0,638
2024-11-14 15:15:00,2555.24,2556.46,2554.54,2554.8,580,3,0,580
2024-11-14 15:18:00,2554.8,2556.68,2554.26,2556.3,671,3,0,671
2024-11-14 15:21:00,2556.37,2557.09,2553.98,2555.1,699,3,0,699
2024-11-14 15:24:00,2555.08,2555.53,2553.61,2554.55,650,3,0,650
2024-11-14 15:27:00,2554.55,2556.36,2554.52,2555.44,451,3,0,451
2024-11-14 15:30:00,2555.36,2556.14,2552.78,2553.38,697,3,0,697
2024-11-14 15:33:00,2553.74,2557.26,2551.72,2555.66,656,3,0,656
2024-11-14 15:36:00,2555.54,2557.96,2553.58,2557.29,654,3,0,654
2024-11-14 15:39:00,2557.29,2559.61,2556.9,2558.15,813,3,0,813
2024-11-14 15:42:00,2558.13,2560.39,2557.3,2558.23,949,3,0,949
2024-11-14 15:45:00,2558.23,2559.85,2556.62,2557.4,744,3,0,744
2024-11-14 15:48:00,2557.42,2558.12,2556.04,2556.14,871,3,0,871
2024-11-14 15:51:00,2556.15,2559.37,2555.86,2558.06,759,3,0,759
2024-11-14 15:54:00,2558.06,2559.03,2556.28,2556.88,638,3,0,638
2024-11-14 15:57:00,2556.87,2557.61,2556.26,2557.24,571,3,0,571
2024-11-14 16:00:00,2557.22,2558.51,2556.9,2558.31,682,3,0,682
2024-11-14 16:03:00,2558.34,2558.76,2554.62,2555.15,752,3,0,752
2024-11-14 16:06:00,2555.12,2558.71,2554.34,2557.97,652,3,0,652
2024-11-14 16:09:00,2557.96,2557.96,2554.97,2556.53,691,3,0,691
2024-11-14 16:12:00,2556.54,2557.88,2556.23,2557.86,527,3,0,527
2024-11-14 16:15:00,2557.86,2560.26,2557.34,2559.59,644,3,0,644
2024-11-14 16:18:00,2559.54,2562.25,2559.54,2560.19,756,3,0,756
2024-11-14 16:21:00,2560.21,2561.65,2559.31,2561.65,550,3,0,550
2024-11-14 16:24:00,2561.71,2563.36,2561.13,2563.12,687,3,0,687
2024-11-14 16:27:00,2563.12,2563.96,2562.22,2563.11,606,3,0,606
2024-11-14 16:30:00,2563.12,2564.52,2561.39,2562.87,818,3,0,818
2024-11-14 16:33:00,2562.87,2565.95,2560.92,2565.78,814,3,0,814
2024-11-14 16:36:00,2565.77,2565.77,2562.47,2564.14,677,3,0,677
2024-11-14 16:39:00,2564.24,2565.22,2560.75,2560.99,635,3,0,635
2024-11-14 16:42:00,2560.93,2562.86,2560.92,2561.67,640,3,0,640
2024-11-14 16:45:00,2561.69,2562.42,2559.55,2559.93,648,3,0,648
2024-11-14 16:48:00,2559.93,2563.46,2559.72,2562.13,670,3,0,670
2024-11-14 16:51:00,2562.13,2562.34,2558.63,2559.14,677,3,0,677
2024-11-14 16:54:00,2559.14,2560.15,2557.77,2559.44,632,3,0,632
2024-11-14 16:57:00,2559.44,2561.34,2559.24,2559.76,543,3,0,543
2024-11-14 17:00:00,2559.66,2561.37,2558.66,2561.1,679,3,0,679
2024-11-14 17:03:00,2561.12,2563.95,2560.04,2563.38,751,3,0,751
2024-11-14 17:06:00,2563.38,2566.72,2562.76,2566.46,810,3,0,810
2024-11-14 17:09:00,2566.81,2568.51,2565.83,2568.02,833,3,0,833
2024-11-14 17:12:00,2568.08,2568.7,2566.14,2566.76,808,3,0,808
2024-11-14 17:15:00,2566.66,2567.36,2564.53,2564.77,848,3,0,848
2024-11-14 17:18:00,2564.77,2569.9,2564.77,2569.23,863,3,0,863
2024-11-14 17:21:00,2569.22,2570.34,2568.04,2568.27,865,3,0,865
2024-11-14 17:24:00,2568.27,2572.72,2568.25,2572.72,859,3,0,859
2024-11-14 17:27:00,2572.7,2572.8,2569.86,2570.62,839,3,0,839
2024-11-14 17:30:00,2570.62,2572.43,2570.41,2571.25,711,3,0,711
2024-11-14 17:33:00,2571.24,2573.03,2570.0,2570.0,687,3,0,687
2024-11-14 17:36:00,2569.99,2570.95,2567.66,2567.93,735,3,0,735
2024-11-14 17:39:00,2567.92,2569.09,2566.24,2567.05,564,3,0,564
2024-11-14 17:42:00,2567.05,2567.68,2565.92,2567.3,722,3,0,722
2024-11-14 17:45:00,2567.29,2570.08,2566.8,2569.26,596,3,0,596
2024-11-14 17:48:00,2569.27,2570.16,2568.29,2569.96,589,3,0,589
2024-11-14 17:51:00,2569.98,2570.23,2568.71,2568.73,560,3,0,560
2024-11-14 17:54:00,2568.72,2569.93,2568.51,2569.75,631,3,0,631
2024-11-14 17:57:00,2569.74,2570.59,2569.6,2570.33,550,3,0,550
2024-11-14 18:00:00,2570.34,2571.95,2570.03,2570.33,643,3,0,643
2024-11-14 18:03:00,2570.32,2571.05,2569.31,2570.95,687,3,0,687
2024-11-14 18:06:00,2570.95,2572.22,2570.68,2571.76,510,3,0,510
2024-11-14 18:09:00,2571.82,2572.4,2570.82,2572.29,563,3,0,563
2024-11-14 18:12:00,2572.28,2572.9,2571.29,2571.7,526,3,0,526
2024-11-14 18:15:00,2571.7,2572.75,2571.43,2572.52,498,3,0,498
2024-11-14 18:18:00,2572.5,2575.21,2572.45,2575.02,722,3,0,722
2024-11-14 18:21:00,2575.03,2575.63,2574.42,2575.13,596,3,0,596
2024-11-14 18:24:00,2575.13,2576.75,2574.93,2576.07,570,3,0,570
2024-11-14 18:27:00,2576.06,2576.06,2574.46,2575.74,648,3,0,648
2024-11-14 18:30:00,2575.75,2577.2,2575.44,2577.04,674,3,0,674
2024-11-14 18:33:00,2577.03,2577.53,2575.71,2576.46,573,3,0,573
2024-11-14 18:36:00,2576.45,2576.92,2575.16,2576.91,584,3,0,584
2024-11-14 18:39:00,2576.91,2577.31,2574.94,2575.58,463,3,0,463
2024-11-14 18:42:00,2575.57,2575.93,2574.05,2574.65,537,3,0,537
2024-11-14 18:45:00,2574.65,2575.48,2573.5,2573.53,487,3,0,487
2024-11-14 18:48:00,2573.54,2574.43,2573.38,2574.41,407,3,0,407
2024-11-14 18:51:00,2574.42,2575.01,2573.78,2574.39,343,3,0,343
2024-11-14 18:54:00,2574.38,2574.97,2571.99,2572.13,444,3,0,444
2024-11-14 18:57:00,2572.13,2574.18,2572.01,2574.06,482,3,0,482
2024-11-14 19:00:00,2574.06,2575.76,2574.06,2575.67,484,3,0,484
2024-11-14 19:03:00,2575.66,2575.94,2573.9,2574.51,354,3,0,354
2024-11-14 19:06:00,2574.49,2575.21,2573.78,2574.97,353,3,0,353
2024-11-14 19:09:00,2574.98,2575.29,2573.37,2573.59,320,3,0,320
2024-11-14 19:12:00,2573.58,2573.64,2572.2,2572.38,340,3,0,340
2024-11-14 19:15:00,2572.36,2572.36,2570.53,2571.34,481,3,0,481
2024-11-14 19:18:00,2571.33,2571.91,2570.6,2571.02,385,3,0,385
2024-11-14 19:21:00,2571.01,2571.21,2568.92,2569.13,350,3,0,350
2024-11-14 19:24:00,2569.12,2569.91,2568.79,2568.93,420,3,0,420
2024-11-14 19:27:00,2568.91,2569.55,2568.56,2568.93,449,3,0,449
2024-11-14 19:30:00,2568.91,2570.18,2568.61,2569.58,463,3,0,463
2024-11-14 19:33:00,2569.58,2570.39,2569.42,2569.92,363,3,0,363
2024-11-14 19:36:00,2569.84,2570.87,2569.34,2570.55,362,3,0,362
2024-11-14 19:39:00,2570.57,2570.9,2569.64,2569.82,419,3,0,419
2024-11-14 19:42:00,2569.89,2570.28,2568.35,2568.45,383,3,0,383
2024-11-14 19:45:00,2568.45,2569.93,2567.76,2567.77,355,3,0,355
2024-11-14 19:48:00,2567.77,2569.41,2567.53,2569.29,520,3,0,520
2024-11-14 19:51:00,2569.24,2571.79,2568.52,2571.43,446,3,0,446
2024-11-14 19:54:00,2571.36,2572.8,2571.14,2572.74,476,3,0,476
2024-11-14 19:57:00,2572.75,2573.44,2572.62,2573.03,457,3,0,457
2024-11-14 20:00:00,2573.06,2573.51,2571.66,2572.27,385,3,0,385
2024-11-14 20:03:00,2572.28,2573.26,2572.27,2573.04,307,3,0,307
2024-11-14 20:06:00,2573.06,2573.37,2571.76,2571.76,324,3,0,324
2024-11-14 20:09:00,2571.77,2572.03,2570.4,2570.57,305,3,0,305
2024-11-14 20:12:00,2570.57,2571.49,2569.97,2570.77,370,3,0,370
2024-11-14 20:15:00,2570.79,2571.49,2570.37,2570.37,386,3,0,386
2024-11-14 20:18:00,2570.36,2570.37,2568.92,2568.94,641,3,0,641
2024-11-14 20:21:00,2568.94,2569.59,2568.56,2569.03,438,3,0,438
2024-11-14 20:24:00,2569.04,2569.06,2567.51,2568.01,515,3,0,515
2024-11-14 20:27:00,2568.01,2568.17,2567.19,2567.88,437,3,0,437
2024-11-14 20:30:00,2567.91,2569.85,2567.86,2569.85,415,3,0,415
2024-11-14 20:33:00,2569.89,2570.21,2569.36,2569.78,265,3,0,265
2024-11-14 20:36:00,2569.78,2569.97,2569.09,2569.38,265,3,0,265
2024-11-14 20:39:00,2569.43,2570.96,2569.27,2570.96,245,3,0,245
2024-11-14 20:42:00,2570.98,2570.99,2570.41,2570.57,193,3,0,193
2024-11-14 20:45:00,2570.56,2570.96,2569.07,2569.34,220,3,0,220
2024-11-14 20:48:00,2569.35,2570.16,2569.27,2569.99,264,3,0,264
2024-11-14 20:51:00,2569.99,2570.78,2569.88,2570.69,240,3,0,240
2024-11-14 20:54:00,2570.76,2571.09,2570.02,2570.04,243,3,0,243
2024-11-14 20:57:00,2570.04,2570.34,2569.73,2569.93,239,3,0,239
2024-11-14 21:00:00,2569.94,2571.21,2569.93,2571.12,248,3,0,248
2024-11-14 21:03:00,2571.11,2573.09,2571.02,2573.0,287,3,0,287
2024-11-14 21:06:00,2573.01,2573.7,2572.65,2573.25,240,3,0,240
2024-11-14 21:09:00,2573.2,2574.59,2573.1,2574.59,282,3,0,282
2024-11-14 21:12:00,2574.6,2574.71,2573.77,2573.89,261,3,0,261
2024-11-14 21:15:00,2573.9,2575.8,2573.9,2575.72,298,3,0,298
2024-11-14 21:18:00,2575.74,2575.74,2574.34,2574.63,208,3,0,208
2024-11-14 21:21:00,2574.63,2575.54,2574.34,2574.64,229,3,0,229
2024-11-14 21:24:00,2574.64,2575.14,2574.52,2574.73,143,3,0,143
2024-11-14 21:27:00,2574.74,2574.91,2574.13,2574.71,189,3,0,189
2024-11-14 21:30:00,2574.71,2575.6,2574.32,2575.31,138,3,0,138
2024-11-14 21:33:00,2575.31,2575.82,2575.09,2575.19,185,3,0,185
2024-11-14 21:36:00,2575.19,2575.7,2574.4,2575.41,195,3,0,195
2024-11-14 21:39:00,2575.41,2576.0,2574.91,2575.71,240,3,0,240
2024-11-14 21:42:00,2575.71,2576.12,2575.48,2576.07,246,3,0,246
2024-11-14 21:45:00,2576.07,2576.15,2575.11,2575.7,227,3,0,227
2024-11-14 21:48:00,2575.57,2576.28,2575.44,2576.19,303,3,0,303
2024-11-14 21:51:00,2576.18,2576.75,2576.07,2576.61,285,3,0,285
2024-11-14 21:54:00,2576.61,2576.93,2575.74,2576.3,252,3,0,252
2024-11-14 21:57:00,2576.3,2576.58,2575.63,2576.06,219,3,0,219
2024-11-14 22:00:00,2576.06,2576.22,2569.67,2570.66,794,3,0,794
2024-11-14 22:03:00,2570.67,2570.92,2568.92,2569.85,666,3,0,666
2024-11-14 22:06:00,2569.85,2569.85,2565.26,2566.31,807,3,0,807
2024-11-14 22:09:00,2566.2,2566.71,2563.97,2564.64,728,3,0,728
2024-11-14 22:12:00,2564.66,2568.24,2564.25,2566.35,706,3,0,706
2024-11-14 22:15:00,2566.35,2569.88,2566.35,2568.41,643,3,0,643
2024-11-14 22:18:00,2568.39,2569.87,2568.21,2569.5,535,3,0,535
2024-11-14 22:21:00,2569.51,2569.51,2567.63,2569.47,580,3,0,580
2024-11-14 22:24:00,2569.44,2572.31,2568.59,2572.06,688,3,0,688
2024-11-14 22:27:00,2572.07,2573.3,2571.91,2572.66,566,3,0,566
2024-11-14 22:30:00,2572.66,2574.24,2569.62,2569.89,541,3,0,541
2024-11-14 22:33:00,2569.9,2570.3,2567.93,2568.1,562,3,0,562
2024-11-14 22:36:00,2568.02,2568.8,2567.22,2567.52,387,3,0,387
2024-11-14 22:39:00,2567.53,2570.62,2567.41,2570.59,444,3,0,444
2024-11-14 22:42:00,2570.67,2570.96,2568.02,2568.61,408,3,0,408
2024-11-14 22:45:00,2568.62,2568.76,2567.01,2567.69,416,3,0,416
2024-11-14 22:48:00,2567.67,2568.3,2566.7,2568.29,373,3,0,373
2024-11-14 22:51:00,2568.32,2568.57,2566.21,2566.6,480,3,0,480
2024-11-14 22:54:00,2566.6,2567.91,2565.38,2567.61,571,3,0,571
2024-11-14 22:57:00,2567.65,2567.83,2566.75,2567.27,551,3,0,551
2024-11-14 23:00:00,2567.29,2569.56,2567.29,2569.49,281,3,0,281
2024-11-14 23:03:00,2569.49,2569.56,2569.05,2569.56,185,3,0,185
2024-11-14 23:06:00,2569.58,2569.58,2568.24,2568.34,166,3,0,166
2024-11-14 23:09:00,2568.34,2568.6,2567.66,2568.28,228,3,0,228
2024-11-14 23:12:00,2568.32,2568.54,2567.98,2568.34,169,3,0,169
2024-11-14 23:15:00,2568.34,2569.25,2568.18,2569.03,161,3,0,161
2024-11-14 23:18:00,2569.04,2569.05,2567.96,2567.97,37,3,0,37
2024-11-14 23:21:00,2567.98,2568.35,2566.98,2567.54,124,3,0,124
2024-11-14 23:24:00,2567.54,2567.55,2566.06,2566.07,126,3,0,126
2024-11-14 23:27:00,2566.1,2566.36,2565.41,2565.47,84,3,0,84
2024-11-14 23:30:00,2565.48,2565.77,2564.79,2564.86,181,3,0,181
2024-11-14 23:33:00,2564.87,2565.39,2564.58,2564.67,124,3,0,124
2024-11-14 23:36:00,2564.71,2565.55,2564.17,2565.16,127,3,0,127
2024-11-14 23:39:00,2565.17,2565.37,2564.68,2565.36,104,3,0,104
2024-11-14 23:42:00,2565.37,2566.24,2565.17,2565.96,167,3,0,167
2024-11-14 23:45:00,2565.96,2566.52,2565.95,2566.33,141,3,0,141
2024-11-14 23:48:00,2566.41,2566.54,2566.28,2566.4,125,3,0,125
2024-11-14 23:51:00,2566.42,2566.5,2565.28,2565.54,98,3,0,98
2024-11-14 23:54:00,2565.53,2565.75,2565.34,2565.5,106,3,0,106
2024-11-14 23:57:00,2565.5,2565.54,2564.6,2564.68,79,3,0,79
2024-11-15 01:00:00,2565.08,2565.66,2564.55,2565.5,114,26,0,114
2024-11-15 01:03:00,2565.46,2566.51,2565.43,2566.43,69,3,0,69
2024-11-15 01:06:00,2566.43,2566.97,2566.43,2566.62,71,3,0,71
2024-11-15 01:09:00,2566.55,2566.55,2565.9,2565.91,95,3,0,95
2024-11-15 01:12:00,2565.91,2566.28,2565.91,2566.0,71,3,0,71
2024-11-15 01:15:00,2565.99,2566.31,2565.9,2566.15,127,3,0,127
2024-11-15 01:18:00,2566.12,2566.42,2566.08,2566.26,91,3,0,91
2024-11-15 01:21:00,2566.26,2566.61,2566.23,2566.28,82,3,0,82
2024-11-15 01:24:00,2566.28,2566.33,2565.99,2566.07,65,3,0,65
2024-11-15 01:27:00,2566.05,2566.23,2565.97,2566.22,37,5,0,37
2024-11-15 01:30:00,2566.22,2566.56,2566.14,2566.54,67,3,0,67
2024-11-15 01:33:00,2566.54,2566.79,2566.41,2566.73,106,3,0,106
2024-11-15 01:36:00,2566.73,2567.04,2566.58,2566.99,82,3,0,82
2024-11-15 01:39:00,2566.99,2567.12,2566.91,2566.95,65,3,0,65
2024-11-15 01:42:00,2566.96,2567.05,2566.45,2566.64,61,3,0,61
2024-11-15 01:45:00,2566.64,2566.96,2566.45,2566.83,62,3,0,62
2024-11-15 01:48:00,2566.83,2567.0,2566.62,2566.92,75,3,0,75
2024-11-15 01:51:00,2566.92,2567.02,2566.21,2566.42,67,3,0,67
2024-11-15 01:54:00,2566.42,2566.94,2566.34,2566.93,107,3,0,107
2024-11-15 01:57:00,2566.93,2567.33,2566.43,2566.95,151,3,0,151
2024-11-15 02:00:00,2566.95,2567.03,2566.42,2566.8,186,3,0,186
2024-11-15 02:03:00,2566.85,2567.06,2566.52,2566.65,180,3,0,180
2024-11-15 02:06:00,2566.65,2566.97,2566.5,2566.61,176,3,0,176
2024-11-15 02:09:00,2566.62,2567.12,2566.52,2566.76,147,3,0,147
2024-11-15 02:12:00,2566.76,2567.08,2566.64,2567.08,132,3,0,132
2024-11-15 02:15:00,2567.11,2567.36,2566.81,2566.95,187,3,0,187
2024-11-15 02:18:00,2566.95,2567.42,2566.74,2567.16,116,3,0,116
2024-11-15 02:21:00,2567.17,2567.18,2566.7,2566.81,106,3,0,106
2024-11-15 02:24:00,2566.81,2567.11,2566.21,2566.24,92,3,0,92
2024-11-15 02:27:00,2566.24,2566.58,2566.03,2566.57,145,3,0,145
2024-11-15 02:30:00,2566.58,2566.91,2566.39,2566.91,114,3,0,114
2024-11-15 02:33:00,2566.91,2567.65,2566.41,2567.02,167,3,0,167
2024-11-15 02:36:00,2567.09,2567.22,2566.47,2566.93,141,3,0,141
2024-11-15 02:39:00,2566.93,2567.04,2566.25,2566.25,143,3,0,143
2024-11-15 02:42:00,2566.25,2566.83,2565.96,2566.33,241,3,0,241
2024-11-15 02:45:00,2566.33,2566.8,2566.28,2566.43,124,3,0,124
2024-11-15 02:48:00,2566.41,2566.9,2566.31,2566.9,109,3,0,109
2024-11-15 02:51:00,2566.83,2567.17,2566.81,2567.1,112,3,0,112
2024-11-15 02:54:00,2567.1,2567.36,2566.85,2566.94,200,3,0,200
2024-11-15 02:57:00,2566.98,2567.32,2566.85,2566.89,168,3,0,168
2024-11-15 03:00:00,2566.9,2567.74,2566.14,2567.31,434,3,0,434
2024-11-15 03:03:00,2567.32,2570.03,2567.24,2570.02,517,3,0,517
2024-11-15 03:06:00,2569.92,2571.73,2569.63,2571.35,506,3,0,506
2024-11-15 03:09:00,2571.32,2571.45,2570.45,2570.97,361,3,0,361
2024-11-15 03:12:00,2570.96,2571.1,2569.75,2570.03,403,3,0,403
2024-11-15 03:15:00,2569.94,2570.7,2569.74,2570.32,439,3,0,439
2024-11-15 03:18:00,2570.33,2570.72,2569.18,2569.26,365,3,0,365
2024-11-15 03:21:00,2569.26,2569.32,2568.12,2568.87,427,3,0,427
2024-11-15 03:24:00,2568.81,2570.48,2568.81,2568.95,321,3,0,321
2024-11-15 03:27:00,2568.99,2569.25,2568.74,2569.22,271,3,0,271
2024-11-15 03:30:00,2569.21,2569.32,2567.44,2567.44,341,3,0,341
2024-11-15 03:33:00,2567.43,2567.43,2566.15,2566.7,320,3,0,320
2024-11-15 03:36:00,2566.72,2567.12,2566.12,2566.44,308,3,0,308
2024-11-15 03:39:00,2566.44,2567.08,2566.32,2566.91,312,3,0,312
2024-11-15 03:42:00,2566.91,2567.03,2563.92,2564.78,389,3,0,389
2024-11-15 03:45:00,2564.8,2565.56,2563.77,2564.8,496,3,0,496
2024-11-15 03:48:00,2564.8,2565.07,2563.13,2564.08,441,3,0,441
2024-11-15 03:51:00,2564.04,2564.69,2563.87,2564.35,453,3,0,453
2024-11-15 03:54:00,2564.37,2565.03,2564.26,2564.89,450,3,0,450
2024-11-15 03:57:00,2564.9,2566.17,2564.6,2565.08,420,3,0,420
2024-11-15 04:00:00,2565.06,2566.95,2564.98,2566.92,387,3,0,387
2024-11-15 04:03:00,2566.8,2566.8,2565.79,2565.91,406,3,0,406
2024-11-15 04:06:00,2565.92,2568.54,2565.81,2568.24,451,3,0,451
2024-11-15 04:09:00,2568.29,2568.83,2567.72,2567.83,341,3,0,341
2024-11-15 04:12:00,2567.88,2568.34,2567.67,2568.29,354,3,0,354
2024-11-15 04:15:00,2568.3,2568.98,2567.88,2568.47,277,3,0,277
2024-11-15 04:18:00,2568.48,2568.48,2567.3,2567.3,177,3,0,177
2024-11-15 04:21:00,2567.28,2568.13,2567.07,2568.08,246,3,0,246
2024-11-15 04:24:00,2568.07,2569.57,2568.02,2569.48,254,3,0,254
2024-11-15 04:27:00,2569.49,2569.86,2568.94,2568.94,316,3,0,316
2024-11-15 04:30:00,2568.94,2569.43,2567.41,2567.91,365,3,0,365
2024-11-15 04:33:00,2567.93,2568.28,2567.25,2567.9,313,3,0,313
2024-11-15 04:36:00,2567.9,2568.0,2567.07,2567.36,366,3,0,366
2024-11-15 04:39:00,2567.38,2568.76,2567.15,2567.88,355,3,0,355
2024-11-15 04:42:00,2567.89,2568.21,2567.23,2567.74,329,3,0,329
2024-11-15 04:45:00,2567.73,2569.49,2567.38,2569.36,368,3,0,368
2024-11-15 04:48:00,2569.37,2570.92,2569.37,2570.69,412,3,0,412
2024-11-15 04:51:00,2570.72,2571.11,2569.76,2570.08,354,3,0,354
2024-11-15 04:54:00,2570.08,2570.72,2569.96,2570.64,345,3,0,345
2024-11-15 04:57:00,2570.64,2570.64,2569.7,2570.24,535,3,0,535
2024-11-15 05:00:00,2570.23,2570.62,2569.34,2569.74,362,3,0,362
2024-11-15 05:03:00,2569.74,2570.42,2569.23,2570.37,429,3,0,429
2024-11-15 05:06:00,2570.36,2570.47,2569.64,2569.82,238,3,0,238
2024-11-15 05:09:00,2569.86,2570.55,2569.81,2570.42,248,3,0,248
2024-11-15 05:12:00,2570.46,2571.19,2568.99,2569.24,381,3,0,381
2024-11-15 05:15:00,2569.25,2569.45,2568.72,2569.2,270,3,0,270
2024-11-15 05:18:00,2569.2,2569.2,2568.53,2568.66,280,3,0,280
2024-11-15 05:21:00,2568.63,2568.74,2567.93,2568.73,228,3,0,228
2024-11-15 05:24:00,2568.82,2569.37,2568.81,2569.19,158,3,0,158
2024-11-15 05:27:00,2569.14,2569.48,2568.69,2568.71,241,3,0,241
2024-11-15 05:30:00,2568.71,2568.72,2567.91,2568.2,142,3,0,142
2024-11-15 05:33:00,2568.19,2569.17,2568.19,2569.17,184,3,0,184
2024-11-15 05:36:00,2569.16,2569.16,2568.72,2568.72,109,3,0,109
2024-11-15 05:39:00,2568.71,2569.18,2568.31,2568.48,182,3,0,182
2024-11-15 05:42:00,2568.47,2568.85,2568.19,2568.68,132,3,0,132
2024-11-15 05:45:00,2568.64,2569.24,2568.62,2569.09,88,3,0,88
2024-11-15 05:48:00,2569.09,2570.03,2568.75,2569.77,156,3,0,156
2024-11-15 05:51:00,2569.76,2569.84,2569.0,2569.0,98,3,0,98
2024-11-15 05:54:00,2568.99,2569.16,2568.13,2568.53,145,3,0,145
2024-11-15 05:57:00,2568.54,2568.71,2567.73,2567.79,107,3,0,107
2024-11-15 06:00:00,2567.79,2568.02,2567.46,2567.46,128,3,0,128
2024-11-15 06:03:00,2567.45,2567.93,2567.34,2567.68,141,3,0,141
2024-11-15 06:06:00,2567.7,2567.94,2567.61,2567.76,120,3,0,120
2024-11-15 06:09:00,2567.78,2568.63,2567.77,2568.39,121,3,0,121
2024-11-15 06:12:00,2568.39,2568.48,2568.07,2568.42,96,3,0,96
2024-11-15 06:15:00,2568.42,2568.42,2567.53,2568.3,101,3,0,101
2024-11-15 06:18:00,2568.29,2568.5,2568.13,2568.38,70,3,0,70
2024-11-15 06:21:00,2568.38,2568.49,2568.14,2568.29,86,3,0,86
2024-11-15 06:24:00,2568.27,2568.29,2567.89,2568.17,76,3,0,76
2024-11-15 06:27:00,2568.16,2568.32,2567.88,2568.32,82,3,0,82
2024-11-15 06:30:00,2568.32,2568.99,2568.22,2568.78,72,3,0,72
2024-11-15 06:33:00,2568.79,2569.18,2568.48,2569.03,103,3,0,103
2024-11-15 06:36:00,2569.02,2569.49,2568.82,2569.0,105,3,0,105
2024-11-15 06:39:00,2569.01,2569.52,2569.0,2569.25,92,3,0,92
2024-11-15 06:42:00,2569.22,2569.57,2569.06,2569.26,98,3,0,98
2024-11-15 06:45:00,2569.26,2569.26,2568.56,2568.56,93,3,0,93
2024-11-15 06:48:00,2568.55,2568.6,2568.0,2568.04,108,3,0,108
2024-11-15 06:51:00,2568.04,2568.04,2567.34,2567.35,144,3,0,144
2024-11-15 06:54:00,2567.35,2567.49,2567.09,2567.48,98,3,0,98
2024-11-15 06:57:00,2567.49,2567.72,2567.12,2567.12,114,3,0,114
2024-11-15 07:00:00,2567.13,2567.15,2566.13,2566.15,225,3,0,225
2024-11-15 07:03:00,2566.14,2567.28,2565.66,2567.0,222,3,0,222
2024-11-15 07:06:00,2567.03,2567.03,2565.95,2566.22,159,3,0,159
2024-11-15 07:09:00,2566.22,2566.77,2565.99,2566.42,142,3,0,142
2024-11-15 07:12:00,2566.42,2567.19,2566.37,2567.14,174,3,0,174
2024-11-15 07:15:00,2567.15,2567.17,2566.31,2566.39,110,3,0,110
2024-11-15 07:18:00,2566.4,2567.13,2566.26,2566.26,140,3,0,140
2024-11-15 07:21:00,2566.21,2566.49,2565.6,2565.78,135,3,0,135
2024-11-15 07:24:00,2565.8,2566.64,2565.74,2566.26,160,3,0,160
2024-11-15 07:27:00,2566.33,2566.33,2565.76,2565.99,180,3,0,180
2024-11-15 07:30:00,2565.98,2566.17,2564.37,2564.49,455,3,0,455
2024-11-15 07:33:00,2564.49,2565.02,2564.4,2564.86,282,3,0,282
2024-11-15 07:36:00,2564.89,2565.81,2564.74,2565.33,296,3,0,296
2024-11-15 07:39:00,2565.33,2565.82,2565.04,2565.41,244,3,0,244
2024-11-15 07:42:00,2565.41,2565.77,2564.99,2565.49,230,3,0,230
2024-11-15 07:45:00,2565.49,2565.49,2564.14,2564.64,267,3,0,267
2024-11-15 07:48:00,2564.64,2564.64,2562.37,2562.47,342,3,0,342
2024-11-15 07:51:00,2562.43,2563.11,2562.11,2562.31,317,3,0,317
2024-11-15 07:54:00,2562.32,2563.13,2561.6,2561.77,350,3,0,350
2024-11-15 07:57:00,2561.78,2561.95,2559.77,2559.96,506,3,0,506
2024-11-15 08:00:00,2559.95,2560.98,2559.64,2560.53,468,3,0,468
2024-11-15 08:03:00,2560.55,2561.52,2560.12,2561.45,532,3,0,532
2024-11-15 08:06:00,2561.45,2561.91,2559.6,2559.63,431,3,0,431
2024-11-15 08:09:00,2559.64,2559.7,2556.53,2556.74,590,3,0,590
2024-11-15 08:12:00,2556.77,2557.66,2556.08,2557.64,447,3,0,447
2024-11-15 08:15:00,2557.64,2557.86,2556.82,2556.82,399,3,0,399
2024-11-15 08:18:00,2556.82,2556.87,2554.52,2555.83,429,3,0,429
2024-11-15 08:21:00,2555.85,2556.94,2555.4,2556.05,388,3,0,388
2024-11-15 08:24:00,2556.03,2557.08,2555.29,2556.61,364,3,0,364
2024-11-15 08:27:00,2556.56,2558.25,2556.53,2558.14,367,3,0,367
2024-11-15 08:30:00,2558.14,2560.09,2557.92,2559.11,466,3,0,466
2024-11-15 08:33:00,2559.11,2559.94,2559.07,2559.62,400,3,0,400
2024-11-15 08:36:00,2559.62,2559.78,2558.25,2559.58,463,3,0,463
2024-11-15 08:39:00,2559.55,2561.37,2559.55,2560.47,415,3,0,415
2024-11-15 08:42:00,2560.46,2561.62,2560.3,2561.25,296,3,0,296
2024-11-15 08:45:00,2561.26,2563.57,2561.05,2563.36,424,3,0,424
2024-11-15 08:48:00,2563.38,2563.6,2562.26,2562.77,400,3,0,400
2024-11-15 08:51:00,2562.77,2563.38,2562.31,2563.28,282,3,0,282
2024-11-15 08:54:00,2563.3,2563.46,2561.18,2561.18,227,3,0,227
2024-11-15 08:57:00,2561.21,2561.87,2561.06,2561.44,290,3,0,290
2024-11-15 09:00:00,2561.44,2561.78,2560.2,2561.78,343,3,0,343
2024-11-15 09:03:00,2561.7,2561.78,2560.52,2561.21,285,3,0,285
2024-11-15 09:06:00,2561.21,2561.31,2559.57,2559.57,342,3,0,342
2024-11-15 09:09:00,2559.55,2562.14,2559.43,2561.92,392,3,0,392
2024-11-15 09:12:00,2561.96,2562.16,2561.45,2562.11,270,3,0,270
2024-11-15 09:15:00,2562.09,2562.53,2561.32,2562.47,395,3,0,395
2024-11-15 09:18:00,2562.46,2564.36,2562.45,2563.24,451,3,0,451
2024-11-15 09:21:00,2563.2,2563.34,2562.22,2562.94,435,3,0,435
2024-11-15 09:24:00,2562.92,2563.11,2562.24,2562.44,492,3,0,492
2024-11-15 09:27:00,2562.44,2563.31,2561.6,2562.1,455,3,0,455
2024-11-15 09:30:00,2562.09,2562.95,2561.49,2562.39,373,3,0,373
2024-11-15 09:33:00,2562.44,2563.58,2562.41,2563.25,353,3,0,353
2024-11-15 09:36:00,2563.16,2564.34,2562.72,2564.12,284,3,0,284
2024-11-15 09:39:00,2564.12,2564.27,2562.23,2562.8,290,3,0,290
2024-11-15 09:42:00,2562.79,2563.79,2562.6,2563.44,204,3,0,204
2024-11-15 09:45:00,2563.41,2563.83,2562.88,2562.88,219,3,0,219
2024-11-15 09:48:00,2562.85,2563.09,2562.19,2562.38,248,3,0,248
2024-11-15 09:51:00,2562.37,2563.34,2562.07,2563.27,224,3,0,224
2024-11-15 09:54:00,2563.26,2564.88,2563.23,2564.73,330,3,0,330
2024-11-15 09:57:00,2564.76,2564.95,2563.81,2563.81,194,3,0,194
2024-11-15 10:00:00,2563.81,2566.0,2563.76,2565.77,372,3,0,372
2024-11-15 10:03:00,2565.76,2566.87,2565.37,2565.87,497,3,0,497
2024-11-15 10:06:00,2565.82,2566.48,2565.25,2565.28,508,3,0,508
2024-11-15 10:09:00,2565.28,2566.28,2564.96,2566.27,464,3,0,464
2024-11-15 10:12:00,2566.28,2566.37,2565.29,2565.4,289,3,0,289
2024-11-15 10:15:00,2565.38,2565.46,2564.2,2564.87,418,3,0,418
2024-11-15 10:18:00,2564.86,2565.08,2562.92,2562.94,288,3,0,288
2024-11-15 10:21:00,2562.94,2563.78,2562.87,2563.4,304,3,0,304
2024-11-15 10:24:00,2563.4,2563.61,2561.5,2561.84,338,3,0,338
2024-11-15 10:27:00,2561.85,2563.42,2560.91,2563.33,381,3,0,381
2024-11-15 10:30:00,2563.34,2564.01,2562.32,2563.11,494,3,0,494
2024-11-15 10:33:00,2563.07,2564.85,2562.67,2564.67,374,3,0,374
2024-11-15 10:36:00,2564.68,2565.88,2564.57,2565.8,451,3,0,451
2024-11-15 10:39:00,2565.79,2567.06,2564.92,2566.24,497,3,0,497
2024-11-15 10:42:00,2566.19,2568.08,2566.19,2567.86,421,3,0,421
2024-11-15 10:45:00,2567.9,2569.02,2567.76,2567.85,519,3,0,519
2024-11-15 10:48:00,2567.86,2568.16,2566.89,2567.8,418,3,0,418
2024-11-15 10:51:00,2567.85,2568.08,2566.96,2566.96,301,3,0,301
2024-11-15 10:54:00,2566.96,2567.56,2566.18,2567.55,341,3,0,341
2024-11-15 10:57:00,2567.56,2567.99,2566.53,2566.91,248,3,0,248
2024-11-15 11:00:00,2566.88,2567.38,2565.85,2566.15,457,3,0,457
2024-11-15 11:03:00,2566.14,2567.75,2565.86,2567.74,422,3,0,422
2024-11-15 11:06:00,2567.77,2567.88,2566.52,2567.11,310,3,0,310
2024-11-15 11:09:00,2567.14,2567.79,2566.61,2567.45,292,3,0,292
2024-11-15 11:12:00,2567.42,2568.15,2567.07,2567.83,274,3,0,274
2024-11-15 11:15:00,2567.83,2568.97,2567.51,2568.09,293,3,0,293
2024-11-15 11:18:00,2568.08,2568.29,2566.21,2566.35,326,3,0,326
2024-11-15 11:21:00,2566.34,2566.7,2565.78,2565.78,414,3,0,414
2024-11-15 11:24:00,2565.79,2565.91,2564.0,2565.8,503,3,0,503
2024-11-15 11:27:00,2565.8,2566.46,2565.53,2566.07,340,3,0,340
2024-11-15 11:30:00,2566.06,2566.45,2565.24,2566.32,303,3,0,303
2024-11-15 11:33:00,2566.31,2566.67,2565.44,2565.58,306,3,0,306
2024-11-15 11:36:00,2565.57,2567.5,2565.57,2566.75,339,3,0,339
2024-11-15 11:39:00,2566.75,2567.85,2566.35,2567.53,304,3,0,304
2024-11-15 11:42:00,2567.54,2567.57,2565.96,2566.04,300,3,0,300
2024-11-15 11:45:00,2566.04,2566.51,2565.3,2566.11,274,3,0,274
2024-11-15 11:48:00,2566.1,2566.94,2565.44,2566.31,238,3,0,238
2024-11-15 11:51:00,2566.24,2566.63,2565.27,2565.27,270,3,0,270
2024-11-15 11:54:00,2565.24,2565.76,2564.98,2565.65,312,3,0,312
2024-11-15 11:57:00,2565.67,2565.85,2563.99,2564.0,293,3,0,293
2024-11-15 12:00:00,2564.0,2564.54,2563.08,2563.93,347,3,0,347
2024-11-15 12:03:00,2563.97,2564.98,2563.85,2564.7,320,3,0,320
2024-11-15 12:06:00,2564.7,2564.97,2563.97,2563.97,225,3,0,225
2024-11-15 12:09:00,2563.97,2564.66,2563.32,2563.65,246,3,0,246
2024-11-15 12:12:00,2563.81,2564.95,2563.25,2564.25,284,3,0,284
2024-11-15 12:15:00,2564.25,2565.57,2564.21,2565.33,229,3,0,229
2024-11-15 12:18:00,2565.31,2566.12,2564.69,2565.63,399,3,0,399
2024-11-15 12:21:00,2565.63,2567.75,2565.63,2567.27,499,3,0,499
2024-11-15 12:24:00,2567.29,2568.32,2566.84,2568.23,308,3,0,308
2024-11-15 12:27:00,2568.24,2569.76,2568.12,2569.22,458,3,0,458
2024-11-15 12:30:00,2569.25,2569.45,2566.95,2568.24,666,3,0,666
2024-11-15 12:33:00,2568.16,2569.18,2567.02,2567.36,439,3,0,439
2024-11-15 12:36:00,2567.36,2568.82,2567.33,2568.69,394,3,0,394
2024-11-15 12:39:00,2568.67,2570.13,2568.39,2568.66,411,3,0,411
2024-11-15 12:42:00,2568.67,2569.8,2568.57,2569.07,296,3,0,296
2024-11-15 12:45:00,2569.06,2569.48,2567.58,2568.4,316,3,0,316
2024-11-15 12:48:00,2568.47,2570.43,2568.47,2570.28,345,3,0,345
2024-11-15 12:51:00,2570.28,2570.52,2569.12,2569.15,297,3,0,297
2024-11-15 12:54:00,2569.15,2569.15,2567.39,2568.45,312,3,0,312
2024-11-15 12:57:00,2568.41,2569.08,2567.66,2567.97,408,3,0,408
2024-11-15 13:00:00,2567.93,2567.95,2566.7,2567.93,419,3,0,419
2024-11-15 13:03:00,2567.92,2568.39,2566.71,2567.12,327,3,0,327
2024-11-15 13:06:00,2567.12,2568.29,2566.95,2568.04,340,3,0,340
2024-11-15 13:09:00,2568.0,2568.19,2566.78,2567.51,253,3,0,253
2024-11-15 13:12:00,2567.53,2568.88,2567.32,2568.14,316,3,0,316
2024-11-15 13:15:00,2568.14,2568.66,2567.85,2568.57,249,3,0,249
2024-11-15 13:18:00,2568.57,2569.3,2568.56,2568.72,236,3,0,236
2024-11-15 13:21:00,2568.75,2568.75,2567.57,2567.99,133,3,0,133
2024-11-15 13:24:00,2567.99,2568.77,2567.77,2568.58,254,3,0,254
2024-11-15 13:27:00,2568.58,2570.42,2568.58,2570.4,427,3,0,427
2024-11-15 13:30:00,2570.4,2570.54,2568.78,2569.54,316,3,0,316
2024-11-15 13:33:00,2569.54,2570.75,2569.1,2570.7,329,3,0,329
2024-11-15 13:36:00,2570.69,2573.02,2570.39,2572.39,488,3,0,488
2024-11-15 13:39:00,2572.37,2573.03,2571.37,2571.77,394,3,0,394
2024-11-15 13:42:00,2571.76,2572.58,2570.59,2572.1,513,3,0,513
2024-11-15 13:45:00,2572.07,2572.48,2571.73,2572.03,468,3,0,468
2024-11-15 13:48:00,2572.04,2573.37,2571.83,2572.12,542,3,0,542
2024-11-15 13:51:00,2572.07,2572.08,2570.74,2570.87,374,3,0,374
2024-11-15 13:54:00,2570.88,2570.88,2569.49,2570.59,430,3,0,430
2024-11-15 13:57:00,2570.62,2571.02,2570.36,2570.8,518,3,0,518
2024-11-15 14:00:00,2570.8,2571.09,2568.46,2568.94,544,3,0,544
2024-11-15 14:03:00,2568.91,2569.44,2568.01,2568.1,352,3,0,352
2024-11-15 14:06:00,2568.12,2569.43,2567.63,2569.18,381,3,0,381
2024-11-15 14:09:00,2569.18,2569.38,2566.16,2566.48,308,3,0,308
2024-11-15 14:12:00,2566.48,2567.65,2566.48,2566.88,381,3,0,381
2024-11-15 14:15:00,2566.88,2566.97,2566.29,2566.62,284,3,0,284
2024-11-15 14:18:00,2566.61,2566.61,2565.75,2565.9,307,3,0,307
2024-11-15 14:21:00,2565.95,2566.8,2565.53,2566.72,236,3,0,236
2024-11-15 14:24:00,2566.71,2567.86,2566.31,2566.31,292,3,0,292
2024-11-15 14:27:00,2566.31,2568.27,2566.11,2568.24,279,3,0,279
2024-11-15 14:30:00,2568.18,2568.2,2566.26,2566.67,310,3,0,310
2024-11-15 14:33:00,2566.67,2567.93,2566.48,2567.33,281,3,0,281
2024-11-15 14:36:00,2567.33,2567.33,2566.06,2566.06,194,3,0,194
2024-11-15 14:39:00,2566.06,2567.73,2565.58,2567.42,274,3,0,274
2024-11-15 14:42:00,2567.42,2567.89,2566.75,2567.24,315,3,0,315
2024-11-15 14:45:00,2567.26,2568.34,2567.05,2567.61,237,3,0,237
2024-11-15 14:48:00,2567.61,2567.61,2565.89,2566.48,305,3,0,305
2024-11-15 14:51:00,2566.52,2569.33,2566.18,2569.25,539,3,0,539
2024-11-15 14:54:00,2569.16,2569.64,2568.38,2568.95,511,3,0,511
2024-11-15 14:57:00,2568.94,2569.46,2568.33,2569.2,407,3,0,407
2024-11-15 15:00:00,2569.24,2570.65,2568.73,2570.17,1005,3,0,1005
2024-11-15 15:03:00,2570.13,2571.15,2569.52,2570.7,916,3,0,916
2024-11-15 15:06:00,2570.68,2571.36,2569.45,2570.53,754,3,0,754
2024-11-15 15:09:00,2570.53,2573.49,2569.74,2573.49,681,3,0,681
2024-11-15 15:12:00,2573.5,2575.82,2573.26,2573.91,787,3,0,787
2024-11-15 15:15:00,2573.91,2575.23,2572.52,2572.92,782,3,0,782
2024-11-15 15:18:00,2572.93,2573.33,2570.81,2571.6,778,3,0,778
2024-11-15 15:21:00,2571.8,2574.38,2570.74,2574.32,854,3,0,854
2024-11-15 15:24:00,2574.34,2574.97,2570.32,2570.32,650,3,0,650
2024-11-15 15:27:00,2570.38,2571.58,2570.2,2570.48,440,3,0,440
2024-11-15 15:30:00,2570.48,2572.04,2562.12,2562.2,581,3,0,581
2024-11-15 15:33:00,2562.13,2566.19,2561.24,2565.79,844,3,0,844
2024-11-15 15:36:00,2565.79,2569.81,2563.14,2568.58,742,3,0,742
2024-11-15 15:39:00,2568.59,2568.76,2565.87,2566.61,751,3,0,751
2024-11-15 15:42:00,2566.65,2569.82,2565.84,2568.51,748,3,0,748
2024-11-15 15:45:00,2568.51,2569.71,2567.32,2569.44,726,3,0,726
2024-11-15 15:48:00,2569.44,2571.75,2569.09,2571.53,857,3,0,857
2024-11-15 15:51:00,2571.53,2571.63,2567.04,2567.32,707,3,0,707
2024-11-15 15:54:00,2567.31,2567.56,2565.47,2567.11,730,3,0,730
2024-11-15 15:57:00,2567.12,2567.53,2564.78,2565.35,727,3,0,727
2024-11-15 16:00:00,2565.35,2568.69,2564.28,2568.14,759,3,0,759
2024-11-15 16:03:00,2568.14,2570.42,2566.6,2570.2,739,3,0,739
2024-11-15 16:06:00,2570.19,2571.88,2569.81,2571.75,824,3,0,824
2024-11-15 16:09:00,2571.74,2571.95,2569.38,2570.98,642,3,0,642
2024-11-15 16:12:00,2570.99,2572.76,2570.37,2571.62,479,3,0,479
2024-11-15 16:15:00,2571.62,2572.31,2570.31,2571.29,721,3,0,721
2024-11-15 16:18:00,2571.29,2573.54,2570.57,2573.52,727,3,0,727
2024-11-15 16:21:00,2573.53,2573.98,2571.01,2573.16,789,3,0,789
2024-11-15 16:24:00,2573.14,2574.03,2572.84,2573.53,669,3,0,669
2024-11-15 16:27:00,2573.51,2574.08,2572.26,2573.15,690,3,0,690
2024-11-15 16:30:00,2573.17,2575.16,2570.98,2573.75,747,3,0,747
2024-11-15 16:33:00,2573.82,2574.42,2570.23,2570.45,749,3,0,749
2024-11-15 16:36:00,2570.51,2570.68,2567.28,2568.65,687,3,0,687
2024-11-15 16:39:00,2568.65,2570.24,2567.5,2569.76,730,3,0,730
2024-11-15 16:42:00,2569.69,2571.08,2569.01,2570.81,753,3,0,753
2024-11-15 16:45:00,2570.81,2573.22,2570.14,2572.78,856,3,0,856
2024-11-15 16:48:00,2572.78,2574.53,2572.17,2572.5,731,3,0,731
2024-11-15 16:51:00,2572.52,2575.58,2572.16,2573.72,709,3,0,709
2024-11-15 16:54:00,2573.72,2575.0,2572.04,2574.46,548,3,0,548
2024-11-15 16:57:00,2574.47,2575.21,2571.78,2572.93,579,3,0,579
2024-11-15 17:00:00,2572.96,2572.97,2570.98,2572.12,606,3,0,606
2024-11-15 17:03:00,2572.14,2574.99,2571.6,2574.95,778,3,0,778
2024-11-15 17:06:00,2574.97,2576.04,2573.21,2574.36,727,3,0,727
2024-11-15 17:09:00,2574.35,2575.66,2573.86,2574.74,631,3,0,631
2024-11-15 17:12:00,2574.74,2574.74,2572.59,2573.43,590,3,0,590
2024-11-15 17:15:00,2573.43,2574.66,2572.71,2572.79,585,3,0,585
2024-11-15 17:18:00,2572.79,2572.79,2570.92,2571.58,710,3,0,710
2024-11-15 17:21:00,2571.57,2571.57,2567.71,2567.79,727,3,0,727
2024-11-15 17:24:00,2567.79,2569.81,2567.64,2568.86,637,3,0,637
2024-11-15 17:27:00,2568.84,2570.01,2568.56,2569.55,603,3,0,603
2024-11-15 17:30:00,2569.57,2570.23,2567.43,2568.37,624,3,0,624
2024-11-15 17:33:00,2568.38,2568.67,2565.94,2565.99,756,3,0,756
2024-11-15 17:36:00,2565.99,2568.54,2565.5,2568.46,672,3,0,672
2024-11-15 17:39:00,2568.44,2568.44,2566.31,2566.31,541,3,0,541
2024-11-15 17:42:00,2566.32,2567.33,2565.17,2565.34,550,3,0,550
2024-11-15 17:45:00,2565.33,2567.84,2565.14,2567.2,663,3,0,663
2024-11-15 17:48:00,2567.2,2569.91,2566.97,2569.49,656,3,0,656
2024-11-15 17:51:00,2569.52,2570.2,2568.88,2569.86,554,3,0,554
2024-11-15 17:54:00,2569.86,2570.97,2569.37,2570.97,652,3,0,652
2024-11-15 17:57:00,2570.97,2571.62,2570.76,2570.87,578,3,0,578
2024-11-15 18:00:00,2570.86,2571.03,2569.59,2570.37,603,3,0,603
2024-11-15 18:03:00,2570.36,2572.71,2570.26,2572.25,611,3,0,611
2024-11-15 18:06:00,2572.25,2572.88,2571.56,2572.76,527,3,0,527
2024-11-15 18:09:00,2572.75,2573.23,2571.76,2572.86,519,3,0,519
2024-11-15 18:12:00,2573.12,2573.36,2572.12,2572.83,566,3,0,566
2024-11-15 18:15:00,2572.83,2572.95,2570.05,2570.07,568,3,0,568
2024-11-15 18:18:00,2569.99,2570.51,2569.02,2569.12,678,3,0,678
2024-11-15 18:21:00,2569.14,2569.28,2567.63,2568.16,612,3,0,612
2024-11-15 18:24:00,2568.18,2569.19,2566.8,2566.94,566,3,0,566
2024-11-15 18:27:00,2566.98,2568.18,2566.5,2566.59,535,3,0,535
2024-11-15 18:30:00,2566.59,2567.2,2564.34,2564.91,513,3,0,513
2024-11-15 18:33:00,2564.91,2565.18,2563.78,2564.72,582,3,0,582
2024-11-15 18:36:00,2564.83,2565.48,2562.7,2562.93,636,3,0,636
2024-11-15 18:39:00,2562.93,2564.66,2562.65,2563.15,618,3,0,618
2024-11-15 18:42:00,2563.06,2563.96,2562.77,2563.34,476,3,0,476
2024-11-15 18:45:00,2563.3,2564.89,2563.19,2564.86,546,3,0,546
2024-11-15 18:48:00,2564.86,2565.5,2563.41,2564.39,464,3,0,464
2024-11-15 18:51:00,2564.42,2565.02,2563.42,2564.2,424,3,0,424
2024-11-15 18:54:00,2564.22,2564.45,2562.22,2563.12,535,3,0,535
2024-11-15 18:57:00,2563.13,2563.83,2562.12,2562.21,520,3,0,520
2024-11-15 19:00:00,2562.21,2562.39,2560.89,2561.91,581,3,0,581
2024-11-15 19:03:00,2561.9,2562.21,2560.2,2561.4,505,3,0,505
2024-11-15 19:06:00,2561.42,2563.1,2561.11,2562.97,400,3,0,400
2024-11-15 19:09:00,2562.97,2563.13,2560.98,2561.41,428,3,0,428
2024-11-15 19:12:00,2561.33,2563.45,2561.33,2563.17,462,3,0,462
2024-11-15 19:15:00,2563.19,2563.6,2561.21,2561.26,412,3,0,412
2024-11-15 19:18:00,2561.28,2563.14,2561.15,2562.32,402,3,0,402
2024-11-15 19:21:00,2562.31,2564.85,2562.21,2564.13,481,3,0,481
2024-11-15 19:24:00,2564.14,2564.81,2563.43,2563.43,364,3,0,364
2024-11-15 19:27:00,2563.43,2564.31,2563.02,2563.82,327,3,0,327
2024-11-15 19:30:00,2563.85,2564.01,2562.26,2562.35,398,3,0,398
2024-11-15 19:33:00,2562.4,2563.51,2562.4,2562.82,385,3,0,385
2024-11-15 19:36:00,2562.82,2564.67,2562.81,2564.32,363,3,0,363
2024-11-15 19:39:00,2564.38,2564.63,2562.96,2562.99,346,3,0,346
2024-11-15 19:42:00,2562.98,2563.37,2562.26,2563.03,193,3,0,193
2024-11-15 19:45:00,2562.17,2562.17,2562.1,2562.12,5,3,0,5
2024-11-15 19:48:00,2562.11,2563.4,2562.09,2562.92,350,3,0,350
2024-11-15 19:51:00,2562.93,2563.84,2562.79,2563.2,468,3,0,468
2024-11-15 19:54:00,2563.22,2564.22,2562.71,2562.77,398,3,0,398
2024-11-15 19:57:00,2562.79,2563.39,2562.41,2562.99,384,3,0,384
2024-11-15 20:00:00,2563.03,2563.18,2561.76,2561.77,338,3,0,338
2024-11-15 20:03:00,2561.77,2561.87,2559.82,2559.82,463,3,0,463
2024-11-15 20:06:00,2559.77,2561.59,2559.53,2561.59,472,3,0,472
2024-11-15 20:09:00,2561.61,2562.67,2561.08,2562.38,392,3,0,392
2024-11-15 20:12:00,2562.4,2562.48,2561.65,2562.28,316,3,0,316
2024-11-15 20:15:00,2562.32,2563.22,2562.25,2562.33,451,3,0,451
2024-11-15 20:18:00,2562.39,2562.9,2562.13,2562.74,374,3,0,374
2024-11-15 20:21:00,2562.74,2564.99,2562.73,2564.9,459,3,0,459
2024-11-15 20:24:00,2564.92,2565.58,2564.68,2565.45,503,3,0,503
2024-11-15 20:27:00,2565.45,2566.56,2565.24,2565.71,610,3,0,610
2024-11-15 20:30:00,2565.69,2565.95,2564.02,2564.31,352,3,0,352
2024-11-15 20:33:00,2564.33,2564.85,2564.06,2564.43,348,3,0,348
2024-11-15 20:36:00,2564.47,2565.05,2564.16,2564.39,291,3,0,291
2024-11-15 20:39:00,2564.43,2566.29,2564.43,2566.17,350,3,0,350
2024-11-15 20:42:00,2566.17,2566.24,2565.46,2565.76,379,3,0,379
2024-11-15 20:45:00,2565.77,2566.25,2565.54,2565.74,282,3,0,282
2024-11-15 20:48:00,2565.78,2566.78,2565.74,2566.63,272,3,0,272
2024-11-15 20:51:00,2566.65,2567.83,2566.63,2567.31,355,3,0,355
2024-11-15 20:54:00,2567.32,2567.67,2567.12,2567.13,246,3,0,246
2024-11-15 20:57:00,2567.13,2567.62,2566.73,2567.5,236,3,0,236
2024-11-15 21:00:00,2567.52,2568.12,2566.75,2566.79,314,3,0,314
2024-11-15 21:03:00,2566.82,2567.48,2566.65,2567.48,241,3,0,241
2024-11-15 21:06:00,2567.46,2568.12,2567.32,2567.52,296,3,0,296
2024-11-15 21:09:00,2567.52,2567.66,2566.55,2566.69,293,3,0,293
2024-11-15 21:12:00,2566.71,2566.9,2566.3,2566.55,218,3,0,218
2024-11-15 21:15:00,2566.56,2567.26,2566.51,2567.0,203,3,0,203
2024-11-15 21:18:00,2567.01,2567.17,2565.47,2565.75,262,3,0,262
2024-11-15 21:21:00,2565.77,2565.97,2565.21,2565.5,191,3,0,191
2024-11-15 21:24:00,2565.49,2565.8,2565.27,2565.32,252,3,0,252
2024-11-15 21:27:00,2565.33,2565.41,2564.97,2565.1,203,3,0,203
2024-11-15 21:30:00,2565.09,2565.42,2563.9,2564.1,215,3,0,215
2024-11-15 21:33:00,2564.09,2564.29,2563.02,2563.12,182,3,0,182
2024-11-15 21:36:00,2563.12,2563.46,2562.8,2563.06,244,3,0,244
2024-11-15 21:39:00,2563.05,2564.6,2562.92,2564.6,236,3,0,236
2024-11-15 21:42:00,2564.59,2564.8,2563.41,2563.46,276,3,0,276
2024-11-15 21:45:00,2563.46,2563.65,2563.01,2563.21,207,3,0,207
2024-11-15 21:48:00,2563.23,2563.7,2563.23,2563.41,172,3,0,172
2024-11-15 21:51:00,2563.46,2564.53,2563.39,2564.53,195,3,0,195
2024-11-15 21:54:00,2564.56,2564.79,2563.87,2564.27,312,3,0,312
2024-11-15 21:57:00,2564.2,2564.2,2563.31,2563.85,329,3,0,329
2024-11-15 22:00:00,2563.87,2563.89,2562.23,2562.35,434,3,0,434
2024-11-15 22:03:00,2562.35,2562.91,2561.84,2561.97,372,3,0,372
2024-11-15 22:06:00,2561.98,2562.92,2561.95,2562.61,304,3,0,304
2024-11-15 22:09:00,2562.59,2562.79,2561.87,2561.88,226,3,0,226
2024-11-15 22:12:00,2561.92,2562.4,2561.87,2562.28,145,3,0,145
2024-11-15 22:15:00,2562.28,2562.38,2561.35,2561.38,218,3,0,218
2024-11-15 22:18:00,2561.39,2562.27,2561.18,2562.26,184,3,0,184
2024-11-15 22:21:00,2562.17,2562.18,2561.17,2561.18,197,3,0,197
2024-11-15 22:24:00,2561.19,2561.27,2559.83,2560.88,244,3,0,244
2024-11-15 22:27:00,2560.82,2561.2,2560.03,2560.69,203,3,0,203
2024-11-15 22:30:00,2560.7,2560.87,2559.96,2560.06,211,3,0,211
2024-11-15 22:33:00,2560.07,2561.7,2560.07,2561.69,207,3,0,207
2024-11-15 22:36:00,2561.7,2562.1,2561.09,2561.7,238,3,0,238
2024-11-15 22:39:00,2561.73,2562.6,2561.2,2562.4,209,3,0,209
2024-11-15 22:42:00,2562.29,2563.07,2562.1,2563.01,231,3,0,231
2024-11-15 22:45:00,2563.01,2563.96,2562.77,2562.77,278,3,0,278
2024-11-15 22:48:00,2562.76,2563.4,2562.68,2563.37,216,3,0,216
2024-11-15 22:51:00,2563.37,2563.89,2562.69,2563.66,260,3,0,260
2024-11-15 22:54:00,2563.62,2563.97,2563.27,2563.83,284,3,0,284
2024-11-15 22:57:00,2563.81,2563.95,2562.07,2562.29,361,3,0,361
2024-11-15 23:00:00,2562.26,2562.47,2561.96,2562.43,134,3,0,134
2024-11-15 23:03:00,2562.34,2562.44,2562.07,2562.25,77,3,0,77
2024-11-15 23:06:00,2562.31,2562.48,2562.12,2562.4,80,3,0,80
2024-11-15 23:09:00,2562.4,2562.41,2562.21,2562.29,40,3,0,40
2024-11-15 23:12:00,2562.3,2562.41,2562.3,2562.41,45,3,0,45
2024-11-15 23:15:00,2562.4,2562.41,2562.01,2562.35,100,3,0,100
2024-11-15 23:18:00,2562.36,2562.41,2562.06,2562.16,86,3,0,86
2024-11-15 23:21:00,2562.17,2562.38,2562.16,2562.27,78,3,0,78
2024-11-15 23:24:00,2562.25,2562.41,2562.11,2562.2,65,3,0,65
2024-11-15 23:27:00,2562.19,2562.19,2561.61,2561.77,98,3,0,98
2024-11-15 23:30:00,2561.75,2561.86,2561.62,2561.84,78,3,0,78
2024-11-15 23:33:00,2561.85,2561.85,2561.19,2561.2,152,3,0,152
2024-11-15 23:36:00,2561.21,2561.6,2561.21,2561.6,95,3,0,95
2024-11-15 23:39:00,2561.61,2561.74,2561.54,2561.66,101,3,0,101
2024-11-15 23:42:00,2561.65,2561.65,2561.26,2561.53,90,3,0,90
2024-11-15 23:45:00,2561.51,2561.58,2561.17,2561.54,120,3,0,120
2024-11-15 23:48:00,2561.54,2561.67,2561.44,2561.67,146,3,0,146
2024-11-15 23:51:00,2561.69,2561.87,2561.57,2561.75,136,3,0,136
2024-11-15 23:54:00,2561.76,2561.93,2561.59,2561.82,151,3,0,151
2024-11-15 23:57:00,2561.81,2563.59,2561.59,2562.93,179,3,0,179
2024-11-18 01:03:00,2568.32,2569.76,2568.32,2569.69,114,3,0,114
2024-11-18 01:06:00,2569.71,2570.01,2568.63,2569.8,280,3,0,280
2024-11-18 01:09:00,2569.79,2572.46,2569.4,2572.39,372,3,0,372
2024-11-18 01:12:00,2572.42,2573.63,2571.83,2573.28,304,3,0,304
2024-11-18 01:15:00,2573.38,2573.38,2571.41,2571.89,244,3,0,244
2024-11-18 01:18:00,2571.89,2572.53,2571.83,2572.35,165,3,0,165
2024-11-18 01:21:00,2572.48,2574.97,2572.48,2574.94,315,3,0,315
2024-11-18 01:24:00,2574.92,2575.53,2573.24,2573.42,296,3,0,296
2024-11-18 01:27:00,2573.23,2574.06,2573.01,2574.02,138,3,0,138
2024-11-18 01:30:00,2574.06,2574.06,2572.55,2572.55,243,3,0,243
2024-11-18 01:33:00,2572.55,2573.59,2572.33,2573.5,150,3,0,150
2024-11-18 01:36:00,2573.51,2574.71,2573.32,2574.29,151,3,0,151
2024-11-18 01:39:00,2574.3,2575.21,2573.99,2573.99,173,3,0,173
2024-11-18 01:42:00,2573.99,2574.39,2573.57,2574.35,109,3,0,109
2024-11-18 01:45:00,2574.31,2574.64,2573.75,2573.84,125,3,0,125
2024-11-18 01:48:00,2573.84,2573.95,2573.17,2573.6,145,3,0,145
2024-11-18 01:51:00,2573.56,2573.95,2572.84,2573.62,123,3,0,123
2024-11-18 01:54:00,2573.62,2573.69,2571.92,2572.09,198,3,0,198
2024-11-18 01:57:00,2572.1,2572.1,2570.44,2571.42,326,3,0,326
2024-11-18 02:00:00,2571.42,2571.74,2570.58,2571.25,328,3,0,328
2024-11-18 02:03:00,2571.23,2572.21,2571.23,2571.83,323,3,0,323
2024-11-18 02:06:00,2571.89,2573.37,2571.7,2572.07,196,3,0,196
2024-11-18 02:09:00,2572.07,2573.06,2571.34,2573.02,217,3,0,217
2024-11-18 02:12:00,2573.02,2573.02,2571.75,2571.93,189,3,0,189
2024-11-18 02:15:00,2571.93,2572.46,2571.63,2571.63,203,3,0,203
2024-11-18 02:18:00,2571.63,2571.63,2570.57,2570.63,170,3,0,170
2024-11-18 02:21:00,2570.63,2571.41,2570.43,2570.77,234,3,0,234
2024-11-18 02:24:00,2570.75,2571.16,2569.86,2570.23,225,3,0,225
2024-11-18 02:27:00,2570.16,2571.46,2570.16,2571.18,159,3,0,159
2024-11-18 02:30:00,2571.22,2572.23,2571.13,2571.95,170,3,0,170
2024-11-18 02:33:00,2571.96,2572.06,2571.14,2571.76,140,3,0,140
2024-11-18 02:36:00,2571.76,2571.98,2571.53,2571.7,138,3,0,138
2024-11-18 02:39:00,2571.7,2571.97,2570.84,2571.18,163,3,0,163
2024-11-18 02:42:00,2571.18,2573.13,2570.95,2573.11,154,3,0,154
2024-11-18 02:45:00,2573.11,2573.69,2572.55,2573.29,178,3,0,178
2024-11-18 02:48:00,2573.28,2574.82,2573.16,2574.09,219,3,0,219
2024-11-18 02:51:00,2574.09,2577.19,2574.09,2576.92,275,3,0,275
2024-11-18 02:54:00,2576.94,2577.21,2575.92,2576.76,394,3,0,394
2024-11-18 02:57:00,2576.76,2576.8,2575.97,2576.55,296,3,0,296
2024-11-18 03:00:00,2576.55,2581.2,2576.55,2580.21,867,3,0,867
2024-11-18 03:03:00,2580.21,2581.13,2579.21,2579.74,701,3,0,701
2024-11-18 03:06:00,2579.74,2580.13,2578.16,2578.95,597,3,0,597
2024-11-18 03:09:00,2578.96,2578.96,2577.19,2578.86,605,3,0,605
2024-11-18 03:12:00,2578.85,2580.82,2578.63,2580.19,461,3,0,461
2024-11-18 03:15:00,2580.18,2581.92,2579.65,2581.56,767,3,0,767
2024-11-18 03:18:00,2581.59,2581.92,2580.66,2581.9,425,3,0,425
2024-11-18 03:21:00,2581.93,2589.65,2581.9,2587.34,1037,3,0,1037
2024-11-18 03:24:00,2587.3,2593.2,2587.16,2590.79,1068,3,0,1068
2024-11-18 03:27:00,2590.79,2593.99,2590.22,2593.95,724,3,0,724
2024-11-18 03:30:00,2593.95,2595.37,2591.07,2593.26,873,3,0,873
2024-11-18 03:33:00,2593.2,2597.32,2591.79,2595.59,731,3,0,731
2024-11-18 03:36:00,2595.59,2597.2,2593.61,2594.51,564,3,0,564
2024-11-18 03:39:00,2594.77,2595.17,2594.04,2594.1,484,3,0,484
2024-11-18 03:42:00,2594.09,2594.37,2590.58,2591.17,606,3,0,606
2024-11-18 03:45:00,2591.12,2591.13,2585.2,2586.46,740,3,0,740
2024-11-18 03:48:00,2586.48,2588.66,2586.41,2587.86,524,3,0,524
2024-11-18 03:51:00,2587.96,2588.18,2586.35,2587.51,580,3,0,580
2024-11-18 03:54:00,2587.58,2588.88,2586.97,2587.31,569,3,0,569
2024-11-18 03:57:00,2587.24,2587.53,2585.42,2587.09,557,3,0,557
2024-11-18 04:00:00,2587.04,2589.74,2586.92,2587.63,593,3,0,593
2024-11-18 04:03:00,2587.55,2592.05,2587.04,2591.73,580,3,0,580
2024-11-18 04:06:00,2591.73,2593.77,2590.41,2593.59,659,3,0,659
2024-11-18 04:09:00,2593.61,2595.12,2591.32,2592.02,573,3,0,573
2024-11-18 04:12:00,2591.93,2593.06,2591.64,2592.1,458,3,0,458
2024-11-18 04:15:00,2592.09,2593.17,2592.0,2592.84,284,3,0,284
2024-11-18 04:18:00,2592.84,2592.84,2592.1,2592.32,284,3,0,284
2024-11-18 04:21:00,2592.32,2594.24,2592.29,2593.98,420,3,0,420
2024-11-18 04:24:00,2593.98,2594.65,2593.29,2593.37,320,3,0,320
2024-11-18 04:27:00,2593.37,2594.18,2593.04,2593.16,329,3,0,329
2024-11-18 04:30:00,2593.16,2594.05,2593.02,2593.02,430,3,0,430
2024-11-18 04:33:00,2593.03,2593.56,2591.37,2591.96,404,3,0,404
2024-11-18 04:36:00,2591.95,2592.37,2590.45,2592.28,388,3,0,388
2024-11-18 04:39:00,2592.21,2592.85,2591.23,2592.16,259,3,0,259
2024-11-18 04:42:00,2592.16,2593.0,2591.43,2592.75,254,3,0,254
2024-11-18 04:45:00,2592.76,2593.41,2591.73,2591.73,349,3,0,349
2024-11-18 04:48:00,2591.74,2592.15,2590.64,2591.08,249,3,0,249
2024-11-18 04:51:00,2591.14,2591.87,2590.81,2591.45,280,3,0,280
2024-11-18 04:54:00,2591.45,2591.56,2590.51,2591.03,324,3,0,324
2024-11-18 04:57:00,2591.03,2591.4,2589.53,2591.15,292,3,0,292
2024-11-18 05:00:00,2591.14,2591.4,2590.37,2590.63,353,3,0,353
2024-11-18 05:03:00,2590.62,2591.91,2589.85,2591.41,335,3,0,335
2024-11-18 05:06:00,2591.38,2592.5,2590.67,2592.49,430,3,0,430
2024-11-18 05:09:00,2592.48,2592.6,2590.02,2590.8,334,3,0,334
2024-11-18 05:12:00,2590.8,2590.8,2589.11,2589.24,299,3,0,299
2024-11-18 05:15:00,2589.26,2590.18,2588.48,2588.48,414,3,0,414
2024-11-18 05:18:00,2588.48,2589.1,2588.24,2588.98,270,3,0,270
2024-11-18 05:21:00,2589.01,2589.6,2588.2,2588.43,396,3,0,396
2024-11-18 05:24:00,2588.43,2589.45,2587.85,2588.92,352,3,0,352
2024-11-18 05:27:00,2588.93,2589.59,2588.61,2589.49,250,3,0,250
2024-11-18 05:30:00,2589.49,2590.2,2588.73,2588.94,182,3,0,182
2024-11-18 05:33:00,2588.98,2590.19,2588.63,2589.87,194,3,0,194
2024-11-18 05:36:00,2589.87,2591.09,2589.32,2590.7,178,3,0,178
2024-11-18 05:39:00,2590.71,2590.81,2590.4,2590.47,191,3,0,191
2024-11-18 05:42:00,2590.46,2590.52,2589.13,2589.27,137,3,0,137
2024-11-18 05:45:00,2589.28,2589.28,2588.4,2588.58,185,3,0,185
2024-11-18 05:48:00,2588.58,2589.27,2588.58,2589.26,198,3,0,198
2024-11-18 05:51:00,2589.27,2589.31,2588.63,2589.07,184,3,0,184
2024-11-18 05:54:00,2589.09,2589.82,2588.87,2589.29,211,3,0,211
2024-11-18 05:57:00,2589.28,2589.95,2588.62,2589.94,194,3,0,194
2024-11-18 06:00:00,2589.93,2590.47,2589.34,2590.32,207,3,0,207
2024-11-18 06:03:00,2590.33,2590.7,2589.98,2590.68,198,3,0,198
2024-11-18 06:06:00,2590.68,2590.9,2590.03,2590.65,205,3,0,205
2024-11-18 06:09:00,2590.69,2591.67,2590.69,2591.64,182,3,0,182
2024-11-18 06:12:00,2591.64,2591.81,2590.61,2590.72,135,3,0,135
2024-11-18 06:15:00,2590.78,2591.64,2590.74,2591.35,138,3,0,138
2024-11-18 06:18:00,2591.3,2591.4,2590.46,2590.65,100,3,0,100
2024-11-18 06:21:00,2590.65,2591.88,2590.65,2591.88,188,3,0,188
2024-11-18 06:24:00,2591.88,2591.9,2591.02,2591.31,198,3,0,198
2024-11-18 06:27:00,2591.31,2591.71,2591.31,2591.7,112,3,0,112
2024-11-18 06:30:00,2591.71,2592.12,2591.4,2591.4,116,3,0,116
2024-11-18 06:33:00,2591.4,2591.63,2590.84,2591.53,94,3,0,94
2024-11-18 06:36:00,2591.53,2591.84,2591.27,2591.34,107,3,0,107
2024-11-18 06:39:00,2591.34,2591.74,2590.81,2591.56,134,3,0,134
2024-11-18 06:42:00,2591.58,2591.88,2591.27,2591.33,97,3,0,97
2024-11-18 06:45:00,2591.33,2591.82,2590.74,2591.81,176,3,0,176
2024-11-18 06:48:00,2591.83,2593.15,2591.83,2592.98,219,3,0,219
2024-11-18 06:51:00,2593.0,2593.13,2592.59,2592.97,168,3,0,168
2024-11-18 06:54:00,2592.97,2593.1,2592.36,2592.47,158,3,0,158
2024-11-18 06:57:00,2592.52,2592.96,2592.28,2592.29,147,3,0,147
2024-11-18 07:00:00,2592.21,2592.34,2590.83,2590.85,263,3,0,263
2024-11-18 07:03:00,2590.9,2590.98,2590.2,2590.73,290,3,0,290
2024-11-18 07:06:00,2590.72,2591.48,2590.57,2590.75,215,3,0,215
2024-11-18 07:09:00,2590.74,2590.74,2590.13,2590.38,227,3,0,227
2024-11-18 07:12:00,2590.39,2590.47,2589.47,2589.67,240,3,0,240
2024-11-18 07:15:00,2589.67,2589.74,2588.88,2589.21,292,3,0,292
2024-11-18 07:18:00,2589.22,2590.06,2588.99,2589.85,251,3,0,251
2024-11-18 07:21:00,2589.87,2589.98,2589.27,2589.4,216,3,0,216
2024-11-18 07:24:00,2589.37,2589.61,2588.47,2588.48,239,3,0,239
2024-11-18 07:27:00,2588.49,2589.17,2588.49,2588.88,217,3,0,217
2024-11-18 07:30:00,2588.87,2588.87,2586.68,2587.1,530,3,0,530
2024-11-18 07:33:00,2587.11,2587.57,2586.52,2587.1,362,3,0,362
2024-11-18 07:36:00,2587.09,2587.47,2585.78,2586.14,434,3,0,434
2024-11-18 07:39:00,2586.13,2588.01,2585.79,2587.46,412,3,0,412
2024-11-18 07:42:00,2587.45,2587.51,2585.09,2585.52,499,3,0,499
2024-11-18 07:45:00,2585.51,2587.37,2585.32,2587.0,449,3,0,449
2024-11-18 07:48:00,2587.07,2587.41,2586.23,2587.03,327,3,0,327
2024-11-18 07:51:00,2587.07,2587.57,2585.98,2586.59,345,3,0,345
2024-11-18 07:54:00,2586.59,2586.93,2585.84,2586.31,317,3,0,317
2024-11-18 07:57:00,2586.32,2586.98,2585.45,2585.58,375,3,0,375
2024-11-18 08:00:00,2585.58,2585.58,2583.02,2583.12,499,3,0,499
2024-11-18 08:03:00,2583.14,2583.35,2581.65,2582.55,486,3,0,486
2024-11-18 08:06:00,2582.58,2584.24,2580.48,2584.13,677,3,0,677
2024-11-18 08:09:00,2584.18,2584.93,2583.0,2584.63,474,3,0,474
2024-11-18 08:12:00,2584.63,2585.34,2584.33,2585.21,419,3,0,419
2024-11-18 08:15:00,2585.21,2586.5,2585.12,2585.89,547,3,0,547
2024-11-18 08:18:00,2585.92,2585.96,2583.83,2583.85,636,3,0,636
2024-11-18 08:21:00,2583.85,2584.9,2583.0,2584.44,455,3,0,455
2024-11-18 08:24:00,2584.45,2585.53,2583.79,2585.43,430,3,0,430
2024-11-18 08:27:00,2585.43,2586.37,2584.73,2586.29,416,3,0,416
2024-11-18 08:30:00,2586.27,2587.01,2585.51,2586.11,451,3,0,451
2024-11-18 08:33:00,2586.09,2586.58,2585.46,2586.03,528,3,0,528
2024-11-18 08:36:00,2586.03,2586.43,2584.49,2585.68,472,3,0,472
2024-11-18 08:39:00,2585.68,2585.69,2584.07,2585.13,341,3,0,341
2024-11-18 08:42:00,2585.12,2585.51,2584.53,2584.71,317,3,0,317
2024-11-18 08:45:00,2584.71,2585.85,2584.39,2585.69,337,3,0,337
2024-11-18 08:48:00,2585.71,2587.74,2585.53,2586.63,577,3,0,577
2024-11-18 08:51:00,2586.63,2587.38,2586.26,2586.8,239,3,0,239
2024-11-18 08:54:00,2586.8,2586.81,2585.52,2586.05,355,3,0,355
2024-11-18 08:57:00,2586.03,2586.53,2585.74,2586.02,282,3,0,282
2024-11-18 09:00:00,2586.02,2586.36,2585.31,2585.59,420,3,0,420
2024-11-18 09:03:00,2585.57,2585.81,2584.07,2584.6,317,3,0,317
2024-11-18 09:06:00,2584.6,2585.79,2584.51,2585.35,310,3,0,310
2024-11-18 09:09:00,2585.29,2585.34,2583.74,2583.89,310,3,0,310
2024-11-18 09:12:00,2583.9,2585.85,2583.86,2585.67,301,3,0,301
2024-11-18 09:15:00,2585.68,2585.68,2584.5,2585.16,225,3,0,225
2024-11-18 09:18:00,2585.18,2586.78,2584.99,2586.76,281,3,0,281
2024-11-18 09:21:00,2586.73,2587.1,2584.12,2584.41,391,3,0,391
2024-11-18 09:24:00,2584.47,2584.75,2584.1,2584.45,333,3,0,333
2024-11-18 09:27:00,2584.43,2584.45,2583.25,2583.65,360,3,0,360
2024-11-18 09:30:00,2583.64,2583.8,2583.18,2583.78,371,3,0,371
2024-11-18 09:33:00,2583.77,2584.46,2582.4,2582.71,346,3,0,346
2024-11-18 09:36:00,2582.68,2583.64,2582.68,2583.13,287,3,0,287
2024-11-18 09:39:00,2583.09,2584.09,2582.99,2583.94,225,3,0,225
2024-11-18 09:42:00,2583.98,2583.98,2582.92,2582.97,251,3,0,251
2024-11-18 09:45:00,2583.02,2584.37,2582.94,2583.34,339,3,0,339
2024-11-18 09:48:00,2583.32,2584.33,2582.9,2584.16,253,3,0,253
2024-11-18 09:51:00,2584.16,2584.69,2583.09,2583.23,376,3,0,376
2024-11-18 09:54:00,2583.18,2583.61,2581.77,2581.89,389,3,0,389
2024-11-18 09:57:00,2581.87,2583.03,2581.74,2582.91,344,3,0,344
2024-11-18 10:00:00,2582.91,2583.6,2582.08,2583.19,410,3,0,410
2024-11-18 10:03:00,2583.21,2584.32,2582.55,2582.75,448,3,0,448
2024-11-18 10:06:00,2582.75,2584.46,2582.37,2584.0,523,3,0,523
2024-11-18 10:09:00,2584.01,2585.07,2583.18,2584.69,493,3,0,493
2024-11-18 10:12:00,2584.67,2586.1,2584.44,2586.04,397,3,0,397
2024-11-18 10:15:00,2586.06,2587.16,2585.97,2586.87,523,3,0,523
2024-11-18 10:18:00,2586.87,2590.1,2586.66,2588.72,694,3,0,694
2024-11-18 10:21:00,2588.75,2588.75,2585.85,2586.42,492,3,0,492
2024-11-18 10:24:00,2586.42,2588.41,2585.94,2587.9,490,3,0,490
2024-11-18 10:27:00,2587.84,2588.03,2586.69,2587.37,530,3,0,530
2024-11-18 10:30:00,2587.36,2587.51,2586.26,2586.66,460,3,0,460
2024-11-18 10:33:00,2586.67,2586.9,2586.04,2586.04,348,3,0,348
2024-11-18 10:36:00,2585.99,2587.87,2585.84,2586.78,341,3,0,341
2024-11-18 10:39:00,2586.8,2587.45,2586.0,2586.11,255,3,0,255
2024-11-18 10:42:00,2586.12,2586.22,2585.22,2585.41,348,3,0,348
2024-11-18 10:45:00,2585.41,2586.5,2585.17,2585.8,359,3,0,359
2024-11-18 10:48:00,2585.8,2586.24,2584.59,2584.6,419,3,0,419
2024-11-18 10:51:00,2584.59,2586.11,2583.69,2585.74,451,3,0,451
2024-11-18 10:54:00,2585.73,2586.08,2584.89,2585.44,311,3,0,311
2024-11-18 10:57:00,2585.43,2586.57,2585.35,2585.67,296,3,0,296
2024-11-18 11:00:00,2585.65,2586.09,2585.0,2585.63,455,3,0,455
2024-11-18 11:03:00,2585.71,2586.8,2584.58,2585.04,536,3,0,536
2024-11-18 11:06:00,2585.04,2585.5,2584.24,2584.25,412,3,0,412
2024-11-18 11:09:00,2584.24,2585.59,2583.82,2585.58,433,3,0,433
2024-11-18 11:12:00,2585.58,2587.29,2585.58,2587.17,525,3,0,525
2024-11-18 11:15:00,2587.19,2588.19,2586.93,2588.16,432,3,0,432
2024-11-18 11:18:00,2588.21,2589.6,2588.21,2589.59,326,3,0,326
2024-11-18 11:21:00,2589.61,2590.46,2588.81,2590.45,388,3,0,388
2024-11-18 11:24:00,2590.43,2591.16,2589.71,2591.16,380,3,0,380
2024-11-18 11:27:00,2591.16,2591.94,2591.03,2591.74,353,3,0,353
2024-11-18 11:30:00,2591.73,2593.31,2591.48,2591.65,448,3,0,448
2024-11-18 11:33:00,2591.66,2592.38,2589.74,2590.23,385,3,0,385
2024-11-18 11:36:00,2590.23,2592.96,2590.23,2592.87,648,3,0,648
2024-11-18 11:39:00,2592.86,2593.57,2592.15,2592.99,484,3,0,484
2024-11-18 11:42:00,2592.98,2594.06,2592.77,2593.67,327,3,0,327
2024-11-18 11:45:00,2593.67,2594.64,2593.45,2594.59,338,3,0,338
2024-11-18 11:48:00,2594.59,2596.7,2594.14,2596.59,601,3,0,601
2024-11-18 11:51:00,2596.59,2597.33,2593.83,2595.55,527,3,0,527
2024-11-18 11:54:00,2595.56,2596.15,2595.26,2595.59,401,3,0,401
2024-11-18 11:57:00,2595.6,2595.99,2594.83,2595.76,416,3,0,416
2024-11-18 12:00:00,2595.74,2596.72,2595.32,2595.93,423,3,0,423
2024-11-18 12:03:00,2595.93,2596.15,2593.26,2593.47,472,3,0,472
2024-11-18 12:06:00,2593.42,2594.88,2592.67,2593.71,509,3,0,509
2024-11-18 12:09:00,2593.71,2593.92,2592.74,2593.64,305,3,0,305
2024-11-18 12:12:00,2593.64,2594.14,2591.51,2591.55,441,3,0,441
2024-11-18 12:15:00,2591.55,2593.29,2591.55,2592.26,389,3,0,389
2024-11-18 12:18:00,2592.26,2592.5,2591.35,2591.74,386,3,0,386
2024-11-18 12:21:00,2591.72,2592.52,2591.14,2592.45,360,3,0,360
2024-11-18 12:24:00,2592.46,2592.63,2591.32,2591.61,328,3,0,328
2024-11-18 12:27:00,2591.59,2591.66,2590.41,2591.61,483,3,0,483
2024-11-18 12:30:00,2591.6,2591.67,2589.65,2590.55,500,3,0,500
2024-11-18 12:33:00,2590.57,2591.74,2589.84,2591.74,357,3,0,357
2024-11-18 12:36:00,2591.76,2592.07,2591.13,2591.8,265,3,0,265
2024-11-18 12:39:00,2591.82,2592.26,2590.9,2590.92,309,3,0,309
2024-11-18 12:42:00,2590.95,2592.89,2590.68,2592.77,304,3,0,304
2024-11-18 12:45:00,2592.74,2593.35,2592.65,2593.06,268,3,0,268
2024-11-18 12:48:00,2593.05,2593.24,2592.56,2592.94,226,3,0,226
2024-11-18 12:51:00,2592.95,2593.17,2592.06,2592.14,249,3,0,249
2024-11-18 12:54:00,2592.06,2593.17,2591.09,2592.95,281,3,0,281
2024-11-18 12:57:00,2592.95,2594.3,2592.94,2594.08,259,3,0,259
2024-11-18 13:00:00,2594.08,2594.18,2592.58,2592.68,273,3,0,273
2024-11-18 13:03:00,2592.68,2592.7,2591.76,2591.78,272,3,0,272
2024-11-18 13:06:00,2591.76,2592.09,2591.12,2591.98,326,3,0,326
2024-11-18 13:09:00,2592.0,2592.45,2591.08,2592.38,256,3,0,256
2024-11-18 13:12:00,2592.38,2592.96,2591.67,2592.65,366,3,0,366
2024-11-18 13:15:00,2592.68,2593.15,2591.91,2592.08,276,3,0,276
2024-11-18 13:18:00,2592.08,2593.77,2591.86,2593.33,268,3,0,268
2024-11-18 13:21:00,2593.32,2594.33,2593.15,2594.25,404,3,0,404
2024-11-18 13:24:00,2594.25,2594.98,2593.56,2593.87,249,3,0,249
2024-11-18 13:27:00,2593.88,2594.36,2592.7,2594.12,371,3,0,371
2024-11-18 13:30:00,2594.1,2595.43,2594.03,2594.41,530,3,0,530
2024-11-18 13:33:00,2594.4,2594.77,2592.62,2592.63,571,3,0,571
2024-11-18 13:36:00,2592.64,2592.8,2591.5,2592.2,420,3,0,420
2024-11-18 13:39:00,2592.21,2592.27,2590.58,2591.41,449,3,0,449
2024-11-18 13:42:00,2591.4,2592.39,2590.78,2592.29,369,3,0,369
2024-11-18 13:45:00,2592.3,2593.54,2592.3,2592.7,323,3,0,323
2024-11-18 13:48:00,2592.72,2594.18,2592.72,2593.97,282,3,0,282
2024-11-18 13:51:00,2593.95,2593.95,2592.43,2593.33,340,3,0,340
2024-11-18 13:54:00,2593.35,2594.52,2593.23,2594.52,266,3,0,266
2024-11-18 13:57:00,2594.52,2595.17,2594.37,2594.38,319,3,0,319
2024-11-18 14:00:00,2594.38,2594.55,2593.4,2593.99,342,3,0,342
2024-11-18 14:03:00,2594.0,2594.38,2592.68,2593.54,291,3,0,291
2024-11-18 14:06:00,2593.55,2594.15,2592.07,2592.58,393,3,0,393
2024-11-18 14:09:00,2592.47,2592.48,2591.54,2591.55,256,3,0,256
2024-11-18 14:12:00,2591.48,2592.65,2590.44,2592.55,487,3,0,487
2024-11-18 14:15:00,2592.56,2592.7,2591.43,2592.47,506,3,0,506
2024-11-18 14:18:00,2592.48,2592.61,2591.03,2591.03,318,3,0,318
2024-11-18 14:21:00,2591.03,2591.78,2590.8,2591.13,343,3,0,343
2024-11-18 14:24:00,2591.16,2591.84,2590.76,2590.87,312,3,0,312
2024-11-18 14:27:00,2590.81,2591.45,2590.56,2591.07,231,3,0,231
2024-11-18 14:30:00,2591.05,2591.64,2590.54,2591.33,409,3,0,409
2024-11-18 14:33:00,2591.33,2592.4,2591.02,2592.3,255,3,0,255
2024-11-18 14:36:00,2592.32,2594.0,2592.32,2593.8,310,3,0,310
2024-11-18 14:39:00,2593.84,2594.9,2593.8,2594.5,464,3,0,464
2024-11-18 14:42:00,2594.51,2595.63,2594.32,2594.95,302,3,0,302
2024-11-18 14:45:00,2594.95,2597.16,2594.65,2594.97,470,3,0,470
2024-11-18 14:48:00,2594.98,2596.38,2594.64,2594.8,568,3,0,568
2024-11-18 14:51:00,2594.8,2595.04,2594.22,2594.46,373,3,0,373
2024-11-18 14:54:00,2594.46,2595.64,2594.04,2594.91,328,3,0,328
2024-11-18 14:57:00,2594.91,2595.32,2593.74,2595.17,304,3,0,304
2024-11-18 15:00:00,2595.17,2596.67,2594.62,2596.09,702,3,0,702
2024-11-18 15:03:00,2596.0,2598.94,2595.69,2598.16,628,3,0,628
2024-11-18 15:06:00,2598.18,2598.43,2595.86,2596.08,550,3,0,550
2024-11-18 15:09:00,2596.09,2596.47,2594.63,2594.91,628,3,0,628
2024-11-18 15:12:00,2594.91,2597.11,2594.46,2597.09,565,3,0,565
2024-11-18 15:15:00,2597.09,2598.42,2596.75,2598.42,497,3,0,497
2024-11-18 15:18:00,2598.4,2598.52,2595.28,2595.43,559,3,0,559
2024-11-18 15:21:00,2595.43,2596.11,2592.97,2595.96,785,3,0,785
2024-11-18 15:24:00,2595.97,2599.42,2595.97,2599.1,779,3,0,779
2024-11-18 15:27:00,2599.14,2599.7,2598.59,2599.11,647,3,0,647
2024-11-18 15:30:00,2599.17,2601.26,2599.09,2600.81,633,3,0,633
2024-11-18 15:33:00,2600.81,2601.95,2600.22,2601.5,659,3,0,659
2024-11-18 15:36:00,2601.49,2602.89,2601.27,2602.87,535,3,0,535
2024-11-18 15:39:00,2602.88,2603.36,2601.46,2601.9,546,3,0,546
2024-11-18 15:42:00,2601.92,2603.34,2601.65,2602.9,542,3,0,542
2024-11-18 15:45:00,2602.9,2604.01,2602.52,2603.65,489,3,0,489
2024-11-18 15:48:00,2603.65,2604.84,2603.65,2604.8,478,3,0,478
2024-11-18 15:51:00,2604.8,2605.14,2602.94,2604.0,514,3,0,514
2024-11-18 15:54:00,2604.03,2605.13,2603.4,2603.47,482,3,0,482
2024-11-18 15:57:00,2603.49,2604.35,2603.15,2604.01,528,3,0,528
2024-11-18 16:00:00,2603.99,2604.92,2602.82,2604.8,600,3,0,600
2024-11-18 16:03:00,2604.84,2605.43,2603.46,2604.1,441,3,0,441
2024-11-18 16:06:00,2604.08,2605.56,2603.31,2605.54,641,3,0,641
2024-11-18 16:09:00,2605.63,2605.66,2604.54,2605.07,527,3,0,527
2024-11-18 16:12:00,2605.08,2607.72,2604.82,2607.58,567,3,0,567
2024-11-18 16:15:00,2607.65,2608.25,2607.05,2607.05,483,3,0,483
2024-11-18 16:18:00,2607.05,2607.27,2605.58,2605.85,517,3,0,517
2024-11-18 16:21:00,2605.85,2606.0,2604.19,2604.23,522,3,0,522
2024-11-18 16:24:00,2604.24,2604.79,2603.19,2604.0,590,3,0,590
2024-11-18 16:27:00,2604.0,2604.77,2603.86,2604.5,536,3,0,536
2024-11-18 16:30:00,2604.44,2607.6,2604.12,2606.82,838,3,0,838
2024-11-18 16:33:00,2606.83,2609.3,2606.8,2608.05,874,3,0,874
2024-11-18 16:36:00,2608.06,2609.77,2606.92,2609.27,666,3,0,666
2024-11-18 16:39:00,2609.25,2610.28,2608.76,2609.5,721,3,0,721
2024-11-18 16:42:00,2609.53,2609.79,2607.85,2608.42,688,3,0,688
2024-11-18 16:45:00,2608.41,2609.98,2607.03,2607.36,670,3,0,670
2024-11-18 16:48:00,2607.33,2608.71,2606.08,2606.21,579,3,0,579
2024-11-18 16:51:00,2606.19,2607.02,2605.42,2606.22,659,3,0,659
2024-11-18 16:54:00,2606.19,2608.54,2605.91,2607.95,630,3,0,630
2024-11-18 16:57:00,2607.95,2609.09,2607.82,2608.1,480,3,0,480
2024-11-18 17:00:00,2608.13,2608.82,2606.47,2607.26,715,3,0,715
2024-11-18 17:03:00,2607.18,2609.13,2607.08,2608.75,534,3,0,534
2024-11-18 17:06:00,2608.65,2608.7,2605.98,2607.11,529,3,0,529
2024-11-18 17:09:00,2607.15,2610.19,2607.07,2609.77,611,3,0,611
2024-11-18 17:12:00,2609.74,2609.96,2608.36,2609.18,563,3,0,563
2024-11-18 17:15:00,2609.17,2610.17,2608.88,2610.01,516,3,0,516
2024-11-18 17:18:00,2610.05,2611.08,2609.23,2609.79,576,3,0,576
2024-11-18 17:21:00,2609.81,2609.89,2608.69,2608.96,660,3,0,660
2024-11-18 17:24:00,2609.07,2611.42,2608.95,2611.08,671,3,0,671
2024-11-18 17:27:00,2611.07,2611.87,2610.47,2611.55,575,3,0,575
2024-11-18 17:30:00,2611.56,2612.43,2610.53,2610.66,569,3,0,569
2024-11-18 17:33:00,2610.74,2612.25,2610.55,2610.9,513,3,0,513
2024-11-18 17:36:00,2610.91,2612.05,2610.69,2611.82,437,3,0,437
2024-11-18 17:39:00,2611.83,2612.26,2610.74,2611.29,484,3,0,484
2024-11-18 17:42:00,2611.32,2611.47,2609.95,2610.7,493,3,0,493
2024-11-18 17:45:00,2610.72,2611.3,2609.46,2610.82,574,3,0,574
2024-11-18 17:48:00,2610.82,2610.88,2609.56,2610.45,549,3,0,549
2024-11-18 17:51:00,2610.46,2611.3,2610.18,2610.99,456,3,0,456
2024-11-18 17:54:00,2611.02,2612.14,2610.36,2612.14,576,3,0,576
2024-11-18 17:57:00,2612.29,2613.41,2612.19,2613.05,705,3,0,705
2024-11-18 18:00:00,2613.06,2614.48,2613.05,2613.79,619,3,0,619
2024-11-18 18:03:00,2613.76,2613.91,2613.14,2613.67,506,3,0,506
2024-11-18 18:06:00,2613.65,2614.27,2613.37,2614.24,598,3,0,598
2024-11-18 18:09:00,2614.25,2615.13,2613.5,2613.53,687,3,0,687
2024-11-18 18:12:00,2613.53,2614.12,2613.01,2613.13,553,3,0,553
2024-11-18 18:15:00,2613.14,2614.75,2612.83,2614.19,581,3,0,581
2024-11-18 18:18:00,2614.18,2614.59,2613.49,2613.51,559,3,0,559
2024-11-18 18:21:00,2613.56,2613.78,2612.24,2612.33,513,3,0,513
2024-11-18 18:24:00,2612.32,2613.01,2612.19,2612.58,518,3,0,518
2024-11-18 18:27:00,2612.58,2612.69,2611.86,2611.93,491,3,0,491
2024-11-18 18:30:00,2611.88,2612.07,2610.13,2610.41,437,3,0,437
2024-11-18 18:33:00,2610.42,2611.52,2610.14,2610.31,331,3,0,331
2024-11-18 18:36:00,2610.31,2610.82,2609.82,2610.55,383,3,0,383
2024-11-18 18:39:00,2610.56,2610.83,2609.87,2609.97,296,3,0,296
2024-11-18 18:42:00,2609.99,2610.38,2609.44,2610.28,255,3,0,255
2024-11-18 18:45:00,2610.28,2611.69,2610.27,2611.27,355,3,0,355
2024-11-18 18:48:00,2611.3,2611.61,2610.37,2610.86,292,3,0,292
2024-11-18 18:51:00,2610.85,2611.58,2610.36,2611.57,316,3,0,316
2024-11-18 18:54:00,2611.56,2612.45,2610.85,2612.24,392,3,0,392
2024-11-18 18:57:00,2612.25,2612.33,2611.53,2611.59,316,3,0,316
2024-11-18 19:00:00,2611.59,2611.98,2610.3,2610.98,428,3,0,428
2024-11-18 19:03:00,2610.94,2611.21,2610.3,2610.3,351,3,0,351
2024-11-18 19:06:00,2610.31,2610.42,2608.98,2609.41,446,3,0,446
2024-11-18 19:09:00,2609.43,2609.56,2608.43,2608.45,339,3,0,339
2024-11-18 19:12:00,2608.46,2609.94,2608.46,2609.61,406,3,0,406
2024-11-18 19:15:00,2609.6,2609.67,2608.6,2608.79,363,3,0,363
2024-11-18 19:18:00,2608.79,2609.16,2608.16,2608.37,336,3,0,336
2024-11-18 19:21:00,2608.36,2608.97,2608.13,2608.6,351,3,0,351
2024-11-18 19:24:00,2608.59,2608.86,2607.82,2608.28,292,3,0,292
2024-11-18 19:27:00,2608.28,2608.71,2607.67,2608.4,305,3,0,305
2024-11-18 19:30:00,2608.41,2608.57,2607.7,2607.71,278,3,0,278
2024-11-18 19:33:00,2607.74,2608.03,2607.36,2608.02,259,3,0,259
2024-11-18 19:36:00,2607.98,2608.21,2607.64,2607.84,334,3,0,334
2024-11-18 19:39:00,2607.83,2609.19,2607.71,2609.17,372,3,0,372
2024-11-18 19:42:00,2609.18,2611.02,2609.08,2610.87,418,3,0,418
2024-11-18 19:45:00,2610.79,2610.82,2609.6,2610.07,396,3,0,396
2024-11-18 19:48:00,2610.07,2610.77,2609.84,2610.4,430,3,0,430
2024-11-18 19:51:00,2610.39,2611.59,2610.37,2610.95,389,3,0,389
2024-11-18 19:54:00,2610.95,2611.54,2610.83,2611.33,256,3,0,256
2024-11-18 19:57:00,2611.36,2611.44,2610.25,2610.43,338,3,0,338
2024-11-18 20:00:00,2610.43,2610.45,2609.35,2609.92,306,3,0,306
2024-11-18 20:03:00,2609.89,2610.39,2609.54,2609.93,265,3,0,265
2024-11-18 20:06:00,2609.92,2610.99,2609.81,2610.77,298,3,0,298
2024-11-18 20:09:00,2610.8,2610.8,2610.09,2610.28,307,3,0,307
2024-11-18 20:12:00,2610.29,2610.3,2609.39,2609.47,266,3,0,266
2024-11-18 20:15:00,2609.42,2609.73,2608.6,2608.73,193,3,0,193
2024-11-18 20:18:00,2608.76,2608.9,2608.09,2608.36,260,3,0,260
2024-11-18 20:21:00,2608.39,2608.54,2607.82,2607.86,290,3,0,290
2024-11-18 20:24:00,2607.92,2609.5,2607.92,2609.0,207,3,0,207
2024-11-18 20:27:00,2609.01,2610.48,2608.92,2610.35,379,3,0,379
2024-11-18 20:30:00,2610.26,2610.34,2608.75,2609.66,430,3,0,430
2024-11-18 20:33:00,2609.62,2609.62,2608.56,2608.86,215,3,0,215
2024-11-18 20:36:00,2608.86,2609.34,2608.47,2608.57,227,3,0,227
2024-11-18 20:39:00,2608.58,2609.11,2608.55,2608.55,198,3,0,198
2024-11-18 20:42:00,2608.54,2609.18,2608.28,2608.31,240,3,0,240
2024-11-18 20:45:00,2608.28,2608.41,2607.77,2608.23,270,3,0,270
2024-11-18 20:48:00,2608.26,2610.58,2608.26,2610.54,227,3,0,227
2024-11-18 20:51:00,2610.55,2611.03,2610.36,2610.98,214,3,0,214
2024-11-18 20:54:00,2610.96,2612.09,2610.96,2611.64,198,3,0,198
2024-11-18 20:57:00,2611.66,2611.85,2611.05,2611.15,250,3,0,250
2024-11-18 21:00:00,2611.16,2611.55,2610.6,2610.68,256,3,0,256
2024-11-18 21:03:00,2610.68,2611.26,2610.45,2610.89,192,3,0,192
2024-11-18 21:06:00,2610.96,2611.98,2610.88,2611.7,242,3,0,242
2024-11-18 21:09:00,2611.71,2612.64,2611.71,2611.98,261,3,0,261
2024-11-18 21:12:00,2612.0,2612.37,2612.0,2612.09,188,3,0,188
2024-11-18 21:15:00,2612.12,2612.13,2610.72,2611.02,229,3,0,229
2024-11-18 21:18:00,2611.06,2611.11,2610.29,2610.63,166,3,0,166
2024-11-18 21:21:00,2610.68,2610.89,2610.2,2610.2,213,3,0,213
2024-11-18 21:24:00,2610.21,2610.6,2609.55,2609.81,243,3,0,243
2024-11-18 21:27:00,2609.8,2609.84,2609.3,2609.41,226,3,0,226
2024-11-18 21:30:00,2609.42,2609.68,2608.89,2609.41,237,3,0,237
2024-11-18 21:33:00,2609.47,2610.45,2609.47,2609.89,195,3,0,195
2024-11-18 21:36:00,2609.88,2609.88,2608.75,2608.91,197,3,0,197
2024-11-18 21:39:00,2608.9,2609.07,2608.43,2608.46,179,3,0,179
2024-11-18 21:42:00,2608.46,2609.04,2608.44,2608.77,206,3,0,206
2024-11-18 21:45:00,2608.79,2609.68,2608.77,2609.58,194,3,0,194
2024-11-18 21:48:00,2609.58,2610.28,2609.58,2610.13,201,3,0,201
2024-11-18 21:51:00,2610.14,2610.48,2609.87,2610.39,144,3,0,144
2024-11-18 21:54:00,2610.4,2610.59,2609.62,2610.08,204,3,0,204
2024-11-18 21:57:00,2610.08,2610.18,2609.49,2609.85,202,3,0,202
2024-11-18 22:00:00,2609.85,2610.95,2609.66,2610.81,272,3,0,272
2024-11-18 22:03:00,2610.82,2611.02,2610.38,2610.64,180,3,0,180
2024-11-18 22:06:00,2610.64,2610.86,2610.44,2610.65,141,3,0,141
2024-11-18 22:09:00,2610.65,2610.85,2609.73,2610.55,183,3,0,183
2024-11-18 22:12:00,2610.57,2610.92,2610.34,2610.51,150,3,0,150
2024-11-18 22:15:00,2610.52,2611.01,2610.39,2611.0,178,3,0,178
2024-11-18 22:18:00,2611.01,2611.59,2610.45,2610.45,188,3,0,188
2024-11-18 22:21:00,2610.45,2610.87,2610.25,2610.67,192,3,0,192
2024-11-18 22:24:00,2610.68,2610.77,2610.47,2610.53,155,3,0,155
2024-11-18 22:27:00,2610.54,2610.59,2609.88,2610.35,263,3,0,263
2024-11-18 22:30:00,2610.27,2610.85,2609.97,2610.06,165,3,0,165
2024-11-18 22:33:00,2610.05,2610.08,2609.15,2609.35,206,3,0,206
2024-11-18 22:36:00,2609.36,2609.54,2608.46,2608.84,200,3,0,200
2024-11-18 22:39:00,2608.84,2609.15,2608.74,2609.15,158,3,0,158
2024-11-18 22:42:00,2609.16,2609.24,2608.45,2608.52,155,3,0,155
2024-11-18 22:45:00,2608.52,2608.77,2608.26,2608.66,195,3,0,195
2024-11-18 22:48:00,2608.67,2609.77,2608.67,2609.46,194,3,0,194
2024-11-18 22:51:00,2609.48,2610.17,2609.33,2610.09,251,3,0,251
2024-11-18 22:54:00,2610.08,2610.91,2610.01,2610.77,332,3,0,332
2024-11-18 22:57:00,2610.78,2611.02,2610.24,2610.24,402,3,0,402
2024-11-18 23:00:00,2610.3,2610.63,2609.99,2610.16,206,3,0,206
2024-11-18 23:03:00,2610.16,2610.79,2610.13,2610.72,193,3,0,193
2024-11-18 23:06:00,2610.77,2610.8,2609.89,2609.93,96,3,0,96
2024-11-18 23:09:00,2609.9,2610.57,2609.9,2610.57,111,3,0,111
2024-11-18 23:12:00,2610.59,2610.67,2610.27,2610.59,40,3,0,40
2024-11-18 23:15:00,2610.59,2611.15,2610.42,2611.07,82,3,0,82
2024-11-18 23:18:00,2611.06,2611.62,2610.75,2611.56,156,3,0,156
2024-11-18 23:21:00,2611.59,2611.64,2611.12,2611.22,83,3,0,83
2024-11-18 23:24:00,2611.22,2611.54,2610.97,2611.53,120,3,0,120
2024-11-18 23:27:00,2611.55,2611.7,2610.92,2610.97,142,3,0,142
2024-11-18 23:30:00,2610.94,2611.1,2610.56,2610.76,102,3,0,102
2024-11-18 23:33:00,2610.77,2611.14,2610.41,2611.04,156,3,0,156
2024-11-18 23:36:00,2611.03,2611.82,2611.03,2611.73,102,3,0,102
2024-11-18 23:39:00,2611.73,2611.83,2611.63,2611.83,63,3,0,63
2024-11-18 23:42:00,2611.75,2611.94,2611.63,2611.75,72,3,0,72
2024-11-18 23:45:00,2611.75,2612.33,2611.64,2612.21,124,3,0,124
2024-11-18 23:48:00,2612.21,2612.36,2611.93,2612.02,102,3,0,102
2024-11-18 23:51:00,2612.03,2612.35,2611.92,2612.22,82,3,0,82
2024-11-18 23:54:00,2612.12,2612.34,2612.12,2612.23,81,3,0,81
2024-11-18 23:57:00,2612.14,2612.16,2611.54,2611.84,47,3,0,47
2024-11-19 01:00:00,2611.56,2611.63,2610.51,2610.63,64,41,0,64
2024-11-19 01:03:00,2610.63,2610.8,2610.47,2610.8,51,3,0,51
2024-11-19 01:06:00,2610.78,2611.48,2610.4,2611.22,154,3,0,154
2024-11-19 01:09:00,2611.22,2611.61,2611.06,2611.3,62,3,0,62
2024-11-19 01:12:00,2611.28,2611.64,2611.11,2611.4,61,3,0,61
2024-11-19 01:15:00,2611.41,2612.03,2611.26,2611.99,76,5,0,76
2024-11-19 01:18:00,2611.99,2612.43,2611.99,2612.18,87,3,0,87
2024-11-19 01:21:00,2612.18,2612.24,2611.95,2612.24,40,3,0,40
2024-11-19 01:24:00,2612.24,2612.76,2612.05,2612.68,72,3,0,72
2024-11-19 01:27:00,2612.66,2612.68,2612.39,2612.49,78,3,0,78
2024-11-19 01:30:00,2612.49,2612.68,2611.92,2612.12,100,3,0,100
2024-11-19 01:33:00,2612.12,2612.51,2612.01,2612.41,65,3,0,65
2024-11-19 01:36:00,2612.42,2612.7,2612.32,2612.55,53,3,0,53
2024-11-19 01:39:00,2612.54,2612.74,2612.45,2612.55,54,3,0,54
2024-11-19 01:42:00,2612.47,2612.75,2612.45,2612.75,51,3,0,51
2024-11-19 01:45:00,2612.76,2612.84,2612.62,2612.62,33,3,0,33
2024-11-19 01:48:00,2612.59,2612.64,2612.35,2612.41,21,3,0,21
2024-11-19 01:51:00,2612.42,2612.42,2612.21,2612.31,39,3,0,39
2024-11-19 01:54:00,2612.26,2613.1,2612.26,2613.02,87,3,0,87
2024-11-19 01:57:00,2613.0,2613.08,2612.24,2612.61,72,3,0,72
2024-11-19 02:00:00,2612.61,2612.79,2611.54,2611.54,90,3,0,90
2024-11-19 02:03:00,2611.54,2611.71,2611.2,2611.56,97,3,0,97
2024-11-19 02:06:00,2611.56,2612.31,2611.56,2611.85,138,3,0,138
2024-11-19 02:09:00,2611.86,2612.18,2611.76,2611.87,114,3,0,114
2024-11-19 02:12:00,2611.87,2611.95,2611.12,2611.42,194,3,0,194
2024-11-19 02:15:00,2611.42,2611.63,2611.12,2611.6,181,3,0,181
2024-11-19 02:18:00,2611.6,2612.13,2611.49,2611.93,54,3,0,54
2024-11-19 02:21:00,2611.91,2611.91,2611.22,2611.32,64,3,0,64
2024-11-19 02:24:00,2611.28,2611.75,2611.22,2611.63,87,3,0,87
2024-11-19 02:27:00,2611.67,2612.43,2611.58,2612.42,66,3,0,66
2024-11-19 02:30:00,2612.49,2613.32,2612.41,2612.41,140,3,0,140
2024-11-19 02:33:00,2612.44,2612.63,2612.13,2612.18,122,3,0,122
2024-11-19 02:36:00,2612.19,2612.5,2612.18,2612.44,77,3,0,77
2024-11-19 02:39:00,2612.43,2612.99,2612.19,2612.5,113,3,0,113
2024-11-19 02:42:00,2612.4,2612.42,2612.06,2612.1,117,3,0,117
2024-11-19 02:45:00,2612.1,2612.36,2612.06,2612.28,120,3,0,120
2024-11-19 02:48:00,2612.27,2612.56,2612.2,2612.56,75,3,0,75
2024-11-19 02:51:00,2612.58,2613.71,2612.58,2613.34,153,3,0,153
2024-11-19 02:54:00,2613.36,2613.5,2612.45,2612.75,201,3,0,201
2024-11-19 02:57:00,2612.75,2613.52,2612.75,2613.33,211,3,0,211
2024-11-19 03:00:00,2613.42,2615.27,2613.42,2614.77,761,3,0,761
2024-11-19 03:03:00,2614.75,2617.03,2614.04,2616.4,607,3,0,607
2024-11-19 03:06:00,2616.42,2616.95,2614.47,2614.47,566,3,0,566
2024-11-19 03:09:00,2614.49,2617.12,2613.73,2617.12,564,3,0,564
2024-11-19 03:12:00,2617.15,2617.78,2616.81,2617.78,502,3,0,502
2024-11-19 03:15:00,2617.78,2617.87,2615.43,2615.62,473,3,0,473
2024-11-19 03:18:00,2615.66,2616.56,2615.43,2615.5,343,3,0,343
2024-11-19 03:21:00,2615.54,2616.52,2614.6,2614.68,352,3,0,352
2024-11-19 03:24:00,2614.68,2615.66,2614.55,2615.08,383,3,0,383
2024-11-19 03:27:00,2615.09,2615.21,2613.17,2613.17,422,3,0,422
2024-11-19 03:30:00,2613.15,2613.25,2611.62,2612.32,607,3,0,607
2024-11-19 03:33:00,2612.29,2614.87,2612.17,2614.67,476,3,0,476
2024-11-19 03:36:00,2614.67,2615.53,2613.27,2615.34,372,3,0,372
2024-11-19 03:39:00,2615.35,2616.33,2615.08,2615.14,400,3,0,400
2024-11-19 03:42:00,2615.14,2615.77,2614.94,2615.34,323,3,0,323
2024-11-19 03:45:00,2615.37,2615.63,2614.23,2615.61,326,3,0,326
2024-11-19 03:48:00,2615.62,2616.23,2614.86,2615.3,398,3,0,398
2024-11-19 03:51:00,2615.32,2616.53,2614.77,2616.13,403,3,0,403
2024-11-19 03:54:00,2616.18,2616.45,2615.45,2615.85,469,3,0,469
2024-11-19 03:57:00,2615.85,2616.06,2615.36,2615.74,327,3,0,327
2024-11-19 04:00:00,2615.7,2617.43,2615.68,2617.32,374,3,0,374
2024-11-19 04:03:00,2617.32,2617.6,2616.48,2617.4,334,3,0,334
2024-11-19 04:06:00,2617.42,2617.98,2616.31,2617.24,322,3,0,322
2024-11-19 04:09:00,2617.27,2619.25,2617.23,2618.38,475,3,0,475
2024-11-19 04:12:00,2618.37,2618.98,2617.32,2618.4,399,3,0,399
2024-11-19 04:15:00,2618.41,2619.04,2617.62,2618.88,292,3,0,292
2024-11-19 04:18:00,2618.88,2619.18,2618.36,2618.44,290,3,0,290
2024-11-19 04:21:00,2618.43,2618.95,2618.06,2618.42,360,3,0,360
2024-11-19 04:24:00,2618.45,2618.73,2617.99,2618.18,208,3,0,208
2024-11-19 04:27:00,2618.17,2619.45,2617.67,2619.31,323,3,0,323
2024-11-19 04:30:00,2619.32,2620.76,2619.32,2620.67,470,3,0,470
2024-11-19 04:33:00,2620.66,2621.42,2620.28,2620.52,555,3,0,555
2024-11-19 04:36:00,2620.54,2622.74,2619.96,2622.61,367,3,0,367
2024-11-19 04:39:00,2622.6,2623.66,2621.88,2623.1,531,3,0,531
2024-11-19 04:42:00,2623.1,2624.2,2622.49,2623.32,671,3,0,671
2024-11-19 04:45:00,2623.3,2623.86,2622.58,2623.09,594,3,0,594
2024-11-19 04:48:00,2623.09,2623.47,2622.25,2623.38,396,3,0,396
2024-11-19 04:51:00,2623.39,2623.47,2621.96,2622.43,430,3,0,430
2024-11-19 04:54:00,2622.43,2623.24,2621.29,2621.63,627,3,0,627
2024-11-19 04:57:00,2621.63,2622.79,2621.46,2622.52,547,3,0,547
2024-11-19 05:00:00,2622.53,2623.65,2622.09,2623.5,394,3,0,394
2024-11-19 05:03:00,2623.52,2624.89,2623.33,2624.8,461,3,0,461
2024-11-19 05:06:00,2624.77,2625.0,2624.42,2624.66,395,3,0,395
2024-11-19 05:09:00,2624.64,2624.95,2624.42,2624.94,303,3,0,303
2024-11-19 05:12:00,2624.92,2625.56,2624.55,2625.06,454,3,0,454
2024-11-19 05:15:00,2625.05,2625.59,2624.52,2624.61,544,3,0,544
2024-11-19 05:18:00,2624.61,2625.51,2623.89,2623.93,659,3,0,659
2024-11-19 05:21:00,2623.92,2624.8,2623.39,2624.53,559,3,0,559
2024-11-19 05:24:00,2624.42,2624.67,2623.72,2624.25,470,3,0,470
2024-11-19 05:27:00,2624.26,2624.66,2623.92,2624.21,477,3,0,477
2024-11-19 05:30:00,2624.21,2624.89,2623.32,2623.32,431,3,0,431
2024-11-19 05:33:00,2623.26,2623.47,2622.59,2623.02,357,3,0,357
2024-11-19 05:36:00,2623.02,2623.02,2621.72,2621.88,337,3,0,337
2024-11-19 05:39:00,2621.87,2622.03,2621.43,2621.65,389,3,0,389
2024-11-19 05:42:00,2621.65,2622.93,2621.62,2622.93,356,3,0,356
2024-11-19 05:45:00,2622.92,2623.59,2621.81,2623.59,305,3,0,305
2024-11-19 05:48:00,2623.6,2624.38,2623.58,2623.96,295,3,0,295
2024-11-19 05:51:00,2623.96,2624.48,2623.74,2624.29,236,3,0,236
2024-11-19 05:54:00,2624.28,2624.58,2623.79,2624.03,327,3,0,327
2024-11-19 05:57:00,2624.04,2624.71,2623.78,2624.52,401,3,0,401
2024-11-19 06:00:00,2624.53,2624.53,2623.84,2624.36,345,3,0,345
2024-11-19 06:03:00,2624.36,2624.44,2622.97,2623.44,458,3,0,458
2024-11-19 06:06:00,2623.43,2623.86,2623.07,2623.08,415,3,0,415
2024-11-19 06:09:00,2623.06,2624.17,2623.04,2623.67,378,3,0,378
2024-11-19 06:12:00,2623.67,2624.22,2623.36,2623.51,472,3,0,472
2024-11-19 06:15:00,2623.51,2623.68,2622.71,2622.78,366,3,0,366
2024-11-19 06:18:00,2622.78,2622.92,2622.27,2622.48,278,3,0,278
2024-11-19 06:21:00,2622.49,2622.49,2621.85,2622.25,238,3,0,238
2024-11-19 06:24:00,2622.22,2622.55,2621.87,2622.43,200,3,0,200
2024-11-19 06:27:00,2622.43,2622.73,2622.13,2622.13,154,3,0,154
2024-11-19 06:30:00,2622.13,2622.23,2621.61,2621.71,134,3,0,134
2024-11-19 06:33:00,2621.71,2622.33,2621.71,2622.33,152,3,0,152
2024-11-19 06:36:00,2622.32,2622.91,2622.13,2622.8,229,3,0,229
2024-11-19 06:39:00,2622.83,2623.23,2622.8,2623.12,251,3,0,251
2024-11-19 06:42:00,2623.11,2624.29,2623.1,2624.2,246,3,0,246
2024-11-19 06:45:00,2624.28,2624.92,2623.83,2624.84,252,3,0,252
2024-11-19 06:48:00,2624.86,2625.26,2623.59,2623.59,334,3,0,334
2024-11-19 06:51:00,2623.52,2623.7,2623.1,2623.51,344,3,0,344
2024-11-19 06:54:00,2623.52,2623.52,2622.72,2623.07,334,3,0,334
2024-11-19 06:57:00,2623.07,2623.08,2622.67,2622.98,212,3,0,212
2024-11-19 07:00:00,2622.91,2622.92,2621.96,2622.05,269,3,0,269
2024-11-19 07:03:00,2622.05,2622.92,2621.99,2622.74,218,3,0,218
2024-11-19 07:06:00,2622.75,2622.75,2621.9,2622.48,234,3,0,234
2024-11-19 07:09:00,2622.49,2622.54,2620.94,2621.13,267,3,0,267
2024-11-19 07:12:00,2621.13,2622.69,2621.01,2622.68,316,3,0,316
2024-11-19 07:15:00,2622.67,2622.92,2622.26,2622.54,324,3,0,324
2024-11-19 07:18:00,2622.57,2622.78,2622.03,2622.59,320,3,0,320
2024-11-19 07:21:00,2622.61,2622.85,2622.03,2622.04,229,3,0,229
2024-11-19 07:24:00,2622.04,2623.2,2621.85,2623.19,285,3,0,285
2024-11-19 07:27:00,2623.18,2623.32,2622.72,2623.28,469,3,0,469
2024-11-19 07:30:00,2623.27,2623.49,2622.03,2622.7,646,3,0,646
2024-11-19 07:33:00,2622.71,2623.31,2622.5,2622.94,431,3,0,431
2024-11-19 07:36:00,2622.95,2623.44,2621.95,2622.57,467,3,0,467
2024-11-19 07:39:00,2622.57,2623.2,2622.35,2622.52,401,3,0,401
2024-11-19 07:42:00,2622.5,2623.39,2622.37,2623.12,383,3,0,383
2024-11-19 07:45:00,2623.14,2623.14,2621.58,2622.72,355,3,0,355
2024-11-19 07:48:00,2622.71,2622.97,2621.84,2621.84,280,3,0,280
2024-11-19 07:51:00,2621.85,2622.48,2621.49,2621.85,386,3,0,386
2024-11-19 07:54:00,2621.85,2622.72,2621.61,2622.68,311,3,0,311
2024-11-19 07:57:00,2622.67,2622.89,2621.93,2622.58,538,3,0,538
2024-11-19 08:00:00,2622.6,2624.17,2622.22,2624.17,485,3,0,485
2024-11-19 08:03:00,2624.17,2624.72,2623.07,2623.13,380,3,0,380
2024-11-19 08:06:00,2623.13,2623.96,2622.99,2623.02,383,3,0,383
2024-11-19 08:09:00,2622.99,2623.0,2621.42,2621.58,388,3,0,388
2024-11-19 08:12:00,2621.58,2622.45,2621.51,2622.28,299,3,0,299
2024-11-19 08:15:00,2622.29,2622.62,2621.91,2622.59,411,3,0,411
2024-11-19 08:18:00,2622.59,2622.88,2621.93,2622.63,347,3,0,347
2024-11-19 08:21:00,2622.62,2623.04,2622.22,2622.93,339,3,0,339
2024-11-19 08:24:00,2622.92,2623.44,2622.66,2623.04,373,3,0,373
2024-11-19 08:27:00,2623.05,2623.19,2621.87,2622.42,348,3,0,348
2024-11-19 08:30:00,2622.41,2622.87,2622.0,2622.0,338,3,0,338
2024-11-19 08:33:00,2621.98,2622.29,2621.66,2621.99,383,3,0,383
2024-11-19 08:36:00,2622.0,2622.27,2621.68,2621.96,340,3,0,340
2024-11-19 08:39:00,2621.94,2622.88,2621.79,2622.27,381,3,0,381
2024-11-19 08:42:00,2622.27,2623.43,2622.27,2623.4,352,3,0,352
2024-11-19 08:45:00,2623.39,2624.2,2622.37,2624.2,426,3,0,426
2024-11-19 08:48:00,2624.21,2624.95,2624.01,2624.84,342,3,0,342
2024-11-19 08:51:00,2624.93,2626.34,2624.93,2626.29,434,3,0,434
2024-11-19 08:54:00,2626.28,2626.71,2625.67,2626.14,491,3,0,491
2024-11-19 08:57:00,2626.15,2626.15,2624.99,2625.1,443,3,0,443
2024-11-19 09:00:00,2625.1,2625.31,2623.33,2623.42,321,3,0,321
2024-11-19 09:03:00,2623.42,2623.42,2621.85,2622.36,439,3,0,439
2024-11-19 09:06:00,2622.38,2622.41,2619.8,2620.39,611,3,0,611
2024-11-19 09:09:00,2620.39,2620.42,2618.7,2619.11,398,3,0,398
2024-11-19 09:12:00,2619.1,2619.46,2618.36,2618.99,351,3,0,351
2024-11-19 09:15:00,2619.0,2619.37,2617.76,2618.47,375,3,0,375
2024-11-19 09:18:00,2618.47,2619.94,2618.22,2619.56,519,3,0,519
2024-11-19 09:21:00,2619.56,2619.65,2617.91,2618.25,466,3,0,466
2024-11-19 09:24:00,2618.25,2619.45,2618.16,2619.37,330,3,0,330
2024-11-19 09:27:00,2619.38,2619.67,2618.55,2618.64,350,3,0,350
2024-11-19 09:30:00,2618.61,2619.63,2618.0,2618.68,335,3,0,335
2024-11-19 09:33:00,2618.61,2619.42,2618.01,2619.4,268,3,0,268
2024-11-19 09:36:00,2619.41,2620.29,2619.06,2620.2,284,3,0,284
2024-11-19 09:39:00,2620.23,2621.0,2620.1,2620.35,363,3,0,363
2024-11-19 09:42:00,2620.36,2620.66,2620.11,2620.57,224,3,0,224
2024-11-19 09:45:00,2620.59,2620.78,2619.24,2619.53,329,3,0,329
2024-11-19 09:48:00,2619.54,2619.61,2618.56,2618.89,249,3,0,249
2024-11-19 09:51:00,2618.88,2619.71,2618.87,2619.46,245,3,0,245
2024-11-19 09:54:00,2619.45,2619.6,2618.1,2618.65,341,3,0,341
2024-11-19 09:57:00,2618.7,2619.81,2618.63,2619.11,351,3,0,351
2024-11-19 10:00:00,2619.07,2620.46,2618.72,2620.07,521,3,0,521
2024-11-19 10:03:00,2620.06,2620.43,2618.74,2618.74,384,3,0,384
2024-11-19 10:06:00,2618.73,2620.01,2618.73,2620.01,315,3,0,315
2024-11-19 10:09:00,2620.02,2620.67,2619.2,2620.44,345,3,0,345
2024-11-19 10:12:00,2620.38,2620.48,2619.08,2619.48,383,3,0,383
2024-11-19 10:15:00,2619.47,2620.9,2619.42,2620.81,301,3,0,301
2024-11-19 10:18:00,2620.8,2621.57,2620.22,2621.2,346,3,0,346
2024-11-19 10:21:00,2621.18,2622.11,2620.93,2620.97,339,3,0,339
2024-11-19 10:24:00,2620.93,2621.08,2619.67,2620.07,416,3,0,416
2024-11-19 10:27:00,2620.04,2620.46,2619.6,2619.93,324,3,0,324
2024-11-19 10:30:00,2619.95,2620.8,2618.91,2620.47,428,3,0,428
2024-11-19 10:33:00,2620.45,2621.0,2619.45,2620.49,470,3,0,470
2024-11-19 10:36:00,2620.5,2621.83,2620.01,2620.99,551,3,0,551
2024-11-19 10:39:00,2620.91,2623.92,2620.69,2623.69,429,3,0,429
2024-11-19 10:42:00,2623.7,2626.84,2623.5,2626.64,667,3,0,667
2024-11-19 10:45:00,2626.65,2627.02,2625.96,2626.16,576,3,0,576
2024-11-19 10:48:00,2626.16,2626.65,2624.54,2624.82,474,3,0,474
2024-11-19 10:51:00,2624.82,2625.47,2623.23,2625.43,562,3,0,562
2024-11-19 10:54:00,2625.5,2625.87,2624.44,2625.31,524,3,0,524
2024-11-19 10:57:00,2625.29,2626.78,2625.0,2626.41,455,3,0,455
2024-11-19 11:00:00,2626.38,2628.3,2625.86,2627.06,527,3,0,527
2024-11-19 11:03:00,2627.13,2627.77,2625.76,2626.34,478,3,0,478
2024-11-19 11:06:00,2626.35,2627.04,2625.42,2626.75,477,3,0,477
2024-11-19 11:09:00,2626.73,2626.94,2625.45,2626.0,499,3,0,499
2024-11-19 11:12:00,2626.02,2627.24,2626.0,2626.51,414,3,0,414
2024-11-19 11:15:00,2626.47,2628.16,2625.36,2627.65,311,3,0,311
2024-11-19 11:18:00,2627.97,2629.91,2627.22,2629.33,343,3,0,343
2024-11-19 11:21:00,2629.35,2631.89,2628.54,2630.92,338,3,0,338
2024-11-19 11:24:00,2630.95,2631.84,2629.55,2629.55,404,3,0,404
2024-11-19 11:27:00,2629.55,2630.54,2628.37,2630.54,414,3,0,414
2024-11-19 11:30:00,2630.55,2632.38,2630.39,2632.0,431,3,0,431
2024-11-19 11:33:00,2631.9,2633.88,2631.56,2633.45,385,3,0,385
2024-11-19 11:36:00,2633.46,2633.91,2632.52,2633.81,439,3,0,439
2024-11-19 11:39:00,2633.83,2634.49,2631.53,2631.95,440,3,0,440
2024-11-19 11:42:00,2631.94,2632.3,2630.94,2631.04,452,3,0,452
2024-11-19 11:45:00,2631.04,2631.87,2629.97,2630.84,588,3,0,588
2024-11-19 11:48:00,2630.9,2631.95,2630.16,2630.27,523,3,0,523
2024-11-19 11:51:00,2630.28,2630.89,2629.61,2630.11,504,3,0,504
2024-11-19 11:54:00,2630.14,2631.58,2629.93,2631.42,376,3,0,376
2024-11-19 11:57:00,2631.46,2632.09,2630.24,2630.29,441,3,0,441
2024-11-19 12:00:00,2630.29,2632.26,2629.97,2631.95,401,3,0,401
2024-11-19 12:03:00,2631.96,2634.0,2631.81,2633.99,386,3,0,386
2024-11-19 12:06:00,2634.05,2634.82,2633.42,2634.1,435,3,0,435
2024-11-19 12:09:00,2634.11,2634.73,2633.73,2634.62,570,3,0,570
2024-11-19 12:12:00,2634.55,2634.56,2632.89,2634.29,672,3,0,672
2024-11-19 12:15:00,2634.29,2634.69,2633.86,2634.3,425,3,0,425
2024-11-19 12:18:00,2634.38,2634.38,2633.36,2633.36,433,3,0,433
2024-11-19 12:21:00,2633.34,2633.35,2632.0,2632.77,588,3,0,588
2024-11-19 12:24:00,2632.77,2633.58,2631.97,2633.47,500,3,0,500
2024-11-19 12:27:00,2633.48,2635.4,2633.46,2634.78,385,3,0,385
2024-11-19 12:30:00,2634.76,2635.82,2633.34,2633.36,627,3,0,627
2024-11-19 12:33:00,2633.33,2634.14,2633.18,2633.99,460,3,0,460
2024-11-19 12:36:00,2634.01,2634.3,2633.47,2633.88,400,3,0,400
2024-11-19 12:39:00,2633.9,2634.7,2633.59,2634.39,348,3,0,348
2024-11-19 12:42:00,2634.39,2635.57,2634.35,2634.96,309,3,0,309
2024-11-19 12:45:00,2634.91,2635.46,2634.44,2635.27,350,3,0,350
2024-11-19 12:48:00,2635.25,2636.53,2635.12,2635.65,355,3,0,355
2024-11-19 12:51:00,2635.66,2635.82,2634.91,2635.61,288,3,0,288
2024-11-19 12:54:00,2635.64,2635.9,2633.96,2634.68,337,3,0,337
2024-11-19 12:57:00,2634.68,2635.39,2634.68,2635.17,282,3,0,282
2024-11-19 13:00:00,2635.17,2636.06,2634.89,2635.57,347,3,0,347
2024-11-19 13:03:00,2635.57,2635.66,2634.1,2635.07,362,3,0,362
2024-11-19 13:06:00,2635.06,2635.9,2635.0,2635.36,241,3,0,241
2024-11-19 13:09:00,2635.34,2635.46,2634.11,2634.19,248,3,0,248
2024-11-19 13:12:00,2634.21,2634.85,2634.04,2634.79,280,3,0,280
2024-11-19 13:15:00,2634.77,2635.11,2634.28,2634.45,333,3,0,333
2024-11-19 13:18:00,2634.48,2635.84,2634.11,2635.44,293,3,0,293
2024-11-19 13:21:00,2635.42,2635.62,2634.76,2635.03,287,3,0,287
2024-11-19 13:24:00,2635.04,2635.54,2634.76,2635.11,319,3,0,319
2024-11-19 13:27:00,2635.11,2635.64,2634.44,2634.55,221,3,0,221
2024-11-19 13:30:00,2634.56,2635.18,2633.95,2634.09,328,3,0,328
2024-11-19 13:33:00,2634.08,2634.25,2632.01,2633.24,364,3,0,364
2024-11-19 13:36:00,2633.24,2633.42,2632.58,2633.25,331,3,0,331
2024-11-19 13:39:00,2633.25,2634.38,2632.87,2634.37,225,3,0,225
2024-11-19 13:42:00,2634.37,2634.65,2633.16,2633.84,284,3,0,284
2024-11-19 13:45:00,2633.81,2634.45,2633.15,2633.49,342,3,0,342
2024-11-19 13:48:00,2633.56,2633.78,2631.65,2631.98,420,3,0,420
2024-11-19 13:51:00,2631.97,2632.53,2631.74,2631.97,414,3,0,414
2024-11-19 13:54:00,2631.97,2632.4,2630.97,2631.18,477,3,0,477
2024-11-19 13:57:00,2631.18,2631.21,2629.04,2629.56,633,3,0,633
2024-11-19 14:00:00,2629.56,2630.43,2628.82,2629.96,554,3,0,554
2024-11-19 14:03:00,2629.96,2630.33,2629.26,2630.18,457,3,0,457
2024-11-19 14:06:00,2630.19,2630.86,2629.67,2630.58,494,3,0,494
2024-11-19 14:09:00,2630.57,2631.57,2630.08,2631.23,442,3,0,442
2024-11-19 14:12:00,2631.21,2631.46,2629.9,2631.35,411,3,0,411
2024-11-19 14:15:00,2631.34,2632.69,2630.95,2632.33,403,3,0,403
2024-11-19 14:18:00,2632.32,2635.22,2632.32,2634.64,443,3,0,443
2024-11-19 14:21:00,2634.58,2635.48,2634.07,2635.12,441,3,0,441
2024-11-19 14:24:00,2635.11,2635.9,2634.86,2635.54,424,3,0,424
2024-11-19 14:27:00,2635.58,2636.18,2634.83,2635.9,461,3,0,461
2024-11-19 14:30:00,2635.82,2636.82,2635.66,2636.16,471,3,0,471
2024-11-19 14:33:00,2636.21,2636.26,2635.17,2636.02,383,3,0,383
2024-11-19 14:36:00,2636.01,2636.76,2635.46,2636.64,382,3,0,382
2024-11-19 14:39:00,2636.61,2636.99,2636.24,2636.78,353,3,0,353
2024-11-19 14:42:00,2636.8,2636.96,2635.23,2635.35,413,3,0,413
2024-11-19 14:45:00,2635.34,2635.41,2633.8,2634.53,513,3,0,513
2024-11-19 14:48:00,2634.54,2634.67,2633.26,2634.04,483,3,0,483
2024-11-19 14:51:00,2634.09,2635.76,2633.27,2635.6,570,3,0,570
2024-11-19 14:54:00,2635.6,2639.01,2635.06,2638.25,718,3,0,718
2024-11-19 14:57:00,2638.26,2639.39,2637.45,2639.27,585,3,0,585
2024-11-19 15:00:00,2639.3,2639.48,2637.5,2638.26,1027,3,0,1027
2024-11-19 15:03:00,2638.26,2639.0,2637.75,2637.89,675,3,0,675
2024-11-19 15:06:00,2637.89,2639.03,2636.99,2637.9,509,3,0,509
2024-11-19 15:09:00,2637.89,2638.6,2636.58,2637.29,518,3,0,518
2024-11-19 15:12:00,2637.31,2638.07,2636.65,2637.94,506,3,0,506
2024-11-19 15:15:00,2637.94,2638.27,2636.18,2636.18,600,3,0,600
2024-11-19 15:18:00,2636.17,2636.29,2632.79,2633.35,824,3,0,824
2024-11-19 15:21:00,2633.31,2633.38,2630.15,2631.86,845,3,0,845
2024-11-19 15:24:00,2631.85,2631.97,2630.59,2631.12,703,3,0,703
2024-11-19 15:27:00,2631.13,2632.38,2629.57,2630.23,499,3,0,499
2024-11-19 15:30:00,2630.16,2632.78,2629.36,2632.7,574,3,0,574
2024-11-19 15:33:00,2632.73,2633.9,2631.6,2633.68,512,3,0,512
2024-11-19 15:36:00,2633.67,2635.97,2632.99,2634.99,613,3,0,613
2024-11-19 15:39:00,2634.96,2636.29,2632.68,2636.29,659,3,0,659
2024-11-19 15:42:00,2636.28,2636.3,2634.82,2634.82,508,3,0,508
2024-11-19 15:45:00,2634.82,2634.85,2633.22,2634.24,537,3,0,537
2024-11-19 15:48:00,2634.24,2635.22,2632.53,2633.25,617,3,0,617
2024-11-19 15:51:00,2633.21,2635.1,2632.88,2634.34,485,3,0,485
2024-11-19 15:54:00,2634.36,2637.0,2633.93,2636.64,499,3,0,499
2024-11-19 15:57:00,2636.56,2636.83,2634.72,2635.29,567,3,0,567
2024-11-19 16:00:00,2635.27,2636.74,2634.38,2636.54,473,3,0,473
2024-11-19 16:03:00,2636.53,2636.94,2634.03,2634.03,498,3,0,498
2024-11-19 16:06:00,2634.06,2634.9,2629.93,2632.03,392,3,0,392
2024-11-19 16:09:00,2632.06,2632.97,2630.66,2630.66,467,3,0,467
2024-11-19 16:12:00,2630.68,2631.28,2629.9,2630.17,501,3,0,501
2024-11-19 16:15:00,2630.18,2630.9,2627.42,2627.94,641,3,0,641
2024-11-19 16:18:00,2627.93,2627.94,2624.7,2626.25,833,3,0,833
2024-11-19 16:21:00,2626.18,2626.75,2624.59,2624.59,650,3,0,650
2024-11-19 16:24:00,2624.58,2627.33,2624.42,2627.28,724,3,0,724
2024-11-19 16:27:00,2627.3,2629.17,2627.3,2628.16,596,3,0,596
2024-11-19 16:30:00,2628.28,2629.98,2627.06,2627.07,454,3,0,454
2024-11-19 16:33:00,2627.06,2628.42,2626.37,2628.38,484,3,0,484
2024-11-19 16:36:00,2628.4,2629.33,2626.79,2627.23,619,3,0,619
2024-11-19 16:39:00,2627.28,2628.92,2626.34,2628.44,545,3,0,545
2024-11-19 16:42:00,2628.44,2630.08,2627.83,2629.89,638,3,0,638
2024-11-19 16:45:00,2629.87,2631.06,2629.17,2630.06,598,3,0,598
2024-11-19 16:48:00,2630.04,2630.04,2626.84,2627.11,550,3,0,550
2024-11-19 16:51:00,2627.15,2627.86,2624.99,2625.74,545,3,0,545
2024-11-19 16:54:00,2625.76,2626.98,2623.87,2624.34,623,3,0,623
2024-11-19 16:57:00,2624.22,2625.04,2622.8,2623.46,791,3,0,791
2024-11-19 17:00:00,2623.44,2625.37,2622.36,2625.31,649,3,0,649
2024-11-19 17:03:00,2625.29,2625.58,2623.77,2624.28,723,3,0,723
2024-11-19 17:06:00,2624.31,2626.72,2624.31,2625.75,630,3,0,630
2024-11-19 17:09:00,2625.76,2627.3,2625.73,2627.06,639,3,0,639
2024-11-19 17:12:00,2627.15,2628.25,2626.01,2628.21,477,3,0,477
2024-11-19 17:15:00,2628.13,2628.71,2625.53,2625.67,621,3,0,621
2024-11-19 17:18:00,2625.63,2626.73,2625.17,2626.12,644,3,0,644
2024-11-19 17:21:00,2626.14,2627.38,2624.89,2627.27,483,3,0,483
2024-11-19 17:24:00,2627.26,2628.31,2626.91,2627.98,494,3,0,494
2024-11-19 17:27:00,2627.99,2628.48,2626.88,2627.8,501,3,0,501
2024-11-19 17:30:00,2627.8,2628.29,2623.87,2624.22,534,3,0,534
2024-11-19 17:33:00,2624.23,2624.65,2622.25,2623.19,628,3,0,628
2024-11-19 17:36:00,2623.16,2623.74,2621.05,2623.61,597,3,0,597
2024-11-19 17:39:00,2623.54,2625.51,2623.44,2624.52,508,3,0,508
2024-11-19 17:42:00,2624.52,2626.9,2624.22,2626.55,469,3,0,469
2024-11-19 17:45:00,2626.55,2627.53,2625.69,2625.74,551,3,0,551
2024-11-19 17:48:00,2625.75,2626.12,2623.4,2623.41,522,3,0,522
2024-11-19 17:51:00,2623.4,2623.9,2622.31,2622.92,574,3,0,574
2024-11-19 17:54:00,2622.91,2625.04,2622.82,2624.49,435,3,0,435
2024-11-19 17:57:00,2624.49,2624.87,2623.51,2624.47,372,3,0,372
2024-11-19 18:00:00,2624.48,2625.58,2623.76,2623.89,434,3,0,434
2024-11-19 18:03:00,2623.95,2625.07,2623.28,2624.94,518,3,0,518
2024-11-19 18:06:00,2624.98,2626.01,2624.39,2625.67,436,3,0,436
2024-11-19 18:09:00,2625.69,2626.18,2624.19,2624.19,389,3,0,389
2024-11-19 18:12:00,2624.19,2626.26,2624.04,2625.14,416,3,0,416
2024-11-19 18:15:00,2625.14,2627.42,2625.14,2626.48,526,3,0,526
2024-11-19 18:18:00,2626.48,2628.54,2626.4,2627.17,676,3,0,676
2024-11-19 18:21:00,2627.18,2628.18,2625.52,2625.63,650,3,0,650
2024-11-19 18:24:00,2625.63,2625.81,2624.33,2625.1,558,3,0,558
2024-11-19 18:27:00,2625.08,2625.27,2624.08,2624.31,554,3,0,554
2024-11-19 18:30:00,2624.3,2625.4,2623.53,2624.18,541,3,0,541
2024-11-19 18:33:00,2624.12,2624.18,2623.32,2623.5,481,3,0,481
2024-11-19 18:36:00,2623.5,2623.85,2623.12,2623.56,489,3,0,489
2024-11-19 18:39:00,2623.56,2624.74,2623.36,2624.13,541,3,0,541
2024-11-19 18:42:00,2624.17,2624.88,2623.17,2623.26,397,3,0,397
2024-11-19 18:45:00,2623.27,2623.93,2622.37,2623.59,382,3,0,382
2024-11-19 18:48:00,2623.61,2624.36,2623.25,2623.69,393,3,0,393
2024-11-19 18:51:00,2623.71,2625.96,2623.57,2625.88,460,3,0,460
2024-11-19 18:54:00,2625.87,2626.5,2625.67,2626.16,457,3,0,457
2024-11-19 18:57:00,2626.15,2626.61,2625.28,2626.5,416,3,0,416
2024-11-19 19:00:00,2626.5,2627.06,2625.69,2626.37,406,3,0,406
2024-11-19 19:03:00,2626.45,2627.74,2626.15,2627.36,321,3,0,321
2024-11-19 19:06:00,2627.36,2628.53,2626.85,2628.51,360,3,0,360
2024-11-19 19:09:00,2628.54,2628.75,2627.61,2628.13,413,3,0,413
2024-11-19 19:12:00,2628.14,2629.74,2628.09,2629.63,366,3,0,366
2024-11-19 19:15:00,2629.63,2630.22,2629.27,2630.16,311,3,0,311
2024-11-19 19:18:00,2630.17,2630.97,2630.07,2630.55,280,3,0,280
2024-11-19 19:21:00,2630.52,2632.36,2630.3,2632.33,463,3,0,463
2024-11-19 19:24:00,2632.33,2632.96,2631.83,2632.96,445,3,0,445
2024-11-19 19:27:00,2632.9,2633.14,2632.5,2632.6,472,3,0,472
2024-11-19 19:30:00,2632.61,2632.84,2631.25,2631.27,381,3,0,381
2024-11-19 19:33:00,2631.29,2631.44,2630.0,2630.07,363,3,0,363
2024-11-19 19:36:00,2630.2,2631.56,2630.07,2631.15,340,3,0,340
2024-11-19 19:39:00,2631.15,2631.5,2629.86,2630.23,282,3,0,282
2024-11-19 19:42:00,2630.25,2630.48,2629.71,2630.08,261,3,0,261
2024-11-19 19:45:00,2630.1,2630.3,2629.0,2629.03,270,3,0,270
2024-11-19 19:48:00,2629.02,2629.8,2628.89,2629.12,283,3,0,283
2024-11-19 19:51:00,2629.12,2629.7,2628.85,2629.44,286,3,0,286
2024-11-19 19:54:00,2629.43,2629.44,2627.54,2627.64,292,3,0,292
2024-11-19 19:57:00,2627.63,2628.34,2627.55,2628.13,303,3,0,303
2024-11-19 20:00:00,2628.14,2628.18,2626.36,2627.35,320,3,0,320
2024-11-19 20:03:00,2627.37,2628.55,2627.08,2628.29,364,3,0,364
2024-11-19 20:06:00,2628.29,2628.93,2628.12,2628.31,293,3,0,293
2024-11-19 20:09:00,2628.27,2629.0,2627.84,2628.1,324,3,0,324
2024-11-19 20:12:00,2628.1,2629.16,2628.07,2628.86,225,3,0,225
2024-11-19 20:15:00,2628.87,2629.52,2628.34,2628.93,214,3,0,214
2024-11-19 20:18:00,2628.94,2629.11,2628.42,2628.8,222,3,0,222
2024-11-19 20:21:00,2628.81,2629.91,2628.81,2629.89,289,3,0,289
2024-11-19 20:24:00,2629.87,2629.87,2626.71,2626.71,274,3,0,274
2024-11-19 20:27:00,2626.75,2627.84,2626.47,2627.33,429,3,0,429
2024-11-19 20:30:00,2627.32,2627.53,2626.81,2627.26,264,3,0,264
2024-11-19 20:33:00,2627.25,2627.75,2626.64,2627.33,204,3,0,204
2024-11-19 20:36:00,2627.33,2628.12,2627.03,2627.82,232,3,0,232
2024-11-19 20:39:00,2627.83,2628.81,2627.69,2628.75,255,3,0,255
2024-11-19 20:42:00,2628.68,2629.13,2628.67,2628.92,199,3,0,199
2024-11-19 20:45:00,2628.94,2629.13,2628.32,2629.06,249,3,0,249
2024-11-19 20:48:00,2629.05,2629.46,2628.85,2628.94,233,3,0,233
2024-11-19 20:51:00,2628.94,2630.23,2628.59,2630.22,204,3,0,204
2024-11-19 20:54:00,2630.15,2630.21,2629.53,2630.09,177,3,0,177
2024-11-19 20:57:00,2630.13,2630.46,2629.94,2630.23,238,3,0,238
2024-11-19 21:00:00,2630.22,2630.63,2630.11,2630.26,217,3,0,217
2024-11-19 21:03:00,2630.28,2631.01,2630.28,2630.91,199,3,0,199
2024-11-19 21:06:00,2630.91,2630.95,2629.5,2629.67,263,3,0,263
2024-11-19 21:09:00,2629.78,2630.83,2629.78,2630.53,265,3,0,265
2024-11-19 21:12:00,2630.59,2631.64,2630.59,2631.33,187,3,0,187
2024-11-19 21:15:00,2631.32,2631.35,2629.44,2629.52,266,3,0,266
2024-11-19 21:18:00,2629.44,2629.63,2628.93,2628.93,234,3,0,234
2024-11-19 21:21:00,2628.98,2630.83,2628.98,2630.75,209,3,0,209
2024-11-19 21:24:00,2630.74,2631.12,2630.25,2630.44,220,3,0,220
2024-11-19 21:27:00,2630.44,2630.75,2629.97,2630.13,289,3,0,289
2024-11-19 21:30:00,2630.13,2630.59,2629.84,2630.13,263,3,0,263
2024-11-19 21:33:00,2630.14,2630.14,2629.36,2629.61,239,3,0,239
2024-11-19 21:36:00,2629.59,2630.54,2629.59,2630.02,173,3,0,173
2024-11-19 21:39:00,2630.03,2630.86,2629.74,2630.35,197,3,0,197
2024-11-19 21:42:00,2630.36,2630.73,2630.16,2630.25,189,3,0,189
2024-11-19 21:45:00,2630.25,2630.88,2629.94,2630.78,131,3,0,131
2024-11-19 21:48:00,2630.78,2631.08,2630.31,2630.97,164,3,0,164
2024-11-19 21:51:00,2630.96,2630.99,2630.51,2630.91,206,3,0,206
2024-11-19 21:54:00,2630.9,2631.63,2630.88,2631.05,274,3,0,274
2024-11-19 21:57:00,2631.07,2631.62,2630.62,2630.76,281,3,0,281
2024-11-19 22:00:00,2630.77,2631.16,2630.47,2630.73,252,3,0,252
2024-11-19 22:03:00,2630.77,2631.39,2630.64,2631.05,232,3,0,232
2024-11-19 22:06:00,2631.07,2631.09,2630.58,2630.99,197,3,0,197
2024-11-19 22:09:00,2631.0,2631.25,2630.67,2631.25,187,3,0,187
2024-11-19 22:12:00,2631.25,2631.95,2630.92,2631.69,273,3,0,273
2024-11-19 22:15:00,2631.68,2631.87,2631.4,2631.6,196,3,0,196
2024-11-19 22:18:00,2631.61,2632.05,2631.38,2632.05,233,3,0,233
2024-11-19 22:21:00,2632.05,2632.38,2631.81,2632.29,143,3,0,143
2024-11-19 22:24:00,2632.3,2632.45,2632.14,2632.33,101,3,0,101
2024-11-19 22:27:00,2632.32,2632.32,2631.73,2632.06,139,3,0,139
2024-11-19 22:30:00,2632.07,2632.07,2630.95,2631.34,197,3,0,197
2024-11-19 22:33:00,2631.34,2631.73,2631.34,2631.57,118,3,0,118
2024-11-19 22:36:00,2631.58,2632.18,2631.58,2631.83,99,3,0,99
2024-11-19 22:39:00,2631.83,2632.77,2631.82,2632.55,172,3,0,172
2024-11-19 22:42:00,2632.56,2632.95,2632.33,2632.34,153,3,0,153
2024-11-19 22:45:00,2632.34,2633.06,2632.24,2633.02,158,3,0,158
2024-11-19 22:48:00,2633.03,2634.28,2632.92,2634.28,274,3,0,274
2024-11-19 22:51:00,2634.27,2634.69,2633.92,2634.31,246,3,0,246
2024-11-19 22:54:00,2634.22,2634.42,2633.65,2633.66,177,3,0,177
2024-11-19 22:57:00,2633.73,2634.35,2633.62,2633.79,322,3,0,322
2024-11-19 23:00:00,2633.79,2633.94,2632.38,2632.45,234,3,0,234
2024-11-19 23:03:00,2632.45,2632.45,2631.59,2631.79,94,3,0,94
2024-11-19 23:06:00,2631.79,2632.17,2631.38,2631.8,104,3,0,104
2024-11-19 23:09:00,2631.82,2631.98,2631.4,2631.43,85,3,0,85
2024-11-19 23:12:00,2631.43,2631.62,2631.07,2631.5,80,3,0,80
2024-11-19 23:15:00,2631.5,2631.9,2631.11,2631.41,84,3,0,84
2024-11-19 23:18:00,2631.41,2631.82,2630.63,2631.82,201,3,0,201
2024-11-19 23:21:00,2631.82,2633.2,2631.76,2632.92,151,3,0,151
2024-11-19 23:24:00,2632.92,2632.92,2632.01,2632.3,103,3,0,103
2024-11-19 23:27:00,2632.3,2632.89,2632.01,2632.7,122,3,0,122
2024-11-19 23:30:00,2632.71,2633.01,2632.02,2632.52,123,3,0,123
2024-11-19 23:33:00,2632.51,2633.01,2632.16,2633.01,128,3,0,128
2024-11-19 23:36:00,2632.99,2633.73,2632.68,2633.04,206,3,0,206
2024-11-19 23:39:00,2633.03,2633.03,2632.04,2632.23,162,3,0,162
2024-11-19 23:42:00,2632.22,2632.42,2631.91,2632.37,141,3,0,141
2024-11-19 23:45:00,2632.37,2632.44,2632.08,2632.15,143,3,0,143
2024-11-19 23:48:00,2632.15,2632.9,2631.85,2632.87,106,3,0,106
2024-11-19 23:51:00,2632.88,2632.95,2632.55,2632.66,73,3,0,73
2024-11-19 23:54:00,2632.61,2632.74,2632.46,2632.56,83,3,0,83
2024-11-19 23:57:00,2632.55,2632.57,2632.0,2632.25,49,3,0,49
2024-11-20 01:00:00,2631.85,2632.18,2631.68,2632.18,21,34,0,21
2024-11-20 01:03:00,2632.16,2632.48,2632.06,2632.41,74,3,0,74
2024-11-20 01:06:00,2632.39,2632.49,2632.29,2632.39,34,6,0,34
2024-11-20 01:09:00,2632.38,2633.26,2631.95,2633.16,210,3,0,210
2024-11-20 01:12:00,2633.31,2633.89,2633.06,2633.66,320,3,0,320
2024-11-20 01:15:00,2633.58,2633.92,2633.49,2633.72,173,3,0,173
2024-11-20 01:18:00,2633.71,2634.14,2633.67,2633.94,189,3,0,189
2024-11-20 01:21:00,2633.95,2634.17,2633.85,2633.93,154,3,0,154
2024-11-20 01:24:00,2633.92,2634.21,2633.78,2634.2,66,3,0,66
2024-11-20 01:27:00,2634.21,2634.52,2634.14,2634.14,99,3,0,99
2024-11-20 01:30:00,2634.09,2634.19,2633.74,2633.98,89,3,0,89
2024-11-20 01:33:00,2633.96,2634.57,2633.88,2634.55,110,3,0,110
2024-11-20 01:36:00,2634.54,2635.05,2634.42,2634.42,142,3,0,142
2024-11-20 01:39:00,2634.43,2634.81,2634.42,2634.57,138,3,0,138
2024-11-20 01:42:00,2634.57,2634.78,2634.33,2634.76,106,3,0,106
2024-11-20 01:45:00,2634.79,2634.86,2634.08,2634.18,78,3,0,78
2024-11-20 01:48:00,2634.17,2635.32,2634.11,2634.59,93,3,0,93
2024-11-20 01:51:00,2634.58,2634.62,2634.3,2634.43,77,3,0,77
2024-11-20 01:54:00,2634.48,2635.51,2634.38,2635.42,156,3,0,156
2024-11-20 01:57:00,2635.42,2635.42,2634.71,2635.18,130,3,0,130
2024-11-20 02:00:00,2635.18,2635.24,2634.73,2634.92,204,3,0,204
2024-11-20 02:03:00,2634.94,2635.5,2634.8,2635.31,141,3,0,141
2024-11-20 02:06:00,2635.33,2636.08,2635.11,2635.71,206,3,0,206
2024-11-20 02:09:00,2635.72,2636.58,2635.71,2636.49,223,3,0,223
2024-11-20 02:12:00,2636.5,2636.7,2635.97,2636.42,140,3,0,140
2024-11-20 02:15:00,2636.42,2636.66,2635.87,2635.94,127,3,0,127
2024-11-20 02:18:00,2635.92,2636.59,2635.7,2636.56,122,3,0,122
2024-11-20 02:21:00,2636.55,2637.06,2636.35,2636.89,132,3,0,132
2024-11-20 02:24:00,2636.94,2637.65,2636.82,2636.96,191,3,0,191
2024-11-20 02:27:00,2636.87,2637.99,2636.87,2637.8,114,3,0,114
2024-11-20 02:30:00,2637.88,2637.95,2637.08,2637.54,210,3,0,210
2024-11-20 02:33:00,2637.58,2638.76,2637.58,2638.37,199,3,0,199
2024-11-20 02:36:00,2638.36,2638.6,2638.21,2638.29,174,3,0,174
2024-11-20 02:39:00,2638.27,2638.27,2637.5,2637.69,132,3,0,132
2024-11-20 02:42:00,2637.68,2638.05,2637.65,2638.05,74,3,0,74
2024-11-20 02:45:00,2638.01,2639.05,2637.92,2638.65,137,3,0,137
2024-11-20 02:48:00,2638.65,2638.65,2638.1,2638.25,160,3,0,160
2024-11-20 02:51:00,2638.28,2639.15,2638.13,2639.02,146,3,0,146
2024-11-20 02:54:00,2639.0,2639.04,2637.95,2637.95,111,3,0,111
2024-11-20 02:57:00,2637.91,2638.48,2637.7,2637.86,208,3,0,208
2024-11-20 03:00:00,2637.89,2641.5,2637.67,2639.29,793,3,0,793
2024-11-20 03:03:00,2639.3,2640.16,2639.17,2639.17,493,3,0,493
2024-11-20 03:06:00,2639.17,2640.31,2638.24,2638.96,532,3,0,532
2024-11-20 03:09:00,2638.95,2640.68,2638.85,2639.46,423,3,0,423
2024-11-20 03:12:00,2639.37,2639.66,2638.47,2638.93,548,3,0,548
2024-11-20 03:15:00,2638.94,2639.18,2637.68,2638.96,401,3,0,401
2024-11-20 03:18:00,2638.96,2639.41,2638.43,2639.11,301,3,0,301
2024-11-20 03:21:00,2639.11,2639.71,2638.61,2639.52,296,3,0,296
2024-11-20 03:24:00,2639.52,2640.02,2638.1,2638.11,307,3,0,307
2024-11-20 03:27:00,2638.11,2638.14,2635.99,2636.74,512,3,0,512
2024-11-20 03:30:00,2636.74,2637.13,2635.81,2636.01,438,3,0,438
2024-11-20 03:33:00,2636.01,2636.6,2635.81,2636.32,360,3,0,360
2024-11-20 03:36:00,2636.34,2638.91,2636.34,2638.66,445,3,0,445
2024-11-20 03:39:00,2638.66,2638.85,2638.0,2638.0,379,3,0,379
2024-11-20 03:42:00,2638.0,2639.31,2637.81,2639.31,348,3,0,348
2024-11-20 03:45:00,2639.3,2639.62,2638.92,2639.2,268,3,0,268
2024-11-20 03:48:00,2639.23,2640.58,2639.09,2640.39,342,3,0,342
2024-11-20 03:51:00,2640.41,2640.66,2639.45,2639.45,438,3,0,438
2024-11-20 03:54:00,2639.45,2639.75,2638.19,2638.75,528,3,0,528
2024-11-20 03:57:00,2638.74,2639.76,2638.25,2639.63,494,3,0,494
2024-11-20 04:00:00,2639.63,2639.76,2638.44,2639.14,378,3,0,378
2024-11-20 04:03:00,2639.13,2639.72,2638.64,2639.13,253,3,0,253
2024-11-20 04:06:00,2639.13,2640.22,2639.11,2639.78,265,3,0,265
2024-11-20 04:09:00,2639.78,2640.24,2639.33,2640.0,281,3,0,281
2024-11-20 04:12:00,2639.95,2641.71,2639.5,2641.27,328,3,0,328
2024-11-20 04:15:00,2641.17,2641.63,2640.58,2641.58,230,3,0,230
2024-11-20 04:18:00,2641.57,2641.57,2640.73,2640.79,222,3,0,222
2024-11-20 04:21:00,2640.79,2641.23,2640.28,2640.95,213,3,0,213
2024-11-20 04:24:00,2640.95,2641.09,2640.62,2640.87,188,3,0,188
2024-11-20 04:27:00,2640.87,2641.77,2640.45,2641.38,210,3,0,210
2024-11-20 04:30:00,2641.37,2641.82,2639.93,2641.53,426,3,0,426
2024-11-20 04:33:00,2641.51,2641.86,2640.61,2640.88,351,3,0,351
2024-11-20 04:36:00,2640.92,2640.93,2640.2,2640.7,322,3,0,322
2024-11-20 04:39:00,2640.68,2641.23,2640.14,2641.23,328,3,0,328
2024-11-20 04:42:00,2641.24,2641.43,2640.29,2640.44,302,3,0,302
2024-11-20 04:45:00,2640.46,2641.03,2640.17,2640.62,358,3,0,358
2024-11-20 04:48:00,2640.64,2640.71,2639.61,2639.64,346,3,0,346
2024-11-20 04:51:00,2639.64,2640.16,2639.36,2639.65,286,3,0,286
2024-11-20 04:54:00,2639.65,2640.31,2639.32,2640.1,278,3,0,278
2024-11-20 04:57:00,2640.1,2640.41,2639.86,2640.23,244,3,0,244
2024-11-20 05:00:00,2640.23,2640.61,2639.65,2639.77,283,3,0,283
2024-11-20 05:03:00,2639.77,2641.05,2639.75,2640.94,223,3,0,223
2024-11-20 05:06:00,2640.94,2641.04,2640.2,2640.72,328,3,0,328
2024-11-20 05:09:00,2640.7,2641.04,2640.6,2640.82,204,3,0,204
2024-11-20 05:12:00,2640.82,2641.25,2640.33,2640.51,307,3,0,307
2024-11-20 05:15:00,2640.52,2641.25,2640.21,2640.38,287,3,0,287
2024-11-20 05:18:00,2640.38,2640.73,2640.32,2640.32,227,3,0,227
2024-11-20 05:21:00,2640.35,2640.86,2640.11,2640.33,252,3,0,252
2024-11-20 05:24:00,2640.33,2641.25,2640.15,2640.93,270,3,0,270
2024-11-20 05:27:00,2640.92,2641.32,2640.63,2640.74,210,3,0,210
2024-11-20 05:30:00,2640.74,2640.86,2639.77,2640.05,215,3,0,215
2024-11-20 05:33:00,2640.06,2640.63,2639.83,2640.62,174,3,0,174
2024-11-20 05:36:00,2640.63,2640.63,2640.12,2640.39,170,3,0,170
2024-11-20 05:39:00,2640.37,2640.39,2639.6,2639.95,228,3,0,228
2024-11-20 05:42:00,2639.94,2640.03,2639.43,2639.43,144,3,0,144
2024-11-20 05:45:00,2639.43,2639.64,2639.33,2639.34,142,3,0,142
2024-11-20 05:48:00,2639.34,2639.78,2639.3,2639.67,146,3,0,146
2024-11-20 05:51:00,2639.66,2639.66,2639.19,2639.36,129,3,0,129
2024-11-20 05:54:00,2639.37,2639.45,2637.8,2637.81,179,3,0,179
2024-11-20 05:57:00,2637.87,2638.06,2637.69,2638.01,205,3,0,205
2024-11-20 06:00:00,2638.03,2638.27,2637.29,2637.72,207,3,0,207
2024-11-20 06:03:00,2637.67,2637.77,2637.49,2637.52,123,3,0,123
2024-11-20 06:06:00,2637.54,2637.78,2637.15,2637.37,178,3,0,178
2024-11-20 06:09:00,2637.37,2638.59,2637.34,2638.58,168,3,0,168
2024-11-20 06:12:00,2638.56,2638.59,2637.84,2638.04,178,3,0,178
2024-11-20 06:15:00,2638.05,2638.84,2638.0,2638.63,136,3,0,136
2024-11-20 06:18:00,2638.53,2638.53,2637.53,2637.64,89,3,0,89
2024-11-20 06:21:00,2637.66,2637.96,2637.64,2637.84,74,3,0,74
2024-11-20 06:24:00,2637.81,2637.85,2637.28,2637.28,88,3,0,88
2024-11-20 06:27:00,2637.27,2637.42,2636.85,2636.95,128,3,0,128
2024-11-20 06:30:00,2636.99,2636.99,2636.36,2636.41,99,3,0,99
2024-11-20 06:33:00,2636.39,2636.75,2636.2,2636.71,148,3,0,148
2024-11-20 06:36:00,2636.71,2637.17,2636.63,2637.15,142,3,0,142
2024-11-20 06:39:00,2637.06,2637.55,2636.93,2637.03,131,3,0,131
2024-11-20 06:42:00,2637.03,2637.15,2636.45,2636.45,77,3,0,77
2024-11-20 06:45:00,2636.44,2637.26,2636.35,2637.08,102,3,0,102
2024-11-20 06:48:00,2637.14,2637.14,2636.46,2636.64,86,3,0,86
2024-11-20 06:51:00,2636.64,2636.94,2636.54,2636.63,75,3,0,75
2024-11-20 06:54:00,2636.64,2636.94,2636.3,2636.3,75,3,0,75
2024-11-20 06:57:00,2636.3,2636.8,2636.3,2636.67,148,3,0,148
2024-11-20 07:00:00,2636.65,2636.7,2635.58,2635.68,175,3,0,175
2024-11-20 07:03:00,2635.68,2636.51,2635.37,2636.49,225,3,0,225
2024-11-20 07:06:00,2636.51,2636.58,2635.69,2635.7,195,3,0,195
2024-11-20 07:09:00,2635.69,2635.97,2635.09,2635.12,183,3,0,183
2024-11-20 07:12:00,2635.15,2636.18,2634.97,2635.8,189,3,0,189
2024-11-20 07:15:00,2635.8,2636.51,2635.6,2635.86,228,3,0,228
2024-11-20 07:18:00,2635.86,2636.31,2635.3,2636.2,170,3,0,170
2024-11-20 07:21:00,2636.2,2636.74,2636.2,2636.65,143,3,0,143
2024-11-20 07:24:00,2636.56,2636.63,2636.15,2636.33,190,3,0,190
2024-11-20 07:27:00,2636.34,2637.71,2636.33,2637.02,195,3,0,195
2024-11-20 07:30:00,2637.02,2637.14,2635.84,2637.08,503,3,0,503
2024-11-20 07:33:00,2637.06,2637.37,2635.31,2635.46,392,3,0,392
2024-11-20 07:36:00,2635.49,2637.61,2635.49,2637.51,312,3,0,312
2024-11-20 07:39:00,2637.53,2638.53,2637.33,2638.01,403,3,0,403
2024-11-20 07:42:00,2638.01,2638.47,2637.66,2637.87,273,3,0,273
2024-11-20 07:45:00,2637.87,2638.29,2637.47,2637.7,256,3,0,256
2024-11-20 07:48:00,2637.7,2637.98,2637.32,2637.91,218,3,0,218
2024-11-20 07:51:00,2637.89,2638.4,2637.1,2637.15,216,3,0,216
2024-11-20 07:54:00,2637.15,2637.2,2635.87,2636.2,325,3,0,325
2024-11-20 07:57:00,2636.2,2637.32,2636.12,2636.9,224,3,0,224
2024-11-20 08:00:00,2636.89,2637.11,2634.92,2635.29,393,3,0,393
2024-11-20 08:03:00,2635.29,2635.97,2634.71,2635.59,447,3,0,447
2024-11-20 08:06:00,2635.6,2635.91,2631.98,2632.26,610,3,0,610
2024-11-20 08:09:00,2632.27,2633.45,2631.87,2632.12,672,3,0,672
2024-11-20 08:12:00,2632.12,2632.46,2630.87,2630.93,466,3,0,466
2024-11-20 08:15:00,2630.93,2631.85,2630.82,2631.01,406,3,0,406
2024-11-20 08:18:00,2631.03,2632.18,2628.79,2628.99,553,3,0,553
2024-11-20 08:21:00,2629.0,2630.94,2628.6,2630.52,525,3,0,525
2024-11-20 08:24:00,2630.55,2631.66,2629.73,2631.39,412,3,0,412
2024-11-20 08:27:00,2631.39,2632.3,2630.87,2631.22,404,3,0,404
2024-11-20 08:30:00,2631.2,2631.58,2629.67,2630.16,510,3,0,510
2024-11-20 08:33:00,2630.17,2630.68,2629.13,2629.42,603,3,0,603
2024-11-20 08:36:00,2629.4,2631.32,2629.22,2630.73,478,3,0,478
2024-11-20 08:39:00,2630.73,2631.61,2630.73,2631.35,291,3,0,291
2024-11-20 08:42:00,2631.35,2631.63,2631.03,2631.12,186,3,0,186
2024-11-20 08:45:00,2631.12,2631.65,2630.94,2631.09,224,3,0,224
2024-11-20 08:48:00,2631.12,2631.13,2629.82,2629.82,337,3,0,337
2024-11-20 08:51:00,2629.85,2630.29,2629.51,2630.14,440,3,0,440
2024-11-20 08:54:00,2630.13,2630.43,2629.29,2629.36,369,3,0,369
2024-11-20 08:57:00,2629.36,2629.8,2628.69,2629.51,418,3,0,418
2024-11-20 09:00:00,2629.51,2630.14,2628.93,2629.25,391,3,0,391
2024-11-20 09:03:00,2629.17,2629.17,2627.92,2628.29,413,3,0,413
2024-11-20 09:06:00,2628.29,2629.05,2627.52,2627.65,426,3,0,426
2024-11-20 09:09:00,2627.65,2628.95,2627.46,2628.33,389,3,0,389
2024-11-20 09:12:00,2628.26,2629.63,2627.95,2629.42,355,3,0,355
2024-11-20 09:15:00,2629.42,2630.22,2629.27,2629.39,301,3,0,301
2024-11-20 09:18:00,2629.38,2629.62,2629.21,2629.32,215,3,0,215
2024-11-20 09:21:00,2629.33,2629.89,2628.1,2628.28,414,3,0,414
2024-11-20 09:24:00,2628.27,2628.56,2627.82,2627.9,375,3,0,375
2024-11-20 09:27:00,2627.89,2628.25,2625.74,2626.34,438,3,0,438
2024-11-20 09:30:00,2626.33,2627.1,2625.1,2625.25,530,3,0,530
2024-11-20 09:33:00,2625.25,2625.65,2623.36,2623.82,574,3,0,574
2024-11-20 09:36:00,2623.81,2624.97,2623.46,2624.06,350,3,0,350
2024-11-20 09:39:00,2624.03,2624.86,2623.52,2624.64,343,3,0,343
2024-11-20 09:42:00,2624.64,2625.67,2624.15,2624.37,336,3,0,336
2024-11-20 09:45:00,2624.35,2625.01,2624.18,2624.64,263,3,0,263
2024-11-20 09:48:00,2624.62,2625.31,2623.67,2623.67,297,3,0,297
2024-11-20 09:51:00,2623.67,2623.83,2622.88,2623.29,361,3,0,361
2024-11-20 09:54:00,2623.32,2624.08,2623.04,2623.04,368,3,0,368
2024-11-20 09:57:00,2622.78,2623.74,2621.21,2621.62,548,3,0,548
2024-11-20 10:00:00,2621.58,2621.58,2618.88,2619.86,658,3,0,658
2024-11-20 10:03:00,2619.79,2622.44,2619.79,2622.35,642,3,0,642
2024-11-20 10:06:00,2622.33,2622.91,2621.38,2622.03,547,3,0,547
2024-11-20 10:09:00,2622.02,2622.57,2621.25,2621.45,532,3,0,532
2024-11-20 10:12:00,2621.45,2623.76,2621.25,2623.1,401,3,0,401
2024-11-20 10:15:00,2623.09,2623.3,2622.1,2622.49,381,3,0,381
2024-11-20 10:18:00,2622.48,2623.36,2622.48,2622.9,347,3,0,347
2024-11-20 10:21:00,2622.97,2622.97,2621.27,2621.42,377,3,0,377
2024-11-20 10:24:00,2621.44,2622.67,2621.01,2622.67,410,3,0,410
2024-11-20 10:27:00,2622.65,2622.8,2621.63,2621.91,414,3,0,414
2024-11-20 10:30:00,2621.88,2622.29,2621.22,2622.09,408,3,0,408
2024-11-20 10:33:00,2622.1,2622.87,2621.85,2622.66,417,3,0,417
2024-11-20 10:36:00,2622.66,2623.65,2622.64,2623.03,433,3,0,433
2024-11-20 10:39:00,2623.02,2623.57,2622.8,2622.81,311,3,0,311
2024-11-20 10:42:00,2622.8,2622.94,2621.61,2621.85,339,3,0,339
2024-11-20 10:45:00,2621.85,2623.37,2621.85,2623.07,312,3,0,312
2024-11-20 10:48:00,2623.08,2623.82,2622.75,2623.65,221,3,0,221
2024-11-20 10:51:00,2623.66,2623.87,2623.16,2623.73,362,3,0,362
2024-11-20 10:54:00,2623.74,2624.53,2623.58,2624.5,358,3,0,358
2024-11-20 10:57:00,2624.49,2624.49,2623.45,2624.24,290,3,0,290
2024-11-20 11:00:00,2624.24,2624.5,2623.33,2624.3,520,3,0,520
2024-11-20 11:03:00,2624.31,2625.44,2624.1,2624.96,517,3,0,517
2024-11-20 11:06:00,2624.94,2625.48,2624.7,2625.15,513,3,0,513
2024-11-20 11:09:00,2625.15,2625.41,2624.66,2625.39,280,3,0,280
2024-11-20 11:12:00,2625.41,2625.72,2625.12,2625.47,272,3,0,272
2024-11-20 11:15:00,2625.47,2625.48,2624.43,2624.6,359,3,0,359
2024-11-20 11:18:00,2624.62,2625.13,2624.02,2625.12,305,3,0,305
2024-11-20 11:21:00,2625.15,2625.22,2623.16,2623.6,378,3,0,378
2024-11-20 11:24:00,2623.57,2623.72,2622.56,2622.57,353,3,0,353
2024-11-20 11:27:00,2622.58,2623.26,2621.7,2621.84,349,3,0,349
2024-11-20 11:30:00,2621.82,2622.69,2621.4,2622.39,365,3,0,365
2024-11-20 11:33:00,2622.38,2623.51,2622.2,2623.51,405,3,0,405
2024-11-20 11:36:00,2623.5,2623.93,2622.17,2622.61,397,3,0,397
2024-11-20 11:39:00,2622.62,2623.61,2622.31,2622.97,331,3,0,331
2024-11-20 11:42:00,2622.98,2623.55,2622.73,2622.8,303,3,0,303
2024-11-20 11:45:00,2622.78,2623.47,2622.6,2622.77,361,3,0,361
2024-11-20 11:48:00,2622.79,2623.2,2621.48,2621.59,385,3,0,385
2024-11-20 11:51:00,2621.61,2623.18,2621.27,2622.47,378,3,0,378
2024-11-20 11:54:00,2622.48,2623.0,2621.1,2621.29,444,3,0,444
2024-11-20 11:57:00,2621.3,2622.43,2621.1,2621.98,356,3,0,356
2024-11-20 12:00:00,2621.88,2622.92,2620.99,2622.86,342,3,0,342
2024-11-20 12:03:00,2622.86,2623.28,2621.52,2622.62,412,3,0,412
2024-11-20 12:06:00,2622.53,2622.71,2622.03,2622.33,195,3,0,195
2024-11-20 12:09:00,2622.31,2622.4,2621.92,2622.19,218,3,0,218
2024-11-20 12:12:00,2622.11,2623.38,2622.0,2623.38,215,3,0,215
2024-11-20 12:15:00,2623.38,2624.14,2623.03,2623.81,312,3,0,312
2024-11-20 12:18:00,2623.88,2624.17,2623.17,2624.08,241,3,0,241
2024-11-20 12:21:00,2624.05,2625.04,2623.89,2624.83,317,3,0,317
2024-11-20 12:24:00,2624.83,2626.23,2624.75,2625.79,342,3,0,342
2024-11-20 12:27:00,2625.79,2625.93,2624.45,2624.45,199,3,0,199
2024-11-20 12:30:00,2624.46,2624.79,2623.68,2624.28,353,3,0,353
2024-11-20 12:33:00,2624.28,2624.73,2622.76,2622.89,378,3,0,378
2024-11-20 12:36:00,2622.91,2624.71,2622.9,2624.36,340,3,0,340
2024-11-20 12:39:00,2624.32,2624.68,2623.77,2624.14,382,3,0,382
2024-11-20 12:42:00,2624.14,2624.56,2623.89,2624.26,204,3,0,204
2024-11-20 12:45:00,2624.25,2624.72,2622.64,2623.69,309,3,0,309
2024-11-20 12:48:00,2623.66,2624.34,2622.95,2623.94,470,3,0,470
2024-11-20 12:51:00,2623.93,2625.09,2623.28,2624.24,274,3,0,274
2024-11-20 12:54:00,2624.23,2624.86,2623.86,2624.75,162,3,0,162
2024-11-20 12:57:00,2624.77,2625.59,2624.76,2625.15,294,3,0,294
2024-11-20 13:00:00,2625.15,2625.45,2624.73,2625.04,260,3,0,260
2024-11-20 13:03:00,2625.05,2625.35,2624.01,2624.5,236,3,0,236
2024-11-20 13:06:00,2624.48,2625.14,2624.32,2625.03,191,3,0,191
2024-11-20 13:09:00,2625.03,2625.25,2623.66,2623.66,176,3,0,176
2024-11-20 13:12:00,2623.66,2623.84,2622.61,2622.87,315,3,0,315
2024-11-20 13:15:00,2622.79,2623.13,2621.49,2621.87,350,3,0,350
2024-11-20 13:18:00,2621.87,2622.49,2621.85,2622.43,232,3,0,232
2024-11-20 13:21:00,2622.44,2622.44,2621.73,2622.22,353,3,0,353
2024-11-20 13:24:00,2622.22,2624.01,2621.87,2623.8,364,3,0,364
2024-11-20 13:27:00,2623.79,2624.37,2623.73,2624.01,334,3,0,334
2024-11-20 13:30:00,2624.01,2625.29,2623.6,2624.46,443,3,0,443
2024-11-20 13:33:00,2624.48,2624.87,2623.94,2624.15,403,3,0,403
2024-11-20 13:36:00,2624.14,2624.47,2622.3,2622.48,430,3,0,430
2024-11-20 13:39:00,2622.49,2624.25,2622.28,2624.18,396,3,0,396
2024-11-20 13:42:00,2624.19,2624.93,2623.52,2623.71,260,3,0,260
2024-11-20 13:45:00,2623.69,2624.64,2623.17,2624.02,292,3,0,292
2024-11-20 13:48:00,2624.01,2625.29,2623.81,2625.2,343,3,0,343
2024-11-20 13:51:00,2625.24,2625.69,2624.73,2625.2,330,3,0,330
2024-11-20 13:54:00,2625.14,2628.17,2625.11,2627.7,432,3,0,432
2024-11-20 13:57:00,2627.7,2628.18,2627.05,2628.13,330,3,0,330
2024-11-20 14:00:00,2628.13,2629.96,2628.04,2628.97,511,3,0,511
2024-11-20 14:03:00,2628.96,2629.5,2628.39,2629.37,417,3,0,417
2024-11-20 14:06:00,2629.37,2630.25,2629.05,2629.49,336,3,0,336
2024-11-20 14:09:00,2629.47,2630.43,2629.27,2629.81,450,3,0,450
2024-11-20 14:12:00,2629.81,2630.14,2628.24,2628.65,423,3,0,423
2024-11-20 14:15:00,2628.64,2629.66,2628.53,2629.3,358,3,0,358
2024-11-20 14:18:00,2629.31,2629.66,2628.29,2628.37,289,3,0,289
2024-11-20 14:21:00,2628.38,2628.65,2627.54,2628.21,409,3,0,409
2024-11-20 14:24:00,2628.22,2628.64,2627.11,2628.64,319,3,0,319
2024-11-20 14:27:00,2628.64,2628.69,2627.51,2628.47,287,3,0,287
2024-11-20 14:30:00,2628.49,2629.41,2627.91,2627.91,327,3,0,327
2024-11-20 14:33:00,2627.92,2629.0,2627.13,2628.52,364,3,0,364
2024-11-20 14:36:00,2628.52,2628.91,2627.9,2628.52,284,3,0,284
2024-11-20 14:39:00,2628.54,2629.87,2628.5,2629.67,310,3,0,310
2024-11-20 14:42:00,2629.68,2631.82,2629.68,2631.67,448,3,0,448
2024-11-20 14:45:00,2631.67,2632.46,2631.17,2631.44,562,3,0,562
2024-11-20 14:48:00,2631.45,2631.74,2630.75,2630.84,384,3,0,384
2024-11-20 14:51:00,2630.83,2630.98,2630.26,2630.68,295,3,0,295
2024-11-20 14:54:00,2630.71,2631.63,2630.37,2631.25,385,3,0,385
2024-11-20 14:57:00,2631.26,2632.31,2631.19,2631.91,446,3,0,446
2024-11-20 15:00:00,2631.92,2633.3,2631.19,2633.29,702,3,0,702
2024-11-20 15:03:00,2633.29,2633.91,2632.24,2632.81,698,3,0,698
2024-11-20 15:06:00,2632.83,2635.36,2632.67,2635.34,699,3,0,699
2024-11-20 15:09:00,2635.34,2635.63,2634.24,2635.29,615,3,0,615
2024-11-20 15:12:00,2635.3,2635.41,2634.17,2634.59,503,3,0,503
2024-11-20 15:15:00,2634.59,2634.98,2633.93,2634.72,406,3,0,406
2024-11-20 15:18:00,2634.73,2637.01,2634.33,2637.01,656,3,0,656
2024-11-20 15:21:00,2636.98,2639.2,2636.82,2638.21,775,3,0,775
2024-11-20 15:24:00,2638.19,2640.57,2637.91,2639.97,751,3,0,751
2024-11-20 15:27:00,2639.94,2640.17,2637.56,2637.6,528,3,0,528
2024-11-20 15:30:00,2637.6,2638.8,2636.51,2638.39,575,3,0,575
2024-11-20 15:33:00,2638.36,2639.51,2638.09,2638.29,334,3,0,334
2024-11-20 15:36:00,2638.36,2639.01,2637.6,2638.63,436,3,0,436
2024-11-20 15:39:00,2638.64,2638.64,2637.52,2637.55,457,3,0,457
2024-11-20 15:42:00,2637.54,2637.74,2635.02,2635.73,600,3,0,600
2024-11-20 15:45:00,2635.72,2636.23,2633.46,2634.6,569,3,0,569
2024-11-20 15:48:00,2634.61,2635.39,2634.04,2634.48,437,3,0,437
2024-11-20 15:51:00,2634.49,2636.03,2634.08,2635.22,398,3,0,398
2024-11-20 15:54:00,2635.21,2636.31,2635.21,2635.4,294,3,0,294
2024-11-20 15:57:00,2635.5,2636.25,2635.19,2636.14,448,3,0,448
2024-11-20 16:00:00,2636.15,2636.67,2634.23,2634.7,580,3,0,580
2024-11-20 16:03:00,2634.63,2635.75,2634.22,2635.57,530,3,0,530
2024-11-20 16:06:00,2635.58,2637.24,2635.46,2637.24,436,3,0,436
2024-11-20 16:09:00,2637.24,2638.06,2636.85,2638.05,392,3,0,392
2024-11-20 16:12:00,2638.06,2639.41,2638.05,2638.76,629,3,0,629
2024-11-20 16:15:00,2638.75,2639.23,2635.98,2636.48,643,3,0,643
2024-11-20 16:18:00,2636.48,2637.52,2635.58,2636.95,517,3,0,517
2024-11-20 16:21:00,2636.85,2641.61,2636.85,2640.09,585,3,0,585
2024-11-20 16:24:00,2640.1,2641.24,2638.79,2639.28,686,3,0,686
2024-11-20 16:27:00,2639.29,2640.46,2638.52,2639.25,588,3,0,588
2024-11-20 16:30:00,2639.25,2639.39,2636.94,2639.28,589,3,0,589
2024-11-20 16:33:00,2639.33,2643.65,2639.11,2643.63,644,3,0,644
2024-11-20 16:36:00,2643.64,2645.75,2643.06,2644.06,791,3,0,791
2024-11-20 16:39:00,2644.06,2645.23,2642.65,2643.47,591,3,0,591
2024-11-20 16:42:00,2643.49,2646.3,2642.96,2645.66,747,3,0,747
2024-11-20 16:45:00,2645.66,2646.42,2643.01,2644.94,545,3,0,545
2024-11-20 16:48:00,2644.89,2645.18,2642.01,2642.19,472,3,0,472
2024-11-20 16:51:00,2642.19,2643.33,2641.98,2642.41,418,3,0,418
2024-11-20 16:54:00,2642.4,2642.73,2640.7,2641.99,567,3,0,567
2024-11-20 16:57:00,2642.04,2643.87,2641.69,2643.19,531,3,0,531
2024-11-20 17:00:00,2643.17,2644.02,2640.9,2642.28,617,3,0,617
2024-11-20 17:03:00,2642.28,2643.53,2641.94,2643.53,402,3,0,402
2024-11-20 17:06:00,2643.54,2645.71,2643.44,2644.97,542,3,0,542
2024-11-20 17:09:00,2644.96,2646.89,2644.91,2645.69,622,3,0,622
2024-11-20 17:12:00,2645.59,2647.37,2645.41,2647.12,593,3,0,593
2024-11-20 17:15:00,2647.03,2648.87,2647.03,2648.4,705,3,0,705
2024-11-20 17:18:00,2648.33,2648.58,2646.66,2647.87,480,3,0,480
2024-11-20 17:21:00,2647.87,2648.19,2646.67,2647.29,366,3,0,366
2024-11-20 17:24:00,2647.29,2647.29,2644.35,2645.04,471,3,0,471
2024-11-20 17:27:00,2645.03,2646.47,2644.74,2646.05,449,3,0,449
2024-11-20 17:30:00,2646.08,2646.1,2643.35,2644.65,567,3,0,567
2024-11-20 17:33:00,2644.65,2647.03,2644.64,2646.52,643,3,0,643
2024-11-20 17:36:00,2646.52,2647.12,2644.46,2644.47,610,3,0,610
2024-11-20 17:39:00,2644.48,2645.81,2643.41,2644.89,567,3,0,567
2024-11-20 17:42:00,2644.88,2645.53,2643.6,2644.22,632,3,0,632
2024-11-20 17:45:00,2644.22,2645.08,2643.63,2644.98,388,3,0,388
2024-11-20 17:48:00,2644.98,2645.09,2643.58,2643.79,313,3,0,313
2024-11-20 17:51:00,2643.79,2645.09,2643.79,2645.09,325,3,0,325
2024-11-20 17:54:00,2645.08,2647.22,2645.07,2647.19,446,3,0,446
2024-11-20 17:57:00,2647.19,2648.93,2647.12,2648.93,441,3,0,441
2024-11-20 18:00:00,2648.93,2649.18,2647.35,2648.24,577,3,0,577
2024-11-20 18:03:00,2648.24,2649.99,2647.91,2649.36,544,3,0,544
2024-11-20 18:06:00,2649.28,2649.39,2647.52,2649.03,475,3,0,475
2024-11-20 18:09:00,2649.02,2649.31,2646.96,2647.6,514,3,0,514
2024-11-20 18:12:00,2647.55,2648.09,2646.22,2647.21,374,3,0,374
2024-11-20 18:15:00,2647.21,2649.12,2647.01,2647.77,430,3,0,430
2024-11-20 18:18:00,2647.78,2648.86,2647.72,2648.18,390,3,0,390
2024-11-20 18:21:00,2648.19,2649.92,2647.89,2649.5,355,3,0,355
2024-11-20 18:24:00,2649.55,2649.9,2648.45,2649.76,549,3,0,549
2024-11-20 18:27:00,2649.76,2649.96,2649.5,2649.81,391,3,0,391
2024-11-20 18:30:00,2649.8,2650.16,2649.09,2649.34,378,3,0,378
2024-11-20 18:33:00,2649.3,2649.84,2648.8,2648.89,447,3,0,447
2024-11-20 18:36:00,2648.87,2650.05,2648.57,2648.58,402,3,0,402
2024-11-20 18:39:00,2648.57,2650.03,2648.0,2648.6,385,3,0,385
2024-11-20 18:42:00,2648.64,2649.21,2647.74,2649.02,271,3,0,271
2024-11-20 18:45:00,2649.03,2650.03,2648.6,2649.78,335,3,0,335
2024-11-20 18:48:00,2649.77,2650.23,2649.47,2649.87,320,3,0,320
2024-11-20 18:51:00,2649.87,2650.83,2649.84,2650.51,323,3,0,323
2024-11-20 18:54:00,2650.5,2650.77,2649.77,2650.44,388,3,0,388
2024-11-20 18:57:00,2650.45,2650.84,2650.0,2650.65,316,3,0,316
2024-11-20 19:00:00,2650.65,2651.4,2650.42,2650.98,405,3,0,405
2024-11-20 19:03:00,2651.04,2652.04,2650.99,2651.88,412,3,0,412
2024-11-20 19:06:00,2651.91,2653.42,2651.8,2653.25,439,3,0,439
2024-11-20 19:09:00,2653.26,2654.46,2653.14,2654.12,563,3,0,563
2024-11-20 19:12:00,2654.12,2655.46,2654.12,2654.65,500,3,0,500
2024-11-20 19:15:00,2654.65,2654.93,2652.68,2652.85,429,3,0,429
2024-11-20 19:18:00,2652.87,2653.03,2651.21,2651.26,431,3,0,431
2024-11-20 19:21:00,2651.24,2652.16,2651.24,2651.6,290,3,0,290
2024-11-20 19:24:00,2651.61,2651.64,2650.25,2650.32,371,3,0,371
2024-11-20 19:27:00,2650.32,2651.24,2649.71,2650.1,295,3,0,295
2024-11-20 19:30:00,2650.17,2651.18,2649.3,2650.23,347,3,0,347
2024-11-20 19:33:00,2650.3,2650.94,2649.86,2650.67,288,3,0,288
2024-11-20 19:36:00,2650.67,2652.05,2650.67,2652.01,297,3,0,297
2024-11-20 19:39:00,2651.95,2652.03,2650.66,2651.4,286,3,0,286
2024-11-20 19:42:00,2651.44,2651.77,2650.44,2650.89,312,3,0,312
2024-11-20 19:45:00,2650.89,2651.7,2649.87,2650.08,319,3,0,319
2024-11-20 19:48:00,2650.0,2650.91,2649.39,2650.7,360,3,0,360
2024-11-20 19:51:00,2650.63,2652.35,2650.39,2652.35,371,3,0,371
2024-11-20 19:54:00,2652.34,2652.37,2651.69,2652.12,345,3,0,345
2024-11-20 19:57:00,2652.17,2652.56,2651.64,2651.86,356,3,0,356
2024-11-20 20:00:00,2651.86,2652.11,2649.54,2650.46,393,3,0,393
2024-11-20 20:03:00,2650.46,2650.74,2649.82,2650.33,328,3,0,328
2024-11-20 20:06:00,2650.33,2651.2,2649.98,2650.09,232,3,0,232
2024-11-20 20:09:00,2650.08,2650.63,2649.81,2650.03,254,3,0,254
2024-11-20 20:12:00,2650.01,2650.26,2648.94,2649.02,323,3,0,323
2024-11-20 20:15:00,2649.02,2649.14,2648.25,2648.47,399,3,0,399
2024-11-20 20:18:00,2648.46,2648.74,2647.86,2648.54,321,3,0,321
2024-11-20 20:21:00,2648.54,2648.87,2645.85,2647.54,626,3,0,626
2024-11-20 20:24:00,2647.53,2647.53,2645.53,2647.25,428,3,0,428
2024-11-20 20:27:00,2647.26,2648.82,2647.15,2648.1,597,3,0,597
2024-11-20 20:30:00,2648.1,2648.6,2647.49,2647.9,275,3,0,275
2024-11-20 20:33:00,2647.89,2649.02,2647.48,2648.47,312,3,0,312
2024-11-20 20:36:00,2648.47,2649.31,2647.37,2647.57,306,3,0,306
2024-11-20 20:39:00,2647.56,2648.19,2647.37,2648.09,308,3,0,308
2024-11-20 20:42:00,2648.09,2648.09,2646.67,2647.69,196,3,0,196
2024-11-20 20:45:00,2647.68,2648.2,2646.99,2648.2,233,3,0,233
2024-11-20 20:48:00,2648.19,2648.89,2647.97,2648.58,237,3,0,237
2024-11-20 20:51:00,2648.58,2648.95,2648.09,2648.09,213,3,0,213
2024-11-20 20:54:00,2648.09,2649.15,2647.79,2649.08,225,3,0,225
2024-11-20 20:57:00,2649.07,2649.37,2648.28,2648.62,247,3,0,247
2024-11-20 21:00:00,2648.65,2649.48,2648.49,2649.09,319,3,0,319
2024-11-20 21:03:00,2649.08,2650.76,2648.95,2650.27,323,3,0,323
2024-11-20 21:06:00,2650.27,2650.34,2649.4,2649.4,287,3,0,287
2024-11-20 21:09:00,2649.45,2650.4,2649.29,2650.2,239,3,0,239
2024-11-20 21:12:00,2650.23,2650.41,2649.59,2649.88,157,3,0,157
2024-11-20 21:15:00,2649.96,2650.78,2649.95,2650.26,202,3,0,202
2024-11-20 21:18:00,2650.27,2651.23,2650.16,2651.04,179,3,0,179
2024-11-20 21:21:00,2651.07,2651.14,2650.48,2650.76,168,3,0,168
2024-11-20 21:24:00,2650.74,2651.43,2650.28,2650.37,241,3,0,241
2024-11-20 21:27:00,2650.42,2650.57,2649.78,2650.07,231,3,0,231
2024-11-20 21:30:00,2649.99,2650.28,2649.69,2649.79,170,3,0,170
2024-11-20 21:33:00,2649.78,2650.49,2649.47,2650.49,201,3,0,201
2024-11-20 21:36:00,2650.49,2651.68,2650.49,2651.54,196,3,0,196
2024-11-20 21:39:00,2651.57,2652.83,2651.47,2652.04,288,3,0,288
2024-11-20 21:42:00,2652.03,2653.16,2652.0,2653.01,274,3,0,274
2024-11-20 21:45:00,2653.02,2653.1,2652.29,2652.43,267,3,0,267
2024-11-20 21:48:00,2652.44,2652.61,2651.75,2652.33,264,3,0,264
2024-11-20 21:51:00,2652.32,2652.34,2651.53,2651.64,218,3,0,218
2024-11-20 21:54:00,2651.63,2652.01,2651.01,2651.02,223,3,0,223
2024-11-20 21:57:00,2651.0,2651.52,2650.65,2650.95,257,3,0,257
2024-11-20 22:00:00,2650.93,2650.93,2649.93,2650.22,299,3,0,299
2024-11-20 22:03:00,2650.21,2650.65,2649.93,2650.61,278,3,0,278
2024-11-20 22:06:00,2650.63,2651.27,2650.28,2650.28,186,3,0,186
2024-11-20 22:09:00,2650.31,2651.19,2650.18,2650.21,239,3,0,239
2024-11-20 22:12:00,2650.21,2650.8,2650.02,2650.61,111,3,0,111
2024-11-20 22:15:00,2650.62,2650.82,2649.98,2649.98,131,3,0,131
2024-11-20 22:18:00,2649.97,2650.01,2648.73,2649.11,242,3,0,242
2024-11-20 22:21:00,2649.07,2649.94,2649.02,2649.94,212,3,0,212
2024-11-20 22:24:00,2649.94,2650.54,2648.64,2648.99,258,3,0,258
2024-11-20 22:27:00,2649.01,2649.13,2648.33,2648.7,210,3,0,210
2024-11-20 22:30:00,2648.7,2649.22,2648.11,2648.57,228,3,0,228
2024-11-20 22:33:00,2648.58,2649.04,2647.89,2648.46,332,3,0,332
2024-11-20 22:36:00,2648.48,2648.95,2647.97,2648.65,306,3,0,306
2024-11-20 22:39:00,2648.67,2648.87,2648.19,2648.86,209,3,0,209
2024-11-20 22:42:00,2648.87,2649.48,2647.27,2647.57,378,3,0,378
2024-11-20 22:45:00,2647.56,2648.15,2647.38,2648.07,287,3,0,287
2024-11-20 22:48:00,2648.05,2648.77,2647.78,2647.99,288,3,0,288
2024-11-20 22:51:00,2648.0,2648.07,2647.35,2648.05,255,3,0,255
2024-11-20 22:54:00,2648.02,2648.5,2647.77,2647.9,258,3,0,258
2024-11-20 22:57:00,2647.91,2649.73,2647.91,2648.97,406,3,0,406
2024-11-20 23:00:00,2648.94,2649.31,2648.05,2648.25,196,3,0,196
2024-11-20 23:03:00,2648.29,2648.93,2648.16,2648.67,112,3,0,112
2024-11-20 23:06:00,2648.7,2648.99,2648.57,2648.97,60,3,0,60
2024-11-20 23:09:00,2648.97,2649.67,2648.96,2649.49,127,3,0,127
2024-11-20 23:12:00,2649.49,2649.66,2648.94,2649.03,124,3,0,124
2024-11-20 23:15:00,2649.06,2649.31,2648.67,2649.3,140,3,0,140
2024-11-20 23:18:00,2649.32,2650.16,2649.28,2649.63,236,3,0,236
2024-11-20 23:21:00,2649.63,2650.44,2649.39,2650.14,259,3,0,259
2024-11-20 23:24:00,2650.16,2650.36,2649.66,2649.96,239,3,0,239
2024-11-20 23:27:00,2649.96,2650.27,2649.94,2650.04,158,3,0,158
2024-11-20 23:30:00,2649.96,2649.96,2648.28,2648.47,162,3,0,162
2024-11-20 23:33:00,2648.43,2649.56,2648.4,2649.15,106,3,0,106
2024-11-20 23:36:00,2649.16,2649.16,2648.85,2649.08,70,3,0,70
2024-11-20 23:39:00,2649.08,2649.64,2649.06,2649.64,90,3,0,90
2024-11-20 23:42:00,2649.66,2650.36,2649.66,2650.16,94,3,0,94
2024-11-20 23:45:00,2650.16,2650.55,2649.86,2649.87,89,3,0,89
2024-11-20 23:48:00,2649.87,2650.44,2649.57,2650.16,120,3,0,120
2024-11-20 23:51:00,2650.16,2650.26,2649.35,2649.55,71,3,0,71
2024-11-20 23:54:00,2649.54,2649.92,2649.34,2649.85,99,3,0,99
2024-11-20 23:57:00,2649.82,2650.23,2649.67,2650.23,63,3,0,63
2024-11-21 01:00:00,2649.4,2651.09,2649.31,2649.74,132,3,0,132
2024-11-21 01:03:00,2649.76,2650.03,2649.27,2649.36,105,3,0,105
2024-11-21 01:06:00,2649.4,2649.57,2649.2,2649.2,62,3,0,62
2024-11-21 01:09:00,2649.21,2649.86,2649.16,2649.85,115,3,0,115
2024-11-21 01:12:00,2649.73,2649.73,2648.9,2648.9,93,3,0,93
2024-11-21 01:15:00,2648.91,2649.5,2648.91,2649.31,62,3,0,62
2024-11-21 01:18:00,2649.33,2649.63,2649.3,2649.52,88,3,0,88
2024-11-21 01:21:00,2649.54,2650.02,2649.36,2649.89,97,3,0,97
2024-11-21 01:24:00,2649.88,2649.92,2649.59,2649.82,94,3,0,94
2024-11-21 01:27:00,2649.82,2650.12,2649.52,2649.71,71,3,0,71
2024-11-21 01:30:00,2649.71,2650.45,2649.71,2650.44,71,3,0,71
2024-11-21 01:33:00,2650.44,2650.74,2650.25,2650.74,49,3,0,49
2024-11-21 01:36:00,2650.74,2650.93,2650.66,2650.85,44,3,0,44
2024-11-21 01:39:00,2650.87,2652.55,2650.87,2652.14,154,3,0,154
2024-11-21 01:42:00,2652.21,2652.21,2651.71,2651.88,85,3,0,85
2024-11-21 01:45:00,2651.93,2652.94,2651.93,2652.19,113,3,0,113
2024-11-21 01:48:00,2652.26,2652.94,2652.26,2652.72,108,3,0,108
2024-11-21 01:51:00,2652.71,2652.84,2651.94,2652.76,93,3,0,93
2024-11-21 01:54:00,2652.66,2652.66,2652.09,2652.11,79,3,0,79
2024-11-21 01:57:00,2652.13,2652.53,2651.98,2652.2,75,3,0,75
2024-11-21 02:00:00,2652.2,2652.65,2652.19,2652.39,91,3,0,91
2024-11-21 02:03:00,2652.42,2652.81,2652.16,2652.69,123,3,0,123
2024-11-21 02:06:00,2652.69,2653.09,2651.82,2652.29,176,3,0,176
2024-11-21 02:09:00,2652.28,2652.61,2651.85,2651.93,194,3,0,194
2024-11-21 02:12:00,2651.94,2652.59,2651.93,2652.05,159,3,0,159
2024-11-21 02:15:00,2652.05,2652.86,2652.05,2652.73,207,3,0,207
2024-11-21 02:18:00,2652.73,2653.74,2652.72,2653.72,179,3,0,179
2024-11-21 02:21:00,2653.72,2654.82,2653.71,2654.61,216,3,0,216
2024-11-21 02:24:00,2654.62,2654.71,2654.01,2654.47,175,3,0,175
2024-11-21 02:27:00,2654.47,2654.51,2653.62,2653.9,167,3,0,167
2024-11-21 02:30:00,2653.92,2655.71,2653.92,2655.67,174,3,0,174
2024-11-21 02:33:00,2655.65,2656.53,2655.6,2656.09,264,3,0,264
2024-11-21 02:36:00,2656.09,2656.95,2656.06,2656.75,233,3,0,233
2024-11-21 02:39:00,2656.74,2657.41,2656.73,2657.04,191,3,0,191
2024-11-21 02:42:00,2657.09,2658.31,2656.94,2657.68,168,3,0,168
2024-11-21 02:45:00,2657.72,2658.25,2657.62,2658.18,142,3,0,142
2024-11-21 02:48:00,2658.15,2658.52,2657.78,2657.91,263,3,0,263
2024-11-21 02:51:00,2657.91,2658.58,2657.89,2658.43,308,3,0,308
2024-11-21 02:54:00,2658.42,2658.82,2658.15,2658.15,263,3,0,263
2024-11-21 02:57:00,2658.16,2658.61,2657.64,2658.52,310,3,0,310
2024-11-21 03:00:00,2658.52,2660.5,2657.6,2657.9,718,3,0,718
2024-11-21 03:03:00,2657.9,2657.91,2655.98,2656.03,558,3,0,558
2024-11-21 03:06:00,2656.03,2656.53,2654.81,2654.96,467,3,0,467
2024-11-21 03:09:00,2654.96,2656.21,2654.96,2655.74,425,3,0,425
2024-11-21 03:12:00,2655.74,2656.08,2654.93,2655.0,328,3,0,328
2024-11-21 03:15:00,2655.0,2655.97,2654.42,2655.49,429,3,0,429
2024-11-21 03:18:00,2655.47,2655.86,2653.92,2654.64,455,3,0,455
2024-11-21 03:21:00,2654.65,2655.39,2654.26,2654.46,359,3,0,359
2024-11-21 03:24:00,2654.46,2654.67,2653.12,2654.1,374,3,0,374
2024-11-21 03:27:00,2654.11,2654.11,2653.39,2653.74,336,3,0,336
2024-11-21 03:30:00,2653.76,2654.04,2653.34,2653.55,337,3,0,337
2024-11-21 03:33:00,2653.56,2656.02,2653.54,2656.02,392,3,0,392
2024-11-21 03:36:00,2656.02,2657.16,2655.1,2655.11,442,3,0,442
2024-11-21 03:39:00,2655.15,2656.85,2654.9,2656.3,305,3,0,305
2024-11-21 03:42:00,2656.28,2656.33,2655.31,2655.48,298,3,0,298
2024-11-21 03:45:00,2655.51,2655.78,2654.59,2655.0,266,3,0,266
2024-11-21 03:48:00,2654.91,2654.99,2653.95,2653.97,333,3,0,333
2024-11-21 03:51:00,2654.01,2655.6,2653.81,2654.99,451,3,0,451
2024-11-21 03:54:00,2654.99,2655.56,2653.11,2653.15,448,3,0,448
2024-11-21 03:57:00,2653.17,2653.82,2651.91,2653.45,494,3,0,494
2024-11-21 04:00:00,2653.45,2654.29,2652.64,2654.1,452,3,0,452
2024-11-21 04:03:00,2654.1,2656.74,2654.07,2656.64,368,3,0,368
2024-11-21 04:06:00,2656.64,2658.21,2656.52,2656.91,401,3,0,401
2024-11-21 04:09:00,2656.91,2657.88,2656.39,2656.48,272,3,0,272
2024-11-21 04:12:00,2656.56,2656.69,2655.91,2656.5,287,3,0,287
2024-11-21 04:15:00,2656.43,2656.9,2656.18,2656.18,226,3,0,226
2024-11-21 04:18:00,2656.18,2656.6,2655.7,2656.1,196,3,0,196
2024-11-21 04:21:00,2656.11,2656.49,2655.79,2655.99,116,3,0,116
2024-11-21 04:24:00,2656.0,2656.59,2655.8,2656.5,126,3,0,126
2024-11-21 04:27:00,2656.55,2657.05,2656.4,2656.5,151,3,0,151
2024-11-21 04:30:00,2656.5,2657.83,2656.4,2657.13,343,3,0,343
2024-11-21 04:33:00,2657.14,2657.45,2656.77,2656.86,305,3,0,305
2024-11-21 04:36:00,2656.87,2658.0,2656.87,2657.27,294,3,0,294
2024-11-21 04:39:00,2657.31,2657.47,2656.48,2656.69,308,3,0,308
2024-11-21 04:42:00,2656.69,2656.72,2655.43,2655.51,334,3,0,334
2024-11-21 04:45:00,2655.5,2656.05,2655.0,2656.04,255,3,0,255
2024-11-21 04:48:00,2656.06,2656.77,2656.06,2656.19,209,3,0,209
2024-11-21 04:51:00,2656.1,2656.32,2655.28,2655.37,185,3,0,185
2024-11-21 04:54:00,2655.4,2655.72,2655.0,2655.23,273,3,0,273
2024-11-21 04:57:00,2655.23,2655.4,2653.53,2653.75,230,3,0,230
2024-11-21 05:00:00,2653.69,2653.73,2650.47,2651.28,485,3,0,485
2024-11-21 05:03:00,2651.3,2652.83,2651.29,2652.31,461,3,0,461
2024-11-21 05:06:00,2652.29,2652.63,2651.78,2652.19,372,3,0,372
2024-11-21 05:09:00,2652.19,2652.45,2651.22,2651.98,377,3,0,377
2024-11-21 05:12:00,2651.96,2652.78,2651.81,2652.39,412,3,0,412
2024-11-21 05:15:00,2652.4,2652.98,2652.04,2652.78,251,3,0,251
2024-11-21 05:18:00,2652.78,2653.53,2652.78,2653.23,315,3,0,315
2024-11-21 05:21:00,2653.24,2653.51,2652.92,2653.24,299,3,0,299
2024-11-21 05:24:00,2653.24,2654.71,2653.24,2654.71,256,3,0,256
2024-11-21 05:27:00,2654.7,2654.89,2653.83,2654.2,352,3,0,352
2024-11-21 05:30:00,2654.11,2654.2,2653.2,2654.2,167,3,0,167
2024-11-21 05:33:00,2654.22,2654.99,2654.21,2654.89,152,3,0,152
2024-11-21 05:36:00,2654.91,2655.3,2654.75,2655.12,175,3,0,175
2024-11-21 05:39:00,2655.19,2655.51,2654.98,2655.47,84,3,0,84
2024-11-21 05:42:00,2655.49,2655.73,2655.29,2655.31,124,3,0,124
2024-11-21 05:45:00,2655.37,2656.07,2655.34,2655.79,128,3,0,128
2024-11-21 05:48:00,2655.78,2656.13,2655.32,2656.04,163,3,0,163
2024-11-21 05:51:00,2656.04,2656.71,2655.57,2656.66,199,3,0,199
2024-11-21 05:54:00,2656.64,2657.23,2656.34,2657.1,190,3,0,190
2024-11-21 05:57:00,2657.1,2657.18,2656.73,2656.93,199,3,0,199
2024-11-21 06:00:00,2656.93,2657.97,2656.85,2657.54,201,3,0,201
2024-11-21 06:03:00,2657.56,2657.91,2657.56,2657.59,156,3,0,156
2024-11-21 06:06:00,2657.6,2657.88,2657.11,2657.14,157,3,0,157
2024-11-21 06:09:00,2657.15,2657.89,2657.09,2657.86,191,3,0,191
2024-11-21 06:12:00,2657.86,2658.01,2657.05,2657.26,176,3,0,176
2024-11-21 06:15:00,2657.24,2657.61,2657.05,2657.37,143,3,0,143
2024-11-21 06:18:00,2657.36,2657.51,2657.19,2657.32,92,3,0,92
2024-11-21 06:21:00,2657.34,2657.61,2657.1,2657.42,99,3,0,99
2024-11-21 06:24:00,2657.41,2657.77,2657.21,2657.34,123,3,0,123
2024-11-21 06:27:00,2657.34,2657.61,2657.11,2657.41,76,3,0,76
2024-11-21 06:30:00,2657.42,2657.96,2657.36,2657.46,142,3,0,142
2024-11-21 06:33:00,2657.43,2657.88,2657.27,2657.83,80,3,0,80
2024-11-21 06:36:00,2657.8,2657.97,2657.51,2657.87,123,3,0,123
2024-11-21 06:39:00,2657.87,2657.95,2657.56,2657.77,78,3,0,78
2024-11-21 06:42:00,2657.78,2658.95,2657.78,2658.49,228,3,0,228
2024-11-21 06:45:00,2658.5,2658.74,2657.99,2658.02,143,3,0,143
2024-11-21 06:48:00,2658.02,2658.35,2657.64,2657.64,151,3,0,151
2024-11-21 06:51:00,2657.64,2657.72,2657.26,2657.26,147,3,0,147
2024-11-21 06:54:00,2657.38,2657.91,2657.13,2657.13,194,3,0,194
2024-11-21 06:57:00,2657.11,2657.38,2656.9,2656.97,177,3,0,177
2024-11-21 07:00:00,2656.97,2657.03,2656.42,2656.55,233,3,0,233
2024-11-21 07:03:00,2656.55,2657.6,2656.49,2657.47,149,3,0,149
2024-11-21 07:06:00,2657.47,2657.68,2657.13,2657.54,215,3,0,215
2024-11-21 07:09:00,2657.55,2657.76,2657.1,2657.46,204,3,0,204
2024-11-21 07:12:00,2657.46,2657.58,2655.5,2655.9,310,3,0,310
2024-11-21 07:15:00,2655.91,2655.91,2655.27,2655.42,229,3,0,229
2024-11-21 07:18:00,2655.41,2655.47,2654.64,2654.93,175,3,0,175
2024-11-21 07:21:00,2654.94,2656.11,2654.93,2655.83,163,3,0,163
2024-11-21 07:24:00,2655.81,2656.4,2655.39,2655.96,190,3,0,190
2024-11-21 07:27:00,2655.95,2656.11,2655.55,2655.98,157,3,0,157
2024-11-21 07:30:00,2656.02,2656.56,2655.44,2655.58,376,3,0,376
2024-11-21 07:33:00,2655.58,2655.77,2654.96,2655.35,316,3,0,316
2024-11-21 07:36:00,2655.35,2655.74,2654.79,2655.57,272,3,0,272
2024-11-21 07:39:00,2655.57,2655.66,2654.8,2655.13,278,3,0,278
2024-11-21 07:42:00,2655.17,2657.15,2655.14,2657.15,410,3,0,410
2024-11-21 07:45:00,2657.25,2657.97,2657.15,2657.47,430,3,0,430
2024-11-21 07:48:00,2657.47,2657.88,2656.84,2657.87,208,3,0,208
2024-11-21 07:51:00,2657.87,2658.18,2657.26,2657.34,263,3,0,263
2024-11-21 07:54:00,2657.34,2657.34,2656.11,2656.73,308,3,0,308
2024-11-21 07:57:00,2656.7,2657.09,2656.31,2656.95,164,3,0,164
2024-11-21 08:00:00,2656.95,2657.91,2656.57,2657.51,297,3,0,297
2024-11-21 08:03:00,2657.42,2658.2,2656.98,2657.28,234,3,0,234
2024-11-21 08:06:00,2657.21,2657.54,2656.66,2657.38,352,3,0,352
2024-11-21 08:09:00,2657.4,2658.74,2657.4,2658.74,343,3,0,343
2024-11-21 08:12:00,2658.73,2659.48,2658.45,2659.48,360,3,0,360
2024-11-21 08:15:00,2659.45,2660.36,2659.36,2660.3,361,3,0,361
2024-11-21 08:18:00,2660.3,2661.62,2660.23,2661.1,419,3,0,419
2024-11-21 08:21:00,2661.09,2661.21,2659.04,2659.14,336,3,0,336
2024-11-21 08:24:00,2659.09,2660.41,2659.09,2659.89,346,3,0,346
2024-11-21 08:27:00,2659.88,2660.49,2659.3,2660.47,334,3,0,334
2024-11-21 08:30:00,2660.49,2660.66,2659.3,2659.49,390,3,0,390
2024-11-21 08:33:00,2659.49,2660.0,2658.87,2658.98,290,3,0,290
2024-11-21 08:36:00,2658.97,2660.46,2658.87,2659.86,441,3,0,441
2024-11-21 08:39:00,2659.88,2660.78,2659.8,2660.71,385,3,0,385
2024-11-21 08:42:00,2660.77,2662.27,2660.36,2661.83,450,3,0,450
2024-11-21 08:45:00,2661.87,2661.97,2660.71,2661.34,329,3,0,329
2024-11-21 08:48:00,2661.34,2661.66,2660.78,2661.14,358,3,0,358
2024-11-21 08:51:00,2661.14,2661.64,2661.07,2661.25,334,3,0,334
2024-11-21 08:54:00,2661.3,2661.45,2660.85,2661.18,316,3,0,316
2024-11-21 08:57:00,2661.19,2661.76,2660.88,2661.45,295,3,0,295
2024-11-21 09:00:00,2661.45,2661.46,2660.59,2660.62,325,3,0,325
2024-11-21 09:03:00,2660.62,2661.34,2660.18,2661.34,253,3,0,253
2024-11-21 09:06:00,2661.32,2661.99,2660.9,2661.36,276,3,0,276
2024-11-21 09:09:00,2661.37,2661.37,2660.5,2661.19,239,3,0,239
2024-11-21 09:12:00,2661.25,2661.6,2660.82,2661.17,263,3,0,263
2024-11-21 09:15:00,2661.17,2661.32,2660.12,2660.24,224,3,0,224
2024-11-21 09:18:00,2660.24,2660.91,2660.21,2660.74,226,3,0,226
2024-11-21 09:21:00,2660.73,2662.55,2660.73,2662.53,299,3,0,299
2024-11-21 09:24:00,2662.55,2662.55,2661.36,2661.75,279,3,0,279
2024-11-21 09:27:00,2661.77,2664.14,2661.47,2663.55,583,3,0,583
2024-11-21 09:30:00,2663.46,2664.25,2662.86,2662.86,540,3,0,540
2024-11-21 09:33:00,2662.83,2663.84,2662.73,2663.33,414,3,0,414
2024-11-21 09:36:00,2663.34,2663.96,2663.28,2663.36,356,3,0,356
2024-11-21 09:39:00,2663.33,2663.61,2662.71,2663.0,351,3,0,351
2024-11-21 09:42:00,2663.01,2664.46,2662.97,2664.09,365,3,0,365
2024-11-21 09:45:00,2664.08,2664.69,2663.05,2663.65,324,3,0,324
2024-11-21 09:48:00,2663.66,2663.76,2662.55,2662.81,373,3,0,373
2024-11-21 09:51:00,2662.82,2663.05,2662.34,2662.72,358,3,0,358
2024-11-21 09:54:00,2662.72,2663.21,2662.43,2663.19,262,3,0,262
2024-11-21 09:57:00,2663.2,2663.95,2663.01,2663.16,316,3,0,316
2024-11-21 10:00:00,2663.15,2664.14,2662.5,2663.96,487,3,0,487
2024-11-21 10:03:00,2663.94,2664.16,2663.39,2663.54,283,3,0,283
2024-11-21 10:06:00,2663.49,2663.94,2663.34,2663.72,281,3,0,281
2024-11-21 10:09:00,2663.74,2663.76,2662.03,2662.08,316,3,0,316
2024-11-21 10:12:00,2662.05,2664.29,2662.03,2663.59,354,3,0,354
2024-11-21 10:15:00,2663.59,2663.9,2662.81,2663.69,263,3,0,263
2024-11-21 10:18:00,2663.63,2664.93,2663.37,2664.85,267,3,0,267
2024-11-21 10:21:00,2664.87,2666.76,2664.85,2665.53,380,3,0,380
2024-11-21 10:24:00,2665.52,2666.31,2665.18,2665.74,473,3,0,473
2024-11-21 10:27:00,2665.75,2667.26,2665.75,2666.84,520,3,0,520
2024-11-21 10:30:00,2666.86,2669.26,2666.86,2669.21,559,3,0,559
2024-11-21 10:33:00,2669.18,2669.69,2668.41,2669.65,540,3,0,540
2024-11-21 10:36:00,2669.67,2670.27,2668.28,2668.44,630,3,0,630
2024-11-21 10:39:00,2668.45,2669.84,2668.45,2669.73,519,3,0,519
2024-11-21 10:42:00,2669.71,2670.01,2668.76,2668.83,407,3,0,407
2024-11-21 10:45:00,2668.84,2669.51,2668.32,2668.57,369,3,0,369
2024-11-21 10:48:00,2668.53,2668.86,2667.88,2668.28,324,3,0,324
2024-11-21 10:51:00,2668.29,2668.37,2665.61,2665.96,489,3,0,489
2024-11-21 10:54:00,2665.98,2667.78,2665.77,2667.69,412,3,0,412
2024-11-21 10:57:00,2667.7,2668.88,2667.23,2668.87,375,3,0,375
2024-11-21 11:00:00,2668.88,2671.66,2668.79,2671.07,523,3,0,523
2024-11-21 11:03:00,2671.05,2671.27,2670.1,2670.97,520,3,0,520
2024-11-21 11:06:00,2670.96,2671.28,2670.06,2670.2,389,3,0,389
2024-11-21 11:09:00,2670.19,2670.61,2669.47,2669.96,411,3,0,411
2024-11-21 11:12:00,2669.97,2670.81,2667.84,2667.94,439,3,0,439
2024-11-21 11:15:00,2667.98,2668.11,2665.8,2665.85,490,3,0,490
2024-11-21 11:18:00,2665.82,2666.71,2665.81,2666.12,426,3,0,426
2024-11-21 11:21:00,2666.12,2666.55,2664.87,2664.87,423,3,0,423
2024-11-21 11:24:00,2664.85,2666.44,2664.78,2665.78,486,3,0,486
2024-11-21 11:27:00,2665.78,2666.78,2665.59,2665.71,441,3,0,441
2024-11-21 11:30:00,2665.81,2667.32,2665.81,2666.6,425,3,0,425
2024-11-21 11:33:00,2666.58,2666.8,2666.21,2666.48,330,3,0,330
2024-11-21 11:36:00,2666.46,2666.91,2664.51,2665.17,373,3,0,373
2024-11-21 11:39:00,2665.19,2666.21,2664.46,2664.67,313,3,0,313
2024-11-21 11:42:00,2664.67,2666.32,2664.54,2666.14,321,3,0,321
2024-11-21 11:45:00,2666.17,2666.86,2664.26,2664.36,391,3,0,391
2024-11-21 11:48:00,2664.36,2665.44,2663.55,2664.94,327,3,0,327
2024-11-21 11:51:00,2664.95,2666.97,2664.94,2666.89,289,3,0,289
2024-11-21 11:54:00,2666.87,2668.11,2666.65,2667.73,379,3,0,379
2024-11-21 11:57:00,2667.72,2669.07,2667.22,2668.9,374,3,0,374
2024-11-21 12:00:00,2668.9,2669.34,2667.93,2668.47,301,3,0,301
2024-11-21 12:03:00,2668.47,2668.49,2667.87,2668.34,235,3,0,235
2024-11-21 12:06:00,2668.32,2668.84,2666.97,2667.07,315,3,0,315
2024-11-21 12:09:00,2667.06,2668.68,2665.11,2668.38,564,3,0,564
2024-11-21 12:12:00,2668.37,2669.1,2667.86,2668.31,288,3,0,288
2024-11-21 12:15:00,2668.32,2669.11,2668.07,2668.66,228,3,0,228
2024-11-21 12:18:00,2668.66,2668.81,2667.83,2668.03,186,3,0,186
2024-11-21 12:21:00,2668.04,2668.12,2667.04,2667.06,227,3,0,227
2024-11-21 12:24:00,2667.08,2667.56,2666.81,2667.22,182,3,0,182
2024-11-21 12:27:00,2667.22,2667.89,2666.7,2667.62,236,3,0,236
2024-11-21 12:30:00,2667.59,2669.46,2667.26,2667.74,455,3,0,455
2024-11-21 12:33:00,2667.75,2668.6,2667.65,2668.53,238,3,0,238
2024-11-21 12:36:00,2668.54,2669.75,2668.24,2669.46,236,3,0,236
2024-11-21 12:39:00,2669.39,2670.39,2669.38,2669.59,176,3,0,176
2024-11-21 12:42:00,2669.58,2669.75,2668.7,2668.72,172,3,0,172
2024-11-21 12:45:00,2668.7,2668.89,2667.78,2668.08,264,3,0,264
2024-11-21 12:48:00,2668.08,2668.64,2667.59,2668.09,223,3,0,223
2024-11-21 12:51:00,2668.12,2668.96,2667.67,2668.34,230,3,0,230
2024-11-21 12:54:00,2668.34,2669.43,2668.34,2669.03,193,3,0,193
2024-11-21 12:57:00,2669.02,2670.25,2668.75,2669.98,248,3,0,248
2024-11-21 13:00:00,2669.99,2670.13,2668.37,2669.06,291,3,0,291
2024-11-21 13:03:00,2669.07,2669.8,2668.68,2669.46,289,3,0,289
2024-11-21 13:06:00,2669.44,2669.73,2669.14,2669.55,188,3,0,188
2024-11-21 13:09:00,2669.54,2669.91,2669.24,2669.63,231,3,0,231
2024-11-21 13:12:00,2669.64,2671.24,2669.64,2671.08,242,3,0,242
2024-11-21 13:15:00,2671.08,2673.07,2671.08,2672.58,381,3,0,381
2024-11-21 13:18:00,2672.59,2673.04,2671.94,2672.99,296,3,0,296
2024-11-21 13:21:00,2673.04,2673.49,2672.8,2673.14,243,3,0,243
2024-11-21 13:24:00,2673.1,2673.28,2672.49,2672.7,347,3,0,347
2024-11-21 13:27:00,2672.72,2673.53,2672.67,2673.13,319,3,0,319
2024-11-21 13:30:00,2673.19,2673.57,2672.75,2672.75,355,3,0,355
2024-11-21 13:33:00,2672.74,2672.74,2671.3,2671.48,338,3,0,338
2024-11-21 13:36:00,2671.47,2671.54,2670.59,2671.15,363,3,0,363
2024-11-21 13:39:00,2671.07,2671.63,2670.58,2670.95,293,3,0,293
2024-11-21 13:42:00,2670.95,2671.28,2670.56,2670.68,330,3,0,330
2024-11-21 13:45:00,2670.68,2671.49,2670.06,2671.07,287,3,0,287
2024-11-21 13:48:00,2671.07,2671.45,2670.19,2670.38,292,3,0,292
2024-11-21 13:51:00,2670.4,2671.62,2670.4,2671.51,217,3,0,217
2024-11-21 13:54:00,2671.51,2672.66,2671.35,2671.77,336,3,0,336
2024-11-21 13:57:00,2671.75,2672.13,2671.07,2671.52,282,3,0,282
2024-11-21 14:00:00,2671.53,2671.83,2669.78,2669.87,453,3,0,453
2024-11-21 14:03:00,2669.86,2669.9,2667.98,2668.08,381,3,0,381
2024-11-21 14:06:00,2668.09,2668.09,2665.65,2666.78,500,3,0,500
2024-11-21 14:09:00,2666.79,2667.1,2665.15,2665.18,402,3,0,402
2024-11-21 14:12:00,2665.16,2665.68,2664.14,2664.14,478,3,0,478
2024-11-21 14:15:00,2664.24,2665.77,2664.08,2664.47,454,3,0,454
2024-11-21 14:18:00,2664.46,2666.15,2663.63,2665.99,469,3,0,469
2024-11-21 14:21:00,2666.05,2666.99,2665.98,2666.39,413,3,0,413
2024-11-21 14:24:00,2666.37,2667.0,2666.2,2666.42,278,3,0,278
2024-11-21 14:27:00,2666.42,2667.41,2666.22,2667.13,285,3,0,285
2024-11-21 14:30:00,2667.17,2667.43,2665.27,2665.34,311,3,0,311
2024-11-21 14:33:00,2665.35,2665.95,2664.61,2665.86,289,3,0,289
2024-11-21 14:36:00,2665.86,2666.11,2664.92,2665.29,214,3,0,214
2024-11-21 14:39:00,2665.29,2665.46,2664.6,2665.12,235,3,0,235
2024-11-21 14:42:00,2665.13,2665.6,2664.59,2665.53,260,3,0,260
2024-11-21 14:45:00,2665.52,2665.85,2664.69,2665.55,241,3,0,241
2024-11-21 14:48:00,2665.55,2666.09,2665.12,2665.49,282,3,0,282
2024-11-21 14:51:00,2665.51,2666.02,2665.31,2665.32,241,3,0,241
2024-11-21 14:54:00,2665.31,2666.15,2663.99,2664.21,284,3,0,284
2024-11-21 14:57:00,2664.2,2664.26,2663.11,2663.37,408,3,0,408
2024-11-21 15:00:00,2663.33,2663.36,2660.5,2662.63,943,3,0,943
2024-11-21 15:03:00,2662.63,2665.7,2662.42,2665.7,842,3,0,842
2024-11-21 15:06:00,2665.69,2666.32,2664.15,2666.32,761,3,0,761
2024-11-21 15:09:00,2666.32,2666.77,2665.66,2666.48,694,3,0,694
2024-11-21 15:12:00,2666.49,2667.51,2666.43,2667.11,727,3,0,727
2024-11-21 15:15:00,2667.11,2667.76,2665.68,2666.25,679,3,0,679
2024-11-21 15:18:00,2666.26,2666.35,2664.51,2665.43,551,3,0,551
2024-11-21 15:21:00,2665.42,2666.21,2664.32,2664.49,682,3,0,682
2024-11-21 15:24:00,2664.42,2665.2,2663.14,2663.54,532,3,0,532
2024-11-21 15:27:00,2663.53,2665.23,2663.13,2664.97,358,3,0,358
2024-11-21 15:30:00,2664.95,2665.41,2662.23,2663.15,662,3,0,662
2024-11-21 15:33:00,2663.18,2665.65,2662.93,2664.82,647,3,0,647
2024-11-21 15:36:00,2664.73,2666.57,2663.91,2666.18,664,3,0,664
2024-11-21 15:39:00,2666.18,2667.06,2665.11,2666.79,567,3,0,567
2024-11-21 15:42:00,2666.8,2667.35,2665.56,2666.57,559,3,0,559
2024-11-21 15:45:00,2666.49,2666.66,2665.03,2665.73,597,3,0,597
2024-11-21 15:48:00,2665.75,2666.85,2665.04,2666.6,618,3,0,618
2024-11-21 15:51:00,2666.65,2667.05,2664.34,2664.94,601,3,0,601
2024-11-21 15:54:00,2664.85,2665.71,2664.08,2665.59,441,3,0,441
2024-11-21 15:57:00,2665.58,2665.77,2664.81,2665.48,477,3,0,477
2024-11-21 16:00:00,2665.48,2668.0,2665.48,2667.19,499,3,0,499
2024-11-21 16:03:00,2667.19,2668.07,2666.84,2667.39,523,3,0,523
2024-11-21 16:06:00,2667.4,2667.69,2666.27,2666.99,509,3,0,509
2024-11-21 16:09:00,2666.98,2669.41,2666.36,2668.87,616,3,0,616
2024-11-21 16:12:00,2668.84,2669.61,2668.62,2669.05,467,3,0,467
2024-11-21 16:15:00,2669.05,2670.17,2668.59,2670.16,518,3,0,518
2024-11-21 16:18:00,2670.08,2671.63,2670.05,2671.4,483,3,0,483
2024-11-21 16:21:00,2671.41,2671.41,2669.13,2670.19,487,3,0,487
2024-11-21 16:24:00,2670.17,2670.32,2668.3,2668.64,437,3,0,437
2024-11-21 16:27:00,2668.62,2668.77,2666.93,2667.43,461,3,0,461
2024-11-21 16:30:00,2667.41,2670.08,2666.88,2669.6,609,3,0,609
2024-11-21 16:33:00,2669.58,2671.1,2667.88,2670.05,565,3,0,565
2024-11-21 16:36:00,2670.04,2670.89,2668.35,2670.6,585,3,0,585
2024-11-21 16:39:00,2670.63,2670.85,2667.27,2667.49,491,3,0,491
2024-11-21 16:42:00,2667.5,2668.58,2664.9,2667.15,554,3,0,554
2024-11-21 16:45:00,2666.78,2667.95,2665.73,2665.9,542,3,0,542
2024-11-21 16:48:00,2665.92,2666.32,2663.21,2664.87,562,3,0,562
2024-11-21 16:51:00,2665.01,2665.34,2661.49,2662.15,746,3,0,746
2024-11-21 16:54:00,2662.18,2665.45,2662.15,2665.36,720,3,0,720
2024-11-21 16:57:00,2665.37,2666.16,2664.68,2664.87,533,3,0,533
2024-11-21 17:00:00,2664.91,2667.69,2664.63,2666.9,617,3,0,617
2024-11-21 17:03:00,2666.9,2666.94,2664.51,2665.13,541,3,0,541
2024-11-21 17:06:00,2665.13,2666.79,2664.72,2666.29,586,3,0,586
2024-11-21 17:09:00,2666.29,2667.99,2666.2,2666.67,585,3,0,585
2024-11-21 17:12:00,2666.61,2666.7,2664.64,2665.82,576,3,0,576
2024-11-21 17:15:00,2665.82,2669.75,2665.82,2669.08,679,3,0,679
2024-11-21 17:18:00,2669.07,2669.37,2666.64,2666.64,546,3,0,546
2024-11-21 17:21:00,2666.65,2667.33,2665.95,2666.18,561,3,0,561
2024-11-21 17:24:00,2666.06,2666.08,2664.54,2665.98,570,3,0,570
2024-11-21 17:27:00,2665.99,2667.01,2665.55,2666.39,591,3,0,591
2024-11-21 17:30:00,2666.39,2670.0,2665.59,2669.63,574,3,0,574
2024-11-21 17:33:00,2669.62,2670.6,2669.07,2669.08,620,3,0,620
2024-11-21 17:36:00,2669.07,2669.88,2668.17,2669.26,441,3,0,441
2024-11-21 17:39:00,2669.26,2669.65,2667.73,2668.07,409,3,0,409
2024-11-21 17:42:00,2668.07,2669.15,2667.2,2668.99,519,3,0,519
2024-11-21 17:45:00,2668.99,2669.78,2666.78,2666.79,472,3,0,472
2024-11-21 17:48:00,2666.77,2667.65,2665.67,2667.65,420,3,0,420
2024-11-21 17:51:00,2667.69,2668.15,2665.89,2667.36,378,3,0,378
2024-11-21 17:54:00,2667.41,2668.04,2666.78,2667.77,442,3,0,442
2024-11-21 17:57:00,2667.77,2668.16,2667.16,2667.76,372,3,0,372
2024-11-21 18:00:00,2667.75,2668.6,2666.87,2667.79,525,3,0,525
2024-11-21 18:03:00,2667.79,2668.57,2667.4,2668.55,489,3,0,489
2024-11-21 18:06:00,2668.57,2669.45,2667.9,2668.33,412,3,0,412
2024-11-21 18:09:00,2668.18,2669.66,2667.53,2668.98,372,3,0,372
2024-11-21 18:12:00,2668.92,2669.25,2668.05,2668.58,400,3,0,400
2024-11-21 18:15:00,2668.59,2669.77,2667.47,2667.61,391,3,0,391
2024-11-21 18:18:00,2667.66,2667.78,2664.86,2665.53,403,3,0,403
2024-11-21 18:21:00,2665.51,2666.11,2664.84,2666.1,488,3,0,488
2024-11-21 18:24:00,2666.1,2668.19,2665.9,2668.09,503,3,0,503
2024-11-21 18:27:00,2668.09,2668.56,2667.57,2668.2,460,3,0,460
2024-11-21 18:30:00,2668.19,2668.6,2667.08,2667.44,422,3,0,422
2024-11-21 18:33:00,2667.43,2667.61,2665.97,2666.57,455,3,0,455
2024-11-21 18:36:00,2666.58,2667.37,2666.17,2667.35,400,3,0,400
2024-11-21 18:39:00,2667.34,2667.79,2665.03,2665.32,366,3,0,366
2024-11-21 18:42:00,2665.32,2665.47,2663.96,2664.25,383,3,0,383
2024-11-21 18:45:00,2664.25,2664.94,2661.4,2663.05,560,3,0,560
2024-11-21 18:48:00,2663.07,2665.37,2662.78,2664.77,531,3,0,531
2024-11-21 18:51:00,2664.77,2666.88,2664.59,2666.88,539,3,0,539
2024-11-21 18:54:00,2666.85,2666.96,2665.17,2665.32,418,3,0,418
2024-11-21 18:57:00,2665.31,2665.81,2664.46,2664.74,418,3,0,418
2024-11-21 19:00:00,2664.74,2665.37,2663.19,2663.56,418,3,0,418
2024-11-21 19:03:00,2663.59,2664.0,2661.82,2662.32,363,3,0,363
2024-11-21 19:06:00,2662.32,2663.46,2661.81,2663.22,349,3,0,349
2024-11-21 19:09:00,2663.22,2664.0,2663.01,2663.35,325,3,0,325
2024-11-21 19:12:00,2663.4,2664.97,2663.22,2663.84,424,3,0,424
2024-11-21 19:15:00,2663.84,2664.17,2662.59,2664.16,363,3,0,363
2024-11-21 19:18:00,2664.15,2664.61,2663.41,2664.49,382,3,0,382
2024-11-21 19:21:00,2664.48,2666.17,2664.2,2666.05,362,3,0,362
2024-11-21 19:24:00,2666.06,2667.26,2665.95,2666.95,385,3,0,385
2024-11-21 19:27:00,2666.95,2666.96,2665.67,2665.77,350,3,0,350
2024-11-21 19:30:00,2665.77,2667.93,2665.37,2667.85,448,3,0,448
2024-11-21 19:33:00,2667.85,2667.9,2666.56,2667.06,267,3,0,267
2024-11-21 19:36:00,2667.08,2667.75,2666.83,2667.55,364,3,0,364
2024-11-21 19:39:00,2667.6,2668.97,2667.27,2668.43,362,3,0,362
2024-11-21 19:42:00,2668.33,2669.55,2668.33,2669.22,292,3,0,292
2024-11-21 19:45:00,2669.22,2670.19,2669.22,2670.09,376,3,0,376
2024-11-21 19:48:00,2670.15,2670.64,2669.3,2669.34,335,3,0,335
2024-11-21 19:51:00,2669.34,2670.97,2669.32,2670.86,331,3,0,331
2024-11-21 19:54:00,2670.86,2672.82,2670.82,2672.33,426,3,0,426
2024-11-21 19:57:00,2672.35,2672.68,2671.5,2671.87,379,3,0,379
2024-11-21 20:00:00,2671.91,2672.09,2669.83,2670.03,349,3,0,349
2024-11-21 20:03:00,2670.03,2670.49,2669.65,2669.84,230,3,0,230
2024-11-21 20:06:00,2669.84,2669.84,2669.15,2669.54,324,3,0,324
2024-11-21 20:09:00,2669.54,2671.33,2669.54,2671.1,303,3,0,303
2024-11-21 20:12:00,2671.12,2671.51,2670.8,2671.17,239,3,0,239
2024-11-21 20:15:00,2671.17,2672.82,2671.0,2672.81,327,3,0,327
2024-11-21 20:18:00,2672.77,2672.79,2672.08,2672.78,317,3,0,317
2024-11-21 20:21:00,2672.79,2673.13,2672.07,2673.08,281,3,0,281
2024-11-21 20:24:00,2673.08,2673.09,2672.5,2672.51,296,3,0,296
2024-11-21 20:27:00,2672.62,2672.99,2672.05,2672.13,436,3,0,436
2024-11-21 20:30:00,2672.1,2672.86,2671.36,2672.26,320,3,0,320
2024-11-21 20:33:00,2672.27,2673.02,2671.75,2672.02,247,3,0,247
2024-11-21 20:36:00,2672.03,2673.11,2671.24,2671.24,334,3,0,334
2024-11-21 20:39:00,2671.23,2671.23,2670.24,2670.28,212,3,0,212
2024-11-21 20:42:00,2670.35,2671.73,2670.14,2671.24,310,3,0,310
2024-11-21 20:45:00,2671.24,2671.86,2670.54,2670.55,201,3,0,201
2024-11-21 20:48:00,2670.54,2671.86,2670.44,2671.72,220,3,0,220
2024-11-21 20:51:00,2671.7,2672.31,2671.5,2672.13,222,3,0,222
2024-11-21 20:54:00,2672.14,2672.54,2672.12,2672.52,239,3,0,239
2024-11-21 20:57:00,2672.56,2672.75,2672.12,2672.43,208,3,0,208
2024-11-21 21:00:00,2672.42,2673.03,2672.21,2672.8,236,3,0,236
2024-11-21 21:03:00,2672.79,2672.9,2672.26,2672.45,183,3,0,183
2024-11-21 21:06:00,2672.45,2673.15,2672.15,2673.15,198,3,0,198
2024-11-21 21:09:00,2673.16,2673.51,2672.32,2672.4,333,3,0,333
2024-11-21 21:12:00,2672.41,2673.39,2672.23,2673.02,294,3,0,294
2024-11-21 21:15:00,2673.02,2673.1,2671.56,2671.68,266,3,0,266
2024-11-21 21:18:00,2671.69,2672.0,2671.27,2671.39,339,3,0,339
2024-11-21 21:21:00,2671.4,2671.51,2668.92,2670.29,388,3,0,388
2024-11-21 21:24:00,2670.29,2671.61,2670.29,2671.38,254,3,0,254
2024-11-21 21:27:00,2671.38,2671.58,2670.87,2671.08,190,3,0,190
2024-11-21 21:30:00,2671.08,2671.17,2670.3,2670.6,203,3,0,203
2024-11-21 21:33:00,2670.6,2670.78,2669.99,2670.1,194,3,0,194
2024-11-21 21:36:00,2670.1,2670.33,2669.6,2670.01,182,3,0,182
2024-11-21 21:39:00,2670.01,2670.32,2669.08,2669.42,209,3,0,209
2024-11-21 21:42:00,2669.42,2669.82,2668.92,2669.46,218,3,0,218
2024-11-21 21:45:00,2669.46,2669.85,2668.95,2668.95,167,3,0,167
2024-11-21 21:48:00,2668.95,2669.06,2667.88,2668.22,221,3,0,221
2024-11-21 21:51:00,2668.19,2669.28,2668.19,2669.08,207,3,0,207
2024-11-21 21:54:00,2669.12,2670.5,2669.09,2669.95,212,3,0,212
2024-11-21 21:57:00,2669.97,2670.19,2669.03,2669.68,229,3,0,229
2024-11-21 22:00:00,2669.71,2671.29,2669.67,2671.29,191,3,0,191
2024-11-21 22:03:00,2671.29,2671.69,2670.39,2670.52,179,3,0,179
2024-11-21 22:06:00,2670.52,2670.67,2670.21,2670.38,138,3,0,138
2024-11-21 22:09:00,2670.39,2670.43,2668.72,2668.8,257,3,0,257
2024-11-21 22:12:00,2668.81,2669.19,2668.56,2669.05,214,3,0,214
2024-11-21 22:15:00,2669.06,2669.83,2669.06,2669.25,189,3,0,189
2024-11-21 22:18:00,2669.26,2669.62,2668.86,2669.39,193,3,0,193
2024-11-21 22:21:00,2669.41,2670.35,2669.3,2670.06,261,3,0,261
2024-11-21 22:24:00,2670.06,2670.08,2669.4,2669.76,166,3,0,166
2024-11-21 22:27:00,2669.75,2670.36,2669.46,2670.05,173,3,0,173
2024-11-21 22:30:00,2670.07,2670.29,2669.53,2669.91,217,3,0,217
2024-11-21 22:33:00,2669.88,2670.79,2669.66,2670.14,224,3,0,224
2024-11-21 22:36:00,2670.15,2670.85,2669.95,2670.07,193,3,0,193
2024-11-21 22:39:00,2670.08,2670.42,2669.77,2670.17,217,3,0,217
2024-11-21 22:42:00,2670.16,2670.25,2669.64,2669.97,205,3,0,205
2024-11-21 22:45:00,2670.0,2670.36,2669.67,2670.05,173,3,0,173
2024-11-21 22:48:00,2669.98,2670.41,2669.75,2670.26,234,3,0,234
2024-11-21 22:51:00,2670.18,2670.99,2670.07,2670.97,319,3,0,319
2024-11-21 22:54:00,2670.95,2671.83,2670.62,2671.67,236,3,0,236
2024-11-21 22:57:00,2671.73,2671.86,2671.44,2671.54,295,3,0,295
2024-11-21 23:00:00,2671.53,2671.72,2671.32,2671.57,129,3,0,129
2024-11-21 23:03:00,2671.53,2671.54,2671.17,2671.51,138,3,0,138
2024-11-21 23:06:00,2671.53,2671.89,2671.5,2671.77,91,3,0,91
2024-11-21 23:09:00,2671.77,2671.8,2670.95,2670.98,124,3,0,124
2024-11-21 23:12:00,2670.97,2671.01,2670.31,2670.46,118,3,0,118
2024-11-21 23:15:00,2670.48,2670.51,2670.02,2670.41,101,3,0,101
2024-11-21 23:18:00,2670.41,2670.61,2670.02,2670.33,68,3,0,68
2024-11-21 23:21:00,2670.38,2670.4,2669.65,2669.65,119,3,0,119
2024-11-21 23:24:00,2669.65,2670.0,2668.84,2669.82,115,3,0,115
2024-11-21 23:27:00,2669.83,2670.22,2669.51,2669.7,138,3,0,138
2024-11-21 23:30:00,2669.72,2669.91,2669.02,2669.29,164,3,0,164
2024-11-21 23:33:00,2669.28,2670.59,2669.28,2669.81,129,3,0,129
2024-11-21 23:36:00,2669.81,2670.11,2669.52,2669.82,120,3,0,120
2024-11-21 23:39:00,2669.82,2669.82,2668.1,2669.31,211,3,0,211
2024-11-21 23:42:00,2669.36,2670.21,2669.18,2670.2,94,3,0,94
2024-11-21 23:45:00,2670.2,2670.76,2669.71,2669.73,147,3,0,147
2024-11-21 23:48:00,2669.77,2670.32,2669.57,2670.19,119,3,0,119
2024-11-21 23:51:00,2670.17,2670.31,2669.94,2670.02,104,3,0,104
2024-11-21 23:54:00,2669.99,2670.22,2669.57,2669.68,122,3,0,122
2024-11-21 23:57:00,2669.69,2669.75,2669.44,2669.55,57,3,0,57
2024-11-22 01:00:00,2669.32,2669.81,2669.23,2669.65,114,31,0,114
2024-11-22 01:03:00,2669.65,2669.83,2669.37,2669.8,59,3,0,59
2024-11-22 01:06:00,2669.8,2670.0,2669.48,2669.77,97,3,0,97
2024-11-22 01:09:00,2669.77,2669.87,2669.31,2669.51,193,3,0,193
2024-11-22 01:12:00,2669.56,2669.76,2669.12,2669.13,81,3,0,81
2024-11-22 01:15:00,2669.12,2669.48,2668.83,2668.93,72,3,0,72
2024-11-22 01:18:00,2668.95,2669.22,2668.11,2669.02,184,3,0,184
2024-11-22 01:21:00,2669.02,2669.49,2668.93,2669.41,87,3,0,87
2024-11-22 01:24:00,2669.42,2669.51,2669.24,2669.41,46,3,0,46
2024-11-22 01:27:00,2669.44,2669.87,2669.13,2669.43,73,3,0,73
2024-11-22 01:30:00,2669.43,2669.84,2669.35,2669.55,64,3,0,64
2024-11-22 01:33:00,2669.55,2669.72,2669.28,2669.72,94,3,0,94
2024-11-22 01:36:00,2669.74,2669.81,2669.42,2669.7,62,3,0,62
2024-11-22 01:39:00,2669.71,2669.81,2669.23,2669.44,71,3,0,71
2024-11-22 01:42:00,2669.49,2669.5,2668.99,2669.09,48,3,0,48
2024-11-22 01:45:00,2669.11,2669.49,2668.98,2669.42,96,3,0,96
2024-11-22 01:48:00,2669.4,2669.87,2669.2,2669.48,133,3,0,133
2024-11-22 01:51:00,2669.5,2670.0,2669.32,2669.51,128,3,0,128
2024-11-22 01:54:00,2669.53,2669.75,2669.48,2669.56,116,3,0,116
2024-11-22 01:57:00,2669.55,2669.56,2668.78,2669.18,154,3,0,154
2024-11-22 02:00:00,2669.18,2669.41,2668.89,2669.35,279,3,0,279
2024-11-22 02:03:00,2669.35,2670.3,2669.35,2670.08,238,3,0,238
2024-11-22 02:06:00,2670.06,2670.6,2669.95,2670.38,220,3,0,220
2024-11-22 02:09:00,2670.38,2671.07,2670.21,2670.85,203,3,0,203
2024-11-22 02:12:00,2670.86,2671.45,2670.79,2671.35,246,3,0,246
2024-11-22 02:15:00,2671.35,2672.9,2671.02,2672.9,317,3,0,317
2024-11-22 02:18:00,2672.91,2673.48,2672.1,2673.0,348,3,0,348
2024-11-22 02:21:00,2673.0,2673.57,2672.58,2672.69,265,3,0,265
2024-11-22 02:24:00,2672.7,2672.97,2672.27,2672.8,189,3,0,189
2024-11-22 02:27:00,2672.79,2673.36,2672.79,2673.1,191,3,0,191
2024-11-22 02:30:00,2673.08,2673.64,2672.38,2672.77,225,3,0,225
2024-11-22 02:33:00,2672.76,2672.77,2672.1,2672.1,150,3,0,150
2024-11-22 02:36:00,2672.15,2672.62,2671.72,2672.11,159,3,0,159
2024-11-22 02:39:00,2672.11,2672.51,2671.88,2672.51,73,3,0,73
2024-11-22 02:42:00,2672.5,2672.5,2671.81,2671.81,144,3,0,144
2024-11-22 02:45:00,2671.81,2671.84,2671.5,2671.79,150,3,0,150
2024-11-22 02:48:00,2671.78,2672.19,2671.7,2672.13,137,3,0,137
2024-11-22 02:51:00,2672.13,2672.63,2672.03,2672.63,179,3,0,179
2024-11-22 02:54:00,2672.64,2672.69,2672.31,2672.53,148,3,0,148
2024-11-22 02:57:00,2672.51,2673.3,2672.2,2673.16,210,3,0,210
2024-11-22 03:00:00,2673.16,2677.7,2673.11,2675.25,875,3,0,875
2024-11-22 03:03:00,2675.31,2677.19,2674.89,2677.19,625,3,0,625
2024-11-22 03:06:00,2677.21,2677.61,2676.23,2676.39,549,3,0,549
2024-11-22 03:09:00,2676.37,2676.55,2675.91,2676.51,423,3,0,423
2024-11-22 03:12:00,2676.53,2678.35,2676.52,2677.77,574,3,0,574
2024-11-22 03:15:00,2677.78,2678.4,2676.47,2676.87,560,3,0,560
2024-11-22 03:18:00,2676.87,2677.12,2676.01,2676.3,344,3,0,344
2024-11-22 03:21:00,2676.28,2677.39,2676.15,2676.56,453,3,0,453
2024-11-22 03:24:00,2676.56,2676.6,2675.47,2675.52,464,3,0,464
2024-11-22 03:27:00,2675.53,2676.48,2675.53,2675.98,282,3,0,282
2024-11-22 03:30:00,2675.98,2677.52,2675.83,2677.44,445,3,0,445
2024-11-22 03:33:00,2677.47,2678.28,2677.35,2678.12,400,3,0,400
2024-11-22 03:36:00,2678.14,2678.31,2676.94,2677.19,360,3,0,360
2024-11-22 03:39:00,2677.2,2677.36,2676.45,2676.64,292,3,0,292
2024-11-22 03:42:00,2676.65,2677.75,2676.35,2676.86,274,3,0,274
2024-11-22 03:45:00,2676.85,2677.12,2676.43,2676.82,309,3,0,309
2024-11-22 03:48:00,2676.83,2678.6,2676.79,2678.3,315,3,0,315
2024-11-22 03:51:00,2678.3,2678.48,2677.72,2678.48,354,3,0,354
2024-11-22 03:54:00,2678.5,2679.51,2678.43,2678.43,433,3,0,433
2024-11-22 03:57:00,2678.42,2678.45,2677.74,2677.85,379,3,0,379
2024-11-22 04:00:00,2677.85,2678.41,2677.33,2678.07,543,3,0,543
2024-11-22 04:03:00,2678.19,2679.08,2677.47,2678.98,350,3,0,350
2024-11-22 04:06:00,2679.02,2679.67,2677.87,2679.21,315,3,0,315
2024-11-22 04:09:00,2679.21,2679.63,2678.91,2679.17,320,3,0,320
2024-11-22 04:12:00,2679.07,2680.5,2678.87,2679.68,369,3,0,369
2024-11-22 04:15:00,2679.69,2679.91,2679.03,2679.82,211,3,0,211
2024-11-22 04:18:00,2679.83,2681.23,2679.64,2681.05,287,3,0,287
2024-11-22 04:21:00,2681.05,2681.72,2680.64,2681.64,281,3,0,281
2024-11-22 04:24:00,2681.63,2681.65,2680.84,2681.14,231,3,0,231
2024-11-22 04:27:00,2681.18,2681.81,2681.18,2681.81,189,3,0,189
2024-11-22 04:30:00,2681.78,2682.48,2681.52,2682.11,415,3,0,415
2024-11-22 04:33:00,2682.12,2682.78,2681.34,2682.78,398,3,0,398
2024-11-22 04:36:00,2682.77,2684.89,2682.73,2684.4,601,3,0,601
2024-11-22 04:39:00,2684.42,2686.35,2684.34,2686.13,546,3,0,546
2024-11-22 04:42:00,2686.15,2686.4,2685.43,2686.26,425,3,0,425
2024-11-22 04:45:00,2686.25,2686.42,2684.58,2685.63,369,3,0,369
2024-11-22 04:48:00,2685.59,2686.45,2685.08,2685.98,465,3,0,465
2024-11-22 04:51:00,2685.98,2686.32,2685.51,2685.86,413,3,0,413
2024-11-22 04:54:00,2685.88,2686.45,2685.83,2685.95,274,3,0,274
2024-11-22 04:57:00,2685.96,2686.29,2685.26,2686.11,323,3,0,323
2024-11-22 05:00:00,2686.12,2687.94,2685.79,2687.69,433,3,0,433
2024-11-22 05:03:00,2687.74,2688.43,2687.52,2688.33,392,3,0,392
2024-11-22 05:06:00,2688.33,2689.8,2688.25,2689.26,499,3,0,499
2024-11-22 05:09:00,2689.28,2689.52,2688.43,2689.25,338,3,0,338
2024-11-22 05:12:00,2689.26,2689.65,2689.12,2689.15,343,3,0,343
2024-11-22 05:15:00,2689.16,2689.36,2688.46,2688.79,267,3,0,267
2024-11-22 05:18:00,2688.78,2690.13,2688.67,2690.0,309,3,0,309
2024-11-22 05:21:00,2690.03,2690.54,2688.85,2689.64,396,3,0,396
2024-11-22 05:24:00,2689.65,2690.03,2688.66,2688.84,273,3,0,273
2024-11-22 05:27:00,2688.83,2688.83,2686.08,2686.55,607,3,0,607
2024-11-22 05:30:00,2686.56,2686.56,2684.39,2684.39,404,3,0,404
2024-11-22 05:33:00,2684.42,2684.69,2683.9,2683.95,354,3,0,354
2024-11-22 05:36:00,2683.95,2685.24,2683.61,2685.22,326,3,0,326
2024-11-22 05:39:00,2685.22,2686.14,2683.27,2683.32,451,3,0,451
2024-11-22 05:42:00,2683.3,2683.65,2681.5,2681.77,471,3,0,471
2024-11-22 05:45:00,2681.77,2683.3,2681.68,2682.31,339,3,0,339
2024-11-22 05:48:00,2682.31,2685.35,2681.53,2685.34,465,3,0,465
2024-11-22 05:51:00,2685.36,2685.79,2683.1,2685.21,383,3,0,383
2024-11-22 05:54:00,2685.22,2686.32,2685.04,2685.64,282,3,0,282
2024-11-22 05:57:00,2685.63,2686.66,2685.63,2686.26,228,3,0,228
2024-11-22 06:00:00,2686.25,2687.13,2685.48,2686.71,316,3,0,316
2024-11-22 06:03:00,2686.73,2687.02,2686.54,2686.54,194,3,0,194
2024-11-22 06:06:00,2686.55,2686.96,2686.22,2686.47,188,3,0,188
2024-11-22 06:09:00,2686.49,2686.77,2685.93,2686.02,176,3,0,176
2024-11-22 06:12:00,2686.06,2686.46,2685.73,2685.99,111,3,0,111
2024-11-22 06:15:00,2685.98,2686.48,2685.58,2685.67,147,3,0,147
2024-11-22 06:18:00,2685.72,2685.85,2685.09,2685.43,148,3,0,148
2024-11-22 06:21:00,2685.47,2685.51,2684.89,2684.96,118,3,0,118
2024-11-22 06:24:00,2684.88,2685.57,2684.62,2685.54,184,3,0,184
2024-11-22 06:27:00,2685.55,2685.57,2684.16,2684.6,250,3,0,250
2024-11-22 06:30:00,2684.62,2684.62,2683.47,2683.61,260,3,0,260
2024-11-22 06:33:00,2683.54,2685.55,2683.07,2685.55,224,3,0,224
2024-11-22 06:36:00,2685.55,2685.55,2684.48,2684.94,224,3,0,224
2024-11-22 06:39:00,2684.94,2685.52,2684.17,2685.04,335,3,0,335
2024-11-22 06:42:00,2685.04,2685.81,2684.67,2685.19,251,3,0,251
2024-11-22 06:45:00,2685.14,2688.7,2684.94,2688.7,216,3,0,216
2024-11-22 06:48:00,2688.7,2692.32,2688.68,2691.65,358,3,0,358
2024-11-22 06:51:00,2691.65,2691.69,2688.76,2688.95,306,3,0,306
2024-11-22 06:54:00,2688.96,2689.06,2687.35,2687.44,187,3,0,187
2024-11-22 06:57:00,2687.45,2688.84,2686.71,2688.77,268,3,0,268
2024-11-22 07:00:00,2688.78,2688.91,2686.46,2687.11,410,3,0,410
2024-11-22 07:03:00,2687.11,2688.89,2687.11,2687.97,345,3,0,345
2024-11-22 07:06:00,2687.97,2689.08,2687.64,2688.89,321,3,0,321
2024-11-22 07:09:00,2688.9,2689.18,2687.22,2687.22,209,3,0,209
2024-11-22 07:12:00,2687.22,2688.38,2687.12,2688.37,249,3,0,249
2024-11-22 07:15:00,2688.38,2688.46,2687.47,2688.15,238,3,0,238
2024-11-22 07:18:00,2688.13,2688.13,2687.25,2687.36,275,3,0,275
2024-11-22 07:21:00,2687.35,2688.81,2687.33,2688.75,244,3,0,244
2024-11-22 07:24:00,2688.76,2688.79,2687.71,2687.78,275,3,0,275
2024-11-22 07:27:00,2687.77,2688.5,2687.54,2688.32,275,3,0,275
2024-11-22 07:30:00,2688.31,2688.91,2685.84,2686.36,743,3,0,743
2024-11-22 07:33:00,2686.35,2686.85,2684.53,2686.85,596,3,0,596
2024-11-22 07:36:00,2686.84,2687.34,2685.73,2686.51,471,3,0,471
2024-11-22 07:39:00,2686.5,2687.39,2686.41,2686.56,360,3,0,360
2024-11-22 07:42:00,2686.54,2686.74,2685.37,2685.55,345,3,0,345
2024-11-22 07:45:00,2685.54,2685.54,2683.14,2683.35,450,3,0,450
2024-11-22 07:48:00,2683.35,2685.31,2683.33,2685.31,462,3,0,462
2024-11-22 07:51:00,2685.33,2685.93,2684.73,2684.73,329,3,0,329
2024-11-22 07:54:00,2684.74,2686.2,2684.74,2686.04,320,3,0,320
2024-11-22 07:57:00,2686.04,2686.67,2685.8,2686.66,386,3,0,386
2024-11-22 08:00:00,2686.68,2687.99,2686.45,2687.69,581,3,0,581
2024-11-22 08:03:00,2687.71,2689.18,2687.68,2689.04,474,3,0,474
2024-11-22 08:06:00,2689.04,2689.12,2687.94,2688.31,598,3,0,598
2024-11-22 08:09:00,2688.29,2688.42,2686.92,2687.69,407,3,0,407
2024-11-22 08:12:00,2687.7,2688.3,2687.17,2688.19,533,3,0,533
2024-11-22 08:15:00,2688.24,2689.32,2687.94,2687.94,437,3,0,437
2024-11-22 08:18:00,2687.96,2688.67,2687.94,2688.5,252,3,0,252
2024-11-22 08:21:00,2688.51,2689.07,2687.26,2687.34,310,3,0,310
2024-11-22 08:24:00,2687.34,2687.56,2686.62,2686.69,326,3,0,326
2024-11-22 08:27:00,2686.65,2688.14,2685.89,2688.14,466,3,0,466
2024-11-22 08:30:00,2688.14,2688.73,2687.31,2688.0,613,3,0,613
2024-11-22 08:33:00,2688.0,2688.91,2688.0,2688.85,315,3,0,315
2024-11-22 08:36:00,2688.85,2688.87,2687.59,2687.73,263,3,0,263
2024-11-22 08:39:00,2687.74,2688.49,2687.53,2688.35,389,3,0,389
2024-11-22 08:42:00,2688.34,2688.92,2688.25,2688.43,341,3,0,341
2024-11-22 08:45:00,2688.43,2690.19,2688.36,2689.41,393,3,0,393
2024-11-22 08:48:00,2689.43,2690.57,2689.42,2690.57,318,3,0,318
2024-11-22 08:51:00,2690.58,2691.39,2690.2,2691.38,341,3,0,341
2024-11-22 08:54:00,2691.38,2693.26,2690.46,2693.13,350,3,0,350
2024-11-22 08:57:00,2693.13,2693.2,2692.59,2692.99,340,3,0,340
2024-11-22 09:00:00,2692.99,2693.35,2691.91,2692.57,353,3,0,353
2024-11-22 09:03:00,2692.59,2692.7,2690.82,2692.37,361,3,0,361
2024-11-22 09:06:00,2692.37,2693.16,2691.32,2692.68,307,3,0,307
2024-11-22 09:09:00,2692.69,2693.16,2691.21,2691.33,313,3,0,313
2024-11-22 09:12:00,2691.34,2691.67,2690.63,2690.83,376,3,0,376
2024-11-22 09:15:00,2690.83,2691.14,2690.54,2691.13,234,3,0,234
2024-11-22 09:18:00,2691.06,2692.53,2691.04,2692.42,376,3,0,376
2024-11-22 09:21:00,2692.44,2693.21,2692.3,2692.73,267,3,0,267
2024-11-22 09:24:00,2692.71,2693.13,2691.84,2692.35,347,3,0,347
2024-11-22 09:27:00,2692.34,2692.81,2692.18,2692.68,209,3,0,209
2024-11-22 09:30:00,2692.69,2694.48,2692.58,2693.89,395,3,0,395
2024-11-22 09:33:00,2693.91,2694.31,2693.05,2693.44,335,3,0,335
2024-11-22 09:36:00,2693.44,2694.46,2693.12,2694.45,297,3,0,297
2024-11-22 09:39:00,2694.44,2695.48,2693.93,2695.25,452,3,0,452
2024-11-22 09:42:00,2695.24,2695.57,2693.7,2694.07,572,3,0,572
2024-11-22 09:45:00,2694.08,2695.97,2693.75,2695.9,664,3,0,664
2024-11-22 09:48:00,2695.9,2698.74,2695.79,2698.67,772,3,0,772
2024-11-22 09:51:00,2698.64,2699.03,2697.86,2698.2,867,3,0,867
2024-11-22 09:54:00,2698.21,2698.65,2697.61,2697.96,408,3,0,408
2024-11-22 09:57:00,2697.94,2698.53,2696.32,2696.49,446,3,0,446
2024-11-22 10:00:00,2696.49,2697.51,2695.19,2695.66,609,3,0,609
2024-11-22 10:03:00,2695.66,2696.25,2694.79,2695.78,645,3,0,645
2024-11-22 10:06:00,2695.79,2698.08,2695.44,2696.54,598,3,0,598
2024-11-22 10:09:00,2696.55,2696.81,2695.37,2696.59,479,3,0,479
2024-11-22 10:12:00,2696.6,2697.58,2696.53,2697.15,426,3,0,426
2024-11-22 10:15:00,2697.17,2698.89,2695.72,2698.44,555,3,0,555
2024-11-22 10:18:00,2698.44,2700.38,2698.0,2699.5,484,3,0,484
2024-11-22 10:21:00,2699.51,2700.12,2697.7,2697.72,491,3,0,491
2024-11-22 10:24:00,2697.73,2698.26,2696.86,2697.06,530,3,0,530
2024-11-22 10:27:00,2697.07,2697.64,2696.2,2696.86,459,3,0,459
2024-11-22 10:30:00,2696.87,2698.15,2696.11,2698.11,626,3,0,626
2024-11-22 10:33:00,2698.11,2698.87,2697.29,2698.1,543,3,0,543
2024-11-22 10:36:00,2698.12,2698.99,2697.93,2698.57,384,3,0,384
2024-11-22 10:39:00,2698.57,2700.44,2698.56,2699.27,413,3,0,413
2024-11-22 10:42:00,2699.29,2699.75,2698.37,2698.98,321,3,0,321
2024-11-22 10:45:00,2699.02,2699.1,2698.29,2699.07,260,3,0,260
2024-11-22 10:48:00,2699.08,2700.26,2698.82,2698.87,376,3,0,376
2024-11-22 10:51:00,2698.88,2698.9,2697.32,2697.59,349,3,0,349
2024-11-22 10:54:00,2697.63,2697.63,2696.64,2697.04,462,3,0,462
2024-11-22 10:57:00,2697.01,2698.17,2696.77,2697.37,308,3,0,308
2024-11-22 11:00:00,2697.37,2697.66,2695.81,2696.21,556,3,0,556
2024-11-22 11:03:00,2696.21,2696.55,2694.73,2695.31,461,3,0,461
2024-11-22 11:06:00,2695.28,2698.52,2695.1,2697.84,501,3,0,501
2024-11-22 11:09:00,2697.87,2697.89,2695.77,2696.23,480,3,0,480
2024-11-22 11:12:00,2696.2,2697.34,2694.29,2695.05,438,3,0,438
2024-11-22 11:15:00,2695.05,2695.24,2693.61,2694.45,577,3,0,577
2024-11-22 11:18:00,2694.5,2695.97,2694.5,2695.75,583,3,0,583
2024-11-22 11:21:00,2695.75,2696.01,2694.07,2695.17,575,3,0,575
2024-11-22 11:24:00,2695.18,2695.33,2694.37,2695.12,541,3,0,541
2024-11-22 11:27:00,2695.12,2695.37,2694.29,2695.22,498,3,0,498
2024-11-22 11:30:00,2695.22,2698.22,2694.58,2698.14,560,3,0,560
2024-11-22 11:33:00,2698.12,2701.71,2697.97,2701.49,728,3,0,728
2024-11-22 11:36:00,2701.49,2704.72,2701.3,2704.72,592,3,0,592
2024-11-22 11:39:00,2705.04,2706.74,2703.47,2706.43,694,3,0,694
2024-11-22 11:42:00,2706.42,2707.45,2704.68,2704.92,589,3,0,589
2024-11-22 11:45:00,2704.92,2705.66,2703.35,2703.64,424,3,0,424
2024-11-22 11:48:00,2703.63,2704.68,2703.01,2704.5,407,3,0,407
2024-11-22 11:51:00,2704.5,2704.53,2703.5,2704.47,460,3,0,460
2024-11-22 11:54:00,2703.91,2704.05,2703.53,2703.83,484,3,0,484
2024-11-22 11:57:00,2703.84,2703.98,2703.19,2703.39,515,3,0,515
2024-11-22 12:00:00,2703.41,2703.86,2702.77,2703.21,568,3,0,568
2024-11-22 12:03:00,2703.2,2705.07,2703.06,2704.52,409,3,0,409
2024-11-22 12:06:00,2704.51,2706.05,2704.22,2705.06,402,3,0,402
2024-11-22 12:09:00,2705.05,2707.15,2704.76,2707.15,519,3,0,519
2024-11-22 12:12:00,2707.15,2708.2,2706.83,2707.49,516,3,0,516
2024-11-22 12:15:00,2707.41,2708.38,2707.01,2707.68,614,3,0,614
2024-11-22 12:18:00,2707.69,2707.7,2705.51,2706.08,582,3,0,582
2024-11-22 12:21:00,2706.16,2708.53,2705.85,2708.45,616,3,0,616
2024-11-22 12:24:00,2708.45,2708.55,2707.48,2708.27,382,3,0,382
2024-11-22 12:27:00,2708.28,2708.58,2705.96,2706.05,444,3,0,444
2024-11-22 12:30:00,2706.19,2706.35,2704.53,2704.88,503,3,0,503
2024-11-22 12:33:00,2704.89,2707.43,2704.88,2707.19,433,3,0,433
2024-11-22 12:36:00,2707.17,2707.67,2706.3,2707.43,341,3,0,341
2024-11-22 12:39:00,2707.43,2707.43,2706.25,2706.38,375,3,0,375
2024-11-22 12:42:00,2706.36,2707.74,2706.36,2707.55,371,3,0,371
2024-11-22 12:45:00,2707.57,2707.61,2706.21,2706.86,336,3,0,336
2024-11-22 12:48:00,2706.85,2707.09,2706.06,2706.31,369,3,0,369
2024-11-22 12:51:00,2706.31,2707.16,2705.61,2706.9,449,3,0,449
2024-11-22 12:54:00,2706.88,2707.77,2706.49,2707.52,430,3,0,430
2024-11-22 12:57:00,2707.5,2707.96,2707.1,2707.71,314,3,0,314
2024-11-22 13:00:00,2707.73,2709.44,2707.29,2708.67,435,3,0,435
2024-11-22 13:03:00,2708.66,2710.04,2707.81,2709.98,540,3,0,540
2024-11-22 13:06:00,2709.97,2710.14,2707.09,2707.1,604,3,0,604
2024-11-22 13:09:00,2707.1,2708.39,2706.34,2706.96,515,3,0,515
2024-11-22 13:12:00,2706.97,2707.14,2705.98,2705.98,359,3,0,359
2024-11-22 13:15:00,2706.02,2706.58,2703.27,2703.27,451,3,0,451
2024-11-22 13:18:00,2703.2,2704.4,2702.75,2703.8,465,3,0,465
2024-11-22 13:21:00,2703.81,2704.62,2702.68,2702.76,395,3,0,395
2024-11-22 13:24:00,2702.76,2703.9,2702.74,2703.63,371,3,0,371
2024-11-22 13:27:00,2703.62,2703.7,2700.19,2700.7,638,3,0,638
2024-11-22 13:30:00,2700.75,2702.99,2699.8,2702.88,573,3,0,573
2024-11-22 13:33:00,2702.95,2703.5,2700.72,2700.73,443,3,0,443
2024-11-22 13:36:00,2700.72,2700.72,2697.86,2698.8,722,3,0,722
2024-11-22 13:39:00,2698.79,2698.9,2697.13,2697.85,501,3,0,501
2024-11-22 13:42:00,2697.87,2702.68,2697.87,2702.66,520,3,0,520
2024-11-22 13:45:00,2702.68,2703.49,2699.21,2699.77,433,3,0,433
2024-11-22 13:48:00,2699.78,2700.38,2698.77,2698.85,417,3,0,417
2024-11-22 13:51:00,2698.81,2700.51,2697.29,2700.5,490,3,0,490
2024-11-22 13:54:00,2700.49,2700.82,2698.55,2698.75,365,3,0,365
2024-11-22 13:57:00,2698.77,2699.95,2698.43,2698.86,358,3,0,358
2024-11-22 14:00:00,2698.86,2700.27,2698.65,2699.08,457,3,0,457
2024-11-22 14:03:00,2699.12,2700.15,2698.95,2699.71,337,3,0,337
2024-11-22 14:06:00,2699.71,2701.41,2699.13,2699.13,435,3,0,435
2024-11-22 14:09:00,2699.14,2700.55,2698.66,2699.04,401,3,0,401
2024-11-22 14:12:00,2699.04,2700.92,2699.04,2700.23,341,3,0,341
2024-11-22 14:15:00,2700.29,2700.49,2698.17,2698.17,374,3,0,374
2024-11-22 14:18:00,2698.24,2699.74,2697.57,2699.47,430,3,0,430
2024-11-22 14:21:00,2699.43,2700.19,2698.53,2699.03,391,3,0,391
2024-11-22 14:24:00,2699.04,2699.72,2698.17,2698.29,342,3,0,342
2024-11-22 14:27:00,2698.27,2698.98,2697.79,2698.41,395,3,0,395
2024-11-22 14:30:00,2698.39,2699.23,2697.09,2699.23,488,3,0,488
2024-11-22 14:33:00,2699.21,2700.26,2699.1,2699.86,472,3,0,472
2024-11-22 14:36:00,2699.88,2700.07,2699.24,2699.87,399,3,0,399
2024-11-22 14:39:00,2699.89,2702.11,2699.66,2701.5,588,3,0,588
2024-11-22 14:42:00,2701.4,2703.38,2701.24,2703.38,469,3,0,469
2024-11-22 14:45:00,2703.38,2704.75,2703.13,2704.48,550,3,0,550
2024-11-22 14:48:00,2704.47,2704.97,2702.53,2703.41,524,3,0,524
2024-11-22 14:51:00,2703.41,2704.84,2703.11,2703.61,515,3,0,515
2024-11-22 14:54:00,2703.61,2703.91,2702.7,2702.75,322,3,0,322
2024-11-22 14:57:00,2702.76,2703.56,2701.78,2702.98,420,3,0,420
2024-11-22 15:00:00,2703.03,2704.16,2700.64,2701.64,970,3,0,970
2024-11-22 15:03:00,2701.61,2701.61,2699.64,2699.64,756,3,0,756
2024-11-22 15:06:00,2699.64,2700.1,2698.48,2698.82,669,3,0,669
2024-11-22 15:09:00,2698.84,2699.96,2697.18,2697.58,620,3,0,620
2024-11-22 15:12:00,2697.57,2698.79,2697.16,2698.35,609,3,0,609
2024-11-22 15:15:00,2698.3,2700.63,2697.57,2699.73,689,3,0,689
2024-11-22 15:18:00,2699.71,2700.28,2698.23,2699.5,689,3,0,689
2024-11-22 15:21:00,2699.51,2700.5,2697.66,2697.66,729,3,0,729
2024-11-22 15:24:00,2697.72,2698.23,2694.17,2695.32,845,3,0,845
2024-11-22 15:27:00,2695.31,2695.41,2691.0,2691.7,878,3,0,878
2024-11-22 15:30:00,2691.7,2694.07,2690.42,2693.83,814,3,0,814
2024-11-22 15:33:00,2693.82,2694.68,2691.86,2694.59,762,3,0,762
2024-11-22 15:36:00,2694.54,2695.71,2693.48,2693.99,724,3,0,724
2024-11-22 15:39:00,2694.01,2694.73,2692.7,2693.22,678,3,0,678
2024-11-22 15:42:00,2693.25,2693.55,2691.55,2692.07,768,3,0,768
2024-11-22 15:45:00,2692.08,2692.08,2689.39,2690.13,777,3,0,777
2024-11-22 15:48:00,2690.11,2692.79,2689.98,2692.79,688,3,0,688
2024-11-22 15:51:00,2692.79,2695.16,2692.72,2694.1,828,3,0,828
2024-11-22 15:54:00,2694.1,2694.57,2693.37,2693.64,575,3,0,575
2024-11-22 15:57:00,2693.56,2694.48,2692.7,2692.95,567,3,0,567
2024-11-22 16:00:00,2692.97,2693.72,2691.6,2693.08,675,3,0,675
2024-11-22 16:03:00,2693.1,2693.68,2691.04,2691.99,586,3,0,586
2024-11-22 16:06:00,2692.0,2692.19,2689.55,2690.5,749,3,0,749
2024-11-22 16:09:00,2690.51,2692.71,2690.35,2691.55,720,3,0,720
2024-11-22 16:12:00,2691.53,2691.54,2689.54,2689.94,626,3,0,626
2024-11-22 16:15:00,2689.92,2690.9,2689.18,2690.83,668,3,0,668
2024-11-22 16:18:00,2690.83,2692.59,2690.12,2691.49,582,3,0,582
2024-11-22 16:21:00,2691.6,2692.23,2688.97,2689.06,524,3,0,524
2024-11-22 16:24:00,2689.07,2690.01,2688.16,2689.29,658,3,0,658
2024-11-22 16:27:00,2689.27,2689.64,2686.08,2687.65,740,3,0,740
2024-11-22 16:30:00,2687.65,2687.92,2684.48,2685.73,821,3,0,821
2024-11-22 16:33:00,2685.79,2689.09,2685.4,2687.99,882,3,0,882
2024-11-22 16:36:00,2687.98,2690.18,2686.96,2690.04,857,3,0,857
2024-11-22 16:39:00,2690.02,2692.86,2689.58,2692.84,772,3,0,772
2024-11-22 16:42:00,2692.82,2693.49,2691.9,2692.62,696,3,0,696
2024-11-22 16:45:00,2692.38,2692.81,2688.48,2691.33,559,3,0,559
2024-11-22 16:48:00,2691.3,2694.28,2690.56,2693.68,570,3,0,570
2024-11-22 16:51:00,2693.74,2695.16,2692.44,2693.03,640,3,0,640
2024-11-22 16:54:00,2693.02,2695.43,2693.02,2695.04,662,3,0,662
2024-11-22 16:57:00,2695.01,2696.3,2694.31,2694.49,514,3,0,514
2024-11-22 17:00:00,2694.49,2696.54,2694.3,2696.33,637,3,0,637
2024-11-22 17:03:00,2696.33,2697.6,2694.75,2695.08,652,3,0,652
2024-11-22 17:06:00,2695.07,2698.48,2694.84,2698.28,637,3,0,637
2024-11-22 17:09:00,2698.24,2698.29,2694.64,2695.69,556,3,0,556
2024-11-22 17:12:00,2695.69,2697.61,2695.01,2696.02,612,3,0,612
2024-11-22 17:15:00,2696.02,2697.24,2695.48,2697.03,731,3,0,731
2024-11-22 17:18:00,2697.05,2697.15,2695.39,2696.77,592,3,0,592
2024-11-22 17:21:00,2696.78,2698.01,2695.84,2698.0,713,3,0,713
2024-11-22 17:24:00,2697.95,2699.7,2697.72,2699.01,722,3,0,722
2024-11-22 17:27:00,2699.01,2699.94,2698.85,2699.4,646,3,0,646
2024-11-22 17:30:00,2699.4,2699.97,2697.79,2699.09,583,3,0,583
2024-11-22 17:33:00,2699.09,2701.11,2698.78,2699.92,581,3,0,581
2024-11-22 17:36:00,2699.92,2702.18,2699.22,2702.04,614,3,0,614
2024-11-22 17:39:00,2702.08,2703.64,2701.91,2703.56,603,3,0,603
2024-11-22 17:42:00,2703.58,2705.12,2703.52,2704.99,779,3,0,779
2024-11-22 17:45:00,2705.0,2705.11,2702.59,2702.59,732,3,0,732
2024-11-22 17:48:00,2702.61,2702.79,2701.11,2701.64,683,3,0,683
2024-11-22 17:51:00,2701.57,2704.4,2701.48,2703.85,654,3,0,654
2024-11-22 17:54:00,2703.89,2703.94,2702.79,2703.36,563,3,0,563
2024-11-22 17:57:00,2703.38,2703.7,2702.47,2703.7,410,3,0,410
2024-11-22 18:00:00,2703.7,2703.83,2700.93,2701.26,464,3,0,464
2024-11-22 18:03:00,2701.28,2703.23,2700.84,2702.2,506,3,0,506
2024-11-22 18:06:00,2702.15,2704.22,2701.77,2704.01,517,3,0,517
2024-11-22 18:09:00,2704.0,2704.6,2703.7,2704.54,429,3,0,429
2024-11-22 18:12:00,2704.56,2706.55,2704.55,2706.4,757,3,0,757
2024-11-22 18:15:00,2706.4,2706.5,2705.56,2705.68,624,3,0,624
2024-11-22 18:18:00,2705.69,2706.07,2703.75,2703.75,649,3,0,649
2024-11-22 18:21:00,2703.76,2704.37,2701.82,2701.82,598,3,0,598
2024-11-22 18:24:00,2701.7,2702.3,2701.12,2701.51,659,3,0,659
2024-11-22 18:27:00,2701.51,2703.43,2701.38,2702.84,550,3,0,550
2024-11-22 18:30:00,2702.84,2704.13,2702.7,2703.31,468,3,0,468
2024-11-22 18:33:00,2703.3,2703.3,2701.65,2702.76,494,3,0,494
2024-11-22 18:36:00,2702.76,2703.31,2701.77,2703.14,436,3,0,436
2024-11-22 18:39:00,2703.15,2703.53,2701.5,2701.92,462,3,0,462
2024-11-22 18:42:00,2701.89,2704.83,2701.62,2704.81,383,3,0,383
2024-11-22 18:45:00,2704.83,2706.04,2704.71,2706.03,496,3,0,496
2024-11-22 18:48:00,2705.99,2706.4,2705.4,2705.71,513,3,0,513
2024-11-22 18:51:00,2705.73,2706.63,2704.66,2704.69,428,3,0,428
2024-11-22 18:54:00,2704.65,2705.16,2704.2,2704.8,366,3,0,366
2024-11-22 18:57:00,2704.8,2705.66,2704.78,2705.2,439,3,0,439
2024-11-22 19:00:00,2705.2,2706.48,2705.2,2705.51,385,3,0,385
2024-11-22 19:03:00,2705.52,2706.56,2705.23,2705.9,346,3,0,346
2024-11-22 19:06:00,2705.94,2706.29,2704.83,2704.91,388,3,0,388
2024-11-22 19:09:00,2704.9,2706.33,2704.81,2706.28,379,3,0,379
2024-11-22 19:12:00,2706.28,2706.87,2705.66,2705.76,442,3,0,442
2024-11-22 19:15:00,2705.84,2706.02,2704.16,2704.71,412,3,0,412
2024-11-22 19:18:00,2704.7,2704.92,2704.07,2704.8,355,3,0,355
2024-11-22 19:21:00,2704.81,2706.32,2704.7,2705.89,395,3,0,395
2024-11-22 19:24:00,2705.85,2706.5,2705.61,2705.94,321,3,0,321
2024-11-22 19:27:00,2705.93,2706.27,2705.28,2705.46,336,3,0,336
2024-11-22 19:30:00,2705.48,2706.37,2704.92,2706.3,329,3,0,329
2024-11-22 19:33:00,2706.29,2706.43,2705.53,2705.9,282,3,0,282
2024-11-22 19:36:00,2705.91,2706.16,2705.2,2705.52,344,3,0,344
2024-11-22 19:39:00,2705.48,2705.48,2703.69,2704.56,371,3,0,371
2024-11-22 19:42:00,2704.56,2705.49,2704.44,2705.27,352,3,0,352
2024-11-22 19:45:00,2705.27,2705.79,2705.01,2705.22,393,3,0,393
2024-11-22 19:48:00,2705.23,2706.67,2705.16,2706.53,373,3,0,373
2024-11-22 19:51:00,2706.54,2707.08,2705.87,2706.29,415,3,0,415
2024-11-22 19:54:00,2706.29,2706.91,2705.97,2706.58,335,3,0,335
2024-11-22 19:57:00,2706.59,2707.29,2706.24,2706.88,430,3,0,430
2024-11-22 20:00:00,2706.89,2707.97,2706.74,2707.84,449,3,0,449
2024-11-22 20:03:00,2707.88,2708.76,2707.57,2708.71,411,3,0,411
2024-11-22 20:06:00,2708.73,2708.91,2707.75,2708.77,508,3,0,508
2024-11-22 20:09:00,2708.77,2709.34,2708.4,2708.59,461,3,0,461
2024-11-22 20:12:00,2708.58,2709.2,2708.28,2708.92,433,3,0,433
2024-11-22 20:15:00,2708.92,2709.34,2708.39,2709.31,380,3,0,380
2024-11-22 20:18:00,2709.29,2710.45,2708.66,2710.35,429,3,0,429
2024-11-22 20:21:00,2710.34,2710.9,2709.66,2709.73,468,3,0,468
2024-11-22 20:24:00,2709.73,2710.76,2709.54,2710.66,416,3,0,416
2024-11-22 20:27:00,2710.65,2710.92,2709.83,2709.9,546,3,0,546
2024-11-22 20:30:00,2709.91,2711.29,2709.91,2711.2,375,3,0,375
2024-11-22 20:33:00,2711.22,2711.49,2710.17,2710.68,401,3,0,401
2024-11-22 20:36:00,2710.71,2711.2,2710.57,2710.72,344,3,0,344
2024-11-22 20:39:00,2710.73,2710.89,2709.41,2709.48,342,3,0,342
2024-11-22 20:42:00,2709.51,2709.92,2708.64,2709.27,384,3,0,384
2024-11-22 20:45:00,2709.29,2710.93,2709.21,2709.9,356,3,0,356
2024-11-22 20:48:00,2709.9,2710.25,2708.98,2709.57,297,3,0,297
2024-11-22 20:51:00,2709.54,2710.52,2709.42,2710.48,254,3,0,254
2024-11-22 20:54:00,2710.53,2710.73,2710.14,2710.65,226,3,0,226
2024-11-22 20:57:00,2710.65,2711.14,2710.15,2710.91,234,3,0,234
2024-11-22 21:00:00,2710.93,2711.03,2710.0,2710.02,288,3,0,288
2024-11-22 21:03:00,2709.99,2710.15,2708.79,2710.09,250,3,0,250
2024-11-22 21:06:00,2710.05,2710.06,2709.33,2709.33,300,3,0,300
2024-11-22 21:09:00,2709.33,2710.65,2709.33,2710.15,279,3,0,279
2024-11-22 21:12:00,2710.15,2710.94,2709.96,2710.94,332,3,0,332
2024-11-22 21:15:00,2710.94,2711.06,2709.64,2709.69,326,3,0,326
2024-11-22 21:18:00,2709.7,2710.07,2709.62,2710.05,237,3,0,237
2024-11-22 21:21:00,2710.05,2711.14,2709.86,2711.14,320,3,0,320
2024-11-22 21:24:00,2711.17,2711.47,2710.49,2710.52,258,3,0,258
2024-11-22 21:27:00,2710.51,2711.48,2710.48,2710.63,256,3,0,256
2024-11-22 21:30:00,2710.66,2711.41,2710.6,2711.3,189,3,0,189
2024-11-22 21:33:00,2711.32,2711.41,2710.71,2710.83,240,3,0,240
2024-11-22 21:36:00,2710.82,2710.89,2709.84,2709.93,320,3,0,320
2024-11-22 21:39:00,2709.97,2709.99,2708.63,2708.73,308,3,0,308
2024-11-22 21:42:00,2708.76,2709.06,2708.08,2708.56,249,3,0,249
2024-11-22 21:45:00,2708.48,2708.48,2707.17,2707.68,300,3,0,300
2024-11-22 21:48:00,2707.7,2707.87,2707.07,2707.42,245,3,0,245
2024-11-22 21:51:00,2707.42,2708.29,2707.26,2708.06,226,3,0,226
2024-11-22 21:54:00,2708.05,2708.66,2707.79,2708.2,231,3,0,231
2024-11-22 21:57:00,2708.18,2708.68,2708.04,2708.24,278,3,0,278
2024-11-22 22:00:00,2708.19,2708.32,2707.45,2707.87,476,3,0,476
2024-11-22 22:03:00,2707.88,2708.27,2707.16,2707.39,319,3,0,319
2024-11-22 22:06:00,2707.4,2707.51,2706.58,2707.4,329,3,0,329
2024-11-22 22:09:00,2707.4,2707.46,2705.12,2705.22,241,3,0,241
2024-11-22 22:12:00,2705.22,2706.19,2705.13,2706.18,284,3,0,284
2024-11-22 22:15:00,2706.18,2706.35,2705.4,2706.3,286,3,0,286
2024-11-22 22:18:00,2706.32,2706.97,2706.06,2706.86,250,3,0,250
2024-11-22 22:21:00,2706.79,2707.48,2706.55,2707.01,295,3,0,295
2024-11-22 22:24:00,2707.02,2707.2,2706.59,2706.8,230,3,0,230
2024-11-22 22:27:00,2706.8,2708.85,2706.79,2707.82,420,3,0,420
2024-11-22 22:30:00,2707.84,2708.2,2706.74,2706.74,310,3,0,310
2024-11-22 22:33:00,2706.75,2707.25,2706.38,2706.88,273,3,0,273
2024-11-22 22:36:00,2706.86,2707.15,2706.24,2706.24,285,3,0,285
2024-11-22 22:39:00,2706.23,2707.4,2706.2,2707.33,250,3,0,250
2024-11-22 22:42:00,2707.28,2707.52,2706.66,2707.03,252,3,0,252
2024-11-22 22:45:00,2707.03,2707.12,2706.19,2706.19,255,3,0,255
2024-11-22 22:48:00,2706.2,2707.07,2705.81,2705.9,295,3,0,295
2024-11-22 22:51:00,2705.92,2706.75,2705.3,2706.2,279,3,0,279
2024-11-22 22:54:00,2706.18,2706.34,2705.6,2705.81,265,3,0,265
2024-11-22 22:57:00,2705.81,2706.14,2705.53,2705.86,353,3,0,353
2024-11-22 23:00:00,2705.85,2707.08,2705.82,2706.24,268,3,0,268
2024-11-22 23:03:00,2706.28,2706.94,2706.13,2706.68,154,3,0,154
2024-11-22 23:06:00,2706.69,2707.54,2706.6,2707.54,137,3,0,137
2024-11-22 23:09:00,2707.51,2708.62,2707.51,2708.59,124,3,0,124
2024-11-22 23:12:00,2708.57,2709.2,2708.26,2708.83,112,3,0,112
2024-11-22 23:15:00,2708.84,2709.84,2708.53,2709.63,142,3,0,142
2024-11-22 23:18:00,2709.63,2709.77,2709.31,2709.71,102,3,0,102
2024-11-22 23:21:00,2709.76,2709.8,2708.96,2709.13,112,3,0,112
2024-11-22 23:24:00,2709.17,2709.49,2708.88,2709.41,81,3,0,81
2024-11-22 23:27:00,2709.41,2709.8,2709.21,2709.25,131,3,0,131
2024-11-22 23:30:00,2709.28,2709.49,2708.46,2708.48,111,3,0,111
2024-11-22 23:33:00,2708.45,2709.37,2707.91,2708.8,175,3,0,175
2024-11-22 23:36:00,2708.79,2710.92,2708.74,2710.87,340,3,0,340
2024-11-22 23:39:00,2710.88,2711.42,2710.61,2711.21,230,3,0,230
2024-11-22 23:42:00,2711.18,2712.03,2710.76,2712.01,220,3,0,220
2024-11-22 23:45:00,2712.01,2712.88,2711.58,2712.2,248,3,0,248
2024-11-22 23:48:00,2712.22,2712.93,2712.1,2712.38,243,3,0,243
2024-11-22 23:51:00,2712.39,2715.31,2712.39,2715.04,225,3,0,225
2024-11-22 23:54:00,2715.0,2715.55,2714.27,2715.4,245,3,0,245
2024-11-22 23:57:00,2715.44,2716.05,2714.95,2715.95,152,3,0,152
2024-11-25 01:03:00,2712.19,2712.86,2710.29,2711.92,140,3,0,140
2024-11-25 01:06:00,2711.9,2713.83,2711.46,2713.44,239,3,0,239
2024-11-25 01:09:00,2713.49,2714.0,2711.88,2712.79,411,3,0,411
2024-11-25 01:12:00,2712.79,2713.63,2712.45,2713.61,240,3,0,240
2024-11-25 01:15:00,2713.64,2715.44,2712.98,2715.28,314,3,0,314
2024-11-25 01:18:00,2715.3,2716.65,2714.46,2716.46,320,3,0,320
2024-11-25 01:21:00,2716.47,2716.63,2715.19,2715.9,341,3,0,341
2024-11-25 01:24:00,2715.92,2716.09,2711.42,2715.32,420,3,0,420
2024-11-25 01:27:00,2715.34,2718.18,2714.87,2717.84,450,3,0,450
2024-11-25 01:30:00,2717.83,2718.69,2717.04,2717.47,421,3,0,421
2024-11-25 01:33:00,2717.48,2717.75,2716.52,2716.68,268,3,0,268
2024-11-25 01:36:00,2716.68,2716.71,2715.48,2716.5,212,3,0,212
2024-11-25 01:39:00,2716.5,2720.86,2716.34,2720.83,448,3,0,448
2024-11-25 01:42:00,2720.84,2721.41,2717.41,2717.72,527,3,0,527
2024-11-25 01:45:00,2717.71,2718.69,2716.76,2718.69,355,3,0,355
2024-11-25 01:48:00,2718.7,2719.65,2718.45,2718.62,282,3,0,282
2024-11-25 01:51:00,2718.6,2720.16,2718.46,2719.58,303,3,0,303
2024-11-25 01:54:00,2719.57,2720.12,2718.99,2719.99,197,3,0,197
2024-11-25 01:57:00,2720.0,2720.27,2719.54,2719.87,143,3,0,143
2024-11-25 02:00:00,2719.87,2720.13,2717.31,2717.68,436,3,0,436
2024-11-25 02:03:00,2717.68,2718.12,2717.02,2717.51,354,3,0,354
2024-11-25 02:06:00,2717.5,2719.66,2717.46,2719.34,333,3,0,333
2024-11-25 02:09:00,2719.35,2719.37,2718.67,2719.01,199,3,0,199
2024-11-25 02:12:00,2719.01,2719.85,2719.01,2719.29,245,3,0,245
2024-11-25 02:15:00,2719.25,2719.72,2718.62,2719.42,386,3,0,386
2024-11-25 02:18:00,2719.42,2720.24,2717.67,2718.11,450,3,0,450
2024-11-25 02:21:00,2718.06,2718.15,2716.79,2716.9,266,3,0,266
2024-11-25 02:24:00,2716.87,2717.82,2716.34,2717.21,356,3,0,356
2024-11-25 02:27:00,2717.28,2717.32,2716.02,2716.64,310,3,0,310
2024-11-25 02:30:00,2716.66,2716.86,2715.89,2716.17,333,3,0,333
2024-11-25 02:33:00,2716.14,2716.29,2712.95,2713.61,443,3,0,443
2024-11-25 02:36:00,2713.59,2714.6,2712.22,2713.11,405,3,0,405
2024-11-25 02:39:00,2713.1,2713.96,2712.94,2713.5,310,3,0,310
2024-11-25 02:42:00,2713.49,2714.46,2712.54,2712.84,422,3,0,422
2024-11-25 02:45:00,2712.84,2712.84,2710.91,2711.89,453,3,0,453
2024-11-25 02:48:00,2711.9,2713.7,2711.9,2713.63,315,3,0,315
2024-11-25 02:51:00,2713.63,2713.87,2711.21,2712.13,432,3,0,432
2024-11-25 02:54:00,2712.1,2712.48,2711.1,2711.1,308,3,0,308
2024-11-25 02:57:00,2711.11,2711.42,2709.88,2710.63,379,3,0,379
2024-11-25 03:00:00,2710.72,2710.91,2705.65,2705.69,1071,3,0,1071
2024-11-25 03:03:00,2705.71,2706.84,2700.58,2701.14,1061,3,0,1061
2024-11-25 03:06:00,2701.15,2703.22,2700.09,2700.58,978,3,0,978
2024-11-25 03:09:00,2700.57,2703.48,2700.06,2702.65,968,3,0,968
2024-11-25 03:12:00,2702.63,2704.29,2701.39,2703.5,811,3,0,811
2024-11-25 03:15:00,2703.49,2705.5,2702.78,2703.87,820,3,0,820
2024-11-25 03:18:00,2703.87,2704.53,2701.37,2703.16,829,3,0,829
2024-11-25 03:21:00,2703.2,2703.72,2700.07,2701.12,804,3,0,804
2024-11-25 03:24:00,2701.05,2703.41,2701.05,2701.42,755,3,0,755
2024-11-25 03:27:00,2701.44,2702.91,2700.8,2702.04,702,3,0,702
2024-11-25 03:30:00,2702.05,2702.67,2696.15,2696.44,843,3,0,843
2024-11-25 03:33:00,2696.46,2699.45,2694.96,2699.05,704,3,0,704
2024-11-25 03:36:00,2699.1,2699.63,2696.72,2698.91,879,3,0,879
2024-11-25 03:39:00,2698.9,2699.72,2697.96,2699.37,781,3,0,781
2024-11-25 03:42:00,2699.39,2700.04,2697.6,2697.83,798,3,0,798
2024-11-25 03:45:00,2697.85,2699.42,2697.43,2698.41,699,3,0,699
2024-11-25 03:48:00,2698.41,2699.81,2697.86,2699.08,669,3,0,669
2024-11-25 03:51:00,2699.08,2699.57,2697.7,2699.02,630,3,0,630
2024-11-25 03:54:00,2698.97,2701.49,2698.42,2701.04,701,3,0,701
2024-11-25 03:57:00,2701.05,2701.54,2699.57,2701.29,702,3,0,702
2024-11-25 04:00:00,2701.29,2702.17,2700.49,2700.79,675,3,0,675
2024-11-25 04:03:00,2700.8,2701.07,2699.56,2700.33,748,3,0,748
2024-11-25 04:06:00,2700.31,2702.62,2700.3,2702.34,546,3,0,546
2024-11-25 04:09:00,2702.34,2704.47,2701.89,2703.93,615,3,0,615
2024-11-25 04:12:00,2703.92,2704.41,2700.93,2701.97,732,3,0,732
2024-11-25 04:15:00,2701.97,2702.27,2701.41,2701.7,353,3,0,353
2024-11-25 04:18:00,2701.7,2701.7,2700.69,2701.14,345,3,0,345
2024-11-25 04:21:00,2701.12,2701.44,2699.9,2700.97,265,3,0,265
2024-11-25 04:24:00,2700.96,2702.12,2700.54,2702.07,331,3,0,331
2024-11-25 04:27:00,2702.09,2702.29,2700.57,2701.17,341,3,0,341
2024-11-25 04:30:00,2701.18,2701.86,2699.6,2700.08,713,3,0,713
2024-11-25 04:33:00,2700.11,2701.44,2699.9,2700.97,469,3,0,469
2024-11-25 04:36:00,2700.98,2700.98,2699.45,2699.98,627,3,0,627
2024-11-25 04:39:00,2699.97,2701.12,2699.67,2700.02,591,3,0,591
2024-11-25 04:42:00,2700.02,2700.54,2699.59,2699.76,456,3,0,456
2024-11-25 04:45:00,2699.77,2699.77,2695.9,2697.02,679,3,0,679
2024-11-25 04:48:00,2697.03,2697.33,2692.42,2693.08,699,3,0,699
2024-11-25 04:51:00,2693.16,2695.93,2693.08,2695.77,539,3,0,539
2024-11-25 04:54:00,2695.76,2695.8,2694.39,2695.1,565,3,0,565
2024-11-25 04:57:00,2695.16,2695.96,2694.92,2695.29,426,3,0,426
2024-11-25 05:00:00,2695.3,2696.36,2694.01,2694.02,468,3,0,468
2024-11-25 05:03:00,2694.04,2696.93,2693.36,2696.71,537,3,0,537
2024-11-25 05:06:00,2696.67,2697.45,2694.82,2695.69,695,3,0,695
2024-11-25 05:09:00,2695.69,2695.71,2694.71,2694.95,548,3,0,548
2024-11-25 05:12:00,2694.9,2694.9,2693.5,2694.41,518,3,0,518
2024-11-25 05:15:00,2694.42,2694.49,2693.37,2693.68,484,3,0,484
2024-11-25 05:18:00,2693.67,2693.88,2690.47,2690.8,565,3,0,565
2024-11-25 05:21:00,2690.79,2691.83,2688.73,2689.5,507,3,0,507
2024-11-25 05:24:00,2689.5,2689.63,2679.28,2679.89,803,3,0,803
2024-11-25 05:27:00,2679.79,2682.78,2658.97,2671.57,1369,3,0,1369
2024-11-25 05:30:00,2671.46,2672.73,2665.66,2670.37,1043,3,0,1043
2024-11-25 05:33:00,2670.37,2674.84,2670.03,2673.18,799,3,0,799
2024-11-25 05:36:00,2673.19,2675.71,2672.76,2674.94,611,3,0,611
2024-11-25 05:39:00,2675.03,2675.36,2671.23,2672.67,605,3,0,605
2024-11-25 05:42:00,2672.66,2674.07,2671.47,2672.35,454,3,0,454
2024-11-25 05:45:00,2672.34,2675.0,2672.05,2675.0,365,3,0,365
2024-11-25 05:48:00,2675.0,2676.25,2671.68,2672.69,552,3,0,552
2024-11-25 05:51:00,2672.82,2673.76,2668.02,2668.95,471,3,0,471
2024-11-25 05:54:00,2668.95,2671.88,2668.95,2671.1,325,3,0,325
2024-11-25 05:57:00,2671.1,2673.07,2671.1,2672.36,300,3,0,300
2024-11-25 06:00:00,2672.32,2674.91,2670.74,2674.5,497,3,0,497
2024-11-25 06:03:00,2674.47,2675.57,2673.51,2675.25,461,3,0,461
2024-11-25 06:06:00,2675.23,2676.35,2675.06,2675.25,302,3,0,302
2024-11-25 06:09:00,2675.2,2675.2,2671.45,2672.03,506,3,0,506
2024-11-25 06:12:00,2672.05,2672.13,2668.78,2670.14,528,3,0,528
2024-11-25 06:15:00,2670.14,2670.19,2666.0,2668.98,565,3,0,565
2024-11-25 06:18:00,2668.99,2669.29,2663.93,2666.35,465,3,0,465
2024-11-25 06:21:00,2666.29,2668.22,2666.2,2668.04,380,3,0,380
2024-11-25 06:24:00,2668.03,2669.13,2666.55,2669.13,296,3,0,296
2024-11-25 06:27:00,2669.15,2671.54,2668.69,2671.33,384,3,0,384
2024-11-25 06:30:00,2671.36,2672.17,2670.61,2670.63,381,3,0,381
2024-11-25 06:33:00,2670.61,2671.35,2670.3,2671.08,332,3,0,332
2024-11-25 06:36:00,2671.07,2674.11,2670.96,2674.01,271,3,0,271
2024-11-25 06:39:00,2674.02,2674.1,2672.12,2672.6,313,3,0,313
2024-11-25 06:42:00,2672.59,2673.42,2671.94,2673.09,265,3,0,265
2024-11-25 06:45:00,2673.1,2673.78,2673.02,2673.16,183,3,0,183
2024-11-25 06:48:00,2673.17,2673.73,2672.18,2673.19,309,3,0,309
2024-11-25 06:51:00,2673.23,2673.63,2672.97,2673.1,310,3,0,310
2024-11-25 06:54:00,2673.12,2673.62,2671.64,2672.28,306,3,0,306
2024-11-25 06:57:00,2672.28,2672.9,2671.08,2672.47,388,3,0,388
2024-11-25 07:00:00,2672.49,2672.56,2670.99,2671.42,317,3,0,317
2024-11-25 07:03:00,2671.41,2672.33,2671.23,2672.03,254,3,0,254
2024-11-25 07:06:00,2672.01,2672.59,2670.6,2672.0,341,3,0,341
2024-11-25 07:09:00,2671.98,2674.01,2671.94,2673.18,400,3,0,400
2024-11-25 07:12:00,2673.13,2673.65,2672.49,2673.2,262,3,0,262
2024-11-25 07:15:00,2673.18,2673.32,2669.19,2669.82,336,3,0,336
2024-11-25 07:18:00,2669.82,2670.52,2668.49,2669.94,382,3,0,382
2024-11-25 07:21:00,2669.91,2671.32,2669.56,2671.28,239,3,0,239
2024-11-25 07:24:00,2671.3,2672.37,2671.22,2671.43,249,3,0,249
2024-11-25 07:27:00,2671.45,2672.95,2671.31,2672.75,206,3,0,206
2024-11-25 07:30:00,2672.75,2672.75,2663.39,2663.54,938,3,0,938
2024-11-25 07:33:00,2663.54,2670.05,2663.5,2669.59,778,3,0,778
2024-11-25 07:36:00,2669.59,2670.45,2667.59,2668.68,650,3,0,650
2024-11-25 07:39:00,2668.71,2669.43,2667.41,2667.59,781,3,0,781
2024-11-25 07:42:00,2667.58,2668.04,2664.05,2666.15,863,3,0,863
2024-11-25 07:45:00,2666.13,2666.15,2662.83,2662.83,667,3,0,667
2024-11-25 07:48:00,2662.49,2663.12,2659.23,2662.4,1000,3,0,1000
2024-11-25 07:51:00,2662.37,2663.62,2658.24,2658.41,808,3,0,808
2024-11-25 07:54:00,2658.38,2661.91,2658.27,2660.93,708,3,0,708
2024-11-25 07:57:00,2660.9,2664.95,2660.82,2664.79,711,3,0,711
2024-11-25 08:00:00,2664.78,2665.26,2661.72,2662.36,685,3,0,685
2024-11-25 08:03:00,2662.36,2664.45,2662.14,2663.92,665,3,0,665
2024-11-25 08:06:00,2663.85,2664.62,2661.77,2664.62,602,3,0,602
2024-11-25 08:09:00,2664.61,2668.78,2664.11,2666.72,742,3,0,742
2024-11-25 08:12:00,2666.71,2667.37,2665.42,2667.26,614,3,0,614
2024-11-25 08:15:00,2667.27,2667.27,2665.66,2666.24,561,3,0,561
2024-11-25 08:18:00,2666.28,2667.57,2663.53,2666.77,787,3,0,787
2024-11-25 08:21:00,2666.75,2667.59,2665.46,2667.54,603,3,0,603
2024-11-25 08:24:00,2667.49,2669.29,2667.07,2667.09,819,3,0,819
2024-11-25 08:27:00,2667.07,2668.56,2666.97,2667.76,505,3,0,505
2024-11-25 08:30:00,2667.69,2670.18,2667.47,2670.05,623,3,0,623
2024-11-25 08:33:00,2670.02,2670.02,2666.39,2667.54,615,3,0,615
2024-11-25 08:36:00,2667.54,2669.24,2666.49,2667.16,499,3,0,499
2024-11-25 08:39:00,2667.14,2668.09,2665.96,2667.81,521,3,0,521
2024-11-25 08:42:00,2667.82,2669.85,2667.2,2667.61,421,3,0,421
2024-11-25 08:45:00,2667.61,2668.75,2667.08,2668.25,444,3,0,444
2024-11-25 08:48:00,2668.27,2668.35,2666.36,2666.5,420,3,0,420
2024-11-25 08:51:00,2666.48,2666.68,2664.77,2664.81,431,3,0,431
2024-11-25 08:54:00,2664.89,2665.92,2664.78,2665.13,468,3,0,468
2024-11-25 08:57:00,2665.13,2667.36,2664.98,2666.94,418,3,0,418
2024-11-25 09:00:00,2666.96,2668.28,2665.9,2668.26,483,3,0,483
2024-11-25 09:03:00,2668.19,2668.19,2665.79,2667.0,428,3,0,428
2024-11-25 09:06:00,2667.0,2667.2,2665.66,2665.9,389,3,0,389
2024-11-25 09:09:00,2665.91,2668.18,2665.91,2667.61,329,3,0,329
2024-11-25 09:12:00,2667.61,2667.61,2665.53,2666.64,352,3,0,352
2024-11-25 09:15:00,2666.64,2669.43,2666.35,2668.99,336,3,0,336
2024-11-25 09:18:00,2668.99,2671.72,2668.96,2670.65,463,3,0,463
2024-11-25 09:21:00,2670.65,2672.55,2670.18,2671.52,657,3,0,657
2024-11-25 09:24:00,2671.52,2671.94,2667.31,2667.5,659,3,0,659
2024-11-25 09:27:00,2667.44,2669.23,2667.01,2667.12,493,3,0,493
2024-11-25 09:30:00,2667.12,2668.25,2666.43,2666.97,464,3,0,464
2024-11-25 09:33:00,2666.99,2667.0,2665.32,2666.0,404,3,0,404
2024-11-25 09:36:00,2666.02,2667.75,2663.83,2667.07,544,3,0,544
2024-11-25 09:39:00,2667.07,2668.17,2665.52,2667.91,326,3,0,326
2024-11-25 09:42:00,2667.91,2668.85,2666.59,2668.23,425,3,0,425
2024-11-25 09:45:00,2668.23,2670.3,2667.84,2668.16,496,3,0,496
2024-11-25 09:48:00,2668.14,2670.12,2667.83,2670.02,401,3,0,401
2024-11-25 09:51:00,2670.03,2670.05,2668.43,2668.49,380,3,0,380
2024-11-25 09:54:00,2668.47,2668.48,2666.38,2666.88,458,3,0,458
2024-11-25 09:57:00,2666.88,2668.14,2666.61,2667.82,471,3,0,471
2024-11-25 10:00:00,2667.85,2669.63,2667.47,2669.3,580,3,0,580
2024-11-25 10:03:00,2669.3,2670.96,2669.0,2670.55,579,3,0,579
2024-11-25 10:06:00,2670.54,2670.85,2668.19,2668.75,534,3,0,534
2024-11-25 10:09:00,2668.78,2670.44,2667.19,2669.86,579,3,0,579
2024-11-25 10:12:00,2669.86,2670.35,2669.2,2670.04,510,3,0,510
2024-11-25 10:15:00,2670.05,2671.86,2668.55,2671.68,734,3,0,734
2024-11-25 10:18:00,2671.69,2673.59,2670.41,2670.56,828,3,0,828
2024-11-25 10:21:00,2670.56,2671.43,2669.39,2670.47,430,3,0,430
2024-11-25 10:24:00,2670.47,2672.12,2670.3,2671.24,421,3,0,421
2024-11-25 10:27:00,2671.26,2671.36,2670.07,2670.38,408,3,0,408
2024-11-25 10:30:00,2670.38,2670.38,2668.91,2669.96,512,3,0,512
2024-11-25 10:33:00,2669.99,2670.02,2668.0,2669.06,457,3,0,457
2024-11-25 10:36:00,2669.06,2670.31,2668.49,2669.95,390,3,0,390
2024-11-25 10:39:00,2669.94,2671.54,2669.43,2671.32,343,3,0,343
2024-11-25 10:42:00,2671.32,2671.71,2670.58,2671.33,336,3,0,336
2024-11-25 10:45:00,2671.33,2671.57,2669.53,2670.73,511,3,0,511
2024-11-25 10:48:00,2670.74,2671.09,2669.7,2670.54,428,3,0,428
2024-11-25 10:51:00,2670.53,2670.76,2669.78,2670.46,257,3,0,257
2024-11-25 10:54:00,2670.46,2671.69,2670.37,2671.41,350,3,0,350
2024-11-25 10:57:00,2671.4,2672.38,2671.34,2672.06,299,3,0,299
2024-11-25 11:00:00,2672.06,2673.76,2671.85,2673.76,515,3,0,515
2024-11-25 11:03:00,2673.8,2674.48,2673.09,2673.55,570,3,0,570
2024-11-25 11:06:00,2673.56,2674.25,2672.4,2672.95,543,3,0,543
2024-11-25 11:09:00,2672.95,2673.87,2672.22,2673.79,401,3,0,401
2024-11-25 11:12:00,2673.78,2674.57,2672.33,2674.56,385,3,0,385
2024-11-25 11:15:00,2674.56,2675.03,2673.85,2674.93,468,3,0,468
2024-11-25 11:18:00,2674.93,2675.22,2672.88,2673.17,373,3,0,373
2024-11-25 11:21:00,2673.18,2673.7,2671.72,2672.01,427,3,0,427
2024-11-25 11:24:00,2672.03,2672.5,2669.97,2670.17,575,3,0,575
2024-11-25 11:27:00,2670.11,2672.24,2670.07,2671.79,374,3,0,374
2024-11-25 11:30:00,2671.76,2672.65,2671.63,2671.88,304,3,0,304
2024-11-25 11:33:00,2671.9,2671.93,2671.21,2671.49,340,3,0,340
2024-11-25 11:36:00,2671.45,2673.01,2671.31,2672.76,381,3,0,381
2024-11-25 11:39:00,2672.78,2673.1,2672.04,2673.09,354,3,0,354
2024-11-25 11:42:00,2673.11,2673.77,2673.08,2673.68,271,3,0,271
2024-11-25 11:45:00,2673.67,2674.47,2673.56,2674.47,302,3,0,302
2024-11-25 11:48:00,2674.49,2674.87,2674.05,2674.09,341,3,0,341
2024-11-25 11:51:00,2674.08,2674.86,2673.68,2674.58,239,3,0,239
2024-11-25 11:54:00,2674.57,2675.24,2673.95,2674.82,361,3,0,361
2024-11-25 11:57:00,2674.93,2675.17,2673.63,2673.93,385,3,0,385
2024-11-25 12:00:00,2673.93,2674.14,2672.57,2673.95,342,3,0,342
2024-11-25 12:03:00,2673.95,2674.14,2672.63,2673.07,302,3,0,302
2024-11-25 12:06:00,2673.08,2673.24,2671.67,2672.38,347,3,0,347
2024-11-25 12:09:00,2672.37,2673.26,2670.48,2670.49,331,3,0,331
2024-11-25 12:12:00,2670.52,2671.26,2670.2,2670.32,414,3,0,414
2024-11-25 12:15:00,2670.3,2671.6,2670.3,2670.62,439,3,0,439
2024-11-25 12:18:00,2670.63,2670.72,2669.29,2669.32,371,3,0,371
2024-11-25 12:21:00,2669.31,2671.42,2669.25,2671.42,325,3,0,325
2024-11-25 12:24:00,2671.41,2671.41,2669.8,2669.82,323,3,0,323
2024-11-25 12:27:00,2669.82,2670.38,2668.84,2669.83,421,3,0,421
2024-11-25 12:30:00,2669.84,2670.97,2669.5,2670.16,397,3,0,397
2024-11-25 12:33:00,2670.18,2671.35,2669.81,2670.89,340,3,0,340
2024-11-25 12:36:00,2670.89,2672.54,2670.89,2671.94,304,3,0,304
2024-11-25 12:39:00,2671.94,2673.37,2671.92,2673.37,242,3,0,242
2024-11-25 12:42:00,2673.36,2673.75,2672.19,2672.63,362,3,0,362
2024-11-25 12:45:00,2672.66,2673.83,2672.62,2673.74,333,3,0,333
2024-11-25 12:48:00,2673.75,2674.12,2672.99,2673.32,394,3,0,394
2024-11-25 12:51:00,2673.28,2675.19,2673.0,2675.01,329,3,0,329
2024-11-25 12:54:00,2675.01,2677.37,2674.94,2677.15,481,3,0,481
2024-11-25 12:57:00,2677.13,2678.14,2677.11,2677.79,456,3,0,456
2024-11-25 13:00:00,2677.73,2679.77,2677.7,2679.18,591,3,0,591
2024-11-25 13:03:00,2679.18,2679.61,2677.67,2678.98,390,3,0,390
2024-11-25 13:06:00,2679.01,2680.77,2678.83,2680.66,324,3,0,324
2024-11-25 13:09:00,2680.62,2682.73,2680.61,2682.71,397,3,0,397
2024-11-25 13:12:00,2682.71,2683.94,2682.48,2683.37,401,3,0,401
2024-11-25 13:15:00,2683.37,2684.98,2683.09,2684.46,326,3,0,326
2024-11-25 13:18:00,2684.46,2685.23,2684.33,2685.22,347,3,0,347
2024-11-25 13:21:00,2685.21,2685.26,2684.11,2685.12,350,3,0,350
2024-11-25 13:24:00,2685.13,2686.12,2683.75,2683.75,427,3,0,427
2024-11-25 13:27:00,2683.74,2684.3,2682.43,2683.45,428,3,0,428
2024-11-25 13:30:00,2683.45,2686.58,2683.44,2686.48,399,3,0,399
2024-11-25 13:33:00,2686.48,2687.1,2684.18,2684.9,460,3,0,460
2024-11-25 13:36:00,2684.99,2686.92,2684.99,2686.79,410,3,0,410
2024-11-25 13:39:00,2686.81,2687.84,2686.35,2687.69,424,3,0,424
2024-11-25 13:42:00,2687.67,2688.12,2686.39,2686.85,387,3,0,387
2024-11-25 13:45:00,2686.84,2687.46,2686.61,2687.23,399,3,0,399
2024-11-25 13:48:00,2687.25,2687.41,2686.22,2687.31,385,3,0,385
2024-11-25 13:51:00,2687.32,2688.59,2686.49,2687.68,375,3,0,375
2024-11-25 13:54:00,2687.69,2688.57,2687.55,2688.15,346,3,0,346
2024-11-25 13:57:00,2688.16,2688.8,2686.91,2686.91,323,3,0,323
2024-11-25 14:00:00,2686.91,2687.09,2684.22,2684.93,603,3,0,603
2024-11-25 14:03:00,2684.91,2686.37,2684.74,2686.1,511,3,0,511
2024-11-25 14:06:00,2686.13,2686.41,2685.35,2685.73,411,3,0,411
2024-11-25 14:09:00,2685.77,2686.28,2682.95,2682.95,508,3,0,508
2024-11-25 14:12:00,2682.92,2683.56,2682.28,2683.5,426,3,0,426
2024-11-25 14:15:00,2683.5,2683.52,2681.66,2681.7,396,3,0,396
2024-11-25 14:18:00,2681.69,2681.95,2680.01,2680.46,465,3,0,465
2024-11-25 14:21:00,2680.42,2682.24,2680.42,2681.16,392,3,0,392
2024-11-25 14:24:00,2681.13,2682.48,2681.13,2682.34,374,3,0,374
2024-11-25 14:27:00,2682.38,2682.6,2681.79,2682.23,369,3,0,369
2024-11-25 14:30:00,2682.21,2683.54,2681.79,2683.53,377,3,0,377
2024-11-25 14:33:00,2683.48,2684.53,2683.27,2684.2,392,3,0,392
2024-11-25 14:36:00,2684.2,2684.72,2683.29,2684.7,380,3,0,380
2024-11-25 14:39:00,2684.69,2684.75,2682.41,2682.8,404,3,0,404
2024-11-25 14:42:00,2682.83,2683.71,2680.79,2681.02,440,3,0,440
2024-11-25 14:45:00,2681.01,2681.85,2680.24,2680.32,362,3,0,362
2024-11-25 14:48:00,2680.32,2681.67,2680.22,2680.47,325,3,0,325
2024-11-25 14:51:00,2680.47,2681.58,2680.44,2680.97,257,3,0,257
2024-11-25 14:54:00,2680.96,2682.29,2680.76,2681.55,369,3,0,369
2024-11-25 14:57:00,2681.5,2681.66,2680.31,2680.99,468,3,0,468
2024-11-25 15:00:00,2680.98,2681.48,2676.71,2680.94,1008,3,0,1008
2024-11-25 15:03:00,2680.94,2681.26,2679.53,2680.06,862,3,0,862
2024-11-25 15:06:00,2680.06,2683.77,2680.06,2683.07,910,3,0,910
2024-11-25 15:09:00,2683.13,2683.81,2682.16,2683.65,694,3,0,694
2024-11-25 15:12:00,2683.57,2685.46,2682.89,2684.33,835,3,0,835
2024-11-25 15:15:00,2684.39,2685.04,2682.62,2684.35,705,3,0,705
2024-11-25 15:18:00,2684.32,2684.78,2682.79,2683.38,809,3,0,809
2024-11-25 15:21:00,2683.41,2686.17,2682.14,2686.15,644,3,0,644
2024-11-25 15:24:00,2686.12,2687.07,2684.41,2686.9,657,3,0,657
2024-11-25 15:27:00,2686.91,2686.95,2684.96,2685.51,484,3,0,484
2024-11-25 15:30:00,2685.52,2687.92,2684.25,2684.83,729,3,0,729
2024-11-25 15:33:00,2684.56,2684.71,2681.28,2681.97,703,3,0,703
2024-11-25 15:36:00,2681.97,2682.73,2680.78,2680.94,681,3,0,681
2024-11-25 15:39:00,2680.93,2681.6,2678.1,2678.36,602,3,0,602
2024-11-25 15:42:00,2678.33,2682.18,2678.17,2681.29,770,3,0,770
2024-11-25 15:45:00,2681.27,2681.78,2679.4,2679.9,562,3,0,562
2024-11-25 15:48:00,2679.9,2680.38,2678.28,2678.71,708,3,0,708
2024-11-25 15:51:00,2678.68,2681.53,2678.44,2681.11,708,3,0,708
2024-11-25 15:54:00,2681.11,2681.39,2677.1,2678.31,730,3,0,730
2024-11-25 15:57:00,2678.27,2679.05,2677.54,2678.33,660,3,0,660
2024-11-25 16:00:00,2678.33,2678.75,2673.66,2674.85,971,3,0,971
2024-11-25 16:03:00,2674.83,2675.5,2672.38,2674.05,807,3,0,807
2024-11-25 16:06:00,2674.04,2674.57,2668.82,2668.94,959,3,0,959
2024-11-25 16:09:00,2668.95,2669.7,2660.49,2664.78,1151,3,0,1151
2024-11-25 16:12:00,2664.86,2664.86,2659.73,2660.73,1060,3,0,1060
2024-11-25 16:15:00,2660.75,2660.75,2651.72,2652.38,1263,3,0,1263
2024-11-25 16:18:00,2652.5,2652.77,2644.37,2647.2,1132,3,0,1132
2024-11-25 16:21:00,2647.22,2647.8,2640.31,2641.98,1202,3,0,1202
2024-11-25 16:24:00,2641.96,2648.78,2639.94,2648.78,1155,3,0,1155
2024-11-25 16:27:00,2648.8,2649.39,2644.32,2645.56,1048,3,0,1048
2024-11-25 16:30:00,2645.56,2646.75,2642.05,2645.3,865,3,0,865
2024-11-25 16:33:00,2645.3,2646.18,2641.14,2642.43,847,3,0,847
2024-11-25 16:36:00,2642.42,2643.23,2636.01,2640.39,1048,3,0,1048
2024-11-25 16:39:00,2640.39,2642.78,2639.28,2639.82,855,3,0,855
2024-11-25 16:42:00,2639.82,2639.87,2633.72,2634.44,965,3,0,965
2024-11-25 16:45:00,2634.39,2642.46,2634.01,2642.19,916,3,0,916
2024-11-25 16:48:00,2642.22,2644.72,2641.86,2642.72,876,3,0,876
2024-11-25 16:51:00,2642.78,2643.72,2640.76,2640.95,692,3,0,692
2024-11-25 16:54:00,2641.1,2641.32,2636.12,2638.97,727,3,0,727
2024-11-25 16:57:00,2639.11,2641.49,2637.96,2641.4,781,3,0,781
2024-11-25 17:00:00,2641.39,2641.68,2635.75,2637.06,758,3,0,758
2024-11-25 17:03:00,2637.07,2637.9,2634.78,2635.68,724,3,0,724
2024-11-25 17:06:00,2635.64,2638.67,2633.26,2634.77,834,3,0,834
2024-11-25 17:09:00,2634.74,2634.88,2630.78,2631.31,830,3,0,830
2024-11-25 17:12:00,2631.33,2634.54,2631.25,2634.25,775,3,0,775
2024-11-25 17:15:00,2634.25,2635.36,2631.56,2632.25,787,3,0,787
2024-11-25 17:18:00,2632.2,2634.08,2630.42,2631.33,875,3,0,875
2024-11-25 17:21:00,2631.29,2632.91,2629.99,2632.35,741,3,0,741
2024-11-25 17:24:00,2632.34,2636.06,2632.34,2634.94,757,3,0,757
2024-11-25 17:27:00,2634.94,2637.72,2633.68,2636.91,662,3,0,662
2024-11-25 17:30:00,2636.93,2638.62,2634.59,2634.77,767,3,0,767
2024-11-25 17:33:00,2634.83,2636.62,2634.57,2635.75,716,3,0,716
2024-11-25 17:36:00,2635.74,2636.92,2634.6,2635.02,693,3,0,693
2024-11-25 17:39:00,2635.02,2635.48,2633.73,2634.3,710,3,0,710
2024-11-25 17:42:00,2634.31,2634.55,2631.33,2631.66,738,3,0,738
2024-11-25 17:45:00,2631.66,2634.24,2631.53,2633.84,600,3,0,600
2024-11-25 17:48:00,2633.89,2634.01,2631.41,2632.15,664,3,0,664
2024-11-25 17:51:00,2632.1,2632.52,2630.34,2630.34,623,3,0,623
2024-11-25 17:54:00,2630.35,2630.66,2628.61,2629.13,598,3,0,598
2024-11-25 17:57:00,2629.15,2629.22,2626.41,2628.3,525,3,0,525
2024-11-25 18:00:00,2628.34,2633.11,2628.34,2633.05,512,3,0,512
2024-11-25 18:03:00,2633.02,2634.18,2632.58,2633.27,587,3,0,587
2024-11-25 18:06:00,2633.26,2634.49,2632.13,2633.71,550,3,0,550
2024-11-25 18:09:00,2633.73,2634.61,2632.08,2632.63,494,3,0,494
2024-11-25 18:12:00,2632.62,2633.12,2630.33,2631.22,589,3,0,589
2024-11-25 18:15:00,2631.22,2633.57,2630.73,2632.79,586,3,0,586
2024-11-25 18:18:00,2632.78,2633.59,2632.01,2632.67,512,3,0,512
2024-11-25 18:21:00,2632.67,2632.86,2631.31,2632.53,526,3,0,526
2024-11-25 18:24:00,2632.52,2632.59,2631.15,2632.21,538,3,0,538
2024-11-25 18:27:00,2632.07,2632.87,2630.68,2632.21,496,3,0,496
2024-11-25 18:30:00,2632.21,2635.54,2631.91,2635.38,620,3,0,620
2024-11-25 18:33:00,2635.38,2636.86,2635.38,2635.8,633,3,0,633
2024-11-25 18:36:00,2635.87,2639.47,2635.84,2638.09,949,3,0,949
2024-11-25 18:39:00,2638.11,2638.18,2635.68,2636.37,607,3,0,607
2024-11-25 18:42:00,2636.4,2636.46,2634.28,2634.91,516,3,0,516
2024-11-25 18:45:00,2634.93,2635.03,2632.74,2632.9,590,3,0,590
2024-11-25 18:48:00,2632.89,2633.63,2631.33,2631.68,538,3,0,538
2024-11-25 18:51:00,2631.67,2632.81,2631.17,2631.57,469,3,0,469
2024-11-25 18:54:00,2631.51,2632.01,2630.71,2630.82,425,3,0,425
2024-11-25 18:57:00,2630.81,2632.25,2630.1,2632.1,499,3,0,499
2024-11-25 19:00:00,2632.09,2633.42,2630.65,2633.2,499,3,0,499
2024-11-25 19:03:00,2633.19,2634.11,2632.73,2633.23,453,3,0,453
2024-11-25 19:06:00,2633.29,2634.25,2632.8,2633.56,424,3,0,424
2024-11-25 19:09:00,2633.6,2633.62,2631.54,2632.11,430,3,0,430
2024-11-25 19:12:00,2632.1,2632.15,2629.76,2629.79,436,3,0,436
2024-11-25 19:15:00,2629.77,2629.87,2627.18,2627.31,514,3,0,514
2024-11-25 19:18:00,2627.32,2628.39,2624.53,2625.06,588,3,0,588
2024-11-25 19:21:00,2625.05,2626.81,2625.05,2625.7,431,3,0,431
2024-11-25 19:24:00,2625.7,2626.6,2625.58,2626.07,505,3,0,505
2024-11-25 19:27:00,2626.06,2626.17,2624.65,2624.94,481,3,0,481
2024-11-25 19:30:00,2624.93,2627.17,2624.66,2626.28,482,3,0,482
2024-11-25 19:33:00,2626.26,2627.63,2625.97,2627.57,530,3,0,530
2024-11-25 19:36:00,2627.59,2628.18,2626.5,2628.03,483,3,0,483
2024-11-25 19:39:00,2628.01,2628.32,2626.91,2627.23,456,3,0,456
2024-11-25 19:42:00,2627.25,2627.77,2626.33,2626.65,406,3,0,406
2024-11-25 19:45:00,2626.69,2627.65,2626.34,2627.01,393,3,0,393
2024-11-25 19:48:00,2627.07,2627.32,2625.86,2626.18,403,3,0,403
2024-11-25 19:51:00,2626.19,2627.92,2626.19,2627.67,378,3,0,378
2024-11-25 19:54:00,2627.63,2628.98,2627.63,2627.88,433,3,0,433
2024-11-25 19:57:00,2627.89,2628.68,2627.78,2627.9,347,3,0,347
2024-11-25 20:00:00,2627.92,2628.55,2627.1,2627.61,428,3,0,428
2024-11-25 20:03:00,2627.62,2628.14,2626.63,2626.76,468,3,0,468
2024-11-25 20:06:00,2626.75,2626.87,2624.17,2624.58,445,3,0,445
2024-11-25 20:09:00,2624.56,2625.34,2623.53,2624.75,462,3,0,462
2024-11-25 20:12:00,2624.75,2624.81,2623.14,2623.22,415,3,0,415
2024-11-25 20:15:00,2623.21,2624.19,2621.23,2621.26,624,3,0,624
2024-11-25 20:18:00,2621.26,2621.88,2619.74,2620.63,699,3,0,699
2024-11-25 20:21:00,2620.64,2620.84,2615.67,2615.78,743,3,0,743
2024-11-25 20:24:00,2615.83,2618.16,2615.83,2617.49,781,3,0,781
2024-11-25 20:27:00,2617.5,2618.17,2615.97,2617.86,780,3,0,780
2024-11-25 20:30:00,2617.78,2621.64,2617.37,2619.88,674,3,0,674
2024-11-25 20:33:00,2619.89,2621.48,2619.72,2620.0,428,3,0,428
2024-11-25 20:36:00,2620.01,2621.5,2619.72,2621.45,397,3,0,397
2024-11-25 20:39:00,2621.44,2621.62,2619.16,2619.71,318,3,0,318
2024-11-25 20:42:00,2619.7,2620.47,2619.57,2620.27,343,3,0,343
2024-11-25 20:45:00,2620.31,2622.0,2619.78,2620.74,407,3,0,407
2024-11-25 20:48:00,2620.72,2621.05,2619.16,2620.08,346,3,0,346
2024-11-25 20:51:00,2620.14,2620.83,2619.07,2619.24,374,3,0,374
2024-11-25 20:54:00,2619.27,2619.46,2618.01,2618.44,419,3,0,419
2024-11-25 20:57:00,2618.45,2619.84,2618.2,2618.91,407,3,0,407
2024-11-25 21:00:00,2618.89,2620.34,2618.44,2619.66,401,3,0,401
2024-11-25 21:03:00,2619.64,2620.73,2619.4,2620.13,369,3,0,369
2024-11-25 21:06:00,2620.06,2620.41,2619.48,2620.28,349,3,0,349
2024-11-25 21:09:00,2620.28,2621.3,2620.03,2620.44,282,3,0,282
2024-11-25 21:12:00,2620.36,2620.5,2619.3,2620.23,331,3,0,331
2024-11-25 21:15:00,2620.2,2621.44,2619.92,2620.79,370,3,0,370
2024-11-25 21:18:00,2620.75,2622.27,2620.63,2622.26,389,3,0,389
2024-11-25 21:21:00,2622.22,2623.48,2622.07,2623.26,395,3,0,395
2024-11-25 21:24:00,2623.24,2623.32,2621.92,2622.53,265,3,0,265
2024-11-25 21:27:00,2622.54,2623.18,2622.28,2622.95,295,3,0,295
2024-11-25 21:30:00,2622.94,2625.45,2622.94,2625.32,323,3,0,323
2024-11-25 21:33:00,2625.41,2626.22,2624.22,2624.39,366,3,0,366
2024-11-25 21:36:00,2624.29,2624.92,2623.11,2624.67,294,3,0,294
2024-11-25 21:39:00,2624.72,2625.81,2624.72,2625.5,256,3,0,256
2024-11-25 21:42:00,2625.51,2626.1,2625.27,2625.28,269,3,0,269
2024-11-25 21:45:00,2625.24,2625.85,2625.13,2625.15,254,3,0,254
2024-11-25 21:48:00,2625.13,2625.13,2624.14,2624.68,281,3,0,281
2024-11-25 21:51:00,2624.71,2625.5,2624.49,2625.03,251,3,0,251
2024-11-25 21:54:00,2625.05,2626.02,2624.96,2625.83,352,3,0,352
2024-11-25 21:57:00,2625.9,2626.2,2625.37,2625.8,409,3,0,409
2024-11-25 22:00:00,2625.81,2625.93,2624.93,2624.93,289,3,0,289
2024-11-25 22:03:00,2624.97,2624.97,2622.71,2623.08,355,3,0,355
2024-11-25 22:06:00,2623.09,2625.45,2622.73,2625.34,307,3,0,307
2024-11-25 22:09:00,2625.32,2626.47,2625.01,2626.37,312,3,0,312
2024-11-25 22:12:00,2626.43,2627.63,2625.95,2627.29,439,3,0,439
2024-11-25 22:15:00,2627.3,2628.78,2627.01,2628.06,424,3,0,424
2024-11-25 22:18:00,2628.11,2628.31,2627.22,2627.93,294,3,0,294
2024-11-25 22:21:00,2627.91,2627.91,2626.16,2626.34,282,3,0,282
2024-11-25 22:24:00,2626.35,2626.62,2625.49,2625.69,232,3,0,232
2024-11-25 22:27:00,2625.7,2626.09,2625.37,2626.08,229,3,0,229
2024-11-25 22:30:00,2626.09,2627.02,2625.7,2626.73,336,3,0,336
2024-11-25 22:33:00,2626.71,2627.07,2626.2,2626.29,265,3,0,265
2024-11-25 22:36:00,2626.27,2627.54,2625.72,2627.51,266,3,0,266
2024-11-25 22:39:00,2627.52,2627.55,2626.6,2626.81,251,3,0,251
2024-11-25 22:42:00,2626.81,2627.79,2626.81,2627.58,290,3,0,290
2024-11-25 22:45:00,2627.57,2627.92,2627.28,2627.63,229,3,0,229
2024-11-25 22:48:00,2627.65,2627.81,2626.57,2626.93,276,3,0,276
2024-11-25 22:51:00,2626.93,2627.38,2626.77,2626.83,270,3,0,270
2024-11-25 22:54:00,2626.9,2627.78,2626.88,2627.37,328,3,0,328
2024-11-25 22:57:00,2627.42,2627.71,2625.89,2626.16,505,3,0,505
2024-11-25 23:00:00,2626.15,2627.33,2625.98,2626.93,296,3,0,296
2024-11-25 23:03:00,2626.94,2627.51,2626.83,2626.87,135,3,0,135
2024-11-25 23:06:00,2626.9,2627.99,2626.62,2627.89,119,3,0,119
2024-11-25 23:09:00,2627.91,2628.37,2627.61,2627.7,84,3,0,84
2024-11-25 23:12:00,2627.7,2628.07,2627.55,2627.67,94,3,0,94
2024-11-25 23:15:00,2627.71,2627.81,2627.09,2627.5,169,3,0,169
2024-11-25 23:18:00,2627.5,2627.71,2626.89,2627.37,129,3,0,129
2024-11-25 23:21:00,2627.35,2627.35,2626.79,2626.89,101,3,0,101
2024-11-25 23:24:00,2626.88,2627.0,2626.46,2626.65,124,3,0,124
2024-11-25 23:27:00,2626.62,2626.92,2626.23,2626.35,104,3,0,104
2024-11-25 23:30:00,2626.35,2626.77,2626.35,2626.59,61,3,0,61
2024-11-25 23:33:00,2626.36,2626.36,2625.24,2626.32,103,3,0,103
2024-11-25 23:36:00,2626.35,2626.51,2626.09,2626.14,97,3,0,97
2024-11-25 23:39:00,2626.14,2626.31,2625.97,2626.08,98,3,0,98
2024-11-25 23:42:00,2626.08,2626.41,2626.08,2626.17,97,3,0,97
2024-11-25 23:45:00,2626.12,2626.21,2625.74,2626.09,102,3,0,102
2024-11-25 23:48:00,2626.09,2626.09,2625.28,2625.7,147,3,0,147
2024-11-25 23:51:00,2625.73,2625.96,2625.51,2625.86,116,3,0,116
2024-11-25 23:54:00,2625.87,2626.01,2625.41,2625.52,126,3,0,126
2024-11-25 23:57:00,2625.52,2625.63,2625.46,2625.51,68,3,0,68
2024-11-26 01:00:00,2624.98,2627.1,2624.75,2627.08,156,15,0,156
2024-11-26 01:03:00,2627.08,2627.65,2626.51,2626.96,158,3,0,158
2024-11-26 01:06:00,2626.97,2627.22,2626.88,2627.12,61,3,0,61
2024-11-26 01:09:00,2627.12,2627.72,2627.12,2627.72,137,3,0,137
2024-11-26 01:12:00,2627.7,2628.0,2627.22,2628.0,124,3,0,124
2024-11-26 01:15:00,2628.03,2628.59,2627.06,2627.11,148,3,0,148
2024-11-26 01:18:00,2627.27,2627.74,2627.2,2627.31,95,3,0,95
2024-11-26 01:21:00,2627.35,2627.48,2626.79,2626.87,136,3,0,136
2024-11-26 01:24:00,2626.87,2627.47,2626.82,2626.94,132,3,0,132
2024-11-26 01:27:00,2626.95,2627.03,2625.89,2625.95,115,3,0,115
2024-11-26 01:30:00,2625.95,2626.16,2625.35,2625.38,126,3,0,126
2024-11-26 01:33:00,2625.37,2625.57,2622.0,2622.03,249,3,0,249
2024-11-26 01:36:00,2621.95,2622.7,2618.81,2620.98,535,3,0,535
2024-11-26 01:39:00,2620.98,2621.93,2620.09,2620.09,402,3,0,402
2024-11-26 01:42:00,2620.09,2620.26,2605.35,2609.54,733,3,0,733
2024-11-26 01:45:00,2609.61,2613.95,2609.58,2612.72,519,3,0,519
2024-11-26 01:48:00,2612.72,2612.75,2606.66,2607.82,503,3,0,503
2024-11-26 01:51:00,2607.82,2610.31,2606.71,2607.19,602,3,0,602
2024-11-26 01:54:00,2607.17,2611.37,2605.26,2611.35,469,3,0,469
2024-11-26 01:57:00,2611.37,2612.14,2610.07,2610.53,443,3,0,443
2024-11-26 02:00:00,2610.53,2612.69,2610.52,2612.06,368,3,0,368
2024-11-26 02:03:00,2612.06,2613.92,2609.32,2609.82,519,3,0,519
2024-11-26 02:06:00,2609.81,2612.16,2608.62,2609.64,593,3,0,593
2024-11-26 02:09:00,2609.64,2612.24,2609.63,2612.09,600,3,0,600
2024-11-26 02:12:00,2612.09,2613.34,2610.45,2610.46,419,3,0,419
2024-11-26 02:15:00,2610.49,2611.92,2609.13,2611.7,388,3,0,388
2024-11-26 02:18:00,2611.7,2615.1,2611.44,2614.98,427,3,0,427
2024-11-26 02:21:00,2614.98,2623.2,2614.98,2621.19,719,3,0,719
2024-11-26 02:24:00,2621.18,2623.89,2620.29,2622.07,493,3,0,493
2024-11-26 02:27:00,2622.37,2623.0,2620.91,2622.16,459,3,0,459
2024-11-26 02:30:00,2622.16,2624.58,2621.99,2622.29,388,3,0,388
2024-11-26 02:33:00,2622.36,2623.38,2620.94,2621.07,288,3,0,288
2024-11-26 02:36:00,2621.07,2621.5,2619.96,2621.42,308,3,0,308
2024-11-26 02:39:00,2621.41,2622.89,2621.12,2621.76,341,3,0,341
2024-11-26 02:42:00,2621.76,2622.77,2621.15,2621.65,452,3,0,452
2024-11-26 02:45:00,2621.62,2622.07,2620.75,2621.11,275,3,0,275
2024-11-26 02:48:00,2621.2,2622.73,2620.74,2621.87,320,3,0,320
2024-11-26 02:51:00,2621.8,2622.99,2620.78,2621.01,409,3,0,409
2024-11-26 02:54:00,2621.01,2621.39,2619.47,2621.04,408,3,0,408
2024-11-26 02:57:00,2621.01,2621.51,2619.8,2619.85,357,3,0,357
2024-11-26 03:00:00,2619.42,2624.78,2618.13,2621.15,957,3,0,957
2024-11-26 03:03:00,2621.15,2623.63,2620.26,2622.94,833,3,0,833
2024-11-26 03:06:00,2622.96,2626.58,2622.58,2625.33,965,3,0,965
2024-11-26 03:09:00,2625.36,2628.52,2624.81,2628.45,829,3,0,829
2024-11-26 03:12:00,2628.43,2629.36,2624.38,2624.89,763,3,0,763
2024-11-26 03:15:00,2624.97,2628.29,2624.97,2628.28,690,3,0,690
2024-11-26 03:18:00,2628.22,2629.02,2626.99,2627.16,582,3,0,582
2024-11-26 03:21:00,2627.2,2627.42,2625.2,2626.3,547,3,0,547
2024-11-26 03:24:00,2626.3,2626.56,2624.31,2624.63,581,3,0,581
2024-11-26 03:27:00,2624.62,2626.78,2623.9,2626.61,578,3,0,578
2024-11-26 03:30:00,2626.6,2628.24,2626.09,2628.15,636,3,0,636
2024-11-26 03:33:00,2628.16,2632.24,2627.84,2629.69,749,3,0,749
2024-11-26 03:36:00,2629.66,2630.59,2628.86,2629.42,544,3,0,544
2024-11-26 03:39:00,2629.43,2629.77,2627.51,2628.74,576,3,0,576
2024-11-26 03:42:00,2628.75,2630.32,2628.66,2629.96,446,3,0,446
2024-11-26 03:45:00,2629.96,2630.33,2628.26,2628.28,508,3,0,508
2024-11-26 03:48:00,2628.32,2628.64,2626.57,2627.8,535,3,0,535
2024-11-26 03:51:00,2627.82,2629.23,2625.65,2626.23,495,3,0,495
2024-11-26 03:54:00,2626.21,2627.22,2625.85,2626.28,460,3,0,460
2024-11-26 03:57:00,2626.28,2628.24,2626.28,2628.24,521,3,0,521
2024-11-26 04:00:00,2628.24,2629.19,2627.23,2628.13,558,3,0,558
2024-11-26 04:03:00,2628.17,2628.76,2627.59,2628.28,505,3,0,505
2024-11-26 04:06:00,2628.28,2629.1,2627.91,2628.21,484,3,0,484
2024-11-26 04:09:00,2628.21,2628.79,2627.83,2628.41,423,3,0,423
2024-11-26 04:12:00,2628.41,2629.51,2628.14,2628.41,486,3,0,486
2024-11-26 04:15:00,2628.41,2629.26,2627.98,2628.95,357,3,0,357
2024-11-26 04:18:00,2628.97,2629.46,2627.98,2628.62,385,3,0,385
2024-11-26 04:21:00,2628.62,2630.55,2628.5,2629.82,323,3,0,323
2024-11-26 04:24:00,2629.84,2630.41,2628.7,2628.7,303,3,0,303
2024-11-26 04:27:00,2628.67,2629.15,2627.62,2628.68,285,3,0,285
2024-11-26 04:30:00,2628.65,2630.12,2627.59,2628.82,623,3,0,623
2024-11-26 04:33:00,2628.84,2629.1,2627.99,2628.52,383,3,0,383
2024-11-26 04:36:00,2628.52,2629.46,2628.29,2628.5,439,3,0,439
2024-11-26 04:39:00,2628.48,2629.5,2627.9,2628.05,446,3,0,446
2024-11-26 04:42:00,2628.01,2628.01,2625.35,2625.38,530,3,0,530
2024-11-26 04:45:00,2625.44,2627.39,2624.97,2627.04,555,3,0,555
2024-11-26 04:48:00,2627.02,2627.39,2625.6,2626.7,604,3,0,604
2024-11-26 04:51:00,2626.69,2627.21,2626.43,2626.93,467,3,0,467
2024-11-26 04:54:00,2626.98,2627.8,2625.76,2625.86,449,3,0,449
2024-11-26 04:57:00,2625.86,2626.27,2625.41,2625.43,371,3,0,371
2024-11-26 05:00:00,2625.44,2626.19,2623.2,2623.2,508,3,0,508
2024-11-26 05:03:00,2623.2,2625.59,2622.96,2625.43,452,3,0,452
2024-11-26 05:06:00,2625.43,2628.59,2625.43,2628.33,393,3,0,393
2024-11-26 05:09:00,2628.34,2628.61,2627.2,2627.91,557,3,0,557
2024-11-26 05:12:00,2627.91,2628.73,2627.48,2628.14,530,3,0,530
2024-11-26 05:15:00,2628.02,2628.75,2626.79,2626.81,496,3,0,496
2024-11-26 05:18:00,2626.85,2628.29,2626.8,2627.42,374,3,0,374
2024-11-26 05:21:00,2627.42,2627.9,2626.81,2627.78,320,3,0,320
2024-11-26 05:24:00,2627.8,2628.89,2627.38,2628.38,435,3,0,435
2024-11-26 05:27:00,2628.38,2628.94,2627.58,2627.88,372,3,0,372
2024-11-26 05:30:00,2627.88,2628.73,2627.78,2628.67,221,3,0,221
2024-11-26 05:33:00,2628.67,2629.06,2628.18,2629.06,204,3,0,204
2024-11-26 05:36:00,2629.09,2630.18,2629.09,2630.18,167,3,0,167
2024-11-26 05:39:00,2630.2,2630.69,2629.78,2630.52,365,3,0,365
2024-11-26 05:42:00,2630.52,2630.95,2630.48,2630.68,312,3,0,312
2024-11-26 05:45:00,2630.69,2631.1,2629.75,2631.04,292,3,0,292
2024-11-26 05:48:00,2631.04,2631.04,2630.23,2630.72,285,3,0,285
2024-11-26 05:51:00,2630.7,2630.79,2629.61,2629.94,222,3,0,222
2024-11-26 05:54:00,2629.94,2630.83,2629.48,2629.98,251,3,0,251
2024-11-26 05:57:00,2629.97,2630.48,2629.97,2630.44,160,3,0,160
2024-11-26 06:00:00,2630.44,2631.42,2630.05,2631.06,194,3,0,194
2024-11-26 06:03:00,2631.06,2631.43,2630.47,2630.66,286,3,0,286
2024-11-26 06:06:00,2630.68,2630.92,2630.12,2630.74,191,3,0,191
2024-11-26 06:09:00,2630.79,2630.9,2629.7,2629.7,250,3,0,250
2024-11-26 06:12:00,2629.74,2629.76,2628.81,2628.85,190,3,0,190
2024-11-26 06:15:00,2628.83,2628.92,2628.55,2628.76,204,3,0,204
2024-11-26 06:18:00,2628.76,2629.37,2628.25,2629.34,208,3,0,208
2024-11-26 06:21:00,2629.38,2629.8,2628.58,2628.73,178,3,0,178
2024-11-26 06:24:00,2628.76,2629.47,2628.67,2628.77,174,3,0,174
2024-11-26 06:27:00,2628.78,2628.86,2628.0,2628.05,144,3,0,144
2024-11-26 06:30:00,2628.04,2628.46,2627.2,2627.6,174,3,0,174
2024-11-26 06:33:00,2627.61,2627.62,2626.24,2626.91,234,3,0,234
2024-11-26 06:36:00,2626.89,2628.14,2626.76,2628.12,279,3,0,279
2024-11-26 06:39:00,2628.13,2628.13,2627.13,2627.22,277,3,0,277
2024-11-26 06:42:00,2627.23,2627.46,2626.62,2627.3,235,3,0,235
2024-11-26 06:45:00,2627.31,2627.36,2625.12,2625.32,243,3,0,243
2024-11-26 06:48:00,2625.32,2626.67,2625.17,2626.14,235,3,0,235
2024-11-26 06:51:00,2626.14,2626.63,2626.14,2626.18,135,3,0,135
2024-11-26 06:54:00,2626.19,2626.65,2625.77,2626.04,244,3,0,244
2024-11-26 06:57:00,2626.06,2626.68,2625.94,2626.44,224,3,0,224
2024-11-26 07:00:00,2626.43,2626.52,2625.79,2626.24,287,3,0,287
2024-11-26 07:03:00,2626.25,2626.26,2625.31,2625.65,220,3,0,220
2024-11-26 07:06:00,2625.66,2625.74,2624.41,2624.58,228,3,0,228
2024-11-26 07:09:00,2624.58,2625.43,2624.53,2624.54,238,3,0,238
2024-11-26 07:12:00,2624.53,2624.59,2621.71,2621.95,362,3,0,362
2024-11-26 07:15:00,2621.95,2622.93,2621.92,2622.22,328,3,0,328
2024-11-26 07:18:00,2622.23,2622.65,2621.75,2621.94,265,3,0,265
2024-11-26 07:21:00,2621.96,2624.16,2621.94,2624.11,244,3,0,244
2024-11-26 07:24:00,2624.11,2624.38,2623.35,2623.68,299,3,0,299
2024-11-26 07:27:00,2623.67,2624.16,2622.26,2622.53,275,3,0,275
2024-11-26 07:30:00,2622.5,2622.53,2620.08,2620.78,692,3,0,692
2024-11-26 07:33:00,2620.79,2621.21,2617.94,2621.09,655,3,0,655
2024-11-26 07:36:00,2621.08,2622.01,2620.31,2621.25,483,3,0,483
2024-11-26 07:39:00,2621.29,2622.84,2621.23,2622.81,547,3,0,547
2024-11-26 07:42:00,2622.82,2623.21,2620.64,2621.41,497,3,0,497
2024-11-26 07:45:00,2621.43,2621.52,2619.98,2620.49,503,3,0,503
2024-11-26 07:48:00,2620.39,2621.6,2620.21,2620.79,539,3,0,539
2024-11-26 07:51:00,2620.82,2621.13,2619.92,2620.74,486,3,0,486
2024-11-26 07:54:00,2620.66,2624.08,2620.47,2623.32,507,3,0,507
2024-11-26 07:57:00,2623.37,2625.4,2623.29,2624.38,597,3,0,597
2024-11-26 08:00:00,2624.42,2624.99,2622.86,2623.41,525,3,0,525
2024-11-26 08:03:00,2623.39,2625.1,2623.24,2623.59,478,3,0,478
2024-11-26 08:06:00,2623.6,2625.65,2623.24,2625.0,513,3,0,513
2024-11-26 08:09:00,2625.01,2626.01,2624.56,2625.5,562,3,0,562
2024-11-26 08:12:00,2625.32,2625.85,2624.43,2624.71,454,3,0,454
2024-11-26 08:15:00,2624.78,2625.0,2623.72,2623.94,408,3,0,408
2024-11-26 08:18:00,2623.94,2624.1,2622.73,2622.98,462,3,0,462
2024-11-26 08:21:00,2622.99,2623.6,2622.49,2622.52,351,3,0,351
2024-11-26 08:24:00,2622.53,2623.01,2621.21,2622.02,467,3,0,467
2024-11-26 08:27:00,2622.0,2623.78,2621.23,2623.26,491,3,0,491
2024-11-26 08:30:00,2623.26,2623.86,2622.54,2623.03,453,3,0,453
2024-11-26 08:33:00,2622.97,2623.23,2621.94,2622.53,464,3,0,464
2024-11-26 08:36:00,2622.55,2623.54,2622.16,2623.07,341,3,0,341
2024-11-26 08:39:00,2623.05,2623.38,2622.23,2623.01,362,3,0,362
2024-11-26 08:42:00,2623.0,2623.02,2622.13,2622.23,289,3,0,289
2024-11-26 08:45:00,2622.26,2622.77,2621.67,2622.01,388,3,0,388
2024-11-26 08:48:00,2622.01,2622.46,2621.62,2621.83,428,3,0,428
2024-11-26 08:51:00,2621.88,2622.88,2621.72,2622.81,345,3,0,345
2024-11-26 08:54:00,2622.81,2623.32,2622.57,2622.78,379,3,0,379
2024-11-26 08:57:00,2622.78,2622.93,2621.86,2622.14,363,3,0,363
2024-11-26 09:00:00,2622.15,2622.17,2621.35,2621.53,273,3,0,273
2024-11-26 09:03:00,2621.48,2622.05,2620.43,2621.89,380,3,0,380
2024-11-26 09:06:00,2621.91,2622.56,2621.62,2622.47,308,3,0,308
2024-11-26 09:09:00,2622.47,2622.47,2621.65,2622.04,272,3,0,272
2024-11-26 09:12:00,2622.07,2622.91,2621.82,2622.33,323,3,0,323
2024-11-26 09:15:00,2622.31,2622.82,2622.0,2622.24,303,3,0,303
2024-11-26 09:18:00,2622.24,2622.84,2621.06,2621.39,269,3,0,269
2024-11-26 09:21:00,2621.38,2621.38,2619.64,2619.64,283,3,0,283
2024-11-26 09:24:00,2619.64,2619.79,2617.38,2617.62,368,3,0,368
2024-11-26 09:27:00,2617.61,2617.75,2615.9,2616.18,458,3,0,458
2024-11-26 09:30:00,2616.18,2616.18,2613.57,2614.2,496,3,0,496
2024-11-26 09:33:00,2614.26,2614.63,2613.31,2613.31,277,3,0,277
2024-11-26 09:36:00,2613.33,2614.42,2612.24,2614.27,413,3,0,413
2024-11-26 09:39:00,2614.27,2615.68,2613.55,2613.78,539,3,0,539
2024-11-26 09:42:00,2613.78,2614.42,2612.54,2612.54,432,3,0,432
2024-11-26 09:45:00,2612.54,2613.08,2610.89,2612.5,550,3,0,550
2024-11-26 09:48:00,2612.47,2613.52,2612.04,2612.26,406,3,0,406
2024-11-26 09:51:00,2612.27,2613.53,2612.25,2612.51,330,3,0,330
2024-11-26 09:54:00,2612.58,2613.28,2612.03,2613.24,460,3,0,460
2024-11-26 09:57:00,2613.18,2614.13,2612.9,2614.13,488,3,0,488
2024-11-26 10:00:00,2614.16,2615.08,2612.74,2614.23,774,3,0,774
2024-11-26 10:03:00,2614.23,2616.84,2612.98,2616.48,642,3,0,642
2024-11-26 10:06:00,2616.46,2616.62,2614.76,2615.39,572,3,0,572
2024-11-26 10:09:00,2615.39,2616.99,2614.71,2616.8,507,3,0,507
2024-11-26 10:12:00,2616.77,2617.64,2616.61,2617.55,354,3,0,354
2024-11-26 10:15:00,2617.55,2618.37,2615.97,2616.48,445,3,0,445
2024-11-26 10:18:00,2616.48,2617.31,2615.44,2615.87,435,3,0,435
2024-11-26 10:21:00,2615.87,2616.56,2614.76,2614.77,388,3,0,388
2024-11-26 10:24:00,2614.77,2616.15,2614.55,2615.71,434,3,0,434
2024-11-26 10:27:00,2615.7,2615.9,2613.66,2614.6,455,3,0,455
2024-11-26 10:30:00,2614.6,2615.56,2613.92,2614.76,412,3,0,412
2024-11-26 10:33:00,2614.77,2615.97,2614.43,2614.8,346,3,0,346
2024-11-26 10:36:00,2614.73,2614.83,2614.0,2614.22,415,3,0,415
2024-11-26 10:39:00,2614.22,2614.4,2612.76,2613.17,461,3,0,461
2024-11-26 10:42:00,2613.18,2614.3,2612.51,2614.29,470,3,0,470
2024-11-26 10:45:00,2614.3,2614.86,2613.74,2614.65,442,3,0,442
2024-11-26 10:48:00,2614.68,2616.43,2614.25,2616.34,432,3,0,432
2024-11-26 10:51:00,2616.33,2617.17,2615.55,2615.92,485,3,0,485
2024-11-26 10:54:00,2615.93,2616.83,2615.19,2615.53,443,3,0,443
2024-11-26 10:57:00,2615.54,2615.57,2612.91,2613.43,428,3,0,428
2024-11-26 11:00:00,2613.45,2614.83,2612.99,2613.84,424,3,0,424
2024-11-26 11:03:00,2613.85,2615.79,2613.82,2615.05,504,3,0,504
2024-11-26 11:06:00,2615.04,2617.49,2614.91,2617.48,425,3,0,425
2024-11-26 11:09:00,2617.47,2619.66,2616.92,2618.78,592,3,0,592
2024-11-26 11:12:00,2618.78,2621.13,2618.77,2620.84,546,3,0,546
2024-11-26 11:15:00,2620.8,2623.3,2620.8,2622.59,597,3,0,597
2024-11-26 11:18:00,2622.58,2623.29,2621.51,2622.81,489,3,0,489
2024-11-26 11:21:00,2622.81,2623.37,2622.53,2622.86,308,3,0,308
2024-11-26 11:24:00,2622.86,2623.34,2621.67,2621.91,345,3,0,345
2024-11-26 11:27:00,2621.91,2622.07,2620.73,2620.99,363,3,0,363
2024-11-26 11:30:00,2621.01,2622.88,2620.96,2622.62,476,3,0,476
2024-11-26 11:33:00,2622.61,2624.48,2622.61,2624.17,418,3,0,418
2024-11-26 11:36:00,2624.16,2626.27,2623.62,2625.92,584,3,0,584
2024-11-26 11:39:00,2625.91,2627.23,2625.11,2625.47,605,3,0,605
2024-11-26 11:42:00,2625.46,2626.42,2624.91,2625.93,423,3,0,423
2024-11-26 11:45:00,2625.93,2625.99,2624.85,2625.37,375,3,0,375
2024-11-26 11:48:00,2625.41,2626.28,2623.83,2623.91,453,3,0,453
2024-11-26 11:51:00,2623.92,2625.11,2623.42,2624.9,357,3,0,357
2024-11-26 11:54:00,2624.84,2625.42,2624.54,2625.08,436,3,0,436
2024-11-26 11:57:00,2624.99,2626.04,2624.52,2626.04,409,3,0,409
2024-11-26 12:00:00,2626.09,2628.04,2626.03,2627.71,636,3,0,636
2024-11-26 12:03:00,2627.72,2628.25,2625.15,2625.36,666,3,0,666
2024-11-26 12:06:00,2625.35,2627.1,2625.31,2627.06,534,3,0,534
2024-11-26 12:09:00,2627.06,2628.64,2626.87,2628.17,452,3,0,452
2024-11-26 12:12:00,2628.2,2629.44,2628.18,2629.26,348,3,0,348
2024-11-26 12:15:00,2629.27,2629.46,2628.64,2629.24,400,3,0,400
2024-11-26 12:18:00,2629.29,2630.21,2628.79,2630.14,344,3,0,344
2024-11-26 12:21:00,2630.17,2630.38,2629.38,2629.52,396,3,0,396
2024-11-26 12:24:00,2629.52,2630.16,2628.45,2628.48,439,3,0,439
2024-11-26 12:27:00,2628.48,2629.12,2627.86,2628.57,319,3,0,319
2024-11-26 12:30:00,2629.41,2630.12,2628.71,2629.45,324,3,0,324
2024-11-26 12:33:00,2629.5,2632.54,2629.0,2632.54,433,3,0,433
2024-11-26 12:36:00,2632.56,2633.2,2630.97,2631.55,327,3,0,327
2024-11-26 12:39:00,2631.6,2632.16,2630.42,2631.97,374,3,0,374
2024-11-26 12:42:00,2632.08,2632.5,2630.63,2630.74,454,3,0,454
2024-11-26 12:45:00,2630.72,2630.76,2629.27,2629.8,375,3,0,375
2024-11-26 12:48:00,2629.81,2630.33,2629.52,2630.0,330,3,0,330
2024-11-26 12:51:00,2630.03,2631.73,2630.03,2631.72,333,3,0,333
2024-11-26 12:54:00,2631.73,2632.04,2631.03,2631.24,346,3,0,346
2024-11-26 12:57:00,2631.25,2632.07,2630.98,2631.39,327,3,0,327
2024-11-26 13:00:00,2631.37,2631.6,2630.37,2630.43,275,3,0,275
2024-11-26 13:03:00,2630.48,2630.53,2629.03,2629.74,425,3,0,425
2024-11-26 13:06:00,2629.73,2629.86,2628.68,2628.7,387,3,0,387
2024-11-26 13:09:00,2628.71,2629.32,2627.69,2627.93,368,3,0,368
2024-11-26 13:12:00,2627.94,2629.71,2627.82,2629.53,308,3,0,308
2024-11-26 13:15:00,2629.51,2631.26,2629.51,2631.13,455,3,0,455
2024-11-26 13:18:00,2631.12,2631.27,2629.74,2630.01,313,3,0,313
2024-11-26 13:21:00,2630.02,2631.21,2629.67,2630.95,348,3,0,348
2024-11-26 13:24:00,2630.94,2631.44,2630.46,2630.79,353,3,0,353
2024-11-26 13:27:00,2630.81,2630.91,2630.4,2630.6,268,3,0,268
2024-11-26 13:30:00,2630.57,2631.45,2628.82,2629.54,526,3,0,526
2024-11-26 13:33:00,2629.56,2633.09,2629.53,2632.47,536,3,0,536
2024-11-26 13:36:00,2632.46,2632.55,2630.75,2631.59,416,3,0,416
2024-11-26 13:39:00,2631.51,2632.1,2630.87,2631.84,284,3,0,284
2024-11-26 13:42:00,2631.85,2632.96,2631.84,2632.56,319,3,0,319
2024-11-26 13:45:00,2632.56,2632.67,2631.04,2631.64,348,3,0,348
2024-11-26 13:48:00,2631.65,2631.96,2631.06,2631.58,374,3,0,374
2024-11-26 13:51:00,2631.57,2632.41,2631.47,2632.41,369,3,0,369
2024-11-26 13:54:00,2632.41,2632.64,2631.74,2632.14,366,3,0,366
2024-11-26 13:57:00,2632.11,2633.3,2631.83,2633.29,322,3,0,322
2024-11-26 14:00:00,2633.29,2633.58,2631.27,2631.33,504,3,0,504
2024-11-26 14:03:00,2631.38,2632.15,2631.05,2631.64,434,3,0,434
2024-11-26 14:06:00,2631.63,2632.41,2631.49,2631.92,341,3,0,341
2024-11-26 14:09:00,2631.94,2633.05,2631.94,2632.68,382,3,0,382
2024-11-26 14:12:00,2632.67,2633.01,2632.15,2632.71,371,3,0,371
2024-11-26 14:15:00,2632.7,2634.77,2632.14,2634.33,618,3,0,618
2024-11-26 14:18:00,2634.31,2634.74,2631.86,2632.31,502,3,0,502
2024-11-26 14:21:00,2632.3,2632.33,2630.88,2631.47,523,3,0,523
2024-11-26 14:24:00,2631.47,2631.72,2629.31,2629.48,457,3,0,457
2024-11-26 14:27:00,2629.47,2632.24,2629.39,2631.93,435,3,0,435
2024-11-26 14:30:00,2631.89,2632.5,2631.0,2632.39,411,3,0,411
2024-11-26 14:33:00,2632.4,2632.54,2631.33,2632.03,388,3,0,388
2024-11-26 14:36:00,2631.97,2632.88,2631.83,2632.5,331,3,0,331
2024-11-26 14:39:00,2632.5,2632.91,2631.9,2631.9,289,3,0,289
2024-11-26 14:42:00,2631.9,2632.3,2629.8,2630.43,532,3,0,532
2024-11-26 14:45:00,2630.43,2632.12,2630.43,2631.71,441,3,0,441
2024-11-26 14:48:00,2631.71,2631.88,2630.85,2631.2,252,3,0,252
2024-11-26 14:51:00,2631.2,2631.8,2630.18,2630.59,321,3,0,321
2024-11-26 14:54:00,2630.59,2631.07,2630.26,2630.35,311,3,0,311
2024-11-26 14:57:00,2630.34,2631.8,2630.34,2631.06,381,3,0,381
2024-11-26 15:00:00,2631.07,2635.88,2630.08,2634.49,757,3,0,757
2024-11-26 15:03:00,2634.47,2640.67,2634.47,2639.97,861,3,0,861
2024-11-26 15:06:00,2640.02,2641.31,2637.54,2637.99,835,3,0,835
2024-11-26 15:09:00,2638.0,2640.48,2637.26,2640.48,740,3,0,740
2024-11-26 15:12:00,2640.46,2641.97,2640.11,2641.78,672,3,0,672
2024-11-26 15:15:00,2641.65,2641.97,2638.57,2639.03,758,3,0,758
2024-11-26 15:18:00,2639.02,2640.84,2638.0,2638.36,781,3,0,781
2024-11-26 15:21:00,2638.4,2638.4,2634.64,2634.64,753,3,0,753
2024-11-26 15:24:00,2634.64,2635.88,2633.29,2634.64,770,3,0,770
2024-11-26 15:27:00,2634.65,2634.67,2632.27,2632.98,694,3,0,694
2024-11-26 15:30:00,2632.92,2633.64,2629.83,2632.51,934,3,0,934
2024-11-26 15:33:00,2632.52,2634.15,2631.85,2632.38,658,3,0,658
2024-11-26 15:36:00,2632.36,2634.32,2631.16,2632.53,729,3,0,729
2024-11-26 15:39:00,2632.55,2632.89,2631.36,2632.01,677,3,0,677
2024-11-26 15:42:00,2632.02,2632.89,2630.7,2631.5,609,3,0,609
2024-11-26 15:45:00,2631.49,2632.14,2627.41,2627.63,744,3,0,744
2024-11-26 15:48:00,2627.63,2629.71,2627.53,2629.31,901,3,0,901
2024-11-26 15:51:00,2629.27,2629.5,2624.07,2626.04,1010,3,0,1010
2024-11-26 15:54:00,2626.03,2630.67,2625.62,2630.08,1033,3,0,1033
2024-11-26 15:57:00,2630.11,2630.71,2628.59,2630.0,673,3,0,673
2024-11-26 16:00:00,2629.99,2632.26,2629.85,2630.68,709,3,0,709
2024-11-26 16:03:00,2630.69,2630.85,2626.72,2627.26,791,3,0,791
2024-11-26 16:06:00,2627.27,2629.31,2627.24,2628.15,584,3,0,584
2024-11-26 16:09:00,2628.15,2631.45,2628.15,2631.14,656,3,0,656
2024-11-26 16:12:00,2631.15,2632.67,2630.89,2632.07,572,3,0,572
2024-11-26 16:15:00,2632.07,2632.49,2629.46,2630.53,645,3,0,645
2024-11-26 16:18:00,2630.52,2632.31,2630.02,2631.99,578,3,0,578
2024-11-26 16:21:00,2631.99,2633.86,2631.99,2632.76,703,3,0,703
2024-11-26 16:24:00,2632.76,2633.65,2631.62,2631.68,602,3,0,602
2024-11-26 16:27:00,2631.69,2631.72,2629.12,2629.24,753,3,0,753
2024-11-26 16:30:00,2629.23,2629.23,2623.01,2624.1,717,3,0,717
2024-11-26 16:33:00,2624.09,2626.56,2622.69,2626.28,746,3,0,746
2024-11-26 16:36:00,2626.26,2626.7,2623.98,2626.27,704,3,0,704
2024-11-26 16:39:00,2626.23,2626.65,2616.81,2616.87,946,3,0,946
2024-11-26 16:42:00,2616.86,2623.97,2616.86,2622.55,918,3,0,918
2024-11-26 16:45:00,2622.48,2624.08,2621.28,2622.28,852,3,0,852
2024-11-26 16:48:00,2622.33,2625.32,2622.21,2623.3,750,3,0,750
2024-11-26 16:51:00,2623.28,2623.64,2620.51,2620.72,662,3,0,662
2024-11-26 16:54:00,2620.64,2622.57,2620.07,2620.81,618,3,0,618
2024-11-26 16:57:00,2620.73,2623.36,2620.69,2622.58,498,3,0,498
2024-11-26 17:00:00,2622.58,2624.61,2622.11,2622.7,612,3,0,612
2024-11-26 17:03:00,2622.69,2623.35,2620.44,2622.78,751,3,0,751
2024-11-26 17:06:00,2622.83,2625.42,2622.38,2625.03,610,3,0,610
2024-11-26 17:09:00,2625.05,2625.13,2621.98,2623.33,616,3,0,616
2024-11-26 17:12:00,2623.35,2624.26,2621.64,2623.53,813,3,0,813
2024-11-26 17:15:00,2623.53,2623.72,2621.36,2623.43,735,3,0,735
2024-11-26 17:18:00,2623.54,2626.81,2622.56,2626.17,730,3,0,730
2024-11-26 17:21:00,2626.1,2626.56,2624.04,2626.56,698,3,0,698
2024-11-26 17:24:00,2626.59,2628.01,2626.13,2627.91,656,3,0,656
2024-11-26 17:27:00,2627.9,2627.9,2626.22,2626.38,612,3,0,612
2024-11-26 17:30:00,2626.42,2626.97,2625.57,2626.25,606,3,0,606
2024-11-26 17:33:00,2626.24,2628.53,2626.24,2627.87,622,3,0,622
2024-11-26 17:36:00,2627.83,2630.66,2627.5,2630.35,668,3,0,668
2024-11-26 17:39:00,2630.39,2630.71,2628.35,2629.93,736,3,0,736
2024-11-26 17:42:00,2629.98,2631.21,2629.73,2631.19,671,3,0,671
2024-11-26 17:45:00,2631.21,2632.85,2630.97,2631.41,699,3,0,699
2024-11-26 17:48:00,2631.41,2632.07,2629.5,2629.64,622,3,0,622
2024-11-26 17:51:00,2629.63,2629.76,2627.67,2628.12,713,3,0,713
2024-11-26 17:54:00,2628.14,2630.21,2627.84,2629.15,509,3,0,509
2024-11-26 17:57:00,2629.18,2629.74,2628.73,2629.56,361,3,0,361
2024-11-26 18:00:00,2629.58,2630.23,2628.65,2629.48,428,3,0,428
2024-11-26 18:03:00,2629.5,2629.96,2628.66,2629.43,485,3,0,485
2024-11-26 18:06:00,2629.47,2629.5,2627.25,2627.33,509,3,0,509
2024-11-26 18:09:00,2627.33,2629.89,2627.3,2628.67,547,3,0,547
2024-11-26 18:12:00,2628.67,2629.29,2627.11,2629.0,438,3,0,438
2024-11-26 18:15:00,2629.09,2630.63,2628.7,2630.34,492,3,0,492
2024-11-26 18:18:00,2630.33,2630.66,2629.77,2630.1,346,3,0,346
2024-11-26 18:21:00,2630.1,2630.23,2627.42,2627.95,437,3,0,437
2024-11-26 18:24:00,2627.98,2629.73,2627.43,2628.36,456,3,0,456
2024-11-26 18:27:00,2628.36,2628.71,2626.48,2627.65,466,3,0,466
2024-11-26 18:30:00,2627.64,2630.05,2627.31,2629.49,418,3,0,418
2024-11-26 18:33:00,2629.5,2629.87,2628.5,2629.57,436,3,0,436
2024-11-26 18:36:00,2629.57,2630.46,2628.49,2630.31,502,3,0,502
2024-11-26 18:39:00,2630.41,2631.47,2630.32,2630.38,449,3,0,449
2024-11-26 18:42:00,2630.41,2630.54,2629.12,2629.3,341,3,0,341
2024-11-26 18:45:00,2629.29,2630.25,2628.79,2629.39,341,3,0,341
2024-11-26 18:48:00,2629.36,2630.22,2628.84,2629.5,310,3,0,310
2024-11-26 18:51:00,2629.48,2630.15,2628.66,2630.13,324,3,0,324
2024-11-26 18:54:00,2630.17,2630.92,2629.67,2629.69,390,3,0,390
2024-11-26 18:57:00,2629.67,2629.72,2628.6,2628.68,349,3,0,349
2024-11-26 19:00:00,2628.68,2628.71,2626.99,2627.61,486,3,0,486
2024-11-26 19:03:00,2627.6,2627.74,2626.7,2626.76,374,3,0,374
2024-11-26 19:06:00,2626.7,2627.45,2625.46,2626.1,394,3,0,394
2024-11-26 19:09:00,2626.11,2627.05,2625.7,2626.34,429,3,0,429
2024-11-26 19:12:00,2626.32,2627.01,2625.82,2626.05,412,3,0,412
2024-11-26 19:15:00,2626.06,2627.53,2625.62,2627.12,454,3,0,454
2024-11-26 19:18:00,2627.07,2627.34,2625.82,2625.98,401,3,0,401
2024-11-26 19:21:00,2625.96,2626.32,2625.03,2626.22,434,3,0,434
2024-11-26 19:24:00,2626.21,2627.31,2626.06,2626.96,407,3,0,407
2024-11-26 19:27:00,2626.98,2627.5,2626.74,2626.98,338,3,0,338
2024-11-26 19:30:00,2626.99,2627.76,2626.2,2626.41,464,3,0,464
2024-11-26 19:33:00,2626.41,2627.43,2626.41,2627.1,407,3,0,407
2024-11-26 19:36:00,2627.11,2627.27,2626.16,2626.29,371,3,0,371
2024-11-26 19:39:00,2626.29,2626.81,2625.99,2626.62,382,3,0,382
2024-11-26 19:42:00,2626.63,2627.72,2625.3,2626.49,417,3,0,417
2024-11-26 19:45:00,2626.49,2626.59,2625.31,2625.63,313,3,0,313
2024-11-26 19:48:00,2625.6,2626.92,2625.49,2626.8,330,3,0,330
2024-11-26 19:51:00,2626.75,2627.09,2626.26,2626.77,369,3,0,369
2024-11-26 19:54:00,2626.79,2626.95,2625.61,2625.96,330,3,0,330
2024-11-26 19:57:00,2625.98,2626.66,2624.99,2625.02,273,3,0,273
2024-11-26 20:00:00,2624.99,2625.01,2623.08,2624.3,530,3,0,530
2024-11-26 20:03:00,2624.29,2624.36,2621.38,2621.42,529,3,0,529
2024-11-26 20:06:00,2621.44,2622.5,2620.85,2621.72,581,3,0,581
2024-11-26 20:09:00,2621.73,2622.5,2621.59,2622.46,469,3,0,469
2024-11-26 20:12:00,2622.44,2623.29,2620.42,2620.6,575,3,0,575
2024-11-26 20:15:00,2620.6,2621.99,2620.6,2621.59,424,3,0,424
2024-11-26 20:18:00,2621.58,2622.8,2620.59,2622.13,495,3,0,495
2024-11-26 20:21:00,2622.03,2623.23,2621.89,2622.53,308,3,0,308
2024-11-26 20:24:00,2622.51,2622.51,2620.89,2621.26,431,3,0,431
2024-11-26 20:27:00,2621.27,2621.53,2620.58,2621.53,597,3,0,597
2024-11-26 20:30:00,2621.48,2621.82,2620.38,2621.08,491,3,0,491
2024-11-26 20:33:00,2621.1,2621.82,2620.42,2620.62,333,3,0,333
2024-11-26 20:36:00,2620.67,2621.68,2620.25,2621.55,302,3,0,302
2024-11-26 20:39:00,2621.49,2621.49,2619.64,2620.42,354,3,0,354
2024-11-26 20:42:00,2620.46,2622.0,2620.07,2621.35,387,3,0,387
2024-11-26 20:45:00,2621.35,2621.77,2620.57,2621.32,321,3,0,321
2024-11-26 20:48:00,2621.3,2623.11,2621.3,2622.86,329,3,0,329
2024-11-26 20:51:00,2622.86,2624.68,2622.65,2624.14,277,3,0,277
2024-11-26 20:54:00,2624.14,2624.42,2623.52,2624.15,290,3,0,290
2024-11-26 20:57:00,2624.1,2624.3,2623.39,2623.45,178,3,0,178
2024-11-26 21:00:00,2623.46,2625.45,2622.57,2625.3,295,3,0,295
2024-11-26 21:03:00,2625.34,2627.09,2624.97,2626.4,410,3,0,410
2024-11-26 21:06:00,2626.39,2628.0,2626.39,2626.82,471,3,0,471
2024-11-26 21:09:00,2626.82,2627.87,2625.39,2627.34,439,3,0,439
2024-11-26 21:12:00,2627.37,2627.66,2626.19,2626.82,340,3,0,340
2024-11-26 21:15:00,2626.84,2627.34,2625.48,2625.53,341,3,0,341
2024-11-26 21:18:00,2625.48,2625.49,2624.64,2625.13,315,3,0,315
2024-11-26 21:21:00,2625.15,2625.48,2624.2,2625.13,312,3,0,312
2024-11-26 21:24:00,2625.13,2625.14,2624.4,2624.88,252,3,0,252
2024-11-26 21:27:00,2624.88,2626.19,2624.17,2625.73,293,3,0,293
2024-11-26 21:30:00,2625.74,2626.64,2625.11,2626.55,285,3,0,285
2024-11-26 21:33:00,2626.51,2627.37,2626.47,2626.54,272,3,0,272
2024-11-26 21:36:00,2626.57,2627.57,2626.4,2627.57,240,3,0,240
2024-11-26 21:39:00,2627.57,2627.68,2627.11,2627.16,253,3,0,253
2024-11-26 21:42:00,2627.17,2627.47,2626.82,2626.96,263,3,0,263
2024-11-26 21:45:00,2626.96,2628.36,2626.95,2628.05,241,3,0,241
2024-11-26 21:48:00,2628.08,2628.83,2627.83,2628.46,201,3,0,201
2024-11-26 21:51:00,2628.49,2628.8,2628.07,2628.68,208,3,0,208
2024-11-26 21:54:00,2628.68,2628.8,2628.18,2628.57,205,3,0,205
2024-11-26 21:57:00,2628.57,2629.05,2627.98,2628.13,306,3,0,306
2024-11-26 22:00:00,2628.14,2629.21,2628.05,2629.18,347,3,0,347
2024-11-26 22:03:00,2629.17,2629.56,2628.79,2629.56,269,3,0,269
2024-11-26 22:06:00,2629.56,2629.67,2628.51,2629.53,230,3,0,230
2024-11-26 22:09:00,2629.54,2630.16,2629.21,2629.99,298,3,0,298
2024-11-26 22:12:00,2629.99,2629.99,2629.46,2629.59,203,3,0,203
2024-11-26 22:15:00,2629.57,2629.8,2629.41,2629.48,223,3,0,223
2024-11-26 22:18:00,2629.48,2629.87,2628.5,2628.51,297,3,0,297
2024-11-26 22:21:00,2628.47,2629.5,2628.47,2629.5,253,3,0,253
2024-11-26 22:24:00,2629.51,2629.53,2628.13,2628.15,266,3,0,266
2024-11-26 22:27:00,2628.17,2628.4,2627.59,2627.99,274,3,0,274
2024-11-26 22:30:00,2628.12,2629.7,2628.12,2629.55,309,3,0,309
2024-11-26 22:33:00,2629.57,2630.12,2629.22,2630.12,274,3,0,274
2024-11-26 22:36:00,2630.11,2631.11,2630.1,2631.04,248,3,0,248
2024-11-26 22:39:00,2631.07,2631.4,2630.57,2630.81,288,3,0,288
2024-11-26 22:42:00,2630.81,2631.33,2630.6,2630.96,232,3,0,232
2024-11-26 22:45:00,2631.0,2631.31,2630.55,2631.26,211,3,0,211
2024-11-26 22:48:00,2631.27,2631.27,2630.43,2630.81,207,3,0,207
2024-11-26 22:51:00,2630.83,2631.5,2630.64,2631.46,291,3,0,291
2024-11-26 22:54:00,2631.43,2632.87,2631.43,2632.79,264,3,0,264
2024-11-26 22:57:00,2632.74,2632.77,2631.24,2631.72,373,3,0,373
2024-11-26 23:00:00,2631.72,2632.26,2631.66,2632.26,188,3,0,188
2024-11-26 23:03:00,2632.2,2632.39,2631.02,2631.02,141,3,0,141
2024-11-26 23:06:00,2631.02,2631.45,2630.8,2631.19,151,3,0,151
2024-11-26 23:09:00,2631.24,2632.74,2630.94,2632.73,149,3,0,149
2024-11-26 23:12:00,2632.76,2632.99,2632.25,2632.63,148,3,0,148
2024-11-26 23:15:00,2632.64,2633.18,2632.6,2632.88,85,3,0,85
2024-11-26 23:18:00,2632.8,2633.18,2632.68,2633.18,73,3,0,73
2024-11-26 23:21:00,2633.16,2633.52,2632.61,2632.78,110,3,0,110
2024-11-26 23:24:00,2632.73,2633.09,2632.37,2633.06,104,3,0,104
2024-11-26 23:27:00,2633.06,2633.65,2632.94,2633.28,128,3,0,128
2024-11-26 23:30:00,2633.23,2633.43,2633.01,2633.28,90,3,0,90
2024-11-26 23:33:00,2633.33,2633.53,2632.96,2633.06,100,3,0,100
2024-11-26 23:36:00,2633.05,2633.06,2632.12,2632.12,118,3,0,118
2024-11-26 23:39:00,2632.08,2632.64,2631.97,2632.27,131,3,0,131
2024-11-26 23:42:00,2632.24,2632.72,2631.95,2632.45,117,3,0,117
2024-11-26 23:45:00,2632.45,2632.45,2632.0,2632.05,145,3,0,145
2024-11-26 23:48:00,2632.08,2632.52,2631.97,2632.46,120,3,0,120
2024-11-26 23:51:00,2632.51,2632.78,2632.46,2632.52,71,3,0,71
2024-11-26 23:54:00,2632.52,2633.06,2632.31,2632.99,92,3,0,92
2024-11-26 23:57:00,2632.99,2633.11,2632.61,2633.04,55,3,0,55
2024-11-27 01:00:00,2632.64,2632.64,2629.35,2630.82,86,32,0,86
2024-11-27 01:03:00,2630.82,2631.19,2630.82,2631.13,74,12,0,74
2024-11-27 01:06:00,2631.12,2631.89,2631.05,2631.64,82,3,0,82
2024-11-27 01:09:00,2631.62,2631.74,2631.01,2631.33,112,3,0,112
2024-11-27 01:12:00,2631.31,2631.69,2631.01,2631.34,103,3,0,103
2024-11-27 01:15:00,2631.36,2631.7,2631.36,2631.37,62,3,0,62
2024-11-27 01:18:00,2631.41,2631.66,2631.2,2631.48,99,3,0,99
2024-11-27 01:21:00,2631.49,2632.09,2631.48,2632.0,75,7,0,75
2024-11-27 01:24:00,2631.98,2632.01,2631.53,2631.79,49,3,0,49
2024-11-27 01:27:00,2631.77,2631.81,2631.31,2631.46,57,6,0,57
2024-11-27 01:30:00,2631.46,2633.24,2631.37,2632.99,180,4,0,180
2024-11-27 01:33:00,2632.99,2634.18,2632.86,2633.83,171,3,0,171
2024-11-27 01:36:00,2633.95,2633.95,2632.3,2632.3,194,3,0,194
2024-11-27 01:39:00,2632.26,2632.3,2631.91,2631.96,66,3,0,66
2024-11-27 01:42:00,2631.98,2632.83,2631.7,2632.83,90,3,0,90
2024-11-27 01:45:00,2632.77,2632.79,2632.2,2632.79,56,3,0,56
2024-11-27 01:48:00,2632.79,2632.82,2632.1,2632.24,42,3,0,42
2024-11-27 01:51:00,2632.21,2632.22,2631.65,2631.71,47,3,0,47
2024-11-27 01:54:00,2631.71,2632.46,2631.62,2631.88,60,3,0,60
2024-11-27 01:57:00,2631.91,2632.37,2631.91,2632.27,60,5,0,60
2024-11-27 02:00:00,2632.27,2633.13,2632.27,2632.46,160,3,0,160
2024-11-27 02:03:00,2632.49,2632.79,2632.44,2632.48,155,3,0,155
2024-11-27 02:06:00,2632.48,2632.63,2631.95,2631.95,59,3,0,59
2024-11-27 02:09:00,2631.93,2632.0,2631.7,2631.84,71,3,0,71
2024-11-27 02:12:00,2631.91,2632.03,2631.12,2631.12,152,3,0,152
2024-11-27 02:15:00,2631.12,2631.16,2630.16,2630.17,183,3,0,183
2024-11-27 02:18:00,2630.22,2630.72,2630.22,2630.38,133,3,0,133
2024-11-27 02:21:00,2630.41,2630.62,2630.03,2630.57,125,3,0,125
2024-11-27 02:24:00,2630.58,2630.65,2629.64,2629.81,137,3,0,137
2024-11-27 02:27:00,2629.81,2629.99,2629.37,2629.37,102,3,0,102
2024-11-27 02:30:00,2629.43,2630.36,2629.29,2630.19,210,3,0,210
2024-11-27 02:33:00,2630.2,2630.38,2629.37,2629.66,104,3,0,104
2024-11-27 02:36:00,2629.7,2629.82,2629.44,2629.82,102,4,0,102
2024-11-27 02:39:00,2629.83,2629.85,2628.98,2629.02,139,3,0,139
2024-11-27 02:42:00,2629.01,2629.2,2628.03,2628.16,125,3,0,125
2024-11-27 02:45:00,2628.14,2628.24,2627.78,2627.78,86,3,0,86
2024-11-27 02:48:00,2627.78,2627.96,2627.25,2627.67,208,3,0,208
2024-11-27 02:51:00,2627.66,2628.63,2627.59,2628.27,217,3,0,217
2024-11-27 02:54:00,2628.28,2628.43,2628.0,2628.11,178,3,0,178
2024-11-27 02:57:00,2628.11,2628.6,2627.28,2627.77,220,3,0,220
2024-11-27 03:00:00,2627.81,2629.67,2627.09,2628.0,585,3,0,585
2024-11-27 03:03:00,2628.01,2629.32,2627.99,2629.13,448,3,0,448
2024-11-27 03:06:00,2629.18,2629.76,2628.13,2628.13,364,4,0,364
2024-11-27 03:09:00,2628.11,2629.85,2627.08,2629.49,544,3,0,544
2024-11-27 03:12:00,2629.48,2629.71,2628.47,2628.57,490,3,0,490
2024-11-27 03:15:00,2628.57,2629.62,2628.23,2628.51,441,3,0,441
2024-11-27 03:18:00,2628.52,2630.36,2628.52,2630.3,411,3,0,411
2024-11-27 03:21:00,2630.32,2632.67,2630.32,2632.35,579,3,0,579
2024-11-27 03:24:00,2632.37,2632.59,2630.82,2630.82,438,3,0,438
2024-11-27 03:27:00,2630.81,2631.33,2630.06,2630.69,397,3,0,397
2024-11-27 03:30:00,2630.66,2632.23,2630.57,2631.53,448,3,0,448
2024-11-27 03:33:00,2631.53,2631.89,2630.83,2631.89,377,3,0,377
2024-11-27 03:36:00,2631.9,2632.45,2630.94,2632.38,473,3,0,473
2024-11-27 03:39:00,2632.38,2632.79,2631.36,2631.56,457,3,0,457
2024-11-27 03:42:00,2631.56,2631.57,2629.82,2630.13,421,3,0,421
2024-11-27 03:45:00,2630.13,2630.29,2628.62,2629.04,428,3,0,428
2024-11-27 03:48:00,2629.02,2630.18,2628.04,2630.18,452,3,0,452
2024-11-27 03:51:00,2630.24,2630.58,2629.65,2629.99,308,3,0,308
2024-11-27 03:54:00,2629.97,2630.82,2629.65,2630.71,301,3,0,301
2024-11-27 03:57:00,2630.71,2632.49,2630.71,2631.41,431,3,0,431
2024-11-27 04:00:00,2631.41,2633.38,2631.16,2632.56,639,3,0,639
2024-11-27 04:03:00,2632.55,2633.23,2631.84,2632.03,327,3,0,327
2024-11-27 04:06:00,2632.03,2633.42,2631.81,2632.48,426,3,0,426
2024-11-27 04:09:00,2632.47,2634.44,2632.34,2634.17,609,3,0,609
2024-11-27 04:12:00,2634.17,2635.63,2634.17,2634.48,527,3,0,527
2024-11-27 04:15:00,2634.48,2634.82,2634.24,2634.73,210,3,0,210
2024-11-27 04:18:00,2634.75,2635.08,2634.29,2634.83,206,3,0,206
2024-11-27 04:21:00,2634.88,2635.93,2634.69,2635.71,227,3,0,227
2024-11-27 04:24:00,2635.68,2637.66,2635.62,2637.39,509,3,0,509
2024-11-27 04:27:00,2637.39,2638.5,2637.2,2637.2,340,3,0,340
2024-11-27 04:30:00,2637.21,2638.75,2637.2,2637.95,621,3,0,621
2024-11-27 04:33:00,2637.96,2638.23,2636.48,2636.61,370,3,0,370
2024-11-27 04:36:00,2636.61,2637.81,2636.6,2637.81,482,3,0,482
2024-11-27 04:39:00,2637.84,2639.49,2637.72,2639.29,540,3,0,540
2024-11-27 04:42:00,2639.3,2640.53,2638.59,2639.84,494,3,0,494
2024-11-27 04:45:00,2639.84,2640.04,2638.84,2639.84,454,3,0,454
2024-11-27 04:48:00,2639.74,2639.8,2638.23,2638.28,505,3,0,505
2024-11-27 04:51:00,2638.28,2639.06,2636.62,2637.22,426,3,0,426
2024-11-27 04:54:00,2637.26,2638.56,2637.12,2637.91,387,3,0,387
2024-11-27 04:57:00,2637.95,2638.13,2637.14,2637.61,237,3,0,237
2024-11-27 05:00:00,2637.63,2638.48,2637.17,2638.19,374,3,0,374
2024-11-27 05:03:00,2638.17,2638.4,2637.76,2638.16,308,3,0,308
2024-11-27 05:06:00,2638.13,2638.3,2637.04,2637.3,275,3,0,275
2024-11-27 05:09:00,2637.25,2637.25,2636.3,2636.47,273,3,0,273
2024-11-27 05:12:00,2636.46,2636.84,2635.99,2636.34,385,3,0,385
2024-11-27 05:15:00,2636.34,2637.52,2636.11,2637.38,307,3,0,307
2024-11-27 05:18:00,2637.42,2637.46,2636.74,2637.16,243,3,0,243
2024-11-27 05:21:00,2637.12,2637.37,2636.2,2636.72,217,3,0,217
2024-11-27 05:24:00,2636.73,2638.92,2636.73,2638.88,326,3,0,326
2024-11-27 05:27:00,2638.9,2639.45,2638.31,2638.89,410,3,0,410
2024-11-27 05:30:00,2638.85,2639.4,2638.1,2638.25,259,3,0,259
2024-11-27 05:33:00,2638.25,2638.34,2637.59,2638.01,247,3,0,247
2024-11-27 05:36:00,2638.01,2638.56,2637.89,2638.41,154,3,0,154
2024-11-27 05:39:00,2638.4,2638.56,2637.94,2638.28,213,3,0,213
2024-11-27 05:42:00,2638.24,2638.63,2637.84,2638.39,173,3,0,173
2024-11-27 05:45:00,2638.45,2638.93,2638.29,2638.38,204,3,0,204
2024-11-27 05:48:00,2638.39,2639.1,2638.08,2638.45,194,3,0,194
2024-11-27 05:51:00,2638.45,2638.45,2637.38,2638.31,234,3,0,234
2024-11-27 05:54:00,2638.32,2638.5,2637.91,2638.03,173,3,0,173
2024-11-27 05:57:00,2638.03,2638.27,2637.83,2637.83,142,3,0,142
2024-11-27 06:00:00,2637.83,2637.83,2636.72,2637.39,231,3,0,231
2024-11-27 06:03:00,2637.4,2637.47,2636.88,2637.38,163,3,0,163
2024-11-27 06:06:00,2637.37,2637.47,2636.88,2637.31,130,3,0,130
2024-11-27 06:09:00,2637.31,2638.62,2637.26,2638.08,177,3,0,177
2024-11-27 06:12:00,2638.07,2638.07,2637.69,2637.9,154,3,0,154
2024-11-27 06:15:00,2637.89,2638.27,2637.59,2638.05,120,3,0,120
2024-11-27 06:18:00,2638.04,2638.49,2637.78,2638.48,174,3,0,174
2024-11-27 06:21:00,2638.47,2638.87,2638.28,2638.82,171,3,0,171
2024-11-27 06:24:00,2638.82,2638.9,2638.45,2638.81,112,3,0,112
2024-11-27 06:27:00,2638.79,2640.36,2638.73,2640.25,161,3,0,161
2024-11-27 06:30:00,2640.26,2640.66,2639.91,2640.39,214,3,0,214
2024-11-27 06:33:00,2640.38,2640.46,2639.74,2640.28,175,3,0,175
2024-11-27 06:36:00,2640.28,2640.43,2640.0,2640.02,157,3,0,157
2024-11-27 06:39:00,2640.02,2640.14,2639.73,2640.12,166,3,0,166
2024-11-27 06:42:00,2640.12,2640.28,2639.9,2640.2,135,3,0,135
2024-11-27 06:45:00,2640.18,2640.45,2639.73,2639.92,154,3,0,154
2024-11-27 06:48:00,2639.92,2640.02,2639.54,2640.0,103,3,0,103
2024-11-27 06:51:00,2640.01,2640.01,2639.01,2639.07,157,3,0,157
2024-11-27 06:54:00,2639.1,2639.19,2638.46,2638.54,164,3,0,164
2024-11-27 06:57:00,2638.55,2639.27,2638.46,2639.03,142,3,0,142
2024-11-27 07:00:00,2639.06,2639.55,2638.66,2639.24,238,3,0,238
2024-11-27 07:03:00,2639.24,2639.95,2639.05,2639.32,171,3,0,171
2024-11-27 07:06:00,2639.33,2639.38,2638.7,2638.83,135,3,0,135
2024-11-27 07:09:00,2638.87,2639.25,2638.77,2638.84,112,3,0,112
2024-11-27 07:12:00,2638.87,2638.98,2638.48,2638.49,114,3,0,114
2024-11-27 07:15:00,2638.53,2638.83,2638.26,2638.72,167,3,0,167
2024-11-27 07:18:00,2638.73,2639.72,2638.57,2639.72,150,3,0,150
2024-11-27 07:21:00,2639.73,2640.16,2639.38,2639.68,178,3,0,178
2024-11-27 07:24:00,2639.67,2640.22,2639.67,2640.22,168,3,0,168
2024-11-27 07:27:00,2640.22,2640.56,2639.74,2639.92,224,3,0,224
2024-11-27 07:30:00,2639.91,2642.54,2639.91,2642.16,491,3,0,491
2024-11-27 07:33:00,2642.16,2643.41,2642.12,2642.77,591,3,0,591
2024-11-27 07:36:00,2642.77,2644.03,2642.75,2643.39,681,3,0,681
2024-11-27 07:39:00,2643.33,2645.15,2642.89,2644.44,522,3,0,522
2024-11-27 07:42:00,2644.52,2645.79,2644.42,2645.14,508,3,0,508
2024-11-27 07:45:00,2645.14,2645.45,2644.31,2644.63,390,3,0,390
2024-11-27 07:48:00,2644.62,2644.93,2643.66,2644.2,496,3,0,496
2024-11-27 07:51:00,2644.2,2644.82,2643.89,2644.17,452,3,0,452
2024-11-27 07:54:00,2644.16,2644.83,2642.46,2642.51,493,3,0,493
2024-11-27 07:57:00,2642.49,2643.71,2641.98,2642.07,450,3,0,450
2024-11-27 08:00:00,2642.07,2643.25,2641.76,2641.9,600,3,0,600
2024-11-27 08:03:00,2641.89,2642.72,2640.33,2642.44,521,3,0,521
2024-11-27 08:06:00,2642.44,2642.47,2640.33,2640.33,333,3,0,333
2024-11-27 08:09:00,2640.34,2640.8,2639.05,2639.67,470,3,0,470
2024-11-27 08:12:00,2639.7,2641.48,2639.08,2641.48,416,3,0,416
2024-11-27 08:15:00,2641.49,2641.99,2640.31,2641.51,517,3,0,517
2024-11-27 08:18:00,2641.47,2641.95,2640.57,2640.95,365,3,0,365
2024-11-27 08:21:00,2640.95,2641.69,2640.67,2641.57,262,3,0,262
2024-11-27 08:24:00,2641.57,2644.52,2641.36,2644.27,478,3,0,478
2024-11-27 08:27:00,2644.28,2644.55,2643.21,2644.32,377,3,0,377
2024-11-27 08:30:00,2644.34,2644.36,2643.34,2643.38,374,3,0,374
2024-11-27 08:33:00,2643.36,2643.98,2642.59,2642.82,427,3,0,427
2024-11-27 08:36:00,2642.82,2644.11,2642.06,2643.67,452,3,0,452
2024-11-27 08:39:00,2643.65,2643.76,2642.37,2642.48,342,3,0,342
2024-11-27 08:42:00,2642.51,2643.45,2642.47,2643.17,269,3,0,269
2024-11-27 08:45:00,2643.13,2644.26,2642.49,2644.26,356,3,0,356
2024-11-27 08:48:00,2644.26,2644.65,2643.87,2644.43,314,3,0,314
2024-11-27 08:51:00,2644.44,2645.42,2644.36,2645.42,361,3,0,361
2024-11-27 08:54:00,2645.39,2647.3,2644.88,2646.24,502,3,0,502
2024-11-27 08:57:00,2646.27,2648.03,2646.27,2647.81,484,3,0,484
2024-11-27 09:00:00,2647.81,2648.47,2646.91,2647.63,611,3,0,611
2024-11-27 09:03:00,2647.61,2648.24,2645.92,2647.88,428,3,0,428
2024-11-27 09:06:00,2647.88,2648.41,2647.35,2647.77,433,3,0,433
2024-11-27 09:09:00,2647.68,2648.52,2647.46,2647.46,418,3,0,418
2024-11-27 09:12:00,2647.5,2647.66,2647.09,2647.24,256,3,0,256
2024-11-27 09:15:00,2647.26,2647.26,2646.43,2646.64,287,3,0,287
2024-11-27 09:18:00,2646.64,2646.67,2646.24,2646.59,232,3,0,232
2024-11-27 09:21:00,2646.61,2646.95,2646.52,2646.73,186,3,0,186
2024-11-27 09:24:00,2646.7,2648.08,2646.56,2647.72,250,3,0,250
2024-11-27 09:27:00,2647.71,2648.24,2647.13,2647.14,173,3,0,173
2024-11-27 09:30:00,2647.15,2648.07,2646.95,2647.85,269,3,0,269
2024-11-27 09:33:00,2647.9,2648.25,2647.57,2647.99,259,3,0,259
2024-11-27 09:36:00,2647.99,2648.31,2647.37,2647.93,220,3,0,220
2024-11-27 09:39:00,2647.94,2647.94,2646.53,2647.32,257,3,0,257
2024-11-27 09:42:00,2647.31,2647.37,2646.52,2646.8,354,3,0,354
2024-11-27 09:45:00,2646.8,2647.66,2646.14,2646.97,338,3,0,338
2024-11-27 09:48:00,2646.98,2647.33,2646.75,2646.85,245,3,0,245
2024-11-27 09:51:00,2646.86,2647.04,2646.19,2646.25,238,3,0,238
2024-11-27 09:54:00,2646.27,2647.46,2646.09,2647.21,299,3,0,299
2024-11-27 09:57:00,2647.25,2647.26,2646.43,2646.64,313,3,0,313
2024-11-27 10:00:00,2646.62,2647.86,2645.94,2647.53,520,3,0,520
2024-11-27 10:03:00,2647.52,2647.75,2646.9,2647.21,403,3,0,403
2024-11-27 10:06:00,2647.25,2648.04,2646.99,2647.62,558,3,0,558
2024-11-27 10:09:00,2647.62,2648.19,2647.26,2647.52,468,3,0,468
2024-11-27 10:12:00,2647.51,2647.69,2645.81,2646.03,463,3,0,463
2024-11-27 10:15:00,2646.03,2647.58,2645.3,2647.45,579,3,0,579
2024-11-27 10:18:00,2647.45,2649.39,2647.04,2648.64,560,3,0,560
2024-11-27 10:21:00,2648.65,2648.74,2646.25,2646.27,598,3,0,598
2024-11-27 10:24:00,2646.29,2647.66,2645.99,2647.64,512,3,0,512
2024-11-27 10:27:00,2647.63,2648.36,2647.26,2647.57,455,3,0,455
2024-11-27 10:30:00,2647.6,2648.75,2646.86,2648.28,408,3,0,408
2024-11-27 10:33:00,2648.27,2648.27,2647.58,2647.92,303,3,0,303
2024-11-27 10:36:00,2647.91,2648.59,2645.87,2645.88,381,3,0,381
2024-11-27 10:39:00,2645.87,2648.44,2645.5,2648.05,516,3,0,516
2024-11-27 10:42:00,2648.04,2648.42,2647.85,2648.21,275,3,0,275
2024-11-27 10:45:00,2648.19,2648.56,2648.03,2648.39,257,3,0,257
2024-11-27 10:48:00,2648.38,2650.49,2648.38,2650.07,476,3,0,476
2024-11-27 10:51:00,2650.08,2650.63,2648.35,2650.63,472,3,0,472
2024-11-27 10:54:00,2650.62,2652.91,2650.61,2652.11,533,3,0,533
2024-11-27 10:57:00,2652.11,2653.69,2652.11,2653.52,521,3,0,521
2024-11-27 11:00:00,2653.51,2653.83,2652.61,2652.88,445,3,0,445
2024-11-27 11:03:00,2652.88,2653.36,2651.95,2652.97,401,3,0,401
2024-11-27 11:06:00,2652.99,2653.33,2650.68,2650.78,468,3,0,468
2024-11-27 11:09:00,2650.77,2651.16,2650.04,2650.22,502,3,0,502
2024-11-27 11:12:00,2650.24,2650.31,2648.99,2649.71,405,3,0,405
2024-11-27 11:15:00,2649.71,2650.25,2649.41,2649.78,374,3,0,374
2024-11-27 11:18:00,2649.78,2649.85,2649.33,2649.5,306,3,0,306
2024-11-27 11:21:00,2649.49,2650.13,2649.25,2649.87,263,3,0,263
2024-11-27 11:24:00,2649.88,2649.9,2649.13,2649.24,224,3,0,224
2024-11-27 11:27:00,2649.44,2650.22,2649.44,2649.48,235,3,0,235
2024-11-27 11:30:00,2649.47,2649.47,2648.65,2649.12,228,3,0,228
2024-11-27 11:33:00,2649.12,2651.42,2648.81,2650.37,339,3,0,339
2024-11-27 11:36:00,2650.35,2650.91,2649.76,2649.82,474,3,0,474
2024-11-27 11:39:00,2649.83,2650.56,2649.49,2649.5,329,3,0,329
2024-11-27 11:42:00,2649.55,2649.91,2648.91,2648.91,292,3,0,292
2024-11-27 11:45:00,2648.91,2649.79,2648.87,2649.36,293,3,0,293
2024-11-27 11:48:00,2649.4,2649.82,2648.58,2649.71,280,3,0,280
2024-11-27 11:51:00,2649.7,2649.72,2648.82,2649.08,266,3,0,266
2024-11-27 11:54:00,2649.09,2649.44,2648.81,2648.87,272,3,0,272
2024-11-27 11:57:00,2648.88,2648.95,2647.97,2648.45,315,3,0,315
2024-11-27 12:00:00,2648.48,2649.05,2648.26,2649.0,313,3,0,313
2024-11-27 12:03:00,2648.99,2649.64,2648.77,2649.24,315,3,0,315
2024-11-27 12:06:00,2649.23,2650.01,2649.09,2649.86,351,3,0,351
2024-11-27 12:09:00,2649.87,2649.94,2648.61,2648.81,300,3,0,300
2024-11-27 12:12:00,2648.84,2649.15,2648.18,2648.25,292,3,0,292
2024-11-27 12:15:00,2648.23,2649.42,2648.06,2649.01,273,3,0,273
2024-11-27 12:18:00,2648.99,2649.03,2648.49,2648.78,202,3,0,202
2024-11-27 12:21:00,2648.8,2649.4,2648.72,2648.76,195,3,0,195
2024-11-27 12:24:00,2648.76,2649.75,2648.62,2648.62,239,3,0,239
2024-11-27 12:27:00,2648.66,2648.71,2647.75,2648.35,512,3,0,512
2024-11-27 12:30:00,2648.38,2648.94,2647.99,2648.84,467,3,0,467
2024-11-27 12:33:00,2648.84,2649.73,2648.38,2649.64,274,3,0,274
2024-11-27 12:36:00,2649.62,2649.96,2648.73,2649.04,261,3,0,261
2024-11-27 12:39:00,2649.0,2649.0,2647.99,2648.11,260,3,0,260
2024-11-27 12:42:00,2648.12,2648.47,2648.0,2648.46,194,3,0,194
2024-11-27 12:45:00,2648.46,2648.82,2648.22,2648.29,325,3,0,325
2024-11-27 12:48:00,2648.36,2648.74,2647.81,2648.68,278,3,0,278
2024-11-27 12:51:00,2648.64,2649.05,2648.28,2649.04,198,3,0,198
2024-11-27 12:54:00,2649.04,2649.46,2648.38,2648.92,261,3,0,261
2024-11-27 12:57:00,2648.93,2649.23,2648.1,2648.65,268,3,0,268
2024-11-27 13:00:00,2648.69,2649.13,2648.01,2648.73,257,3,0,257
2024-11-27 13:03:00,2648.75,2649.12,2648.04,2648.04,217,3,0,217
2024-11-27 13:06:00,2648.02,2648.59,2646.81,2648.46,400,3,0,400
2024-11-27 13:09:00,2648.48,2649.19,2647.34,2647.34,262,3,0,262
2024-11-27 13:12:00,2647.31,2647.38,2643.3,2645.62,511,3,0,511
2024-11-27 13:15:00,2645.62,2647.62,2645.51,2647.43,518,3,0,518
2024-11-27 13:18:00,2647.44,2648.74,2646.43,2648.44,477,3,0,477
2024-11-27 13:21:00,2648.54,2648.54,2646.29,2646.37,557,3,0,557
2024-11-27 13:24:00,2646.37,2646.62,2645.82,2646.59,370,3,0,370
2024-11-27 13:27:00,2646.57,2646.68,2646.28,2646.44,250,3,0,250
2024-11-27 13:30:00,2646.49,2648.41,2646.4,2647.92,302,3,0,302
2024-11-27 13:33:00,2647.92,2649.19,2647.87,2649.12,265,3,0,265
2024-11-27 13:36:00,2649.1,2650.68,2649.1,2649.58,361,3,0,361
2024-11-27 13:39:00,2649.56,2650.31,2649.36,2649.98,291,3,0,291
2024-11-27 13:42:00,2649.98,2650.47,2649.9,2650.36,204,3,0,204
2024-11-27 13:45:00,2650.39,2650.45,2649.54,2649.63,296,3,0,296
2024-11-27 13:48:00,2649.61,2650.47,2649.08,2650.3,316,3,0,316
2024-11-27 13:51:00,2650.32,2650.41,2649.67,2650.27,257,3,0,257
2024-11-27 13:54:00,2650.27,2652.35,2650.16,2652.33,373,3,0,373
2024-11-27 13:57:00,2652.33,2652.38,2651.06,2651.16,318,3,0,318
2024-11-27 14:00:00,2651.16,2651.64,2649.54,2650.27,446,3,0,446
2024-11-27 14:03:00,2650.25,2651.06,2649.75,2650.94,358,3,0,358
2024-11-27 14:06:00,2650.95,2652.22,2650.94,2651.81,300,3,0,300
2024-11-27 14:09:00,2651.8,2653.0,2651.56,2652.84,301,3,0,301
2024-11-27 14:12:00,2652.83,2654.17,2652.8,2653.99,408,3,0,408
2024-11-27 14:15:00,2653.96,2654.54,2653.65,2654.42,102,3,0,102
2024-11-27 14:18:00,2652.63,2653.09,2652.55,2653.05,65,3,0,65
2024-11-27 14:21:00,2653.06,2653.44,2652.6,2652.97,339,3,0,339
2024-11-27 14:24:00,2652.99,2653.89,2652.91,2653.34,227,3,0,227
2024-11-27 14:27:00,2653.36,2653.74,2652.96,2652.98,279,3,0,279
2024-11-27 14:30:00,2652.99,2653.66,2652.0,2652.22,366,3,0,366
2024-11-27 14:33:00,2652.26,2653.29,2652.18,2653.28,332,3,0,332
2024-11-27 14:36:00,2653.25,2655.12,2652.61,2654.99,404,3,0,404
2024-11-27 14:39:00,2654.99,2655.03,2653.26,2653.44,546,3,0,546
2024-11-27 14:42:00,2653.47,2654.45,2653.36,2653.7,404,3,0,404
2024-11-27 14:45:00,2653.72,2653.73,2652.05,2652.24,409,3,0,409
2024-11-27 14:48:00,2652.26,2652.47,2651.69,2652.1,423,3,0,423
2024-11-27 14:51:00,2652.08,2652.19,2650.62,2650.73,335,3,0,335
2024-11-27 14:54:00,2650.8,2651.16,2650.46,2651.07,363,3,0,363
2024-11-27 14:57:00,2651.06,2651.66,2650.97,2651.36,365,3,0,365
2024-11-27 15:00:00,2651.35,2652.98,2650.42,2652.65,755,3,0,755
2024-11-27 15:03:00,2652.57,2653.56,2651.54,2651.76,631,3,0,631
2024-11-27 15:06:00,2651.73,2651.95,2649.37,2649.78,650,3,0,650
2024-11-27 15:09:00,2649.78,2650.18,2646.45,2647.76,746,3,0,746
2024-11-27 15:12:00,2647.77,2649.38,2646.46,2648.93,814,3,0,814
2024-11-27 15:15:00,2648.93,2650.29,2648.04,2649.71,773,3,0,773
2024-11-27 15:18:00,2649.72,2649.98,2646.73,2647.44,667,3,0,667
2024-11-27 15:21:00,2647.41,2648.33,2645.88,2646.82,700,3,0,700
2024-11-27 15:24:00,2646.84,2648.4,2646.55,2648.32,558,3,0,558
2024-11-27 15:27:00,2648.33,2649.95,2648.21,2648.61,368,3,0,368
2024-11-27 15:30:00,2648.61,2652.58,2648.12,2652.19,599,3,0,599
2024-11-27 15:33:00,2652.15,2653.13,2650.31,2650.39,761,3,0,761
2024-11-27 15:36:00,2650.41,2652.76,2648.98,2651.49,844,3,0,844
2024-11-27 15:39:00,2651.51,2652.48,2650.96,2651.57,696,3,0,696
2024-11-27 15:42:00,2651.56,2653.1,2651.23,2652.19,681,3,0,681
2024-11-27 15:45:00,2652.3,2654.32,2652.3,2653.96,651,3,0,651
2024-11-27 15:48:00,2653.98,2655.7,2653.62,2655.7,727,3,0,727
2024-11-27 15:51:00,2655.71,2657.78,2655.71,2657.0,825,3,0,825
2024-11-27 15:54:00,2657.0,2658.26,2656.63,2656.63,683,3,0,683
2024-11-27 15:57:00,2656.59,2657.2,2656.14,2656.34,710,3,0,710
2024-11-27 16:00:00,2656.36,2656.89,2653.44,2654.38,703,3,0,703
2024-11-27 16:03:00,2654.4,2654.56,2651.25,2652.92,763,3,0,763
2024-11-27 16:06:00,2652.97,2653.16,2651.63,2651.96,601,3,0,601
2024-11-27 16:09:00,2651.91,2651.91,2649.3,2650.46,590,3,0,590
2024-11-27 16:12:00,2650.51,2651.98,2650.16,2651.04,557,3,0,557
2024-11-27 16:15:00,2651.54,2652.6,2650.72,2651.11,569,3,0,569
2024-11-27 16:18:00,2651.1,2651.94,2650.14,2650.28,486,3,0,486
2024-11-27 16:21:00,2650.24,2651.71,2649.95,2651.03,426,3,0,426
2024-11-27 16:24:00,2651.07,2651.09,2649.14,2649.58,414,3,0,414
2024-11-27 16:27:00,2649.6,2651.93,2649.6,2651.67,458,3,0,458
2024-11-27 16:30:00,2651.7,2654.05,2650.96,2653.01,645,3,0,645
2024-11-27 16:33:00,2653.03,2655.25,2653.01,2654.55,648,3,0,648
2024-11-27 16:36:00,2654.56,2655.09,2652.49,2652.89,658,3,0,658
2024-11-27 16:39:00,2652.9,2653.45,2651.97,2652.6,424,3,0,424
2024-11-27 16:42:00,2652.62,2654.93,2652.62,2654.77,524,3,0,524
2024-11-27 16:45:00,2654.73,2654.78,2652.89,2654.17,672,3,0,672
2024-11-27 16:48:00,2654.19,2654.58,2651.65,2651.68,563,3,0,563
2024-11-27 16:51:00,2651.67,2652.54,2650.34,2650.52,537,3,0,537
2024-11-27 16:54:00,2650.52,2651.98,2650.26,2651.2,520,3,0,520
2024-11-27 16:57:00,2651.11,2652.49,2650.68,2650.86,398,3,0,398
2024-11-27 17:00:00,2650.86,2651.5,2643.86,2644.7,728,3,0,728
2024-11-27 17:03:00,2644.7,2644.7,2640.23,2641.42,823,3,0,823
2024-11-27 17:06:00,2641.47,2645.89,2641.47,2644.4,905,3,0,905
2024-11-27 17:09:00,2644.42,2644.89,2641.93,2643.19,801,3,0,801
2024-11-27 17:12:00,2643.18,2643.55,2639.34,2639.58,823,3,0,823
2024-11-27 17:15:00,2639.6,2639.6,2635.6,2639.22,877,3,0,877
2024-11-27 17:18:00,2639.22,2642.39,2638.69,2642.2,747,3,0,747
2024-11-27 17:21:00,2642.22,2642.63,2640.06,2640.61,616,3,0,616
2024-11-27 17:24:00,2640.61,2642.58,2640.4,2642.21,700,3,0,700
2024-11-27 17:27:00,2642.2,2644.61,2641.86,2642.44,656,3,0,656
2024-11-27 17:30:00,2642.44,2642.49,2638.27,2640.96,925,3,0,925
2024-11-27 17:33:00,2640.97,2642.36,2639.36,2640.62,703,3,0,703
2024-11-27 17:36:00,2640.65,2641.9,2638.3,2640.82,695,3,0,695
2024-11-27 17:39:00,2640.84,2641.46,2638.8,2640.76,582,3,0,582
2024-11-27 17:42:00,2640.75,2641.79,2639.64,2639.66,543,3,0,543
2024-11-27 17:45:00,2639.62,2642.75,2639.6,2642.64,505,3,0,505
2024-11-27 17:48:00,2642.61,2644.64,2642.61,2643.92,593,3,0,593
2024-11-27 17:51:00,2643.83,2645.24,2643.65,2644.64,638,3,0,638
2024-11-27 17:54:00,2644.64,2645.0,2643.4,2644.36,554,3,0,554
2024-11-27 17:57:00,2644.36,2644.62,2642.7,2642.76,634,3,0,634
2024-11-27 18:00:00,2642.76,2644.36,2641.61,2643.21,727,3,0,727
2024-11-27 18:03:00,2643.23,2643.83,2640.8,2641.69,592,3,0,592
2024-11-27 18:06:00,2641.74,2642.42,2640.53,2640.65,440,3,0,440
2024-11-27 18:09:00,2640.67,2641.77,2639.99,2640.03,554,3,0,554
2024-11-27 18:12:00,2640.04,2641.37,2639.59,2640.94,566,3,0,566
2024-11-27 18:15:00,2640.95,2642.05,2640.5,2640.94,555,3,0,555
2024-11-27 18:18:00,2640.94,2641.87,2640.68,2640.68,364,3,0,364
2024-11-27 18:21:00,2640.7,2642.14,2640.41,2641.03,464,3,0,464
2024-11-27 18:24:00,2641.03,2641.44,2640.08,2640.19,379,3,0,379
2024-11-27 18:27:00,2640.19,2641.23,2639.1,2640.24,405,3,0,405
2024-11-27 18:30:00,2640.24,2641.16,2638.35,2638.43,587,3,0,587
2024-11-27 18:33:00,2638.42,2641.08,2638.15,2640.33,674,3,0,674
2024-11-27 18:36:00,2640.27,2642.49,2640.25,2641.04,559,3,0,559
2024-11-27 18:39:00,2641.08,2643.15,2641.08,2642.68,402,3,0,402
2024-11-27 18:42:00,2642.65,2643.83,2642.65,2643.38,439,3,0,439
2024-11-27 18:45:00,2643.36,2643.76,2642.91,2643.41,371,3,0,371
2024-11-27 18:48:00,2643.42,2643.44,2642.18,2642.34,393,3,0,393
2024-11-27 18:51:00,2642.37,2642.52,2640.13,2640.13,449,3,0,449
2024-11-27 18:54:00,2640.15,2640.69,2639.2,2640.58,460,3,0,460
2024-11-27 18:57:00,2640.55,2640.67,2639.07,2639.07,387,3,0,387
2024-11-27 19:00:00,2639.07,2639.72,2635.84,2636.48,580,3,0,580
2024-11-27 19:03:00,2636.5,2639.67,2635.32,2639.66,464,3,0,464
2024-11-27 19:06:00,2639.69,2639.9,2638.62,2639.34,339,3,0,339
2024-11-27 19:09:00,2639.36,2641.03,2638.5,2640.94,407,3,0,407
2024-11-27 19:12:00,2640.91,2641.5,2640.22,2640.22,435,3,0,435
2024-11-27 19:15:00,2640.2,2641.32,2639.99,2640.78,304,3,0,304
2024-11-27 19:18:00,2640.79,2642.83,2640.73,2642.27,343,3,0,343
2024-11-27 19:21:00,2642.28,2642.78,2640.94,2640.94,327,3,0,327
2024-11-27 19:24:00,2640.94,2641.65,2640.81,2641.2,295,3,0,295
2024-11-27 19:27:00,2641.22,2641.63,2639.85,2640.14,310,3,0,310
2024-11-27 19:30:00,2640.14,2640.58,2639.6,2639.74,311,3,0,311
2024-11-27 19:33:00,2639.72,2639.79,2638.55,2639.29,279,3,0,279
2024-11-27 19:36:00,2639.3,2639.86,2638.33,2638.44,402,3,0,402
2024-11-27 19:39:00,2638.45,2639.59,2638.05,2639.5,329,3,0,329
2024-11-27 19:42:00,2639.49,2639.79,2637.59,2637.63,273,3,0,273
2024-11-27 19:45:00,2637.63,2639.51,2637.58,2639.03,289,3,0,289
2024-11-27 19:48:00,2639.04,2639.05,2637.67,2638.02,300,3,0,300
2024-11-27 19:51:00,2638.01,2638.33,2637.33,2637.54,342,3,0,342
2024-11-27 19:54:00,2637.52,2638.23,2637.15,2638.05,370,3,0,370
2024-11-27 19:57:00,2638.11,2638.67,2637.29,2637.31,256,3,0,256
2024-11-27 20:00:00,2637.29,2638.3,2636.62,2638.11,270,3,0,270
2024-11-27 20:03:00,2638.09,2638.82,2638.01,2638.69,237,3,0,237
2024-11-27 20:06:00,2638.68,2639.05,2637.82,2638.61,292,3,0,292
2024-11-27 20:09:00,2638.62,2639.37,2637.97,2638.37,301,3,0,301
2024-11-27 20:12:00,2638.37,2638.51,2636.74,2636.74,245,3,0,245
2024-11-27 20:15:00,2636.74,2638.45,2636.58,2638.32,258,3,0,258
2024-11-27 20:18:00,2638.28,2639.41,2638.08,2638.98,294,3,0,294
2024-11-27 20:21:00,2638.82,2639.36,2638.59,2639.21,309,3,0,309
2024-11-27 20:24:00,2639.2,2640.49,2639.07,2640.25,399,3,0,399
2024-11-27 20:27:00,2640.28,2640.82,2639.27,2639.61,371,3,0,371
2024-11-27 20:30:00,2639.61,2639.62,2638.8,2638.97,231,3,0,231
2024-11-27 20:33:00,2638.97,2639.12,2638.78,2638.91,161,3,0,161
2024-11-27 20:36:00,2638.92,2639.57,2638.7,2639.45,153,3,0,153
2024-11-27 20:39:00,2639.46,2639.98,2638.68,2638.69,194,3,0,194
2024-11-27 20:42:00,2638.71,2638.71,2638.07,2638.1,177,3,0,177
2024-11-27 20:45:00,2638.1,2639.38,2638.06,2638.89,168,3,0,168
2024-11-27 20:48:00,2638.87,2639.39,2638.33,2638.6,301,3,0,301
2024-11-27 20:51:00,2638.65,2638.69,2637.72,2638.38,211,3,0,211
2024-11-27 20:54:00,2638.38,2638.85,2638.29,2638.39,159,3,0,159
2024-11-27 20:57:00,2638.34,2639.01,2638.04,2638.93,276,3,0,276
2024-11-27 21:00:00,2638.94,2639.43,2638.59,2638.65,241,3,0,241
2024-11-27 21:03:00,2638.65,2638.99,2638.19,2638.49,221,3,0,221
2024-11-27 21:06:00,2638.49,2639.4,2638.3,2639.1,142,3,0,142
2024-11-27 21:09:00,2639.1,2639.23,2638.48,2638.88,185,3,0,185
2024-11-27 21:12:00,2638.91,2639.02,2638.57,2638.67,173,3,0,173
2024-11-27 21:15:00,2638.67,2638.84,2638.1,2638.64,149,3,0,149
2024-11-27 21:18:00,2638.64,2638.91,2638.0,2638.0,220,3,0,220
2024-11-27 21:21:00,2638.0,2638.03,2637.54,2637.7,186,3,0,186
2024-11-27 21:24:00,2637.7,2637.84,2636.34,2636.52,230,3,0,230
2024-11-27 21:27:00,2636.51,2636.87,2635.87,2636.38,255,3,0,255
2024-11-27 21:30:00,2636.35,2636.76,2636.07,2636.07,202,3,0,202
2024-11-27 21:33:00,2636.06,2636.16,2635.05,2635.13,253,3,0,253
2024-11-27 21:36:00,2635.15,2635.91,2634.97,2635.14,192,3,0,192
2024-11-27 21:39:00,2635.13,2635.57,2633.9,2634.41,178,3,0,178
2024-11-27 21:42:00,2634.4,2635.18,2634.01,2634.78,204,3,0,204
2024-11-27 21:45:00,2634.77,2635.25,2634.59,2635.25,190,3,0,190
2024-11-27 21:48:00,2635.24,2635.39,2634.72,2635.06,179,3,0,179
2024-11-27 21:51:00,2635.06,2636.54,2634.97,2636.38,176,3,0,176
2024-11-27 21:54:00,2636.39,2636.59,2635.87,2636.05,207,3,0,207
2024-11-27 21:57:00,2636.03,2636.03,2634.77,2634.82,270,3,0,270
2024-11-27 22:00:00,2634.83,2635.43,2634.28,2634.97,296,3,0,296
2024-11-27 22:03:00,2634.93,2636.24,2634.84,2636.05,219,3,0,219
2024-11-27 22:06:00,2636.09,2637.97,2635.89,2637.88,264,3,0,264
2024-11-27 22:09:00,2637.87,2638.25,2636.84,2638.21,285,3,0,285
2024-11-27 22:12:00,2638.2,2638.64,2637.84,2637.9,184,3,0,184
2024-11-27 22:15:00,2637.86,2638.69,2637.75,2638.06,199,3,0,199
2024-11-27 22:18:00,2638.08,2638.64,2637.75,2638.63,166,3,0,166
2024-11-27 22:21:00,2638.64,2638.65,2638.24,2638.26,124,3,0,124
2024-11-27 22:24:00,2638.26,2638.45,2637.96,2638.25,152,3,0,152
2024-11-27 22:27:00,2638.27,2638.69,2637.99,2638.45,141,3,0,141
2024-11-27 22:30:00,2638.43,2638.46,2637.0,2637.91,257,3,0,257
2024-11-27 22:33:00,2637.91,2638.31,2637.7,2638.23,150,3,0,150
2024-11-27 22:36:00,2638.22,2639.0,2638.12,2639.0,146,3,0,146
2024-11-27 22:39:00,2639.01,2639.06,2638.08,2638.11,134,3,0,134
2024-11-27 22:42:00,2638.09,2638.2,2637.69,2638.0,124,3,0,124
2024-11-27 22:45:00,2638.04,2638.64,2637.98,2638.35,139,3,0,139
2024-11-27 22:48:00,2638.35,2638.81,2637.99,2638.18,171,3,0,171
2024-11-27 22:51:00,2638.17,2638.22,2637.81,2637.94,146,3,0,146
2024-11-27 22:54:00,2637.97,2638.23,2637.69,2637.71,163,3,0,163
2024-11-27 22:57:00,2637.72,2637.84,2636.88,2637.04,318,3,0,318
2024-11-27 23:00:00,2637.05,2637.16,2636.09,2636.55,282,3,0,282
2024-11-27 23:03:00,2636.55,2637.05,2636.5,2636.96,145,3,0,145
2024-11-27 23:06:00,2636.96,2637.02,2636.54,2636.62,115,3,0,115
2024-11-27 23:09:00,2636.64,2636.99,2636.58,2636.96,72,3,0,72
2024-11-27 23:12:00,2636.93,2637.09,2636.66,2637.07,83,3,0,83
2024-11-27 23:15:00,2637.07,2637.24,2636.89,2637.17,104,3,0,104
2024-11-27 23:18:00,2637.17,2637.58,2637.15,2637.27,54,3,0,54
2024-11-27 23:21:00,2637.26,2637.26,2636.67,2636.77,59,3,0,59
2024-11-27 23:24:00,2636.75,2637.18,2636.62,2636.68,93,3,0,93
2024-11-27 23:27:00,2636.61,2636.61,2634.93,2634.99,94,3,0,94
2024-11-27 23:30:00,2635.0,2635.99,2634.87,2635.99,130,3,0,130
2024-11-27 23:33:00,2636.0,2636.22,2635.79,2635.81,98,3,0,98
2024-11-27 23:36:00,2635.83,2635.84,2635.31,2635.52,111,3,0,111
2024-11-27 23:39:00,2635.54,2635.96,2635.5,2635.9,95,3,0,95
2024-11-27 23:42:00,2635.95,2636.1,2635.7,2635.79,93,3,0,93
2024-11-27 23:45:00,2635.81,2636.15,2635.74,2635.77,80,3,0,80
2024-11-27 23:48:00,2635.77,2636.17,2635.75,2635.92,87,5,0,87
2024-11-27 23:51:00,2635.93,2635.93,2635.54,2635.62,53,7,0,53
2024-11-27 23:54:00,2635.6,2635.85,2635.53,2635.54,82,3,0,82
2024-11-27 23:57:00,2635.51,2635.95,2635.49,2635.95,98,11,0,98
2024-11-28 01:00:00,2635.89,2637.46,2635.64,2637.34,150,3,0,150
2024-11-28 01:03:00,2637.33,2637.96,2637.33,2637.53,63,3,0,63
2024-11-28 01:06:00,2637.54,2637.89,2637.5,2637.63,49,3,0,49
2024-11-28 01:09:00,2637.63,2637.67,2637.35,2637.46,48,3,0,48
2024-11-28 01:12:00,2637.44,2637.46,2636.93,2636.99,79,3,0,79
2024-11-28 01:15:00,2637.03,2637.03,2636.67,2636.8,48,3,0,48
2024-11-28 01:18:00,2636.8,2637.32,2636.79,2637.13,42,3,0,42
2024-11-28 01:21:00,2637.13,2637.35,2636.95,2637.03,32,3,0,32
2024-11-28 01:24:00,2637.02,2637.02,2636.75,2636.77,18,3,0,18
2024-11-28 01:27:00,2636.78,2636.81,2636.26,2636.28,54,3,0,54
2024-11-28 01:30:00,2636.28,2636.77,2636.27,2636.74,57,6,0,57
2024-11-28 01:33:00,2636.74,2636.84,2636.65,2636.65,21,12,0,21
2024-11-28 01:36:00,2636.69,2636.85,2636.46,2636.55,67,7,0,67
2024-11-28 01:39:00,2636.55,2637.25,2636.44,2637.21,67,3,0,67
2024-11-28 01:42:00,2637.21,2637.24,2636.92,2636.94,31,3,0,31
2024-11-28 01:45:00,2636.94,2637.22,2636.61,2637.03,59,5,0,59
2024-11-28 01:48:00,2637.04,2637.12,2636.71,2636.78,69,3,0,69
2024-11-28 01:51:00,2636.8,2637.35,2636.8,2637.14,75,3,0,75
2024-11-28 01:54:00,2637.15,2637.31,2636.84,2636.86,121,3,0,121
2024-11-28 01:57:00,2636.88,2637.21,2636.76,2637.09,83,3,0,83
2024-11-28 02:00:00,2637.09,2637.25,2636.75,2637.1,90,3,0,90
2024-11-28 02:03:00,2637.09,2637.29,2636.63,2637.29,97,3,0,97
2024-11-28 02:06:00,2637.31,2637.31,2636.74,2636.78,90,3,0,90
2024-11-28 02:09:00,2636.81,2636.81,2636.49,2636.5,72,3,0,72
2024-11-28 02:12:00,2636.5,2636.52,2636.21,2636.21,77,3,0,77
2024-11-28 02:15:00,2636.21,2637.17,2636.21,2636.93,138,3,0,138
2024-11-28 02:18:00,2636.95,2637.11,2635.86,2635.99,135,3,0,135
2024-11-28 02:21:00,2636.03,2636.42,2635.18,2635.26,223,3,0,223
2024-11-28 02:24:00,2635.26,2636.04,2635.24,2635.72,202,3,0,202
2024-11-28 02:27:00,2635.72,2637.16,2635.69,2637.12,125,3,0,125
2024-11-28 02:30:00,2637.12,2638.0,2637.12,2637.68,104,3,0,104
2024-11-28 02:33:00,2637.67,2638.04,2637.65,2637.88,83,3,0,83
2024-11-28 02:36:00,2637.83,2638.47,2637.8,2638.25,138,3,0,138
2024-11-28 02:39:00,2638.26,2638.42,2636.98,2636.98,170,3,0,170
2024-11-28 02:42:00,2636.92,2637.22,2636.55,2637.22,120,3,0,120
2024-11-28 02:45:00,2637.22,2637.58,2637.01,2637.25,105,3,0,105
2024-11-28 02:48:00,2637.26,2637.49,2636.66,2636.95,100,3,0,100
2024-11-28 02:51:00,2637.0,2637.16,2635.47,2635.67,160,3,0,160
2024-11-28 02:54:00,2635.67,2636.85,2635.67,2636.67,132,3,0,132
2024-11-28 02:57:00,2636.74,2636.76,2635.7,2635.73,133,3,0,133
2024-11-28 03:00:00,2635.7,2636.34,2632.13,2632.38,954,3,0,954
2024-11-28 03:03:00,2632.38,2632.88,2631.23,2631.58,905,3,0,905
2024-11-28 03:06:00,2631.58,2631.71,2623.55,2624.34,1013,3,0,1013
2024-11-28 03:09:00,2624.37,2627.04,2623.94,2625.91,751,3,0,751
2024-11-28 03:12:00,2625.91,2628.18,2625.88,2628.13,639,3,0,639
2024-11-28 03:15:00,2628.13,2629.29,2626.71,2627.76,711,3,0,711
2024-11-28 03:18:00,2627.74,2627.74,2622.7,2623.64,802,3,0,802
2024-11-28 03:21:00,2623.59,2625.2,2621.07,2624.25,869,3,0,869
2024-11-28 03:24:00,2624.35,2625.77,2623.52,2624.08,632,3,0,632
2024-11-28 03:27:00,2624.11,2627.58,2622.89,2627.15,695,3,0,695
2024-11-28 03:30:00,2627.19,2627.2,2622.16,2624.71,805,3,0,805
2024-11-28 03:33:00,2624.72,2624.83,2622.43,2622.43,680,3,0,680
2024-11-28 03:36:00,2622.44,2623.13,2621.01,2622.2,738,3,0,738
2024-11-28 03:39:00,2622.25,2626.39,2622.02,2626.0,581,3,0,581
2024-11-28 03:42:00,2625.99,2626.66,2625.16,2625.17,669,3,0,669
2024-11-28 03:45:00,2625.17,2626.79,2624.55,2626.71,710,3,0,710
2024-11-28 03:48:00,2626.7,2626.85,2624.95,2626.14,634,3,0,634
2024-11-28 03:51:00,2626.18,2627.74,2626.05,2626.05,709,3,0,709
2024-11-28 03:54:00,2626.07,2627.85,2625.7,2627.16,677,3,0,677
2024-11-28 03:57:00,2627.16,2628.98,2627.15,2628.89,617,3,0,617
2024-11-28 04:00:00,2628.87,2630.2,2628.87,2629.43,548,3,0,548
2024-11-28 04:03:00,2629.42,2629.61,2627.65,2627.79,576,3,0,576
2024-11-28 04:06:00,2628.01,2629.22,2627.19,2628.68,581,3,0,581
2024-11-28 04:09:00,2628.7,2629.12,2628.29,2628.91,339,3,0,339
2024-11-28 04:12:00,2628.99,2629.71,2627.82,2628.2,347,3,0,347
2024-11-28 04:15:00,2628.2,2628.67,2627.67,2628.63,348,3,0,348
2024-11-28 04:18:00,2628.62,2629.07,2628.4,2628.44,216,3,0,216
2024-11-28 04:21:00,2628.42,2629.67,2627.86,2628.06,225,3,0,225
2024-11-28 04:24:00,2628.06,2628.33,2627.64,2627.96,217,3,0,217
2024-11-28 04:27:00,2628.06,2628.17,2627.17,2627.48,193,3,0,193
2024-11-28 04:30:00,2627.49,2628.67,2625.69,2628.66,584,3,0,584
2024-11-28 04:33:00,2628.64,2629.09,2627.03,2628.8,408,3,0,408
2024-11-28 04:36:00,2628.82,2629.23,2628.16,2628.58,343,3,0,343
2024-11-28 04:39:00,2628.6,2628.67,2627.38,2627.45,349,3,0,349
2024-11-28 04:42:00,2627.45,2629.2,2627.44,2628.57,290,3,0,290
2024-11-28 04:45:00,2628.51,2628.98,2627.96,2628.38,272,3,0,272
2024-11-28 04:48:00,2628.37,2628.37,2627.06,2627.07,237,3,0,237
2024-11-28 04:51:00,2627.16,2628.7,2627.07,2628.17,359,3,0,359
2024-11-28 04:54:00,2628.2,2628.52,2627.8,2628.38,340,3,0,340
2024-11-28 04:57:00,2628.41,2628.42,2627.66,2628.22,212,3,0,212
2024-11-28 05:00:00,2628.21,2628.41,2626.66,2626.66,199,3,0,199
2024-11-28 05:03:00,2626.56,2626.64,2625.69,2626.1,307,3,0,307
2024-11-28 05:06:00,2626.1,2627.89,2625.9,2627.8,314,3,0,314
2024-11-28 05:09:00,2627.77,2627.98,2627.58,2627.72,300,3,0,300
2024-11-28 05:12:00,2627.8,2627.87,2626.88,2627.12,310,3,0,310
2024-11-28 05:15:00,2627.13,2628.09,2626.97,2628.06,220,3,0,220
2024-11-28 05:18:00,2628.07,2629.19,2627.78,2629.11,358,3,0,358
2024-11-28 05:21:00,2629.13,2630.52,2629.11,2629.57,420,3,0,420
2024-11-28 05:24:00,2629.65,2630.26,2629.08,2630.16,164,3,0,164
2024-11-28 05:27:00,2630.16,2631.84,2630.15,2631.33,407,3,0,407
2024-11-28 05:30:00,2631.38,2632.2,2630.82,2631.62,292,3,0,292
2024-11-28 05:33:00,2631.62,2631.66,2630.9,2631.25,127,3,0,127
2024-11-28 05:36:00,2631.25,2631.41,2630.13,2630.47,173,3,0,173
2024-11-28 05:39:00,2630.46,2630.85,2630.42,2630.68,254,3,0,254
2024-11-28 05:42:00,2630.67,2630.85,2630.41,2630.65,177,3,0,177
2024-11-28 05:45:00,2630.65,2630.74,2629.84,2630.21,158,3,0,158
2024-11-28 05:48:00,2630.21,2630.22,2629.84,2629.96,195,3,0,195
2024-11-28 05:51:00,2630.06,2630.28,2629.89,2630.14,141,3,0,141
2024-11-28 05:54:00,2630.15,2630.34,2629.78,2630.03,104,3,0,104
2024-11-28 05:57:00,2630.03,2630.5,2629.64,2630.33,200,3,0,200
2024-11-28 06:00:00,2630.35,2630.36,2629.59,2629.71,131,3,0,131
2024-11-28 06:03:00,2629.68,2629.96,2629.43,2629.96,130,3,0,130
2024-11-28 06:06:00,2629.94,2629.97,2629.55,2629.81,149,3,0,149
2024-11-28 06:09:00,2629.85,2630.73,2629.84,2630.21,164,3,0,164
2024-11-28 06:12:00,2630.26,2630.51,2630.11,2630.41,63,3,0,63
2024-11-28 06:15:00,2630.4,2631.13,2630.3,2631.13,105,3,0,105
2024-11-28 06:18:00,2631.14,2633.56,2631.14,2632.79,326,3,0,326
2024-11-28 06:21:00,2632.8,2634.03,2632.78,2633.71,222,3,0,222
2024-11-28 06:24:00,2633.71,2633.98,2633.39,2633.75,155,3,0,155
2024-11-28 06:27:00,2633.78,2634.06,2633.5,2633.53,141,3,0,141
2024-11-28 06:30:00,2633.54,2633.83,2633.21,2633.83,135,3,0,135
2024-11-28 06:33:00,2633.84,2634.03,2632.96,2633.07,129,3,0,129
2024-11-28 06:36:00,2633.09,2633.17,2631.82,2631.85,131,3,0,131
2024-11-28 06:39:00,2631.82,2631.91,2630.71,2631.18,137,3,0,137
2024-11-28 06:42:00,2631.2,2631.52,2630.47,2631.0,218,3,0,218
2024-11-28 06:45:00,2630.99,2631.54,2630.75,2631.54,95,3,0,95
2024-11-28 06:48:00,2631.53,2631.98,2631.52,2631.77,112,3,0,112
2024-11-28 06:51:00,2631.77,2631.79,2631.15,2631.36,63,3,0,63
2024-11-28 06:54:00,2631.36,2631.37,2630.82,2630.96,68,3,0,68
2024-11-28 06:57:00,2630.98,2631.48,2630.96,2631.3,97,3,0,97
2024-11-28 07:00:00,2631.3,2631.37,2630.22,2631.16,164,3,0,164
2024-11-28 07:03:00,2631.17,2631.61,2631.17,2631.44,82,3,0,82
2024-11-28 07:06:00,2631.45,2631.74,2630.89,2631.26,89,3,0,89
2024-11-28 07:09:00,2631.26,2631.75,2631.24,2631.44,95,3,0,95
2024-11-28 07:12:00,2631.45,2631.92,2631.43,2631.83,102,3,0,102
2024-11-28 07:15:00,2631.83,2633.78,2631.63,2633.55,223,3,0,223
2024-11-28 07:18:00,2633.53,2633.8,2632.98,2633.33,258,3,0,258
2024-11-28 07:21:00,2633.32,2633.58,2631.66,2631.75,305,3,0,305
2024-11-28 07:24:00,2631.77,2631.86,2630.43,2630.56,176,3,0,176
2024-11-28 07:27:00,2630.55,2631.05,2630.5,2631.04,146,3,0,146
2024-11-28 07:30:00,2631.04,2633.92,2631.04,2633.41,440,3,0,440
2024-11-28 07:33:00,2633.41,2633.53,2632.55,2632.92,478,3,0,478
2024-11-28 07:36:00,2632.92,2633.6,2632.28,2632.58,286,3,0,286
2024-11-28 07:39:00,2632.58,2632.62,2631.48,2631.9,186,3,0,186
2024-11-28 07:42:00,2631.9,2632.26,2631.73,2631.98,250,3,0,250
2024-11-28 07:45:00,2631.99,2632.8,2631.13,2631.51,234,3,0,234
2024-11-28 07:48:00,2631.54,2632.87,2631.53,2632.82,214,3,0,214
2024-11-28 07:51:00,2632.82,2633.77,2632.25,2633.08,210,3,0,210
2024-11-28 07:54:00,2633.08,2634.11,2632.99,2633.55,259,3,0,259
2024-11-28 07:57:00,2633.55,2633.62,2632.56,2633.47,275,3,0,275
2024-11-28 08:00:00,2633.48,2634.02,2632.29,2632.54,233,3,0,233
2024-11-28 08:03:00,2632.54,2632.6,2631.91,2632.4,132,4,0,132
2024-11-28 08:06:00,2632.4,2632.69,2631.94,2632.44,286,3,0,286
2024-11-28 08:09:00,2632.45,2633.1,2632.38,2632.9,444,3,0,444
2024-11-28 08:12:00,2632.88,2633.0,2632.46,2632.78,334,3,0,334
2024-11-28 08:15:00,2632.79,2634.05,2632.68,2633.93,321,3,0,321
2024-11-28 08:18:00,2633.93,2633.93,2632.98,2632.98,199,3,0,199
2024-11-28 08:21:00,2632.98,2635.15,2632.77,2634.64,320,3,0,320
2024-11-28 08:24:00,2634.64,2635.79,2634.09,2635.7,346,3,0,346
2024-11-28 08:27:00,2635.69,2636.23,2635.04,2635.88,330,3,0,330
2024-11-28 08:30:00,2635.95,2636.47,2634.97,2635.04,396,3,0,396
2024-11-28 08:33:00,2635.03,2635.15,2634.49,2634.77,410,3,0,410
2024-11-28 08:36:00,2634.76,2634.94,2634.43,2634.6,244,3,0,244
2024-11-28 08:39:00,2634.6,2635.49,2633.27,2635.49,401,3,0,401
2024-11-28 08:42:00,2635.49,2637.93,2635.03,2637.84,487,3,0,487
2024-11-28 08:45:00,2637.88,2639.66,2637.79,2637.99,438,3,0,438
2024-11-28 08:48:00,2637.97,2637.97,2635.83,2636.33,406,3,0,406
2024-11-28 08:51:00,2636.33,2636.41,2634.61,2635.77,380,3,0,380
2024-11-28 08:54:00,2635.78,2636.63,2635.49,2636.51,387,3,0,387
2024-11-28 08:57:00,2636.48,2637.33,2636.47,2636.83,328,3,0,328
2024-11-28 09:00:00,2636.83,2636.97,2635.88,2636.01,335,3,0,335
2024-11-28 09:03:00,2636.01,2636.28,2634.57,2635.86,416,3,0,416
2024-11-28 09:06:00,2635.86,2636.41,2635.41,2636.13,256,3,0,256
2024-11-28 09:09:00,2636.14,2637.02,2636.09,2636.89,171,3,0,171
2024-11-28 09:12:00,2636.88,2636.9,2636.26,2636.57,168,3,0,168
2024-11-28 09:15:00,2636.58,2638.29,2636.56,2638.19,160,3,0,160
2024-11-28 09:18:00,2638.2,2639.37,2637.79,2638.3,217,3,0,217
2024-11-28 09:21:00,2638.36,2638.97,2637.78,2638.15,215,3,0,215
2024-11-28 09:24:00,2638.15,2638.43,2637.79,2637.96,147,3,0,147
2024-11-28 09:27:00,2637.98,2638.84,2637.97,2638.37,114,3,0,114
2024-11-28 09:30:00,2638.29,2638.54,2637.31,2638.04,140,3,0,140
2024-11-28 09:33:00,2638.04,2638.43,2637.89,2637.97,134,3,0,134
2024-11-28 09:36:00,2637.96,2637.96,2636.97,2637.34,214,3,0,214
2024-11-28 09:39:00,2637.36,2638.1,2637.15,2637.35,202,3,0,202
2024-11-28 09:42:00,2637.35,2637.35,2636.32,2636.45,238,3,0,238
2024-11-28 09:45:00,2636.45,2636.49,2635.7,2636.25,292,3,0,292
2024-11-28 09:48:00,2636.24,2637.12,2635.91,2636.94,229,3,0,229
2024-11-28 09:51:00,2636.95,2638.26,2636.95,2637.7,172,3,0,172
2024-11-28 09:54:00,2637.7,2637.83,2637.01,2637.59,153,3,0,153
2024-11-28 09:57:00,2637.59,2637.94,2637.13,2637.4,188,3,0,188
2024-11-28 10:00:00,2637.39,2637.52,2635.76,2636.95,376,3,0,376
2024-11-28 10:03:00,2636.95,2637.2,2636.21,2636.75,399,3,0,399
2024-11-28 10:06:00,2636.75,2637.68,2636.49,2637.68,342,3,0,342
2024-11-28 10:09:00,2637.69,2637.71,2636.77,2637.27,209,3,0,209
2024-11-28 10:12:00,2637.26,2638.59,2637.21,2638.01,296,3,0,296
2024-11-28 10:15:00,2638.0,2638.13,2637.12,2637.24,293,3,0,293
2024-11-28 10:18:00,2637.24,2637.74,2636.73,2636.98,231,3,0,231
2024-11-28 10:21:00,2636.96,2638.08,2636.94,2637.72,163,3,0,163
2024-11-28 10:24:00,2637.72,2638.22,2637.42,2638.11,236,3,0,236
2024-11-28 10:27:00,2638.11,2639.33,2638.06,2638.87,295,3,0,295
2024-11-28 10:30:00,2638.87,2639.31,2638.34,2639.18,266,3,0,266
2024-11-28 10:33:00,2639.18,2640.29,2638.98,2639.98,316,3,0,316
2024-11-28 10:36:00,2639.98,2640.63,2639.55,2640.29,260,3,0,260
2024-11-28 10:39:00,2640.33,2641.12,2639.62,2640.46,291,3,0,291
2024-11-28 10:42:00,2640.46,2641.02,2639.69,2640.97,225,3,0,225
2024-11-28 10:45:00,2640.97,2641.23,2640.37,2640.39,186,3,0,186
2024-11-28 10:48:00,2640.41,2641.09,2640.14,2641.08,174,3,0,174
2024-11-28 10:51:00,2641.07,2643.61,2641.05,2643.61,401,3,0,401
2024-11-28 10:54:00,2643.59,2645.09,2643.36,2644.95,600,3,0,600
2024-11-28 10:57:00,2644.94,2646.42,2642.71,2644.13,694,3,0,694
2024-11-28 11:00:00,2644.15,2644.87,2643.09,2643.66,508,3,0,508
2024-11-28 11:03:00,2643.66,2644.23,2643.58,2643.88,520,3,0,520
2024-11-28 11:06:00,2643.86,2644.24,2642.81,2644.07,281,3,0,281
2024-11-28 11:09:00,2644.08,2645.3,2643.52,2645.13,240,3,0,240
2024-11-28 11:12:00,2645.13,2646.46,2645.13,2645.34,436,3,0,436
2024-11-28 11:15:00,2645.33,2646.59,2645.06,2646.41,248,3,0,248
2024-11-28 11:18:00,2646.42,2646.63,2644.67,2644.9,307,3,0,307
2024-11-28 11:21:00,2644.87,2645.67,2644.57,2645.57,187,3,0,187
2024-11-28 11:24:00,2645.57,2646.04,2645.16,2645.58,151,3,0,151
2024-11-28 11:27:00,2645.54,2646.05,2645.52,2645.99,152,3,0,152
2024-11-28 11:30:00,2646.01,2646.55,2645.13,2645.57,205,3,0,205
2024-11-28 11:33:00,2645.55,2646.71,2645.55,2646.2,311,3,0,311
2024-11-28 11:36:00,2646.21,2646.32,2645.65,2645.86,290,3,0,290
2024-11-28 11:39:00,2645.88,2648.04,2645.54,2647.33,323,3,0,323
2024-11-28 11:42:00,2647.31,2647.37,2646.17,2646.73,217,3,0,217
2024-11-28 11:45:00,2646.75,2646.96,2646.48,2646.82,124,3,0,124
2024-11-28 11:48:00,2646.84,2647.1,2646.56,2647.08,140,3,0,140
2024-11-28 11:51:00,2647.08,2647.12,2646.5,2646.76,135,3,0,135
2024-11-28 11:54:00,2646.73,2646.77,2646.21,2646.38,110,3,0,110
2024-11-28 11:57:00,2646.4,2646.58,2646.2,2646.2,114,3,0,114
2024-11-28 12:00:00,2646.24,2646.91,2646.24,2646.6,123,3,0,123
2024-11-28 12:03:00,2646.6,2646.79,2645.96,2646.07,142,3,0,142
2024-11-28 12:06:00,2646.11,2646.74,2646.02,2646.7,133,3,0,133
2024-11-28 12:09:00,2646.73,2646.82,2645.96,2646.0,163,3,0,163
2024-11-28 12:12:00,2646.02,2646.17,2645.17,2646.16,186,3,0,186
2024-11-28 12:15:00,2646.17,2646.66,2645.7,2645.72,239,3,0,239
2024-11-28 12:18:00,2645.67,2645.81,2645.21,2645.37,162,3,0,162
2024-11-28 12:21:00,2645.37,2646.31,2645.28,2645.87,120,3,0,120
2024-11-28 12:24:00,2645.87,2646.07,2644.91,2645.03,156,3,0,156
2024-11-28 12:27:00,2645.02,2646.08,2644.91,2645.32,207,3,0,207
2024-11-28 12:30:00,2645.4,2646.37,2645.09,2646.17,223,3,0,223
2024-11-28 12:33:00,2646.18,2647.27,2646.18,2647.08,215,3,0,215
2024-11-28 12:36:00,2647.09,2648.73,2647.0,2648.38,322,3,0,322
2024-11-28 12:39:00,2648.37,2649.73,2648.11,2648.41,292,3,0,292
2024-11-28 12:42:00,2648.4,2649.01,2648.29,2648.79,231,3,0,231
2024-11-28 12:45:00,2648.8,2648.8,2647.76,2647.86,141,3,0,141
2024-11-28 12:48:00,2647.86,2647.86,2647.08,2647.42,253,3,0,253
2024-11-28 12:51:00,2647.43,2648.56,2647.37,2648.48,195,3,0,195
2024-11-28 12:54:00,2648.53,2648.54,2647.12,2647.24,168,3,0,168
2024-11-28 12:57:00,2647.23,2647.78,2646.97,2647.51,163,3,0,163
2024-11-28 13:00:00,2647.52,2648.5,2647.42,2648.04,223,3,0,223
2024-11-28 13:03:00,2648.05,2648.32,2647.87,2648.24,245,3,0,245
2024-11-28 13:06:00,2648.2,2648.55,2647.72,2648.34,329,3,0,329
2024-11-28 13:09:00,2648.36,2648.68,2648.11,2648.11,134,3,0,134
2024-11-28 13:12:00,2648.12,2649.52,2648.12,2648.55,170,3,0,170
2024-11-28 13:15:00,2648.57,2648.6,2647.58,2647.86,141,3,0,141
2024-11-28 13:18:00,2647.85,2648.42,2647.73,2647.89,143,3,0,143
2024-11-28 13:21:00,2647.9,2648.0,2646.19,2646.43,204,3,0,204
2024-11-28 13:24:00,2646.46,2646.82,2645.88,2645.88,188,3,0,188
2024-11-28 13:27:00,2645.9,2647.2,2645.89,2647.06,135,3,0,135
2024-11-28 13:30:00,2647.07,2647.09,2646.05,2646.16,116,3,0,116
2024-11-28 13:33:00,2646.16,2646.3,2645.88,2645.96,136,3,0,136
2024-11-28 13:36:00,2645.96,2646.36,2645.46,2646.25,153,3,0,153
2024-11-28 13:39:00,2646.22,2646.25,2644.93,2645.86,167,3,0,167
2024-11-28 13:42:00,2645.86,2646.6,2645.86,2646.38,89,3,0,89
2024-11-28 13:45:00,2646.34,2646.39,2645.58,2645.58,123,3,0,123
2024-11-28 13:48:00,2645.59,2646.93,2645.46,2646.49,149,3,0,149
2024-11-28 13:51:00,2646.52,2647.63,2646.51,2647.26,277,3,0,277
2024-11-28 13:54:00,2647.25,2647.66,2646.41,2646.76,271,3,0,271
2024-11-28 13:57:00,2646.75,2647.33,2646.57,2646.91,114,3,0,114
2024-11-28 14:00:00,2646.91,2647.0,2645.56,2645.65,239,3,0,239
2024-11-28 14:03:00,2645.64,2645.83,2645.43,2645.72,203,3,0,203
2024-11-28 14:06:00,2645.68,2646.12,2645.5,2645.61,162,3,0,162
2024-11-28 14:09:00,2645.63,2646.18,2645.45,2646.05,177,3,0,177
2024-11-28 14:12:00,2646.05,2646.12,2645.43,2645.53,161,3,0,161
2024-11-28 14:15:00,2645.55,2646.27,2645.17,2646.1,176,3,0,176
2024-11-28 14:18:00,2646.16,2646.83,2646.16,2646.8,148,3,0,148
2024-11-28 14:21:00,2646.8,2646.8,2645.17,2645.24,184,3,0,184
2024-11-28 14:24:00,2645.23,2645.34,2643.9,2645.04,341,3,0,341
2024-11-28 14:27:00,2645.05,2645.93,2644.51,2645.61,299,3,0,299
2024-11-28 14:30:00,2645.61,2646.44,2645.6,2646.28,188,3,0,188
2024-11-28 14:33:00,2646.31,2646.76,2645.94,2646.64,137,3,0,137
2024-11-28 14:36:00,2646.63,2647.29,2646.03,2647.22,171,3,0,171
2024-11-28 14:39:00,2647.22,2647.22,2645.95,2646.01,130,3,0,130
2024-11-28 14:42:00,2646.01,2646.74,2646.01,2646.24,118,3,0,118
2024-11-28 14:45:00,2646.24,2646.24,2645.66,2646.07,113,3,0,113
2024-11-28 14:48:00,2646.03,2646.07,2645.71,2645.74,117,3,0,117
2024-11-28 14:51:00,2645.8,2646.31,2645.42,2646.2,161,3,0,161
2024-11-28 14:54:00,2646.38,2647.13,2646.18,2646.72,314,3,0,314
2024-11-28 14:57:00,2646.75,2646.91,2645.34,2646.11,313,3,0,313
2024-11-28 15:00:00,2646.11,2646.38,2644.05,2644.33,644,3,0,644
2024-11-28 15:03:00,2644.32,2644.58,2643.01,2644.27,687,3,0,687
2024-11-28 15:06:00,2644.28,2644.59,2642.98,2643.36,602,3,0,602
2024-11-28 15:09:00,2643.37,2645.16,2642.82,2644.89,400,3,0,400
2024-11-28 15:12:00,2644.89,2646.08,2644.89,2645.05,380,3,0,380
2024-11-28 15:15:00,2645.15,2645.36,2644.13,2645.15,310,3,0,310
2024-11-28 15:18:00,2645.16,2646.61,2645.06,2646.45,352,3,0,352
2024-11-28 15:21:00,2646.52,2646.87,2645.18,2645.93,465,3,0,465
2024-11-28 15:24:00,2645.93,2646.94,2645.49,2645.93,468,3,0,468
2024-11-28 15:27:00,2645.92,2646.0,2644.51,2645.08,465,3,0,465
2024-11-28 15:30:00,2645.09,2645.2,2642.84,2643.97,565,3,0,565
2024-11-28 15:33:00,2644.0,2646.01,2643.43,2646.01,558,3,0,558
2024-11-28 15:36:00,2646.01,2646.83,2645.69,2645.9,440,3,0,440
2024-11-28 15:39:00,2645.93,2646.46,2645.34,2646.33,411,3,0,411
2024-11-28 15:42:00,2646.33,2647.03,2646.15,2646.99,437,3,0,437
2024-11-28 15:45:00,2646.99,2647.71,2646.49,2647.58,359,3,0,359
2024-11-28 15:48:00,2647.58,2647.84,2645.91,2645.91,431,3,0,431
2024-11-28 15:51:00,2645.93,2646.22,2645.59,2646.02,252,5,0,252
2024-11-28 15:54:00,2646.02,2646.81,2646.02,2646.33,287,5,0,287
2024-11-28 15:57:00,2646.32,2647.21,2646.22,2647.04,366,5,0,366
2024-11-28 16:00:00,2647.06,2647.55,2646.26,2647.27,392,5,0,392
2024-11-28 16:03:00,2647.28,2647.72,2646.77,2647.59,310,5,0,310
2024-11-28 16:06:00,2647.59,2647.94,2647.13,2647.63,279,5,0,279
2024-11-28 16:09:00,2647.72,2647.93,2646.72,2646.72,226,5,0,226
2024-11-28 16:12:00,2646.73,2646.92,2646.02,2646.23,227,5,0,227
2024-11-28 16:15:00,2646.24,2646.69,2645.84,2646.19,254,5,0,254
2024-11-28 16:18:00,2646.18,2646.27,2644.87,2645.06,314,5,0,314
2024-11-28 16:21:00,2645.04,2646.0,2645.0,2645.57,276,5,0,276
2024-11-28 16:24:00,2645.59,2646.9,2645.49,2646.88,246,5,0,246
2024-11-28 16:27:00,2646.77,2646.91,2646.48,2646.85,184,5,0,184
2024-11-28 16:30:00,2646.85,2646.85,2646.15,2646.27,228,5,0,228
2024-11-28 16:33:00,2646.32,2646.35,2644.94,2644.94,277,5,0,277
2024-11-28 16:36:00,2644.93,2645.94,2644.39,2644.99,295,5,0,295
2024-11-28 16:39:00,2644.91,2645.51,2643.8,2644.07,315,5,0,315
2024-11-28 16:42:00,2644.07,2644.13,2643.47,2643.47,294,5,0,294
2024-11-28 16:45:00,2643.48,2645.03,2643.48,2644.06,346,5,0,346
2024-11-28 16:48:00,2644.05,2644.05,2642.08,2642.18,358,5,0,358
2024-11-28 16:51:00,2642.19,2643.12,2642.19,2642.64,301,5,0,301
2024-11-28 16:54:00,2642.65,2642.83,2641.83,2642.14,317,5,0,317
2024-11-28 16:57:00,2642.14,2642.14,2640.9,2641.32,417,5,0,417
2024-11-28 17:00:00,2641.35,2643.16,2640.6,2642.21,468,5,0,468
2024-11-28 17:03:00,2642.2,2642.98,2641.81,2642.32,315,5,0,315
2024-11-28 17:06:00,2642.3,2642.58,2641.57,2642.07,278,5,0,278
2024-11-28 17:09:00,2642.07,2642.15,2640.85,2640.96,330,5,0,330
2024-11-28 17:12:00,2640.96,2641.91,2640.59,2641.64,227,5,0,227
2024-11-28 17:15:00,2641.66,2642.47,2641.45,2642.21,362,5,0,362
2024-11-28 17:18:00,2642.21,2642.29,2639.9,2640.12,398,5,0,398
2024-11-28 17:21:00,2640.13,2640.17,2638.64,2638.64,449,5,0,449
2024-11-28 17:24:00,2638.65,2639.61,2638.47,2639.11,417,5,0,417
2024-11-28 17:27:00,2639.03,2639.13,2638.38,2638.46,372,5,0,372
2024-11-28 17:30:00,2638.47,2639.26,2637.58,2637.65,441,5,0,441
2024-11-28 17:33:00,2637.65,2637.94,2636.25,2637.38,519,5,0,519
2024-11-28 17:36:00,2637.38,2637.45,2636.47,2636.83,369,5,0,369
2024-11-28 17:39:00,2636.78,2638.41,2636.48,2638.41,428,5,0,428
2024-11-28 17:42:00,2638.45,2638.79,2637.33,2638.6,326,5,0,326
2024-11-28 17:45:00,2638.58,2638.87,2638.1,2638.87,254,5,0,254
2024-11-28 17:48:00,2638.87,2639.66,2638.7,2638.7,324,5,0,324
2024-11-28 17:51:00,2638.78,2639.18,2638.3,2638.43,260,5,0,260
2024-11-28 17:54:00,2638.43,2639.73,2638.18,2639.69,292,5,0,292
2024-11-28 17:57:00,2639.72,2639.92,2637.89,2638.16,362,5,0,362
2024-11-28 18:00:00,2638.15,2638.77,2637.54,2638.46,456,5,0,456
2024-11-28 18:03:00,2638.48,2639.0,2638.38,2638.79,330,5,0,330
2024-11-28 18:06:00,2638.82,2639.63,2638.74,2639.6,252,5,0,252
2024-11-28 18:09:00,2639.63,2640.59,2639.51,2640.31,460,5,0,460
2024-11-28 18:12:00,2640.3,2640.5,2639.59,2639.82,313,5,0,313
2024-11-28 18:15:00,2639.83,2639.83,2638.96,2639.22,360,5,0,360
2024-11-28 18:18:00,2639.26,2640.13,2639.26,2639.85,204,5,0,204
2024-11-28 18:21:00,2639.83,2640.86,2639.71,2640.86,168,5,0,168
2024-11-28 18:24:00,2640.9,2641.81,2640.66,2641.65,220,5,0,220
2024-11-28 18:27:00,2641.7,2642.27,2641.55,2641.66,220,5,0,220
2024-11-28 18:30:00,2641.68,2641.97,2641.17,2641.62,133,5,0,133
2024-11-28 18:33:00,2641.58,2641.58,2640.92,2641.27,116,5,0,116
2024-11-28 18:36:00,2641.36,2642.05,2641.3,2641.77,157,5,0,157
2024-11-28 18:39:00,2641.75,2641.75,2640.79,2640.87,153,7,0,153
2024-11-28 18:42:00,2640.86,2641.89,2640.4,2641.8,159,5,0,159
2024-11-28 18:45:00,2641.8,2642.5,2641.77,2642.08,125,5,0,125
2024-11-28 18:48:00,2642.13,2642.17,2641.52,2641.57,120,5,0,120
2024-11-28 18:51:00,2641.55,2641.63,2640.91,2641.12,114,5,0,114
2024-11-28 18:54:00,2641.21,2642.05,2641.09,2641.61,117,5,0,117
2024-11-28 18:57:00,2641.69,2642.16,2641.69,2642.1,92,5,0,92
2024-11-28 19:00:00,2642.1,2642.14,2640.9,2641.08,133,5,0,133
2024-11-28 19:03:00,2641.08,2641.46,2641.01,2641.35,52,9,0,52
2024-11-28 19:06:00,2641.32,2641.73,2641.32,2641.66,62,7,0,62
2024-11-28 19:09:00,2641.63,2642.01,2641.45,2642.01,86,6,0,86
2024-11-28 19:12:00,2642.02,2642.35,2641.66,2641.74,91,5,0,91
2024-11-28 19:15:00,2641.74,2641.74,2641.04,2641.34,54,5,0,54
2024-11-28 19:18:00,2641.32,2641.41,2641.04,2641.27,61,5,0,61
2024-11-28 19:21:00,2641.24,2641.24,2640.52,2640.61,99,7,0,99
2024-11-28 19:24:00,2640.66,2641.26,2640.5,2640.5,156,5,0,156
2024-11-28 19:27:00,2640.49,2640.55,2639.7,2640.27,150,6,0,150
2024-11-28 19:30:00,2640.28,2640.63,2639.63,2640.5,115,5,0,115
2024-11-28 19:33:00,2640.5,2641.02,2640.35,2640.85,55,5,0,55
2024-11-28 19:36:00,2640.87,2641.28,2640.87,2641.16,40,10,0,40
2024-11-28 19:39:00,2641.18,2641.33,2641.1,2641.26,56,10,0,56
2024-11-28 19:42:00,2641.25,2641.62,2641.17,2641.37,31,6,0,31
2024-11-28 19:45:00,2641.37,2641.7,2641.36,2641.39,61,5,0,61
2024-11-28 19:48:00,2641.37,2641.99,2641.27,2641.47,67,8,0,67
2024-11-28 19:51:00,2641.47,2641.47,2640.62,2640.72,57,8,0,57
2024-11-28 19:54:00,2640.73,2641.29,2640.69,2640.81,66,15,0,66
2024-11-28 19:57:00,2640.81,2640.99,2640.49,2640.97,53,12,0,53
2024-11-28 20:00:00,2640.97,2641.09,2639.65,2640.09,120,6,0,120
2024-11-28 20:03:00,2640.14,2640.31,2640.04,2640.31,35,5,0,35
2024-11-28 20:06:00,2640.31,2641.05,2640.24,2641.04,46,6,0,46
2024-11-28 20:09:00,2641.03,2641.03,2640.29,2640.79,65,6,0,65
2024-11-28 20:12:00,2640.83,2640.89,2640.53,2640.7,45,7,0,45
2024-11-28 20:15:00,2640.7,2640.73,2640.27,2640.47,41,11,0,41
2024-11-28 20:18:00,2640.47,2640.69,2640.35,2640.69,33,13,0,33
2024-11-28 20:21:00,2640.69,2640.92,2640.59,2640.75,31,11,0,31
2024-11-28 20:24:00,2640.76,2641.47,2640.76,2641.39,23,10,0,23
2024-11-28 20:27:00,2641.39,2641.39,2641.14,2641.19,35,10,0,35
2024-11-28 20:30:00,2641.22,2641.4,2641.1,2641.35,47,9,0,47
2024-11-28 20:33:00,2641.35,2641.4,2641.17,2641.27,17,11,0,17
2024-11-28 20:36:00,2641.25,2641.25,2641.13,2641.14,6,12,0,6
2024-11-28 20:39:00,2641.13,2641.19,2640.72,2640.79,25,13,0,25
2024-11-28 20:42:00,2640.76,2640.76,2640.37,2640.68,28,13,0,28
2024-11-28 20:45:00,2640.69,2640.88,2640.64,2640.67,51,15,0,51
2024-11-28 20:48:00,2640.65,2640.66,2640.39,2640.49,20,16,0,20
2024-11-28 20:51:00,2640.52,2640.52,2639.73,2639.83,41,5,0,41
2024-11-28 20:54:00,2639.83,2640.14,2639.63,2640.03,39,5,0,39
2024-11-28 20:57:00,2639.98,2640.06,2639.9,2639.94,17,14,0,17
2024-11-28 21:00:00,2639.94,2639.99,2639.0,2639.02,63,10,0,63
2024-11-28 21:03:00,2639.0,2639.01,2638.76,2638.86,43,8,0,43
2024-11-28 21:06:00,2638.91,2638.99,2638.7,2638.8,42,7,0,42
2024-11-28 21:09:00,2638.77,2638.77,2638.22,2638.25,44,8,0,44
2024-11-28 21:12:00,2638.22,2638.4,2638.04,2638.04,184,11,0,184
2024-11-28 21:15:00,2638.04,2638.54,2637.94,2638.34,157,9,0,157
2024-11-28 21:18:00,2638.33,2638.36,2637.89,2637.89,15,17,0,15
2024-11-28 21:21:00,2637.89,2637.99,2637.48,2637.59,25,17,0,25
2024-11-28 21:24:00,2637.49,2638.1,2637.29,2638.03,60,16,0,60
2024-11-28 21:27:00,2638.03,2638.03,2637.29,2637.51,37,16,0,37
2024-11-29 01:00:00,2637.15,2638.9,2637.15,2638.86,80,23,0,80
2024-11-29 01:03:00,2638.83,2639.2,2638.72,2638.9,70,5,0,70
2024-11-29 01:06:00,2638.87,2639.15,2638.55,2638.97,57,5,0,57
2024-11-29 01:09:00,2638.87,2638.91,2638.49,2638.77,51,5,0,51
2024-11-29 01:12:00,2638.76,2638.85,2638.62,2638.64,47,5,0,47
2024-11-29 01:15:00,2638.64,2639.26,2638.58,2638.97,48,5,0,48
2024-11-29 01:18:00,2638.97,2639.06,2638.56,2638.99,67,5,0,67
2024-11-29 01:21:00,2639.0,2639.08,2638.89,2638.94,36,5,0,36
2024-11-29 01:24:00,2638.94,2638.98,2638.36,2638.58,68,5,0,68
2024-11-29 01:27:00,2638.57,2638.58,2637.99,2638.15,44,5,0,44
2024-11-29 01:30:00,2638.15,2638.47,2637.88,2637.94,90,5,0,90
2024-11-29 01:33:00,2637.95,2638.17,2637.3,2637.41,121,5,0,121
2024-11-29 01:36:00,2637.41,2637.8,2637.27,2637.39,53,5,0,53
2024-11-29 01:39:00,2637.39,2638.14,2637.22,2637.94,84,5,0,84
2024-11-29 01:42:00,2637.94,2638.77,2637.94,2638.38,82,5,0,82
2024-11-29 01:45:00,2638.35,2638.71,2638.25,2638.51,107,5,0,107
2024-11-29 01:48:00,2638.49,2638.75,2638.28,2638.28,76,7,0,76
2024-11-29 01:51:00,2638.23,2638.59,2638.19,2638.49,80,7,0,80
2024-11-29 01:54:00,2638.53,2639.21,2638.5,2638.8,131,5,0,131
2024-11-29 01:57:00,2638.79,2639.01,2638.7,2638.79,70,5,0,70
2024-11-29 02:00:00,2638.79,2638.97,2637.68,2637.75,140,5,0,140
2024-11-29 02:03:00,2637.81,2638.25,2637.28,2637.49,226,5,0,226
2024-11-29 02:06:00,2637.5,2637.96,2636.97,2637.01,198,5,0,198
2024-11-29 02:09:00,2637.01,2637.74,2636.7,2637.74,166,5,0,166
2024-11-29 02:12:00,2637.72,2637.83,2636.9,2637.14,169,5,0,169
2024-11-29 02:15:00,2637.15,2637.39,2637.03,2637.32,130,5,0,130
2024-11-29 02:18:00,2637.3,2637.7,2637.27,2637.53,93,5,0,93
2024-11-29 02:21:00,2637.55,2637.72,2637.46,2637.57,71,5,0,71
2024-11-29 02:24:00,2637.59,2637.59,2636.91,2636.92,117,5,0,117
2024-11-29 02:27:00,2636.93,2637.44,2636.46,2637.43,129,5,0,129
2024-11-29 02:30:00,2637.44,2638.55,2637.39,2638.18,176,5,0,176
2024-11-29 02:33:00,2638.18,2638.86,2638.12,2638.4,154,5,0,154
2024-11-29 02:36:00,2638.42,2639.21,2638.42,2638.98,178,5,0,178
2024-11-29 02:39:00,2638.98,2639.11,2638.47,2638.63,101,5,0,101
2024-11-29 02:42:00,2638.63,2638.71,2637.99,2638.55,154,5,0,154
2024-11-29 02:45:00,2638.55,2638.55,2637.26,2637.27,178,5,0,178
2024-11-29 02:48:00,2637.27,2637.47,2636.87,2637.08,164,5,0,164
2024-11-29 02:51:00,2637.08,2637.3,2636.12,2636.58,254,5,0,254
2024-11-29 02:54:00,2636.58,2636.87,2636.37,2636.46,137,5,0,137
2024-11-29 02:57:00,2636.46,2636.48,2635.67,2636.08,250,5,0,250
2024-11-29 03:00:00,2636.08,2636.69,2634.1,2635.95,764,5,0,764
2024-11-29 03:03:00,2635.95,2638.24,2635.73,2637.92,546,5,0,546
2024-11-29 03:06:00,2637.92,2638.85,2637.61,2638.44,494,5,0,494
2024-11-29 03:09:00,2638.48,2641.68,2638.08,2641.32,630,5,0,630
2024-11-29 03:12:00,2641.32,2641.6,2640.2,2641.42,550,5,0,550
2024-11-29 03:15:00,2641.42,2642.66,2641.23,2641.58,762,5,0,762
2024-11-29 03:18:00,2641.56,2643.05,2641.0,2643.02,726,5,0,726
2024-11-29 03:21:00,2643.03,2644.22,2642.8,2643.12,657,5,0,657
2024-11-29 03:24:00,2643.12,2643.95,2642.61,2643.06,688,5,0,688
2024-11-29 03:27:00,2643.07,2645.26,2642.87,2645.0,761,5,0,761
2024-11-29 03:30:00,2645.0,2645.55,2644.61,2644.85,658,5,0,658
2024-11-29 03:33:00,2644.9,2645.61,2643.81,2645.17,626,5,0,626
2024-11-29 03:36:00,2645.18,2646.35,2644.96,2646.32,514,5,0,514
2024-11-29 03:39:00,2646.34,2646.63,2645.71,2646.38,505,5,0,505
2024-11-29 03:42:00,2646.4,2647.23,2646.13,2646.51,488,5,0,488
2024-11-29 03:45:00,2646.49,2646.83,2645.36,2646.5,497,5,0,497
2024-11-29 03:48:00,2646.52,2647.04,2645.21,2645.46,558,5,0,558
2024-11-29 03:51:00,2645.45,2645.56,2644.7,2644.7,576,5,0,576
2024-11-29 03:54:00,2644.74,2645.46,2644.64,2644.92,444,5,0,444
2024-11-29 03:57:00,2644.93,2645.48,2644.55,2644.95,530,5,0,530
2024-11-29 04:00:00,2644.94,2646.65,2644.75,2646.48,367,5,0,367
2024-11-29 04:03:00,2646.49,2648.55,2646.49,2647.78,543,5,0,543
2024-11-29 04:06:00,2647.79,2650.43,2647.52,2649.74,794,5,0,794
2024-11-29 04:09:00,2649.54,2652.08,2649.51,2651.08,913,5,0,913
2024-11-29 04:12:00,2651.08,2656.66,2650.95,2656.47,869,5,0,869
2024-11-29 04:15:00,2656.47,2657.77,2655.01,2657.63,491,5,0,491
2024-11-29 04:18:00,2657.65,2657.68,2657.02,2657.44,411,5,0,411
2024-11-29 04:21:00,2657.39,2662.23,2657.18,2661.01,544,5,0,544
2024-11-29 04:24:00,2661.01,2662.76,2660.75,2661.88,462,5,0,462
2024-11-29 04:27:00,2661.89,2662.11,2659.99,2660.67,403,5,0,403
2024-11-29 04:30:00,2660.68,2661.26,2658.85,2659.4,809,5,0,809
2024-11-29 04:33:00,2659.39,2660.82,2658.86,2660.08,541,5,0,541
2024-11-29 04:36:00,2660.08,2660.35,2658.63,2659.03,404,5,0,404
2024-11-29 04:39:00,2659.02,2659.04,2657.26,2658.76,486,5,0,486
2024-11-29 04:42:00,2658.79,2659.21,2656.89,2657.37,408,5,0,408
2024-11-29 04:45:00,2657.35,2658.85,2656.86,2658.85,466,5,0,466
2024-11-29 04:48:00,2658.85,2659.23,2657.62,2657.66,443,5,0,443
2024-11-29 04:51:00,2657.66,2657.66,2656.79,2656.84,634,5,0,634
2024-11-29 04:54:00,2656.85,2657.47,2656.67,2656.68,329,5,0,329
2024-11-29 04:57:00,2656.68,2657.8,2656.43,2657.46,274,5,0,274
2024-11-29 05:00:00,2657.46,2658.69,2656.98,2658.06,434,5,0,434
2024-11-29 05:03:00,2658.06,2658.41,2657.3,2658.1,305,5,0,305
2024-11-29 05:06:00,2658.14,2658.14,2657.16,2657.17,281,5,0,281
2024-11-29 05:09:00,2657.17,2657.17,2655.24,2655.88,539,5,0,539
2024-11-29 05:12:00,2655.94,2656.88,2654.91,2656.24,474,5,0,474
2024-11-29 05:15:00,2656.22,2659.15,2656.18,2658.39,486,5,0,486
2024-11-29 05:18:00,2658.39,2659.95,2658.11,2659.87,438,5,0,438
2024-11-29 05:21:00,2659.85,2660.22,2659.3,2659.33,443,5,0,443
2024-11-29 05:24:00,2659.32,2659.36,2657.83,2657.92,398,5,0,398
2024-11-29 05:27:00,2657.91,2659.04,2657.82,2658.63,397,5,0,397
2024-11-29 05:30:00,2658.6,2658.7,2657.15,2657.36,325,5,0,325
2024-11-29 05:33:00,2657.36,2657.61,2656.73,2656.78,351,5,0,351
2024-11-29 05:36:00,2656.79,2657.82,2656.77,2657.75,305,5,0,305
2024-11-29 05:39:00,2657.75,2658.08,2656.93,2658.05,237,5,0,237
2024-11-29 05:42:00,2658.05,2659.26,2657.77,2659.21,259,5,0,259
2024-11-29 05:45:00,2659.22,2659.44,2658.42,2658.79,242,5,0,242
2024-11-29 05:48:00,2658.78,2659.31,2658.56,2658.64,192,5,0,192
2024-11-29 05:51:00,2658.66,2659.1,2657.78,2657.87,191,5,0,191
2024-11-29 05:54:00,2657.86,2659.93,2657.6,2659.82,157,5,0,157
2024-11-29 05:57:00,2659.83,2660.6,2659.26,2660.03,337,5,0,337
2024-11-29 06:00:00,2660.04,2660.72,2659.98,2660.29,293,5,0,293
2024-11-29 06:03:00,2660.37,2660.72,2659.85,2659.86,291,5,0,291
2024-11-29 06:06:00,2659.85,2659.89,2659.08,2659.77,245,5,0,245
2024-11-29 06:09:00,2659.77,2660.27,2659.68,2659.85,186,5,0,186
2024-11-29 06:12:00,2659.87,2660.36,2659.51,2659.97,214,5,0,214
2024-11-29 06:15:00,2660.05,2660.67,2659.86,2660.43,267,5,0,267
2024-11-29 06:18:00,2660.43,2660.68,2660.01,2660.41,281,5,0,281
2024-11-29 06:21:00,2660.38,2660.69,2659.97,2660.48,240,5,0,240
2024-11-29 06:24:00,2660.44,2660.64,2659.48,2659.74,199,5,0,199
2024-11-29 06:27:00,2659.74,2660.16,2659.43,2659.45,94,5,0,94
2024-11-29 06:30:00,2659.46,2659.76,2658.65,2658.76,220,5,0,220
2024-11-29 06:33:00,2658.77,2659.3,2658.4,2659.22,227,5,0,227
2024-11-29 06:36:00,2659.21,2660.66,2659.18,2660.66,203,5,0,203
2024-11-29 06:39:00,2660.61,2664.26,2660.53,2662.12,405,5,0,405
2024-11-29 06:42:00,2662.13,2662.28,2660.07,2660.08,348,5,0,348
2024-11-29 06:45:00,2660.08,2660.78,2659.97,2660.71,126,5,0,126
2024-11-29 06:48:00,2660.71,2661.13,2660.32,2660.45,188,5,0,188
2024-11-29 06:51:00,2660.43,2660.51,2659.57,2660.36,157,5,0,157
2024-11-29 06:54:00,2660.36,2660.36,2659.45,2659.76,189,5,0,189
2024-11-29 06:57:00,2659.76,2660.25,2659.62,2659.94,147,5,0,147
2024-11-29 07:00:00,2659.93,2660.15,2659.72,2659.72,256,5,0,256
2024-11-29 07:03:00,2659.72,2660.01,2659.46,2659.59,185,5,0,185
2024-11-29 07:06:00,2659.59,2661.45,2659.49,2660.9,268,5,0,268
2024-11-29 07:09:00,2660.89,2661.28,2660.8,2660.86,177,5,0,177
2024-11-29 07:12:00,2660.87,2661.17,2660.71,2661.07,125,5,0,125
2024-11-29 07:15:00,2661.09,2661.25,2660.26,2660.63,186,5,0,186
2024-11-29 07:18:00,2660.65,2661.23,2660.63,2661.16,103,5,0,103
2024-11-29 07:21:00,2661.14,2661.24,2660.94,2661.17,174,5,0,174
2024-11-29 07:24:00,2661.15,2662.62,2661.0,2662.52,219,5,0,219
2024-11-29 07:27:00,2662.5,2663.54,2662.18,2662.38,248,5,0,248
2024-11-29 07:30:00,2662.38,2664.05,2662.27,2663.42,545,5,0,545
2024-11-29 07:33:00,2663.44,2663.62,2662.16,2662.9,387,5,0,387
2024-11-29 07:36:00,2662.9,2663.1,2661.63,2662.13,453,5,0,453
2024-11-29 07:39:00,2662.14,2663.32,2662.0,2662.02,447,5,0,447
2024-11-29 07:42:00,2662.02,2662.15,2660.47,2661.49,470,5,0,470
2024-11-29 07:45:00,2661.48,2661.57,2660.6,2661.49,336,5,0,336
2024-11-29 07:48:00,2661.5,2662.5,2661.12,2662.08,325,5,0,325
2024-11-29 07:51:00,2662.09,2663.1,2661.89,2662.0,287,5,0,287
2024-11-29 07:54:00,2661.93,2663.06,2661.63,2662.86,382,5,0,382
2024-11-29 07:57:00,2662.85,2663.26,2662.31,2662.48,535,5,0,535
2024-11-29 08:00:00,2662.46,2662.85,2662.13,2662.55,402,5,0,402
2024-11-29 08:03:00,2662.54,2663.03,2662.09,2662.94,205,5,0,205
2024-11-29 08:06:00,2662.94,2665.21,2662.94,2665.0,490,5,0,490
2024-11-29 08:09:00,2665.01,2665.99,2664.24,2664.35,702,5,0,702
2024-11-29 08:12:00,2664.36,2666.32,2663.76,2665.99,593,5,0,593
2024-11-29 08:15:00,2666.01,2666.02,2663.73,2663.83,551,5,0,551
2024-11-29 08:18:00,2663.84,2664.07,2661.79,2662.65,498,5,0,498
2024-11-29 08:21:00,2662.65,2663.08,2662.06,2662.35,354,5,0,354
2024-11-29 08:24:00,2662.36,2663.24,2661.75,2662.51,450,5,0,450
2024-11-29 08:27:00,2662.51,2663.79,2662.42,2663.61,390,5,0,390
2024-11-29 08:30:00,2663.6,2664.82,2663.57,2664.37,372,5,0,372
2024-11-29 08:33:00,2664.46,2664.56,2663.57,2663.58,358,5,0,358
2024-11-29 08:36:00,2663.57,2664.23,2663.49,2663.67,273,5,0,273
2024-11-29 08:39:00,2663.66,2664.29,2663.19,2663.31,281,5,0,281
2024-11-29 08:42:00,2663.31,2664.83,2663.24,2664.49,274,5,0,274
2024-11-29 08:45:00,2664.49,2664.99,2663.92,2664.33,265,5,0,265
2024-11-29 08:48:00,2664.35,2664.87,2664.28,2664.38,222,5,0,222
2024-11-29 08:51:00,2664.38,2664.6,2663.9,2664.26,230,5,0,230
2024-11-29 08:54:00,2664.26,2665.03,2663.96,2664.82,297,5,0,297
2024-11-29 08:57:00,2664.77,2665.6,2664.66,2665.27,319,5,0,319
2024-11-29 09:00:00,2665.27,2665.56,2664.34,2664.53,274,5,0,274
2024-11-29 09:03:00,2664.51,2664.89,2662.75,2663.19,305,5,0,305
2024-11-29 09:06:00,2663.21,2663.25,2662.05,2662.24,293,5,0,293
2024-11-29 09:09:00,2662.26,2662.29,2661.28,2661.54,315,5,0,315
2024-11-29 09:12:00,2661.54,2661.98,2661.44,2661.97,218,5,0,218
2024-11-29 09:15:00,2661.97,2662.82,2661.89,2662.05,306,5,0,306
2024-11-29 09:18:00,2662.05,2662.35,2661.51,2661.74,207,5,0,207
2024-11-29 09:21:00,2661.75,2663.25,2661.7,2661.73,241,5,0,241
2024-11-29 09:24:00,2661.73,2662.15,2661.38,2661.46,251,5,0,251
2024-11-29 09:27:00,2661.43,2662.12,2661.23,2661.81,371,5,0,371
2024-11-29 09:30:00,2661.81,2662.04,2659.86,2660.14,454,5,0,454
2024-11-29 09:33:00,2660.17,2660.75,2659.22,2659.9,536,5,0,536
2024-11-29 09:36:00,2659.89,2660.72,2659.82,2660.72,244,5,0,244
2024-11-29 09:39:00,2660.72,2661.47,2660.5,2660.77,296,5,0,296
2024-11-29 09:42:00,2660.76,2661.75,2660.67,2661.04,313,5,0,313
2024-11-29 09:45:00,2661.06,2661.2,2660.36,2660.86,376,5,0,376
2024-11-29 09:48:00,2660.88,2661.15,2660.31,2660.47,369,5,0,369
2024-11-29 09:51:00,2660.47,2660.58,2659.7,2659.7,465,5,0,465
2024-11-29 09:54:00,2659.7,2660.04,2659.11,2660.04,362,5,0,362
2024-11-29 09:57:00,2660.03,2661.09,2660.02,2660.6,267,5,0,267
2024-11-29 10:00:00,2660.61,2662.61,2660.59,2662.23,420,5,0,420
2024-11-29 10:03:00,2662.24,2662.27,2660.94,2661.0,435,5,0,435
2024-11-29 10:06:00,2661.0,2661.01,2659.8,2659.84,454,5,0,454
2024-11-29 10:09:00,2659.86,2659.96,2658.25,2658.38,539,5,0,539
2024-11-29 10:12:00,2658.37,2658.39,2656.5,2656.74,403,5,0,403
2024-11-29 10:15:00,2656.74,2658.13,2656.65,2657.88,288,5,0,288
2024-11-29 10:18:00,2657.8,2658.2,2657.42,2658.06,245,5,0,245
2024-11-29 10:21:00,2658.07,2658.19,2657.36,2658.08,322,5,0,322
2024-11-29 10:24:00,2658.09,2658.58,2657.61,2658.57,238,5,0,238
2024-11-29 10:27:00,2658.56,2660.1,2658.44,2659.89,622,5,0,622
2024-11-29 10:30:00,2659.88,2660.62,2658.48,2658.8,332,5,0,332
2024-11-29 10:33:00,2658.75,2658.75,2657.13,2657.55,353,5,0,353
2024-11-29 10:36:00,2657.55,2657.76,2656.98,2657.45,267,5,0,267
2024-11-29 10:39:00,2657.44,2657.44,2656.76,2656.98,258,5,0,258
2024-11-29 10:42:00,2656.97,2657.04,2655.34,2655.67,328,5,0,328
2024-11-29 10:45:00,2655.66,2655.66,2654.6,2655.41,341,5,0,341
2024-11-29 10:48:00,2655.41,2657.33,2655.3,2656.75,462,5,0,462
2024-11-29 10:51:00,2656.74,2657.86,2656.64,2657.52,304,5,0,304
2024-11-29 10:54:00,2657.54,2659.91,2657.46,2659.17,342,5,0,342
2024-11-29 10:57:00,2659.12,2659.43,2657.26,2657.3,394,5,0,394
2024-11-29 11:00:00,2657.3,2657.38,2656.12,2657.09,388,5,0,388
2024-11-29 11:03:00,2657.16,2658.66,2655.92,2658.34,477,5,0,477
2024-11-29 11:06:00,2658.32,2659.79,2658.27,2658.88,476,5,0,476
2024-11-29 11:09:00,2658.9,2660.51,2658.4,2660.27,433,5,0,433
2024-11-29 11:12:00,2660.27,2661.37,2660.13,2661.37,390,5,0,390
2024-11-29 11:15:00,2661.37,2661.92,2660.26,2660.26,279,5,0,279
2024-11-29 11:18:00,2660.29,2660.47,2659.01,2659.98,377,5,0,377
2024-11-29 11:21:00,2659.97,2660.31,2659.56,2660.16,441,5,0,441
2024-11-29 11:24:00,2660.19,2660.24,2658.58,2659.86,353,5,0,353
2024-11-29 11:27:00,2659.88,2660.24,2659.65,2659.72,134,5,0,134
2024-11-29 11:30:00,2659.76,2660.88,2659.76,2660.33,154,5,0,154
2024-11-29 11:33:00,2660.33,2660.87,2659.66,2660.63,206,5,0,206
2024-11-29 11:36:00,2660.65,2660.76,2658.92,2658.93,292,5,0,292
2024-11-29 11:39:00,2658.92,2659.43,2657.77,2657.92,546,5,0,546
2024-11-29 11:42:00,2657.98,2660.0,2657.57,2660.0,619,5,0,619
2024-11-29 11:45:00,2660.0,2661.2,2660.0,2660.92,524,5,0,524
2024-11-29 11:48:00,2660.91,2663.24,2660.82,2662.46,512,5,0,512
2024-11-29 11:51:00,2662.48,2663.65,2661.91,2663.5,348,5,0,348
2024-11-29 11:54:00,2663.48,2663.48,2662.73,2662.86,225,5,0,225
2024-11-29 11:57:00,2662.86,2664.79,2662.61,2664.2,237,5,0,237
2024-11-29 12:00:00,2664.2,2665.18,2664.16,2665.1,269,5,0,269
2024-11-29 12:03:00,2665.1,2665.23,2664.46,2664.67,258,5,0,258
2024-11-29 12:06:00,2664.67,2665.34,2663.35,2664.2,407,5,0,407
2024-11-29 12:09:00,2664.21,2664.97,2663.88,2664.77,266,5,0,266
2024-11-29 12:12:00,2664.76,2664.8,2662.83,2662.97,310,5,0,310
2024-11-29 12:15:00,2662.94,2663.82,2662.47,2663.09,295,5,0,295
2024-11-29 12:18:00,2663.05,2663.19,2661.45,2661.6,277,5,0,277
2024-11-29 12:21:00,2661.6,2662.71,2661.36,2662.62,218,5,0,218
2024-11-29 12:24:00,2662.63,2663.39,2662.6,2662.89,268,5,0,268
2024-11-29 12:27:00,2662.87,2663.58,2662.38,2662.63,289,5,0,289
2024-11-29 12:30:00,2662.63,2664.74,2662.49,2664.68,396,5,0,396
2024-11-29 12:33:00,2664.69,2665.92,2664.64,2665.05,451,5,0,451
2024-11-29 12:36:00,2665.05,2665.35,2663.31,2663.37,494,5,0,494
2024-11-29 12:39:00,2663.36,2663.37,2662.08,2662.81,451,5,0,451
2024-11-29 12:42:00,2662.79,2663.31,2661.84,2661.94,282,5,0,282
2024-11-29 12:45:00,2661.94,2662.35,2661.82,2662.04,235,5,0,235
2024-11-29 12:48:00,2662.01,2662.63,2661.96,2662.62,241,5,0,241
2024-11-29 12:51:00,2662.62,2662.68,2661.75,2662.06,275,5,0,275
2024-11-29 12:54:00,2662.07,2662.23,2661.76,2662.04,234,5,0,234
2024-11-29 12:57:00,2662.05,2663.08,2661.92,2662.8,233,5,0,233
2024-11-29 13:00:00,2662.78,2662.94,2662.14,2662.73,219,5,0,219
2024-11-29 13:03:00,2662.75,2662.82,2661.57,2661.58,273,5,0,273
2024-11-29 13:06:00,2661.57,2662.33,2661.52,2661.57,294,5,0,294
2024-11-29 13:09:00,2661.57,2662.77,2660.98,2662.63,505,5,0,505
2024-11-29 13:12:00,2662.61,2664.37,2662.58,2663.63,435,5,0,435
2024-11-29 13:15:00,2663.63,2663.94,2663.49,2663.78,206,5,0,206
2024-11-29 13:18:00,2663.79,2664.12,2662.55,2662.8,265,5,0,265
2024-11-29 13:21:00,2662.8,2663.19,2661.88,2661.91,244,5,0,244
2024-11-29 13:24:00,2661.94,2662.63,2661.92,2662.1,170,5,0,170
2024-11-29 13:27:00,2662.11,2662.53,2661.82,2662.51,206,5,0,206
2024-11-29 13:30:00,2662.51,2663.27,2661.63,2662.59,261,5,0,261
2024-11-29 13:33:00,2662.6,2663.2,2661.91,2662.86,260,5,0,260
2024-11-29 13:36:00,2662.85,2663.64,2662.5,2662.54,317,5,0,317
2024-11-29 13:39:00,2662.53,2663.1,2661.92,2662.11,244,5,0,244
2024-11-29 13:42:00,2662.08,2662.33,2661.94,2662.09,148,5,0,148
2024-11-29 13:45:00,2662.09,2663.91,2661.27,2663.03,428,5,0,428
2024-11-29 13:48:00,2663.04,2663.59,2661.57,2661.77,444,5,0,444
2024-11-29 13:51:00,2661.77,2661.89,2660.7,2660.88,321,5,0,321
2024-11-29 13:54:00,2660.92,2661.59,2660.62,2661.02,305,5,0,305
2024-11-29 13:57:00,2661.02,2661.2,2659.54,2659.66,350,5,0,350
2024-11-29 14:00:00,2659.66,2660.26,2659.52,2660.05,418,5,0,418
2024-11-29 14:03:00,2660.09,2660.57,2659.74,2659.84,262,5,0,262
2024-11-29 14:06:00,2659.87,2660.27,2659.59,2659.99,286,5,0,286
2024-11-29 14:09:00,2660.0,2660.26,2659.39,2659.4,215,5,0,215
2024-11-29 14:12:00,2659.4,2661.52,2659.4,2661.23,379,5,0,379
2024-11-29 14:15:00,2661.21,2661.34,2660.38,2660.58,338,5,0,338
2024-11-29 14:18:00,2660.66,2662.3,2660.55,2660.55,461,5,0,461
2024-11-29 14:21:00,2660.55,2663.95,2660.12,2663.87,474,5,0,474
2024-11-29 14:24:00,2663.88,2665.02,2663.3,2663.81,481,5,0,481
2024-11-29 14:27:00,2663.8,2664.06,2662.08,2662.08,288,5,0,288
2024-11-29 14:30:00,2662.09,2663.08,2661.84,2661.93,342,5,0,342
2024-11-29 14:33:00,2661.94,2662.15,2661.45,2662.04,451,5,0,451
2024-11-29 14:36:00,2662.05,2662.31,2661.41,2661.62,263,5,0,263
2024-11-29 14:39:00,2661.66,2661.93,2660.2,2660.21,218,5,0,218
2024-11-29 14:42:00,2660.23,2660.41,2659.33,2659.47,277,5,0,277
2024-11-29 14:45:00,2659.45,2659.49,2659.04,2659.48,330,5,0,330
2024-11-29 14:48:00,2659.46,2660.34,2659.41,2659.54,326,5,0,326
2024-11-29 14:51:00,2659.52,2659.74,2659.08,2659.41,379,5,0,379
2024-11-29 14:54:00,2659.47,2661.25,2659.4,2659.6,529,5,0,529
2024-11-29 14:57:00,2659.56,2660.11,2659.37,2660.01,323,5,0,323
2024-11-29 15:00:00,2660.14,2661.07,2658.14,2660.68,805,5,0,805
2024-11-29 15:03:00,2660.69,2661.23,2660.42,2660.75,537,5,0,537
2024-11-29 15:06:00,2660.63,2661.97,2660.09,2660.3,584,5,0,584
2024-11-29 15:09:00,2660.24,2661.54,2659.65,2661.07,552,5,0,552
2024-11-29 15:12:00,2661.12,2661.37,2659.49,2659.66,517,5,0,517
2024-11-29 15:15:00,2659.66,2659.66,2656.4,2657.58,705,5,0,705
2024-11-29 15:18:00,2657.55,2660.67,2657.04,2660.63,682,5,0,682
2024-11-29 15:21:00,2660.61,2661.81,2659.67,2661.61,733,5,0,733
2024-11-29 15:24:00,2661.45,2663.33,2661.11,2663.12,708,5,0,708
2024-11-29 15:27:00,2663.11,2663.15,2661.89,2662.15,446,5,0,446
2024-11-29 15:30:00,2662.15,2662.94,2661.18,2661.38,568,5,0,568
2024-11-29 15:33:00,2661.39,2661.48,2658.23,2658.64,762,5,0,762
2024-11-29 15:36:00,2658.6,2659.52,2658.2,2658.46,627,5,0,627
2024-11-29 15:39:00,2658.46,2659.33,2657.73,2658.62,617,5,0,617
2024-11-29 15:42:00,2658.63,2659.9,2657.7,2657.71,491,5,0,491
2024-11-29 15:45:00,2657.71,2658.43,2656.81,2658.43,512,5,0,512
2024-11-29 15:48:00,2658.48,2659.41,2658.09,2658.48,405,5,0,405
2024-11-29 15:51:00,2658.52,2658.77,2657.1,2657.13,467,5,0,467
2024-11-29 15:54:00,2657.15,2657.66,2656.19,2657.25,571,5,0,571
2024-11-29 15:57:00,2657.21,2658.5,2657.08,2658.05,568,5,0,568
2024-11-29 16:00:00,2658.04,2660.96,2658.01,2660.2,602,5,0,602
2024-11-29 16:03:00,2660.2,2661.23,2659.9,2660.92,534,5,0,534
2024-11-29 16:06:00,2660.89,2661.63,2660.62,2661.63,501,5,0,501
2024-11-29 16:09:00,2661.62,2662.77,2659.66,2659.69,572,5,0,572
2024-11-29 16:12:00,2659.69,2660.25,2659.13,2659.48,661,5,0,661
2024-11-29 16:15:00,2659.47,2660.57,2659.03,2659.29,441,5,0,441
2024-11-29 16:18:00,2659.23,2660.84,2658.81,2660.79,528,5,0,528
2024-11-29 16:21:00,2660.8,2660.81,2658.3,2658.3,579,5,0,579
2024-11-29 16:24:00,2658.32,2658.32,2655.96,2656.75,643,5,0,643
2024-11-29 16:27:00,2656.76,2656.92,2655.62,2656.44,607,5,0,607
2024-11-29 16:30:00,2656.43,2656.94,2654.72,2656.64,718,5,0,718
2024-11-29 16:33:00,2656.64,2658.81,2656.64,2658.55,740,5,0,740
2024-11-29 16:36:00,2658.52,2659.28,2658.28,2658.51,671,5,0,671
2024-11-29 16:39:00,2658.51,2659.35,2657.27,2657.87,616,5,0,616
2024-11-29 16:42:00,2657.92,2658.01,2655.07,2655.81,668,5,0,668
2024-11-29 16:45:00,2655.81,2655.99,2651.96,2655.96,633,5,0,633
2024-11-29 16:48:00,2656.0,2657.09,2655.59,2655.74,599,5,0,599
2024-11-29 16:51:00,2655.74,2656.81,2655.22,2655.93,596,5,0,596
2024-11-29 16:54:00,2655.92,2657.0,2654.83,2655.6,630,5,0,630
2024-11-29 16:57:00,2655.57,2656.22,2653.05,2653.5,697,5,0,697
2024-11-29 17:00:00,2653.51,2653.78,2650.64,2651.19,718,5,0,718
2024-11-29 17:03:00,2651.18,2653.15,2651.18,2651.98,712,5,0,712
2024-11-29 17:06:00,2651.93,2653.66,2651.09,2653.18,633,5,0,633
2024-11-29 17:09:00,2653.2,2655.03,2652.15,2653.68,675,5,0,675
2024-11-29 17:12:00,2653.67,2654.88,2652.71,2654.34,547,5,0,547
2024-11-29 17:15:00,2654.3,2655.65,2653.22,2655.54,554,5,0,554
2024-11-29 17:18:00,2655.56,2656.32,2654.99,2655.5,625,5,0,625
2024-11-29 17:21:00,2655.44,2656.19,2654.13,2655.76,553,5,0,553
2024-11-29 17:24:00,2655.75,2656.15,2652.76,2653.77,548,5,0,548
2024-11-29 17:27:00,2653.77,2654.05,2652.98,2653.35,437,5,0,437
2024-11-29 17:30:00,2653.34,2653.38,2651.59,2653.36,633,5,0,633
2024-11-29 17:33:00,2653.39,2654.51,2653.14,2653.73,554,5,0,554
2024-11-29 17:36:00,2653.74,2655.44,2653.25,2655.3,539,5,0,539
2024-11-29 17:39:00,2655.31,2656.18,2655.24,2655.55,548,5,0,548
2024-11-29 17:42:00,2655.55,2656.2,2654.8,2655.29,468,5,0,468
2024-11-29 17:45:00,2655.25,2656.06,2654.44,2654.97,486,5,0,486
2024-11-29 17:48:00,2654.99,2655.42,2654.32,2654.88,489,5,0,489
2024-11-29 17:51:00,2654.87,2654.87,2653.41,2653.87,471,5,0,471
2024-11-29 17:54:00,2653.85,2655.37,2653.31,2655.34,513,5,0,513
2024-11-29 17:57:00,2655.36,2658.94,2655.28,2658.94,519,5,0,519
2024-11-29 18:00:00,2658.96,2662.05,2658.96,2660.38,576,5,0,576
2024-11-29 18:03:00,2660.36,2661.33,2659.33,2661.01,645,5,0,645
2024-11-29 18:06:00,2661.01,2661.67,2658.93,2659.27,699,5,0,699
2024-11-29 18:09:00,2659.29,2659.63,2658.04,2658.86,603,5,0,603
2024-11-29 18:12:00,2658.9,2659.72,2658.62,2659.45,485,5,0,485
2024-11-29 18:15:00,2659.5,2660.67,2659.26,2660.04,527,5,0,527
2024-11-29 18:18:00,2660.06,2660.79,2659.36,2660.07,483,5,0,483
2024-11-29 18:21:00,2660.02,2661.94,2659.83,2661.91,492,5,0,492
2024-11-29 18:24:00,2661.91,2662.22,2661.19,2661.3,472,5,0,472
2024-11-29 18:27:00,2661.29,2661.43,2660.49,2661.21,425,5,0,425
2024-11-29 18:30:00,2661.25,2661.33,2659.63,2661.3,538,5,0,538
2024-11-29 18:33:00,2661.3,2662.3,2661.19,2661.84,600,5,0,600
2024-11-29 18:36:00,2661.83,2661.83,2660.3,2660.83,459,5,0,459
2024-11-29 18:39:00,2660.87,2662.24,2660.81,2661.52,446,5,0,446
2024-11-29 18:42:00,2661.51,2661.62,2659.84,2661.29,479,5,0,479
2024-11-29 18:45:00,2661.3,2661.31,2659.81,2660.92,431,5,0,431
2024-11-29 18:48:00,2660.9,2661.9,2660.49,2660.57,393,5,0,393
2024-11-29 18:51:00,2660.56,2661.57,2660.19,2661.51,370,5,0,370
2024-11-29 18:54:00,2661.51,2661.99,2661.24,2661.83,414,5,0,414
2024-11-29 18:57:00,2661.83,2662.29,2661.57,2662.25,308,5,0,308
2024-11-29 19:00:00,2662.24,2662.28,2660.58,2660.74,412,5,0,412
2024-11-29 19:03:00,2660.74,2661.35,2659.79,2661.1,410,5,0,410
2024-11-29 19:06:00,2661.08,2661.08,2659.9,2660.93,414,5,0,414
2024-11-29 19:09:00,2660.95,2660.95,2658.12,2658.22,481,5,0,481
2024-11-29 19:12:00,2658.25,2659.45,2658.22,2658.29,354,5,0,354
2024-11-29 19:15:00,2658.29,2660.09,2658.2,2659.99,259,5,0,259
2024-11-29 19:18:00,2659.98,2660.34,2658.84,2659.31,319,5,0,319
2024-11-29 19:21:00,2659.31,2659.74,2658.6,2658.72,234,6,0,234
2024-11-29 19:24:00,2658.72,2659.02,2658.09,2658.75,201,5,0,201
2024-11-29 19:27:00,2658.75,2658.75,2657.98,2658.52,231,5,0,231
2024-11-29 19:30:00,2658.52,2658.82,2657.58,2657.71,217,5,0,217
2024-11-29 19:33:00,2657.71,2658.92,2657.7,2658.85,204,5,0,204
2024-11-29 19:36:00,2658.85,2660.52,2658.62,2660.51,247,5,0,247
2024-11-29 19:39:00,2660.52,2661.13,2660.3,2660.92,291,5,0,291
2024-11-29 19:42:00,2660.94,2660.94,2660.32,2660.68,255,5,0,255
2024-11-29 19:45:00,2660.66,2661.21,2660.1,2660.88,256,5,0,256
2024-11-29 19:48:00,2660.81,2661.57,2660.47,2660.47,393,5,0,393
2024-11-29 19:51:00,2660.46,2660.48,2659.46,2660.26,329,5,0,329
2024-11-29 19:54:00,2660.26,2661.39,2660.18,2660.84,508,5,0,508
2024-11-29 19:57:00,2660.85,2660.9,2660.19,2660.7,966,5,0,966
2024-11-29 20:00:00,2660.7,2660.7,2659.2,2659.89,296,5,0,296
2024-11-29 20:03:00,2659.91,2660.02,2659.34,2659.54,240,5,0,240
2024-11-29 20:06:00,2659.53,2659.54,2658.94,2659.28,214,5,0,214
2024-11-29 20:09:00,2659.26,2659.78,2658.93,2659.0,141,5,0,141
2024-11-29 20:12:00,2659.04,2660.03,2659.0,2659.7,213,5,0,213
2024-11-29 20:15:00,2659.7,2659.81,2659.11,2659.2,205,5,0,205
2024-11-29 20:18:00,2659.29,2659.3,2658.54,2659.0,228,5,0,228
2024-11-29 20:21:00,2659.05,2659.34,2658.12,2659.16,331,5,0,331
2024-11-29 20:24:00,2659.15,2660.05,2659.03,2659.38,349,5,0,349
2024-11-29 20:27:00,2659.38,2659.69,2654.99,2655.0,465,5,0,465
2024-11-29 20:30:00,2655.09,2656.05,2653.07,2654.83,434,5,0,434
2024-11-29 20:33:00,2654.84,2655.01,2652.29,2653.07,219,5,0,219
2024-11-29 20:36:00,2653.05,2653.42,2652.41,2652.56,176,5,0,176
2024-11-29 20:39:00,2652.57,2653.31,2652.31,2652.34,288,6,0,288
2024-11-29 20:42:00,2652.4,2654.21,2652.4,2653.39,295,5,0,295
2024-11-29 20:45:00,2653.39,2653.46,2651.79,2652.55,215,5,0,215
2024-11-29 20:48:00,2652.56,2652.96,2652.23,2652.93,179,5,0,179
2024-11-29 20:51:00,2652.96,2653.38,2652.67,2652.77,227,10,0,227
2024-11-29 20:54:00,2652.8,2653.09,2652.69,2652.77,147,5,0,147
2024-11-29 20:57:00,2652.77,2652.97,2652.53,2652.76,270,5,0,270
2024-11-29 21:00:00,2652.76,2652.91,2652.35,2652.7,361,5,0,361
2024-11-29 21:03:00,2652.68,2653.07,2652.48,2652.78,355,5,0,355
2024-11-29 21:06:00,2652.78,2652.83,2651.8,2651.89,176,5,0,176
2024-11-29 21:09:00,2651.9,2651.91,2650.66,2650.7,217,5,0,217
2024-11-29 21:12:00,2650.71,2650.84,2649.56,2649.89,254,5,0,254
2024-11-29 21:15:00,2649.86,2650.53,2649.83,2649.95,140,5,0,140
2024-11-29 21:18:00,2649.95,2650.24,2649.95,2650.14,119,8,0,119
2024-11-29 21:21:00,2650.15,2650.36,2649.07,2649.46,276,5,0,276
2024-11-29 21:24:00,2649.46,2649.55,2649.24,2649.52,180,16,0,180
2024-11-29 21:27:00,2649.5,2649.53,2649.23,2649.43,234,22,0,234
2024-11-29 21:30:00,2649.43,2649.62,2649.31,2649.47,158,18,0,158
2024-11-29 21:33:00,2649.49,2649.52,2649.02,2649.29,180,22,0,180
2024-11-29 21:36:00,2649.31,2649.53,2648.64,2649.45,215,5,0,215
2024-11-29 21:39:00,2649.45,2649.83,2648.9,2649.31,279,24,0,279
2024-11-29 21:42:00,2649.24,2650.35,2649.22,2650.27,314,11,0,314
2024-12-02 01:03:00,2648.99,2648.99,2648.18,2648.2,89,5,0,89
2024-12-02 01:06:00,2648.19,2649.51,2648.12,2648.46,237,5,0,237
2024-12-02 01:09:00,2648.47,2648.72,2647.86,2648.38,257,5,0,257
2024-12-02 01:12:00,2648.36,2648.75,2647.89,2648.58,134,5,0,134
2024-12-02 01:15:00,2648.56,2649.86,2648.4,2649.67,125,5,0,125
2024-12-02 01:18:00,2649.67,2650.3,2648.68,2648.72,180,5,0,180
2024-12-02 01:21:00,2648.73,2648.73,2646.58,2646.98,236,5,0,236
2024-12-02 01:24:00,2646.96,2647.02,2644.3,2644.41,249,5,0,249
2024-12-02 01:27:00,2644.41,2646.54,2644.32,2646.17,190,5,0,190
2024-12-02 01:30:00,2646.17,2646.17,2644.54,2645.16,201,5,0,201
2024-12-02 01:33:00,2645.14,2645.14,2643.09,2643.87,279,5,0,279
2024-12-02 01:36:00,2643.86,2645.01,2643.79,2644.91,171,6,0,171
2024-12-02 01:39:00,2644.97,2646.26,2644.97,2645.54,233,5,0,233
2024-12-02 01:42:00,2645.52,2646.1,2645.43,2645.54,162,5,0,162
2024-12-02 01:45:00,2645.55,2646.28,2645.34,2646.02,238,5,0,238
2024-12-02 01:48:00,2646.04,2647.07,2645.82,2646.97,206,5,0,206
2024-12-02 01:51:00,2646.98,2647.67,2646.97,2647.37,196,5,0,196
2024-12-02 01:54:00,2647.34,2647.37,2645.8,2645.85,96,5,0,96
2024-12-02 01:57:00,2645.85,2646.39,2645.54,2645.74,99,5,0,99
2024-12-02 02:00:00,2645.76,2647.69,2645.76,2647.36,329,5,0,329
2024-12-02 02:03:00,2647.33,2647.49,2645.71,2645.97,194,5,0,194
2024-12-02 02:06:00,2645.95,2646.77,2645.56,2645.83,148,5,0,148
2024-12-02 02:09:00,2645.81,2646.0,2644.72,2645.78,200,5,0,200
2024-12-02 02:12:00,2645.79,2645.9,2644.76,2644.78,165,5,0,165
2024-12-02 02:15:00,2644.78,2645.23,2644.28,2644.68,262,5,0,262
2024-12-02 02:18:00,2644.7,2644.95,2643.92,2644.92,271,5,0,271
2024-12-02 02:21:00,2645.08,2645.22,2643.1,2643.76,221,5,0,221
2024-12-02 02:24:00,2643.72,2644.12,2643.5,2644.07,316,5,0,316
2024-12-02 02:27:00,2644.14,2644.8,2643.68,2644.08,218,5,0,218
2024-12-02 02:30:00,2644.09,2644.55,2643.33,2644.34,295,5,0,295
2024-12-02 02:33:00,2644.35,2644.39,2639.62,2640.4,455,5,0,455
2024-12-02 02:36:00,2640.4,2641.21,2639.91,2640.43,324,5,0,324
2024-12-02 02:39:00,2640.43,2640.85,2637.93,2638.12,331,5,0,331
2024-12-02 02:42:00,2638.11,2638.5,2630.08,2632.85,880,5,0,880
2024-12-02 02:45:00,2632.85,2635.17,2630.99,2634.81,592,5,0,592
2024-12-02 02:48:00,2634.81,2638.33,2634.58,2638.3,606,5,0,606
2024-12-02 02:51:00,2638.3,2638.58,2636.06,2636.98,422,5,0,422
2024-12-02 02:54:00,2637.06,2637.19,2636.12,2636.47,260,5,0,260
2024-12-02 02:57:00,2636.45,2638.91,2636.19,2637.46,312,5,0,312
2024-12-02 03:00:00,2637.44,2637.87,2632.28,2632.34,1100,5,0,1100
2024-12-02 03:03:00,2632.36,2635.98,2632.17,2633.55,917,5,0,917
2024-12-02 03:06:00,2633.58,2635.5,2632.03,2632.22,744,5,0,744
2024-12-02 03:09:00,2632.16,2633.72,2631.66,2632.28,671,5,0,671
2024-12-02 03:12:00,2632.3,2633.07,2631.34,2632.37,618,5,0,618
2024-12-02 03:15:00,2632.37,2635.13,2631.83,2633.62,660,5,0,660
2024-12-02 03:18:00,2633.62,2634.0,2626.64,2626.7,855,5,0,855
2024-12-02 03:21:00,2626.66,2627.01,2622.94,2625.75,1003,5,0,1003
2024-12-02 03:24:00,2625.75,2626.78,2624.75,2626.0,754,5,0,754
2024-12-02 03:27:00,2625.99,2627.6,2625.81,2627.33,536,5,0,536
2024-12-02 03:30:00,2627.33,2629.87,2627.33,2628.92,723,5,0,723
2024-12-02 03:33:00,2628.99,2632.19,2628.99,2632.15,628,5,0,628
2024-12-02 03:36:00,2632.15,2635.0,2631.46,2634.57,695,5,0,695
2024-12-02 03:39:00,2634.57,2636.17,2634.14,2635.45,692,5,0,692
2024-12-02 03:42:00,2635.45,2636.44,2634.97,2636.41,502,5,0,502
2024-12-02 03:45:00,2636.41,2639.14,2636.39,2637.94,692,5,0,692
2024-12-02 03:48:00,2637.95,2638.64,2635.74,2636.07,687,5,0,687
2024-12-02 03:51:00,2636.04,2637.31,2635.14,2636.88,542,5,0,542
2024-12-02 03:54:00,2636.96,2637.43,2634.86,2635.74,416,5,0,416
2024-12-02 03:57:00,2635.74,2636.34,2635.53,2635.92,425,5,0,425
2024-12-02 04:00:00,2635.9,2638.05,2635.33,2636.85,691,5,0,691
2024-12-02 04:03:00,2636.83,2637.13,2634.41,2634.6,613,5,0,613
2024-12-02 04:06:00,2634.65,2635.18,2632.54,2635.13,600,5,0,600
2024-12-02 04:09:00,2635.14,2635.22,2630.82,2631.3,520,5,0,520
2024-12-02 04:12:00,2631.3,2633.14,2630.38,2632.34,588,5,0,588
2024-12-02 04:15:00,2632.38,2632.38,2628.12,2628.19,546,5,0,546
2024-12-02 04:18:00,2628.19,2629.29,2628.0,2628.64,350,5,0,350
2024-12-02 04:21:00,2628.62,2630.39,2628.56,2629.83,360,5,0,360
2024-12-02 04:24:00,2629.83,2630.25,2628.75,2629.53,327,5,0,327
2024-12-02 04:27:00,2629.51,2630.77,2629.32,2630.16,286,5,0,286
2024-12-02 04:30:00,2630.15,2632.12,2629.75,2631.93,692,5,0,692
2024-12-02 04:33:00,2631.92,2633.25,2631.26,2632.1,640,5,0,640
2024-12-02 04:36:00,2632.07,2632.13,2629.02,2630.36,578,5,0,578
2024-12-02 04:39:00,2630.37,2631.25,2629.67,2629.84,421,5,0,421
2024-12-02 04:42:00,2629.85,2631.43,2629.29,2631.16,487,5,0,487
2024-12-02 04:45:00,2631.18,2632.02,2629.97,2630.95,522,5,0,522
2024-12-02 04:48:00,2630.95,2632.25,2630.69,2631.69,442,5,0,442
2024-12-02 04:51:00,2631.69,2631.78,2630.24,2630.89,313,5,0,313
2024-12-02 04:54:00,2630.89,2631.37,2627.89,2628.43,398,5,0,398
2024-12-02 04:57:00,2628.43,2628.99,2625.57,2626.76,619,5,0,619
2024-12-02 05:00:00,2626.73,2626.97,2624.86,2624.89,596,5,0,596
2024-12-02 05:03:00,2624.93,2626.03,2624.16,2625.39,657,5,0,657
2024-12-02 05:06:00,2625.39,2625.75,2624.13,2625.45,498,5,0,498
2024-12-02 05:09:00,2625.43,2627.06,2624.86,2625.82,483,5,0,483
2024-12-02 05:12:00,2625.86,2626.65,2624.75,2626.16,483,5,0,483
2024-12-02 05:15:00,2626.16,2627.39,2625.89,2627.3,466,5,0,466
2024-12-02 05:18:00,2627.31,2628.44,2627.08,2628.15,497,5,0,497
2024-12-02 05:21:00,2628.14,2628.52,2625.71,2627.35,386,5,0,386
2024-12-02 05:24:00,2627.37,2627.71,2626.69,2627.63,316,5,0,316
2024-12-02 05:27:00,2627.61,2628.54,2626.84,2628.51,424,5,0,424
2024-12-02 05:30:00,2628.55,2628.56,2627.56,2627.57,279,5,0,279
2024-12-02 05:33:00,2627.56,2627.56,2625.53,2626.06,435,5,0,435
2024-12-02 05:36:00,2626.06,2626.61,2624.73,2626.34,401,5,0,401
2024-12-02 05:39:00,2626.34,2627.25,2625.65,2627.24,382,5,0,382
2024-12-02 05:42:00,2627.25,2627.91,2627.18,2627.42,227,5,0,227
2024-12-02 05:45:00,2627.43,2628.47,2626.98,2628.46,267,5,0,267
2024-12-02 05:48:00,2628.42,2630.48,2628.41,2630.29,350,5,0,350
2024-12-02 05:51:00,2630.27,2631.13,2629.03,2629.7,280,5,0,280
2024-12-02 05:54:00,2629.69,2630.37,2629.63,2630.36,172,5,0,172
2024-12-02 05:57:00,2630.37,2630.47,2628.9,2629.38,221,5,0,221
2024-12-02 06:00:00,2629.37,2629.44,2627.92,2627.92,300,5,0,300
2024-12-02 06:03:00,2627.84,2629.43,2627.73,2629.27,260,5,0,260
2024-12-02 06:06:00,2629.26,2629.95,2628.46,2628.51,192,5,0,192
2024-12-02 06:09:00,2628.52,2628.57,2627.41,2628.53,259,5,0,259
2024-12-02 06:12:00,2628.52,2629.54,2628.43,2629.5,143,5,0,143
2024-12-02 06:15:00,2629.5,2629.5,2628.02,2628.22,176,5,0,176
2024-12-02 06:18:00,2628.22,2628.22,2627.0,2628.08,268,5,0,268
2024-12-02 06:21:00,2627.96,2628.86,2627.78,2627.86,182,5,0,182
2024-12-02 06:24:00,2627.86,2628.27,2627.36,2628.05,236,5,0,236
2024-12-02 06:27:00,2628.06,2629.17,2627.87,2628.81,289,5,0,289
2024-12-02 06:30:00,2628.77,2630.48,2628.52,2630.21,297,5,0,297
2024-12-02 06:33:00,2630.2,2630.57,2629.79,2630.12,215,5,0,215
2024-12-02 06:36:00,2630.15,2630.15,2629.23,2629.74,121,5,0,121
2024-12-02 06:39:00,2629.74,2629.74,2629.01,2629.42,114,5,0,114
2024-12-02 06:42:00,2629.42,2629.68,2627.84,2627.87,181,5,0,181
2024-12-02 06:45:00,2627.86,2628.03,2626.22,2626.66,244,5,0,244
2024-12-02 06:48:00,2626.64,2627.63,2626.6,2626.78,311,5,0,311
2024-12-02 06:51:00,2626.75,2628.78,2626.75,2628.61,272,5,0,272
2024-12-02 06:54:00,2628.56,2628.56,2627.71,2628.02,172,5,0,172
2024-12-02 06:57:00,2628.02,2628.72,2627.89,2628.63,240,5,0,240
2024-12-02 07:00:00,2628.61,2628.77,2626.69,2627.93,390,5,0,390
2024-12-02 07:03:00,2627.94,2627.97,2627.06,2627.33,278,5,0,278
2024-12-02 07:06:00,2627.34,2627.35,2626.54,2626.88,266,5,0,266
2024-12-02 07:09:00,2626.89,2627.37,2626.42,2626.86,319,5,0,319
2024-12-02 07:12:00,2626.87,2627.56,2625.46,2625.54,331,5,0,331
2024-12-02 07:15:00,2625.52,2625.74,2623.92,2624.07,411,5,0,411
2024-12-02 07:18:00,2624.08,2624.17,2622.98,2623.68,393,5,0,393
2024-12-02 07:21:00,2623.56,2623.65,2621.95,2622.78,383,5,0,383
2024-12-02 07:24:00,2622.79,2623.84,2622.65,2623.82,311,5,0,311
2024-12-02 07:27:00,2623.83,2624.6,2623.38,2624.39,291,5,0,291
2024-12-02 07:30:00,2624.48,2624.6,2622.95,2624.3,645,5,0,645
2024-12-02 07:33:00,2624.27,2625.64,2623.92,2625.54,501,5,0,501
2024-12-02 07:36:00,2625.56,2626.52,2625.3,2625.97,509,5,0,509
2024-12-02 07:39:00,2625.97,2627.37,2625.54,2627.19,434,5,0,434
2024-12-02 07:42:00,2627.19,2627.72,2626.68,2627.16,422,5,0,422
2024-12-02 07:45:00,2627.17,2628.82,2626.37,2628.1,410,5,0,410
2024-12-02 07:48:00,2628.1,2628.76,2627.2,2627.46,711,5,0,711
2024-12-02 07:51:00,2627.48,2628.27,2627.09,2627.99,573,5,0,573
2024-12-02 07:54:00,2627.99,2628.06,2625.4,2625.68,594,5,0,594
2024-12-02 07:57:00,2625.65,2626.08,2623.18,2623.22,543,5,0,543
2024-12-02 08:00:00,2623.18,2624.67,2622.85,2623.93,458,5,0,458
2024-12-02 08:03:00,2623.94,2624.05,2622.01,2622.15,495,5,0,495
2024-12-02 08:06:00,2622.15,2624.22,2622.0,2623.15,613,5,0,613
2024-12-02 08:09:00,2623.15,2624.48,2623.15,2624.17,473,5,0,473
2024-12-02 08:12:00,2624.17,2624.4,2622.66,2623.83,370,5,0,370
2024-12-02 08:15:00,2623.85,2624.81,2622.57,2623.57,450,5,0,450
2024-12-02 08:18:00,2623.53,2624.2,2623.02,2623.92,353,5,0,353
2024-12-02 08:21:00,2623.89,2624.39,2623.0,2623.03,380,5,0,380
2024-12-02 08:24:00,2623.05,2624.32,2622.57,2624.23,392,5,0,392
2024-12-02 08:27:00,2624.24,2625.25,2623.73,2624.67,358,5,0,358
2024-12-02 08:30:00,2624.66,2625.07,2623.54,2624.06,478,5,0,478
2024-12-02 08:33:00,2623.99,2624.34,2623.03,2623.36,453,5,0,453
2024-12-02 08:36:00,2623.33,2625.31,2622.74,2625.3,502,5,0,502
2024-12-02 08:39:00,2625.31,2626.26,2624.85,2625.55,457,5,0,457
2024-12-02 08:42:00,2625.56,2626.33,2625.41,2625.9,380,5,0,380
2024-12-02 08:45:00,2625.9,2626.45,2625.43,2626.13,360,5,0,360
2024-12-02 08:48:00,2626.14,2626.6,2625.97,2626.09,301,5,0,301
2024-12-02 08:51:00,2626.09,2627.69,2625.68,2627.37,323,5,0,323
2024-12-02 08:54:00,2627.37,2627.73,2626.52,2626.62,309,5,0,309
2024-12-02 08:57:00,2626.61,2626.84,2625.64,2625.94,412,5,0,412
2024-12-02 09:00:00,2625.94,2626.77,2625.29,2626.73,457,5,0,457
2024-12-02 09:03:00,2626.76,2627.69,2626.4,2626.84,438,5,0,438
2024-12-02 09:06:00,2626.85,2627.83,2626.59,2627.74,407,5,0,407
2024-12-02 09:09:00,2627.74,2630.06,2627.42,2629.77,451,5,0,451
2024-12-02 09:12:00,2629.72,2629.77,2628.86,2629.67,378,5,0,378
2024-12-02 09:15:00,2629.67,2629.87,2628.6,2628.93,370,5,0,370
2024-12-02 09:18:00,2628.92,2629.44,2628.46,2628.58,302,5,0,302
2024-12-02 09:21:00,2628.58,2629.36,2628.58,2629.24,327,5,0,327
2024-12-02 09:24:00,2629.25,2631.72,2628.87,2631.7,262,5,0,262
2024-12-02 09:27:00,2631.73,2631.73,2630.16,2631.37,325,5,0,325
2024-12-02 09:30:00,2631.37,2631.82,2630.77,2630.82,257,5,0,257
2024-12-02 09:33:00,2630.82,2631.76,2630.53,2631.72,294,5,0,294
2024-12-02 09:36:00,2631.72,2632.05,2630.84,2631.84,339,5,0,339
2024-12-02 09:39:00,2631.85,2633.09,2631.84,2633.06,499,5,0,499
2024-12-02 09:42:00,2633.16,2633.63,2632.68,2632.78,327,5,0,327
2024-12-02 09:45:00,2632.79,2632.8,2631.08,2631.08,415,5,0,415
2024-12-02 09:48:00,2631.08,2631.37,2630.22,2630.22,380,5,0,380
2024-12-02 09:51:00,2630.22,2630.61,2628.86,2629.36,425,5,0,425
2024-12-02 09:54:00,2629.36,2630.14,2629.22,2629.75,355,5,0,355
2024-12-02 09:57:00,2629.75,2630.35,2628.84,2629.86,333,5,0,333
2024-12-02 10:00:00,2629.85,2630.14,2628.71,2628.87,599,5,0,599
2024-12-02 10:03:00,2628.88,2628.89,2626.85,2628.15,609,5,0,609
2024-12-02 10:06:00,2628.15,2629.95,2628.15,2629.41,474,5,0,474
2024-12-02 10:09:00,2629.41,2631.9,2628.47,2631.53,591,5,0,591
2024-12-02 10:12:00,2631.57,2631.82,2630.42,2630.65,431,5,0,431
2024-12-02 10:15:00,2630.65,2630.72,2629.45,2629.49,398,5,0,398
2024-12-02 10:18:00,2629.51,2631.0,2629.44,2630.97,354,5,0,354
2024-12-02 10:21:00,2630.99,2632.32,2630.85,2631.68,495,5,0,495
2024-12-02 10:24:00,2631.77,2632.8,2630.07,2631.45,496,5,0,496
2024-12-02 10:27:00,2631.49,2631.54,2630.17,2630.19,269,5,0,269
2024-12-02 10:30:00,2630.19,2630.37,2629.07,2629.57,309,5,0,309
2024-12-02 10:33:00,2629.57,2629.67,2627.63,2628.62,324,5,0,324
2024-12-02 10:36:00,2628.64,2629.14,2627.98,2628.55,318,5,0,318
2024-12-02 10:39:00,2628.53,2628.88,2626.62,2628.73,489,5,0,489
2024-12-02 10:42:00,2628.73,2629.64,2627.29,2629.55,409,5,0,409
2024-12-02 10:45:00,2629.66,2630.7,2629.53,2630.12,481,5,0,481
2024-12-02 10:48:00,2630.13,2631.61,2630.08,2630.99,424,5,0,424
2024-12-02 10:51:00,2631.0,2631.67,2629.36,2629.57,375,5,0,375
2024-12-02 10:54:00,2629.62,2630.3,2628.82,2629.78,379,5,0,379
2024-12-02 10:57:00,2629.78,2630.99,2629.45,2629.53,301,5,0,301
2024-12-02 11:00:00,2629.5,2629.98,2628.58,2629.3,634,5,0,634
2024-12-02 11:03:00,2629.26,2631.18,2629.03,2631.17,494,5,0,494
2024-12-02 11:06:00,2631.21,2631.77,2629.82,2631.3,491,5,0,491
2024-12-02 11:09:00,2631.3,2633.14,2630.98,2633.09,416,5,0,416
2024-12-02 11:12:00,2633.08,2634.34,2632.29,2634.14,556,5,0,556
2024-12-02 11:15:00,2634.14,2635.66,2633.88,2635.18,511,5,0,511
2024-12-02 11:18:00,2635.23,2636.3,2634.94,2636.19,529,5,0,529
2024-12-02 11:21:00,2636.23,2636.47,2634.0,2635.05,509,5,0,509
2024-12-02 11:24:00,2635.04,2636.49,2634.61,2636.37,331,5,0,331
2024-12-02 11:27:00,2636.37,2636.72,2635.49,2635.59,367,5,0,367
2024-12-02 11:30:00,2635.62,2636.9,2635.6,2636.77,306,5,0,306
2024-12-02 11:33:00,2636.78,2636.83,2635.45,2635.64,263,5,0,263
2024-12-02 11:36:00,2635.64,2636.01,2635.1,2635.79,364,5,0,364
2024-12-02 11:39:00,2635.81,2635.87,2634.05,2634.06,317,5,0,317
2024-12-02 11:42:00,2634.06,2635.44,2633.89,2634.34,235,5,0,235
2024-12-02 11:45:00,2634.35,2634.45,2632.65,2632.97,378,5,0,378
2024-12-02 11:48:00,2632.99,2634.49,2632.99,2633.51,424,5,0,424
2024-12-02 11:51:00,2633.51,2634.42,2633.03,2634.42,321,5,0,321
2024-12-02 11:54:00,2634.39,2634.5,2633.39,2634.35,350,5,0,350
2024-12-02 11:57:00,2634.35,2634.63,2633.33,2633.67,215,5,0,215
2024-12-02 12:00:00,2633.64,2635.34,2633.41,2635.23,395,5,0,395
2024-12-02 12:03:00,2635.18,2636.53,2635.02,2636.03,412,5,0,412
2024-12-02 12:06:00,2636.05,2636.61,2635.21,2635.7,399,5,0,399
2024-12-02 12:09:00,2635.7,2637.09,2635.32,2637.02,353,5,0,353
2024-12-02 12:12:00,2637.0,2637.3,2635.63,2636.52,434,5,0,434
2024-12-02 12:15:00,2636.52,2636.54,2635.44,2635.47,407,5,0,407
2024-12-02 12:18:00,2635.48,2635.75,2634.73,2635.63,359,5,0,359
2024-12-02 12:21:00,2635.63,2636.86,2635.03,2635.54,326,5,0,326
2024-12-02 12:24:00,2635.46,2636.75,2634.91,2636.61,313,5,0,313
2024-12-02 12:27:00,2636.57,2637.73,2636.34,2636.78,337,5,0,337
2024-12-02 12:30:00,2636.78,2637.25,2636.25,2636.9,284,5,0,284
2024-12-02 12:33:00,2636.9,2637.37,2636.19,2637.13,259,5,0,259
2024-12-02 12:36:00,2637.17,2637.34,2636.25,2636.48,276,5,0,276
2024-12-02 12:39:00,2636.48,2636.61,2634.9,2635.28,385,5,0,385
2024-12-02 12:42:00,2635.29,2635.29,2634.04,2634.43,338,5,0,338
2024-12-02 12:45:00,2634.44,2635.44,2634.32,2635.27,273,5,0,273
2024-12-02 12:48:00,2635.27,2635.61,2634.8,2635.2,276,5,0,276
2024-12-02 12:51:00,2635.22,2635.63,2635.06,2635.43,188,5,0,188
2024-12-02 12:54:00,2635.44,2635.92,2634.64,2634.86,266,5,0,266
2024-12-02 12:57:00,2634.87,2636.48,2634.75,2635.89,366,5,0,366
2024-12-02 13:00:00,2635.88,2638.71,2635.75,2637.9,573,5,0,573
2024-12-02 13:03:00,2637.9,2638.65,2636.75,2636.89,556,5,0,556
2024-12-02 13:06:00,2636.86,2638.04,2636.48,2638.01,310,5,0,310
2024-12-02 13:09:00,2638.01,2638.34,2637.55,2638.24,294,5,0,294
2024-12-02 13:12:00,2638.24,2640.09,2638.11,2639.91,432,5,0,432
2024-12-02 13:15:00,2639.9,2642.38,2639.77,2641.97,702,5,0,702
2024-12-02 13:18:00,2641.98,2642.57,2641.98,2642.52,416,5,0,416
2024-12-02 13:21:00,2642.58,2643.63,2640.23,2641.41,688,5,0,688
2024-12-02 13:24:00,2641.39,2641.97,2641.12,2641.16,330,5,0,330
2024-12-02 13:27:00,2641.18,2641.48,2639.25,2639.58,399,5,0,399
2024-12-02 13:30:00,2639.56,2639.69,2637.08,2639.43,563,5,0,563
2024-12-02 13:33:00,2639.44,2646.19,2639.44,2646.01,811,5,0,811
2024-12-02 13:36:00,2646.03,2646.03,2643.08,2643.29,623,5,0,623
2024-12-02 13:39:00,2643.3,2645.81,2642.63,2645.44,759,5,0,759
2024-12-02 13:42:00,2645.5,2645.75,2644.92,2645.62,520,5,0,520
2024-12-02 13:45:00,2645.62,2646.33,2644.81,2645.32,461,5,0,461
2024-12-02 13:48:00,2645.33,2645.58,2643.05,2643.05,332,5,0,332
2024-12-02 13:51:00,2642.99,2643.66,2642.39,2642.39,362,5,0,362
2024-12-02 13:54:00,2642.45,2642.68,2641.52,2641.89,369,5,0,369
2024-12-02 13:57:00,2641.94,2642.32,2641.37,2641.86,320,5,0,320
2024-12-02 14:00:00,2641.86,2641.87,2640.42,2640.65,406,5,0,406
2024-12-02 14:03:00,2640.68,2640.71,2639.71,2640.19,371,5,0,371
2024-12-02 14:06:00,2640.21,2642.13,2640.21,2642.04,414,5,0,414
2024-12-02 14:09:00,2642.05,2644.65,2642.05,2643.85,629,5,0,629
2024-12-02 14:12:00,2643.86,2645.19,2642.79,2643.21,615,5,0,615
2024-12-02 14:15:00,2643.21,2643.21,2642.21,2642.36,330,5,0,330
2024-12-02 14:18:00,2642.36,2643.84,2642.25,2643.83,354,5,0,354
2024-12-02 14:21:00,2643.85,2644.06,2642.83,2643.27,401,5,0,401
2024-12-02 14:24:00,2643.26,2644.17,2642.58,2642.87,386,5,0,386
2024-12-02 14:27:00,2642.9,2642.94,2641.81,2642.13,447,5,0,447
2024-12-02 14:30:00,2642.19,2642.25,2640.99,2641.92,441,5,0,441
2024-12-02 14:33:00,2641.91,2643.22,2641.9,2643.03,588,5,0,588
2024-12-02 14:36:00,2643.05,2643.41,2641.43,2641.43,513,5,0,513
2024-12-02 14:39:00,2641.45,2642.84,2640.86,2641.45,440,5,0,440
2024-12-02 14:42:00,2641.44,2642.13,2641.14,2641.39,381,5,0,381
2024-12-02 14:45:00,2641.4,2642.26,2639.17,2639.27,454,5,0,454
2024-12-02 14:48:00,2639.26,2641.67,2639.24,2641.62,490,5,0,490
2024-12-02 14:51:00,2641.59,2641.61,2640.12,2640.76,394,5,0,394
2024-12-02 14:54:00,2640.76,2642.41,2640.51,2641.92,406,5,0,406
2024-12-02 14:57:00,2641.95,2643.67,2640.62,2641.05,615,5,0,615
2024-12-02 15:00:00,2641.05,2641.05,2637.07,2637.99,1022,5,0,1022
2024-12-02 15:03:00,2637.99,2640.53,2637.99,2640.14,729,5,0,729
2024-12-02 15:06:00,2640.16,2641.48,2639.28,2639.37,669,5,0,669
2024-12-02 15:09:00,2639.36,2639.89,2638.0,2638.7,655,5,0,655
2024-12-02 15:12:00,2638.7,2640.38,2638.63,2640.34,593,5,0,593
2024-12-02 15:15:00,2640.34,2642.6,2640.15,2642.02,591,5,0,591
2024-12-02 15:18:00,2642.07,2643.54,2640.93,2643.32,656,5,0,656
2024-12-02 15:21:00,2643.33,2644.98,2643.27,2644.92,855,5,0,855
2024-12-02 15:24:00,2644.97,2647.18,2644.13,2644.69,896,5,0,896
2024-12-02 15:27:00,2644.7,2645.58,2643.91,2644.79,635,5,0,635
2024-12-02 15:30:00,2644.82,2646.04,2643.61,2645.68,750,5,0,750
2024-12-02 15:33:00,2645.68,2645.69,2643.47,2644.11,676,5,0,676
2024-12-02 15:36:00,2644.09,2646.08,2643.04,2645.74,667,5,0,667
2024-12-02 15:39:00,2645.76,2646.99,2645.07,2646.72,810,5,0,810
2024-12-02 15:42:00,2646.73,2648.84,2646.11,2646.83,857,5,0,857
2024-12-02 15:45:00,2646.83,2646.97,2644.29,2644.73,860,5,0,860
2024-12-02 15:48:00,2644.75,2645.14,2643.93,2644.43,727,5,0,727
2024-12-02 15:51:00,2644.42,2646.35,2643.98,2646.24,674,5,0,674
2024-12-02 15:54:00,2646.26,2647.3,2646.06,2646.91,660,5,0,660
2024-12-02 15:57:00,2646.92,2648.06,2646.92,2647.02,597,5,0,597
2024-12-02 16:00:00,2647.01,2647.73,2645.45,2645.87,637,5,0,637
2024-12-02 16:03:00,2645.86,2646.02,2645.04,2645.57,761,5,0,761
2024-12-02 16:06:00,2645.62,2647.27,2644.61,2647.04,688,5,0,688
2024-12-02 16:09:00,2647.06,2648.64,2646.8,2647.9,760,5,0,760
2024-12-02 16:12:00,2647.93,2651.85,2647.93,2650.77,816,5,0,816
2024-12-02 16:15:00,2650.75,2651.07,2647.76,2649.55,714,5,0,714
2024-12-02 16:18:00,2649.54,2650.74,2649.12,2650.22,632,5,0,632
2024-12-02 16:21:00,2650.21,2651.52,2649.69,2650.41,613,5,0,613
2024-12-02 16:24:00,2650.4,2651.29,2649.75,2650.27,679,5,0,679
2024-12-02 16:27:00,2650.29,2650.53,2647.74,2647.84,675,5,0,675
2024-12-02 16:30:00,2647.84,2648.19,2645.34,2646.58,934,5,0,934
2024-12-02 16:33:00,2646.53,2649.08,2645.78,2646.72,748,5,0,748
2024-12-02 16:36:00,2646.7,2647.91,2646.03,2646.83,626,5,0,626
2024-12-02 16:39:00,2646.81,2646.82,2645.02,2645.66,587,5,0,587
2024-12-02 16:42:00,2645.66,2646.7,2645.09,2646.06,497,5,0,497
2024-12-02 16:45:00,2646.06,2646.22,2642.55,2644.54,642,5,0,642
2024-12-02 16:48:00,2644.48,2645.28,2643.32,2644.56,872,5,0,872
2024-12-02 16:51:00,2644.57,2645.59,2643.8,2644.62,796,5,0,796
2024-12-02 16:54:00,2644.63,2646.93,2644.41,2645.98,717,5,0,717
2024-12-02 16:57:00,2645.99,2646.29,2645.05,2645.53,419,5,0,419
2024-12-02 17:00:00,2645.4,2646.07,2642.32,2642.74,590,5,0,590
2024-12-02 17:03:00,2642.76,2647.08,2641.5,2647.08,739,5,0,739
2024-12-02 17:06:00,2647.08,2649.38,2646.42,2646.88,803,5,0,803
2024-12-02 17:09:00,2646.86,2646.96,2644.21,2644.73,676,5,0,676
2024-12-02 17:12:00,2644.71,2645.33,2643.89,2644.17,669,5,0,669
2024-12-02 17:15:00,2644.17,2646.14,2643.54,2645.96,652,5,0,652
2024-12-02 17:18:00,2645.94,2648.35,2645.59,2648.14,616,5,0,616
2024-12-02 17:21:00,2648.14,2649.36,2647.28,2648.65,715,5,0,715
2024-12-02 17:24:00,2648.64,2648.68,2645.81,2646.57,749,5,0,749
2024-12-02 17:27:00,2646.56,2646.77,2645.33,2645.44,633,5,0,633
2024-12-02 17:30:00,2645.35,2645.35,2642.47,2643.25,746,5,0,746
2024-12-02 17:33:00,2643.27,2644.23,2642.6,2643.04,686,5,0,686
2024-12-02 17:36:00,2643.02,2645.28,2643.01,2644.75,718,5,0,718
2024-12-02 17:39:00,2644.74,2645.74,2644.23,2644.39,677,5,0,677
2024-12-02 17:42:00,2644.29,2644.9,2643.39,2644.01,610,5,0,610
2024-12-02 17:45:00,2644.0,2644.14,2640.62,2641.81,747,5,0,747
2024-12-02 17:48:00,2641.83,2642.82,2640.28,2640.83,643,5,0,643
2024-12-02 17:51:00,2640.84,2643.11,2640.65,2642.39,698,5,0,698
2024-12-02 17:54:00,2642.39,2643.03,2641.57,2643.01,775,5,0,775
2024-12-02 17:57:00,2643.03,2643.65,2641.94,2642.32,750,5,0,750
2024-12-02 18:00:00,2642.33,2642.59,2639.02,2639.23,680,5,0,680
2024-12-02 18:03:00,2639.22,2641.37,2638.61,2640.98,761,5,0,761
2024-12-02 18:06:00,2640.97,2641.28,2640.29,2640.39,683,5,0,683
2024-12-02 18:09:00,2640.38,2641.83,2640.08,2640.73,585,5,0,585
2024-12-02 18:12:00,2640.71,2640.82,2639.27,2639.48,618,5,0,618
2024-12-02 18:15:00,2639.47,2641.02,2638.96,2640.72,608,5,0,608
2024-12-02 18:18:00,2640.75,2643.45,2640.23,2643.23,519,5,0,519
2024-12-02 18:21:00,2643.21,2644.4,2642.76,2643.84,536,5,0,536
2024-12-02 18:24:00,2643.81,2644.35,2642.26,2642.82,544,5,0,544
2024-12-02 18:27:00,2642.87,2644.1,2642.53,2643.15,453,5,0,453
2024-12-02 18:30:00,2643.17,2643.28,2641.55,2642.22,426,5,0,426
2024-12-02 18:33:00,2642.22,2642.25,2640.19,2640.43,427,5,0,427
2024-12-02 18:36:00,2640.45,2641.34,2639.54,2641.34,405,5,0,405
2024-12-02 18:39:00,2641.35,2641.68,2640.19,2640.99,388,5,0,388
2024-12-02 18:42:00,2641.0,2641.95,2640.27,2640.29,365,5,0,365
2024-12-02 18:45:00,2640.22,2641.39,2639.63,2641.11,419,5,0,419
2024-12-02 18:48:00,2641.17,2642.54,2641.17,2642.49,417,5,0,417
2024-12-02 18:51:00,2642.48,2642.48,2641.62,2642.15,426,5,0,426
2024-12-02 18:54:00,2642.17,2642.2,2641.0,2641.39,441,5,0,441
2024-12-02 18:57:00,2641.45,2641.64,2640.93,2641.37,381,5,0,381
2024-12-02 19:00:00,2641.37,2641.68,2639.35,2639.42,421,5,0,421
2024-12-02 19:03:00,2639.41,2640.15,2638.45,2638.68,479,5,0,479
2024-12-02 19:06:00,2638.67,2640.02,2638.51,2639.33,265,5,0,265
2024-12-02 19:09:00,2639.36,2640.21,2639.26,2640.15,267,5,0,267
2024-12-02 19:12:00,2640.16,2641.29,2639.93,2640.86,405,5,0,405
2024-12-02 19:15:00,2640.84,2641.59,2640.02,2641.59,388,5,0,388
2024-12-02 19:18:00,2641.58,2642.01,2641.09,2641.12,303,5,0,303
2024-12-02 19:21:00,2641.14,2641.47,2640.56,2640.58,289,5,0,289
2024-12-02 19:24:00,2640.58,2640.83,2639.43,2639.95,353,5,0,353
2024-12-02 19:27:00,2639.94,2639.95,2639.2,2639.76,365,5,0,365
2024-12-02 19:30:00,2639.72,2640.76,2639.4,2640.7,373,5,0,373
2024-12-02 19:33:00,2640.69,2640.69,2638.74,2639.18,426,5,0,426
2024-12-02 19:36:00,2639.16,2639.88,2638.88,2639.04,372,5,0,372
2024-12-02 19:39:00,2639.06,2639.75,2638.85,2638.9,332,5,0,332
2024-12-02 19:42:00,2638.94,2639.5,2638.51,2639.06,333,5,0,333
2024-12-02 19:45:00,2639.04,2639.2,2637.56,2638.3,436,5,0,436
2024-12-02 19:48:00,2638.33,2639.11,2637.39,2638.32,384,5,0,384
2024-12-02 19:51:00,2638.3,2639.24,2638.11,2639.06,338,5,0,338
2024-12-02 19:54:00,2639.09,2639.14,2637.98,2638.29,339,5,0,339
2024-12-02 19:57:00,2638.24,2639.43,2637.95,2638.83,292,5,0,292
2024-12-02 20:00:00,2638.84,2638.92,2637.53,2637.54,407,5,0,407
2024-12-02 20:03:00,2637.55,2637.79,2636.08,2636.54,459,5,0,459
2024-12-02 20:06:00,2636.52,2636.72,2635.0,2635.7,462,5,0,462
2024-12-02 20:09:00,2635.68,2636.51,2635.61,2636.08,288,5,0,288
2024-12-02 20:12:00,2636.12,2636.57,2635.57,2636.41,361,5,0,361
2024-12-02 20:15:00,2636.41,2636.89,2634.78,2635.09,406,5,0,406
2024-12-02 20:18:00,2635.09,2635.43,2634.71,2635.15,308,5,0,308
2024-12-02 20:21:00,2635.16,2635.91,2633.78,2634.55,359,5,0,359
2024-12-02 20:24:00,2634.57,2635.02,2633.53,2634.67,418,5,0,418
2024-12-02 20:27:00,2634.68,2636.08,2634.34,2635.6,554,5,0,554
2024-12-02 20:30:00,2635.61,2636.44,2635.31,2635.98,355,5,0,355
2024-12-02 20:33:00,2636.0,2636.96,2635.82,2636.45,280,5,0,280
2024-12-02 20:36:00,2636.49,2637.47,2635.88,2637.2,346,5,0,346
2024-12-02 20:39:00,2637.19,2637.38,2636.56,2636.85,291,5,0,291
2024-12-02 20:42:00,2636.86,2637.05,2635.66,2636.01,263,5,0,263
2024-12-02 20:45:00,2636.01,2636.88,2635.94,2636.77,258,5,0,258
2024-12-02 20:48:00,2636.78,2637.27,2635.83,2636.98,271,5,0,271
2024-12-02 20:51:00,2637.04,2637.59,2636.59,2636.81,246,5,0,246
2024-12-02 20:54:00,2636.91,2637.43,2636.86,2636.95,202,5,0,202
2024-12-02 20:57:00,2636.91,2637.3,2636.87,2637.04,232,5,0,232
2024-12-02 21:00:00,2637.05,2638.06,2636.78,2637.9,265,5,0,265
2024-12-02 21:03:00,2637.92,2638.34,2637.82,2638.02,295,5,0,295
2024-12-02 21:06:00,2638.04,2638.36,2637.53,2637.66,285,5,0,285
2024-12-02 21:09:00,2637.63,2637.83,2636.57,2637.21,243,5,0,243
2024-12-02 21:12:00,2637.24,2638.29,2637.05,2638.29,243,5,0,243
2024-12-02 21:15:00,2638.29,2639.04,2638.19,2639.04,309,5,0,309
2024-12-02 21:18:00,2639.02,2639.35,2638.72,2639.17,287,5,0,287
2024-12-02 21:21:00,2639.18,2640.24,2639.02,2639.92,256,5,0,256
2024-12-02 21:24:00,2639.96,2639.96,2638.79,2638.88,291,5,0,291
2024-12-02 21:27:00,2638.88,2639.34,2638.35,2638.42,257,5,0,257
2024-12-02 21:30:00,2638.42,2639.08,2638.11,2638.98,242,5,0,242
2024-12-02 21:33:00,2639.0,2639.51,2638.72,2639.33,147,5,0,147
2024-12-02 21:36:00,2639.33,2639.75,2638.9,2639.73,191,5,0,191
2024-12-02 21:39:00,2639.73,2639.73,2638.83,2638.83,206,5,0,206
2024-12-02 21:42:00,2638.84,2639.72,2638.78,2639.45,215,5,0,215
2024-12-02 21:45:00,2639.44,2640.18,2639.32,2639.74,253,5,0,253
2024-12-02 21:48:00,2639.76,2639.76,2638.94,2638.96,201,5,0,201
2024-12-02 21:51:00,2638.95,2639.05,2638.15,2638.18,225,5,0,225
2024-12-02 21:54:00,2638.18,2638.58,2637.88,2638.1,266,5,0,266
2024-12-02 21:57:00,2638.09,2638.1,2637.44,2637.66,299,5,0,299
2024-12-02 22:00:00,2637.66,2637.66,2636.51,2636.67,251,5,0,251
2024-12-02 22:03:00,2636.67,2636.99,2636.24,2636.3,223,5,0,223
2024-12-02 22:06:00,2636.3,2636.42,2635.53,2635.53,166,5,0,166
2024-12-02 22:09:00,2635.53,2636.02,2635.37,2635.71,177,8,0,177
2024-12-02 22:12:00,2635.71,2636.11,2635.32,2635.55,172,5,0,172
2024-12-02 22:15:00,2635.55,2640.92,2635.49,2640.19,479,5,0,479
2024-12-02 22:18:00,2640.19,2642.26,2639.77,2642.11,390,9,0,390
2024-12-02 22:21:00,2642.07,2642.1,2640.92,2641.83,382,6,0,382
2024-12-02 22:24:00,2641.84,2641.96,2640.16,2640.62,334,5,0,334
2024-12-02 22:27:00,2640.62,2642.64,2640.52,2642.34,384,5,0,384
2024-12-02 22:30:00,2642.36,2644.25,2642.35,2644.25,322,5,0,322
2024-12-02 22:33:00,2644.25,2644.25,2643.12,2643.95,318,5,0,318
2024-12-02 22:36:00,2643.95,2644.28,2642.82,2642.85,329,5,0,329
2024-12-02 22:39:00,2642.85,2643.26,2642.56,2642.95,256,5,0,256
2024-12-02 22:42:00,2642.95,2642.96,2641.67,2641.67,291,5,0,291
2024-12-02 22:45:00,2641.69,2642.52,2641.15,2641.16,239,5,0,239
2024-12-02 22:48:00,2641.16,2641.16,2639.69,2640.42,303,5,0,303
2024-12-02 22:51:00,2640.42,2640.55,2638.87,2638.88,254,5,0,254
2024-12-02 22:54:00,2638.88,2638.94,2637.42,2637.62,272,5,0,272
2024-12-02 22:57:00,2637.62,2637.84,2636.71,2637.14,312,5,0,312
2024-12-02 23:00:00,2637.13,2637.77,2637.09,2637.51,175,5,0,175
2024-12-02 23:03:00,2637.51,2638.16,2637.51,2638.13,106,5,0,106
2024-12-02 23:06:00,2638.13,2638.45,2637.95,2638.43,80,5,0,80
2024-12-02 23:09:00,2638.44,2638.65,2637.86,2638.33,130,5,0,130
2024-12-02 23:12:00,2638.33,2638.92,2638.2,2638.45,97,5,0,97
2024-12-02 23:15:00,2638.45,2638.84,2638.32,2638.62,97,5,0,97
2024-12-02 23:18:00,2638.62,2638.72,2637.51,2637.54,89,5,0,89
2024-12-02 23:21:00,2637.54,2637.66,2637.26,2637.53,85,5,0,85
2024-12-02 23:24:00,2637.53,2637.54,2636.63,2636.63,75,5,0,75
2024-12-02 23:27:00,2636.63,2637.27,2636.6,2637.14,113,5,0,113
2024-12-02 23:30:00,2637.14,2638.03,2637.14,2637.89,79,5,0,79
2024-12-02 23:33:00,2637.9,2638.11,2637.84,2638.01,54,5,0,54
2024-12-02 23:36:00,2638.01,2638.02,2637.61,2637.8,66,5,0,66
2024-12-02 23:39:00,2637.8,2638.11,2637.65,2637.85,89,5,0,89
2024-12-02 23:42:00,2637.85,2638.61,2637.85,2638.49,37,37,0,37
2024-12-02 23:45:00,2638.49,2638.99,2638.46,2638.58,98,37,0,98
2024-12-02 23:48:00,2638.58,2638.98,2638.58,2638.81,64,37,0,64
2024-12-02 23:51:00,2638.81,2638.96,2638.65,2638.65,42,37,0,42
2024-12-02 23:54:00,2638.65,2638.89,2638.4,2638.88,96,37,0,96
2024-12-02 23:57:00,2638.88,2638.99,2638.64,2638.72,85,37,0,85
2024-12-03 01:00:00,2638.95,2639.46,2638.61,2638.91,97,8,0,97
2024-12-03 01:03:00,2638.91,2639.04,2638.67,2638.84,49,7,0,49
2024-12-03 01:06:00,2638.84,2639.06,2638.75,2639.06,42,7,0,42
2024-12-03 01:09:00,2639.06,2640.17,2638.97,2639.66,85,8,0,85
2024-12-03 01:12:00,2639.66,2639.98,2639.57,2639.98,62,8,0,62
2024-12-03 01:15:00,2639.98,2641.22,2639.98,2641.21,78,8,0,78
2024-12-03 01:18:00,2641.2,2641.43,2641.02,2641.21,116,8,0,116
2024-12-03 01:21:00,2641.21,2641.57,2641.06,2641.55,92,8,0,92
2024-12-03 01:24:00,2641.55,2642.0,2641.41,2641.95,67,7,0,67
2024-12-03 01:27:00,2641.95,2642.43,2641.9,2642.08,90,7,0,90
2024-12-03 01:30:00,2642.08,2642.53,2641.92,2642.32,92,8,0,92
2024-12-03 01:33:00,2642.32,2642.95,2642.27,2642.71,76,8,0,76
2024-12-03 01:36:00,2642.71,2642.8,2641.65,2641.67,102,7,0,102
2024-12-03 01:39:00,2641.67,2641.74,2641.12,2641.13,90,8,0,90
2024-12-03 01:42:00,2641.13,2641.36,2640.86,2641.29,64,7,0,64
2024-12-03 01:45:00,2641.29,2641.83,2641.14,2641.54,99,6,0,99
2024-12-03 01:48:00,2641.54,2642.34,2641.53,2641.8,80,9,0,80
2024-12-03 01:51:00,2641.8,2642.25,2641.64,2642.23,89,10,0,89
2024-12-03 01:54:00,2642.23,2642.42,2642.15,2642.37,51,5,0,51
2024-12-03 01:57:00,2642.37,2642.37,2641.73,2642.27,85,5,0,85
2024-12-03 02:00:00,2642.27,2642.67,2642.13,2642.63,136,5,0,136
2024-12-03 02:03:00,2642.65,2642.96,2641.69,2641.99,223,11,0,223
2024-12-03 02:06:00,2641.99,2642.36,2641.39,2642.09,311,13,0,311
2024-12-03 02:09:00,2642.09,2642.16,2640.75,2641.49,240,13,0,240
2024-12-03 02:12:00,2641.49,2642.78,2641.47,2642.36,196,12,0,196
2024-12-03 02:15:00,2642.36,2642.86,2642.2,2642.84,214,10,0,214
2024-12-03 02:18:00,2642.84,2643.86,2642.69,2643.62,168,8,0,168
2024-12-03 02:21:00,2643.62,2643.92,2643.32,2643.51,136,6,0,136
2024-12-03 02:24:00,2643.51,2644.28,2643.41,2643.43,171,6,0,171
2024-12-03 02:27:00,2643.43,2643.6,2643.14,2643.4,122,5,0,122
2024-12-03 02:30:00,2643.4,2643.87,2643.08,2643.74,173,5,0,173
2024-12-03 02:33:00,2643.74,2644.37,2643.68,2643.97,194,5,0,194
2024-12-03 02:36:00,2643.97,2644.16,2643.63,2643.66,103,5,0,103
2024-12-03 02:39:00,2643.66,2643.66,2642.5,2642.88,137,5,0,137
2024-12-03 02:42:00,2642.88,2643.0,2642.57,2642.62,160,5,0,160
2024-12-03 02:45:00,2642.62,2642.62,2641.95,2642.23,157,5,0,157
2024-12-03 02:48:00,2642.21,2642.69,2642.21,2642.41,157,5,0,157
2024-12-03 02:51:00,2642.41,2642.44,2641.19,2641.23,224,5,0,224
2024-12-03 02:54:00,2641.23,2641.4,2640.96,2640.96,197,5,0,197
2024-12-03 02:57:00,2640.96,2641.38,2640.56,2641.1,251,5,0,251
2024-12-03 03:00:00,2641.1,2643.35,2641.1,2643.14,777,13,0,777
2024-12-03 03:03:00,2643.08,2643.43,2641.89,2642.91,725,13,0,725
2024-12-03 03:06:00,2642.91,2644.69,2642.87,2643.79,625,13,0,625
2024-12-03 03:09:00,2643.79,2644.47,2643.22,2643.3,546,11,0,546
2024-12-03 03:12:00,2643.29,2644.3,2643.08,2644.06,508,10,0,508
2024-12-03 03:15:00,2644.06,2645.26,2643.92,2644.42,605,10,0,605
2024-12-03 03:18:00,2644.42,2644.69,2643.05,2643.05,464,10,0,464
2024-12-03 03:21:00,2643.22,2643.93,2641.54,2641.76,471,9,0,471
2024-12-03 03:24:00,2641.8,2642.32,2639.97,2640.27,509,8,0,509
2024-12-03 03:27:00,2640.27,2640.29,2637.86,2637.98,637,9,0,637
2024-12-03 03:30:00,2637.98,2638.93,2636.48,2638.54,769,9,0,769
2024-12-03 03:33:00,2638.54,2640.82,2638.52,2640.62,737,12,0,737
2024-12-03 03:36:00,2640.62,2641.28,2639.69,2639.99,639,12,0,639
2024-12-03 03:39:00,2639.99,2640.51,2639.74,2639.89,427,8,0,427
2024-12-03 03:42:00,2639.89,2640.85,2639.86,2640.64,418,5,0,418
2024-12-03 03:45:00,2640.64,2640.74,2637.25,2637.29,660,5,0,660
2024-12-03 03:48:00,2637.34,2637.38,2634.36,2634.93,646,9,0,646
2024-12-03 03:51:00,2634.93,2636.25,2634.11,2635.33,659,12,0,659
2024-12-03 03:54:00,2635.33,2636.75,2634.84,2636.46,577,11,0,577
2024-12-03 03:57:00,2636.45,2637.01,2636.05,2636.57,466,10,0,466
2024-12-03 04:00:00,2636.56,2636.58,2635.54,2636.32,548,7,0,548
2024-12-03 04:03:00,2636.32,2637.27,2635.78,2637.22,585,7,0,585
2024-12-03 04:06:00,2637.19,2639.12,2636.96,2637.22,588,8,0,588
2024-12-03 04:09:00,2637.22,2637.27,2636.56,2636.75,518,7,0,518
2024-12-03 04:12:00,2636.75,2638.8,2636.15,2638.48,541,5,0,541
2024-12-03 04:15:00,2638.47,2638.53,2637.06,2637.37,314,5,0,314
2024-12-03 04:18:00,2637.37,2637.37,2634.98,2635.11,266,5,0,266
2024-12-03 04:21:00,2635.09,2636.81,2635.07,2636.78,326,5,0,326
2024-12-03 04:24:00,2636.78,2636.82,2635.59,2635.7,329,5,0,329
2024-12-03 04:27:00,2635.7,2636.13,2635.21,2635.54,363,5,0,363
2024-12-03 04:30:00,2635.54,2635.56,2634.53,2635.51,553,5,0,553
2024-12-03 04:33:00,2635.5,2636.32,2634.87,2636.21,371,5,0,371
2024-12-03 04:36:00,2636.21,2636.92,2635.85,2636.06,440,5,0,440
2024-12-03 04:39:00,2636.06,2636.69,2635.35,2636.41,325,5,0,325
2024-12-03 04:42:00,2636.41,2636.62,2635.98,2636.41,351,6,0,351
2024-12-03 04:45:00,2636.39,2637.58,2636.34,2637.12,392,5,0,392
2024-12-03 04:48:00,2637.12,2637.84,2636.64,2637.68,504,5,0,504
2024-12-03 04:51:00,2637.71,2638.52,2637.2,2637.35,410,5,0,410
2024-12-03 04:54:00,2637.35,2637.9,2637.09,2637.37,329,5,0,329
2024-12-03 04:57:00,2637.37,2637.61,2636.58,2637.07,378,5,0,378
2024-12-03 05:00:00,2637.04,2637.84,2636.24,2637.22,370,5,0,370
2024-12-03 05:03:00,2637.14,2637.94,2636.71,2637.27,383,5,0,383
2024-12-03 05:06:00,2637.27,2637.67,2636.7,2636.94,293,5,0,293
2024-12-03 05:09:00,2636.94,2637.23,2636.72,2637.15,279,5,0,279
2024-12-03 05:12:00,2637.15,2637.75,2636.78,2637.64,259,5,0,259
2024-12-03 05:15:00,2637.64,2638.37,2637.42,2638.25,335,5,0,335
2024-12-03 05:18:00,2638.24,2639.4,2638.24,2638.51,377,5,0,377
2024-12-03 05:21:00,2638.51,2638.8,2638.13,2638.51,285,5,0,285
2024-12-03 05:24:00,2638.51,2639.29,2638.36,2639.14,312,5,0,312
2024-12-03 05:27:00,2639.14,2639.58,2638.82,2639.44,449,5,0,449
2024-12-03 05:30:00,2639.44,2639.95,2638.86,2639.84,379,8,0,379
2024-12-03 05:33:00,2639.84,2640.51,2639.75,2640.05,313,7,0,313
2024-12-03 05:36:00,2640.14,2640.23,2639.6,2639.93,247,5,0,247
2024-12-03 05:39:00,2639.93,2640.48,2639.86,2640.08,165,5,0,165
2024-12-03 05:42:00,2640.08,2640.34,2639.86,2640.22,215,5,0,215
2024-12-03 05:45:00,2640.21,2640.67,2639.86,2639.92,144,5,0,144
2024-12-03 05:48:00,2639.92,2640.02,2639.54,2639.76,199,5,0,199
2024-12-03 05:51:00,2639.76,2640.6,2639.54,2640.46,249,5,0,249
2024-12-03 05:54:00,2640.46,2640.49,2639.96,2640.35,213,5,0,213
2024-12-03 05:57:00,2640.35,2640.66,2640.23,2640.55,135,5,0,135
2024-12-03 06:00:00,2640.55,2641.76,2640.48,2641.66,196,5,0,196
2024-12-03 06:03:00,2641.66,2642.99,2641.65,2641.89,328,5,0,328
2024-12-03 06:06:00,2641.89,2641.89,2641.14,2641.88,257,13,0,257
2024-12-03 06:09:00,2641.86,2642.19,2641.47,2641.66,156,8,0,156
2024-12-03 06:12:00,2641.66,2641.68,2640.69,2640.78,190,5,0,190
2024-12-03 06:15:00,2640.78,2641.19,2640.55,2640.83,171,5,0,171
2024-12-03 06:18:00,2640.83,2641.11,2640.66,2640.68,102,5,0,102
2024-12-03 06:21:00,2640.68,2640.68,2640.27,2640.54,105,5,0,105
2024-12-03 06:24:00,2640.54,2640.63,2640.32,2640.34,66,5,0,66
2024-12-03 06:27:00,2640.34,2641.68,2640.34,2641.29,198,5,0,198
2024-12-03 06:30:00,2641.27,2642.17,2641.04,2641.13,438,10,0,438
2024-12-03 06:33:00,2641.12,2641.88,2640.7,2641.02,422,22,0,422
2024-12-03 06:36:00,2641.02,2641.04,2639.58,2639.75,279,13,0,279
2024-12-03 06:39:00,2639.75,2640.0,2639.37,2639.8,180,10,0,180
2024-12-03 06:42:00,2639.8,2639.91,2639.61,2639.67,148,5,0,148
2024-12-03 06:45:00,2639.67,2639.73,2638.45,2638.86,216,5,0,216
2024-12-03 06:48:00,2638.87,2639.93,2638.73,2639.71,275,11,0,275
2024-12-03 06:51:00,2639.71,2640.54,2639.53,2640.34,206,8,0,206
2024-12-03 06:54:00,2640.34,2640.34,2639.73,2639.87,133,5,0,133
2024-12-03 06:57:00,2639.87,2639.96,2639.72,2639.89,143,5,0,143
2024-12-03 07:00:00,2639.89,2639.89,2638.65,2638.69,203,5,0,203
2024-12-03 07:03:00,2637.79,2638.17,2637.67,2637.99,216,7,0,216
2024-12-03 07:06:00,2637.99,2638.23,2637.65,2637.75,258,5,0,258
2024-12-03 07:09:00,2637.75,2638.09,2637.65,2637.88,209,5,0,209
2024-12-03 07:12:00,2637.9,2638.08,2637.21,2637.8,273,5,0,273
2024-12-03 07:15:00,2637.8,2638.38,2637.77,2638.33,135,5,0,135
2024-12-03 07:18:00,2638.33,2638.86,2638.29,2638.77,186,5,0,186
2024-12-03 07:21:00,2638.77,2638.94,2638.28,2638.51,169,5,0,169
2024-12-03 07:24:00,2638.51,2638.9,2638.38,2638.51,154,5,0,154
2024-12-03 07:27:00,2638.51,2639.37,2638.39,2639.35,148,5,0,148
2024-12-03 07:30:00,2639.35,2640.04,2639.15,2639.24,408,6,0,408
2024-12-03 07:33:00,2639.24,2639.5,2638.07,2638.24,340,10,0,340
2024-12-03 07:36:00,2638.24,2639.47,2638.09,2639.42,371,13,0,371
2024-12-03 07:39:00,2639.44,2640.3,2639.37,2640.17,364,13,0,364
2024-12-03 07:42:00,2640.17,2640.51,2639.39,2639.48,282,12,0,282
2024-12-03 07:45:00,2639.48,2640.39,2638.97,2640.32,280,10,0,280
2024-12-03 07:48:00,2640.31,2641.23,2640.02,2640.72,326,8,0,326
2024-12-03 07:51:00,2640.72,2641.36,2640.53,2641.07,388,9,0,388
2024-12-03 07:54:00,2641.04,2641.96,2640.61,2641.09,448,11,0,448
2024-12-03 07:57:00,2641.08,2641.3,2640.63,2641.22,281,5,0,281
2024-12-03 08:00:00,2641.22,2643.25,2641.22,2642.26,539,5,0,539
2024-12-03 08:03:00,2642.26,2643.24,2641.79,2642.35,606,11,0,606
2024-12-03 08:06:00,2642.25,2644.1,2642.2,2643.81,532,12,0,532
2024-12-03 08:09:00,2643.81,2645.71,2643.8,2645.51,586,12,0,586
2024-12-03 08:12:00,2645.51,2646.56,2645.36,2645.54,490,12,0,490
2024-12-03 08:15:00,2645.56,2647.43,2645.2,2647.13,518,12,0,518
2024-12-03 08:18:00,2647.11,2649.71,2647.11,2648.06,696,13,0,696
2024-12-03 08:21:00,2648.07,2649.51,2647.36,2649.44,603,12,0,603
2024-12-03 08:24:00,2649.44,2650.01,2646.38,2647.95,887,12,0,887
2024-12-03 08:27:00,2647.99,2649.23,2647.14,2649.23,666,40,0,666
2024-12-03 08:30:00,2649.26,2649.82,2648.62,2649.06,498,53,0,498
2024-12-03 08:33:00,2649.06,2649.46,2647.63,2647.93,408,9,0,408
2024-12-03 08:36:00,2647.93,2648.51,2647.34,2647.82,331,7,0,331
2024-12-03 08:39:00,2647.83,2648.99,2647.49,2647.92,371,6,0,371
2024-12-03 08:42:00,2647.92,2647.99,2647.02,2647.73,358,5,0,358
2024-12-03 08:45:00,2647.73,2647.92,2645.85,2645.85,363,5,0,363
2024-12-03 08:48:00,2645.85,2647.16,2645.64,2646.93,414,5,0,414
2024-12-03 08:51:00,2646.93,2647.62,2646.38,2646.69,364,5,0,364
2024-12-03 08:54:00,2646.7,2647.38,2645.68,2647.38,411,5,0,411
2024-12-03 08:57:00,2647.38,2647.52,2646.32,2646.91,263,5,0,263
2024-12-03 09:00:00,2646.91,2647.06,2645.82,2646.41,317,5,0,317
2024-12-03 09:03:00,2646.41,2646.85,2646.11,2646.35,224,5,0,224
2024-12-03 09:06:00,2646.35,2647.11,2645.4,2645.41,299,5,0,299
2024-12-03 09:09:00,2645.42,2646.53,2645.28,2646.39,321,5,0,321
2024-12-03 09:12:00,2646.39,2647.79,2646.39,2647.73,319,5,0,319
2024-12-03 09:15:00,2647.73,2647.76,2646.43,2647.49,326,5,0,326
2024-12-03 09:18:00,2647.5,2647.61,2646.5,2646.88,198,5,0,198
2024-12-03 09:21:00,2646.88,2646.89,2646.07,2646.82,376,5,0,376
2024-12-03 09:24:00,2646.82,2647.56,2646.82,2647.16,299,5,0,299
2024-12-03 09:27:00,2647.16,2647.21,2645.89,2646.09,183,5,0,183
2024-12-03 09:30:00,2646.12,2646.68,2645.9,2645.9,282,5,0,282
2024-12-03 09:33:00,2645.9,2645.93,2645.31,2645.6,351,5,0,351
2024-12-03 09:36:00,2645.61,2646.02,2644.76,2645.77,340,5,0,340
2024-12-03 09:39:00,2645.76,2645.77,2644.86,2645.16,307,5,0,307
2024-12-03 09:42:00,2645.16,2645.31,2644.56,2644.87,244,5,0,244
2024-12-03 09:45:00,2644.87,2645.68,2644.87,2645.25,314,5,0,314
2024-12-03 09:48:00,2645.26,2645.65,2644.68,2644.78,283,5,0,283
2024-12-03 09:51:00,2644.78,2646.02,2644.48,2645.9,322,5,0,322
2024-12-03 09:54:00,2645.9,2646.39,2644.54,2645.53,584,9,0,584
2024-12-03 09:57:00,2645.53,2645.95,2644.08,2644.56,462,9,0,462
2024-12-03 10:00:00,2644.57,2645.43,2643.42,2645.16,484,6,0,484
2024-12-03 10:03:00,2645.16,2645.32,2641.92,2642.06,548,5,0,548
2024-12-03 10:06:00,2642.06,2642.36,2640.6,2640.77,571,5,0,571
2024-12-03 10:09:00,2640.76,2641.47,2640.51,2641.3,521,5,0,521
2024-12-03 10:12:00,2641.3,2641.31,2640.44,2640.66,414,5,0,414
2024-12-03 10:15:00,2640.66,2641.97,2640.44,2641.42,375,5,0,375
2024-12-03 10:18:00,2641.3,2641.45,2639.39,2639.55,393,5,0,393
2024-12-03 10:21:00,2639.55,2640.22,2639.31,2640.16,379,5,0,379
2024-12-03 10:24:00,2640.16,2641.05,2639.39,2641.05,370,5,0,370
2024-12-03 10:27:00,2641.04,2641.37,2639.44,2640.49,353,5,0,353
2024-12-03 10:30:00,2640.49,2641.91,2640.32,2641.69,416,5,0,416
2024-12-03 10:33:00,2641.69,2642.48,2641.38,2642.09,443,5,0,443
2024-12-03 10:36:00,2642.07,2642.18,2640.7,2641.21,345,5,0,345
2024-12-03 10:39:00,2641.21,2642.37,2641.18,2641.37,355,5,0,355
2024-12-03 10:42:00,2641.37,2642.04,2640.12,2640.57,410,5,0,410
2024-12-03 10:45:00,2640.57,2640.88,2639.85,2639.91,329,5,0,329
2024-12-03 10:48:00,2639.91,2642.13,2639.55,2642.1,345,5,0,345
2024-12-03 10:51:00,2642.1,2644.68,2642.09,2643.19,530,9,0,530
2024-12-03 10:54:00,2643.2,2643.31,2641.7,2642.0,588,9,0,588
2024-12-03 10:57:00,2641.98,2645.22,2641.67,2645.13,561,9,0,561
2024-12-03 11:00:00,2645.16,2647.99,2644.67,2647.61,675,5,0,675
2024-12-03 11:03:00,2647.62,2648.07,2645.45,2645.46,490,5,0,490
2024-12-03 11:06:00,2645.46,2648.0,2645.44,2646.53,465,5,0,465
2024-12-03 11:09:00,2646.52,2646.65,2644.74,2645.45,525,5,0,525
2024-12-03 11:12:00,2645.45,2646.33,2644.64,2646.17,404,5,0,404
2024-12-03 11:15:00,2646.17,2646.99,2645.15,2646.28,572,5,0,572
2024-12-03 11:18:00,2646.28,2647.14,2646.28,2646.59,322,5,0,322
2024-12-03 11:21:00,2646.59,2646.59,2645.24,2646.12,323,5,0,323
2024-12-03 11:24:00,2646.12,2647.15,2645.64,2646.9,367,5,0,367
2024-12-03 11:27:00,2646.91,2648.11,2645.63,2645.7,717,5,0,717
2024-12-03 11:30:00,2645.7,2646.26,2644.78,2645.04,590,5,0,590
2024-12-03 11:33:00,2645.04,2645.71,2644.69,2645.23,346,5,0,346
2024-12-03 11:36:00,2645.23,2645.8,2645.17,2645.43,217,5,0,217
2024-12-03 11:39:00,2645.43,2646.51,2644.68,2646.0,329,5,0,329
2024-12-03 11:42:00,2646.0,2647.72,2645.7,2646.14,526,5,0,526
2024-12-03 11:45:00,2646.14,2646.76,2645.32,2646.18,320,5,0,320
2024-12-03 11:48:00,2646.18,2646.46,2645.55,2645.95,240,5,0,240
2024-12-03 11:51:00,2645.83,2646.38,2645.5,2646.15,291,5,0,291
2024-12-03 11:54:00,2646.15,2646.44,2645.53,2645.71,252,5,0,252
2024-12-03 11:57:00,2645.71,2645.9,2643.97,2644.0,267,5,0,267
2024-12-03 12:00:00,2644.0,2644.57,2643.19,2643.24,425,5,0,425
2024-12-03 12:03:00,2643.24,2644.01,2642.8,2644.01,339,5,0,339
2024-12-03 12:06:00,2644.0,2645.38,2644.0,2645.12,385,5,0,385
2024-12-03 12:09:00,2645.12,2645.28,2644.04,2644.04,255,5,0,255
2024-12-03 12:12:00,2644.04,2645.61,2644.04,2645.41,261,5,0,261
2024-12-03 12:15:00,2645.41,2645.42,2644.39,2644.69,216,5,0,216
2024-12-03 12:18:00,2644.69,2645.18,2644.51,2644.81,187,5,0,187
2024-12-03 12:21:00,2644.81,2644.86,2643.93,2644.11,231,5,0,231
2024-12-03 12:24:00,2644.11,2645.17,2643.97,2645.04,217,5,0,217
2024-12-03 12:27:00,2645.04,2645.04,2643.82,2643.82,197,5,0,197
2024-12-03 12:30:00,2643.84,2645.29,2643.79,2644.93,290,5,0,290
2024-12-03 12:33:00,2644.94,2644.95,2643.78,2643.85,210,5,0,210
2024-12-03 12:36:00,2643.85,2644.39,2643.08,2643.23,229,5,0,229
2024-12-03 12:39:00,2643.23,2644.16,2643.09,2643.41,330,5,0,330
2024-12-03 12:42:00,2643.4,2643.94,2642.91,2643.85,372,5,0,372
2024-12-03 12:45:00,2643.84,2644.37,2643.46,2643.84,291,5,0,291
2024-12-03 12:48:00,2643.84,2644.98,2642.84,2644.52,317,5,0,317
2024-12-03 12:51:00,2644.5,2644.83,2644.4,2644.53,304,5,0,304
2024-12-03 12:54:00,2644.53,2644.59,2643.06,2643.16,357,5,0,357
2024-12-03 12:57:00,2643.15,2643.48,2642.59,2642.84,368,5,0,368
2024-12-03 13:00:00,2642.84,2643.95,2642.77,2643.82,315,5,0,315
2024-12-03 13:03:00,2643.82,2643.98,2643.23,2643.5,228,5,0,228
2024-12-03 13:06:00,2643.5,2643.86,2643.27,2643.51,213,5,0,213
2024-12-03 13:09:00,2643.51,2643.81,2643.33,2643.66,223,5,0,223
2024-12-03 13:12:00,2643.66,2643.82,2643.4,2643.52,200,5,0,200
2024-12-03 13:15:00,2643.52,2643.84,2643.38,2643.7,184,5,0,184
2024-12-03 13:18:00,2643.7,2645.47,2643.63,2645.4,292,5,0,292
2024-12-03 13:21:00,2645.4,2645.68,2644.61,2644.72,234,5,0,234
2024-12-03 13:24:00,2644.72,2645.42,2644.55,2644.72,280,5,0,280
2024-12-03 13:27:00,2644.72,2645.35,2644.71,2645.07,166,5,0,166
2024-12-03 13:30:00,2645.07,2645.34,2644.72,2644.89,210,5,0,210
2024-12-03 13:33:00,2644.89,2645.02,2643.96,2644.25,190,5,0,190
2024-12-03 13:36:00,2644.25,2644.35,2643.62,2644.27,220,5,0,220
2024-12-03 13:39:00,2644.27,2644.76,2643.79,2644.6,287,5,0,287
2024-12-03 13:42:00,2644.6,2645.11,2644.2,2644.6,267,5,0,267
2024-12-03 13:45:00,2644.6,2644.62,2642.97,2642.97,234,5,0,234
2024-12-03 13:48:00,2642.96,2644.26,2642.82,2644.2,256,5,0,256
2024-12-03 13:51:00,2644.2,2644.38,2643.71,2643.79,211,5,0,211
2024-12-03 13:54:00,2643.79,2644.42,2643.41,2643.98,312,5,0,312
2024-12-03 13:57:00,2644.0,2644.09,2643.55,2643.67,213,5,0,213
2024-12-03 14:00:00,2643.67,2644.13,2643.16,2643.9,279,5,0,279
2024-12-03 14:03:00,2643.9,2644.23,2643.14,2643.19,271,5,0,271
2024-12-03 14:06:00,2643.19,2643.41,2641.77,2642.19,346,5,0,346
2024-12-03 14:09:00,2642.18,2643.22,2642.15,2642.9,330,5,0,330
2024-12-03 14:12:00,2642.9,2643.57,2642.36,2642.38,247,5,0,247
2024-12-03 14:15:00,2642.38,2642.77,2641.67,2641.69,247,5,0,247
2024-12-03 14:18:00,2641.69,2641.69,2640.46,2640.83,357,5,0,357
2024-12-03 14:21:00,2640.83,2641.4,2638.66,2638.76,301,5,0,301
2024-12-03 14:24:00,2638.74,2639.43,2638.31,2639.37,505,5,0,505
2024-12-03 14:27:00,2639.36,2639.52,2638.61,2638.84,331,5,0,331
2024-12-03 14:30:00,2638.84,2639.79,2638.28,2639.51,370,5,0,370
2024-12-03 14:33:00,2639.54,2640.43,2639.33,2640.13,356,5,0,356
2024-12-03 14:36:00,2640.11,2640.35,2639.45,2639.75,282,5,0,282
2024-12-03 14:39:00,2639.75,2640.15,2639.24,2640.1,241,5,0,241
2024-12-03 14:42:00,2640.15,2640.75,2639.93,2640.44,213,5,0,213
2024-12-03 14:45:00,2640.44,2641.07,2639.86,2641.07,210,5,0,210
2024-12-03 14:48:00,2641.07,2641.35,2640.78,2641.19,316,5,0,316
2024-12-03 14:51:00,2641.19,2642.03,2640.93,2640.93,367,5,0,367
2024-12-03 14:54:00,2640.93,2640.93,2639.47,2639.56,371,5,0,371
2024-12-03 14:57:00,2639.56,2639.94,2639.16,2639.86,407,5,0,407
2024-12-03 15:00:00,2640.01,2640.01,2637.82,2638.54,764,5,0,764
2024-12-03 15:03:00,2638.55,2640.88,2638.34,2640.72,628,5,0,628
2024-12-03 15:06:00,2640.73,2641.85,2640.5,2641.3,561,5,0,561
2024-12-03 15:09:00,2641.3,2642.7,2641.3,2642.34,580,5,0,580
2024-12-03 15:12:00,2642.34,2643.57,2641.83,2643.33,553,5,0,553
2024-12-03 15:15:00,2643.33,2643.64,2642.69,2643.42,539,5,0,539
2024-12-03 15:18:00,2643.39,2644.83,2643.13,2644.29,571,5,0,571
2024-12-03 15:21:00,2644.29,2646.19,2644.23,2644.73,695,5,0,695
2024-12-03 15:24:00,2644.73,2644.81,2643.86,2644.7,477,5,0,477
2024-12-03 15:27:00,2644.7,2646.83,2644.43,2646.39,548,5,0,548
2024-12-03 15:30:00,2646.39,2646.8,2645.02,2645.03,591,5,0,591
2024-12-03 15:33:00,2644.95,2645.7,2644.78,2645.02,585,5,0,585
2024-12-03 15:36:00,2645.02,2645.08,2643.96,2644.38,551,5,0,551
2024-12-03 15:39:00,2644.38,2647.63,2644.04,2647.39,593,5,0,593
2024-12-03 15:42:00,2647.39,2647.83,2646.6,2646.62,459,5,0,459
2024-12-03 15:45:00,2646.62,2649.27,2646.49,2648.8,640,5,0,640
2024-12-03 15:48:00,2648.8,2650.9,2648.77,2649.52,828,5,0,828
2024-12-03 15:51:00,2649.4,2650.52,2648.57,2650.52,639,5,0,639
2024-12-03 15:54:00,2650.51,2653.78,2650.51,2653.14,791,5,0,791
2024-12-03 15:57:00,2653.12,2653.12,2651.37,2652.92,720,5,0,720
2024-12-03 16:00:00,2652.88,2654.59,2652.31,2653.82,722,5,0,722
2024-12-03 16:03:00,2653.85,2654.16,2651.13,2651.57,758,5,0,758
2024-12-03 16:06:00,2651.39,2651.65,2649.92,2651.44,701,5,0,701
2024-12-03 16:09:00,2651.47,2653.37,2651.07,2652.91,620,5,0,620
2024-12-03 16:12:00,2652.9,2653.73,2652.4,2652.49,576,5,0,576
2024-12-03 16:15:00,2652.5,2653.54,2651.47,2652.93,514,5,0,514
2024-12-03 16:18:00,2652.94,2653.88,2652.25,2652.83,445,5,0,445
2024-12-03 16:21:00,2652.86,2652.94,2650.47,2650.47,473,5,0,473
2024-12-03 16:24:00,2650.47,2651.9,2650.35,2651.78,508,5,0,508
2024-12-03 16:27:00,2651.78,2653.3,2651.67,2653.07,429,5,0,429
2024-12-03 16:30:00,2653.07,2655.66,2652.67,2653.4,670,5,0,670
2024-12-03 16:33:00,2653.4,2654.11,2648.54,2649.62,650,5,0,650
2024-12-03 16:36:00,2649.62,2652.3,2649.49,2650.28,633,5,0,633
2024-12-03 16:39:00,2650.29,2652.31,2649.7,2652.27,650,5,0,650
2024-12-03 16:42:00,2652.26,2652.39,2649.97,2651.29,712,5,0,712
2024-12-03 16:45:00,2651.29,2651.29,2649.72,2649.92,573,5,0,573
2024-12-03 16:48:00,2649.92,2650.72,2648.22,2648.93,557,5,0,557
2024-12-03 16:51:00,2648.93,2649.69,2646.44,2646.94,598,5,0,598
2024-12-03 16:54:00,2646.94,2649.02,2645.74,2645.93,600,5,0,600
2024-12-03 16:57:00,2645.93,2647.42,2645.78,2646.66,500,5,0,500
2024-12-03 17:00:00,2646.62,2647.2,2639.78,2640.57,673,5,0,673
2024-12-03 17:03:00,2640.51,2642.04,2639.68,2640.02,680,5,0,680
2024-12-03 17:06:00,2640.02,2642.29,2639.8,2640.16,603,5,0,603
2024-12-03 17:09:00,2640.14,2641.91,2638.34,2641.91,643,5,0,643
2024-12-03 17:12:00,2641.9,2642.27,2639.89,2640.06,599,5,0,599
2024-12-03 17:15:00,2640.06,2641.34,2639.34,2640.72,541,5,0,541
2024-12-03 17:18:00,2640.67,2641.16,2635.17,2636.84,644,5,0,644
2024-12-03 17:21:00,2636.76,2640.92,2636.55,2640.44,609,5,0,609
2024-12-03 17:24:00,2640.45,2642.25,2639.99,2640.92,523,5,0,523
2024-12-03 17:27:00,2640.99,2640.99,2639.15,2639.24,504,5,0,504
2024-12-03 17:30:00,2639.24,2641.33,2638.27,2640.32,451,5,0,451
2024-12-03 17:33:00,2640.32,2641.06,2638.42,2639.72,515,5,0,515
2024-12-03 17:36:00,2639.75,2640.44,2638.93,2640.02,500,5,0,500
2024-12-03 17:39:00,2640.02,2640.13,2638.02,2638.4,588,5,0,588
2024-12-03 17:42:00,2638.4,2638.4,2636.25,2638.16,599,5,0,599
2024-12-03 17:45:00,2638.14,2639.8,2637.96,2639.24,572,5,0,572
2024-12-03 17:48:00,2639.24,2640.23,2639.09,2639.51,507,5,0,507
2024-12-03 17:51:00,2639.52,2641.49,2639.11,2641.23,495,5,0,495
2024-12-03 17:54:00,2641.23,2642.85,2641.22,2642.13,521,5,0,521
2024-12-03 17:57:00,2642.13,2642.15,2639.66,2640.5,492,5,0,492
2024-12-03 18:00:00,2640.5,2642.17,2640.19,2641.72,411,5,0,411
2024-12-03 18:03:00,2641.76,2643.53,2641.42,2642.3,518,5,0,518
2024-12-03 18:06:00,2642.29,2642.29,2639.44,2639.54,473,5,0,473
2024-12-03 18:09:00,2639.63,2640.2,2638.97,2639.86,470,5,0,470
2024-12-03 18:12:00,2639.86,2641.27,2639.86,2641.05,430,5,0,430
2024-12-03 18:15:00,2641.05,2642.97,2640.88,2642.7,459,5,0,459
2024-12-03 18:18:00,2642.65,2643.82,2642.62,2643.59,419,5,0,419
2024-12-03 18:21:00,2643.55,2643.97,2642.58,2643.96,443,5,0,443
2024-12-03 18:24:00,2643.96,2645.0,2643.06,2644.66,398,5,0,398
2024-12-03 18:27:00,2644.66,2644.66,2642.66,2644.13,509,5,0,509
2024-12-03 18:30:00,2644.13,2644.24,2643.08,2643.48,313,5,0,313
2024-12-03 18:33:00,2643.48,2643.48,2642.43,2643.12,407,5,0,407
2024-12-03 18:36:00,2643.12,2644.24,2641.91,2643.91,479,5,0,479
2024-12-03 18:39:00,2643.92,2645.37,2643.22,2645.33,375,5,0,375
2024-12-03 18:42:00,2645.25,2647.22,2644.87,2647.12,404,5,0,404
2024-12-03 18:45:00,2647.12,2647.19,2645.72,2646.26,476,5,0,476
2024-12-03 18:48:00,2646.26,2648.1,2646.26,2647.75,411,5,0,411
2024-12-03 18:51:00,2647.75,2648.13,2647.18,2648.02,410,5,0,410
2024-12-03 18:54:00,2647.99,2648.71,2647.77,2648.31,402,5,0,402
2024-12-03 18:57:00,2648.29,2648.53,2647.71,2648.39,312,5,0,312
2024-12-03 19:00:00,2648.39,2648.84,2647.44,2648.28,395,5,0,395
2024-12-03 19:03:00,2648.28,2648.61,2647.43,2647.82,379,6,0,379
2024-12-03 19:06:00,2647.82,2648.22,2646.91,2647.07,305,5,0,305
2024-12-03 19:09:00,2647.08,2647.64,2646.45,2646.76,332,5,0,332
2024-12-03 19:12:00,2646.76,2647.18,2646.4,2646.87,313,5,0,313
2024-12-03 19:15:00,2646.87,2646.99,2645.48,2645.69,361,5,0,361
2024-12-03 19:18:00,2645.69,2645.71,2644.36,2644.96,361,5,0,361
2024-12-03 19:21:00,2644.97,2646.33,2643.94,2646.24,337,8,0,337
2024-12-03 19:24:00,2646.26,2646.5,2644.9,2645.91,347,5,0,347
2024-12-03 19:27:00,2645.91,2646.37,2645.45,2645.79,278,5,0,278
2024-12-03 19:30:00,2645.79,2646.21,2645.24,2645.65,288,5,0,288
2024-12-03 19:33:00,2645.66,2645.86,2643.61,2643.63,276,5,0,276
2024-12-03 19:36:00,2643.63,2645.69,2643.46,2645.57,339,5,0,339
2024-12-03 19:39:00,2645.57,2645.57,2643.87,2644.75,321,5,0,321
2024-12-03 19:42:00,2644.75,2645.1,2643.94,2644.32,281,5,0,281
2024-12-03 19:45:00,2644.33,2645.16,2643.89,2644.87,263,5,0,263
2024-12-03 19:48:00,2644.87,2646.25,2644.63,2646.08,286,5,0,286
2024-12-03 19:51:00,2646.08,2647.43,2645.89,2647.07,314,5,0,314
2024-12-03 19:54:00,2647.08,2647.89,2646.65,2647.79,357,5,0,357
2024-12-03 19:57:00,2647.79,2647.98,2647.05,2647.07,434,5,0,434
2024-12-03 20:00:00,2647.06,2648.42,2646.98,2648.03,306,5,0,306
2024-12-03 20:03:00,2648.04,2649.18,2647.9,2648.24,346,5,0,346
2024-12-03 20:06:00,2648.24,2648.31,2645.8,2646.06,341,5,0,341
2024-12-03 20:09:00,2646.07,2646.75,2645.59,2646.13,305,5,0,305
2024-12-03 20:12:00,2646.11,2646.47,2645.29,2645.55,220,5,0,220
2024-12-03 20:15:00,2645.55,2645.55,2643.87,2644.29,309,5,0,309
2024-12-03 20:18:00,2644.29,2645.93,2644.29,2645.86,268,5,0,268
2024-12-03 20:21:00,2645.86,2646.16,2645.02,2645.58,345,5,0,345
2024-12-03 20:24:00,2645.5,2645.94,2644.74,2645.09,272,6,0,272
2024-12-03 20:27:00,2645.09,2645.84,2644.56,2645.2,309,5,0,309
2024-12-03 20:30:00,2645.22,2645.49,2644.85,2645.26,236,5,0,236
2024-12-03 20:33:00,2645.27,2645.39,2644.36,2644.76,288,6,0,288
2024-12-03 20:36:00,2644.76,2644.94,2644.1,2644.56,235,5,0,235
2024-12-03 20:39:00,2644.56,2644.71,2644.0,2644.31,240,5,0,240
2024-12-03 20:42:00,2644.31,2644.31,2643.23,2643.55,235,5,0,235
2024-12-03 20:45:00,2643.56,2644.65,2643.29,2644.52,229,5,0,229
2024-12-03 20:48:00,2644.5,2646.2,2644.43,2646.12,202,5,0,202
2024-12-03 20:51:00,2646.12,2646.32,2645.11,2645.23,153,5,0,153
2024-12-03 20:54:00,2645.23,2646.55,2645.23,2646.37,181,5,0,181
2024-12-03 20:57:00,2646.38,2646.49,2645.54,2645.79,226,5,0,226
2024-12-03 21:00:00,2645.81,2646.17,2645.44,2645.77,212,5,0,212
2024-12-03 21:03:00,2645.77,2646.13,2645.25,2645.94,252,5,0,252
2024-12-03 21:06:00,2645.94,2646.29,2644.99,2645.51,271,5,0,271
2024-12-03 21:09:00,2645.51,2645.7,2644.62,2644.63,224,5,0,224
2024-12-03 21:12:00,2644.64,2644.64,2643.06,2643.48,326,5,0,326
2024-12-03 21:15:00,2643.45,2643.54,2642.42,2642.51,313,6,0,313
2024-12-03 21:18:00,2642.54,2643.62,2642.47,2643.26,258,5,0,258
2024-12-03 21:21:00,2643.26,2643.31,2641.54,2641.66,301,5,0,301
2024-12-03 21:24:00,2641.66,2642.0,2641.44,2641.44,206,5,0,206
2024-12-03 21:27:00,2641.39,2641.45,2640.89,2641.08,256,5,0,256
2024-12-03 21:30:00,2641.07,2642.03,2640.87,2642.03,306,5,0,306
2024-12-03 21:33:00,2642.03,2642.41,2641.12,2641.67,268,5,0,268
2024-12-03 21:36:00,2641.67,2642.04,2641.38,2641.9,207,5,0,207
2024-12-03 21:39:00,2641.9,2641.94,2640.98,2641.14,202,5,0,202
2024-12-03 21:42:00,2641.14,2641.9,2641.09,2641.7,157,5,0,157
2024-12-03 21:45:00,2641.7,2641.81,2641.34,2641.44,189,5,0,189
2024-12-03 21:48:00,2641.44,2642.06,2641.27,2641.99,183,5,0,183
2024-12-03 21:51:00,2641.99,2641.99,2640.97,2641.21,245,5,0,245
2024-12-03 21:54:00,2641.21,2641.35,2640.25,2640.44,291,7,0,291
2024-12-03 21:57:00,2640.44,2641.05,2640.29,2640.98,290,5,0,290
2024-12-03 22:00:00,2640.98,2642.32,2640.73,2642.25,240,5,0,240
2024-12-03 22:03:00,2642.25,2643.17,2642.05,2642.85,187,5,0,187
2024-12-03 22:06:00,2642.85,2643.93,2642.67,2643.85,200,5,0,200
2024-12-03 22:09:00,2643.85,2644.25,2643.49,2643.67,194,5,0,194
2024-12-03 22:12:00,2643.67,2643.95,2643.28,2643.4,164,5,0,164
2024-12-03 22:15:00,2643.4,2643.65,2642.67,2643.26,197,5,0,197
2024-12-03 22:18:00,2643.26,2643.26,2642.46,2642.96,184,5,0,184
2024-12-03 22:21:00,2642.96,2643.71,2642.96,2643.42,145,5,0,145
2024-12-03 22:24:00,2643.42,2643.52,2643.01,2643.19,170,5,0,170
2024-12-03 22:27:00,2643.2,2643.35,2642.65,2642.97,177,5,0,177
2024-12-03 22:30:00,2642.97,2642.99,2642.05,2642.06,196,5,0,196
2024-12-03 22:33:00,2642.06,2642.92,2642.06,2642.71,121,5,0,121
2024-12-03 22:36:00,2642.71,2642.88,2642.41,2642.88,124,5,0,124
2024-12-03 22:39:00,2642.88,2643.26,2642.34,2643.26,190,5,0,190
2024-12-03 22:42:00,2643.25,2643.42,2642.75,2642.78,202,5,0,202
2024-12-03 22:45:00,2642.82,2642.85,2641.93,2642.37,150,5,0,150
2024-12-03 22:48:00,2642.36,2642.49,2642.0,2642.39,181,9,0,181
2024-12-03 22:51:00,2642.39,2642.59,2642.02,2642.28,215,5,0,215
2024-12-03 22:54:00,2642.28,2642.35,2641.95,2642.09,208,5,0,208
2024-12-03 22:57:00,2642.09,2642.28,2641.77,2642.11,237,5,0,237
2024-12-03 23:00:00,2642.14,2643.34,2642.14,2642.83,201,5,0,201
2024-12-03 23:03:00,2642.83,2642.92,2642.47,2642.64,103,5,0,103
2024-12-03 23:06:00,2642.64,2643.0,2642.44,2642.52,75,5,0,75
2024-12-03 23:09:00,2642.52,2642.68,2642.32,2642.6,70,5,0,70
2024-12-03 23:12:00,2642.6,2642.61,2642.19,2642.19,54,5,0,54
2024-12-03 23:15:00,2642.19,2642.45,2641.95,2642.03,60,5,0,60
2024-12-03 23:18:00,2642.03,2642.28,2641.91,2642.06,114,5,0,114
2024-12-03 23:21:00,2642.06,2642.69,2642.06,2642.62,89,5,0,89
2024-12-03 23:24:00,2642.62,2643.08,2642.58,2643.07,65,5,0,65
2024-12-03 23:27:00,2643.07,2643.41,2643.0,2643.22,73,5,0,73
2024-12-03 23:30:00,2643.22,2643.91,2643.04,2643.91,77,5,0,77
2024-12-03 23:33:00,2643.91,2644.04,2643.46,2643.58,75,5,0,75
2024-12-03 23:36:00,2643.58,2643.83,2643.39,2643.49,59,5,0,59
2024-12-03 23:39:00,2643.49,2643.7,2643.4,2643.52,98,5,0,98
2024-12-03 23:42:00,2643.52,2643.64,2643.37,2643.38,59,37,0,59
2024-12-03 23:45:00,2643.38,2643.62,2643.24,2643.33,110,37,0,110
2024-12-03 23:48:00,2643.33,2643.65,2643.23,2643.64,62,37,0,62
2024-12-03 23:51:00,2643.64,2643.73,2643.55,2643.56,76,37,0,76
2024-12-03 23:54:00,2643.56,2643.77,2643.42,2643.57,76,37,0,76
2024-12-03 23:57:00,2643.6,2643.61,2643.39,2643.44,23,37,0,23
2024-12-04 01:00:00,2643.35,2643.35,2642.57,2642.7,53,8,0,53
2024-12-04 01:03:00,2642.7,2642.73,2642.24,2642.67,60,8,0,60
2024-12-04 01:06:00,2642.67,2642.67,2642.01,2642.01,70,8,0,70
2024-12-04 01:09:00,2642.01,2642.06,2641.56,2641.73,76,7,0,76
2024-12-04 01:12:00,2641.73,2641.73,2641.19,2641.58,84,8,0,84
2024-12-04 01:15:00,2641.58,2641.87,2641.57,2641.78,109,7,0,109
2024-12-04 01:18:00,2641.78,2642.27,2641.68,2642.2,72,6,0,72
2024-12-04 01:21:00,2642.2,2642.21,2641.7,2641.9,90,6,0,90
2024-12-04 01:24:00,2641.9,2642.02,2641.87,2641.97,69,5,0,69
2024-12-04 01:27:00,2641.97,2641.97,2641.29,2641.39,65,5,0,65
2024-12-04 01:30:00,2641.39,2642.25,2641.13,2642.06,151,7,0,151
2024-12-04 01:33:00,2642.06,2642.07,2641.36,2641.86,102,9,0,102
2024-12-04 01:36:00,2641.86,2642.19,2641.78,2642.14,101,9,0,101
2024-12-04 01:39:00,2642.14,2642.75,2641.91,2642.63,101,9,0,101
2024-12-04 01:42:00,2642.63,2642.63,2642.06,2642.39,79,7,0,79
2024-12-04 01:45:00,2642.39,2642.51,2642.19,2642.51,90,5,0,90
2024-12-04 01:48:00,2642.51,2642.69,2642.37,2642.5,90,5,0,90
2024-12-04 01:51:00,2642.5,2642.55,2642.36,2642.54,84,5,0,84
2024-12-04 01:54:00,2642.54,2642.88,2642.46,2642.78,96,5,0,96
2024-12-04 01:57:00,2642.8,2643.18,2642.69,2642.81,93,5,0,93
2024-12-04 02:00:00,2642.81,2643.13,2642.79,2642.94,84,5,0,84
2024-12-04 02:03:00,2642.94,2643.58,2642.87,2643.34,167,5,0,167
2024-12-04 02:06:00,2643.34,2643.44,2643.03,2643.17,172,10,0,172
2024-12-04 02:09:00,2643.17,2643.33,2643.1,2643.12,113,9,0,113
2024-12-04 02:12:00,2643.12,2643.12,2642.38,2642.38,150,11,0,150
2024-12-04 02:15:00,2642.38,2642.54,2642.08,2642.3,110,11,0,110
2024-12-04 02:18:00,2642.3,2642.91,2642.19,2642.91,94,6,0,94
2024-12-04 02:21:00,2642.91,2642.92,2642.39,2642.39,98,5,0,98
2024-12-04 02:24:00,2642.39,2642.63,2642.2,2642.35,97,5,0,97
2024-12-04 02:27:00,2642.35,2642.79,2642.19,2642.61,92,8,0,92
2024-12-04 02:30:00,2642.61,2642.76,2642.03,2642.06,133,14,0,133
2024-12-04 02:33:00,2642.06,2642.62,2642.04,2642.04,146,13,0,146
2024-12-04 02:36:00,2642.08,2642.09,2640.88,2641.21,185,13,0,185
2024-12-04 02:39:00,2641.21,2641.21,2640.56,2641.02,143,12,0,143
2024-12-04 02:42:00,2641.02,2641.29,2640.75,2640.75,151,10,0,151
2024-12-04 02:45:00,2640.75,2641.14,2640.57,2640.94,131,6,0,131
2024-12-04 02:48:00,2640.94,2641.01,2639.84,2639.86,168,7,0,168
2024-12-04 02:51:00,2639.86,2640.74,2639.64,2640.45,208,10,0,208
2024-12-04 02:54:00,2640.45,2640.87,2640.1,2640.7,189,12,0,189
2024-12-04 02:57:00,2640.71,2640.73,2640.12,2640.54,212,11,0,212
2024-12-04 03:00:00,2640.54,2640.54,2637.68,2639.81,593,12,0,593
2024-12-04 03:03:00,2639.81,2640.38,2639.32,2640.23,395,13,0,395
2024-12-04 03:06:00,2640.23,2640.34,2638.82,2638.82,496,12,0,496
2024-12-04 03:09:00,2638.85,2639.58,2638.52,2639.5,438,11,0,438
2024-12-04 03:12:00,2639.5,2639.86,2638.77,2639.39,413,11,0,413
2024-12-04 03:15:00,2639.39,2640.99,2638.81,2640.28,587,11,0,587
2024-12-04 03:18:00,2640.28,2641.01,2639.85,2640.35,365,10,0,365
2024-12-04 03:21:00,2640.28,2641.87,2639.5,2639.68,484,10,0,484
2024-12-04 03:24:00,2639.61,2639.87,2638.8,2639.24,432,10,0,432
2024-12-04 03:27:00,2639.24,2640.2,2639.0,2639.69,368,11,0,368
2024-12-04 03:30:00,2639.69,2642.18,2639.69,2641.21,525,10,0,525
2024-12-04 03:33:00,2641.21,2641.5,2639.66,2640.38,422,9,0,422
2024-12-04 03:36:00,2640.38,2641.08,2639.69,2640.95,376,7,0,376
2024-12-04 03:39:00,2640.95,2640.98,2639.31,2640.22,426,6,0,426
2024-12-04 03:42:00,2640.22,2641.06,2639.91,2640.18,347,6,0,347
2024-12-04 03:45:00,2639.9,2640.31,2639.32,2639.92,390,6,0,390
2024-12-04 03:48:00,2639.92,2641.37,2639.6,2641.37,361,5,0,361
2024-12-04 03:51:00,2641.37,2641.58,2640.87,2641.09,365,5,0,365
2024-12-04 03:54:00,2641.09,2643.16,2641.03,2643.03,482,5,0,482
2024-12-04 03:57:00,2643.03,2643.3,2642.27,2642.27,470,5,0,470
2024-12-04 04:00:00,2642.27,2644.47,2642.0,2644.33,454,5,0,454
2024-12-04 04:03:00,2644.33,2647.3,2644.02,2647.07,589,9,0,589
2024-12-04 04:06:00,2647.07,2648.11,2646.01,2646.39,462,13,0,462
2024-12-04 04:09:00,2646.39,2646.46,2645.17,2645.17,493,10,0,493
2024-12-04 04:12:00,2645.12,2645.19,2644.13,2645.01,398,5,0,398
2024-12-04 04:15:00,2645.02,2645.23,2644.54,2644.58,216,5,0,216
2024-12-04 04:18:00,2644.58,2645.47,2644.44,2644.97,258,5,0,258
2024-12-04 04:21:00,2644.97,2645.34,2643.67,2643.85,311,5,0,311
2024-12-04 04:24:00,2643.85,2644.82,2643.56,2644.26,238,5,0,238
2024-12-04 04:27:00,2644.22,2644.27,2642.98,2643.91,228,5,0,228
2024-12-04 04:30:00,2643.9,2645.21,2643.37,2644.65,462,5,0,462
2024-12-04 04:33:00,2644.62,2645.54,2643.83,2644.62,342,5,0,342
2024-12-04 04:36:00,2644.6,2645.2,2643.98,2644.93,332,10,0,332
2024-12-04 04:39:00,2644.93,2645.38,2643.98,2643.98,336,5,0,336
2024-12-04 04:42:00,2643.98,2644.11,2643.13,2643.72,390,6,0,390
2024-12-04 04:45:00,2643.72,2643.94,2642.94,2643.92,271,5,0,271
2024-12-04 04:48:00,2643.94,2644.33,2643.63,2644.0,298,5,0,298
2024-12-04 04:51:00,2643.99,2644.37,2643.12,2644.12,333,5,0,333
2024-12-04 04:54:00,2644.12,2645.09,2643.66,2644.92,292,5,0,292
2024-12-04 04:57:00,2644.92,2646.4,2644.81,2645.89,417,5,0,417
2024-12-04 05:00:00,2645.89,2647.55,2645.71,2647.17,523,5,0,523
2024-12-04 05:03:00,2647.17,2647.87,2646.6,2647.51,501,12,0,501
2024-12-04 05:06:00,2647.51,2647.75,2646.13,2646.15,283,9,0,283
2024-12-04 05:09:00,2646.14,2646.64,2646.02,2646.56,317,5,0,317
2024-12-04 05:12:00,2646.57,2646.86,2645.52,2645.72,361,5,0,361
2024-12-04 05:15:00,2645.72,2645.88,2644.54,2645.4,308,5,0,308
2024-12-04 05:18:00,2645.4,2645.73,2644.52,2644.87,344,5,0,344
2024-12-04 05:21:00,2644.87,2644.99,2644.3,2644.5,280,5,0,280
2024-12-04 05:24:00,2644.5,2644.69,2643.52,2643.83,253,5,0,253
2024-12-04 05:27:00,2643.83,2644.57,2643.25,2643.38,311,5,0,311
2024-12-04 05:30:00,2643.38,2644.09,2643.37,2644.06,203,5,0,203
2024-12-04 05:33:00,2644.06,2644.46,2643.99,2644.34,183,5,0,183
2024-12-04 05:36:00,2644.34,2645.28,2644.13,2645.14,174,5,0,174
2024-12-04 05:39:00,2645.14,2645.52,2644.6,2645.49,172,5,0,172
2024-12-04 05:42:00,2645.49,2645.49,2644.64,2645.33,139,5,0,139
2024-12-04 05:45:00,2645.33,2646.48,2645.3,2645.57,223,5,0,223
2024-12-04 05:48:00,2645.57,2646.02,2645.34,2645.41,222,5,0,222
2024-12-04 05:51:00,2645.41,2645.57,2644.61,2645.37,237,5,0,237
2024-12-04 05:54:00,2645.36,2645.38,2644.16,2644.62,188,6,0,188
2024-12-04 05:57:00,2644.6,2644.79,2644.49,2644.53,151,5,0,151
2024-12-04 06:00:00,2644.53,2644.82,2644.03,2644.44,280,5,0,280
2024-12-04 06:03:00,2644.44,2645.0,2643.8,2645.0,234,7,0,234
2024-12-04 06:06:00,2645.0,2645.82,2644.94,2645.11,226,6,0,226
2024-12-04 06:09:00,2645.11,2645.82,2645.09,2645.63,224,5,0,224
2024-12-04 06:12:00,2645.63,2645.63,2645.15,2645.47,186,5,0,186
2024-12-04 06:15:00,2645.5,2646.1,2645.49,2645.65,221,5,0,221
2024-12-04 06:18:00,2645.65,2646.05,2645.54,2645.84,191,5,0,191
2024-12-04 06:21:00,2645.84,2646.27,2645.82,2646.2,155,5,0,155
2024-12-04 06:24:00,2646.19,2646.61,2646.14,2646.45,137,5,0,137
2024-12-04 06:27:00,2646.45,2646.51,2645.61,2645.71,120,5,0,120
2024-12-04 06:30:00,2645.71,2646.04,2645.57,2645.91,119,5,0,119
2024-12-04 06:33:00,2645.91,2645.98,2645.56,2645.72,101,5,0,101
2024-12-04 06:36:00,2645.72,2645.95,2645.53,2645.56,154,5,0,154
2024-12-04 06:39:00,2645.56,2646.25,2645.31,2646.24,171,5,0,171
2024-12-04 06:42:00,2646.24,2647.13,2646.24,2646.95,143,5,0,143
2024-12-04 06:45:00,2646.95,2647.39,2646.68,2646.92,223,9,0,223
2024-12-04 06:48:00,2646.92,2647.02,2646.42,2646.44,185,11,0,185
2024-12-04 06:51:00,2646.44,2647.33,2646.26,2646.8,232,13,0,232
2024-12-04 06:54:00,2646.8,2647.54,2646.5,2647.53,200,12,0,200
2024-12-04 06:57:00,2647.53,2648.64,2647.53,2648.43,237,8,0,237
2024-12-04 07:00:00,2648.43,2648.65,2648.02,2648.44,242,10,0,242
2024-12-04 07:03:00,2648.44,2648.78,2648.27,2648.47,227,11,0,227
2024-12-04 07:06:00,2648.47,2649.37,2648.47,2648.57,228,9,0,228
2024-12-04 07:09:00,2648.61,2648.78,2648.09,2648.37,225,9,0,225
2024-12-04 07:12:00,2648.37,2649.45,2648.19,2648.69,225,7,0,225
2024-12-04 07:15:00,2648.69,2649.53,2648.65,2649.3,210,10,0,210
2024-12-04 07:18:00,2649.3,2649.34,2648.64,2649.21,205,9,0,205
2024-12-04 07:21:00,2649.21,2649.73,2648.76,2649.13,182,6,0,182
2024-12-04 07:24:00,2649.13,2649.71,2648.69,2649.66,199,7,0,199
2024-12-04 07:27:00,2649.66,2649.92,2649.31,2649.58,165,5,0,165
2024-12-04 07:30:00,2649.58,2651.16,2649.54,2650.51,437,5,0,437
2024-12-04 07:33:00,2650.51,2650.92,2649.49,2650.02,359,13,0,359
2024-12-04 07:36:00,2650.02,2650.68,2648.79,2649.39,452,13,0,452
2024-12-04 07:39:00,2649.39,2649.44,2647.87,2648.1,437,13,0,437
2024-12-04 07:42:00,2648.1,2648.65,2647.56,2648.39,352,10,0,352
2024-12-04 07:45:00,2648.39,2649.56,2647.8,2649.4,393,7,0,393
2024-12-04 07:48:00,2649.43,2649.85,2649.16,2649.3,375,5,0,375
2024-12-04 07:51:00,2649.3,2650.36,2649.28,2649.87,297,5,0,297
2024-12-04 07:54:00,2649.86,2650.04,2648.7,2649.11,293,5,0,293
2024-12-04 07:57:00,2649.11,2650.03,2649.11,2649.77,325,5,0,325
2024-12-04 08:00:00,2649.8,2650.28,2649.64,2650.21,295,5,0,295
2024-12-04 08:03:00,2650.12,2650.74,2649.7,2650.14,431,5,0,431
2024-12-04 08:06:00,2650.14,2650.59,2649.7,2650.41,341,5,0,341
2024-12-04 08:09:00,2650.41,2650.71,2649.59,2649.71,311,9,0,311
2024-12-04 08:12:00,2649.73,2649.77,2648.2,2648.36,381,8,0,381
2024-12-04 08:15:00,2648.35,2648.48,2647.88,2648.47,327,5,0,327
2024-12-04 08:18:00,2648.47,2648.79,2647.67,2647.74,373,5,0,373
2024-12-04 08:21:00,2647.74,2648.83,2647.44,2648.72,419,5,0,419
2024-12-04 08:24:00,2648.72,2649.12,2648.11,2648.35,432,11,0,432
2024-12-04 08:27:00,2648.35,2649.59,2648.14,2649.58,339,8,0,339
2024-12-04 08:30:00,2649.58,2649.63,2648.86,2649.63,382,9,0,382
2024-12-04 08:33:00,2649.63,2650.39,2649.61,2650.08,412,5,0,412
2024-12-04 08:36:00,2650.08,2650.41,2649.78,2650.05,290,5,0,290
2024-12-04 08:39:00,2650.05,2650.51,2649.5,2649.63,286,5,0,286
2024-12-04 08:42:00,2649.63,2649.91,2649.28,2649.61,340,5,0,340
2024-12-04 08:45:00,2649.61,2650.93,2649.25,2650.9,310,5,0,310
2024-12-04 08:48:00,2650.91,2651.41,2650.49,2650.56,331,7,0,331
2024-12-04 08:51:00,2650.57,2650.84,2650.14,2650.37,328,5,0,328
2024-12-04 08:54:00,2650.37,2650.44,2648.88,2649.36,344,5,0,344
2024-12-04 08:57:00,2649.36,2649.55,2648.76,2649.28,357,5,0,357
2024-12-04 09:00:00,2649.29,2649.32,2647.78,2648.19,355,5,0,355
2024-12-04 09:03:00,2648.21,2648.79,2648.1,2648.24,249,5,0,249
2024-12-04 09:06:00,2648.24,2648.7,2647.92,2648.49,251,5,0,251
2024-12-04 09:09:00,2648.49,2648.71,2648.1,2648.56,220,5,0,220
2024-12-04 09:12:00,2648.56,2648.62,2646.78,2646.78,318,5,0,318
2024-12-04 09:15:00,2646.77,2647.06,2646.47,2646.79,300,5,0,300
2024-12-04 09:18:00,2646.79,2646.94,2645.84,2645.88,245,5,0,245
2024-12-04 09:21:00,2645.88,2645.88,2644.16,2644.29,381,5,0,381
2024-12-04 09:24:00,2644.3,2645.05,2644.3,2644.68,333,5,0,333
2024-12-04 09:27:00,2644.69,2645.13,2644.13,2644.94,359,5,0,359
2024-12-04 09:30:00,2644.94,2644.95,2643.88,2644.16,311,5,0,311
2024-12-04 09:33:00,2644.16,2644.36,2642.47,2642.99,400,5,0,400
2024-12-04 09:36:00,2642.99,2644.07,2642.95,2643.7,267,5,0,267
2024-12-04 09:39:00,2643.7,2644.01,2642.64,2642.67,269,5,0,269
2024-12-04 09:42:00,2642.67,2642.67,2640.53,2641.12,401,5,0,401
2024-12-04 09:45:00,2641.12,2641.98,2640.87,2641.94,319,5,0,319
2024-12-04 09:48:00,2641.89,2642.16,2641.26,2641.26,303,5,0,303
2024-12-04 09:51:00,2641.26,2641.99,2641.11,2641.44,316,5,0,316
2024-12-04 09:54:00,2641.44,2641.52,2640.42,2640.78,432,5,0,432
2024-12-04 09:57:00,2640.78,2642.07,2640.36,2641.57,406,5,0,406
2024-12-04 10:00:00,2641.51,2641.9,2641.04,2641.37,424,5,0,424
2024-12-04 10:03:00,2641.38,2642.08,2641.09,2642.02,408,5,0,408
2024-12-04 10:06:00,2642.02,2642.19,2640.14,2640.66,364,5,0,364
2024-12-04 10:09:00,2640.66,2641.22,2640.14,2640.45,300,5,0,300
2024-12-04 10:12:00,2640.43,2641.4,2639.57,2639.81,353,5,0,353
2024-12-04 10:15:00,2639.81,2640.94,2639.81,2640.23,306,5,0,306
2024-12-04 10:18:00,2640.23,2640.89,2639.5,2640.2,285,5,0,285
2024-12-04 10:21:00,2640.2,2640.2,2637.83,2637.93,410,5,0,410
2024-12-04 10:24:00,2637.93,2639.78,2637.93,2639.29,416,5,0,416
2024-12-04 10:27:00,2639.29,2639.6,2638.67,2638.86,316,5,0,316
2024-12-04 10:30:00,2638.86,2639.07,2637.79,2638.05,317,5,0,317
2024-12-04 10:33:00,2638.05,2638.78,2636.69,2637.37,359,5,0,359
2024-12-04 10:36:00,2637.4,2638.87,2637.07,2638.84,379,7,0,379
2024-12-04 10:39:00,2638.83,2640.48,2638.32,2640.22,370,5,0,370
2024-12-04 10:42:00,2640.2,2640.54,2639.18,2640.33,352,5,0,352
2024-12-04 10:45:00,2640.39,2641.39,2639.41,2641.35,314,5,0,314
2024-12-04 10:48:00,2641.34,2642.21,2641.32,2641.83,286,5,0,286
2024-12-04 10:51:00,2641.83,2642.11,2640.9,2641.87,386,5,0,386
2024-12-04 10:54:00,2641.93,2641.93,2640.84,2641.1,303,5,0,303
2024-12-04 10:57:00,2641.09,2642.26,2640.46,2641.37,298,5,0,298
2024-12-04 11:00:00,2641.37,2642.48,2640.74,2640.74,489,5,0,489
2024-12-04 11:03:00,2640.75,2640.9,2638.65,2639.6,541,9,0,541
2024-12-04 11:06:00,2639.6,2641.77,2639.52,2641.57,348,5,0,348
2024-12-04 11:09:00,2641.57,2642.21,2641.24,2642.09,349,5,0,349
2024-12-04 11:12:00,2642.1,2642.55,2641.78,2642.16,263,5,0,263
2024-12-04 11:15:00,2642.16,2642.41,2641.52,2641.52,299,5,0,299
2024-12-04 11:18:00,2641.52,2641.52,2640.02,2640.7,308,5,0,308
2024-12-04 11:21:00,2640.7,2641.46,2640.66,2641.37,257,5,0,257
2024-12-04 11:24:00,2641.37,2642.04,2641.18,2641.47,223,5,0,223
2024-12-04 11:27:00,2641.47,2642.71,2641.43,2642.61,200,5,0,200
2024-12-04 11:30:00,2642.62,2642.72,2641.63,2641.72,239,5,0,239
2024-12-04 11:33:00,2641.72,2642.24,2641.13,2641.5,205,5,0,205
2024-12-04 11:36:00,2641.54,2641.67,2640.77,2641.49,209,5,0,209
2024-12-04 11:39:00,2641.49,2642.4,2641.28,2642.23,226,5,0,226
2024-12-04 11:42:00,2642.24,2642.82,2640.58,2641.01,332,5,0,332
2024-12-04 11:45:00,2641.01,2641.37,2639.66,2639.81,323,8,0,323
2024-12-04 11:48:00,2639.81,2640.88,2639.18,2640.47,290,5,0,290
2024-12-04 11:51:00,2640.47,2641.06,2640.08,2640.36,188,5,0,188
2024-12-04 11:54:00,2640.36,2640.72,2640.06,2640.2,190,5,0,190
2024-12-04 11:57:00,2640.2,2641.01,2640.11,2640.99,297,5,0,297
2024-12-04 12:00:00,2640.99,2642.09,2640.26,2641.06,577,5,0,577
2024-12-04 12:03:00,2641.06,2641.41,2640.24,2640.69,469,9,0,469
2024-12-04 12:06:00,2640.65,2642.04,2640.6,2641.78,239,5,0,239
2024-12-04 12:09:00,2641.78,2641.91,2640.29,2640.67,208,5,0,208
2024-12-04 12:12:00,2640.67,2642.11,2640.59,2641.61,265,5,0,265
2024-12-04 12:15:00,2641.61,2642.46,2641.01,2641.09,281,5,0,281
2024-12-04 12:18:00,2641.09,2641.3,2640.73,2640.81,175,5,0,175
2024-12-04 12:21:00,2640.81,2641.6,2640.7,2641.21,200,5,0,200
2024-12-04 12:24:00,2641.13,2641.48,2641.0,2641.1,202,5,0,202
2024-12-04 12:27:00,2641.1,2642.36,2640.88,2641.85,275,5,0,275
2024-12-04 12:30:00,2641.85,2642.62,2641.32,2641.86,316,5,0,316
2024-12-04 12:33:00,2641.86,2642.94,2641.86,2642.13,232,5,0,232
2024-12-04 12:36:00,2642.13,2643.14,2641.95,2642.26,286,5,0,286
2024-12-04 12:39:00,2642.26,2642.75,2641.03,2641.47,441,7,0,441
2024-12-04 12:42:00,2641.47,2641.7,2640.46,2641.67,292,5,0,292
2024-12-04 12:45:00,2641.68,2642.8,2641.52,2642.8,234,5,0,234
2024-12-04 12:48:00,2642.8,2642.92,2641.99,2642.92,190,5,0,190
2024-12-04 12:51:00,2642.92,2644.01,2642.61,2643.76,369,5,0,369
2024-12-04 12:54:00,2643.76,2644.55,2643.36,2644.3,247,5,0,247
2024-12-04 12:57:00,2644.3,2644.59,2644.05,2644.47,183,5,0,183
2024-12-04 13:00:00,2644.47,2645.43,2644.41,2645.4,265,5,0,265
2024-12-04 13:03:00,2645.4,2646.09,2645.08,2645.76,270,5,0,270
2024-12-04 13:06:00,2645.76,2646.08,2645.35,2645.62,309,5,0,309
2024-12-04 13:09:00,2645.62,2645.62,2644.4,2644.52,283,5,0,283
2024-12-04 13:12:00,2644.56,2645.49,2644.45,2645.16,312,5,0,312
2024-12-04 13:15:00,2645.17,2645.42,2644.58,2644.74,241,5,0,241
2024-12-04 13:18:00,2644.82,2645.39,2644.68,2644.95,249,5,0,249
2024-12-04 13:21:00,2644.95,2645.25,2644.41,2645.19,250,5,0,250
2024-12-04 13:24:00,2645.19,2646.72,2644.81,2646.5,303,5,0,303
2024-12-04 13:27:00,2646.5,2647.18,2645.96,2646.77,516,9,0,516
2024-12-04 13:30:00,2646.78,2647.22,2646.02,2646.52,360,5,0,360
2024-12-04 13:33:00,2646.57,2647.25,2646.2,2647.24,289,5,0,289
2024-12-04 13:36:00,2647.24,2647.76,2646.48,2646.48,255,5,0,255
2024-12-04 13:39:00,2646.48,2647.14,2645.21,2645.89,454,5,0,454
2024-12-04 13:42:00,2645.9,2645.94,2644.92,2645.59,249,7,0,249
2024-12-04 13:45:00,2645.59,2645.89,2644.16,2644.23,255,5,0,255
2024-12-04 13:48:00,2644.23,2644.97,2643.87,2644.15,294,5,0,294
2024-12-04 13:51:00,2644.15,2645.94,2643.48,2645.94,375,5,0,375
2024-12-04 13:54:00,2645.89,2646.31,2645.03,2645.59,290,5,0,290
2024-12-04 13:57:00,2645.59,2646.52,2645.59,2646.24,201,5,0,201
2024-12-04 14:00:00,2646.24,2646.6,2645.78,2645.94,218,5,0,218
2024-12-04 14:03:00,2645.94,2646.18,2645.33,2645.49,281,5,0,281
2024-12-04 14:06:00,2645.48,2645.68,2645.0,2645.43,333,5,0,333
2024-12-04 14:09:00,2645.43,2646.05,2644.62,2646.05,267,5,0,267
2024-12-04 14:12:00,2646.05,2646.34,2644.76,2645.15,317,5,0,317
2024-12-04 14:15:00,2645.15,2645.22,2643.88,2643.91,173,5,0,173
2024-12-04 14:18:00,2643.91,2644.28,2642.49,2642.49,204,5,0,204
2024-12-04 14:21:00,2642.49,2644.51,2642.48,2644.11,252,5,0,252
2024-12-04 14:24:00,2644.11,2644.38,2643.1,2643.24,254,5,0,254
2024-12-04 14:27:00,2643.24,2643.39,2641.63,2643.28,447,5,0,447
2024-12-04 14:30:00,2643.31,2644.26,2642.9,2642.92,431,5,0,431
2024-12-04 14:33:00,2642.92,2642.98,2641.81,2642.4,364,5,0,364
2024-12-04 14:36:00,2642.48,2643.6,2642.21,2642.71,397,5,0,397
2024-12-04 14:39:00,2642.71,2642.86,2641.93,2642.74,302,5,0,302
2024-12-04 14:42:00,2642.74,2643.33,2642.61,2643.27,348,5,0,348
2024-12-04 14:45:00,2643.23,2644.18,2639.93,2640.72,630,5,0,630
2024-12-04 14:48:00,2640.73,2640.8,2638.81,2638.9,534,5,0,534
2024-12-04 14:51:00,2638.91,2639.06,2636.28,2638.16,682,5,0,682
2024-12-04 14:54:00,2638.16,2638.16,2636.94,2637.86,471,5,0,471
2024-12-04 14:57:00,2637.81,2638.41,2637.04,2637.06,498,5,0,498
2024-12-04 15:00:00,2637.06,2638.67,2636.28,2637.69,795,5,0,795
2024-12-04 15:03:00,2637.69,2637.69,2632.46,2635.55,872,5,0,872
2024-12-04 15:06:00,2635.53,2638.44,2635.35,2638.15,621,5,0,621
2024-12-04 15:09:00,2638.16,2638.56,2635.5,2635.99,546,5,0,546
2024-12-04 15:12:00,2636.0,2636.06,2634.28,2634.48,402,5,0,402
2024-12-04 15:15:00,2634.48,2639.58,2634.42,2639.35,682,5,0,682
2024-12-04 15:18:00,2639.34,2641.27,2638.27,2640.63,663,5,0,663
2024-12-04 15:21:00,2640.61,2643.95,2639.62,2643.53,769,5,0,769
2024-12-04 15:24:00,2643.56,2645.71,2642.6,2645.71,636,5,0,636
2024-12-04 15:27:00,2645.71,2645.83,2643.7,2645.24,585,5,0,585
2024-12-04 15:30:00,2645.2,2648.01,2644.26,2644.87,708,5,0,708
2024-12-04 15:33:00,2644.84,2645.31,2642.13,2644.4,623,5,0,623
2024-12-04 15:36:00,2644.43,2647.2,2644.25,2647.02,607,5,0,607
2024-12-04 15:39:00,2647.02,2647.02,2641.88,2643.82,525,5,0,525
2024-12-04 15:42:00,2643.81,2645.31,2643.45,2644.9,605,5,0,605
2024-12-04 15:45:00,2644.9,2645.82,2643.4,2645.43,609,5,0,609
2024-12-04 15:48:00,2645.43,2646.9,2644.56,2646.45,574,5,0,574
2024-12-04 15:51:00,2646.49,2648.37,2646.1,2647.9,689,5,0,689
2024-12-04 15:54:00,2647.9,2648.79,2646.66,2647.18,683,5,0,683
2024-12-04 15:57:00,2647.16,2649.21,2646.5,2648.47,674,5,0,674
2024-12-04 16:00:00,2648.48,2649.13,2647.53,2648.83,626,5,0,626
2024-12-04 16:03:00,2648.82,2650.19,2648.7,2649.46,619,5,0,619
2024-12-04 16:06:00,2649.38,2649.43,2647.88,2649.05,647,5,0,647
2024-12-04 16:09:00,2649.06,2649.37,2647.74,2648.74,574,5,0,574
2024-12-04 16:12:00,2648.83,2649.42,2647.64,2648.8,547,5,0,547
2024-12-04 16:15:00,2648.8,2649.36,2647.12,2647.42,568,5,0,568
2024-12-04 16:18:00,2647.4,2648.25,2645.13,2645.53,705,5,0,705
2024-12-04 16:21:00,2645.53,2650.06,2645.53,2649.5,761,5,0,761
2024-12-04 16:24:00,2649.54,2651.52,2649.5,2650.93,733,5,0,733
2024-12-04 16:27:00,2650.94,2653.15,2650.83,2652.51,650,5,0,650
2024-12-04 16:30:00,2652.56,2653.41,2651.24,2653.27,598,5,0,598
2024-12-04 16:33:00,2653.27,2653.31,2651.14,2651.76,511,5,0,511
2024-12-04 16:36:00,2651.76,2652.11,2649.67,2650.73,607,5,0,607
2024-12-04 16:39:00,2650.79,2652.55,2650.6,2651.77,568,5,0,568
2024-12-04 16:42:00,2651.73,2652.73,2651.32,2651.35,529,5,0,529
2024-12-04 16:45:00,2651.35,2652.66,2650.42,2651.81,625,5,0,625
2024-12-04 16:48:00,2652.01,2652.01,2649.53,2650.74,609,5,0,609
2024-12-04 16:51:00,2650.73,2652.31,2649.99,2650.06,531,5,0,531
2024-12-04 16:54:00,2650.06,2651.3,2649.2,2650.7,525,5,0,525
2024-12-04 16:57:00,2650.68,2651.09,2648.79,2649.09,440,5,0,440
2024-12-04 17:00:00,2649.09,2652.59,2648.97,2650.38,455,8,0,455
2024-12-04 17:03:00,2650.38,2652.11,2649.69,2651.71,528,5,0,528
2024-12-04 17:06:00,2651.61,2652.21,2649.49,2651.49,526,5,0,526
2024-12-04 17:09:00,2651.49,2652.37,2650.02,2652.02,495,5,0,495
2024-12-04 17:12:00,2652.05,2652.12,2650.22,2650.76,470,5,0,470
2024-12-04 17:15:00,2650.76,2651.89,2649.27,2651.57,537,5,0,537
2024-12-04 17:18:00,2651.57,2652.4,2650.6,2651.86,467,5,0,467
2024-12-04 17:21:00,2651.83,2652.19,2650.93,2651.19,404,5,0,404
2024-12-04 17:24:00,2651.18,2656.01,2650.94,2654.42,425,5,0,425
2024-12-04 17:27:00,2654.39,2654.86,2653.07,2653.86,557,5,0,557
2024-12-04 17:30:00,2653.83,2656.05,2653.83,2654.85,570,5,0,570
2024-12-04 17:33:00,2654.85,2656.14,2654.24,2656.07,537,5,0,537
2024-12-04 17:36:00,2656.08,2656.14,2654.24,2654.38,533,5,0,533
2024-12-04 17:39:00,2654.34,2656.67,2653.19,2656.49,716,5,0,716
2024-12-04 17:42:00,2656.49,2657.16,2654.87,2655.62,594,5,0,594
2024-12-04 17:45:00,2655.62,2656.41,2652.28,2652.34,629,5,0,629
2024-12-04 17:48:00,2652.34,2653.26,2651.84,2652.95,534,5,0,534
2024-12-04 17:51:00,2652.88,2653.63,2652.22,2653.35,513,5,0,513
2024-12-04 17:54:00,2653.35,2653.61,2652.66,2653.3,423,5,0,423
2024-12-04 17:57:00,2653.32,2655.28,2653.0,2655.02,537,5,0,537
2024-12-04 18:00:00,2655.11,2655.61,2654.39,2655.12,452,5,0,452
2024-12-04 18:03:00,2655.12,2655.46,2654.44,2654.9,355,5,0,355
2024-12-04 18:06:00,2654.9,2655.08,2653.66,2653.69,492,5,0,492
2024-12-04 18:09:00,2653.68,2655.01,2653.51,2653.96,551,5,0,551
2024-12-04 18:12:00,2653.94,2655.22,2653.63,2654.13,514,5,0,514
2024-12-04 18:15:00,2654.13,2654.73,2653.35,2653.45,394,5,0,394
2024-12-04 18:18:00,2653.41,2653.41,2651.32,2652.37,499,5,0,499
2024-12-04 18:21:00,2652.36,2653.04,2652.04,2652.95,462,5,0,462
2024-12-04 18:24:00,2653.01,2654.23,2651.85,2654.17,521,5,0,521
2024-12-04 18:27:00,2654.19,2654.75,2653.73,2654.58,435,5,0,435
2024-12-04 18:30:00,2654.67,2655.31,2653.99,2654.04,524,5,0,524
2024-12-04 18:33:00,2654.03,2654.06,2652.27,2652.29,425,5,0,425
2024-12-04 18:36:00,2652.3,2652.77,2650.99,2651.58,463,5,0,463
2024-12-04 18:39:00,2651.58,2652.26,2650.38,2651.24,495,5,0,495
2024-12-04 18:42:00,2651.25,2651.56,2650.17,2650.6,427,5,0,427
2024-12-04 18:45:00,2650.6,2650.61,2647.31,2647.65,510,5,0,510
2024-12-04 18:48:00,2647.65,2649.29,2647.06,2649.28,505,5,0,505
2024-12-04 18:51:00,2649.29,2649.8,2648.62,2648.69,339,5,0,339
2024-12-04 18:54:00,2648.71,2649.9,2648.58,2649.76,358,5,0,358
2024-12-04 18:57:00,2649.75,2650.07,2649.46,2649.77,432,5,0,432
2024-12-04 19:00:00,2649.77,2649.96,2648.55,2649.76,484,5,0,484
2024-12-04 19:03:00,2649.76,2650.69,2649.3,2650.4,375,5,0,375
2024-12-04 19:06:00,2650.4,2650.56,2649.72,2650.15,354,5,0,354
2024-12-04 19:09:00,2650.17,2650.94,2649.74,2650.65,338,5,0,338
2024-12-04 19:12:00,2650.65,2651.17,2650.46,2651.08,355,5,0,355
2024-12-04 19:15:00,2651.04,2652.58,2651.03,2651.88,337,5,0,337
2024-12-04 19:18:00,2651.88,2651.97,2650.97,2651.4,233,5,0,233
2024-12-04 19:21:00,2651.4,2652.92,2651.37,2652.51,302,5,0,302
2024-12-04 19:24:00,2652.49,2653.05,2651.93,2652.21,275,5,0,275
2024-12-04 19:27:00,2652.23,2652.46,2651.0,2651.16,256,5,0,256
2024-12-04 19:30:00,2651.17,2651.26,2650.45,2650.56,312,5,0,312
2024-12-04 19:33:00,2650.56,2651.38,2650.17,2650.97,305,5,0,305
2024-12-04 19:36:00,2650.97,2651.64,2650.3,2650.56,289,5,0,289
2024-12-04 19:39:00,2650.57,2650.93,2649.36,2649.47,344,5,0,344
2024-12-04 19:42:00,2649.47,2650.48,2649.47,2650.24,337,5,0,337
2024-12-04 19:45:00,2650.21,2651.83,2650.21,2651.68,282,5,0,282
2024-12-04 19:48:00,2651.68,2652.38,2651.63,2651.96,247,5,0,247
2024-12-04 19:51:00,2651.96,2652.39,2651.67,2652.24,290,5,0,290
2024-12-04 19:54:00,2652.24,2652.33,2651.78,2652.11,289,5,0,289
2024-12-04 19:57:00,2652.11,2652.5,2650.91,2651.42,373,5,0,373
2024-12-04 20:00:00,2651.42,2651.94,2651.07,2651.64,416,9,0,416
2024-12-04 20:03:00,2651.64,2651.65,2650.6,2651.27,316,5,0,316
2024-12-04 20:06:00,2651.27,2652.47,2651.27,2652.0,326,5,0,326
2024-12-04 20:09:00,2652.0,2652.21,2651.26,2651.6,304,5,0,304
2024-12-04 20:12:00,2651.61,2651.62,2650.27,2650.65,359,5,0,359
2024-12-04 20:15:00,2650.65,2651.51,2650.32,2650.9,299,5,0,299
2024-12-04 20:18:00,2650.9,2652.41,2650.9,2652.21,228,5,0,228
2024-12-04 20:21:00,2652.21,2652.99,2651.75,2652.88,286,5,0,286
2024-12-04 20:24:00,2652.88,2653.01,2652.18,2652.76,336,5,0,336
2024-12-04 20:27:00,2652.76,2653.02,2651.6,2651.83,335,5,0,335
2024-12-04 20:30:00,2651.83,2651.9,2650.3,2650.64,319,5,0,319
2024-12-04 20:33:00,2650.64,2650.83,2649.98,2650.72,231,5,0,231
2024-12-04 20:36:00,2650.72,2650.97,2649.99,2650.16,181,5,0,181
2024-12-04 20:39:00,2650.17,2650.62,2649.95,2650.16,240,5,0,240
2024-12-04 20:42:00,2650.13,2650.73,2649.61,2650.72,255,5,0,255
2024-12-04 20:45:00,2650.72,2652.13,2650.72,2652.13,209,5,0,209
2024-12-04 20:48:00,2652.13,2652.35,2651.51,2651.93,262,5,0,262
2024-12-04 20:51:00,2651.93,2652.02,2650.95,2650.96,339,5,0,339
2024-12-04 20:54:00,2650.96,2651.34,2650.51,2650.55,329,5,0,329
2024-12-04 20:57:00,2650.55,2651.03,2648.89,2648.89,339,5,0,339
2024-12-04 21:00:00,2648.93,2648.96,2646.95,2647.93,556,10,0,556
2024-12-04 21:03:00,2647.92,2650.33,2647.68,2649.91,447,10,0,447
2024-12-04 21:06:00,2649.91,2651.2,2649.74,2650.93,300,7,0,300
2024-12-04 21:09:00,2650.93,2652.59,2650.93,2652.49,257,5,0,257
2024-12-04 21:12:00,2652.52,2653.49,2652.03,2653.49,281,5,0,281
2024-12-04 21:15:00,2653.5,2655.55,2653.48,2653.71,365,5,0,365
2024-12-04 21:18:00,2653.71,2653.71,2652.88,2653.04,385,5,0,385
2024-12-04 21:21:00,2653.04,2653.07,2651.26,2651.63,393,5,0,393
2024-12-04 21:24:00,2651.62,2651.72,2650.52,2651.09,427,5,0,427
2024-12-04 21:27:00,2651.04,2651.24,2650.61,2651.24,433,5,0,433
2024-12-04 21:30:00,2651.24,2653.04,2651.13,2651.89,447,5,0,447
2024-12-04 21:33:00,2651.89,2652.92,2651.76,2652.71,332,5,0,332
2024-12-04 21:36:00,2652.71,2652.76,2651.84,2651.91,444,5,0,444
2024-12-04 21:39:00,2651.92,2652.68,2651.51,2652.01,372,5,0,372
2024-12-04 21:42:00,2652.01,2652.01,2651.27,2651.89,221,5,0,221
2024-12-04 21:45:00,2651.89,2652.17,2650.91,2650.98,236,5,0,236
2024-12-04 21:48:00,2651.0,2652.06,2650.82,2651.68,214,5,0,214
2024-12-04 21:51:00,2651.68,2653.13,2651.26,2653.05,226,9,0,226
2024-12-04 21:54:00,2653.05,2653.18,2652.19,2652.36,205,5,0,205
2024-12-04 21:57:00,2652.36,2652.36,2651.67,2651.75,268,5,0,268
2024-12-04 22:00:00,2651.75,2651.95,2651.5,2651.72,267,5,0,267
2024-12-04 22:03:00,2651.72,2651.72,2651.02,2651.64,200,5,0,200
2024-12-04 22:06:00,2651.64,2651.84,2651.45,2651.47,143,5,0,143
2024-12-04 22:09:00,2651.47,2651.47,2650.27,2650.95,190,5,0,190
2024-12-04 22:12:00,2650.95,2650.95,2649.74,2649.76,117,5,0,117
2024-12-04 22:15:00,2649.76,2650.1,2649.13,2649.13,227,5,0,227
2024-12-04 22:18:00,2649.13,2649.87,2648.9,2649.67,243,5,0,243
2024-12-04 22:21:00,2649.69,2650.05,2648.3,2648.33,284,5,0,284
2024-12-04 22:24:00,2648.33,2648.89,2648.08,2648.87,277,5,0,277
2024-12-04 22:27:00,2648.89,2649.3,2648.31,2648.95,299,8,0,299
2024-12-04 22:30:00,2648.95,2649.33,2648.67,2648.89,288,5,0,288
2024-12-04 22:33:00,2648.89,2649.85,2648.78,2649.8,377,5,0,377
2024-12-04 22:36:00,2649.8,2649.89,2649.37,2649.39,262,5,0,262
2024-12-04 22:39:00,2649.36,2649.66,2648.47,2648.74,178,5,0,178
2024-12-04 22:42:00,2648.74,2648.88,2648.26,2648.82,202,5,0,202
2024-12-04 22:45:00,2648.81,2649.75,2648.69,2649.33,283,5,0,283
2024-12-04 22:48:00,2649.33,2649.78,2648.97,2649.62,322,5,0,322
2024-12-04 22:51:00,2649.62,2650.1,2649.44,2650.03,453,5,0,453
2024-12-04 22:54:00,2650.03,2650.69,2649.98,2650.35,527,5,0,527
2024-12-04 22:57:00,2650.35,2650.48,2649.72,2650.0,554,5,0,554
2024-12-04 23:00:00,2650.01,2650.29,2649.66,2649.89,157,5,0,157
2024-12-04 23:03:00,2649.89,2650.29,2649.81,2650.28,84,5,0,84
2024-12-04 23:06:00,2650.28,2651.24,2650.23,2651.13,114,5,0,114
2024-12-04 23:09:00,2651.13,2651.18,2650.9,2651.03,80,5,0,80
2024-12-04 23:12:00,2651.03,2651.03,2649.98,2649.98,98,5,0,98
2024-12-04 23:15:00,2649.97,2650.56,2649.97,2650.4,68,5,0,68
2024-12-04 23:18:00,2650.4,2650.89,2650.29,2650.71,72,5,0,72
2024-12-04 23:21:00,2650.71,2650.71,2649.21,2649.77,45,5,0,45
2024-12-04 23:24:00,2649.77,2650.04,2649.09,2649.1,67,9,0,67
2024-12-04 23:27:00,2648.98,2649.44,2648.86,2649.22,90,5,0,90
2024-12-04 23:30:00,2649.22,2649.51,2649.11,2649.21,80,5,0,80
2024-12-04 23:33:00,2649.21,2649.59,2649.18,2649.3,109,5,0,109
2024-12-04 23:36:00,2649.3,2649.52,2649.22,2649.47,67,5,0,67
2024-12-04 23:39:00,2649.47,2649.67,2649.39,2649.54,84,5,0,84
2024-12-04 23:42:00,2649.54,2649.82,2649.33,2649.38,69,37,0,69
2024-12-04 23:45:00,2649.38,2649.48,2649.11,2649.43,87,37,0,87
2024-12-04 23:48:00,2649.43,2649.89,2649.42,2649.71,118,37,0,118
2024-12-04 23:51:00,2649.65,2649.75,2649.3,2649.68,59,37,0,59
2024-12-04 23:54:00,2649.68,2649.78,2649.52,2649.71,47,37,0,47
2024-12-04 23:57:00,2649.71,2649.96,2649.66,2649.88,63,37,0,63
2024-12-05 01:00:00,2649.89,2649.94,2648.58,2648.73,93,9,0,93
2024-12-05 01:03:00,2648.73,2649.54,2648.71,2649.48,93,8,0,93
2024-12-05 01:06:00,2649.48,2649.75,2649.29,2649.64,50,6,0,50
2024-12-05 01:09:00,2649.64,2649.78,2649.25,2649.34,44,6,0,44
2024-12-05 01:12:00,2649.34,2649.4,2648.88,2649.32,55,6,0,55
2024-12-05 01:15:00,2649.32,2649.58,2649.3,2649.56,48,5,0,48
2024-12-05 01:18:00,2649.56,2650.3,2649.49,2650.3,94,5,0,94
2024-12-05 01:21:00,2650.3,2650.67,2650.3,2650.67,91,7,0,91
2024-12-05 01:24:00,2650.66,2650.83,2650.5,2650.71,60,7,0,60
2024-12-05 01:27:00,2650.71,2650.84,2650.6,2650.61,69,6,0,69
2024-12-05 01:30:00,2650.61,2651.47,2650.6,2651.46,94,5,0,94
2024-12-05 01:33:00,2651.46,2651.56,2651.22,2651.32,74,6,0,74
2024-12-05 01:36:00,2651.32,2651.43,2650.85,2650.87,83,6,0,83
2024-12-05 01:39:00,2650.87,2651.02,2650.69,2650.89,74,6,0,74
2024-12-05 01:42:00,2650.89,2651.15,2650.45,2650.47,120,5,0,120
2024-12-05 01:45:00,2650.47,2651.09,2650.45,2650.76,150,9,0,150
2024-12-05 01:48:00,2650.77,2650.94,2650.7,2650.83,78,7,0,78
2024-12-05 01:51:00,2650.72,2651.06,2650.65,2650.66,125,6,0,125
2024-12-05 01:54:00,2650.66,2650.85,2650.38,2650.6,143,8,0,143
2024-12-05 01:57:00,2650.6,2650.61,2650.2,2650.37,158,8,0,158
2024-12-05 02:00:00,2650.37,2650.41,2648.97,2649.55,165,9,0,165
2024-12-05 02:03:00,2649.61,2649.81,2649.05,2649.08,147,11,0,147
2024-12-05 02:06:00,2649.07,2649.22,2648.64,2649.22,155,11,0,155
2024-12-05 02:09:00,2649.23,2649.26,2648.85,2649.14,135,11,0,135
2024-12-05 02:12:00,2649.16,2649.26,2648.63,2648.91,123,9,0,123
2024-12-05 02:15:00,2648.91,2649.27,2648.78,2648.93,146,10,0,146
2024-12-05 02:18:00,2648.93,2649.3,2648.87,2649.26,89,5,0,89
2024-12-05 02:21:00,2649.26,2649.49,2648.99,2649.49,97,5,0,97
2024-12-05 02:24:00,2649.49,2649.69,2648.96,2649.12,119,5,0,119
2024-12-05 02:27:00,2649.12,2649.26,2648.19,2648.47,195,7,0,195
2024-12-05 02:30:00,2648.47,2649.01,2648.27,2648.65,223,13,0,223
2024-12-05 02:33:00,2648.62,2649.17,2648.62,2648.74,133,9,0,133
2024-12-05 02:36:00,2648.74,2649.2,2648.74,2649.01,101,5,0,101
2024-12-05 02:39:00,2649.01,2649.77,2648.98,2649.3,128,5,0,128
2024-12-05 02:42:00,2649.3,2649.61,2649.14,2649.27,79,5,0,79
2024-12-05 02:45:00,2649.27,2649.48,2649.16,2649.26,131,5,0,131
2024-12-05 02:48:00,2649.28,2649.62,2649.2,2649.31,110,5,0,110
2024-12-05 02:51:00,2649.31,2649.33,2648.16,2648.16,194,5,0,194
2024-12-05 02:54:00,2648.16,2648.5,2647.72,2648.09,219,12,0,219
2024-12-05 02:57:00,2648.09,2648.44,2647.98,2648.4,199,13,0,199
2024-12-05 03:00:00,2648.37,2648.59,2647.6,2647.71,488,13,0,488
2024-12-05 03:03:00,2647.72,2648.35,2647.6,2648.28,379,13,0,379
2024-12-05 03:06:00,2648.28,2648.38,2647.4,2648.3,324,12,0,324
2024-12-05 03:09:00,2648.3,2649.22,2648.28,2648.89,341,11,0,341
2024-12-05 03:12:00,2648.89,2650.66,2648.67,2650.07,404,10,0,404
2024-12-05 03:15:00,2650.07,2650.53,2649.79,2649.83,350,9,0,350
2024-12-05 03:18:00,2649.83,2649.83,2648.67,2649.02,288,9,0,288
2024-12-05 03:21:00,2649.02,2649.77,2648.88,2649.29,230,7,0,230
2024-12-05 03:24:00,2649.29,2650.16,2648.69,2649.99,259,7,0,259
2024-12-05 03:27:00,2649.99,2650.28,2649.56,2649.76,303,8,0,303
2024-12-05 03:30:00,2649.77,2650.16,2648.84,2648.99,389,11,0,389
2024-12-05 03:33:00,2648.99,2650.17,2648.77,2650.17,357,9,0,357
2024-12-05 03:36:00,2650.17,2650.71,2649.34,2649.39,372,11,0,372
2024-12-05 03:39:00,2649.39,2649.65,2648.84,2649.07,306,11,0,306
2024-12-05 03:42:00,2649.07,2649.07,2646.89,2647.81,524,11,0,524
2024-12-05 03:45:00,2647.81,2647.81,2646.48,2647.06,431,13,0,431
2024-12-05 03:48:00,2647.06,2647.57,2646.2,2647.02,401,13,0,401
2024-12-05 03:51:00,2647.02,2647.33,2646.84,2647.15,307,8,0,307
2024-12-05 03:54:00,2647.13,2647.56,2646.62,2647.28,390,6,0,390
2024-12-05 03:57:00,2647.28,2647.45,2646.87,2647.06,335,5,0,335
2024-12-05 04:00:00,2647.06,2647.47,2646.49,2646.88,371,5,0,371
2024-12-05 04:03:00,2646.88,2647.13,2646.25,2646.34,352,6,0,352
2024-12-05 04:06:00,2646.34,2646.45,2645.5,2645.78,346,10,0,346
2024-12-05 04:09:00,2645.78,2646.36,2645.3,2646.31,341,8,0,341
2024-12-05 04:12:00,2646.31,2647.35,2646.09,2647.3,323,5,0,323
2024-12-05 04:15:00,2647.3,2647.37,2646.66,2646.81,163,5,0,163
2024-12-05 04:18:00,2646.81,2647.43,2646.71,2647.43,139,5,0,139
2024-12-05 04:21:00,2647.43,2647.48,2646.88,2646.88,131,5,0,131
2024-12-05 04:24:00,2646.89,2646.89,2645.45,2645.47,191,5,0,191
2024-12-05 04:27:00,2645.47,2646.26,2645.47,2645.98,240,5,0,240
2024-12-05 04:30:00,2645.98,2647.36,2645.61,2647.09,353,5,0,353
2024-12-05 04:33:00,2647.09,2647.94,2646.84,2647.72,298,5,0,298
2024-12-05 04:36:00,2647.72,2648.74,2647.34,2648.6,359,5,0,359
2024-12-05 04:39:00,2648.61,2649.63,2648.29,2649.44,369,8,0,369
2024-12-05 04:42:00,2649.44,2649.71,2648.7,2648.88,304,7,0,304
2024-12-05 04:45:00,2648.84,2649.33,2647.87,2648.0,301,7,0,301
2024-12-05 04:48:00,2648.0,2648.06,2646.95,2647.26,324,11,0,324
2024-12-05 04:51:00,2647.26,2647.65,2646.56,2647.65,337,9,0,337
2024-12-05 04:54:00,2647.58,2647.58,2646.63,2646.94,269,5,0,269
2024-12-05 04:57:00,2646.94,2647.34,2646.57,2646.58,283,5,0,283
2024-12-05 05:00:00,2646.58,2646.93,2645.97,2646.01,369,5,0,369
2024-12-05 05:03:00,2646.01,2646.82,2644.72,2646.8,371,10,0,371
2024-12-05 05:06:00,2646.8,2647.16,2645.9,2647.11,364,12,0,364
2024-12-05 05:09:00,2647.11,2647.86,2646.88,2647.85,274,10,0,274
2024-12-05 05:12:00,2647.85,2648.33,2647.65,2647.93,360,10,0,360
2024-12-05 05:15:00,2647.93,2648.0,2647.08,2647.17,310,10,0,310
2024-12-05 05:18:00,2647.17,2648.29,2647.12,2647.51,223,13,0,223
2024-12-05 05:21:00,2647.51,2647.96,2647.34,2647.76,199,5,0,199
2024-12-05 05:24:00,2647.76,2648.0,2647.19,2647.47,216,5,0,216
2024-12-05 05:27:00,2647.47,2647.92,2647.07,2647.92,235,5,0,235
2024-12-05 05:30:00,2647.92,2648.06,2647.0,2647.21,136,5,0,136
2024-12-05 05:33:00,2647.21,2647.29,2646.98,2647.29,99,5,0,99
2024-12-05 05:36:00,2647.29,2647.42,2647.14,2647.35,119,5,0,119
2024-12-05 05:39:00,2647.35,2647.57,2646.67,2647.34,157,5,0,157
2024-12-05 05:42:00,2647.34,2647.87,2647.34,2647.64,117,5,0,117
2024-12-05 05:45:00,2647.64,2647.65,2647.33,2647.38,89,5,0,89
2024-12-05 05:48:00,2647.38,2648.01,2647.38,2647.56,153,5,0,153
2024-12-05 05:51:00,2647.56,2648.58,2647.56,2648.22,174,5,0,174
2024-12-05 05:54:00,2648.22,2648.8,2648.13,2648.78,157,5,0,157
2024-12-05 05:57:00,2648.78,2649.32,2648.67,2648.9,129,5,0,129
2024-12-05 06:00:00,2648.89,2649.62,2648.73,2648.73,149,5,0,149
2024-12-05 06:03:00,2648.73,2649.03,2648.72,2648.99,100,5,0,100
2024-12-05 06:06:00,2648.99,2649.12,2648.37,2648.54,98,5,0,98
2024-12-05 06:09:00,2648.54,2649.06,2648.5,2648.88,100,5,0,100
2024-12-05 06:12:00,2648.88,2649.2,2648.8,2649.03,92,5,0,92
2024-12-05 06:15:00,2649.03,2649.04,2648.28,2648.4,138,5,0,138
2024-12-05 06:18:00,2648.4,2648.53,2648.28,2648.44,78,5,0,78
2024-12-05 06:21:00,2648.44,2649.11,2648.29,2648.41,102,5,0,102
2024-12-05 06:24:00,2648.33,2648.33,2647.69,2647.72,82,5,0,82
2024-12-05 06:27:00,2647.7,2647.95,2647.3,2647.85,125,5,0,125
2024-12-05 06:30:00,2647.84,2648.47,2647.77,2647.79,94,7,0,94
2024-12-05 06:33:00,2647.79,2647.84,2647.34,2647.45,106,5,0,106
2024-12-05 06:36:00,2647.45,2647.66,2646.97,2647.03,127,5,0,127
2024-12-05 06:39:00,2647.03,2647.04,2645.76,2645.89,186,10,0,186
2024-12-05 06:42:00,2645.89,2646.87,2645.89,2646.64,162,13,0,162
2024-12-05 06:45:00,2646.64,2646.87,2646.49,2646.8,122,10,0,122
2024-12-05 06:48:00,2646.8,2647.24,2646.65,2647.05,172,10,0,172
2024-12-05 06:51:00,2647.05,2647.54,2646.99,2647.23,149,7,0,149
2024-12-05 06:54:00,2647.23,2647.57,2647.11,2647.17,155,5,0,155
2024-12-05 06:57:00,2647.15,2647.15,2646.1,2646.26,220,9,0,220
2024-12-05 07:00:00,2646.26,2646.54,2645.56,2646.45,246,12,0,246
2024-12-05 07:03:00,2646.45,2647.02,2646.3,2646.98,149,11,0,149
2024-12-05 07:06:00,2646.98,2647.16,2646.56,2646.79,106,5,0,106
2024-12-05 07:09:00,2646.79,2647.85,2646.79,2646.92,247,5,0,247
2024-12-05 07:12:00,2646.92,2647.21,2646.71,2647.0,193,11,0,193
2024-12-05 07:15:00,2647.0,2648.15,2646.94,2647.93,195,10,0,195
2024-12-05 07:18:00,2647.93,2649.03,2647.7,2648.61,230,9,0,230
2024-12-05 07:21:00,2648.61,2649.38,2648.59,2649.32,195,10,0,195
2024-12-05 07:24:00,2649.32,2649.38,2648.55,2648.81,193,8,0,193
2024-12-05 07:27:00,2648.81,2649.07,2648.55,2648.72,191,8,0,191
2024-12-05 07:30:00,2648.72,2650.15,2648.54,2649.98,374,8,0,374
2024-12-05 07:33:00,2649.98,2652.41,2649.97,2651.85,538,13,0,538
2024-12-05 07:36:00,2651.85,2654.43,2651.84,2652.64,642,13,0,642
2024-12-05 07:39:00,2652.64,2652.85,2651.82,2652.07,389,13,0,389
2024-12-05 07:42:00,2652.07,2652.78,2651.85,2652.68,420,11,0,420
2024-12-05 07:45:00,2652.68,2653.73,2652.68,2653.55,403,10,0,403
2024-12-05 07:48:00,2653.55,2654.56,2653.43,2654.08,377,8,0,377
2024-12-05 07:51:00,2654.08,2655.54,2654.04,2655.34,333,6,0,333
2024-12-05 07:54:00,2655.34,2655.39,2654.12,2654.9,387,6,0,387
2024-12-05 07:57:00,2654.9,2654.93,2652.95,2653.14,356,7,0,356
2024-12-05 08:00:00,2653.14,2654.13,2652.9,2653.67,346,8,0,346
2024-12-05 08:03:00,2653.67,2653.99,2651.41,2651.75,378,8,0,378
2024-12-05 08:06:00,2651.75,2652.7,2651.2,2652.5,341,9,0,341
2024-12-05 08:09:00,2652.5,2652.66,2651.65,2651.65,252,6,0,252
2024-12-05 08:12:00,2651.63,2651.68,2650.5,2650.93,319,5,0,319
2024-12-05 08:15:00,2650.94,2651.51,2650.84,2651.06,309,5,0,309
2024-12-05 08:18:00,2651.05,2651.05,2650.3,2650.47,318,5,0,318
2024-12-05 08:21:00,2650.47,2651.16,2649.96,2649.96,398,5,0,398
2024-12-05 08:24:00,2649.91,2650.58,2649.73,2649.87,355,6,0,355
2024-12-05 08:27:00,2649.87,2650.73,2649.38,2650.65,387,5,0,387
2024-12-05 08:30:00,2650.65,2651.19,2649.76,2649.85,456,5,0,456
2024-12-05 08:33:00,2649.85,2650.29,2647.88,2648.09,484,7,0,484
2024-12-05 08:36:00,2648.09,2649.78,2647.94,2648.31,490,13,0,490
2024-12-05 08:39:00,2648.32,2649.15,2648.17,2648.32,366,13,0,366
2024-12-05 08:42:00,2648.34,2649.13,2647.72,2648.02,322,12,0,322
2024-12-05 08:45:00,2648.02,2648.61,2647.82,2648.44,324,8,0,324
2024-12-05 08:48:00,2648.44,2648.44,2647.04,2647.73,340,5,0,340
2024-12-05 08:51:00,2647.73,2648.46,2647.36,2648.24,255,5,0,255
2024-12-05 08:54:00,2648.24,2648.24,2646.95,2646.96,269,5,0,269
2024-12-05 08:57:00,2646.97,2647.35,2646.65,2646.96,274,5,0,274
2024-12-05 09:00:00,2646.96,2646.97,2645.45,2646.76,315,5,0,315
2024-12-05 09:03:00,2646.76,2647.63,2646.44,2646.52,266,5,0,266
2024-12-05 09:06:00,2646.52,2647.15,2646.26,2647.04,268,5,0,268
2024-12-05 09:09:00,2647.04,2647.91,2647.02,2647.65,249,5,0,249
2024-12-05 09:12:00,2647.69,2648.09,2647.12,2647.77,261,5,0,261
2024-12-05 09:15:00,2647.77,2649.08,2647.51,2649.05,255,5,0,255
2024-12-05 09:18:00,2649.06,2650.35,2648.95,2650.13,354,5,0,354
2024-12-05 09:21:00,2650.13,2650.43,2649.02,2649.02,280,5,0,280
2024-12-05 09:24:00,2649.01,2649.01,2647.89,2648.15,354,5,0,354
2024-12-05 09:27:00,2648.14,2648.25,2647.52,2647.63,349,5,0,349
2024-12-05 09:30:00,2647.67,2647.83,2647.16,2647.45,216,5,0,216
2024-12-05 09:33:00,2647.45,2649.66,2647.39,2649.39,360,5,0,360
2024-12-05 09:36:00,2649.39,2650.39,2649.37,2650.38,411,5,0,411
2024-12-05 09:39:00,2650.38,2650.98,2649.53,2649.84,398,5,0,398
2024-12-05 09:42:00,2649.84,2649.93,2648.25,2648.56,326,5,0,326
2024-12-05 09:45:00,2648.55,2648.83,2647.81,2648.12,238,5,0,238
2024-12-05 09:48:00,2648.12,2649.08,2647.87,2649.07,183,5,0,183
2024-12-05 09:51:00,2649.07,2649.07,2648.39,2648.39,177,5,0,177
2024-12-05 09:54:00,2648.39,2648.61,2648.21,2648.31,168,5,0,168
2024-12-05 09:57:00,2648.3,2648.84,2647.53,2648.77,260,5,0,260
2024-12-05 10:00:00,2648.77,2650.1,2648.65,2650.06,388,5,0,388
2024-12-05 10:03:00,2650.07,2650.23,2648.87,2648.96,272,5,0,272
2024-12-05 10:06:00,2648.96,2649.02,2646.9,2647.56,278,5,0,278
2024-12-05 10:09:00,2647.56,2647.85,2646.97,2647.13,309,5,0,309
2024-12-05 10:12:00,2647.13,2647.13,2646.4,2646.47,247,5,0,247
2024-12-05 10:15:00,2646.45,2647.05,2644.61,2645.5,372,5,0,372
2024-12-05 10:18:00,2645.49,2645.95,2644.65,2645.75,301,5,0,301
2024-12-05 10:21:00,2645.75,2646.37,2645.62,2645.75,215,5,0,215
2024-12-05 10:24:00,2645.75,2645.75,2643.85,2644.62,284,5,0,284
2024-12-05 10:27:00,2644.61,2646.02,2644.6,2644.85,291,5,0,291
2024-12-05 10:30:00,2644.85,2645.58,2644.43,2645.16,297,5,0,297
2024-12-05 10:33:00,2645.16,2645.36,2644.8,2645.08,261,5,0,261
2024-12-05 10:36:00,2645.0,2645.96,2644.39,2645.48,315,5,0,315
2024-12-05 10:39:00,2645.48,2646.07,2645.41,2646.01,204,5,0,204
2024-12-05 10:42:00,2646.01,2646.81,2645.71,2646.27,323,5,0,323
2024-12-05 10:45:00,2646.26,2646.45,2645.2,2645.3,345,5,0,345
2024-12-05 10:48:00,2645.3,2645.57,2644.49,2645.12,198,5,0,198
2024-12-05 10:51:00,2645.08,2645.65,2643.74,2643.94,306,5,0,306
2024-12-05 10:54:00,2643.94,2644.06,2642.04,2643.41,446,9,0,446
2024-12-05 10:57:00,2643.41,2643.99,2643.23,2643.24,261,5,0,261
2024-12-05 11:00:00,2643.24,2644.23,2642.75,2644.2,354,5,0,354
2024-12-05 11:03:00,2644.22,2646.15,2644.22,2646.01,335,5,0,335
2024-12-05 11:06:00,2646.01,2646.22,2644.27,2644.47,256,5,0,256
2024-12-05 11:09:00,2644.46,2645.17,2644.01,2644.6,262,5,0,262
2024-12-05 11:12:00,2644.6,2644.62,2643.15,2643.29,291,5,0,291
2024-12-05 11:15:00,2643.29,2644.59,2643.2,2644.16,261,5,0,261
2024-12-05 11:18:00,2644.16,2644.24,2642.95,2643.38,266,5,0,266
2024-12-05 11:21:00,2643.47,2643.68,2642.43,2643.52,281,5,0,281
2024-12-05 11:24:00,2643.52,2643.96,2642.67,2643.46,288,5,0,288
2024-12-05 11:27:00,2643.46,2643.48,2641.99,2642.73,261,5,0,261
2024-12-05 11:30:00,2642.73,2643.14,2641.94,2642.89,323,5,0,323
2024-12-05 11:33:00,2642.89,2643.49,2642.11,2643.05,263,5,0,263
2024-12-05 11:36:00,2643.05,2644.59,2642.9,2644.31,214,5,0,214
2024-12-05 11:39:00,2644.31,2645.55,2644.31,2645.37,218,5,0,218
2024-12-05 11:42:00,2645.42,2645.93,2645.16,2645.79,171,5,0,171
2024-12-05 11:45:00,2645.79,2646.04,2645.31,2645.37,299,5,0,299
2024-12-05 11:48:00,2645.37,2645.68,2644.72,2645.68,272,5,0,272
2024-12-05 11:51:00,2645.68,2645.98,2645.36,2645.97,216,5,0,216
2024-12-05 11:54:00,2645.97,2645.98,2645.02,2645.4,190,5,0,190
2024-12-05 11:57:00,2645.4,2645.69,2644.77,2644.89,138,5,0,138
2024-12-05 12:00:00,2644.91,2646.1,2644.79,2645.99,199,5,0,199
2024-12-05 12:03:00,2645.99,2646.59,2645.55,2646.56,255,5,0,255
2024-12-05 12:06:00,2646.56,2647.46,2646.33,2647.33,251,5,0,251
2024-12-05 12:09:00,2647.33,2647.71,2646.89,2647.67,302,5,0,302
2024-12-05 12:12:00,2647.67,2648.71,2647.48,2647.64,333,5,0,333
2024-12-05 12:15:00,2647.64,2648.17,2647.17,2647.82,252,5,0,252
2024-12-05 12:18:00,2647.82,2648.14,2647.0,2647.96,237,5,0,237
2024-12-05 12:21:00,2647.96,2648.24,2647.22,2648.23,187,5,0,187
2024-12-05 12:24:00,2648.24,2648.71,2647.89,2647.99,177,5,0,177
2024-12-05 12:27:00,2647.99,2649.04,2647.82,2648.76,194,5,0,194
2024-12-05 12:30:00,2648.77,2650.28,2648.6,2650.27,313,5,0,313
2024-12-05 12:33:00,2650.27,2650.27,2648.83,2648.99,276,5,0,276
2024-12-05 12:36:00,2648.99,2649.07,2648.4,2648.68,262,5,0,262
2024-12-05 12:39:00,2648.68,2650.05,2648.65,2650.02,271,5,0,271
2024-12-05 12:42:00,2650.01,2650.39,2649.71,2649.85,262,5,0,262
2024-12-05 12:45:00,2649.85,2649.96,2649.18,2649.25,261,5,0,261
2024-12-05 12:48:00,2649.25,2649.27,2648.35,2648.69,229,5,0,229
2024-12-05 12:51:00,2648.69,2649.37,2648.27,2648.39,220,5,0,220
2024-12-05 12:54:00,2648.39,2648.7,2647.96,2648.24,222,5,0,222
2024-12-05 12:57:00,2648.24,2649.2,2648.2,2648.85,217,5,0,217
2024-12-05 13:00:00,2648.85,2649.25,2648.64,2649.03,207,5,0,207
2024-12-05 13:03:00,2649.03,2649.36,2648.36,2649.18,176,5,0,176
2024-12-05 13:06:00,2649.18,2649.18,2648.43,2648.43,163,5,0,163
2024-12-05 13:09:00,2648.43,2649.26,2648.4,2648.97,135,5,0,135
2024-12-05 13:12:00,2649.01,2649.12,2648.86,2649.03,117,5,0,117
2024-12-05 13:15:00,2649.03,2649.73,2648.9,2649.11,135,5,0,135
2024-12-05 13:18:00,2649.12,2649.24,2648.52,2648.72,142,5,0,142
2024-12-05 13:21:00,2648.72,2649.36,2648.16,2649.19,217,5,0,217
2024-12-05 13:24:00,2649.19,2649.23,2648.54,2649.09,145,5,0,145
2024-12-05 13:27:00,2649.09,2650.2,2648.68,2648.77,421,6,0,421
2024-12-05 13:30:00,2648.78,2651.08,2648.59,2650.79,341,5,0,341
2024-12-05 13:33:00,2650.78,2650.78,2649.23,2649.38,326,5,0,326
2024-12-05 13:36:00,2649.3,2649.98,2649.24,2649.51,204,5,0,204
2024-12-05 13:39:00,2649.51,2649.55,2648.67,2648.98,230,5,0,230
2024-12-05 13:42:00,2648.97,2650.06,2648.97,2649.78,323,5,0,323
2024-12-05 13:45:00,2649.78,2650.03,2649.27,2649.77,257,5,0,257
2024-12-05 13:48:00,2649.77,2651.38,2649.48,2651.2,283,5,0,283
2024-12-05 13:51:00,2651.2,2652.53,2651.16,2652.5,313,5,0,313
2024-12-05 13:54:00,2652.5,2652.7,2651.87,2652.13,345,5,0,345
2024-12-05 13:57:00,2652.41,2652.54,2651.09,2651.42,314,5,0,314
2024-12-05 14:00:00,2651.42,2651.9,2650.67,2651.1,305,5,0,305
2024-12-05 14:03:00,2651.11,2651.51,2650.77,2651.26,303,5,0,303
2024-12-05 14:06:00,2651.32,2651.48,2650.62,2650.83,227,5,0,227
2024-12-05 14:09:00,2650.84,2651.28,2649.87,2650.15,292,5,0,292
2024-12-05 14:12:00,2650.09,2651.19,2650.06,2650.47,293,5,0,293
2024-12-05 14:15:00,2650.47,2651.1,2650.0,2650.63,253,5,0,253
2024-12-05 14:18:00,2650.67,2651.21,2649.94,2649.95,220,5,0,220
2024-12-05 14:21:00,2649.93,2650.21,2649.29,2650.12,327,5,0,327
2024-12-05 14:24:00,2650.01,2650.01,2648.72,2649.75,262,5,0,262
2024-12-05 14:27:00,2649.75,2650.05,2648.88,2649.09,274,5,0,274
2024-12-05 14:30:00,2649.1,2649.37,2647.84,2648.58,373,6,0,373
2024-12-05 14:33:00,2648.58,2648.89,2647.58,2648.34,537,9,0,537
2024-12-05 14:36:00,2648.31,2649.68,2648.24,2649.21,336,5,0,336
2024-12-05 14:39:00,2649.21,2650.67,2648.45,2650.46,299,5,0,299
2024-12-05 14:42:00,2650.46,2651.09,2650.36,2650.92,291,5,0,291
2024-12-05 14:45:00,2650.92,2651.02,2650.5,2650.94,252,5,0,252
2024-12-05 14:48:00,2650.94,2651.09,2650.51,2650.95,243,5,0,243
2024-12-05 14:51:00,2650.95,2651.25,2650.29,2650.81,276,5,0,276
2024-12-05 14:54:00,2650.81,2652.14,2650.68,2652.12,294,5,0,294
2024-12-05 14:57:00,2652.12,2653.45,2652.0,2653.34,365,5,0,365
2024-12-05 15:00:00,2653.34,2654.54,2651.76,2651.98,740,5,0,740
2024-12-05 15:03:00,2651.98,2652.27,2651.35,2652.09,559,5,0,559
2024-12-05 15:06:00,2652.09,2652.53,2651.55,2651.56,435,5,0,435
2024-12-05 15:09:00,2651.56,2651.9,2650.79,2650.88,390,5,0,390
2024-12-05 15:12:00,2650.87,2653.32,2650.78,2652.43,511,5,0,511
2024-12-05 15:15:00,2652.43,2652.59,2651.5,2651.85,519,5,0,519
2024-12-05 15:18:00,2651.83,2652.0,2649.98,2650.19,552,5,0,552
2024-12-05 15:21:00,2650.16,2650.42,2648.47,2649.49,607,6,0,607
2024-12-05 15:24:00,2649.49,2649.49,2646.27,2647.41,674,5,0,674
2024-12-05 15:27:00,2647.44,2647.64,2646.54,2647.49,373,5,0,373
2024-12-05 15:30:00,2647.15,2650.76,2647.15,2649.5,706,5,0,706
2024-12-05 15:33:00,2649.5,2649.5,2646.66,2648.34,735,5,0,735
2024-12-05 15:36:00,2648.29,2649.11,2647.62,2648.36,629,5,0,629
2024-12-05 15:39:00,2648.36,2648.4,2644.42,2645.53,746,5,0,746
2024-12-05 15:42:00,2645.52,2646.34,2644.35,2644.91,581,5,0,581
2024-12-05 15:45:00,2644.99,2647.72,2644.38,2646.62,603,5,0,603
2024-12-05 15:48:00,2646.62,2647.99,2646.6,2647.47,569,5,0,569
2024-12-05 15:51:00,2647.47,2649.47,2646.78,2649.07,538,5,0,538
2024-12-05 15:54:00,2649.09,2649.93,2648.02,2648.03,520,5,0,520
2024-12-05 15:57:00,2647.99,2649.29,2647.75,2648.98,617,5,0,617
2024-12-05 16:00:00,2648.98,2650.22,2647.8,2647.87,510,5,0,510
2024-12-05 16:03:00,2647.87,2648.04,2646.33,2646.95,491,5,0,491
2024-12-05 16:06:00,2646.94,2648.52,2646.55,2647.82,525,5,0,525
2024-12-05 16:09:00,2647.83,2648.8,2647.49,2647.61,406,5,0,406
2024-12-05 16:12:00,2647.57,2648.66,2646.6,2648.55,453,5,0,453
2024-12-05 16:15:00,2648.51,2648.84,2646.85,2646.95,514,5,0,514
2024-12-05 16:18:00,2646.95,2647.54,2646.48,2646.93,522,5,0,522
2024-12-05 16:21:00,2646.93,2646.93,2644.88,2644.9,579,5,0,579
2024-12-05 16:24:00,2644.9,2646.92,2644.71,2646.81,517,5,0,517
2024-12-05 16:27:00,2646.79,2647.19,2645.62,2645.67,566,5,0,566
2024-12-05 16:30:00,2645.64,2647.78,2644.78,2646.74,663,8,0,663
2024-12-05 16:33:00,2646.74,2647.74,2646.07,2647.4,584,5,0,584
2024-12-05 16:36:00,2647.4,2647.88,2645.32,2645.74,541,5,0,541
2024-12-05 16:39:00,2645.7,2647.46,2645.04,2647.24,513,5,0,513
2024-12-05 16:42:00,2647.21,2647.79,2646.47,2647.18,469,5,0,469
2024-12-05 16:45:00,2647.18,2647.55,2645.59,2645.67,542,5,0,542
2024-12-05 16:48:00,2645.39,2645.84,2642.98,2643.87,584,5,0,584
2024-12-05 16:51:00,2643.79,2646.73,2643.73,2646.25,544,5,0,544
2024-12-05 16:54:00,2646.26,2646.27,2643.22,2643.35,578,5,0,578
2024-12-05 16:57:00,2643.35,2643.45,2639.59,2640.38,745,5,0,745
2024-12-05 17:00:00,2640.38,2641.56,2639.75,2641.16,909,5,0,909
2024-12-05 17:03:00,2641.09,2641.19,2638.17,2639.21,763,5,0,763
2024-12-05 17:06:00,2639.21,2641.25,2638.84,2639.41,614,5,0,614
2024-12-05 17:09:00,2639.41,2639.82,2636.57,2638.41,627,5,0,627
2024-12-05 17:12:00,2638.41,2639.25,2635.19,2636.24,671,5,0,671
2024-12-05 17:15:00,2636.27,2638.4,2635.55,2637.92,562,5,0,562
2024-12-05 17:18:00,2637.91,2638.62,2636.96,2637.93,552,5,0,552
2024-12-05 17:21:00,2637.94,2639.53,2637.01,2637.01,576,5,0,576
2024-12-05 17:24:00,2637.01,2637.42,2635.15,2635.94,551,5,0,551
2024-12-05 17:27:00,2635.93,2635.97,2633.3,2634.23,625,5,0,625
2024-12-05 17:30:00,2634.17,2635.99,2633.31,2635.78,535,5,0,535
2024-12-05 17:33:00,2635.78,2635.9,2634.3,2635.43,540,5,0,540
2024-12-05 17:36:00,2635.44,2636.41,2634.08,2634.2,504,5,0,504
2024-12-05 17:39:00,2634.2,2634.49,2632.29,2632.61,481,5,0,481
2024-12-05 17:42:00,2632.5,2633.93,2631.93,2633.73,617,5,0,617
2024-12-05 17:45:00,2633.73,2634.95,2633.73,2634.71,535,5,0,535
2024-12-05 17:48:00,2634.76,2638.05,2634.41,2637.92,640,5,0,640
2024-12-05 17:51:00,2637.98,2641.25,2637.98,2639.28,691,5,0,691
2024-12-05 17:54:00,2639.24,2641.41,2639.06,2641.4,566,5,0,566
2024-12-05 17:57:00,2641.4,2642.05,2640.17,2640.3,606,5,0,606
2024-12-05 18:00:00,2640.3,2641.67,2640.29,2641.0,579,5,0,579
2024-12-05 18:03:00,2640.91,2643.06,2640.64,2643.04,515,5,0,515
2024-12-05 18:06:00,2643.03,2643.4,2642.19,2642.53,523,5,0,523
2024-12-05 18:09:00,2642.53,2643.13,2640.39,2640.78,527,5,0,527
2024-12-05 18:12:00,2640.75,2641.29,2639.99,2640.97,644,5,0,644
2024-12-05 18:15:00,2640.97,2642.89,2640.4,2642.88,472,5,0,472
2024-12-05 18:18:00,2642.82,2643.42,2641.55,2641.68,445,5,0,445
2024-12-05 18:21:00,2641.7,2642.14,2640.46,2640.47,433,5,0,433
2024-12-05 18:24:00,2640.47,2640.95,2639.02,2639.11,423,5,0,423
2024-12-05 18:27:00,2639.11,2639.48,2636.84,2637.51,543,5,0,543
2024-12-05 18:30:00,2637.51,2639.76,2637.51,2637.94,368,5,0,368
2024-12-05 18:33:00,2637.95,2637.96,2636.74,2637.47,368,5,0,368
2024-12-05 18:36:00,2637.47,2637.57,2636.65,2637.45,417,5,0,417
2024-12-05 18:39:00,2637.46,2639.25,2637.42,2638.32,380,5,0,380
2024-12-05 18:42:00,2638.3,2638.49,2636.96,2637.89,306,5,0,306
2024-12-05 18:45:00,2637.89,2638.14,2637.24,2637.52,269,5,0,269
2024-12-05 18:48:00,2637.51,2637.53,2635.21,2635.71,386,5,0,386
2024-12-05 18:51:00,2635.71,2636.19,2634.17,2634.3,434,5,0,434
2024-12-05 18:54:00,2634.3,2634.37,2632.94,2633.94,474,5,0,474
2024-12-05 18:57:00,2633.96,2635.52,2633.96,2635.18,385,5,0,385
2024-12-05 19:00:00,2635.18,2635.46,2634.68,2634.68,251,5,0,251
2024-12-05 19:03:00,2634.68,2635.34,2634.01,2635.08,331,6,0,331
2024-12-05 19:06:00,2635.08,2635.88,2633.82,2634.33,375,8,0,375
2024-12-05 19:09:00,2634.33,2634.47,2632.71,2632.79,335,7,0,335
2024-12-05 19:12:00,2632.79,2632.83,2627.11,2627.71,853,7,0,853
2024-12-05 19:15:00,2627.65,2629.98,2627.41,2629.08,589,9,0,589
2024-12-05 19:18:00,2629.02,2629.02,2625.9,2626.05,596,8,0,596
2024-12-05 19:21:00,2626.05,2628.5,2626.0,2627.12,544,5,0,544
2024-12-05 19:24:00,2627.14,2628.07,2625.75,2625.91,450,5,0,450
2024-12-05 19:27:00,2625.9,2626.63,2624.4,2626.63,728,6,0,728
2024-12-05 19:30:00,2626.61,2627.71,2625.4,2626.82,592,7,0,592
2024-12-05 19:33:00,2626.82,2627.68,2625.58,2627.37,476,6,0,476
2024-12-05 19:36:00,2627.46,2627.81,2625.13,2626.0,484,5,0,484
2024-12-05 19:39:00,2626.0,2627.1,2624.56,2624.9,476,5,0,476
2024-12-05 19:42:00,2624.9,2625.66,2623.8,2625.32,436,5,0,436
2024-12-05 19:45:00,2625.32,2627.36,2625.12,2627.29,352,5,0,352
2024-12-05 19:48:00,2627.29,2629.09,2627.26,2628.95,373,5,0,373
2024-12-05 19:51:00,2628.95,2628.95,2626.62,2626.62,385,5,0,385
2024-12-05 19:54:00,2626.62,2627.99,2626.46,2627.28,350,5,0,350
2024-12-05 19:57:00,2627.28,2628.47,2627.28,2628.07,308,5,0,308
2024-12-05 20:00:00,2628.07,2628.94,2627.86,2627.86,333,5,0,333
2024-12-05 20:03:00,2627.86,2628.12,2627.26,2627.48,320,5,0,320
2024-12-05 20:06:00,2627.48,2628.21,2626.75,2628.0,298,5,0,298
2024-12-05 20:09:00,2628.0,2628.34,2626.5,2626.65,286,5,0,286
2024-12-05 20:12:00,2626.65,2626.79,2625.83,2626.46,348,5,0,348
2024-12-05 20:15:00,2626.46,2627.15,2625.74,2625.91,339,5,0,339
2024-12-05 20:18:00,2625.94,2626.25,2624.94,2626.16,397,7,0,397
2024-12-05 20:21:00,2626.09,2626.09,2624.7,2625.41,422,8,0,422
2024-12-05 20:24:00,2625.36,2626.03,2624.01,2624.26,413,7,0,413
2024-12-05 20:27:00,2624.21,2625.97,2623.56,2625.06,452,5,0,452
2024-12-05 20:30:00,2625.06,2626.67,2624.98,2626.53,327,5,0,327
2024-12-05 20:33:00,2626.53,2627.12,2626.35,2626.91,294,5,0,294
2024-12-05 20:36:00,2626.91,2628.64,2626.46,2628.06,270,5,0,270
2024-12-05 20:39:00,2628.06,2629.05,2627.84,2628.74,259,5,0,259
2024-12-05 20:42:00,2628.74,2629.26,2628.04,2628.24,262,5,0,262
2024-12-05 20:45:00,2628.24,2629.15,2627.52,2628.18,312,5,0,312
2024-12-05 20:48:00,2628.17,2628.2,2627.4,2628.16,230,5,0,230
2024-12-05 20:51:00,2628.16,2629.21,2628.16,2629.03,243,5,0,243
2024-12-05 20:54:00,2629.03,2629.29,2628.52,2629.0,242,5,0,242
2024-12-05 20:57:00,2629.0,2629.7,2628.38,2629.61,288,5,0,288
2024-12-05 21:00:00,2629.63,2631.41,2629.63,2630.54,438,5,0,438
2024-12-05 21:03:00,2630.54,2631.52,2629.94,2630.67,329,9,0,329
2024-12-05 21:06:00,2630.74,2630.98,2629.72,2629.96,254,7,0,254
2024-12-05 21:09:00,2629.96,2630.81,2629.47,2629.5,264,5,0,264
2024-12-05 21:12:00,2629.54,2630.7,2629.34,2630.64,241,5,0,241
2024-12-05 21:15:00,2630.65,2630.65,2628.64,2629.15,210,5,0,210
2024-12-05 21:18:00,2629.15,2629.96,2628.86,2629.91,187,5,0,187
2024-12-05 21:21:00,2629.91,2630.29,2629.74,2630.02,144,5,0,144
2024-12-05 21:24:00,2630.02,2630.12,2629.23,2629.93,189,5,0,189
2024-12-05 21:27:00,2629.93,2630.32,2629.65,2629.87,214,5,0,214
2024-12-05 21:30:00,2629.76,2630.24,2628.99,2629.39,212,5,0,212
2024-12-05 21:33:00,2629.39,2629.7,2629.1,2629.57,198,5,0,198
2024-12-05 21:36:00,2629.53,2631.18,2629.44,2631.07,194,5,0,194
2024-12-05 21:39:00,2631.07,2631.2,2630.7,2631.16,202,5,0,202
2024-12-05 21:42:00,2631.15,2631.19,2630.37,2631.05,167,5,0,167
2024-12-05 21:45:00,2631.05,2631.63,2630.51,2631.51,204,5,0,204
2024-12-05 21:48:00,2631.51,2631.72,2630.81,2630.97,219,5,0,219
2024-12-05 21:51:00,2630.97,2631.71,2630.97,2631.35,168,5,0,168
2024-12-05 21:54:00,2631.35,2631.4,2630.0,2630.34,235,5,0,235
2024-12-05 21:57:00,2630.34,2630.63,2629.81,2629.81,253,7,0,253
2024-12-05 22:00:00,2629.81,2631.0,2629.73,2630.84,220,8,0,220
2024-12-05 22:03:00,2630.84,2631.55,2630.28,2631.42,202,5,0,202
2024-12-05 22:06:00,2631.42,2631.78,2630.56,2630.56,200,5,0,200
2024-12-05 22:09:00,2630.56,2630.57,2630.0,2630.4,128,5,0,128
2024-12-05 22:12:00,2630.4,2630.43,2628.65,2629.2,214,5,0,214
2024-12-05 22:15:00,2629.23,2629.8,2629.03,2629.16,187,5,0,187
2024-12-05 22:18:00,2629.16,2629.54,2629.04,2629.04,172,5,0,172
2024-12-05 22:21:00,2629.04,2629.56,2628.61,2629.43,188,5,0,188
2024-12-05 22:24:00,2629.43,2629.5,2628.65,2628.85,176,5,0,176
2024-12-05 22:27:00,2628.85,2629.21,2628.45,2628.69,180,9,0,180
2024-12-05 22:30:00,2628.69,2629.64,2627.99,2629.42,244,9,0,244
2024-12-05 22:33:00,2629.42,2629.61,2628.59,2628.63,191,5,0,191
2024-12-05 22:36:00,2628.63,2629.95,2628.44,2629.91,186,5,0,186
2024-12-05 22:39:00,2629.95,2630.52,2629.95,2630.45,175,5,0,175
2024-12-05 22:42:00,2630.45,2631.15,2629.93,2630.57,198,5,0,198
2024-12-05 22:45:00,2630.57,2631.04,2630.24,2630.88,173,5,0,173
2024-12-05 22:48:00,2630.88,2631.46,2630.55,2630.62,259,5,0,259
2024-12-05 22:51:00,2630.62,2631.0,2630.15,2630.78,204,5,0,204
2024-12-05 22:54:00,2630.78,2631.36,2630.32,2630.77,286,5,0,286
2024-12-05 22:57:00,2630.76,2631.64,2630.74,2631.41,346,8,0,346
2024-12-05 23:00:00,2631.36,2632.31,2631.21,2632.05,151,5,0,151
2024-12-05 23:03:00,2632.05,2632.36,2632.0,2632.05,92,5,0,92
2024-12-05 23:06:00,2632.05,2632.34,2631.57,2631.65,97,5,0,97
2024-12-05 23:09:00,2631.65,2632.38,2631.65,2632.27,110,5,0,110
2024-12-05 23:12:00,2632.27,2632.28,2631.35,2631.37,60,5,0,60
2024-12-05 23:15:00,2631.33,2631.39,2631.07,2631.16,50,5,0,50
2024-12-05 23:18:00,2631.16,2631.41,2631.1,2631.3,85,5,0,85
2024-12-05 23:21:00,2631.3,2631.47,2631.27,2631.39,49,5,0,49
2024-12-05 23:24:00,2631.39,2631.83,2631.39,2631.72,62,5,0,62
2024-12-05 23:27:00,2631.72,2631.88,2631.32,2631.37,46,5,0,46
2024-12-05 23:30:00,2631.37,2631.54,2631.16,2631.46,109,5,0,109
2024-12-05 23:33:00,2631.46,2631.57,2631.27,2631.51,66,5,0,66
2024-12-05 23:36:00,2631.51,2631.61,2631.36,2631.38,46,5,0,46
2024-12-05 23:39:00,2631.38,2631.38,2631.0,2631.2,51,5,0,51
2024-12-05 23:42:00,2631.2,2631.36,2631.01,2631.35,71,37,0,71
2024-12-05 23:45:00,2631.35,2631.84,2631.15,2631.84,90,37,0,90
2024-12-05 23:48:00,2631.84,2632.22,2631.84,2631.94,91,37,0,91
2024-12-05 23:51:00,2631.94,2632.17,2631.87,2632.16,102,37,0,102
2024-12-05 23:54:00,2632.16,2632.31,2631.68,2631.79,55,37,0,55
2024-12-05 23:57:00,2631.81,2632.0,2631.77,2631.78,30,37,0,30
2024-12-06 01:00:00,2631.96,2632.23,2631.9,2631.97,65,8,0,65
2024-12-06 01:03:00,2631.97,2632.15,2631.79,2631.84,66,8,0,66
2024-12-06 01:06:00,2631.84,2631.84,2631.51,2631.59,58,8,0,58
2024-12-06 01:09:00,2631.59,2631.93,2631.55,2631.61,82,9,0,82
2024-12-06 01:12:00,2631.61,2632.21,2631.55,2632.04,77,9,0,77
2024-12-06 01:15:00,2632.04,2632.95,2631.86,2632.95,116,9,0,116
2024-12-06 01:18:00,2632.95,2633.27,2632.27,2632.97,140,10,0,140
2024-12-06 01:21:00,2632.97,2633.2,2632.38,2632.48,86,11,0,86
2024-12-06 01:24:00,2632.48,2632.96,2632.41,2632.84,102,9,0,102
2024-12-06 01:27:00,2632.84,2633.18,2632.79,2632.88,81,7,0,81
2024-12-06 01:30:00,2632.88,2633.43,2632.79,2633.14,76,7,0,76
2024-12-06 01:33:00,2633.14,2633.37,2633.04,2633.11,89,8,0,89
2024-12-06 01:36:00,2633.11,2633.51,2633.01,2633.22,110,5,0,110
2024-12-06 01:39:00,2633.22,2633.27,2632.84,2632.84,55,5,0,55
2024-12-06 01:42:00,2632.84,2633.22,2632.73,2632.98,80,5,0,80
2024-12-06 01:45:00,2632.98,2633.62,2632.81,2633.59,121,5,0,121
2024-12-06 01:48:00,2633.59,2633.82,2633.53,2633.79,68,5,0,68
2024-12-06 01:51:00,2633.79,2633.91,2633.67,2633.84,51,5,0,51
2024-12-06 01:54:00,2633.84,2633.84,2633.38,2633.46,63,5,0,63
2024-12-06 01:57:00,2633.46,2633.85,2633.46,2633.84,70,5,0,70
2024-12-06 02:00:00,2633.84,2633.85,2632.62,2633.12,158,5,0,158
2024-12-06 02:03:00,2633.12,2633.16,2632.52,2632.59,134,10,0,134
2024-12-06 02:06:00,2632.59,2633.08,2632.23,2632.33,181,12,0,181
2024-12-06 02:09:00,2632.33,2632.35,2631.86,2631.96,126,7,0,126
2024-12-06 02:12:00,2631.96,2632.13,2631.72,2632.02,139,8,0,139
2024-12-06 02:15:00,2632.02,2632.11,2631.52,2632.01,120,5,0,120
2024-12-06 02:18:00,2632.01,2632.22,2631.8,2632.2,86,5,0,86
2024-12-06 02:21:00,2632.2,2632.21,2631.9,2632.02,76,5,0,76
2024-12-06 02:24:00,2632.02,2632.05,2631.55,2631.61,69,5,0,69
2024-12-06 02:27:00,2631.61,2631.86,2631.39,2631.79,88,5,0,88
2024-12-06 02:30:00,2631.79,2632.71,2631.79,2632.59,214,5,0,214
2024-12-06 02:33:00,2632.59,2632.95,2632.24,2632.49,167,12,0,167
2024-12-06 02:36:00,2632.49,2632.49,2631.71,2631.79,154,11,0,154
2024-12-06 02:39:00,2631.79,2632.11,2631.61,2631.92,77,7,0,77
2024-12-06 02:42:00,2631.92,2632.4,2631.9,2632.0,144,5,0,144
2024-12-06 02:45:00,2632.0,2632.37,2631.88,2631.95,127,5,0,127
2024-12-06 02:48:00,2631.95,2632.12,2631.48,2631.51,190,5,0,190
2024-12-06 02:51:00,2631.51,2631.51,2630.76,2630.91,217,13,0,217
2024-12-06 02:54:00,2630.91,2631.06,2630.29,2630.31,189,12,0,189
2024-12-06 02:57:00,2630.31,2630.52,2628.17,2628.45,260,13,0,260
2024-12-06 03:00:00,2628.47,2630.5,2628.1,2628.99,668,13,0,668
2024-12-06 03:03:00,2629.0,2629.66,2625.77,2625.9,532,13,0,532
2024-12-06 03:06:00,2625.9,2626.23,2618.82,2619.35,687,13,0,687
2024-12-06 03:09:00,2619.38,2620.64,2613.56,2616.1,888,13,0,888
2024-12-06 03:12:00,2616.18,2616.64,2613.63,2615.69,780,13,0,780
2024-12-06 03:15:00,2615.68,2617.84,2614.54,2616.4,632,10,0,632
2024-12-06 03:18:00,2616.06,2618.01,2614.68,2617.55,525,9,0,525
2024-12-06 03:21:00,2617.55,2619.49,2617.55,2619.49,480,8,0,480
2024-12-06 03:24:00,2619.47,2620.08,2618.36,2619.48,461,6,0,461
2024-12-06 03:27:00,2619.51,2619.51,2617.78,2618.59,501,6,0,501
2024-12-06 03:30:00,2618.59,2621.55,2618.28,2621.55,542,5,0,542
2024-12-06 03:33:00,2621.58,2621.94,2619.65,2620.88,562,5,0,562
2024-12-06 03:36:00,2620.88,2624.22,2620.88,2623.9,584,5,0,584
2024-12-06 03:39:00,2623.91,2624.26,2622.97,2623.03,562,5,0,562
2024-12-06 03:42:00,2623.03,2623.24,2620.49,2620.96,504,5,0,504
2024-12-06 03:45:00,2620.96,2621.16,2616.75,2616.76,654,5,0,654
2024-12-06 03:48:00,2616.76,2620.8,2616.53,2619.39,713,5,0,713
2024-12-06 03:51:00,2619.39,2619.81,2617.93,2618.53,470,6,0,470
2024-12-06 03:54:00,2618.52,2619.96,2618.18,2619.56,489,6,0,489
2024-12-06 03:57:00,2619.56,2619.57,2617.55,2617.56,563,5,0,563
2024-12-06 04:00:00,2617.56,2619.4,2616.9,2619.29,525,6,0,525
2024-12-06 04:03:00,2619.29,2619.76,2618.5,2618.57,422,5,0,422
2024-12-06 04:06:00,2618.57,2620.36,2618.55,2620.35,347,5,0,347
2024-12-06 04:09:00,2620.35,2622.11,2620.27,2622.03,319,5,0,319
2024-12-06 04:12:00,2622.03,2622.41,2620.16,2620.53,377,5,0,377
2024-12-06 04:15:00,2620.53,2620.56,2619.62,2620.55,216,5,0,216
2024-12-06 04:18:00,2620.55,2620.57,2619.14,2619.88,239,5,0,239
2024-12-06 04:21:00,2619.88,2620.62,2619.55,2619.59,190,5,0,190
2024-12-06 04:24:00,2619.59,2621.12,2619.46,2621.12,189,5,0,189
2024-12-06 04:27:00,2621.12,2622.19,2620.75,2621.88,232,5,0,232
2024-12-06 04:30:00,2621.88,2623.07,2621.44,2623.06,407,5,0,407
2024-12-06 04:33:00,2623.06,2623.67,2622.53,2622.8,322,6,0,322
2024-12-06 04:36:00,2622.82,2622.94,2622.19,2622.37,238,5,0,238
2024-12-06 04:39:00,2622.37,2624.36,2622.26,2623.96,451,5,0,451
2024-12-06 04:42:00,2623.96,2625.2,2623.6,2624.5,427,8,0,427
2024-12-06 04:45:00,2624.49,2624.87,2623.99,2624.35,418,9,0,418
2024-12-06 04:48:00,2624.35,2624.39,2623.69,2623.96,340,7,0,340
2024-12-06 04:51:00,2623.96,2624.76,2623.92,2624.66,300,6,0,300
2024-12-06 04:54:00,2624.66,2624.89,2624.06,2624.53,274,5,0,274
2024-12-06 04:57:00,2624.53,2625.58,2624.42,2625.38,353,5,0,353
2024-12-06 05:00:00,2625.38,2625.92,2624.99,2625.81,323,5,0,323
2024-12-06 05:03:00,2625.81,2626.58,2625.7,2626.2,417,6,0,417
2024-12-06 05:06:00,2626.23,2626.6,2625.84,2626.16,379,8,0,379
2024-12-06 05:09:00,2626.16,2629.21,2625.98,2628.68,361,8,0,361
2024-12-06 05:12:00,2628.68,2629.36,2627.69,2628.77,347,13,0,347
2024-12-06 05:15:00,2628.77,2629.61,2628.21,2629.4,385,12,0,385
2024-12-06 05:18:00,2629.4,2632.56,2628.76,2631.67,471,10,0,471
2024-12-06 05:21:00,2631.67,2633.9,2631.53,2633.38,405,13,0,405
2024-12-06 05:24:00,2633.46,2638.15,2633.34,2635.69,653,13,0,653
2024-12-06 05:27:00,2635.68,2636.96,2634.78,2636.43,574,13,0,574
2024-12-06 05:30:00,2636.43,2636.85,2634.26,2635.18,381,11,0,381
2024-12-06 05:33:00,2635.18,2638.54,2634.78,2638.13,455,10,0,455
2024-12-06 05:36:00,2638.14,2639.85,2637.31,2637.62,429,11,0,429
2024-12-06 05:39:00,2637.62,2639.49,2637.62,2638.65,376,9,0,376
2024-12-06 05:42:00,2638.65,2640.14,2638.25,2639.8,381,9,0,381
2024-12-06 05:45:00,2639.76,2640.12,2638.37,2639.3,298,7,0,298
2024-12-06 05:48:00,2639.31,2641.08,2639.14,2640.72,215,5,0,215
2024-12-06 05:51:00,2640.72,2642.24,2640.02,2640.41,327,5,0,327
2024-12-06 05:54:00,2640.41,2641.56,2640.22,2640.81,221,5,0,221
2024-12-06 05:57:00,2640.81,2642.59,2640.65,2640.87,356,5,0,356
2024-12-06 06:00:00,2640.87,2643.15,2640.25,2642.54,340,5,0,340
2024-12-06 06:03:00,2642.56,2643.11,2642.04,2642.75,231,5,0,231
2024-12-06 06:06:00,2642.77,2642.8,2641.45,2642.26,247,5,0,247
2024-12-06 06:09:00,2642.26,2642.56,2642.11,2642.35,250,5,0,250
2024-12-06 06:12:00,2642.35,2642.49,2641.89,2642.28,191,5,0,191
2024-12-06 06:15:00,2642.28,2642.56,2642.04,2642.38,302,5,0,302
2024-12-06 06:18:00,2642.38,2642.39,2640.71,2642.28,358,5,0,358
2024-12-06 06:21:00,2642.28,2642.47,2642.01,2642.44,99,5,0,99
2024-12-06 06:24:00,2642.44,2642.51,2642.2,2642.47,147,5,0,147
2024-12-06 06:27:00,2642.47,2644.61,2642.06,2642.07,372,5,0,372
2024-12-06 06:30:00,2642.05,2642.53,2641.69,2642.13,266,10,0,266
2024-12-06 06:33:00,2642.13,2642.52,2641.89,2642.21,176,7,0,176
2024-12-06 06:36:00,2642.21,2642.58,2641.73,2642.15,154,5,0,154
2024-12-06 06:39:00,2642.15,2643.4,2642.1,2643.27,135,5,0,135
2024-12-06 06:42:00,2643.2,2643.84,2642.62,2642.69,212,5,0,212
2024-12-06 06:45:00,2642.69,2642.8,2641.66,2642.26,171,5,0,171
2024-12-06 06:48:00,2642.26,2642.72,2641.99,2642.41,161,5,0,161
2024-12-06 06:51:00,2642.41,2643.03,2642.07,2642.4,169,5,0,169
2024-12-06 06:54:00,2642.4,2642.46,2641.82,2641.82,133,5,0,133
2024-12-06 06:57:00,2641.82,2642.43,2641.48,2642.3,171,5,0,171
2024-12-06 07:00:00,2642.3,2642.35,2641.52,2641.99,209,5,0,209
2024-12-06 07:03:00,2641.99,2642.12,2641.74,2642.07,173,5,0,173
2024-12-06 07:06:00,2642.07,2642.44,2641.89,2642.22,138,5,0,138
2024-12-06 07:09:00,2642.22,2642.41,2641.99,2642.23,168,5,0,168
2024-12-06 07:12:00,2642.22,2642.32,2642.02,2642.26,109,5,0,109
2024-12-06 07:15:00,2642.26,2642.43,2642.25,2642.31,123,5,0,123
2024-12-06 07:18:00,2642.31,2642.41,2642.11,2642.26,115,5,0,115
2024-12-06 07:21:00,2642.26,2642.43,2642.17,2642.39,132,5,0,132
2024-12-06 07:24:00,2642.39,2642.42,2642.13,2642.29,117,5,0,117
2024-12-06 07:27:00,2642.29,2642.31,2641.97,2641.98,151,5,0,151
2024-12-06 07:30:00,2641.98,2642.72,2639.51,2640.87,718,5,0,718
2024-12-06 07:33:00,2640.87,2641.01,2639.23,2640.24,452,13,0,452
2024-12-06 07:36:00,2640.24,2640.89,2639.52,2639.78,433,13,0,433
2024-12-06 07:39:00,2639.78,2640.01,2636.83,2636.98,431,12,0,431
2024-12-06 07:42:00,2636.98,2637.53,2636.31,2636.82,412,11,0,412
2024-12-06 07:45:00,2636.82,2637.71,2636.46,2637.04,404,11,0,404
2024-12-06 07:48:00,2637.04,2637.04,2635.35,2636.22,550,11,0,550
2024-12-06 07:51:00,2636.22,2638.7,2635.86,2638.17,458,10,0,458
2024-12-06 07:54:00,2638.17,2638.42,2637.61,2638.05,367,6,0,367
2024-12-06 07:57:00,2638.12,2638.79,2637.91,2637.97,350,5,0,350
2024-12-06 08:00:00,2637.97,2638.1,2637.59,2637.96,280,5,0,280
2024-12-06 08:03:00,2637.96,2638.2,2637.45,2637.67,270,5,0,270
2024-12-06 08:06:00,2637.67,2637.97,2636.35,2636.66,347,5,0,347
2024-12-06 08:09:00,2636.66,2637.89,2636.64,2637.49,294,5,0,294
2024-12-06 08:12:00,2637.49,2638.84,2637.42,2638.29,319,5,0,319
2024-12-06 08:15:00,2638.28,2638.83,2638.26,2638.7,286,5,0,286
2024-12-06 08:18:00,2638.7,2638.95,2638.03,2638.57,205,5,0,205
2024-12-06 08:21:00,2638.57,2639.07,2638.26,2638.86,283,5,0,283
2024-12-06 08:24:00,2638.86,2639.2,2638.47,2638.76,247,5,0,247
2024-12-06 08:27:00,2638.76,2640.67,2638.71,2640.38,278,5,0,278
2024-12-06 08:30:00,2640.38,2641.94,2640.38,2641.91,334,8,0,334
2024-12-06 08:33:00,2641.95,2642.25,2639.63,2640.54,442,7,0,442
2024-12-06 08:36:00,2640.55,2640.55,2636.69,2637.77,563,13,0,563
2024-12-06 08:39:00,2637.77,2638.69,2637.18,2638.41,300,12,0,300
2024-12-06 08:42:00,2638.41,2638.9,2638.32,2638.45,220,6,0,220
2024-12-06 08:45:00,2638.45,2639.42,2638.34,2639.12,251,5,0,251
2024-12-06 08:48:00,2639.12,2640.17,2638.75,2639.79,298,7,0,298
2024-12-06 08:51:00,2639.79,2640.03,2639.17,2639.64,238,5,0,238
2024-12-06 08:54:00,2639.64,2640.03,2639.2,2639.49,237,5,0,237
2024-12-06 08:57:00,2639.49,2639.7,2639.17,2639.42,358,5,0,358
2024-12-06 09:00:00,2639.42,2639.43,2637.16,2637.28,421,5,0,421
2024-12-06 09:03:00,2637.28,2639.34,2637.26,2639.18,309,5,0,309
2024-12-06 09:06:00,2639.18,2639.19,2637.69,2637.9,277,5,0,277
2024-12-06 09:09:00,2637.9,2638.5,2637.73,2637.73,201,5,0,201
2024-12-06 09:12:00,2637.73,2638.5,2637.68,2638.32,188,5,0,188
2024-12-06 09:15:00,2638.32,2638.97,2638.18,2638.57,175,5,0,175
2024-12-06 09:18:00,2638.57,2639.13,2638.47,2638.94,206,5,0,206
2024-12-06 09:21:00,2638.92,2639.7,2637.95,2637.96,284,5,0,284
2024-12-06 09:24:00,2637.96,2638.02,2636.76,2636.83,280,5,0,280
2024-12-06 09:27:00,2636.87,2637.02,2636.08,2636.74,412,5,0,412
2024-12-06 09:30:00,2636.75,2638.06,2636.69,2637.43,312,5,0,312
2024-12-06 09:33:00,2637.44,2637.45,2636.5,2636.98,237,5,0,237
2024-12-06 09:36:00,2636.98,2637.83,2636.77,2637.0,249,5,0,249
2024-12-06 09:39:00,2637.0,2637.3,2636.75,2637.08,191,5,0,191
2024-12-06 09:42:00,2637.08,2637.16,2636.66,2636.66,139,5,0,139
2024-12-06 09:45:00,2636.66,2637.82,2636.66,2637.82,206,5,0,206
2024-12-06 09:48:00,2637.82,2637.83,2636.89,2637.31,205,5,0,205
2024-12-06 09:51:00,2637.31,2638.7,2637.3,2638.49,256,5,0,256
2024-12-06 09:54:00,2638.57,2640.21,2638.57,2639.92,206,5,0,206
2024-12-06 09:57:00,2639.92,2640.17,2639.27,2639.78,275,5,0,275
2024-12-06 10:00:00,2639.78,2640.92,2639.21,2640.9,305,5,0,305
2024-12-06 10:03:00,2640.9,2640.94,2638.71,2639.42,338,5,0,338
2024-12-06 10:06:00,2639.42,2640.48,2638.78,2640.39,358,5,0,358
2024-12-06 10:09:00,2640.39,2641.49,2640.39,2640.97,388,5,0,388
2024-12-06 10:12:00,2640.97,2641.36,2640.26,2640.58,310,5,0,310
2024-12-06 10:15:00,2640.58,2640.74,2640.03,2640.04,213,5,0,213
2024-12-06 10:18:00,2640.04,2640.04,2639.0,2639.65,236,5,0,236
2024-12-06 10:21:00,2639.65,2639.65,2638.49,2639.24,235,5,0,235
2024-12-06 10:24:00,2639.56,2640.41,2639.34,2639.49,269,5,0,269
2024-12-06 10:27:00,2639.48,2640.03,2638.67,2638.68,214,5,0,214
2024-12-06 10:30:00,2638.68,2639.54,2637.84,2639.46,294,5,0,294
2024-12-06 10:33:00,2639.46,2640.02,2638.48,2639.9,236,5,0,236
2024-12-06 10:36:00,2639.9,2640.93,2639.9,2640.6,227,5,0,227
2024-12-06 10:39:00,2640.6,2642.11,2640.6,2641.35,297,5,0,297
2024-12-06 10:42:00,2641.35,2642.18,2641.03,2641.98,278,5,0,278
2024-12-06 10:45:00,2641.98,2643.62,2641.97,2643.02,262,5,0,262
2024-12-06 10:48:00,2643.02,2643.05,2641.16,2641.93,328,5,0,328
2024-12-06 10:51:00,2641.93,2642.16,2641.22,2641.33,243,5,0,243
2024-12-06 10:54:00,2641.34,2642.88,2641.33,2642.87,279,5,0,279
2024-12-06 10:57:00,2642.87,2645.22,2642.85,2644.2,335,5,0,335
2024-12-06 11:00:00,2644.2,2645.03,2643.66,2643.76,337,8,0,337
2024-12-06 11:03:00,2643.76,2644.3,2643.35,2643.39,309,5,0,309
2024-12-06 11:06:00,2643.4,2645.65,2642.98,2645.3,438,5,0,438
2024-12-06 11:09:00,2645.3,2645.33,2644.43,2644.49,349,5,0,349
2024-12-06 11:12:00,2644.49,2644.49,2642.84,2643.17,396,5,0,396
2024-12-06 11:15:00,2643.17,2643.77,2641.34,2641.54,393,5,0,393
2024-12-06 11:18:00,2641.55,2641.91,2641.0,2641.29,284,5,0,284
2024-12-06 11:21:00,2641.24,2642.47,2641.2,2641.86,335,5,0,335
2024-12-06 11:24:00,2641.86,2641.97,2640.81,2641.72,324,5,0,324
2024-12-06 11:27:00,2641.75,2642.73,2641.32,2642.29,348,5,0,348
2024-12-06 11:30:00,2642.29,2642.44,2640.78,2640.92,228,5,0,228
2024-12-06 11:33:00,2640.88,2641.01,2639.88,2640.02,288,5,0,288
2024-12-06 11:36:00,2640.02,2642.22,2639.83,2642.21,420,5,0,420
2024-12-06 11:39:00,2642.19,2642.3,2641.85,2641.95,321,5,0,321
2024-12-06 11:42:00,2641.95,2642.77,2641.12,2642.58,359,5,0,359
2024-12-06 11:45:00,2642.55,2643.35,2641.28,2641.29,343,5,0,343
2024-12-06 11:48:00,2641.28,2641.57,2640.73,2640.74,314,5,0,314
2024-12-06 11:51:00,2640.74,2641.76,2640.64,2641.45,257,5,0,257
2024-12-06 11:54:00,2641.45,2641.9,2640.59,2640.59,219,5,0,219
2024-12-06 11:57:00,2640.59,2641.07,2640.24,2640.79,221,5,0,221
2024-12-06 12:00:00,2640.79,2641.0,2640.12,2640.76,200,5,0,200
2024-12-06 12:03:00,2640.76,2640.89,2639.83,2640.1,212,5,0,212
2024-12-06 12:06:00,2640.1,2640.75,2639.32,2639.43,344,5,0,344
2024-12-06 12:09:00,2639.43,2639.87,2639.23,2639.49,332,5,0,332
2024-12-06 12:12:00,2639.49,2639.61,2638.35,2638.78,424,5,0,424
2024-12-06 12:15:00,2638.78,2639.36,2638.26,2638.56,311,5,0,311
2024-12-06 12:18:00,2638.56,2640.14,2638.56,2639.59,204,5,0,204
2024-12-06 12:21:00,2639.59,2639.67,2638.23,2638.82,211,5,0,211
2024-12-06 12:24:00,2638.82,2639.03,2637.26,2637.99,282,5,0,282
2024-12-06 12:27:00,2637.97,2637.97,2636.79,2637.44,198,5,0,198
2024-12-06 12:30:00,2637.44,2637.61,2636.62,2636.63,284,5,0,284
2024-12-06 12:33:00,2636.63,2637.25,2636.5,2636.57,213,5,0,213
2024-12-06 12:36:00,2636.57,2637.28,2636.54,2637.28,195,5,0,195
2024-12-06 12:39:00,2637.28,2637.29,2635.05,2635.39,263,5,0,263
2024-12-06 12:42:00,2635.41,2636.34,2634.55,2634.83,267,5,0,267
2024-12-06 12:45:00,2634.83,2634.98,2633.54,2633.91,387,5,0,387
2024-12-06 12:48:00,2633.92,2635.75,2633.8,2635.63,421,9,0,421
2024-12-06 12:51:00,2635.63,2636.34,2635.53,2636.08,270,5,0,270
2024-12-06 12:54:00,2636.08,2636.16,2635.0,2635.07,202,5,0,202
2024-12-06 12:57:00,2635.07,2635.49,2634.05,2634.16,258,5,0,258
2024-12-06 13:00:00,2634.15,2634.59,2632.43,2633.2,322,5,0,322
2024-12-06 13:03:00,2633.2,2635.78,2633.14,2635.52,319,5,0,319
2024-12-06 13:06:00,2635.53,2635.96,2635.19,2635.56,175,5,0,175
2024-12-06 13:09:00,2635.56,2636.31,2635.4,2636.16,196,5,0,196
2024-12-06 13:12:00,2636.16,2636.48,2636.12,2636.33,188,5,0,188
2024-12-06 13:15:00,2636.33,2637.31,2636.21,2637.26,178,5,0,178
2024-12-06 13:18:00,2637.26,2637.82,2636.68,2637.61,184,5,0,184
2024-12-06 13:21:00,2637.61,2637.91,2637.2,2637.41,212,5,0,212
2024-12-06 13:24:00,2637.41,2638.19,2637.41,2638.17,155,5,0,155
2024-12-06 13:27:00,2638.17,2638.47,2637.29,2637.84,268,5,0,268
2024-12-06 13:30:00,2637.83,2639.09,2637.56,2638.77,246,5,0,246
2024-12-06 13:33:00,2638.77,2639.03,2638.02,2638.96,206,5,0,206
2024-12-06 13:36:00,2638.96,2639.33,2638.79,2639.04,191,5,0,191
2024-12-06 13:39:00,2639.04,2639.12,2636.97,2637.0,211,5,0,211
2024-12-06 13:42:00,2637.0,2637.91,2636.73,2637.46,297,5,0,297
2024-12-06 13:45:00,2637.46,2637.69,2636.97,2637.69,281,5,0,281
2024-12-06 13:48:00,2637.73,2638.41,2637.48,2637.9,229,5,0,229
2024-12-06 13:51:00,2637.9,2639.32,2637.76,2638.82,225,5,0,225
2024-12-06 13:54:00,2638.83,2639.25,2638.22,2638.28,187,5,0,187
2024-12-06 13:57:00,2638.28,2639.29,2638.28,2638.52,235,5,0,235
2024-12-06 14:00:00,2638.52,2638.52,2635.77,2636.61,470,5,0,470
2024-12-06 14:03:00,2636.61,2638.03,2636.39,2636.5,414,5,0,414
2024-12-06 14:06:00,2636.49,2637.25,2636.27,2636.73,333,5,0,333
2024-12-06 14:09:00,2636.73,2638.11,2636.35,2638.1,268,5,0,268
2024-12-06 14:12:00,2638.1,2639.62,2637.81,2639.61,276,5,0,276
2024-12-06 14:15:00,2639.61,2639.78,2638.64,2639.21,294,5,0,294
2024-12-06 14:18:00,2639.21,2641.14,2639.21,2640.83,457,5,0,457
2024-12-06 14:21:00,2640.83,2640.99,2639.36,2639.58,324,5,0,324
2024-12-06 14:24:00,2639.57,2639.66,2638.91,2639.14,341,5,0,341
2024-12-06 14:27:00,2639.13,2639.58,2638.78,2639.34,300,5,0,300
2024-12-06 14:30:00,2639.35,2640.04,2639.25,2639.65,324,5,0,324
2024-12-06 14:33:00,2639.66,2640.03,2638.9,2639.42,342,5,0,342
2024-12-06 14:36:00,2639.42,2640.83,2639.42,2640.83,344,5,0,344
2024-12-06 14:39:00,2640.84,2641.12,2639.76,2639.99,273,5,0,273
2024-12-06 14:42:00,2639.99,2641.47,2639.87,2640.75,378,5,0,378
2024-12-06 14:45:00,2640.75,2640.75,2639.18,2639.67,363,5,0,363
2024-12-06 14:48:00,2639.67,2639.99,2638.89,2639.46,283,5,0,283
2024-12-06 14:51:00,2639.46,2639.73,2637.55,2637.95,511,5,0,511
2024-12-06 14:54:00,2637.95,2638.66,2637.33,2637.52,340,5,0,340
2024-12-06 14:57:00,2637.52,2638.82,2637.44,2638.55,335,5,0,335
2024-12-06 15:00:00,2638.55,2639.68,2635.84,2636.51,793,5,0,793
2024-12-06 15:03:00,2636.51,2637.6,2636.17,2636.75,624,5,0,624
2024-12-06 15:06:00,2636.74,2637.63,2636.1,2636.9,534,5,0,534
2024-12-06 15:09:00,2636.91,2637.63,2635.78,2636.55,503,5,0,503
2024-12-06 15:12:00,2636.55,2636.59,2635.36,2636.41,458,5,0,458
2024-12-06 15:15:00,2636.41,2637.05,2635.6,2636.63,346,5,0,346
2024-12-06 15:18:00,2636.73,2636.9,2634.03,2635.34,543,5,0,543
2024-12-06 15:21:00,2635.33,2637.31,2635.21,2637.13,513,5,0,513
2024-12-06 15:24:00,2637.13,2637.98,2636.42,2636.43,373,5,0,373
2024-12-06 15:27:00,2636.4,2636.63,2635.1,2635.73,389,5,0,389
2024-12-06 15:30:00,2635.73,2643.28,2631.37,2637.93,411,8,0,411
2024-12-06 15:33:00,2637.9,2639.52,2634.91,2636.74,503,5,0,503
2024-12-06 15:36:00,2636.71,2641.96,2636.28,2641.78,635,5,0,635
2024-12-06 15:39:00,2641.86,2643.37,2639.46,2640.19,646,5,0,646
2024-12-06 15:42:00,2640.13,2640.61,2635.43,2635.8,710,5,0,710
2024-12-06 15:45:00,2635.81,2637.56,2634.63,2636.24,641,5,0,641
2024-12-06 15:48:00,2636.24,2636.5,2631.8,2633.4,659,5,0,659
2024-12-06 15:51:00,2633.4,2636.37,2632.87,2636.2,632,5,0,632
2024-12-06 15:54:00,2636.2,2637.64,2634.92,2635.27,699,5,0,699
2024-12-06 15:57:00,2635.22,2636.69,2634.82,2635.64,600,5,0,600
2024-12-06 16:00:00,2635.75,2638.96,2635.32,2637.56,653,5,0,653
2024-12-06 16:03:00,2637.48,2637.48,2633.44,2633.75,623,5,0,623
2024-12-06 16:06:00,2633.75,2634.01,2629.63,2630.25,697,5,0,697
2024-12-06 16:09:00,2630.35,2630.35,2624.38,2624.78,732,5,0,732
2024-12-06 16:12:00,2624.98,2629.3,2624.11,2628.21,794,5,0,794
2024-12-06 16:15:00,2628.22,2630.12,2627.44,2630.12,708,5,0,708
2024-12-06 16:18:00,2630.24,2631.16,2627.03,2627.16,728,5,0,728
2024-12-06 16:21:00,2627.35,2631.06,2627.35,2630.83,781,5,0,781
2024-12-06 16:24:00,2630.82,2632.29,2630.26,2632.26,722,5,0,722
2024-12-06 16:27:00,2632.28,2632.67,2629.4,2629.82,579,5,0,579
2024-12-06 16:30:00,2629.82,2632.37,2627.99,2632.37,530,5,0,530
2024-12-06 16:33:00,2632.43,2632.43,2628.96,2629.85,601,5,0,601
2024-12-06 16:36:00,2629.8,2630.01,2627.25,2629.19,759,5,0,759
2024-12-06 16:39:00,2629.08,2630.28,2627.22,2628.44,695,5,0,695
2024-12-06 16:42:00,2628.44,2629.38,2625.92,2629.33,815,5,0,815
2024-12-06 16:45:00,2629.35,2632.46,2629.35,2631.85,802,5,0,802
2024-12-06 16:48:00,2631.85,2634.78,2631.85,2634.77,644,5,0,644
2024-12-06 16:51:00,2634.79,2635.94,2633.74,2633.84,715,5,0,715
2024-12-06 16:54:00,2633.84,2634.66,2632.98,2633.94,612,5,0,612
2024-12-06 16:57:00,2633.94,2636.03,2632.81,2635.6,534,5,0,534
2024-12-06 17:00:00,2635.6,2635.94,2632.6,2635.12,549,5,0,549
2024-12-06 17:03:00,2635.1,2638.78,2635.09,2637.61,653,5,0,653
2024-12-06 17:06:00,2637.62,2639.79,2637.44,2639.36,594,5,0,594
2024-12-06 17:09:00,2639.36,2639.83,2637.55,2639.83,580,5,0,580
2024-12-06 17:12:00,2639.84,2640.56,2636.36,2636.97,701,5,0,701
2024-12-06 17:15:00,2636.97,2637.32,2635.63,2637.16,661,5,0,661
2024-12-06 17:18:00,2637.15,2637.84,2636.36,2636.62,730,5,0,730
2024-12-06 17:21:00,2636.61,2637.82,2634.57,2635.92,780,5,0,780
2024-12-06 17:24:00,2635.94,2638.92,2635.85,2638.44,737,5,0,737
2024-12-06 17:27:00,2638.54,2639.75,2637.56,2638.24,646,5,0,646
2024-12-06 17:30:00,2638.34,2640.24,2637.91,2639.6,562,5,0,562
2024-12-06 17:33:00,2639.6,2639.77,2638.42,2638.63,517,5,0,517
2024-12-06 17:36:00,2638.54,2638.97,2636.41,2636.5,626,5,0,626
2024-12-06 17:39:00,2636.51,2637.13,2634.45,2634.45,692,5,0,692
2024-12-06 17:42:00,2634.46,2635.23,2633.5,2634.49,646,5,0,646
2024-12-06 17:45:00,2634.47,2635.63,2633.84,2635.11,533,5,0,533
2024-12-06 17:48:00,2635.11,2636.28,2634.85,2636.03,516,5,0,516
2024-12-06 17:51:00,2635.83,2636.49,2634.24,2635.56,448,5,0,448
2024-12-06 17:54:00,2635.46,2637.19,2635.27,2637.14,427,5,0,427
2024-12-06 17:57:00,2637.14,2637.82,2636.1,2637.66,399,5,0,399
2024-12-06 18:00:00,2637.67,2638.68,2637.08,2638.51,363,5,0,363
2024-12-06 18:03:00,2638.51,2639.14,2637.45,2638.39,399,5,0,399
2024-12-06 18:06:00,2638.39,2638.44,2635.58,2636.07,477,5,0,477
2024-12-06 18:09:00,2636.07,2637.66,2635.71,2636.84,409,5,0,409
2024-12-06 18:12:00,2636.83,2638.0,2636.75,2637.02,429,5,0,429
2024-12-06 18:15:00,2636.88,2637.87,2636.47,2637.81,434,5,0,434
2024-12-06 18:18:00,2637.77,2640.6,2637.3,2640.49,449,5,0,449
2024-12-06 18:21:00,2640.51,2640.68,2639.37,2640.34,436,5,0,436
2024-12-06 18:24:00,2640.34,2640.48,2638.75,2639.62,434,5,0,434
2024-12-06 18:27:00,2639.67,2639.84,2638.83,2639.27,375,5,0,375
2024-12-06 18:30:00,2639.36,2640.39,2638.7,2640.38,473,5,0,473
2024-12-06 18:33:00,2640.38,2641.28,2639.95,2640.2,462,5,0,462
2024-12-06 18:36:00,2640.22,2641.64,2639.94,2640.62,454,5,0,454
2024-12-06 18:39:00,2640.62,2640.85,2639.23,2639.4,420,5,0,420
2024-12-06 18:42:00,2639.4,2640.62,2639.38,2640.21,288,5,0,288
2024-12-06 18:45:00,2640.21,2640.49,2639.24,2639.42,335,5,0,335
2024-12-06 18:48:00,2639.45,2640.21,2639.34,2639.85,381,5,0,381
2024-12-06 18:51:00,2639.86,2640.28,2639.18,2640.27,359,5,0,359
2024-12-06 18:54:00,2640.27,2640.36,2639.5,2640.26,294,5,0,294
2024-12-06 18:57:00,2640.26,2640.66,2639.76,2640.45,304,5,0,304
2024-12-06 19:00:00,2640.48,2640.67,2636.89,2637.31,477,5,0,477
2024-12-06 19:03:00,2637.33,2637.44,2635.58,2636.35,488,5,0,488
2024-12-06 19:06:00,2636.35,2639.09,2636.05,2638.81,383,5,0,383
2024-12-06 19:09:00,2638.81,2639.82,2638.52,2638.86,332,5,0,332
2024-12-06 19:12:00,2638.86,2639.96,2638.72,2639.49,252,5,0,252
2024-12-06 19:15:00,2639.59,2640.16,2639.45,2639.67,253,5,0,253
2024-12-06 19:18:00,2639.67,2639.67,2637.75,2637.77,253,5,0,253
2024-12-06 19:21:00,2637.77,2638.08,2636.89,2637.07,241,5,0,241
2024-12-06 19:24:00,2637.07,2638.24,2636.92,2637.1,249,5,0,249
2024-12-06 19:27:00,2637.07,2637.62,2636.45,2637.31,276,5,0,276
2024-12-06 19:30:00,2637.31,2637.65,2636.6,2636.74,276,6,0,276
2024-12-06 19:33:00,2636.74,2637.04,2635.65,2636.46,311,5,0,311
2024-12-06 19:36:00,2636.46,2637.01,2636.04,2636.37,277,5,0,277
2024-12-06 19:39:00,2636.37,2636.66,2634.96,2635.08,317,5,0,317
2024-12-06 19:42:00,2635.08,2635.52,2634.61,2635.07,357,5,0,357
2024-12-06 19:45:00,2635.07,2635.23,2634.73,2634.87,250,5,0,250
2024-12-06 19:48:00,2634.87,2635.13,2634.24,2634.83,324,5,0,324
2024-12-06 19:51:00,2634.83,2635.65,2634.46,2635.42,271,5,0,271
2024-12-06 19:54:00,2635.42,2635.94,2634.55,2634.77,307,6,0,307
2024-12-06 19:57:00,2634.77,2635.46,2634.65,2634.98,333,6,0,333
2024-12-06 20:00:00,2634.92,2635.75,2634.15,2635.34,326,8,0,326
2024-12-06 20:03:00,2635.34,2635.96,2634.8,2635.21,282,5,0,282
2024-12-06 20:06:00,2635.3,2636.24,2635.28,2635.75,287,7,0,287
2024-12-06 20:09:00,2635.8,2637.04,2635.75,2636.94,352,5,0,352
2024-12-06 20:12:00,2636.94,2637.18,2636.36,2636.85,274,5,0,274
2024-12-06 20:15:00,2636.85,2637.95,2636.85,2637.36,236,5,0,236
2024-12-06 20:18:00,2637.36,2638.35,2637.15,2637.91,189,5,0,189
2024-12-06 20:21:00,2637.91,2638.76,2637.76,2638.48,257,5,0,257
2024-12-06 20:24:00,2638.46,2638.98,2638.3,2638.78,243,5,0,243
2024-12-06 20:27:00,2638.82,2639.02,2637.28,2637.68,313,5,0,313
2024-12-06 20:30:00,2637.8,2637.81,2636.2,2636.54,305,9,0,305
2024-12-06 20:33:00,2636.54,2636.95,2635.51,2636.22,240,9,0,240
2024-12-06 20:36:00,2636.22,2636.82,2636.16,2636.72,177,5,0,177
2024-12-06 20:39:00,2636.72,2637.07,2636.13,2636.82,209,5,0,209
2024-12-06 20:42:00,2636.82,2637.04,2636.48,2636.77,185,5,0,185
2024-12-06 20:45:00,2636.77,2636.77,2636.02,2636.45,145,5,0,145
2024-12-06 20:48:00,2636.45,2637.0,2636.29,2636.29,175,5,0,175
2024-12-06 20:51:00,2636.29,2636.75,2635.89,2636.7,157,5,0,157
2024-12-06 20:54:00,2636.7,2637.08,2636.65,2636.84,186,5,0,186
2024-12-06 20:57:00,2636.84,2637.3,2636.7,2637.25,203,5,0,203
2024-12-06 21:00:00,2637.32,2637.46,2636.35,2637.27,229,5,0,229
2024-12-06 21:03:00,2637.27,2637.44,2635.97,2635.97,183,5,0,183
2024-12-06 21:06:00,2635.97,2635.97,2635.4,2635.71,211,5,0,211
2024-12-06 21:09:00,2635.73,2635.83,2634.62,2634.78,269,5,0,269
2024-12-06 21:12:00,2634.78,2635.13,2634.56,2634.95,188,5,0,188
2024-12-06 21:15:00,2634.95,2634.95,2634.22,2634.46,218,5,0,218
2024-12-06 21:18:00,2634.46,2634.84,2634.13,2634.13,182,5,0,182
2024-12-06 21:21:00,2634.13,2635.15,2634.13,2635.06,219,8,0,219
2024-12-06 21:24:00,2635.07,2635.07,2634.25,2634.54,160,6,0,160
2024-12-06 21:27:00,2634.54,2634.54,2633.43,2633.88,256,5,0,256
2024-12-06 21:30:00,2633.88,2634.22,2633.29,2633.99,288,6,0,288
2024-12-06 21:33:00,2633.99,2634.76,2633.87,2634.58,183,5,0,183
2024-12-06 21:36:00,2634.58,2635.05,2634.45,2634.68,186,5,0,186
2024-12-06 21:39:00,2634.68,2634.83,2633.67,2633.96,230,5,0,230
2024-12-06 21:42:00,2634.06,2634.15,2633.48,2634.03,193,5,0,193
2024-12-06 21:45:00,2634.03,2634.23,2633.39,2633.91,193,5,0,193
2024-12-06 21:48:00,2633.92,2634.03,2633.02,2633.12,250,5,0,250
2024-12-06 21:51:00,2633.12,2634.4,2633.11,2634.38,183,5,0,183
2024-12-06 21:54:00,2634.38,2634.45,2633.84,2634.4,240,5,0,240
2024-12-06 21:57:00,2634.4,2635.29,2634.39,2634.89,289,5,0,289
2024-12-06 22:00:00,2634.89,2635.15,2633.43,2633.56,387,5,0,387
2024-12-06 22:03:00,2633.57,2635.61,2633.57,2635.07,243,9,0,243
2024-12-06 22:06:00,2635.07,2635.81,2634.94,2635.75,176,5,0,176
2024-12-06 22:09:00,2635.75,2635.8,2634.71,2634.8,144,5,0,144
2024-12-06 22:12:00,2634.8,2634.83,2634.1,2634.56,169,5,0,169
2024-12-06 22:15:00,2634.55,2635.26,2634.21,2635.13,152,5,0,152
2024-12-06 22:18:00,2635.13,2635.73,2635.08,2635.62,160,5,0,160
2024-12-06 22:21:00,2635.62,2636.41,2635.46,2636.05,208,5,0,208
2024-12-06 22:24:00,2636.05,2636.4,2635.73,2636.06,147,5,0,147
2024-12-06 22:27:00,2636.06,2636.16,2635.33,2635.56,148,5,0,148
2024-12-06 22:30:00,2635.58,2635.58,2634.85,2635.54,198,5,0,198
2024-12-06 22:33:00,2635.54,2635.91,2635.34,2635.42,125,5,0,125
2024-12-06 22:36:00,2635.42,2635.44,2634.93,2635.33,161,5,0,161
2024-12-06 22:39:00,2635.33,2635.44,2634.34,2634.43,193,5,0,193
2024-12-06 22:42:00,2634.43,2634.48,2634.01,2634.44,131,5,0,131
2024-12-06 22:45:00,2634.44,2635.04,2634.11,2634.12,195,5,0,195
2024-12-06 22:48:00,2634.12,2634.27,2633.84,2634.23,200,5,0,200
2024-12-06 22:51:00,2634.21,2634.25,2633.04,2633.17,229,5,0,229
2024-12-06 22:54:00,2633.17,2633.52,2632.79,2632.91,254,5,0,254
2024-12-06 22:57:00,2632.91,2633.17,2631.54,2631.94,330,9,0,330
2024-12-06 23:00:00,2631.91,2632.78,2631.91,2632.68,220,6,0,220
2024-12-06 23:03:00,2632.68,2632.89,2632.19,2632.86,121,5,0,121
2024-12-06 23:06:00,2632.86,2633.4,2632.83,2633.06,138,5,0,138
2024-12-06 23:09:00,2633.06,2633.07,2632.86,2632.91,51,5,0,51
2024-12-06 23:12:00,2632.91,2632.91,2632.42,2632.43,73,5,0,73
2024-12-06 23:15:00,2632.51,2632.58,2632.26,2632.5,106,5,0,106
2024-12-06 23:18:00,2632.5,2632.52,2632.08,2632.36,91,5,0,91
2024-12-06 23:21:00,2632.36,2632.46,2631.73,2631.75,91,5,0,91
2024-12-06 23:24:00,2631.75,2631.94,2631.17,2631.48,135,5,0,135
2024-12-06 23:27:00,2631.48,2631.78,2631.42,2631.7,78,5,0,78
2024-12-06 23:30:00,2631.7,2631.79,2631.53,2631.58,85,5,0,85
2024-12-06 23:33:00,2631.58,2632.03,2631.52,2632.02,70,5,0,70
2024-12-06 23:36:00,2632.02,2632.91,2631.88,2632.65,105,5,0,105
2024-12-06 23:39:00,2632.65,2633.07,2632.44,2632.7,66,9,0,66
2024-12-06 23:42:00,2632.7,2632.9,2632.64,2632.89,24,37,0,24
2024-12-06 23:45:00,2632.89,2632.89,2632.39,2632.78,111,37,0,111
2024-12-06 23:48:00,2632.78,2633.46,2632.74,2633.39,111,37,0,111
2024-12-06 23:51:00,2633.39,2633.75,2633.15,2633.4,98,37,0,98
2024-12-06 23:54:00,2633.4,2633.62,2632.33,2632.65,113,37,0,113
2024-12-06 23:57:00,2632.65,2633.39,2632.46,2633.29,82,37,0,82
2024-12-09 01:03:00,2643.14,2645.4,2642.71,2645.33,124,8,0,124
2024-12-09 01:06:00,2645.39,2648.12,2643.09,2643.64,531,8,0,531
2024-12-09 01:09:00,2643.64,2646.7,2643.05,2646.7,341,7,0,341
2024-12-09 01:12:00,2646.7,2646.72,2642.35,2642.8,373,7,0,373
2024-12-09 01:15:00,2642.8,2643.59,2640.93,2643.59,278,7,0,278
2024-12-09 01:18:00,2643.63,2644.79,2642.16,2642.17,293,7,0,293
2024-12-09 01:21:00,2642.17,2643.0,2641.63,2642.64,178,6,0,178
2024-12-09 01:24:00,2642.64,2642.95,2641.29,2641.29,157,6,0,157
2024-12-09 01:27:00,2641.29,2641.45,2636.69,2638.01,386,6,0,386
2024-12-09 01:30:00,2638.01,2638.73,2636.34,2636.79,280,8,0,280
2024-12-09 01:33:00,2636.79,2639.69,2636.79,2638.08,281,8,0,281
2024-12-09 01:36:00,2638.08,2638.5,2637.5,2638.5,130,6,0,130
2024-12-09 01:39:00,2638.53,2639.58,2637.77,2638.29,179,6,0,179
2024-12-09 01:42:00,2638.29,2638.85,2638.1,2638.1,87,5,0,87
2024-12-09 01:45:00,2638.09,2638.09,2636.84,2637.4,187,5,0,187
2024-12-09 01:48:00,2637.4,2638.34,2637.34,2638.25,125,5,0,125
2024-12-09 01:51:00,2638.25,2638.77,2637.44,2637.45,136,5,0,136
2024-12-09 01:54:00,2637.43,2638.25,2637.43,2637.93,96,5,0,96
2024-12-09 01:57:00,2637.93,2640.14,2637.88,2640.14,139,5,0,139
2024-12-09 02:00:00,2640.14,2640.14,2634.46,2635.56,539,5,0,539
2024-12-09 02:03:00,2635.56,2636.24,2634.5,2634.5,263,10,0,263
2024-12-09 02:06:00,2634.5,2637.23,2634.16,2636.08,344,9,0,344
2024-12-09 02:09:00,2636.08,2637.12,2635.74,2635.84,317,9,0,317
2024-12-09 02:12:00,2635.83,2637.02,2635.79,2636.51,216,7,0,216
2024-12-09 02:15:00,2636.51,2636.58,2634.82,2635.64,278,6,0,278
2024-12-09 02:18:00,2635.64,2636.14,2635.07,2635.22,207,5,0,207
2024-12-09 02:21:00,2635.26,2635.76,2635.0,2635.67,148,5,0,148
2024-12-09 02:24:00,2635.67,2635.67,2632.9,2633.08,287,5,0,287
2024-12-09 02:27:00,2633.08,2633.65,2630.91,2631.09,403,7,0,403
2024-12-09 02:30:00,2631.06,2631.06,2628.86,2629.76,464,9,0,464
2024-12-09 02:33:00,2629.76,2630.57,2627.78,2628.02,313,11,0,313
2024-12-09 02:36:00,2628.01,2630.17,2627.52,2629.4,245,9,0,245
2024-12-09 02:39:00,2629.4,2629.54,2627.79,2629.26,265,8,0,265
2024-12-09 02:42:00,2629.27,2629.47,2628.49,2628.51,191,5,0,191
2024-12-09 02:45:00,2628.51,2629.67,2628.17,2629.02,245,5,0,245
2024-12-09 02:48:00,2629.03,2630.49,2628.93,2630.46,252,5,0,252
2024-12-09 02:51:00,2630.46,2630.74,2629.24,2629.43,213,5,0,213
2024-12-09 02:54:00,2629.43,2629.95,2628.29,2628.85,260,5,0,260
2024-12-09 02:57:00,2628.83,2631.15,2628.74,2631.0,221,5,0,221
2024-12-09 03:00:00,2631.0,2634.93,2630.99,2634.17,868,5,0,868
2024-12-09 03:03:00,2634.17,2635.9,2633.56,2634.47,698,13,0,698
2024-12-09 03:06:00,2634.47,2637.45,2634.07,2637.22,609,12,0,609
2024-12-09 03:09:00,2637.17,2641.04,2636.16,2640.84,687,11,0,687
2024-12-09 03:12:00,2640.85,2643.64,2640.85,2642.97,616,12,0,616
2024-12-09 03:15:00,2642.96,2643.9,2642.31,2643.54,710,13,0,710
2024-12-09 03:18:00,2643.54,2648.79,2643.53,2647.96,643,9,0,643
2024-12-09 03:21:00,2647.96,2649.17,2646.12,2647.22,819,13,0,819
2024-12-09 03:24:00,2647.22,2649.77,2646.85,2649.52,596,11,0,596
2024-12-09 03:27:00,2649.52,2650.55,2648.16,2649.09,531,10,0,531
2024-12-09 03:30:00,2649.09,2649.46,2646.59,2647.44,566,8,0,566
2024-12-09 03:33:00,2647.44,2648.58,2646.73,2648.06,651,6,0,651
2024-12-09 03:36:00,2648.06,2649.12,2647.65,2648.72,525,5,0,525
2024-12-09 03:39:00,2648.72,2648.97,2645.11,2646.11,517,5,0,517
2024-12-09 03:42:00,2646.11,2646.99,2645.23,2646.79,369,5,0,369
2024-12-09 03:45:00,2646.78,2646.81,2644.25,2645.25,471,5,0,471
2024-12-09 03:48:00,2645.24,2645.61,2644.61,2645.16,354,5,0,354
2024-12-09 03:51:00,2645.16,2646.72,2645.16,2645.67,365,5,0,365
2024-12-09 03:54:00,2645.67,2645.73,2644.86,2645.59,311,5,0,311
2024-12-09 03:57:00,2645.59,2647.4,2645.55,2646.75,400,5,0,400
2024-12-09 04:00:00,2646.75,2647.98,2645.6,2647.67,430,5,0,430
2024-12-09 04:03:00,2647.67,2647.88,2646.22,2647.01,397,5,0,397
2024-12-09 04:06:00,2646.97,2647.67,2646.11,2646.19,402,5,0,402
2024-12-09 04:09:00,2646.19,2648.61,2645.71,2647.09,367,5,0,367
2024-12-09 04:12:00,2647.09,2647.5,2645.81,2645.93,328,5,0,328
2024-12-09 04:15:00,2645.93,2646.4,2644.78,2644.81,205,5,0,205
2024-12-09 04:18:00,2644.81,2646.13,2644.53,2645.79,243,5,0,243
2024-12-09 04:21:00,2645.79,2647.21,2644.86,2647.19,251,5,0,251
2024-12-09 04:24:00,2647.19,2647.42,2646.26,2646.92,182,5,0,182
2024-12-09 04:27:00,2646.9,2647.59,2646.41,2647.58,178,5,0,178
2024-12-09 04:30:00,2647.58,2648.53,2646.92,2648.06,426,5,0,426
2024-12-09 04:33:00,2648.05,2648.4,2645.98,2646.2,406,5,0,406
2024-12-09 04:36:00,2646.2,2646.69,2644.27,2644.91,453,6,0,453
2024-12-09 04:39:00,2644.92,2644.97,2640.98,2641.12,602,7,0,602
2024-12-09 04:42:00,2641.11,2642.83,2640.98,2642.57,571,8,0,571
2024-12-09 04:45:00,2642.57,2643.94,2642.49,2643.47,393,9,0,393
2024-12-09 04:48:00,2643.47,2644.86,2643.33,2644.63,385,8,0,385
2024-12-09 04:51:00,2644.63,2644.74,2642.97,2643.13,339,5,0,339
2024-12-09 04:54:00,2643.13,2644.83,2643.13,2644.29,316,5,0,316
2024-12-09 04:57:00,2644.29,2646.52,2644.14,2646.16,423,5,0,423
2024-12-09 05:00:00,2646.15,2646.69,2645.45,2645.8,353,5,0,353
2024-12-09 05:03:00,2645.8,2646.35,2644.53,2644.78,343,5,0,343
2024-12-09 05:06:00,2644.78,2644.8,2642.45,2642.5,387,5,0,387
2024-12-09 05:09:00,2642.49,2642.84,2641.73,2642.17,444,10,0,444
2024-12-09 05:12:00,2642.17,2643.36,2641.71,2642.69,553,13,0,553
2024-12-09 05:15:00,2642.69,2645.66,2642.47,2644.47,571,13,0,571
2024-12-09 05:18:00,2644.47,2645.21,2644.37,2644.63,403,7,0,403
2024-12-09 05:21:00,2644.68,2645.09,2641.56,2642.56,497,5,0,497
2024-12-09 05:24:00,2642.56,2642.57,2640.83,2641.09,414,5,0,414
2024-12-09 05:27:00,2641.09,2642.06,2640.42,2641.84,567,5,0,567
2024-12-09 05:30:00,2641.86,2643.33,2641.72,2642.75,276,5,0,276
2024-12-09 05:33:00,2642.75,2643.02,2642.25,2642.82,183,5,0,183
2024-12-09 05:36:00,2642.82,2643.02,2642.12,2642.43,187,5,0,187
2024-12-09 05:39:00,2642.43,2642.62,2642.09,2642.46,177,5,0,177
2024-12-09 05:42:00,2642.46,2643.3,2642.12,2643.22,163,5,0,163
2024-12-09 05:45:00,2643.22,2643.28,2642.14,2642.56,192,5,0,192
2024-12-09 05:48:00,2642.56,2642.56,2641.54,2641.93,135,5,0,135
2024-12-09 05:51:00,2641.93,2641.96,2641.24,2641.86,178,5,0,178
2024-12-09 05:54:00,2641.86,2641.94,2639.79,2640.45,294,5,0,294
2024-12-09 05:57:00,2640.45,2640.49,2638.27,2638.81,276,6,0,276
2024-12-09 06:00:00,2638.8,2639.31,2638.26,2638.38,270,9,0,270
2024-12-09 06:03:00,2638.38,2638.53,2636.82,2638.45,289,9,0,289
2024-12-09 06:06:00,2638.45,2639.07,2637.4,2637.5,220,9,0,220
2024-12-09 06:09:00,2637.5,2638.7,2637.07,2638.06,205,8,0,205
2024-12-09 06:12:00,2638.06,2638.53,2637.85,2637.88,138,5,0,138
2024-12-09 06:15:00,2637.88,2639.0,2637.88,2638.38,150,5,0,150
2024-12-09 06:18:00,2638.38,2638.78,2637.77,2637.77,105,5,0,105
2024-12-09 06:21:00,2637.77,2637.97,2637.08,2637.66,115,5,0,115
2024-12-09 06:24:00,2637.66,2637.86,2636.57,2637.76,282,5,0,282
2024-12-09 06:27:00,2637.76,2637.78,2635.97,2636.35,184,5,0,184
2024-12-09 06:30:00,2636.35,2638.91,2635.66,2638.2,351,9,0,351
2024-12-09 06:33:00,2638.18,2638.86,2637.29,2637.57,517,13,0,517
2024-12-09 06:36:00,2637.57,2637.68,2635.32,2636.15,363,13,0,363
2024-12-09 06:39:00,2636.15,2636.24,2635.17,2635.74,457,11,0,457
2024-12-09 06:42:00,2635.74,2635.74,2635.06,2635.37,321,5,0,321
2024-12-09 06:45:00,2635.37,2636.25,2634.76,2635.98,310,5,0,310
2024-12-09 06:48:00,2635.98,2636.79,2635.17,2636.79,288,5,0,288
2024-12-09 06:51:00,2636.79,2636.98,2636.02,2636.69,271,5,0,271
2024-12-09 06:54:00,2636.69,2637.59,2636.68,2636.78,250,5,0,250
2024-12-09 06:57:00,2636.78,2636.78,2635.23,2636.09,258,5,0,258
2024-12-09 07:00:00,2636.09,2637.22,2636.0,2636.73,179,5,0,179
2024-12-09 07:03:00,2636.73,2636.91,2635.94,2636.69,231,5,0,231
2024-12-09 07:06:00,2636.69,2637.35,2636.02,2636.98,243,6,0,243
2024-12-09 07:09:00,2636.98,2637.66,2636.95,2637.47,171,5,0,171
2024-12-09 07:12:00,2637.47,2638.28,2637.21,2637.28,229,5,0,229
2024-12-09 07:15:00,2637.28,2638.01,2637.18,2637.55,151,5,0,151
2024-12-09 07:18:00,2637.56,2639.15,2637.52,2639.12,240,5,0,240
2024-12-09 07:21:00,2639.12,2639.38,2638.27,2638.98,166,5,0,166
2024-12-09 07:24:00,2638.98,2639.3,2638.0,2638.33,219,5,0,219
2024-12-09 07:27:00,2638.33,2638.53,2637.62,2638.07,256,7,0,256
2024-12-09 07:30:00,2638.07,2638.24,2635.96,2637.01,426,6,0,426
2024-12-09 07:33:00,2637.01,2638.27,2636.49,2638.25,384,13,0,384
2024-12-09 07:36:00,2638.25,2638.87,2637.57,2638.6,272,13,0,272
2024-12-09 07:39:00,2638.57,2640.24,2638.56,2639.75,279,11,0,279
2024-12-09 07:42:00,2639.75,2639.8,2638.09,2639.08,251,6,0,251
2024-12-09 07:45:00,2639.07,2639.83,2638.89,2639.39,254,5,0,254
2024-12-09 07:48:00,2639.39,2640.44,2639.06,2640.32,258,5,0,258
2024-12-09 07:51:00,2640.34,2640.49,2638.99,2639.15,296,5,0,296
2024-12-09 07:54:00,2639.15,2639.72,2637.96,2638.03,335,5,0,335
2024-12-09 07:57:00,2638.05,2638.69,2637.32,2638.33,414,5,0,414
2024-12-09 08:00:00,2638.34,2639.82,2638.14,2639.51,335,9,0,335
2024-12-09 08:03:00,2639.5,2640.33,2639.15,2639.92,360,5,0,360
2024-12-09 08:06:00,2639.92,2640.75,2639.63,2640.75,253,5,0,253
2024-12-09 08:09:00,2640.75,2641.58,2640.75,2641.07,347,5,0,347
2024-12-09 08:12:00,2641.06,2642.03,2640.51,2641.63,318,5,0,318
2024-12-09 08:15:00,2641.63,2641.86,2640.98,2641.86,300,5,0,300
2024-12-09 08:18:00,2641.86,2642.59,2641.61,2641.83,348,5,0,348
2024-12-09 08:21:00,2641.83,2642.49,2640.68,2640.98,291,5,0,291
2024-12-09 08:24:00,2641.02,2642.11,2640.92,2641.99,270,5,0,270
2024-12-09 08:27:00,2641.95,2642.67,2641.73,2642.38,334,5,0,334
2024-12-09 08:30:00,2642.4,2642.9,2641.85,2642.21,348,5,0,348
2024-12-09 08:33:00,2642.21,2642.79,2642.1,2642.1,285,5,0,285
2024-12-09 08:36:00,2642.09,2643.82,2642.06,2643.46,364,5,0,364
2024-12-09 08:39:00,2643.46,2643.72,2641.42,2641.6,415,5,0,415
2024-12-09 08:42:00,2641.6,2642.25,2641.29,2642.2,557,13,0,557
2024-12-09 08:45:00,2642.22,2643.92,2642.08,2643.92,454,13,0,454
2024-12-09 08:48:00,2643.92,2644.06,2643.31,2643.71,321,8,0,321
2024-12-09 08:51:00,2643.72,2644.49,2643.4,2644.3,333,5,0,333
2024-12-09 08:54:00,2644.32,2644.56,2643.91,2644.45,254,5,0,254
2024-12-09 08:57:00,2644.46,2644.54,2643.66,2643.9,373,5,0,373
2024-12-09 09:00:00,2643.9,2644.43,2643.55,2644.39,255,5,0,255
2024-12-09 09:03:00,2644.39,2645.13,2643.08,2643.52,259,5,0,259
2024-12-09 09:06:00,2643.52,2644.96,2643.25,2644.14,276,5,0,276
2024-12-09 09:09:00,2644.14,2644.56,2643.86,2644.56,228,5,0,228
2024-12-09 09:12:00,2644.55,2644.55,2643.65,2644.03,238,5,0,238
2024-12-09 09:15:00,2644.03,2644.75,2643.85,2644.66,203,5,0,203
2024-12-09 09:18:00,2644.66,2645.29,2644.05,2645.1,283,5,0,283
2024-12-09 09:21:00,2645.1,2646.21,2644.98,2645.55,490,5,0,490
2024-12-09 09:24:00,2645.64,2646.88,2645.59,2646.16,398,5,0,398
2024-12-09 09:27:00,2646.16,2647.41,2646.16,2647.36,386,5,0,386
2024-12-09 09:30:00,2647.33,2649.33,2647.24,2649.26,459,5,0,459
2024-12-09 09:33:00,2649.29,2650.74,2649.04,2650.08,539,5,0,539
2024-12-09 09:36:00,2650.05,2650.5,2647.14,2647.68,493,9,0,493
2024-12-09 09:39:00,2647.69,2647.96,2646.6,2647.85,403,5,0,403
2024-12-09 09:42:00,2647.92,2648.67,2647.23,2648.67,308,5,0,308
2024-12-09 09:45:00,2648.67,2649.61,2647.67,2647.79,346,5,0,346
2024-12-09 09:48:00,2647.79,2649.43,2647.74,2649.26,302,5,0,302
2024-12-09 09:51:00,2649.26,2649.98,2649.26,2649.83,241,5,0,241
2024-12-09 09:54:00,2649.83,2650.64,2649.46,2650.37,348,5,0,348
2024-12-09 09:57:00,2650.38,2651.27,2650.16,2650.59,384,5,0,384
2024-12-09 10:00:00,2650.61,2651.13,2649.74,2650.61,338,5,0,338
2024-12-09 10:03:00,2650.61,2650.64,2649.52,2650.16,329,5,0,329
2024-12-09 10:06:00,2650.16,2650.48,2649.32,2650.01,353,5,0,353
2024-12-09 10:09:00,2650.0,2650.38,2649.57,2650.26,321,5,0,321
2024-12-09 10:12:00,2650.25,2650.25,2649.51,2649.7,318,5,0,318
2024-12-09 10:15:00,2649.7,2649.81,2648.56,2648.76,332,5,0,332
2024-12-09 10:18:00,2648.76,2649.81,2647.88,2649.66,311,5,0,311
2024-12-09 10:21:00,2649.64,2650.08,2648.9,2648.9,231,5,0,231
2024-12-09 10:24:00,2648.9,2648.98,2647.84,2648.11,251,5,0,251
2024-12-09 10:27:00,2648.12,2649.0,2647.91,2647.93,306,5,0,306
2024-12-09 10:30:00,2647.93,2649.02,2647.72,2648.55,254,5,0,254
2024-12-09 10:33:00,2648.55,2648.6,2646.39,2646.65,452,5,0,452
2024-12-09 10:36:00,2646.63,2649.01,2646.15,2648.95,467,5,0,467
2024-12-09 10:39:00,2648.95,2649.12,2647.98,2647.98,313,5,0,313
2024-12-09 10:42:00,2647.88,2648.19,2647.11,2648.01,271,5,0,271
2024-12-09 10:45:00,2648.01,2649.05,2647.67,2648.84,267,5,0,267
2024-12-09 10:48:00,2648.84,2649.31,2648.16,2648.98,245,5,0,245
2024-12-09 10:51:00,2648.98,2650.47,2648.9,2649.88,275,5,0,275
2024-12-09 10:54:00,2649.89,2649.92,2647.12,2647.63,380,5,0,380
2024-12-09 10:57:00,2647.63,2649.56,2647.0,2649.42,475,9,0,475
2024-12-09 11:00:00,2649.42,2650.02,2649.04,2649.63,289,5,0,289
2024-12-09 11:03:00,2649.63,2650.95,2649.57,2650.35,278,5,0,278
2024-12-09 11:06:00,2650.35,2650.41,2648.86,2650.39,290,5,0,290
2024-12-09 11:09:00,2650.37,2651.3,2650.3,2651.03,321,5,0,321
2024-12-09 11:12:00,2651.03,2652.39,2650.86,2652.39,312,5,0,312
2024-12-09 11:15:00,2652.41,2652.5,2651.4,2651.89,312,5,0,312
2024-12-09 11:18:00,2651.89,2654.25,2651.83,2653.25,369,5,0,369
2024-12-09 11:21:00,2653.21,2653.38,2652.18,2652.72,354,5,0,354
2024-12-09 11:24:00,2652.72,2653.9,2651.93,2653.0,356,5,0,356
2024-12-09 11:27:00,2653.0,2653.6,2652.41,2653.25,283,5,0,283
2024-12-09 11:30:00,2653.25,2653.93,2652.39,2653.71,316,5,0,316
2024-12-09 11:33:00,2653.7,2654.01,2653.1,2653.76,282,5,0,282
2024-12-09 11:36:00,2653.76,2654.32,2653.16,2653.18,231,5,0,231
2024-12-09 11:39:00,2653.18,2654.8,2653.18,2653.59,281,5,0,281
2024-12-09 11:42:00,2653.59,2653.99,2653.39,2653.61,171,5,0,171
2024-12-09 11:45:00,2653.61,2655.08,2653.49,2655.02,246,5,0,246
2024-12-09 11:48:00,2655.02,2657.47,2654.81,2656.68,486,5,0,486
2024-12-09 11:51:00,2656.68,2656.83,2655.03,2655.64,401,9,0,401
2024-12-09 11:54:00,2655.64,2656.1,2655.15,2655.62,274,5,0,274
2024-12-09 11:57:00,2655.62,2655.67,2654.8,2655.67,268,5,0,268
2024-12-09 12:00:00,2655.67,2656.93,2655.67,2656.37,309,5,0,309
2024-12-09 12:03:00,2656.37,2657.37,2656.19,2656.36,248,5,0,248
2024-12-09 12:06:00,2656.36,2657.37,2656.34,2656.79,205,5,0,205
2024-12-09 12:09:00,2656.82,2657.34,2655.79,2656.25,296,5,0,296
2024-12-09 12:12:00,2656.25,2656.67,2655.71,2656.54,183,5,0,183
2024-12-09 12:15:00,2656.54,2658.29,2656.54,2658.1,212,5,0,212
2024-12-09 12:18:00,2658.1,2658.27,2657.06,2657.55,234,5,0,234
2024-12-09 12:21:00,2657.55,2658.05,2657.35,2658.05,271,5,0,271
2024-12-09 12:24:00,2658.05,2658.37,2657.86,2658.12,216,5,0,216
2024-12-09 12:27:00,2658.1,2658.17,2657.53,2657.84,204,5,0,204
2024-12-09 12:30:00,2657.84,2658.25,2655.74,2656.11,470,5,0,470
2024-12-09 12:33:00,2656.12,2656.28,2655.05,2655.1,333,6,0,333
2024-12-09 12:36:00,2655.1,2656.02,2654.37,2654.81,364,5,0,364
2024-12-09 12:39:00,2654.81,2656.25,2653.54,2656.13,537,9,0,537
2024-12-09 12:42:00,2656.14,2656.32,2655.83,2656.07,229,5,0,229
2024-12-09 12:45:00,2656.07,2657.17,2656.06,2656.53,232,5,0,232
2024-12-09 12:48:00,2656.53,2656.85,2655.39,2656.75,213,5,0,213
2024-12-09 12:51:00,2656.75,2657.18,2656.39,2657.0,206,5,0,206
2024-12-09 12:54:00,2657.0,2657.16,2656.45,2656.84,257,5,0,257
2024-12-09 12:57:00,2656.82,2657.83,2656.72,2657.56,319,5,0,319
2024-12-09 13:00:00,2657.57,2658.23,2657.16,2658.05,344,5,0,344
2024-12-09 13:03:00,2658.05,2658.16,2656.71,2657.17,297,5,0,297
2024-12-09 13:06:00,2657.17,2658.22,2657.17,2657.9,165,5,0,165
2024-12-09 13:09:00,2657.85,2658.38,2657.57,2658.18,204,5,0,204
2024-12-09 13:12:00,2658.17,2658.34,2657.67,2658.18,201,5,0,201
2024-12-09 13:15:00,2658.15,2658.18,2657.5,2657.66,206,5,0,206
2024-12-09 13:18:00,2657.66,2657.96,2657.23,2657.56,253,5,0,253
2024-12-09 13:21:00,2657.56,2658.41,2657.21,2658.32,201,5,0,201
2024-12-09 13:24:00,2658.33,2660.52,2658.22,2658.8,479,5,0,479
2024-12-09 13:27:00,2658.8,2659.05,2656.25,2656.35,450,9,0,450
2024-12-09 13:30:00,2656.35,2656.88,2654.76,2656.69,423,9,0,423
2024-12-09 13:33:00,2656.69,2657.72,2656.56,2657.23,239,5,0,239
2024-12-09 13:36:00,2657.23,2657.24,2656.49,2656.92,168,5,0,168
2024-12-09 13:39:00,2656.92,2657.96,2656.25,2657.64,215,5,0,215
2024-12-09 13:42:00,2657.64,2657.69,2653.8,2653.87,318,5,0,318
2024-12-09 13:45:00,2653.87,2656.4,2653.49,2656.4,414,5,0,414
2024-12-09 13:48:00,2656.4,2657.01,2656.08,2656.97,230,5,0,230
2024-12-09 13:51:00,2656.97,2656.97,2655.53,2656.27,286,5,0,286
2024-12-09 13:54:00,2656.28,2656.32,2655.28,2655.29,293,5,0,293
2024-12-09 13:57:00,2655.27,2656.42,2654.72,2656.35,297,5,0,297
2024-12-09 14:00:00,2656.31,2658.11,2656.1,2658.11,329,5,0,329
2024-12-09 14:03:00,2658.11,2658.3,2655.85,2656.08,285,5,0,285
2024-12-09 14:06:00,2656.08,2656.29,2655.04,2655.68,327,5,0,327
2024-12-09 14:09:00,2655.66,2657.07,2655.66,2656.46,396,5,0,396
2024-12-09 14:12:00,2656.46,2657.63,2656.27,2657.55,286,5,0,286
2024-12-09 14:15:00,2657.55,2657.63,2656.5,2656.68,262,5,0,262
2024-12-09 14:18:00,2656.68,2656.9,2656.03,2656.19,205,5,0,205
2024-12-09 14:21:00,2656.19,2656.56,2655.25,2655.36,263,5,0,263
2024-12-09 14:24:00,2655.35,2656.78,2655.3,2656.69,211,5,0,211
2024-12-09 14:27:00,2656.69,2657.35,2655.86,2656.07,175,5,0,175
2024-12-09 14:30:00,2656.07,2657.05,2656.05,2656.55,261,5,0,261
2024-12-09 14:33:00,2656.58,2657.11,2656.31,2656.85,269,5,0,269
2024-12-09 14:36:00,2656.85,2656.85,2655.91,2656.35,221,5,0,221
2024-12-09 14:39:00,2656.41,2657.31,2655.65,2656.25,326,5,0,326
2024-12-09 14:42:00,2656.25,2656.33,2655.21,2655.56,311,5,0,311
2024-12-09 14:45:00,2655.53,2655.76,2653.48,2654.08,351,5,0,351
2024-12-09 14:48:00,2654.08,2654.44,2653.36,2653.61,281,5,0,281
2024-12-09 14:51:00,2653.61,2654.62,2653.54,2654.54,244,5,0,244
2024-12-09 14:54:00,2654.55,2655.57,2654.39,2655.47,307,5,0,307
2024-12-09 14:57:00,2655.46,2656.69,2655.0,2656.27,368,5,0,368
2024-12-09 15:00:00,2656.27,2657.59,2654.96,2656.65,862,9,0,862
2024-12-09 15:03:00,2656.65,2658.15,2656.05,2657.55,700,5,0,700
2024-12-09 15:06:00,2657.59,2658.67,2655.17,2656.09,609,5,0,609
2024-12-09 15:09:00,2656.09,2657.15,2655.19,2655.93,626,5,0,626
2024-12-09 15:12:00,2655.93,2656.9,2655.28,2655.94,529,5,0,529
2024-12-09 15:15:00,2655.94,2657.79,2655.14,2657.79,497,5,0,497
2024-12-09 15:18:00,2657.81,2658.23,2656.27,2657.71,579,5,0,579
2024-12-09 15:21:00,2657.72,2657.72,2655.67,2656.46,561,5,0,561
2024-12-09 15:24:00,2656.49,2657.07,2654.77,2656.17,623,5,0,623
2024-12-09 15:27:00,2656.2,2657.08,2655.94,2656.56,509,5,0,509
2024-12-09 15:30:00,2656.54,2660.6,2656.47,2660.46,626,5,0,626
2024-12-09 15:33:00,2660.46,2661.34,2659.25,2661.06,721,5,0,721
2024-12-09 15:36:00,2661.06,2661.53,2659.87,2661.12,691,5,0,691
2024-12-09 15:39:00,2661.18,2662.76,2661.12,2662.52,728,5,0,728
2024-12-09 15:42:00,2662.52,2662.82,2661.27,2661.6,566,5,0,566
2024-12-09 15:45:00,2661.6,2663.15,2661.54,2662.92,489,5,0,489
2024-12-09 15:48:00,2662.91,2664.95,2662.89,2663.84,669,5,0,669
2024-12-09 15:51:00,2663.82,2664.35,2663.37,2664.02,579,5,0,579
2024-12-09 15:54:00,2664.02,2664.24,2663.31,2664.2,484,5,0,484
2024-12-09 15:57:00,2664.2,2666.29,2664.19,2665.53,587,5,0,587
2024-12-09 16:00:00,2665.52,2666.55,2665.46,2666.29,529,5,0,529
2024-12-09 16:03:00,2666.29,2666.29,2663.61,2663.88,583,5,0,583
2024-12-09 16:06:00,2663.9,2665.72,2662.76,2665.69,715,5,0,715
2024-12-09 16:09:00,2665.72,2666.34,2664.48,2665.05,552,5,0,552
2024-12-09 16:12:00,2665.05,2666.69,2665.03,2666.36,539,5,0,539
2024-12-09 16:15:00,2666.36,2666.99,2665.73,2666.74,471,5,0,471
2024-12-09 16:18:00,2666.75,2666.8,2664.59,2665.14,516,5,0,516
2024-12-09 16:21:00,2665.16,2665.84,2663.85,2665.84,550,5,0,550
2024-12-09 16:24:00,2665.84,2666.96,2665.43,2666.91,566,5,0,566
2024-12-09 16:27:00,2666.91,2669.33,2666.85,2668.23,678,5,0,678
2024-12-09 16:30:00,2668.24,2670.77,2667.25,2669.65,660,5,0,660
2024-12-09 16:33:00,2669.64,2670.19,2668.56,2669.13,682,5,0,682
2024-12-09 16:36:00,2669.14,2669.15,2666.61,2668.32,732,5,0,732
2024-12-09 16:39:00,2668.33,2671.28,2668.33,2671.28,725,5,0,725
2024-12-09 16:42:00,2671.29,2672.73,2670.48,2672.58,861,5,0,861
2024-12-09 16:45:00,2672.58,2673.83,2670.83,2673.35,789,5,0,789
2024-12-09 16:48:00,2673.4,2673.52,2671.64,2673.14,773,5,0,773
2024-12-09 16:51:00,2673.14,2674.11,2672.84,2674.08,672,5,0,672
2024-12-09 16:54:00,2674.08,2674.91,2672.85,2673.82,697,5,0,697
2024-12-09 16:57:00,2673.85,2675.28,2672.95,2674.06,764,5,0,764
2024-12-09 17:00:00,2674.11,2674.32,2671.51,2672.76,682,5,0,682
2024-12-09 17:03:00,2672.86,2674.85,2672.27,2673.72,770,5,0,770
2024-12-09 17:06:00,2673.66,2674.54,2673.04,2673.11,699,5,0,699
2024-12-09 17:09:00,2673.11,2675.43,2673.11,2675.0,602,5,0,602
2024-12-09 17:12:00,2674.98,2676.24,2674.06,2676.09,714,5,0,714
2024-12-09 17:15:00,2676.09,2676.44,2674.45,2674.52,618,5,0,618
2024-12-09 17:18:00,2674.54,2675.43,2673.69,2674.65,659,5,0,659
2024-12-09 17:21:00,2674.65,2675.29,2673.37,2674.28,617,5,0,617
2024-12-09 17:24:00,2674.29,2674.86,2673.03,2673.08,565,5,0,565
2024-12-09 17:27:00,2673.1,2673.1,2671.37,2672.31,579,5,0,579
2024-12-09 17:30:00,2672.31,2672.68,2670.63,2671.4,585,5,0,585
2024-12-09 17:33:00,2671.4,2671.63,2670.07,2671.58,555,5,0,555
2024-12-09 17:36:00,2671.71,2672.27,2671.01,2671.17,524,5,0,524
2024-12-09 17:39:00,2671.17,2673.96,2671.17,2673.58,466,5,0,466
2024-12-09 17:42:00,2673.53,2673.53,2671.07,2672.45,488,5,0,488
2024-12-09 17:45:00,2672.45,2672.53,2669.1,2669.29,564,5,0,564
2024-12-09 17:48:00,2669.29,2670.29,2668.34,2669.96,579,5,0,579
2024-12-09 17:51:00,2669.96,2671.33,2669.43,2669.46,480,5,0,480
2024-12-09 17:54:00,2669.46,2669.46,2667.41,2668.62,480,5,0,480
2024-12-09 17:57:00,2668.62,2668.96,2666.72,2668.41,450,5,0,450
2024-12-09 18:00:00,2668.41,2669.01,2667.33,2667.98,515,5,0,515
2024-12-09 18:03:00,2667.98,2669.38,2667.84,2669.1,477,5,0,477
2024-12-09 18:06:00,2669.1,2669.77,2667.86,2668.43,513,5,0,513
2024-12-09 18:09:00,2668.52,2669.46,2667.95,2668.86,475,5,0,475
2024-12-09 18:12:00,2668.86,2669.4,2667.19,2667.94,532,5,0,532
2024-12-09 18:15:00,2667.93,2668.98,2667.01,2668.84,494,5,0,494
2024-12-09 18:18:00,2668.76,2670.02,2667.77,2668.91,547,5,0,547
2024-12-09 18:21:00,2668.91,2669.66,2667.9,2669.23,489,5,0,489
2024-12-09 18:24:00,2669.19,2670.6,2669.14,2670.43,448,5,0,448
2024-12-09 18:27:00,2670.41,2670.43,2668.63,2668.79,433,5,0,433
2024-12-09 18:30:00,2668.78,2669.26,2666.68,2666.73,421,5,0,421
2024-12-09 18:33:00,2666.69,2667.64,2666.54,2666.59,355,5,0,355
2024-12-09 18:36:00,2666.59,2667.22,2666.06,2666.4,402,5,0,402
2024-12-09 18:39:00,2666.41,2667.79,2666.31,2667.78,337,5,0,337
2024-12-09 18:42:00,2667.78,2669.5,2667.65,2668.83,341,5,0,341
2024-12-09 18:45:00,2668.82,2669.85,2667.41,2667.77,527,5,0,527
2024-12-09 18:48:00,2667.77,2668.81,2667.55,2667.86,356,5,0,356
2024-12-09 18:51:00,2667.86,2667.86,2666.88,2666.98,384,5,0,384
2024-12-09 18:54:00,2666.98,2668.04,2665.7,2666.87,491,5,0,491
2024-12-09 18:57:00,2666.86,2667.71,2666.24,2667.7,345,5,0,345
2024-12-09 19:00:00,2667.7,2669.43,2667.67,2668.65,327,5,0,327
2024-12-09 19:03:00,2668.65,2668.67,2666.61,2666.61,356,5,0,356
2024-12-09 19:06:00,2666.65,2667.0,2666.15,2666.46,270,5,0,270
2024-12-09 19:09:00,2666.4,2667.63,2666.25,2667.49,279,5,0,279
2024-12-09 19:12:00,2667.47,2668.13,2667.39,2667.56,268,5,0,268
2024-12-09 19:15:00,2667.56,2668.26,2666.98,2667.05,279,5,0,279
2024-12-09 19:18:00,2667.05,2667.49,2666.61,2666.75,268,5,0,268
2024-12-09 19:21:00,2666.75,2667.1,2665.98,2666.72,216,5,0,216
2024-12-09 19:24:00,2666.72,2667.34,2666.37,2667.33,225,5,0,225
2024-12-09 19:27:00,2667.33,2667.68,2666.05,2667.16,310,5,0,310
2024-12-09 19:30:00,2667.18,2667.97,2666.96,2667.36,265,5,0,265
2024-12-09 19:33:00,2667.36,2667.78,2666.89,2667.34,298,5,0,298
2024-12-09 19:36:00,2667.34,2667.35,2666.13,2666.74,255,5,0,255
2024-12-09 19:39:00,2666.74,2666.74,2666.07,2666.22,244,5,0,244
2024-12-09 19:42:00,2666.22,2666.32,2665.34,2665.61,255,5,0,255
2024-12-09 19:45:00,2665.61,2666.01,2664.04,2664.57,347,5,0,347
2024-12-09 19:48:00,2664.57,2665.06,2663.96,2664.12,285,7,0,285
2024-12-09 19:51:00,2664.29,2665.47,2663.74,2665.44,302,5,0,302
2024-12-09 19:54:00,2665.44,2665.7,2665.18,2665.25,201,5,0,201
2024-12-09 19:57:00,2665.26,2665.38,2663.89,2664.55,339,5,0,339
2024-12-09 20:00:00,2664.54,2664.68,2663.53,2663.63,374,5,0,374
2024-12-09 20:03:00,2663.63,2663.92,2663.36,2663.64,363,5,0,363
2024-12-09 20:06:00,2663.62,2664.74,2663.25,2663.91,330,5,0,330
2024-12-09 20:09:00,2663.91,2664.17,2662.94,2663.0,362,5,0,362
2024-12-09 20:12:00,2663.0,2663.4,2662.08,2662.44,381,5,0,381
2024-12-09 20:15:00,2662.44,2663.4,2662.11,2663.35,389,5,0,389
2024-12-09 20:18:00,2663.35,2663.74,2663.24,2663.61,300,5,0,300
2024-12-09 20:21:00,2663.61,2663.73,2663.19,2663.67,305,5,0,305
2024-12-09 20:24:00,2663.67,2663.78,2662.35,2662.84,389,5,0,389
2024-12-09 20:27:00,2662.85,2663.46,2662.64,2662.66,415,5,0,415
2024-12-09 20:30:00,2662.77,2663.43,2662.26,2662.82,324,8,0,324
2024-12-09 20:33:00,2662.82,2662.95,2662.06,2662.22,228,5,0,228
2024-12-09 20:36:00,2662.28,2662.8,2661.72,2662.8,274,5,0,274
2024-12-09 20:39:00,2662.81,2663.59,2662.57,2663.06,354,5,0,354
2024-12-09 20:42:00,2663.06,2664.13,2663.04,2663.84,254,5,0,254
2024-12-09 20:45:00,2663.84,2664.5,2663.38,2663.75,242,5,0,242
2024-12-09 20:48:00,2663.74,2664.54,2663.71,2664.19,201,5,0,201
2024-12-09 20:51:00,2664.19,2664.52,2663.79,2663.79,212,5,0,212
2024-12-09 20:54:00,2663.79,2663.79,2663.12,2663.66,254,5,0,254
2024-12-09 20:57:00,2663.66,2663.92,2662.99,2663.02,323,5,0,323
2024-12-09 21:00:00,2663.01,2663.21,2662.45,2662.62,332,5,0,332
2024-12-09 21:03:00,2662.62,2663.31,2662.6,2662.78,297,5,0,297
2024-12-09 21:06:00,2662.78,2663.13,2662.46,2662.59,278,5,0,278
2024-12-09 21:09:00,2662.59,2662.59,2662.04,2662.23,272,5,0,272
2024-12-09 21:12:00,2662.23,2662.23,2660.98,2661.03,329,5,0,329
2024-12-09 21:15:00,2661.03,2661.61,2660.88,2661.32,312,5,0,312
2024-12-09 21:18:00,2661.32,2661.32,2660.71,2661.0,188,5,0,188
2024-12-09 21:21:00,2661.0,2661.23,2660.51,2660.54,140,5,0,140
2024-12-09 21:24:00,2660.54,2660.55,2660.01,2660.52,215,5,0,215
2024-12-09 21:27:00,2660.53,2661.28,2660.33,2661.25,263,5,0,263
2024-12-09 21:30:00,2661.25,2661.55,2661.11,2661.49,222,5,0,222
2024-12-09 21:33:00,2661.49,2661.7,2660.71,2661.08,217,5,0,217
2024-12-09 21:36:00,2661.08,2661.66,2660.69,2660.78,214,5,0,214
2024-12-09 21:39:00,2660.78,2660.94,2660.01,2660.2,216,5,0,216
2024-12-09 21:42:00,2660.2,2660.64,2660.02,2660.24,247,5,0,247
2024-12-09 21:45:00,2660.24,2660.52,2659.73,2659.82,192,5,0,192
2024-12-09 21:48:00,2659.82,2660.53,2659.75,2660.03,210,5,0,210
2024-12-09 21:51:00,2660.03,2660.03,2658.96,2659.25,251,5,0,251
2024-12-09 21:54:00,2659.25,2660.12,2659.25,2660.02,267,5,0,267
2024-12-09 21:57:00,2660.02,2660.38,2659.85,2660.17,230,5,0,230
2024-12-09 22:00:00,2660.22,2660.29,2657.65,2657.76,259,5,0,259
2024-12-09 22:03:00,2657.76,2659.22,2657.76,2659.12,219,9,0,219
2024-12-09 22:06:00,2659.12,2659.72,2659.0,2659.26,195,5,0,195
2024-12-09 22:09:00,2659.26,2659.56,2658.85,2658.85,237,5,0,237
2024-12-09 22:12:00,2658.85,2659.42,2658.59,2659.22,200,5,0,200
2024-12-09 22:15:00,2659.22,2659.54,2659.14,2659.34,134,5,0,134
2024-12-09 22:18:00,2659.34,2659.4,2658.43,2658.64,250,5,0,250
2024-12-09 22:21:00,2658.63,2658.94,2658.04,2658.12,208,5,0,208
2024-12-09 22:24:00,2658.13,2658.13,2657.14,2657.26,242,5,0,242
2024-12-09 22:27:00,2657.22,2657.92,2656.76,2657.86,278,7,0,278
2024-12-09 22:30:00,2657.85,2658.62,2657.73,2658.57,293,5,0,293
2024-12-09 22:33:00,2658.57,2658.92,2658.1,2658.21,192,5,0,192
2024-12-09 22:36:00,2658.21,2658.44,2658.01,2658.42,217,5,0,217
2024-12-09 22:39:00,2658.42,2658.78,2657.74,2657.83,230,5,0,230
2024-12-09 22:42:00,2657.83,2657.98,2657.4,2657.97,157,5,0,157
2024-12-09 22:45:00,2657.97,2658.15,2657.56,2657.58,173,5,0,173
2024-12-09 22:48:00,2657.58,2657.58,2657.1,2657.45,155,5,0,155
2024-12-09 22:51:00,2657.45,2658.1,2657.41,2657.99,184,5,0,184
2024-12-09 22:54:00,2657.99,2658.29,2657.65,2657.84,230,5,0,230
2024-12-09 22:57:00,2657.84,2658.18,2657.42,2657.95,280,5,0,280
2024-12-09 23:00:00,2657.89,2658.83,2657.89,2658.83,182,5,0,182
2024-12-09 23:03:00,2658.83,2658.89,2658.58,2658.78,120,5,0,120
2024-12-09 23:06:00,2658.78,2659.05,2658.58,2658.83,114,5,0,114
2024-12-09 23:09:00,2658.84,2659.17,2658.83,2659.02,76,5,0,76
2024-12-09 23:12:00,2659.02,2659.66,2658.94,2659.56,107,5,0,107
2024-12-09 23:15:00,2659.56,2659.63,2658.44,2658.58,129,5,0,129
2024-12-09 23:18:00,2658.58,2659.47,2658.33,2659.45,117,9,0,117
2024-12-09 23:21:00,2659.45,2659.74,2659.16,2659.28,148,7,0,148
2024-12-09 23:24:00,2659.28,2659.94,2659.28,2659.94,75,5,0,75
2024-12-09 23:27:00,2659.94,2660.39,2659.73,2659.83,117,5,0,117
2024-12-09 23:30:00,2659.83,2659.87,2659.12,2659.87,156,9,0,156
2024-12-09 23:33:00,2659.87,2660.37,2659.86,2659.93,132,5,0,132
2024-12-09 23:36:00,2659.93,2660.26,2659.71,2659.91,93,5,0,93
2024-12-09 23:39:00,2659.91,2660.24,2659.66,2659.66,108,5,0,108
2024-12-09 23:42:00,2659.66,2659.83,2659.44,2659.46,88,37,0,88
2024-12-09 23:45:00,2659.46,2659.47,2658.89,2658.98,55,37,0,55
2024-12-09 23:48:00,2658.98,2659.99,2658.45,2659.99,133,37,0,133
2024-12-09 23:51:00,2659.99,2660.88,2659.98,2660.27,123,37,0,123
2024-12-09 23:54:00,2660.27,2660.4,2659.53,2659.84,120,37,0,120
2024-12-09 23:57:00,2659.85,2660.33,2659.77,2660.27,51,37,0,51
2024-12-10 01:00:00,2660.9,2661.23,2660.79,2660.96,62,8,0,62
2024-12-10 01:03:00,2660.96,2661.2,2660.35,2660.89,74,8,0,74
2024-12-10 01:06:00,2660.89,2661.0,2660.4,2660.79,59,8,0,59
2024-12-10 01:09:00,2660.79,2660.79,2660.37,2660.44,47,8,0,47
2024-12-10 01:12:00,2660.44,2660.84,2660.38,2660.71,55,7,0,55
2024-12-10 01:15:00,2660.71,2661.05,2660.55,2660.78,41,7,0,41
2024-12-10 01:18:00,2660.9,2661.09,2660.71,2661.09,42,7,0,42
2024-12-10 01:21:00,2661.09,2661.5,2660.98,2661.24,66,7,0,66
2024-12-10 01:24:00,2661.24,2661.24,2660.47,2660.54,52,8,0,52
2024-12-10 01:27:00,2660.54,2661.0,2660.4,2661.0,58,7,0,58
2024-12-10 01:30:00,2661.0,2661.47,2661.0,2661.25,64,7,0,64
2024-12-10 01:33:00,2661.25,2661.66,2661.2,2661.39,89,7,0,89
2024-12-10 01:36:00,2661.39,2661.53,2659.8,2659.99,156,8,0,156
2024-12-10 01:39:00,2659.97,2660.83,2659.64,2659.73,168,11,0,168
2024-12-10 01:42:00,2659.7,2661.28,2659.6,2661.14,147,11,0,147
2024-12-10 01:45:00,2661.14,2661.58,2660.88,2661.31,114,11,0,114
2024-12-10 01:48:00,2661.31,2661.54,2660.62,2660.84,70,8,0,70
2024-12-10 01:51:00,2660.84,2661.32,2660.84,2660.9,74,6,0,74
2024-12-10 01:54:00,2660.9,2660.95,2660.72,2660.72,50,5,0,50
2024-12-10 01:57:00,2660.72,2660.73,2660.05,2660.58,89,5,0,89
2024-12-10 02:00:00,2660.58,2660.73,2659.15,2659.15,245,5,0,245
2024-12-10 02:03:00,2659.15,2660.06,2659.07,2659.18,187,11,0,187
2024-12-10 02:06:00,2659.18,2659.34,2658.34,2658.76,182,10,0,182
2024-12-10 02:09:00,2658.76,2658.76,2657.95,2658.32,126,10,0,126
2024-12-10 02:12:00,2658.32,2659.53,2658.32,2659.31,154,9,0,154
2024-12-10 02:15:00,2659.31,2659.38,2658.88,2659.15,127,6,0,127
2024-12-10 02:18:00,2659.15,2659.82,2659.14,2659.71,124,5,0,124
2024-12-10 02:21:00,2659.71,2660.14,2659.39,2659.95,76,5,0,76
2024-12-10 02:24:00,2659.95,2660.16,2659.07,2659.33,118,5,0,118
2024-12-10 02:27:00,2659.33,2660.16,2659.33,2660.15,95,5,0,95
2024-12-10 02:30:00,2660.15,2660.81,2660.09,2660.58,150,8,0,150
2024-12-10 02:33:00,2660.58,2660.71,2660.07,2660.26,123,8,0,123
2024-12-10 02:36:00,2660.26,2661.0,2660.21,2660.46,138,12,0,138
2024-12-10 02:39:00,2660.46,2660.76,2660.29,2660.48,111,5,0,111
2024-12-10 02:42:00,2660.48,2661.63,2660.48,2661.52,123,5,0,123
2024-12-10 02:45:00,2661.52,2661.52,2660.39,2660.39,123,5,0,123
2024-12-10 02:48:00,2660.4,2661.69,2660.4,2661.08,160,7,0,160
2024-12-10 02:51:00,2661.08,2661.97,2661.0,2661.16,146,7,0,146
2024-12-10 02:54:00,2661.16,2663.7,2661.16,2663.7,261,9,0,261
2024-12-10 02:57:00,2663.73,2665.53,2663.73,2665.0,370,13,0,370
2024-12-10 03:00:00,2665.0,2666.72,2664.62,2664.79,769,13,0,769
2024-12-10 03:03:00,2664.79,2664.79,2663.39,2664.41,513,13,0,513
2024-12-10 03:06:00,2664.41,2665.06,2664.13,2664.32,349,11,0,349
2024-12-10 03:09:00,2664.32,2664.72,2663.88,2663.9,298,10,0,298
2024-12-10 03:12:00,2663.9,2664.48,2662.94,2664.11,327,8,0,327
2024-12-10 03:15:00,2664.11,2664.42,2663.34,2663.84,287,7,0,287
2024-12-10 03:18:00,2663.84,2665.52,2663.29,2665.27,320,6,0,320
2024-12-10 03:21:00,2665.27,2665.54,2664.52,2665.14,480,8,0,480
2024-12-10 03:24:00,2665.14,2665.59,2664.33,2664.93,421,10,0,421
2024-12-10 03:27:00,2664.93,2666.28,2664.58,2664.58,436,9,0,436
2024-12-10 03:30:00,2664.58,2665.02,2662.44,2662.88,634,11,0,634
2024-12-10 03:33:00,2662.88,2663.37,2661.74,2663.12,504,9,0,504
2024-12-10 03:36:00,2663.12,2663.21,2661.57,2662.03,466,9,0,466
2024-12-10 03:39:00,2662.03,2662.56,2660.63,2661.34,465,7,0,465
2024-12-10 03:42:00,2661.34,2663.8,2661.34,2663.44,475,8,0,475
2024-12-10 03:45:00,2663.42,2664.14,2662.78,2662.94,335,6,0,335
2024-12-10 03:48:00,2662.94,2663.89,2662.68,2663.61,251,5,0,251
2024-12-10 03:51:00,2663.61,2663.96,2662.47,2663.58,291,5,0,291
2024-12-10 03:54:00,2663.58,2664.52,2663.09,2664.52,257,5,0,257
2024-12-10 03:57:00,2664.52,2668.68,2664.52,2667.48,633,5,0,633
2024-12-10 04:00:00,2667.48,2668.02,2666.15,2667.08,525,13,0,525
2024-12-10 04:03:00,2667.06,2669.57,2666.91,2669.5,417,12,0,417
2024-12-10 04:06:00,2669.51,2670.66,2669.09,2670.18,568,9,0,568
2024-12-10 04:09:00,2670.18,2670.88,2667.05,2669.27,648,11,0,648
2024-12-10 04:12:00,2669.21,2669.77,2667.95,2668.43,476,13,0,476
2024-12-10 04:15:00,2668.43,2670.1,2668.31,2669.37,275,6,0,275
2024-12-10 04:18:00,2669.37,2669.6,2668.8,2668.9,198,5,0,198
2024-12-10 04:21:00,2668.9,2669.63,2668.66,2668.79,256,5,0,256
2024-12-10 04:24:00,2668.79,2668.92,2667.08,2667.33,278,5,0,278
2024-12-10 04:27:00,2667.33,2668.27,2666.84,2668.09,262,5,0,262
2024-12-10 04:30:00,2668.17,2669.3,2667.74,2668.59,389,5,0,389
2024-12-10 04:33:00,2668.57,2671.46,2668.38,2671.03,410,5,0,410
2024-12-10 04:36:00,2671.03,2671.21,2669.08,2669.23,317,9,0,317
2024-12-10 04:39:00,2669.23,2669.95,2668.56,2669.42,398,5,0,398
2024-12-10 04:42:00,2669.39,2670.87,2669.33,2670.82,241,5,0,241
2024-12-10 04:45:00,2670.82,2671.48,2670.48,2670.86,415,5,0,415
2024-12-10 04:48:00,2670.85,2670.95,2670.0,2670.52,349,5,0,349
2024-12-10 04:51:00,2670.52,2670.61,2669.7,2669.8,393,5,0,393
2024-12-10 04:54:00,2669.78,2670.05,2668.89,2668.98,334,5,0,334
2024-12-10 04:57:00,2668.98,2669.73,2668.79,2669.08,331,5,0,331
2024-12-10 05:00:00,2669.05,2669.27,2668.29,2668.68,317,5,0,317
2024-12-10 05:03:00,2668.68,2668.68,2667.25,2668.21,426,5,0,426
2024-12-10 05:06:00,2668.21,2668.23,2667.51,2667.64,418,5,0,418
2024-12-10 05:09:00,2667.64,2668.55,2667.51,2668.46,314,5,0,314
2024-12-10 05:12:00,2668.46,2668.57,2667.62,2667.7,272,5,0,272
2024-12-10 05:15:00,2667.7,2667.88,2666.56,2666.61,351,5,0,351
2024-12-10 05:18:00,2666.61,2667.21,2665.52,2667.02,443,5,0,443
2024-12-10 05:21:00,2667.01,2668.65,2667.01,2668.24,389,8,0,389
2024-12-10 05:24:00,2668.24,2668.51,2666.34,2666.34,301,11,0,301
2024-12-10 05:27:00,2666.34,2667.72,2666.13,2667.33,305,10,0,305
2024-12-10 05:30:00,2667.3,2667.88,2666.56,2667.63,299,14,0,299
2024-12-10 05:33:00,2667.58,2669.07,2667.54,2668.84,273,8,0,273
2024-12-10 05:36:00,2668.84,2670.19,2668.48,2669.44,213,6,0,213
2024-12-10 05:39:00,2669.44,2670.28,2669.08,2670.06,197,5,0,197
2024-12-10 05:42:00,2670.06,2670.45,2669.41,2670.28,219,5,0,219
2024-12-10 05:45:00,2670.29,2671.42,2669.8,2670.95,326,7,0,326
2024-12-10 05:48:00,2670.95,2671.76,2670.66,2671.05,254,5,0,254
2024-12-10 05:51:00,2671.04,2671.12,2667.97,2668.07,321,5,0,321
2024-12-10 05:54:00,2667.99,2669.11,2667.53,2668.48,355,11,0,355
2024-12-10 05:57:00,2668.48,2670.01,2668.17,2669.98,415,13,0,415
2024-12-10 06:00:00,2670.0,2670.71,2669.68,2670.06,262,12,0,262
2024-12-10 06:03:00,2670.06,2672.55,2670.06,2672.39,267,8,0,267
2024-12-10 06:06:00,2672.39,2673.81,2672.39,2673.23,297,7,0,297
2024-12-10 06:09:00,2673.23,2673.46,2672.64,2673.38,240,5,0,240
2024-12-10 06:12:00,2673.38,2673.4,2671.81,2672.27,211,5,0,211
2024-12-10 06:15:00,2672.27,2673.09,2672.27,2672.77,204,5,0,204
2024-12-10 06:18:00,2672.77,2672.77,2671.35,2672.01,201,5,0,201
2024-12-10 06:21:00,2672.01,2673.74,2671.98,2672.33,235,5,0,235
2024-12-10 06:24:00,2672.32,2673.01,2672.19,2672.32,219,5,0,219
2024-12-10 06:27:00,2672.32,2672.54,2671.44,2671.64,155,5,0,155
2024-12-10 06:30:00,2671.64,2672.88,2671.58,2672.73,218,5,0,218
2024-12-10 06:33:00,2672.73,2672.82,2672.33,2672.41,152,5,0,152
2024-12-10 06:36:00,2672.41,2672.49,2671.71,2672.27,152,5,0,152
2024-12-10 06:39:00,2672.27,2672.54,2671.64,2672.2,214,5,0,214
2024-12-10 06:42:00,2672.2,2672.57,2671.95,2671.96,196,5,0,196
2024-12-10 06:45:00,2671.96,2672.11,2670.93,2671.19,218,5,0,218
2024-12-10 06:48:00,2671.19,2671.37,2670.37,2670.37,194,5,0,194
2024-12-10 06:51:00,2670.38,2670.86,2670.28,2670.35,240,5,0,240
2024-12-10 06:54:00,2670.35,2671.11,2670.3,2670.41,237,5,0,237
2024-12-10 06:57:00,2670.41,2670.7,2670.13,2670.33,131,5,0,131
2024-12-10 07:00:00,2670.41,2670.54,2669.6,2670.49,272,5,0,272
2024-12-10 07:03:00,2670.49,2670.71,2670.16,2670.42,197,7,0,197
2024-12-10 07:06:00,2670.41,2670.67,2670.02,2670.4,214,5,0,214
2024-12-10 07:09:00,2670.4,2670.63,2669.35,2669.62,251,5,0,251
2024-12-10 07:12:00,2669.62,2669.89,2669.33,2669.66,241,6,0,241
2024-12-10 07:15:00,2669.66,2670.34,2669.59,2670.02,188,5,0,188
2024-12-10 07:18:00,2670.02,2670.07,2669.48,2669.75,221,5,0,221
2024-12-10 07:21:00,2669.74,2669.99,2669.26,2669.35,132,5,0,132
2024-12-10 07:24:00,2669.35,2669.53,2668.51,2668.59,197,5,0,197
2024-12-10 07:27:00,2668.58,2669.15,2668.49,2668.53,193,5,0,193
2024-12-10 07:30:00,2668.51,2669.63,2668.37,2669.55,416,5,0,416
2024-12-10 07:33:00,2669.55,2670.29,2669.11,2670.27,323,13,0,323
2024-12-10 07:36:00,2670.27,2670.38,2669.5,2669.83,364,13,0,364
2024-12-10 07:39:00,2669.83,2670.45,2669.2,2670.28,407,12,0,407
2024-12-10 07:42:00,2670.39,2671.65,2670.39,2671.12,523,12,0,523
2024-12-10 07:45:00,2671.17,2671.26,2670.24,2670.9,572,12,0,572
2024-12-10 07:48:00,2670.9,2671.14,2668.74,2668.75,497,13,0,497
2024-12-10 07:51:00,2668.75,2670.0,2668.25,2669.59,320,13,0,320
2024-12-10 07:54:00,2669.59,2670.03,2669.42,2669.7,334,9,0,334
2024-12-10 07:57:00,2669.7,2670.16,2668.54,2668.88,408,6,0,408
2024-12-10 08:00:00,2668.87,2669.14,2666.59,2667.58,423,7,0,423
2024-12-10 08:03:00,2667.57,2668.22,2666.35,2666.37,393,12,0,393
2024-12-10 08:06:00,2666.37,2667.41,2666.24,2666.68,347,12,0,347
2024-12-10 08:09:00,2666.68,2667.31,2666.63,2666.9,315,6,0,315
2024-12-10 08:12:00,2666.91,2668.02,2665.75,2667.83,345,5,0,345
2024-12-10 08:15:00,2667.83,2668.37,2667.46,2667.81,323,5,0,323
2024-12-10 08:18:00,2667.81,2668.18,2667.04,2668.04,334,5,0,334
2024-12-10 08:21:00,2668.04,2668.97,2667.58,2668.74,286,5,0,286
2024-12-10 08:24:00,2668.74,2669.23,2668.6,2669.1,294,5,0,294
2024-12-10 08:27:00,2669.1,2669.95,2668.48,2669.75,322,5,0,322
2024-12-10 08:30:00,2669.74,2669.79,2668.69,2668.93,345,5,0,345
2024-12-10 08:33:00,2668.93,2669.13,2667.86,2668.75,394,5,0,394
2024-12-10 08:36:00,2668.75,2668.82,2668.09,2668.3,263,5,0,263
2024-12-10 08:39:00,2668.33,2668.85,2667.3,2667.37,361,5,0,361
2024-12-10 08:42:00,2667.39,2667.71,2667.25,2667.63,322,5,0,322
2024-12-10 08:45:00,2667.63,2668.26,2667.53,2668.15,234,5,0,234
2024-12-10 08:48:00,2668.15,2668.85,2667.62,2668.78,167,5,0,167
2024-12-10 08:51:00,2668.78,2669.66,2668.52,2669.53,252,5,0,252
2024-12-10 08:54:00,2669.53,2670.94,2669.53,2670.78,273,5,0,273
2024-12-10 08:57:00,2670.78,2670.78,2669.95,2670.08,215,5,0,215
2024-12-10 09:00:00,2670.08,2670.85,2669.88,2670.49,224,5,0,224
2024-12-10 09:03:00,2670.49,2670.76,2668.87,2669.06,309,5,0,309
2024-12-10 09:06:00,2669.06,2670.02,2669.06,2669.86,242,5,0,242
2024-12-10 09:09:00,2669.86,2670.43,2669.37,2669.79,226,5,0,226
2024-12-10 09:12:00,2669.79,2670.09,2669.36,2669.51,234,5,0,234
2024-12-10 09:15:00,2669.51,2669.63,2667.84,2668.38,383,5,0,383
2024-12-10 09:18:00,2668.37,2670.17,2668.31,2670.06,375,5,0,375
2024-12-10 09:21:00,2670.06,2670.41,2669.39,2669.42,216,5,0,216
2024-12-10 09:24:00,2669.41,2669.7,2668.57,2669.53,215,5,0,215
2024-12-10 09:27:00,2669.53,2669.55,2668.57,2668.79,225,5,0,225
2024-12-10 09:30:00,2668.79,2669.92,2668.74,2669.4,211,5,0,211
2024-12-10 09:33:00,2669.4,2669.81,2669.18,2669.53,203,5,0,203
2024-12-10 09:36:00,2669.53,2669.78,2669.21,2669.53,220,5,0,220
2024-12-10 09:39:00,2669.53,2669.66,2667.56,2668.76,220,5,0,220
2024-12-10 09:42:00,2668.75,2668.92,2667.51,2667.51,157,5,0,157
2024-12-10 09:45:00,2667.51,2667.61,2666.43,2667.36,258,5,0,258
2024-12-10 09:48:00,2667.36,2667.4,2666.14,2666.18,210,5,0,210
2024-12-10 09:51:00,2666.17,2666.35,2664.86,2665.31,269,5,0,269
2024-12-10 09:54:00,2665.31,2665.46,2663.92,2664.35,317,5,0,317
2024-12-10 09:57:00,2664.35,2664.66,2663.7,2664.65,387,5,0,387
2024-12-10 10:00:00,2664.69,2665.22,2663.95,2664.36,450,9,0,450
2024-12-10 10:03:00,2664.36,2664.67,2662.85,2664.07,396,8,0,396
2024-12-10 10:06:00,2664.07,2665.5,2663.84,2664.62,479,9,0,479
2024-12-10 10:09:00,2664.62,2665.65,2663.57,2663.87,435,8,0,435
2024-12-10 10:12:00,2663.87,2663.9,2662.05,2662.22,319,5,0,319
2024-12-10 10:15:00,2662.22,2663.33,2661.61,2662.91,322,5,0,322
2024-12-10 10:18:00,2662.91,2663.06,2662.58,2662.98,284,5,0,284
2024-12-10 10:21:00,2662.98,2663.27,2661.26,2661.38,354,5,0,354
2024-12-10 10:24:00,2661.38,2662.48,2661.35,2661.88,313,5,0,313
2024-12-10 10:27:00,2661.88,2662.83,2661.71,2662.38,260,5,0,260
2024-12-10 10:30:00,2662.38,2663.22,2662.04,2662.91,329,5,0,329
2024-12-10 10:33:00,2662.91,2663.8,2662.15,2663.29,301,5,0,301
2024-12-10 10:36:00,2663.29,2665.39,2663.2,2665.12,362,5,0,362
2024-12-10 10:39:00,2665.12,2665.61,2664.38,2664.39,310,5,0,310
2024-12-10 10:42:00,2664.39,2664.69,2663.09,2663.38,328,5,0,328
2024-12-10 10:45:00,2663.38,2663.59,2662.03,2663.13,299,5,0,299
2024-12-10 10:48:00,2663.12,2663.3,2662.38,2662.78,263,5,0,263
2024-12-10 10:51:00,2662.78,2663.45,2662.5,2663.05,278,5,0,278
2024-12-10 10:54:00,2663.06,2663.67,2662.68,2662.87,230,5,0,230
2024-12-10 10:57:00,2662.87,2663.58,2661.55,2663.27,399,5,0,399
2024-12-10 11:00:00,2663.29,2663.5,2661.68,2663.07,418,9,0,418
2024-12-10 11:03:00,2663.06,2663.12,2661.79,2663.0,378,7,0,378
2024-12-10 11:06:00,2662.99,2665.31,2662.93,2665.31,383,5,0,383
2024-12-10 11:09:00,2665.33,2665.98,2664.57,2665.77,344,5,0,344
2024-12-10 11:12:00,2665.77,2665.8,2663.93,2664.21,278,5,0,278
2024-12-10 11:15:00,2664.21,2664.7,2663.85,2664.45,270,5,0,270
2024-12-10 11:18:00,2664.45,2665.5,2664.45,2665.5,278,5,0,278
2024-12-10 11:21:00,2665.5,2665.85,2664.25,2665.24,278,5,0,278
2024-12-10 11:24:00,2665.34,2665.4,2663.74,2663.74,269,5,0,269
2024-12-10 11:27:00,2663.74,2664.35,2663.44,2663.47,262,5,0,262
2024-12-10 11:30:00,2663.47,2664.79,2663.34,2663.87,269,5,0,269
2024-12-10 11:33:00,2663.87,2664.84,2663.74,2664.73,246,5,0,246
2024-12-10 11:36:00,2664.77,2664.77,2662.78,2663.88,309,5,0,309
2024-12-10 11:39:00,2663.88,2663.88,2662.88,2663.23,218,5,0,218
2024-12-10 11:42:00,2663.23,2665.43,2663.03,2665.41,284,5,0,284
2024-12-10 11:45:00,2665.41,2665.8,2664.44,2664.63,336,5,0,336
2024-12-10 11:48:00,2664.62,2666.97,2664.13,2666.88,366,5,0,366
2024-12-10 11:51:00,2666.88,2667.05,2664.25,2664.37,476,5,0,476
2024-12-10 11:54:00,2664.37,2664.88,2664.02,2664.28,239,5,0,239
2024-12-10 11:57:00,2664.28,2665.29,2663.02,2665.06,266,5,0,266
2024-12-10 12:00:00,2665.11,2665.94,2664.9,2665.28,293,5,0,293
2024-12-10 12:03:00,2665.28,2666.25,2664.89,2665.52,287,5,0,287
2024-12-10 12:06:00,2665.53,2666.01,2664.46,2665.04,192,5,0,192
2024-12-10 12:09:00,2665.04,2666.43,2664.99,2666.23,186,5,0,186
2024-12-10 12:12:00,2666.23,2666.23,2665.31,2665.97,157,5,0,157
2024-12-10 12:15:00,2665.98,2667.47,2665.84,2667.33,243,5,0,243
2024-12-10 12:18:00,2667.33,2667.71,2666.85,2667.24,261,5,0,261
2024-12-10 12:21:00,2667.24,2667.4,2666.52,2667.16,232,5,0,232
2024-12-10 12:24:00,2667.16,2668.96,2666.9,2668.79,268,5,0,268
2024-12-10 12:27:00,2668.83,2669.29,2668.36,2668.47,306,5,0,306
2024-12-10 12:30:00,2668.48,2670.5,2668.36,2669.42,416,5,0,416
2024-12-10 12:33:00,2669.42,2670.09,2668.46,2669.07,490,9,0,490
2024-12-10 12:36:00,2669.07,2672.91,2668.68,2672.79,472,9,0,472
2024-12-10 12:39:00,2672.79,2675.68,2672.55,2674.78,509,7,0,509
2024-12-10 12:42:00,2674.78,2674.78,2673.09,2673.86,429,5,0,429
2024-12-10 12:45:00,2673.86,2674.73,2673.55,2674.5,292,5,0,292
2024-12-10 12:48:00,2674.5,2675.79,2674.29,2675.3,351,5,0,351
2024-12-10 12:51:00,2675.31,2676.84,2675.09,2675.93,387,5,0,387
2024-12-10 12:54:00,2675.93,2675.93,2674.59,2675.73,323,5,0,323
2024-12-10 12:57:00,2675.73,2676.32,2675.25,2675.6,442,5,0,442
2024-12-10 13:00:00,2675.6,2675.64,2672.3,2673.27,566,5,0,566
2024-12-10 13:03:00,2673.3,2674.23,2673.19,2673.51,367,5,0,367
2024-12-10 13:06:00,2673.51,2674.06,2672.82,2673.82,323,5,0,323
2024-12-10 13:09:00,2673.8,2673.8,2672.3,2672.56,279,5,0,279
2024-12-10 13:12:00,2672.56,2672.99,2671.72,2672.88,356,5,0,356
2024-12-10 13:15:00,2672.86,2673.0,2671.17,2671.33,513,5,0,513
2024-12-10 13:18:00,2671.28,2671.49,2670.07,2671.12,420,5,0,420
2024-12-10 13:21:00,2671.12,2671.97,2671.1,2671.13,293,5,0,293
2024-12-10 13:24:00,2671.21,2671.21,2670.08,2670.54,338,5,0,338
2024-12-10 13:27:00,2670.54,2671.64,2669.83,2671.47,344,5,0,344
2024-12-10 13:30:00,2671.48,2672.76,2671.44,2672.05,516,5,0,516
2024-12-10 13:33:00,2672.05,2672.62,2671.51,2672.22,248,5,0,248
2024-12-10 13:36:00,2672.22,2673.41,2671.48,2672.2,368,5,0,368
2024-12-10 13:39:00,2672.2,2673.47,2671.72,2672.29,396,5,0,396
2024-12-10 13:42:00,2672.31,2673.28,2671.54,2672.35,460,5,0,460
2024-12-10 13:45:00,2672.35,2672.66,2671.99,2672.4,210,5,0,210
2024-12-10 13:48:00,2672.4,2672.72,2672.05,2672.58,201,5,0,201
2024-12-10 13:51:00,2672.58,2673.28,2672.35,2673.16,257,5,0,257
2024-12-10 13:54:00,2673.16,2674.01,2671.84,2673.15,378,5,0,378
2024-12-10 13:57:00,2673.7,2674.82,2673.42,2674.6,303,5,0,303
2024-12-10 14:00:00,2674.62,2675.52,2672.81,2674.18,586,5,0,586
2024-12-10 14:03:00,2674.18,2676.26,2674.04,2676.06,367,5,0,367
2024-12-10 14:06:00,2676.07,2678.08,2675.83,2677.68,467,5,0,467
2024-12-10 14:09:00,2677.68,2679.44,2677.37,2677.4,531,5,0,531
2024-12-10 14:12:00,2677.4,2678.26,2676.15,2678.01,594,5,0,594
2024-12-10 14:15:00,2678.01,2678.07,2676.69,2676.95,374,5,0,374
2024-12-10 14:18:00,2676.95,2677.64,2676.16,2677.29,571,5,0,571
2024-12-10 14:21:00,2677.29,2677.57,2675.96,2676.12,284,5,0,284
2024-12-10 14:24:00,2676.12,2678.4,2675.5,2678.27,444,5,0,444
2024-12-10 14:27:00,2678.27,2678.38,2677.22,2677.68,441,5,0,441
2024-12-10 14:30:00,2677.69,2678.36,2677.26,2678.2,421,5,0,421
2024-12-10 14:33:00,2678.2,2678.2,2675.25,2675.5,659,5,0,659
2024-12-10 14:36:00,2675.5,2675.52,2673.95,2675.29,466,5,0,466
2024-12-10 14:39:00,2675.27,2675.71,2674.81,2675.6,365,5,0,365
2024-12-10 14:42:00,2675.6,2675.61,2674.93,2675.41,312,5,0,312
2024-12-10 14:45:00,2675.38,2676.34,2675.19,2676.27,300,5,0,300
2024-12-10 14:48:00,2676.27,2677.99,2675.86,2677.96,322,5,0,322
2024-12-10 14:51:00,2678.0,2678.72,2676.99,2677.47,400,5,0,400
2024-12-10 14:54:00,2677.47,2677.92,2676.62,2677.04,348,5,0,348
2024-12-10 14:57:00,2677.04,2678.06,2676.92,2677.81,308,5,0,308
2024-12-10 15:00:00,2677.81,2677.93,2674.77,2676.24,843,5,0,843
2024-12-10 15:03:00,2676.4,2677.14,2675.39,2676.99,539,5,0,539
2024-12-10 15:06:00,2676.99,2677.81,2676.1,2676.26,645,5,0,645
2024-12-10 15:09:00,2676.27,2676.86,2674.61,2674.97,619,5,0,619
2024-12-10 15:12:00,2674.97,2675.11,2673.76,2673.77,520,5,0,520
2024-12-10 15:15:00,2673.77,2674.4,2673.41,2673.88,421,5,0,421
2024-12-10 15:18:00,2673.91,2674.69,2672.34,2674.58,484,5,0,484
2024-12-10 15:21:00,2674.56,2676.58,2674.46,2674.77,533,5,0,533
2024-12-10 15:24:00,2674.78,2676.03,2674.55,2675.04,451,5,0,451
2024-12-10 15:27:00,2675.02,2675.11,2673.93,2674.83,453,5,0,453
2024-12-10 15:30:00,2674.83,2676.1,2673.3,2673.49,534,5,0,534
2024-12-10 15:33:00,2673.67,2674.49,2673.26,2674.13,488,5,0,488
2024-12-10 15:36:00,2674.13,2676.26,2673.94,2675.86,459,5,0,459
2024-12-10 15:39:00,2675.86,2676.87,2675.36,2676.17,405,5,0,405
2024-12-10 15:42:00,2676.17,2677.77,2675.61,2677.6,422,5,0,422
2024-12-10 15:45:00,2677.59,2678.87,2676.9,2677.84,461,5,0,461
2024-12-10 15:48:00,2677.85,2679.49,2677.74,2678.38,463,5,0,463
2024-12-10 15:51:00,2678.37,2680.13,2678.08,2679.87,440,5,0,440
2024-12-10 15:54:00,2679.87,2681.78,2679.39,2680.94,541,5,0,541
2024-12-10 15:57:00,2680.94,2682.04,2679.76,2680.43,537,5,0,537
2024-12-10 16:00:00,2680.44,2681.82,2680.21,2680.26,561,5,0,561
2024-12-10 16:03:00,2680.26,2682.21,2679.57,2682.0,628,5,0,628
2024-12-10 16:06:00,2681.99,2682.43,2680.64,2681.34,563,5,0,563
2024-12-10 16:09:00,2681.34,2681.34,2680.0,2680.4,563,5,0,563
2024-12-10 16:12:00,2680.57,2682.5,2680.57,2682.34,549,5,0,549
2024-12-10 16:15:00,2682.34,2682.88,2681.1,2682.63,540,5,0,540
2024-12-10 16:18:00,2682.62,2683.89,2682.62,2683.6,571,5,0,571
2024-12-10 16:21:00,2683.6,2684.54,2682.93,2684.18,551,5,0,551
2024-12-10 16:24:00,2684.19,2685.37,2683.28,2685.32,522,5,0,522
2024-12-10 16:27:00,2685.32,2685.49,2683.25,2685.13,538,5,0,538
2024-12-10 16:30:00,2685.14,2687.89,2684.75,2687.15,626,5,0,626
2024-12-10 16:33:00,2687.17,2688.42,2686.91,2687.1,638,5,0,638
2024-12-10 16:36:00,2687.05,2688.19,2686.19,2687.87,605,5,0,605
2024-12-10 16:39:00,2687.87,2689.64,2687.48,2689.23,624,5,0,624
2024-12-10 16:42:00,2689.28,2689.86,2688.84,2689.41,528,5,0,528
2024-12-10 16:45:00,2689.42,2690.39,2688.02,2688.36,739,5,0,739
2024-12-10 16:48:00,2688.29,2690.15,2688.15,2690.03,658,5,0,658
2024-12-10 16:51:00,2690.04,2690.34,2688.84,2690.29,568,5,0,568
2024-12-10 16:54:00,2690.29,2691.8,2689.79,2690.13,592,5,0,592
2024-12-10 16:57:00,2690.14,2690.74,2688.58,2688.75,590,5,0,590
2024-12-10 17:00:00,2688.75,2689.86,2686.76,2687.17,596,5,0,596
2024-12-10 17:03:00,2687.1,2688.15,2687.03,2687.91,492,5,0,492
2024-12-10 17:06:00,2687.91,2690.51,2687.91,2690.4,571,5,0,571
2024-12-10 17:09:00,2690.4,2690.43,2687.09,2687.26,493,5,0,493
2024-12-10 17:12:00,2687.28,2688.88,2687.26,2688.61,489,5,0,489
2024-12-10 17:15:00,2688.61,2689.75,2688.34,2688.78,501,5,0,501
2024-12-10 17:18:00,2688.68,2689.34,2687.86,2688.02,526,5,0,526
2024-12-10 17:21:00,2688.08,2688.13,2686.44,2687.36,561,5,0,561
2024-12-10 17:24:00,2687.36,2687.69,2686.53,2687.07,514,5,0,514
2024-12-10 17:27:00,2687.04,2688.32,2686.76,2688.02,442,5,0,442
2024-12-10 17:30:00,2688.02,2688.63,2687.34,2687.42,496,5,0,496
2024-12-10 17:33:00,2687.43,2687.73,2684.59,2684.96,612,5,0,612
2024-12-10 17:36:00,2684.95,2685.47,2684.71,2685.3,462,5,0,462
2024-12-10 17:39:00,2685.27,2686.2,2684.74,2685.39,505,5,0,505
2024-12-10 17:42:00,2685.41,2686.2,2685.4,2685.92,395,5,0,395
2024-12-10 17:45:00,2685.92,2686.35,2685.23,2686.02,408,5,0,408
2024-12-10 17:48:00,2686.02,2686.34,2685.6,2685.76,401,5,0,401
2024-12-10 17:51:00,2685.76,2686.26,2685.15,2686.18,413,5,0,413
2024-12-10 17:54:00,2686.16,2687.41,2685.73,2687.31,354,5,0,354
2024-12-10 17:57:00,2687.33,2689.43,2687.12,2687.45,432,5,0,432
2024-12-10 18:00:00,2687.45,2687.57,2684.73,2687.52,393,5,0,393
2024-12-10 18:03:00,2687.49,2689.86,2687.48,2689.37,545,5,0,545
2024-12-10 18:06:00,2689.43,2691.9,2688.74,2691.23,615,5,0,615
2024-12-10 18:09:00,2691.21,2691.25,2689.47,2689.93,499,5,0,499
2024-12-10 18:12:00,2689.93,2690.44,2689.12,2689.5,392,5,0,392
2024-12-10 18:15:00,2689.5,2689.56,2687.6,2688.47,500,5,0,500
2024-12-10 18:18:00,2688.47,2689.65,2687.14,2689.65,425,5,0,425
2024-12-10 18:21:00,2689.48,2689.66,2688.67,2688.76,402,5,0,402
2024-12-10 18:24:00,2688.76,2689.32,2688.01,2688.77,509,5,0,509
2024-12-10 18:27:00,2688.76,2688.76,2687.34,2687.64,462,5,0,462
2024-12-10 18:30:00,2687.64,2688.51,2686.41,2686.62,399,5,0,399
2024-12-10 18:33:00,2686.62,2688.05,2686.12,2687.54,424,5,0,424
2024-12-10 18:36:00,2687.54,2689.41,2687.51,2688.88,350,5,0,350
2024-12-10 18:39:00,2688.88,2689.33,2688.53,2688.66,348,5,0,348
2024-12-10 18:42:00,2688.67,2690.15,2688.55,2690.06,305,5,0,305
2024-12-10 18:45:00,2690.06,2690.34,2688.79,2689.28,312,5,0,312
2024-12-10 18:48:00,2689.29,2690.72,2689.29,2690.46,322,5,0,322
2024-12-10 18:51:00,2690.46,2690.98,2688.97,2689.43,302,5,0,302
2024-12-10 18:54:00,2689.29,2691.46,2689.25,2691.37,264,5,0,264
2024-12-10 18:57:00,2691.38,2692.55,2691.14,2692.35,267,5,0,267
2024-12-10 19:00:00,2692.35,2693.39,2692.24,2692.75,356,6,0,356
2024-12-10 19:03:00,2692.75,2692.9,2691.48,2691.71,305,5,0,305
2024-12-10 19:06:00,2691.71,2692.54,2691.64,2691.99,211,5,0,211
2024-12-10 19:09:00,2691.99,2693.03,2691.51,2692.8,356,5,0,356
2024-12-10 19:12:00,2692.8,2693.53,2692.53,2693.53,269,5,0,269
2024-12-10 19:15:00,2693.57,2694.0,2692.75,2693.31,293,5,0,293
2024-12-10 19:18:00,2693.31,2693.98,2692.8,2693.36,347,5,0,347
2024-12-10 19:21:00,2693.28,2693.85,2693.18,2693.49,279,5,0,279
2024-12-10 19:24:00,2693.49,2693.49,2691.38,2691.6,244,5,0,244
2024-12-10 19:27:00,2691.59,2691.59,2690.69,2691.0,257,5,0,257
2024-12-10 19:30:00,2691.0,2692.26,2690.53,2691.84,311,5,0,311
2024-12-10 19:33:00,2691.84,2692.37,2691.77,2692.14,217,5,0,217
2024-12-10 19:36:00,2692.14,2692.51,2691.34,2691.42,256,5,0,256
2024-12-10 19:39:00,2691.42,2692.04,2691.04,2692.04,230,5,0,230
2024-12-10 19:42:00,2692.04,2694.19,2691.89,2694.16,284,7,0,284
2024-12-10 19:45:00,2694.16,2694.78,2693.83,2694.11,305,5,0,305
2024-12-10 19:48:00,2694.11,2694.71,2693.44,2693.74,277,5,0,277
2024-12-10 19:51:00,2693.74,2695.1,2693.08,2695.05,260,5,0,260
2024-12-10 19:54:00,2695.05,2695.56,2694.6,2694.77,293,5,0,293
2024-12-10 19:57:00,2694.77,2694.77,2693.86,2694.36,332,5,0,332
2024-12-10 20:00:00,2694.36,2694.97,2693.98,2694.84,248,5,0,248
2024-12-10 20:03:00,2694.84,2694.97,2694.07,2694.08,255,5,0,255
2024-12-10 20:06:00,2694.08,2695.02,2693.88,2694.27,216,5,0,216
2024-12-10 20:09:00,2694.29,2695.16,2694.04,2694.4,268,5,0,268
2024-12-10 20:12:00,2694.4,2695.02,2694.31,2694.64,246,5,0,246
2024-12-10 20:15:00,2694.64,2694.8,2693.41,2693.85,243,5,0,243
2024-12-10 20:18:00,2693.85,2694.84,2693.23,2694.8,262,5,0,262
2024-12-10 20:21:00,2694.81,2695.16,2694.23,2695.05,245,5,0,245
2024-12-10 20:24:00,2695.04,2695.04,2693.61,2694.4,263,5,0,263
2024-12-10 20:27:00,2694.4,2695.2,2692.35,2692.42,404,5,0,404
2024-12-10 20:30:00,2692.45,2693.06,2692.15,2692.43,277,9,0,277
2024-12-10 20:33:00,2692.42,2693.25,2692.26,2692.34,243,8,0,243
2024-12-10 20:36:00,2692.34,2692.79,2691.92,2692.27,167,5,0,167
2024-12-10 20:39:00,2692.28,2693.28,2692.23,2693.26,212,5,0,212
2024-12-10 20:42:00,2693.26,2693.34,2692.31,2692.64,193,5,0,193
2024-12-10 20:45:00,2692.64,2693.11,2692.28,2692.67,255,5,0,255
2024-12-10 20:48:00,2692.67,2692.81,2692.31,2692.62,305,5,0,305
2024-12-10 20:51:00,2692.59,2693.48,2692.54,2692.62,289,5,0,289
2024-12-10 20:54:00,2692.6,2693.33,2692.6,2693.22,245,5,0,245
2024-12-10 20:57:00,2693.22,2693.32,2692.2,2692.43,236,5,0,236
2024-12-10 21:00:00,2692.43,2692.54,2691.7,2692.34,195,5,0,195
2024-12-10 21:03:00,2692.35,2692.64,2691.93,2691.96,155,5,0,155
2024-12-10 21:06:00,2691.96,2692.23,2691.54,2692.12,179,5,0,179
2024-12-10 21:09:00,2692.12,2692.85,2692.09,2692.43,222,5,0,222
2024-12-10 21:12:00,2692.43,2692.93,2692.18,2692.93,212,5,0,212
2024-12-10 21:15:00,2692.78,2692.78,2692.1,2692.67,172,5,0,172
2024-12-10 21:18:00,2692.67,2694.06,2692.65,2693.87,377,5,0,377
2024-12-10 21:21:00,2693.87,2694.51,2693.78,2694.42,185,5,0,185
2024-12-10 21:24:00,2694.42,2694.58,2692.84,2692.93,238,5,0,238
2024-12-10 21:27:00,2692.89,2692.96,2692.17,2692.56,200,5,0,200
2024-12-10 21:30:00,2692.57,2692.58,2692.02,2692.03,183,5,0,183
2024-12-10 21:33:00,2692.03,2692.25,2691.97,2692.03,165,5,0,165
2024-12-10 21:36:00,2692.03,2692.39,2691.99,2692.38,169,5,0,169
2024-12-10 21:39:00,2692.38,2692.45,2691.33,2691.74,225,5,0,225
2024-12-10 21:42:00,2691.74,2691.74,2691.16,2691.55,146,5,0,146
2024-12-10 21:45:00,2691.55,2691.89,2691.18,2691.59,199,5,0,199
2024-12-10 21:48:00,2691.6,2692.2,2691.55,2691.88,192,5,0,192
2024-12-10 21:51:00,2691.88,2692.13,2691.61,2692.01,132,5,0,132
2024-12-10 21:54:00,2692.01,2692.36,2691.89,2692.16,177,5,0,177
2024-12-10 21:57:00,2692.16,2692.67,2691.95,2691.98,141,5,0,141
2024-12-10 22:00:00,2691.98,2692.07,2691.46,2691.66,159,5,0,159
2024-12-10 22:03:00,2691.66,2691.9,2691.5,2691.84,212,5,0,212
2024-12-10 22:06:00,2691.84,2692.86,2691.75,2692.04,222,5,0,222
2024-12-10 22:09:00,2692.04,2692.21,2691.59,2691.68,183,8,0,183
2024-12-10 22:12:00,2691.68,2692.05,2691.55,2691.97,167,5,0,167
2024-12-10 22:15:00,2691.97,2691.99,2691.56,2691.56,118,5,0,118
2024-12-10 22:18:00,2691.56,2691.56,2690.99,2691.29,192,5,0,192
2024-12-10 22:21:00,2691.29,2691.67,2691.08,2691.43,170,5,0,170
2024-12-10 22:24:00,2691.43,2692.07,2691.3,2691.44,191,5,0,191
2024-12-10 22:27:00,2691.44,2691.84,2691.32,2691.41,101,5,0,101
2024-12-10 22:30:00,2691.41,2691.83,2691.29,2691.54,182,5,0,182
2024-12-10 22:33:00,2691.54,2691.85,2691.5,2691.85,184,5,0,184
2024-12-10 22:36:00,2691.85,2692.36,2691.82,2692.3,192,5,0,192
2024-12-10 22:39:00,2692.3,2692.9,2692.05,2692.9,192,5,0,192
2024-12-10 22:42:00,2692.91,2693.17,2692.36,2692.47,199,5,0,199
2024-12-10 22:45:00,2692.48,2692.82,2692.22,2692.71,227,5,0,227
2024-12-10 22:48:00,2692.7,2692.9,2692.29,2692.5,255,5,0,255
2024-12-10 22:51:00,2692.5,2692.58,2691.51,2691.52,247,5,0,247
2024-12-10 22:54:00,2691.52,2692.11,2691.41,2692.0,400,8,0,400
2024-12-10 22:57:00,2692.02,2692.29,2691.7,2691.8,433,8,0,433
2024-12-10 23:00:00,2691.8,2692.18,2691.65,2691.74,140,7,0,140
2024-12-10 23:03:00,2691.75,2692.62,2691.75,2692.48,97,5,0,97
2024-12-10 23:06:00,2692.48,2692.83,2692.33,2692.63,92,5,0,92
2024-12-10 23:09:00,2692.63,2693.09,2692.31,2692.54,122,5,0,122
2024-12-10 23:12:00,2692.54,2692.67,2692.42,2692.45,73,5,0,73
2024-12-10 23:15:00,2692.45,2692.99,2692.25,2692.76,89,5,0,89
2024-12-10 23:18:00,2692.76,2692.79,2692.53,2692.78,49,5,0,49
2024-12-10 23:21:00,2692.78,2692.91,2692.67,2692.79,62,5,0,62
2024-12-10 23:24:00,2692.78,2693.08,2692.63,2692.92,82,5,0,82
2024-12-10 23:27:00,2692.9,2693.18,2692.66,2692.96,105,5,0,105
2024-12-10 23:30:00,2692.96,2693.22,2692.71,2693.05,127,5,0,127
2024-12-10 23:33:00,2693.05,2693.42,2692.46,2692.46,114,5,0,114
2024-12-10 23:36:00,2692.46,2694.23,2692.13,2694.04,178,9,0,178
2024-12-10 23:39:00,2694.02,2694.07,2692.77,2693.32,165,9,0,165
2024-12-10 23:42:00,2693.32,2693.32,2692.62,2692.93,84,37,0,84
2024-12-10 23:45:00,2692.93,2694.14,2692.9,2693.94,98,37,0,98
2024-12-10 23:48:00,2693.94,2694.12,2693.47,2693.91,87,37,0,87
2024-12-10 23:51:00,2693.91,2694.27,2693.49,2693.9,86,37,0,86
2024-12-10 23:54:00,2693.81,2693.81,2693.54,2693.64,49,37,0,49
2024-12-10 23:57:00,2693.64,2693.76,2693.4,2693.72,45,37,0,45
2024-12-11 01:00:00,2693.98,2694.36,2693.69,2694.28,75,9,0,75
2024-12-11 01:03:00,2694.28,2695.31,2694.17,2694.88,161,8,0,161
2024-12-11 01:06:00,2694.88,2694.88,2694.4,2694.52,80,8,0,80
2024-12-11 01:09:00,2694.52,2694.56,2694.11,2694.56,83,6,0,83
2024-12-11 01:12:00,2694.56,2695.35,2694.54,2694.92,118,7,0,118
2024-12-11 01:15:00,2694.92,2694.92,2694.18,2694.18,114,6,0,114
2024-12-11 01:18:00,2694.18,2695.19,2694.01,2695.18,115,5,0,115
2024-12-11 01:21:00,2695.17,2695.17,2694.45,2694.71,178,7,0,178
2024-12-11 01:24:00,2694.71,2695.44,2694.66,2695.14,125,6,0,125
2024-12-11 01:27:00,2695.14,2695.15,2694.58,2694.85,80,5,0,80
2024-12-11 01:30:00,2694.85,2695.06,2694.54,2694.75,108,5,0,108
2024-12-11 01:33:00,2694.75,2695.42,2694.74,2695.4,113,5,0,113
2024-12-11 01:36:00,2695.4,2695.84,2695.08,2695.83,138,5,0,138
2024-12-11 01:39:00,2695.83,2695.84,2695.12,2695.7,104,5,0,104
2024-12-11 01:42:00,2695.68,2696.25,2695.43,2696.24,80,7,0,80
2024-12-11 01:45:00,2696.24,2696.83,2695.63,2696.83,277,7,0,277
2024-12-11 01:48:00,2696.81,2698.37,2696.73,2697.54,297,13,0,297
2024-12-11 01:51:00,2697.54,2697.54,2696.02,2696.66,257,13,0,257
2024-12-11 01:54:00,2696.66,2697.38,2696.3,2696.74,234,13,0,234
2024-12-11 01:57:00,2696.74,2696.74,2694.86,2696.01,193,12,0,193
2024-12-11 02:00:00,2696.01,2696.17,2694.34,2694.61,256,11,0,256
2024-12-11 02:03:00,2694.61,2695.12,2694.38,2694.78,262,8,0,262
2024-12-11 02:06:00,2694.78,2694.89,2694.26,2694.27,216,6,0,216
2024-12-11 02:09:00,2694.27,2694.55,2693.52,2694.24,208,6,0,208
2024-12-11 02:12:00,2694.18,2694.86,2693.96,2694.84,137,5,0,137
2024-12-11 02:15:00,2694.86,2695.15,2694.41,2695.0,198,5,0,198
2024-12-11 02:18:00,2695.0,2697.13,2694.97,2696.58,174,5,0,174
2024-12-11 02:21:00,2696.58,2697.7,2695.89,2697.22,248,13,0,248
2024-12-11 02:24:00,2697.23,2697.23,2696.3,2696.43,172,10,0,172
2024-12-11 02:27:00,2696.46,2698.53,2696.46,2697.79,249,8,0,249
2024-12-11 02:30:00,2697.83,2698.34,2697.82,2698.3,202,5,0,202
2024-12-11 02:33:00,2698.3,2700.14,2698.01,2698.63,333,5,0,333
2024-12-11 02:36:00,2698.61,2699.65,2698.21,2698.68,323,12,0,323
2024-12-11 02:39:00,2698.68,2700.54,2698.12,2700.05,352,13,0,352
2024-12-11 02:42:00,2700.06,2700.46,2699.75,2700.3,320,11,0,320
2024-12-11 02:45:00,2700.3,2701.1,2700.18,2700.62,290,6,0,290
2024-12-11 02:48:00,2700.62,2701.17,2700.09,2700.79,259,5,0,259
2024-12-11 02:51:00,2700.79,2701.71,2700.68,2701.55,250,5,0,250
2024-12-11 02:54:00,2701.55,2701.93,2699.99,2700.75,273,5,0,273
2024-12-11 02:57:00,2700.72,2701.2,2700.31,2700.91,415,8,0,415
2024-12-11 03:00:00,2700.93,2700.99,2696.74,2696.92,726,8,0,726
2024-12-11 03:03:00,2696.95,2699.31,2696.5,2696.95,680,13,0,680
2024-12-11 03:06:00,2696.95,2698.36,2696.95,2697.41,541,12,0,541
2024-12-11 03:09:00,2697.41,2698.98,2697.11,2698.31,540,10,0,540
2024-12-11 03:12:00,2698.31,2700.3,2698.07,2700.1,598,9,0,598
2024-12-11 03:15:00,2700.1,2700.5,2699.66,2699.7,525,5,0,525
2024-12-11 03:18:00,2699.7,2700.96,2699.68,2700.96,399,5,0,399
2024-12-11 03:21:00,2700.96,2703.62,2700.21,2702.07,677,5,0,677
2024-12-11 03:24:00,2702.06,2702.2,2699.94,2700.74,595,11,0,595
2024-12-11 03:27:00,2700.74,2701.43,2700.31,2700.82,438,5,0,438
2024-12-11 03:30:00,2700.84,2701.93,2700.47,2701.11,493,5,0,493
2024-12-11 03:33:00,2701.1,2702.04,2700.42,2701.35,528,5,0,528
2024-12-11 03:36:00,2701.34,2702.59,2701.05,2702.35,430,5,0,430
2024-12-11 03:39:00,2702.35,2702.44,2699.19,2699.85,499,5,0,499
2024-12-11 03:42:00,2699.87,2701.73,2699.75,2700.8,507,5,0,507
2024-12-11 03:45:00,2700.8,2701.51,2700.43,2700.93,412,5,0,412
2024-12-11 03:48:00,2700.93,2701.25,2700.67,2701.01,346,5,0,346
2024-12-11 03:51:00,2700.96,2701.3,2698.62,2699.71,519,5,0,519
2024-12-11 03:54:00,2699.71,2700.6,2698.92,2700.54,458,5,0,458
2024-12-11 03:57:00,2700.54,2701.27,2699.8,2699.94,513,8,0,513
2024-12-11 04:00:00,2699.94,2700.89,2699.63,2700.8,468,12,0,468
2024-12-11 04:03:00,2700.45,2700.8,2699.86,2700.01,369,6,0,369
2024-12-11 04:06:00,2700.01,2701.04,2700.01,2700.69,356,5,0,356
2024-12-11 04:09:00,2700.7,2700.77,2699.54,2700.32,310,5,0,310
2024-12-11 04:12:00,2700.39,2700.45,2699.77,2700.15,324,5,0,324
2024-12-11 04:15:00,2700.15,2700.23,2699.65,2699.9,205,5,0,205
2024-12-11 04:18:00,2699.9,2701.08,2699.85,2700.56,241,5,0,241
2024-12-11 04:21:00,2700.56,2703.1,2699.59,2701.4,589,5,0,589
2024-12-11 04:24:00,2701.4,2702.72,2701.37,2701.99,362,13,0,362
2024-12-11 04:27:00,2702.01,2702.94,2701.84,2702.19,394,10,0,394
2024-12-11 04:30:00,2702.19,2704.38,2702.19,2703.27,566,11,0,566
2024-12-11 04:33:00,2703.27,2703.5,2701.76,2702.12,433,9,0,433
2024-12-11 04:36:00,2702.17,2702.67,2701.6,2702.57,305,5,0,305
2024-12-11 04:39:00,2702.57,2703.13,2701.77,2702.68,333,5,0,333
2024-12-11 04:42:00,2702.68,2702.71,2699.42,2700.06,498,5,0,498
2024-12-11 04:45:00,2700.01,2700.02,2699.31,2699.89,457,5,0,457
2024-12-11 04:48:00,2699.89,2700.32,2698.43,2698.45,433,5,0,433
2024-12-11 04:51:00,2698.45,2699.07,2698.32,2699.04,379,5,0,379
2024-12-11 04:54:00,2699.04,2701.28,2698.97,2699.29,602,5,0,602
2024-12-11 04:57:00,2699.29,2699.86,2698.87,2699.1,372,10,0,372
2024-12-11 05:00:00,2699.1,2700.61,2699.0,2700.31,390,5,0,390
2024-12-11 05:03:00,2700.31,2700.75,2698.8,2699.27,322,5,0,322
2024-12-11 05:06:00,2699.25,2699.72,2698.91,2699.54,312,5,0,312
2024-12-11 05:09:00,2699.54,2700.28,2698.99,2700.24,412,5,0,412
2024-12-11 05:12:00,2700.24,2700.36,2699.71,2699.72,279,5,0,279
2024-12-11 05:15:00,2699.72,2700.16,2699.47,2700.08,400,5,0,400
2024-12-11 05:18:00,2700.08,2702.24,2699.96,2700.58,510,5,0,510
2024-12-11 05:21:00,2700.58,2700.85,2698.93,2699.59,444,8,0,444
2024-12-11 05:24:00,2699.59,2700.77,2699.47,2700.43,531,8,0,531
2024-12-11 05:27:00,2700.43,2700.79,2700.01,2700.3,493,6,0,493
2024-12-11 05:30:00,2700.3,2700.6,2699.16,2699.36,324,5,0,324
2024-12-11 05:33:00,2699.36,2699.6,2698.86,2698.99,309,5,0,309
2024-12-11 05:36:00,2698.98,2699.09,2697.86,2697.98,347,5,0,347
2024-12-11 05:39:00,2697.99,2698.14,2695.64,2696.37,461,6,0,461
2024-12-11 05:42:00,2696.37,2697.24,2693.28,2694.26,391,12,0,391
2024-12-11 05:45:00,2694.95,2698.51,2694.95,2697.2,432,13,0,432
2024-12-11 05:48:00,2697.31,2697.96,2696.24,2696.95,314,12,0,314
2024-12-11 05:51:00,2696.95,2697.0,2695.88,2696.57,215,9,0,215
2024-12-11 05:54:00,2696.57,2696.98,2695.52,2695.93,375,7,0,375
2024-12-11 05:57:00,2695.93,2696.31,2694.91,2695.52,334,5,0,334
2024-12-11 06:00:00,2695.49,2696.09,2693.81,2694.76,231,5,0,231
2024-12-11 06:03:00,2694.76,2694.9,2693.85,2694.31,246,5,0,246
2024-12-11 06:06:00,2694.31,2695.64,2694.09,2695.64,365,5,0,365
2024-12-11 06:09:00,2695.64,2695.74,2694.19,2694.47,347,5,0,347
2024-12-11 06:12:00,2694.47,2695.39,2693.82,2695.13,349,5,0,349
2024-12-11 06:15:00,2695.13,2695.48,2693.53,2694.33,311,5,0,311
2024-12-11 06:18:00,2694.33,2694.88,2693.77,2694.85,158,5,0,158
2024-12-11 06:21:00,2694.85,2695.74,2693.4,2694.97,210,5,0,210
2024-12-11 06:24:00,2694.97,2696.48,2694.56,2694.95,141,5,0,141
2024-12-11 06:27:00,2694.95,2695.37,2693.44,2693.72,129,6,0,129
2024-12-11 06:30:00,2693.72,2694.8,2691.43,2692.23,220,5,0,220
2024-12-11 06:33:00,2692.23,2692.51,2685.84,2687.16,369,13,0,369
2024-12-11 06:36:00,2687.16,2688.41,2684.65,2685.02,316,199,0,316
2024-12-11 06:39:00,2685.02,2685.41,2684.09,2684.65,378,196,0,378
2024-12-11 06:42:00,2684.65,2686.12,2683.67,2683.79,258,90,0,258
2024-12-11 06:45:00,2683.84,2686.93,2683.04,2684.86,291,6,0,291
2024-12-11 06:48:00,2684.86,2685.32,2683.76,2684.54,316,6,0,316
2024-12-11 06:51:00,2684.55,2684.8,2682.17,2683.07,202,7,0,202
2024-12-11 06:54:00,2683.07,2684.97,2682.61,2684.34,463,5,0,463
2024-12-11 06:57:00,2684.42,2685.16,2684.1,2684.27,321,5,0,321
2024-12-11 07:00:00,2684.29,2684.91,2682.94,2684.05,367,5,0,367
2024-12-11 07:03:00,2684.05,2684.18,2674.97,2675.83,411,5,0,411
2024-12-11 07:06:00,2675.9,2680.32,2675.9,2679.27,457,13,0,457
2024-12-11 07:09:00,2679.27,2681.92,2679.15,2679.83,272,10,0,272
2024-12-11 07:12:00,2679.83,2680.86,2679.36,2679.54,315,5,0,315
2024-12-11 07:15:00,2679.54,2681.25,2677.47,2678.42,386,7,0,386
2024-12-11 07:18:00,2678.44,2679.64,2677.09,2677.42,399,5,0,399
2024-12-11 07:21:00,2677.33,2681.17,2676.91,2679.07,542,5,0,542
2024-12-11 07:24:00,2679.07,2680.58,2678.64,2679.47,341,5,0,341
2024-12-11 07:27:00,2679.46,2679.94,2678.94,2679.27,295,5,0,295
2024-12-11 07:30:00,2679.27,2679.27,2675.68,2676.08,1275,5,0,1275
2024-12-11 07:33:00,2676.01,2679.19,2675.86,2678.41,1405,5,0,1405
2024-12-11 07:36:00,2678.41,2682.12,2677.92,2681.51,1193,5,0,1193
2024-12-11 07:39:00,2681.51,2683.37,2680.85,2683.19,1152,5,0,1152
2024-12-11 07:42:00,2683.19,2686.33,2682.68,2685.2,997,5,0,997
2024-12-11 07:45:00,2685.2,2694.5,2685.04,2692.59,960,5,0,960
2024-12-11 07:48:00,2692.58,2693.03,2686.37,2686.76,1238,5,0,1238
2024-12-11 07:51:00,2687.12,2689.85,2686.16,2687.61,783,5,0,783
2024-12-11 07:54:00,2687.61,2688.97,2687.05,2688.23,765,5,0,765
2024-12-11 07:57:00,2688.23,2690.1,2687.39,2687.84,960,5,0,960
2024-12-11 08:00:00,2687.8,2695.2,2687.57,2693.79,1575,5,0,1575
2024-12-11 08:03:00,2693.79,2693.79,2688.11,2691.48,1351,5,0,1351
2024-12-11 08:06:00,2691.32,2695.55,2691.28,2694.81,1050,5,0,1050
2024-12-11 08:09:00,2694.81,2694.81,2689.93,2691.68,894,5,0,894
2024-12-11 08:12:00,2691.84,2693.32,2691.32,2692.37,894,5,0,894
2024-12-11 08:15:00,2692.37,2694.99,2692.36,2694.53,817,5,0,817
2024-12-11 08:18:00,2694.48,2695.0,2692.41,2693.94,780,5,0,780
2024-12-11 08:21:00,2693.94,2698.14,2693.39,2697.06,657,5,0,657
2024-12-11 08:24:00,2697.06,2697.06,2694.4,2694.87,634,5,0,634
2024-12-11 08:27:00,2694.93,2696.52,2694.83,2696.1,273,5,0,273
2024-12-11 08:30:00,2696.2,2696.5,2694.13,2695.24,398,5,0,398
2024-12-11 08:33:00,2695.24,2695.45,2694.45,2694.74,432,5,0,432
2024-12-11 08:36:00,2694.74,2697.11,2694.49,2695.78,711,5,0,711
2024-12-11 08:39:00,2695.78,2696.58,2694.92,2694.95,231,5,0,231
2024-12-11 08:42:00,2694.88,2695.41,2694.66,2695.04,188,47,0,188
2024-12-11 08:45:00,2695.08,2695.81,2694.9,2695.58,152,5,0,152
2024-12-11 08:48:00,2695.58,2696.22,2695.24,2695.45,129,5,0,129
2024-12-11 08:51:00,2695.45,2695.64,2695.14,2695.49,110,5,0,110
2024-12-11 08:54:00,2695.49,2695.77,2695.03,2695.36,130,5,0,130
2024-12-11 08:57:00,2695.36,2696.68,2695.31,2696.46,258,5,0,258
2024-12-11 09:00:00,2696.46,2696.68,2696.03,2696.4,138,5,0,138
2024-12-11 09:03:00,2696.4,2696.5,2694.65,2695.51,319,5,0,319
2024-12-11 09:06:00,2695.51,2696.69,2694.27,2694.39,325,5,0,325
2024-12-11 09:09:00,2694.39,2694.39,2689.17,2691.02,558,5,0,558
2024-12-11 09:12:00,2691.03,2692.95,2690.24,2691.47,613,5,0,613
2024-12-11 09:15:00,2691.48,2693.71,2691.23,2692.59,338,5,0,338
2024-12-11 09:18:00,2692.59,2694.47,2692.15,2693.53,524,5,0,524
2024-12-11 09:21:00,2693.54,2693.9,2691.61,2692.45,625,5,0,625
2024-12-11 09:24:00,2692.45,2692.56,2689.9,2690.46,688,5,0,688
2024-12-11 09:27:00,2690.46,2691.17,2688.07,2689.14,951,5,0,951
2024-12-11 09:30:00,2689.13,2692.61,2688.75,2691.78,1160,5,0,1160
2024-12-11 09:33:00,2691.78,2692.19,2691.01,2691.99,639,5,0,639
2024-12-11 09:36:00,2691.99,2692.29,2690.71,2691.78,608,5,0,608
2024-12-11 09:39:00,2691.85,2692.5,2690.23,2691.03,589,5,0,589
2024-12-11 09:42:00,2691.03,2692.23,2690.47,2691.8,480,5,0,480
2024-12-11 09:45:00,2691.98,2692.72,2690.99,2691.53,607,5,0,607
2024-12-11 09:48:00,2691.54,2692.43,2691.35,2691.94,614,5,0,614
2024-12-11 09:51:00,2691.94,2691.98,2690.35,2690.43,480,5,0,480
2024-12-11 09:54:00,2690.33,2690.94,2690.25,2690.69,589,5,0,589
2024-12-11 09:57:00,2690.69,2690.93,2689.62,2690.28,514,5,0,514
2024-12-11 10:00:00,2690.28,2690.29,2688.6,2689.55,1113,5,0,1113
2024-12-11 10:03:00,2689.56,2690.89,2689.17,2690.76,756,5,0,756
2024-12-11 10:06:00,2690.76,2692.55,2690.17,2692.42,1166,5,0,1166
2024-12-11 10:09:00,2692.47,2692.47,2691.44,2692.28,1131,5,0,1131
2024-12-11 10:12:00,2692.28,2692.93,2691.91,2692.69,735,5,0,735
2024-12-11 10:15:00,2692.7,2693.19,2692.11,2692.49,669,5,0,669
2024-12-11 10:18:00,2692.47,2692.89,2691.92,2692.53,770,5,0,770
2024-12-11 10:21:00,2692.48,2692.94,2692.37,2692.58,1097,5,0,1097
2024-12-11 10:24:00,2692.46,2694.54,2692.46,2694.13,1041,5,0,1041
2024-12-11 10:27:00,2694.14,2695.34,2693.68,2694.5,1592,5,0,1592
2024-12-11 10:30:00,2694.52,2695.27,2693.91,2695.25,1857,5,0,1857
2024-12-11 10:33:00,2695.25,2696.13,2694.75,2695.53,1260,5,0,1260
2024-12-11 10:36:00,2695.53,2695.86,2694.64,2695.14,1006,5,0,1006
2024-12-11 10:39:00,2695.06,2695.49,2694.43,2694.56,1052,5,0,1052
2024-12-11 10:42:00,2694.55,2694.72,2692.97,2693.21,1085,5,0,1085
2024-12-11 10:45:00,2693.2,2693.34,2692.2,2693.03,1031,5,0,1031
2024-12-11 10:48:00,2692.91,2692.91,2690.54,2690.9,977,5,0,977
2024-12-11 10:51:00,2690.9,2691.84,2690.24,2691.56,603,5,0,603
2024-12-11 10:54:00,2691.5,2692.38,2690.95,2691.05,801,5,0,801
2024-12-11 10:57:00,2691.03,2691.92,2690.88,2691.13,841,5,0,841
2024-12-11 11:00:00,2691.14,2691.21,2689.67,2689.73,978,5,0,978
2024-12-11 11:03:00,2689.72,2690.03,2688.87,2689.24,1007,5,0,1007
2024-12-11 11:06:00,2689.25,2689.52,2686.46,2687.82,1797,5,0,1797
2024-12-11 11:09:00,2687.81,2689.75,2686.39,2689.5,619,5,0,619
2024-12-11 11:12:00,2689.46,2689.86,2688.36,2688.72,789,5,0,789
2024-12-11 11:15:00,2688.74,2692.32,2688.01,2692.16,1235,5,0,1235
2024-12-11 11:18:00,2692.15,2693.08,2691.6,2691.76,779,5,0,779
2024-12-11 11:21:00,2691.76,2691.92,2689.81,2691.92,632,5,0,632
2024-12-11 11:24:00,2691.91,2692.63,2690.5,2690.72,756,5,0,756
2024-12-11 11:27:00,2690.72,2692.41,2690.31,2692.16,838,5,0,838
2024-12-11 11:30:00,2692.2,2694.26,2691.64,2694.16,873,5,0,873
2024-12-11 11:33:00,2694.16,2694.23,2692.95,2693.16,732,5,0,732
2024-12-11 11:36:00,2693.18,2693.23,2692.45,2692.97,947,5,0,947
2024-12-11 11:39:00,2692.97,2694.52,2692.77,2694.27,950,5,0,950
2024-12-11 11:42:00,2694.29,2694.36,2692.58,2693.76,927,5,0,927
2024-12-11 11:45:00,2693.76,2694.48,2692.62,2693.83,1002,5,0,1002
2024-12-11 11:48:00,2693.82,2693.82,2693.08,2693.5,1014,5,0,1014
2024-12-11 11:51:00,2693.54,2694.77,2693.38,2694.48,1455,5,0,1455
2024-12-11 11:54:00,2694.48,2695.05,2693.71,2694.85,1072,5,0,1072
2024-12-11 11:57:00,2694.84,2695.98,2694.41,2695.78,1490,5,0,1490
2024-12-11 12:00:00,2695.77,2695.86,2694.05,2695.52,1612,5,0,1612
2024-12-11 12:03:00,2695.52,2695.8,2694.32,2695.55,998,5,0,998
2024-12-11 12:06:00,2695.55,2697.34,2695.09,2696.76,1188,5,0,1188
2024-12-11 12:09:00,2696.77,2696.86,2695.63,2696.71,1213,5,0,1213
2024-12-11 12:12:00,2696.71,2698.93,2696.68,2698.46,941,5,0,941
2024-12-11 12:15:00,2698.46,2698.79,2697.77,2698.14,911,5,0,911
2024-12-11 12:18:00,2698.14,2698.34,2697.16,2697.37,794,5,0,794
2024-12-11 12:21:00,2697.37,2698.6,2697.25,2698.21,620,5,0,620
2024-12-11 12:24:00,2698.21,2698.75,2697.55,2698.69,794,5,0,794
2024-12-11 12:27:00,2698.67,2699.84,2698.6,2699.15,694,5,0,694
2024-12-11 12:30:00,2699.11,2699.29,2696.84,2697.42,909,5,0,909
2024-12-11 12:33:00,2697.4,2697.92,2695.56,2695.93,701,5,0,701
2024-12-11 12:36:00,2695.93,2696.37,2693.95,2693.97,564,5,0,564
2024-12-11 12:39:00,2693.97,2694.05,2692.38,2692.43,484,5,0,484
2024-12-11 12:42:00,2692.45,2694.19,2692.42,2692.61,571,5,0,571
2024-12-11 12:45:00,2692.59,2694.51,2692.37,2694.05,708,5,0,708
2024-12-11 12:48:00,2694.04,2694.53,2693.31,2693.79,629,5,0,629
2024-12-11 12:51:00,2693.79,2695.19,2693.58,2695.06,1044,5,0,1044
2024-12-11 12:54:00,2695.07,2695.79,2694.81,2695.22,607,5,0,607
2024-12-11 12:57:00,2695.19,2695.23,2694.41,2694.52,567,5,0,567
2024-12-11 13:00:00,2694.5,2694.75,2693.06,2693.86,751,5,0,751
2024-12-11 13:03:00,2693.86,2694.3,2692.7,2692.85,678,5,0,678
2024-12-11 13:06:00,2692.88,2694.47,2692.75,2694.17,742,5,0,742
2024-12-11 13:09:00,2694.15,2695.08,2694.13,2694.76,482,5,0,482
2024-12-11 13:12:00,2694.77,2695.06,2694.1,2694.52,671,5,0,671
2024-12-11 13:15:00,2694.52,2695.23,2693.93,2694.35,853,5,0,853
2024-12-11 13:18:00,2694.35,2696.0,2694.02,2695.56,748,5,0,748
2024-12-11 13:21:00,2695.7,2696.93,2695.19,2696.86,511,5,0,511
2024-12-11 13:24:00,2696.92,2696.92,2695.71,2696.02,544,5,0,544
2024-12-11 13:27:00,2696.01,2696.88,2695.37,2696.28,1025,5,0,1025
2024-12-11 13:30:00,2696.28,2696.59,2695.29,2695.41,674,5,0,674
2024-12-11 13:33:00,2695.41,2696.24,2695.12,2695.63,904,5,0,904
2024-12-11 13:36:00,2695.64,2695.9,2694.68,2695.3,712,5,0,712
2024-12-11 13:39:00,2695.31,2695.67,2695.01,2695.57,470,5,0,470
2024-12-11 13:42:00,2695.57,2695.89,2695.04,2695.41,529,5,0,529
2024-12-11 13:45:00,2695.41,2696.1,2694.47,2694.66,537,5,0,537
2024-12-11 13:48:00,2694.66,2695.23,2693.93,2695.14,738,5,0,738
2024-12-11 13:51:00,2695.15,2697.31,2695.05,2697.12,1223,5,0,1223
2024-12-11 13:54:00,2697.12,2697.57,2696.17,2697.51,574,5,0,574
2024-12-11 13:57:00,2697.5,2697.5,2696.44,2696.61,529,5,0,529
2024-12-11 14:00:00,2696.61,2697.46,2696.58,2697.39,641,5,0,641
2024-12-11 14:03:00,2697.45,2697.48,2694.78,2695.08,1081,5,0,1081
2024-12-11 14:06:00,2695.08,2696.14,2694.04,2695.95,811,5,0,811
2024-12-11 14:09:00,2695.95,2696.54,2694.4,2694.57,1141,5,0,1141
2024-12-11 14:12:00,2694.57,2696.78,2693.8,2696.55,976,5,0,976
2024-12-11 14:15:00,2696.53,2697.3,2696.25,2697.03,581,5,0,581
2024-12-11 14:18:00,2697.03,2697.34,2695.44,2695.66,452,5,0,452
2024-12-11 14:21:00,2695.66,2696.66,2695.66,2696.41,537,5,0,537
2024-12-11 14:24:00,2696.38,2696.49,2695.15,2695.21,590,5,0,590
2024-12-11 14:27:00,2695.21,2695.81,2694.85,2694.98,966,5,0,966
2024-12-11 14:30:00,2695.04,2695.76,2694.18,2695.59,1287,5,0,1287
2024-12-11 14:33:00,2695.6,2696.45,2695.09,2695.95,819,5,0,819
2024-12-11 14:36:00,2696.01,2696.49,2695.7,2696.19,525,5,0,525
2024-12-11 14:39:00,2696.19,2696.25,2695.51,2696.01,376,5,0,376
2024-12-11 14:42:00,2696.02,2696.74,2695.79,2696.27,481,5,0,481
2024-12-11 14:45:00,2696.31,2696.83,2695.71,2695.76,410,5,0,410
2024-12-11 14:48:00,2695.75,2696.26,2695.3,2696.0,562,5,0,562
2024-12-11 14:51:00,2696.04,2696.2,2695.42,2696.06,428,5,0,428
2024-12-11 14:54:00,2696.07,2696.48,2695.79,2696.43,609,5,0,609
2024-12-11 14:57:00,2696.43,2696.68,2695.64,2695.8,652,5,0,652
2024-12-11 15:00:00,2695.8,2698.0,2695.63,2697.32,970,5,0,970
2024-12-11 15:03:00,2697.32,2697.86,2696.29,2696.72,690,5,0,690
2024-12-11 15:06:00,2696.72,2697.86,2696.29,2697.86,551,5,0,551
2024-12-11 15:09:00,2697.85,2698.19,2696.95,2697.29,622,5,0,622
2024-12-11 15:12:00,2697.29,2697.37,2696.75,2697.15,1028,5,0,1028
2024-12-11 15:15:00,2697.18,2697.81,2696.67,2697.17,970,5,0,970
2024-12-11 15:18:00,2697.17,2697.51,2694.54,2695.02,853,5,0,853
2024-12-11 15:21:00,2695.02,2695.2,2693.12,2693.17,894,5,0,894
2024-12-11 15:24:00,2693.17,2694.06,2690.63,2693.6,993,5,0,993
2024-12-11 15:27:00,2693.6,2695.64,2693.45,2695.19,517,5,0,517
2024-12-11 15:30:00,2695.19,2697.58,2694.04,2696.45,508,5,0,508
2024-12-11 15:33:00,2697.01,2700.69,2696.94,2699.22,683,5,0,683
2024-12-11 15:36:00,2699.22,2701.71,2698.54,2699.0,770,5,0,770
2024-12-11 15:39:00,2699.07,2699.42,2696.81,2698.93,903,5,0,903
2024-12-11 15:42:00,2698.93,2701.1,2698.59,2700.36,955,5,0,955
2024-12-11 15:45:00,2700.27,2700.46,2698.39,2699.15,768,5,0,768
2024-12-11 15:48:00,2699.15,2702.41,2698.11,2701.19,943,5,0,943
2024-12-11 15:51:00,2701.19,2701.2,2699.7,2700.18,773,5,0,773
2024-12-11 15:54:00,2700.26,2702.08,2700.08,2701.58,756,5,0,756
2024-12-11 15:57:00,2701.72,2702.14,2700.32,2701.03,864,5,0,864
2024-12-11 16:00:00,2701.04,2704.05,2701.0,2703.71,1061,5,0,1061
2024-12-11 16:03:00,2703.71,2704.39,2701.79,2702.04,1676,5,0,1676
2024-12-11 16:06:00,2702.02,2702.36,2699.79,2699.8,892,5,0,892
2024-12-11 16:09:00,2699.78,2701.54,2698.71,2701.53,959,5,0,959
2024-12-11 16:12:00,2701.53,2702.71,2700.11,2702.15,1548,5,0,1548
2024-12-11 16:15:00,2702.15,2704.04,2702.11,2703.08,1173,5,0,1173
2024-12-11 16:18:00,2703.09,2703.16,2701.39,2701.44,1306,5,0,1306
2024-12-11 16:21:00,2701.45,2702.11,2700.0,2701.03,1642,5,0,1642
2024-12-11 16:24:00,2701.02,2701.2,2699.79,2700.03,1393,5,0,1393
2024-12-11 16:27:00,2700.02,2701.27,2699.71,2700.72,1445,5,0,1445
2024-12-11 16:30:00,2700.71,2700.73,2696.63,2698.47,1164,5,0,1164
2024-12-11 16:33:00,2698.49,2701.3,2698.49,2700.79,1020,5,0,1020
2024-12-11 16:36:00,2700.78,2702.24,2700.02,2700.62,1192,5,0,1192
2024-12-11 16:39:00,2700.63,2701.93,2699.77,2700.77,1325,5,0,1325
2024-12-11 16:42:00,2700.76,2701.94,2700.28,2701.27,1001,5,0,1001
2024-12-11 16:45:00,2701.3,2702.82,2700.12,2701.98,828,5,0,828
2024-12-11 16:48:00,2701.98,2702.15,2700.67,2701.85,862,5,0,862
2024-12-11 16:51:00,2701.85,2704.74,2701.6,2704.14,801,5,0,801
2024-12-11 16:54:00,2704.12,2706.69,2703.41,2704.9,1114,5,0,1114
2024-12-11 16:57:00,2704.91,2707.03,2704.91,2706.01,1094,5,0,1094
2024-12-11 17:00:00,2706.36,2707.94,2705.29,2707.49,986,5,0,986
2024-12-11 17:03:00,2707.34,2710.8,2707.34,2708.45,1423,5,0,1423
2024-12-11 17:06:00,2708.56,2710.16,2707.54,2710.02,1213,5,0,1213
2024-12-11 17:09:00,2710.02,2711.79,2707.5,2711.12,1290,5,0,1290
2024-12-11 17:12:00,2711.45,2713.44,2711.44,2712.55,1403,5,0,1403
2024-12-11 17:15:00,2712.55,2713.61,2710.87,2712.03,1088,5,0,1088
2024-12-11 17:18:00,2712.03,2712.15,2710.1,2710.8,1030,5,0,1030
2024-12-11 17:21:00,2710.8,2712.07,2709.47,2710.54,956,5,0,956
2024-12-11 17:24:00,2710.54,2712.11,2710.25,2711.1,1146,5,0,1146
2024-12-11 17:27:00,2711.09,2712.02,2709.1,2711.77,971,5,0,971
2024-12-11 17:30:00,2711.79,2713.25,2711.35,2712.83,1029,5,0,1029
2024-12-11 17:33:00,2712.83,2713.77,2711.45,2711.99,1403,5,0,1403
2024-12-11 17:36:00,2711.99,2714.91,2711.99,2714.0,1473,5,0,1473
2024-12-11 17:39:00,2713.94,2716.04,2713.69,2715.58,1076,5,0,1076
2024-12-11 17:42:00,2715.6,2716.07,2714.11,2715.12,1264,5,0,1264
2024-12-11 17:45:00,2715.05,2715.5,2713.14,2713.76,943,5,0,943
2024-12-11 17:48:00,2713.76,2715.24,2712.77,2715.13,1129,5,0,1129
2024-12-11 17:51:00,2715.13,2715.23,2714.21,2714.63,1297,5,0,1297
2024-12-11 17:54:00,2714.73,2714.98,2713.45,2713.82,1471,5,0,1471
2024-12-11 17:57:00,2713.91,2714.08,2712.45,2713.21,1144,5,0,1144
2024-12-11 18:00:00,2713.2,2714.03,2712.12,2713.49,1124,5,0,1124
2024-12-11 18:03:00,2713.49,2714.46,2713.26,2713.83,1065,5,0,1065
2024-12-11 18:06:00,2713.85,2714.68,2711.19,2711.63,1090,5,0,1090
2024-12-11 18:09:00,2711.63,2714.25,2711.61,2713.14,1005,5,0,1005
2024-12-11 18:12:00,2713.08,2716.09,2712.99,2716.05,1385,5,0,1385
2024-12-11 18:15:00,2716.05,2716.91,2715.32,2716.49,1328,5,0,1328
2024-12-11 18:18:00,2716.49,2716.5,2714.41,2715.73,1192,5,0,1192
2024-12-11 18:21:00,2715.73,2716.11,2714.53,2715.23,1153,5,0,1153
2024-12-11 18:24:00,2715.23,2716.38,2714.48,2716.04,1145,5,0,1145
2024-12-11 18:27:00,2716.08,2716.69,2715.75,2716.17,1133,5,0,1133
2024-12-11 18:30:00,2716.17,2717.23,2715.39,2717.17,1075,5,0,1075
2024-12-11 18:33:00,2717.13,2718.6,2712.75,2713.79,1592,5,0,1592
2024-12-11 18:36:00,2713.82,2714.85,2713.26,2714.25,1165,5,0,1165
2024-12-11 18:39:00,2714.26,2714.79,2713.41,2714.63,885,5,0,885
2024-12-11 18:42:00,2714.63,2714.65,2713.56,2714.44,1069,5,0,1069
2024-12-11 18:45:00,2714.44,2714.91,2712.6,2713.42,1621,5,0,1621
2024-12-11 18:48:00,2713.42,2714.25,2713.19,2713.99,1421,5,0,1421
2024-12-11 18:51:00,2713.99,2715.99,2713.92,2715.95,1067,5,0,1067
2024-12-11 18:54:00,2715.95,2716.07,2714.58,2715.03,1157,5,0,1157
2024-12-11 18:57:00,2715.06,2716.35,2715.03,2715.35,1198,5,0,1198
2024-12-11 19:00:00,2715.35,2718.1,2715.27,2718.07,1115,5,0,1115
2024-12-11 19:03:00,2718.07,2718.94,2717.56,2718.91,961,5,0,961
2024-12-11 19:06:00,2718.91,2720.02,2718.12,2718.62,1213,5,0,1213
2024-12-11 19:09:00,2718.6,2719.54,2718.59,2719.46,1160,5,0,1160
2024-12-11 19:12:00,2719.42,2719.8,2718.47,2719.11,771,5,0,771
2024-12-11 19:15:00,2719.11,2719.16,2717.95,2718.04,745,5,0,745
2024-12-11 19:18:00,2718.04,2718.06,2715.75,2716.92,712,5,0,712
2024-12-11 19:21:00,2716.92,2717.79,2716.46,2716.97,524,5,0,524
2024-12-11 19:24:00,2717.01,2718.43,2716.78,2717.93,255,5,0,255
2024-12-11 19:27:00,2717.93,2718.0,2716.86,2717.19,395,5,0,395
2024-12-11 19:30:00,2717.19,2717.48,2716.29,2716.5,555,5,0,555
2024-12-11 19:33:00,2716.49,2716.49,2714.09,2715.2,627,5,0,627
2024-12-11 19:36:00,2715.2,2716.67,2714.96,2715.88,503,5,0,503
2024-12-11 19:39:00,2715.91,2716.88,2715.63,2716.62,600,5,0,600
2024-12-11 19:42:00,2716.66,2718.25,2716.57,2718.0,555,5,0,555
2024-12-11 19:45:00,2718.0,2718.48,2717.6,2718.09,657,5,0,657
2024-12-11 19:48:00,2718.09,2718.14,2716.55,2716.96,775,5,0,775
2024-12-11 19:51:00,2716.94,2718.06,2716.68,2718.06,428,5,0,428
2024-12-11 19:54:00,2718.06,2718.38,2717.64,2718.25,660,5,0,660
2024-12-11 19:57:00,2718.25,2718.59,2717.44,2718.09,883,5,0,883
2024-12-11 20:00:00,2718.09,2718.67,2716.97,2718.46,593,5,0,593
2024-12-11 20:03:00,2718.48,2719.94,2718.48,2719.54,510,5,0,510
2024-12-11 20:06:00,2719.54,2720.02,2719.01,2719.55,467,5,0,467
2024-12-11 20:09:00,2719.55,2720.04,2718.9,2719.87,470,5,0,470
2024-12-11 20:12:00,2719.87,2719.95,2718.91,2719.33,492,5,0,492
2024-12-11 20:15:00,2719.36,2720.16,2718.76,2719.82,822,5,0,822
2024-12-11 20:18:00,2719.82,2720.7,2719.44,2720.53,1026,5,0,1026
2024-12-11 20:21:00,2720.55,2721.06,2720.04,2720.94,993,5,0,993
2024-12-11 20:24:00,2720.95,2721.21,2720.31,2720.91,744,5,0,744
2024-12-11 20:27:00,2720.91,2721.22,2719.33,2719.49,1365,5,0,1365
2024-12-11 20:30:00,2719.44,2720.32,2718.71,2719.32,450,5,0,450
2024-12-11 20:33:00,2719.32,2719.34,2717.99,2719.02,428,5,0,428
2024-12-11 20:36:00,2718.98,2719.18,2718.23,2718.91,687,5,0,687
2024-12-11 20:39:00,2718.91,2718.98,2717.26,2717.33,666,5,0,666
2024-12-11 20:42:00,2717.33,2717.52,2716.49,2716.61,773,5,0,773
2024-12-11 20:45:00,2716.61,2717.26,2716.1,2717.06,591,5,0,591
2024-12-11 20:48:00,2717.02,2717.06,2714.59,2715.27,657,5,0,657
2024-12-11 20:51:00,2715.28,2715.75,2714.69,2714.86,601,5,0,601
2024-12-11 20:54:00,2714.86,2715.35,2714.65,2714.7,1155,5,0,1155
2024-12-11 20:57:00,2714.71,2714.86,2713.98,2714.26,798,5,0,798
2024-12-11 21:00:00,2714.22,2715.16,2713.39,2714.84,749,5,0,749
2024-12-11 21:03:00,2714.83,2715.21,2714.07,2714.66,771,5,0,771
2024-12-11 21:06:00,2714.67,2715.24,2714.13,2714.92,1417,5,0,1417
2024-12-11 21:09:00,2714.91,2715.91,2714.43,2715.0,1327,5,0,1327
2024-12-11 21:12:00,2715.01,2715.95,2714.63,2715.95,921,5,0,921
2024-12-11 21:15:00,2715.96,2716.34,2715.15,2715.43,690,5,0,690
2024-12-11 21:18:00,2715.44,2716.33,2715.42,2716.24,1192,5,0,1192
2024-12-11 21:21:00,2716.26,2716.45,2715.39,2715.69,789,5,0,789
2024-12-11 21:24:00,2715.69,2716.23,2714.81,2716.06,582,5,0,582
2024-12-11 21:27:00,2716.04,2716.58,2716.0,2716.44,401,5,0,401
2024-12-11 21:30:00,2716.45,2717.19,2715.91,2717.11,778,5,0,778
2024-12-11 21:33:00,2717.12,2718.68,2717.0,2718.61,760,5,0,760
2024-12-11 21:36:00,2718.61,2719.05,2717.96,2718.44,782,5,0,782
2024-12-11 21:39:00,2718.44,2719.37,2718.16,2719.28,638,5,0,638
2024-12-11 21:42:00,2719.28,2719.37,2718.37,2719.36,511,5,0,511
2024-12-11 21:45:00,2719.36,2719.76,2718.84,2718.94,484,5,0,484
2024-12-11 21:48:00,2718.94,2719.31,2718.33,2718.9,484,5,0,484
2024-12-11 21:51:00,2718.9,2718.96,2717.63,2718.11,686,5,0,686
2024-12-11 21:54:00,2718.11,2718.62,2717.71,2717.78,767,5,0,767
2024-12-11 21:57:00,2717.79,2718.54,2717.73,2718.1,780,5,0,780
2024-12-11 22:00:00,2718.11,2718.81,2717.89,2718.43,733,5,0,733
2024-12-11 22:03:00,2718.43,2719.57,2718.39,2719.52,546,5,0,546
2024-12-11 22:06:00,2719.48,2719.69,2719.16,2719.27,340,5,0,340
2024-12-11 22:09:00,2719.27,2719.75,2718.81,2719.53,386,5,0,386
2024-12-11 22:12:00,2719.53,2720.01,2719.5,2719.89,287,5,0,287
2024-12-11 22:15:00,2719.89,2720.23,2719.19,2719.6,492,5,0,492
2024-12-11 22:18:00,2719.6,2719.99,2719.15,2719.89,270,5,0,270
2024-12-11 22:21:00,2719.89,2719.97,2719.39,2719.47,463,5,0,463
2024-12-11 22:24:00,2719.46,2719.5,2718.16,2718.79,967,5,0,967
2024-12-11 22:27:00,2718.75,2719.25,2718.56,2718.77,1283,5,0,1283
2024-12-11 22:30:00,2718.77,2718.93,2717.7,2717.79,533,5,0,533
2024-12-11 22:33:00,2717.79,2717.99,2717.02,2717.46,394,5,0,394
2024-12-11 22:36:00,2717.46,2717.68,2716.65,2717.15,315,5,0,315
2024-12-11 22:39:00,2717.15,2718.59,2717.14,2717.82,421,5,0,421
2024-12-11 22:42:00,2717.82,2718.04,2717.65,2717.72,306,5,0,306
2024-12-11 22:45:00,2717.72,2718.72,2717.69,2718.72,682,5,0,682
2024-12-11 22:48:00,2718.72,2718.95,2718.19,2718.3,517,5,0,517
2024-12-11 22:51:00,2718.3,2718.65,2717.7,2717.7,457,5,0,457
2024-12-11 22:54:00,2717.7,2717.73,2716.37,2716.41,614,5,0,614
2024-12-11 22:57:00,2716.41,2717.59,2716.14,2717.3,964,5,0,964
2024-12-11 23:00:00,2717.3,2717.33,2716.51,2716.52,198,5,0,198
2024-12-11 23:03:00,2716.52,2716.82,2716.09,2716.62,159,5,0,159
2024-12-11 23:06:00,2716.62,2717.1,2716.6,2717.02,154,5,0,154
2024-12-11 23:09:00,2717.02,2717.56,2716.78,2717.2,186,5,0,186
2024-12-11 23:12:00,2717.2,2718.07,2717.2,2717.6,164,5,0,164
2024-12-11 23:15:00,2717.64,2717.84,2717.39,2717.45,175,5,0,175
2024-12-11 23:18:00,2717.59,2717.65,2717.33,2717.48,119,5,0,119
2024-12-11 23:21:00,2717.49,2717.76,2717.05,2717.18,214,5,0,214
2024-12-11 23:24:00,2717.18,2717.31,2716.47,2716.54,192,5,0,192
2024-12-11 23:27:00,2716.55,2717.37,2716.5,2717.09,118,5,0,118
2024-12-11 23:30:00,2717.09,2717.65,2716.85,2717.58,94,5,0,94
2024-12-11 23:33:00,2717.58,2718.49,2717.48,2717.87,215,5,0,215
2024-12-11 23:36:00,2717.87,2718.2,2717.83,2718.17,222,5,0,222
2024-12-11 23:39:00,2718.17,2718.48,2717.61,2718.47,302,5,0,302
2024-12-11 23:42:00,2718.47,2718.49,2717.95,2718.14,122,5,0,122
2024-12-11 23:45:00,2718.14,2718.7,2718.09,2718.66,112,5,0,112
2024-12-11 23:48:00,2718.66,2718.81,2717.89,2718.36,214,5,0,214
2024-12-11 23:51:00,2718.34,2718.42,2717.89,2718.08,78,5,0,78
2024-12-11 23:54:00,2718.08,2718.28,2717.5,2718.19,87,15,0,87
2024-12-11 23:57:00,2718.19,2718.28,2717.89,2718.05,85,29,0,85
2024-12-12 01:00:00,2718.59,2719.23,2717.11,2717.39,121,5,0,121
2024-12-12 01:03:00,2717.39,2719.12,2716.81,2717.09,246,5,0,246
2024-12-12 01:06:00,2717.09,2717.54,2717.08,2717.4,100,7,0,100
2024-12-12 01:09:00,2717.39,2718.64,2717.31,2717.92,177,5,0,177
2024-12-12 01:12:00,2717.93,2718.59,2717.77,2718.53,156,36,0,156
2024-12-12 01:15:00,2718.54,2718.71,2718.21,2718.53,87,5,0,87
2024-12-12 01:18:00,2718.55,2718.58,2717.58,2717.66,127,12,0,127
2024-12-12 01:21:00,2717.66,2718.1,2717.62,2717.69,86,5,0,86
2024-12-12 01:24:00,2717.7,2717.86,2717.64,2717.67,46,10,0,46
2024-12-12 01:27:00,2717.67,2718.35,2717.61,2718.05,61,5,0,61
2024-12-12 01:30:00,2718.05,2718.36,2717.46,2718.35,102,6,0,102
2024-12-12 01:33:00,2718.35,2718.65,2718.31,2718.65,40,5,0,40
2024-12-12 01:36:00,2718.65,2719.57,2718.65,2719.57,128,5,0,128
2024-12-12 01:39:00,2719.57,2719.98,2719.13,2719.13,146,5,0,146
2024-12-12 01:42:00,2719.13,2719.61,2719.0,2719.54,120,5,0,120
2024-12-12 01:45:00,2719.54,2720.22,2719.54,2719.85,133,5,0,133
2024-12-12 01:48:00,2719.85,2719.99,2719.52,2719.93,102,5,0,102
2024-12-12 01:51:00,2719.93,2720.4,2719.54,2719.99,242,5,0,242
2024-12-12 01:54:00,2719.99,2720.31,2719.74,2719.95,293,5,0,293
2024-12-12 01:57:00,2719.95,2720.4,2719.42,2720.02,419,5,0,419
2024-12-12 02:00:00,2720.02,2720.29,2718.84,2719.36,368,5,0,368
2024-12-12 02:03:00,2719.36,2719.73,2719.28,2719.73,190,5,0,190
2024-12-12 02:06:00,2719.73,2720.79,2719.73,2720.08,266,5,0,266
2024-12-12 02:09:00,2720.08,2720.49,2719.85,2720.46,311,5,0,311
2024-12-12 02:12:00,2720.45,2721.12,2720.37,2720.89,266,5,0,266
2024-12-12 02:15:00,2720.89,2720.89,2720.22,2720.73,208,5,0,208
2024-12-12 02:18:00,2720.73,2720.91,2720.26,2720.89,149,5,0,149
2024-12-12 02:21:00,2720.9,2721.24,2720.16,2720.3,167,5,0,167
2024-12-12 02:24:00,2720.3,2721.74,2720.07,2721.21,186,5,0,186
2024-12-12 02:27:00,2721.21,2721.58,2720.84,2720.88,189,5,0,189
2024-12-12 02:30:00,2720.88,2721.73,2720.78,2721.44,368,5,0,368
2024-12-12 02:33:00,2721.44,2721.46,2720.38,2720.57,214,5,0,214
2024-12-12 02:36:00,2720.57,2721.35,2720.53,2721.1,237,5,0,237
2024-12-12 02:39:00,2721.11,2721.55,2720.39,2720.51,316,5,0,316
2024-12-12 02:42:00,2720.51,2721.37,2720.49,2721.21,182,5,0,182
2024-12-12 02:45:00,2721.21,2721.59,2720.97,2721.28,157,5,0,157
2024-12-12 02:48:00,2721.28,2721.89,2721.27,2721.43,137,5,0,137
2024-12-12 02:51:00,2721.43,2722.21,2721.43,2722.08,281,5,0,281
2024-12-12 02:54:00,2722.08,2722.59,2721.7,2722.29,448,5,0,448
2024-12-12 02:57:00,2722.29,2724.45,2722.25,2724.17,749,5,0,749
2024-12-12 03:00:00,2724.17,2726.21,2723.02,2723.25,1696,5,0,1696
2024-12-12 03:03:00,2723.25,2723.83,2721.46,2721.93,1281,5,0,1281
2024-12-12 03:06:00,2721.94,2722.29,2719.48,2719.74,930,5,0,930
2024-12-12 03:09:00,2719.72,2720.51,2718.14,2718.82,1113,5,0,1113
2024-12-12 03:12:00,2718.83,2719.75,2717.75,2718.14,1086,5,0,1086
2024-12-12 03:15:00,2718.14,2718.15,2715.53,2715.53,1371,5,0,1371
2024-12-12 03:18:00,2715.53,2717.47,2714.91,2716.89,1345,5,0,1345
2024-12-12 03:21:00,2716.77,2717.16,2715.42,2715.79,1892,5,0,1892
2024-12-12 03:24:00,2715.83,2716.57,2715.21,2715.83,1231,5,0,1231
2024-12-12 03:27:00,2715.79,2715.88,2713.56,2714.31,866,5,0,866
2024-12-12 03:30:00,2714.31,2714.42,2698.13,2709.0,1186,5,0,1186
2024-12-12 03:33:00,2709.0,2711.59,2708.88,2710.72,683,5,0,683
2024-12-12 03:36:00,2710.74,2711.67,2709.29,2709.3,450,5,0,450
2024-12-12 03:39:00,2709.31,2710.71,2709.31,2710.68,574,5,0,574
2024-12-12 03:42:00,2710.7,2711.27,2710.52,2711.02,310,5,0,310
2024-12-12 03:45:00,2711.02,2711.41,2710.76,2711.27,251,5,0,251
2024-12-12 03:48:00,2711.27,2711.29,2710.54,2710.62,274,5,0,274
2024-12-12 03:51:00,2710.62,2710.62,2708.97,2709.73,245,5,0,245
2024-12-12 03:54:00,2709.73,2710.48,2709.49,2710.25,307,5,0,307
2024-12-12 03:57:00,2710.25,2711.2,2710.25,2710.97,445,6,0,445
2024-12-12 04:00:00,2710.97,2711.5,2709.93,2709.98,520,5,0,520
2024-12-12 04:03:00,2709.98,2709.98,2707.86,2707.87,474,5,0,474
2024-12-12 04:06:00,2707.92,2708.23,2705.96,2706.0,672,5,0,672
2024-12-12 04:09:00,2706.0,2707.63,2705.26,2707.32,465,5,0,465
2024-12-12 04:12:00,2707.32,2708.8,2707.27,2708.64,513,5,0,513
2024-12-12 04:15:00,2708.64,2708.66,2707.43,2708.11,318,5,0,318
2024-12-12 04:18:00,2708.11,2708.54,2706.91,2708.54,353,5,0,353
2024-12-12 04:21:00,2708.53,2709.0,2707.74,2707.97,226,5,0,226
2024-12-12 04:24:00,2707.96,2708.31,2706.91,2707.82,395,5,0,395
2024-12-12 04:27:00,2707.61,2708.81,2707.6,2708.69,268,5,0,268
2024-12-12 04:30:00,2708.67,2708.92,2707.99,2708.34,541,5,0,541
2024-12-12 04:33:00,2708.34,2708.46,2706.23,2707.14,538,5,0,538
2024-12-12 04:36:00,2707.06,2707.13,2705.81,2706.2,360,5,0,360
2024-12-12 04:39:00,2706.2,2706.34,2705.64,2705.76,422,5,0,422
2024-12-12 04:42:00,2705.78,2705.83,2703.9,2705.27,656,5,0,656
2024-12-12 04:45:00,2705.27,2706.1,2705.22,2705.26,525,5,0,525
2024-12-12 04:48:00,2705.26,2705.84,2704.9,2705.68,491,5,0,491
2024-12-12 04:51:00,2705.68,2705.8,2704.13,2704.45,440,5,0,440
2024-12-12 04:54:00,2704.51,2705.26,2703.74,2704.7,511,5,0,511
2024-12-12 04:57:00,2704.7,2706.0,2704.39,2705.91,562,5,0,562
2024-12-12 05:00:00,2705.89,2706.42,2705.34,2705.95,382,5,0,382
2024-12-12 05:03:00,2705.98,2706.9,2705.96,2706.45,284,5,0,284
2024-12-12 05:06:00,2706.5,2706.8,2705.19,2705.74,375,5,0,375
2024-12-12 05:09:00,2705.74,2706.4,2705.44,2706.14,357,5,0,357
2024-12-12 05:12:00,2706.14,2706.58,2705.41,2706.31,327,5,0,327
2024-12-12 05:15:00,2706.34,2707.65,2706.34,2707.43,376,5,0,376
2024-12-12 05:18:00,2707.45,2708.23,2707.1,2707.36,416,5,0,416
2024-12-12 05:21:00,2707.36,2707.61,2706.98,2707.25,332,5,0,332
2024-12-12 05:24:00,2707.25,2707.52,2706.34,2706.57,450,5,0,450
2024-12-12 05:27:00,2706.57,2708.19,2706.41,2708.08,290,5,0,290
2024-12-12 05:30:00,2708.08,2708.7,2707.91,2708.01,234,5,0,234
2024-12-12 05:33:00,2708.01,2708.43,2707.67,2708.26,242,5,0,242
2024-12-12 05:36:00,2708.06,2708.38,2707.26,2707.86,240,5,0,240
2024-12-12 05:39:00,2707.86,2709.12,2707.65,2708.61,395,5,0,395
2024-12-12 05:42:00,2708.61,2709.07,2708.36,2708.44,258,5,0,258
2024-12-12 05:45:00,2708.43,2709.17,2708.14,2708.99,334,5,0,334
2024-12-12 05:48:00,2708.99,2709.83,2708.86,2709.04,168,5,0,168
2024-12-12 05:51:00,2709.04,2709.4,2708.02,2708.29,553,5,0,553
2024-12-12 05:54:00,2708.29,2708.78,2707.82,2708.77,643,5,0,643
2024-12-12 05:57:00,2708.77,2711.54,2708.73,2710.38,1904,5,0,1904
2024-12-12 06:00:00,2710.36,2710.89,2710.1,2710.21,1092,5,0,1092
2024-12-12 06:03:00,2710.19,2710.72,2709.93,2710.25,432,5,0,432
2024-12-12 06:06:00,2710.25,2710.73,2709.73,2709.81,592,5,0,592
2024-12-12 06:09:00,2709.81,2710.63,2709.76,2710.46,263,5,0,263
2024-12-12 06:12:00,2710.43,2710.75,2710.27,2710.4,718,5,0,718
2024-12-12 06:15:00,2710.4,2711.07,2710.3,2710.53,1176,5,0,1176
2024-12-12 06:18:00,2710.5,2711.85,2710.39,2711.71,867,5,0,867
2024-12-12 06:21:00,2711.71,2712.19,2711.34,2711.89,791,5,0,791
2024-12-12 06:24:00,2711.89,2712.87,2711.44,2712.65,532,5,0,532
2024-12-12 06:27:00,2712.65,2713.24,2712.65,2712.86,269,5,0,269
2024-12-12 06:30:00,2712.9,2715.69,2712.71,2715.12,1227,5,0,1227
2024-12-12 06:33:00,2715.12,2715.43,2712.39,2713.13,581,5,0,581
2024-12-12 06:36:00,2713.18,2713.93,2712.68,2713.11,289,5,0,289
2024-12-12 06:39:00,2713.12,2713.22,2712.25,2712.34,165,52,0,165
2024-12-12 06:42:00,2712.33,2712.96,2712.33,2712.71,179,52,0,179
2024-12-12 06:45:00,2712.71,2713.33,2712.49,2712.5,125,20,0,125
2024-12-12 06:48:00,2712.55,2712.63,2711.81,2711.87,632,5,0,632
2024-12-12 06:51:00,2711.85,2712.03,2711.65,2711.76,688,5,0,688
2024-12-12 06:54:00,2711.7,2712.84,2711.64,2712.78,610,5,0,610
2024-12-12 06:57:00,2712.78,2713.76,2712.4,2712.63,543,5,0,543
2024-12-12 07:00:00,2712.63,2712.67,2712.13,2712.29,411,5,0,411
2024-12-12 07:03:00,2712.29,2712.36,2711.48,2711.68,202,5,0,202
2024-12-12 07:06:00,2711.68,2713.5,2711.64,2712.96,423,5,0,423
2024-12-12 07:09:00,2712.96,2713.2,2712.69,2712.97,335,5,0,335
2024-12-12 07:12:00,2712.97,2713.63,2712.93,2713.58,369,5,0,369
2024-12-12 07:15:00,2713.6,2714.4,2713.32,2714.29,562,5,0,562
2024-12-12 07:18:00,2714.29,2714.34,2712.98,2712.99,249,5,0,249
2024-12-12 07:21:00,2712.99,2713.39,2712.51,2712.83,359,11,0,359
2024-12-12 07:24:00,2712.83,2713.64,2712.52,2713.36,268,5,0,268
2024-12-12 07:27:00,2713.36,2713.7,2713.22,2713.49,167,5,0,167
2024-12-12 07:30:00,2713.49,2714.24,2713.27,2713.89,675,5,0,675
2024-12-12 07:33:00,2713.89,2714.54,2712.91,2714.28,572,5,0,572
2024-12-12 07:36:00,2714.28,2715.21,2714.16,2715.18,393,5,0,393
2024-12-12 07:39:00,2715.18,2715.48,2714.11,2714.31,475,5,0,475
2024-12-12 07:42:00,2714.31,2715.4,2713.89,2714.09,537,5,0,537
2024-12-12 07:45:00,2714.13,2714.22,2713.39,2714.0,348,5,0,348
2024-12-12 07:48:00,2713.99,2716.18,2713.88,2716.17,885,5,0,885
2024-12-12 07:51:00,2716.2,2716.38,2714.56,2714.74,599,5,0,599
2024-12-12 07:54:00,2714.76,2715.08,2714.09,2714.15,510,19,0,510
2024-12-12 07:57:00,2714.15,2714.4,2713.14,2713.33,349,5,0,349
2024-12-12 08:00:00,2713.33,2713.6,2712.32,2712.39,427,5,0,427
2024-12-12 08:03:00,2712.39,2713.4,2712.37,2713.28,657,5,0,657
2024-12-12 08:06:00,2713.29,2713.48,2712.34,2712.66,473,5,0,473
2024-12-12 08:09:00,2712.68,2713.08,2712.24,2712.31,577,5,0,577
2024-12-12 08:12:00,2712.31,2712.33,2710.37,2710.38,660,5,0,660
2024-12-12 08:15:00,2710.38,2711.76,2710.38,2711.06,412,5,0,412
2024-12-12 08:18:00,2711.06,2711.78,2710.8,2711.7,288,5,0,288
2024-12-12 08:21:00,2711.72,2712.77,2711.66,2711.84,309,5,0,309
2024-12-12 08:24:00,2711.84,2712.44,2711.62,2712.44,310,5,0,310
2024-12-12 08:27:00,2712.44,2713.91,2712.35,2713.78,247,5,0,247
2024-12-12 08:30:00,2713.78,2714.57,2713.22,2713.74,379,5,0,379
2024-12-12 08:33:00,2713.74,2714.02,2713.19,2713.88,173,5,0,173
2024-12-12 08:36:00,2713.88,2713.98,2713.3,2713.89,274,5,0,274
2024-12-12 08:39:00,2713.89,2715.23,2713.89,2715.02,471,5,0,471
2024-12-12 08:42:00,2715.02,2715.21,2714.77,2715.09,219,5,0,219
2024-12-12 08:45:00,2715.09,2715.96,2714.75,2715.82,306,5,0,306
2024-12-12 08:48:00,2715.87,2716.43,2715.59,2716.4,326,5,0,326
2024-12-12 08:51:00,2716.35,2716.72,2715.88,2716.71,188,5,0,188
2024-12-12 08:54:00,2716.73,2717.76,2716.09,2717.58,532,5,0,532
2024-12-12 08:57:00,2717.58,2718.61,2717.55,2718.61,353,5,0,353
2024-12-12 09:00:00,2718.61,2719.6,2718.21,2719.54,337,5,0,337
2024-12-12 09:03:00,2719.54,2719.59,2718.53,2718.73,422,5,0,422
2024-12-12 09:06:00,2718.73,2719.82,2718.7,2719.79,398,5,0,398
2024-12-12 09:09:00,2719.79,2719.88,2719.01,2719.81,454,5,0,454
2024-12-12 09:12:00,2719.83,2720.35,2719.53,2720.03,498,5,0,498
2024-12-12 09:15:00,2720.02,2720.46,2719.72,2720.1,1168,5,0,1168
2024-12-12 09:18:00,2720.1,2720.19,2718.65,2719.08,1181,5,0,1181
2024-12-12 09:21:00,2719.08,2719.62,2717.82,2719.62,1067,5,0,1067
2024-12-12 09:24:00,2719.55,2719.74,2718.06,2718.08,687,5,0,687
2024-12-12 09:27:00,2718.07,2719.28,2718.06,2718.98,531,5,0,531
2024-12-12 09:30:00,2718.98,2719.46,2718.53,2719.15,461,5,0,461
2024-12-12 09:33:00,2719.16,2719.75,2718.6,2719.64,640,5,0,640
2024-12-12 09:36:00,2719.67,2719.73,2719.45,2719.47,203,5,0,203
2024-12-12 09:39:00,2719.47,2719.79,2718.4,2718.4,418,5,0,418
2024-12-12 09:42:00,2718.4,2718.4,2717.54,2717.63,465,5,0,465
2024-12-12 09:45:00,2717.63,2717.71,2716.73,2717.14,329,5,0,329
2024-12-12 09:48:00,2717.16,2717.6,2716.68,2716.72,284,5,0,284
2024-12-12 09:51:00,2716.72,2717.13,2716.29,2716.65,458,5,0,458
2024-12-12 09:54:00,2716.65,2716.74,2715.35,2715.78,397,5,0,397
2024-12-12 09:57:00,2715.78,2717.02,2715.69,2716.19,420,5,0,420
2024-12-12 10:00:00,2716.19,2717.88,2716.1,2717.47,665,5,0,665
2024-12-12 10:03:00,2717.47,2717.69,2716.73,2717.1,1160,5,0,1160
2024-12-12 10:06:00,2717.12,2717.52,2715.92,2715.92,991,5,0,991
2024-12-12 10:09:00,2715.92,2716.25,2715.02,2715.02,669,5,0,669
2024-12-12 10:12:00,2715.02,2716.74,2714.99,2715.86,1175,5,0,1175
2024-12-12 10:15:00,2715.87,2716.86,2715.52,2716.85,1121,5,0,1121
2024-12-12 10:18:00,2716.86,2719.34,2716.49,2719.08,951,5,0,951
2024-12-12 10:21:00,2719.08,2719.54,2718.51,2718.6,507,5,0,507
2024-12-12 10:24:00,2718.6,2718.65,2717.72,2718.04,867,5,0,867
2024-12-12 10:27:00,2718.13,2718.42,2717.96,2718.34,639,5,0,639
2024-12-12 10:30:00,2718.32,2718.5,2717.1,2717.36,474,5,0,474
2024-12-12 10:33:00,2717.35,2718.69,2717.19,2718.18,437,5,0,437
2024-12-12 10:36:00,2718.2,2718.78,2717.19,2717.54,445,5,0,445
2024-12-12 10:39:00,2717.54,2717.76,2716.31,2716.34,378,5,0,378
2024-12-12 10:42:00,2716.34,2716.78,2715.81,2716.21,405,5,0,405
2024-12-12 10:45:00,2716.21,2716.75,2716.01,2716.22,398,5,0,398
2024-12-12 10:48:00,2716.22,2716.68,2715.46,2716.24,339,5,0,339
2024-12-12 10:51:00,2716.24,2717.08,2716.08,2716.42,463,5,0,463
2024-12-12 10:54:00,2716.4,2718.06,2715.99,2717.92,576,5,0,576
2024-12-12 10:57:00,2717.92,2718.38,2717.78,2717.92,414,5,0,414
2024-12-12 11:00:00,2717.92,2718.78,2717.62,2717.95,1026,5,0,1026
2024-12-12 11:03:00,2717.94,2717.99,2716.66,2716.88,738,5,0,738
2024-12-12 11:06:00,2716.89,2716.9,2715.39,2715.76,370,5,0,370
2024-12-12 11:09:00,2715.73,2716.46,2715.28,2715.82,451,5,0,451
2024-12-12 11:12:00,2715.82,2716.21,2715.48,2715.48,526,5,0,526
2024-12-12 11:15:00,2715.48,2716.28,2714.93,2716.22,573,5,0,573
2024-12-12 11:18:00,2716.24,2717.92,2716.12,2717.67,736,5,0,736
2024-12-12 11:21:00,2717.67,2717.98,2716.67,2716.73,594,5,0,594
2024-12-12 11:24:00,2716.75,2716.97,2714.14,2714.87,1089,5,0,1089
2024-12-12 11:27:00,2714.87,2716.1,2714.62,2715.68,366,5,0,366
2024-12-12 11:30:00,2715.67,2716.99,2715.67,2716.99,509,5,0,509
2024-12-12 11:33:00,2716.99,2717.23,2716.17,2716.86,642,5,0,642
2024-12-12 11:36:00,2716.86,2717.6,2715.03,2715.14,610,5,0,610
2024-12-12 11:39:00,2715.14,2715.74,2714.5,2715.68,1117,5,0,1117
2024-12-12 11:42:00,2715.68,2715.97,2715.2,2715.53,1106,5,0,1106
2024-12-12 11:45:00,2715.53,2717.17,2715.02,2716.84,1048,5,0,1048
2024-12-12 11:48:00,2716.86,2717.52,2716.1,2716.41,901,5,0,901
2024-12-12 11:51:00,2716.41,2716.78,2715.38,2715.64,468,5,0,468
2024-12-12 11:54:00,2715.64,2716.17,2715.19,2715.48,545,5,0,545
2024-12-12 11:57:00,2715.41,2715.86,2714.22,2714.85,461,5,0,461
2024-12-12 12:00:00,2714.85,2714.89,2713.71,2714.11,637,5,0,637
2024-12-12 12:03:00,2714.09,2714.56,2713.51,2713.84,883,5,0,883
2024-12-12 12:06:00,2713.86,2714.39,2711.81,2711.87,1011,5,0,1011
2024-12-12 12:09:00,2711.87,2713.23,2709.97,2712.99,1257,5,0,1257
2024-12-12 12:12:00,2713.0,2713.61,2712.33,2713.61,432,5,0,432
2024-12-12 12:15:00,2713.6,2713.83,2712.55,2712.96,188,5,0,188
2024-12-12 12:18:00,2712.96,2713.12,2711.91,2712.45,295,5,0,295
2024-12-12 12:21:00,2712.51,2712.71,2710.33,2711.72,652,5,0,652
2024-12-12 12:24:00,2711.72,2713.18,2711.66,2713.03,415,5,0,415
2024-12-12 12:27:00,2713.04,2713.51,2712.62,2713.2,345,5,0,345
2024-12-12 12:30:00,2713.2,2714.52,2713.0,2713.36,425,5,0,425
2024-12-12 12:33:00,2713.36,2714.73,2713.31,2714.67,299,5,0,299
2024-12-12 12:36:00,2714.67,2715.62,2714.58,2715.26,878,5,0,878
2024-12-12 12:39:00,2715.25,2715.74,2714.5,2715.17,834,5,0,834
2024-12-12 12:42:00,2715.17,2715.65,2715.05,2715.14,610,5,0,610
2024-12-12 12:45:00,2715.14,2715.14,2713.08,2713.16,917,5,0,917
2024-12-12 12:48:00,2713.14,2713.16,2712.04,2712.04,702,5,0,702
2024-12-12 12:51:00,2712.0,2712.45,2711.64,2712.01,721,5,0,721
2024-12-12 12:54:00,2711.99,2712.29,2711.32,2712.13,557,5,0,557
2024-12-12 12:57:00,2712.11,2712.24,2711.22,2711.49,586,5,0,586
2024-12-12 13:00:00,2711.54,2711.57,2709.16,2709.47,1187,5,0,1187
2024-12-12 13:03:00,2709.47,2711.0,2709.45,2710.2,915,5,0,915
2024-12-12 13:06:00,2710.24,2710.44,2707.67,2708.55,835,5,0,835
2024-12-12 13:09:00,2708.55,2709.76,2707.74,2708.42,1304,5,0,1304
2024-12-12 13:12:00,2708.43,2708.57,2707.37,2707.82,987,5,0,987
2024-12-12 13:15:00,2707.83,2710.52,2707.78,2709.67,1086,5,0,1086
2024-12-12 13:18:00,2709.67,2711.62,2709.65,2711.56,1390,5,0,1390
2024-12-12 13:21:00,2711.56,2712.17,2710.63,2710.86,627,5,0,627
2024-12-12 13:24:00,2710.92,2710.93,2709.58,2709.82,702,5,0,702
2024-12-12 13:27:00,2709.82,2710.3,2709.11,2709.54,977,5,0,977
2024-12-12 13:30:00,2709.54,2712.43,2709.53,2712.42,857,5,0,857
2024-12-12 13:33:00,2712.42,2712.46,2710.32,2710.36,451,5,0,451
2024-12-12 13:36:00,2710.36,2710.89,2709.29,2710.12,882,5,0,882
2024-12-12 13:39:00,2710.12,2712.0,2709.75,2712.0,883,5,0,883
2024-12-12 13:42:00,2712.02,2713.06,2711.78,2712.94,539,5,0,539
2024-12-12 13:45:00,2712.98,2713.44,2710.84,2711.5,558,5,0,558
2024-12-12 13:48:00,2711.52,2711.53,2709.94,2710.74,679,5,0,679
2024-12-12 13:51:00,2710.71,2711.34,2710.24,2711.14,472,5,0,472
2024-12-12 13:54:00,2711.15,2711.71,2710.51,2710.86,443,5,0,443
2024-12-12 13:57:00,2710.86,2711.91,2710.64,2710.85,508,5,0,508
2024-12-12 14:00:00,2710.85,2711.84,2710.69,2711.2,447,5,0,447
2024-12-12 14:03:00,2711.19,2711.27,2710.27,2710.89,299,5,0,299
2024-12-12 14:06:00,2710.89,2711.75,2710.83,2710.84,358,5,0,358
2024-12-12 14:09:00,2710.84,2712.4,2710.41,2712.34,466,5,0,466
2024-12-12 14:12:00,2712.34,2712.41,2711.64,2711.97,234,5,0,234
2024-12-12 14:15:00,2711.97,2712.4,2711.47,2711.86,267,5,0,267
2024-12-12 14:18:00,2711.86,2712.45,2711.27,2711.81,272,5,0,272
2024-12-12 14:21:00,2711.81,2711.82,2710.28,2711.06,340,5,0,340
2024-12-12 14:24:00,2711.06,2712.0,2710.56,2711.23,408,5,0,408
2024-12-12 14:27:00,2711.23,2711.88,2711.13,2711.32,510,5,0,510
2024-12-12 14:30:00,2711.34,2711.77,2710.46,2710.89,631,5,0,631
2024-12-12 14:33:00,2710.89,2712.05,2710.63,2711.53,766,5,0,766
2024-12-12 14:36:00,2711.53,2711.68,2709.8,2709.85,698,5,0,698
2024-12-12 14:39:00,2709.86,2710.01,2709.02,2709.43,449,5,0,449
2024-12-12 14:42:00,2709.43,2709.89,2708.91,2708.98,576,5,0,576
2024-12-12 14:45:00,2709.0,2709.68,2708.67,2708.95,409,5,0,409
2024-12-12 14:48:00,2708.88,2709.14,2707.16,2707.2,417,5,0,417
2024-12-12 14:51:00,2707.2,2708.78,2707.18,2708.22,1155,5,0,1155
2024-12-12 14:54:00,2708.22,2708.45,2706.03,2706.21,1288,5,0,1288
2024-12-12 14:57:00,2706.21,2707.24,2706.02,2706.69,690,5,0,690
2024-12-12 15:00:00,2706.69,2709.12,2706.69,2708.13,1526,5,0,1526
2024-12-12 15:03:00,2708.13,2708.13,2704.41,2706.57,1268,5,0,1268
2024-12-12 15:06:00,2706.65,2707.69,2706.16,2707.39,1468,5,0,1468
2024-12-12 15:09:00,2707.39,2707.8,2705.77,2706.35,984,5,0,984
2024-12-12 15:12:00,2706.35,2706.65,2704.88,2705.18,877,5,0,877
2024-12-12 15:15:00,2705.18,2705.18,2701.46,2702.81,764,5,0,764
2024-12-12 15:18:00,2702.86,2707.93,2702.62,2707.91,1129,5,0,1129
2024-12-12 15:21:00,2707.88,2708.9,2707.08,2707.52,959,5,0,959
2024-12-12 15:24:00,2707.51,2708.63,2706.48,2708.33,964,5,0,964
2024-12-12 15:27:00,2708.35,2708.59,2707.49,2707.92,509,5,0,509
2024-12-12 15:30:00,2707.85,2711.29,2706.53,2707.92,554,5,0,554
2024-12-12 15:33:00,2707.92,2708.37,2705.4,2707.27,674,5,0,674
2024-12-12 15:36:00,2707.39,2708.59,2706.25,2706.39,596,5,0,596
2024-12-12 15:39:00,2706.37,2707.41,2705.32,2705.32,849,5,0,849
2024-12-12 15:42:00,2705.3,2706.45,2705.16,2706.22,763,5,0,763
2024-12-12 15:45:00,2706.19,2707.32,2702.48,2704.3,1133,5,0,1133
2024-12-12 15:48:00,2704.3,2706.69,2703.96,2704.79,1133,5,0,1133
2024-12-12 15:51:00,2704.77,2705.63,2703.02,2703.21,1006,5,0,1006
2024-12-12 15:54:00,2703.23,2703.51,2699.52,2699.89,1946,5,0,1946
2024-12-12 15:57:00,2699.89,2700.81,2697.41,2697.61,1452,5,0,1452
2024-12-12 16:00:00,2697.63,2699.52,2695.84,2698.17,1678,5,0,1678
2024-12-12 16:03:00,2698.14,2699.67,2697.87,2698.72,1102,5,0,1102
2024-12-12 16:06:00,2698.74,2698.94,2695.95,2697.6,1113,5,0,1113
2024-12-12 16:09:00,2697.59,2698.03,2692.54,2693.73,1640,5,0,1640
2024-12-12 16:12:00,2693.74,2694.53,2690.01,2690.63,1599,5,0,1599
2024-12-12 16:15:00,2690.67,2691.84,2688.63,2689.71,1156,5,0,1156
2024-12-12 16:18:00,2689.74,2690.22,2686.05,2686.35,1256,5,0,1256
2024-12-12 16:21:00,2686.35,2687.85,2685.76,2686.26,1545,5,0,1545
2024-12-12 16:24:00,2686.24,2687.29,2684.09,2684.97,1492,5,0,1492
2024-12-12 16:27:00,2684.95,2685.85,2683.06,2685.23,1649,5,0,1649
2024-12-12 16:30:00,2685.22,2686.67,2683.22,2683.54,884,5,0,884
2024-12-12 16:33:00,2683.54,2685.86,2682.79,2683.07,1009,5,0,1009
2024-12-12 16:36:00,2683.09,2683.61,2680.94,2681.78,1115,5,0,1115
2024-12-12 16:39:00,2681.72,2684.65,2681.39,2683.84,891,5,0,891
2024-12-12 16:42:00,2683.72,2684.0,2681.36,2681.71,785,5,0,785
2024-12-12 16:45:00,2681.67,2685.72,2681.57,2685.45,698,5,0,698
2024-12-12 16:48:00,2685.51,2688.77,2685.51,2688.42,840,5,0,840
2024-12-12 16:51:00,2688.41,2689.88,2687.17,2687.76,765,5,0,765
2024-12-12 16:54:00,2687.76,2688.73,2686.09,2686.58,882,5,0,882
2024-12-12 16:57:00,2686.61,2687.27,2685.44,2686.76,932,5,0,932
2024-12-12 17:00:00,2686.6,2688.31,2684.85,2685.15,884,5,0,884
2024-12-12 17:03:00,2685.11,2688.05,2684.89,2687.45,1219,5,0,1219
2024-12-12 17:06:00,2687.41,2688.23,2684.49,2685.34,816,5,0,816
2024-12-12 17:09:00,2685.31,2685.36,2682.13,2682.54,1015,5,0,1015
2024-12-12 17:12:00,2682.58,2685.66,2682.13,2682.38,1236,5,0,1236
2024-12-12 17:15:00,2682.35,2683.74,2681.11,2683.56,957,5,0,957
2024-12-12 17:18:00,2683.68,2684.32,2681.39,2684.21,1182,5,0,1182
2024-12-12 17:21:00,2684.21,2687.31,2683.64,2687.21,1167,5,0,1167
2024-12-12 17:24:00,2687.21,2687.42,2685.05,2686.68,905,5,0,905
2024-12-12 17:27:00,2686.69,2686.97,2685.1,2685.81,774,5,0,774
2024-12-12 17:30:00,2685.8,2686.11,2683.33,2683.7,740,5,0,740
2024-12-12 17:33:00,2683.67,2683.74,2680.81,2682.35,1029,5,0,1029
2024-12-12 17:36:00,2682.58,2683.29,2681.07,2681.13,894,5,0,894
2024-12-12 17:39:00,2681.12,2682.33,2680.91,2681.05,1038,5,0,1038
2024-12-12 17:42:00,2681.08,2681.12,2675.46,2676.38,1294,5,0,1294
2024-12-12 17:45:00,2676.38,2680.16,2675.98,2678.36,1021,5,0,1021
2024-12-12 17:48:00,2678.36,2679.58,2675.54,2675.93,904,5,0,904
2024-12-12 17:51:00,2676.0,2681.06,2675.17,2679.78,1173,5,0,1173
2024-12-12 17:54:00,2679.78,2680.91,2678.51,2680.25,844,5,0,844
2024-12-12 17:57:00,2680.24,2681.37,2679.58,2679.79,735,5,0,735
2024-12-12 18:00:00,2679.5,2682.65,2678.85,2682.55,636,5,0,636
2024-12-12 18:03:00,2682.54,2682.75,2680.36,2682.25,621,5,0,621
2024-12-12 18:06:00,2682.22,2683.42,2682.14,2683.31,722,5,0,722
2024-12-12 18:09:00,2683.32,2683.79,2682.1,2682.11,777,5,0,777
2024-12-12 18:12:00,2682.12,2682.54,2681.19,2682.14,881,5,0,881
2024-12-12 18:15:00,2682.18,2682.56,2680.53,2682.06,1068,5,0,1068
2024-12-12 18:18:00,2682.06,2682.06,2680.21,2680.26,850,5,0,850
2024-12-12 18:21:00,2680.26,2681.25,2679.74,2680.1,674,5,0,674
2024-12-12 18:24:00,2680.1,2680.42,2677.91,2677.91,855,5,0,855
2024-12-12 18:27:00,2677.91,2679.72,2677.42,2679.07,894,5,0,894
2024-12-12 18:30:00,2679.08,2680.67,2678.9,2680.47,949,5,0,949
2024-12-12 18:33:00,2680.47,2681.45,2680.29,2681.02,614,5,0,614
2024-12-12 18:36:00,2681.02,2682.62,2680.16,2682.44,683,5,0,683
2024-12-12 18:39:00,2682.43,2682.65,2681.45,2682.05,566,5,0,566
2024-12-12 18:42:00,2682.05,2682.15,2680.83,2682.04,992,5,0,992
2024-12-12 18:45:00,2682.04,2682.27,2680.91,2681.74,883,5,0,883
2024-12-12 18:48:00,2681.75,2681.98,2680.98,2681.49,805,5,0,805
2024-12-12 18:51:00,2681.49,2682.22,2681.47,2682.16,811,5,0,811
2024-12-12 18:54:00,2682.09,2683.36,2681.42,2683.35,1009,5,0,1009
2024-12-12 18:57:00,2683.35,2683.89,2683.08,2683.59,829,5,0,829
2024-12-12 19:00:00,2683.61,2684.98,2683.32,2684.58,990,5,0,990
2024-12-12 19:03:00,2684.65,2684.97,2683.37,2683.97,815,5,0,815
2024-12-12 19:06:00,2683.97,2684.24,2682.57,2683.92,644,5,0,644
2024-12-12 19:09:00,2683.92,2685.26,2683.74,2683.9,774,5,0,774
2024-12-12 19:12:00,2683.89,2684.63,2683.44,2684.08,621,5,0,621
2024-12-12 19:15:00,2684.17,2685.31,2683.99,2684.99,548,5,0,548
2024-12-12 19:18:00,2685.0,2685.23,2683.25,2683.29,607,5,0,607
2024-12-12 19:21:00,2683.29,2683.6,2682.32,2682.33,630,5,0,630
2024-12-12 19:24:00,2682.31,2682.8,2681.44,2682.5,724,5,0,724
2024-12-12 19:27:00,2682.48,2684.01,2682.46,2683.75,665,5,0,665
2024-12-12 19:30:00,2683.75,2685.07,2683.62,2685.05,636,5,0,636
2024-12-12 19:33:00,2685.05,2685.95,2684.13,2684.42,511,5,0,511
2024-12-12 19:36:00,2684.42,2684.74,2683.8,2684.62,462,5,0,462
2024-12-12 19:39:00,2684.62,2685.53,2684.16,2684.33,512,5,0,512
2024-12-12 19:42:00,2684.39,2685.55,2684.39,2684.69,462,5,0,462
2024-12-12 19:45:00,2684.69,2685.95,2684.69,2685.36,530,5,0,530
2024-12-12 19:48:00,2685.36,2685.67,2684.14,2684.52,630,5,0,630
2024-12-12 19:51:00,2684.51,2684.79,2683.84,2684.3,728,5,0,728
2024-12-12 19:54:00,2684.3,2685.49,2684.19,2685.38,610,5,0,610
2024-12-12 19:57:00,2685.38,2686.63,2685.35,2686.34,604,5,0,604
2024-12-12 20:00:00,2686.3,2687.03,2685.28,2685.46,959,5,0,959
2024-12-12 20:03:00,2685.46,2685.87,2684.55,2684.67,895,5,0,895
2024-12-12 20:06:00,2684.7,2685.73,2684.08,2684.12,727,5,0,727
2024-12-12 20:09:00,2684.12,2684.83,2683.94,2684.04,275,5,0,275
2024-12-12 20:12:00,2684.04,2684.67,2683.27,2683.52,717,5,0,717
2024-12-12 20:15:00,2683.52,2684.76,2683.38,2684.69,806,5,0,806
2024-12-12 20:18:00,2684.7,2685.44,2684.05,2684.09,714,5,0,714
2024-12-12 20:21:00,2684.09,2684.29,2682.86,2683.53,704,5,0,704
2024-12-12 20:24:00,2683.53,2685.11,2683.48,2684.91,598,5,0,598
2024-12-12 20:27:00,2684.91,2686.05,2684.91,2684.96,613,5,0,613
2024-12-12 20:30:00,2685.0,2686.17,2684.67,2685.88,750,5,0,750
2024-12-12 20:33:00,2685.88,2686.22,2684.69,2685.08,518,5,0,518
2024-12-12 20:36:00,2685.09,2685.59,2684.77,2685.22,758,5,0,758
2024-12-12 20:39:00,2685.24,2685.32,2683.91,2684.17,718,5,0,718
2024-12-12 20:42:00,2684.16,2686.11,2684.03,2686.08,654,5,0,654
2024-12-12 20:45:00,2686.09,2686.37,2684.94,2685.54,679,5,0,679
2024-12-12 20:48:00,2685.59,2686.5,2685.49,2685.69,883,5,0,883
2024-12-12 20:51:00,2685.69,2685.79,2684.74,2684.86,1014,5,0,1014
2024-12-12 20:54:00,2684.86,2685.79,2684.75,2685.3,500,5,0,500
2024-12-12 20:57:00,2685.3,2685.91,2683.85,2684.27,523,5,0,523
2024-12-12 21:00:00,2684.27,2685.43,2683.95,2685.08,370,5,0,370
2024-12-12 21:03:00,2685.08,2685.92,2684.56,2685.83,304,5,0,304
2024-12-12 21:06:00,2685.83,2685.85,2685.18,2685.7,482,5,0,482
2024-12-12 21:09:00,2685.74,2686.24,2685.35,2685.43,536,5,0,536
2024-12-12 21:12:00,2685.43,2686.0,2685.27,2685.5,306,5,0,306
2024-12-12 21:15:00,2685.5,2686.97,2685.43,2686.19,455,5,0,455
2024-12-12 21:18:00,2686.19,2686.28,2685.27,2685.56,448,5,0,448
2024-12-12 21:21:00,2685.56,2685.57,2684.95,2685.06,721,5,0,721
2024-12-12 21:24:00,2685.08,2685.58,2684.94,2685.24,599,5,0,599
2024-12-12 21:27:00,2685.23,2685.62,2684.95,2684.96,557,5,0,557
2024-12-12 21:30:00,2684.96,2685.08,2683.86,2684.25,432,5,0,432
2024-12-12 21:33:00,2684.25,2685.03,2684.08,2684.46,493,5,0,493
2024-12-12 21:36:00,2684.47,2684.52,2683.52,2683.64,453,5,0,453
2024-12-12 21:39:00,2683.64,2683.9,2683.26,2683.42,702,5,0,702
2024-12-12 21:42:00,2683.42,2683.6,2682.88,2683.53,717,5,0,717
2024-12-12 21:45:00,2683.53,2683.72,2683.34,2683.72,558,5,0,558
2024-12-12 21:48:00,2683.72,2684.79,2683.65,2684.6,470,5,0,470
2024-12-12 21:51:00,2684.6,2684.62,2683.82,2683.82,392,5,0,392
2024-12-12 21:54:00,2683.83,2684.38,2683.7,2683.99,490,5,0,490
2024-12-12 21:57:00,2684.0,2684.0,2682.58,2683.08,605,5,0,605
2024-12-12 22:00:00,2683.08,2683.54,2682.32,2682.65,539,5,0,539
2024-12-12 22:03:00,2682.65,2682.65,2681.95,2681.99,459,5,0,459
2024-12-12 22:06:00,2681.99,2682.39,2681.96,2682.06,391,5,0,391
2024-12-12 22:09:00,2682.07,2682.8,2682.0,2682.72,530,5,0,530
2024-12-12 22:12:00,2682.72,2682.91,2682.11,2682.26,415,5,0,415
2024-12-12 22:15:00,2682.25,2682.74,2682.13,2682.45,426,5,0,426
2024-12-12 22:18:00,2682.43,2682.54,2681.93,2682.01,491,5,0,491
2024-12-12 22:21:00,2682.01,2682.19,2681.82,2681.86,495,5,0,495
2024-12-12 22:24:00,2681.86,2681.95,2681.66,2681.81,629,5,0,629
2024-12-12 22:27:00,2681.81,2682.16,2681.59,2681.8,735,5,0,735
2024-12-12 22:30:00,2681.8,2682.15,2681.65,2681.97,1291,5,0,1291
2024-12-12 22:33:00,2681.99,2683.61,2681.99,2682.7,563,5,0,563
2024-12-12 22:36:00,2682.7,2682.97,2682.16,2682.56,526,5,0,526
2024-12-12 22:39:00,2682.56,2682.81,2682.08,2682.6,629,5,0,629
2024-12-12 22:42:00,2682.61,2683.02,2682.54,2682.85,551,5,0,551
2024-12-12 22:45:00,2682.84,2682.91,2682.43,2682.67,766,5,0,766
2024-12-12 22:48:00,2682.67,2682.74,2681.12,2681.25,1066,5,0,1066
2024-12-12 22:51:00,2681.24,2681.34,2680.25,2680.28,881,5,0,881
2024-12-12 22:54:00,2680.28,2680.7,2679.68,2680.01,605,5,0,605
2024-12-12 22:57:00,2680.01,2680.84,2679.47,2679.83,1137,5,0,1137
2024-12-12 23:00:00,2679.81,2680.2,2679.65,2679.99,453,5,0,453
2024-12-12 23:03:00,2679.99,2680.48,2679.84,2680.47,457,5,0,457
2024-12-12 23:06:00,2680.45,2680.59,2680.03,2680.38,323,5,0,323
2024-12-12 23:09:00,2680.38,2680.66,2680.24,2680.63,374,5,0,374
2024-12-12 23:12:00,2680.63,2680.88,2680.57,2680.67,352,5,0,352
2024-12-12 23:15:00,2680.67,2681.43,2680.65,2681.26,559,5,0,559
2024-12-12 23:18:00,2681.26,2682.28,2681.26,2682.28,456,5,0,456
2024-12-12 23:21:00,2682.28,2683.04,2682.18,2682.83,347,5,0,347
2024-12-12 23:24:00,2682.83,2682.92,2682.55,2682.85,393,5,0,393
2024-12-12 23:27:00,2682.83,2682.96,2681.91,2682.17,464,5,0,464
2024-12-12 23:30:00,2682.17,2682.27,2681.87,2682.01,248,5,0,248
2024-12-12 23:33:00,2681.99,2682.38,2681.97,2682.23,220,5,0,220
2024-12-12 23:36:00,2682.24,2682.48,2682.09,2682.09,328,5,0,328
2024-12-12 23:39:00,2682.1,2682.12,2681.2,2681.39,375,5,0,375
2024-12-12 23:42:00,2681.39,2681.45,2681.18,2681.18,105,5,0,105
2024-12-12 23:45:00,2681.19,2681.76,2680.72,2681.66,190,5,0,190
2024-12-12 23:48:00,2681.66,2681.67,2681.28,2681.38,97,5,0,97
2024-12-12 23:51:00,2681.38,2681.54,2681.01,2681.43,125,5,0,125
2024-12-12 23:54:00,2681.44,2681.44,2680.96,2681.06,177,5,0,177
2024-12-12 23:57:00,2681.06,2681.09,2680.74,2680.86,96,5,0,96
2024-12-13 01:00:00,2680.98,2680.98,2679.84,2679.84,99,5,0,99
2024-12-13 01:03:00,2679.84,2681.3,2679.84,2681.28,82,5,0,82
2024-12-13 01:06:00,2681.28,2681.32,2680.07,2680.07,75,5,0,75
2024-12-13 01:09:00,2680.07,2680.38,2680.04,2680.04,97,27,0,97
2024-12-13 01:12:00,2680.01,2680.95,2680.01,2680.95,78,5,0,78
2024-12-13 01:15:00,2680.95,2681.09,2680.72,2680.74,81,5,0,81
2024-12-13 01:18:00,2680.74,2681.14,2680.74,2681.14,79,5,0,79
2024-12-13 01:21:00,2681.14,2681.5,2681.12,2681.44,107,5,0,107
2024-12-13 01:24:00,2681.43,2681.7,2680.96,2680.96,95,5,0,95
2024-12-13 01:27:00,2680.96,2681.18,2680.66,2680.81,62,10,0,62
2024-12-13 01:30:00,2680.83,2680.97,2680.14,2680.46,65,5,0,65
2024-12-13 01:33:00,2680.46,2680.5,2679.95,2680.4,133,5,0,133
2024-12-13 01:36:00,2680.49,2680.69,2680.34,2680.57,70,16,0,70
2024-12-13 01:39:00,2680.64,2680.64,2680.29,2680.59,46,21,0,46
2024-12-13 01:42:00,2680.59,2680.66,2680.36,2680.62,56,17,0,56
2024-12-13 01:45:00,2680.62,2680.91,2680.55,2680.83,74,5,0,74
2024-12-13 01:48:00,2680.83,2680.86,2680.66,2680.81,56,5,0,56
2024-12-13 01:51:00,2680.75,2680.81,2680.68,2680.71,47,5,0,47
2024-12-13 01:54:00,2680.71,2680.83,2680.71,2680.8,33,5,0,33
2024-12-13 01:57:00,2680.81,2680.83,2680.68,2680.77,34,5,0,34
2024-12-13 02:00:00,2680.78,2680.78,2678.86,2679.77,474,5,0,474
2024-12-13 02:03:00,2679.77,2679.88,2679.19,2679.32,269,5,0,269
2024-12-13 02:06:00,2679.31,2680.02,2679.16,2679.2,209,5,0,209
2024-12-13 02:09:00,2679.2,2679.92,2678.97,2679.81,224,5,0,224
2024-12-13 02:12:00,2679.8,2681.27,2679.8,2680.69,282,5,0,282
2024-12-13 02:15:00,2680.69,2681.36,2680.26,2680.68,351,5,0,351
2024-12-13 02:18:00,2680.65,2681.55,2680.51,2680.95,383,5,0,383
2024-12-13 02:21:00,2680.94,2681.67,2680.21,2681.03,355,5,0,355
2024-12-13 02:24:00,2681.0,2681.06,2680.73,2681.05,175,5,0,175
2024-12-13 02:27:00,2681.04,2681.27,2680.75,2680.87,234,5,0,234
2024-12-13 02:30:00,2680.87,2681.32,2680.87,2681.32,238,5,0,238
2024-12-13 02:33:00,2681.32,2681.52,2681.12,2681.24,202,5,0,202
2024-12-13 02:36:00,2681.24,2681.74,2680.9,2681.72,204,5,0,204
2024-12-13 02:39:00,2681.72,2681.73,2681.46,2681.58,145,5,0,145
2024-12-13 02:42:00,2681.59,2682.01,2681.59,2681.85,289,5,0,289
2024-12-13 02:45:00,2681.83,2682.32,2681.54,2681.9,286,5,0,286
2024-12-13 02:48:00,2681.92,2682.47,2681.68,2682.36,147,5,0,147
2024-12-13 02:51:00,2682.36,2683.0,2682.27,2682.96,266,5,0,266
2024-12-13 02:54:00,2682.88,2683.95,2682.83,2683.95,397,5,0,397
2024-12-13 02:57:00,2683.95,2685.67,2683.85,2685.55,493,5,0,493
2024-12-13 03:00:00,2685.55,2687.3,2685.46,2686.58,1492,5,0,1492
2024-12-13 03:03:00,2686.54,2688.33,2686.34,2687.84,921,5,0,921
2024-12-13 03:06:00,2687.88,2690.18,2687.48,2690.11,950,5,0,950
2024-12-13 03:09:00,2690.11,2690.77,2689.27,2690.67,828,5,0,828
2024-12-13 03:12:00,2690.67,2690.95,2689.3,2689.49,818,5,0,818
2024-12-13 03:15:00,2689.49,2690.35,2689.12,2689.9,1046,5,0,1046
2024-12-13 03:18:00,2689.9,2692.8,2689.71,2691.88,851,5,0,851
2024-12-13 03:21:00,2691.89,2692.34,2690.49,2690.85,1002,5,0,1002
2024-12-13 03:24:00,2690.82,2691.41,2690.45,2691.2,902,5,0,902
2024-12-13 03:27:00,2691.19,2691.55,2688.63,2688.66,991,5,0,991
2024-12-13 03:30:00,2688.8,2692.13,2688.22,2692.13,736,5,0,736
2024-12-13 03:33:00,2692.13,2692.17,2690.73,2690.87,683,5,0,683
2024-12-13 03:36:00,2690.87,2691.52,2689.4,2690.23,450,5,0,450
2024-12-13 03:39:00,2690.23,2691.34,2690.2,2690.74,678,5,0,678
2024-12-13 03:42:00,2690.74,2691.49,2689.88,2690.04,399,5,0,399
2024-12-13 03:45:00,2690.04,2691.41,2689.6,2689.67,604,5,0,604
2024-12-13 03:48:00,2689.67,2689.94,2688.71,2689.65,544,5,0,544
2024-12-13 03:51:00,2689.65,2690.34,2686.6,2687.31,502,5,0,502
2024-12-13 03:54:00,2687.31,2689.23,2686.28,2689.18,929,5,0,929
2024-12-13 03:57:00,2689.18,2690.05,2689.1,2689.99,780,5,0,780
2024-12-13 04:00:00,2689.99,2690.21,2686.93,2687.48,1449,5,0,1449
2024-12-13 04:03:00,2687.48,2687.82,2686.56,2687.38,1322,5,0,1322
2024-12-13 04:06:00,2687.39,2689.55,2687.33,2687.94,787,5,0,787
2024-12-13 04:09:00,2687.89,2688.04,2686.28,2687.09,1026,5,0,1026
2024-12-13 04:12:00,2687.09,2688.58,2685.91,2686.26,576,5,0,576
2024-12-13 04:15:00,2686.26,2688.04,2684.33,2687.15,1429,5,0,1429
2024-12-13 04:18:00,2687.14,2687.31,2686.26,2687.16,591,5,0,591
2024-12-13 04:21:00,2687.16,2688.23,2686.8,2688.2,1038,5,0,1038
2024-12-13 04:24:00,2688.19,2688.48,2687.65,2687.89,610,5,0,610
2024-12-13 04:27:00,2687.89,2688.43,2687.63,2687.76,724,5,0,724
2024-12-13 04:30:00,2687.77,2688.41,2687.33,2687.56,903,5,0,903
2024-12-13 04:33:00,2687.56,2691.28,2687.35,2691.28,652,5,0,652
2024-12-13 04:36:00,2691.24,2691.24,2685.88,2687.69,954,5,0,954
2024-12-13 04:39:00,2687.69,2688.19,2687.39,2688.1,388,5,0,388
2024-12-13 04:42:00,2688.1,2688.44,2686.76,2687.16,869,5,0,869
2024-12-13 04:45:00,2687.16,2687.67,2686.26,2687.35,638,5,0,638
2024-12-13 04:48:00,2687.35,2687.49,2685.09,2685.19,743,5,0,743
2024-12-13 04:51:00,2685.19,2686.98,2685.16,2686.88,981,5,0,981
2024-12-13 04:54:00,2686.88,2687.51,2685.84,2685.9,670,5,0,670
2024-12-13 04:57:00,2685.9,2686.74,2685.76,2686.63,587,5,0,587
2024-12-13 05:00:00,2686.63,2687.41,2686.26,2686.53,457,5,0,457
2024-12-13 05:03:00,2686.53,2686.88,2686.11,2686.47,384,5,0,384
2024-12-13 05:06:00,2686.47,2687.93,2686.25,2686.46,426,5,0,426
2024-12-13 05:09:00,2686.46,2686.87,2686.06,2686.31,249,5,0,249
2024-12-13 05:12:00,2686.31,2687.35,2686.16,2687.24,407,5,0,407
2024-12-13 05:15:00,2687.24,2688.27,2687.2,2687.79,589,5,0,589
2024-12-13 05:18:00,2687.79,2688.94,2687.52,2687.87,739,5,0,739
2024-12-13 05:21:00,2687.88,2688.91,2687.82,2688.42,705,5,0,705
2024-12-13 05:24:00,2688.4,2689.13,2688.0,2688.46,485,5,0,485
2024-12-13 05:27:00,2688.46,2689.36,2688.18,2689.34,447,5,0,447
2024-12-13 05:30:00,2689.37,2689.97,2689.23,2689.96,412,5,0,412
2024-12-13 05:33:00,2689.96,2690.34,2689.76,2689.88,388,5,0,388
2024-12-13 05:36:00,2689.86,2689.93,2689.23,2689.61,304,5,0,304
2024-12-13 05:39:00,2689.61,2689.9,2689.26,2689.32,289,5,0,289
2024-12-13 05:42:00,2689.32,2691.0,2688.98,2690.4,737,5,0,737
2024-12-13 05:45:00,2690.4,2691.16,2690.14,2690.96,592,5,0,592
2024-12-13 05:48:00,2690.96,2691.31,2688.7,2689.31,572,5,0,572
2024-12-13 05:51:00,2689.32,2689.49,2688.44,2689.13,434,5,0,434
2024-12-13 05:54:00,2689.14,2689.15,2688.31,2688.88,634,5,0,634
2024-12-13 05:57:00,2688.88,2689.01,2687.73,2688.08,560,5,0,560
2024-12-13 06:00:00,2688.08,2688.08,2686.79,2687.59,423,5,0,423
2024-12-13 06:03:00,2687.59,2688.09,2687.18,2687.24,239,5,0,239
2024-12-13 06:06:00,2687.24,2688.25,2687.22,2687.88,424,5,0,424
2024-12-13 06:09:00,2687.88,2688.71,2687.67,2687.78,433,5,0,433
2024-12-13 06:12:00,2687.78,2688.05,2687.24,2687.46,367,5,0,367
2024-12-13 06:15:00,2687.49,2687.5,2686.6,2686.69,508,5,0,508
2024-12-13 06:18:00,2686.68,2687.27,2686.07,2686.73,751,5,0,751
2024-12-13 06:21:00,2686.73,2687.18,2686.58,2686.69,546,5,0,546
2024-12-13 06:24:00,2686.69,2687.08,2686.15,2686.41,447,5,0,447
2024-12-13 06:27:00,2686.41,2687.32,2686.41,2687.32,417,5,0,417
2024-12-13 06:30:00,2687.32,2687.35,2686.94,2687.2,176,5,0,176
2024-12-13 06:33:00,2687.26,2687.29,2685.55,2686.37,937,5,0,937
2024-12-13 06:36:00,2686.37,2687.54,2685.86,2687.34,725,5,0,725
2024-12-13 06:39:00,2687.35,2687.45,2686.14,2686.25,503,5,0,503
2024-12-13 06:42:00,2686.25,2686.68,2686.23,2686.46,211,5,0,211
2024-12-13 06:45:00,2686.46,2686.74,2686.44,2686.7,171,5,0,171
2024-12-13 06:48:00,2686.68,2687.45,2686.64,2687.06,588,5,0,588
2024-12-13 06:51:00,2687.04,2687.67,2686.84,2687.27,251,5,0,251
2024-12-13 06:54:00,2687.27,2687.52,2687.01,2687.12,340,5,0,340
2024-12-13 06:57:00,2687.16,2687.43,2686.74,2687.39,368,5,0,368
2024-12-13 07:00:00,2687.39,2687.73,2686.77,2687.25,384,5,0,384
2024-12-13 07:03:00,2687.22,2687.38,2686.86,2686.93,305,5,0,305
2024-12-13 07:06:00,2686.93,2687.05,2686.32,2686.59,358,5,0,358
2024-12-13 07:09:00,2686.61,2686.71,2685.58,2686.62,307,5,0,307
2024-12-13 07:12:00,2686.62,2686.62,2685.9,2686.07,310,5,0,310
2024-12-13 07:15:00,2686.08,2686.41,2685.7,2686.17,338,5,0,338
2024-12-13 07:18:00,2686.19,2686.41,2685.23,2686.12,579,5,0,579
2024-12-13 07:21:00,2686.12,2686.73,2685.86,2686.68,450,5,0,450
2024-12-13 07:24:00,2686.67,2686.89,2686.37,2686.78,583,5,0,583
2024-12-13 07:27:00,2686.78,2687.47,2686.76,2687.16,543,5,0,543
2024-12-13 07:30:00,2687.08,2687.8,2686.31,2687.3,880,5,0,880
2024-12-13 07:33:00,2687.32,2687.82,2686.13,2686.18,538,5,0,538
2024-12-13 07:36:00,2686.18,2687.02,2685.55,2686.99,716,5,0,716
2024-12-13 07:39:00,2686.99,2687.89,2686.67,2687.83,717,5,0,717
2024-12-13 07:42:00,2687.83,2689.44,2687.79,2688.58,848,5,0,848
2024-12-13 07:45:00,2688.59,2689.04,2687.89,2688.39,1101,5,0,1101
2024-12-13 07:48:00,2688.4,2688.69,2687.64,2687.86,838,5,0,838
2024-12-13 07:51:00,2687.86,2689.06,2687.68,2688.9,621,5,0,621
2024-12-13 07:54:00,2688.9,2689.04,2687.87,2688.56,457,5,0,457
2024-12-13 07:57:00,2688.56,2688.66,2688.01,2688.35,518,5,0,518
2024-12-13 08:00:00,2688.35,2689.06,2687.78,2688.76,656,5,0,656
2024-12-13 08:03:00,2688.73,2688.85,2687.91,2688.46,505,5,0,505
2024-12-13 08:06:00,2688.51,2688.95,2686.83,2686.9,496,5,0,496
2024-12-13 08:09:00,2686.9,2687.39,2685.21,2685.69,539,5,0,539
2024-12-13 08:12:00,2685.69,2687.69,2685.68,2687.08,541,5,0,541
2024-12-13 08:15:00,2687.09,2687.83,2687.05,2687.56,476,5,0,476
2024-12-13 08:18:00,2687.56,2687.82,2686.95,2687.35,341,5,0,341
2024-12-13 08:21:00,2687.34,2687.34,2686.41,2686.85,339,5,0,339
2024-12-13 08:24:00,2686.83,2687.21,2685.49,2685.66,561,5,0,561
2024-12-13 08:27:00,2685.65,2685.79,2684.86,2685.19,608,5,0,608
2024-12-13 08:30:00,2685.18,2685.36,2683.39,2683.75,691,5,0,691
2024-12-13 08:33:00,2683.75,2686.13,2683.74,2686.07,882,5,0,882
2024-12-13 08:36:00,2686.07,2687.01,2685.63,2686.8,536,5,0,536
2024-12-13 08:39:00,2686.8,2688.25,2686.8,2688.06,747,5,0,747
2024-12-13 08:42:00,2688.06,2688.72,2687.77,2688.53,650,5,0,650
2024-12-13 08:45:00,2688.53,2689.05,2688.1,2688.79,747,5,0,747
2024-12-13 08:48:00,2688.79,2688.81,2688.28,2688.66,414,5,0,414
2024-12-13 08:51:00,2688.66,2689.94,2688.63,2688.95,584,5,0,584
2024-12-13 08:54:00,2688.92,2690.29,2688.92,2690.25,450,5,0,450
2024-12-13 08:57:00,2690.29,2690.58,2689.55,2689.65,588,5,0,588
2024-12-13 09:00:00,2689.65,2689.72,2688.19,2689.47,620,5,0,620
2024-12-13 09:03:00,2689.49,2690.18,2688.62,2688.82,621,5,0,621
2024-12-13 09:06:00,2688.83,2689.08,2687.95,2688.14,492,5,0,492
2024-12-13 09:09:00,2688.14,2688.23,2687.61,2688.05,442,5,0,442
2024-12-13 09:12:00,2688.05,2688.3,2687.45,2688.12,424,5,0,424
2024-12-13 09:15:00,2688.12,2688.12,2687.01,2687.31,441,5,0,441
2024-12-13 09:18:00,2687.32,2687.34,2685.17,2685.17,524,5,0,524
2024-12-13 09:21:00,2685.23,2685.92,2684.8,2684.84,444,5,0,444
2024-12-13 09:24:00,2684.87,2684.94,2683.67,2684.09,447,5,0,447
2024-12-13 09:27:00,2684.09,2684.26,2682.56,2682.86,429,5,0,429
2024-12-13 09:30:00,2682.86,2683.12,2681.6,2682.77,748,5,0,748
2024-12-13 09:33:00,2682.78,2683.2,2681.57,2682.23,651,5,0,651
2024-12-13 09:36:00,2682.25,2682.58,2681.13,2682.57,896,5,0,896
2024-12-13 09:39:00,2682.57,2684.18,2682.54,2684.05,709,5,0,709
2024-12-13 09:42:00,2684.03,2684.84,2682.08,2682.08,782,5,0,782
2024-12-13 09:45:00,2682.07,2683.51,2681.88,2683.2,343,5,0,343
2024-12-13 09:48:00,2683.28,2683.28,2681.96,2682.69,432,5,0,432
2024-12-13 09:51:00,2682.67,2684.42,2682.67,2684.17,430,5,0,430
2024-12-13 09:54:00,2684.17,2684.35,2683.4,2683.82,413,5,0,413
2024-12-13 09:57:00,2683.91,2684.2,2683.17,2683.21,339,5,0,339
2024-12-13 10:00:00,2683.2,2683.2,2681.7,2682.78,787,5,0,787
2024-12-13 10:03:00,2682.78,2682.85,2682.21,2682.68,393,5,0,393
2024-12-13 10:06:00,2682.68,2684.0,2682.31,2683.57,426,5,0,426
2024-12-13 10:09:00,2683.57,2684.11,2683.06,2683.46,478,5,0,478
2024-12-13 10:12:00,2683.47,2684.05,2682.83,2684.02,482,5,0,482
2024-12-13 10:15:00,2684.02,2684.71,2683.78,2683.91,408,5,0,408
2024-12-13 10:18:00,2683.93,2684.13,2683.0,2683.44,501,5,0,501
2024-12-13 10:21:00,2683.44,2684.43,2682.96,2684.3,617,5,0,617
2024-12-13 10:24:00,2684.28,2684.32,2683.38,2683.38,397,5,0,397
2024-12-13 10:27:00,2683.38,2684.08,2683.02,2683.69,590,5,0,590
2024-12-13 10:30:00,2683.68,2683.68,2681.94,2682.21,655,5,0,655
2024-12-13 10:33:00,2682.2,2683.52,2681.78,2683.0,669,5,0,669
2024-12-13 10:36:00,2683.0,2684.31,2682.82,2683.99,711,5,0,711
2024-12-13 10:39:00,2683.99,2684.77,2683.53,2684.35,496,5,0,496
2024-12-13 10:42:00,2684.36,2684.55,2682.9,2682.95,398,5,0,398
2024-12-13 10:45:00,2682.94,2682.94,2681.59,2682.03,587,5,0,587
2024-12-13 10:48:00,2682.03,2682.24,2679.35,2679.82,937,5,0,937
2024-12-13 10:51:00,2679.82,2680.97,2679.25,2679.71,544,5,0,544
2024-12-13 10:54:00,2679.71,2679.76,2677.3,2677.3,984,5,0,984
2024-12-13 10:57:00,2677.3,2677.46,2674.59,2675.01,1174,5,0,1174
2024-12-13 11:00:00,2674.94,2677.04,2673.94,2674.14,939,5,0,939
2024-12-13 11:03:00,2674.16,2674.24,2671.0,2672.55,917,5,0,917
2024-12-13 11:06:00,2672.59,2675.68,2672.45,2674.78,789,5,0,789
2024-12-13 11:09:00,2674.77,2675.37,2672.69,2672.81,794,5,0,794
2024-12-13 11:12:00,2672.84,2673.68,2671.9,2673.01,727,5,0,727
2024-12-13 11:15:00,2673.02,2673.54,2671.45,2672.22,664,5,0,664
2024-12-13 11:18:00,2672.22,2673.45,2671.06,2671.19,705,5,0,705
2024-12-13 11:21:00,2671.2,2672.35,2670.8,2672.2,660,5,0,660
2024-12-13 11:24:00,2672.2,2673.67,2671.62,2673.1,572,5,0,572
2024-12-13 11:27:00,2673.1,2675.03,2672.87,2673.29,573,5,0,573
2024-12-13 11:30:00,2673.26,2673.4,2672.17,2672.77,696,5,0,696
2024-12-13 11:33:00,2672.75,2673.7,2672.6,2673.07,474,5,0,474
2024-12-13 11:36:00,2673.0,2673.46,2672.25,2672.43,549,5,0,549
2024-12-13 11:39:00,2672.37,2672.8,2671.75,2671.96,395,5,0,395
2024-12-13 11:42:00,2671.99,2671.99,2670.11,2670.43,560,5,0,560
2024-12-13 11:45:00,2670.39,2671.08,2669.71,2671.04,504,5,0,504
2024-12-13 11:48:00,2671.05,2671.55,2670.68,2671.06,541,5,0,541
2024-12-13 11:51:00,2671.06,2671.48,2668.87,2669.0,793,5,0,793
2024-12-13 11:54:00,2669.05,2669.22,2667.53,2668.57,710,5,0,710
2024-12-13 11:57:00,2668.57,2669.53,2668.03,2668.85,576,5,0,576
2024-12-13 12:00:00,2668.89,2669.63,2668.64,2668.83,458,5,0,458
2024-12-13 12:03:00,2668.83,2669.12,2667.37,2667.7,470,5,0,470
2024-12-13 12:06:00,2667.7,2668.48,2666.76,2667.72,518,5,0,518
2024-12-13 12:09:00,2667.72,2669.37,2667.64,2668.13,499,5,0,499
2024-12-13 12:12:00,2668.13,2669.66,2668.1,2669.56,569,5,0,569
2024-12-13 12:15:00,2669.59,2669.65,2669.01,2669.4,600,5,0,600
2024-12-13 12:18:00,2669.4,2669.82,2669.17,2669.51,500,5,0,500
2024-12-13 12:21:00,2669.49,2669.84,2668.88,2669.61,716,5,0,716
2024-12-13 12:24:00,2669.56,2669.57,2668.04,2668.29,503,5,0,503
2024-12-13 12:27:00,2668.27,2668.72,2667.72,2668.64,585,5,0,585
2024-12-13 12:30:00,2668.62,2669.66,2668.42,2669.58,847,5,0,847
2024-12-13 12:33:00,2669.56,2669.87,2669.0,2669.19,415,5,0,415
2024-12-13 12:36:00,2669.19,2669.5,2668.6,2669.27,500,5,0,500
2024-12-13 12:39:00,2669.25,2670.06,2669.18,2669.99,787,5,0,787
2024-12-13 12:42:00,2669.97,2670.19,2669.24,2669.26,760,5,0,760
2024-12-13 12:45:00,2669.26,2669.35,2668.65,2669.2,539,5,0,539
2024-12-13 12:48:00,2669.2,2669.7,2668.99,2669.03,665,5,0,665
2024-12-13 12:51:00,2669.0,2669.17,2667.63,2667.98,412,5,0,412
2024-12-13 12:54:00,2667.96,2667.97,2665.15,2665.53,682,5,0,682
2024-12-13 12:57:00,2665.5,2666.79,2665.4,2666.72,614,5,0,614
2024-12-13 13:00:00,2666.7,2668.46,2666.35,2668.3,726,5,0,726
2024-12-13 13:03:00,2668.32,2669.49,2667.52,2667.54,643,5,0,643
2024-12-13 13:06:00,2667.54,2667.6,2666.89,2667.27,532,5,0,532
2024-12-13 13:09:00,2667.27,2667.54,2665.74,2666.08,801,5,0,801
2024-12-13 13:12:00,2666.08,2666.47,2665.52,2666.07,708,5,0,708
2024-12-13 13:15:00,2666.07,2666.59,2664.83,2666.47,551,5,0,551
2024-12-13 13:18:00,2666.47,2666.74,2665.17,2665.17,362,5,0,362
2024-12-13 13:21:00,2665.17,2665.73,2664.74,2664.79,397,5,0,397
2024-12-13 13:24:00,2664.79,2665.92,2664.43,2665.17,955,5,0,955
2024-12-13 13:27:00,2665.18,2666.85,2664.97,2666.75,617,5,0,617
2024-12-13 13:30:00,2666.75,2667.06,2665.12,2666.99,839,5,0,839
2024-12-13 13:33:00,2667.0,2667.1,2665.83,2665.94,543,5,0,543
2024-12-13 13:36:00,2665.94,2666.36,2665.43,2666.16,508,5,0,508
2024-12-13 13:39:00,2666.16,2666.38,2665.08,2665.91,535,5,0,535
2024-12-13 13:42:00,2665.91,2666.85,2665.8,2666.61,470,5,0,470
2024-12-13 13:45:00,2666.6,2666.6,2665.26,2665.37,498,5,0,498
2024-12-13 13:48:00,2665.38,2665.81,2664.64,2665.24,683,5,0,683
2024-12-13 13:51:00,2665.27,2665.7,2664.86,2664.88,647,5,0,647
2024-12-13 13:54:00,2664.88,2665.35,2664.41,2665.06,538,5,0,538
2024-12-13 13:57:00,2665.06,2665.77,2664.56,2664.94,445,5,0,445
2024-12-13 14:00:00,2664.89,2665.02,2662.95,2664.73,1268,5,0,1268
2024-12-13 14:03:00,2664.72,2666.37,2664.58,2666.21,1080,5,0,1080
2024-12-13 14:06:00,2666.21,2669.05,2666.17,2668.96,1198,5,0,1198
2024-12-13 14:09:00,2668.96,2669.73,2668.29,2668.5,1032,5,0,1032
2024-12-13 14:12:00,2668.51,2669.76,2668.06,2668.56,888,5,0,888
2024-12-13 14:15:00,2668.56,2668.92,2667.67,2668.85,611,5,0,611
2024-12-13 14:18:00,2668.85,2670.34,2668.77,2670.07,959,5,0,959
2024-12-13 14:21:00,2670.03,2671.32,2669.25,2670.51,670,5,0,670
2024-12-13 14:24:00,2670.51,2670.82,2669.65,2669.88,584,5,0,584
2024-12-13 14:27:00,2669.91,2670.69,2669.85,2670.32,398,5,0,398
2024-12-13 14:30:00,2670.3,2670.47,2668.69,2669.51,532,5,0,532
2024-12-13 14:33:00,2669.51,2671.33,2668.79,2668.94,807,5,0,807
2024-12-13 14:36:00,2668.9,2669.79,2668.85,2669.77,429,5,0,429
2024-12-13 14:39:00,2669.77,2671.45,2669.75,2671.13,370,5,0,370
2024-12-13 14:42:00,2671.13,2672.25,2671.01,2672.19,528,5,0,528
2024-12-13 14:45:00,2672.19,2672.32,2671.38,2671.8,635,5,0,635
2024-12-13 14:48:00,2671.8,2671.95,2670.91,2670.92,531,5,0,531
2024-12-13 14:51:00,2670.95,2671.34,2670.73,2671.27,718,5,0,718
2024-12-13 14:54:00,2671.27,2671.44,2670.56,2670.62,637,5,0,637
2024-12-13 14:57:00,2670.65,2672.71,2670.65,2672.52,824,5,0,824
2024-12-13 15:00:00,2672.52,2673.01,2670.08,2670.09,1756,5,0,1756
2024-12-13 15:03:00,2670.09,2670.51,2667.96,2670.47,1550,5,0,1550
2024-12-13 15:06:00,2670.47,2670.53,2668.95,2669.15,1283,5,0,1283
2024-12-13 15:09:00,2669.16,2669.19,2666.53,2668.25,1014,5,0,1014
2024-12-13 15:12:00,2668.2,2668.29,2665.45,2666.16,1009,5,0,1009
2024-12-13 15:15:00,2666.12,2668.0,2665.4,2667.9,973,5,0,973
2024-12-13 15:18:00,2667.9,2670.45,2667.66,2669.16,1208,5,0,1208
2024-12-13 15:21:00,2669.16,2670.8,2668.75,2668.92,1081,5,0,1081
2024-12-13 15:24:00,2668.92,2670.3,2665.97,2666.24,1378,5,0,1378
2024-12-13 15:27:00,2666.24,2667.21,2665.28,2665.59,1195,5,0,1195
2024-12-13 15:30:00,2665.59,2665.7,2662.4,2663.77,2153,5,0,2153
2024-12-13 15:33:00,2663.78,2665.95,2662.51,2663.84,2099,5,0,2099
2024-12-13 15:36:00,2663.86,2665.55,2662.59,2664.59,1962,5,0,1962
2024-12-13 15:39:00,2664.57,2665.22,2663.13,2664.33,1585,5,0,1585
2024-12-13 15:42:00,2664.34,2665.53,2662.75,2663.11,1502,5,0,1502
2024-12-13 15:45:00,2663.11,2664.29,2660.85,2661.96,1118,5,0,1118
2024-12-13 15:48:00,2661.96,2662.44,2660.68,2660.89,959,5,0,959
2024-12-13 15:51:00,2660.9,2662.32,2659.64,2662.05,1581,5,0,1581
2024-12-13 15:54:00,2662.05,2662.91,2660.94,2661.37,1165,5,0,1165
2024-12-13 15:57:00,2661.36,2662.52,2661.13,2662.13,961,5,0,961
2024-12-13 16:00:00,2662.13,2662.67,2660.28,2662.01,1078,5,0,1078
2024-12-13 16:03:00,2661.99,2662.32,2660.18,2660.68,1021,5,0,1021
2024-12-13 16:06:00,2660.65,2663.14,2660.29,2662.3,912,5,0,912
2024-12-13 16:09:00,2662.31,2663.32,2662.12,2662.81,1109,5,0,1109
2024-12-13 16:12:00,2662.81,2664.06,2662.67,2663.44,916,5,0,916
2024-12-13 16:15:00,2663.43,2663.75,2659.21,2659.38,1068,5,0,1068
2024-12-13 16:18:00,2659.32,2661.38,2659.3,2660.62,978,5,0,978
2024-12-13 16:21:00,2660.64,2660.97,2659.82,2660.63,648,5,0,648
2024-12-13 16:24:00,2660.61,2662.07,2658.95,2661.94,1265,5,0,1265
2024-12-13 16:27:00,2661.98,2662.87,2661.18,2661.9,758,5,0,758
2024-12-13 16:30:00,2661.89,2662.48,2659.77,2662.1,996,5,0,996
2024-12-13 16:33:00,2662.1,2662.61,2658.53,2658.68,1352,5,0,1352
2024-12-13 16:36:00,2658.68,2659.8,2657.36,2659.59,1574,5,0,1574
2024-12-13 16:39:00,2659.52,2659.91,2658.07,2658.61,1012,5,0,1012
2024-12-13 16:42:00,2658.61,2658.68,2657.45,2657.72,1421,5,0,1421
2024-12-13 16:45:00,2657.73,2660.45,2657.57,2659.64,1431,5,0,1431
2024-12-13 16:48:00,2659.62,2660.03,2658.21,2659.62,1191,5,0,1191
2024-12-13 16:51:00,2659.6,2660.51,2658.98,2659.26,1088,5,0,1088
2024-12-13 16:54:00,2659.27,2661.58,2659.1,2659.53,1290,5,0,1290
2024-12-13 16:57:00,2659.53,2660.87,2659.53,2660.23,1261,5,0,1261
2024-12-13 17:00:00,2660.24,2661.04,2657.81,2658.72,1368,5,0,1368
2024-12-13 17:03:00,2658.77,2660.06,2657.25,2658.72,1430,5,0,1430
2024-12-13 17:06:00,2658.71,2660.12,2658.37,2659.82,1262,5,0,1262
2024-12-13 17:09:00,2659.82,2660.35,2658.48,2658.59,1457,5,0,1457
2024-12-13 17:12:00,2658.58,2658.78,2657.33,2657.59,1892,5,0,1892
2024-12-13 17:15:00,2657.6,2659.35,2657.19,2658.45,1324,5,0,1324
2024-12-13 17:18:00,2658.45,2658.51,2657.9,2658.27,1029,5,0,1029
2024-12-13 17:21:00,2658.28,2658.97,2656.66,2656.66,1078,5,0,1078
2024-12-13 17:24:00,2656.71,2656.71,2654.69,2655.41,1405,5,0,1405
2024-12-13 17:27:00,2655.45,2656.63,2654.79,2654.95,1569,5,0,1569
2024-12-13 17:30:00,2654.96,2657.18,2654.86,2656.87,1588,5,0,1588
2024-12-13 17:33:00,2656.87,2657.97,2656.13,2656.76,1113,5,0,1113
2024-12-13 17:36:00,2656.77,2660.22,2656.75,2659.56,1303,5,0,1303
2024-12-13 17:39:00,2659.57,2660.98,2659.22,2660.85,961,5,0,961
2024-12-13 17:42:00,2660.83,2661.93,2659.93,2660.74,1125,5,0,1125
2024-12-13 17:45:00,2660.73,2662.71,2659.95,2662.01,1020,5,0,1020
2024-12-13 17:48:00,2662.0,2662.2,2660.9,2660.92,891,5,0,891
2024-12-13 17:51:00,2660.92,2661.54,2660.22,2661.52,847,5,0,847
2024-12-13 17:54:00,2661.52,2661.59,2659.25,2660.6,909,5,0,909
2024-12-13 17:57:00,2660.64,2660.82,2658.72,2660.01,844,5,0,844
2024-12-13 18:00:00,2660.0,2661.02,2659.47,2659.56,755,5,0,755
2024-12-13 18:03:00,2659.58,2661.59,2658.9,2661.49,889,5,0,889
2024-12-13 18:06:00,2661.52,2663.38,2661.4,2663.22,758,5,0,758
2024-12-13 18:09:00,2663.22,2663.79,2662.51,2663.42,967,5,0,967
2024-12-13 18:12:00,2663.44,2663.73,2662.36,2662.57,801,5,0,801
2024-12-13 18:15:00,2662.57,2663.24,2661.71,2661.93,1174,5,0,1174
2024-12-13 18:18:00,2661.93,2661.94,2659.8,2660.56,1032,5,0,1032
2024-12-13 18:21:00,2660.54,2661.06,2659.91,2660.24,918,5,0,918
2024-12-13 18:24:00,2660.21,2660.33,2658.92,2660.3,935,5,0,935
2024-12-13 18:27:00,2660.27,2661.1,2658.93,2660.41,1050,5,0,1050
2024-12-13 18:30:00,2660.36,2661.47,2659.77,2661.0,798,5,0,798
2024-12-13 18:33:00,2660.99,2661.79,2660.6,2660.96,605,5,0,605
2024-12-13 18:36:00,2660.96,2661.99,2660.89,2661.94,618,5,0,618
2024-12-13 18:39:00,2661.98,2663.69,2661.98,2663.49,845,5,0,845
2024-12-13 18:42:00,2663.47,2664.61,2663.07,2663.77,749,5,0,749
2024-12-13 18:45:00,2663.76,2664.03,2662.35,2662.91,965,5,0,965
2024-12-13 18:48:00,2662.91,2663.76,2662.16,2663.25,558,5,0,558
2024-12-13 18:51:00,2663.25,2663.75,2661.68,2662.89,619,5,0,619
2024-12-13 18:54:00,2662.89,2662.94,2661.63,2662.65,501,5,0,501
2024-12-13 18:57:00,2662.63,2663.1,2661.71,2662.23,618,5,0,618
2024-12-13 19:00:00,2662.22,2662.42,2660.96,2661.94,690,5,0,690
2024-12-13 19:03:00,2661.93,2662.09,2660.17,2660.3,908,5,0,908
2024-12-13 19:06:00,2660.3,2660.96,2659.64,2660.73,1006,5,0,1006
2024-12-13 19:09:00,2660.73,2661.07,2660.26,2660.68,1053,5,0,1053
2024-12-13 19:12:00,2660.68,2660.95,2660.23,2660.26,846,5,0,846
2024-12-13 19:15:00,2660.26,2660.36,2659.61,2660.01,925,5,0,925
2024-12-13 19:18:00,2660.06,2660.2,2659.73,2659.96,775,5,0,775
2024-12-13 19:21:00,2659.96,2660.65,2659.57,2659.73,871,5,0,871
2024-12-13 19:24:00,2659.74,2660.36,2659.55,2659.88,595,5,0,595
2024-12-13 19:27:00,2659.88,2659.97,2658.15,2658.71,557,5,0,557
2024-12-13 19:30:00,2658.71,2659.27,2658.03,2658.2,778,5,0,778
2024-12-13 19:33:00,2658.2,2659.18,2658.08,2658.36,1001,5,0,1001
2024-12-13 19:36:00,2658.37,2659.42,2658.08,2659.08,1027,5,0,1027
2024-12-13 19:39:00,2659.08,2659.14,2657.83,2658.24,1073,5,0,1073
2024-12-13 19:42:00,2658.24,2658.77,2656.98,2657.43,1057,5,0,1057
2024-12-13 19:45:00,2657.39,2657.57,2656.75,2657.07,610,5,0,610
2024-12-13 19:48:00,2657.07,2657.62,2655.99,2656.34,757,5,0,757
2024-12-13 19:51:00,2656.34,2657.09,2656.34,2656.6,957,5,0,957
2024-12-13 19:54:00,2656.61,2657.43,2656.1,2656.11,936,5,0,936
2024-12-13 19:57:00,2656.12,2656.69,2655.69,2656.32,751,5,0,751
2024-12-13 20:00:00,2656.32,2657.13,2655.4,2656.8,701,5,0,701
2024-12-13 20:03:00,2656.8,2656.8,2654.93,2654.98,582,5,0,582
2024-12-13 20:06:00,2655.02,2655.31,2654.36,2654.92,808,5,0,808
2024-12-13 20:09:00,2654.95,2656.07,2654.84,2655.94,723,5,0,723
2024-12-13 20:12:00,2655.96,2656.55,2655.55,2655.57,487,5,0,487
2024-12-13 20:15:00,2655.57,2655.94,2654.49,2654.91,543,5,0,543
2024-12-13 20:18:00,2654.9,2655.44,2654.52,2654.64,607,5,0,607
2024-12-13 20:21:00,2654.64,2655.06,2654.32,2654.9,689,5,0,689
2024-12-13 20:24:00,2654.91,2655.7,2654.68,2655.58,795,5,0,795
2024-12-13 20:27:00,2655.58,2656.02,2655.01,2655.74,1003,5,0,1003
2024-12-13 20:30:00,2655.76,2656.9,2655.15,2655.44,806,5,0,806
2024-12-13 20:33:00,2655.44,2655.58,2654.97,2655.01,722,5,0,722
2024-12-13 20:36:00,2655.01,2655.58,2654.85,2655.13,807,5,0,807
2024-12-13 20:39:00,2655.16,2655.16,2652.55,2653.11,765,5,0,765
2024-12-13 20:42:00,2653.11,2654.13,2652.23,2652.95,961,5,0,961
2024-12-13 20:45:00,2652.95,2654.6,2652.9,2654.31,537,5,0,537
2024-12-13 20:48:00,2654.29,2654.34,2653.64,2654.33,684,5,0,684
2024-12-13 20:51:00,2654.32,2654.64,2653.9,2654.33,628,5,0,628
2024-12-13 20:54:00,2654.34,2654.44,2654.03,2654.35,609,5,0,609
2024-12-13 20:57:00,2654.35,2654.49,2653.48,2654.24,645,5,0,645
2024-12-13 21:00:00,2654.25,2654.85,2653.78,2654.08,558,5,0,558
2024-12-13 21:03:00,2654.06,2654.16,2653.5,2653.84,600,5,0,600
2024-12-13 21:06:00,2653.84,2654.65,2653.8,2654.55,942,5,0,942
2024-12-13 21:09:00,2654.55,2655.25,2654.51,2655.01,752,5,0,752
2024-12-13 21:12:00,2655.01,2655.29,2654.68,2655.24,632,5,0,632
2024-12-13 21:15:00,2655.24,2655.26,2654.09,2654.38,741,5,0,741
2024-12-13 21:18:00,2654.38,2654.5,2653.62,2653.67,737,5,0,737
2024-12-13 21:21:00,2653.68,2653.86,2653.47,2653.58,483,5,0,483
2024-12-13 21:24:00,2653.58,2653.76,2652.75,2652.91,526,5,0,526
2024-12-13 21:27:00,2652.91,2653.12,2652.53,2652.75,557,5,0,557
2024-12-13 21:30:00,2652.73,2653.61,2652.34,2653.49,832,5,0,832
2024-12-13 21:33:00,2653.51,2654.21,2653.5,2653.58,672,5,0,672
2024-12-13 21:36:00,2653.57,2653.92,2653.34,2653.59,541,5,0,541
2024-12-13 21:39:00,2653.59,2654.14,2653.33,2653.98,645,5,0,645
2024-12-13 21:42:00,2653.97,2654.0,2653.42,2653.54,522,5,0,522
2024-12-13 21:45:00,2653.54,2653.63,2652.59,2653.12,631,5,0,631
2024-12-13 21:48:00,2653.13,2653.28,2652.82,2653.06,437,5,0,437
2024-12-13 21:51:00,2653.08,2653.45,2652.57,2652.75,548,5,0,548
2024-12-13 21:54:00,2652.75,2653.13,2652.5,2652.84,650,5,0,650
2024-12-13 21:57:00,2652.83,2653.24,2652.73,2653.04,766,5,0,766
2024-12-13 22:00:00,2653.06,2653.56,2651.75,2652.1,1228,5,0,1228
2024-12-13 22:03:00,2652.09,2652.52,2651.71,2652.39,742,5,0,742
2024-12-13 22:06:00,2652.38,2652.69,2652.08,2652.28,375,5,0,375
2024-12-13 22:09:00,2652.28,2652.35,2651.13,2651.35,502,5,0,502
2024-12-13 22:12:00,2651.35,2651.72,2650.55,2651.18,498,5,0,498
2024-12-13 22:15:00,2651.18,2651.71,2650.79,2651.4,597,5,0,597
2024-12-13 22:18:00,2651.4,2651.56,2650.28,2651.09,595,5,0,595
2024-12-13 22:21:00,2651.09,2651.18,2649.74,2649.75,903,5,0,903
2024-12-13 22:24:00,2649.75,2650.79,2649.72,2650.75,732,5,0,732
2024-12-13 22:27:00,2650.75,2652.4,2650.69,2652.05,530,5,0,530
2024-12-13 22:30:00,2652.04,2652.18,2650.69,2651.01,444,5,0,444
2024-12-13 22:33:00,2651.02,2651.23,2650.06,2650.45,558,5,0,558
2024-12-13 22:36:00,2650.44,2650.45,2649.91,2650.37,520,5,0,520
2024-12-13 22:39:00,2650.34,2650.4,2649.09,2649.39,700,5,0,700
2024-12-13 22:42:00,2649.39,2650.32,2649.07,2649.54,505,5,0,505
2024-12-13 22:45:00,2649.54,2649.77,2648.68,2649.17,665,5,0,665
2024-12-13 22:48:00,2649.21,2650.32,2649.16,2649.34,615,5,0,615
2024-12-13 22:51:00,2649.34,2649.57,2648.97,2649.32,742,5,0,742
2024-12-13 22:54:00,2649.32,2649.35,2648.09,2648.18,1047,5,0,1047
2024-12-13 22:57:00,2648.16,2648.66,2646.49,2647.88,1499,5,0,1499
2024-12-13 23:00:00,2647.89,2648.53,2646.14,2648.53,673,5,0,673
2024-12-13 23:03:00,2648.53,2648.67,2647.66,2648.4,263,5,0,263
2024-12-13 23:06:00,2648.32,2648.5,2647.69,2647.94,271,5,0,271
2024-12-13 23:09:00,2647.94,2648.05,2646.47,2648.01,419,5,0,419
2024-12-13 23:12:00,2648.02,2648.91,2647.56,2648.9,334,5,0,334
2024-12-13 23:15:00,2648.89,2649.36,2648.48,2648.69,296,5,0,296
2024-12-13 23:18:00,2648.69,2649.85,2648.47,2649.43,373,5,0,373
2024-12-13 23:21:00,2649.45,2649.88,2648.61,2648.8,372,5,0,372
2024-12-13 23:24:00,2648.8,2649.63,2648.75,2649.29,319,5,0,319
2024-12-13 23:27:00,2649.29,2649.67,2648.99,2649.16,247,5,0,247
2024-12-13 23:30:00,2649.2,2649.27,2648.32,2648.95,248,5,0,248
2024-12-13 23:33:00,2648.98,2649.38,2648.23,2648.72,281,5,0,281
2024-12-13 23:36:00,2648.72,2649.06,2648.51,2649.05,213,5,0,213
2024-12-13 23:39:00,2649.05,2649.62,2648.1,2648.27,386,5,0,386
2024-12-13 23:42:00,2648.25,2649.79,2648.18,2649.79,260,5,0,260
2024-12-13 23:45:00,2649.8,2650.02,2648.92,2648.93,380,5,0,380
2024-12-13 23:48:00,2648.95,2649.18,2648.6,2648.66,141,5,0,141
2024-12-13 23:51:00,2648.67,2649.29,2648.26,2648.94,215,5,0,215
2024-12-13 23:54:00,2648.94,2649.16,2648.03,2648.57,181,5,0,181
2024-12-13 23:57:00,2648.56,2648.57,2648.07,2648.3,132,5,0,132
2024-12-16 01:03:00,2649.28,2649.45,2649.23,2649.45,16,24,0,16
2024-12-16 01:06:00,2649.45,2649.75,2648.82,2649.37,114,5,0,114
2024-12-16 01:09:00,2649.4,2649.72,2649.02,2649.13,161,5,0,161
2024-12-16 01:12:00,2649.13,2649.75,2648.83,2649.67,160,5,0,160
2024-12-16 01:15:00,2649.67,2650.48,2648.9,2649.06,190,5,0,190
2024-12-16 01:18:00,2649.06,2649.63,2648.95,2649.2,149,5,0,149
2024-12-16 01:21:00,2649.22,2649.57,2648.97,2649.51,71,5,0,71
2024-12-16 01:24:00,2649.51,2649.72,2649.2,2649.48,97,5,0,97
2024-12-16 01:27:00,2649.48,2649.95,2649.15,2649.75,131,5,0,131
2024-12-16 01:30:00,2649.75,2649.77,2649.26,2649.77,129,5,0,129
2024-12-16 01:33:00,2649.77,2649.92,2649.44,2649.79,77,5,0,77
2024-12-16 01:36:00,2649.82,2650.52,2649.75,2650.52,101,5,0,101
2024-12-16 01:39:00,2650.54,2651.98,2650.52,2651.89,299,5,0,299
2024-12-16 01:42:00,2651.94,2652.05,2650.8,2651.02,386,5,0,386
2024-12-16 01:45:00,2650.93,2652.22,2650.81,2651.74,265,5,0,265
2024-12-16 01:48:00,2651.78,2653.07,2651.26,2652.18,357,5,0,357
2024-12-16 01:51:00,2652.17,2652.17,2651.81,2651.96,179,5,0,179
2024-12-16 01:54:00,2651.98,2652.31,2651.48,2651.53,178,5,0,178
2024-12-16 01:57:00,2651.53,2651.84,2651.31,2651.56,172,5,0,172
2024-12-16 02:00:00,2651.56,2651.69,2649.5,2650.12,574,5,0,574
2024-12-16 02:03:00,2650.12,2650.73,2650.04,2650.48,219,5,0,219
2024-12-16 02:06:00,2650.52,2651.01,2650.4,2650.91,180,5,0,180
2024-12-16 02:09:00,2650.91,2651.31,2650.54,2651.25,189,5,0,189
2024-12-16 02:12:00,2651.25,2651.48,2651.19,2651.44,118,5,0,118
2024-12-16 02:15:00,2651.44,2651.44,2649.67,2650.15,253,5,0,253
2024-12-16 02:18:00,2650.15,2650.58,2650.13,2650.53,136,5,0,136
2024-12-16 02:21:00,2650.53,2650.54,2649.95,2650.06,124,5,0,124
2024-12-16 02:24:00,2650.06,2651.21,2650.06,2651.18,172,5,0,172
2024-12-16 02:27:00,2651.18,2651.76,2651.17,2651.66,174,5,0,174
2024-12-16 02:30:00,2651.66,2651.66,2650.84,2650.84,182,5,0,182
2024-12-16 02:33:00,2650.84,2651.17,2650.04,2650.2,192,5,0,192
2024-12-16 02:36:00,2650.22,2650.37,2649.65,2649.75,209,5,0,209
2024-12-16 02:39:00,2649.74,2649.77,2648.63,2649.14,273,5,0,273
2024-12-16 02:42:00,2649.14,2649.19,2648.92,2649.13,129,5,0,129
2024-12-16 02:45:00,2649.13,2649.15,2647.4,2647.92,388,5,0,388
2024-12-16 02:48:00,2647.92,2648.02,2644.36,2644.43,697,5,0,697
2024-12-16 02:51:00,2644.39,2646.27,2644.38,2645.3,653,5,0,653
2024-12-16 02:54:00,2645.29,2645.37,2643.6,2644.36,588,5,0,588
2024-12-16 02:57:00,2644.36,2647.17,2644.36,2647.17,674,5,0,674
2024-12-16 03:00:00,2647.17,2648.9,2646.81,2648.25,1312,5,0,1312
2024-12-16 03:03:00,2648.25,2651.45,2648.18,2650.65,1011,5,0,1011
2024-12-16 03:06:00,2650.66,2650.96,2648.91,2650.31,840,5,0,840
2024-12-16 03:09:00,2650.31,2651.75,2649.95,2651.06,736,5,0,736
2024-12-16 03:12:00,2651.05,2651.32,2649.35,2650.36,539,5,0,539
2024-12-16 03:15:00,2650.36,2651.53,2649.77,2651.46,788,5,0,788
2024-12-16 03:18:00,2651.46,2653.11,2650.72,2652.9,660,5,0,660
2024-12-16 03:21:00,2652.92,2653.87,2652.74,2653.8,659,5,0,659
2024-12-16 03:24:00,2653.8,2655.04,2653.63,2655.04,718,5,0,718
2024-12-16 03:27:00,2655.03,2655.71,2654.05,2654.07,613,5,0,613
2024-12-16 03:30:00,2654.02,2654.13,2652.23,2653.47,572,5,0,572
2024-12-16 03:33:00,2653.47,2654.69,2653.09,2654.61,566,5,0,566
2024-12-16 03:36:00,2654.61,2654.62,2653.12,2653.45,594,5,0,594
2024-12-16 03:39:00,2653.46,2653.89,2652.81,2653.69,630,5,0,630
2024-12-16 03:42:00,2653.69,2654.18,2653.05,2653.05,538,5,0,538
2024-12-16 03:45:00,2653.05,2653.2,2652.04,2653.2,506,5,0,506
2024-12-16 03:48:00,2653.2,2653.35,2652.12,2652.53,582,5,0,582
2024-12-16 03:51:00,2652.55,2653.02,2651.68,2652.92,647,5,0,647
2024-12-16 03:54:00,2652.92,2653.74,2652.08,2653.66,620,5,0,620
2024-12-16 03:57:00,2653.61,2654.16,2653.12,2653.52,337,5,0,337
2024-12-16 04:00:00,2653.53,2653.62,2651.94,2653.28,621,5,0,621
2024-12-16 04:03:00,2653.28,2653.81,2652.31,2652.75,551,5,0,551
2024-12-16 04:06:00,2652.75,2653.81,2651.69,2653.17,609,5,0,609
2024-12-16 04:09:00,2653.17,2653.5,2652.49,2653.07,557,5,0,557
2024-12-16 04:12:00,2653.05,2653.12,2652.13,2653.09,666,5,0,666
2024-12-16 04:15:00,2653.09,2653.83,2652.87,2653.29,419,5,0,419
2024-12-16 04:18:00,2653.29,2653.29,2651.93,2652.76,369,5,0,369
2024-12-16 04:21:00,2652.76,2653.02,2652.1,2652.69,327,5,0,327
2024-12-16 04:24:00,2652.69,2652.97,2652.28,2652.47,370,5,0,370
2024-12-16 04:27:00,2652.42,2652.71,2652.13,2652.49,290,5,0,290
2024-12-16 04:30:00,2652.52,2652.75,2651.57,2652.44,637,5,0,637
2024-12-16 04:33:00,2652.44,2653.29,2652.21,2652.97,498,5,0,498
2024-12-16 04:36:00,2652.97,2653.85,2652.64,2653.14,453,5,0,453
2024-12-16 04:39:00,2653.17,2653.39,2652.29,2652.82,548,5,0,548
2024-12-16 04:42:00,2652.82,2653.77,2652.82,2653.57,670,5,0,670
2024-12-16 04:45:00,2653.55,2654.77,2653.31,2654.01,756,5,0,756
2024-12-16 04:48:00,2653.99,2654.73,2653.34,2653.56,755,5,0,755
2024-12-16 04:51:00,2653.55,2654.13,2652.85,2653.46,917,5,0,917
2024-12-16 04:54:00,2653.46,2653.59,2650.57,2650.82,972,5,0,972
2024-12-16 04:57:00,2650.87,2652.39,2650.87,2651.94,996,5,0,996
2024-12-16 05:00:00,2651.95,2653.27,2651.85,2652.6,881,5,0,881
2024-12-16 05:03:00,2652.6,2652.99,2652.15,2652.52,729,5,0,729
2024-12-16 05:06:00,2652.52,2652.7,2651.8,2652.61,747,5,0,747
2024-12-16 05:09:00,2652.5,2653.31,2652.17,2652.94,587,5,0,587
2024-12-16 05:12:00,2652.94,2653.41,2652.42,2653.29,445,5,0,445
2024-12-16 05:15:00,2653.3,2653.84,2653.08,2653.81,491,5,0,491
2024-12-16 05:18:00,2653.81,2654.44,2653.08,2653.94,633,5,0,633
2024-12-16 05:21:00,2653.91,2654.54,2653.65,2654.35,316,5,0,316
2024-12-16 05:24:00,2654.35,2654.58,2653.09,2653.4,538,5,0,538
2024-12-16 05:27:00,2653.4,2653.58,2652.76,2653.34,415,5,0,415
2024-12-16 05:30:00,2653.32,2654.12,2653.24,2653.74,333,5,0,333
2024-12-16 05:33:00,2653.74,2655.3,2653.47,2654.58,462,5,0,462
2024-12-16 05:36:00,2654.56,2655.33,2654.34,2655.25,472,5,0,472
2024-12-16 05:39:00,2655.25,2655.7,2654.51,2654.62,427,5,0,427
2024-12-16 05:42:00,2654.63,2654.64,2653.09,2653.88,551,5,0,551
2024-12-16 05:45:00,2653.88,2653.96,2652.87,2653.6,529,5,0,529
2024-12-16 05:48:00,2653.59,2653.7,2653.28,2653.32,345,5,0,345
2024-12-16 05:51:00,2653.32,2654.22,2653.21,2654.08,344,5,0,344
2024-12-16 05:54:00,2654.05,2654.06,2653.62,2653.72,583,5,0,583
2024-12-16 05:57:00,2653.71,2653.89,2653.45,2653.84,416,5,0,416
2024-12-16 06:00:00,2653.86,2653.9,2652.95,2653.18,501,5,0,501
2024-12-16 06:03:00,2653.19,2653.98,2653.09,2653.82,351,5,0,351
2024-12-16 06:06:00,2653.82,2653.86,2653.25,2653.28,191,5,0,191
2024-12-16 06:09:00,2653.29,2653.44,2653.15,2653.35,326,5,0,326
2024-12-16 06:12:00,2653.35,2653.8,2653.33,2653.57,402,5,0,402
2024-12-16 06:15:00,2653.56,2653.98,2653.44,2653.84,279,5,0,279
2024-12-16 06:18:00,2653.88,2654.49,2653.81,2654.42,261,5,0,261
2024-12-16 06:21:00,2654.42,2654.5,2653.93,2654.5,211,5,0,211
2024-12-16 06:24:00,2654.51,2654.55,2653.36,2653.37,348,5,0,348
2024-12-16 06:27:00,2653.37,2653.79,2653.26,2653.6,250,5,0,250
2024-12-16 06:30:00,2653.6,2654.15,2653.57,2653.59,197,5,0,197
2024-12-16 06:33:00,2653.58,2653.67,2653.05,2653.29,186,5,0,186
2024-12-16 06:36:00,2653.33,2653.63,2653.19,2653.46,284,5,0,284
2024-12-16 06:39:00,2653.46,2653.49,2652.64,2652.74,370,5,0,370
2024-12-16 06:42:00,2652.75,2653.18,2652.49,2652.74,316,5,0,316
2024-12-16 06:45:00,2652.74,2653.07,2652.0,2652.61,468,5,0,468
2024-12-16 06:48:00,2652.61,2653.04,2652.33,2652.89,440,5,0,440
2024-12-16 06:51:00,2652.91,2652.98,2652.44,2652.82,235,5,0,235
2024-12-16 06:54:00,2652.82,2653.36,2652.23,2653.33,301,5,0,301
2024-12-16 06:57:00,2653.33,2653.36,2652.78,2652.81,391,5,0,391
2024-12-16 07:00:00,2652.82,2653.16,2652.48,2653.03,553,5,0,553
2024-12-16 07:03:00,2653.03,2653.28,2652.56,2652.77,451,5,0,451
2024-12-16 07:06:00,2652.82,2653.54,2652.55,2652.87,526,5,0,526
2024-12-16 07:09:00,2652.87,2652.87,2651.26,2651.8,585,5,0,585
2024-12-16 07:12:00,2651.8,2651.8,2650.25,2650.71,691,5,0,691
2024-12-16 07:15:00,2650.71,2652.08,2649.6,2651.87,943,5,0,943
2024-12-16 07:18:00,2651.9,2652.17,2650.45,2651.34,993,5,0,993
2024-12-16 07:21:00,2651.34,2651.56,2650.91,2651.1,450,5,0,450
2024-12-16 07:24:00,2651.1,2652.15,2651.08,2652.09,387,5,0,387
2024-12-16 07:27:00,2652.09,2652.23,2650.86,2650.88,627,5,0,627
2024-12-16 07:30:00,2650.87,2651.47,2650.33,2650.75,747,5,0,747
2024-12-16 07:33:00,2650.75,2651.34,2650.3,2651.22,719,5,0,719
2024-12-16 07:36:00,2651.21,2652.74,2651.06,2652.47,873,5,0,873
2024-12-16 07:39:00,2652.45,2653.3,2652.0,2652.21,776,5,0,776
2024-12-16 07:42:00,2652.21,2652.63,2651.98,2652.05,545,5,0,545
2024-12-16 07:45:00,2652.06,2652.51,2651.54,2652.38,359,5,0,359
2024-12-16 07:48:00,2652.38,2652.87,2652.33,2652.44,356,5,0,356
2024-12-16 07:51:00,2652.38,2652.38,2651.49,2651.75,557,5,0,557
2024-12-16 07:54:00,2651.76,2653.0,2651.76,2652.65,727,5,0,727
2024-12-16 07:57:00,2652.64,2653.18,2652.54,2652.88,664,5,0,664
2024-12-16 08:00:00,2652.88,2653.71,2652.8,2653.7,457,5,0,457
2024-12-16 08:03:00,2653.72,2654.01,2652.96,2653.12,411,5,0,411
2024-12-16 08:06:00,2653.12,2653.97,2652.96,2653.19,453,5,0,453
2024-12-16 08:09:00,2653.19,2653.48,2652.47,2652.61,531,5,0,531
2024-12-16 08:12:00,2652.6,2652.77,2652.18,2652.44,361,5,0,361
2024-12-16 08:15:00,2652.44,2653.14,2652.32,2652.71,569,5,0,569
2024-12-16 08:18:00,2652.7,2653.14,2652.4,2652.72,438,5,0,438
2024-12-16 08:21:00,2652.78,2653.78,2652.76,2653.69,485,5,0,485
2024-12-16 08:24:00,2653.69,2654.01,2653.12,2653.56,469,5,0,469
2024-12-16 08:27:00,2653.56,2654.74,2653.33,2654.65,573,5,0,573
2024-12-16 08:30:00,2654.68,2654.91,2653.36,2653.49,635,5,0,635
2024-12-16 08:33:00,2653.49,2654.52,2653.49,2653.87,597,5,0,597
2024-12-16 08:36:00,2653.89,2653.95,2652.74,2652.97,618,5,0,618
2024-12-16 08:39:00,2652.98,2653.45,2652.76,2653.27,722,5,0,722
2024-12-16 08:42:00,2653.27,2653.49,2652.99,2653.19,472,5,0,472
2024-12-16 08:45:00,2653.19,2653.55,2652.76,2652.89,480,5,0,480
2024-12-16 08:48:00,2652.89,2653.56,2652.86,2653.45,303,5,0,303
2024-12-16 08:51:00,2653.49,2653.54,2652.98,2653.27,413,5,0,413
2024-12-16 08:54:00,2653.28,2654.35,2653.28,2653.75,346,5,0,346
2024-12-16 08:57:00,2653.74,2653.95,2653.42,2653.69,362,5,0,362
2024-12-16 09:00:00,2653.74,2653.91,2653.16,2653.36,563,5,0,563
2024-12-16 09:03:00,2653.36,2653.47,2651.79,2651.83,684,5,0,684
2024-12-16 09:06:00,2651.83,2652.61,2651.72,2652.57,676,5,0,676
2024-12-16 09:09:00,2652.56,2653.22,2652.5,2652.72,501,5,0,501
2024-12-16 09:12:00,2652.72,2653.01,2652.42,2652.85,399,5,0,399
2024-12-16 09:15:00,2652.84,2653.58,2652.55,2653.13,428,5,0,428
2024-12-16 09:18:00,2653.13,2654.31,2653.13,2654.23,485,5,0,485
2024-12-16 09:21:00,2654.23,2654.99,2654.02,2654.93,410,5,0,410
2024-12-16 09:24:00,2654.94,2654.97,2653.78,2653.85,454,5,0,454
2024-12-16 09:27:00,2653.85,2654.1,2653.38,2653.49,387,5,0,387
2024-12-16 09:30:00,2653.5,2653.62,2652.96,2652.99,572,5,0,572
2024-12-16 09:33:00,2652.98,2653.05,2652.52,2652.83,455,5,0,455
2024-12-16 09:36:00,2652.83,2653.88,2652.79,2653.8,449,5,0,449
2024-12-16 09:39:00,2653.8,2653.95,2653.22,2653.49,252,5,0,252
2024-12-16 09:42:00,2653.49,2655.84,2653.18,2655.4,366,5,0,366
2024-12-16 09:45:00,2655.4,2655.94,2655.16,2655.47,604,5,0,604
2024-12-16 09:48:00,2655.47,2655.73,2654.07,2654.91,688,5,0,688
2024-12-16 09:51:00,2654.92,2655.13,2653.88,2654.17,324,5,0,324
2024-12-16 09:54:00,2654.17,2654.34,2653.05,2653.28,354,5,0,354
2024-12-16 09:57:00,2653.27,2653.96,2653.08,2653.77,503,5,0,503
2024-12-16 10:00:00,2653.76,2654.52,2653.02,2654.09,578,5,0,578
2024-12-16 10:03:00,2654.03,2654.23,2653.1,2653.1,378,5,0,378
2024-12-16 10:06:00,2653.1,2654.07,2652.79,2653.09,402,5,0,402
2024-12-16 10:09:00,2653.1,2653.61,2652.33,2653.36,460,5,0,460
2024-12-16 10:12:00,2653.36,2655.39,2653.32,2655.34,534,5,0,534
2024-12-16 10:15:00,2655.34,2656.45,2655.2,2655.84,806,5,0,806
2024-12-16 10:18:00,2655.84,2655.87,2654.66,2655.06,616,5,0,616
2024-12-16 10:21:00,2655.06,2657.64,2654.72,2657.63,636,5,0,636
2024-12-16 10:24:00,2657.63,2658.4,2657.44,2657.79,666,5,0,666
2024-12-16 10:27:00,2657.79,2658.62,2657.65,2658.51,638,5,0,638
2024-12-16 10:30:00,2658.5,2660.22,2658.07,2660.06,1178,5,0,1178
2024-12-16 10:33:00,2660.06,2661.38,2660.04,2661.33,1123,5,0,1123
2024-12-16 10:36:00,2661.32,2662.07,2659.72,2659.77,1388,5,0,1388
2024-12-16 10:39:00,2659.76,2659.93,2658.2,2658.43,857,5,0,857
2024-12-16 10:42:00,2658.41,2658.95,2658.02,2658.54,647,5,0,647
2024-12-16 10:45:00,2658.54,2658.71,2657.87,2658.25,788,5,0,788
2024-12-16 10:48:00,2658.24,2659.18,2657.89,2658.65,666,5,0,666
2024-12-16 10:51:00,2658.65,2659.1,2658.29,2659.03,475,5,0,475
2024-12-16 10:54:00,2659.03,2659.95,2658.74,2658.79,409,5,0,409
2024-12-16 10:57:00,2658.79,2658.92,2657.92,2658.06,338,5,0,338
2024-12-16 11:00:00,2658.06,2659.25,2657.41,2659.17,805,5,0,805
2024-12-16 11:03:00,2659.17,2659.62,2658.34,2659.33,496,5,0,496
2024-12-16 11:06:00,2659.33,2660.16,2658.28,2658.28,1203,5,0,1203
2024-12-16 11:09:00,2658.25,2658.52,2657.46,2658.0,791,5,0,791
2024-12-16 11:12:00,2658.0,2658.66,2657.47,2658.59,448,5,0,448
2024-12-16 11:15:00,2658.59,2659.2,2657.69,2659.17,479,5,0,479
2024-12-16 11:18:00,2659.17,2659.7,2657.67,2657.7,550,5,0,550
2024-12-16 11:21:00,2657.7,2657.7,2656.46,2656.85,305,5,0,305
2024-12-16 11:24:00,2656.84,2657.19,2656.26,2656.84,313,5,0,313
2024-12-16 11:27:00,2656.84,2658.3,2656.69,2658.27,289,5,0,289
2024-12-16 11:30:00,2658.26,2658.28,2657.17,2657.26,311,5,0,311
2024-12-16 11:33:00,2657.26,2658.12,2657.09,2657.55,361,5,0,361
2024-12-16 11:36:00,2657.56,2657.6,2656.51,2656.56,299,5,0,299
2024-12-16 11:39:00,2656.51,2657.51,2656.4,2656.73,347,5,0,347
2024-12-16 11:42:00,2656.73,2657.2,2656.01,2657.02,531,5,0,531
2024-12-16 11:45:00,2657.02,2657.12,2655.89,2656.23,419,5,0,419
2024-12-16 11:48:00,2656.2,2656.66,2655.82,2656.14,322,5,0,322
2024-12-16 11:51:00,2656.17,2657.6,2656.17,2657.6,301,5,0,301
2024-12-16 11:54:00,2657.62,2658.75,2657.38,2658.34,514,5,0,514
2024-12-16 11:57:00,2658.34,2658.49,2657.84,2658.15,549,5,0,549
2024-12-16 12:00:00,2658.15,2660.02,2658.15,2659.45,657,5,0,657
2024-12-16 12:03:00,2659.45,2659.5,2658.37,2658.64,385,5,0,385
2024-12-16 12:06:00,2658.6,2659.0,2658.14,2658.21,272,5,0,272
2024-12-16 12:09:00,2658.2,2658.88,2658.13,2658.76,217,5,0,217
2024-12-16 12:12:00,2658.76,2659.26,2658.51,2658.68,228,5,0,228
2024-12-16 12:15:00,2658.68,2659.37,2658.45,2659.09,318,5,0,318
2024-12-16 12:18:00,2659.09,2659.19,2658.29,2658.33,319,5,0,319
2024-12-16 12:21:00,2658.33,2659.49,2658.11,2659.19,463,5,0,463
2024-12-16 12:24:00,2659.19,2660.21,2658.87,2659.72,552,5,0,552
2024-12-16 12:27:00,2659.71,2660.05,2659.61,2659.84,311,5,0,311
2024-12-16 12:30:00,2659.84,2660.56,2659.74,2660.33,802,5,0,802
2024-12-16 12:33:00,2660.33,2660.51,2658.12,2658.43,871,5,0,871
2024-12-16 12:36:00,2658.46,2659.56,2658.46,2658.92,770,5,0,770
2024-12-16 12:39:00,2658.94,2659.5,2658.81,2659.29,251,5,0,251
2024-12-16 12:42:00,2659.28,2659.57,2658.65,2659.47,385,5,0,385
2024-12-16 12:45:00,2659.48,2660.56,2659.43,2660.35,542,5,0,542
2024-12-16 12:48:00,2660.36,2661.18,2658.81,2658.98,961,5,0,961
2024-12-16 12:51:00,2658.98,2659.82,2658.85,2659.6,757,5,0,757
2024-12-16 12:54:00,2659.6,2660.36,2659.52,2660.18,423,5,0,423
2024-12-16 12:57:00,2660.18,2660.24,2658.71,2658.84,472,5,0,472
2024-12-16 13:00:00,2658.83,2658.91,2658.06,2658.51,713,5,0,713
2024-12-16 13:03:00,2658.51,2659.14,2657.82,2658.73,451,5,0,451
2024-12-16 13:06:00,2658.72,2659.31,2658.48,2658.48,601,5,0,601
2024-12-16 13:09:00,2658.43,2660.33,2658.07,2659.37,916,5,0,916
2024-12-16 13:12:00,2659.37,2659.88,2658.93,2659.7,523,5,0,523
2024-12-16 13:15:00,2659.69,2660.55,2659.62,2660.45,450,5,0,450
2024-12-16 13:18:00,2660.45,2661.21,2660.22,2661.01,460,5,0,460
2024-12-16 13:21:00,2661.0,2661.73,2660.81,2661.46,537,5,0,537
2024-12-16 13:24:00,2661.45,2661.89,2660.93,2661.6,615,5,0,615
2024-12-16 13:27:00,2661.6,2663.03,2661.53,2662.67,781,5,0,781
2024-12-16 13:30:00,2662.67,2664.17,2662.65,2662.85,625,5,0,625
2024-12-16 13:33:00,2662.85,2663.18,2661.89,2662.18,489,5,0,489
2024-12-16 13:36:00,2662.2,2662.25,2661.3,2661.62,383,5,0,383
2024-12-16 13:39:00,2661.62,2662.15,2661.18,2661.24,307,5,0,307
2024-12-16 13:42:00,2661.23,2662.82,2661.19,2662.8,408,5,0,408
2024-12-16 13:45:00,2662.81,2663.64,2662.35,2662.85,1309,5,0,1309
2024-12-16 13:48:00,2662.85,2663.1,2661.55,2661.83,685,5,0,685
2024-12-16 13:51:00,2661.83,2662.37,2661.29,2662.29,529,5,0,529
2024-12-16 13:54:00,2662.29,2663.0,2662.2,2662.93,534,5,0,534
2024-12-16 13:57:00,2662.93,2663.97,2662.79,2663.63,526,5,0,526
2024-12-16 14:00:00,2663.63,2663.81,2663.18,2663.27,466,5,0,466
2024-12-16 14:03:00,2663.27,2663.82,2663.1,2663.46,328,5,0,328
2024-12-16 14:06:00,2663.46,2664.27,2663.42,2664.18,443,5,0,443
2024-12-16 14:09:00,2664.19,2664.41,2663.04,2663.16,406,5,0,406
2024-12-16 14:12:00,2663.16,2663.67,2662.74,2663.05,454,5,0,454
2024-12-16 14:15:00,2663.05,2663.86,2663.04,2663.86,294,5,0,294
2024-12-16 14:18:00,2663.86,2664.0,2662.71,2663.43,417,5,0,417
2024-12-16 14:21:00,2663.41,2663.7,2663.02,2663.08,393,5,0,393
2024-12-16 14:24:00,2663.1,2663.48,2662.8,2662.89,512,5,0,512
2024-12-16 14:27:00,2662.89,2662.89,2661.56,2661.84,580,5,0,580
2024-12-16 14:30:00,2661.83,2662.03,2660.59,2660.64,592,5,0,592
2024-12-16 14:33:00,2660.64,2660.74,2658.47,2659.91,1175,5,0,1175
2024-12-16 14:36:00,2659.92,2660.42,2657.44,2658.04,1397,5,0,1397
2024-12-16 14:39:00,2658.04,2659.07,2658.01,2658.89,733,5,0,733
2024-12-16 14:42:00,2658.89,2660.38,2658.59,2660.11,907,5,0,907
2024-12-16 14:45:00,2660.13,2660.84,2659.49,2659.49,493,5,0,493
2024-12-16 14:48:00,2659.49,2660.54,2659.03,2660.19,551,5,0,551
2024-12-16 14:51:00,2660.19,2660.73,2659.62,2660.21,363,5,0,363
2024-12-16 14:54:00,2660.21,2660.36,2659.6,2659.61,272,5,0,272
2024-12-16 14:57:00,2659.61,2660.21,2659.6,2660.07,287,5,0,287
2024-12-16 15:00:00,2660.05,2662.72,2659.08,2662.33,1548,5,0,1548
2024-12-16 15:03:00,2662.33,2663.84,2661.5,2663.17,1659,5,0,1659
2024-12-16 15:06:00,2663.18,2664.16,2662.36,2663.07,1271,5,0,1271
2024-12-16 15:09:00,2663.1,2663.38,2662.38,2662.9,889,5,0,889
2024-12-16 15:12:00,2662.9,2664.1,2662.86,2663.0,764,5,0,764
2024-12-16 15:15:00,2663.0,2664.29,2662.53,2662.62,588,5,0,588
2024-12-16 15:18:00,2662.65,2663.07,2660.83,2660.87,817,5,0,817
2024-12-16 15:21:00,2660.87,2661.65,2660.19,2660.57,1144,5,0,1144
2024-12-16 15:24:00,2660.57,2661.61,2660.44,2661.16,992,5,0,992
2024-12-16 15:27:00,2661.17,2662.21,2661.09,2662.06,783,5,0,783
2024-12-16 15:30:00,2662.06,2663.01,2660.19,2660.8,1105,5,0,1105
2024-12-16 15:33:00,2660.8,2661.02,2659.63,2660.46,588,5,0,588
2024-12-16 15:36:00,2660.44,2660.65,2659.43,2659.86,618,5,0,618
2024-12-16 15:39:00,2659.82,2661.94,2659.51,2661.69,644,5,0,644
2024-12-16 15:42:00,2661.67,2661.86,2659.9,2660.02,848,5,0,848
2024-12-16 15:45:00,2660.04,2661.18,2659.0,2659.31,1189,5,0,1189
2024-12-16 15:48:00,2659.32,2661.42,2658.9,2661.23,1046,5,0,1046
2024-12-16 15:51:00,2661.24,2662.77,2660.45,2662.61,696,5,0,696
2024-12-16 15:54:00,2662.61,2663.63,2661.39,2662.91,751,5,0,751
2024-12-16 15:57:00,2662.9,2663.3,2661.7,2661.95,998,5,0,998
2024-12-16 16:00:00,2661.93,2663.09,2661.11,2661.14,995,5,0,995
2024-12-16 16:03:00,2661.14,2661.77,2659.97,2660.04,837,5,0,837
2024-12-16 16:06:00,2660.04,2660.7,2659.56,2660.25,664,5,0,664
2024-12-16 16:09:00,2660.25,2661.56,2660.14,2660.66,900,5,0,900
2024-12-16 16:12:00,2660.66,2660.7,2658.63,2658.8,1097,5,0,1097
2024-12-16 16:15:00,2658.82,2660.56,2658.6,2659.87,846,5,0,846
2024-12-16 16:18:00,2659.86,2660.04,2657.29,2657.55,933,5,0,933
2024-12-16 16:21:00,2657.52,2657.88,2656.84,2657.44,941,5,0,941
2024-12-16 16:24:00,2657.45,2658.52,2657.09,2657.92,1038,5,0,1038
2024-12-16 16:27:00,2657.92,2658.94,2657.39,2658.24,1126,5,0,1126
2024-12-16 16:30:00,2658.24,2658.51,2657.08,2657.94,1097,5,0,1097
2024-12-16 16:33:00,2657.94,2660.1,2657.55,2659.72,1347,5,0,1347
2024-12-16 16:36:00,2659.72,2660.01,2657.95,2658.12,1136,5,0,1136
2024-12-16 16:39:00,2658.12,2658.33,2656.95,2657.06,1152,5,0,1152
2024-12-16 16:42:00,2657.05,2657.06,2655.33,2656.29,820,5,0,820
2024-12-16 16:45:00,2656.31,2657.07,2654.17,2656.88,906,5,0,906
2024-12-16 16:48:00,2656.89,2658.54,2656.3,2657.2,1153,5,0,1153
2024-12-16 16:51:00,2657.2,2657.2,2655.58,2656.21,859,5,0,859
2024-12-16 16:54:00,2656.2,2657.18,2655.23,2655.64,878,5,0,878
2024-12-16 16:57:00,2655.64,2656.07,2654.69,2654.88,1060,5,0,1060
2024-12-16 17:00:00,2654.92,2655.26,2654.1,2654.88,1230,5,0,1230
2024-12-16 17:03:00,2654.91,2655.92,2654.78,2655.35,1075,5,0,1075
2024-12-16 17:06:00,2655.35,2656.02,2654.66,2654.91,969,5,0,969
2024-12-16 17:09:00,2654.91,2654.91,2653.09,2653.15,884,5,0,884
2024-12-16 17:12:00,2653.15,2654.01,2652.64,2653.09,1249,5,0,1249
2024-12-16 17:15:00,2653.09,2654.56,2652.99,2653.35,824,5,0,824
2024-12-16 17:18:00,2653.35,2653.73,2652.36,2652.55,770,5,0,770
2024-12-16 17:21:00,2652.55,2652.61,2650.9,2651.47,998,5,0,998
2024-12-16 17:24:00,2651.46,2652.41,2651.29,2651.95,1206,5,0,1206
2024-12-16 17:27:00,2651.96,2655.25,2651.88,2655.15,859,5,0,859
2024-12-16 17:30:00,2655.16,2656.52,2654.22,2656.07,1339,5,0,1339
2024-12-16 17:33:00,2656.09,2656.78,2655.39,2655.48,953,5,0,953
2024-12-16 17:36:00,2655.48,2655.88,2654.68,2655.15,874,5,0,874
2024-12-16 17:39:00,2655.13,2655.95,2655.13,2655.31,832,5,0,832
2024-12-16 17:42:00,2655.31,2656.99,2655.3,2655.6,868,5,0,868
2024-12-16 17:45:00,2655.6,2656.07,2655.38,2655.75,774,5,0,774
2024-12-16 17:48:00,2655.75,2655.85,2654.28,2654.46,581,5,0,581
2024-12-16 17:51:00,2654.45,2655.42,2653.42,2655.13,824,5,0,824
2024-12-16 17:54:00,2655.1,2656.14,2655.02,2655.77,740,5,0,740
2024-12-16 17:57:00,2655.78,2655.78,2654.24,2654.43,879,5,0,879
2024-12-16 18:00:00,2654.42,2655.11,2653.8,2654.95,852,5,0,852
2024-12-16 18:03:00,2654.97,2655.05,2653.97,2654.17,832,5,0,832
2024-12-16 18:06:00,2654.17,2654.96,2653.64,2653.74,840,5,0,840
2024-12-16 18:09:00,2653.73,2654.75,2653.73,2654.57,710,5,0,710
2024-12-16 18:12:00,2654.56,2655.8,2654.52,2655.05,729,5,0,729
2024-12-16 18:15:00,2655.04,2655.56,2654.4,2654.53,709,5,0,709
2024-12-16 18:18:00,2654.53,2654.91,2654.04,2654.04,649,5,0,649
2024-12-16 18:21:00,2654.04,2654.2,2652.71,2652.82,938,5,0,938
2024-12-16 18:24:00,2652.82,2652.82,2650.76,2650.76,1020,5,0,1020
2024-12-16 18:27:00,2650.72,2651.41,2649.59,2650.06,780,5,0,780
2024-12-16 18:30:00,2650.07,2651.54,2650.04,2651.47,844,5,0,844
2024-12-16 18:33:00,2651.48,2651.71,2650.41,2650.44,747,5,0,747
2024-12-16 18:36:00,2650.44,2650.61,2648.63,2650.43,893,5,0,893
2024-12-16 18:39:00,2650.43,2651.87,2650.39,2651.4,667,5,0,667
2024-12-16 18:42:00,2651.4,2652.08,2650.97,2651.66,494,5,0,494
2024-12-16 18:45:00,2651.66,2652.41,2651.49,2652.16,598,5,0,598
2024-12-16 18:48:00,2652.16,2652.48,2651.86,2652.08,557,5,0,557
2024-12-16 18:51:00,2652.09,2653.05,2651.95,2652.72,542,5,0,542
2024-12-16 18:54:00,2652.69,2653.23,2652.28,2652.29,450,5,0,450
2024-12-16 18:57:00,2652.29,2652.55,2651.83,2652.22,615,5,0,615
2024-12-16 19:00:00,2652.23,2652.88,2651.93,2651.99,519,5,0,519
2024-12-16 19:03:00,2651.99,2653.1,2651.9,2653.02,478,5,0,478
2024-12-16 19:06:00,2653.03,2653.25,2652.39,2652.49,405,5,0,405
2024-12-16 19:09:00,2652.52,2652.72,2651.96,2652.02,379,5,0,379
2024-12-16 19:12:00,2652.02,2652.78,2651.97,2652.63,420,5,0,420
2024-12-16 19:15:00,2652.62,2654.26,2652.42,2654.12,535,5,0,535
2024-12-16 19:18:00,2654.13,2654.71,2654.03,2654.61,415,5,0,415
2024-12-16 19:21:00,2654.61,2655.27,2654.52,2654.85,427,5,0,427
2024-12-16 19:24:00,2654.85,2655.38,2654.43,2654.53,386,5,0,386
2024-12-16 19:27:00,2654.55,2654.98,2654.12,2654.31,559,5,0,559
2024-12-16 19:30:00,2654.31,2654.7,2653.83,2653.83,708,5,0,708
2024-12-16 19:33:00,2653.84,2653.86,2653.02,2653.45,483,5,0,483
2024-12-16 19:36:00,2653.41,2653.41,2652.88,2653.07,577,5,0,577
2024-12-16 19:39:00,2653.04,2653.68,2652.6,2652.76,533,5,0,533
2024-12-16 19:42:00,2652.76,2653.96,2652.73,2653.39,570,5,0,570
2024-12-16 19:45:00,2653.39,2654.46,2653.34,2654.46,568,5,0,568
2024-12-16 19:48:00,2654.44,2654.57,2654.0,2654.15,455,5,0,455
2024-12-16 19:51:00,2654.17,2654.29,2653.45,2653.45,474,5,0,474
2024-12-16 19:54:00,2653.45,2653.5,2651.93,2652.01,673,5,0,673
2024-12-16 19:57:00,2652.01,2652.63,2651.94,2652.13,415,5,0,415
2024-12-16 20:00:00,2652.13,2652.43,2651.87,2652.09,440,5,0,440
2024-12-16 20:03:00,2652.09,2652.52,2651.42,2651.93,456,5,0,456
2024-12-16 20:06:00,2651.96,2652.06,2651.41,2651.7,289,5,0,289
2024-12-16 20:09:00,2651.71,2652.9,2651.6,2652.72,370,5,0,370
2024-12-16 20:12:00,2652.72,2653.27,2652.71,2653.18,286,5,0,286
2024-12-16 20:15:00,2653.12,2653.66,2652.88,2653.22,268,5,0,268
2024-12-16 20:18:00,2653.22,2653.41,2652.42,2652.59,389,5,0,389
2024-12-16 20:21:00,2652.59,2652.59,2651.37,2652.27,450,5,0,450
2024-12-16 20:24:00,2652.3,2653.82,2652.17,2653.1,723,5,0,723
2024-12-16 20:27:00,2653.1,2653.34,2652.49,2653.23,505,5,0,505
2024-12-16 20:30:00,2653.23,2654.07,2653.21,2653.66,515,5,0,515
2024-12-16 20:33:00,2653.64,2654.79,2653.54,2654.79,330,5,0,330
2024-12-16 20:36:00,2654.79,2655.21,2654.19,2654.27,346,5,0,346
2024-12-16 20:39:00,2654.27,2654.97,2654.17,2654.42,277,5,0,277
2024-12-16 20:42:00,2654.45,2654.88,2654.22,2654.42,331,5,0,331
2024-12-16 20:45:00,2654.42,2655.19,2654.4,2655.15,399,5,0,399
2024-12-16 20:48:00,2655.17,2655.18,2654.15,2654.84,393,5,0,393
2024-12-16 20:51:00,2654.85,2655.25,2654.71,2655.03,403,5,0,403
2024-12-16 20:54:00,2655.03,2655.65,2654.93,2655.24,453,5,0,453
2024-12-16 20:57:00,2655.25,2655.65,2655.1,2655.41,515,5,0,515
2024-12-16 21:00:00,2655.41,2655.82,2654.94,2655.05,603,5,0,603
2024-12-16 21:03:00,2655.05,2655.26,2654.68,2655.03,461,5,0,461
2024-12-16 21:06:00,2655.04,2655.15,2654.7,2655.03,266,5,0,266
2024-12-16 21:09:00,2655.04,2655.42,2654.8,2655.23,286,5,0,286
2024-12-16 21:12:00,2655.23,2655.45,2654.87,2655.44,276,5,0,276
2024-12-16 21:15:00,2655.44,2655.75,2655.01,2655.13,279,5,0,279
2024-12-16 21:18:00,2655.13,2655.25,2654.62,2654.89,304,5,0,304
2024-12-16 21:21:00,2654.88,2655.17,2654.14,2654.18,312,5,0,312
2024-12-16 21:24:00,2654.18,2654.3,2652.98,2653.19,559,5,0,559
2024-12-16 21:27:00,2653.18,2653.67,2652.62,2653.49,426,5,0,426
2024-12-16 21:30:00,2653.49,2653.55,2652.5,2652.7,334,5,0,334
2024-12-16 21:33:00,2652.7,2652.81,2652.14,2652.32,415,5,0,415
2024-12-16 21:36:00,2652.32,2653.46,2652.25,2653.39,347,5,0,347
2024-12-16 21:39:00,2653.36,2653.94,2653.35,2653.93,250,5,0,250
2024-12-16 21:42:00,2653.93,2654.39,2653.88,2654.35,221,5,0,221
2024-12-16 21:45:00,2654.33,2654.38,2653.96,2654.37,295,5,0,295
2024-12-16 21:48:00,2654.38,2654.91,2654.38,2654.77,342,5,0,342
2024-12-16 21:51:00,2654.77,2654.86,2654.35,2654.68,315,5,0,315
2024-12-16 21:54:00,2654.68,2654.69,2653.81,2653.81,390,5,0,390
2024-12-16 21:57:00,2653.81,2654.17,2653.31,2653.31,400,5,0,400
2024-12-16 22:00:00,2653.32,2653.32,2652.57,2653.26,401,5,0,401
2024-12-16 22:03:00,2653.24,2653.28,2652.8,2653.04,362,5,0,362
2024-12-16 22:06:00,2652.98,2653.33,2652.53,2652.56,389,5,0,389
2024-12-16 22:09:00,2652.55,2652.92,2652.37,2652.66,478,5,0,478
2024-12-16 22:12:00,2652.66,2652.84,2652.31,2652.51,588,5,0,588
2024-12-16 22:15:00,2652.51,2653.09,2652.21,2652.22,427,5,0,427
2024-12-16 22:18:00,2652.22,2652.55,2652.05,2652.09,362,5,0,362
2024-12-16 22:21:00,2652.09,2653.03,2652.09,2652.74,453,5,0,453
2024-12-16 22:24:00,2652.74,2652.79,2651.99,2652.09,420,5,0,420
2024-12-16 22:27:00,2652.1,2652.9,2652.02,2652.81,400,5,0,400
2024-12-16 22:30:00,2652.82,2653.04,2652.48,2653.02,439,5,0,439
2024-12-16 22:33:00,2653.01,2653.29,2652.64,2652.76,385,5,0,385
2024-12-16 22:36:00,2652.76,2652.99,2652.57,2652.8,402,5,0,402
2024-12-16 22:39:00,2652.8,2653.12,2652.54,2652.75,603,5,0,603
2024-12-16 22:42:00,2652.75,2652.92,2652.34,2652.49,506,5,0,506
2024-12-16 22:45:00,2652.5,2653.32,2652.49,2653.2,350,5,0,350
2024-12-16 22:48:00,2653.21,2653.31,2652.92,2653.05,358,5,0,358
2024-12-16 22:51:00,2653.05,2653.47,2653.01,2653.38,410,5,0,410
2024-12-16 22:54:00,2653.39,2653.65,2652.93,2653.21,393,5,0,393
2024-12-16 22:57:00,2653.21,2653.5,2652.76,2652.76,458,5,0,458
2024-12-16 23:00:00,2652.78,2653.16,2652.25,2652.26,217,5,0,217
2024-12-16 23:03:00,2652.26,2652.28,2651.92,2652.0,170,5,0,170
2024-12-16 23:06:00,2651.98,2652.32,2651.84,2652.05,211,5,0,211
2024-12-16 23:09:00,2652.05,2652.17,2651.72,2652.06,254,5,0,254
2024-12-16 23:12:00,2652.05,2652.25,2651.7,2651.85,245,5,0,245
2024-12-16 23:15:00,2651.85,2652.89,2651.82,2652.8,284,5,0,284
2024-12-16 23:18:00,2652.79,2652.79,2652.32,2652.62,106,5,0,106
2024-12-16 23:21:00,2652.63,2652.63,2651.56,2651.71,267,5,0,267
2024-12-16 23:24:00,2651.71,2651.81,2651.58,2651.78,159,5,0,159
2024-12-16 23:27:00,2651.77,2652.3,2651.66,2652.27,249,5,0,249
2024-12-16 23:30:00,2652.26,2652.59,2652.19,2652.59,112,5,0,112
2024-12-16 23:33:00,2652.6,2653.09,2652.55,2653.05,142,5,0,142
2024-12-16 23:36:00,2653.04,2653.08,2652.38,2652.53,142,5,0,142
2024-12-16 23:39:00,2652.53,2652.87,2652.44,2652.81,89,5,0,89
2024-12-16 23:42:00,2652.81,2652.84,2652.62,2652.74,123,5,0,123
2024-12-16 23:45:00,2652.75,2652.79,2652.2,2652.71,146,5,0,146
2024-12-16 23:48:00,2652.71,2652.73,2652.48,2652.72,93,5,0,93
2024-12-16 23:51:00,2652.72,2652.81,2652.58,2652.68,94,5,0,94
2024-12-16 23:54:00,2652.63,2652.87,2652.44,2652.82,125,5,0,125
2024-12-16 23:57:00,2652.86,2652.99,2652.68,2652.69,94,5,0,94
2024-12-17 01:00:00,2652.64,2652.84,2652.41,2652.62,62,5,0,62
2024-12-17 01:03:00,2652.62,2652.66,2652.16,2652.64,108,5,0,108
2024-12-17 01:06:00,2652.6,2652.63,2651.96,2652.05,211,5,0,211
2024-12-17 01:09:00,2652.05,2652.13,2651.82,2651.94,100,5,0,100
2024-12-17 01:12:00,2652.0,2652.26,2651.93,2652.01,101,5,0,101
2024-12-17 01:15:00,2652.01,2652.22,2651.92,2652.2,86,5,0,86
2024-12-17 01:18:00,2652.23,2652.8,2652.23,2652.75,168,5,0,168
2024-12-17 01:21:00,2652.76,2652.76,2652.5,2652.75,82,5,0,82
2024-12-17 01:24:00,2652.75,2652.96,2652.64,2652.81,128,5,0,128
2024-12-17 01:27:00,2652.81,2652.98,2652.67,2652.94,69,5,0,69
2024-12-17 01:30:00,2652.94,2652.96,2651.85,2651.85,122,5,0,122
2024-12-17 01:33:00,2651.85,2652.05,2651.73,2651.93,126,5,0,126
2024-12-17 01:36:00,2651.94,2652.39,2651.94,2652.26,93,5,0,93
2024-12-17 01:39:00,2652.25,2652.33,2652.12,2652.25,95,5,0,95
2024-12-17 01:42:00,2652.27,2652.32,2652.18,2652.2,66,5,0,66
2024-12-17 01:45:00,2652.2,2652.53,2652.0,2652.0,87,5,0,87
2024-12-17 01:48:00,2652.0,2652.15,2651.95,2652.08,39,5,0,39
2024-12-17 01:51:00,2652.08,2652.14,2651.97,2652.08,66,5,0,66
2024-12-17 01:54:00,2652.08,2652.15,2651.91,2651.91,48,5,0,48
2024-12-17 01:57:00,2651.91,2652.04,2651.72,2651.78,119,5,0,119
2024-12-17 02:00:00,2651.78,2653.32,2651.71,2652.29,326,5,0,326
2024-12-17 02:03:00,2652.29,2652.92,2652.27,2652.71,268,5,0,268
2024-12-17 02:06:00,2652.71,2652.97,2652.33,2652.5,341,5,0,341
2024-12-17 02:09:00,2652.49,2652.56,2652.05,2652.2,143,5,0,143
2024-12-17 02:12:00,2652.2,2652.2,2651.36,2651.47,169,5,0,169
2024-12-17 02:15:00,2651.47,2651.79,2651.24,2651.77,236,5,0,236
2024-12-17 02:18:00,2651.77,2652.02,2651.59,2651.82,185,5,0,185
2024-12-17 02:21:00,2651.83,2652.35,2651.83,2652.35,110,5,0,110
2024-12-17 02:24:00,2652.35,2652.68,2652.35,2652.49,88,5,0,88
2024-12-17 02:27:00,2652.49,2652.5,2652.09,2652.22,135,5,0,135
2024-12-17 02:30:00,2652.22,2652.97,2651.98,2652.06,214,5,0,214
2024-12-17 02:33:00,2652.02,2652.35,2651.76,2652.24,129,5,0,129
2024-12-17 02:36:00,2652.24,2652.3,2651.31,2651.32,100,5,0,100
2024-12-17 02:39:00,2651.32,2651.61,2651.22,2651.46,124,5,0,124
2024-12-17 02:42:00,2651.46,2651.95,2651.42,2651.88,109,5,0,109
2024-12-17 02:45:00,2651.88,2652.19,2651.55,2651.99,123,5,0,123
2024-12-17 02:48:00,2651.99,2653.0,2651.78,2652.92,237,5,0,237
2024-12-17 02:51:00,2652.9,2653.47,2652.77,2653.46,325,5,0,325
2024-12-17 02:54:00,2653.49,2655.36,2653.48,2655.13,698,5,0,698
2024-12-17 02:57:00,2655.14,2655.49,2654.66,2655.31,469,5,0,469
2024-12-17 03:00:00,2655.31,2656.28,2654.63,2655.11,1116,5,0,1116
2024-12-17 03:03:00,2655.11,2655.6,2654.38,2655.02,685,5,0,685
2024-12-17 03:06:00,2655.02,2655.58,2654.65,2655.3,568,5,0,568
2024-12-17 03:09:00,2655.31,2656.11,2654.9,2655.13,512,5,0,512
2024-12-17 03:12:00,2655.12,2657.38,2655.12,2657.32,837,5,0,837
2024-12-17 03:15:00,2657.33,2657.41,2655.64,2655.87,665,5,0,665
2024-12-17 03:18:00,2655.88,2656.77,2655.57,2656.61,512,5,0,512
2024-12-17 03:21:00,2656.61,2657.33,2656.11,2656.78,562,5,0,562
2024-12-17 03:24:00,2656.78,2657.35,2656.51,2656.76,442,5,0,442
2024-12-17 03:27:00,2656.76,2656.86,2655.83,2656.15,459,5,0,459
2024-12-17 03:30:00,2656.14,2656.87,2655.06,2655.62,664,5,0,664
2024-12-17 03:33:00,2655.63,2656.66,2655.34,2656.64,803,5,0,803
2024-12-17 03:36:00,2656.62,2657.19,2655.48,2656.2,753,5,0,753
2024-12-17 03:39:00,2656.14,2657.21,2655.87,2656.65,674,5,0,674
2024-12-17 03:42:00,2656.65,2656.93,2655.88,2656.57,503,5,0,503
2024-12-17 03:45:00,2656.57,2657.09,2656.42,2656.77,462,5,0,462
2024-12-17 03:48:00,2656.76,2657.83,2656.5,2657.1,495,5,0,495
2024-12-17 03:51:00,2657.1,2657.95,2657.07,2657.95,467,5,0,467
2024-12-17 03:54:00,2657.96,2658.69,2657.81,2657.92,486,5,0,486
2024-12-17 03:57:00,2657.87,2658.38,2657.42,2658.11,506,5,0,506
2024-12-17 04:00:00,2658.11,2658.11,2657.06,2657.67,580,5,0,580
2024-12-17 04:03:00,2657.67,2658.27,2657.24,2658.19,581,5,0,581
2024-12-17 04:06:00,2658.19,2658.57,2657.21,2657.97,578,5,0,578
2024-12-17 04:09:00,2657.96,2658.43,2657.1,2657.96,605,5,0,605
2024-12-17 04:12:00,2657.96,2658.55,2657.93,2658.34,454,5,0,454
2024-12-17 04:15:00,2658.34,2658.51,2658.07,2658.2,225,5,0,225
2024-12-17 04:18:00,2658.2,2658.62,2657.72,2657.8,245,5,0,245
2024-12-17 04:21:00,2658.02,2658.45,2657.96,2658.13,258,5,0,258
2024-12-17 04:24:00,2658.12,2658.12,2656.88,2657.11,351,5,0,351
2024-12-17 04:27:00,2657.12,2657.93,2657.0,2657.72,361,5,0,361
2024-12-17 04:30:00,2657.72,2657.73,2655.84,2656.56,603,5,0,603
2024-12-17 04:33:00,2656.55,2656.95,2656.02,2656.89,514,5,0,514
2024-12-17 04:36:00,2656.87,2657.12,2655.92,2656.5,549,5,0,549
2024-12-17 04:39:00,2656.5,2656.82,2656.09,2656.09,380,5,0,380
2024-12-17 04:42:00,2656.11,2656.35,2655.47,2656.03,494,5,0,494
2024-12-17 04:45:00,2656.03,2656.14,2655.44,2655.75,721,5,0,721
2024-12-17 04:48:00,2655.73,2656.01,2654.58,2655.16,734,5,0,734
2024-12-17 04:51:00,2655.17,2655.4,2653.97,2654.35,687,5,0,687
2024-12-17 04:54:00,2654.35,2655.29,2654.08,2654.61,738,5,0,738
2024-12-17 04:57:00,2654.61,2655.35,2654.33,2655.0,590,5,0,590
2024-12-17 05:00:00,2655.01,2655.46,2654.7,2655.14,634,5,0,634
2024-12-17 05:03:00,2655.14,2655.46,2654.37,2654.56,665,5,0,665
2024-12-17 05:06:00,2654.56,2654.69,2653.38,2653.58,930,5,0,930
2024-12-17 05:09:00,2653.59,2654.43,2653.01,2653.25,1078,5,0,1078
2024-12-17 05:12:00,2653.25,2653.42,2651.35,2652.62,1150,5,0,1150
2024-12-17 05:15:00,2652.64,2654.2,2652.63,2654.12,437,5,0,437
2024-12-17 05:18:00,2654.11,2654.16,2653.28,2653.8,434,5,0,434
2024-12-17 05:21:00,2653.8,2654.59,2653.59,2654.5,416,5,0,416
2024-12-17 05:24:00,2654.5,2654.59,2653.81,2654.55,390,5,0,390
2024-12-17 05:27:00,2654.55,2655.31,2654.54,2655.04,530,5,0,530
2024-12-17 05:30:00,2655.04,2656.2,2655.01,2655.66,396,5,0,396
2024-12-17 05:33:00,2655.66,2656.0,2655.24,2655.47,312,5,0,312
2024-12-17 05:36:00,2655.47,2655.72,2655.32,2655.32,142,5,0,142
2024-12-17 05:39:00,2655.32,2655.33,2654.82,2654.88,249,5,0,249
2024-12-17 05:42:00,2654.88,2655.0,2654.09,2654.35,391,5,0,391
2024-12-17 05:45:00,2654.35,2654.4,2653.65,2653.74,732,5,0,732
2024-12-17 05:48:00,2653.74,2653.79,2653.15,2653.42,611,5,0,611
2024-12-17 05:51:00,2653.42,2653.74,2653.06,2653.5,368,5,0,368
2024-12-17 05:54:00,2653.51,2653.74,2653.23,2653.51,412,5,0,412
2024-12-17 05:57:00,2653.51,2653.76,2653.37,2653.59,399,5,0,399
2024-12-17 06:00:00,2653.6,2653.66,2652.88,2653.08,384,5,0,384
2024-12-17 06:03:00,2653.06,2653.19,2652.32,2652.63,517,5,0,517
2024-12-17 06:06:00,2652.63,2654.14,2652.5,2654.07,366,5,0,366
2024-12-17 06:09:00,2654.09,2654.38,2653.96,2654.37,333,5,0,333
2024-12-17 06:12:00,2654.37,2654.52,2654.05,2654.33,223,5,0,223
2024-12-17 06:15:00,2654.33,2654.97,2654.3,2654.97,250,5,0,250
2024-12-17 06:18:00,2654.94,2655.03,2654.62,2654.8,256,5,0,256
2024-12-17 06:21:00,2654.79,2655.35,2654.36,2654.56,227,5,0,227
2024-12-17 06:24:00,2654.55,2654.87,2654.45,2654.52,311,5,0,311
2024-12-17 06:27:00,2654.51,2654.74,2654.43,2654.5,262,5,0,262
2024-12-17 06:30:00,2654.51,2654.53,2653.7,2653.85,311,5,0,311
2024-12-17 06:33:00,2653.86,2654.13,2653.48,2653.52,302,5,0,302
2024-12-17 06:36:00,2653.54,2653.58,2652.61,2653.05,304,5,0,304
2024-12-17 06:39:00,2653.05,2653.39,2652.94,2652.94,250,5,0,250
2024-12-17 06:42:00,2652.93,2652.93,2652.27,2652.53,359,5,0,359
2024-12-17 06:45:00,2652.5,2652.92,2652.2,2652.2,347,5,0,347
2024-12-17 06:48:00,2652.22,2652.29,2651.37,2651.74,728,5,0,728
2024-12-17 06:51:00,2651.74,2652.13,2650.94,2651.76,595,5,0,595
2024-12-17 06:54:00,2651.77,2652.39,2651.57,2652.15,316,5,0,316
2024-12-17 06:57:00,2652.16,2652.17,2651.65,2651.79,283,5,0,283
2024-12-17 07:00:00,2651.78,2651.79,2649.92,2650.34,467,5,0,467
2024-12-17 07:03:00,2650.34,2650.41,2649.2,2650.29,589,5,0,589
2024-12-17 07:06:00,2650.3,2650.83,2649.91,2650.12,337,5,0,337
2024-12-17 07:09:00,2650.12,2651.58,2650.03,2651.57,436,5,0,436
2024-12-17 07:12:00,2651.57,2651.72,2650.48,2651.17,271,5,0,271
2024-12-17 07:15:00,2651.16,2652.08,2651.16,2651.99,277,5,0,277
2024-12-17 07:18:00,2651.98,2652.08,2651.1,2651.12,200,5,0,200
2024-12-17 07:21:00,2651.11,2651.4,2650.79,2651.01,255,5,0,255
2024-12-17 07:24:00,2651.03,2651.67,2650.75,2651.66,323,5,0,323
2024-12-17 07:27:00,2651.66,2653.03,2651.49,2653.0,623,5,0,623
2024-12-17 07:30:00,2652.99,2654.66,2652.73,2654.16,1055,5,0,1055
2024-12-17 07:33:00,2654.17,2654.35,2652.27,2653.28,794,5,0,794
2024-12-17 07:36:00,2653.28,2653.37,2651.67,2652.49,1086,5,0,1086
2024-12-17 07:39:00,2652.49,2653.46,2652.0,2653.4,987,5,0,987
2024-12-17 07:42:00,2653.42,2654.86,2653.05,2654.27,1202,5,0,1202
2024-12-17 07:45:00,2654.27,2654.72,2653.28,2653.66,888,5,0,888
2024-12-17 07:48:00,2653.66,2654.05,2653.12,2653.87,662,5,0,662
2024-12-17 07:51:00,2653.89,2654.21,2652.77,2652.81,554,5,0,554
2024-12-17 07:54:00,2652.79,2654.17,2652.71,2653.02,641,5,0,641
2024-12-17 07:57:00,2653.02,2653.87,2652.77,2653.79,625,5,0,625
2024-12-17 08:00:00,2653.8,2654.04,2653.28,2653.87,501,5,0,501
2024-12-17 08:03:00,2653.87,2654.73,2653.87,2654.09,809,5,0,809
2024-12-17 08:06:00,2654.09,2654.37,2653.59,2653.61,486,5,0,486
2024-12-17 08:09:00,2653.61,2653.62,2651.96,2652.05,621,5,0,621
2024-12-17 08:12:00,2652.03,2652.4,2651.27,2651.27,1077,5,0,1077
2024-12-17 08:15:00,2651.28,2651.92,2650.98,2651.52,508,5,0,508
2024-12-17 08:18:00,2651.52,2651.98,2650.33,2650.67,776,5,0,776
2024-12-17 08:21:00,2650.69,2651.01,2647.65,2647.73,966,5,0,966
2024-12-17 08:24:00,2647.74,2649.55,2646.81,2647.45,1404,5,0,1404
2024-12-17 08:27:00,2647.44,2648.85,2647.19,2648.0,928,5,0,928
2024-12-17 08:30:00,2648.0,2649.11,2647.61,2648.39,906,5,0,906
2024-12-17 08:33:00,2648.37,2649.56,2648.17,2649.48,664,5,0,664
2024-12-17 08:36:00,2649.48,2649.62,2648.73,2649.48,568,5,0,568
2024-12-17 08:39:00,2649.43,2650.22,2649.31,2650.09,568,5,0,568
2024-12-17 08:42:00,2650.06,2650.39,2646.97,2647.22,831,5,0,831
2024-12-17 08:45:00,2647.22,2648.12,2646.82,2647.1,1405,5,0,1405
2024-12-17 08:48:00,2647.09,2648.43,2646.54,2648.24,866,5,0,866
2024-12-17 08:51:00,2648.25,2648.71,2647.59,2647.73,562,5,0,562
2024-12-17 08:54:00,2647.73,2648.63,2647.35,2648.35,572,5,0,572
2024-12-17 08:57:00,2648.35,2648.98,2648.25,2648.94,451,5,0,451
2024-12-17 09:00:00,2648.94,2649.55,2648.29,2649.47,482,5,0,482
2024-12-17 09:03:00,2649.44,2650.05,2649.12,2649.88,462,5,0,462
2024-12-17 09:06:00,2649.88,2650.51,2649.67,2650.26,554,5,0,554
2024-12-17 09:09:00,2650.26,2652.05,2650.03,2651.7,562,5,0,562
2024-12-17 09:12:00,2651.72,2652.68,2651.38,2652.35,525,5,0,525
2024-12-17 09:15:00,2652.35,2652.72,2652.05,2652.72,414,5,0,414
2024-12-17 09:18:00,2652.73,2654.05,2652.72,2653.84,496,5,0,496
2024-12-17 09:21:00,2653.84,2654.85,2653.75,2654.58,512,5,0,512
2024-12-17 09:24:00,2654.58,2654.85,2654.34,2654.66,501,5,0,501
2024-12-17 09:27:00,2654.66,2656.02,2654.6,2655.81,506,5,0,506
2024-12-17 09:30:00,2655.8,2655.92,2654.91,2655.7,584,5,0,584
2024-12-17 09:33:00,2655.69,2655.92,2655.11,2655.54,609,5,0,609
2024-12-17 09:36:00,2655.54,2655.97,2655.01,2655.92,885,5,0,885
2024-12-17 09:39:00,2655.88,2657.13,2655.83,2656.59,1279,5,0,1279
2024-12-17 09:42:00,2656.6,2656.75,2654.6,2654.65,1142,5,0,1142
2024-12-17 09:45:00,2654.65,2655.66,2654.55,2655.6,582,5,0,582
2024-12-17 09:48:00,2655.6,2655.86,2654.49,2654.58,360,5,0,360
2024-12-17 09:51:00,2654.59,2654.93,2653.92,2654.0,390,5,0,390
2024-12-17 09:54:00,2654.02,2654.35,2653.66,2654.29,396,5,0,396
2024-12-17 09:57:00,2654.29,2654.43,2653.32,2653.81,379,5,0,379
2024-12-17 10:00:00,2653.81,2653.83,2652.19,2653.55,702,5,0,702
2024-12-17 10:03:00,2653.55,2653.72,2652.33,2652.43,610,5,0,610
2024-12-17 10:06:00,2652.42,2653.14,2651.77,2652.05,735,5,0,735
2024-12-17 10:09:00,2652.04,2652.49,2651.85,2652.1,543,5,0,543
2024-12-17 10:12:00,2652.1,2652.1,2650.34,2650.51,754,5,0,754
2024-12-17 10:15:00,2650.51,2651.22,2649.71,2649.72,675,5,0,675
2024-12-17 10:18:00,2649.73,2652.04,2649.73,2651.81,943,5,0,943
2024-12-17 10:21:00,2651.78,2651.99,2649.71,2650.06,666,5,0,666
2024-12-17 10:24:00,2650.0,2650.05,2648.46,2648.67,779,5,0,779
2024-12-17 10:27:00,2648.65,2649.19,2646.88,2647.9,1325,5,0,1325
2024-12-17 10:30:00,2647.9,2648.93,2646.78,2648.86,1091,5,0,1091
2024-12-17 10:33:00,2648.87,2649.21,2647.34,2647.63,494,5,0,494
2024-12-17 10:36:00,2647.63,2647.65,2645.77,2647.31,571,5,0,571
2024-12-17 10:39:00,2647.31,2647.95,2646.84,2647.46,480,5,0,480
2024-12-17 10:42:00,2647.47,2648.64,2647.36,2648.46,560,5,0,560
2024-12-17 10:45:00,2648.48,2649.25,2647.5,2649.12,663,5,0,663
2024-12-17 10:48:00,2649.13,2649.34,2648.13,2648.71,627,5,0,627
2024-12-17 10:51:00,2648.71,2649.04,2647.13,2647.58,617,5,0,617
2024-12-17 10:54:00,2647.59,2648.48,2645.76,2645.77,808,5,0,808
2024-12-17 10:57:00,2645.77,2645.77,2641.61,2644.19,1788,5,0,1788
2024-12-17 11:00:00,2644.19,2646.09,2643.48,2645.78,1399,5,0,1399
2024-12-17 11:03:00,2645.77,2646.02,2642.38,2643.33,993,5,0,993
2024-12-17 11:06:00,2643.34,2643.93,2641.34,2642.16,1176,5,0,1176
2024-12-17 11:09:00,2642.18,2645.11,2642.18,2643.85,1128,5,0,1128
2024-12-17 11:12:00,2643.86,2644.83,2643.51,2643.88,1170,5,0,1170
2024-12-17 11:15:00,2643.88,2644.98,2643.7,2644.92,918,5,0,918
2024-12-17 11:18:00,2644.91,2645.28,2642.73,2642.84,789,5,0,789
2024-12-17 11:21:00,2642.84,2642.86,2641.13,2641.74,961,5,0,961
2024-12-17 11:24:00,2641.71,2642.52,2641.32,2641.42,719,5,0,719
2024-12-17 11:27:00,2641.43,2642.29,2641.35,2642.03,571,5,0,571
2024-12-17 11:30:00,2642.02,2643.08,2641.26,2641.51,668,5,0,668
2024-12-17 11:33:00,2641.52,2642.39,2641.38,2641.72,553,5,0,553
2024-12-17 11:36:00,2641.74,2642.02,2639.16,2640.36,738,5,0,738
2024-12-17 11:39:00,2640.37,2640.37,2638.2,2639.17,1159,5,0,1159
2024-12-17 11:42:00,2639.17,2639.89,2638.66,2639.27,842,5,0,842
2024-12-17 11:45:00,2639.27,2640.55,2638.14,2640.13,795,5,0,795
2024-12-17 11:48:00,2640.13,2640.5,2638.88,2639.29,682,5,0,682
2024-12-17 11:51:00,2639.27,2640.14,2638.24,2640.07,1190,5,0,1190
2024-12-17 11:54:00,2640.06,2641.12,2640.03,2640.55,875,5,0,875
2024-12-17 11:57:00,2640.56,2640.57,2639.31,2639.74,362,5,0,362
2024-12-17 12:00:00,2639.74,2641.01,2639.2,2639.28,635,5,0,635
2024-12-17 12:03:00,2639.28,2640.94,2638.7,2640.77,736,5,0,736
2024-12-17 12:06:00,2640.77,2641.13,2639.63,2640.31,490,5,0,490
2024-12-17 12:09:00,2640.31,2640.76,2639.92,2640.03,674,5,0,674
2024-12-17 12:12:00,2640.03,2640.38,2639.76,2640.17,552,5,0,552
2024-12-17 12:15:00,2640.17,2640.94,2639.92,2640.75,408,5,0,408
2024-12-17 12:18:00,2640.75,2642.99,2640.75,2642.78,973,5,0,973
2024-12-17 12:21:00,2642.79,2642.82,2641.8,2641.84,763,5,0,763
2024-12-17 12:24:00,2641.83,2642.04,2640.97,2641.42,675,5,0,675
2024-12-17 12:27:00,2641.42,2642.24,2641.3,2642.24,519,5,0,519
2024-12-17 12:30:00,2642.24,2642.67,2641.55,2641.83,534,5,0,534
2024-12-17 12:33:00,2641.83,2643.29,2641.51,2641.9,916,5,0,916
2024-12-17 12:36:00,2641.95,2642.42,2641.12,2641.56,633,5,0,633
2024-12-17 12:39:00,2641.56,2642.15,2641.02,2641.03,408,5,0,408
2024-12-17 12:42:00,2641.03,2641.2,2639.92,2640.43,387,5,0,387
2024-12-17 12:45:00,2640.43,2640.57,2638.78,2639.04,622,5,0,622
2024-12-17 12:48:00,2639.04,2639.15,2638.19,2638.88,622,5,0,622
2024-12-17 12:51:00,2638.88,2639.6,2638.77,2639.07,540,5,0,540
2024-12-17 12:54:00,2639.07,2639.42,2638.77,2638.99,365,5,0,365
2024-12-17 12:57:00,2638.98,2639.15,2638.25,2638.25,429,5,0,429
2024-12-17 13:00:00,2638.25,2638.46,2636.2,2637.43,1056,5,0,1056
2024-12-17 13:03:00,2637.44,2638.27,2636.92,2637.73,829,5,0,829
2024-12-17 13:06:00,2637.73,2638.17,2637.28,2637.31,318,5,0,318
2024-12-17 13:09:00,2637.33,2638.44,2636.99,2638.33,583,5,0,583
2024-12-17 13:12:00,2638.33,2639.26,2638.24,2638.75,511,5,0,511
2024-12-17 13:15:00,2638.76,2639.69,2638.08,2639.23,578,5,0,578
2024-12-17 13:18:00,2639.23,2639.65,2638.79,2639.55,382,5,0,382
2024-12-17 13:21:00,2639.55,2639.95,2639.27,2639.47,334,5,0,334
2024-12-17 13:24:00,2639.47,2639.52,2638.83,2639.31,487,5,0,487
2024-12-17 13:27:00,2639.31,2639.34,2638.91,2639.07,468,5,0,468
2024-12-17 13:30:00,2639.06,2640.76,2639.01,2639.36,1067,5,0,1067
2024-12-17 13:33:00,2639.36,2639.9,2638.96,2639.9,465,5,0,465
2024-12-17 13:36:00,2639.9,2640.22,2639.08,2640.07,472,5,0,472
2024-12-17 13:39:00,2640.07,2640.76,2639.69,2640.44,703,5,0,703
2024-12-17 13:42:00,2640.44,2640.8,2639.75,2639.96,627,5,0,627
2024-12-17 13:45:00,2639.96,2640.16,2639.22,2639.25,500,5,0,500
2024-12-17 13:48:00,2639.27,2640.26,2639.23,2640.13,516,5,0,516
2024-12-17 13:51:00,2640.11,2641.48,2639.69,2641.39,607,5,0,607
2024-12-17 13:54:00,2641.39,2641.57,2640.94,2641.4,406,5,0,406
2024-12-17 13:57:00,2641.4,2642.5,2640.78,2642.24,583,5,0,583
2024-12-17 14:00:00,2642.24,2643.5,2642.22,2643.41,636,5,0,636
2024-12-17 14:03:00,2643.41,2644.17,2641.15,2642.75,988,5,0,988
2024-12-17 14:06:00,2642.76,2643.29,2642.55,2642.82,717,5,0,717
2024-12-17 14:09:00,2642.82,2643.45,2642.23,2642.5,617,5,0,617
2024-12-17 14:12:00,2642.5,2642.76,2641.39,2641.51,522,5,0,522
2024-12-17 14:15:00,2641.52,2642.0,2641.37,2641.73,619,5,0,619
2024-12-17 14:18:00,2641.72,2642.01,2641.2,2641.86,556,5,0,556
2024-12-17 14:21:00,2641.86,2642.01,2640.8,2641.39,549,5,0,549
2024-12-17 14:24:00,2641.37,2642.96,2641.37,2642.95,416,5,0,416
2024-12-17 14:27:00,2642.95,2643.91,2642.6,2643.52,644,5,0,644
2024-12-17 14:30:00,2643.52,2644.05,2642.61,2642.9,911,5,0,911
2024-12-17 14:33:00,2642.89,2644.22,2642.77,2643.79,626,5,0,626
2024-12-17 14:36:00,2643.79,2644.69,2643.77,2644.12,628,5,0,628
2024-12-17 14:39:00,2644.12,2645.35,2643.67,2645.02,963,5,0,963
2024-12-17 14:42:00,2645.02,2645.56,2643.23,2643.36,848,5,0,848
2024-12-17 14:45:00,2643.37,2643.48,2642.45,2642.7,675,5,0,675
2024-12-17 14:48:00,2642.71,2642.99,2641.94,2642.73,626,5,0,626
2024-12-17 14:51:00,2642.73,2643.1,2642.46,2643.07,355,5,0,355
2024-12-17 14:54:00,2643.06,2643.29,2642.34,2642.43,274,5,0,274
2024-12-17 14:57:00,2642.43,2643.08,2642.33,2642.93,434,5,0,434
2024-12-17 15:00:00,2642.9,2644.88,2642.69,2643.7,1314,5,0,1314
2024-12-17 15:03:00,2643.7,2645.5,2643.7,2645.26,908,5,0,908
2024-12-17 15:06:00,2645.27,2646.93,2645.27,2645.91,750,5,0,750
2024-12-17 15:09:00,2645.91,2646.45,2644.73,2645.62,956,5,0,956
2024-12-17 15:12:00,2645.61,2645.97,2643.89,2644.1,907,5,0,907
2024-12-17 15:15:00,2644.09,2645.06,2643.62,2643.9,581,5,0,581
2024-12-17 15:18:00,2643.9,2645.12,2642.68,2642.87,1264,5,0,1264
2024-12-17 15:21:00,2642.85,2643.82,2642.51,2643.4,1240,5,0,1240
2024-12-17 15:24:00,2643.35,2644.4,2642.91,2643.84,971,5,0,971
2024-12-17 15:27:00,2643.84,2643.84,2642.34,2642.46,536,5,0,536
2024-12-17 15:30:00,2642.52,2644.84,2640.74,2640.77,923,5,0,923
2024-12-17 15:33:00,2640.77,2641.54,2639.36,2640.37,1389,5,0,1389
2024-12-17 15:36:00,2640.38,2642.22,2638.73,2641.63,1218,5,0,1218
2024-12-17 15:39:00,2641.63,2644.24,2641.58,2642.04,1314,5,0,1314
2024-12-17 15:42:00,2642.07,2643.16,2641.71,2642.15,913,5,0,913
2024-12-17 15:45:00,2642.21,2642.85,2641.18,2641.22,696,5,0,696
2024-12-17 15:48:00,2641.19,2641.54,2638.12,2638.18,1109,5,0,1109
2024-12-17 15:51:00,2638.18,2638.45,2634.82,2635.64,1855,5,0,1855
2024-12-17 15:54:00,2635.65,2637.75,2634.81,2637.1,1452,5,0,1452
2024-12-17 15:57:00,2637.09,2637.9,2636.44,2637.08,855,5,0,855
2024-12-17 16:00:00,2637.09,2638.94,2635.91,2637.97,1315,5,0,1315
2024-12-17 16:03:00,2637.92,2640.02,2637.89,2639.31,1098,5,0,1098
2024-12-17 16:06:00,2639.31,2639.67,2637.08,2638.06,1151,5,0,1151
2024-12-17 16:09:00,2638.05,2638.22,2635.44,2635.45,1426,5,0,1426
2024-12-17 16:12:00,2635.44,2635.56,2633.13,2634.83,1144,5,0,1144
2024-12-17 16:15:00,2634.83,2636.37,2634.71,2636.05,1043,5,0,1043
2024-12-17 16:18:00,2636.05,2638.24,2635.91,2637.49,1272,5,0,1272
2024-12-17 16:21:00,2637.48,2639.7,2636.62,2639.35,1187,5,0,1187
2024-12-17 16:24:00,2639.35,2640.13,2638.74,2639.32,1055,5,0,1055
2024-12-17 16:27:00,2639.33,2641.18,2639.33,2641.04,1219,5,0,1219
2024-12-17 16:30:00,2641.01,2642.03,2639.82,2640.71,1241,5,0,1241
2024-12-17 16:33:00,2640.72,2641.29,2638.57,2638.95,1166,5,0,1166
2024-12-17 16:36:00,2638.94,2640.86,2638.57,2639.09,922,5,0,922
2024-12-17 16:39:00,2639.2,2640.81,2638.48,2639.6,1073,5,0,1073
2024-12-17 16:42:00,2639.6,2640.08,2638.73,2639.23,842,5,0,842
2024-12-17 16:45:00,2639.24,2639.24,2637.76,2638.97,775,5,0,775
2024-12-17 16:48:00,2638.98,2639.59,2638.24,2638.9,784,5,0,784
2024-12-17 16:51:00,2638.9,2639.12,2635.92,2636.35,931,5,0,931
2024-12-17 16:54:00,2636.35,2636.67,2635.48,2635.75,869,5,0,869
2024-12-17 16:57:00,2635.81,2636.83,2634.99,2636.74,810,5,0,810
2024-12-17 17:00:00,2636.74,2637.58,2636.03,2636.6,765,5,0,765
2024-12-17 17:03:00,2636.6,2637.72,2636.29,2636.73,927,5,0,927
2024-12-17 17:06:00,2636.76,2639.88,2636.72,2639.73,1057,5,0,1057
2024-12-17 17:09:00,2639.73,2641.41,2638.99,2639.32,1178,5,0,1178
2024-12-17 17:12:00,2639.33,2640.05,2638.54,2640.05,870,5,0,870
2024-12-17 17:15:00,2640.08,2642.57,2639.86,2642.47,956,5,0,956
2024-12-17 17:18:00,2642.47,2642.97,2641.66,2641.7,1038,5,0,1038
2024-12-17 17:21:00,2641.69,2641.93,2640.45,2641.88,744,5,0,744
2024-12-17 17:24:00,2641.89,2642.09,2640.51,2641.56,803,5,0,803
2024-12-17 17:27:00,2641.57,2641.9,2640.5,2640.7,789,5,0,789
2024-12-17 17:30:00,2640.71,2642.79,2640.49,2641.77,912,5,0,912
2024-12-17 17:33:00,2641.81,2642.1,2640.81,2640.82,793,5,0,793
2024-12-17 17:36:00,2640.82,2641.35,2638.44,2639.53,936,5,0,936
2024-12-17 17:39:00,2639.55,2640.04,2638.42,2638.93,991,5,0,991
2024-12-17 17:42:00,2638.94,2639.19,2638.22,2638.32,924,5,0,924
2024-12-17 17:45:00,2638.32,2638.6,2637.18,2637.9,929,5,0,929
2024-12-17 17:48:00,2637.9,2639.18,2637.52,2638.61,788,5,0,788
2024-12-17 17:51:00,2638.59,2639.88,2637.98,2639.83,882,5,0,882
2024-12-17 17:54:00,2639.83,2640.51,2639.44,2640.42,706,5,0,706
2024-12-17 17:57:00,2640.45,2641.32,2640.09,2640.19,649,5,0,649
2024-12-17 18:00:00,2640.19,2640.36,2638.41,2638.51,843,5,0,843
2024-12-17 18:03:00,2638.5,2639.18,2638.09,2638.18,711,5,0,711
2024-12-17 18:06:00,2638.18,2639.18,2637.87,2639.11,818,5,0,818
2024-12-17 18:09:00,2639.09,2639.93,2638.75,2638.97,768,5,0,768
2024-12-17 18:12:00,2638.97,2638.98,2637.77,2638.46,806,5,0,806
2024-12-17 18:15:00,2638.47,2639.82,2638.42,2639.82,668,5,0,668
2024-12-17 18:18:00,2639.82,2640.08,2638.37,2638.7,573,5,0,573
2024-12-17 18:21:00,2638.7,2638.92,2637.86,2637.89,731,5,0,731
2024-12-17 18:24:00,2637.88,2638.35,2637.43,2637.88,694,5,0,694
2024-12-17 18:27:00,2637.88,2638.62,2637.48,2638.43,738,5,0,738
2024-12-17 18:30:00,2638.43,2638.59,2636.76,2637.31,596,5,0,596
2024-12-17 18:33:00,2637.31,2638.25,2637.25,2638.11,691,5,0,691
2024-12-17 18:36:00,2638.12,2640.98,2638.01,2640.89,750,5,0,750
2024-12-17 18:39:00,2640.89,2640.93,2639.97,2640.44,719,5,0,719
2024-12-17 18:42:00,2640.44,2640.53,2639.67,2639.9,522,5,0,522
2024-12-17 18:45:00,2639.9,2641.28,2639.75,2641.2,666,5,0,666
2024-12-17 18:48:00,2641.2,2641.52,2640.67,2640.91,499,5,0,499
2024-12-17 18:51:00,2640.92,2640.93,2639.69,2639.82,458,5,0,458
2024-12-17 18:54:00,2639.8,2640.02,2639.23,2639.75,620,5,0,620
2024-12-17 18:57:00,2639.75,2639.85,2638.91,2638.94,539,5,0,539
2024-12-17 19:00:00,2638.95,2639.19,2638.1,2638.1,512,5,0,512
2024-12-17 19:03:00,2638.1,2639.77,2637.96,2639.55,749,5,0,749
2024-12-17 19:06:00,2639.55,2640.96,2639.51,2640.55,673,5,0,673
2024-12-17 19:09:00,2640.55,2640.92,2639.59,2640.0,749,5,0,749
2024-12-17 19:12:00,2640.0,2640.63,2639.38,2640.63,592,5,0,592
2024-12-17 19:15:00,2640.63,2641.88,2640.54,2641.67,609,5,0,609
2024-12-17 19:18:00,2641.66,2642.27,2641.63,2641.97,625,5,0,625
2024-12-17 19:21:00,2641.95,2642.78,2641.86,2642.6,559,5,0,559
2024-12-17 19:24:00,2642.6,2642.72,2641.71,2641.95,574,5,0,574
2024-12-17 19:27:00,2641.97,2642.58,2641.48,2642.08,642,5,0,642
2024-12-17 19:30:00,2642.09,2643.08,2641.79,2642.9,681,5,0,681
2024-12-17 19:33:00,2642.91,2643.36,2642.42,2643.17,861,5,0,861
2024-12-17 19:36:00,2643.17,2643.18,2642.45,2642.95,1096,5,0,1096
2024-12-17 19:39:00,2642.95,2643.25,2642.17,2642.26,761,5,0,761
2024-12-17 19:42:00,2642.27,2644.13,2642.25,2643.71,874,5,0,874
2024-12-17 19:45:00,2643.71,2644.15,2643.4,2643.95,476,5,0,476
2024-12-17 19:48:00,2643.95,2645.18,2643.94,2644.67,577,5,0,577
2024-12-17 19:51:00,2644.69,2645.27,2644.51,2645.21,630,5,0,630
2024-12-17 19:54:00,2645.22,2645.49,2644.88,2645.45,606,5,0,606
2024-12-17 19:57:00,2645.45,2647.12,2645.23,2646.04,795,5,0,795
2024-12-17 20:00:00,2646.04,2646.49,2645.35,2646.08,766,5,0,766
2024-12-17 20:03:00,2646.08,2646.85,2645.56,2646.47,894,5,0,894
2024-12-17 20:06:00,2646.45,2647.34,2646.25,2647.33,809,5,0,809
2024-12-17 20:09:00,2647.33,2647.63,2646.49,2646.73,675,5,0,675
2024-12-17 20:12:00,2646.71,2647.09,2645.81,2646.22,561,5,0,561
2024-12-17 20:15:00,2646.23,2646.42,2645.71,2646.14,520,5,0,520
2024-12-17 20:18:00,2646.14,2646.46,2645.47,2645.56,460,5,0,460
2024-12-17 20:21:00,2645.56,2645.81,2645.04,2645.72,546,5,0,546
2024-12-17 20:24:00,2645.74,2647.17,2645.4,2646.87,571,5,0,571
2024-12-17 20:27:00,2646.87,2646.87,2646.04,2646.32,516,5,0,516
2024-12-17 20:30:00,2646.32,2647.46,2646.31,2647.29,508,5,0,508
2024-12-17 20:33:00,2647.34,2647.97,2647.34,2647.53,322,5,0,322
2024-12-17 20:36:00,2647.52,2648.07,2647.11,2647.62,422,5,0,422
2024-12-17 20:39:00,2647.56,2648.1,2646.69,2647.83,348,5,0,348
2024-12-17 20:42:00,2647.83,2648.7,2647.79,2648.65,448,5,0,448
2024-12-17 20:45:00,2648.66,2649.07,2647.85,2647.99,384,5,0,384
2024-12-17 20:48:00,2648.0,2648.18,2646.87,2647.02,389,5,0,389
2024-12-17 20:51:00,2647.05,2647.17,2646.56,2646.59,421,5,0,421
2024-12-17 20:54:00,2646.59,2647.46,2646.48,2647.42,406,5,0,406
2024-12-17 20:57:00,2647.42,2647.65,2647.07,2647.37,413,5,0,413
2024-12-17 21:00:00,2647.37,2648.27,2647.36,2647.96,427,5,0,427
2024-12-17 21:03:00,2647.96,2648.14,2647.65,2648.1,359,5,0,359
2024-12-17 21:06:00,2648.1,2648.25,2647.59,2647.62,288,5,0,288
2024-12-17 21:09:00,2647.62,2647.62,2646.85,2646.86,342,5,0,342
2024-12-17 21:12:00,2646.82,2646.82,2646.02,2646.37,343,5,0,343
2024-12-17 21:15:00,2646.37,2646.87,2646.14,2646.5,314,5,0,314
2024-12-17 21:18:00,2646.5,2646.5,2645.91,2646.5,271,5,0,271
2024-12-17 21:21:00,2646.5,2646.85,2646.29,2646.54,312,5,0,312
2024-12-17 21:24:00,2646.54,2647.43,2646.3,2647.43,273,5,0,273
2024-12-17 21:27:00,2647.43,2647.89,2647.31,2647.53,311,5,0,311
2024-12-17 21:30:00,2647.53,2647.64,2646.92,2647.35,364,5,0,364
2024-12-17 21:33:00,2647.35,2647.53,2646.95,2647.42,292,5,0,292
2024-12-17 21:36:00,2647.41,2647.41,2646.58,2646.61,221,5,0,221
2024-12-17 21:39:00,2646.61,2646.7,2646.41,2646.67,299,5,0,299
2024-12-17 21:42:00,2646.68,2647.06,2646.32,2646.44,326,5,0,326
2024-12-17 21:45:00,2646.44,2646.45,2645.3,2645.38,445,5,0,445
2024-12-17 21:48:00,2645.38,2646.25,2645.34,2646.04,345,5,0,345
2024-12-17 21:51:00,2646.06,2646.52,2645.83,2645.85,494,5,0,494
2024-12-17 21:54:00,2645.85,2646.06,2645.42,2645.49,349,5,0,349
2024-12-17 21:57:00,2645.5,2645.73,2645.25,2645.35,396,5,0,396
2024-12-17 22:00:00,2645.41,2645.71,2645.2,2645.48,406,5,0,406
2024-12-17 22:03:00,2645.5,2645.87,2645.24,2645.48,285,5,0,285
2024-12-17 22:06:00,2645.5,2645.5,2644.76,2644.82,332,5,0,332
2024-12-17 22:09:00,2644.82,2646.25,2644.82,2646.22,238,5,0,238
2024-12-17 22:12:00,2646.22,2646.43,2645.86,2646.11,345,5,0,345
2024-12-17 22:15:00,2646.11,2646.33,2645.47,2645.54,318,5,0,318
2024-12-17 22:18:00,2645.54,2646.06,2645.53,2645.67,300,5,0,300
2024-12-17 22:21:00,2645.66,2646.24,2645.56,2646.04,308,5,0,308
2024-12-17 22:24:00,2646.04,2646.81,2645.92,2645.95,424,5,0,424
2024-12-17 22:27:00,2645.96,2646.43,2645.8,2646.35,266,5,0,266
2024-12-17 22:30:00,2646.34,2646.78,2645.89,2646.08,281,5,0,281
2024-12-17 22:33:00,2646.08,2646.96,2645.88,2646.6,353,5,0,353
2024-12-17 22:36:00,2646.59,2646.61,2645.79,2645.79,369,5,0,369
2024-12-17 22:39:00,2645.78,2646.24,2645.64,2646.13,267,5,0,267
2024-12-17 22:42:00,2646.14,2646.22,2644.95,2645.04,373,5,0,373
2024-12-17 22:45:00,2645.0,2645.14,2644.71,2644.94,506,5,0,506
2024-12-17 22:48:00,2644.96,2644.96,2643.96,2643.96,535,5,0,535
2024-12-17 22:51:00,2643.96,2644.49,2643.85,2644.15,793,5,0,793
2024-12-17 22:54:00,2644.15,2644.37,2643.31,2643.33,740,5,0,740
2024-12-17 22:57:00,2643.33,2643.79,2643.1,2643.62,1020,5,0,1020
2024-12-17 23:00:00,2643.63,2644.3,2643.59,2644.21,338,5,0,338
2024-12-17 23:03:00,2644.21,2644.38,2643.91,2644.06,217,5,0,217
2024-12-17 23:06:00,2644.07,2644.48,2643.99,2644.42,133,5,0,133
2024-12-17 23:09:00,2644.43,2644.97,2644.31,2644.7,151,5,0,151
2024-12-17 23:12:00,2644.7,2644.83,2644.31,2644.32,79,5,0,79
2024-12-17 23:15:00,2644.31,2644.88,2644.12,2644.75,224,5,0,224
2024-12-17 23:18:00,2644.76,2644.77,2644.37,2644.4,130,5,0,130
2024-12-17 23:21:00,2644.4,2644.43,2643.65,2644.19,240,5,0,240
2024-12-17 23:24:00,2644.22,2644.97,2644.14,2644.61,249,5,0,249
2024-12-17 23:27:00,2644.61,2644.71,2644.42,2644.68,113,5,0,113
2024-12-17 23:30:00,2644.68,2645.52,2644.68,2645.36,170,5,0,170
2024-12-17 23:33:00,2645.34,2645.62,2645.18,2645.6,97,5,0,97
2024-12-17 23:36:00,2645.61,2645.69,2645.4,2645.57,75,5,0,75
2024-12-17 23:39:00,2645.56,2645.81,2645.53,2645.78,55,5,0,55
2024-12-17 23:42:00,2645.78,2646.08,2645.59,2645.98,137,5,0,137
2024-12-17 23:45:00,2645.98,2646.47,2645.66,2645.71,150,5,0,150
2024-12-17 23:48:00,2645.71,2645.93,2645.57,2645.76,165,5,0,165
2024-12-17 23:51:00,2645.78,2645.86,2645.72,2645.79,117,5,0,117
2024-12-17 23:54:00,2645.8,2646.0,2645.44,2646.0,151,5,0,151
2024-12-17 23:57:00,2646.0,2646.43,2645.77,2646.43,74,5,0,74
2024-12-18 01:00:00,2645.73,2646.68,2645.71,2646.68,86,5,0,86
2024-12-18 01:03:00,2646.68,2647.41,2646.65,2647.09,123,5,0,123
2024-12-18 01:06:00,2647.09,2647.09,2646.38,2646.43,140,5,0,140
2024-12-18 01:09:00,2646.43,2646.56,2646.12,2646.56,84,5,0,84
2024-12-18 01:12:00,2646.56,2646.86,2646.22,2646.22,68,5,0,68
2024-12-18 01:15:00,2646.23,2646.58,2646.2,2646.37,23,5,0,23
2024-12-18 01:18:00,2646.34,2646.56,2646.28,2646.56,49,5,0,49
2024-12-18 01:21:00,2646.57,2646.65,2646.33,2646.33,56,5,0,56
2024-12-18 01:24:00,2646.35,2646.42,2646.3,2646.3,39,5,0,39
2024-12-18 01:27:00,2646.31,2646.31,2646.16,2646.18,36,5,0,36
2024-12-18 01:30:00,2646.18,2646.18,2645.83,2645.84,50,5,0,50
2024-12-18 01:33:00,2645.84,2645.89,2645.41,2645.5,55,5,0,55
2024-12-18 01:36:00,2645.5,2646.03,2645.5,2645.85,74,5,0,74
2024-12-18 01:39:00,2645.89,2646.21,2645.89,2646.03,44,5,0,44
2024-12-18 01:42:00,2646.03,2646.04,2645.83,2645.83,33,5,0,33
2024-12-18 01:45:00,2645.82,2645.83,2644.81,2645.68,276,5,0,276
2024-12-18 01:48:00,2645.7,2645.72,2645.11,2645.55,244,5,0,244
2024-12-18 01:51:00,2645.56,2647.04,2645.51,2646.94,135,5,0,135
2024-12-18 01:54:00,2646.94,2647.28,2646.83,2647.24,105,5,0,105
2024-12-18 01:57:00,2647.24,2647.71,2647.08,2647.49,95,5,0,95
2024-12-18 02:00:00,2647.49,2647.55,2646.65,2647.09,185,5,0,185
2024-12-18 02:03:00,2647.06,2647.32,2646.92,2647.16,114,5,0,114
2024-12-18 02:06:00,2647.16,2648.18,2647.15,2648.17,139,5,0,139
2024-12-18 02:09:00,2648.17,2648.91,2648.06,2648.87,164,5,0,164
2024-12-18 02:12:00,2648.87,2648.87,2647.77,2647.83,149,5,0,149
2024-12-18 02:15:00,2647.83,2647.86,2647.41,2647.73,141,5,0,141
2024-12-18 02:18:00,2647.81,2647.91,2646.94,2647.35,145,5,0,145
2024-12-18 02:21:00,2647.35,2647.35,2646.82,2647.06,118,5,0,118
2024-12-18 02:24:00,2647.06,2647.07,2646.66,2646.82,68,5,0,68
2024-12-18 02:27:00,2646.78,2647.61,2646.62,2647.18,116,5,0,116
2024-12-18 02:30:00,2647.17,2648.23,2647.17,2647.59,150,5,0,150
2024-12-18 02:33:00,2647.59,2649.72,2647.47,2648.96,310,5,0,310
2024-12-18 02:36:00,2648.96,2649.95,2648.61,2649.9,214,5,0,214
2024-12-18 02:39:00,2649.9,2649.98,2648.95,2649.49,280,5,0,280
2024-12-18 02:42:00,2649.49,2650.03,2649.44,2649.53,257,5,0,257
2024-12-18 02:45:00,2649.59,2649.63,2648.87,2649.1,161,5,0,161
2024-12-18 02:48:00,2649.1,2649.65,2648.93,2649.58,279,5,0,279
2024-12-18 02:51:00,2649.58,2650.11,2649.46,2650.02,282,5,0,282
2024-12-18 02:54:00,2650.03,2650.43,2649.29,2649.79,603,5,0,603
2024-12-18 02:57:00,2649.76,2650.31,2649.64,2650.11,443,5,0,443
2024-12-18 03:00:00,2650.11,2650.84,2648.07,2648.53,1020,5,0,1020
2024-12-18 03:03:00,2648.53,2649.37,2648.53,2649.08,630,5,0,630
2024-12-18 03:06:00,2649.08,2649.93,2648.72,2649.92,649,5,0,649
2024-12-18 03:09:00,2649.92,2650.68,2649.47,2650.53,532,5,0,532
2024-12-18 03:12:00,2650.53,2651.23,2650.27,2650.29,523,5,0,523
2024-12-18 03:15:00,2650.29,2651.57,2650.22,2651.1,448,5,0,448
2024-12-18 03:18:00,2651.1,2651.34,2649.89,2650.14,472,5,0,472
2024-12-18 03:21:00,2650.12,2650.37,2649.38,2649.8,293,5,0,293
2024-12-18 03:24:00,2649.8,2650.02,2649.21,2649.42,409,5,0,409
2024-12-18 03:27:00,2649.35,2650.31,2649.27,2649.89,349,5,0,349
2024-12-18 03:30:00,2649.87,2650.68,2649.68,2650.25,453,5,0,453
2024-12-18 03:33:00,2650.28,2651.32,2650.28,2651.06,473,5,0,473
2024-12-18 03:36:00,2651.05,2651.35,2650.04,2650.05,569,5,0,569
2024-12-18 03:39:00,2650.05,2650.28,2649.6,2650.06,586,5,0,586
2024-12-18 03:42:00,2650.07,2651.1,2650.05,2651.07,638,5,0,638
2024-12-18 03:45:00,2651.11,2651.23,2649.56,2649.85,561,5,0,561
2024-12-18 03:48:00,2649.84,2649.91,2648.35,2648.8,675,5,0,675
2024-12-18 03:51:00,2648.8,2650.42,2648.79,2649.86,591,5,0,591
2024-12-18 03:54:00,2649.85,2651.02,2649.06,2651.02,611,5,0,611
2024-12-18 03:57:00,2651.01,2651.75,2650.82,2650.98,543,5,0,543
2024-12-18 04:00:00,2650.99,2651.08,2649.99,2650.22,660,5,0,660
2024-12-18 04:03:00,2650.22,2650.71,2649.24,2649.34,496,5,0,496
2024-12-18 04:06:00,2649.31,2649.55,2648.7,2648.9,539,5,0,539
2024-12-18 04:09:00,2648.89,2649.46,2648.75,2649.04,407,5,0,407
2024-12-18 04:12:00,2649.04,2650.16,2649.04,2650.1,496,5,0,496
2024-12-18 04:15:00,2650.1,2650.17,2649.47,2649.74,312,5,0,312
2024-12-18 04:18:00,2649.72,2650.01,2648.98,2649.01,287,5,0,287
2024-12-18 04:21:00,2649.01,2649.01,2648.12,2648.27,436,5,0,436
2024-12-18 04:24:00,2648.27,2648.36,2647.65,2647.67,291,5,0,291
2024-12-18 04:27:00,2647.69,2648.4,2647.39,2648.24,458,5,0,458
2024-12-18 04:30:00,2648.23,2648.77,2647.49,2648.66,746,5,0,746
2024-12-18 04:33:00,2648.7,2648.7,2647.92,2648.29,591,5,0,591
2024-12-18 04:36:00,2648.31,2648.51,2647.89,2648.25,406,5,0,406
2024-12-18 04:39:00,2648.29,2648.8,2647.59,2648.05,590,5,0,590
2024-12-18 04:42:00,2648.01,2648.35,2647.72,2647.87,632,5,0,632
2024-12-18 04:45:00,2647.85,2647.89,2646.98,2647.74,765,5,0,765
2024-12-18 04:48:00,2647.74,2648.39,2647.71,2647.95,291,5,0,291
2024-12-18 04:51:00,2647.95,2648.45,2647.39,2648.45,670,5,0,670
2024-12-18 04:54:00,2648.46,2648.49,2647.81,2648.03,628,5,0,628
2024-12-18 04:57:00,2648.03,2648.37,2647.47,2647.48,648,5,0,648
2024-12-18 05:00:00,2647.51,2647.61,2646.63,2646.79,682,5,0,682
2024-12-18 05:03:00,2646.77,2647.0,2646.48,2646.85,537,5,0,537
2024-12-18 05:06:00,2646.85,2647.52,2646.59,2647.08,715,5,0,715
2024-12-18 05:09:00,2647.07,2647.75,2646.9,2647.66,604,5,0,604
2024-12-18 05:12:00,2647.63,2648.56,2647.29,2648.2,652,5,0,652
2024-12-18 05:15:00,2648.16,2648.93,2648.02,2648.33,1055,5,0,1055
2024-12-18 05:18:00,2648.33,2648.44,2646.93,2646.95,442,5,0,442
2024-12-18 05:21:00,2646.95,2647.09,2645.46,2646.54,1056,5,0,1056
2024-12-18 05:24:00,2646.54,2646.62,2645.83,2645.94,723,5,0,723
2024-12-18 05:27:00,2645.94,2646.47,2645.82,2646.2,799,5,0,799
2024-12-18 05:30:00,2646.18,2646.2,2645.33,2645.65,493,5,0,493
2024-12-18 05:33:00,2645.65,2645.96,2645.45,2645.78,519,5,0,519
2024-12-18 05:36:00,2645.76,2646.19,2645.66,2645.84,553,5,0,553
2024-12-18 05:39:00,2645.85,2647.17,2645.75,2646.33,348,5,0,348
2024-12-18 05:42:00,2646.32,2646.35,2645.49,2645.5,348,5,0,348
2024-12-18 05:45:00,2645.52,2645.72,2645.35,2645.39,358,5,0,358
2024-12-18 05:48:00,2645.41,2646.1,2645.33,2646.0,272,5,0,272
2024-12-18 05:51:00,2645.99,2646.56,2645.91,2646.1,277,5,0,277
2024-12-18 05:54:00,2646.1,2646.46,2645.99,2646.22,251,5,0,251
2024-12-18 05:57:00,2646.22,2646.3,2645.73,2645.74,150,5,0,150
2024-12-18 06:00:00,2645.73,2645.74,2644.07,2644.62,477,5,0,477
2024-12-18 06:03:00,2644.62,2645.01,2644.26,2644.53,434,5,0,434
2024-12-18 06:06:00,2644.54,2644.94,2644.11,2644.14,561,5,0,561
2024-12-18 06:09:00,2644.13,2644.3,2643.75,2643.76,404,5,0,404
2024-12-18 06:12:00,2643.77,2643.86,2642.76,2642.97,519,5,0,519
2024-12-18 06:15:00,2642.98,2643.59,2642.83,2643.54,473,5,0,473
2024-12-18 06:18:00,2643.55,2644.31,2643.48,2644.21,368,5,0,368
2024-12-18 06:21:00,2644.21,2644.33,2643.49,2643.76,280,5,0,280
2024-12-18 06:24:00,2643.75,2644.27,2643.61,2644.18,229,5,0,229
2024-12-18 06:27:00,2644.18,2644.55,2643.69,2644.04,321,5,0,321
2024-12-18 06:30:00,2644.07,2644.53,2643.1,2643.17,309,5,0,309
2024-12-18 06:33:00,2643.17,2644.11,2642.81,2643.3,718,5,0,718
2024-12-18 06:36:00,2643.3,2644.93,2643.14,2644.9,758,5,0,758
2024-12-18 06:39:00,2644.91,2645.5,2644.8,2645.5,571,5,0,571
2024-12-18 06:42:00,2645.51,2645.94,2645.29,2645.77,417,5,0,417
2024-12-18 06:45:00,2645.77,2645.79,2645.15,2645.27,384,5,0,384
2024-12-18 06:48:00,2645.28,2645.5,2645.1,2645.45,368,5,0,368
2024-12-18 06:51:00,2645.45,2645.62,2644.95,2645.52,389,5,0,389
2024-12-18 06:54:00,2645.53,2645.82,2645.24,2645.42,373,5,0,373
2024-12-18 06:57:00,2645.43,2645.43,2644.91,2645.16,226,5,0,226
2024-12-18 07:00:00,2645.16,2645.16,2644.12,2644.41,320,5,0,320
2024-12-18 07:03:00,2644.4,2644.74,2644.31,2644.69,199,5,0,199
2024-12-18 07:06:00,2644.67,2644.85,2643.98,2644.09,264,5,0,264
2024-12-18 07:09:00,2644.09,2645.31,2644.09,2645.23,315,5,0,315
2024-12-18 07:12:00,2645.23,2646.18,2645.23,2646.14,472,5,0,472
2024-12-18 07:15:00,2646.15,2647.04,2646.11,2647.04,397,5,0,397
2024-12-18 07:18:00,2647.04,2647.05,2646.19,2646.48,404,5,0,404
2024-12-18 07:21:00,2646.48,2647.23,2646.42,2647.22,535,5,0,535
2024-12-18 07:24:00,2647.22,2647.6,2647.01,2647.4,429,5,0,429
2024-12-18 07:27:00,2647.41,2647.52,2646.99,2647.34,400,5,0,400
2024-12-18 07:30:00,2647.34,2648.0,2646.94,2647.74,867,5,0,867
2024-12-18 07:33:00,2647.76,2648.68,2647.7,2648.28,638,5,0,638
2024-12-18 07:36:00,2648.31,2648.59,2647.33,2647.82,497,5,0,497
2024-12-18 07:39:00,2647.82,2648.01,2646.96,2647.09,671,5,0,671
2024-12-18 07:42:00,2647.09,2648.1,2647.08,2648.06,441,5,0,441
2024-12-18 07:45:00,2648.06,2649.55,2648.06,2649.13,756,5,0,756
2024-12-18 07:48:00,2649.13,2649.26,2647.85,2648.04,876,5,0,876
2024-12-18 07:51:00,2648.04,2648.07,2647.37,2647.75,514,5,0,514
2024-12-18 07:54:00,2647.75,2648.13,2647.1,2647.11,600,5,0,600
2024-12-18 07:57:00,2647.11,2647.64,2646.74,2647.53,451,5,0,451
2024-12-18 08:00:00,2647.55,2648.0,2647.24,2647.56,571,5,0,571
2024-12-18 08:03:00,2647.56,2647.68,2646.94,2647.6,595,5,0,595
2024-12-18 08:06:00,2647.6,2648.04,2646.9,2647.08,538,5,0,538
2024-12-18 08:09:00,2647.13,2647.4,2646.71,2646.96,507,5,0,507
2024-12-18 08:12:00,2646.94,2647.03,2645.81,2646.0,419,5,0,419
2024-12-18 08:15:00,2645.97,2646.56,2645.55,2645.57,617,5,0,617
2024-12-18 08:18:00,2645.57,2645.89,2644.76,2645.73,846,5,0,846
2024-12-18 08:21:00,2645.74,2646.36,2645.57,2645.99,690,5,0,690
2024-12-18 08:24:00,2646.0,2646.07,2645.27,2645.58,488,5,0,488
2024-12-18 08:27:00,2645.58,2645.97,2645.06,2645.93,474,5,0,474
2024-12-18 08:30:00,2645.91,2646.54,2645.53,2645.71,707,5,0,707
2024-12-18 08:33:00,2645.71,2645.91,2644.6,2645.21,564,5,0,564
2024-12-18 08:36:00,2645.21,2646.49,2644.97,2646.09,502,5,0,502
2024-12-18 08:39:00,2646.04,2646.81,2645.84,2646.43,576,5,0,576
2024-12-18 08:42:00,2646.43,2646.95,2646.21,2646.55,749,5,0,749
2024-12-18 08:45:00,2646.54,2646.57,2645.6,2645.9,604,5,0,604
2024-12-18 08:48:00,2645.89,2646.7,2644.96,2646.0,1025,5,0,1025
2024-12-18 08:51:00,2646.06,2646.76,2646.04,2646.39,505,5,0,505
2024-12-18 08:54:00,2646.38,2646.59,2645.9,2646.0,604,5,0,604
2024-12-18 08:57:00,2646.01,2646.71,2646.0,2646.69,327,5,0,327
2024-12-18 09:00:00,2646.69,2647.21,2646.43,2646.91,483,5,0,483
2024-12-18 09:03:00,2646.91,2647.09,2646.37,2646.89,545,5,0,545
2024-12-18 09:06:00,2646.89,2647.44,2646.61,2646.65,404,5,0,404
2024-12-18 09:09:00,2646.7,2647.23,2646.3,2646.33,405,5,0,405
2024-12-18 09:12:00,2646.33,2646.66,2646.29,2646.5,269,5,0,269
2024-12-18 09:15:00,2646.48,2646.48,2644.88,2645.87,726,5,0,726
2024-12-18 09:18:00,2645.87,2647.35,2645.87,2646.9,561,5,0,561
2024-12-18 09:21:00,2646.9,2647.32,2646.65,2646.92,534,5,0,534
2024-12-18 09:24:00,2646.92,2646.96,2646.02,2646.35,435,5,0,435
2024-12-18 09:27:00,2646.35,2646.35,2645.56,2645.9,378,5,0,378
2024-12-18 09:30:00,2645.9,2645.93,2644.0,2644.48,735,5,0,735
2024-12-18 09:33:00,2644.48,2645.53,2644.36,2644.73,475,5,0,475
2024-12-18 09:36:00,2644.72,2645.69,2644.68,2645.51,321,5,0,321
2024-12-18 09:39:00,2645.5,2645.57,2644.54,2644.57,486,5,0,486
2024-12-18 09:42:00,2644.57,2644.65,2643.35,2644.03,584,5,0,584
2024-12-18 09:45:00,2644.03,2644.2,2643.68,2643.9,431,5,0,431
2024-12-18 09:48:00,2643.9,2644.81,2643.89,2644.65,415,5,0,415
2024-12-18 09:51:00,2644.64,2645.22,2644.16,2644.49,524,5,0,524
2024-12-18 09:54:00,2644.48,2644.48,2643.51,2644.01,466,5,0,466
2024-12-18 09:57:00,2644.02,2644.82,2643.63,2644.81,498,5,0,498
2024-12-18 10:00:00,2644.8,2644.8,2642.2,2642.66,816,5,0,816
2024-12-18 10:03:00,2642.68,2643.24,2642.45,2642.84,666,5,0,666
2024-12-18 10:06:00,2642.84,2643.27,2642.3,2642.31,708,5,0,708
2024-12-18 10:09:00,2642.32,2643.18,2642.27,2642.75,695,5,0,695
2024-12-18 10:12:00,2642.76,2643.45,2642.5,2642.96,500,5,0,500
2024-12-18 10:15:00,2642.96,2645.02,2642.92,2644.68,623,5,0,623
2024-12-18 10:18:00,2644.7,2645.97,2644.55,2645.91,672,5,0,672
2024-12-18 10:21:00,2645.91,2647.92,2644.33,2644.89,1062,5,0,1062
2024-12-18 10:24:00,2644.87,2644.87,2643.72,2643.94,690,5,0,690
2024-12-18 10:27:00,2643.94,2644.74,2643.16,2644.38,736,5,0,736
2024-12-18 10:30:00,2644.39,2647.31,2644.35,2647.03,956,5,0,956
2024-12-18 10:33:00,2647.01,2647.68,2646.54,2647.44,680,5,0,680
2024-12-18 10:36:00,2647.46,2648.0,2646.96,2647.55,800,5,0,800
2024-12-18 10:39:00,2647.55,2647.89,2646.73,2647.79,735,5,0,735
2024-12-18 10:42:00,2647.79,2648.4,2647.42,2647.83,581,5,0,581
2024-12-18 10:45:00,2647.83,2649.01,2647.54,2648.54,816,5,0,816
2024-12-18 10:48:00,2648.55,2649.12,2648.11,2648.72,602,5,0,602
2024-12-18 10:51:00,2648.74,2649.01,2647.91,2648.74,735,5,0,735
2024-12-18 10:54:00,2648.73,2649.37,2648.46,2649.37,771,5,0,771
2024-12-18 10:57:00,2649.38,2649.68,2647.93,2647.99,824,5,0,824
2024-12-18 11:00:00,2647.97,2648.32,2647.18,2647.84,616,5,0,616
2024-12-18 11:03:00,2647.82,2648.58,2647.72,2648.42,573,5,0,573
2024-12-18 11:06:00,2648.42,2648.95,2647.82,2648.51,539,5,0,539
2024-12-18 11:09:00,2648.51,2648.59,2647.21,2647.97,506,5,0,506
2024-12-18 11:12:00,2647.99,2648.1,2646.92,2647.73,718,5,0,718
2024-12-18 11:15:00,2647.73,2648.06,2646.74,2646.85,649,5,0,649
2024-12-18 11:18:00,2646.86,2647.79,2646.6,2647.79,585,5,0,585
2024-12-18 11:21:00,2647.79,2648.82,2647.44,2648.76,714,5,0,714
2024-12-18 11:24:00,2648.77,2649.27,2648.44,2648.66,742,5,0,742
2024-12-18 11:27:00,2648.66,2649.12,2647.98,2648.78,591,5,0,591
2024-12-18 11:30:00,2648.77,2649.3,2647.87,2649.07,657,5,0,657
2024-12-18 11:33:00,2649.07,2649.14,2648.38,2648.44,500,5,0,500
2024-12-18 11:36:00,2648.42,2648.63,2647.77,2648.3,524,5,0,524
2024-12-18 11:39:00,2648.3,2648.68,2647.86,2648.5,505,5,0,505
2024-12-18 11:42:00,2648.5,2648.76,2648.24,2648.28,328,5,0,328
2024-12-18 11:45:00,2648.29,2648.41,2647.42,2648.02,508,5,0,508
2024-12-18 11:48:00,2648.02,2648.3,2647.47,2647.97,293,5,0,293
2024-12-18 11:51:00,2647.97,2648.31,2646.93,2647.06,405,5,0,405
2024-12-18 11:54:00,2647.06,2647.29,2645.62,2646.34,454,5,0,454
2024-12-18 11:57:00,2646.34,2646.96,2646.03,2646.94,316,5,0,316
2024-12-18 12:00:00,2646.94,2647.08,2646.48,2646.86,238,5,0,238
2024-12-18 12:03:00,2646.86,2647.27,2646.38,2646.41,350,5,0,350
2024-12-18 12:06:00,2646.41,2647.75,2646.24,2646.99,277,5,0,277
2024-12-18 12:09:00,2646.99,2648.64,2646.99,2648.62,316,5,0,316
2024-12-18 12:12:00,2648.62,2649.18,2648.6,2648.94,440,5,0,440
2024-12-18 12:15:00,2648.93,2648.93,2647.84,2647.94,483,5,0,483
2024-12-18 12:18:00,2647.95,2648.71,2647.9,2648.41,342,5,0,342
2024-12-18 12:21:00,2648.41,2648.63,2647.54,2648.61,353,5,0,353
2024-12-18 12:24:00,2648.6,2648.89,2648.27,2648.66,357,5,0,357
2024-12-18 12:27:00,2648.65,2648.84,2647.94,2648.32,375,5,0,375
2024-12-18 12:30:00,2648.32,2648.42,2647.89,2648.32,293,5,0,293
2024-12-18 12:33:00,2648.26,2648.31,2647.49,2647.51,265,5,0,265
2024-12-18 12:36:00,2647.5,2648.76,2647.41,2648.72,384,5,0,384
2024-12-18 12:39:00,2648.73,2648.74,2647.81,2648.16,365,5,0,365
2024-12-18 12:42:00,2648.18,2648.4,2647.64,2648.22,249,5,0,249
2024-12-18 12:45:00,2648.22,2648.51,2647.83,2648.21,223,5,0,223
2024-12-18 12:48:00,2648.21,2648.8,2647.72,2648.78,329,5,0,329
2024-12-18 12:51:00,2648.78,2649.3,2648.59,2648.73,330,5,0,330
2024-12-18 12:54:00,2648.73,2649.46,2648.54,2648.85,432,5,0,432
2024-12-18 12:57:00,2648.85,2649.12,2648.29,2648.47,223,5,0,223
2024-12-18 13:00:00,2648.47,2648.73,2648.02,2648.02,246,5,0,246
2024-12-18 13:03:00,2647.98,2649.27,2647.94,2648.92,429,5,0,429
2024-12-18 13:06:00,2648.92,2649.53,2648.81,2648.98,255,5,0,255
2024-12-18 13:09:00,2648.97,2649.03,2648.38,2648.76,269,5,0,269
2024-12-18 13:12:00,2648.76,2649.2,2648.26,2648.97,334,5,0,334
2024-12-18 13:15:00,2648.96,2649.21,2648.72,2648.94,241,5,0,241
2024-12-18 13:18:00,2648.94,2649.01,2648.28,2648.5,231,5,0,231
2024-12-18 13:21:00,2648.5,2648.6,2647.52,2647.65,434,5,0,434
2024-12-18 13:24:00,2647.65,2648.1,2647.37,2647.9,369,5,0,369
2024-12-18 13:27:00,2647.9,2648.08,2646.86,2647.17,453,5,0,453
2024-12-18 13:30:00,2647.12,2648.32,2647.12,2647.84,345,5,0,345
2024-12-18 13:33:00,2647.84,2648.12,2647.46,2647.56,347,5,0,347
2024-12-18 13:36:00,2647.56,2647.68,2646.84,2646.86,263,5,0,263
2024-12-18 13:39:00,2646.84,2647.3,2646.59,2647.15,579,5,0,579
2024-12-18 13:42:00,2647.14,2647.33,2646.46,2646.69,553,5,0,553
2024-12-18 13:45:00,2646.69,2647.26,2646.58,2647.12,337,5,0,337
2024-12-18 13:48:00,2647.12,2647.33,2646.55,2646.68,267,5,0,267
2024-12-18 13:51:00,2646.65,2646.84,2645.87,2646.14,518,5,0,518
2024-12-18 13:54:00,2646.14,2646.26,2645.92,2646.17,418,5,0,418
2024-12-18 13:57:00,2646.17,2646.3,2645.9,2646.16,251,5,0,251
2024-12-18 14:00:00,2646.16,2646.17,2645.18,2645.67,583,5,0,583
2024-12-18 14:03:00,2645.67,2645.76,2644.7,2644.82,517,5,0,517
2024-12-18 14:06:00,2644.81,2645.61,2644.81,2645.19,326,5,0,326
2024-12-18 14:09:00,2645.19,2646.23,2645.19,2646.2,276,5,0,276
2024-12-18 14:12:00,2646.21,2646.54,2646.07,2646.23,242,5,0,242
2024-12-18 14:15:00,2646.19,2646.92,2646.17,2646.86,280,5,0,280
2024-12-18 14:18:00,2646.86,2647.29,2646.7,2647.27,356,5,0,356
2024-12-18 14:21:00,2647.27,2647.76,2646.77,2646.96,584,5,0,584
2024-12-18 14:24:00,2646.96,2647.04,2646.54,2646.67,377,5,0,377
2024-12-18 14:27:00,2646.67,2647.22,2646.67,2647.13,247,5,0,247
2024-12-18 14:30:00,2647.13,2647.27,2646.63,2646.84,246,5,0,246
2024-12-18 14:33:00,2646.83,2647.54,2646.82,2647.43,330,5,0,330
2024-12-18 14:36:00,2647.41,2647.63,2646.92,2647.0,459,5,0,459
2024-12-18 14:39:00,2647.0,2647.23,2646.14,2646.27,346,5,0,346
2024-12-18 14:42:00,2646.24,2646.24,2645.72,2645.72,295,5,0,295
2024-12-18 14:45:00,2645.72,2645.72,2644.8,2644.99,420,5,0,420
2024-12-18 14:48:00,2644.99,2645.08,2644.39,2644.77,278,5,0,278
2024-12-18 14:51:00,2644.78,2645.07,2644.57,2644.95,227,5,0,227
2024-12-18 14:54:00,2644.95,2645.0,2643.8,2644.08,531,5,0,531
2024-12-18 14:57:00,2644.08,2644.19,2643.53,2644.07,530,5,0,530
2024-12-18 15:00:00,2644.07,2644.07,2642.52,2643.02,1297,5,0,1297
2024-12-18 15:03:00,2643.02,2643.09,2642.27,2642.97,1169,5,0,1169
2024-12-18 15:06:00,2642.97,2643.07,2641.17,2642.49,1231,5,0,1231
2024-12-18 15:09:00,2642.48,2643.54,2642.27,2642.79,896,5,0,896
2024-12-18 15:12:00,2642.77,2643.72,2642.61,2643.28,750,5,0,750
2024-12-18 15:15:00,2643.27,2644.37,2643.04,2644.1,874,5,0,874
2024-12-18 15:18:00,2644.11,2644.85,2643.62,2644.57,862,5,0,862
2024-12-18 15:21:00,2644.56,2647.27,2644.16,2647.03,1165,5,0,1165
2024-12-18 15:24:00,2647.03,2647.58,2646.28,2646.3,1030,5,0,1030
2024-12-18 15:27:00,2646.28,2646.67,2645.91,2646.0,420,5,0,420
2024-12-18 15:30:00,2645.97,2646.25,2644.26,2645.12,636,5,0,636
2024-12-18 15:33:00,2645.12,2646.07,2643.84,2645.28,883,5,0,883
2024-12-18 15:36:00,2645.28,2645.28,2643.97,2644.48,929,5,0,929
2024-12-18 15:39:00,2644.45,2644.83,2642.88,2643.25,1081,5,0,1081
2024-12-18 15:42:00,2643.24,2644.12,2642.8,2643.75,1074,5,0,1074
2024-12-18 15:45:00,2643.75,2643.93,2641.87,2643.23,971,5,0,971
2024-12-18 15:48:00,2643.23,2643.72,2642.89,2643.72,771,5,0,771
2024-12-18 15:51:00,2643.73,2644.97,2643.63,2644.88,869,5,0,869
2024-12-18 15:54:00,2644.87,2646.11,2644.24,2644.9,751,5,0,751
2024-12-18 15:57:00,2644.91,2644.99,2643.55,2643.98,585,5,0,585
2024-12-18 16:00:00,2643.98,2644.92,2642.42,2642.83,957,5,0,957
2024-12-18 16:03:00,2642.81,2644.13,2642.6,2642.8,780,5,0,780
2024-12-18 16:06:00,2642.8,2643.01,2642.11,2642.73,703,5,0,703
2024-12-18 16:09:00,2642.74,2643.7,2641.3,2642.47,1495,5,0,1495
2024-12-18 16:12:00,2642.5,2642.73,2640.96,2641.48,1142,5,0,1142
2024-12-18 16:15:00,2641.47,2641.86,2640.2,2640.68,1262,5,0,1262
2024-12-18 16:18:00,2640.68,2640.75,2639.54,2640.3,974,5,0,974
2024-12-18 16:21:00,2640.3,2640.58,2639.24,2639.43,919,5,0,919
2024-12-18 16:24:00,2639.43,2640.6,2638.58,2640.32,879,5,0,879
2024-12-18 16:27:00,2640.31,2640.34,2638.71,2638.71,719,5,0,719
2024-12-18 16:30:00,2638.76,2639.02,2638.03,2638.78,1060,5,0,1060
2024-12-18 16:33:00,2638.76,2639.66,2637.61,2637.79,1037,5,0,1037
2024-12-18 16:36:00,2637.8,2639.95,2637.8,2639.57,1024,5,0,1024
2024-12-18 16:39:00,2639.58,2639.96,2638.09,2638.25,1097,5,0,1097
2024-12-18 16:42:00,2638.25,2639.13,2637.63,2638.83,1182,5,0,1182
2024-12-18 16:45:00,2638.88,2638.9,2637.03,2637.7,1134,5,0,1134
2024-12-18 16:48:00,2637.69,2639.58,2637.61,2639.14,1011,5,0,1011
2024-12-18 16:51:00,2639.15,2639.87,2638.5,2638.82,882,5,0,882
2024-12-18 16:54:00,2638.82,2638.84,2637.7,2638.05,906,5,0,906
2024-12-18 16:57:00,2638.06,2638.59,2637.63,2638.03,773,5,0,773
2024-12-18 17:00:00,2638.0,2638.0,2636.01,2637.03,1136,5,0,1136
2024-12-18 17:03:00,2637.04,2637.45,2635.67,2636.84,1014,5,0,1014
2024-12-18 17:06:00,2636.92,2637.12,2635.6,2635.79,910,5,0,910
2024-12-18 17:09:00,2635.78,2635.8,2633.9,2635.39,1206,5,0,1206
2024-12-18 17:12:00,2635.38,2637.43,2635.32,2636.78,819,5,0,819
2024-12-18 17:15:00,2636.77,2638.06,2636.61,2637.0,870,5,0,870
2024-12-18 17:18:00,2636.99,2637.22,2636.32,2636.33,817,5,0,817
2024-12-18 17:21:00,2636.32,2637.18,2635.94,2636.81,872,5,0,872
2024-12-18 17:24:00,2636.81,2637.07,2635.43,2635.7,715,5,0,715
2024-12-18 17:27:00,2635.68,2636.82,2635.51,2636.49,646,5,0,646
2024-12-18 17:30:00,2636.48,2637.66,2636.3,2636.67,688,5,0,688
2024-12-18 17:33:00,2636.67,2636.95,2636.21,2636.46,781,5,0,781
2024-12-18 17:36:00,2636.44,2637.68,2636.04,2637.44,855,5,0,855
2024-12-18 17:39:00,2637.43,2637.86,2636.54,2636.7,878,5,0,878
2024-12-18 17:42:00,2636.68,2637.11,2636.43,2637.04,800,5,0,800
2024-12-18 17:45:00,2637.03,2638.26,2636.79,2637.49,864,5,0,864
2024-12-18 17:48:00,2637.49,2638.1,2636.13,2636.64,836,5,0,836
2024-12-18 17:51:00,2636.64,2637.21,2635.99,2636.62,666,5,0,666
2024-12-18 17:54:00,2636.62,2637.57,2636.06,2637.19,930,5,0,930
2024-12-18 17:57:00,2637.18,2638.41,2636.95,2638.27,659,5,0,659
2024-12-18 18:00:00,2638.25,2638.33,2636.47,2636.5,817,5,0,817
2024-12-18 18:03:00,2636.5,2637.13,2636.03,2636.28,970,5,0,970
2024-12-18 18:06:00,2636.28,2636.73,2635.96,2636.41,910,5,0,910
2024-12-18 18:09:00,2636.41,2637.75,2636.03,2637.62,985,5,0,985
2024-12-18 18:12:00,2637.61,2639.02,2637.61,2638.9,778,5,0,778
2024-12-18 18:15:00,2638.9,2639.56,2638.16,2639.24,959,5,0,959
2024-12-18 18:18:00,2639.26,2639.36,2638.27,2638.27,758,5,0,758
2024-12-18 18:21:00,2638.27,2638.46,2637.17,2637.45,847,5,0,847
2024-12-18 18:24:00,2637.45,2637.61,2637.04,2637.2,855,5,0,855
2024-12-18 18:27:00,2637.18,2638.05,2637.17,2637.78,885,5,0,885
2024-12-18 18:30:00,2637.77,2638.06,2637.02,2637.43,786,5,0,786
2024-12-18 18:33:00,2637.43,2637.98,2637.39,2637.9,500,5,0,500
2024-12-18 18:36:00,2637.91,2637.94,2637.14,2637.47,718,5,0,718
2024-12-18 18:39:00,2637.46,2637.92,2634.79,2634.81,824,5,0,824
2024-12-18 18:42:00,2634.81,2635.4,2634.42,2634.71,606,5,0,606
2024-12-18 18:45:00,2634.71,2634.95,2633.2,2633.92,777,5,0,777
2024-12-18 18:48:00,2633.9,2634.71,2633.14,2634.71,844,5,0,844
2024-12-18 18:51:00,2634.71,2635.06,2634.07,2634.94,623,5,0,623
2024-12-18 18:54:00,2634.96,2635.48,2634.42,2634.85,573,5,0,573
2024-12-18 18:57:00,2634.81,2634.95,2633.8,2634.76,624,5,0,624
2024-12-18 19:00:00,2634.78,2635.47,2634.68,2634.94,556,5,0,556
2024-12-18 19:03:00,2634.94,2635.8,2634.77,2635.53,555,5,0,555
2024-12-18 19:06:00,2635.53,2635.91,2635.05,2635.83,701,5,0,701
2024-12-18 19:09:00,2635.84,2637.04,2635.57,2636.09,636,5,0,636
2024-12-18 19:12:00,2636.1,2636.32,2635.3,2635.62,470,5,0,470
2024-12-18 19:15:00,2635.61,2636.53,2635.12,2636.41,528,5,0,528
2024-12-18 19:18:00,2636.4,2638.28,2636.4,2638.24,555,5,0,555
2024-12-18 19:21:00,2638.24,2638.89,2637.89,2638.85,540,5,0,540
2024-12-18 19:24:00,2638.83,2638.83,2637.87,2638.29,600,5,0,600
2024-12-18 19:27:00,2638.32,2640.02,2638.32,2639.89,647,5,0,647
2024-12-18 19:30:00,2639.86,2639.9,2638.8,2639.01,486,5,0,486
2024-12-18 19:33:00,2639.0,2639.21,2637.98,2638.22,501,5,0,501
2024-12-18 19:36:00,2638.22,2638.32,2637.86,2638.03,451,5,0,451
2024-12-18 19:39:00,2638.03,2638.41,2637.88,2637.88,576,5,0,576
2024-12-18 19:42:00,2637.87,2638.01,2637.35,2637.5,610,5,0,610
2024-12-18 19:45:00,2637.51,2637.86,2637.08,2637.5,434,5,0,434
2024-12-18 19:48:00,2637.5,2637.72,2636.99,2637.23,457,5,0,457
2024-12-18 19:51:00,2637.23,2637.68,2636.23,2636.5,441,5,0,441
2024-12-18 19:54:00,2636.5,2636.55,2635.9,2636.1,546,5,0,546
2024-12-18 19:57:00,2636.1,2636.84,2635.91,2636.08,625,5,0,625
2024-12-18 20:00:00,2636.07,2637.26,2635.99,2637.15,503,5,0,503
2024-12-18 20:03:00,2637.15,2637.55,2636.62,2636.72,429,5,0,429
2024-12-18 20:06:00,2636.72,2637.8,2636.45,2637.64,401,5,0,401
2024-12-18 20:09:00,2637.64,2637.66,2637.03,2637.1,513,5,0,513
2024-12-18 20:12:00,2637.12,2637.42,2636.8,2637.39,552,5,0,552
2024-12-18 20:15:00,2637.39,2637.67,2636.87,2636.88,511,5,0,511
2024-12-18 20:18:00,2636.89,2637.63,2636.86,2637.28,413,5,0,413
2024-12-18 20:21:00,2637.28,2637.69,2636.81,2637.34,428,5,0,428
2024-12-18 20:24:00,2637.34,2638.55,2637.25,2638.02,456,5,0,456
2024-12-18 20:27:00,2638.03,2638.95,2637.54,2637.81,524,5,0,524
2024-12-18 20:30:00,2637.85,2638.6,2637.68,2638.49,575,5,0,575
2024-12-18 20:33:00,2638.47,2638.6,2638.02,2638.34,458,5,0,458
2024-12-18 20:36:00,2638.33,2638.86,2637.28,2637.28,437,5,0,437
2024-12-18 20:39:00,2637.23,2637.23,2636.35,2636.38,380,5,0,380
2024-12-18 20:42:00,2636.37,2636.42,2635.83,2636.37,400,5,0,400
2024-12-18 20:45:00,2636.37,2636.48,2635.92,2636.23,437,5,0,437
2024-12-18 20:48:00,2636.23,2636.42,2635.77,2635.78,473,5,0,473
2024-12-18 20:51:00,2635.78,2636.02,2635.39,2636.02,425,5,0,425
2024-12-18 20:54:00,2636.02,2636.51,2635.9,2636.15,349,5,0,349
2024-12-18 20:57:00,2636.14,2636.94,2636.05,2636.51,423,5,0,423
2024-12-18 21:00:00,2636.58,2636.58,2628.14,2632.2,552,5,0,552
2024-12-18 21:03:00,2632.2,2632.84,2622.9,2623.51,880,5,0,880
2024-12-18 21:06:00,2623.03,2623.24,2618.83,2618.83,563,5,0,563
2024-12-18 21:09:00,2618.88,2619.04,2615.59,2618.76,724,5,0,724
2024-12-18 21:12:00,2618.75,2619.58,2615.89,2616.64,784,5,0,784
2024-12-18 21:15:00,2616.69,2618.05,2615.66,2615.95,915,5,0,915
2024-12-18 21:18:00,2615.99,2621.91,2615.99,2621.91,1078,5,0,1078
2024-12-18 21:21:00,2621.84,2623.35,2621.14,2622.49,1068,5,0,1068
2024-12-18 21:24:00,2622.5,2623.81,2621.81,2623.46,1278,5,0,1278
2024-12-18 21:27:00,2623.47,2623.53,2619.72,2619.95,1237,5,0,1237
2024-12-18 21:30:00,2619.95,2623.92,2617.57,2623.42,998,5,0,998
2024-12-18 21:33:00,2623.17,2624.5,2619.83,2621.19,1082,5,0,1082
2024-12-18 21:36:00,2621.09,2621.09,2614.55,2615.1,854,5,0,854
2024-12-18 21:39:00,2615.1,2621.57,2614.92,2621.53,861,5,0,861
2024-12-18 21:42:00,2621.5,2622.86,2617.83,2618.25,1103,5,0,1103
2024-12-18 21:45:00,2618.31,2618.48,2611.68,2611.69,817,5,0,817
2024-12-18 21:48:00,2611.59,2612.51,2609.6,2609.86,842,5,0,842
2024-12-18 21:51:00,2609.82,2613.16,2608.25,2610.15,852,5,0,852
2024-12-18 21:54:00,2610.28,2610.29,2606.22,2606.52,968,5,0,968
2024-12-18 21:57:00,2606.49,2606.51,2604.15,2604.43,813,5,0,813
2024-12-18 22:00:00,2604.43,2609.33,2604.08,2608.54,828,5,0,828
2024-12-18 22:03:00,2608.75,2609.12,2603.68,2605.09,768,5,0,768
2024-12-18 22:06:00,2604.99,2608.17,2604.36,2607.02,658,5,0,658
2024-12-18 22:09:00,2607.27,2608.33,2604.7,2604.71,686,5,0,686
2024-12-18 22:12:00,2604.78,2607.29,2604.35,2606.95,684,5,0,684
2024-12-18 22:15:00,2606.95,2607.36,2604.26,2604.28,716,5,0,716
2024-12-18 22:18:00,2604.28,2605.28,2601.14,2601.79,619,5,0,619
2024-12-18 22:21:00,2601.8,2605.74,2601.68,2604.44,695,5,0,695
2024-12-18 22:24:00,2604.8,2605.65,2602.42,2602.71,606,5,0,606
2024-12-18 22:27:00,2602.71,2602.71,2595.9,2596.09,901,5,0,901
2024-12-18 22:30:00,2596.07,2596.82,2592.42,2594.51,1052,5,0,1052
2024-12-18 22:33:00,2594.51,2594.64,2590.02,2590.09,1084,5,0,1084
2024-12-18 22:36:00,2590.13,2592.23,2588.5,2589.8,1144,5,0,1144
2024-12-18 22:39:00,2589.82,2592.22,2587.33,2589.5,939,5,0,939
2024-12-18 22:42:00,2590.12,2592.32,2588.7,2589.49,851,5,0,851
2024-12-18 22:45:00,2589.49,2590.01,2587.85,2589.96,877,5,0,877
2024-12-18 22:48:00,2589.9,2593.66,2589.9,2593.11,665,5,0,665
2024-12-18 22:51:00,2593.12,2593.19,2590.78,2593.12,767,5,0,767
2024-12-18 22:54:00,2593.13,2593.55,2590.71,2591.13,919,5,0,919
2024-12-18 22:57:00,2591.14,2594.63,2590.94,2592.53,1048,5,0,1048
2024-12-18 23:00:00,2592.77,2595.38,2592.71,2594.5,824,5,0,824
2024-12-18 23:03:00,2594.5,2594.62,2592.64,2593.39,782,5,0,782
2024-12-18 23:06:00,2593.37,2593.46,2591.33,2591.73,630,5,0,630
2024-12-18 23:09:00,2591.75,2595.05,2591.7,2593.75,549,5,0,549
2024-12-18 23:12:00,2593.75,2595.1,2593.66,2594.95,498,5,0,498
2024-12-18 23:15:00,2594.95,2595.34,2592.95,2593.11,556,5,0,556
2024-12-18 23:18:00,2593.08,2593.86,2592.25,2592.51,438,5,0,438
2024-12-18 23:21:00,2592.49,2593.32,2591.78,2592.6,404,5,0,404
2024-12-18 23:24:00,2592.6,2592.6,2591.41,2592.16,342,5,0,342
2024-12-18 23:27:00,2592.16,2592.19,2589.7,2589.92,422,5,0,422
2024-12-18 23:30:00,2589.92,2589.94,2587.78,2587.78,733,5,0,733
2024-12-18 23:33:00,2587.69,2589.47,2587.27,2587.37,630,5,0,630
2024-12-18 23:36:00,2587.35,2588.3,2586.73,2587.5,716,5,0,716
2024-12-18 23:39:00,2587.5,2589.43,2587.48,2588.74,630,5,0,630
2024-12-18 23:42:00,2588.79,2589.14,2587.5,2587.67,430,5,0,430
2024-12-18 23:45:00,2587.67,2588.21,2586.73,2586.92,466,5,0,466
2024-12-18 23:48:00,2586.92,2588.28,2586.89,2587.31,389,5,0,389
2024-12-18 23:51:00,2587.3,2587.73,2586.99,2587.22,350,5,0,350
2024-12-18 23:54:00,2587.2,2587.29,2583.82,2585.39,728,5,0,728
2024-12-18 23:57:00,2585.38,2586.41,2585.24,2585.7,240,5,0,240
2024-12-19 01:00:00,2583.93,2587.3,2583.46,2587.3,210,5,0,210
2024-12-19 01:03:00,2587.3,2588.19,2585.96,2588.05,192,5,0,192
2024-12-19 01:06:00,2588.05,2590.06,2587.8,2589.49,238,5,0,238
2024-12-19 01:09:00,2589.41,2590.21,2589.35,2589.35,151,5,0,151
2024-12-19 01:12:00,2589.36,2589.99,2589.0,2589.64,144,5,0,144
2024-12-19 01:15:00,2589.64,2590.31,2589.25,2590.28,289,5,0,289
2024-12-19 01:18:00,2590.28,2592.28,2590.27,2591.37,232,5,0,232
2024-12-19 01:21:00,2591.37,2591.37,2589.11,2589.93,287,5,0,287
2024-12-19 01:24:00,2589.93,2590.57,2588.72,2590.49,154,5,0,154
2024-12-19 01:27:00,2590.49,2591.25,2590.11,2590.5,160,5,0,160
2024-12-19 01:30:00,2590.5,2591.19,2589.56,2590.24,268,5,0,268
2024-12-19 01:33:00,2590.24,2591.43,2589.62,2589.78,252,5,0,252
2024-12-19 01:36:00,2589.75,2589.96,2588.98,2589.5,146,5,0,146
2024-12-19 01:39:00,2589.5,2589.99,2589.07,2589.37,155,5,0,155
2024-12-19 01:42:00,2589.38,2589.56,2588.49,2588.93,369,5,0,369
2024-12-19 01:45:00,2588.94,2589.72,2586.47,2586.99,610,5,0,610
2024-12-19 01:48:00,2586.99,2588.37,2586.86,2587.83,423,5,0,423
2024-12-19 01:51:00,2587.8,2589.63,2587.36,2589.24,416,5,0,416
2024-12-19 01:54:00,2589.24,2589.51,2587.85,2587.95,386,5,0,386
2024-12-19 01:57:00,2587.95,2589.14,2587.89,2588.13,355,5,0,355
2024-12-19 02:00:00,2588.19,2589.67,2587.98,2588.37,637,5,0,637
2024-12-19 02:03:00,2588.4,2589.87,2588.22,2589.81,526,5,0,526
2024-12-19 02:06:00,2589.8,2590.21,2588.66,2588.78,600,5,0,600
2024-12-19 02:09:00,2588.78,2590.39,2588.74,2590.36,431,5,0,431
2024-12-19 02:12:00,2590.36,2590.48,2588.51,2588.51,327,5,0,327
2024-12-19 02:15:00,2588.59,2590.59,2588.5,2590.49,274,5,0,274
2024-12-19 02:18:00,2590.5,2590.64,2589.28,2589.8,329,5,0,329
2024-12-19 02:21:00,2589.8,2590.78,2589.35,2590.52,381,5,0,381
2024-12-19 02:24:00,2590.53,2592.31,2590.53,2591.99,367,5,0,367
2024-12-19 02:27:00,2591.99,2593.66,2591.23,2593.47,348,5,0,348
2024-12-19 02:30:00,2593.5,2593.5,2592.81,2593.23,339,5,0,339
2024-12-19 02:33:00,2593.22,2594.13,2593.07,2593.8,339,5,0,339
2024-12-19 02:36:00,2593.8,2595.31,2593.25,2594.97,426,5,0,426
2024-12-19 02:39:00,2594.98,2596.21,2594.28,2594.72,480,5,0,480
2024-12-19 02:42:00,2594.71,2594.71,2594.03,2594.43,240,5,0,240
2024-12-19 02:45:00,2594.43,2595.9,2594.43,2595.0,285,5,0,285
2024-12-19 02:48:00,2595.0,2595.32,2594.67,2595.21,338,5,0,338
2024-12-19 02:51:00,2595.19,2595.41,2594.27,2595.35,303,5,0,303
2024-12-19 02:54:00,2595.37,2595.95,2594.35,2594.6,454,5,0,454
2024-12-19 02:57:00,2594.6,2597.15,2593.48,2595.29,679,5,0,679
2024-12-19 03:00:00,2595.29,2596.33,2593.43,2594.56,1627,5,0,1627
2024-12-19 03:03:00,2594.58,2599.16,2594.2,2598.81,1435,5,0,1435
2024-12-19 03:06:00,2598.81,2599.11,2596.95,2598.51,1236,5,0,1236
2024-12-19 03:09:00,2598.51,2601.08,2598.26,2599.16,1420,5,0,1420
2024-12-19 03:12:00,2599.21,2601.88,2598.91,2601.61,868,5,0,868
2024-12-19 03:15:00,2601.57,2603.19,2599.81,2602.69,1109,5,0,1109
2024-12-19 03:18:00,2602.7,2603.25,2601.89,2602.02,746,5,0,746
2024-12-19 03:21:00,2601.98,2603.92,2601.94,2603.6,942,5,0,942
2024-12-19 03:24:00,2603.6,2604.91,2603.05,2604.79,877,5,0,877
2024-12-19 03:27:00,2604.79,2605.63,2604.34,2604.34,744,5,0,744
2024-12-19 03:30:00,2604.33,2606.15,2603.92,2606.03,789,5,0,789
2024-12-19 03:33:00,2606.01,2609.23,2605.84,2609.23,981,5,0,981
2024-12-19 03:36:00,2609.21,2611.71,2609.11,2611.71,1177,5,0,1177
2024-12-19 03:39:00,2611.71,2612.43,2610.35,2611.47,1010,5,0,1010
2024-12-19 03:42:00,2611.46,2615.54,2611.46,2614.21,969,5,0,969
2024-12-19 03:45:00,2614.2,2618.16,2614.19,2617.89,1172,5,0,1172
2024-12-19 03:48:00,2617.89,2617.89,2612.47,2612.53,1183,5,0,1183
2024-12-19 03:51:00,2612.52,2615.28,2612.21,2615.17,911,5,0,911
2024-12-19 03:54:00,2615.17,2617.37,2612.76,2612.85,896,5,0,896
2024-12-19 03:57:00,2612.84,2612.91,2611.14,2611.98,779,5,0,779
2024-12-19 04:00:00,2611.98,2613.47,2610.34,2610.49,635,5,0,635
2024-12-19 04:03:00,2610.5,2612.14,2609.88,2611.93,856,5,0,856
2024-12-19 04:06:00,2611.93,2612.62,2610.46,2611.76,588,5,0,588
2024-12-19 04:09:00,2611.76,2612.15,2610.85,2611.18,442,5,0,442
2024-12-19 04:12:00,2611.17,2612.72,2611.08,2611.18,459,5,0,459
2024-12-19 04:15:00,2611.18,2612.72,2611.13,2611.28,372,5,0,372
2024-12-19 04:18:00,2611.28,2611.54,2609.96,2610.34,349,5,0,349
2024-12-19 04:21:00,2610.36,2611.5,2610.33,2610.75,348,5,0,348
2024-12-19 04:24:00,2610.75,2611.95,2610.36,2610.58,328,5,0,328
2024-12-19 04:27:00,2610.56,2611.15,2609.43,2610.6,399,5,0,399
2024-12-19 04:30:00,2610.6,2610.82,2609.5,2609.65,476,5,0,476
2024-12-19 04:33:00,2609.65,2610.37,2608.56,2610.27,517,5,0,517
2024-12-19 04:36:00,2610.24,2610.37,2608.75,2609.02,398,5,0,398
2024-12-19 04:39:00,2609.01,2609.19,2606.32,2607.31,705,5,0,705
2024-12-19 04:42:00,2607.32,2608.01,2606.31,2606.45,584,5,0,584
2024-12-19 04:45:00,2606.45,2608.88,2606.45,2608.71,442,5,0,442
2024-12-19 04:48:00,2608.74,2609.78,2607.97,2608.04,573,5,0,573
2024-12-19 04:51:00,2608.04,2608.54,2607.26,2608.26,824,5,0,824
