time,open,high,low,close,tick_volume,spread,real_volume,volume
2024-02-14 02:24:00,1992.13,1992.79,1992.11,1992.79,219,4,0,219
2024-02-14 02:27:00,1992.79,1992.89,1992.38,1992.42,124,4,0,124
2024-02-14 02:30:00,1992.42,1992.88,1992.41,1992.83,113,4,0,113
2024-02-14 02:33:00,1992.81,1992.81,1992.34,1992.5,132,4,0,132
2024-02-14 02:36:00,1992.5,1992.81,1992.45,1992.61,103,4,0,103
2024-02-14 02:39:00,1992.61,1992.91,1992.61,1992.91,152,4,0,152
2024-02-14 02:42:00,1992.91,1992.98,1992.76,1992.96,133,4,0,133
2024-02-14 02:45:00,1992.96,1993.12,1992.9,1992.93,124,4,0,124
2024-02-14 02:48:00,1992.93,1993.13,1992.42,1992.5,242,4,0,242
2024-02-14 02:51:00,1992.5,1992.81,1992.17,1992.81,291,4,0,291
2024-02-14 02:54:00,1992.79,1993.31,1992.79,1992.96,238,4,0,238
2024-02-14 02:57:00,1992.96,1993.07,1992.59,1992.72,190,4,0,190
2024-02-14 03:00:00,1992.72,1992.77,1992.17,1992.17,325,4,0,325
2024-02-14 03:03:00,1992.17,1992.19,1991.79,1991.96,275,4,0,275
2024-02-14 03:06:00,1991.96,1992.14,1991.74,1991.97,243,4,0,243
2024-02-14 03:09:00,1991.97,1992.28,1991.51,1991.53,256,4,0,256
2024-02-14 03:12:00,1991.53,1991.53,1990.87,1991.1,322,4,0,322
2024-02-14 03:15:00,1991.1,1991.1,1988.98,1989.51,664,4,0,664
2024-02-14 03:18:00,1989.51,1989.73,1988.87,1989.43,403,4,0,403
2024-02-14 03:21:00,1989.42,1989.71,1989.27,1989.69,327,4,0,327
2024-02-14 03:24:00,1989.68,1989.87,1989.46,1989.66,195,4,0,195
2024-02-14 03:27:00,1989.66,1990.66,1989.66,1990.56,288,4,0,288
2024-02-14 03:30:00,1990.55,1990.59,1990.03,1990.59,252,4,0,252
2024-02-14 03:33:00,1990.59,1990.99,1990.57,1990.76,204,4,0,204
2024-02-14 03:36:00,1990.76,1990.96,1990.5,1990.96,197,4,0,197
2024-02-14 03:39:00,1990.96,1992.28,1990.65,1992.27,249,4,0,249
2024-02-14 03:42:00,1992.27,1992.45,1991.45,1991.48,327,4,0,327
2024-02-14 03:45:00,1991.48,1991.66,1991.03,1991.24,200,4,0,200
2024-02-14 03:48:00,1991.24,1991.78,1991.04,1991.74,260,4,0,260
2024-02-14 03:51:00,1991.74,1992.82,1991.54,1992.64,392,4,0,392
2024-02-14 03:54:00,1992.64,1992.75,1992.53,1992.64,198,4,0,198
2024-02-14 03:57:00,1992.64,1992.94,1992.54,1992.9,224,4,0,224
2024-02-14 04:00:00,1992.89,1992.94,1992.36,1992.82,226,4,0,226
2024-02-14 04:03:00,1992.82,1993.25,1992.82,1993.01,241,4,0,241
2024-02-14 04:06:00,1993.01,1993.29,1992.57,1993.23,273,4,0,273
2024-02-14 04:09:00,1993.18,1993.66,1992.88,1993.05,498,4,0,498
2024-02-14 04:12:00,1993.05,1993.34,1992.31,1992.36,358,4,0,358
2024-02-14 04:15:00,1992.33,1992.54,1991.99,1992.26,164,4,0,164
2024-02-14 04:18:00,1992.26,1992.42,1991.96,1992.21,223,4,0,223
2024-02-14 04:21:00,1992.21,1992.26,1991.73,1992.02,159,4,0,159
2024-02-14 04:24:00,1992.01,1992.08,1991.78,1991.99,119,4,0,119
2024-02-14 04:27:00,1991.99,1992.07,1991.92,1991.97,156,4,0,156
2024-02-14 04:30:00,1991.97,1992.36,1991.64,1992.01,222,4,0,222
2024-02-14 04:33:00,1992.01,1992.29,1991.88,1991.88,205,4,0,205
2024-02-14 04:36:00,1991.89,1991.93,1991.31,1991.49,158,4,0,158
2024-02-14 04:39:00,1991.49,1991.59,1991.18,1991.49,165,4,0,165
2024-02-14 04:42:00,1991.44,1991.69,1991.31,1991.61,217,4,0,217
2024-02-14 04:45:00,1991.61,1991.75,1991.43,1991.68,233,4,0,233
2024-02-14 04:48:00,1991.69,1991.92,1991.6,1991.9,164,4,0,164
2024-02-14 04:51:00,1991.9,1992.06,1991.72,1992.01,146,4,0,146
2024-02-14 04:54:00,1992.01,1992.12,1991.87,1992.12,195,4,0,195
2024-02-14 04:57:00,1992.12,1992.32,1992.1,1992.25,191,4,0,191
2024-02-14 05:00:00,1992.27,1992.36,1992.01,1992.36,253,4,0,253
2024-02-14 05:03:00,1992.35,1992.36,1992.02,1992.07,193,4,0,193
2024-02-14 05:06:00,1992.07,1992.11,1991.9,1992.1,207,4,0,207
2024-02-14 05:09:00,1992.11,1992.11,1991.72,1991.91,115,4,0,115
2024-02-14 05:12:00,1991.91,1992.07,1991.66,1991.89,177,4,0,177
2024-02-14 05:15:00,1991.92,1991.96,1991.58,1991.64,170,4,0,170
2024-02-14 05:18:00,1991.64,1991.78,1991.38,1991.42,170,4,0,170
2024-02-14 05:21:00,1991.42,1991.85,1991.27,1991.79,198,4,0,198
2024-02-14 05:24:00,1991.76,1992.14,1991.74,1992.06,197,4,0,197
2024-02-14 05:27:00,1992.06,1992.43,1991.64,1992.4,192,4,0,192
2024-02-14 05:30:00,1992.41,1992.43,1992.14,1992.17,145,4,0,145
2024-02-14 05:33:00,1992.17,1992.25,1991.94,1992.22,139,4,0,139
2024-02-14 05:36:00,1992.22,1992.38,1992.11,1992.36,87,4,0,87
2024-02-14 05:39:00,1992.33,1992.69,1992.33,1992.51,127,4,0,127
2024-02-14 05:42:00,1992.51,1992.67,1992.5,1992.55,107,4,0,107
2024-02-14 05:45:00,1992.54,1992.88,1992.54,1992.88,166,4,0,166
2024-02-14 05:48:00,1992.9,1993.1,1992.64,1992.65,228,4,0,228
2024-02-14 05:51:00,1992.67,1992.73,1992.38,1992.38,108,4,0,108
2024-02-14 05:54:00,1992.37,1992.47,1992.25,1992.39,93,4,0,93
2024-02-14 05:57:00,1992.39,1992.54,1992.22,1992.49,152,4,0,152
2024-02-14 06:00:00,1992.49,1992.72,1992.45,1992.66,177,4,0,177
2024-02-14 06:03:00,1992.66,1992.94,1992.48,1992.73,236,4,0,236
2024-02-14 06:06:00,1992.75,1992.94,1992.74,1992.89,123,4,0,123
2024-02-14 06:09:00,1992.89,1992.89,1992.52,1992.68,163,4,0,163
2024-02-14 06:12:00,1992.68,1992.94,1992.51,1992.63,188,4,0,188
2024-02-14 06:15:00,1992.65,1992.68,1992.41,1992.43,160,4,0,160
2024-02-14 06:18:00,1992.43,1992.6,1992.39,1992.46,122,4,0,122
2024-02-14 06:21:00,1992.46,1992.57,1992.26,1992.47,94,4,0,94
2024-02-14 06:24:00,1992.47,1992.51,1992.26,1992.4,120,4,0,120
2024-02-14 06:27:00,1992.4,1992.6,1992.28,1992.51,152,4,0,152
2024-02-14 06:30:00,1992.49,1992.57,1992.28,1992.44,113,4,0,113
2024-02-14 06:33:00,1992.44,1992.69,1992.43,1992.67,108,4,0,108
2024-02-14 06:36:00,1992.67,1992.78,1992.31,1992.31,136,4,0,136
2024-02-14 06:39:00,1992.31,1992.55,1992.02,1992.55,159,4,0,159
2024-02-14 06:42:00,1992.55,1992.58,1992.36,1992.38,121,4,0,121
2024-02-14 06:45:00,1992.38,1992.78,1992.38,1992.64,158,4,0,158
2024-02-14 06:48:00,1992.65,1992.89,1992.65,1992.81,199,4,0,199
2024-02-14 06:51:00,1992.81,1992.82,1992.42,1992.48,123,4,0,123
2024-02-14 06:54:00,1992.49,1992.6,1992.25,1992.51,171,4,0,171
2024-02-14 06:57:00,1992.52,1992.64,1992.31,1992.42,135,4,0,135
2024-02-14 07:00:00,1992.42,1992.48,1992.21,1992.41,169,4,0,169
2024-02-14 07:03:00,1992.41,1992.8,1992.31,1992.66,257,4,0,257
2024-02-14 07:06:00,1992.65,1992.67,1992.39,1992.44,197,4,0,197
2024-02-14 07:09:00,1992.44,1992.57,1992.38,1992.41,153,4,0,153
2024-02-14 07:12:00,1992.41,1992.62,1992.36,1992.58,150,4,0,150
2024-02-14 07:15:00,1992.58,1992.73,1992.44,1992.73,143,4,0,143
2024-02-14 07:18:00,1992.73,1992.79,1992.46,1992.59,104,4,0,104
2024-02-14 07:21:00,1992.59,1992.63,1992.41,1992.54,133,4,0,133
2024-02-14 07:24:00,1992.55,1992.83,1992.41,1992.82,129,4,0,129
2024-02-14 07:27:00,1992.82,1993.08,1992.82,1992.85,115,4,0,115
2024-02-14 07:30:00,1992.85,1992.98,1992.34,1992.76,186,4,0,186
2024-02-14 07:33:00,1992.76,1993.34,1992.69,1993.28,143,4,0,143
2024-02-14 07:36:00,1993.28,1993.38,1992.98,1993.33,170,4,0,170
2024-02-14 07:39:00,1993.32,1993.39,1992.76,1992.95,124,4,0,124
2024-02-14 07:42:00,1992.95,1993.12,1992.89,1993.05,72,4,0,72
2024-02-14 07:45:00,1993.06,1993.14,1992.96,1993.05,119,4,0,119
2024-02-14 07:48:00,1993.06,1993.18,1993.03,1993.13,65,4,0,65
2024-02-14 07:51:00,1993.14,1993.37,1992.98,1993.29,151,4,0,151
2024-02-14 07:54:00,1993.29,1993.3,1992.88,1992.88,159,4,0,159
2024-02-14 07:57:00,1992.88,1993.1,1992.84,1993.03,128,4,0,128
2024-02-14 08:00:00,1993.03,1993.03,1992.63,1992.82,145,4,0,145
2024-02-14 08:03:00,1992.82,1992.82,1992.49,1992.5,147,4,0,147
2024-02-14 08:06:00,1992.51,1992.73,1992.32,1992.71,147,4,0,147
2024-02-14 08:09:00,1992.71,1992.8,1992.18,1992.2,222,4,0,222
2024-02-14 08:12:00,1992.2,1992.27,1991.81,1992.16,254,4,0,254
2024-02-14 08:15:00,1992.18,1992.5,1992.12,1992.21,148,4,0,148
2024-02-14 08:18:00,1992.21,1992.32,1992.08,1992.12,112,4,0,112
2024-02-14 08:21:00,1992.12,1992.24,1992.05,1992.2,121,4,0,121
2024-02-14 08:24:00,1992.21,1992.32,1992.11,1992.15,125,4,0,125
2024-02-14 08:27:00,1992.16,1992.32,1992.12,1992.25,186,4,0,186
2024-02-14 08:30:00,1992.25,1992.31,1991.96,1991.97,142,4,0,142
2024-02-14 08:33:00,1991.97,1992.02,1991.88,1992.01,93,4,0,93
2024-02-14 08:36:00,1992.02,1992.19,1991.79,1992.19,173,4,0,173
2024-02-14 08:39:00,1992.19,1992.33,1991.88,1992.16,158,4,0,158
2024-02-14 08:42:00,1992.16,1992.35,1992.0,1992.25,165,4,0,165
2024-02-14 08:45:00,1992.26,1992.27,1991.34,1991.36,170,4,0,170
2024-02-14 08:48:00,1991.36,1991.47,1990.99,1991.44,223,4,0,223
2024-02-14 08:51:00,1991.4,1991.87,1991.33,1991.85,165,4,0,165
2024-02-14 08:54:00,1991.86,1992.05,1991.73,1991.94,157,4,0,157
2024-02-14 08:57:00,1991.95,1992.35,1991.91,1992.35,174,4,0,174
2024-02-14 09:00:00,1992.35,1993.1,1991.89,1991.93,698,4,0,698
2024-02-14 09:03:00,1991.93,1991.93,1990.42,1990.53,494,4,0,494
2024-02-14 09:06:00,1990.53,1990.53,1989.71,1990.14,550,4,0,550
2024-02-14 09:09:00,1990.13,1990.44,1990.0,1990.42,409,4,0,409
2024-02-14 09:12:00,1990.42,1991.75,1990.42,1991.35,472,4,0,472
2024-02-14 09:15:00,1991.35,1992.17,1991.11,1991.36,498,4,0,498
2024-02-14 09:18:00,1991.36,1992.44,1991.32,1992.36,325,4,0,325
2024-02-14 09:21:00,1992.36,1992.5,1991.99,1992.21,415,4,0,415
2024-02-14 09:24:00,1992.21,1992.36,1991.79,1992.13,371,4,0,371
2024-02-14 09:27:00,1992.13,1992.57,1991.99,1992.32,310,4,0,310
2024-02-14 09:30:00,1992.32,1992.5,1991.77,1992.27,529,4,0,529
2024-02-14 09:33:00,1992.27,1992.32,1991.56,1991.58,308,4,0,308
2024-02-14 09:36:00,1991.58,1991.67,1990.69,1990.74,313,4,0,313
2024-02-14 09:39:00,1990.75,1990.87,1990.35,1990.58,292,4,0,292
2024-02-14 09:42:00,1990.59,1990.79,1990.28,1990.3,316,4,0,316
2024-02-14 09:45:00,1990.3,1990.49,1989.75,1989.78,262,4,0,262
2024-02-14 09:48:00,1989.78,1990.67,1989.78,1990.44,402,4,0,402
2024-02-14 09:51:00,1990.45,1990.81,1990.35,1990.43,328,4,0,328
2024-02-14 09:54:00,1990.43,1990.44,1989.77,1990.1,268,4,0,268
2024-02-14 09:57:00,1990.1,1990.12,1989.42,1989.51,378,4,0,378
2024-02-14 10:00:00,1989.51,1990.65,1989.5,1989.93,668,4,0,668
2024-02-14 10:03:00,1989.93,1989.95,1989.19,1989.32,389,4,0,389
2024-02-14 10:06:00,1989.32,1989.34,1987.89,1988.4,941,4,0,941
2024-02-14 10:09:00,1988.4,1989.29,1988.22,1988.63,703,4,0,703
2024-02-14 10:12:00,1988.63,1988.67,1987.69,1988.22,519,4,0,519
2024-02-14 10:15:00,1988.22,1988.26,1987.24,1987.44,664,4,0,664
2024-02-14 10:18:00,1987.44,1987.97,1987.15,1987.94,428,4,0,428
2024-02-14 10:21:00,1987.96,1988.13,1987.19,1987.34,464,4,0,464
2024-02-14 10:24:00,1987.34,1988.63,1987.34,1988.54,400,4,0,400
2024-02-14 10:27:00,1988.54,1988.85,1987.17,1987.45,461,4,0,461
2024-02-14 10:30:00,1987.45,1987.68,1986.11,1987.35,937,4,0,937
2024-02-14 10:33:00,1987.35,1987.71,1986.89,1987.52,651,4,0,651
2024-02-14 10:36:00,1987.5,1987.97,1987.21,1987.96,506,4,0,506
2024-02-14 10:39:00,1987.96,1988.25,1987.5,1987.6,378,4,0,378
2024-02-14 10:42:00,1987.59,1989.54,1987.45,1989.25,513,4,0,513
2024-02-14 10:45:00,1989.25,1989.57,1988.89,1989.08,420,4,0,420
2024-02-14 10:48:00,1989.08,1989.28,1988.84,1989.07,343,4,0,343
2024-02-14 10:51:00,1989.07,1990.0,1989.07,1989.74,648,4,0,648
2024-02-14 10:54:00,1989.74,1989.94,1989.07,1989.11,310,4,0,310
2024-02-14 10:57:00,1989.1,1989.3,1988.4,1988.51,570,4,0,570
2024-02-14 11:00:00,1988.52,1989.26,1988.51,1989.26,356,4,0,356
2024-02-14 11:03:00,1989.26,1989.32,1988.89,1988.98,288,4,0,288
2024-02-14 11:06:00,1989.01,1989.05,1988.53,1988.83,244,4,0,244
2024-02-14 11:09:00,1988.86,1989.64,1988.78,1989.63,360,4,0,360
2024-02-14 11:12:00,1989.63,1989.63,1988.93,1989.25,214,4,0,214
2024-02-14 11:15:00,1989.25,1989.63,1989.15,1989.36,275,4,0,275
2024-02-14 11:18:00,1989.36,1989.58,1988.51,1988.57,322,4,0,322
2024-02-14 11:21:00,1988.57,1989.32,1988.46,1989.32,335,4,0,335
2024-02-14 11:24:00,1989.32,1989.81,1989.21,1989.7,408,4,0,408
2024-02-14 11:27:00,1989.71,1990.21,1989.58,1989.97,353,4,0,353
2024-02-14 11:30:00,1989.97,1990.72,1989.88,1990.37,372,4,0,372
2024-02-14 11:33:00,1990.37,1990.47,1989.83,1989.84,333,4,0,333
2024-02-14 11:36:00,1989.84,1989.93,1989.23,1989.28,316,4,0,316
2024-02-14 11:39:00,1989.28,1990.43,1989.16,1990.13,375,4,0,375
2024-02-14 11:42:00,1990.14,1990.18,1989.5,1990.03,257,4,0,257
2024-02-14 11:45:00,1990.04,1990.47,1989.91,1990.37,319,4,0,319
2024-02-14 11:48:00,1990.37,1991.14,1990.24,1990.53,626,4,0,626
2024-02-14 11:51:00,1990.53,1991.31,1990.27,1990.73,457,4,0,457
2024-02-14 11:54:00,1990.76,1991.47,1990.73,1991.38,353,4,0,353
2024-02-14 11:57:00,1991.37,1991.63,1991.19,1991.29,273,4,0,273
2024-02-14 12:00:00,1991.28,1991.67,1991.06,1991.27,378,4,0,378
2024-02-14 12:03:00,1991.27,1991.7,1991.09,1991.59,272,4,0,272
2024-02-14 12:06:00,1991.59,1991.68,1990.91,1991.11,239,4,0,239
2024-02-14 12:09:00,1991.1,1991.31,1990.85,1990.87,212,4,0,212
2024-02-14 12:12:00,1990.87,1991.01,1990.62,1990.63,261,4,0,261
2024-02-14 12:15:00,1990.62,1990.62,1990.14,1990.14,333,4,0,333
2024-02-14 12:18:00,1990.15,1990.86,1990.13,1990.85,240,4,0,240
2024-02-14 12:21:00,1990.85,1991.27,1990.78,1991.17,159,4,0,159
2024-02-14 12:24:00,1991.18,1991.35,1991.04,1991.05,161,4,0,161
2024-02-14 12:27:00,1991.05,1991.05,1990.58,1990.73,234,4,0,234
2024-02-14 12:30:00,1990.73,1991.23,1990.71,1990.97,251,4,0,251
2024-02-14 12:33:00,1990.96,1991.99,1990.92,1991.3,299,4,0,299
2024-02-14 12:36:00,1991.3,1992.17,1991.3,1991.75,236,4,0,236
2024-02-14 12:39:00,1991.74,1991.79,1991.34,1991.7,233,4,0,233
2024-02-14 12:42:00,1991.7,1992.19,1990.95,1991.03,353,4,0,353
2024-02-14 12:45:00,1991.03,1992.51,1991.0,1992.04,651,4,0,651
2024-02-14 12:48:00,1992.04,1992.43,1991.85,1992.05,337,4,0,337
2024-02-14 12:51:00,1992.05,1992.44,1991.93,1992.21,221,4,0,221
2024-02-14 12:54:00,1992.21,1993.19,1992.21,1992.97,378,4,0,378
2024-02-14 12:57:00,1992.98,1993.41,1992.8,1992.93,397,4,0,397
2024-02-14 13:00:00,1992.93,1993.11,1992.02,1992.02,353,4,0,353
2024-02-14 13:03:00,1992.03,1992.41,1992.02,1992.12,257,4,0,257
2024-02-14 13:06:00,1992.13,1992.88,1991.86,1992.86,284,4,0,284
2024-02-14 13:09:00,1992.85,1993.17,1992.75,1993.05,332,4,0,332
2024-02-14 13:12:00,1993.07,1993.23,1992.6,1992.78,246,4,0,246
2024-02-14 13:15:00,1992.79,1993.32,1992.76,1993.02,310,4,0,310
2024-02-14 13:18:00,1993.02,1993.33,1992.89,1993.14,210,4,0,210
2024-02-14 13:21:00,1993.14,1993.24,1992.74,1992.97,198,4,0,198
2024-02-14 13:24:00,1992.97,1993.04,1991.35,1992.03,392,4,0,392
2024-02-14 13:27:00,1992.05,1992.07,1991.63,1991.69,321,4,0,321
2024-02-14 13:30:00,1991.72,1991.88,1990.74,1991.19,308,4,0,308
2024-02-14 13:33:00,1991.18,1991.76,1990.91,1991.05,321,4,0,321
2024-02-14 13:36:00,1991.05,1991.7,1990.85,1991.65,236,4,0,236
2024-02-14 13:39:00,1991.65,1993.33,1991.65,1993.21,396,4,0,396
2024-02-14 13:42:00,1993.21,1993.31,1992.3,1992.41,434,4,0,434
2024-02-14 13:45:00,1992.41,1992.47,1991.72,1991.72,267,4,0,267
2024-02-14 13:48:00,1991.73,1992.14,1991.3,1991.55,236,4,0,236
2024-02-14 13:51:00,1991.54,1992.19,1991.28,1991.34,267,4,0,267
2024-02-14 13:54:00,1991.34,1992.25,1991.26,1992.17,259,4,0,259
2024-02-14 13:57:00,1992.17,1992.35,1991.57,1992.32,238,4,0,238
2024-02-14 14:00:00,1992.32,1993.3,1992.2,1992.25,425,4,0,425
2024-02-14 14:03:00,1992.25,1992.44,1991.81,1992.21,341,4,0,341
2024-02-14 14:06:00,1992.22,1992.59,1991.98,1992.27,239,4,0,239
2024-02-14 14:09:00,1992.27,1992.28,1991.32,1991.32,244,4,0,244
2024-02-14 14:12:00,1991.32,1991.59,1991.04,1991.49,313,4,0,313
2024-02-14 14:15:00,1991.49,1991.53,1991.06,1991.3,318,4,0,318
2024-02-14 14:18:00,1991.3,1992.21,1991.08,1991.78,325,4,0,325
2024-02-14 14:21:00,1991.77,1991.92,1990.69,1990.76,293,4,0,293
2024-02-14 14:24:00,1990.76,1991.19,1990.76,1991.0,258,4,0,258
2024-02-14 14:27:00,1991.0,1991.13,1990.63,1990.66,274,4,0,274
2024-02-14 14:30:00,1990.66,1990.95,1990.13,1990.16,329,4,0,329
2024-02-14 14:33:00,1990.19,1990.23,1989.61,1990.07,527,4,0,527
2024-02-14 14:36:00,1990.07,1990.81,1990.07,1990.67,265,4,0,265
2024-02-14 14:39:00,1990.68,1990.7,1990.0,1990.2,215,4,0,215
2024-02-14 14:42:00,1990.2,1990.78,1990.06,1990.52,257,4,0,257
2024-02-14 14:45:00,1990.52,1990.71,1990.39,1990.5,181,4,0,181
2024-02-14 14:48:00,1990.5,1990.5,1990.09,1990.15,201,4,0,201
2024-02-14 14:51:00,1990.15,1990.41,1989.96,1990.08,216,4,0,216
2024-02-14 14:54:00,1990.08,1990.43,1990.06,1990.11,207,4,0,207
2024-02-14 14:57:00,1990.11,1990.48,1989.95,1990.31,221,4,0,221
2024-02-14 15:00:00,1990.31,1990.82,1989.79,1990.81,579,4,0,579
2024-02-14 15:03:00,1990.81,1991.69,1990.53,1990.88,667,4,0,667
2024-02-14 15:06:00,1990.87,1991.23,1990.45,1991.11,502,4,0,502
2024-02-14 15:09:00,1991.11,1991.95,1991.03,1991.92,424,4,0,424
2024-02-14 15:12:00,1991.92,1992.74,1991.37,1991.39,589,4,0,589
2024-02-14 15:15:00,1991.39,1991.43,1990.07,1990.8,580,4,0,580
2024-02-14 15:18:00,1990.77,1990.87,1989.29,1989.62,571,4,0,571
2024-02-14 15:21:00,1989.65,1991.96,1989.65,1991.91,831,4,0,831
2024-02-14 15:24:00,1991.94,1992.53,1990.81,1991.34,861,4,0,861
2024-02-14 15:27:00,1991.34,1991.84,1990.4,1990.69,712,4,0,712
2024-02-14 15:30:00,1990.69,1992.18,1990.55,1991.78,762,4,0,762
2024-02-14 15:33:00,1991.77,1992.96,1991.67,1992.64,875,4,0,875
2024-02-14 15:36:00,1992.64,1993.27,1991.59,1992.5,1026,4,0,1026
2024-02-14 15:39:00,1992.53,1992.95,1990.8,1990.98,911,4,0,911
2024-02-14 15:42:00,1990.98,1991.74,1990.59,1990.87,721,4,0,721
2024-02-14 15:45:00,1990.88,1991.52,1990.29,1990.29,615,4,0,615
2024-02-14 15:48:00,1990.28,1990.71,1989.52,1989.74,580,4,0,580
2024-02-14 15:51:00,1989.75,1991.16,1989.51,1990.52,699,4,0,699
2024-02-14 15:54:00,1990.52,1990.55,1988.9,1989.27,922,4,0,922
2024-02-14 15:57:00,1989.29,1989.52,1988.75,1989.17,581,4,0,581
2024-02-14 16:00:00,1989.17,1989.93,1988.92,1989.72,602,4,0,602
2024-02-14 16:03:00,1989.71,1990.68,1989.32,1990.46,521,4,0,521
2024-02-14 16:06:00,1990.46,1991.11,1990.06,1990.82,517,4,0,517
2024-02-14 16:09:00,1990.8,1991.46,1989.9,1989.9,565,4,0,565
2024-02-14 16:12:00,1989.9,1990.49,1989.75,1990.26,492,4,0,492
2024-02-14 16:15:00,1990.26,1990.54,1989.87,1990.33,555,4,0,555
2024-02-14 16:18:00,1990.33,1991.13,1990.18,1990.48,531,4,0,531
2024-02-14 16:21:00,1990.52,1991.31,1990.49,1990.71,619,4,0,619
2024-02-14 16:24:00,1990.71,1991.41,1990.62,1990.84,740,4,0,740
2024-02-14 16:27:00,1990.84,1990.93,1988.97,1989.69,860,4,0,860
2024-02-14 16:30:00,1989.67,1991.63,1988.87,1990.83,1330,4,0,1330
2024-02-14 16:33:00,1990.83,1992.15,1990.67,1991.43,1184,4,0,1184
2024-02-14 16:36:00,1991.43,1992.33,1990.49,1991.18,931,4,0,931
2024-02-14 16:39:00,1991.18,1992.21,1990.75,1990.76,902,4,0,902
2024-02-14 16:42:00,1990.77,1991.87,1990.1,1991.41,1171,4,0,1171
2024-02-14 16:45:00,1991.42,1991.61,1989.34,1989.53,1002,4,0,1002
2024-02-14 16:48:00,1989.53,1989.97,1989.01,1989.75,1072,4,0,1072
2024-02-14 16:51:00,1989.75,1989.96,1987.31,1988.82,1016,4,0,1016
2024-02-14 16:54:00,1988.82,1989.47,1987.95,1987.96,878,4,0,878
2024-02-14 16:57:00,1987.96,1988.19,1986.25,1987.45,1120,4,0,1120
2024-02-14 17:00:00,1987.45,1987.59,1985.21,1985.96,1261,4,0,1261
2024-02-14 17:03:00,1985.97,1989.03,1985.55,1988.71,1148,4,0,1148
2024-02-14 17:06:00,1988.73,1988.99,1986.45,1986.51,891,4,0,891
2024-02-14 17:09:00,1986.51,1986.73,1984.29,1985.07,1058,4,0,1058
2024-02-14 17:12:00,1985.06,1987.55,1985.05,1986.13,1030,4,0,1030
2024-02-14 17:15:00,1986.13,1986.59,1985.7,1986.05,944,4,0,944
2024-02-14 17:18:00,1986.06,1988.14,1986.01,1988.01,971,4,0,971
2024-02-14 17:21:00,1988.0,1988.3,1987.23,1987.94,850,4,0,850
2024-02-14 17:24:00,1987.94,1988.03,1987.27,1987.7,747,4,0,747
2024-02-14 17:27:00,1987.69,1988.03,1987.06,1987.39,743,4,0,743
2024-02-14 17:30:00,1987.37,1987.62,1986.28,1987.62,680,4,0,680
2024-02-14 17:33:00,1987.62,1987.73,1985.84,1986.82,721,4,0,721
2024-02-14 17:36:00,1986.82,1986.84,1985.96,1986.66,616,4,0,616
2024-02-14 17:39:00,1986.66,1987.15,1985.94,1986.19,673,4,0,673
2024-02-14 17:42:00,1986.18,1986.38,1985.58,1986.06,583,4,0,583
2024-02-14 17:45:00,1986.06,1987.23,1985.78,1986.91,603,4,0,603
2024-02-14 17:48:00,1986.91,1987.51,1986.8,1987.01,681,4,0,681
2024-02-14 17:51:00,1987.01,1988.44,1986.98,1987.41,676,4,0,676
2024-02-14 17:54:00,1987.41,1988.49,1987.04,1988.4,697,4,0,697
2024-02-14 17:57:00,1988.42,1988.58,1987.78,1987.93,800,4,0,800
2024-02-14 18:00:00,1987.93,1988.58,1987.53,1988.22,741,4,0,741
2024-02-14 18:03:00,1988.22,1989.72,1988.06,1989.56,826,4,0,826
2024-02-14 18:06:00,1989.56,1990.81,1989.46,1990.28,752,4,0,752
2024-02-14 18:09:00,1990.28,1991.25,1990.28,1990.79,539,4,0,539
2024-02-14 18:12:00,1990.79,1990.89,1989.14,1989.28,465,4,0,465
2024-02-14 18:15:00,1989.29,1990.54,1989.1,1989.33,724,4,0,724
2024-02-14 18:18:00,1989.33,1989.69,1988.64,1989.54,594,4,0,594
2024-02-14 18:21:00,1989.53,1990.03,1989.04,1989.93,627,4,0,627
2024-02-14 18:24:00,1989.97,1990.67,1989.94,1990.52,569,4,0,569
2024-02-14 18:27:00,1990.52,1991.46,1990.45,1991.29,539,4,0,539
2024-02-14 18:30:00,1991.3,1992.87,1991.3,1992.81,792,4,0,792
2024-02-14 18:33:00,1992.81,1993.58,1991.96,1993.1,610,4,0,610
2024-02-14 18:36:00,1993.12,1993.22,1991.51,1991.84,589,4,0,589
2024-02-14 18:39:00,1991.87,1992.01,1990.82,1991.24,564,4,0,564
2024-02-14 18:42:00,1991.24,1991.59,1990.71,1990.71,458,4,0,458
2024-02-14 18:45:00,1990.69,1991.2,1990.11,1990.17,551,4,0,551
2024-02-14 18:48:00,1990.17,1991.52,1990.17,1991.13,517,4,0,517
2024-02-14 18:51:00,1991.13,1992.88,1991.08,1992.87,576,4,0,576
2024-02-14 18:54:00,1992.89,1993.66,1992.7,1993.26,678,4,0,678
2024-02-14 18:57:00,1993.25,1993.55,1992.36,1993.2,624,4,0,624
2024-02-14 19:00:00,1993.2,1993.2,1991.05,1991.26,557,4,0,557
2024-02-14 19:03:00,1991.26,1991.79,1991.26,1991.57,561,4,0,561
2024-02-14 19:06:00,1991.57,1992.37,1991.02,1991.92,772,4,0,772
2024-02-14 19:09:00,1991.91,1992.78,1991.91,1992.38,575,4,0,575
2024-02-14 19:12:00,1992.39,1992.7,1991.99,1992.44,516,4,0,516
2024-02-14 19:15:00,1992.43,1992.7,1991.99,1992.4,485,4,0,485
2024-02-14 19:18:00,1992.4,1992.7,1991.71,1991.71,397,4,0,397
2024-02-14 19:21:00,1991.71,1991.85,1990.89,1991.2,448,4,0,448
2024-02-14 19:24:00,1991.2,1991.63,1991.12,1991.62,238,4,0,238
2024-02-14 19:27:00,1991.62,1991.63,1990.78,1991.57,290,4,0,290
2024-02-14 19:30:00,1991.58,1991.59,1990.79,1991.5,392,4,0,392
2024-02-14 19:33:00,1991.5,1992.17,1991.48,1991.92,465,4,0,465
2024-02-14 19:36:00,1991.92,1993.05,1991.7,1992.66,482,4,0,482
2024-02-14 19:39:00,1992.69,1993.13,1992.43,1992.71,415,4,0,415
2024-02-14 19:42:00,1992.71,1994.01,1992.71,1993.76,575,4,0,575
2024-02-14 19:45:00,1993.78,1994.84,1993.57,1994.18,516,4,0,516
2024-02-14 19:48:00,1994.17,1995.3,1994.17,1994.6,468,4,0,468
2024-02-14 19:51:00,1994.6,1995.32,1994.46,1994.83,376,4,0,376
2024-02-14 19:54:00,1994.82,1994.99,1994.23,1994.98,307,4,0,307
2024-02-14 19:57:00,1994.98,1995.04,1994.28,1994.4,184,4,0,184
2024-02-14 20:00:00,1994.4,1995.71,1994.32,1995.42,407,4,0,407
2024-02-14 20:03:00,1995.42,1996.16,1995.16,1995.16,519,4,0,519
2024-02-14 20:06:00,1995.18,1995.18,1993.95,1993.98,637,4,0,637
2024-02-14 20:09:00,1993.98,1994.03,1993.44,1993.56,426,4,0,426
2024-02-14 20:12:00,1993.56,1993.66,1992.82,1993.15,287,4,0,287
2024-02-14 20:15:00,1993.16,1994.24,1992.96,1993.79,209,4,0,209
2024-02-14 20:18:00,1993.79,1994.1,1993.17,1993.33,278,4,0,278
2024-02-14 20:21:00,1993.33,1993.76,1992.58,1992.63,220,4,0,220
2024-02-14 20:24:00,1992.63,1993.08,1992.03,1992.89,470,4,0,470
2024-02-14 20:27:00,1992.89,1993.12,1991.46,1991.73,557,4,0,557
2024-02-14 20:30:00,1991.75,1992.79,1991.74,1992.48,477,4,0,477
2024-02-14 20:33:00,1992.48,1992.53,1991.98,1992.31,295,4,0,295
2024-02-14 20:36:00,1992.31,1992.74,1992.31,1992.47,203,4,0,203
2024-02-14 20:39:00,1992.47,1992.6,1992.25,1992.31,209,4,0,209
2024-02-14 20:42:00,1992.31,1992.4,1991.95,1992.19,195,4,0,195
2024-02-14 20:45:00,1992.2,1992.6,1992.09,1992.2,215,4,0,215
2024-02-14 20:48:00,1992.2,1992.21,1991.82,1991.93,198,4,0,198
2024-02-14 20:51:00,1991.93,1992.01,1991.32,1991.56,240,4,0,240
2024-02-14 20:54:00,1991.56,1991.75,1991.16,1991.25,333,4,0,333
2024-02-14 20:57:00,1991.25,1991.8,1991.19,1991.73,356,4,0,356
2024-02-14 21:00:00,1991.74,1991.77,1991.03,1991.51,360,4,0,360
2024-02-14 21:03:00,1991.5,1991.56,1990.95,1991.29,205,4,0,205
2024-02-14 21:06:00,1991.29,1991.63,1991.28,1991.44,309,4,0,309
2024-02-14 21:09:00,1991.46,1991.6,1991.2,1991.21,145,4,0,145
2024-02-14 21:12:00,1991.22,1991.8,1991.21,1991.73,216,4,0,216
2024-02-14 21:15:00,1991.73,1992.07,1991.5,1991.65,194,4,0,194
2024-02-14 21:18:00,1991.65,1991.7,1991.42,1991.59,166,4,0,166
2024-02-14 21:21:00,1991.58,1991.59,1991.25,1991.28,129,4,0,129
2024-02-14 21:24:00,1991.28,1991.29,1990.86,1990.93,224,4,0,224
2024-02-14 21:27:00,1990.92,1990.92,1990.28,1990.61,246,4,0,246
2024-02-14 21:30:00,1990.61,1991.0,1990.56,1990.71,212,4,0,212
2024-02-14 21:33:00,1990.71,1990.74,1990.48,1990.53,166,4,0,166
2024-02-14 21:36:00,1990.53,1990.57,1990.35,1990.38,161,4,0,161
2024-02-14 21:39:00,1990.38,1990.49,1989.92,1989.99,238,4,0,238
2024-02-14 21:42:00,1989.99,1990.17,1989.86,1989.9,186,4,0,186
2024-02-14 21:45:00,1989.9,1990.16,1989.81,1989.87,215,4,0,215
2024-02-14 21:48:00,1989.87,1990.99,1989.81,1990.99,262,4,0,262
2024-02-14 21:51:00,1990.99,1991.36,1990.84,1991.27,259,4,0,259
2024-02-14 21:54:00,1991.27,1991.64,1991.19,1991.63,167,4,0,167
2024-02-14 21:57:00,1991.62,1991.9,1991.62,1991.78,272,4,0,272
2024-02-14 22:00:00,1991.78,1991.87,1991.61,1991.75,285,4,0,285
2024-02-14 22:03:00,1991.76,1991.83,1991.05,1991.23,195,4,0,195
2024-02-14 22:06:00,1991.26,1991.47,1991.15,1991.15,208,4,0,208
2024-02-14 22:09:00,1991.15,1991.48,1991.15,1991.29,158,4,0,158
2024-02-14 22:12:00,1991.29,1991.4,1991.22,1991.32,201,4,0,201
2024-02-14 22:15:00,1991.32,1991.53,1991.28,1991.32,155,4,0,155
2024-02-14 22:18:00,1991.32,1991.32,1990.0,1990.21,266,4,0,266
2024-02-14 22:21:00,1990.21,1990.47,1990.08,1990.16,229,4,0,229
2024-02-14 22:24:00,1990.16,1990.34,1989.97,1990.08,190,4,0,190
2024-02-14 22:27:00,1990.08,1990.42,1990.08,1990.3,359,4,0,359
2024-02-14 22:30:00,1990.3,1990.3,1989.7,1989.95,308,4,0,308
2024-02-14 22:33:00,1989.95,1990.35,1989.84,1990.0,320,4,0,320
2024-02-14 22:36:00,1990.0,1990.85,1989.96,1990.84,281,4,0,281
2024-02-14 22:39:00,1990.85,1990.96,1990.64,1990.94,157,4,0,157
2024-02-14 22:42:00,1990.94,1991.04,1990.76,1990.99,169,4,0,169
2024-02-14 22:45:00,1991.0,1991.04,1990.69,1990.79,127,4,0,127
2024-02-14 22:48:00,1990.79,1991.03,1990.79,1990.88,108,4,0,108
2024-02-14 22:51:00,1990.89,1991.06,1990.86,1991.06,127,4,0,127
2024-02-14 22:54:00,1991.06,1991.3,1991.06,1991.26,153,4,0,153
2024-02-14 22:57:00,1991.26,1991.29,1990.96,1991.18,207,4,0,207
2024-02-14 23:00:00,1991.18,1991.18,1990.58,1990.73,309,4,0,309
2024-02-14 23:03:00,1990.72,1990.88,1990.65,1990.88,76,4,0,76
2024-02-14 23:06:00,1990.88,1990.88,1990.52,1990.62,71,4,0,71
2024-02-14 23:09:00,1990.61,1990.77,1990.51,1990.57,103,4,0,103
2024-02-14 23:12:00,1990.57,1990.83,1990.46,1990.83,122,4,0,122
2024-02-14 23:15:00,1990.82,1990.89,1990.78,1990.82,69,4,0,69
2024-02-14 23:18:00,1990.82,1991.07,1990.73,1991.04,95,4,0,95
2024-02-14 23:21:00,1991.03,1991.05,1990.78,1990.85,79,4,0,79
2024-02-14 23:24:00,1990.85,1990.85,1990.69,1990.73,65,4,0,65
2024-02-14 23:27:00,1990.73,1990.73,1990.56,1990.66,65,4,0,65
2024-02-14 23:30:00,1990.67,1990.92,1990.63,1990.92,112,4,0,112
2024-02-14 23:33:00,1990.92,1991.28,1990.9,1990.96,107,4,0,107
2024-02-14 23:36:00,1990.97,1991.25,1990.87,1991.25,126,4,0,126
2024-02-14 23:39:00,1991.24,1991.65,1991.15,1991.64,176,4,0,176
2024-02-14 23:42:00,1991.63,1992.02,1991.52,1991.87,131,4,0,131
2024-02-14 23:45:00,1991.87,1992.18,1991.69,1992.18,178,4,0,178
2024-02-14 23:48:00,1992.17,1992.96,1992.12,1992.5,244,4,0,244
2024-02-14 23:51:00,1992.5,1992.5,1991.89,1992.28,222,4,0,222
2024-02-14 23:54:00,1992.28,1992.31,1992.03,1992.26,134,4,0,134
2024-02-14 23:57:00,1992.26,1992.26,1992.0,1992.0,67,4,0,67
2024-02-15 01:00:00,1992.73,1993.05,1992.41,1992.63,62,4,0,62
2024-02-15 01:03:00,1992.63,1993.37,1992.63,1993.16,55,4,0,55
2024-02-15 01:06:00,1993.08,1993.45,1992.87,1993.35,80,4,0,80
2024-02-15 01:09:00,1993.35,1993.36,1992.82,1992.87,55,4,0,55
2024-02-15 01:12:00,1992.87,1993.45,1992.81,1993.29,95,4,0,95
2024-02-15 01:15:00,1993.29,1993.39,1993.02,1993.09,120,4,0,120
2024-02-15 01:18:00,1993.09,1993.3,1992.85,1993.21,135,4,0,135
2024-02-15 01:21:00,1993.21,1993.35,1993.11,1993.21,68,4,0,68
2024-02-15 01:24:00,1993.21,1993.34,1993.07,1993.13,51,4,0,51
2024-02-15 01:27:00,1993.13,1993.13,1992.98,1992.98,71,4,0,71
2024-02-15 01:30:00,1992.97,1993.05,1992.8,1992.92,98,4,0,98
2024-02-15 01:33:00,1992.92,1993.64,1992.92,1993.62,123,4,0,123
2024-02-15 01:36:00,1993.62,1993.63,1993.41,1993.53,88,4,0,88
2024-02-15 01:39:00,1993.53,1993.53,1993.27,1993.52,74,4,0,74
2024-02-15 01:42:00,1993.52,1993.6,1993.37,1993.39,80,4,0,80
2024-02-15 01:45:00,1993.39,1993.75,1993.35,1993.48,234,4,0,234
2024-02-15 01:48:00,1993.48,1993.48,1993.11,1993.28,160,4,0,160
2024-02-15 01:51:00,1993.27,1993.6,1993.21,1993.6,116,4,0,116
2024-02-15 01:54:00,1993.6,1993.74,1993.33,1993.73,127,4,0,127
2024-02-15 01:57:00,1993.75,1993.89,1993.52,1993.79,144,4,0,144
2024-02-15 02:00:00,1993.78,1993.95,1993.68,1993.72,158,4,0,158
2024-02-15 02:03:00,1993.73,1993.88,1993.49,1993.63,156,4,0,156
2024-02-15 02:06:00,1993.63,1994.02,1993.55,1993.73,198,4,0,198
2024-02-15 02:09:00,1993.73,1993.95,1993.6,1993.69,183,4,0,183
2024-02-15 02:12:00,1993.69,1993.75,1993.5,1993.5,75,4,0,75
2024-02-15 02:15:00,1993.5,1993.85,1993.5,1993.81,79,4,0,79
2024-02-15 02:18:00,1993.81,1994.03,1993.7,1994.01,131,4,0,131
2024-02-15 02:21:00,1994.03,1994.05,1993.7,1993.89,82,4,0,82
2024-02-15 02:24:00,1993.88,1993.89,1993.47,1993.47,91,4,0,91
2024-02-15 02:27:00,1993.47,1993.58,1993.06,1993.06,113,4,0,113
2024-02-15 02:30:00,1993.06,1993.34,1992.61,1993.19,388,4,0,388
2024-02-15 02:33:00,1993.19,1993.52,1993.1,1993.21,177,4,0,177
2024-02-15 02:36:00,1993.21,1993.86,1993.2,1993.73,212,4,0,212
2024-02-15 02:39:00,1993.73,1994.06,1993.7,1993.95,212,4,0,212
2024-02-15 02:42:00,1993.95,1994.2,1993.75,1994.05,339,4,0,339
2024-02-15 02:45:00,1994.05,1994.38,1993.66,1993.76,352,4,0,352
2024-02-15 02:48:00,1993.75,1994.07,1993.56,1993.91,225,4,0,225
2024-02-15 02:51:00,1993.91,1994.01,1993.08,1993.2,296,4,0,296
2024-02-15 02:54:00,1993.2,1993.89,1993.1,1993.86,300,4,0,300
2024-02-15 02:57:00,1993.86,1993.88,1993.45,1993.73,200,4,0,200
2024-02-15 03:00:00,1993.73,1994.38,1993.7,1993.9,308,4,0,308
2024-02-15 03:03:00,1993.9,1994.18,1993.29,1993.38,283,4,0,283
2024-02-15 03:06:00,1993.4,1993.49,1992.75,1993.0,300,4,0,300
2024-02-15 03:09:00,1993.0,1993.57,1992.95,1993.2,260,4,0,260
2024-02-15 03:12:00,1993.21,1993.37,1992.96,1993.27,218,4,0,218
2024-02-15 03:15:00,1993.29,1993.75,1993.06,1993.7,194,4,0,194
2024-02-15 03:18:00,1993.7,1993.75,1993.61,1993.61,76,4,0,76
2024-02-15 03:21:00,1993.61,1993.67,1993.25,1993.47,108,4,0,108
2024-02-15 03:24:00,1993.47,1993.55,1993.04,1993.1,152,4,0,152
2024-02-15 03:27:00,1993.1,1993.14,1992.75,1992.99,163,4,0,163
2024-02-15 03:30:00,1992.99,1993.05,1992.61,1993.03,207,4,0,207
2024-02-15 03:33:00,1993.03,1993.22,1992.55,1993.04,262,4,0,262
2024-02-15 03:36:00,1993.05,1993.07,1992.5,1992.73,232,4,0,232
2024-02-15 03:39:00,1992.74,1992.74,1992.44,1992.44,257,4,0,257
2024-02-15 03:42:00,1992.45,1992.65,1992.35,1992.54,182,4,0,182
2024-02-15 03:45:00,1992.54,1992.86,1992.43,1992.53,174,4,0,174
2024-02-15 03:48:00,1992.53,1993.13,1992.53,1993.13,222,4,0,222
2024-02-15 03:51:00,1993.13,1993.25,1993.02,1993.04,167,4,0,167
2024-02-15 03:54:00,1993.03,1993.22,1993.01,1993.17,165,4,0,165
2024-02-15 03:57:00,1993.17,1993.17,1992.59,1992.61,149,4,0,149
2024-02-15 04:00:00,1992.61,1992.63,1992.42,1992.54,191,4,0,191
2024-02-15 04:03:00,1992.53,1992.54,1992.16,1992.29,180,4,0,180
2024-02-15 04:06:00,1992.3,1993.05,1992.3,1992.93,272,4,0,272
2024-02-15 04:09:00,1992.92,1993.24,1992.56,1992.88,265,4,0,265
2024-02-15 04:12:00,1992.88,1993.03,1992.64,1992.83,343,4,0,343
2024-02-15 04:15:00,1992.82,1992.9,1992.65,1992.89,154,4,0,154
2024-02-15 04:18:00,1992.88,1993.23,1992.86,1993.04,155,4,0,155
2024-02-15 04:21:00,1993.05,1993.14,1992.87,1993.03,150,4,0,150
2024-02-15 04:24:00,1993.03,1993.56,1993.03,1993.44,88,4,0,88
2024-02-15 04:27:00,1993.44,1993.52,1992.94,1992.95,110,4,0,110
2024-02-15 04:30:00,1992.95,1992.98,1992.85,1992.86,105,4,0,105
2024-02-15 04:33:00,1992.86,1993.08,1992.73,1993.01,62,4,0,62
2024-02-15 04:36:00,1993.01,1993.56,1992.98,1993.44,121,4,0,121
2024-02-15 04:39:00,1993.45,1993.58,1993.08,1993.21,163,4,0,163
2024-02-15 04:42:00,1993.21,1993.5,1993.21,1993.48,91,4,0,91
2024-02-15 04:45:00,1993.48,1993.57,1993.36,1993.53,96,4,0,96
2024-02-15 04:48:00,1993.53,1993.55,1993.17,1993.2,99,4,0,99
2024-02-15 04:51:00,1993.2,1993.34,1993.19,1993.25,129,4,0,129
2024-02-15 04:54:00,1993.26,1993.36,1993.15,1993.2,102,4,0,102
2024-02-15 04:57:00,1993.19,1993.22,1993.05,1993.22,115,4,0,115
2024-02-15 05:00:00,1993.22,1993.22,1992.98,1993.07,113,4,0,113
2024-02-15 05:03:00,1993.06,1993.17,1993.05,1993.17,72,4,0,72
2024-02-15 05:06:00,1993.17,1993.35,1992.91,1992.97,146,4,0,146
2024-02-15 05:09:00,1992.98,1993.12,1992.75,1992.84,154,4,0,154
2024-02-15 05:12:00,1992.84,1993.02,1992.75,1992.91,131,4,0,131
2024-02-15 05:15:00,1992.93,1993.03,1992.85,1992.86,124,4,0,124
2024-02-15 05:18:00,1992.86,1993.01,1992.13,1992.23,151,4,0,151
2024-02-15 05:21:00,1992.17,1992.49,1992.15,1992.38,211,4,0,211
2024-02-15 05:24:00,1992.37,1992.68,1992.26,1992.55,209,4,0,209
2024-02-15 05:27:00,1992.55,1992.55,1992.07,1992.11,160,4,0,160
2024-02-15 05:30:00,1992.12,1992.4,1992.03,1992.16,215,4,0,215
2024-02-15 05:33:00,1992.16,1992.22,1991.89,1992.11,122,4,0,122
2024-02-15 05:36:00,1992.12,1992.36,1992.1,1992.18,114,4,0,114
2024-02-15 05:39:00,1992.18,1992.32,1992.13,1992.17,113,4,0,113
2024-02-15 05:42:00,1992.17,1992.23,1992.01,1992.17,117,4,0,117
2024-02-15 05:45:00,1992.21,1992.21,1990.48,1990.5,349,4,0,349
2024-02-15 05:48:00,1990.51,1990.81,1990.35,1990.81,280,4,0,280
2024-02-15 05:51:00,1990.81,1991.02,1990.67,1990.67,218,4,0,218
2024-02-15 05:54:00,1990.67,1990.91,1990.58,1990.75,194,4,0,194
2024-02-15 05:57:00,1990.76,1990.86,1990.28,1990.84,178,4,0,178
2024-02-15 06:00:00,1990.85,1990.91,1990.49,1990.86,182,4,0,182
2024-02-15 06:03:00,1990.88,1991.61,1990.88,1991.6,208,4,0,208
2024-02-15 06:06:00,1991.6,1991.63,1991.14,1991.24,130,4,0,130
2024-02-15 06:09:00,1991.24,1991.46,1991.17,1991.38,99,4,0,99
2024-02-15 06:12:00,1991.38,1991.72,1991.23,1991.71,150,4,0,150
2024-02-15 06:15:00,1991.71,1991.74,1991.37,1991.38,128,4,0,128
2024-02-15 06:18:00,1991.38,1991.47,1991.17,1991.18,67,4,0,67
2024-02-15 06:21:00,1991.18,1991.31,1991.07,1991.17,129,4,0,129
2024-02-15 06:24:00,1991.17,1991.36,1991.08,1991.29,132,4,0,132
2024-02-15 06:27:00,1991.29,1991.58,1991.18,1991.49,130,4,0,130
2024-02-15 06:30:00,1991.48,1991.6,1991.37,1991.5,100,4,0,100
2024-02-15 06:33:00,1991.5,1991.64,1991.48,1991.59,65,4,0,65
2024-02-15 06:36:00,1991.59,1991.76,1991.42,1991.75,112,4,0,112
2024-02-15 06:39:00,1991.76,1992.03,1991.76,1991.81,121,4,0,121
2024-02-15 06:42:00,1991.8,1991.84,1991.39,1991.43,75,4,0,75
2024-02-15 06:45:00,1991.43,1991.78,1991.4,1991.55,130,4,0,130
2024-02-15 06:48:00,1991.55,1991.92,1991.54,1991.8,75,4,0,75
2024-02-15 06:51:00,1991.8,1992.07,1991.72,1991.98,67,4,0,67
2024-02-15 06:54:00,1991.98,1992.06,1991.96,1992.03,41,4,0,41
2024-02-15 06:57:00,1992.03,1992.19,1991.91,1992.08,123,4,0,123
2024-02-15 07:00:00,1992.08,1992.33,1991.93,1992.27,172,4,0,172
2024-02-15 07:03:00,1992.26,1992.64,1992.18,1992.45,124,4,0,124
2024-02-15 07:06:00,1992.45,1992.73,1992.23,1992.47,108,4,0,108
2024-02-15 07:09:00,1992.47,1992.64,1992.01,1992.18,158,4,0,158
2024-02-15 07:12:00,1992.18,1992.53,1992.17,1992.48,156,4,0,156
2024-02-15 07:15:00,1992.48,1992.58,1992.21,1992.25,195,4,0,195
2024-02-15 07:18:00,1992.25,1992.49,1992.13,1992.33,102,4,0,102
2024-02-15 07:21:00,1992.31,1992.32,1992.11,1992.32,89,4,0,89
2024-02-15 07:24:00,1992.32,1992.33,1992.14,1992.31,89,4,0,89
2024-02-15 07:27:00,1992.31,1992.55,1992.16,1992.54,104,4,0,104
2024-02-15 07:30:00,1992.54,1992.69,1992.4,1992.65,130,4,0,130
2024-02-15 07:33:00,1992.64,1992.99,1992.56,1992.94,191,4,0,191
2024-02-15 07:36:00,1992.95,1992.97,1992.66,1992.66,113,4,0,113
2024-02-15 07:39:00,1992.66,1992.87,1992.43,1992.54,122,4,0,122
2024-02-15 07:42:00,1992.53,1992.53,1992.3,1992.34,108,4,0,108
2024-02-15 07:45:00,1992.34,1992.44,1992.15,1992.34,105,4,0,105
2024-02-15 07:48:00,1992.35,1992.35,1991.93,1992.25,106,4,0,106
2024-02-15 07:51:00,1992.25,1992.28,1992.18,1992.18,49,4,0,49
2024-02-15 07:54:00,1992.18,1992.26,1991.81,1991.96,145,4,0,145
2024-02-15 07:57:00,1991.96,1992.1,1991.86,1992.0,130,4,0,130
2024-02-15 08:00:00,1992.0,1992.22,1991.78,1992.22,123,4,0,123
2024-02-15 08:03:00,1992.22,1992.64,1992.19,1992.45,178,4,0,178
2024-02-15 08:06:00,1992.45,1993.1,1992.44,1992.86,201,4,0,201
2024-02-15 08:09:00,1992.86,1992.88,1992.44,1992.79,162,4,0,162
2024-02-15 08:12:00,1992.78,1992.89,1992.75,1992.75,98,4,0,98
2024-02-15 08:15:00,1992.75,1992.75,1992.63,1992.75,82,4,0,82
2024-02-15 08:18:00,1992.75,1992.83,1992.34,1992.72,174,4,0,174
2024-02-15 08:21:00,1992.72,1993.33,1992.68,1993.16,139,4,0,139
2024-02-15 08:24:00,1993.16,1993.41,1992.65,1992.67,207,4,0,207
2024-02-15 08:27:00,1992.67,1992.67,1991.74,1992.09,335,4,0,335
2024-02-15 08:30:00,1992.09,1992.71,1991.58,1992.61,314,4,0,314
2024-02-15 08:33:00,1992.61,1993.32,1992.46,1993.32,199,4,0,199
2024-02-15 08:36:00,1993.33,1993.34,1992.76,1992.83,103,4,0,103
2024-02-15 08:39:00,1992.83,1993.08,1992.81,1993.02,133,4,0,133
2024-02-15 08:42:00,1993.02,1993.2,1992.98,1993.03,105,4,0,105
2024-02-15 08:45:00,1993.05,1993.13,1992.8,1992.84,128,4,0,128
2024-02-15 08:48:00,1992.84,1993.4,1992.78,1993.23,178,4,0,178
2024-02-15 08:51:00,1993.23,1993.29,1993.05,1993.21,173,4,0,173
2024-02-15 08:54:00,1993.21,1993.23,1992.73,1993.2,165,4,0,165
2024-02-15 08:57:00,1993.2,1993.45,1993.14,1993.32,173,4,0,173
2024-02-15 09:00:00,1993.32,1993.33,1992.26,1993.12,449,4,0,449
2024-02-15 09:03:00,1993.11,1993.31,1992.8,1992.81,315,4,0,315
2024-02-15 09:06:00,1992.82,1993.28,1992.45,1993.14,353,4,0,353
2024-02-15 09:09:00,1993.14,1993.31,1993.13,1993.28,224,4,0,224
2024-02-15 09:12:00,1993.28,1993.33,1993.08,1993.11,263,4,0,263
2024-02-15 09:15:00,1993.11,1993.44,1993.07,1993.33,224,4,0,224
2024-02-15 09:18:00,1993.33,1993.35,1992.73,1992.9,188,4,0,188
2024-02-15 09:21:00,1992.9,1993.29,1992.68,1993.29,288,4,0,288
2024-02-15 09:24:00,1993.32,1993.4,1992.92,1993.24,252,4,0,252
2024-02-15 09:27:00,1993.25,1994.05,1993.12,1994.04,365,4,0,365
2024-02-15 09:30:00,1994.04,1994.78,1993.44,1993.94,508,4,0,508
2024-02-15 09:33:00,1993.94,1993.94,1993.26,1993.42,353,4,0,353
2024-02-15 09:36:00,1993.42,1994.14,1993.31,1993.85,611,4,0,611
2024-02-15 09:39:00,1993.84,1993.99,1993.1,1993.29,487,4,0,487
2024-02-15 09:42:00,1993.29,1993.48,1993.05,1993.38,247,4,0,247
2024-02-15 09:45:00,1993.38,1993.57,1993.03,1993.57,259,4,0,259
2024-02-15 09:48:00,1993.57,1993.59,1993.02,1993.32,335,4,0,335
2024-02-15 09:51:00,1993.31,1993.8,1993.14,1993.67,251,4,0,251
2024-02-15 09:54:00,1993.69,1994.23,1993.69,1993.86,364,4,0,364
2024-02-15 09:57:00,1993.87,1994.0,1993.71,1993.88,203,4,0,203
2024-02-15 10:00:00,1993.88,1994.03,1993.54,1993.71,418,4,0,418
2024-02-15 10:03:00,1993.71,1994.4,1993.69,1994.19,305,4,0,305
2024-02-15 10:06:00,1994.19,1994.71,1994.15,1994.3,272,4,0,272
2024-02-15 10:09:00,1994.3,1995.08,1994.3,1995.08,374,4,0,374
2024-02-15 10:12:00,1995.08,1995.5,1995.08,1995.22,332,4,0,332
2024-02-15 10:15:00,1995.22,1996.06,1995.19,1995.67,341,4,0,341
2024-02-15 10:18:00,1995.67,1995.75,1995.14,1995.46,372,4,0,372
2024-02-15 10:21:00,1995.46,1995.86,1995.43,1995.56,368,4,0,368
2024-02-15 10:24:00,1995.56,1995.7,1995.24,1995.53,374,4,0,374
2024-02-15 10:27:00,1995.53,1995.77,1995.43,1995.48,391,4,0,391
2024-02-15 10:30:00,1995.49,1995.49,1994.92,1995.25,399,4,0,399
2024-02-15 10:33:00,1995.25,1995.65,1994.94,1995.52,282,4,0,282
2024-02-15 10:36:00,1995.49,1995.49,1995.13,1995.22,358,4,0,358
2024-02-15 10:39:00,1995.22,1995.51,1994.28,1994.78,416,4,0,416
2024-02-15 10:42:00,1994.77,1995.01,1994.34,1995.01,511,4,0,511
2024-02-15 10:45:00,1995.01,1995.2,1994.88,1995.12,208,4,0,208
2024-02-15 10:48:00,1995.12,1995.29,1994.99,1995.11,201,4,0,201
2024-02-15 10:51:00,1995.11,1995.13,1994.77,1994.93,184,4,0,184
2024-02-15 10:54:00,1994.95,1995.18,1994.89,1995.07,203,4,0,203
2024-02-15 10:57:00,1995.07,1995.3,1995.03,1995.26,237,4,0,237
2024-02-15 11:00:00,1995.26,1995.29,1994.93,1994.96,273,4,0,273
2024-02-15 11:03:00,1994.98,1995.15,1994.75,1994.95,216,4,0,216
2024-02-15 11:06:00,1994.95,1995.17,1994.83,1995.02,219,4,0,219
2024-02-15 11:09:00,1995.02,1995.21,1994.59,1994.6,187,4,0,187
2024-02-15 11:12:00,1994.6,1994.67,1994.35,1994.43,178,4,0,178
2024-02-15 11:15:00,1994.43,1994.83,1994.24,1994.38,227,4,0,227
2024-02-15 11:18:00,1994.39,1994.47,1994.16,1994.26,212,4,0,212
2024-02-15 11:21:00,1994.26,1994.54,1993.86,1994.37,242,4,0,242
2024-02-15 11:24:00,1994.38,1994.6,1994.37,1994.59,198,4,0,198
2024-02-15 11:27:00,1994.59,1995.07,1994.31,1994.99,249,4,0,249
2024-02-15 11:30:00,1994.99,1995.0,1994.53,1994.58,228,4,0,228
2024-02-15 11:33:00,1994.58,1994.87,1994.49,1994.87,170,4,0,170
2024-02-15 11:36:00,1994.87,1995.19,1994.7,1995.07,169,4,0,169
2024-02-15 11:39:00,1995.07,1995.91,1995.02,1995.84,253,4,0,253
2024-02-15 11:42:00,1995.84,1996.09,1995.78,1995.9,277,4,0,277
2024-02-15 11:45:00,1995.91,1996.1,1995.49,1995.64,212,4,0,212
2024-02-15 11:48:00,1995.65,1996.39,1995.62,1996.04,268,4,0,268
2024-02-15 11:51:00,1996.03,1996.09,1995.89,1995.98,169,4,0,169
2024-02-15 11:54:00,1995.98,1996.86,1995.9,1996.59,286,4,0,286
2024-02-15 11:57:00,1996.59,1996.59,1996.36,1996.44,214,4,0,214
2024-02-15 12:00:00,1996.45,1996.61,1996.4,1996.47,302,4,0,302
2024-02-15 12:03:00,1996.47,1996.53,1996.16,1996.17,271,4,0,271
2024-02-15 12:06:00,1996.16,1996.44,1996.06,1996.42,163,4,0,163
2024-02-15 12:09:00,1996.42,1996.43,1996.17,1996.21,145,4,0,145
2024-02-15 12:12:00,1996.22,1996.62,1996.09,1996.58,143,4,0,143
2024-02-15 12:15:00,1996.57,1996.61,1996.1,1996.22,207,4,0,207
2024-02-15 12:18:00,1996.24,1996.68,1996.2,1996.65,168,4,0,168
2024-02-15 12:21:00,1996.64,1996.64,1996.24,1996.25,167,4,0,167
2024-02-15 12:24:00,1996.25,1996.51,1996.22,1996.41,103,4,0,103
2024-02-15 12:27:00,1996.43,1996.72,1996.24,1996.69,159,4,0,159
2024-02-15 12:30:00,1996.69,1996.96,1996.6,1996.95,330,4,0,330
2024-02-15 12:33:00,1996.95,1997.25,1996.5,1996.68,305,4,0,305
2024-02-15 12:36:00,1996.68,1996.78,1996.18,1996.34,312,4,0,312
2024-02-15 12:39:00,1996.36,1997.4,1996.36,1997.22,258,4,0,258
2024-02-15 12:42:00,1997.22,1997.59,1997.22,1997.5,234,4,0,234
2024-02-15 12:45:00,1997.49,1998.0,1997.28,1997.49,245,4,0,245
2024-02-15 12:48:00,1997.49,1997.49,1996.95,1996.97,348,4,0,348
2024-02-15 12:51:00,1996.98,1997.03,1996.4,1996.48,280,4,0,280
2024-02-15 12:54:00,1996.47,1996.47,1995.79,1995.9,343,4,0,343
2024-02-15 12:57:00,1995.9,1996.68,1995.79,1996.04,368,4,0,368
2024-02-15 13:00:00,1996.04,1996.19,1995.8,1996.15,330,4,0,330
2024-02-15 13:03:00,1996.15,1996.72,1995.98,1996.41,285,4,0,285
2024-02-15 13:06:00,1996.43,1996.43,1996.17,1996.3,184,4,0,184
2024-02-15 13:09:00,1996.3,1996.72,1996.3,1996.71,173,4,0,173
2024-02-15 13:12:00,1996.71,1996.73,1996.19,1996.22,223,4,0,223
2024-02-15 13:15:00,1996.21,1996.43,1996.02,1996.36,276,4,0,276
2024-02-15 13:18:00,1996.48,1996.74,1996.33,1996.73,254,4,0,254
2024-02-15 13:21:00,1996.73,1996.74,1996.02,1996.26,167,4,0,167
2024-02-15 13:24:00,1996.26,1996.54,1996.15,1996.44,195,4,0,195
2024-02-15 13:27:00,1996.45,1996.66,1996.23,1996.34,230,4,0,230
2024-02-15 13:30:00,1996.34,1996.34,1995.95,1996.24,204,4,0,204
2024-02-15 13:33:00,1996.24,1996.47,1996.1,1996.31,290,4,0,290
2024-02-15 13:36:00,1996.31,1996.59,1996.14,1996.59,221,4,0,221
2024-02-15 13:39:00,1996.59,1997.42,1996.57,1997.35,230,4,0,230
2024-02-15 13:42:00,1997.36,1997.55,1996.98,1997.13,205,4,0,205
2024-02-15 13:45:00,1997.14,1998.18,1997.12,1998.06,309,4,0,309
2024-02-15 13:48:00,1998.07,1998.09,1997.76,1997.76,170,4,0,170
2024-02-15 13:51:00,1997.76,1997.88,1997.54,1997.75,256,4,0,256
2024-02-15 13:54:00,1997.75,1997.96,1997.55,1997.86,234,4,0,234
2024-02-15 13:57:00,1997.87,1997.92,1997.53,1997.57,213,4,0,213
2024-02-15 14:00:00,1997.57,1997.85,1997.21,1997.22,385,4,0,385
2024-02-15 14:03:00,1997.23,1997.23,1996.43,1996.69,315,4,0,315
2024-02-15 14:06:00,1996.7,1997.04,1996.69,1996.95,244,4,0,244
2024-02-15 14:09:00,1996.95,1997.13,1996.75,1997.06,217,4,0,217
2024-02-15 14:12:00,1997.06,1997.35,1997.06,1997.25,206,4,0,206
2024-02-15 14:15:00,1997.26,1997.57,1997.13,1997.44,208,4,0,208
2024-02-15 14:18:00,1997.45,1998.22,1997.24,1998.05,322,4,0,322
2024-02-15 14:21:00,1998.03,1998.07,1996.73,1996.73,443,4,0,443
2024-02-15 14:24:00,1996.73,1996.95,1996.6,1996.8,235,4,0,235
2024-02-15 14:27:00,1996.81,1997.71,1996.73,1997.61,360,4,0,360
2024-02-15 14:30:00,1997.61,1997.79,1997.02,1997.7,314,4,0,314
2024-02-15 14:33:00,1997.71,1997.78,1997.0,1997.17,242,4,0,242
2024-02-15 14:36:00,1997.17,1997.84,1997.14,1997.75,187,4,0,187
2024-02-15 14:39:00,1997.75,1998.38,1997.75,1998.38,198,4,0,198
2024-02-15 14:42:00,1998.41,1998.56,1998.1,1998.52,209,4,0,209
2024-02-15 14:45:00,1998.51,1998.63,1998.03,1998.52,274,4,0,274
2024-02-15 14:48:00,1998.52,1999.11,1998.43,1998.82,352,4,0,352
2024-02-15 14:51:00,1998.83,1998.89,1997.59,1997.8,307,4,0,307
2024-02-15 14:54:00,1997.78,1998.62,1997.61,1998.14,345,4,0,345
2024-02-15 14:57:00,1998.14,1998.38,1997.71,1998.03,311,4,0,311
2024-02-15 15:00:00,1998.08,1999.06,1997.7,1998.04,566,4,0,566
2024-02-15 15:03:00,1998.04,1998.27,1997.72,1997.85,449,4,0,449
2024-02-15 15:06:00,1997.85,1998.25,1997.52,1997.55,437,4,0,437
2024-02-15 15:09:00,1997.54,1998.75,1997.54,1998.68,408,4,0,408
2024-02-15 15:12:00,1998.68,1998.89,1998.2,1998.87,282,4,0,282
2024-02-15 15:15:00,1998.87,1999.08,1998.39,1998.5,436,4,0,436
2024-02-15 15:18:00,1998.5,1999.11,1998.17,1998.17,510,4,0,510
2024-02-15 15:21:00,1998.19,2000.29,1998.11,1999.12,979,4,0,979
2024-02-15 15:24:00,1999.13,2000.18,1998.6,2000.14,773,4,0,773
2024-02-15 15:27:00,2000.14,2000.34,1998.78,1998.78,725,4,0,725
2024-02-15 15:30:00,1998.78,2004.22,1998.78,2002.19,1334,4,0,1334
2024-02-15 15:33:00,2002.26,2002.77,1995.79,1998.72,1263,4,0,1263
2024-02-15 15:36:00,1998.72,2001.64,1998.71,2001.44,1506,4,0,1506
2024-02-15 15:39:00,2001.44,2002.62,2000.77,2001.1,1536,4,0,1536
2024-02-15 15:42:00,2001.1,2003.72,2001.1,2003.42,1338,4,0,1338
2024-02-15 15:45:00,2003.42,2003.85,2002.19,2002.96,1178,4,0,1178
2024-02-15 15:48:00,2002.96,2003.59,2001.71,2002.83,1320,4,0,1320
2024-02-15 15:51:00,2002.83,2003.61,2001.26,2002.21,952,4,0,952
2024-02-15 15:54:00,2002.21,2003.03,2001.6,2002.23,1181,4,0,1181
2024-02-15 15:57:00,2002.23,2003.87,2001.75,2003.83,953,4,0,953
2024-02-15 16:00:00,2003.85,2003.85,2001.78,2002.51,1123,4,0,1123
2024-02-15 16:03:00,2002.53,2003.19,2001.52,2002.62,971,4,0,971
2024-02-15 16:06:00,2002.61,2002.9,2001.84,2002.49,1084,4,0,1084
2024-02-15 16:09:00,2002.49,2002.83,2001.71,2001.98,781,4,0,781
2024-02-15 16:12:00,2001.98,2003.38,2001.65,2002.78,591,4,0,591
2024-02-15 16:15:00,2002.78,2004.92,2002.78,2004.24,1310,4,0,1310
2024-02-15 16:18:00,2004.24,2004.53,2003.48,2004.32,909,4,0,909
2024-02-15 16:21:00,2004.32,2004.5,2003.31,2003.46,665,4,0,665
2024-02-15 16:24:00,2003.46,2003.59,2002.18,2002.93,888,4,0,888
2024-02-15 16:27:00,2002.93,2004.07,2002.82,2003.97,751,4,0,751
2024-02-15 16:30:00,2003.97,2008.25,2003.07,2007.29,1409,4,0,1409
2024-02-15 16:33:00,2007.3,2008.23,2006.66,2007.82,1670,4,0,1670
2024-02-15 16:36:00,2007.8,2008.34,2006.19,2006.63,1585,4,0,1585
2024-02-15 16:39:00,2006.63,2007.48,2006.18,2006.55,1225,4,0,1225
2024-02-15 16:42:00,2006.59,2007.06,2004.94,2005.41,1524,4,0,1524
2024-02-15 16:45:00,2005.46,2005.55,2002.8,2003.86,1474,4,0,1474
2024-02-15 16:48:00,2003.86,2005.02,2002.04,2003.56,1279,4,0,1279
2024-02-15 16:51:00,2003.56,2005.15,2003.56,2004.32,1330,4,0,1330
2024-02-15 16:54:00,2004.32,2004.82,2003.77,2003.94,894,4,0,894
2024-02-15 16:57:00,2003.91,2004.88,2003.57,2003.8,736,4,0,736
2024-02-15 17:00:00,2003.8,2005.47,2003.6,2003.72,1190,4,0,1190
2024-02-15 17:03:00,2003.72,2004.36,2002.68,2003.68,1021,4,0,1021
2024-02-15 17:06:00,2003.68,2004.5,2003.44,2003.9,1085,4,0,1085
2024-02-15 17:09:00,2003.9,2006.94,2003.5,2006.54,1188,4,0,1188
2024-02-15 17:12:00,2006.57,2006.75,2004.93,2006.0,1115,4,0,1115
2024-02-15 17:15:00,2006.0,2006.67,2005.45,2006.19,788,4,0,788
2024-02-15 17:18:00,2006.21,2006.69,2005.16,2005.26,941,4,0,941
2024-02-15 17:21:00,2005.27,2007.61,2005.02,2007.33,945,4,0,945
2024-02-15 17:24:00,2007.33,2008.0,2006.42,2006.82,769,4,0,769
2024-02-15 17:27:00,2006.82,2008.15,2006.45,2006.54,1015,4,0,1015
2024-02-15 17:30:00,2006.54,2006.94,2005.33,2005.36,744,4,0,744
2024-02-15 17:33:00,2005.35,2005.71,2004.47,2004.47,710,4,0,710
2024-02-15 17:36:00,2004.47,2004.58,2001.07,2001.09,1064,4,0,1064
2024-02-15 17:39:00,2001.07,2002.59,2000.87,2001.03,965,4,0,965
2024-02-15 17:42:00,2001.08,2001.85,2000.89,2001.51,950,4,0,950
2024-02-15 17:45:00,2001.51,2002.53,2001.4,2001.66,851,4,0,851
2024-02-15 17:48:00,2001.66,2001.88,2000.16,2000.49,826,4,0,826
2024-02-15 17:51:00,2000.49,2001.3,2000.2,2000.49,746,4,0,746
2024-02-15 17:54:00,2000.48,2001.35,1999.83,2001.24,725,4,0,725
2024-02-15 17:57:00,2001.24,2001.65,2000.79,2000.83,783,4,0,783
2024-02-15 18:00:00,2000.83,2001.18,1999.6,1999.69,864,4,0,864
2024-02-15 18:03:00,1999.69,2000.63,1999.61,2000.05,812,4,0,812
2024-02-15 18:06:00,2000.05,2001.24,1999.74,2001.07,883,4,0,883
2024-02-15 18:09:00,2001.07,2001.52,2000.48,2000.53,655,4,0,655
2024-02-15 18:12:00,2000.54,2001.2,2000.32,2000.54,578,4,0,578
2024-02-15 18:15:00,2000.58,2000.63,2000.08,2000.22,813,4,0,813
2024-02-15 18:18:00,2000.23,2001.19,1999.89,2001.19,706,4,0,706
2024-02-15 18:21:00,2001.19,2001.5,2000.31,2000.43,511,4,0,511
2024-02-15 18:24:00,2000.43,2000.97,1999.65,1999.92,684,4,0,684
2024-02-15 18:27:00,1999.92,1999.92,1998.98,1999.4,654,4,0,654
2024-02-15 18:30:00,1999.4,2000.01,1998.89,1999.96,560,4,0,560
2024-02-15 18:33:00,1999.95,2000.25,1999.55,1999.88,456,4,0,456
2024-02-15 18:36:00,1999.88,2001.06,1999.85,2000.87,557,4,0,557
2024-02-15 18:39:00,2000.87,2001.16,2000.22,2000.39,414,4,0,414
2024-02-15 18:42:00,2000.37,2000.52,1999.71,1999.77,446,4,0,446
2024-02-15 18:45:00,1999.75,2000.22,1999.62,1999.66,546,4,0,546
2024-02-15 18:48:00,1999.68,1999.75,1998.96,1999.23,637,4,0,637
2024-02-15 18:51:00,1999.26,1999.28,1998.46,1999.25,639,4,0,639
2024-02-15 18:54:00,1999.25,1999.52,1998.66,1999.4,400,4,0,400
2024-02-15 18:57:00,1999.4,2000.24,1999.29,2000.21,583,4,0,583
2024-02-15 19:00:00,2000.22,2001.77,2000.17,2001.04,683,4,0,683
2024-02-15 19:03:00,2001.05,2002.14,2000.94,2002.14,545,4,0,545
2024-02-15 19:06:00,2002.14,2002.58,2001.62,2001.81,567,4,0,567
2024-02-15 19:09:00,2001.78,2001.83,2000.92,2001.14,480,4,0,480
2024-02-15 19:12:00,2001.14,2001.53,2000.96,2001.17,377,4,0,377
2024-02-15 19:15:00,2001.17,2001.37,2000.68,2000.98,352,4,0,352
2024-02-15 19:18:00,2000.97,2001.89,2000.91,2001.79,349,4,0,349
2024-02-15 19:21:00,2001.79,2002.4,2001.61,2002.36,374,4,0,374
2024-02-15 19:24:00,2002.36,2002.5,2001.69,2001.82,314,4,0,314
2024-02-15 19:27:00,2001.82,2002.11,2001.69,2001.88,379,4,0,379
2024-02-15 19:30:00,2001.9,2002.52,2001.88,2002.35,246,4,0,246
2024-02-15 19:33:00,2002.35,2003.06,2002.29,2003.06,229,4,0,229
2024-02-15 19:36:00,2003.05,2003.13,2002.3,2002.37,264,4,0,264
2024-02-15 19:39:00,2002.37,2002.94,2002.34,2002.58,290,4,0,290
2024-02-15 19:42:00,2002.57,2002.98,2002.34,2002.66,326,4,0,326
2024-02-15 19:45:00,2002.66,2002.87,2002.54,2002.74,283,4,0,283
2024-02-15 19:48:00,2002.74,2002.9,2002.62,2002.69,262,4,0,262
2024-02-15 19:51:00,2002.69,2003.36,2002.57,2003.35,398,4,0,398
2024-02-15 19:54:00,2003.35,2004.65,2003.34,2004.2,588,4,0,588
2024-02-15 19:57:00,2004.2,2004.24,2003.61,2003.72,431,4,0,431
2024-02-15 20:00:00,2003.71,2004.95,2003.66,2004.68,540,4,0,540
2024-02-15 20:03:00,2004.68,2004.78,2003.56,2003.81,441,4,0,441
2024-02-15 20:06:00,2003.82,2004.23,2003.73,2003.78,425,4,0,425
2024-02-15 20:09:00,2003.83,2004.48,2003.83,2004.38,463,4,0,463
2024-02-15 20:12:00,2004.38,2004.55,2004.15,2004.17,396,4,0,396
2024-02-15 20:15:00,2004.17,2004.65,2003.45,2003.59,482,4,0,482
2024-02-15 20:18:00,2003.59,2003.96,2003.24,2003.9,491,4,0,491
2024-02-15 20:21:00,2003.9,2004.17,2003.61,2003.67,423,4,0,423
2024-02-15 20:24:00,2003.69,2003.69,2003.0,2003.37,516,4,0,516
2024-02-15 20:27:00,2003.35,2003.81,2002.84,2003.26,524,4,0,524
2024-02-15 20:30:00,2003.26,2003.63,2002.79,2003.41,364,4,0,364
2024-02-15 20:33:00,2003.4,2003.41,2002.94,2003.16,232,4,0,232
2024-02-15 20:36:00,2003.15,2003.74,2002.95,2003.73,345,4,0,345
2024-02-15 20:39:00,2003.74,2004.25,2003.62,2004.25,261,4,0,261
2024-02-15 20:42:00,2004.25,2004.45,2003.96,2004.06,247,4,0,247
2024-02-15 20:45:00,2004.06,2004.06,2003.51,2003.77,155,4,0,155
2024-02-15 20:48:00,2003.77,2004.23,2003.76,2003.99,99,4,0,99
2024-02-15 20:51:00,2003.99,2004.56,2003.83,2004.54,158,4,0,158
2024-02-15 20:54:00,2004.54,2004.59,2004.26,2004.34,282,4,0,282
2024-02-15 20:57:00,2004.34,2004.84,2004.34,2004.59,201,4,0,201
2024-02-15 21:00:00,2004.59,2005.03,2004.38,2004.92,375,4,0,375
2024-02-15 21:03:00,2004.94,2005.35,2004.87,2005.33,312,4,0,312
2024-02-15 21:06:00,2005.32,2006.25,2005.32,2006.11,479,4,0,479
2024-02-15 21:09:00,2006.12,2006.51,2006.12,2006.31,353,4,0,353
2024-02-15 21:12:00,2006.31,2006.31,2005.6,2005.8,398,4,0,398
2024-02-15 21:15:00,2005.8,2006.25,2005.8,2006.13,243,4,0,243
2024-02-15 21:18:00,2006.13,2006.18,2005.8,2005.85,223,4,0,223
2024-02-15 21:21:00,2005.85,2005.85,2005.06,2005.11,261,4,0,261
2024-02-15 21:24:00,2005.11,2005.2,2004.48,2004.58,389,4,0,389
2024-02-15 21:27:00,2004.58,2004.73,2003.74,2003.98,443,4,0,443
2024-02-15 21:30:00,2004.0,2005.12,2003.97,2005.11,249,4,0,249
2024-02-15 21:33:00,2005.12,2005.42,2004.99,2004.99,262,4,0,262
2024-02-15 21:36:00,2004.99,2005.12,2004.75,2004.85,299,4,0,299
2024-02-15 21:39:00,2004.86,2005.1,2004.77,2004.83,270,4,0,270
2024-02-15 21:42:00,2004.82,2004.99,2004.79,2004.92,161,4,0,161
2024-02-15 21:45:00,2004.91,2005.41,2004.85,2005.3,206,4,0,206
2024-02-15 21:48:00,2005.29,2005.31,2005.1,2005.1,196,4,0,196
2024-02-15 21:51:00,2005.1,2005.3,2004.94,2005.22,218,4,0,218
2024-02-15 21:54:00,2005.22,2005.32,2005.09,2005.21,220,4,0,220
2024-02-15 21:57:00,2005.2,2005.4,2005.13,2005.13,238,4,0,238
2024-02-15 22:00:00,2005.13,2005.17,2004.42,2004.63,300,4,0,300
2024-02-15 22:03:00,2004.62,2004.71,2004.0,2004.0,333,4,0,333
2024-02-15 22:06:00,2004.0,2004.06,2003.77,2003.92,237,4,0,237
2024-02-15 22:09:00,2003.92,2004.07,2003.65,2003.77,308,4,0,308
2024-02-15 22:12:00,2003.77,2003.91,2003.57,2003.7,248,4,0,248
2024-02-15 22:15:00,2003.69,2004.17,2003.63,2004.16,188,4,0,188
2024-02-15 22:18:00,2004.16,2004.16,2004.03,2004.07,104,4,0,104
2024-02-15 22:21:00,2004.06,2004.4,2003.71,2004.4,342,4,0,342
2024-02-15 22:24:00,2004.4,2004.4,2003.72,2003.87,380,4,0,380
2024-02-15 22:27:00,2003.87,2004.1,2003.79,2004.02,259,4,0,259
2024-02-15 22:30:00,2004.02,2004.51,2003.99,2004.41,213,4,0,213
2024-02-15 22:33:00,2004.41,2005.02,2004.41,2004.9,146,4,0,146
2024-02-15 22:36:00,2004.9,2005.02,2004.07,2004.27,337,4,0,337
2024-02-15 22:39:00,2004.28,2004.64,2004.05,2004.56,228,4,0,228
2024-02-15 22:42:00,2004.56,2004.79,2004.34,2004.52,295,4,0,295
2024-02-15 22:45:00,2004.54,2004.69,2004.27,2004.39,180,4,0,180
2024-02-15 22:48:00,2004.39,2004.57,2004.18,2004.47,274,4,0,274
2024-02-15 22:51:00,2004.47,2004.59,2004.38,2004.47,304,4,0,304
2024-02-15 22:54:00,2004.5,2004.52,2004.23,2004.34,290,4,0,290
2024-02-15 22:57:00,2004.34,2004.52,2004.06,2004.45,291,4,0,291
2024-02-15 23:00:00,2004.45,2004.46,2004.01,2004.05,147,4,0,147
2024-02-15 23:03:00,2004.05,2004.2,2003.98,2004.18,87,4,0,87
2024-02-15 23:06:00,2004.19,2004.52,2004.17,2004.4,135,4,0,135
2024-02-15 23:09:00,2004.39,2004.45,2004.33,2004.43,68,4,0,68
2024-02-15 23:12:00,2004.43,2004.74,2004.35,2004.71,78,4,0,78
2024-02-15 23:15:00,2004.71,2004.75,2004.49,2004.51,68,4,0,68
2024-02-15 23:18:00,2004.5,2004.54,2004.39,2004.52,106,4,0,106
2024-02-15 23:21:00,2004.52,2004.56,2003.97,2003.98,86,4,0,86
2024-02-15 23:24:00,2003.97,2004.38,2003.97,2004.22,64,4,0,64
2024-02-15 23:27:00,2004.21,2004.21,2004.04,2004.16,39,4,0,39
2024-02-15 23:30:00,2004.16,2004.26,2003.97,2004.19,66,4,0,66
2024-02-15 23:33:00,2004.19,2004.24,2004.15,2004.18,28,4,0,28
2024-02-15 23:36:00,2004.18,2004.4,2004.15,2004.15,49,4,0,49
2024-02-15 23:39:00,2004.15,2004.28,2004.15,2004.22,49,4,0,49
2024-02-15 23:42:00,2004.22,2004.49,2004.21,2004.45,83,4,0,83
2024-02-15 23:45:00,2004.45,2004.56,2004.2,2004.22,66,4,0,66
2024-02-15 23:48:00,2004.21,2004.54,2004.21,2004.54,92,4,0,92
2024-02-15 23:51:00,2004.54,2004.55,2004.17,2004.29,107,4,0,107
2024-02-15 23:54:00,2004.29,2004.38,2004.16,2004.33,83,4,0,83
2024-02-15 23:57:00,2004.34,2004.38,2004.16,2004.38,29,4,0,29
2024-02-16 01:00:00,2004.47,2004.74,2004.35,2004.74,49,9,0,49
2024-02-16 01:03:00,2004.74,2004.84,2004.65,2004.74,51,4,0,51
2024-02-16 01:06:00,2004.75,2004.75,2004.45,2004.61,56,4,0,56
2024-02-16 01:09:00,2004.69,2004.73,2004.47,2004.57,71,4,0,71
2024-02-16 01:12:00,2004.57,2004.66,2004.51,2004.66,41,4,0,41
2024-02-16 01:15:00,2004.68,2004.84,2004.26,2004.5,85,4,0,85
2024-02-16 01:18:00,2004.5,2004.63,2004.34,2004.57,65,4,0,65
2024-02-16 01:21:00,2004.63,2004.63,2004.41,2004.45,59,4,0,59
2024-02-16 01:24:00,2004.45,2004.54,2004.23,2004.24,106,4,0,106
2024-02-16 01:27:00,2004.24,2004.25,2004.13,2004.14,93,4,0,93
2024-02-16 01:30:00,2004.14,2004.32,2004.14,2004.25,93,4,0,93
2024-02-16 01:33:00,2004.26,2004.36,2004.12,2004.13,92,4,0,92
2024-02-16 01:36:00,2004.13,2004.18,2003.94,2004.09,100,4,0,100
2024-02-16 01:39:00,2004.09,2004.13,2004.04,2004.07,47,4,0,47
2024-02-16 01:42:00,2004.07,2004.15,2003.84,2003.84,80,4,0,80
2024-02-16 01:45:00,2003.84,2004.05,2003.81,2004.05,98,4,0,98
2024-02-16 01:48:00,2004.07,2004.24,2004.02,2004.05,84,4,0,84
2024-02-16 01:51:00,2004.05,2004.19,2003.99,2004.02,86,4,0,86
2024-02-16 01:54:00,2004.02,2004.02,2003.63,2003.66,101,4,0,101
2024-02-16 01:57:00,2003.66,2003.73,2003.43,2003.49,61,4,0,61
2024-02-16 02:00:00,2003.49,2003.69,2003.48,2003.68,164,4,0,164
2024-02-16 02:03:00,2003.7,2003.7,2003.15,2003.24,88,4,0,88
2024-02-16 02:06:00,2003.25,2003.63,2003.25,2003.31,136,4,0,136
2024-02-16 02:09:00,2003.31,2003.47,2003.16,2003.25,137,4,0,137
2024-02-16 02:12:00,2003.25,2003.36,2002.91,2003.04,112,4,0,112
2024-02-16 02:15:00,2003.04,2003.15,2002.88,2003.03,126,4,0,126
2024-02-16 02:18:00,2003.04,2003.04,2002.69,2002.81,133,4,0,133
2024-02-16 02:21:00,2002.81,2003.05,2002.78,2003.0,135,4,0,135
2024-02-16 02:24:00,2003.0,2003.2,2002.77,2002.86,142,4,0,142
2024-02-16 02:27:00,2002.85,2002.9,2002.7,2002.81,99,4,0,99
2024-02-16 02:30:00,2002.81,2002.89,2002.48,2002.85,170,4,0,170
2024-02-16 02:33:00,2002.83,2003.08,2002.73,2002.81,145,4,0,145
2024-02-16 02:36:00,2002.81,2003.05,2002.7,2002.79,140,4,0,140
2024-02-16 02:39:00,2002.79,2003.03,2002.74,2003.0,115,4,0,115
2024-02-16 02:42:00,2003.0,2003.01,2002.73,2002.73,152,4,0,152
2024-02-16 02:45:00,2002.73,2002.83,2002.53,2002.7,214,4,0,214
2024-02-16 02:48:00,2002.7,2002.78,2002.53,2002.57,194,4,0,194
2024-02-16 02:51:00,2002.57,2002.78,2002.42,2002.65,212,4,0,212
2024-02-16 02:54:00,2002.67,2002.72,2002.48,2002.65,172,4,0,172
2024-02-16 02:57:00,2002.65,2002.65,2002.5,2002.62,93,4,0,93
2024-02-16 03:00:00,2002.62,2003.32,2002.46,2002.78,418,4,0,418
2024-02-16 03:03:00,2002.78,2002.85,2002.65,2002.7,238,4,0,238
2024-02-16 03:06:00,2002.71,2002.87,2002.52,2002.75,244,4,0,244
2024-02-16 03:09:00,2002.75,2003.37,2002.54,2002.86,396,4,0,396
2024-02-16 03:12:00,2002.86,2003.29,2002.8,2003.25,251,4,0,251
2024-02-16 03:15:00,2003.25,2003.52,2003.07,2003.07,272,4,0,272
2024-02-16 03:18:00,2003.07,2003.19,2002.98,2003.17,166,4,0,166
2024-02-16 03:21:00,2003.17,2003.21,2002.95,2003.11,134,4,0,134
2024-02-16 03:24:00,2003.11,2003.56,2003.11,2003.45,136,4,0,136
2024-02-16 03:27:00,2003.45,2003.95,2003.43,2003.94,134,4,0,134
2024-02-16 03:30:00,2003.94,2004.26,2003.94,2004.25,193,4,0,193
2024-02-16 03:33:00,2004.24,2004.66,2004.16,2004.66,130,4,0,130
2024-02-16 03:36:00,2004.66,2004.93,2003.91,2004.26,270,4,0,270
2024-02-16 03:39:00,2004.26,2004.38,2003.74,2003.76,192,4,0,192
2024-02-16 03:42:00,2003.75,2004.36,2003.65,2004.36,216,4,0,216
2024-02-16 03:45:00,2004.36,2004.5,2004.12,2004.44,159,4,0,159
2024-02-16 03:48:00,2004.43,2004.52,2004.25,2004.47,245,4,0,245
2024-02-16 03:51:00,2004.48,2004.62,2004.4,2004.57,209,4,0,209
2024-02-16 03:54:00,2004.58,2005.25,2004.54,2005.11,199,4,0,199
2024-02-16 03:57:00,2005.11,2005.7,2005.11,2005.58,186,4,0,186
2024-02-16 04:00:00,2005.58,2005.69,2005.17,2005.21,247,4,0,247
2024-02-16 04:03:00,2005.21,2005.21,2004.81,2004.94,199,4,0,199
2024-02-16 04:06:00,2004.94,2005.01,2004.57,2004.78,170,4,0,170
2024-02-16 04:09:00,2004.8,2004.92,2004.64,2004.66,181,4,0,181
2024-02-16 04:12:00,2004.69,2004.7,2004.16,2004.17,172,4,0,172
2024-02-16 04:15:00,2004.17,2004.52,2004.13,2004.46,92,4,0,92
2024-02-16 04:18:00,2004.46,2004.47,2004.15,2004.28,186,4,0,186
2024-02-16 04:21:00,2004.27,2004.4,2004.2,2004.35,133,4,0,133
2024-02-16 04:24:00,2004.35,2005.03,2004.31,2004.92,155,4,0,155
2024-02-16 04:27:00,2004.93,2005.22,2004.91,2005.19,165,4,0,165
2024-02-16 04:30:00,2005.21,2005.24,2004.8,2004.87,156,4,0,156
2024-02-16 04:33:00,2004.87,2005.02,2004.7,2004.71,156,4,0,156
2024-02-16 04:36:00,2004.74,2004.84,2004.53,2004.53,95,4,0,95
2024-02-16 04:39:00,2004.53,2004.78,2004.46,2004.68,87,4,0,87
2024-02-16 04:42:00,2004.68,2004.68,2004.41,2004.43,74,4,0,74
2024-02-16 04:45:00,2004.42,2004.54,2004.26,2004.51,110,4,0,110
2024-02-16 04:48:00,2004.57,2004.75,2004.37,2004.43,185,4,0,185
2024-02-16 04:51:00,2004.42,2004.44,2004.13,2004.31,115,4,0,115
2024-02-16 04:54:00,2004.31,2005.18,2004.1,2004.95,232,4,0,232
2024-02-16 04:57:00,2004.95,2004.97,2004.52,2004.55,260,4,0,260
2024-02-16 05:00:00,2004.54,2004.84,2004.27,2004.32,152,4,0,152
2024-02-16 05:03:00,2004.33,2004.64,2004.13,2004.52,164,4,0,164
2024-02-16 05:06:00,2004.52,2004.86,2004.51,2004.86,163,4,0,163
2024-02-16 05:09:00,2004.86,2004.86,2004.68,2004.74,111,4,0,111
2024-02-16 05:12:00,2004.75,2004.86,2004.5,2004.75,104,4,0,104
2024-02-16 05:15:00,2004.75,2004.75,2004.04,2004.2,107,4,0,107
2024-02-16 05:18:00,2004.21,2004.33,2003.97,2004.07,131,4,0,131
2024-02-16 05:21:00,2004.07,2004.38,2004.03,2004.34,120,4,0,120
2024-02-16 05:24:00,2004.34,2004.49,2004.25,2004.36,97,4,0,97
2024-02-16 05:27:00,2004.36,2004.42,2004.28,2004.37,119,4,0,119
2024-02-16 05:30:00,2004.37,2004.57,2004.34,2004.44,176,4,0,176
2024-02-16 05:33:00,2004.44,2004.74,2004.42,2004.56,131,4,0,131
2024-02-16 05:36:00,2004.56,2004.72,2004.52,2004.57,115,4,0,115
2024-02-16 05:39:00,2004.57,2004.65,2004.48,2004.52,76,4,0,76
2024-02-16 05:42:00,2004.52,2004.52,2004.23,2004.41,79,4,0,79
2024-02-16 05:45:00,2004.41,2004.45,2004.21,2004.22,85,4,0,85
2024-02-16 05:48:00,2004.23,2004.25,2003.81,2003.83,138,4,0,138
2024-02-16 05:51:00,2003.83,2003.86,2003.53,2003.53,171,4,0,171
2024-02-16 05:54:00,2003.53,2004.07,2003.45,2003.97,235,4,0,235
2024-02-16 05:57:00,2003.99,2004.4,2003.96,2004.37,85,4,0,85
2024-02-16 06:00:00,2004.37,2004.41,2004.14,2004.14,157,4,0,157
2024-02-16 06:03:00,2004.14,2004.17,2003.99,2004.06,130,4,0,130
2024-02-16 06:06:00,2004.06,2004.07,2003.85,2003.91,133,4,0,133
2024-02-16 06:09:00,2003.91,2004.06,2003.83,2003.86,228,4,0,228
2024-02-16 06:12:00,2003.86,2003.9,2003.73,2003.76,138,4,0,138
2024-02-16 06:15:00,2003.77,2003.87,2003.64,2003.74,107,4,0,107
2024-02-16 06:18:00,2003.74,2003.87,2003.63,2003.69,129,4,0,129
2024-02-16 06:21:00,2003.69,2003.69,2003.36,2003.51,99,4,0,99
2024-02-16 06:24:00,2003.55,2003.93,2003.5,2003.89,207,4,0,207
2024-02-16 06:27:00,2003.89,2003.91,2003.64,2003.78,134,4,0,134
2024-02-16 06:30:00,2003.79,2003.99,2003.64,2003.76,191,4,0,191
2024-02-16 06:33:00,2003.77,2004.1,2003.74,2003.85,138,4,0,138
2024-02-16 06:36:00,2003.85,2004.06,2003.84,2003.85,135,4,0,135
2024-02-16 06:39:00,2003.85,2004.11,2003.65,2004.04,149,4,0,149
2024-02-16 06:42:00,2004.02,2004.14,2003.97,2004.09,133,4,0,133
2024-02-16 06:45:00,2004.09,2004.25,2003.6,2003.63,166,4,0,166
2024-02-16 06:48:00,2003.64,2003.84,2003.35,2003.6,333,4,0,333
2024-02-16 06:51:00,2003.6,2003.87,2003.35,2003.66,408,4,0,408
2024-02-16 06:54:00,2003.66,2003.83,2003.57,2003.72,207,4,0,207
2024-02-16 06:57:00,2003.72,2003.84,2003.62,2003.68,128,4,0,128
2024-02-16 07:00:00,2003.68,2003.95,2003.58,2003.82,169,4,0,169
2024-02-16 07:03:00,2003.85,2004.0,2003.76,2003.99,123,4,0,123
2024-02-16 07:06:00,2003.99,2004.25,2003.96,2003.99,128,4,0,128
2024-02-16 07:09:00,2003.99,2004.03,2003.83,2003.9,164,4,0,164
2024-02-16 07:12:00,2003.87,2003.92,2003.76,2003.8,162,4,0,162
2024-02-16 07:15:00,2003.8,2003.83,2003.61,2003.63,102,4,0,102
2024-02-16 07:18:00,2003.62,2003.8,2003.57,2003.67,157,4,0,157
2024-02-16 07:21:00,2003.68,2003.71,2003.46,2003.46,187,4,0,187
2024-02-16 07:24:00,2003.44,2003.82,2003.43,2003.61,152,4,0,152
2024-02-16 07:27:00,2003.61,2003.88,2003.52,2003.8,162,4,0,162
2024-02-16 07:30:00,2003.8,2004.14,2003.75,2004.01,133,4,0,133
2024-02-16 07:33:00,2004.01,2004.14,2003.97,2004.08,109,4,0,109
2024-02-16 07:36:00,2004.12,2004.36,2003.99,2004.33,125,4,0,125
2024-02-16 07:39:00,2004.33,2004.53,2004.3,2004.33,131,4,0,131
2024-02-16 07:42:00,2004.33,2004.45,2004.3,2004.4,71,4,0,71
2024-02-16 07:45:00,2004.4,2004.76,2004.3,2004.38,172,4,0,172
2024-02-16 07:48:00,2004.38,2004.5,2004.36,2004.37,128,4,0,128
2024-02-16 07:51:00,2004.36,2004.36,2004.09,2004.16,126,4,0,126
2024-02-16 07:54:00,2004.16,2004.32,2004.16,2004.28,123,4,0,123
2024-02-16 07:57:00,2004.29,2004.58,2004.29,2004.52,127,4,0,127
2024-02-16 08:00:00,2004.53,2004.66,2004.39,2004.44,154,4,0,154
2024-02-16 08:03:00,2004.44,2004.62,2004.4,2004.52,117,4,0,117
2024-02-16 08:06:00,2004.52,2004.74,2004.43,2004.47,129,4,0,129
2024-02-16 08:09:00,2004.48,2004.55,2004.24,2004.34,144,4,0,144
2024-02-16 08:12:00,2004.34,2004.36,2003.95,2004.0,144,4,0,144
2024-02-16 08:15:00,2004.0,2004.01,2003.15,2003.68,210,4,0,210
2024-02-16 08:18:00,2003.67,2003.68,2003.02,2003.02,169,4,0,169
2024-02-16 08:21:00,2003.02,2003.21,2002.76,2003.21,220,4,0,220
2024-02-16 08:24:00,2003.21,2003.32,2002.98,2003.04,144,4,0,144
2024-02-16 08:27:00,2003.04,2003.25,2002.98,2003.11,182,4,0,182
2024-02-16 08:30:00,2003.12,2003.91,2002.88,2003.62,320,4,0,320
2024-02-16 08:33:00,2003.62,2003.84,2003.18,2003.41,492,4,0,492
2024-02-16 08:36:00,2003.41,2003.99,2003.35,2003.57,254,4,0,254
2024-02-16 08:39:00,2003.57,2003.82,2003.48,2003.78,99,4,0,99
2024-02-16 08:42:00,2003.78,2003.91,2003.62,2003.9,126,4,0,126
2024-02-16 08:45:00,2003.89,2003.94,2003.7,2003.82,143,4,0,143
2024-02-16 08:48:00,2003.85,2003.87,2003.68,2003.82,134,4,0,134
2024-02-16 08:51:00,2003.82,2003.95,2003.73,2003.82,126,4,0,126
2024-02-16 08:54:00,2003.82,2003.84,2003.58,2003.62,180,4,0,180
2024-02-16 08:57:00,2003.62,2003.88,2003.53,2003.84,172,4,0,172
2024-02-16 09:00:00,2003.84,2004.22,2003.59,2003.72,303,4,0,303
2024-02-16 09:03:00,2003.71,2003.86,2003.43,2003.84,264,4,0,264
2024-02-16 09:06:00,2003.85,2003.89,2003.49,2003.73,271,4,0,271
2024-02-16 09:09:00,2003.73,2004.15,2003.61,2004.1,290,4,0,290
2024-02-16 09:12:00,2004.1,2004.74,2003.86,2004.33,392,4,0,392
2024-02-16 09:15:00,2004.33,2004.56,2003.98,2004.12,170,4,0,170
2024-02-16 09:18:00,2004.12,2004.81,2004.11,2004.72,222,4,0,222
2024-02-16 09:21:00,2004.72,2004.83,2004.44,2004.62,219,4,0,219
2024-02-16 09:24:00,2004.63,2005.01,2004.56,2005.01,273,4,0,273
2024-02-16 09:27:00,2005.02,2005.23,2004.81,2004.94,256,4,0,256
2024-02-16 09:30:00,2004.96,2005.15,2004.63,2005.08,248,4,0,248
2024-02-16 09:33:00,2005.08,2005.57,2005.04,2005.51,171,4,0,171
2024-02-16 09:36:00,2005.51,2006.49,2005.35,2006.48,223,4,0,223
2024-02-16 09:39:00,2006.48,2006.51,2005.95,2006.02,299,4,0,299
2024-02-16 09:42:00,2006.02,2006.31,2005.85,2005.89,271,4,0,271
2024-02-16 09:45:00,2005.89,2006.24,2005.89,2006.03,189,4,0,189
2024-02-16 09:48:00,2006.01,2006.24,2005.88,2006.21,180,4,0,180
2024-02-16 09:51:00,2006.21,2006.4,2005.62,2005.62,194,4,0,194
2024-02-16 09:54:00,2005.6,2005.91,2005.6,2005.87,177,4,0,177
2024-02-16 09:57:00,2005.87,2005.9,2005.04,2005.22,225,4,0,225
2024-02-16 10:00:00,2005.21,2005.63,2004.87,2005.07,433,4,0,433
2024-02-16 10:03:00,2005.07,2005.46,2004.93,2005.31,265,4,0,265
2024-02-16 10:06:00,2005.31,2005.65,2004.97,2005.62,303,4,0,303
2024-02-16 10:09:00,2005.62,2005.73,2005.29,2005.41,271,4,0,271
2024-02-16 10:12:00,2005.41,2005.53,2004.6,2004.6,242,4,0,242
2024-02-16 10:15:00,2004.6,2005.32,2004.38,2005.11,271,4,0,271
2024-02-16 10:18:00,2005.09,2005.16,2004.81,2004.92,301,4,0,301
2024-02-16 10:21:00,2004.95,2005.17,2004.83,2004.97,234,4,0,234
2024-02-16 10:24:00,2004.95,2005.33,2004.6,2005.29,270,4,0,270
2024-02-16 10:27:00,2005.29,2005.3,2004.87,2005.02,247,4,0,247
2024-02-16 10:30:00,2005.03,2005.16,2004.55,2004.7,239,4,0,239
2024-02-16 10:33:00,2004.7,2005.03,2004.56,2004.84,264,4,0,264
2024-02-16 10:36:00,2004.84,2004.9,2004.59,2004.8,183,4,0,183
2024-02-16 10:39:00,2004.8,2005.0,2004.73,2004.85,212,4,0,212
2024-02-16 10:42:00,2004.85,2005.19,2004.59,2005.17,240,4,0,240
2024-02-16 10:45:00,2005.17,2005.67,2005.14,2005.58,188,4,0,188
2024-02-16 10:48:00,2005.58,2005.61,2004.98,2005.05,203,4,0,203
2024-02-16 10:51:00,2005.05,2005.08,2003.94,2004.08,289,4,0,289
2024-02-16 10:54:00,2004.1,2005.05,2003.93,2004.94,508,4,0,508
2024-02-16 10:57:00,2004.96,2005.07,2004.82,2005.0,211,4,0,211
2024-02-16 11:00:00,2005.0,2005.14,2004.76,2005.14,275,4,0,275
2024-02-16 11:03:00,2005.12,2005.42,2004.84,2005.35,158,4,0,158
2024-02-16 11:06:00,2005.36,2005.42,2004.99,2005.05,105,4,0,105
2024-02-16 11:09:00,2005.05,2005.17,2004.69,2005.16,127,4,0,127
2024-02-16 11:12:00,2005.16,2005.16,2004.49,2004.5,175,4,0,175
2024-02-16 11:15:00,2004.5,2004.91,2004.27,2004.87,282,4,0,282
2024-02-16 11:18:00,2004.87,2004.93,2004.57,2004.64,182,4,0,182
2024-02-16 11:21:00,2004.65,2004.84,2004.53,2004.72,165,4,0,165
2024-02-16 11:24:00,2004.71,2005.19,2004.71,2005.17,160,4,0,160
2024-02-16 11:27:00,2005.14,2006.17,2005.01,2006.16,310,4,0,310
2024-02-16 11:30:00,2006.16,2006.5,2006.04,2006.07,263,4,0,263
2024-02-16 11:33:00,2006.07,2006.25,2005.66,2005.77,217,4,0,217
2024-02-16 11:36:00,2005.77,2005.95,2005.67,2005.85,154,4,0,154
2024-02-16 11:39:00,2005.85,2005.92,2005.4,2005.43,134,4,0,134
2024-02-16 11:42:00,2005.44,2005.62,2005.3,2005.48,161,4,0,161
2024-02-16 11:45:00,2005.49,2005.5,2005.11,2005.2,164,4,0,164
2024-02-16 11:48:00,2005.2,2005.31,2005.1,2005.2,123,4,0,123
2024-02-16 11:51:00,2005.21,2005.46,2005.15,2005.19,156,4,0,156
2024-02-16 11:54:00,2005.19,2005.45,2005.05,2005.05,124,4,0,124
2024-02-16 11:57:00,2005.07,2005.3,2005.06,2005.11,195,4,0,195
2024-02-16 12:00:00,2005.11,2005.23,2004.75,2004.99,204,4,0,204
2024-02-16 12:03:00,2004.99,2005.33,2004.91,2005.28,184,4,0,184
2024-02-16 12:06:00,2005.27,2005.5,2004.95,2005.44,267,4,0,267
2024-02-16 12:09:00,2005.44,2005.6,2005.3,2005.52,146,4,0,146
2024-02-16 12:12:00,2005.53,2005.57,2005.27,2005.4,176,4,0,176
2024-02-16 12:15:00,2005.4,2005.57,2005.26,2005.54,98,4,0,98
2024-02-16 12:18:00,2005.54,2005.83,2005.41,2005.63,165,4,0,165
2024-02-16 12:21:00,2005.63,2006.21,2005.61,2006.2,177,4,0,177
2024-02-16 12:24:00,2006.2,2006.2,2005.93,2006.08,165,4,0,165
2024-02-16 12:27:00,2006.07,2006.12,2005.78,2005.79,132,4,0,132
2024-02-16 12:30:00,2005.8,2005.89,2005.48,2005.79,292,4,0,292
2024-02-16 12:33:00,2005.79,2006.26,2005.78,2006.25,181,4,0,181
2024-02-16 12:36:00,2006.24,2006.36,2006.03,2006.06,167,4,0,167
2024-02-16 12:39:00,2006.06,2006.77,2006.02,2006.76,241,4,0,241
2024-02-16 12:42:00,2006.76,2007.21,2006.69,2007.15,220,4,0,220
2024-02-16 12:45:00,2007.15,2007.43,2007.12,2007.36,244,4,0,244
2024-02-16 12:48:00,2007.36,2007.52,2007.02,2007.03,479,4,0,479
2024-02-16 12:51:00,2007.03,2007.06,2006.56,2006.95,269,4,0,269
2024-02-16 12:54:00,2006.93,2007.24,2006.65,2007.08,238,4,0,238
2024-02-16 12:57:00,2007.08,2007.29,2007.03,2007.23,268,4,0,268
2024-02-16 13:00:00,2007.23,2007.25,2006.31,2006.39,229,4,0,229
2024-02-16 13:03:00,2006.39,2006.79,2006.31,2006.66,235,4,0,235
2024-02-16 13:06:00,2006.67,2007.06,2006.66,2006.96,181,4,0,181
2024-02-16 13:09:00,2006.96,2007.29,2006.8,2007.14,151,4,0,151
2024-02-16 13:12:00,2007.14,2007.29,2007.04,2007.26,171,4,0,171
2024-02-16 13:15:00,2007.26,2007.28,2006.92,2007.18,170,4,0,170
2024-02-16 13:18:00,2007.18,2007.42,2007.13,2007.42,130,4,0,130
2024-02-16 13:21:00,2007.41,2007.61,2007.32,2007.43,150,4,0,150
2024-02-16 13:24:00,2007.45,2007.53,2006.94,2006.97,182,4,0,182
2024-02-16 13:27:00,2006.97,2007.04,2006.76,2006.93,143,4,0,143
2024-02-16 13:30:00,2006.93,2007.48,2006.93,2007.47,171,4,0,171
2024-02-16 13:33:00,2007.47,2007.61,2007.41,2007.42,152,4,0,152
2024-02-16 13:36:00,2007.41,2007.6,2007.31,2007.59,133,4,0,133
2024-02-16 13:39:00,2007.6,2007.87,2007.59,2007.67,196,4,0,196
2024-02-16 13:42:00,2007.68,2007.71,2007.37,2007.41,120,4,0,120
2024-02-16 13:45:00,2007.41,2007.66,2007.36,2007.57,155,4,0,155
2024-02-16 13:48:00,2007.57,2007.74,2007.37,2007.41,115,4,0,115
2024-02-16 13:51:00,2007.41,2007.76,2006.84,2007.05,288,4,0,288
2024-02-16 13:54:00,2007.05,2007.43,2006.97,2007.36,231,4,0,231
2024-02-16 13:57:00,2007.35,2007.49,2007.08,2007.3,207,4,0,207
2024-02-16 14:00:00,2007.3,2007.71,2007.28,2007.65,317,4,0,317
2024-02-16 14:03:00,2007.64,2007.73,2007.35,2007.67,274,4,0,274
2024-02-16 14:06:00,2007.67,2008.08,2007.67,2007.75,269,4,0,269
2024-02-16 14:09:00,2007.76,2007.98,2007.05,2007.08,343,4,0,343
2024-02-16 14:12:00,2007.08,2007.39,2006.98,2007.3,333,4,0,333
2024-02-16 14:15:00,2007.29,2007.6,2007.15,2007.54,154,4,0,154
2024-02-16 14:18:00,2007.55,2008.14,2007.46,2008.0,219,4,0,219
2024-02-16 14:21:00,2008.0,2008.08,2007.58,2007.76,206,4,0,206
2024-02-16 14:24:00,2007.76,2007.91,2007.6,2007.62,143,4,0,143
2024-02-16 14:27:00,2007.62,2007.79,2007.34,2007.43,192,4,0,192
2024-02-16 14:30:00,2007.43,2007.7,2007.4,2007.59,169,4,0,169
2024-02-16 14:33:00,2007.58,2007.68,2007.41,2007.57,159,4,0,159
2024-02-16 14:36:00,2007.56,2007.67,2007.2,2007.36,266,4,0,266
2024-02-16 14:39:00,2007.36,2007.81,2007.3,2007.81,277,4,0,277
2024-02-16 14:42:00,2007.81,2007.82,2007.1,2007.1,284,4,0,284
2024-02-16 14:45:00,2007.1,2007.61,2007.09,2007.55,245,4,0,245
2024-02-16 14:48:00,2007.53,2007.55,2007.3,2007.41,203,4,0,203
2024-02-16 14:51:00,2007.41,2007.53,2007.05,2007.22,215,4,0,215
2024-02-16 14:54:00,2007.21,2007.23,2006.49,2006.5,272,4,0,272
2024-02-16 14:57:00,2006.5,2007.19,2006.46,2006.87,326,4,0,326
2024-02-16 15:00:00,2006.87,2007.01,2006.43,2006.67,350,4,0,350
2024-02-16 15:03:00,2006.65,2006.78,2006.01,2006.51,436,4,0,436
2024-02-16 15:06:00,2006.52,2006.89,2006.43,2006.57,403,4,0,403
2024-02-16 15:09:00,2006.57,2006.6,2006.13,2006.21,345,4,0,345
2024-02-16 15:12:00,2006.2,2006.25,2005.73,2005.78,279,4,0,279
2024-02-16 15:15:00,2005.78,2006.33,2005.62,2006.21,387,4,0,387
2024-02-16 15:18:00,2006.21,2006.24,2005.78,2005.92,358,4,0,358
2024-02-16 15:21:00,2005.92,2006.45,2005.9,2006.33,467,4,0,467
2024-02-16 15:24:00,2006.33,2006.66,2006.2,2006.59,458,4,0,458
2024-02-16 15:27:00,2006.58,2006.89,2006.26,2006.47,512,4,0,512
2024-02-16 15:30:00,2006.47,2006.6,1999.23,2000.79,1645,4,0,1645
2024-02-16 15:33:00,2000.79,2001.28,1995.84,1995.93,1615,4,0,1615
2024-02-16 15:36:00,1995.93,1998.72,1995.1,1996.08,1837,4,0,1837
2024-02-16 15:39:00,1996.08,1998.18,1995.57,1997.3,1768,4,0,1768
2024-02-16 15:42:00,1997.32,1999.48,1996.87,1998.55,1417,4,0,1417
2024-02-16 15:45:00,1998.55,2002.61,1998.24,2001.58,1591,4,0,1591
2024-02-16 15:48:00,2001.58,2002.5,2000.23,2002.0,1433,4,0,1433
2024-02-16 15:51:00,2002.0,2004.45,2001.41,2003.27,1590,4,0,1590
2024-02-16 15:54:00,2003.27,2004.09,2002.51,2002.65,1331,4,0,1331
2024-02-16 15:57:00,2002.65,2002.97,2001.34,2001.5,1269,4,0,1269
2024-02-16 16:00:00,2001.49,2003.4,2001.33,2002.83,1168,4,0,1168
2024-02-16 16:03:00,2002.83,2002.9,2001.16,2001.35,1045,4,0,1045
2024-02-16 16:06:00,2001.35,2001.62,2000.48,2000.8,1012,4,0,1012
2024-02-16 16:09:00,2000.8,2002.05,1999.61,2000.36,1087,4,0,1087
2024-02-16 16:12:00,2000.37,2000.5,1999.03,1999.23,782,4,0,782
2024-02-16 16:15:00,1999.21,1999.42,1997.39,1997.96,967,4,0,967
2024-02-16 16:18:00,1997.95,1998.19,1996.49,1998.05,942,4,0,942
2024-02-16 16:21:00,1998.05,1998.27,1996.82,1997.73,1006,4,0,1006
2024-02-16 16:24:00,1997.73,1998.7,1997.12,1998.5,899,4,0,899
2024-02-16 16:27:00,1998.51,1998.51,1997.07,1997.68,701,4,0,701
2024-02-16 16:30:00,1997.68,1997.96,1996.2,1997.01,1225,4,0,1225
2024-02-16 16:33:00,1997.01,1999.4,1996.66,1999.12,1531,4,0,1531
2024-02-16 16:36:00,1999.09,1999.18,1997.36,1998.51,1289,4,0,1289
2024-02-16 16:39:00,1998.51,2000.01,1998.25,1999.67,979,4,0,979
2024-02-16 16:42:00,1999.71,2000.52,1998.87,1998.87,1201,4,0,1201
2024-02-16 16:45:00,1998.87,1999.15,1997.0,1997.06,1372,4,0,1372
2024-02-16 16:48:00,1997.04,1997.36,1996.44,1996.9,1137,4,0,1137
2024-02-16 16:51:00,1996.91,1997.4,1995.84,1996.09,989,4,0,989
2024-02-16 16:54:00,1996.11,1997.29,1995.37,1996.82,1231,4,0,1231
2024-02-16 16:57:00,1996.82,1998.16,1996.51,1998.1,853,4,0,853
2024-02-16 17:00:00,1998.08,1999.05,1997.33,1998.66,1384,4,0,1384
2024-02-16 17:03:00,1998.69,1999.64,1997.91,1999.54,1345,4,0,1345
2024-02-16 17:06:00,1999.54,2002.4,1999.43,2002.13,1302,4,0,1302
2024-02-16 17:09:00,2002.12,2003.02,2001.73,2002.94,1322,4,0,1322
2024-02-16 17:12:00,2002.94,2005.28,2002.72,2004.51,1367,4,0,1367
2024-02-16 17:15:00,2004.51,2006.79,2004.28,2006.32,1292,4,0,1292
2024-02-16 17:18:00,2006.32,2006.67,2004.46,2004.71,1584,4,0,1584
2024-02-16 17:21:00,2004.71,2005.94,2004.56,2005.92,1358,4,0,1358
2024-02-16 17:24:00,2005.93,2006.14,2004.75,2005.53,1189,4,0,1189
2024-02-16 17:27:00,2005.52,2006.52,2005.22,2006.35,1162,4,0,1162
2024-02-16 17:30:00,2006.36,2006.65,2004.84,2006.34,1186,4,0,1186
2024-02-16 17:33:00,2006.37,2006.86,2006.04,2006.35,1003,4,0,1003
2024-02-16 17:36:00,2006.35,2010.05,2006.27,2007.99,1438,4,0,1438
2024-02-16 17:39:00,2008.01,2008.82,2007.19,2008.39,1058,4,0,1058
2024-02-16 17:42:00,2008.39,2011.06,2008.27,2009.94,1172,4,0,1172
2024-02-16 17:45:00,2009.94,2010.07,2008.42,2008.88,906,4,0,906
2024-02-16 17:48:00,2008.9,2009.09,2007.89,2008.85,876,4,0,876
2024-02-16 17:51:00,2008.85,2009.44,2007.66,2007.69,1074,4,0,1074
2024-02-16 17:54:00,2007.66,2008.51,2007.01,2008.28,900,4,0,900
2024-02-16 17:57:00,2008.27,2008.63,2007.56,2007.96,960,4,0,960
2024-02-16 18:00:00,2007.97,2009.15,2007.92,2008.27,911,4,0,911
2024-02-16 18:03:00,2008.27,2008.52,2007.79,2008.4,712,4,0,712
2024-02-16 18:06:00,2008.4,2009.69,2008.32,2009.56,770,4,0,770
2024-02-16 18:09:00,2009.57,2010.37,2009.56,2010.05,694,4,0,694
2024-02-16 18:12:00,2010.05,2010.47,2009.8,2010.09,696,4,0,696
2024-02-16 18:15:00,2010.09,2010.97,2010.05,2010.78,678,4,0,678
2024-02-16 18:18:00,2010.78,2011.01,2010.23,2010.68,661,4,0,661
2024-02-16 18:21:00,2010.68,2010.78,2009.59,2009.75,636,4,0,636
2024-02-16 18:24:00,2009.74,2009.75,2008.26,2008.49,701,4,0,701
2024-02-16 18:27:00,2008.49,2009.2,2008.36,2008.5,559,4,0,559
2024-02-16 18:30:00,2008.53,2008.57,2007.27,2007.94,587,4,0,587
2024-02-16 18:33:00,2007.95,2009.39,2007.49,2009.15,670,4,0,670
2024-02-16 18:36:00,2009.15,2009.39,2008.49,2009.26,511,4,0,511
2024-02-16 18:39:00,2009.26,2009.59,2009.1,2009.32,399,4,0,399
2024-02-16 18:42:00,2009.32,2009.92,2009.31,2009.75,514,4,0,514
2024-02-16 18:45:00,2009.75,2010.09,2008.93,2008.98,533,4,0,533
2024-02-16 18:48:00,2008.99,2009.61,2008.57,2009.49,431,4,0,431
2024-02-16 18:51:00,2009.5,2010.02,2008.93,2009.64,398,4,0,398
2024-02-16 18:54:00,2009.64,2009.8,2008.94,2009.05,375,4,0,375
2024-02-16 18:57:00,2009.05,2009.51,2008.89,2009.26,542,4,0,542
2024-02-16 19:00:00,2009.26,2010.06,2009.17,2009.64,498,4,0,498
2024-02-16 19:03:00,2009.64,2009.94,2009.12,2009.57,493,4,0,493
2024-02-16 19:06:00,2009.57,2009.84,2008.78,2008.91,448,4,0,448
2024-02-16 19:09:00,2008.89,2009.7,2008.88,2009.55,386,4,0,386
2024-02-16 19:12:00,2009.55,2010.32,2009.5,2010.29,394,4,0,394
2024-02-16 19:15:00,2010.29,2010.62,2010.08,2010.58,509,4,0,509
2024-02-16 19:18:00,2010.58,2011.04,2010.5,2010.81,494,4,0,494
2024-02-16 19:21:00,2010.81,2011.0,2010.01,2010.22,417,4,0,417
2024-02-16 19:24:00,2010.22,2010.4,2009.89,2010.05,293,4,0,293
2024-02-16 19:27:00,2010.05,2010.51,2009.89,2010.51,326,4,0,326
2024-02-16 19:30:00,2010.51,2010.66,2010.12,2010.57,331,4,0,331
2024-02-16 19:33:00,2010.57,2010.8,2010.35,2010.4,415,4,0,415
2024-02-16 19:36:00,2010.39,2011.32,2010.39,2011.28,354,4,0,354
2024-02-16 19:39:00,2011.28,2012.67,2011.28,2011.75,750,4,0,750
2024-02-16 19:42:00,2011.75,2012.1,2011.43,2012.02,422,4,0,422
2024-02-16 19:45:00,2012.03,2012.69,2012.0,2012.66,369,4,0,369
2024-02-16 19:48:00,2012.66,2014.23,2012.64,2013.45,594,4,0,594
2024-02-16 19:51:00,2013.45,2014.28,2013.35,2013.82,658,4,0,658
2024-02-16 19:54:00,2013.82,2014.48,2013.75,2014.08,406,4,0,406
2024-02-16 19:57:00,2014.08,2014.19,2013.29,2013.37,401,4,0,401
2024-02-16 20:00:00,2013.37,2014.12,2013.09,2013.98,455,4,0,455
2024-02-16 20:03:00,2013.97,2014.17,2013.69,2013.97,408,4,0,408
2024-02-16 20:06:00,2013.97,2015.16,2013.79,2014.91,522,4,0,522
2024-02-16 20:09:00,2014.91,2014.96,2013.8,2013.86,458,4,0,458
2024-02-16 20:12:00,2013.86,2014.17,2013.45,2013.78,329,4,0,329
2024-02-16 20:15:00,2013.8,2014.36,2013.73,2014.26,258,4,0,258
2024-02-16 20:18:00,2014.28,2014.3,2012.3,2012.51,341,4,0,341
2024-02-16 20:21:00,2012.51,2013.37,2012.2,2012.2,352,4,0,352
2024-02-16 20:24:00,2012.2,2012.81,2011.18,2012.76,525,4,0,525
2024-02-16 20:27:00,2012.76,2013.2,2012.11,2012.23,817,4,0,817
2024-02-16 20:30:00,2012.22,2012.78,2012.08,2012.71,602,4,0,602
2024-02-16 20:33:00,2012.69,2012.74,2011.95,2012.27,377,4,0,377
2024-02-16 20:36:00,2012.27,2012.48,2012.02,2012.37,305,4,0,305
2024-02-16 20:39:00,2012.37,2012.93,2012.23,2012.72,284,4,0,284
2024-02-16 20:42:00,2012.74,2013.19,2012.45,2013.0,255,4,0,255
2024-02-16 20:45:00,2013.0,2013.28,2012.79,2013.18,249,4,0,249
2024-02-16 20:48:00,2013.18,2014.34,2013.18,2014.29,327,4,0,327
2024-02-16 20:51:00,2014.29,2014.3,2013.89,2014.09,292,4,0,292
2024-02-16 20:54:00,2014.09,2014.22,2013.76,2014.05,236,4,0,236
2024-02-16 20:57:00,2014.04,2014.27,2013.74,2013.9,307,4,0,307
2024-02-16 21:00:00,2013.91,2014.79,2013.91,2014.73,336,4,0,336
2024-02-16 21:03:00,2014.73,2014.94,2014.36,2014.63,245,4,0,245
2024-02-16 21:06:00,2014.63,2014.84,2014.31,2014.31,210,4,0,210
2024-02-16 21:09:00,2014.24,2014.55,2014.21,2014.22,229,4,0,229
2024-02-16 21:12:00,2014.22,2014.55,2014.19,2014.45,211,4,0,211
2024-02-16 21:15:00,2014.46,2015.18,2014.46,2015.17,237,4,0,237
2024-02-16 21:18:00,2015.17,2015.18,2014.33,2014.43,301,4,0,301
2024-02-16 21:21:00,2014.43,2014.95,2014.43,2014.92,183,4,0,183
2024-02-16 21:24:00,2014.93,2015.15,2014.57,2014.73,244,4,0,244
2024-02-16 21:27:00,2014.74,2014.93,2014.62,2014.81,157,4,0,157
2024-02-16 21:30:00,2014.82,2014.88,2013.91,2013.92,213,4,0,213
2024-02-16 21:33:00,2013.92,2014.07,2013.38,2013.43,243,4,0,243
2024-02-16 21:36:00,2013.43,2013.5,2012.69,2012.84,253,4,0,253
2024-02-16 21:39:00,2012.85,2013.13,2012.45,2012.56,244,4,0,244
2024-02-16 21:42:00,2012.57,2012.94,2012.4,2012.76,189,4,0,189
2024-02-16 21:45:00,2012.74,2012.85,2012.0,2012.02,289,4,0,289
2024-02-16 21:48:00,2012.02,2012.2,2011.79,2012.04,456,4,0,456
2024-02-16 21:51:00,2012.07,2012.88,2012.06,2012.88,249,4,0,249
2024-02-16 21:54:00,2012.88,2013.06,2012.67,2012.94,222,4,0,222
2024-02-16 21:57:00,2012.93,2012.95,2012.64,2012.67,273,4,0,273
2024-02-16 22:00:00,2012.67,2012.8,2011.29,2011.79,699,4,0,699
2024-02-16 22:03:00,2011.79,2012.03,2011.69,2011.91,213,4,0,213
2024-02-16 22:06:00,2011.91,2011.92,2011.32,2011.59,290,4,0,290
2024-02-16 22:09:00,2011.59,2011.71,2011.4,2011.43,308,4,0,308
2024-02-16 22:12:00,2011.43,2011.73,2011.31,2011.66,276,4,0,276
2024-02-16 22:15:00,2011.66,2011.78,2011.53,2011.72,293,4,0,293
2024-02-16 22:18:00,2011.73,2012.61,2011.71,2012.56,250,4,0,250
2024-02-16 22:21:00,2012.55,2012.63,2012.15,2012.48,318,4,0,318
2024-02-16 22:24:00,2012.48,2012.54,2012.09,2012.1,268,4,0,268
2024-02-16 22:27:00,2012.1,2012.67,2012.1,2012.54,241,4,0,241
2024-02-16 22:30:00,2012.54,2012.94,2012.24,2012.83,266,4,0,266
2024-02-16 22:33:00,2012.84,2013.06,2012.68,2013.06,223,4,0,223
2024-02-16 22:36:00,2013.06,2013.12,2012.83,2013.07,262,4,0,262
2024-02-16 22:39:00,2013.07,2013.14,2012.72,2012.87,235,4,0,235
2024-02-16 22:42:00,2012.88,2013.13,2012.82,2013.04,267,4,0,267
2024-02-16 22:45:00,2013.03,2013.04,2012.45,2012.62,276,4,0,276
2024-02-16 22:48:00,2012.62,2012.77,2012.39,2012.66,296,4,0,296
2024-02-16 22:51:00,2012.68,2012.74,2012.34,2012.38,333,4,0,333
2024-02-16 22:54:00,2012.38,2012.71,2012.25,2012.31,253,4,0,253
2024-02-16 22:57:00,2012.31,2012.32,2011.91,2011.95,376,4,0,376
2024-02-16 23:00:00,2011.97,2012.78,2011.95,2012.57,212,4,0,212
2024-02-16 23:03:00,2012.57,2012.69,2012.47,2012.69,112,4,0,112
2024-02-16 23:06:00,2012.7,2013.25,2012.67,2013.2,125,4,0,125
2024-02-16 23:09:00,2013.2,2013.4,2013.17,2013.34,123,4,0,123
2024-02-16 23:12:00,2013.34,2013.4,2013.17,2013.19,96,4,0,96
2024-02-16 23:15:00,2013.19,2013.47,2013.12,2013.33,105,4,0,105
2024-02-16 23:18:00,2013.34,2013.36,2013.12,2013.24,80,4,0,80
2024-02-16 23:21:00,2013.24,2013.5,2013.18,2013.49,87,4,0,87
2024-02-16 23:24:00,2013.49,2013.56,2013.4,2013.41,90,4,0,90
2024-02-16 23:27:00,2013.41,2013.43,2013.01,2013.01,142,4,0,142
2024-02-16 23:30:00,2013.01,2013.16,2012.94,2013.02,118,4,0,118
2024-02-16 23:33:00,2013.02,2013.2,2012.93,2013.18,100,4,0,100
2024-02-16 23:36:00,2013.18,2013.31,2012.99,2013.07,110,4,0,110
2024-02-16 23:39:00,2013.07,2013.35,2013.07,2013.29,53,4,0,53
2024-02-16 23:42:00,2013.29,2013.53,2013.23,2013.53,82,4,0,82
2024-02-16 23:45:00,2013.53,2013.53,2013.25,2013.39,88,4,0,88
2024-02-16 23:48:00,2013.39,2013.68,2013.25,2013.66,131,4,0,131
2024-02-16 23:51:00,2013.66,2014.01,2013.61,2013.95,132,4,0,132
2024-02-16 23:54:00,2013.95,2014.06,2013.24,2013.34,200,4,0,200
2024-02-16 23:57:00,2013.34,2013.48,2013.23,2013.26,84,4,0,84
2024-02-19 01:03:00,2012.18,2013.43,2012.18,2013.43,43,85,0,43
2024-02-19 01:06:00,2013.34,2014.0,2012.9,2013.57,321,85,0,321
2024-02-19 01:09:00,2013.57,2014.77,2012.16,2014.52,473,4,0,473
2024-02-19 01:12:00,2014.52,2016.07,2013.09,2014.36,667,4,0,667
2024-02-19 01:15:00,2014.35,2014.86,2012.97,2013.35,91,85,0,91
2024-02-19 01:24:00,2013.39,2013.4,2011.26,2012.17,86,85,0,86
2024-02-19 01:27:00,2012.19,2014.74,2011.64,2012.71,417,4,0,417
2024-02-19 01:30:00,2012.76,2013.91,2012.37,2013.01,345,4,0,345
2024-02-19 01:33:00,2013.01,2014.22,2012.83,2013.68,311,9,0,311
2024-02-19 01:36:00,2013.65,2014.34,2013.25,2013.94,206,4,0,206
2024-02-19 01:39:00,2013.94,2014.05,2013.68,2013.73,83,4,0,83
2024-02-19 01:42:00,2013.73,2014.12,2013.49,2013.86,109,4,0,109
2024-02-19 01:45:00,2013.86,2014.5,2013.71,2014.26,121,4,0,121
2024-02-19 01:48:00,2014.26,2014.55,2014.04,2014.04,136,4,0,136
2024-02-19 01:51:00,2014.11,2014.53,2013.93,2013.99,140,4,0,140
2024-02-19 01:54:00,2013.99,2014.55,2013.81,2014.09,162,4,0,162
2024-02-19 01:57:00,2014.09,2014.24,2013.7,2013.86,172,4,0,172
2024-02-19 02:00:00,2013.79,2014.64,2013.74,2014.35,197,4,0,197
2024-02-19 02:03:00,2014.35,2014.66,2014.26,2014.51,112,4,0,112
2024-02-19 02:06:00,2014.51,2014.81,2014.46,2014.8,92,4,0,92
2024-02-19 02:09:00,2014.83,2015.05,2014.73,2015.04,109,4,0,109
2024-02-19 02:12:00,2015.04,2016.59,2014.99,2016.59,201,4,0,201
2024-02-19 02:15:00,2016.62,2016.89,2016.15,2016.69,234,4,0,234
2024-02-19 02:18:00,2016.69,2016.88,2016.46,2016.56,229,4,0,229
2024-02-19 02:21:00,2016.57,2016.97,2016.47,2016.69,185,4,0,185
2024-02-19 02:24:00,2016.69,2018.59,2016.69,2018.11,230,4,0,230
2024-02-19 02:27:00,2018.11,2018.4,2017.2,2017.2,284,4,0,284
2024-02-19 02:30:00,2017.23,2017.88,2017.23,2017.74,215,4,0,215
2024-02-19 02:33:00,2017.74,2017.74,2017.07,2017.12,149,4,0,149
2024-02-19 02:36:00,2017.12,2017.18,2016.61,2016.66,161,4,0,161
2024-02-19 02:39:00,2016.66,2016.86,2016.33,2016.59,190,4,0,190
2024-02-19 02:42:00,2016.59,2016.8,2016.4,2016.69,221,4,0,221
2024-02-19 02:45:00,2016.69,2017.53,2016.69,2017.25,176,4,0,176
2024-02-19 02:48:00,2017.29,2018.23,2017.28,2018.18,329,4,0,329
2024-02-19 02:51:00,2018.19,2018.52,2017.92,2018.19,425,4,0,425
2024-02-19 02:54:00,2018.2,2018.47,2017.8,2018.42,292,4,0,292
2024-02-19 02:57:00,2018.41,2020.14,2018.37,2018.83,639,4,0,639
2024-02-19 03:00:00,2018.83,2019.28,2017.1,2017.39,1615,4,0,1615
2024-02-19 03:03:00,2017.4,2018.03,2016.39,2017.76,781,4,0,781
2024-02-19 03:06:00,2017.76,2019.03,2017.45,2019.03,639,4,0,639
2024-02-19 03:09:00,2019.02,2020.5,2019.01,2020.17,623,4,0,623
2024-02-19 03:12:00,2020.13,2020.21,2019.73,2020.05,718,4,0,718
2024-02-19 03:15:00,2020.06,2020.81,2019.83,2020.12,696,4,0,696
2024-02-19 03:18:00,2020.12,2020.12,2018.35,2018.58,600,4,0,600
2024-02-19 03:21:00,2018.58,2019.37,2018.58,2018.97,478,4,0,478
2024-02-19 03:24:00,2018.97,2019.28,2017.89,2018.07,508,4,0,508
2024-02-19 03:27:00,2018.06,2018.54,2017.71,2017.84,386,4,0,386
2024-02-19 03:30:00,2017.84,2018.49,2017.52,2018.45,387,4,0,387
2024-02-19 03:33:00,2018.45,2018.98,2018.25,2018.52,366,4,0,366
2024-02-19 03:36:00,2018.51,2018.67,2018.1,2018.13,323,4,0,323
2024-02-19 03:39:00,2018.13,2018.14,2017.06,2017.41,425,4,0,425
2024-02-19 03:42:00,2017.33,2018.17,2016.94,2017.96,445,4,0,445
2024-02-19 03:45:00,2017.96,2018.44,2017.77,2018.08,329,4,0,329
2024-02-19 03:48:00,2018.08,2019.84,2018.05,2019.8,336,4,0,336
2024-02-19 03:51:00,2019.8,2020.16,2019.32,2019.34,361,4,0,361
2024-02-19 03:54:00,2019.34,2019.9,2019.31,2019.8,258,4,0,258
2024-02-19 03:57:00,2019.8,2020.09,2019.72,2019.86,300,4,0,300
2024-02-19 04:00:00,2019.84,2020.33,2019.48,2019.86,393,4,0,393
2024-02-19 04:03:00,2019.85,2019.85,2018.63,2019.27,270,4,0,270
2024-02-19 04:06:00,2019.27,2019.31,2018.83,2019.08,165,4,0,165
2024-02-19 04:09:00,2019.08,2019.81,2019.01,2019.62,189,4,0,189
2024-02-19 04:12:00,2019.62,2020.54,2019.61,2020.33,233,4,0,233
2024-02-19 04:15:00,2020.33,2020.7,2020.04,2020.22,226,4,0,226
2024-02-19 04:18:00,2020.22,2020.25,2019.84,2020.17,168,4,0,168
2024-02-19 04:21:00,2020.17,2020.24,2019.67,2019.99,149,4,0,149
2024-02-19 04:24:00,2020.01,2020.55,2019.94,2020.43,178,4,0,178
2024-02-19 04:27:00,2020.43,2020.64,2020.08,2020.33,162,4,0,162
2024-02-19 04:30:00,2020.34,2020.54,2019.89,2020.05,247,4,0,247
2024-02-19 04:33:00,2020.05,2020.69,2019.99,2020.68,208,4,0,208
2024-02-19 04:36:00,2020.68,2022.57,2020.64,2022.14,373,4,0,373
2024-02-19 04:39:00,2022.14,2022.23,2021.65,2021.79,301,4,0,301
2024-02-19 04:42:00,2021.79,2022.1,2021.72,2022.04,208,4,0,208
2024-02-19 04:45:00,2022.04,2022.04,2021.57,2021.7,318,4,0,318
2024-02-19 04:48:00,2021.71,2021.77,2021.5,2021.72,183,4,0,183
2024-02-19 04:51:00,2021.72,2022.33,2021.72,2022.28,298,4,0,298
2024-02-19 04:54:00,2022.28,2022.84,2022.09,2022.59,347,4,0,347
2024-02-19 04:57:00,2022.59,2022.91,2022.31,2022.37,282,4,0,282
2024-02-19 05:00:00,2022.36,2022.39,2021.95,2022.15,285,4,0,285
2024-02-19 05:03:00,2022.15,2022.43,2021.8,2022.02,150,4,0,150
2024-02-19 05:06:00,2022.02,2022.19,2021.89,2021.92,149,4,0,149
2024-02-19 05:09:00,2021.92,2021.99,2021.72,2021.85,158,4,0,158
2024-02-19 05:12:00,2021.85,2022.3,2021.83,2022.22,119,4,0,119
2024-02-19 05:15:00,2022.22,2022.23,2021.79,2021.98,160,4,0,160
2024-02-19 05:18:00,2021.98,2022.0,2021.72,2021.76,161,4,0,161
2024-02-19 05:21:00,2021.76,2021.8,2021.31,2021.66,203,4,0,203
2024-02-19 05:24:00,2021.65,2021.95,2021.48,2021.75,154,4,0,154
2024-02-19 05:27:00,2021.75,2022.06,2021.57,2021.71,172,4,0,172
2024-02-19 05:30:00,2021.71,2021.75,2021.47,2021.5,155,4,0,155
2024-02-19 05:33:00,2021.5,2021.5,2020.89,2021.16,254,4,0,254
2024-02-19 05:36:00,2021.17,2021.48,2021.07,2021.41,126,4,0,126
2024-02-19 05:39:00,2021.41,2021.63,2021.37,2021.5,93,4,0,93
2024-02-19 05:42:00,2021.5,2021.55,2020.87,2020.91,87,4,0,87
2024-02-19 05:45:00,2020.91,2020.91,2020.1,2020.35,216,4,0,216
2024-02-19 05:48:00,2020.35,2020.73,2020.35,2020.56,166,4,0,166
2024-02-19 05:51:00,2020.57,2020.6,2020.06,2020.07,148,4,0,148
2024-02-19 05:54:00,2020.06,2020.21,2019.95,2020.07,122,4,0,122
2024-02-19 05:57:00,2020.07,2020.07,2019.34,2019.92,236,4,0,236
2024-02-19 06:00:00,2019.93,2019.96,2019.5,2019.61,152,4,0,152
2024-02-19 06:03:00,2019.62,2019.81,2019.31,2019.56,142,4,0,142
2024-02-19 06:06:00,2019.56,2019.76,2019.5,2019.53,172,4,0,172
2024-02-19 06:09:00,2019.55,2019.81,2019.55,2019.71,186,4,0,186
2024-02-19 06:12:00,2019.71,2019.76,2019.42,2019.45,150,4,0,150
2024-02-19 06:15:00,2019.45,2019.92,2019.36,2019.89,131,4,0,131
2024-02-19 06:18:00,2019.89,2019.96,2019.21,2019.3,144,4,0,144
2024-02-19 06:21:00,2019.3,2019.31,2018.37,2018.47,191,4,0,191
2024-02-19 06:24:00,2018.5,2018.81,2018.43,2018.46,131,4,0,131
2024-02-19 06:27:00,2018.46,2018.85,2018.46,2018.65,125,4,0,125
2024-02-19 06:30:00,2018.65,2018.72,2018.46,2018.69,115,4,0,115
2024-02-19 06:33:00,2018.69,2019.04,2018.66,2018.93,130,4,0,130
2024-02-19 06:36:00,2018.92,2018.94,2018.43,2018.57,102,4,0,102
2024-02-19 06:39:00,2018.56,2018.75,2018.45,2018.55,126,4,0,126
2024-02-19 06:42:00,2018.55,2018.93,2018.44,2018.93,131,4,0,131
2024-02-19 06:45:00,2018.93,2019.04,2018.55,2018.55,167,4,0,167
2024-02-19 06:48:00,2018.55,2018.77,2018.48,2018.76,86,4,0,86
2024-02-19 06:51:00,2018.77,2018.82,2018.31,2018.46,142,4,0,142
2024-02-19 06:54:00,2018.46,2019.05,2018.39,2018.94,173,4,0,173
2024-02-19 06:57:00,2018.94,2019.2,2018.86,2019.07,148,4,0,148
2024-02-19 07:00:00,2019.07,2019.19,2018.86,2018.9,168,4,0,168
2024-02-19 07:03:00,2018.93,2018.99,2018.66,2018.78,195,4,0,195
2024-02-19 07:06:00,2018.78,2018.84,2018.57,2018.84,81,4,0,81
2024-02-19 07:09:00,2018.83,2018.89,2018.68,2018.72,94,4,0,94
2024-02-19 07:12:00,2018.73,2019.02,2018.67,2018.88,84,4,0,84
2024-02-19 07:15:00,2018.88,2018.94,2018.69,2018.76,78,4,0,78
2024-02-19 07:18:00,2018.78,2019.81,2018.78,2019.69,204,4,0,204
2024-02-19 07:21:00,2019.69,2020.68,2019.58,2020.47,293,4,0,293
2024-02-19 07:24:00,2020.47,2020.95,2020.29,2020.3,274,4,0,274
2024-02-19 07:27:00,2020.3,2020.33,2020.02,2020.04,85,4,0,85
2024-02-19 07:30:00,2020.04,2020.23,2019.8,2019.96,173,4,0,173
2024-02-19 07:33:00,2019.96,2020.37,2019.91,2020.12,203,4,0,203
2024-02-19 07:36:00,2020.11,2020.33,2019.66,2020.33,237,4,0,237
2024-02-19 07:39:00,2020.33,2020.56,2020.13,2020.36,298,4,0,298
2024-02-19 07:42:00,2020.36,2020.86,2020.31,2020.68,192,4,0,192
2024-02-19 07:45:00,2020.68,2021.49,2020.66,2021.09,263,4,0,263
2024-02-19 07:48:00,2021.09,2021.3,2020.82,2021.17,195,4,0,195
2024-02-19 07:51:00,2021.17,2021.49,2021.1,2021.41,264,4,0,264
2024-02-19 07:54:00,2021.4,2021.49,2020.84,2020.92,270,4,0,270
2024-02-19 07:57:00,2020.92,2021.12,2020.76,2020.78,160,4,0,160
2024-02-19 08:00:00,2020.78,2020.9,2020.45,2020.71,277,4,0,277
2024-02-19 08:03:00,2020.71,2021.09,2020.7,2020.95,168,4,0,168
2024-02-19 08:06:00,2020.95,2020.99,2020.66,2020.95,134,4,0,134
2024-02-19 08:09:00,2020.95,2021.35,2020.89,2021.19,254,4,0,254
2024-02-19 08:12:00,2021.2,2021.6,2021.16,2021.38,215,4,0,215
2024-02-19 08:15:00,2021.38,2021.72,2021.34,2021.54,216,4,0,216
2024-02-19 08:18:00,2021.54,2021.61,2021.26,2021.37,172,4,0,172
2024-02-19 08:21:00,2021.39,2021.57,2021.05,2021.32,229,4,0,229
2024-02-19 08:24:00,2021.32,2021.56,2021.22,2021.49,206,4,0,206
2024-02-19 08:27:00,2021.49,2021.77,2021.48,2021.67,152,4,0,152
2024-02-19 08:30:00,2021.67,2021.86,2021.36,2021.62,280,4,0,280
2024-02-19 08:33:00,2021.62,2021.72,2021.49,2021.71,213,4,0,213
2024-02-19 08:36:00,2021.69,2021.91,2021.59,2021.82,184,4,0,184
2024-02-19 08:39:00,2021.86,2022.3,2021.75,2022.11,228,4,0,228
2024-02-19 08:42:00,2022.13,2022.57,2022.0,2022.57,274,4,0,274
2024-02-19 08:45:00,2022.57,2022.62,2021.84,2021.96,247,4,0,247
2024-02-19 08:48:00,2021.96,2022.01,2021.57,2021.57,199,4,0,199
2024-02-19 08:51:00,2021.57,2021.94,2021.38,2021.94,241,4,0,241
2024-02-19 08:54:00,2021.95,2021.99,2021.42,2021.53,260,4,0,260
2024-02-19 08:57:00,2021.53,2021.64,2021.45,2021.52,228,4,0,228
2024-02-19 09:00:00,2021.52,2021.8,2021.18,2021.3,303,4,0,303
2024-02-19 09:03:00,2021.3,2021.58,2021.19,2021.28,276,4,0,276
2024-02-19 09:06:00,2021.28,2022.14,2021.22,2022.08,312,4,0,312
2024-02-19 09:09:00,2022.08,2022.17,2021.75,2021.77,211,4,0,211
2024-02-19 09:12:00,2021.77,2022.18,2021.73,2022.11,164,4,0,164
2024-02-19 09:15:00,2022.11,2022.85,2022.08,2022.74,243,4,0,243
2024-02-19 09:18:00,2022.74,2022.74,2022.33,2022.52,252,4,0,252
2024-02-19 09:21:00,2022.55,2022.77,2022.25,2022.75,255,4,0,255
2024-02-19 09:24:00,2022.75,2023.01,2021.82,2022.21,335,4,0,335
2024-02-19 09:27:00,2022.22,2022.23,2021.69,2021.75,237,4,0,237
2024-02-19 09:30:00,2021.75,2021.87,2021.31,2021.42,216,4,0,216
2024-02-19 09:33:00,2021.42,2021.55,2020.84,2020.89,261,4,0,261
2024-02-19 09:36:00,2020.89,2020.94,2019.77,2020.15,341,4,0,341
2024-02-19 09:39:00,2020.15,2020.46,2019.94,2020.31,310,4,0,310
2024-02-19 09:42:00,2020.3,2021.07,2020.12,2020.85,262,4,0,262
2024-02-19 09:45:00,2020.85,2020.93,2020.52,2020.78,194,4,0,194
2024-02-19 09:48:00,2020.76,2020.76,2020.23,2020.39,217,4,0,217
2024-02-19 09:51:00,2020.39,2020.74,2020.08,2020.28,293,4,0,293
2024-02-19 09:54:00,2020.28,2020.46,2020.1,2020.44,218,4,0,218
2024-02-19 09:57:00,2020.45,2021.23,2020.44,2021.03,330,4,0,330
2024-02-19 10:00:00,2021.0,2021.28,2020.5,2020.72,350,4,0,350
2024-02-19 10:03:00,2020.72,2020.84,2020.24,2020.58,300,4,0,300
2024-02-19 10:06:00,2020.58,2020.76,2020.37,2020.52,308,4,0,308
2024-02-19 10:09:00,2020.53,2020.81,2020.38,2020.72,323,4,0,323
2024-02-19 10:12:00,2020.7,2020.7,2020.18,2020.41,316,4,0,316
2024-02-19 10:15:00,2020.42,2020.62,2019.88,2020.61,293,4,0,293
2024-02-19 10:18:00,2020.61,2021.23,2020.53,2021.21,335,4,0,335
2024-02-19 10:21:00,2021.21,2021.21,2020.29,2020.49,291,4,0,291
2024-02-19 10:24:00,2020.5,2021.02,2020.46,2020.91,328,4,0,328
2024-02-19 10:27:00,2020.92,2021.01,2020.31,2020.31,314,4,0,314
2024-02-19 10:30:00,2020.31,2020.72,2020.11,2020.72,408,4,0,408
2024-02-19 10:33:00,2020.72,2020.72,2019.84,2020.35,332,4,0,332
2024-02-19 10:36:00,2020.35,2020.36,2019.88,2020.12,382,4,0,382
2024-02-19 10:39:00,2020.13,2020.48,2019.95,2019.99,341,4,0,341
2024-02-19 10:42:00,2019.98,2020.18,2019.79,2020.16,288,4,0,288
2024-02-19 10:45:00,2020.15,2020.16,2019.32,2019.51,249,4,0,249
2024-02-19 10:48:00,2019.51,2019.65,2019.12,2019.3,278,4,0,278
2024-02-19 10:51:00,2019.29,2019.46,2019.15,2019.3,238,4,0,238
2024-02-19 10:54:00,2019.3,2019.77,2019.17,2019.51,306,4,0,306
2024-02-19 10:57:00,2019.51,2020.41,2019.48,2020.21,576,4,0,576
2024-02-19 11:00:00,2020.22,2020.3,2019.63,2019.67,482,4,0,482
2024-02-19 11:03:00,2019.67,2020.39,2019.62,2020.14,361,4,0,361
2024-02-19 11:06:00,2020.15,2020.31,2019.97,2020.18,356,4,0,356
2024-02-19 11:09:00,2020.18,2020.27,2019.87,2020.21,304,4,0,304
2024-02-19 11:12:00,2020.21,2020.55,2019.87,2020.44,292,4,0,292
2024-02-19 11:15:00,2020.44,2020.76,2020.24,2020.4,256,4,0,256
2024-02-19 11:18:00,2020.4,2020.58,2020.24,2020.27,191,4,0,191
2024-02-19 11:21:00,2020.25,2020.54,2020.06,2020.19,209,4,0,209
2024-02-19 11:24:00,2020.19,2020.37,2019.76,2019.78,258,4,0,258
2024-02-19 11:27:00,2019.74,2019.79,2019.46,2019.57,266,4,0,266
2024-02-19 11:30:00,2019.57,2019.71,2019.34,2019.47,264,4,0,264
2024-02-19 11:33:00,2019.49,2019.79,2019.28,2019.79,316,4,0,316
2024-02-19 11:36:00,2019.77,2020.29,2019.71,2020.2,253,4,0,253
2024-02-19 11:39:00,2020.19,2020.28,2019.89,2020.04,200,4,0,200
2024-02-19 11:42:00,2020.05,2020.32,2019.87,2020.13,264,4,0,264
2024-02-19 11:45:00,2020.13,2020.18,2019.96,2020.08,294,4,0,294
2024-02-19 11:48:00,2020.08,2020.21,2019.97,2020.17,214,4,0,214
2024-02-19 11:51:00,2020.17,2020.45,2019.85,2019.95,196,4,0,196
2024-02-19 11:54:00,2019.95,2020.1,2019.68,2020.06,188,4,0,188
2024-02-19 11:57:00,2020.06,2020.3,2020.05,2020.19,215,4,0,215
2024-02-19 12:00:00,2020.19,2020.31,2020.05,2020.29,314,4,0,314
2024-02-19 12:03:00,2020.27,2020.27,2019.57,2019.95,280,4,0,280
2024-02-19 12:06:00,2019.97,2019.97,2019.44,2019.56,254,4,0,254
2024-02-19 12:09:00,2019.57,2019.82,2019.56,2019.65,195,4,0,195
2024-02-19 12:12:00,2019.65,2020.15,2019.59,2019.89,223,4,0,223
2024-02-19 12:15:00,2019.89,2019.89,2019.54,2019.79,180,4,0,180
2024-02-19 12:18:00,2019.79,2020.12,2019.77,2019.89,132,4,0,132
2024-02-19 12:21:00,2019.88,2020.16,2019.88,2020.13,145,4,0,145
2024-02-19 12:24:00,2020.13,2020.18,2019.87,2020.07,102,4,0,102
2024-02-19 12:27:00,2020.07,2020.08,2019.84,2020.03,78,4,0,78
2024-02-19 12:30:00,2020.03,2020.64,2019.55,2019.65,343,4,0,343
2024-02-19 12:33:00,2019.65,2019.9,2019.56,2019.56,151,4,0,151
2024-02-19 12:36:00,2019.56,2019.65,2019.04,2019.06,118,4,0,118
2024-02-19 12:39:00,2019.06,2019.07,2018.22,2018.58,271,4,0,271
2024-02-19 12:42:00,2018.57,2018.95,2018.46,2018.78,236,4,0,236
2024-02-19 12:45:00,2018.78,2018.9,2018.43,2018.48,228,4,0,228
2024-02-19 12:48:00,2018.51,2018.8,2018.36,2018.58,199,4,0,199
2024-02-19 12:51:00,2018.56,2018.85,2018.53,2018.68,189,4,0,189
2024-02-19 12:54:00,2018.69,2019.18,2018.58,2019.16,207,4,0,207
2024-02-19 12:57:00,2019.14,2019.17,2018.78,2018.96,251,4,0,251
2024-02-19 13:00:00,2018.97,2019.14,2018.77,2018.95,215,4,0,215
2024-02-19 13:03:00,2018.95,2019.12,2018.84,2019.07,237,4,0,237
2024-02-19 13:06:00,2019.07,2019.16,2018.91,2019.0,172,4,0,172
2024-02-19 13:09:00,2019.0,2019.0,2018.61,2018.79,200,4,0,200
2024-02-19 13:12:00,2018.78,2018.83,2018.38,2018.56,176,4,0,176
2024-02-19 13:15:00,2018.56,2019.24,2018.56,2019.16,194,4,0,194
2024-02-19 13:18:00,2019.16,2019.16,2018.71,2018.9,203,4,0,203
2024-02-19 13:21:00,2018.9,2019.06,2018.82,2018.98,166,4,0,166
2024-02-19 13:24:00,2018.98,2019.44,2018.98,2019.29,166,4,0,166
2024-02-19 13:27:00,2019.29,2019.63,2019.23,2019.46,229,4,0,229
2024-02-19 13:30:00,2019.45,2019.62,2019.31,2019.43,232,4,0,232
2024-02-19 13:33:00,2019.43,2019.66,2019.4,2019.47,238,4,0,238
2024-02-19 13:36:00,2019.46,2019.46,2018.89,2018.91,229,4,0,229
2024-02-19 13:39:00,2018.91,2019.07,2018.37,2018.65,525,4,0,525
2024-02-19 13:42:00,2018.68,2019.03,2018.45,2019.03,396,4,0,396
2024-02-19 13:45:00,2019.03,2019.21,2018.93,2018.98,138,4,0,138
2024-02-19 13:48:00,2018.98,2019.05,2018.46,2018.96,291,4,0,291
2024-02-19 13:51:00,2018.93,2018.96,2018.51,2018.81,234,4,0,234
2024-02-19 13:54:00,2018.82,2018.82,2018.52,2018.66,175,4,0,175
2024-02-19 13:57:00,2018.66,2018.76,2018.4,2018.42,217,4,0,217
2024-02-19 14:00:00,2018.42,2018.78,2018.31,2018.57,284,4,0,284
2024-02-19 14:03:00,2018.56,2018.83,2018.03,2018.79,318,4,0,318
2024-02-19 14:06:00,2018.8,2019.14,2018.67,2019.13,243,4,0,243
2024-02-19 14:09:00,2019.13,2019.14,2018.62,2018.62,251,4,0,251
2024-02-19 14:12:00,2018.62,2018.9,2018.61,2018.82,259,4,0,259
2024-02-19 14:15:00,2018.82,2018.89,2018.75,2018.89,205,4,0,205
2024-02-19 14:18:00,2018.89,2018.89,2018.51,2018.77,239,4,0,239
2024-02-19 14:21:00,2018.77,2019.01,2018.73,2018.97,205,4,0,205
2024-02-19 14:24:00,2018.97,2018.98,2018.39,2018.52,204,4,0,204
2024-02-19 14:27:00,2018.53,2018.55,2018.28,2018.46,192,4,0,192
2024-02-19 14:30:00,2018.49,2018.51,2017.8,2017.95,302,4,0,302
2024-02-19 14:33:00,2017.94,2018.47,2017.58,2017.85,429,4,0,429
2024-02-19 14:36:00,2017.85,2018.56,2017.71,2017.96,503,4,0,503
2024-02-19 14:39:00,2017.96,2018.03,2017.32,2017.32,227,4,0,227
2024-02-19 14:42:00,2017.32,2017.37,2017.09,2017.17,136,4,0,136
2024-02-19 14:45:00,2017.18,2017.2,2016.76,2016.85,134,4,0,134
2024-02-19 14:48:00,2016.85,2016.85,2016.11,2016.4,320,4,0,320
2024-02-19 14:51:00,2016.41,2016.41,2016.07,2016.22,187,4,0,187
2024-02-19 14:54:00,2016.22,2017.06,2016.04,2016.89,315,4,0,315
2024-02-19 14:57:00,2016.89,2017.01,2016.6,2016.78,348,4,0,348
2024-02-19 15:00:00,2016.78,2017.53,2016.77,2017.37,759,4,0,759
2024-02-19 15:03:00,2017.38,2018.18,2017.36,2017.68,601,4,0,601
2024-02-19 15:06:00,2017.68,2018.83,2017.68,2018.47,601,4,0,601
2024-02-19 15:09:00,2018.44,2019.25,2018.34,2018.92,490,4,0,490
2024-02-19 15:12:00,2018.92,2019.19,2018.82,2019.12,386,4,0,386
2024-02-19 15:15:00,2019.11,2019.35,2018.08,2018.28,408,4,0,408
2024-02-19 15:18:00,2018.27,2018.33,2017.8,2018.3,394,4,0,394
2024-02-19 15:21:00,2018.3,2018.5,2017.5,2017.82,440,4,0,440
2024-02-19 15:24:00,2017.81,2018.25,2017.71,2017.96,323,4,0,323
2024-02-19 15:27:00,2017.96,2018.32,2017.78,2018.23,291,4,0,291
2024-02-19 15:30:00,2018.22,2018.23,2017.3,2017.51,334,4,0,334
2024-02-19 15:33:00,2017.51,2017.9,2017.0,2017.71,591,4,0,591
2024-02-19 15:36:00,2017.69,2018.25,2017.49,2018.01,466,4,0,466
2024-02-19 15:39:00,2018.01,2018.27,2017.69,2017.77,357,4,0,357
2024-02-19 15:42:00,2017.76,2018.0,2017.15,2017.59,479,4,0,479
2024-02-19 15:45:00,2017.58,2017.73,2016.97,2017.26,328,4,0,328
2024-02-19 15:48:00,2017.24,2017.35,2016.72,2016.91,530,4,0,530
2024-02-19 15:51:00,2016.89,2016.94,2016.51,2016.91,405,4,0,405
2024-02-19 15:54:00,2016.9,2017.15,2016.71,2016.9,315,4,0,315
2024-02-19 15:57:00,2016.91,2017.04,2016.76,2016.88,190,4,0,190
2024-02-19 16:00:00,2016.89,2017.16,2016.59,2016.68,368,4,0,368
2024-02-19 16:03:00,2016.68,2016.89,2016.08,2016.2,325,4,0,325
2024-02-19 16:06:00,2016.21,2016.78,2016.14,2016.74,418,4,0,418
2024-02-19 16:09:00,2016.72,2017.16,2016.55,2016.66,390,4,0,390
2024-02-19 16:12:00,2016.68,2017.14,2016.67,2017.07,301,4,0,301
2024-02-19 16:15:00,2017.06,2017.06,2016.69,2016.73,238,4,0,238
2024-02-19 16:18:00,2016.73,2017.12,2016.73,2016.8,250,4,0,250
2024-02-19 16:21:00,2016.8,2017.44,2016.7,2017.42,328,4,0,328
2024-02-19 16:24:00,2017.41,2017.44,2016.98,2016.98,331,4,0,331
2024-02-19 16:27:00,2016.98,2017.12,2016.67,2016.89,235,4,0,235
2024-02-19 16:30:00,2016.89,2017.0,2016.46,2016.49,286,4,0,286
2024-02-19 16:33:00,2016.49,2016.69,2016.26,2016.3,264,4,0,264
2024-02-19 16:36:00,2016.3,2016.77,2016.25,2016.71,306,4,0,306
2024-02-19 16:39:00,2016.7,2016.95,2016.52,2016.88,326,4,0,326
2024-02-19 16:42:00,2016.87,2016.91,2016.69,2016.91,234,4,0,234
2024-02-19 16:45:00,2016.9,2016.91,2015.98,2015.99,422,4,0,422
2024-02-19 16:48:00,2016.0,2016.62,2015.95,2016.6,285,4,0,285
2024-02-19 16:51:00,2016.61,2017.08,2016.47,2017.05,272,4,0,272
2024-02-19 16:54:00,2017.05,2017.59,2017.04,2017.18,215,4,0,215
2024-02-19 16:57:00,2017.18,2017.73,2017.17,2017.37,240,4,0,240
2024-02-19 17:00:00,2017.34,2017.62,2016.93,2017.35,304,4,0,304
2024-02-19 17:03:00,2017.35,2017.36,2016.86,2017.24,221,4,0,221
2024-02-19 17:06:00,2017.25,2017.29,2016.63,2016.68,196,4,0,196
2024-02-19 17:09:00,2016.69,2017.05,2016.65,2016.76,186,4,0,186
2024-02-19 17:12:00,2016.75,2016.86,2016.35,2016.49,255,4,0,255
2024-02-19 17:15:00,2016.48,2016.7,2016.24,2016.24,232,4,0,232
2024-02-19 17:18:00,2016.24,2017.09,2016.24,2017.09,302,4,0,302
2024-02-19 17:21:00,2017.07,2017.43,2016.88,2016.88,295,4,0,295
2024-02-19 17:24:00,2016.88,2017.01,2016.44,2016.51,238,4,0,238
2024-02-19 17:27:00,2016.51,2016.73,2016.29,2016.57,230,4,0,230
2024-02-19 17:30:00,2016.57,2016.91,2016.38,2016.79,255,4,0,255
2024-02-19 17:33:00,2016.78,2016.82,2016.56,2016.8,190,4,0,190
2024-02-19 17:36:00,2016.8,2016.82,2016.52,2016.7,295,4,0,295
2024-02-19 17:39:00,2016.69,2016.7,2016.24,2016.49,298,4,0,298
2024-02-19 17:42:00,2016.48,2016.69,2015.84,2015.97,329,4,0,329
2024-02-19 17:45:00,2015.97,2016.14,2015.6,2015.93,293,4,0,293
2024-02-19 17:48:00,2015.91,2015.93,2015.32,2015.37,292,4,0,292
2024-02-19 17:51:00,2015.37,2015.61,2015.28,2015.61,279,4,0,279
2024-02-19 17:54:00,2015.6,2015.86,2014.83,2014.94,355,4,0,355
2024-02-19 17:57:00,2014.94,2015.15,2014.89,2014.99,228,4,0,228
2024-02-19 18:00:00,2014.99,2014.99,2013.9,2014.01,372,4,0,372
2024-02-19 18:03:00,2014.01,2014.19,2013.3,2014.02,441,4,0,441
2024-02-19 18:06:00,2014.02,2014.32,2013.99,2014.16,297,4,0,297
2024-02-19 18:09:00,2014.17,2014.5,2014.03,2014.1,329,4,0,329
2024-02-19 18:12:00,2014.09,2014.81,2014.09,2014.77,299,4,0,299
2024-02-19 18:15:00,2014.77,2015.09,2014.69,2015.0,314,4,0,314
2024-02-19 18:18:00,2015.0,2015.14,2014.83,2015.13,242,4,0,242
2024-02-19 18:21:00,2015.14,2015.44,2015.06,2015.35,227,4,0,227
2024-02-19 18:24:00,2015.34,2015.84,2015.32,2015.72,248,4,0,248
2024-02-19 18:27:00,2015.72,2016.19,2015.69,2016.0,154,4,0,154
2024-02-19 18:30:00,2016.0,2016.24,2015.9,2016.14,191,4,0,191
2024-02-19 18:33:00,2016.14,2016.23,2016.0,2016.0,110,4,0,110
2024-02-19 18:36:00,2016.0,2016.01,2015.69,2015.89,211,4,0,211
2024-02-19 18:39:00,2015.89,2016.2,2015.89,2016.2,169,4,0,169
2024-02-19 18:42:00,2016.19,2016.54,2016.14,2016.5,169,4,0,169
2024-02-19 18:45:00,2016.49,2016.71,2016.28,2016.28,170,4,0,170
2024-02-19 18:48:00,2016.28,2016.51,2016.27,2016.48,106,4,0,106
2024-02-19 18:51:00,2016.49,2016.49,2015.98,2016.09,182,4,0,182
2024-02-19 18:54:00,2016.09,2016.32,2016.02,2016.17,165,4,0,165
2024-02-19 18:57:00,2016.18,2016.29,2016.17,2016.27,133,4,0,133
2024-02-19 19:00:00,2016.28,2016.69,2016.17,2016.6,165,4,0,165
2024-02-19 19:03:00,2016.6,2016.64,2016.49,2016.61,86,4,0,86
2024-02-19 19:06:00,2016.61,2016.7,2016.44,2016.64,121,4,0,121
2024-02-19 19:09:00,2016.63,2016.63,2016.14,2016.45,139,4,0,139
2024-02-19 19:12:00,2016.44,2016.44,2016.06,2016.14,83,4,0,83
2024-02-19 19:15:00,2016.14,2016.41,2016.13,2016.23,137,4,0,137
2024-02-19 19:18:00,2016.23,2016.39,2016.23,2016.34,81,4,0,81
2024-02-19 19:21:00,2016.34,2016.74,2016.34,2016.72,81,4,0,81
2024-02-19 19:24:00,2016.72,2016.85,2016.68,2016.76,70,4,0,70
2024-02-19 19:27:00,2016.79,2017.13,2016.78,2017.07,110,4,0,110
2024-02-19 19:30:00,2017.05,2018.32,2016.98,2018.32,292,4,0,292
2024-02-19 19:33:00,2018.32,2018.56,2017.59,2017.63,193,4,0,193
2024-02-19 19:36:00,2017.64,2017.77,2017.39,2017.39,155,4,0,155
2024-02-19 19:39:00,2017.39,2017.47,2017.19,2017.24,112,4,0,112
2024-02-19 19:42:00,2017.25,2017.31,2016.95,2017.19,97,4,0,97
2024-02-19 19:45:00,2017.19,2017.36,2016.93,2017.12,159,4,0,159
2024-02-19 19:48:00,2017.09,2017.12,2017.0,2017.11,114,4,0,114
2024-02-19 19:51:00,2017.09,2017.48,2017.09,2017.32,105,4,0,105
2024-02-19 19:54:00,2017.33,2017.8,2017.26,2017.3,176,4,0,176
2024-02-19 19:57:00,2017.3,2017.41,2017.28,2017.4,74,4,0,74
2024-02-19 20:00:00,2017.4,2017.63,2017.31,2017.57,59,4,0,59
2024-02-19 20:03:00,2017.57,2017.86,2017.55,2017.77,65,4,0,65
2024-02-19 20:06:00,2017.77,2018.16,2017.77,2018.15,71,4,0,71
2024-02-19 20:09:00,2018.15,2018.28,2017.97,2018.23,55,4,0,55
2024-02-19 20:12:00,2018.23,2018.25,2018.17,2018.2,26,6,0,26
2024-02-19 20:15:00,2018.2,2018.42,2018.2,2018.3,67,4,0,67
2024-02-19 20:18:00,2018.3,2018.5,2018.28,2018.36,64,4,0,64
2024-02-19 20:21:00,2018.35,2018.39,2018.15,2018.3,87,4,0,87
2024-02-19 20:24:00,2018.29,2018.36,2018.05,2018.06,75,4,0,75
2024-02-19 20:27:00,2018.06,2018.15,2017.62,2017.63,95,4,0,95
2024-02-19 20:30:00,2017.66,2017.66,2016.96,2017.29,133,4,0,133
2024-02-19 20:33:00,2017.29,2017.44,2017.22,2017.42,80,4,0,80
2024-02-19 20:36:00,2017.42,2017.54,2017.23,2017.23,70,6,0,70
2024-02-19 20:39:00,2017.23,2017.62,2017.2,2017.49,82,4,0,82
2024-02-19 20:42:00,2017.49,2017.86,2017.44,2017.69,59,4,0,59
2024-02-19 20:45:00,2017.69,2017.71,2017.66,2017.68,39,12,0,39
2024-02-19 20:48:00,2017.68,2017.78,2017.63,2017.71,49,4,0,49
2024-02-19 20:51:00,2017.71,2017.97,2017.71,2017.91,39,4,0,39
2024-02-19 20:54:00,2017.92,2017.92,2017.65,2017.76,56,4,0,56
2024-02-19 20:57:00,2017.78,2018.06,2017.66,2017.67,81,4,0,81
2024-02-19 21:00:00,2017.69,2018.02,2017.69,2017.88,47,4,0,47
2024-02-19 21:03:00,2017.89,2017.94,2017.85,2017.89,29,4,0,29
2024-02-19 21:06:00,2017.89,2017.93,2017.75,2017.86,54,4,0,54
2024-02-19 21:09:00,2017.86,2018.13,2017.86,2018.13,42,4,0,42
2024-02-19 21:12:00,2018.13,2018.13,2017.99,2018.05,53,4,0,53
2024-02-19 21:15:00,2018.05,2018.17,2017.86,2017.96,66,4,0,66
2024-02-19 21:18:00,2017.96,2018.03,2017.91,2018.01,45,4,0,45
2024-02-19 21:21:00,2018.01,2018.31,2018.01,2018.24,61,4,0,61
2024-02-19 21:24:00,2018.24,2018.29,2017.91,2017.93,89,4,0,89
2024-02-19 21:27:00,2017.93,2018.01,2017.87,2017.97,30,4,0,30
2024-02-20 01:00:00,2017.53,2017.67,2017.22,2017.22,95,15,0,95
2024-02-20 01:03:00,2017.22,2017.28,2016.76,2016.82,237,4,0,237
2024-02-20 01:06:00,2016.82,2017.24,2016.75,2016.97,291,4,0,291
2024-02-20 01:09:00,2016.95,2017.01,2016.65,2016.83,208,4,0,208
2024-02-20 01:12:00,2016.79,2016.86,2016.63,2016.64,154,4,0,154
2024-02-20 01:15:00,2016.65,2016.75,2016.38,2016.71,162,4,0,162
2024-02-20 01:18:00,2016.77,2017.04,2016.44,2016.71,132,4,0,132
2024-02-20 01:21:00,2016.71,2016.91,2016.45,2016.74,130,4,0,130
2024-02-20 01:24:00,2016.74,2017.18,2016.74,2016.88,115,4,0,115
2024-02-20 01:27:00,2016.88,2017.03,2016.77,2016.86,94,4,0,94
2024-02-20 01:30:00,2016.87,2016.91,2016.69,2016.76,92,4,0,92
2024-02-20 01:33:00,2016.76,2016.81,2016.52,2016.52,76,4,0,76
2024-02-20 01:36:00,2016.52,2016.56,2016.27,2016.32,102,4,0,102
2024-02-20 01:39:00,2016.32,2016.39,2016.03,2016.2,146,4,0,146
2024-02-20 01:42:00,2016.2,2016.33,2016.15,2016.32,64,6,0,64
2024-02-20 01:45:00,2016.32,2016.32,2015.79,2016.15,120,4,0,120
2024-02-20 01:48:00,2016.15,2016.3,2016.02,2016.09,61,4,0,61
2024-02-20 01:51:00,2016.09,2016.16,2016.07,2016.16,80,6,0,80
2024-02-20 01:54:00,2016.16,2016.18,2015.96,2016.05,76,4,0,76
2024-02-20 01:57:00,2016.05,2016.4,2015.94,2016.21,85,4,0,85
2024-02-20 02:00:00,2016.21,2016.44,2016.2,2016.2,129,4,0,129
2024-02-20 02:03:00,2016.26,2016.34,2015.97,2016.34,73,4,0,73
2024-02-20 02:06:00,2016.35,2016.35,2015.92,2015.98,132,4,0,132
2024-02-20 02:09:00,2015.99,2016.03,2015.5,2015.59,121,4,0,121
2024-02-20 02:12:00,2015.56,2015.66,2015.27,2015.31,139,4,0,139
2024-02-20 02:15:00,2015.33,2015.82,2015.31,2015.8,196,4,0,196
2024-02-20 02:18:00,2015.8,2015.82,2015.35,2015.36,144,4,0,144
2024-02-20 02:21:00,2015.37,2015.51,2015.06,2015.08,168,4,0,168
2024-02-20 02:24:00,2015.08,2015.34,2015.06,2015.11,107,4,0,107
2024-02-20 02:27:00,2015.14,2015.95,2015.06,2015.76,246,4,0,246
2024-02-20 02:30:00,2015.76,2016.21,2015.76,2016.08,178,4,0,178
2024-02-20 02:33:00,2016.08,2016.46,2015.96,2016.32,162,4,0,162
2024-02-20 02:36:00,2016.34,2016.77,2016.28,2016.47,171,4,0,171
2024-02-20 02:39:00,2016.47,2016.61,2016.03,2016.04,145,4,0,145
2024-02-20 02:42:00,2016.04,2016.11,2015.79,2015.79,92,4,0,92
2024-02-20 02:45:00,2015.79,2015.99,2015.38,2015.49,127,4,0,127
2024-02-20 02:48:00,2015.49,2015.5,2015.07,2015.24,240,4,0,240
2024-02-20 02:51:00,2015.24,2015.48,2015.18,2015.48,269,4,0,269
2024-02-20 02:54:00,2015.48,2015.83,2015.4,2015.83,226,4,0,226
2024-02-20 02:57:00,2015.83,2016.3,2015.83,2016.24,166,4,0,166
2024-02-20 03:00:00,2016.24,2016.47,2015.91,2015.97,299,4,0,299
2024-02-20 03:03:00,2015.97,2016.05,2015.26,2015.56,208,4,0,208
2024-02-20 03:06:00,2015.56,2015.79,2015.5,2015.74,129,4,0,129
2024-02-20 03:09:00,2015.74,2015.76,2015.48,2015.65,189,4,0,189
2024-02-20 03:12:00,2015.66,2015.71,2015.51,2015.56,147,4,0,147
2024-02-20 03:15:00,2015.56,2016.53,2015.52,2016.51,400,4,0,400
2024-02-20 03:18:00,2016.51,2016.84,2016.27,2016.84,329,4,0,329
2024-02-20 03:21:00,2016.84,2017.26,2016.72,2017.07,232,4,0,232
2024-02-20 03:24:00,2017.08,2017.43,2016.81,2017.22,360,4,0,360
2024-02-20 03:27:00,2017.21,2018.52,2017.21,2018.48,428,4,0,428
2024-02-20 03:30:00,2018.48,2018.66,2018.05,2018.63,407,4,0,407
2024-02-20 03:33:00,2018.63,2019.03,2018.53,2018.99,240,4,0,240
2024-02-20 03:36:00,2018.99,2019.25,2018.45,2018.48,327,4,0,327
2024-02-20 03:39:00,2018.48,2018.5,2017.47,2017.56,258,4,0,258
2024-02-20 03:42:00,2017.59,2017.63,2017.01,2017.4,390,4,0,390
2024-02-20 03:45:00,2017.4,2018.61,2017.22,2018.38,512,4,0,512
2024-02-20 03:48:00,2018.38,2018.66,2017.52,2017.53,397,4,0,397
2024-02-20 03:51:00,2017.52,2017.95,2017.38,2017.65,258,4,0,258
2024-02-20 03:54:00,2017.65,2017.73,2016.71,2016.96,315,4,0,315
2024-02-20 03:57:00,2016.96,2017.2,2016.67,2016.98,334,4,0,334
2024-02-20 04:00:00,2016.99,2017.32,2016.83,2017.24,256,4,0,256
2024-02-20 04:03:00,2017.24,2017.39,2017.06,2017.39,246,4,0,246
2024-02-20 04:06:00,2017.39,2017.54,2017.07,2017.13,241,4,0,241
2024-02-20 04:09:00,2017.13,2017.59,2017.1,2017.58,224,4,0,224
2024-02-20 04:12:00,2017.58,2018.07,2017.54,2018.0,233,4,0,233
2024-02-20 04:15:00,2018.0,2018.01,2017.37,2017.4,227,4,0,227
2024-02-20 04:18:00,2017.39,2017.85,2017.38,2017.62,165,4,0,165
2024-02-20 04:21:00,2017.62,2018.0,2017.58,2017.99,150,4,0,150
2024-02-20 04:24:00,2017.99,2018.01,2017.69,2018.0,163,4,0,163
2024-02-20 04:27:00,2018.01,2018.27,2017.9,2018.27,165,4,0,165
2024-02-20 04:30:00,2018.26,2018.32,2017.99,2018.17,218,4,0,218
2024-02-20 04:33:00,2018.17,2018.18,2017.61,2017.82,176,4,0,176
2024-02-20 04:36:00,2017.82,2018.33,2017.74,2018.32,160,4,0,160
2024-02-20 04:39:00,2018.31,2018.32,2017.95,2018.09,169,4,0,169
2024-02-20 04:42:00,2018.1,2018.2,2017.94,2018.12,162,4,0,162
2024-02-20 04:45:00,2018.1,2018.12,2017.89,2017.93,146,4,0,146
2024-02-20 04:48:00,2017.93,2017.95,2017.53,2017.87,225,4,0,225
2024-02-20 04:51:00,2017.86,2017.86,2017.58,2017.63,143,4,0,143
2024-02-20 04:54:00,2017.64,2017.85,2017.28,2017.55,263,4,0,263
2024-02-20 04:57:00,2017.55,2017.67,2017.37,2017.63,181,4,0,181
2024-02-20 05:00:00,2017.63,2017.78,2017.41,2017.5,176,4,0,176
2024-02-20 05:03:00,2017.5,2017.83,2017.5,2017.77,120,4,0,120
2024-02-20 05:06:00,2017.77,2017.98,2017.45,2017.45,235,4,0,235
2024-02-20 05:09:00,2017.45,2017.62,2017.07,2017.29,229,4,0,229
2024-02-20 05:12:00,2017.28,2017.62,2017.1,2017.51,187,4,0,187
2024-02-20 05:15:00,2017.51,2017.61,2017.17,2017.18,171,4,0,171
2024-02-20 05:18:00,2017.18,2017.58,2017.17,2017.53,143,4,0,143
2024-02-20 05:21:00,2017.54,2018.2,2017.54,2018.16,147,4,0,147
2024-02-20 05:24:00,2018.16,2018.17,2017.79,2017.9,153,4,0,153
2024-02-20 05:27:00,2017.9,2018.7,2017.86,2018.55,235,4,0,235
2024-02-20 05:30:00,2018.56,2018.59,2018.05,2018.22,443,4,0,443
2024-02-20 05:33:00,2018.22,2018.36,2018.11,2018.27,118,4,0,118
2024-02-20 05:36:00,2018.27,2018.4,2018.11,2018.26,114,4,0,114
2024-02-20 05:39:00,2018.24,2018.36,2018.13,2018.19,117,4,0,117
2024-02-20 05:42:00,2018.19,2018.35,2018.19,2018.35,113,4,0,113
2024-02-20 05:45:00,2018.34,2018.54,2018.23,2018.41,142,4,0,142
2024-02-20 05:48:00,2018.4,2018.54,2018.06,2018.37,143,4,0,143
2024-02-20 05:51:00,2018.37,2018.79,2018.34,2018.79,105,4,0,105
2024-02-20 05:54:00,2018.8,2018.8,2018.44,2018.51,110,4,0,110
2024-02-20 05:57:00,2018.51,2018.57,2018.34,2018.34,107,4,0,107
2024-02-20 06:00:00,2018.34,2018.52,2018.24,2018.42,110,4,0,110
2024-02-20 06:03:00,2018.42,2018.72,2018.42,2018.62,99,4,0,99
2024-02-20 06:06:00,2018.62,2018.9,2018.62,2018.81,129,4,0,129
2024-02-20 06:09:00,2018.81,2018.86,2018.5,2018.75,128,4,0,128
2024-02-20 06:12:00,2018.75,2018.83,2018.39,2018.46,75,4,0,75
2024-02-20 06:15:00,2018.46,2018.71,2018.42,2018.68,69,4,0,69
2024-02-20 06:18:00,2018.68,2018.71,2018.4,2018.48,125,4,0,125
2024-02-20 06:21:00,2018.48,2018.59,2018.33,2018.43,86,4,0,86
2024-02-20 06:24:00,2018.43,2019.36,2018.43,2019.3,150,4,0,150
2024-02-20 06:27:00,2019.3,2019.37,2019.06,2019.33,159,4,0,159
2024-02-20 06:30:00,2019.34,2019.62,2019.23,2019.51,151,4,0,151
2024-02-20 06:33:00,2019.51,2019.51,2018.87,2018.93,102,4,0,102
2024-02-20 06:36:00,2018.93,2019.3,2018.67,2019.18,131,4,0,131
2024-02-20 06:39:00,2019.18,2019.21,2018.98,2019.14,92,4,0,92
2024-02-20 06:42:00,2019.14,2019.2,2019.0,2019.02,93,4,0,93
2024-02-20 06:45:00,2019.02,2019.31,2019.02,2019.3,93,4,0,93
2024-02-20 06:48:00,2019.3,2019.44,2019.29,2019.39,71,4,0,71
2024-02-20 06:51:00,2019.39,2019.71,2019.39,2019.69,114,4,0,114
2024-02-20 06:54:00,2019.68,2019.75,2019.63,2019.67,60,4,0,60
2024-02-20 06:57:00,2019.68,2019.71,2019.43,2019.54,54,4,0,54
2024-02-20 07:00:00,2019.54,2019.63,2019.25,2019.43,170,4,0,170
2024-02-20 07:03:00,2019.43,2019.43,2018.79,2018.79,161,4,0,161
2024-02-20 07:06:00,2018.79,2019.11,2018.67,2019.1,106,4,0,106
2024-02-20 07:09:00,2019.1,2019.35,2019.06,2019.28,110,4,0,110
2024-02-20 07:12:00,2019.28,2019.49,2019.21,2019.42,168,4,0,168
2024-02-20 07:15:00,2019.43,2019.48,2019.3,2019.39,132,4,0,132
2024-02-20 07:18:00,2019.39,2019.5,2019.37,2019.39,95,4,0,95
2024-02-20 07:21:00,2019.39,2019.52,2019.39,2019.44,68,4,0,68
2024-02-20 07:24:00,2019.44,2019.5,2019.29,2019.47,100,4,0,100
2024-02-20 07:27:00,2019.47,2019.47,2018.94,2019.13,209,4,0,209
2024-02-20 07:30:00,2019.12,2019.16,2018.31,2018.33,284,4,0,284
2024-02-20 07:33:00,2018.32,2018.35,2017.78,2018.02,230,4,0,230
2024-02-20 07:36:00,2018.01,2018.18,2017.85,2018.15,179,4,0,179
2024-02-20 07:39:00,2018.15,2018.4,2018.0,2018.4,148,4,0,148
2024-02-20 07:42:00,2018.4,2018.76,2018.1,2018.76,209,4,0,209
2024-02-20 07:45:00,2018.76,2018.91,2018.7,2018.81,142,4,0,142
2024-02-20 07:48:00,2018.81,2018.85,2018.51,2018.51,117,4,0,117
2024-02-20 07:51:00,2018.51,2018.88,2018.46,2018.73,181,4,0,181
2024-02-20 07:54:00,2018.71,2019.29,2018.53,2019.19,205,4,0,205
2024-02-20 07:57:00,2019.2,2019.29,2018.46,2018.55,223,4,0,223
2024-02-20 08:00:00,2018.55,2018.69,2018.06,2018.08,239,4,0,239
2024-02-20 08:03:00,2018.08,2018.09,2017.8,2017.98,161,4,0,161
2024-02-20 08:06:00,2017.98,2018.13,2017.87,2017.98,199,4,0,199
2024-02-20 08:09:00,2017.98,2018.46,2017.83,2018.42,189,4,0,189
2024-02-20 08:12:00,2018.42,2018.97,2018.42,2018.67,270,4,0,270
2024-02-20 08:15:00,2018.67,2019.46,2018.67,2019.41,204,4,0,204
2024-02-20 08:18:00,2019.41,2019.54,2019.24,2019.49,304,4,0,304
2024-02-20 08:21:00,2019.49,2019.51,2019.17,2019.34,189,4,0,189
2024-02-20 08:24:00,2019.32,2019.56,2019.31,2019.52,178,4,0,178
2024-02-20 08:27:00,2019.52,2019.56,2019.34,2019.51,194,4,0,194
2024-02-20 08:30:00,2019.51,2019.99,2019.34,2019.66,244,4,0,244
2024-02-20 08:33:00,2019.66,2019.83,2019.49,2019.53,151,4,0,151
2024-02-20 08:36:00,2019.53,2020.01,2019.47,2019.81,193,4,0,193
2024-02-20 08:39:00,2019.81,2020.07,2019.79,2019.92,220,4,0,220
2024-02-20 08:42:00,2019.92,2020.31,2019.91,2020.25,204,4,0,204
2024-02-20 08:45:00,2020.24,2020.44,2019.91,2020.17,240,4,0,240
2024-02-20 08:48:00,2020.17,2020.37,2020.01,2020.04,209,4,0,209
2024-02-20 08:51:00,2020.04,2020.82,2019.94,2020.74,223,4,0,223
2024-02-20 08:54:00,2020.74,2020.88,2020.0,2020.05,177,4,0,177
2024-02-20 08:57:00,2020.05,2020.05,2019.48,2019.48,101,4,0,101
2024-02-20 09:00:00,2019.49,2019.99,2019.48,2019.55,177,4,0,177
2024-02-20 09:03:00,2019.55,2019.72,2019.32,2019.54,199,4,0,199
2024-02-20 09:06:00,2019.53,2019.59,2019.06,2019.14,172,4,0,172
2024-02-20 09:09:00,2019.15,2019.81,2019.0,2019.57,286,4,0,286
2024-02-20 09:12:00,2019.57,2020.42,2019.57,2020.32,255,4,0,255
2024-02-20 09:15:00,2020.31,2020.93,2020.23,2020.92,343,4,0,343
2024-02-20 09:18:00,2020.92,2021.65,2020.72,2021.56,379,4,0,379
2024-02-20 09:21:00,2021.56,2022.72,2021.53,2022.63,510,4,0,510
2024-02-20 09:24:00,2022.63,2022.92,2022.21,2022.89,422,4,0,422
2024-02-20 09:27:00,2022.89,2022.91,2022.41,2022.44,325,4,0,325
2024-02-20 09:30:00,2022.43,2022.53,2021.92,2022.33,347,4,0,347
2024-02-20 09:33:00,2022.32,2022.55,2022.06,2022.36,291,4,0,291
2024-02-20 09:36:00,2022.36,2022.5,2021.56,2021.83,303,4,0,303
2024-02-20 09:39:00,2021.82,2021.92,2021.48,2021.79,327,4,0,327
2024-02-20 09:42:00,2021.8,2021.96,2021.58,2021.96,318,4,0,318
2024-02-20 09:45:00,2021.96,2021.96,2021.34,2021.45,243,4,0,243
2024-02-20 09:48:00,2021.44,2021.56,2021.12,2021.49,224,4,0,224
2024-02-20 09:51:00,2021.5,2021.92,2021.37,2021.44,186,4,0,186
2024-02-20 09:54:00,2021.45,2021.55,2020.95,2020.95,315,4,0,315
2024-02-20 09:57:00,2020.96,2021.54,2020.96,2021.52,298,4,0,298
2024-02-20 10:00:00,2021.53,2021.66,2021.32,2021.41,420,4,0,420
2024-02-20 10:03:00,2021.42,2021.69,2021.13,2021.33,292,4,0,292
2024-02-20 10:06:00,2021.33,2021.45,2020.82,2021.32,311,4,0,311
2024-02-20 10:09:00,2021.33,2021.33,2020.81,2021.11,318,4,0,318
2024-02-20 10:12:00,2021.11,2021.36,2020.91,2021.3,295,4,0,295
2024-02-20 10:15:00,2021.3,2022.33,2021.3,2022.23,345,4,0,345
2024-02-20 10:18:00,2022.23,2022.49,2022.09,2022.22,381,4,0,381
2024-02-20 10:21:00,2022.22,2022.31,2020.93,2021.21,540,4,0,540
2024-02-20 10:24:00,2021.22,2021.98,2021.22,2021.82,362,4,0,362
2024-02-20 10:27:00,2021.84,2022.38,2021.78,2022.34,320,4,0,320
2024-02-20 10:30:00,2022.32,2022.71,2022.11,2022.2,411,4,0,411
2024-02-20 10:33:00,2022.2,2022.46,2021.07,2021.07,421,4,0,421
2024-02-20 10:36:00,2021.07,2021.65,2020.98,2021.11,646,4,0,646
2024-02-20 10:39:00,2021.11,2021.54,2021.03,2021.28,521,4,0,521
2024-02-20 10:42:00,2021.26,2021.88,2021.16,2021.85,282,4,0,282
2024-02-20 10:45:00,2021.85,2022.11,2021.62,2021.98,302,4,0,302
2024-02-20 10:48:00,2021.98,2022.3,2021.97,2022.04,398,4,0,398
2024-02-20 10:51:00,2022.04,2022.86,2022.01,2022.65,468,4,0,468
2024-02-20 10:54:00,2022.65,2022.87,2022.36,2022.39,448,4,0,448
2024-02-20 10:57:00,2022.39,2023.05,2022.37,2022.86,398,4,0,398
2024-02-20 11:00:00,2022.86,2023.15,2022.61,2022.74,494,4,0,494
2024-02-20 11:03:00,2022.74,2023.17,2022.74,2023.08,326,4,0,326
2024-02-20 11:06:00,2023.08,2024.18,2022.95,2023.95,410,4,0,410
2024-02-20 11:09:00,2023.96,2024.07,2023.21,2023.38,560,4,0,560
2024-02-20 11:12:00,2023.39,2023.64,2023.18,2023.18,276,4,0,276
2024-02-20 11:15:00,2023.18,2023.53,2022.91,2023.52,434,4,0,434
2024-02-20 11:18:00,2023.53,2023.72,2023.13,2023.36,398,4,0,398
2024-02-20 11:21:00,2023.37,2023.69,2023.23,2023.33,369,4,0,369
2024-02-20 11:24:00,2023.33,2023.73,2023.33,2023.67,303,4,0,303
2024-02-20 11:27:00,2023.66,2023.89,2023.43,2023.74,358,4,0,358
2024-02-20 11:30:00,2023.74,2023.84,2023.12,2023.52,330,4,0,330
2024-02-20 11:33:00,2023.54,2023.72,2023.33,2023.62,285,4,0,285
2024-02-20 11:36:00,2023.62,2024.23,2023.62,2024.07,329,4,0,329
2024-02-20 11:39:00,2024.08,2024.47,2024.01,2024.05,436,4,0,436
2024-02-20 11:42:00,2024.06,2025.2,2024.06,2024.67,548,4,0,548
2024-02-20 11:45:00,2024.67,2025.13,2024.46,2024.48,567,4,0,567
2024-02-20 11:48:00,2024.48,2024.57,2023.4,2023.4,301,4,0,301
2024-02-20 11:51:00,2023.4,2023.86,2023.17,2023.61,301,4,0,301
2024-02-20 11:54:00,2023.61,2023.68,2023.34,2023.35,339,4,0,339
2024-02-20 11:57:00,2023.35,2024.15,2023.33,2024.04,369,4,0,369
2024-02-20 12:00:00,2024.04,2024.41,2023.68,2023.72,377,4,0,377
2024-02-20 12:03:00,2023.72,2024.12,2023.57,2024.05,308,4,0,308
2024-02-20 12:06:00,2024.02,2024.48,2023.77,2024.48,281,4,0,281
2024-02-20 12:09:00,2024.47,2024.68,2023.95,2024.15,303,4,0,303
2024-02-20 12:12:00,2024.15,2024.61,2024.14,2024.44,268,4,0,268
2024-02-20 12:15:00,2024.43,2024.84,2024.38,2024.78,298,4,0,298
2024-02-20 12:18:00,2024.78,2025.43,2024.47,2025.4,401,4,0,401
2024-02-20 12:21:00,2025.4,2025.41,2024.86,2024.94,332,4,0,332
2024-02-20 12:24:00,2024.94,2026.3,2024.93,2026.18,378,4,0,378
2024-02-20 12:27:00,2026.18,2026.76,2026.18,2026.54,368,4,0,368
2024-02-20 12:30:00,2026.56,2026.97,2026.38,2026.62,387,4,0,387
2024-02-20 12:33:00,2026.61,2027.07,2026.37,2027.01,274,4,0,274
2024-02-20 12:36:00,2027.01,2027.11,2025.97,2026.68,796,4,0,796
2024-02-20 12:39:00,2026.72,2027.03,2026.43,2026.54,435,4,0,435
2024-02-20 12:42:00,2026.55,2027.02,2026.43,2026.99,303,4,0,303
2024-02-20 12:45:00,2026.99,2027.48,2026.65,2027.3,382,4,0,382
2024-02-20 12:48:00,2027.29,2027.63,2027.2,2027.23,403,4,0,403
2024-02-20 12:51:00,2027.23,2027.29,2026.46,2026.54,226,4,0,226
2024-02-20 12:54:00,2026.53,2026.78,2025.91,2026.73,413,4,0,413
2024-02-20 12:57:00,2026.73,2026.85,2026.0,2026.14,314,4,0,314
2024-02-20 13:00:00,2026.14,2026.63,2025.98,2026.26,418,4,0,418
2024-02-20 13:03:00,2026.26,2026.5,2026.08,2026.13,403,4,0,403
2024-02-20 13:06:00,2026.12,2026.34,2025.54,2026.33,604,4,0,604
2024-02-20 13:09:00,2026.34,2027.2,2026.34,2026.87,474,4,0,474
2024-02-20 13:12:00,2026.82,2027.38,2026.39,2026.39,781,4,0,781
2024-02-20 13:15:00,2026.39,2026.4,2025.63,2025.7,450,4,0,450
2024-02-20 13:18:00,2025.72,2025.87,2025.41,2025.52,456,4,0,456
2024-02-20 13:21:00,2025.52,2026.14,2025.32,2025.79,419,4,0,419
2024-02-20 13:24:00,2025.79,2026.02,2025.71,2025.9,243,4,0,243
2024-02-20 13:27:00,2025.89,2026.21,2025.75,2025.96,452,4,0,452
2024-02-20 13:30:00,2025.96,2026.45,2025.72,2025.89,475,4,0,475
2024-02-20 13:33:00,2025.88,2026.79,2025.77,2026.7,365,4,0,365
2024-02-20 13:36:00,2026.72,2027.22,2026.28,2026.42,637,4,0,637
2024-02-20 13:39:00,2026.47,2026.47,2025.94,2026.05,258,4,0,258
2024-02-20 13:42:00,2026.05,2026.21,2025.51,2025.51,279,4,0,279
2024-02-20 13:45:00,2025.52,2026.25,2025.52,2026.25,417,4,0,417
2024-02-20 13:48:00,2026.25,2026.46,2025.64,2025.81,290,4,0,290
2024-02-20 13:51:00,2025.81,2026.33,2025.81,2026.23,261,4,0,261
2024-02-20 13:54:00,2026.23,2026.55,2026.12,2026.48,337,4,0,337
2024-02-20 13:57:00,2026.49,2027.06,2026.43,2026.94,292,4,0,292
2024-02-20 14:00:00,2026.94,2027.42,2026.94,2027.37,471,4,0,471
2024-02-20 14:03:00,2027.37,2027.58,2027.26,2027.36,400,4,0,400
2024-02-20 14:06:00,2027.36,2027.55,2027.14,2027.43,348,4,0,348
2024-02-20 14:09:00,2027.44,2027.45,2026.67,2027.23,384,4,0,384
2024-02-20 14:12:00,2027.23,2027.81,2027.22,2027.61,327,4,0,327
2024-02-20 14:15:00,2027.61,2027.62,2027.26,2027.32,313,4,0,313
2024-02-20 14:18:00,2027.31,2027.41,2026.85,2027.22,303,4,0,303
2024-02-20 14:21:00,2027.22,2027.4,2027.0,2027.29,266,4,0,266
2024-02-20 14:24:00,2027.29,2028.07,2027.28,2027.79,407,4,0,407
2024-02-20 14:27:00,2027.79,2027.9,2027.14,2027.2,231,4,0,231
2024-02-20 14:30:00,2027.2,2027.67,2027.07,2027.1,289,4,0,289
2024-02-20 14:33:00,2027.11,2027.36,2026.85,2026.85,371,4,0,371
2024-02-20 14:36:00,2026.86,2027.26,2026.33,2027.1,442,4,0,442
2024-02-20 14:39:00,2027.1,2027.39,2026.77,2027.2,282,4,0,282
2024-02-20 14:42:00,2027.2,2027.4,2026.8,2026.86,330,4,0,330
2024-02-20 14:45:00,2026.86,2027.02,2026.29,2026.78,357,4,0,357
2024-02-20 14:48:00,2026.78,2027.06,2026.7,2026.71,256,4,0,256
2024-02-20 14:51:00,2026.7,2027.03,2026.36,2026.66,445,4,0,445
2024-02-20 14:54:00,2026.66,2027.29,2026.66,2027.18,377,4,0,377
2024-02-20 14:57:00,2027.19,2027.2,2026.48,2026.71,304,4,0,304
2024-02-20 15:00:00,2026.71,2026.85,2026.17,2026.5,743,4,0,743
2024-02-20 15:03:00,2026.5,2027.56,2026.48,2027.54,610,4,0,610
2024-02-20 15:06:00,2027.54,2027.7,2027.19,2027.54,513,4,0,513
2024-02-20 15:09:00,2027.54,2027.88,2027.42,2027.53,426,4,0,426
2024-02-20 15:12:00,2027.53,2028.13,2027.53,2027.96,645,4,0,645
2024-02-20 15:15:00,2027.96,2028.08,2026.94,2027.57,488,4,0,488
2024-02-20 15:18:00,2027.58,2027.91,2027.27,2027.35,532,4,0,532
2024-02-20 15:21:00,2027.35,2027.45,2026.78,2027.04,572,4,0,572
2024-02-20 15:24:00,2027.03,2028.24,2026.99,2028.04,565,4,0,565
2024-02-20 15:27:00,2028.03,2028.42,2027.78,2028.42,528,4,0,528
2024-02-20 15:30:00,2028.4,2030.18,2028.16,2029.35,1211,4,0,1211
2024-02-20 15:33:00,2029.35,2030.2,2028.38,2028.41,1041,4,0,1041
2024-02-20 15:36:00,2028.4,2028.7,2027.57,2028.66,720,4,0,720
2024-02-20 15:39:00,2028.66,2029.91,2028.57,2029.71,736,4,0,736
2024-02-20 15:42:00,2029.71,2030.06,2029.29,2029.87,857,4,0,857
2024-02-20 15:45:00,2029.85,2030.85,2029.82,2030.23,798,4,0,798
2024-02-20 15:48:00,2030.22,2030.53,2029.76,2029.93,543,4,0,543
2024-02-20 15:51:00,2029.93,2030.82,2029.51,2030.46,746,4,0,746
2024-02-20 15:54:00,2030.46,2030.79,2029.71,2030.26,862,4,0,862
2024-02-20 15:57:00,2030.26,2030.52,2029.86,2030.08,668,4,0,668
2024-02-20 16:00:00,2030.1,2030.14,2029.11,2029.24,783,4,0,783
2024-02-20 16:03:00,2029.23,2029.35,2028.23,2028.27,853,4,0,853
2024-02-20 16:06:00,2028.27,2028.75,2028.05,2028.24,545,4,0,545
2024-02-20 16:09:00,2028.23,2029.88,2028.21,2029.67,636,4,0,636
2024-02-20 16:12:00,2029.67,2030.95,2029.48,2030.65,779,4,0,779
2024-02-20 16:15:00,2030.65,2030.65,2029.64,2029.83,573,4,0,573
2024-02-20 16:18:00,2029.82,2030.05,2028.48,2028.82,606,4,0,606
2024-02-20 16:21:00,2028.82,2030.25,2028.68,2029.67,1078,4,0,1078
2024-02-20 16:24:00,2029.67,2030.07,2029.38,2029.9,690,4,0,690
2024-02-20 16:27:00,2029.88,2029.94,2029.27,2029.56,438,4,0,438
2024-02-20 16:30:00,2029.54,2029.55,2027.48,2027.98,1070,4,0,1070
2024-02-20 16:33:00,2027.98,2029.08,2027.01,2027.38,999,4,0,999
2024-02-20 16:36:00,2027.38,2029.16,2027.38,2027.83,1059,4,0,1059
2024-02-20 16:39:00,2027.83,2028.26,2026.48,2027.63,970,4,0,970
2024-02-20 16:42:00,2027.65,2027.75,2025.97,2026.08,938,4,0,938
2024-02-20 16:45:00,2026.09,2026.89,2025.52,2026.61,1001,4,0,1001
2024-02-20 16:48:00,2026.6,2027.96,2025.9,2027.79,805,4,0,805
2024-02-20 16:51:00,2027.79,2028.03,2026.76,2027.05,805,4,0,805
2024-02-20 16:54:00,2027.04,2028.3,2027.04,2028.1,608,4,0,608
2024-02-20 16:57:00,2028.1,2028.41,2027.56,2028.19,546,4,0,546
2024-02-20 17:00:00,2028.19,2029.79,2028.15,2028.62,1130,4,0,1130
2024-02-20 17:03:00,2028.6,2029.32,2028.59,2028.66,633,4,0,633
2024-02-20 17:06:00,2028.65,2028.76,2027.14,2027.51,807,4,0,807
2024-02-20 17:09:00,2027.51,2028.43,2027.21,2027.97,503,4,0,503
2024-02-20 17:12:00,2027.97,2028.52,2027.63,2027.8,548,4,0,548
2024-02-20 17:15:00,2027.81,2028.05,2027.11,2027.45,705,4,0,705
2024-02-20 17:18:00,2027.48,2029.02,2027.48,2028.98,567,4,0,567
2024-02-20 17:21:00,2028.98,2029.22,2028.59,2029.06,564,4,0,564
2024-02-20 17:24:00,2029.39,2029.88,2029.28,2029.66,561,4,0,561
2024-02-20 17:27:00,2029.67,2029.9,2029.13,2029.2,574,4,0,574
2024-02-20 17:30:00,2029.2,2030.08,2028.91,2028.98,571,4,0,571
2024-02-20 17:33:00,2028.98,2028.99,2027.73,2027.82,614,4,0,614
2024-02-20 17:36:00,2027.83,2027.89,2025.91,2027.41,814,4,0,814
2024-02-20 17:39:00,2027.41,2027.76,2026.64,2026.79,722,4,0,722
2024-02-20 17:42:00,2026.81,2027.08,2026.36,2026.82,631,4,0,631
2024-02-20 17:45:00,2026.82,2027.91,2026.79,2027.04,649,4,0,649
2024-02-20 17:48:00,2027.04,2027.84,2026.94,2027.22,553,4,0,553
2024-02-20 17:51:00,2027.22,2027.95,2027.22,2027.68,396,4,0,396
2024-02-20 17:54:00,2027.71,2027.81,2026.97,2027.27,402,4,0,402
2024-02-20 17:57:00,2027.26,2027.76,2027.2,2027.5,464,4,0,464
2024-02-20 18:00:00,2027.5,2027.71,2026.65,2026.67,582,4,0,582
2024-02-20 18:03:00,2026.67,2027.04,2026.18,2026.22,516,4,0,516
2024-02-20 18:06:00,2026.25,2027.02,2026.04,2026.75,423,4,0,423
2024-02-20 18:09:00,2026.75,2026.92,2026.29,2026.92,366,4,0,366
2024-02-20 18:12:00,2026.84,2026.84,2026.22,2026.62,421,4,0,421
2024-02-20 18:15:00,2026.61,2026.96,2026.16,2026.39,411,4,0,411
2024-02-20 18:18:00,2026.39,2026.93,2026.2,2026.62,433,4,0,433
2024-02-20 18:21:00,2026.62,2027.78,2026.42,2027.66,475,4,0,475
2024-02-20 18:24:00,2027.65,2027.88,2027.35,2027.87,341,4,0,341
2024-02-20 18:27:00,2027.87,2028.07,2027.62,2027.76,375,4,0,375
2024-02-20 18:30:00,2027.76,2028.34,2027.65,2027.76,355,4,0,355
2024-02-20 18:33:00,2027.76,2028.09,2027.4,2027.9,258,4,0,258
2024-02-20 18:36:00,2027.9,2028.1,2027.68,2028.1,298,4,0,298
2024-02-20 18:39:00,2028.09,2028.25,2027.47,2027.58,305,4,0,305
2024-02-20 18:42:00,2027.58,2027.6,2026.93,2027.03,379,4,0,379
2024-02-20 18:45:00,2027.02,2027.41,2026.99,2027.19,354,4,0,354
2024-02-20 18:48:00,2027.19,2027.52,2027.09,2027.38,400,4,0,400
2024-02-20 18:51:00,2027.38,2027.87,2027.05,2027.14,333,4,0,333
2024-02-20 18:54:00,2027.14,2027.37,2026.85,2027.3,332,4,0,332
2024-02-20 18:57:00,2027.29,2027.31,2026.72,2026.94,255,4,0,255
2024-02-20 19:00:00,2026.94,2027.39,2026.84,2027.07,490,4,0,490
2024-02-20 19:03:00,2027.07,2027.1,2026.67,2026.96,387,4,0,387
2024-02-20 19:06:00,2026.97,2027.03,2025.95,2026.17,437,4,0,437
2024-02-20 19:09:00,2026.16,2026.67,2026.1,2026.46,419,4,0,419
2024-02-20 19:12:00,2026.46,2026.46,2025.79,2025.87,408,4,0,408
2024-02-20 19:15:00,2025.87,2026.17,2025.68,2025.69,289,4,0,289
2024-02-20 19:18:00,2025.69,2026.47,2025.69,2026.09,312,4,0,312
2024-02-20 19:21:00,2026.09,2026.43,2025.88,2026.37,243,4,0,243
2024-02-20 19:24:00,2026.35,2026.49,2026.16,2026.25,242,4,0,242
2024-02-20 19:27:00,2026.25,2026.63,2026.05,2026.54,237,4,0,237
2024-02-20 19:30:00,2026.54,2026.9,2026.4,2026.78,174,4,0,174
2024-02-20 19:33:00,2026.78,2027.49,2026.7,2027.47,267,4,0,267
2024-02-20 19:36:00,2027.47,2027.68,2027.17,2027.6,235,4,0,235
2024-02-20 19:39:00,2027.61,2027.68,2027.22,2027.31,291,4,0,291
2024-02-20 19:42:00,2027.31,2027.63,2027.09,2027.6,239,4,0,239
2024-02-20 19:45:00,2027.59,2028.73,2027.59,2028.5,278,4,0,278
2024-02-20 19:48:00,2028.51,2028.7,2028.24,2028.38,131,4,0,131
2024-02-20 19:51:00,2028.38,2028.42,2027.93,2028.03,199,4,0,199
2024-02-20 19:54:00,2028.03,2028.46,2027.93,2028.29,154,4,0,154
2024-02-20 19:57:00,2028.28,2028.77,2028.28,2028.77,158,4,0,158
2024-02-20 20:00:00,2028.77,2028.97,2028.31,2028.56,247,4,0,247
2024-02-20 20:03:00,2028.57,2028.82,2028.34,2028.62,242,4,0,242
2024-02-20 20:06:00,2028.62,2028.75,2028.33,2028.34,174,4,0,174
2024-02-20 20:09:00,2028.34,2028.76,2028.32,2028.69,252,4,0,252
2024-02-20 20:12:00,2028.69,2028.77,2028.41,2028.42,185,4,0,185
2024-02-20 20:15:00,2028.42,2028.52,2027.98,2028.27,265,4,0,265
2024-02-20 20:18:00,2028.26,2028.47,2027.98,2028.09,329,4,0,329
2024-02-20 20:21:00,2028.09,2028.09,2027.21,2027.21,289,4,0,289
2024-02-20 20:24:00,2027.21,2027.9,2026.84,2027.9,279,4,0,279
2024-02-20 20:27:00,2027.9,2028.6,2027.9,2028.51,372,4,0,372
2024-02-20 20:30:00,2028.51,2028.56,2027.76,2027.76,279,4,0,279
2024-02-20 20:33:00,2027.77,2028.0,2027.67,2027.99,269,4,0,269
2024-02-20 20:36:00,2027.99,2028.23,2027.14,2027.16,298,4,0,298
2024-02-20 20:39:00,2027.15,2027.36,2026.87,2027.23,295,4,0,295
2024-02-20 20:42:00,2027.24,2027.3,2027.06,2027.15,260,4,0,260
2024-02-20 20:45:00,2027.15,2027.55,2027.15,2027.49,137,4,0,137
2024-02-20 20:48:00,2027.5,2027.53,2027.12,2027.42,205,4,0,205
2024-02-20 20:51:00,2027.42,2027.53,2027.25,2027.31,164,4,0,164
2024-02-20 20:54:00,2027.31,2027.32,2026.86,2026.96,123,4,0,123
2024-02-20 20:57:00,2026.96,2027.27,2026.88,2027.27,157,4,0,157
2024-02-20 21:00:00,2027.27,2027.32,2026.99,2027.05,219,4,0,219
2024-02-20 21:03:00,2027.05,2027.25,2026.79,2026.82,193,4,0,193
2024-02-20 21:06:00,2026.81,2027.02,2026.65,2026.86,206,4,0,206
2024-02-20 21:09:00,2026.87,2027.02,2026.71,2026.77,161,4,0,161
2024-02-20 21:12:00,2026.77,2027.26,2026.77,2027.24,123,4,0,123
2024-02-20 21:15:00,2027.24,2027.41,2027.04,2027.32,136,4,0,136
2024-02-20 21:18:00,2027.32,2027.65,2027.3,2027.59,137,4,0,137
2024-02-20 21:21:00,2027.59,2027.71,2027.5,2027.62,93,4,0,93
2024-02-20 21:24:00,2027.62,2027.66,2027.41,2027.43,170,4,0,170
2024-02-20 21:27:00,2027.43,2027.51,2027.3,2027.41,190,4,0,190
2024-02-20 21:30:00,2027.42,2027.6,2027.33,2027.6,167,4,0,167
2024-02-20 21:33:00,2027.62,2027.63,2027.11,2027.15,183,4,0,183
2024-02-20 21:36:00,2027.15,2027.18,2027.05,2027.16,149,4,0,149
2024-02-20 21:39:00,2027.16,2027.16,2026.73,2026.73,241,4,0,241
2024-02-20 21:42:00,2026.73,2026.82,2026.37,2026.39,207,4,0,207
2024-02-20 21:45:00,2026.39,2026.48,2026.08,2026.08,245,4,0,245
2024-02-20 21:48:00,2026.08,2026.23,2025.88,2025.99,331,4,0,331
2024-02-20 21:51:00,2025.99,2026.04,2025.4,2025.41,226,4,0,226
2024-02-20 21:54:00,2025.41,2025.56,2025.1,2025.1,328,4,0,328
2024-02-20 21:57:00,2025.1,2025.31,2024.82,2025.13,378,4,0,378
2024-02-20 22:00:00,2025.12,2025.21,2024.16,2024.27,314,4,0,314
2024-02-20 22:03:00,2024.27,2024.44,2023.92,2024.42,360,4,0,360
2024-02-20 22:06:00,2024.41,2024.43,2023.71,2023.77,246,4,0,246
2024-02-20 22:09:00,2023.78,2024.35,2023.6,2024.34,332,4,0,332
2024-02-20 22:12:00,2024.34,2024.35,2023.8,2024.01,249,4,0,249
2024-02-20 22:15:00,2024.01,2024.15,2023.89,2024.04,252,4,0,252
2024-02-20 22:18:00,2024.04,2024.5,2024.0,2024.07,307,4,0,307
2024-02-20 22:21:00,2024.06,2024.21,2023.89,2024.04,285,4,0,285
2024-02-20 22:24:00,2024.04,2024.42,2023.96,2024.42,184,4,0,184
2024-02-20 22:27:00,2024.41,2024.75,2024.34,2024.69,195,4,0,195
2024-02-20 22:30:00,2024.69,2024.79,2024.36,2024.38,249,4,0,249
2024-02-20 22:33:00,2024.38,2024.38,2023.71,2023.84,482,4,0,482
2024-02-20 22:36:00,2023.84,2024.21,2023.84,2024.15,278,4,0,278
2024-02-20 22:39:00,2024.15,2024.15,2023.64,2023.86,329,4,0,329
2024-02-20 22:42:00,2023.86,2024.1,2023.68,2023.72,344,4,0,344
2024-02-20 22:45:00,2023.72,2024.3,2023.72,2024.28,311,4,0,311
2024-02-20 22:48:00,2024.28,2024.46,2024.07,2024.1,277,4,0,277
2024-02-20 22:51:00,2024.11,2024.61,2024.06,2024.59,287,4,0,287
2024-02-20 22:54:00,2024.59,2024.73,2024.48,2024.5,222,4,0,222
2024-02-20 22:57:00,2024.51,2024.67,2024.28,2024.36,362,4,0,362
2024-02-20 23:00:00,2024.36,2024.77,2024.28,2024.35,168,4,0,168
2024-02-20 23:03:00,2024.35,2024.36,2024.21,2024.32,149,4,0,149
2024-02-20 23:06:00,2024.32,2024.4,2024.22,2024.22,79,4,0,79
2024-02-20 23:09:00,2024.22,2024.34,2024.16,2024.32,54,4,0,54
2024-02-20 23:12:00,2024.32,2024.55,2024.27,2024.52,107,4,0,107
2024-02-20 23:15:00,2024.51,2024.54,2024.38,2024.42,63,4,0,63
2024-02-20 23:18:00,2024.42,2024.43,2024.31,2024.35,45,4,0,45
2024-02-20 23:21:00,2024.35,2024.66,2024.34,2024.65,64,4,0,64
2024-02-20 23:24:00,2024.65,2024.66,2024.54,2024.59,31,4,0,31
2024-02-20 23:27:00,2024.59,2024.59,2024.47,2024.48,44,4,0,44
2024-02-20 23:30:00,2024.48,2024.48,2024.26,2024.27,54,4,0,54
2024-02-20 23:33:00,2024.27,2024.43,2024.27,2024.34,42,4,0,42
2024-02-20 23:36:00,2024.36,2024.43,2024.32,2024.32,47,4,0,47
2024-02-20 23:39:00,2024.32,2024.43,2024.17,2024.24,135,4,0,135
2024-02-20 23:42:00,2024.24,2024.25,2023.92,2024.05,75,4,0,75
2024-02-20 23:45:00,2024.04,2024.2,2023.69,2023.8,226,4,0,226
2024-02-20 23:48:00,2023.81,2023.99,2023.68,2023.95,115,4,0,115
2024-02-20 23:51:00,2023.94,2024.06,2023.63,2023.67,179,4,0,179
2024-02-20 23:54:00,2023.67,2024.19,2023.65,2024.15,133,4,0,133
2024-02-20 23:57:00,2024.13,2024.39,2024.08,2024.24,65,4,0,65
2024-02-21 01:00:00,2024.23,2024.23,2023.67,2024.0,101,4,0,101
2024-02-21 01:03:00,2024.0,2024.49,2024.0,2024.07,128,4,0,128
2024-02-21 01:06:00,2024.07,2024.23,2023.79,2024.05,97,4,0,97
2024-02-21 01:09:00,2024.05,2024.31,2023.95,2024.29,150,4,0,150
2024-02-21 01:12:00,2024.29,2024.29,2024.14,2024.19,36,4,0,36
2024-02-21 01:15:00,2024.2,2024.39,2024.14,2024.15,92,4,0,92
2024-02-21 01:18:00,2024.15,2024.23,2024.04,2024.2,102,4,0,102
2024-02-21 01:21:00,2024.2,2024.28,2024.06,2024.16,97,4,0,97
2024-02-21 01:24:00,2024.16,2024.31,2024.05,2024.05,87,4,0,87
2024-02-21 01:27:00,2024.05,2024.26,2024.0,2024.18,81,4,0,81
2024-02-21 01:30:00,2024.19,2024.3,2024.15,2024.24,38,4,0,38
2024-02-21 01:33:00,2024.24,2024.24,2023.88,2023.95,70,4,0,70
2024-02-21 01:36:00,2023.95,2024.09,2023.84,2023.92,103,4,0,103
2024-02-21 01:39:00,2023.92,2024.5,2023.86,2024.4,111,4,0,111
2024-02-21 01:42:00,2024.4,2024.97,2024.28,2024.69,148,4,0,148
2024-02-21 01:45:00,2024.72,2024.79,2024.31,2024.7,171,4,0,171
2024-02-21 01:48:00,2024.7,2024.7,2024.26,2024.35,104,4,0,104
2024-02-21 01:51:00,2024.35,2024.48,2024.16,2024.38,105,4,0,105
2024-02-21 01:54:00,2024.38,2024.39,2024.25,2024.31,72,4,0,72
2024-02-21 01:57:00,2024.31,2024.35,2024.18,2024.19,90,4,0,90
2024-02-21 02:00:00,2024.21,2024.29,2023.04,2023.04,320,4,0,320
2024-02-21 02:03:00,2023.04,2023.52,2022.99,2023.52,114,4,0,114
2024-02-21 02:06:00,2023.5,2023.76,2023.5,2023.55,162,4,0,162
2024-02-21 02:09:00,2023.55,2023.64,2023.22,2023.25,166,4,0,166
2024-02-21 02:12:00,2023.25,2023.25,2023.05,2023.09,108,4,0,108
2024-02-21 02:15:00,2023.09,2023.19,2023.04,2023.04,154,4,0,154
2024-02-21 02:18:00,2023.04,2023.2,2022.97,2023.14,117,4,0,117
2024-02-21 02:21:00,2023.15,2023.53,2023.14,2023.49,86,4,0,86
2024-02-21 02:24:00,2023.49,2023.57,2023.4,2023.52,98,4,0,98
2024-02-21 02:27:00,2023.53,2023.78,2023.53,2023.69,138,4,0,138
2024-02-21 02:30:00,2023.69,2023.78,2023.51,2023.67,185,4,0,185
2024-02-21 02:33:00,2023.68,2023.77,2023.48,2023.71,141,4,0,141
2024-02-21 02:36:00,2023.71,2023.71,2023.53,2023.65,114,4,0,114
2024-02-21 02:39:00,2023.65,2023.95,2023.51,2023.91,91,4,0,91
2024-02-21 02:42:00,2023.91,2023.96,2023.76,2023.83,110,4,0,110
2024-02-21 02:45:00,2023.83,2023.94,2023.78,2023.91,55,4,0,55
2024-02-21 02:48:00,2023.91,2023.91,2023.5,2023.89,144,4,0,144
2024-02-21 02:51:00,2023.89,2023.89,2023.51,2023.71,126,4,0,126
2024-02-21 02:54:00,2023.7,2023.7,2023.49,2023.55,149,4,0,149
2024-02-21 02:57:00,2023.55,2023.81,2023.53,2023.62,152,4,0,152
2024-02-21 03:00:00,2023.62,2023.94,2023.38,2023.81,561,4,0,561
2024-02-21 03:03:00,2023.82,2023.96,2023.49,2023.61,301,4,0,301
2024-02-21 03:06:00,2023.61,2024.01,2023.57,2023.95,181,4,0,181
2024-02-21 03:09:00,2023.96,2024.5,2023.79,2024.32,210,4,0,210
2024-02-21 03:12:00,2024.32,2024.38,2024.1,2024.18,203,4,0,203
2024-02-21 03:15:00,2024.18,2025.31,2024.07,2025.21,309,4,0,309
2024-02-21 03:18:00,2025.21,2025.59,2024.95,2025.23,422,4,0,422
2024-02-21 03:21:00,2025.23,2025.34,2024.63,2024.99,285,4,0,285
2024-02-21 03:24:00,2025.01,2025.26,2024.93,2025.03,226,4,0,226
2024-02-21 03:27:00,2025.03,2025.43,2024.93,2025.41,154,4,0,154
2024-02-21 03:30:00,2025.42,2025.51,2025.04,2025.23,213,4,0,213
2024-02-21 03:33:00,2025.23,2025.54,2025.16,2025.49,174,4,0,174
2024-02-21 03:36:00,2025.49,2025.75,2025.42,2025.66,212,4,0,212
2024-02-21 03:39:00,2025.66,2025.76,2025.45,2025.57,190,4,0,190
2024-02-21 03:42:00,2025.58,2026.0,2025.43,2026.0,213,4,0,213
2024-02-21 03:45:00,2026.0,2026.1,2025.69,2026.01,270,4,0,270
2024-02-21 03:48:00,2025.99,2026.0,2025.62,2025.85,236,4,0,236
2024-02-21 03:51:00,2025.86,2025.95,2025.65,2025.75,181,4,0,181
2024-02-21 03:54:00,2025.75,2025.78,2025.38,2025.39,182,4,0,182
2024-02-21 03:57:00,2025.39,2025.71,2025.38,2025.42,185,4,0,185
2024-02-21 04:00:00,2025.43,2025.96,2025.4,2025.83,181,4,0,181
2024-02-21 04:03:00,2025.84,2027.21,2025.78,2026.96,358,4,0,358
2024-02-21 04:06:00,2026.96,2027.05,2026.29,2026.69,283,4,0,283
2024-02-21 04:09:00,2026.68,2027.3,2026.66,2026.7,255,4,0,255
2024-02-21 04:12:00,2026.69,2026.92,2026.42,2026.92,185,4,0,185
2024-02-21 04:15:00,2026.92,2027.03,2026.72,2026.9,127,4,0,127
2024-02-21 04:18:00,2026.9,2027.72,2026.78,2027.58,216,4,0,216
2024-02-21 04:21:00,2027.58,2027.81,2027.56,2027.63,227,4,0,227
2024-02-21 04:24:00,2027.63,2027.86,2027.63,2027.78,157,4,0,157
2024-02-21 04:27:00,2027.79,2027.81,2027.4,2027.62,159,4,0,159
2024-02-21 04:30:00,2027.62,2027.84,2027.44,2027.69,297,4,0,297
2024-02-21 04:33:00,2027.69,2027.93,2027.58,2027.83,265,4,0,265
2024-02-21 04:36:00,2027.83,2028.0,2027.71,2027.99,112,4,0,112
2024-02-21 04:39:00,2027.99,2028.21,2027.83,2028.16,204,4,0,204
2024-02-21 04:42:00,2028.16,2028.6,2028.14,2028.59,222,4,0,222
2024-02-21 04:45:00,2028.59,2029.1,2028.33,2028.44,291,4,0,291
2024-02-21 04:48:00,2028.46,2029.18,2028.4,2028.88,331,4,0,331
2024-02-21 04:51:00,2028.88,2028.88,2027.44,2027.44,362,4,0,362
2024-02-21 04:54:00,2027.44,2027.92,2027.25,2027.61,384,4,0,384
2024-02-21 04:57:00,2027.63,2028.03,2027.48,2027.94,224,4,0,224
2024-02-21 05:00:00,2027.93,2028.35,2027.79,2028.01,260,4,0,260
2024-02-21 05:03:00,2028.02,2028.23,2027.92,2028.16,196,4,0,196
2024-02-21 05:06:00,2028.17,2028.3,2028.01,2028.18,192,4,0,192
2024-02-21 05:09:00,2028.2,2028.59,2027.99,2028.58,237,4,0,237
2024-02-21 05:12:00,2028.58,2029.0,2028.51,2028.94,197,4,0,197
2024-02-21 05:15:00,2028.94,2029.71,2028.88,2029.58,232,4,0,232
2024-02-21 05:18:00,2029.57,2029.69,2029.22,2029.48,189,4,0,189
2024-02-21 05:21:00,2029.5,2030.04,2029.42,2029.63,290,4,0,290
2024-02-21 05:24:00,2029.63,2030.04,2029.62,2029.94,152,4,0,152
2024-02-21 05:27:00,2029.95,2030.15,2029.9,2030.0,172,4,0,172
2024-02-21 05:30:00,2030.0,2030.09,2029.48,2029.65,145,4,0,145
2024-02-21 05:33:00,2029.65,2029.82,2029.51,2029.82,74,4,0,74
2024-02-21 05:36:00,2029.82,2029.97,2029.49,2029.89,197,4,0,197
2024-02-21 05:39:00,2029.91,2030.08,2029.73,2029.96,132,4,0,132
2024-02-21 05:42:00,2029.96,2030.3,2029.94,2030.25,125,4,0,125
2024-02-21 05:45:00,2030.25,2030.26,2029.96,2030.25,101,4,0,101
2024-02-21 05:48:00,2030.25,2030.59,2030.25,2030.53,174,4,0,174
2024-02-21 05:51:00,2030.52,2030.66,2030.37,2030.57,112,4,0,112
2024-02-21 05:54:00,2030.58,2030.85,2030.55,2030.77,163,4,0,163
2024-02-21 05:57:00,2030.78,2030.93,2030.47,2030.55,145,4,0,145
2024-02-21 06:00:00,2030.55,2030.77,2030.35,2030.77,161,4,0,161
2024-02-21 06:03:00,2030.77,2030.87,2030.55,2030.76,140,4,0,140
2024-02-21 06:06:00,2030.76,2031.18,2030.76,2030.9,337,4,0,337
2024-02-21 06:09:00,2030.9,2031.19,2030.85,2030.85,304,4,0,304
2024-02-21 06:12:00,2030.85,2031.09,2030.7,2030.75,185,4,0,185
2024-02-21 06:15:00,2030.75,2031.22,2030.75,2031.15,103,4,0,103
2024-02-21 06:18:00,2031.17,2031.29,2030.95,2031.17,113,4,0,113
2024-02-21 06:21:00,2031.17,2031.23,2030.96,2031.05,88,4,0,88
2024-02-21 06:24:00,2031.05,2031.09,2030.87,2030.91,107,4,0,107
2024-02-21 06:27:00,2030.91,2031.19,2030.88,2031.02,100,4,0,100
2024-02-21 06:30:00,2031.02,2031.16,2030.74,2030.77,95,4,0,95
2024-02-21 06:33:00,2030.77,2030.86,2030.71,2030.75,99,4,0,99
2024-02-21 06:36:00,2030.75,2030.76,2030.47,2030.64,119,4,0,119
2024-02-21 06:39:00,2030.65,2030.65,2030.47,2030.64,94,4,0,94
2024-02-21 06:42:00,2030.63,2030.69,2030.19,2030.35,118,4,0,118
2024-02-21 06:45:00,2030.35,2030.49,2030.25,2030.48,166,4,0,166
2024-02-21 06:48:00,2030.5,2030.81,2030.5,2030.81,99,4,0,99
2024-02-21 06:51:00,2030.81,2031.0,2030.71,2030.92,125,4,0,125
2024-02-21 06:54:00,2030.92,2031.07,2030.84,2030.97,101,4,0,101
2024-02-21 06:57:00,2030.97,2031.12,2030.85,2030.91,119,4,0,119
2024-02-21 07:00:00,2030.9,2031.07,2030.81,2031.02,130,4,0,130
2024-02-21 07:03:00,2031.02,2031.53,2031.02,2031.36,287,4,0,287
2024-02-21 07:06:00,2031.36,2031.45,2031.2,2031.26,140,4,0,140
2024-02-21 07:09:00,2031.26,2031.32,2030.71,2030.71,117,4,0,117
2024-02-21 07:12:00,2030.71,2030.74,2030.23,2030.24,117,4,0,117
2024-02-21 07:15:00,2030.24,2030.32,2030.11,2030.3,133,4,0,133
2024-02-21 07:18:00,2030.3,2030.3,2029.85,2030.01,172,4,0,172
2024-02-21 07:21:00,2030.01,2030.04,2029.67,2029.83,230,4,0,230
2024-02-21 07:24:00,2029.84,2030.24,2029.48,2030.22,172,4,0,172
2024-02-21 07:27:00,2030.22,2030.68,2030.21,2030.4,235,4,0,235
2024-02-21 07:30:00,2030.41,2030.76,2030.3,2030.59,270,4,0,270
2024-02-21 07:33:00,2030.59,2030.79,2030.39,2030.77,149,4,0,149
2024-02-21 07:36:00,2030.78,2031.43,2030.75,2031.24,203,4,0,203
2024-02-21 07:39:00,2031.25,2031.39,2030.81,2030.98,247,4,0,247
2024-02-21 07:42:00,2030.98,2031.79,2030.98,2031.7,234,4,0,234
2024-02-21 07:45:00,2031.7,2032.26,2031.69,2032.12,286,4,0,286
2024-02-21 07:48:00,2032.12,2032.13,2031.65,2031.65,174,4,0,174
2024-02-21 07:51:00,2031.65,2031.85,2031.4,2031.6,296,4,0,296
2024-02-21 07:54:00,2031.61,2031.77,2031.04,2031.09,288,4,0,288
2024-02-21 07:57:00,2031.09,2031.38,2030.92,2031.03,318,4,0,318
2024-02-21 08:00:00,2031.03,2031.18,2030.74,2031.16,223,4,0,223
2024-02-21 08:03:00,2031.17,2031.27,2030.57,2030.66,269,4,0,269
2024-02-21 08:06:00,2030.66,2030.83,2030.5,2030.54,173,4,0,173
2024-02-21 08:09:00,2030.54,2030.8,2030.43,2030.44,265,4,0,265
2024-02-21 08:12:00,2030.43,2030.43,2029.54,2029.58,252,4,0,252
2024-02-21 08:15:00,2029.58,2030.43,2029.56,2030.38,292,4,0,292
2024-02-21 08:18:00,2030.38,2030.59,2029.99,2030.15,218,4,0,218
2024-02-21 08:21:00,2030.15,2030.37,2029.8,2029.99,254,4,0,254
2024-02-21 08:24:00,2029.99,2030.3,2029.74,2030.13,208,4,0,208
2024-02-21 08:27:00,2030.13,2030.51,2029.93,2030.51,203,4,0,203
2024-02-21 08:30:00,2030.51,2030.6,2030.36,2030.39,165,4,0,165
2024-02-21 08:33:00,2030.39,2030.45,2030.05,2030.07,217,4,0,217
2024-02-21 08:36:00,2030.07,2030.18,2029.79,2029.84,252,4,0,252
2024-02-21 08:39:00,2029.84,2030.03,2029.79,2029.94,127,4,0,127
2024-02-21 08:42:00,2029.95,2029.99,2029.75,2029.75,162,4,0,162
2024-02-21 08:45:00,2029.74,2029.9,2029.64,2029.71,185,4,0,185
2024-02-21 08:48:00,2029.71,2029.77,2029.26,2029.45,208,4,0,208
2024-02-21 08:51:00,2029.43,2030.17,2029.34,2030.15,173,4,0,173
2024-02-21 08:54:00,2030.15,2030.25,2029.78,2029.97,243,4,0,243
2024-02-21 08:57:00,2029.97,2030.27,2029.93,2030.02,202,4,0,202
2024-02-21 09:00:00,2030.03,2030.06,2029.65,2029.82,285,4,0,285
2024-02-21 09:03:00,2029.82,2030.32,2029.67,2030.08,161,4,0,161
2024-02-21 09:06:00,2030.08,2030.52,2030.06,2030.13,137,4,0,137
2024-02-21 09:09:00,2030.13,2030.69,2029.96,2030.54,167,4,0,167
2024-02-21 09:12:00,2030.55,2030.61,2030.29,2030.58,154,4,0,154
2024-02-21 09:15:00,2030.57,2030.59,2029.91,2029.94,249,4,0,249
2024-02-21 09:18:00,2029.94,2030.35,2029.94,2030.06,195,4,0,195
2024-02-21 09:21:00,2030.04,2030.15,2029.89,2030.06,209,4,0,209
2024-02-21 09:24:00,2030.06,2030.31,2029.8,2029.87,183,4,0,183
2024-02-21 09:27:00,2029.87,2029.87,2028.71,2028.81,250,4,0,250
2024-02-21 09:30:00,2028.81,2029.22,2028.6,2028.83,311,4,0,311
2024-02-21 09:33:00,2028.84,2029.0,2028.42,2028.68,518,4,0,518
2024-02-21 09:36:00,2028.68,2029.01,2028.55,2029.0,301,4,0,301
2024-02-21 09:39:00,2029.0,2029.06,2028.78,2028.99,227,4,0,227
2024-02-21 09:42:00,2028.99,2029.25,2028.83,2028.93,284,4,0,284
2024-02-21 09:45:00,2028.93,2029.38,2028.79,2029.36,240,4,0,240
2024-02-21 09:48:00,2029.37,2029.48,2029.18,2029.26,84,4,0,84
2024-02-21 09:51:00,2029.27,2029.27,2028.95,2029.09,110,4,0,110
2024-02-21 09:54:00,2029.09,2029.26,2029.04,2029.2,150,4,0,150
2024-02-21 09:57:00,2029.2,2029.22,2028.8,2028.9,191,4,0,191
2024-02-21 10:00:00,2028.89,2028.94,2028.06,2028.24,345,4,0,345
2024-02-21 10:03:00,2028.24,2028.73,2028.09,2028.38,265,4,0,265
2024-02-21 10:06:00,2028.38,2029.2,2028.22,2029.18,345,4,0,345
2024-02-21 10:09:00,2029.18,2029.28,2028.58,2028.73,414,4,0,414
2024-02-21 10:12:00,2028.74,2029.22,2028.62,2028.93,293,4,0,293
2024-02-21 10:15:00,2028.92,2029.02,2028.25,2028.51,364,4,0,364
2024-02-21 10:18:00,2028.53,2028.63,2028.13,2028.36,364,4,0,364
2024-02-21 10:21:00,2028.36,2028.62,2028.09,2028.52,290,4,0,290
2024-02-21 10:24:00,2028.52,2028.6,2028.12,2028.26,284,4,0,284
2024-02-21 10:27:00,2028.26,2028.26,2027.64,2027.79,331,4,0,331
2024-02-21 10:30:00,2027.79,2028.03,2027.59,2027.67,391,4,0,391
2024-02-21 10:33:00,2027.67,2027.82,2027.5,2027.57,197,4,0,197
2024-02-21 10:36:00,2027.57,2027.66,2026.83,2026.83,244,4,0,244
2024-02-21 10:39:00,2026.83,2026.95,2026.45,2026.48,301,4,0,301
2024-02-21 10:42:00,2026.48,2026.92,2026.29,2026.89,340,4,0,340
2024-02-21 10:45:00,2026.89,2026.96,2026.29,2026.95,245,4,0,245
2024-02-21 10:48:00,2026.95,2027.4,2026.79,2027.06,263,4,0,263
2024-02-21 10:51:00,2027.06,2027.29,2026.68,2026.78,191,4,0,191
2024-02-21 10:54:00,2026.79,2026.92,2026.33,2026.36,290,4,0,290
2024-02-21 10:57:00,2026.35,2026.61,2026.27,2026.61,263,4,0,263
2024-02-21 11:00:00,2026.62,2026.62,2026.27,2026.33,262,4,0,262
2024-02-21 11:03:00,2026.33,2026.97,2026.26,2026.76,277,4,0,277
2024-02-21 11:06:00,2026.76,2027.35,2026.74,2027.14,381,4,0,381
2024-02-21 11:09:00,2027.14,2027.14,2026.36,2026.51,290,4,0,290
2024-02-21 11:12:00,2026.51,2026.51,2026.02,2026.44,228,4,0,228
2024-02-21 11:15:00,2026.44,2026.78,2026.07,2026.71,272,4,0,272
2024-02-21 11:18:00,2026.7,2027.49,2026.7,2027.31,221,4,0,221
2024-02-21 11:21:00,2027.28,2027.96,2027.18,2027.53,262,4,0,262
2024-02-21 11:24:00,2027.53,2028.05,2027.45,2027.97,321,4,0,321
2024-02-21 11:27:00,2028.0,2028.05,2027.78,2027.85,215,4,0,215
2024-02-21 11:30:00,2027.85,2027.95,2027.45,2027.51,275,4,0,275
2024-02-21 11:33:00,2027.51,2027.54,2027.17,2027.36,202,4,0,202
2024-02-21 11:36:00,2027.36,2027.87,2027.36,2027.7,268,4,0,268
2024-02-21 11:39:00,2027.7,2027.92,2027.6,2027.81,171,4,0,171
2024-02-21 11:42:00,2027.81,2028.45,2027.67,2028.25,239,4,0,239
2024-02-21 11:45:00,2028.25,2028.55,2027.82,2028.28,312,4,0,312
2024-02-21 11:48:00,2028.28,2028.68,2028.19,2028.45,432,4,0,432
2024-02-21 11:51:00,2028.45,2028.56,2028.13,2028.25,315,4,0,315
2024-02-21 11:54:00,2028.25,2028.49,2028.16,2028.4,246,4,0,246
2024-02-21 11:57:00,2028.41,2028.56,2028.07,2028.13,217,4,0,217
2024-02-21 12:00:00,2028.13,2028.47,2028.11,2028.46,170,4,0,170
2024-02-21 12:03:00,2028.46,2028.47,2028.13,2028.27,117,4,0,117
2024-02-21 12:06:00,2028.27,2028.32,2027.96,2028.02,153,4,0,153
2024-02-21 12:09:00,2028.02,2028.36,2027.97,2028.25,147,4,0,147
2024-02-21 12:12:00,2028.25,2028.48,2028.11,2028.48,128,4,0,128
2024-02-21 12:15:00,2028.43,2028.79,2028.37,2028.78,196,4,0,196
2024-02-21 12:18:00,2028.78,2028.79,2028.43,2028.5,217,4,0,217
2024-02-21 12:21:00,2028.52,2028.55,2028.35,2028.4,149,4,0,149
2024-02-21 12:24:00,2028.39,2028.76,2028.31,2028.75,231,4,0,231
2024-02-21 12:27:00,2028.74,2028.94,2028.5,2028.59,175,4,0,175
2024-02-21 12:30:00,2028.59,2028.65,2028.44,2028.46,199,4,0,199
2024-02-21 12:33:00,2028.46,2028.96,2028.44,2028.95,191,4,0,191
2024-02-21 12:36:00,2028.96,2029.89,2028.95,2029.84,215,4,0,215
2024-02-21 12:39:00,2029.84,2029.87,2028.66,2028.89,490,4,0,490
2024-02-21 12:42:00,2028.88,2029.22,2028.69,2028.95,315,4,0,315
2024-02-21 12:45:00,2028.95,2029.35,2028.95,2029.29,197,4,0,197
2024-02-21 12:48:00,2029.29,2029.92,2029.29,2029.91,203,4,0,203
2024-02-21 12:51:00,2029.91,2030.03,2029.69,2029.82,245,4,0,245
2024-02-21 12:54:00,2029.81,2030.19,2029.81,2030.08,194,4,0,194
2024-02-21 12:57:00,2030.07,2030.19,2030.0,2030.01,164,4,0,164
2024-02-21 13:00:00,2030.01,2030.09,2029.69,2029.69,162,4,0,162
2024-02-21 13:03:00,2029.69,2029.73,2029.34,2029.43,146,4,0,146
2024-02-21 13:06:00,2029.43,2029.53,2029.28,2029.29,115,4,0,115
2024-02-21 13:09:00,2029.29,2029.29,2028.8,2028.8,98,4,0,98
2024-02-21 13:12:00,2028.8,2028.82,2027.96,2028.01,248,4,0,248
2024-02-21 13:15:00,2028.02,2028.12,2027.47,2027.81,278,4,0,278
2024-02-21 13:18:00,2027.8,2027.99,2027.4,2027.92,305,4,0,305
2024-02-21 13:21:00,2027.92,2028.35,2027.74,2028.26,206,4,0,206
2024-02-21 13:24:00,2028.26,2028.26,2027.8,2027.95,222,4,0,222
2024-02-21 13:27:00,2027.95,2028.14,2027.63,2027.74,204,4,0,204
2024-02-21 13:30:00,2027.74,2027.92,2027.48,2027.89,217,4,0,217
2024-02-21 13:33:00,2027.89,2028.5,2027.8,2028.16,424,4,0,424
2024-02-21 13:36:00,2028.16,2028.51,2027.97,2028.05,205,4,0,205
2024-02-21 13:39:00,2028.05,2028.1,2027.72,2027.85,112,4,0,112
2024-02-21 13:42:00,2027.86,2027.86,2027.46,2027.52,114,4,0,114
2024-02-21 13:45:00,2027.52,2028.13,2027.5,2028.13,112,4,0,112
2024-02-21 13:48:00,2028.17,2028.18,2027.92,2028.06,123,4,0,123
2024-02-21 13:51:00,2028.06,2028.32,2027.98,2028.16,187,4,0,187
2024-02-21 13:54:00,2028.16,2028.37,2027.97,2028.21,170,4,0,170
2024-02-21 13:57:00,2028.2,2028.35,2028.1,2028.34,159,4,0,159
2024-02-21 14:00:00,2028.34,2028.77,2028.29,2028.59,361,4,0,361
2024-02-21 14:03:00,2028.59,2028.67,2028.04,2028.16,260,4,0,260
2024-02-21 14:06:00,2028.13,2028.77,2028.08,2028.66,284,4,0,284
2024-02-21 14:09:00,2028.66,2029.15,2028.66,2029.15,222,4,0,222
2024-02-21 14:12:00,2029.15,2029.76,2028.84,2029.7,249,4,0,249
2024-02-21 14:15:00,2029.7,2030.03,2029.56,2029.65,383,4,0,383
2024-02-21 14:18:00,2029.66,2030.14,2029.48,2030.09,347,4,0,347
2024-02-21 14:21:00,2030.09,2030.11,2029.03,2029.22,364,4,0,364
2024-02-21 14:24:00,2029.22,2029.54,2029.1,2029.31,307,4,0,307
2024-02-21 14:27:00,2029.31,2029.31,2028.57,2029.07,384,4,0,384
2024-02-21 14:30:00,2029.07,2029.27,2028.87,2028.88,207,4,0,207
2024-02-21 14:33:00,2028.88,2029.14,2028.29,2028.67,411,4,0,411
2024-02-21 14:36:00,2028.67,2028.99,2028.46,2028.82,418,4,0,418
2024-02-21 14:39:00,2028.82,2028.84,2028.33,2028.73,271,4,0,271
2024-02-21 14:42:00,2028.73,2029.35,2028.72,2029.15,331,4,0,331
2024-02-21 14:45:00,2029.15,2029.45,2028.85,2029.35,240,4,0,240
2024-02-21 14:48:00,2029.35,2029.74,2029.15,2029.74,200,4,0,200
2024-02-21 14:51:00,2029.74,2029.74,2029.38,2029.61,283,4,0,283
2024-02-21 14:54:00,2029.6,2029.61,2029.1,2029.12,281,4,0,281
2024-02-21 14:57:00,2029.12,2029.67,2029.09,2029.52,235,4,0,235
2024-02-21 15:00:00,2029.52,2030.14,2029.15,2029.96,484,4,0,484
2024-02-21 15:03:00,2029.96,2030.91,2029.71,2030.82,421,4,0,421
2024-02-21 15:06:00,2030.81,2030.92,2030.53,2030.82,407,4,0,407
2024-02-21 15:09:00,2030.83,2031.12,2030.44,2031.0,502,4,0,502
2024-02-21 15:12:00,2030.99,2031.28,2030.6,2030.98,682,4,0,682
2024-02-21 15:15:00,2031.01,2031.6,2030.6,2030.89,851,4,0,851
2024-02-21 15:18:00,2030.89,2030.97,2029.68,2029.85,749,4,0,749
2024-02-21 15:21:00,2029.85,2030.06,2029.09,2029.1,889,4,0,889
2024-02-21 15:24:00,2029.1,2029.21,2028.27,2028.55,613,4,0,613
2024-02-21 15:27:00,2028.55,2028.82,2027.71,2028.76,859,4,0,859
2024-02-21 15:30:00,2028.76,2030.03,2028.62,2030.03,637,4,0,637
2024-02-21 15:33:00,2030.03,2030.11,2029.33,2029.42,481,4,0,481
2024-02-21 15:36:00,2029.42,2030.02,2028.83,2030.02,638,4,0,638
2024-02-21 15:39:00,2030.02,2030.17,2029.34,2029.4,591,4,0,591
2024-02-21 15:42:00,2029.4,2030.98,2029.4,2030.31,574,4,0,574
2024-02-21 15:45:00,2030.31,2030.51,2029.61,2029.69,397,4,0,397
2024-02-21 15:48:00,2029.68,2030.02,2029.61,2029.94,322,4,0,322
2024-02-21 15:51:00,2029.94,2030.09,2028.71,2028.73,395,4,0,395
2024-02-21 15:54:00,2028.75,2028.89,2028.02,2028.36,772,4,0,772
2024-02-21 15:57:00,2028.36,2028.92,2028.24,2028.79,255,4,0,255
2024-02-21 16:00:00,2028.8,2029.39,2028.7,2029.13,367,4,0,367
2024-02-21 16:03:00,2029.12,2030.38,2029.12,2030.23,585,4,0,585
2024-02-21 16:06:00,2030.22,2030.27,2029.49,2029.64,553,4,0,553
2024-02-21 16:09:00,2029.64,2029.73,2028.95,2029.51,643,4,0,643
2024-02-21 16:12:00,2029.51,2029.85,2029.18,2029.5,378,4,0,378
2024-02-21 16:15:00,2029.5,2029.75,2029.0,2029.52,430,4,0,430
2024-02-21 16:18:00,2029.5,2029.67,2029.0,2029.45,513,4,0,513
2024-02-21 16:21:00,2029.45,2029.83,2029.29,2029.72,494,4,0,494
2024-02-21 16:24:00,2029.72,2029.85,2028.91,2028.91,359,4,0,359
2024-02-21 16:27:00,2028.91,2028.91,2028.5,2028.8,384,4,0,384
2024-02-21 16:30:00,2028.8,2028.8,2027.24,2028.03,1277,4,0,1277
2024-02-21 16:33:00,2028.06,2028.77,2027.08,2028.77,898,4,0,898
2024-02-21 16:36:00,2028.77,2029.27,2028.03,2029.22,949,4,0,949
2024-02-21 16:39:00,2029.22,2029.77,2028.35,2028.39,1023,4,0,1023
2024-02-21 16:42:00,2028.39,2028.88,2027.96,2028.87,759,4,0,759
2024-02-21 16:45:00,2028.87,2030.02,2028.67,2028.75,922,4,0,922
2024-02-21 16:48:00,2028.74,2028.82,2027.7,2027.78,768,4,0,768
2024-02-21 16:51:00,2027.78,2029.31,2027.54,2028.55,768,4,0,768
2024-02-21 16:54:00,2028.55,2028.63,2027.73,2027.81,564,4,0,564
2024-02-21 16:57:00,2027.8,2027.92,2027.35,2027.57,454,4,0,454
2024-02-21 17:00:00,2027.57,2027.62,2026.73,2027.46,738,4,0,738
2024-02-21 17:03:00,2027.46,2027.83,2027.05,2027.78,620,4,0,620
2024-02-21 17:06:00,2027.78,2029.0,2027.11,2028.95,639,4,0,639
2024-02-21 17:09:00,2028.93,2029.03,2028.04,2028.11,653,4,0,653
2024-02-21 17:12:00,2028.11,2029.65,2027.99,2029.65,678,4,0,678
2024-02-21 17:15:00,2029.66,2030.13,2029.23,2030.1,663,4,0,663
2024-02-21 17:18:00,2030.1,2030.29,2029.58,2030.23,783,4,0,783
2024-02-21 17:21:00,2030.24,2030.32,2028.83,2029.34,1123,4,0,1123
2024-02-21 17:24:00,2029.34,2029.61,2028.56,2028.73,534,4,0,534
2024-02-21 17:27:00,2028.74,2029.6,2028.65,2029.28,629,4,0,629
2024-02-21 17:30:00,2029.28,2029.32,2028.45,2028.76,571,4,0,571
2024-02-21 17:33:00,2028.76,2029.18,2027.86,2028.17,609,4,0,609
2024-02-21 17:36:00,2028.17,2028.88,2028.09,2028.88,555,4,0,555
2024-02-21 17:39:00,2028.94,2028.96,2028.12,2028.41,575,4,0,575
2024-02-21 17:42:00,2028.38,2028.74,2027.71,2028.02,551,4,0,551
2024-02-21 17:45:00,2028.02,2028.1,2027.14,2027.14,550,4,0,550
2024-02-21 17:48:00,2027.14,2027.61,2026.73,2027.4,710,4,0,710
2024-02-21 17:51:00,2027.39,2027.4,2025.88,2026.61,997,4,0,997
2024-02-21 17:54:00,2026.63,2027.01,2025.28,2025.57,838,4,0,838
2024-02-21 17:57:00,2025.57,2025.71,2024.12,2024.24,986,4,0,986
2024-02-21 18:00:00,2024.24,2024.99,2023.49,2024.02,1277,4,0,1277
2024-02-21 18:03:00,2024.02,2024.31,2023.28,2023.69,807,4,0,807
2024-02-21 18:06:00,2023.69,2024.18,2023.39,2023.97,725,4,0,725
2024-02-21 18:09:00,2023.97,2024.85,2023.7,2024.45,771,4,0,771
2024-02-21 18:12:00,2024.44,2024.56,2023.7,2024.56,671,4,0,671
2024-02-21 18:15:00,2024.56,2024.65,2023.51,2023.98,590,4,0,590
2024-02-21 18:18:00,2023.98,2025.2,2023.73,2025.09,565,4,0,565
2024-02-21 18:21:00,2025.09,2025.57,2024.87,2025.55,589,4,0,589
2024-02-21 18:24:00,2025.57,2025.84,2024.88,2024.89,602,4,0,602
2024-02-21 18:27:00,2024.89,2025.05,2024.46,2024.54,427,4,0,427
2024-02-21 18:30:00,2024.53,2024.88,2024.08,2024.79,552,4,0,552
2024-02-21 18:33:00,2024.78,2025.09,2024.34,2024.43,492,4,0,492
2024-02-21 18:36:00,2024.44,2024.79,2024.31,2024.76,443,4,0,443
2024-02-21 18:39:00,2024.76,2024.9,2024.26,2024.44,416,4,0,416
2024-02-21 18:42:00,2024.44,2025.21,2024.37,2025.15,403,4,0,403
2024-02-21 18:45:00,2025.15,2025.63,2025.04,2025.61,424,4,0,424
2024-02-21 18:48:00,2025.61,2025.9,2024.68,2024.74,377,4,0,377
2024-02-21 18:51:00,2024.74,2025.02,2024.67,2024.68,325,4,0,325
2024-02-21 18:54:00,2024.7,2024.93,2024.36,2024.44,377,4,0,377
2024-02-21 18:57:00,2024.44,2024.54,2023.71,2024.01,423,4,0,423
2024-02-21 19:00:00,2024.01,2024.14,2023.35,2023.38,448,4,0,448
2024-02-21 19:03:00,2023.38,2024.0,2023.34,2023.83,405,4,0,405
2024-02-21 19:06:00,2023.84,2024.04,2023.68,2023.76,379,4,0,379
2024-02-21 19:09:00,2023.76,2023.77,2022.4,2022.8,682,4,0,682
2024-02-21 19:12:00,2022.8,2023.14,2022.68,2022.69,358,4,0,358
2024-02-21 19:15:00,2022.7,2023.32,2022.55,2022.92,427,4,0,427
2024-02-21 19:18:00,2022.92,2023.28,2022.8,2023.17,398,4,0,398
2024-02-21 19:21:00,2023.15,2023.18,2022.2,2022.54,443,4,0,443
2024-02-21 19:24:00,2022.53,2022.59,2021.53,2021.73,408,4,0,408
2024-02-21 19:27:00,2021.73,2022.89,2021.7,2022.82,310,4,0,310
2024-02-21 19:30:00,2022.82,2023.08,2022.73,2022.74,278,4,0,278
2024-02-21 19:33:00,2022.74,2022.84,2022.03,2022.19,454,4,0,454
2024-02-21 19:36:00,2022.18,2022.64,2022.17,2022.49,328,4,0,328
2024-02-21 19:39:00,2022.5,2022.71,2022.21,2022.22,336,4,0,336
2024-02-21 19:42:00,2022.22,2022.8,2022.16,2022.77,252,4,0,252
2024-02-21 19:45:00,2022.77,2023.82,2022.7,2023.66,299,4,0,299
2024-02-21 19:48:00,2023.67,2024.0,2023.56,2023.78,295,4,0,295
2024-02-21 19:51:00,2023.78,2024.24,2023.74,2024.16,212,4,0,212
2024-02-21 19:54:00,2024.16,2024.53,2024.05,2024.43,290,4,0,290
2024-02-21 19:57:00,2024.42,2024.57,2024.17,2024.25,336,4,0,336
2024-02-21 20:00:00,2024.25,2024.54,2021.6,2022.5,978,4,0,978
2024-02-21 20:03:00,2022.5,2023.62,2022.42,2023.31,780,4,0,780
2024-02-21 20:06:00,2023.31,2023.72,2022.83,2023.23,694,4,0,694
2024-02-21 20:09:00,2023.25,2023.52,2022.52,2022.65,568,4,0,568
2024-02-21 20:12:00,2022.65,2023.91,2022.54,2023.48,478,4,0,478
2024-02-21 20:15:00,2023.48,2023.77,2023.06,2023.44,543,4,0,543
2024-02-21 20:18:00,2023.47,2024.47,2023.45,2024.16,321,4,0,321
2024-02-21 20:21:00,2024.17,2024.71,2023.95,2024.46,344,4,0,344
2024-02-21 20:24:00,2024.46,2024.77,2023.48,2023.69,327,4,0,327
2024-02-21 20:27:00,2023.69,2024.22,2023.09,2023.28,424,4,0,424
2024-02-21 20:30:00,2023.26,2023.74,2022.74,2022.91,488,4,0,488
2024-02-21 20:33:00,2022.91,2023.26,2022.41,2022.65,389,4,0,389
2024-02-21 20:36:00,2022.65,2022.88,2022.49,2022.57,361,4,0,361
2024-02-21 20:39:00,2022.55,2022.86,2022.43,2022.76,344,4,0,344
2024-02-21 20:42:00,2022.76,2023.05,2022.6,2023.04,283,4,0,283
2024-02-21 20:45:00,2023.04,2023.04,2021.93,2022.16,368,4,0,368
2024-02-21 20:48:00,2022.16,2022.57,2022.08,2022.36,342,4,0,342
2024-02-21 20:51:00,2022.36,2022.48,2022.06,2022.34,266,4,0,266
2024-02-21 20:54:00,2022.34,2022.35,2021.67,2021.9,355,4,0,355
2024-02-21 20:57:00,2021.9,2022.01,2021.56,2022.01,321,4,0,321
2024-02-21 21:00:00,2022.01,2022.16,2020.06,2021.84,929,4,0,929
2024-02-21 21:03:00,2021.84,2025.76,2021.76,2023.85,1118,4,0,1118
2024-02-21 21:06:00,2023.85,2023.9,2022.86,2023.13,716,4,0,716
2024-02-21 21:09:00,2023.08,2024.95,2023.06,2024.9,627,4,0,627
2024-02-21 21:12:00,2024.9,2026.16,2024.85,2025.3,798,4,0,798
2024-02-21 21:15:00,2025.3,2025.54,2024.47,2025.34,555,4,0,555
2024-02-21 21:18:00,2025.34,2025.62,2023.84,2023.85,547,4,0,547
2024-02-21 21:21:00,2023.85,2024.52,2023.75,2024.43,522,4,0,522
2024-02-21 21:24:00,2024.44,2024.85,2024.02,2024.81,503,4,0,503
2024-02-21 21:27:00,2024.81,2025.52,2024.81,2024.96,505,4,0,505
2024-02-21 21:30:00,2024.98,2025.46,2024.72,2025.42,477,4,0,477
2024-02-21 21:33:00,2025.42,2026.54,2025.38,2026.05,466,4,0,466
2024-02-21 21:36:00,2026.05,2026.35,2025.57,2025.75,396,4,0,396
2024-02-21 21:39:00,2025.76,2025.76,2025.13,2025.38,480,4,0,480
2024-02-21 21:42:00,2025.4,2025.51,2025.08,2025.14,516,4,0,516
2024-02-21 21:45:00,2025.14,2026.02,2025.14,2025.59,490,4,0,490
2024-02-21 21:48:00,2025.61,2025.67,2025.17,2025.59,552,4,0,552
2024-02-21 21:51:00,2025.59,2025.74,2025.27,2025.44,480,4,0,480
2024-02-21 21:54:00,2025.45,2026.14,2025.43,2026.06,462,4,0,462
2024-02-21 21:57:00,2026.06,2026.38,2025.86,2026.06,482,4,0,482
2024-02-21 22:00:00,2026.05,2026.58,2025.82,2026.15,450,4,0,450
2024-02-21 22:03:00,2026.16,2026.5,2026.0,2026.48,356,4,0,356
2024-02-21 22:06:00,2026.47,2027.06,2026.41,2026.41,366,4,0,366
2024-02-21 22:09:00,2026.41,2026.86,2025.96,2026.05,476,4,0,476
2024-02-21 22:12:00,2026.05,2026.05,2025.58,2025.83,289,4,0,289
2024-02-21 22:15:00,2025.82,2025.86,2024.78,2024.82,359,4,0,359
2024-02-21 22:18:00,2024.81,2025.04,2024.18,2024.19,348,4,0,348
2024-02-21 22:21:00,2024.2,2025.24,2024.18,2025.04,403,4,0,403
2024-02-21 22:24:00,2025.02,2025.28,2024.85,2025.1,327,4,0,327
2024-02-21 22:27:00,2025.1,2025.59,2025.1,2025.4,353,4,0,353
2024-02-21 22:30:00,2025.4,2025.62,2025.25,2025.35,255,4,0,255
2024-02-21 22:33:00,2025.39,2025.57,2025.23,2025.42,250,4,0,250
2024-02-21 22:36:00,2025.42,2025.84,2025.26,2025.61,259,4,0,259
2024-02-21 22:39:00,2025.61,2026.09,2025.54,2025.85,287,4,0,287
2024-02-21 22:42:00,2025.85,2025.96,2025.84,2025.88,154,4,0,154
2024-02-21 22:45:00,2025.89,2026.06,2025.28,2025.35,256,4,0,256
2024-02-21 22:48:00,2025.36,2025.49,2024.73,2024.79,405,4,0,405
2024-02-21 22:51:00,2024.78,2025.27,2024.74,2025.24,275,4,0,275
2024-02-21 22:54:00,2025.25,2025.32,2024.82,2024.92,274,4,0,274
2024-02-21 22:57:00,2024.92,2024.95,2024.34,2024.4,512,4,0,512
2024-02-21 23:00:00,2024.44,2025.22,2024.44,2025.01,309,4,0,309
2024-02-21 23:03:00,2025.0,2025.03,2024.69,2024.78,201,4,0,201
2024-02-21 23:06:00,2024.78,2024.92,2024.49,2024.49,147,4,0,147
2024-02-21 23:09:00,2024.5,2024.56,2024.28,2024.38,162,4,0,162
2024-02-21 23:12:00,2024.38,2024.6,2024.32,2024.52,203,4,0,203
2024-02-21 23:15:00,2024.52,2024.81,2024.06,2024.22,295,4,0,295
2024-02-21 23:18:00,2024.22,2024.42,2024.01,2024.15,232,4,0,232
2024-02-21 23:21:00,2024.15,2024.66,2024.11,2024.16,347,4,0,347
2024-02-21 23:24:00,2024.16,2024.44,2024.0,2024.14,257,4,0,257
2024-02-21 23:27:00,2024.14,2024.41,2024.0,2024.28,210,4,0,210
2024-02-21 23:30:00,2024.28,2024.43,2024.06,2024.33,248,4,0,248
2024-02-21 23:33:00,2024.33,2024.41,2024.16,2024.39,227,4,0,227
2024-02-21 23:36:00,2024.38,2025.02,2024.33,2024.9,236,4,0,236
2024-02-21 23:39:00,2024.9,2025.84,2024.59,2025.62,385,4,0,385
2024-02-21 23:42:00,2025.63,2026.01,2025.37,2025.65,317,4,0,317
2024-02-21 23:45:00,2025.66,2025.74,2025.22,2025.28,175,4,0,175
2024-02-21 23:48:00,2025.29,2025.32,2025.0,2025.11,270,4,0,270
2024-02-21 23:51:00,2025.11,2025.84,2025.1,2025.78,225,4,0,225
2024-02-21 23:54:00,2025.83,2026.02,2025.67,2026.02,233,4,0,233
2024-02-21 23:57:00,2026.02,2026.28,2025.85,2025.98,101,4,0,101
2024-02-22 01:00:00,2025.95,2026.18,2025.73,2025.97,81,4,0,81
2024-02-22 01:03:00,2025.95,2026.6,2025.94,2026.59,88,4,0,88
2024-02-22 01:06:00,2026.59,2026.73,2026.53,2026.65,52,4,0,52
2024-02-22 01:09:00,2026.65,2026.66,2026.13,2026.48,116,4,0,116
2024-02-22 01:12:00,2026.48,2026.57,2026.34,2026.34,79,4,0,79
2024-02-22 01:15:00,2026.34,2026.41,2026.3,2026.37,58,8,0,58
2024-02-22 01:18:00,2026.38,2026.41,2026.15,2026.35,71,4,0,71
2024-02-22 01:21:00,2026.35,2026.46,2026.09,2026.37,105,4,0,105
2024-02-22 01:24:00,2026.36,2026.36,2025.82,2025.89,132,4,0,132
2024-02-22 01:27:00,2025.9,2026.09,2025.83,2025.95,125,4,0,125
2024-02-22 01:30:00,2025.96,2026.11,2025.78,2025.91,102,4,0,102
2024-02-22 01:33:00,2025.91,2025.95,2025.42,2025.7,111,4,0,111
2024-02-22 01:36:00,2025.71,2025.77,2025.25,2025.36,147,4,0,147
2024-02-22 01:39:00,2025.36,2025.41,2025.11,2025.28,134,4,0,134
2024-02-22 01:42:00,2025.28,2025.61,2025.12,2025.56,212,4,0,212
2024-02-22 01:45:00,2025.55,2025.79,2025.52,2025.77,156,4,0,156
2024-02-22 01:48:00,2025.76,2025.76,2025.43,2025.64,171,4,0,171
2024-02-22 01:51:00,2025.66,2025.78,2025.42,2025.45,80,4,0,80
2024-02-22 01:54:00,2025.45,2025.77,2025.45,2025.77,114,4,0,114
2024-02-22 01:57:00,2025.77,2026.26,2025.72,2025.86,145,4,0,145
2024-02-22 02:00:00,2025.86,2025.86,2025.33,2025.33,179,4,0,179
2024-02-22 02:03:00,2025.33,2025.38,2025.09,2025.21,222,4,0,222
2024-02-22 02:06:00,2025.21,2025.5,2025.18,2025.43,113,4,0,113
2024-02-22 02:09:00,2025.43,2025.58,2025.34,2025.52,81,4,0,81
2024-02-22 02:12:00,2025.52,2025.58,2025.27,2025.58,128,4,0,128
2024-02-22 02:15:00,2025.58,2025.64,2025.3,2025.57,152,4,0,152
2024-02-22 02:18:00,2025.56,2026.0,2025.55,2025.89,170,4,0,170
2024-02-22 02:21:00,2025.9,2026.28,2025.85,2026.04,187,4,0,187
2024-02-22 02:24:00,2026.03,2026.03,2025.64,2025.74,116,4,0,116
2024-02-22 02:27:00,2025.74,2025.8,2025.53,2025.72,117,4,0,117
2024-02-22 02:30:00,2025.72,2026.05,2025.71,2025.99,133,4,0,133
2024-02-22 02:33:00,2026.01,2026.11,2025.84,2026.0,131,4,0,131
2024-02-22 02:36:00,2026.0,2026.56,2025.97,2026.42,164,4,0,164
2024-02-22 02:39:00,2026.42,2026.58,2026.37,2026.46,232,4,0,232
2024-02-22 02:42:00,2026.44,2026.63,2026.43,2026.55,246,4,0,246
2024-02-22 02:45:00,2026.55,2026.55,2026.07,2026.22,266,4,0,266
2024-02-22 02:48:00,2026.22,2026.36,2025.85,2026.24,196,4,0,196
2024-02-22 02:51:00,2026.24,2026.41,2026.13,2026.22,165,4,0,165
2024-02-22 02:54:00,2026.21,2026.77,2026.19,2026.65,397,4,0,397
2024-02-22 02:57:00,2026.65,2026.69,2026.07,2026.5,193,4,0,193
2024-02-22 03:00:00,2026.5,2027.71,2026.5,2027.21,748,4,0,748
2024-02-22 03:03:00,2027.21,2027.37,2026.25,2026.75,440,4,0,440
2024-02-22 03:06:00,2026.74,2027.03,2026.31,2026.97,284,4,0,284
2024-02-22 03:09:00,2026.97,2027.4,2026.92,2026.99,347,4,0,347
2024-02-22 03:12:00,2026.99,2026.99,2026.55,2026.75,186,4,0,186
2024-02-22 03:15:00,2026.75,2027.12,2026.74,2026.93,259,4,0,259
2024-02-22 03:18:00,2026.93,2027.27,2026.68,2027.11,239,4,0,239
2024-02-22 03:21:00,2027.11,2027.33,2026.86,2027.31,289,4,0,289
2024-02-22 03:24:00,2027.32,2027.7,2027.05,2027.3,324,4,0,324
2024-02-22 03:27:00,2027.3,2027.9,2027.28,2027.46,278,4,0,278
2024-02-22 03:30:00,2027.45,2027.83,2027.39,2027.78,340,4,0,340
2024-02-22 03:33:00,2027.78,2027.91,2027.39,2027.58,392,4,0,392
2024-02-22 03:36:00,2027.58,2028.61,2027.43,2027.91,449,4,0,449
2024-02-22 03:39:00,2027.91,2028.24,2027.82,2028.08,327,4,0,327
2024-02-22 03:42:00,2028.08,2028.08,2027.3,2027.72,356,4,0,356
2024-02-22 03:45:00,2027.72,2028.28,2027.62,2028.22,251,4,0,251
2024-02-22 03:48:00,2028.24,2028.56,2028.14,2028.24,210,4,0,210
2024-02-22 03:51:00,2028.24,2028.36,2027.39,2027.41,214,4,0,214
2024-02-22 03:54:00,2027.41,2027.48,2026.81,2027.17,242,4,0,242
2024-02-22 03:57:00,2027.17,2027.53,2026.81,2027.09,244,4,0,244
2024-02-22 04:00:00,2027.07,2027.21,2026.57,2026.98,400,4,0,400
2024-02-22 04:03:00,2026.98,2027.93,2026.94,2027.9,301,4,0,301
2024-02-22 04:06:00,2027.9,2028.33,2027.67,2028.29,307,4,0,307
2024-02-22 04:09:00,2028.3,2028.38,2027.49,2027.49,318,4,0,318
2024-02-22 04:12:00,2027.49,2027.99,2027.24,2027.25,248,4,0,248
2024-02-22 04:15:00,2027.25,2027.46,2026.56,2027.24,330,4,0,330
2024-02-22 04:18:00,2027.26,2027.84,2027.17,2027.74,230,4,0,230
2024-02-22 04:21:00,2027.74,2027.77,2027.33,2027.38,151,4,0,151
2024-02-22 04:24:00,2027.38,2027.44,2026.97,2027.06,156,4,0,156
2024-02-22 04:27:00,2027.06,2027.36,2027.0,2027.0,142,4,0,142
2024-02-22 04:30:00,2027.0,2027.15,2026.8,2027.14,195,4,0,195
2024-02-22 04:33:00,2027.13,2027.24,2026.83,2026.99,232,4,0,232
2024-02-22 04:36:00,2026.99,2027.09,2026.65,2026.88,168,4,0,168
2024-02-22 04:39:00,2026.88,2027.15,2026.81,2027.09,93,4,0,93
2024-02-22 04:42:00,2027.09,2027.28,2027.05,2027.2,139,4,0,139
2024-02-22 04:45:00,2027.2,2027.88,2027.17,2027.86,226,4,0,226
2024-02-22 04:48:00,2027.86,2027.96,2027.63,2027.82,206,4,0,206
2024-02-22 04:51:00,2027.82,2028.3,2027.82,2028.27,156,4,0,156
2024-02-22 04:54:00,2028.28,2028.4,2027.88,2028.05,189,4,0,189
2024-02-22 04:57:00,2028.06,2028.17,2027.66,2027.83,131,4,0,131
2024-02-22 05:00:00,2027.83,2027.92,2027.68,2027.89,130,4,0,130
2024-02-22 05:03:00,2027.88,2028.29,2027.78,2027.93,149,4,0,149
2024-02-22 05:06:00,2027.93,2028.05,2027.78,2027.79,101,4,0,101
2024-02-22 05:09:00,2027.79,2027.84,2027.62,2027.69,128,4,0,128
2024-02-22 05:12:00,2027.7,2027.7,2027.16,2027.28,129,4,0,129
2024-02-22 05:15:00,2027.28,2027.32,2026.99,2026.99,80,4,0,80
2024-02-22 05:18:00,2026.99,2027.13,2026.77,2027.11,165,4,0,165
2024-02-22 05:21:00,2027.11,2027.2,2026.85,2027.19,158,4,0,158
2024-02-22 05:24:00,2027.19,2027.26,2026.97,2026.99,158,4,0,158
2024-02-22 05:27:00,2026.97,2027.07,2026.8,2026.88,102,4,0,102
2024-02-22 05:30:00,2026.87,2027.04,2026.81,2027.0,121,4,0,121
2024-02-22 05:33:00,2027.01,2027.02,2026.46,2026.69,97,4,0,97
2024-02-22 05:36:00,2026.69,2026.72,2026.56,2026.59,64,4,0,64
2024-02-22 05:39:00,2026.58,2026.7,2026.52,2026.55,102,4,0,102
2024-02-22 05:42:00,2026.56,2026.8,2026.44,2026.72,112,4,0,112
2024-02-22 05:45:00,2026.71,2026.74,2026.3,2026.64,100,4,0,100
2024-02-22 05:48:00,2026.63,2026.64,2026.42,2026.63,81,4,0,81
2024-02-22 05:51:00,2026.63,2026.64,2026.5,2026.54,70,4,0,70
2024-02-22 05:54:00,2026.54,2026.8,2026.37,2026.42,137,4,0,137
2024-02-22 05:57:00,2026.42,2026.58,2026.13,2026.33,256,4,0,256
2024-02-22 06:00:00,2026.34,2026.35,2026.03,2026.23,153,4,0,153
2024-02-22 06:03:00,2026.23,2026.37,2026.02,2026.07,100,4,0,100
2024-02-22 06:06:00,2026.07,2026.09,2025.56,2026.03,163,4,0,163
2024-02-22 06:09:00,2026.02,2026.48,2025.97,2026.41,155,4,0,155
2024-02-22 06:12:00,2026.41,2026.7,2026.4,2026.62,142,4,0,142
2024-02-22 06:15:00,2026.62,2026.82,2026.59,2026.6,145,4,0,145
2024-02-22 06:18:00,2026.6,2026.88,2026.58,2026.81,146,4,0,146
2024-02-22 06:21:00,2026.81,2026.81,2026.45,2026.45,152,4,0,152
2024-02-22 06:24:00,2026.46,2027.18,2026.39,2027.18,205,4,0,205
2024-02-22 06:27:00,2027.19,2027.53,2027.01,2027.39,204,4,0,204
2024-02-22 06:30:00,2027.39,2027.76,2027.39,2027.76,189,4,0,189
2024-02-22 06:33:00,2027.77,2028.1,2027.65,2027.79,272,4,0,272
2024-02-22 06:36:00,2027.79,2027.94,2027.72,2027.87,84,4,0,84
2024-02-22 06:39:00,2027.87,2028.53,2027.86,2028.36,218,4,0,218
2024-02-22 06:42:00,2028.36,2028.74,2028.02,2028.65,211,4,0,211
2024-02-22 06:45:00,2028.65,2028.85,2028.48,2028.79,170,4,0,170
2024-02-22 06:48:00,2028.81,2028.9,2028.42,2028.54,118,4,0,118
2024-02-22 06:51:00,2028.54,2028.61,2028.45,2028.57,68,4,0,68
2024-02-22 06:54:00,2028.57,2028.79,2028.52,2028.78,124,4,0,124
2024-02-22 06:57:00,2028.78,2028.95,2028.63,2028.87,137,4,0,137
2024-02-22 07:00:00,2028.91,2029.11,2028.7,2028.86,191,4,0,191
2024-02-22 07:03:00,2028.87,2029.42,2028.86,2029.28,166,4,0,166
2024-02-22 07:06:00,2029.26,2029.62,2029.15,2029.49,219,4,0,219
2024-02-22 07:09:00,2029.49,2029.72,2029.43,2029.69,122,4,0,122
2024-02-22 07:12:00,2029.69,2030.03,2029.67,2029.78,165,4,0,165
2024-02-22 07:15:00,2029.78,2030.04,2029.7,2030.03,159,4,0,159
2024-02-22 07:18:00,2030.0,2030.0,2029.15,2029.16,264,4,0,264
2024-02-22 07:21:00,2029.16,2029.35,2028.78,2028.93,216,4,0,216
2024-02-22 07:24:00,2028.93,2029.25,2028.58,2029.23,312,4,0,312
2024-02-22 07:27:00,2029.24,2029.33,2029.05,2029.14,157,4,0,157
2024-02-22 07:30:00,2029.14,2029.14,2028.7,2028.89,277,4,0,277
2024-02-22 07:33:00,2028.89,2028.99,2028.47,2028.72,145,4,0,145
2024-02-22 07:36:00,2028.72,2029.11,2028.71,2029.06,171,4,0,171
2024-02-22 07:39:00,2029.06,2029.06,2028.67,2028.67,147,4,0,147
2024-02-22 07:42:00,2028.68,2029.07,2028.67,2028.97,108,4,0,108
2024-02-22 07:45:00,2028.98,2029.29,2028.77,2029.28,222,4,0,222
2024-02-22 07:48:00,2029.28,2029.48,2029.07,2029.09,165,4,0,165
2024-02-22 07:51:00,2029.09,2029.16,2028.93,2028.96,100,4,0,100
2024-02-22 07:54:00,2028.96,2029.0,2028.3,2028.31,127,4,0,127
2024-02-22 07:57:00,2028.31,2028.6,2028.31,2028.5,144,4,0,144
2024-02-22 08:00:00,2028.5,2028.86,2028.4,2028.78,191,4,0,191
2024-02-22 08:03:00,2028.77,2029.18,2028.77,2029.13,186,4,0,186
2024-02-22 08:06:00,2029.11,2030.09,2029.03,2029.8,317,4,0,317
2024-02-22 08:09:00,2029.8,2029.99,2029.64,2029.67,208,4,0,208
2024-02-22 08:12:00,2029.67,2030.22,2029.67,2030.06,212,4,0,212
2024-02-22 08:15:00,2030.06,2030.17,2029.93,2029.97,180,4,0,180
2024-02-22 08:18:00,2029.97,2030.08,2029.71,2029.86,198,4,0,198
2024-02-22 08:21:00,2029.87,2030.07,2029.83,2030.07,167,4,0,167
2024-02-22 08:24:00,2030.07,2030.11,2029.93,2030.08,142,4,0,142
2024-02-22 08:27:00,2030.08,2030.16,2029.86,2029.94,203,4,0,203
2024-02-22 08:30:00,2029.94,2030.13,2029.84,2030.08,131,4,0,131
2024-02-22 08:33:00,2030.02,2030.52,2029.91,2030.35,197,4,0,197
2024-02-22 08:36:00,2030.35,2030.64,2029.79,2029.89,250,4,0,250
2024-02-22 08:39:00,2029.88,2029.89,2029.11,2029.24,266,4,0,266
2024-02-22 08:42:00,2029.24,2029.27,2028.77,2028.85,223,4,0,223
2024-02-22 08:45:00,2028.81,2029.08,2028.57,2029.07,189,4,0,189
2024-02-22 08:48:00,2029.07,2029.48,2029.07,2029.1,149,4,0,149
2024-02-22 08:51:00,2029.1,2029.4,2029.09,2029.39,125,4,0,125
2024-02-22 08:54:00,2029.39,2029.4,2028.8,2029.01,183,4,0,183
2024-02-22 08:57:00,2029.01,2029.42,2028.9,2029.31,182,4,0,182
2024-02-22 09:00:00,2029.31,2029.4,2028.9,2029.31,234,4,0,234
2024-02-22 09:03:00,2029.31,2030.05,2029.29,2030.02,258,4,0,258
2024-02-22 09:06:00,2030.03,2030.62,2029.99,2030.17,411,4,0,411
2024-02-22 09:09:00,2030.17,2030.36,2029.43,2029.45,337,4,0,337
2024-02-22 09:12:00,2029.45,2030.06,2029.37,2030.01,330,4,0,330
2024-02-22 09:15:00,2030.01,2030.16,2029.75,2030.15,357,4,0,357
2024-02-22 09:18:00,2030.15,2030.46,2030.02,2030.26,347,4,0,347
2024-02-22 09:21:00,2030.26,2030.56,2030.21,2030.26,257,4,0,257
2024-02-22 09:24:00,2030.26,2030.35,2029.96,2030.03,265,4,0,265
2024-02-22 09:27:00,2030.04,2030.63,2029.81,2030.61,302,4,0,302
2024-02-22 09:30:00,2030.61,2030.9,2030.35,2030.51,317,4,0,317
2024-02-22 09:33:00,2030.51,2030.94,2030.46,2030.83,287,4,0,287
2024-02-22 09:36:00,2030.83,2031.09,2030.63,2030.99,241,4,0,241
2024-02-22 09:39:00,2030.99,2031.16,2030.7,2030.91,292,4,0,292
2024-02-22 09:42:00,2030.91,2031.0,2030.71,2030.79,259,4,0,259
2024-02-22 09:45:00,2030.78,2031.17,2030.7,2030.99,293,4,0,293
2024-02-22 09:48:00,2030.99,2031.35,2030.74,2031.35,321,4,0,321
2024-02-22 09:51:00,2031.35,2032.05,2031.34,2031.65,465,4,0,465
2024-02-22 09:54:00,2031.65,2031.8,2031.16,2031.17,417,4,0,417
2024-02-22 09:57:00,2031.19,2031.51,2031.09,2031.49,288,4,0,288
2024-02-22 10:00:00,2031.49,2032.16,2031.47,2032.02,443,4,0,443
2024-02-22 10:03:00,2032.02,2032.46,2031.72,2032.23,447,4,0,447
2024-02-22 10:06:00,2032.24,2034.93,2032.12,2033.82,846,4,0,846
2024-02-22 10:09:00,2033.85,2034.08,2033.5,2033.85,655,4,0,655
2024-02-22 10:12:00,2033.85,2034.5,2033.5,2034.07,559,4,0,559
2024-02-22 10:15:00,2034.08,2034.63,2033.55,2034.63,808,4,0,808
2024-02-22 10:18:00,2034.63,2034.75,2032.82,2033.27,686,4,0,686
2024-02-22 10:21:00,2033.27,2033.45,2032.66,2033.45,612,4,0,612
2024-02-22 10:24:00,2033.46,2033.65,2033.06,2033.35,417,4,0,417
2024-02-22 10:27:00,2033.35,2033.92,2033.35,2033.72,357,4,0,357
2024-02-22 10:30:00,2033.77,2034.34,2032.66,2032.78,734,4,0,734
2024-02-22 10:33:00,2032.8,2033.03,2031.83,2032.6,530,4,0,530
2024-02-22 10:36:00,2032.6,2032.68,2031.81,2031.87,435,4,0,435
2024-02-22 10:39:00,2031.87,2032.16,2031.6,2031.63,410,4,0,410
2024-02-22 10:42:00,2031.62,2032.05,2031.38,2031.57,400,4,0,400
2024-02-22 10:45:00,2031.57,2031.88,2031.45,2031.87,328,4,0,328
2024-02-22 10:48:00,2031.87,2032.37,2031.46,2031.88,280,4,0,280
2024-02-22 10:51:00,2031.92,2032.91,2031.84,2032.88,339,4,0,339
2024-02-22 10:54:00,2032.88,2033.09,2032.38,2032.56,328,4,0,328
2024-02-22 10:57:00,2032.56,2033.29,2032.56,2033.26,302,4,0,302
2024-02-22 11:00:00,2033.27,2033.28,2031.79,2031.81,340,4,0,340
2024-02-22 11:03:00,2031.81,2032.4,2031.68,2032.32,379,4,0,379
2024-02-22 11:06:00,2032.32,2032.65,2031.9,2031.91,298,4,0,298
2024-02-22 11:09:00,2031.91,2032.33,2031.66,2032.14,228,4,0,228
2024-02-22 11:12:00,2032.14,2032.43,2031.86,2031.94,241,4,0,241
2024-02-22 11:15:00,2031.94,2032.15,2031.81,2032.02,204,4,0,204
2024-02-22 11:18:00,2032.02,2032.12,2031.21,2031.24,272,4,0,272
2024-02-22 11:21:00,2031.24,2031.47,2030.4,2030.67,476,4,0,476
2024-02-22 11:24:00,2030.67,2030.84,2029.81,2029.99,758,4,0,758
2024-02-22 11:27:00,2029.99,2029.99,2029.38,2029.77,441,4,0,441
2024-02-22 11:30:00,2029.78,2030.03,2029.31,2029.53,495,4,0,495
2024-02-22 11:33:00,2029.53,2029.53,2028.57,2029.32,503,4,0,503
2024-02-22 11:36:00,2029.32,2029.75,2029.14,2029.68,341,4,0,341
2024-02-22 11:39:00,2029.68,2030.11,2029.57,2029.99,378,4,0,378
2024-02-22 11:42:00,2029.99,2030.67,2029.95,2030.1,330,4,0,330
2024-02-22 11:45:00,2030.1,2030.3,2029.97,2030.21,262,4,0,262
2024-02-22 11:48:00,2030.21,2030.79,2030.13,2030.64,355,4,0,355
2024-02-22 11:51:00,2030.64,2030.92,2030.5,2030.66,304,4,0,304
2024-02-22 11:54:00,2030.67,2030.96,2030.51,2030.77,265,4,0,265
2024-02-22 11:57:00,2030.77,2030.82,2030.05,2030.35,266,4,0,266
2024-02-22 12:00:00,2030.35,2030.45,2030.09,2030.39,224,4,0,224
2024-02-22 12:03:00,2030.39,2030.68,2029.88,2030.0,313,4,0,313
2024-02-22 12:06:00,2030.0,2030.16,2029.65,2030.06,286,4,0,286
2024-02-22 12:09:00,2030.07,2030.22,2029.72,2029.85,252,4,0,252
2024-02-22 12:12:00,2029.83,2029.96,2029.58,2029.94,240,4,0,240
2024-02-22 12:15:00,2029.94,2029.94,2029.27,2029.36,171,4,0,171
2024-02-22 12:18:00,2029.36,2029.73,2029.25,2029.6,259,4,0,259
2024-02-22 12:21:00,2029.62,2030.01,2029.57,2029.65,271,4,0,271
2024-02-22 12:24:00,2029.65,2030.55,2029.65,2030.5,231,4,0,231
2024-02-22 12:27:00,2030.5,2031.24,2030.33,2031.16,280,4,0,280
2024-02-22 12:30:00,2031.15,2031.17,2030.69,2031.02,636,4,0,636
2024-02-22 12:33:00,2031.02,2031.02,2030.18,2030.44,270,4,0,270
2024-02-22 12:36:00,2030.44,2030.65,2030.19,2030.27,229,4,0,229
2024-02-22 12:39:00,2030.27,2030.44,2029.99,2030.44,179,4,0,179
2024-02-22 12:42:00,2030.44,2030.45,2029.96,2030.06,180,4,0,180
2024-02-22 12:45:00,2030.06,2030.06,2029.57,2029.86,196,4,0,196
2024-02-22 12:48:00,2029.87,2030.16,2029.66,2029.69,183,4,0,183
2024-02-22 12:51:00,2029.69,2029.76,2029.3,2029.47,174,4,0,174
2024-02-22 12:54:00,2029.47,2029.74,2029.34,2029.44,258,4,0,258
2024-02-22 12:57:00,2029.44,2029.56,2029.23,2029.47,295,4,0,295
2024-02-22 13:00:00,2029.49,2029.83,2028.94,2028.96,298,4,0,298
2024-02-22 13:03:00,2028.96,2028.96,2028.14,2028.44,357,4,0,357
2024-02-22 13:06:00,2028.44,2028.49,2028.18,2028.38,275,4,0,275
2024-02-22 13:09:00,2028.36,2028.61,2028.17,2028.35,240,4,0,240
2024-02-22 13:12:00,2028.35,2028.61,2027.35,2027.71,427,4,0,427
2024-02-22 13:15:00,2027.71,2028.14,2027.43,2027.9,415,4,0,415
2024-02-22 13:18:00,2027.89,2028.63,2027.89,2028.63,212,4,0,212
2024-02-22 13:21:00,2028.63,2028.9,2028.5,2028.59,254,4,0,254
2024-02-22 13:24:00,2028.59,2028.59,2028.11,2028.3,188,4,0,188
2024-02-22 13:27:00,2028.3,2028.55,2027.91,2028.16,208,4,0,208
2024-02-22 13:30:00,2028.16,2028.39,2028.1,2028.17,202,4,0,202
2024-02-22 13:33:00,2028.17,2028.32,2027.81,2028.11,251,4,0,251
2024-02-22 13:36:00,2028.1,2028.52,2028.08,2028.11,168,4,0,168
2024-02-22 13:39:00,2028.11,2028.62,2027.9,2028.61,224,4,0,224
2024-02-22 13:42:00,2028.61,2028.73,2028.15,2028.57,197,4,0,197
2024-02-22 13:45:00,2028.57,2029.2,2028.42,2029.2,161,4,0,161
2024-02-22 13:48:00,2029.2,2029.27,2028.83,2029.24,182,4,0,182
2024-02-22 13:51:00,2029.24,2029.66,2029.22,2029.3,194,4,0,194
2024-02-22 13:54:00,2029.31,2029.46,2028.86,2028.93,201,4,0,201
2024-02-22 13:57:00,2028.93,2029.13,2028.73,2029.04,230,4,0,230
2024-02-22 14:00:00,2029.04,2029.22,2028.73,2029.0,307,4,0,307
2024-02-22 14:03:00,2029.01,2029.42,2029.0,2029.08,160,4,0,160
2024-02-22 14:06:00,2029.08,2029.26,2028.94,2029.24,201,4,0,201
2024-02-22 14:09:00,2029.24,2029.41,2029.03,2029.13,245,4,0,245
2024-02-22 14:12:00,2029.13,2029.24,2028.91,2029.22,236,4,0,236
2024-02-22 14:15:00,2029.22,2029.22,2028.93,2029.05,210,4,0,210
2024-02-22 14:18:00,2029.05,2029.14,2028.93,2029.04,178,4,0,178
2024-02-22 14:21:00,2029.04,2029.28,2028.34,2029.28,248,4,0,248
2024-02-22 14:24:00,2029.28,2029.9,2028.25,2029.33,570,4,0,570
2024-02-22 14:27:00,2029.33,2029.62,2029.16,2029.31,234,4,0,234
2024-02-22 14:30:00,2029.31,2029.71,2029.18,2029.71,212,4,0,212
2024-02-22 14:33:00,2029.71,2029.92,2028.71,2028.72,438,4,0,438
2024-02-22 14:36:00,2028.71,2028.8,2028.3,2028.75,382,4,0,382
2024-02-22 14:39:00,2028.76,2028.99,2028.33,2028.98,361,4,0,361
2024-02-22 14:42:00,2028.98,2029.04,2028.14,2028.43,361,4,0,361
2024-02-22 14:45:00,2028.44,2028.44,2027.75,2027.94,376,4,0,376
2024-02-22 14:48:00,2027.94,2028.47,2027.92,2028.37,351,4,0,351
2024-02-22 14:51:00,2028.35,2028.65,2028.23,2028.56,258,4,0,258
2024-02-22 14:54:00,2028.56,2028.56,2027.83,2027.89,260,4,0,260
2024-02-22 14:57:00,2027.88,2028.58,2027.85,2028.31,478,4,0,478
2024-02-22 15:00:00,2028.31,2028.62,2027.64,2028.61,630,4,0,630
2024-02-22 15:03:00,2028.61,2028.64,2027.99,2027.99,448,4,0,448
2024-02-22 15:06:00,2027.98,2028.03,2027.44,2027.9,526,4,0,526
2024-02-22 15:09:00,2027.89,2028.44,2027.38,2028.27,539,4,0,539
2024-02-22 15:12:00,2028.28,2028.4,2027.99,2028.4,464,4,0,464
2024-02-22 15:15:00,2028.41,2028.61,2027.7,2027.72,322,4,0,322
2024-02-22 15:18:00,2027.7,2027.73,2025.41,2026.05,826,4,0,826
2024-02-22 15:21:00,2026.05,2026.71,2025.66,2025.72,711,4,0,711
2024-02-22 15:24:00,2025.72,2025.72,2024.99,2025.51,561,4,0,561
2024-02-22 15:27:00,2025.51,2026.96,2025.4,2026.69,671,4,0,671
2024-02-22 15:30:00,2026.69,2026.69,2022.99,2024.35,1430,4,0,1430
2024-02-22 15:33:00,2024.35,2026.86,2024.29,2026.86,1136,4,0,1136
2024-02-22 15:36:00,2026.88,2027.97,2026.42,2026.75,989,4,0,989
2024-02-22 15:39:00,2026.75,2027.91,2026.29,2027.37,1036,4,0,1036
2024-02-22 15:42:00,2027.37,2027.51,2026.55,2027.5,634,4,0,634
2024-02-22 15:45:00,2027.5,2028.08,2026.16,2026.29,881,4,0,881
2024-02-22 15:48:00,2026.29,2026.64,2025.24,2025.53,784,4,0,784
2024-02-22 15:51:00,2025.53,2026.61,2025.26,2025.5,735,4,0,735
2024-02-22 15:54:00,2025.45,2025.52,2024.09,2024.64,932,4,0,932
2024-02-22 15:57:00,2024.64,2025.98,2024.41,2025.68,718,4,0,718
2024-02-22 16:00:00,2025.68,2026.77,2025.16,2025.87,912,4,0,912
2024-02-22 16:03:00,2025.87,2026.2,2024.97,2025.11,583,4,0,583
2024-02-22 16:06:00,2025.11,2025.41,2024.64,2024.89,505,4,0,505
2024-02-22 16:09:00,2024.89,2025.03,2024.46,2024.95,500,4,0,500
2024-02-22 16:12:00,2024.97,2025.97,2024.87,2025.86,541,4,0,541
2024-02-22 16:15:00,2025.86,2026.48,2024.61,2024.94,735,4,0,735
2024-02-22 16:18:00,2024.94,2025.78,2024.42,2024.54,568,4,0,568
2024-02-22 16:21:00,2024.57,2026.03,2024.54,2025.38,478,4,0,478
2024-02-22 16:24:00,2025.39,2025.95,2025.08,2025.87,572,4,0,572
2024-02-22 16:27:00,2025.88,2025.91,2025.04,2025.33,477,4,0,477
2024-02-22 16:30:00,2025.32,2025.33,2022.98,2023.71,1247,4,0,1247
2024-02-22 16:33:00,2023.71,2024.45,2023.42,2023.77,1156,4,0,1156
2024-02-22 16:36:00,2023.79,2024.14,2022.67,2023.28,1024,4,0,1024
2024-02-22 16:39:00,2023.29,2024.01,2022.41,2022.54,916,4,0,916
2024-02-22 16:42:00,2022.53,2022.94,2021.94,2022.63,814,4,0,814
2024-02-22 16:45:00,2022.61,2026.06,2022.49,2024.77,1480,4,0,1480
2024-02-22 16:48:00,2024.77,2026.14,2024.22,2025.38,1406,4,0,1406
2024-02-22 16:51:00,2025.38,2025.52,2023.07,2024.46,1266,4,0,1266
2024-02-22 16:54:00,2024.46,2025.91,2024.45,2024.97,1196,4,0,1196
2024-02-22 16:57:00,2024.97,2025.15,2024.48,2024.95,572,4,0,572
2024-02-22 17:00:00,2024.98,2025.43,2023.25,2023.39,1469,4,0,1469
2024-02-22 17:03:00,2023.39,2023.43,2022.04,2022.76,1076,4,0,1076
2024-02-22 17:06:00,2022.76,2023.96,2022.75,2023.0,1045,4,0,1045
2024-02-22 17:09:00,2023.0,2023.03,2020.25,2021.66,1116,4,0,1116
2024-02-22 17:12:00,2021.66,2023.01,2020.95,2022.93,928,4,0,928
2024-02-22 17:15:00,2022.93,2022.93,2020.94,2022.02,1036,4,0,1036
2024-02-22 17:18:00,2022.02,2022.03,2020.46,2021.44,791,4,0,791
2024-02-22 17:21:00,2021.44,2022.5,2020.86,2021.74,911,4,0,911
2024-02-22 17:24:00,2021.73,2022.15,2020.55,2020.95,867,4,0,867
2024-02-22 17:27:00,2021.02,2021.73,2020.76,2020.97,697,4,0,697
2024-02-22 17:30:00,2020.94,2022.38,2020.73,2022.23,953,4,0,953
2024-02-22 17:33:00,2022.25,2022.88,2022.16,2022.19,782,4,0,782
2024-02-22 17:36:00,2022.2,2022.83,2021.83,2022.82,762,4,0,762
2024-02-22 17:39:00,2022.85,2024.2,2022.64,2023.72,769,4,0,769
2024-02-22 17:42:00,2023.72,2024.32,2023.19,2023.59,698,4,0,698
2024-02-22 17:45:00,2023.59,2023.86,2023.33,2023.65,623,4,0,623
2024-02-22 17:48:00,2023.65,2023.93,2023.3,2023.56,548,4,0,548
2024-02-22 17:51:00,2023.53,2023.99,2023.3,2023.44,496,4,0,496
2024-02-22 17:54:00,2023.45,2024.49,2023.28,2024.3,650,4,0,650
2024-02-22 17:57:00,2024.29,2024.51,2023.41,2023.41,641,4,0,641
2024-02-22 18:00:00,2023.41,2024.35,2023.18,2023.18,552,4,0,552
2024-02-22 18:03:00,2023.17,2023.48,2022.85,2023.21,440,4,0,440
2024-02-22 18:06:00,2023.21,2023.81,2022.48,2022.67,509,4,0,509
2024-02-22 18:09:00,2022.67,2023.48,2022.51,2023.46,428,4,0,428
2024-02-22 18:12:00,2023.45,2023.46,2022.67,2022.91,565,4,0,565
2024-02-22 18:15:00,2022.92,2023.12,2022.35,2022.46,459,4,0,459
2024-02-22 18:18:00,2022.46,2023.17,2022.45,2022.59,430,4,0,430
2024-02-22 18:21:00,2022.59,2023.47,2022.51,2023.39,393,4,0,393
2024-02-22 18:24:00,2023.38,2023.44,2022.55,2022.64,478,4,0,478
2024-02-22 18:27:00,2022.64,2022.81,2022.16,2022.46,407,4,0,407
2024-02-22 18:30:00,2022.48,2022.57,2021.82,2021.86,454,4,0,454
2024-02-22 18:33:00,2021.88,2021.97,2021.48,2021.75,519,4,0,519
2024-02-22 18:36:00,2021.75,2021.75,2020.72,2020.84,473,4,0,473
2024-02-22 18:39:00,2020.84,2021.36,2020.7,2021.24,517,4,0,517
2024-02-22 18:42:00,2021.24,2021.61,2021.13,2021.34,448,4,0,448
2024-02-22 18:45:00,2021.34,2021.45,2019.81,2019.89,499,4,0,499
2024-02-22 18:48:00,2019.89,2020.82,2019.89,2020.72,551,4,0,551
2024-02-22 18:51:00,2020.69,2021.45,2020.48,2021.32,454,4,0,454
2024-02-22 18:54:00,2021.32,2021.34,2020.24,2020.49,456,4,0,456
2024-02-22 18:57:00,2020.49,2021.19,2020.34,2021.0,482,4,0,482
2024-02-22 19:00:00,2021.01,2021.68,2020.97,2021.56,374,4,0,374
2024-02-22 19:03:00,2021.56,2021.84,2021.3,2021.4,435,4,0,435
2024-02-22 19:06:00,2021.4,2021.92,2020.62,2020.98,565,4,0,565
2024-02-22 19:09:00,2020.98,2021.46,2020.52,2020.54,368,4,0,368
2024-02-22 19:12:00,2020.52,2021.45,2020.31,2021.38,400,4,0,400
2024-02-22 19:15:00,2021.38,2022.27,2021.19,2022.15,403,4,0,403
2024-02-22 19:18:00,2022.16,2022.57,2021.85,2022.28,363,4,0,363
2024-02-22 19:21:00,2022.28,2023.1,2021.97,2023.06,389,4,0,389
2024-02-22 19:24:00,2023.07,2023.43,2022.78,2022.99,447,4,0,447
2024-02-22 19:27:00,2022.99,2023.73,2022.97,2023.67,357,4,0,357
2024-02-22 19:30:00,2023.68,2024.52,2023.68,2024.39,452,4,0,452
2024-02-22 19:33:00,2024.39,2024.74,2024.14,2024.14,308,4,0,308
2024-02-22 19:36:00,2024.14,2024.36,2023.88,2023.89,312,4,0,312
2024-02-22 19:39:00,2023.89,2024.15,2023.36,2023.39,263,4,0,263
2024-02-22 19:42:00,2023.39,2023.83,2023.27,2023.59,256,4,0,256
2024-02-22 19:45:00,2023.59,2023.59,2023.01,2023.26,310,4,0,310
2024-02-22 19:48:00,2023.26,2023.64,2022.79,2023.06,305,4,0,305
2024-02-22 19:51:00,2023.06,2023.2,2022.63,2022.67,232,4,0,232
2024-02-22 19:54:00,2022.67,2022.89,2022.34,2022.76,394,4,0,394
2024-02-22 19:57:00,2022.76,2023.42,2022.73,2022.99,370,4,0,370
2024-02-22 20:00:00,2023.0,2023.28,2022.25,2022.42,311,4,0,311
2024-02-22 20:03:00,2022.42,2022.68,2022.22,2022.24,361,4,0,361
2024-02-22 20:06:00,2022.24,2022.24,2021.84,2021.87,378,4,0,378
2024-02-22 20:09:00,2021.87,2021.87,2020.97,2021.35,334,4,0,334
2024-02-22 20:12:00,2021.35,2021.36,2020.36,2020.65,324,4,0,324
2024-02-22 20:15:00,2020.65,2020.92,2020.44,2020.85,364,4,0,364
2024-02-22 20:18:00,2020.85,2020.86,2019.69,2020.13,404,4,0,404
2024-02-22 20:21:00,2020.16,2020.68,2020.16,2020.57,347,4,0,347
2024-02-22 20:24:00,2020.57,2021.27,2020.32,2021.25,380,4,0,380
2024-02-22 20:27:00,2021.25,2021.26,2020.48,2020.96,454,4,0,454
2024-02-22 20:30:00,2020.96,2021.89,2020.36,2021.77,477,4,0,477
2024-02-22 20:33:00,2021.74,2022.86,2021.63,2022.25,431,4,0,431
2024-02-22 20:36:00,2022.25,2022.48,2021.94,2022.26,330,4,0,330
2024-02-22 20:39:00,2022.28,2022.84,2022.27,2022.45,299,4,0,299
2024-02-22 20:42:00,2022.46,2023.09,2022.46,2022.97,302,4,0,302
2024-02-22 20:45:00,2022.96,2022.96,2022.25,2022.55,268,4,0,268
2024-02-22 20:48:00,2022.55,2022.71,2022.05,2022.17,304,4,0,304
2024-02-22 20:51:00,2022.16,2022.61,2022.05,2022.38,241,4,0,241
2024-02-22 20:54:00,2022.39,2022.84,2022.38,2022.57,275,4,0,275
2024-02-22 20:57:00,2022.57,2022.81,2022.51,2022.73,207,4,0,207
2024-02-22 21:00:00,2022.74,2022.82,2022.23,2022.32,305,4,0,305
2024-02-22 21:03:00,2022.31,2022.72,2022.22,2022.67,249,4,0,249
2024-02-22 21:06:00,2022.67,2023.11,2022.42,2022.91,302,4,0,302
2024-02-22 21:09:00,2022.92,2023.02,2022.52,2022.56,258,4,0,258
2024-02-22 21:12:00,2022.56,2023.04,2022.42,2023.03,225,4,0,225
2024-02-22 21:15:00,2023.03,2023.12,2022.72,2022.72,262,4,0,262
2024-02-22 21:18:00,2022.74,2023.06,2022.62,2023.02,276,4,0,276
2024-02-22 21:21:00,2023.03,2023.13,2022.83,2023.06,296,4,0,296
2024-02-22 21:24:00,2023.01,2023.46,2022.91,2022.92,264,4,0,264
2024-02-22 21:27:00,2022.92,2023.34,2022.92,2023.09,230,4,0,230
2024-02-22 21:30:00,2023.1,2023.67,2023.07,2023.28,186,4,0,186
2024-02-22 21:33:00,2023.28,2023.31,2022.89,2022.93,218,4,0,218
2024-02-22 21:36:00,2022.93,2023.06,2022.8,2022.84,234,4,0,234
2024-02-22 21:39:00,2022.83,2023.08,2022.61,2023.08,206,4,0,206
2024-02-22 21:42:00,2023.08,2023.36,2023.06,2023.21,163,4,0,163
2024-02-22 21:45:00,2023.21,2023.59,2023.21,2023.58,247,4,0,247
2024-02-22 21:48:00,2023.59,2023.59,2023.22,2023.26,202,4,0,202
2024-02-22 21:51:00,2023.26,2023.29,2022.99,2023.27,247,4,0,247
2024-02-22 21:54:00,2023.29,2023.48,2023.02,2023.06,246,4,0,246
2024-02-22 21:57:00,2023.04,2023.24,2023.03,2023.11,227,4,0,227
2024-02-22 22:00:00,2023.12,2023.22,2022.91,2023.02,244,4,0,244
2024-02-22 22:03:00,2023.02,2023.15,2022.89,2022.93,188,4,0,188
2024-02-22 22:06:00,2022.92,2023.02,2022.65,2022.78,127,4,0,127
2024-02-22 22:09:00,2022.77,2023.03,2022.62,2023.03,125,4,0,125
2024-02-22 22:12:00,2023.03,2023.14,2022.77,2022.8,160,4,0,160
2024-02-22 22:15:00,2022.8,2022.89,2022.63,2022.8,169,4,0,169
2024-02-22 22:18:00,2022.81,2023.1,2022.74,2022.74,120,4,0,120
2024-02-22 22:21:00,2022.73,2023.35,2022.69,2023.15,196,4,0,196
2024-02-22 22:24:00,2023.15,2023.53,2023.1,2023.17,296,4,0,296
2024-02-22 22:27:00,2023.17,2023.48,2023.06,2023.1,246,4,0,246
2024-02-22 22:30:00,2023.1,2023.74,2023.05,2023.05,386,4,0,386
2024-02-22 22:33:00,2023.03,2023.24,2022.83,2023.23,343,4,0,343
2024-02-22 22:36:00,2023.24,2023.53,2023.14,2023.43,281,4,0,281
2024-02-22 22:39:00,2023.43,2023.45,2023.2,2023.2,241,4,0,241
2024-02-22 22:42:00,2023.2,2023.2,2022.93,2023.01,283,4,0,283
2024-02-22 22:45:00,2023.01,2023.26,2022.96,2023.18,166,4,0,166
2024-02-22 22:48:00,2023.2,2023.83,2023.19,2023.67,251,4,0,251
2024-02-22 22:51:00,2023.67,2024.02,2023.58,2023.97,202,4,0,202
2024-02-22 22:54:00,2023.98,2024.51,2023.98,2024.48,293,4,0,293
2024-02-22 22:57:00,2024.46,2024.75,2024.28,2024.68,367,4,0,367
2024-02-22 23:00:00,2024.68,2024.75,2024.49,2024.59,170,4,0,170
2024-02-22 23:03:00,2024.59,2024.67,2024.38,2024.43,144,4,0,144
2024-02-22 23:06:00,2024.43,2024.59,2024.42,2024.59,78,4,0,78
2024-02-22 23:09:00,2024.6,2024.68,2024.49,2024.58,128,4,0,128
2024-02-22 23:12:00,2024.58,2024.97,2024.53,2024.94,108,4,0,108
2024-02-22 23:15:00,2024.96,2025.01,2024.83,2024.95,114,4,0,114
2024-02-22 23:18:00,2024.95,2024.97,2024.82,2024.95,81,4,0,81
2024-02-22 23:21:00,2024.95,2025.09,2024.86,2024.91,84,4,0,84
2024-02-22 23:24:00,2024.9,2024.97,2024.87,2024.87,38,4,0,38
2024-02-22 23:27:00,2024.89,2024.9,2024.75,2024.82,89,4,0,89
2024-02-22 23:30:00,2024.82,2024.9,2024.61,2024.7,114,4,0,114
2024-02-22 23:33:00,2024.7,2024.85,2024.13,2024.13,105,4,0,105
2024-02-22 23:36:00,2024.13,2024.2,2024.08,2024.19,89,4,0,89
2024-02-22 23:39:00,2024.18,2024.27,2024.06,2024.12,105,4,0,105
2024-02-22 23:42:00,2024.12,2024.39,2024.11,2024.35,58,4,0,58
2024-02-22 23:45:00,2024.35,2024.37,2024.17,2024.28,125,4,0,125
2024-02-22 23:48:00,2024.28,2024.47,2024.28,2024.36,73,4,0,73
2024-02-22 23:51:00,2024.38,2024.69,2024.26,2024.68,135,4,0,135
2024-02-22 23:54:00,2024.68,2024.76,2024.48,2024.76,123,4,0,123
2024-02-22 23:57:00,2024.76,2024.81,2024.24,2024.39,79,4,0,79
2024-02-23 01:00:00,2024.25,2024.57,2023.93,2023.94,37,29,0,37
2024-02-23 01:03:00,2023.94,2024.7,2023.94,2024.47,91,4,0,91
2024-02-23 01:06:00,2024.47,2024.81,2024.47,2024.68,61,4,0,61
2024-02-23 01:09:00,2024.68,2024.8,2024.43,2024.74,85,4,0,85
2024-02-23 01:12:00,2024.74,2025.11,2024.66,2025.11,142,4,0,142
2024-02-23 01:15:00,2025.11,2025.16,2024.89,2025.12,105,4,0,105
2024-02-23 01:18:00,2025.09,2025.36,2025.09,2025.35,116,4,0,116
2024-02-23 01:21:00,2025.36,2025.77,2025.35,2025.76,96,4,0,96
2024-02-23 01:24:00,2025.76,2026.11,2025.75,2026.02,152,4,0,152
2024-02-23 01:27:00,2026.02,2026.02,2025.5,2025.6,285,4,0,285
2024-02-23 01:30:00,2025.6,2026.04,2025.11,2025.13,195,4,0,195
2024-02-23 01:33:00,2025.13,2025.4,2024.94,2024.94,136,4,0,136
2024-02-23 01:36:00,2024.97,2025.28,2024.76,2025.01,245,4,0,245
2024-02-23 01:39:00,2025.01,2025.01,2024.36,2024.46,239,4,0,239
2024-02-23 01:42:00,2024.46,2024.97,2024.46,2024.76,197,4,0,197
2024-02-23 01:45:00,2024.76,2024.84,2024.62,2024.68,97,4,0,97
2024-02-23 01:48:00,2024.73,2024.94,2024.5,2024.89,87,4,0,87
2024-02-23 01:51:00,2024.89,2025.47,2024.72,2025.44,205,4,0,205
2024-02-23 01:54:00,2025.47,2025.62,2024.98,2024.98,107,4,0,107
2024-02-23 01:57:00,2024.98,2025.06,2024.75,2024.78,69,5,0,69
2024-02-23 02:00:00,2024.78,2025.04,2024.68,2024.71,121,4,0,121
2024-02-23 02:03:00,2024.71,2024.73,2024.44,2024.56,119,4,0,119
2024-02-23 02:06:00,2024.56,2025.02,2024.48,2024.93,93,4,0,93
2024-02-23 02:09:00,2024.93,2025.36,2024.9,2025.28,105,4,0,105
2024-02-23 02:12:00,2025.27,2025.32,2025.22,2025.22,54,4,0,54
2024-02-23 02:15:00,2025.22,2025.48,2025.22,2025.32,64,4,0,64
2024-02-23 02:18:00,2025.35,2025.82,2025.33,2025.77,65,4,0,65
2024-02-23 02:21:00,2025.77,2025.81,2025.55,2025.6,60,4,0,60
2024-02-23 02:24:00,2025.62,2025.91,2025.46,2025.87,142,4,0,142
2024-02-23 02:27:00,2025.87,2026.15,2025.87,2025.93,88,4,0,88
2024-02-23 02:30:00,2025.92,2026.09,2025.89,2026.0,117,4,0,117
2024-02-23 02:33:00,2025.99,2026.05,2023.82,2023.83,368,4,0,368
2024-02-23 02:36:00,2023.86,2024.1,2022.78,2023.33,533,4,0,533
2024-02-23 02:39:00,2023.33,2024.38,2023.13,2024.18,329,4,0,329
2024-02-23 02:42:00,2024.18,2024.84,2024.14,2024.46,355,4,0,355
2024-02-23 02:45:00,2024.43,2024.67,2023.94,2024.22,234,4,0,234
2024-02-23 02:48:00,2024.22,2024.22,2023.82,2023.9,227,4,0,227
2024-02-23 02:51:00,2023.9,2024.26,2023.9,2023.97,138,4,0,138
2024-02-23 02:54:00,2023.97,2024.91,2023.97,2024.85,184,4,0,184
2024-02-23 02:57:00,2024.85,2024.85,2024.46,2024.61,136,4,0,136
2024-02-23 03:00:00,2024.6,2025.59,2024.43,2025.45,447,4,0,447
2024-02-23 03:03:00,2025.45,2026.22,2025.45,2026.18,315,4,0,315
2024-02-23 03:06:00,2026.18,2026.65,2025.85,2026.62,305,4,0,305
2024-02-23 03:09:00,2026.62,2026.94,2026.53,2026.54,314,4,0,314
2024-02-23 03:12:00,2026.54,2026.93,2026.47,2026.83,223,4,0,223
2024-02-23 03:15:00,2026.83,2026.94,2026.45,2026.45,313,4,0,313
2024-02-23 03:18:00,2026.45,2026.56,2026.12,2026.51,209,4,0,209
2024-02-23 03:21:00,2026.5,2026.5,2026.17,2026.31,230,4,0,230
2024-02-23 03:24:00,2026.31,2026.34,2025.83,2025.83,240,4,0,240
2024-02-23 03:27:00,2025.83,2026.27,2025.83,2026.14,230,4,0,230
2024-02-23 03:30:00,2026.15,2026.46,2025.94,2026.03,217,4,0,217
2024-02-23 03:33:00,2026.03,2026.1,2025.13,2025.55,302,4,0,302
2024-02-23 03:36:00,2025.54,2025.92,2025.42,2025.91,180,4,0,180
2024-02-23 03:39:00,2025.9,2025.92,2025.47,2025.88,209,4,0,209
2024-02-23 03:42:00,2025.88,2027.02,2025.68,2026.99,306,4,0,306
2024-02-23 03:45:00,2026.99,2027.27,2026.73,2027.04,247,4,0,247
2024-02-23 03:48:00,2027.04,2027.29,2026.4,2026.6,269,4,0,269
2024-02-23 03:51:00,2026.6,2026.72,2026.38,2026.6,233,4,0,233
2024-02-23 03:54:00,2026.6,2026.86,2026.46,2026.58,231,4,0,231
2024-02-23 03:57:00,2026.59,2026.91,2026.41,2026.9,182,4,0,182
2024-02-23 04:00:00,2026.89,2027.06,2026.62,2026.84,221,4,0,221
2024-02-23 04:03:00,2026.84,2027.26,2026.83,2027.16,201,4,0,201
2024-02-23 04:06:00,2027.16,2027.17,2026.86,2027.07,192,4,0,192
2024-02-23 04:09:00,2027.07,2027.42,2026.86,2027.34,182,4,0,182
2024-02-23 04:12:00,2027.35,2027.36,2026.61,2026.78,192,4,0,192
2024-02-23 04:15:00,2026.78,2026.87,2026.24,2026.35,327,4,0,327
2024-02-23 04:18:00,2026.35,2026.85,2026.32,2026.82,340,4,0,340
2024-02-23 04:21:00,2026.85,2027.01,2026.85,2026.92,130,4,0,130
2024-02-23 04:24:00,2026.92,2026.92,2026.42,2026.46,87,4,0,87
2024-02-23 04:27:00,2026.48,2026.48,2025.82,2025.92,151,4,0,151
2024-02-23 04:30:00,2025.92,2025.98,2025.19,2025.28,217,4,0,217
2024-02-23 04:33:00,2025.28,2025.44,2025.12,2025.43,124,4,0,124
2024-02-23 04:36:00,2025.43,2025.57,2025.25,2025.41,175,4,0,175
2024-02-23 04:39:00,2025.41,2025.73,2025.4,2025.67,174,4,0,174
2024-02-23 04:42:00,2025.67,2025.72,2025.45,2025.71,128,4,0,128
2024-02-23 04:45:00,2025.71,2025.71,2025.41,2025.52,154,4,0,154
2024-02-23 04:48:00,2025.53,2025.53,2025.38,2025.47,105,4,0,105
2024-02-23 04:51:00,2025.46,2025.46,2024.88,2024.92,129,4,0,129
2024-02-23 04:54:00,2024.92,2025.02,2024.32,2024.53,246,4,0,246
2024-02-23 04:57:00,2024.52,2024.68,2024.34,2024.36,168,4,0,168
2024-02-23 05:00:00,2024.36,2024.62,2024.06,2024.22,263,4,0,263
2024-02-23 05:03:00,2024.23,2024.67,2024.2,2024.42,244,4,0,244
2024-02-23 05:06:00,2024.42,2024.77,2024.31,2024.75,196,4,0,196
2024-02-23 05:09:00,2024.7,2025.08,2024.48,2025.02,202,4,0,202
2024-02-23 05:12:00,2024.99,2025.31,2024.94,2025.16,194,4,0,194
2024-02-23 05:15:00,2025.18,2025.46,2025.11,2025.42,179,4,0,179
2024-02-23 05:18:00,2025.43,2025.62,2025.28,2025.62,144,4,0,144
2024-02-23 05:21:00,2025.61,2025.61,2025.3,2025.42,167,4,0,167
2024-02-23 05:24:00,2025.41,2025.46,2025.2,2025.32,206,4,0,206
2024-02-23 05:27:00,2025.32,2025.46,2025.08,2025.45,152,4,0,152
2024-02-23 05:30:00,2025.46,2025.59,2025.24,2025.59,152,4,0,152
2024-02-23 05:33:00,2025.6,2025.66,2025.23,2025.25,117,4,0,117
2024-02-23 05:36:00,2025.25,2025.43,2025.1,2025.19,141,4,0,141
2024-02-23 05:39:00,2025.2,2025.69,2025.17,2025.63,122,4,0,122
2024-02-23 05:42:00,2025.63,2026.35,2025.62,2026.23,312,4,0,312
2024-02-23 05:45:00,2026.23,2026.32,2025.72,2026.08,395,4,0,395
2024-02-23 05:48:00,2026.08,2026.09,2025.7,2025.92,110,4,0,110
2024-02-23 05:51:00,2025.92,2026.02,2025.72,2025.92,132,4,0,132
2024-02-23 05:54:00,2025.92,2025.94,2025.42,2025.58,108,4,0,108
2024-02-23 05:57:00,2025.58,2025.77,2025.54,2025.75,90,4,0,90
2024-02-23 06:00:00,2025.75,2025.92,2025.74,2025.82,91,4,0,91
2024-02-23 06:03:00,2025.82,2026.0,2025.82,2026.0,54,4,0,54
2024-02-23 06:06:00,2026.0,2026.07,2025.89,2025.9,82,4,0,82
2024-02-23 06:09:00,2025.9,2026.14,2025.87,2026.12,184,4,0,184
2024-02-23 06:12:00,2026.14,2026.52,2026.03,2026.42,88,4,0,88
2024-02-23 06:15:00,2026.44,2026.44,2026.25,2026.26,96,4,0,96
2024-02-23 06:18:00,2026.27,2026.33,2026.16,2026.32,78,4,0,78
2024-02-23 06:21:00,2026.31,2026.38,2026.22,2026.26,67,4,0,67
2024-02-23 06:24:00,2026.26,2026.32,2026.24,2026.26,49,4,0,49
2024-02-23 06:27:00,2026.26,2026.31,2026.14,2026.25,64,4,0,64
2024-02-23 06:30:00,2026.25,2026.29,2026.1,2026.2,99,4,0,99
2024-02-23 06:33:00,2026.2,2026.3,2026.2,2026.26,72,4,0,72
2024-02-23 06:36:00,2026.26,2026.29,2026.09,2026.1,52,4,0,52
2024-02-23 06:39:00,2026.1,2026.27,2026.07,2026.11,71,4,0,71
2024-02-23 06:42:00,2026.11,2026.15,2025.87,2025.95,72,4,0,72
2024-02-23 06:45:00,2025.95,2026.09,2025.81,2026.08,93,4,0,93
2024-02-23 06:48:00,2026.08,2026.3,2026.02,2026.22,136,4,0,136
2024-02-23 06:51:00,2026.2,2026.32,2026.11,2026.23,94,4,0,94
2024-02-23 06:54:00,2026.23,2026.43,2026.21,2026.32,107,4,0,107
2024-02-23 06:57:00,2026.32,2026.4,2026.12,2026.12,60,4,0,60
2024-02-23 07:00:00,2026.12,2026.21,2026.01,2026.17,66,4,0,66
2024-02-23 07:03:00,2026.16,2026.19,2025.97,2026.07,74,4,0,74
2024-02-23 07:06:00,2026.1,2026.14,2025.86,2025.88,87,4,0,87
2024-02-23 07:09:00,2025.88,2025.92,2025.72,2025.9,76,4,0,76
2024-02-23 07:12:00,2025.88,2025.9,2025.43,2025.6,87,4,0,87
2024-02-23 07:15:00,2025.57,2025.8,2025.46,2025.52,74,4,0,74
2024-02-23 07:18:00,2025.52,2025.58,2025.49,2025.54,56,4,0,56
2024-02-23 07:21:00,2025.54,2025.74,2025.53,2025.68,65,4,0,65
2024-02-23 07:24:00,2025.68,2025.72,2025.36,2025.39,69,4,0,69
2024-02-23 07:27:00,2025.39,2025.39,2025.13,2025.24,84,4,0,84
2024-02-23 07:30:00,2025.24,2025.24,2024.52,2024.6,182,4,0,182
2024-02-23 07:33:00,2024.6,2024.83,2024.56,2024.61,150,4,0,150
2024-02-23 07:36:00,2024.61,2024.62,2023.63,2023.65,236,4,0,236
2024-02-23 07:39:00,2023.64,2023.68,2022.85,2023.05,268,4,0,268
2024-02-23 07:42:00,2023.05,2023.12,2022.32,2022.66,582,4,0,582
2024-02-23 07:45:00,2022.68,2022.95,2022.3,2022.65,433,4,0,433
2024-02-23 07:48:00,2022.66,2022.91,2022.52,2022.81,245,4,0,245
2024-02-23 07:51:00,2022.81,2022.81,2022.46,2022.67,223,4,0,223
2024-02-23 07:54:00,2022.66,2022.78,2022.61,2022.71,209,4,0,209
2024-02-23 07:57:00,2022.73,2022.73,2022.21,2022.47,218,4,0,218
2024-02-23 08:00:00,2022.44,2022.57,2022.01,2022.08,262,4,0,262
2024-02-23 08:03:00,2022.08,2022.69,2021.92,2022.61,216,4,0,216
2024-02-23 08:06:00,2022.61,2022.61,2022.1,2022.1,183,4,0,183
2024-02-23 08:09:00,2022.1,2022.52,2022.05,2022.32,174,4,0,174
2024-02-23 08:12:00,2022.33,2022.33,2021.82,2021.85,189,4,0,189
2024-02-23 08:15:00,2021.84,2022.1,2021.75,2021.84,206,4,0,206
2024-02-23 08:18:00,2021.84,2021.85,2021.37,2021.43,263,4,0,263
2024-02-23 08:21:00,2021.43,2021.55,2020.86,2020.97,262,4,0,262
2024-02-23 08:24:00,2020.97,2021.01,2019.37,2019.48,407,4,0,407
2024-02-23 08:27:00,2019.48,2019.68,2019.02,2019.36,363,4,0,363
2024-02-23 08:30:00,2019.34,2019.42,2018.73,2019.08,285,4,0,285
2024-02-23 08:33:00,2019.08,2019.34,2018.22,2019.34,368,4,0,368
2024-02-23 08:36:00,2019.34,2019.93,2019.12,2019.26,271,4,0,271
2024-02-23 08:39:00,2019.26,2019.52,2018.93,2019.51,221,4,0,221
2024-02-23 08:42:00,2019.52,2019.76,2019.34,2019.66,213,4,0,213
2024-02-23 08:45:00,2019.63,2020.41,2019.63,2020.41,288,4,0,288
2024-02-23 08:48:00,2020.41,2020.91,2020.41,2020.83,273,4,0,273
2024-02-23 08:51:00,2020.83,2021.22,2020.51,2020.77,272,4,0,272
2024-02-23 08:54:00,2020.77,2021.8,2020.77,2021.57,278,4,0,278
2024-02-23 08:57:00,2021.57,2022.13,2020.88,2020.95,301,4,0,301
2024-02-23 09:00:00,2020.95,2021.12,2020.48,2020.48,330,4,0,330
2024-02-23 09:03:00,2020.48,2020.71,2019.84,2019.97,298,4,0,298
2024-02-23 09:06:00,2019.97,2020.19,2019.61,2019.87,288,4,0,288
2024-02-23 09:09:00,2019.87,2020.1,2019.62,2020.03,290,4,0,290
2024-02-23 09:12:00,2020.03,2020.64,2019.9,2020.64,281,4,0,281
2024-02-23 09:15:00,2020.63,2020.92,2020.51,2020.74,201,4,0,201
2024-02-23 09:18:00,2020.74,2021.32,2020.74,2021.31,272,4,0,272
2024-02-23 09:21:00,2021.31,2021.61,2020.58,2020.74,337,4,0,337
2024-02-23 09:24:00,2020.74,2020.82,2020.41,2020.72,289,4,0,289
2024-02-23 09:27:00,2020.73,2021.52,2020.55,2021.09,297,4,0,297
2024-02-23 09:30:00,2021.1,2021.63,2021.1,2021.41,405,4,0,405
2024-02-23 09:33:00,2021.4,2021.52,2021.03,2021.04,266,4,0,266
2024-02-23 09:36:00,2021.04,2021.51,2021.02,2021.34,329,4,0,329
2024-02-23 09:39:00,2021.36,2021.86,2021.06,2021.79,309,4,0,309
2024-02-23 09:42:00,2021.79,2021.83,2021.5,2021.5,279,4,0,279
2024-02-23 09:45:00,2021.5,2021.79,2021.42,2021.61,244,4,0,244
2024-02-23 09:48:00,2021.61,2021.72,2021.14,2021.17,231,4,0,231
2024-02-23 09:51:00,2021.17,2022.17,2021.09,2021.98,326,4,0,326
2024-02-23 09:54:00,2021.98,2022.53,2021.88,2021.88,321,4,0,321
2024-02-23 09:57:00,2021.88,2021.96,2021.68,2021.9,244,4,0,244
2024-02-23 10:00:00,2021.89,2022.59,2021.85,2022.41,499,4,0,499
2024-02-23 10:03:00,2022.41,2022.68,2022.24,2022.32,371,4,0,371
2024-02-23 10:06:00,2022.32,2022.35,2021.3,2021.36,491,4,0,491
2024-02-23 10:09:00,2021.36,2021.36,2020.33,2020.87,440,4,0,440
2024-02-23 10:12:00,2020.87,2021.0,2020.24,2020.72,312,4,0,312
2024-02-23 10:15:00,2020.72,2021.48,2020.61,2021.24,440,4,0,440
2024-02-23 10:18:00,2021.24,2021.29,2020.7,2021.23,336,4,0,336
2024-02-23 10:21:00,2021.23,2021.85,2021.07,2021.7,392,4,0,392
2024-02-23 10:24:00,2021.7,2021.72,2020.57,2020.65,360,4,0,360
2024-02-23 10:27:00,2020.65,2020.76,2020.16,2020.19,434,4,0,434
2024-02-23 10:30:00,2020.18,2020.97,2020.05,2020.62,361,4,0,361
2024-02-23 10:33:00,2020.63,2021.45,2020.62,2021.33,431,4,0,431
2024-02-23 10:36:00,2021.33,2021.33,2019.99,2020.05,399,4,0,399
2024-02-23 10:39:00,2020.05,2020.44,2019.41,2019.48,421,4,0,421
2024-02-23 10:42:00,2019.48,2019.61,2019.06,2019.08,380,4,0,380
2024-02-23 10:45:00,2019.08,2019.1,2018.69,2018.9,356,4,0,356
2024-02-23 10:48:00,2018.9,2019.12,2018.65,2019.0,381,4,0,381
2024-02-23 10:51:00,2018.99,2018.99,2018.43,2018.65,346,4,0,346
2024-02-23 10:54:00,2018.65,2019.05,2018.58,2018.99,309,4,0,309
2024-02-23 10:57:00,2018.99,2019.65,2018.93,2019.55,240,4,0,240
2024-02-23 11:00:00,2019.53,2019.64,2019.26,2019.26,221,4,0,221
2024-02-23 11:03:00,2019.26,2019.33,2018.94,2019.2,270,4,0,270
2024-02-23 11:06:00,2019.15,2019.92,2019.15,2019.74,233,4,0,233
2024-02-23 11:09:00,2019.75,2019.75,2019.22,2019.41,235,4,0,235
2024-02-23 11:12:00,2019.41,2019.6,2018.65,2018.85,287,4,0,287
2024-02-23 11:15:00,2018.87,2019.01,2018.17,2018.64,337,4,0,337
2024-02-23 11:18:00,2018.63,2018.64,2017.86,2018.28,371,4,0,371
2024-02-23 11:21:00,2018.29,2018.29,2017.15,2017.16,476,4,0,476
2024-02-23 11:24:00,2017.15,2017.72,2016.94,2017.62,585,4,0,585
2024-02-23 11:27:00,2017.61,2017.82,2017.35,2017.59,346,4,0,346
2024-02-23 11:30:00,2017.59,2018.04,2017.21,2018.01,356,4,0,356
2024-02-23 11:33:00,2018.01,2018.15,2017.62,2017.86,288,4,0,288
2024-02-23 11:36:00,2017.86,2017.97,2017.44,2017.45,298,4,0,298
2024-02-23 11:39:00,2017.45,2017.47,2016.63,2016.8,247,4,0,247
2024-02-23 11:42:00,2016.83,2016.98,2016.54,2016.74,310,4,0,310
2024-02-23 11:45:00,2016.74,2017.1,2016.5,2016.96,294,4,0,294
2024-02-23 11:48:00,2016.97,2017.14,2016.61,2016.62,237,4,0,237
2024-02-23 11:51:00,2016.65,2016.8,2016.08,2016.25,229,4,0,229
2024-02-23 11:54:00,2016.23,2016.56,2016.15,2016.52,227,4,0,227
2024-02-23 11:57:00,2016.52,2016.83,2016.38,2016.81,277,4,0,277
2024-02-23 12:00:00,2016.81,2017.26,2016.63,2017.11,344,4,0,344
2024-02-23 12:03:00,2017.1,2017.97,2017.09,2017.88,402,4,0,402
2024-02-23 12:06:00,2017.88,2017.99,2017.56,2017.66,233,4,0,233
2024-02-23 12:09:00,2017.66,2017.79,2017.49,2017.75,210,4,0,210
2024-02-23 12:12:00,2017.75,2018.79,2017.75,2018.6,270,4,0,270
2024-02-23 12:15:00,2018.6,2019.42,2018.54,2019.05,327,4,0,327
2024-02-23 12:18:00,2019.05,2019.71,2018.78,2019.45,288,4,0,288
2024-02-23 12:21:00,2019.45,2019.68,2018.98,2019.05,236,4,0,236
2024-02-23 12:24:00,2019.04,2019.9,2018.67,2019.9,317,4,0,317
2024-02-23 12:27:00,2019.9,2020.04,2019.38,2019.64,578,4,0,578
2024-02-23 12:30:00,2019.64,2019.86,2019.4,2019.69,313,4,0,313
2024-02-23 12:33:00,2019.69,2019.83,2019.49,2019.83,220,4,0,220
2024-02-23 12:36:00,2019.83,2020.35,2019.81,2020.23,179,4,0,179
2024-02-23 12:39:00,2020.23,2021.32,2020.19,2021.24,285,4,0,285
2024-02-23 12:42:00,2021.24,2021.53,2021.12,2021.21,239,4,0,239
2024-02-23 12:45:00,2021.21,2022.45,2021.16,2022.43,369,4,0,369
2024-02-23 12:48:00,2022.42,2022.59,2022.18,2022.36,283,4,0,283
2024-02-23 12:51:00,2022.39,2023.23,2022.29,2022.91,391,4,0,391
2024-02-23 12:54:00,2022.91,2023.34,2022.57,2023.03,360,4,0,360
2024-02-23 12:57:00,2023.01,2023.21,2022.72,2022.97,353,4,0,353
2024-02-23 13:00:00,2022.97,2023.3,2022.41,2022.42,398,4,0,398
2024-02-23 13:03:00,2022.42,2022.95,2022.3,2022.6,324,4,0,324
2024-02-23 13:06:00,2022.6,2022.94,2022.44,2022.5,298,4,0,298
2024-02-23 13:09:00,2022.52,2022.84,2022.31,2022.82,265,4,0,265
2024-02-23 13:12:00,2022.82,2022.9,2022.67,2022.68,260,4,0,260
2024-02-23 13:15:00,2022.68,2023.33,2022.64,2023.08,325,4,0,325
2024-02-23 13:18:00,2023.08,2023.31,2022.82,2023.21,211,4,0,211
2024-02-23 13:21:00,2023.21,2023.79,2023.13,2023.6,331,4,0,331
2024-02-23 13:24:00,2023.6,2023.73,2023.15,2023.33,235,4,0,235
2024-02-23 13:27:00,2023.33,2023.64,2022.96,2022.96,221,4,0,221
2024-02-23 13:30:00,2022.96,2023.0,2022.11,2022.16,781,4,0,781
2024-02-23 13:33:00,2022.16,2022.82,2022.14,2022.6,385,4,0,385
2024-02-23 13:36:00,2022.6,2022.86,2022.55,2022.65,272,4,0,272
2024-02-23 13:39:00,2022.65,2023.66,2022.63,2023.38,283,4,0,283
2024-02-23 13:42:00,2023.38,2023.76,2023.18,2023.68,226,4,0,226
2024-02-23 13:45:00,2023.68,2023.89,2023.4,2023.53,318,4,0,318
2024-02-23 13:48:00,2023.53,2023.75,2023.23,2023.66,244,4,0,244
2024-02-23 13:51:00,2023.66,2023.76,2023.33,2023.44,300,4,0,300
2024-02-23 13:54:00,2023.44,2024.03,2023.44,2023.95,218,4,0,218
2024-02-23 13:57:00,2023.96,2023.98,2023.66,2023.9,271,4,0,271
2024-02-23 14:00:00,2023.91,2024.78,2023.91,2024.54,426,4,0,426
2024-02-23 14:03:00,2024.45,2024.65,2024.23,2024.25,300,4,0,300
2024-02-23 14:06:00,2024.26,2024.39,2023.83,2023.93,359,4,0,359
2024-02-23 14:09:00,2023.94,2023.97,2023.3,2023.3,247,4,0,247
2024-02-23 14:12:00,2023.3,2023.64,2023.14,2023.47,250,4,0,250
2024-02-23 14:15:00,2023.47,2023.93,2023.47,2023.93,228,4,0,228
2024-02-23 14:18:00,2023.93,2024.06,2023.62,2023.64,350,4,0,350
2024-02-23 14:21:00,2023.62,2023.95,2023.5,2023.87,238,4,0,238
2024-02-23 14:24:00,2023.87,2024.75,2023.87,2024.64,335,4,0,335
2024-02-23 14:27:00,2024.65,2025.38,2024.54,2025.2,496,4,0,496
2024-02-23 14:30:00,2025.2,2025.43,2024.75,2025.08,617,4,0,617
2024-02-23 14:33:00,2025.06,2028.47,2024.96,2027.34,714,4,0,714
2024-02-23 14:36:00,2027.34,2027.34,2026.46,2026.69,770,4,0,770
2024-02-23 14:39:00,2026.69,2027.81,2026.18,2027.81,710,4,0,710
2024-02-23 14:42:00,2027.82,2028.25,2027.21,2027.74,793,4,0,793
2024-02-23 14:45:00,2027.71,2028.12,2027.16,2027.36,608,4,0,608
2024-02-23 14:48:00,2027.37,2027.97,2027.2,2027.37,559,4,0,559
2024-02-23 14:51:00,2027.37,2027.58,2027.11,2027.58,385,4,0,385
2024-02-23 14:54:00,2027.58,2028.8,2027.55,2028.3,881,4,0,881
2024-02-23 14:57:00,2028.3,2028.64,2027.93,2028.07,486,4,0,486
2024-02-23 15:00:00,2028.1,2028.3,2026.96,2027.59,931,4,0,931
2024-02-23 15:03:00,2027.59,2028.2,2027.15,2027.26,792,4,0,792
2024-02-23 15:06:00,2027.26,2028.18,2026.86,2027.99,718,4,0,718
2024-02-23 15:09:00,2027.94,2028.58,2027.94,2028.28,417,4,0,417
2024-02-23 15:12:00,2028.27,2029.0,2028.2,2028.69,494,4,0,494
2024-02-23 15:15:00,2028.69,2029.27,2028.58,2028.6,567,4,0,567
2024-02-23 15:18:00,2028.6,2028.83,2028.04,2028.09,670,4,0,670
2024-02-23 15:21:00,2028.09,2028.12,2026.85,2026.86,605,4,0,605
2024-02-23 15:24:00,2026.86,2026.91,2026.04,2026.22,605,4,0,605
2024-02-23 15:27:00,2026.25,2026.29,2025.05,2026.18,1059,4,0,1059
2024-02-23 15:30:00,2026.2,2027.38,2025.78,2026.98,769,4,0,769
2024-02-23 15:33:00,2026.98,2027.22,2026.51,2026.89,734,4,0,734
2024-02-23 15:36:00,2026.91,2026.98,2026.32,2026.79,798,4,0,798
2024-02-23 15:39:00,2026.79,2027.51,2026.37,2026.84,556,4,0,556
2024-02-23 15:42:00,2026.8,2026.95,2026.21,2026.3,527,4,0,527
2024-02-23 15:45:00,2026.3,2026.67,2025.85,2026.07,554,4,0,554
2024-02-23 15:48:00,2026.07,2026.87,2026.07,2026.66,403,4,0,403
2024-02-23 15:51:00,2026.66,2027.0,2025.28,2025.48,443,4,0,443
2024-02-23 15:54:00,2025.48,2025.51,2024.71,2024.74,461,4,0,461
2024-02-23 15:57:00,2024.75,2025.38,2024.53,2025.37,708,4,0,708
2024-02-23 16:00:00,2025.37,2025.83,2024.81,2025.18,704,4,0,704
2024-02-23 16:03:00,2025.18,2025.65,2025.02,2025.48,486,4,0,486
2024-02-23 16:06:00,2025.48,2026.29,2025.15,2025.91,654,4,0,654
2024-02-23 16:09:00,2025.92,2026.13,2024.99,2025.31,530,4,0,530
2024-02-23 16:12:00,2025.31,2025.9,2025.15,2025.18,533,4,0,533
2024-02-23 16:15:00,2025.18,2025.21,2024.68,2024.97,527,4,0,527
2024-02-23 16:18:00,2024.97,2026.03,2024.81,2025.91,536,4,0,536
2024-02-23 16:21:00,2025.91,2026.29,2025.79,2026.01,631,4,0,631
2024-02-23 16:24:00,2026.0,2026.0,2025.35,2025.44,484,4,0,484
2024-02-23 16:27:00,2025.44,2025.91,2025.07,2025.38,488,4,0,488
2024-02-23 16:30:00,2025.38,2026.31,2025.03,2026.16,822,4,0,822
2024-02-23 16:33:00,2026.16,2026.35,2024.21,2024.33,832,4,0,832
2024-02-23 16:36:00,2024.34,2026.47,2024.23,2025.06,1132,4,0,1132
2024-02-23 16:39:00,2025.05,2025.33,2024.43,2025.18,914,4,0,914
2024-02-23 16:42:00,2025.18,2025.2,2024.43,2024.6,1023,4,0,1023
2024-02-23 16:45:00,2024.63,2025.21,2024.35,2025.21,797,4,0,797
2024-02-23 16:48:00,2025.2,2025.63,2024.92,2025.14,778,4,0,778
2024-02-23 16:51:00,2025.14,2025.65,2024.75,2025.24,921,4,0,921
2024-02-23 16:54:00,2025.24,2028.54,2025.06,2028.45,1192,4,0,1192
2024-02-23 16:57:00,2028.45,2028.73,2026.97,2027.58,1420,4,0,1420
2024-02-23 17:00:00,2027.58,2028.71,2027.18,2027.2,1209,4,0,1209
2024-02-23 17:03:00,2027.19,2027.64,2026.88,2027.62,934,4,0,934
2024-02-23 17:06:00,2027.63,2028.01,2027.07,2027.93,774,4,0,774
2024-02-23 17:09:00,2027.93,2028.51,2026.25,2026.63,1019,4,0,1019
2024-02-23 17:12:00,2026.63,2027.16,2025.74,2026.39,936,4,0,936
2024-02-23 17:15:00,2026.39,2026.91,2025.79,2026.74,712,4,0,712
2024-02-23 17:18:00,2026.74,2027.65,2026.74,2027.22,758,4,0,758
2024-02-23 17:21:00,2027.18,2027.66,2026.64,2027.55,634,4,0,634
2024-02-23 17:24:00,2027.55,2028.12,2027.44,2027.69,888,4,0,888
2024-02-23 17:27:00,2027.7,2027.7,2026.87,2027.15,975,4,0,975
2024-02-23 17:30:00,2027.14,2027.69,2027.02,2027.35,929,4,0,929
2024-02-23 17:33:00,2027.35,2027.91,2027.08,2027.69,742,4,0,742
2024-02-23 17:36:00,2027.73,2028.22,2027.27,2027.91,543,4,0,543
2024-02-23 17:39:00,2027.89,2028.19,2027.44,2027.48,619,4,0,619
2024-02-23 17:42:00,2027.47,2027.89,2027.14,2027.19,819,4,0,819
2024-02-23 17:45:00,2027.19,2028.52,2027.02,2027.52,818,4,0,818
2024-02-23 17:48:00,2027.52,2028.21,2027.52,2028.07,755,4,0,755
2024-02-23 17:51:00,2028.11,2028.44,2027.98,2028.29,536,4,0,536
2024-02-23 17:54:00,2028.29,2031.16,2028.29,2031.16,984,4,0,984
2024-02-23 17:57:00,2031.16,2031.19,2029.66,2030.22,1071,4,0,1071
2024-02-23 18:00:00,2030.22,2032.16,2030.22,2031.93,975,4,0,975
2024-02-23 18:03:00,2031.88,2032.03,2031.25,2031.74,700,4,0,700
2024-02-23 18:06:00,2031.74,2032.98,2031.74,2032.68,834,4,0,834
2024-02-23 18:09:00,2032.68,2033.28,2032.57,2033.15,965,4,0,965
2024-02-23 18:12:00,2033.15,2034.24,2032.38,2033.42,985,4,0,985
2024-02-23 18:15:00,2033.4,2034.16,2033.17,2033.71,1120,4,0,1120
2024-02-23 18:18:00,2033.71,2034.14,2033.44,2033.95,803,4,0,803
2024-02-23 18:21:00,2033.95,2034.34,2033.55,2033.81,804,4,0,804
2024-02-23 18:24:00,2033.81,2034.51,2033.55,2033.55,847,4,0,847
2024-02-23 18:27:00,2033.61,2034.2,2033.32,2033.33,706,4,0,706
2024-02-23 18:30:00,2033.33,2034.35,2033.32,2034.04,625,4,0,625
2024-02-23 18:33:00,2034.04,2037.48,2033.8,2036.47,1241,4,0,1241
2024-02-23 18:36:00,2036.47,2037.17,2036.16,2036.38,957,4,0,957
2024-02-23 18:39:00,2036.38,2037.81,2036.38,2037.58,884,4,0,884
2024-02-23 18:42:00,2037.58,2037.97,2037.2,2037.4,1031,4,0,1031
2024-02-23 18:45:00,2037.4,2038.0,2037.39,2037.91,742,4,0,742
2024-02-23 18:48:00,2037.92,2038.63,2037.55,2037.55,801,4,0,801
2024-02-23 18:51:00,2037.55,2038.24,2037.03,2038.15,620,4,0,620
2024-02-23 18:54:00,2038.15,2038.54,2038.01,2038.15,757,4,0,757
2024-02-23 18:57:00,2038.15,2038.49,2037.12,2038.41,669,4,0,669
2024-02-23 19:00:00,2038.41,2039.52,2038.4,2038.96,810,4,0,810
2024-02-23 19:03:00,2038.96,2039.9,2038.95,2039.4,895,4,0,895
2024-02-23 19:06:00,2039.4,2039.43,2037.85,2037.91,633,4,0,633
2024-02-23 19:09:00,2037.91,2038.26,2037.43,2038.02,699,4,0,699
2024-02-23 19:12:00,2038.02,2038.59,2037.94,2038.42,658,4,0,658
2024-02-23 19:15:00,2038.4,2038.61,2037.97,2038.23,536,4,0,536
2024-02-23 19:18:00,2038.21,2038.3,2037.22,2038.19,640,4,0,640
2024-02-23 19:21:00,2038.19,2038.44,2037.62,2037.91,340,4,0,340
2024-02-23 19:24:00,2037.91,2038.49,2037.84,2038.41,390,4,0,390
2024-02-23 19:27:00,2038.41,2038.59,2036.46,2036.52,521,4,0,521
2024-02-23 19:30:00,2036.52,2037.8,2036.52,2037.6,452,4,0,452
2024-02-23 19:33:00,2037.61,2038.11,2037.21,2037.81,357,4,0,357
2024-02-23 19:36:00,2037.81,2037.91,2036.91,2037.25,372,4,0,372
2024-02-23 19:39:00,2037.27,2037.55,2037.08,2037.17,292,4,0,292
2024-02-23 19:42:00,2037.17,2037.89,2037.17,2037.87,310,4,0,310
2024-02-23 19:45:00,2037.87,2037.88,2037.05,2037.2,359,4,0,359
2024-02-23 19:48:00,2037.2,2037.51,2036.68,2037.06,379,4,0,379
2024-02-23 19:51:00,2037.06,2037.33,2036.58,2037.33,387,4,0,387
2024-02-23 19:54:00,2037.33,2037.56,2037.0,2037.44,285,4,0,285
2024-02-23 19:57:00,2037.45,2038.11,2037.36,2037.93,381,4,0,381
2024-02-23 20:00:00,2037.92,2038.45,2037.92,2037.97,312,4,0,312
2024-02-23 20:03:00,2037.94,2038.47,2037.93,2038.24,315,4,0,315
2024-02-23 20:06:00,2038.24,2038.46,2038.02,2038.23,238,4,0,238
2024-02-23 20:09:00,2038.22,2038.53,2038.03,2038.04,300,4,0,300
2024-02-23 20:12:00,2038.04,2038.64,2037.94,2038.41,307,4,0,307
2024-02-23 20:15:00,2038.41,2038.74,2038.31,2038.55,336,4,0,336
2024-02-23 20:18:00,2038.56,2038.61,2037.6,2038.5,455,4,0,455
2024-02-23 20:21:00,2038.48,2038.62,2037.9,2038.12,241,4,0,241
2024-02-23 20:24:00,2038.12,2038.77,2037.49,2038.71,457,4,0,457
2024-02-23 20:27:00,2038.72,2039.58,2038.62,2039.12,695,4,0,695
2024-02-23 20:30:00,2039.12,2039.12,2037.75,2037.81,348,4,0,348
2024-02-23 20:33:00,2037.81,2038.63,2037.65,2038.53,278,4,0,278
2024-02-23 20:36:00,2038.53,2038.71,2038.24,2038.65,350,4,0,350
2024-02-23 20:39:00,2038.65,2038.94,2038.44,2038.82,338,4,0,338
2024-02-23 20:42:00,2038.82,2039.39,2038.73,2039.13,419,4,0,419
2024-02-23 20:45:00,2039.12,2039.62,2039.08,2039.39,382,4,0,382
2024-02-23 20:48:00,2039.39,2040.96,2039.31,2040.82,674,4,0,674
2024-02-23 20:51:00,2040.83,2041.03,2040.48,2040.48,605,4,0,605
2024-02-23 20:54:00,2040.48,2041.38,2040.48,2041.03,387,4,0,387
2024-02-23 20:57:00,2041.03,2041.16,2040.26,2040.51,256,4,0,256
2024-02-23 21:00:00,2040.51,2040.51,2039.84,2040.27,292,4,0,292
2024-02-23 21:03:00,2040.27,2040.54,2040.07,2040.41,253,4,0,253
2024-02-23 21:06:00,2040.41,2040.5,2039.88,2039.88,209,4,0,209
2024-02-23 21:09:00,2039.88,2040.33,2039.85,2040.28,278,4,0,278
2024-02-23 21:12:00,2040.31,2040.37,2039.85,2040.07,148,4,0,148
2024-02-23 21:15:00,2040.07,2040.19,2039.55,2039.6,299,4,0,299
2024-02-23 21:18:00,2039.6,2040.05,2039.35,2039.92,372,4,0,372
2024-02-23 21:21:00,2039.91,2039.91,2039.4,2039.42,203,4,0,203
2024-02-23 21:24:00,2039.43,2039.63,2038.62,2038.62,281,4,0,281
2024-02-23 21:27:00,2038.62,2038.82,2038.41,2038.58,246,4,0,246
2024-02-23 21:30:00,2038.58,2038.6,2038.38,2038.59,267,4,0,267
2024-02-23 21:33:00,2038.59,2038.89,2038.32,2038.33,288,4,0,288
2024-02-23 21:36:00,2038.33,2038.57,2038.21,2038.38,218,4,0,218
2024-02-23 21:39:00,2038.38,2038.38,2037.94,2038.08,252,4,0,252
2024-02-23 21:42:00,2038.08,2038.19,2038.0,2038.02,268,4,0,268
2024-02-23 21:45:00,2038.02,2038.29,2037.51,2037.52,200,4,0,200
2024-02-23 21:48:00,2037.52,2037.6,2036.92,2037.3,354,4,0,354
2024-02-23 21:51:00,2037.3,2037.67,2037.15,2037.44,297,4,0,297
2024-02-23 21:54:00,2037.44,2037.53,2037.12,2037.42,177,4,0,177
2024-02-23 21:57:00,2037.42,2037.45,2036.95,2037.36,266,4,0,266
2024-02-23 22:00:00,2037.37,2037.54,2036.55,2036.75,356,4,0,356
2024-02-23 22:03:00,2036.75,2037.28,2036.74,2037.28,229,4,0,229
2024-02-23 22:06:00,2037.27,2037.37,2036.65,2036.75,363,4,0,363
2024-02-23 22:09:00,2036.75,2036.89,2036.52,2036.84,251,4,0,251
2024-02-23 22:12:00,2036.84,2036.94,2036.33,2036.45,388,4,0,388
2024-02-23 22:15:00,2036.45,2037.01,2036.27,2037.01,323,4,0,323
2024-02-23 22:18:00,2037.01,2037.21,2036.69,2036.73,247,4,0,247
2024-02-23 22:21:00,2036.74,2036.77,2036.24,2036.41,331,4,0,331
2024-02-23 22:24:00,2036.4,2036.82,2036.1,2036.8,234,4,0,234
2024-02-23 22:27:00,2036.8,2037.02,2036.71,2036.71,246,4,0,246
2024-02-23 22:30:00,2036.71,2036.72,2035.81,2035.89,275,4,0,275
2024-02-23 22:33:00,2035.89,2036.18,2035.77,2036.17,221,4,0,221
2024-02-23 22:36:00,2036.17,2036.36,2035.95,2035.97,330,4,0,330
2024-02-23 22:39:00,2035.98,2036.24,2035.96,2036.1,262,4,0,262
2024-02-23 22:42:00,2036.11,2036.35,2036.01,2036.18,316,4,0,316
2024-02-23 22:45:00,2036.19,2036.29,2036.0,2036.15,422,4,0,422
2024-02-23 22:48:00,2036.15,2036.67,2036.06,2036.34,535,4,0,535
2024-02-23 22:51:00,2036.34,2036.54,2036.21,2036.3,320,4,0,320
2024-02-23 22:54:00,2036.3,2036.32,2036.09,2036.2,248,4,0,248
2024-02-23 22:57:00,2036.2,2036.63,2036.07,2036.62,261,4,0,261
2024-02-23 23:00:00,2036.62,2036.62,2036.19,2036.27,121,4,0,121
2024-02-23 23:03:00,2036.26,2036.35,2036.21,2036.35,108,4,0,108
2024-02-23 23:06:00,2036.34,2036.55,2036.22,2036.24,102,4,0,102
2024-02-23 23:09:00,2036.23,2036.25,2036.07,2036.1,124,4,0,124
2024-02-23 23:12:00,2036.1,2036.18,2036.03,2036.14,138,4,0,138
2024-02-23 23:15:00,2036.14,2036.14,2035.74,2035.76,119,4,0,119
2024-02-23 23:18:00,2035.76,2035.85,2035.63,2035.75,150,4,0,150
2024-02-23 23:21:00,2035.75,2035.75,2035.35,2035.38,80,4,0,80
2024-02-23 23:24:00,2035.38,2035.5,2035.35,2035.35,76,4,0,76
2024-02-23 23:27:00,2035.37,2035.48,2035.25,2035.34,141,4,0,141
2024-02-23 23:30:00,2035.34,2035.35,2035.16,2035.19,120,4,0,120
2024-02-23 23:33:00,2035.19,2035.44,2035.16,2035.38,119,4,0,119
2024-02-23 23:36:00,2035.38,2035.75,2035.38,2035.69,125,4,0,125
2024-02-23 23:39:00,2035.69,2035.97,2035.57,2035.91,95,4,0,95
2024-02-23 23:42:00,2035.91,2036.07,2035.87,2035.99,119,4,0,119
2024-02-23 23:45:00,2035.99,2036.17,2035.86,2036.1,131,4,0,131
2024-02-23 23:48:00,2036.1,2036.26,2035.84,2036.1,134,4,0,134
2024-02-23 23:51:00,2036.09,2036.25,2035.99,2036.19,107,4,0,107
2024-02-23 23:54:00,2036.19,2036.2,2035.51,2035.51,155,4,0,155
2024-02-23 23:57:00,2035.51,2035.67,2035.44,2035.46,88,4,0,88
2024-02-26 01:03:00,2033.14,2033.43,2033.14,2033.43,33,6,0,33
2024-02-26 01:06:00,2033.43,2034.29,2033.33,2033.93,202,4,0,202
2024-02-26 01:09:00,2033.93,2034.29,2033.72,2034.04,158,4,0,158
2024-02-26 01:12:00,2034.03,2034.14,2033.67,2033.75,120,4,0,120
2024-02-26 01:15:00,2033.75,2034.1,2033.44,2034.1,132,4,0,132
2024-02-26 01:18:00,2034.11,2034.35,2034.1,2034.27,73,4,0,73
2024-02-26 01:21:00,2034.27,2034.73,2034.25,2034.73,124,4,0,124
2024-02-26 01:24:00,2034.73,2034.98,2034.32,2034.42,149,4,0,149
2024-02-26 01:27:00,2034.46,2034.86,2034.39,2034.82,148,4,0,148
2024-02-26 01:30:00,2034.82,2034.82,2034.07,2034.24,147,4,0,147
2024-02-26 01:33:00,2034.28,2034.34,2034.06,2034.34,86,4,0,86
2024-02-26 01:36:00,2034.33,2034.61,2034.18,2034.35,110,4,0,110
2024-02-26 01:39:00,2034.35,2034.64,2034.29,2034.43,105,4,0,105
2024-02-26 01:42:00,2034.43,2034.45,2034.08,2034.15,142,4,0,142
2024-02-26 01:45:00,2034.22,2034.27,2033.96,2034.01,108,4,0,108
2024-02-26 01:48:00,2034.01,2034.24,2033.79,2034.05,136,4,0,136
2024-02-26 01:51:00,2034.04,2034.63,2033.98,2034.53,121,4,0,121
2024-02-26 01:54:00,2034.52,2034.55,2034.31,2034.43,117,4,0,117
2024-02-26 01:57:00,2034.43,2034.49,2034.06,2034.06,131,4,0,131
2024-02-26 02:00:00,2034.1,2034.12,2033.09,2033.09,386,4,0,386
2024-02-26 02:03:00,2033.12,2033.3,2032.77,2032.77,242,4,0,242
2024-02-26 02:06:00,2032.77,2033.66,2032.77,2033.31,284,4,0,284
2024-02-26 02:09:00,2033.31,2033.62,2033.25,2033.26,137,4,0,137
2024-02-26 02:12:00,2033.26,2033.48,2033.2,2033.41,154,4,0,154
2024-02-26 02:15:00,2033.41,2033.71,2033.18,2033.52,192,4,0,192
2024-02-26 02:18:00,2033.53,2033.75,2033.42,2033.58,168,4,0,168
2024-02-26 02:21:00,2033.58,2033.61,2032.67,2032.88,170,4,0,170
2024-02-26 02:24:00,2032.89,2032.89,2032.76,2032.81,76,4,0,76
2024-02-26 02:27:00,2032.81,2033.04,2032.07,2032.19,245,4,0,245
2024-02-26 02:30:00,2032.21,2032.55,2030.93,2031.11,340,4,0,340
2024-02-26 02:33:00,2031.16,2031.6,2030.99,2031.13,368,4,0,368
2024-02-26 02:36:00,2031.13,2031.17,2030.65,2030.76,187,4,0,187
2024-02-26 02:39:00,2030.76,2031.11,2030.59,2030.97,261,4,0,261
2024-02-26 02:42:00,2030.96,2031.08,2030.51,2030.63,292,4,0,292
2024-02-26 02:45:00,2030.64,2031.04,2030.47,2030.52,354,4,0,354
2024-02-26 02:48:00,2030.52,2030.65,2030.02,2030.03,286,4,0,286
2024-02-26 02:51:00,2030.03,2030.88,2030.01,2030.88,256,4,0,256
2024-02-26 02:54:00,2030.88,2030.9,2030.48,2030.57,368,4,0,368
2024-02-26 02:57:00,2030.57,2030.75,2030.23,2030.37,238,4,0,238
2024-02-26 03:00:00,2030.37,2031.15,2029.98,2031.04,728,4,0,728
2024-02-26 03:03:00,2031.04,2032.03,2030.76,2031.93,456,4,0,456
2024-02-26 03:06:00,2031.94,2031.95,2031.25,2031.73,324,4,0,324
2024-02-26 03:09:00,2031.73,2032.44,2031.66,2031.97,386,4,0,386
2024-02-26 03:12:00,2031.97,2032.31,2031.81,2032.23,329,4,0,329
2024-02-26 03:15:00,2032.22,2032.42,2032.03,2032.06,311,4,0,311
2024-02-26 03:18:00,2032.07,2032.69,2031.6,2032.62,294,4,0,294
2024-02-26 03:21:00,2032.62,2032.99,2032.41,2032.79,295,4,0,295
2024-02-26 03:24:00,2032.79,2032.89,2032.56,2032.83,291,4,0,291
2024-02-26 03:27:00,2032.83,2033.07,2032.54,2032.69,335,4,0,335
2024-02-26 03:30:00,2032.69,2032.89,2032.35,2032.75,250,4,0,250
2024-02-26 03:33:00,2032.75,2033.44,2032.75,2033.28,346,4,0,346
2024-02-26 03:36:00,2033.28,2033.49,2032.92,2033.49,296,4,0,296
2024-02-26 03:39:00,2033.49,2033.98,2033.48,2033.86,308,4,0,308
2024-02-26 03:42:00,2033.86,2033.96,2033.5,2033.77,238,4,0,238
2024-02-26 03:45:00,2033.77,2034.11,2033.63,2033.72,232,4,0,232
2024-02-26 03:48:00,2033.72,2033.73,2032.71,2032.71,232,4,0,232
2024-02-26 03:51:00,2032.71,2032.76,2031.88,2031.88,328,4,0,328
2024-02-26 03:54:00,2031.88,2031.94,2031.57,2031.86,225,4,0,225
2024-02-26 03:57:00,2031.87,2031.87,2031.32,2031.32,221,4,0,221
2024-02-26 04:00:00,2031.32,2031.93,2031.19,2031.55,256,4,0,256
2024-02-26 04:03:00,2031.57,2031.85,2031.37,2031.6,210,4,0,210
2024-02-26 04:06:00,2031.6,2031.67,2031.24,2031.3,251,4,0,251
2024-02-26 04:09:00,2031.3,2031.33,2030.83,2031.29,291,4,0,291
2024-02-26 04:12:00,2031.29,2031.66,2031.2,2031.57,231,4,0,231
2024-02-26 04:15:00,2031.57,2031.72,2031.3,2031.7,303,4,0,303
2024-02-26 04:18:00,2031.7,2031.73,2030.91,2030.95,163,4,0,163
2024-02-26 04:21:00,2030.95,2031.14,2030.66,2030.96,184,4,0,184
2024-02-26 04:24:00,2030.96,2031.32,2030.72,2031.02,184,4,0,184
2024-02-26 04:27:00,2031.02,2031.13,2030.83,2030.98,199,4,0,199
2024-02-26 04:30:00,2030.98,2031.45,2030.93,2031.31,278,4,0,278
2024-02-26 04:33:00,2031.32,2031.72,2031.17,2031.37,231,4,0,231
2024-02-26 04:36:00,2031.37,2031.42,2031.1,2031.27,169,4,0,169
2024-02-26 04:39:00,2031.27,2031.29,2030.79,2031.13,201,4,0,201
2024-02-26 04:42:00,2031.13,2031.42,2031.12,2031.29,203,4,0,203
2024-02-26 04:45:00,2031.29,2031.41,2030.77,2030.95,230,4,0,230
2024-02-26 04:48:00,2030.95,2031.1,2030.78,2030.83,193,4,0,193
2024-02-26 04:51:00,2030.83,2031.39,2030.82,2031.28,214,4,0,214
2024-02-26 04:54:00,2031.28,2031.33,2030.9,2031.27,192,4,0,192
2024-02-26 04:57:00,2031.28,2031.29,2030.8,2030.9,223,4,0,223
2024-02-26 05:00:00,2030.9,2031.06,2030.82,2031.0,182,4,0,182
2024-02-26 05:03:00,2031.0,2031.34,2030.91,2031.02,244,4,0,244
2024-02-26 05:06:00,2031.02,2031.16,2030.95,2031.1,157,4,0,157
2024-02-26 05:09:00,2031.1,2031.18,2030.77,2030.92,154,4,0,154
2024-02-26 05:12:00,2030.92,2030.94,2030.74,2030.83,102,4,0,102
2024-02-26 05:15:00,2030.83,2031.55,2030.83,2031.51,117,4,0,117
2024-02-26 05:18:00,2031.51,2031.52,2031.08,2031.18,155,4,0,155
2024-02-26 05:21:00,2031.18,2031.32,2031.06,2031.25,108,4,0,108
2024-02-26 05:24:00,2031.25,2031.7,2031.02,2031.66,186,4,0,186
2024-02-26 05:27:00,2031.68,2031.8,2031.46,2031.58,143,4,0,143
2024-02-26 05:30:00,2031.58,2031.78,2031.36,2031.49,238,4,0,238
2024-02-26 05:33:00,2031.49,2031.66,2031.43,2031.66,146,4,0,146
2024-02-26 05:36:00,2031.63,2031.8,2031.5,2031.67,155,4,0,155
2024-02-26 05:39:00,2031.66,2031.72,2031.49,2031.63,121,4,0,121
2024-02-26 05:42:00,2031.63,2031.77,2031.62,2031.69,104,4,0,104
2024-02-26 05:45:00,2031.7,2032.19,2031.69,2032.08,131,4,0,131
2024-02-26 05:48:00,2032.08,2032.25,2031.87,2032.03,107,4,0,107
2024-02-26 05:51:00,2032.03,2032.14,2031.84,2031.94,138,4,0,138
2024-02-26 05:54:00,2031.94,2032.38,2031.93,2032.37,165,4,0,165
2024-02-26 05:57:00,2032.37,2032.59,2032.37,2032.56,112,4,0,112
2024-02-26 06:00:00,2032.56,2032.68,2032.35,2032.57,131,4,0,131
2024-02-26 06:03:00,2032.57,2032.58,2032.23,2032.24,118,4,0,118
2024-02-26 06:06:00,2032.24,2032.37,2032.23,2032.35,118,4,0,118
2024-02-26 06:09:00,2032.35,2032.46,2032.3,2032.36,113,4,0,113
2024-02-26 06:12:00,2032.35,2032.5,2032.13,2032.47,138,4,0,138
2024-02-26 06:15:00,2032.47,2032.95,2032.43,2032.86,193,4,0,193
2024-02-26 06:18:00,2032.87,2032.94,2032.38,2032.41,156,4,0,156
2024-02-26 06:21:00,2032.41,2032.51,2032.28,2032.29,136,4,0,136
2024-02-26 06:24:00,2032.31,2032.43,2032.28,2032.41,105,4,0,105
2024-02-26 06:27:00,2032.41,2032.52,2032.3,2032.32,135,4,0,135
2024-02-26 06:30:00,2032.31,2032.63,2032.28,2032.52,126,4,0,126
2024-02-26 06:33:00,2032.52,2032.59,2032.39,2032.52,140,4,0,140
2024-02-26 06:36:00,2032.53,2032.59,2032.23,2032.48,157,4,0,157
2024-02-26 06:39:00,2032.48,2032.62,2032.39,2032.44,165,4,0,165
2024-02-26 06:42:00,2032.44,2032.93,2032.44,2032.92,189,4,0,189
2024-02-26 06:45:00,2032.92,2032.92,2032.35,2032.52,167,4,0,167
2024-02-26 06:48:00,2032.52,2032.55,2032.26,2032.49,66,4,0,66
2024-02-26 06:51:00,2032.49,2032.52,2032.33,2032.35,86,4,0,86
2024-02-26 06:54:00,2032.35,2032.48,2032.2,2032.23,100,4,0,100
2024-02-26 06:57:00,2032.22,2032.32,2032.16,2032.29,98,4,0,98
2024-02-26 07:00:00,2032.29,2032.92,2032.22,2032.92,157,4,0,157
2024-02-26 07:03:00,2032.92,2032.92,2032.33,2032.33,158,4,0,158
2024-02-26 07:06:00,2032.33,2032.65,2032.23,2032.65,123,4,0,123
2024-02-26 07:09:00,2032.65,2032.95,2032.63,2032.93,155,4,0,155
2024-02-26 07:12:00,2032.93,2032.94,2032.75,2032.85,128,4,0,128
2024-02-26 07:15:00,2032.85,2033.16,2032.74,2033.08,123,4,0,123
2024-02-26 07:18:00,2033.09,2033.22,2033.01,2033.13,149,4,0,149
2024-02-26 07:21:00,2033.13,2033.24,2032.94,2032.94,110,4,0,110
2024-02-26 07:24:00,2032.93,2032.93,2032.67,2032.69,90,4,0,90
2024-02-26 07:27:00,2032.69,2033.47,2032.67,2033.31,204,4,0,204
2024-02-26 07:30:00,2033.32,2033.44,2032.77,2033.33,317,4,0,317
2024-02-26 07:33:00,2033.33,2033.53,2033.0,2033.2,447,4,0,447
2024-02-26 07:36:00,2033.2,2033.27,2032.62,2032.7,144,4,0,144
2024-02-26 07:39:00,2032.7,2032.97,2032.7,2032.95,175,4,0,175
2024-02-26 07:42:00,2032.95,2033.3,2032.95,2033.15,104,4,0,104
2024-02-26 07:45:00,2033.15,2033.63,2033.15,2033.63,159,4,0,159
2024-02-26 07:48:00,2033.63,2034.32,2033.63,2034.03,157,4,0,157
2024-02-26 07:51:00,2034.04,2034.12,2033.67,2033.83,214,4,0,214
2024-02-26 07:54:00,2033.82,2034.06,2033.54,2033.57,94,4,0,94
2024-02-26 07:57:00,2033.57,2033.67,2033.09,2033.09,166,4,0,166
2024-02-26 08:00:00,2033.09,2033.09,2032.29,2032.47,261,4,0,261
2024-02-26 08:03:00,2032.47,2032.55,2032.33,2032.46,146,4,0,146
2024-02-26 08:06:00,2032.46,2032.51,2032.33,2032.41,126,4,0,126
2024-02-26 08:09:00,2032.4,2032.8,2032.4,2032.52,202,4,0,202
2024-02-26 08:12:00,2032.52,2032.52,2031.93,2032.03,142,4,0,142
2024-02-26 08:15:00,2032.03,2032.32,2031.92,2032.26,207,4,0,207
2024-02-26 08:18:00,2032.26,2032.98,2032.15,2032.88,177,4,0,177
2024-02-26 08:21:00,2032.88,2032.93,2032.38,2032.51,157,4,0,157
2024-02-26 08:24:00,2032.51,2032.8,2032.39,2032.72,148,4,0,148
2024-02-26 08:27:00,2032.72,2033.39,2032.7,2033.39,193,4,0,193
2024-02-26 08:30:00,2033.39,2033.59,2033.2,2033.52,211,4,0,211
2024-02-26 08:33:00,2033.52,2033.8,2033.03,2033.16,232,4,0,232
2024-02-26 08:36:00,2033.17,2033.57,2033.17,2033.56,151,4,0,151
2024-02-26 08:39:00,2033.56,2033.97,2033.56,2033.75,222,4,0,222
2024-02-26 08:42:00,2033.75,2033.97,2033.58,2033.83,147,4,0,147
2024-02-26 08:45:00,2033.83,2033.83,2033.11,2033.35,152,4,0,152
2024-02-26 08:48:00,2033.35,2033.54,2033.23,2033.44,148,4,0,148
2024-02-26 08:51:00,2033.44,2033.46,2032.74,2032.92,165,4,0,165
2024-02-26 08:54:00,2032.92,2032.93,2032.6,2032.74,122,4,0,122
2024-02-26 08:57:00,2032.74,2032.92,2032.68,2032.75,214,4,0,214
2024-02-26 09:00:00,2032.74,2032.96,2032.42,2032.58,314,4,0,314
2024-02-26 09:03:00,2032.58,2033.12,2032.47,2032.77,355,4,0,355
2024-02-26 09:06:00,2032.78,2033.25,2032.53,2033.13,231,4,0,231
2024-02-26 09:09:00,2033.13,2034.0,2032.93,2033.96,240,4,0,240
2024-02-26 09:12:00,2033.99,2035.06,2033.99,2034.27,374,4,0,374
2024-02-26 09:15:00,2034.27,2034.33,2033.89,2034.05,290,4,0,290
2024-02-26 09:18:00,2034.05,2034.37,2033.83,2034.31,289,4,0,289
2024-02-26 09:21:00,2034.32,2034.35,2033.65,2034.35,264,4,0,264
2024-02-26 09:24:00,2034.35,2035.01,2034.19,2034.99,251,4,0,251
2024-02-26 09:27:00,2034.99,2035.1,2034.61,2035.07,272,4,0,272
2024-02-26 09:30:00,2035.06,2035.36,2034.51,2035.07,376,4,0,376
2024-02-26 09:33:00,2035.07,2035.27,2034.82,2035.23,301,4,0,301
2024-02-26 09:36:00,2035.23,2035.32,2034.9,2034.9,271,4,0,271
2024-02-26 09:39:00,2034.9,2035.02,2034.7,2034.96,351,4,0,351
2024-02-26 09:42:00,2034.96,2035.26,2033.71,2033.83,325,4,0,325
2024-02-26 09:45:00,2033.82,2034.92,2033.81,2034.78,340,4,0,340
2024-02-26 09:48:00,2034.78,2035.13,2034.46,2034.51,330,4,0,330
2024-02-26 09:51:00,2034.51,2034.68,2034.08,2034.24,288,4,0,288
2024-02-26 09:54:00,2034.24,2035.05,2034.12,2035.04,328,4,0,328
2024-02-26 09:57:00,2035.04,2035.13,2034.45,2035.11,389,4,0,389
2024-02-26 10:00:00,2035.12,2035.12,2034.22,2034.28,523,4,0,523
2024-02-26 10:03:00,2034.28,2035.22,2034.24,2035.19,423,4,0,423
2024-02-26 10:06:00,2035.23,2035.66,2034.9,2034.93,405,4,0,405
2024-02-26 10:09:00,2034.93,2035.09,2034.44,2034.95,375,4,0,375
2024-02-26 10:12:00,2034.97,2035.36,2034.68,2034.88,350,4,0,350
2024-02-26 10:15:00,2034.88,2035.63,2034.83,2035.61,382,4,0,382
2024-02-26 10:18:00,2035.63,2035.69,2035.29,2035.32,257,4,0,257
2024-02-26 10:21:00,2035.32,2035.83,2035.24,2035.68,339,4,0,339
2024-02-26 10:24:00,2035.69,2036.14,2035.67,2035.86,395,4,0,395
2024-02-26 10:27:00,2035.86,2036.33,2035.72,2036.27,395,4,0,395
2024-02-26 10:30:00,2036.29,2036.79,2036.17,2036.55,328,4,0,328
2024-02-26 10:33:00,2036.55,2037.06,2035.69,2035.99,551,4,0,551
2024-02-26 10:36:00,2035.99,2036.21,2035.33,2035.42,443,4,0,443
2024-02-26 10:39:00,2035.38,2035.44,2034.45,2034.94,494,4,0,494
2024-02-26 10:42:00,2034.98,2035.06,2034.36,2034.68,292,4,0,292
2024-02-26 10:45:00,2034.68,2035.1,2034.52,2034.97,312,4,0,312
2024-02-26 10:48:00,2034.96,2035.44,2034.78,2035.0,344,4,0,344
2024-02-26 10:51:00,2035.01,2035.79,2035.01,2035.18,363,4,0,363
2024-02-26 10:54:00,2035.18,2035.31,2033.73,2033.96,483,4,0,483
2024-02-26 10:57:00,2033.96,2034.51,2033.75,2034.06,554,4,0,554
2024-02-26 11:00:00,2034.06,2034.43,2033.76,2034.41,414,4,0,414
2024-02-26 11:03:00,2034.41,2034.46,2033.62,2033.95,486,4,0,486
2024-02-26 11:06:00,2033.95,2034.23,2033.72,2034.01,382,4,0,382
2024-02-26 11:09:00,2034.01,2034.19,2033.54,2033.64,331,4,0,331
2024-02-26 11:12:00,2033.63,2033.89,2033.24,2033.29,366,4,0,366
2024-02-26 11:15:00,2033.3,2033.79,2033.16,2033.58,337,4,0,337
2024-02-26 11:18:00,2033.59,2034.09,2033.4,2033.95,280,4,0,280
2024-02-26 11:21:00,2033.95,2034.14,2033.63,2033.71,310,4,0,310
2024-02-26 11:24:00,2033.71,2033.85,2033.16,2033.23,398,4,0,398
2024-02-26 11:27:00,2033.24,2033.28,2033.02,2033.24,357,4,0,357
2024-02-26 11:30:00,2033.24,2033.55,2032.76,2033.08,354,4,0,354
2024-02-26 11:33:00,2033.08,2033.36,2033.01,2033.36,225,4,0,225
2024-02-26 11:36:00,2033.35,2034.3,2033.16,2033.56,511,4,0,511
2024-02-26 11:39:00,2033.56,2034.1,2033.42,2034.04,511,4,0,511
2024-02-26 11:42:00,2034.03,2034.28,2033.46,2033.59,293,4,0,293
2024-02-26 11:45:00,2033.59,2033.63,2033.14,2033.53,255,4,0,255
2024-02-26 11:48:00,2033.53,2033.57,2032.75,2032.98,236,4,0,236
2024-02-26 11:51:00,2032.97,2033.21,2032.46,2032.68,245,4,0,245
2024-02-26 11:54:00,2032.67,2032.68,2032.27,2032.55,226,4,0,226
2024-02-26 11:57:00,2032.56,2033.16,2032.55,2033.16,274,4,0,274
2024-02-26 12:00:00,2033.13,2033.29,2032.99,2033.06,249,4,0,249
2024-02-26 12:03:00,2033.07,2034.15,2033.07,2034.13,333,4,0,333
2024-02-26 12:06:00,2034.11,2034.51,2034.03,2034.22,256,4,0,256
2024-02-26 12:09:00,2034.23,2034.79,2034.23,2034.79,382,4,0,382
2024-02-26 12:12:00,2034.8,2035.44,2034.8,2035.4,328,4,0,328
2024-02-26 12:15:00,2035.4,2035.52,2035.12,2035.14,242,4,0,242
2024-02-26 12:18:00,2035.14,2035.34,2034.39,2034.42,238,4,0,238
2024-02-26 12:21:00,2034.41,2034.44,2033.81,2033.88,191,4,0,191
2024-02-26 12:24:00,2033.88,2034.3,2033.72,2034.29,292,4,0,292
2024-02-26 12:27:00,2034.3,2034.97,2034.13,2034.95,270,4,0,270
2024-02-26 12:30:00,2034.93,2035.24,2033.54,2034.43,760,4,0,760
2024-02-26 12:33:00,2034.45,2034.6,2033.68,2034.31,474,4,0,474
2024-02-26 12:36:00,2034.31,2034.42,2033.26,2033.29,326,4,0,326
2024-02-26 12:39:00,2033.29,2033.37,2033.01,2033.08,294,4,0,294
2024-02-26 12:42:00,2033.08,2033.37,2032.98,2033.2,285,4,0,285
2024-02-26 12:45:00,2033.2,2033.35,2032.71,2032.9,294,4,0,294
2024-02-26 12:48:00,2032.9,2032.99,2032.49,2032.93,343,4,0,343
2024-02-26 12:51:00,2032.93,2032.93,2032.03,2032.16,251,4,0,251
2024-02-26 12:54:00,2032.14,2032.16,2031.82,2032.12,230,4,0,230
2024-02-26 12:57:00,2032.11,2032.25,2031.74,2032.25,248,4,0,248
2024-02-26 13:00:00,2032.25,2032.25,2031.27,2031.47,371,4,0,371
2024-02-26 13:03:00,2031.48,2031.92,2031.2,2031.3,387,4,0,387
2024-02-26 13:06:00,2031.3,2031.9,2030.95,2031.89,303,4,0,303
2024-02-26 13:09:00,2031.88,2032.59,2031.8,2032.46,344,4,0,344
2024-02-26 13:12:00,2032.46,2032.73,2032.26,2032.57,382,4,0,382
2024-02-26 13:15:00,2032.57,2032.57,2031.99,2032.09,297,4,0,297
2024-02-26 13:18:00,2032.09,2032.33,2031.95,2032.24,315,4,0,315
2024-02-26 13:21:00,2032.24,2032.94,2032.23,2032.34,590,4,0,590
2024-02-26 13:24:00,2032.33,2032.46,2032.15,2032.3,289,4,0,289
2024-02-26 13:27:00,2032.3,2032.81,2032.04,2032.62,307,4,0,307
2024-02-26 13:30:00,2032.62,2032.63,2032.01,2032.3,255,4,0,255
2024-02-26 13:33:00,2032.3,2032.68,2032.22,2032.27,218,4,0,218
2024-02-26 13:36:00,2032.27,2033.05,2032.25,2032.41,337,4,0,337
2024-02-26 13:39:00,2032.42,2032.47,2032.21,2032.3,214,4,0,214
2024-02-26 13:42:00,2032.3,2032.4,2031.69,2031.81,296,4,0,296
2024-02-26 13:45:00,2031.82,2032.01,2031.15,2031.62,474,4,0,474
2024-02-26 13:48:00,2031.62,2031.76,2031.26,2031.28,359,4,0,359
2024-02-26 13:51:00,2031.28,2031.44,2030.95,2031.21,268,4,0,268
2024-02-26 13:54:00,2031.21,2031.67,2031.21,2031.36,279,4,0,279
2024-02-26 13:57:00,2031.36,2031.45,2030.9,2030.96,209,4,0,209
2024-02-26 14:00:00,2030.97,2031.87,2030.78,2031.71,464,4,0,464
2024-02-26 14:03:00,2031.69,2031.91,2031.4,2031.63,290,4,0,290
2024-02-26 14:06:00,2031.63,2031.84,2031.25,2031.38,309,4,0,309
2024-02-26 14:09:00,2031.37,2031.5,2030.95,2031.42,281,4,0,281
2024-02-26 14:12:00,2031.41,2031.85,2031.41,2031.81,274,4,0,274
2024-02-26 14:15:00,2031.81,2032.08,2031.27,2031.59,490,4,0,490
2024-02-26 14:18:00,2031.59,2032.63,2031.58,2032.52,484,4,0,484
2024-02-26 14:21:00,2032.52,2032.84,2032.23,2032.45,355,4,0,355
2024-02-26 14:24:00,2032.45,2033.21,2032.43,2033.13,348,4,0,348
2024-02-26 14:27:00,2033.12,2033.18,2032.82,2033.13,301,4,0,301
2024-02-26 14:30:00,2033.14,2033.2,2032.61,2032.81,301,4,0,301
2024-02-26 14:33:00,2032.81,2033.31,2032.71,2033.02,342,4,0,342
2024-02-26 14:36:00,2033.02,2033.29,2032.91,2033.12,195,4,0,195
2024-02-26 14:39:00,2033.11,2033.12,2032.81,2032.99,272,4,0,272
2024-02-26 14:42:00,2032.98,2033.32,2032.81,2033.21,259,4,0,259
2024-02-26 14:45:00,2033.21,2034.12,2033.09,2033.73,526,4,0,526
2024-02-26 14:48:00,2033.73,2034.17,2033.4,2033.57,361,4,0,361
2024-02-26 14:51:00,2033.57,2033.7,2033.27,2033.53,320,4,0,320
2024-02-26 14:54:00,2033.54,2033.54,2032.94,2033.21,299,4,0,299
2024-02-26 14:57:00,2033.21,2033.21,2032.61,2032.91,409,4,0,409
2024-02-26 15:00:00,2032.91,2032.98,2032.56,2032.67,635,4,0,635
2024-02-26 15:03:00,2032.66,2033.5,2031.98,2033.26,777,4,0,777
2024-02-26 15:06:00,2033.25,2033.72,2032.68,2033.32,794,4,0,794
2024-02-26 15:09:00,2033.3,2033.4,2032.84,2033.04,450,4,0,450
2024-02-26 15:12:00,2033.04,2033.24,2032.78,2032.99,311,4,0,311
2024-02-26 15:15:00,2033.0,2033.04,2032.34,2032.39,356,4,0,356
2024-02-26 15:18:00,2032.4,2032.8,2031.76,2032.13,615,4,0,615
2024-02-26 15:21:00,2032.13,2032.64,2031.85,2032.53,628,4,0,628
2024-02-26 15:24:00,2032.53,2032.74,2031.95,2032.23,589,4,0,589
2024-02-26 15:27:00,2032.22,2032.45,2031.7,2032.24,519,4,0,519
2024-02-26 15:30:00,2032.24,2034.04,2032.08,2034.04,652,4,0,652
2024-02-26 15:33:00,2034.04,2034.35,2033.54,2034.22,610,4,0,610
2024-02-26 15:36:00,2034.2,2034.51,2033.58,2033.78,620,4,0,620
2024-02-26 15:39:00,2033.77,2034.38,2033.75,2034.03,565,4,0,565
2024-02-26 15:42:00,2034.01,2034.39,2033.87,2034.14,488,4,0,488
2024-02-26 15:45:00,2034.13,2034.22,2033.76,2034.22,525,4,0,525
2024-02-26 15:48:00,2034.22,2034.27,2033.59,2033.86,438,4,0,438
2024-02-26 15:51:00,2033.86,2033.87,2032.85,2033.35,449,4,0,449
2024-02-26 15:54:00,2033.35,2033.45,2032.2,2032.38,669,4,0,669
2024-02-26 15:57:00,2032.38,2032.99,2032.15,2032.67,436,4,0,436
2024-02-26 16:00:00,2032.67,2032.93,2032.2,2032.54,523,4,0,523
2024-02-26 16:03:00,2032.53,2032.58,2031.81,2031.89,501,4,0,501
2024-02-26 16:06:00,2031.89,2032.28,2030.89,2031.19,550,4,0,550
2024-02-26 16:09:00,2031.19,2031.63,2030.93,2031.0,523,4,0,523
2024-02-26 16:12:00,2031.0,2031.01,2027.78,2028.38,1045,4,0,1045
2024-02-26 16:15:00,2028.4,2029.87,2028.28,2029.66,755,4,0,755
2024-02-26 16:18:00,2029.65,2029.68,2028.88,2029.35,583,4,0,583
2024-02-26 16:21:00,2029.34,2029.52,2028.96,2029.26,554,4,0,554
2024-02-26 16:24:00,2029.26,2029.97,2028.89,2028.99,565,4,0,565
2024-02-26 16:27:00,2028.99,2028.99,2027.17,2028.02,715,4,0,715
2024-02-26 16:30:00,2028.01,2028.01,2025.69,2027.34,1309,4,0,1309
2024-02-26 16:33:00,2027.33,2027.43,2026.52,2027.02,817,4,0,817
2024-02-26 16:36:00,2027.03,2027.48,2026.83,2027.43,691,4,0,691
2024-02-26 16:39:00,2027.42,2028.05,2026.69,2026.97,1033,4,0,1033
2024-02-26 16:42:00,2026.97,2028.19,2026.56,2028.19,805,4,0,805
2024-02-26 16:45:00,2028.19,2029.16,2027.17,2028.4,870,4,0,870
2024-02-26 16:48:00,2028.4,2028.89,2028.0,2028.07,955,4,0,955
2024-02-26 16:51:00,2028.09,2028.83,2027.69,2028.0,718,4,0,718
2024-02-26 16:54:00,2028.01,2028.14,2027.39,2027.4,586,4,0,586
2024-02-26 16:57:00,2027.4,2027.84,2027.28,2027.6,526,4,0,526
2024-02-26 17:00:00,2027.56,2028.62,2027.24,2028.61,987,4,0,987
2024-02-26 17:03:00,2028.62,2028.75,2027.43,2028.26,797,4,0,797
2024-02-26 17:06:00,2028.25,2028.31,2026.58,2027.15,797,4,0,797
2024-02-26 17:09:00,2027.14,2027.8,2026.65,2026.94,741,4,0,741
2024-02-26 17:12:00,2026.94,2027.14,2026.26,2026.51,578,4,0,578
2024-02-26 17:15:00,2026.51,2026.61,2025.93,2026.02,537,4,0,537
2024-02-26 17:18:00,2026.02,2026.85,2025.57,2026.83,614,4,0,614
2024-02-26 17:21:00,2026.83,2027.2,2026.56,2026.61,346,4,0,346
2024-02-26 17:24:00,2026.61,2026.86,2026.16,2026.16,346,4,0,346
2024-02-26 17:27:00,2026.16,2026.88,2026.08,2026.88,337,4,0,337
2024-02-26 17:30:00,2026.89,2026.96,2025.95,2026.14,467,4,0,467
2024-02-26 17:33:00,2026.14,2026.33,2025.12,2025.88,466,4,0,466
2024-02-26 17:36:00,2025.88,2027.13,2025.7,2027.11,393,4,0,393
2024-02-26 17:39:00,2027.11,2028.3,2026.75,2027.94,616,4,0,616
2024-02-26 17:42:00,2027.92,2028.51,2027.52,2028.43,481,4,0,481
2024-02-26 17:45:00,2028.45,2028.45,2027.55,2028.07,503,4,0,503
2024-02-26 17:48:00,2028.07,2028.44,2027.99,2028.42,366,4,0,366
2024-02-26 17:51:00,2028.43,2029.24,2028.43,2029.23,454,4,0,454
2024-02-26 17:54:00,2029.24,2030.17,2028.32,2029.2,696,4,0,696
2024-02-26 17:57:00,2029.2,2029.44,2029.0,2029.21,495,4,0,495
2024-02-26 18:00:00,2029.23,2029.5,2028.52,2029.09,693,4,0,693
2024-02-26 18:03:00,2029.09,2029.23,2028.03,2028.06,742,4,0,742
2024-02-26 18:06:00,2028.06,2028.72,2027.97,2028.0,439,4,0,439
2024-02-26 18:09:00,2028.0,2028.09,2026.91,2027.18,468,4,0,468
2024-02-26 18:12:00,2027.15,2027.53,2026.64,2027.44,528,4,0,528
2024-02-26 18:15:00,2027.44,2028.36,2027.33,2028.21,489,4,0,489
2024-02-26 18:18:00,2028.21,2028.33,2026.92,2027.11,525,4,0,525
2024-02-26 18:21:00,2027.11,2027.62,2026.72,2027.46,422,4,0,422
2024-02-26 18:24:00,2027.46,2027.55,2026.84,2026.95,405,4,0,405
2024-02-26 18:27:00,2026.95,2027.64,2026.74,2027.53,435,4,0,435
2024-02-26 18:30:00,2027.54,2027.97,2027.26,2027.45,599,4,0,599
2024-02-26 18:33:00,2027.45,2027.78,2027.06,2027.06,364,4,0,364
2024-02-26 18:36:00,2027.04,2028.38,2027.04,2028.27,528,4,0,528
2024-02-26 18:39:00,2028.27,2028.29,2027.41,2027.55,361,4,0,361
2024-02-26 18:42:00,2027.55,2027.67,2026.69,2026.95,342,4,0,342
2024-02-26 18:45:00,2026.95,2027.4,2026.79,2027.08,316,4,0,316
2024-02-26 18:48:00,2027.06,2027.85,2026.95,2027.78,316,4,0,316
2024-02-26 18:51:00,2027.78,2028.46,2027.78,2028.37,312,4,0,312
2024-02-26 18:54:00,2028.37,2028.46,2027.57,2027.76,241,4,0,241
2024-02-26 18:57:00,2027.76,2027.82,2027.51,2027.82,205,4,0,205
2024-02-26 19:00:00,2027.84,2028.0,2027.13,2027.19,227,4,0,227
2024-02-26 19:03:00,2027.19,2027.21,2026.6,2026.88,343,4,0,343
2024-02-26 19:06:00,2026.9,2027.11,2026.88,2026.99,240,4,0,240
2024-02-26 19:09:00,2026.99,2027.28,2026.8,2027.08,265,4,0,265
2024-02-26 19:12:00,2027.08,2027.09,2026.57,2026.9,211,4,0,211
2024-02-26 19:15:00,2026.9,2027.62,2026.72,2027.58,182,4,0,182
2024-02-26 19:18:00,2027.57,2027.84,2027.2,2027.35,277,4,0,277
2024-02-26 19:21:00,2027.36,2027.88,2027.29,2027.87,251,4,0,251
2024-02-26 19:24:00,2027.87,2028.14,2027.83,2027.97,236,4,0,236
2024-02-26 19:27:00,2027.97,2028.3,2027.87,2028.22,141,4,0,141
2024-02-26 19:30:00,2028.21,2028.21,2027.41,2027.49,175,4,0,175
2024-02-26 19:33:00,2027.49,2027.49,2027.0,2027.12,190,4,0,190
2024-02-26 19:36:00,2027.12,2027.57,2027.02,2027.43,196,4,0,196
2024-02-26 19:39:00,2027.43,2027.72,2027.18,2027.72,217,4,0,217
2024-02-26 19:42:00,2027.72,2027.82,2027.4,2027.52,211,4,0,211
2024-02-26 19:45:00,2027.54,2027.95,2027.45,2027.83,381,4,0,381
2024-02-26 19:48:00,2027.83,2028.58,2027.78,2027.99,349,4,0,349
2024-02-26 19:51:00,2027.99,2028.78,2027.83,2028.69,364,4,0,364
2024-02-26 19:54:00,2028.68,2028.91,2028.55,2028.65,306,4,0,306
2024-02-26 19:57:00,2028.66,2028.76,2028.08,2028.76,403,4,0,403
2024-02-26 20:00:00,2028.75,2029.19,2028.19,2029.18,751,4,0,751
2024-02-26 20:03:00,2029.17,2029.34,2028.42,2028.81,660,4,0,660
2024-02-26 20:06:00,2028.83,2029.82,2028.81,2029.01,465,4,0,465
2024-02-26 20:09:00,2029.01,2029.56,2028.85,2029.54,345,4,0,345
2024-02-26 20:12:00,2029.54,2030.09,2029.44,2030.07,386,4,0,386
2024-02-26 20:15:00,2030.08,2030.09,2029.62,2029.63,455,4,0,455
2024-02-26 20:18:00,2029.63,2029.87,2029.32,2029.37,456,4,0,456
2024-02-26 20:21:00,2029.36,2029.98,2029.36,2029.94,495,4,0,495
2024-02-26 20:24:00,2029.94,2030.04,2029.56,2029.76,382,4,0,382
2024-02-26 20:27:00,2029.76,2030.05,2029.09,2029.82,439,4,0,439
2024-02-26 20:30:00,2029.82,2030.16,2029.82,2029.97,195,4,0,195
2024-02-26 20:33:00,2029.97,2029.97,2028.56,2028.85,367,4,0,367
2024-02-26 20:36:00,2028.85,2029.07,2028.75,2028.94,268,4,0,268
2024-02-26 20:39:00,2028.95,2029.15,2028.65,2028.65,320,4,0,320
2024-02-26 20:42:00,2028.65,2029.29,2028.51,2029.28,361,4,0,361
2024-02-26 20:45:00,2029.29,2029.29,2028.81,2028.84,168,4,0,168
2024-02-26 20:48:00,2028.83,2029.75,2028.72,2029.72,265,4,0,265
2024-02-26 20:51:00,2029.72,2029.94,2029.41,2029.51,172,4,0,172
2024-02-26 20:54:00,2029.5,2029.6,2029.28,2029.4,172,4,0,172
2024-02-26 20:57:00,2029.4,2029.86,2029.31,2029.36,297,4,0,297
2024-02-26 21:00:00,2029.38,2029.98,2029.38,2029.68,266,4,0,266
2024-02-26 21:03:00,2029.67,2029.96,2029.67,2029.76,240,4,0,240
2024-02-26 21:06:00,2029.75,2030.33,2029.6,2030.33,271,4,0,271
2024-02-26 21:09:00,2030.33,2030.35,2029.52,2029.64,229,4,0,229
2024-02-26 21:12:00,2029.65,2029.99,2029.5,2029.98,267,4,0,267
2024-02-26 21:15:00,2029.99,2029.99,2029.33,2029.38,235,4,0,235
2024-02-26 21:18:00,2029.37,2029.5,2029.19,2029.37,177,4,0,177
2024-02-26 21:21:00,2029.37,2029.43,2029.19,2029.28,174,4,0,174
2024-02-26 21:24:00,2029.28,2029.3,2028.77,2028.85,303,4,0,303
2024-02-26 21:27:00,2028.85,2028.98,2028.67,2028.84,194,4,0,194
2024-02-26 21:30:00,2028.84,2028.84,2028.64,2028.73,232,4,0,232
2024-02-26 21:33:00,2028.73,2028.92,2028.63,2028.84,217,4,0,217
2024-02-26 21:36:00,2028.84,2029.09,2028.76,2029.06,303,4,0,303
2024-02-26 21:39:00,2029.04,2029.4,2029.04,2029.22,244,4,0,244
2024-02-26 21:42:00,2029.21,2029.21,2028.86,2028.99,239,4,0,239
2024-02-26 21:45:00,2028.99,2029.68,2028.94,2029.26,340,4,0,340
2024-02-26 21:48:00,2029.26,2029.37,2029.12,2029.14,302,4,0,302
2024-02-26 21:51:00,2029.14,2029.49,2029.09,2029.3,319,4,0,319
2024-02-26 21:54:00,2029.3,2030.02,2029.29,2030.01,265,4,0,265
2024-02-26 21:57:00,2030.01,2030.01,2029.62,2029.76,248,4,0,248
2024-02-26 22:00:00,2029.76,2030.55,2029.76,2030.39,241,4,0,241
2024-02-26 22:03:00,2030.4,2030.86,2030.39,2030.86,210,4,0,210
2024-02-26 22:06:00,2030.87,2031.67,2030.86,2031.56,231,4,0,231
2024-02-26 22:09:00,2031.56,2031.83,2031.41,2031.8,314,4,0,314
2024-02-26 22:12:00,2031.8,2032.16,2031.77,2031.91,277,4,0,277
2024-02-26 22:15:00,2031.91,2032.27,2031.83,2031.83,253,4,0,253
2024-02-26 22:18:00,2031.83,2032.22,2031.52,2032.12,298,4,0,298
2024-02-26 22:21:00,2032.13,2032.56,2032.04,2032.54,298,4,0,298
2024-02-26 22:24:00,2032.54,2033.02,2032.35,2032.96,295,4,0,295
2024-02-26 22:27:00,2032.96,2033.29,2032.93,2033.03,305,4,0,305
2024-02-26 22:30:00,2033.05,2033.38,2032.87,2033.11,424,4,0,424
2024-02-26 22:33:00,2033.11,2033.5,2033.06,2033.13,274,4,0,274
2024-02-26 22:36:00,2033.13,2033.34,2033.12,2033.31,207,4,0,207
2024-02-26 22:39:00,2033.31,2033.48,2033.17,2033.42,242,4,0,242
2024-02-26 22:42:00,2033.42,2033.71,2033.41,2033.41,235,4,0,235
2024-02-26 22:45:00,2033.4,2033.5,2033.19,2033.42,344,4,0,344
2024-02-26 22:48:00,2033.42,2033.44,2033.14,2033.14,275,4,0,275
2024-02-26 22:51:00,2033.12,2033.28,2032.35,2032.37,302,4,0,302
2024-02-26 22:54:00,2032.37,2032.61,2032.02,2032.09,385,4,0,385
2024-02-26 22:57:00,2032.12,2032.39,2032.1,2032.36,285,4,0,285
2024-02-26 23:00:00,2032.39,2032.39,2032.05,2032.13,203,4,0,203
2024-02-26 23:03:00,2032.13,2032.29,2031.94,2031.97,97,4,0,97
2024-02-26 23:06:00,2031.97,2031.99,2031.82,2031.83,72,4,0,72
2024-02-26 23:09:00,2031.83,2032.0,2031.77,2031.79,81,4,0,81
2024-02-26 23:12:00,2031.78,2031.88,2031.68,2031.83,42,4,0,42
2024-02-26 23:15:00,2031.83,2031.88,2031.5,2031.67,92,4,0,92
2024-02-26 23:18:00,2031.67,2031.83,2031.66,2031.68,63,4,0,63
2024-02-26 23:21:00,2031.68,2031.79,2031.66,2031.76,34,4,0,34
2024-02-26 23:24:00,2031.76,2031.77,2031.53,2031.56,55,4,0,55
2024-02-26 23:27:00,2031.57,2031.61,2031.45,2031.56,52,4,0,52
2024-02-26 23:30:00,2031.56,2031.58,2031.17,2031.17,144,4,0,144
2024-02-26 23:33:00,2031.2,2031.39,2031.19,2031.29,62,4,0,62
2024-02-26 23:36:00,2031.29,2031.41,2031.28,2031.4,23,4,0,23
2024-02-26 23:39:00,2031.4,2031.47,2031.31,2031.35,132,4,0,132
2024-02-26 23:42:00,2031.36,2031.37,2031.23,2031.27,53,4,0,53
2024-02-26 23:45:00,2031.28,2031.44,2031.25,2031.36,125,4,0,125
2024-02-26 23:48:00,2031.35,2031.36,2030.89,2031.1,134,4,0,134
2024-02-26 23:51:00,2031.1,2031.25,2030.96,2031.18,92,4,0,92
2024-02-26 23:54:00,2031.18,2031.26,2031.06,2031.22,103,4,0,103
2024-02-26 23:57:00,2031.24,2031.4,2031.13,2031.13,55,4,0,55
2024-02-27 01:00:00,2031.25,2031.28,2030.82,2031.05,118,4,0,118
2024-02-27 01:03:00,2031.05,2031.1,2030.87,2031.0,65,4,0,65
2024-02-27 01:06:00,2031.0,2031.13,2030.78,2030.93,120,4,0,120
2024-02-27 01:09:00,2030.93,2031.11,2030.81,2030.86,48,4,0,48
2024-02-27 01:12:00,2030.86,2031.06,2030.8,2030.93,72,4,0,72
2024-02-27 01:15:00,2030.94,2031.08,2030.79,2030.8,53,4,0,53
2024-02-27 01:18:00,2030.8,2030.88,2030.73,2030.78,62,4,0,62
2024-02-27 01:21:00,2030.78,2031.01,2030.65,2030.95,64,4,0,64
2024-02-27 01:24:00,2030.98,2031.1,2030.84,2031.0,41,4,0,41
2024-02-27 01:27:00,2031.01,2031.01,2030.91,2030.98,41,4,0,41
2024-02-27 01:30:00,2030.98,2031.33,2030.94,2031.09,196,4,0,196
2024-02-27 01:33:00,2031.09,2031.16,2031.04,2031.15,91,4,0,91
2024-02-27 01:36:00,2031.15,2031.39,2031.15,2031.3,82,4,0,82
2024-02-27 01:39:00,2031.3,2031.33,2031.21,2031.28,61,4,0,61
2024-02-27 01:42:00,2031.29,2031.4,2031.15,2031.38,87,4,0,87
2024-02-27 01:45:00,2031.38,2031.7,2031.31,2031.34,119,4,0,119
2024-02-27 01:48:00,2031.34,2031.34,2030.89,2031.05,135,4,0,135
2024-02-27 01:51:00,2031.05,2031.09,2030.94,2030.96,82,4,0,82
2024-02-27 01:54:00,2030.99,2031.16,2030.95,2031.14,63,4,0,63
2024-02-27 01:57:00,2031.13,2031.39,2031.13,2031.32,89,4,0,89
2024-02-27 02:00:00,2031.3,2032.36,2031.28,2032.3,219,4,0,219
2024-02-27 02:03:00,2032.3,2032.54,2031.78,2031.85,196,4,0,196
2024-02-27 02:06:00,2031.85,2031.95,2031.66,2031.8,124,4,0,124
2024-02-27 02:09:00,2031.83,2031.98,2031.68,2031.97,145,4,0,145
2024-02-27 02:12:00,2032.01,2032.41,2031.85,2031.96,178,4,0,178
2024-02-27 02:15:00,2031.96,2032.15,2031.86,2032.13,143,4,0,143
2024-02-27 02:18:00,2032.13,2032.43,2032.08,2032.38,99,4,0,99
2024-02-27 02:21:00,2032.38,2032.38,2032.08,2032.33,142,4,0,142
2024-02-27 02:24:00,2032.33,2032.42,2031.46,2031.51,186,4,0,186
2024-02-27 02:27:00,2031.51,2032.1,2031.32,2032.04,147,4,0,147
2024-02-27 02:30:00,2032.04,2032.18,2031.5,2031.64,285,4,0,285
2024-02-27 02:33:00,2031.64,2031.85,2031.49,2031.81,153,4,0,153
2024-02-27 02:36:00,2031.8,2031.95,2031.71,2031.95,166,4,0,166
2024-02-27 02:39:00,2031.94,2031.94,2031.46,2031.46,117,4,0,117
2024-02-27 02:42:00,2031.46,2031.53,2031.31,2031.35,92,4,0,92
2024-02-27 02:45:00,2031.35,2031.62,2031.28,2031.46,172,4,0,172
2024-02-27 02:48:00,2031.46,2031.52,2031.13,2031.2,172,4,0,172
2024-02-27 02:51:00,2031.2,2031.37,2031.15,2031.27,125,4,0,125
2024-02-27 02:54:00,2031.27,2031.33,2031.12,2031.26,183,4,0,183
2024-02-27 02:57:00,2031.26,2031.8,2031.26,2031.57,161,4,0,161
2024-02-27 03:00:00,2031.57,2032.19,2031.29,2032.04,555,4,0,555
2024-02-27 03:03:00,2032.05,2032.12,2031.49,2031.83,269,4,0,269
2024-02-27 03:06:00,2031.83,2032.12,2031.7,2032.12,185,4,0,185
2024-02-27 03:09:00,2032.12,2032.38,2032.04,2032.17,260,4,0,260
2024-02-27 03:12:00,2032.17,2032.9,2032.15,2032.9,225,4,0,225
2024-02-27 03:15:00,2032.9,2033.13,2032.51,2033.13,256,4,0,256
2024-02-27 03:18:00,2033.13,2033.15,2033.01,2033.13,138,4,0,138
2024-02-27 03:21:00,2033.13,2033.13,2032.62,2032.81,168,4,0,168
2024-02-27 03:24:00,2032.82,2032.82,2032.52,2032.81,153,4,0,153
2024-02-27 03:27:00,2032.83,2032.96,2032.61,2032.65,145,4,0,145
2024-02-27 03:30:00,2032.63,2033.18,2032.53,2033.18,307,4,0,307
2024-02-27 03:33:00,2033.19,2033.53,2033.03,2033.07,319,4,0,319
2024-02-27 03:36:00,2033.07,2033.09,2032.82,2032.87,200,4,0,200
2024-02-27 03:39:00,2032.88,2032.96,2032.45,2032.55,232,4,0,232
2024-02-27 03:42:00,2032.55,2033.33,2032.54,2033.32,310,4,0,310
2024-02-27 03:45:00,2033.32,2033.46,2032.98,2033.22,199,4,0,199
2024-02-27 03:48:00,2033.22,2033.26,2032.93,2033.13,206,4,0,206
2024-02-27 03:51:00,2033.13,2033.7,2033.12,2033.64,296,4,0,296
2024-02-27 03:54:00,2033.64,2033.84,2033.51,2033.77,236,4,0,236
2024-02-27 03:57:00,2033.78,2033.85,2033.53,2033.64,202,4,0,202
2024-02-27 04:00:00,2033.64,2033.92,2033.52,2033.76,175,4,0,175
2024-02-27 04:03:00,2033.76,2033.78,2033.54,2033.63,165,4,0,165
2024-02-27 04:06:00,2033.64,2033.71,2033.53,2033.64,129,4,0,129
2024-02-27 04:09:00,2033.66,2033.87,2033.44,2033.55,169,4,0,169
2024-02-27 04:12:00,2033.56,2033.63,2033.36,2033.59,178,4,0,178
2024-02-27 04:15:00,2033.59,2033.59,2032.89,2032.96,150,4,0,150
2024-02-27 04:18:00,2032.95,2033.17,2032.94,2033.0,116,4,0,116
2024-02-27 04:21:00,2033.01,2033.11,2032.77,2032.84,167,4,0,167
2024-02-27 04:24:00,2032.84,2033.16,2032.76,2032.8,141,4,0,141
2024-02-27 04:27:00,2032.8,2033.07,2032.6,2033.01,143,4,0,143
2024-02-27 04:30:00,2033.0,2033.65,2032.85,2033.63,247,4,0,247
2024-02-27 04:33:00,2033.62,2033.99,2033.6,2033.86,174,4,0,174
2024-02-27 04:36:00,2033.86,2034.42,2033.81,2034.42,188,4,0,188
2024-02-27 04:39:00,2034.42,2034.59,2034.0,2034.01,218,4,0,218
2024-02-27 04:42:00,2034.0,2034.22,2033.86,2034.17,218,4,0,218
2024-02-27 04:45:00,2034.17,2034.21,2033.81,2033.9,153,4,0,153
2024-02-27 04:48:00,2033.86,2033.91,2033.49,2033.59,128,4,0,128
2024-02-27 04:51:00,2033.59,2033.61,2033.35,2033.36,139,4,0,139
2024-02-27 04:54:00,2033.36,2033.38,2032.94,2032.96,136,4,0,136
2024-02-27 04:57:00,2032.95,2033.04,2032.77,2032.77,185,4,0,185
2024-02-27 05:00:00,2032.77,2033.07,2032.77,2033.0,176,4,0,176
2024-02-27 05:03:00,2033.0,2033.32,2032.94,2032.97,98,4,0,98
2024-02-27 05:06:00,2032.98,2033.08,2032.53,2032.62,124,4,0,124
2024-02-27 05:09:00,2032.62,2032.77,2032.4,2032.59,210,4,0,210
2024-02-27 05:12:00,2032.59,2032.68,2032.34,2032.46,174,4,0,174
2024-02-27 05:15:00,2032.45,2032.75,2032.38,2032.74,110,4,0,110
2024-02-27 05:18:00,2032.74,2032.93,2032.57,2032.77,190,4,0,190
2024-02-27 05:21:00,2032.77,2032.88,2032.66,2032.77,73,4,0,73
2024-02-27 05:24:00,2032.8,2032.83,2032.48,2032.49,95,4,0,95
2024-02-27 05:27:00,2032.5,2032.78,2032.47,2032.67,107,4,0,107
2024-02-27 05:30:00,2032.67,2032.99,2032.57,2032.8,121,4,0,121
2024-02-27 05:33:00,2032.8,2032.93,2032.8,2032.89,75,4,0,75
2024-02-27 05:36:00,2032.89,2032.98,2032.78,2032.89,66,4,0,66
2024-02-27 05:39:00,2032.88,2032.98,2032.79,2032.89,89,4,0,89
2024-02-27 05:42:00,2032.89,2032.9,2032.59,2032.65,94,4,0,94
2024-02-27 05:45:00,2032.65,2032.82,2032.55,2032.7,102,4,0,102
2024-02-27 05:48:00,2032.72,2033.01,2032.72,2033.0,123,4,0,123
2024-02-27 05:51:00,2032.99,2033.19,2032.93,2033.17,108,4,0,108
2024-02-27 05:54:00,2033.18,2033.22,2033.04,2033.21,61,4,0,61
2024-02-27 05:57:00,2033.21,2033.54,2033.21,2033.5,82,4,0,82
2024-02-27 06:00:00,2033.5,2033.89,2033.49,2033.77,169,4,0,169
2024-02-27 06:03:00,2033.77,2034.03,2033.69,2033.99,101,4,0,101
2024-02-27 06:06:00,2033.99,2034.0,2033.73,2033.84,109,4,0,109
2024-02-27 06:09:00,2033.85,2034.24,2033.84,2033.99,116,4,0,116
2024-02-27 06:12:00,2033.99,2034.06,2033.88,2033.97,93,4,0,93
2024-02-27 06:15:00,2033.97,2034.04,2033.82,2034.04,91,4,0,91
2024-02-27 06:18:00,2034.04,2034.14,2033.88,2033.91,181,4,0,181
2024-02-27 06:21:00,2033.92,2034.04,2033.84,2034.01,224,4,0,224
2024-02-27 06:24:00,2034.01,2034.05,2033.9,2033.92,101,4,0,101
2024-02-27 06:27:00,2033.92,2034.12,2033.92,2034.09,117,4,0,117
2024-02-27 06:30:00,2034.09,2034.52,2034.01,2034.42,160,4,0,160
2024-02-27 06:33:00,2034.44,2034.45,2034.19,2034.36,75,4,0,75
2024-02-27 06:36:00,2034.37,2034.63,2034.14,2034.21,119,4,0,119
2024-02-27 06:39:00,2034.21,2034.34,2034.09,2034.17,124,4,0,124
2024-02-27 06:42:00,2034.17,2034.38,2034.17,2034.33,74,4,0,74
2024-02-27 06:45:00,2034.33,2034.43,2034.05,2034.12,166,4,0,166
2024-02-27 06:48:00,2034.13,2034.13,2033.72,2033.73,111,4,0,111
2024-02-27 06:51:00,2033.7,2033.82,2033.59,2033.73,95,4,0,95
2024-02-27 06:54:00,2033.73,2033.84,2033.66,2033.84,71,4,0,71
2024-02-27 06:57:00,2033.84,2033.93,2033.76,2033.84,78,4,0,78
2024-02-27 07:00:00,2033.83,2033.93,2033.76,2033.8,146,4,0,146
2024-02-27 07:03:00,2033.78,2033.81,2033.49,2033.6,201,4,0,201
2024-02-27 07:06:00,2033.61,2033.73,2033.41,2033.42,157,4,0,157
2024-02-27 07:09:00,2033.41,2033.53,2033.33,2033.37,155,4,0,155
2024-02-27 07:12:00,2033.37,2033.43,2033.15,2033.39,138,4,0,138
2024-02-27 07:15:00,2033.39,2033.42,2033.19,2033.4,146,4,0,146
2024-02-27 07:18:00,2033.4,2033.46,2032.96,2033.28,212,4,0,212
2024-02-27 07:21:00,2033.28,2033.29,2033.03,2033.25,126,4,0,126
2024-02-27 07:24:00,2033.25,2033.43,2033.15,2033.22,111,4,0,111
2024-02-27 07:27:00,2033.22,2033.22,2032.83,2032.86,158,4,0,158
2024-02-27 07:30:00,2032.9,2033.47,2032.89,2033.36,200,4,0,200
2024-02-27 07:33:00,2033.36,2033.4,2033.21,2033.29,126,4,0,126
2024-02-27 07:36:00,2033.29,2033.47,2033.27,2033.42,124,4,0,124
2024-02-27 07:39:00,2033.42,2033.47,2033.1,2033.16,117,4,0,117
2024-02-27 07:42:00,2033.16,2033.62,2033.16,2033.37,161,4,0,161
2024-02-27 07:45:00,2033.36,2033.59,2033.29,2033.59,148,4,0,148
2024-02-27 07:48:00,2033.59,2033.66,2033.49,2033.59,104,4,0,104
2024-02-27 07:51:00,2033.59,2033.96,2033.53,2033.96,115,4,0,115
2024-02-27 07:54:00,2033.96,2034.04,2033.8,2033.89,142,4,0,142
2024-02-27 07:57:00,2033.89,2033.97,2033.64,2033.68,178,4,0,178
2024-02-27 08:00:00,2033.68,2033.68,2033.34,2033.47,191,4,0,191
2024-02-27 08:03:00,2033.47,2033.65,2033.42,2033.52,143,4,0,143
2024-02-27 08:06:00,2033.52,2033.75,2033.4,2033.63,83,4,0,83
2024-02-27 08:09:00,2033.64,2033.87,2033.51,2033.63,121,4,0,121
2024-02-27 08:12:00,2033.63,2033.63,2033.47,2033.56,123,4,0,123
2024-02-27 08:15:00,2033.56,2033.72,2033.42,2033.72,158,4,0,158
2024-02-27 08:18:00,2033.71,2033.92,2033.65,2033.86,171,4,0,171
2024-02-27 08:21:00,2033.86,2033.9,2033.7,2033.79,117,4,0,117
2024-02-27 08:24:00,2033.79,2034.01,2033.69,2033.93,156,4,0,156
2024-02-27 08:27:00,2033.95,2034.01,2033.72,2033.93,153,4,0,153
2024-02-27 08:30:00,2033.93,2034.36,2033.9,2034.29,105,4,0,105
2024-02-27 08:33:00,2034.29,2034.79,2034.24,2034.58,232,4,0,232
2024-02-27 08:36:00,2034.58,2034.84,2034.5,2034.74,234,4,0,234
2024-02-27 08:39:00,2034.74,2035.04,2034.48,2034.49,251,4,0,251
2024-02-27 08:42:00,2034.49,2034.51,2033.75,2033.75,180,4,0,180
2024-02-27 08:45:00,2033.73,2034.12,2033.73,2033.97,146,4,0,146
2024-02-27 08:48:00,2033.97,2034.02,2033.77,2033.87,97,4,0,97
2024-02-27 08:51:00,2033.87,2034.09,2033.85,2034.06,124,4,0,124
2024-02-27 08:54:00,2034.06,2034.13,2033.62,2033.64,145,4,0,145
2024-02-27 08:57:00,2033.64,2033.64,2033.36,2033.54,163,4,0,163
2024-02-27 09:00:00,2033.53,2034.01,2033.31,2033.91,212,4,0,212
2024-02-27 09:03:00,2033.91,2034.22,2033.82,2034.22,133,4,0,133
2024-02-27 09:06:00,2034.22,2034.25,2033.92,2034.01,149,4,0,149
2024-02-27 09:09:00,2034.01,2034.33,2034.01,2034.2,212,4,0,212
2024-02-27 09:12:00,2034.2,2034.79,2034.09,2034.78,245,4,0,245
2024-02-27 09:15:00,2034.78,2035.02,2034.67,2034.99,232,4,0,232
2024-02-27 09:18:00,2034.99,2035.03,2034.48,2034.79,206,4,0,206
2024-02-27 09:21:00,2034.8,2035.39,2034.69,2035.35,261,4,0,261
2024-02-27 09:24:00,2035.35,2035.71,2035.28,2035.61,237,4,0,237
2024-02-27 09:27:00,2035.61,2035.86,2034.91,2034.93,288,4,0,288
2024-02-27 09:30:00,2034.92,2035.78,2034.91,2035.3,370,4,0,370
2024-02-27 09:33:00,2035.3,2036.06,2035.3,2036.01,348,4,0,348
2024-02-27 09:36:00,2036.01,2036.19,2035.74,2036.19,290,4,0,290
2024-02-27 09:39:00,2036.18,2036.24,2035.99,2036.13,300,4,0,300
2024-02-27 09:42:00,2036.13,2036.28,2035.99,2036.14,231,4,0,231
2024-02-27 09:45:00,2036.14,2036.21,2035.65,2035.65,281,4,0,281
2024-02-27 09:48:00,2035.65,2035.81,2035.57,2035.73,316,4,0,316
2024-02-27 09:51:00,2035.75,2036.09,2035.5,2035.59,330,4,0,330
2024-02-27 09:54:00,2035.61,2035.93,2035.51,2035.65,236,4,0,236
2024-02-27 09:57:00,2035.65,2035.74,2035.36,2035.45,189,4,0,189
2024-02-27 10:00:00,2035.45,2035.81,2035.0,2035.03,374,4,0,374
2024-02-27 10:03:00,2035.03,2035.25,2034.72,2034.73,382,4,0,382
2024-02-27 10:06:00,2034.73,2035.22,2034.68,2035.12,382,4,0,382
2024-02-27 10:09:00,2035.12,2035.79,2035.12,2035.42,276,4,0,276
2024-02-27 10:12:00,2035.42,2035.71,2035.23,2035.71,259,4,0,259
2024-02-27 10:15:00,2035.71,2036.22,2035.69,2036.04,279,4,0,279
2024-02-27 10:18:00,2036.05,2036.24,2035.82,2036.12,270,4,0,270
2024-02-27 10:21:00,2036.12,2037.38,2036.07,2036.96,416,4,0,416
2024-02-27 10:24:00,2036.96,2037.33,2036.85,2037.31,491,4,0,491
2024-02-27 10:27:00,2037.31,2037.52,2036.99,2037.43,343,4,0,343
2024-02-27 10:30:00,2037.4,2038.19,2037.39,2037.55,451,4,0,451
2024-02-27 10:33:00,2037.56,2038.05,2037.19,2037.87,431,4,0,431
2024-02-27 10:36:00,2037.87,2038.71,2037.76,2038.26,411,4,0,411
2024-02-27 10:39:00,2038.26,2038.91,2038.14,2038.86,386,4,0,386
2024-02-27 10:42:00,2038.86,2039.25,2038.78,2038.82,372,4,0,372
2024-02-27 10:45:00,2038.81,2039.27,2038.73,2039.1,411,4,0,411
2024-02-27 10:48:00,2039.12,2039.37,2038.93,2039.09,357,4,0,357
2024-02-27 10:51:00,2039.09,2039.49,2038.99,2039.01,344,4,0,344
2024-02-27 10:54:00,2039.01,2039.04,2038.05,2038.09,395,4,0,395
2024-02-27 10:57:00,2038.09,2038.21,2037.54,2038.11,363,4,0,363
2024-02-27 11:00:00,2038.11,2038.14,2037.55,2037.82,291,4,0,291
2024-02-27 11:03:00,2037.82,2038.15,2037.81,2037.99,219,4,0,219
2024-02-27 11:06:00,2037.98,2037.98,2037.26,2037.36,235,4,0,235
2024-02-27 11:09:00,2037.36,2037.74,2037.36,2037.63,237,4,0,237
2024-02-27 11:12:00,2037.63,2037.77,2037.17,2037.27,319,4,0,319
2024-02-27 11:15:00,2037.27,2037.47,2037.03,2037.18,227,4,0,227
2024-02-27 11:18:00,2037.18,2037.18,2036.51,2036.8,228,4,0,228
2024-02-27 11:21:00,2036.8,2036.94,2036.63,2036.68,262,4,0,262
2024-02-27 11:24:00,2036.68,2036.96,2036.68,2036.78,252,4,0,252
2024-02-27 11:27:00,2036.78,2036.79,2036.54,2036.63,227,4,0,227
2024-02-27 11:30:00,2036.63,2036.75,2035.84,2035.84,306,4,0,306
2024-02-27 11:33:00,2035.84,2036.08,2035.63,2035.81,181,4,0,181
2024-02-27 11:36:00,2035.82,2036.15,2035.72,2035.93,212,4,0,212
2024-02-27 11:39:00,2035.93,2036.02,2035.53,2035.71,260,4,0,260
2024-02-27 11:42:00,2035.7,2035.83,2035.48,2035.67,257,4,0,257
2024-02-27 11:45:00,2035.67,2036.64,2035.39,2036.54,348,4,0,348
2024-02-27 11:48:00,2036.54,2036.96,2036.36,2036.64,417,4,0,417
2024-02-27 11:51:00,2036.64,2037.08,2036.5,2036.82,364,4,0,364
2024-02-27 11:54:00,2036.82,2037.36,2036.65,2036.91,384,4,0,384
2024-02-27 11:57:00,2036.91,2037.15,2036.62,2036.67,267,4,0,267
2024-02-27 12:00:00,2036.67,2036.73,2036.45,2036.48,233,4,0,233
2024-02-27 12:03:00,2036.48,2036.76,2036.14,2036.18,300,4,0,300
2024-02-27 12:06:00,2036.16,2036.38,2035.95,2036.27,313,4,0,313
2024-02-27 12:09:00,2036.27,2036.37,2035.51,2035.78,312,4,0,312
2024-02-27 12:12:00,2035.78,2035.79,2035.37,2035.39,248,4,0,248
2024-02-27 12:15:00,2035.38,2035.43,2034.89,2035.24,393,4,0,393
2024-02-27 12:18:00,2035.24,2035.65,2035.13,2035.61,265,4,0,265
2024-02-27 12:21:00,2035.6,2035.85,2035.44,2035.85,250,4,0,250
2024-02-27 12:24:00,2035.85,2035.85,2035.4,2035.5,300,4,0,300
2024-02-27 12:27:00,2035.5,2036.08,2035.35,2036.01,367,4,0,367
2024-02-27 12:30:00,2036.01,2036.43,2035.89,2036.02,486,4,0,486
2024-02-27 12:33:00,2036.02,2036.2,2035.08,2035.18,303,4,0,303
2024-02-27 12:36:00,2035.19,2035.52,2034.69,2035.0,504,4,0,504
2024-02-27 12:39:00,2035.0,2035.85,2034.98,2035.84,413,4,0,413
2024-02-27 12:42:00,2035.85,2036.04,2035.74,2035.85,297,4,0,297
2024-02-27 12:45:00,2035.84,2036.14,2035.68,2036.0,266,4,0,266
2024-02-27 12:48:00,2036.0,2036.0,2035.57,2035.93,169,4,0,169
2024-02-27 12:51:00,2035.93,2036.3,2035.86,2036.3,223,4,0,223
2024-02-27 12:54:00,2036.26,2036.58,2036.07,2036.58,292,4,0,292
2024-02-27 12:57:00,2036.58,2036.63,2036.28,2036.51,256,4,0,256
2024-02-27 13:00:00,2036.53,2036.95,2036.53,2036.69,292,4,0,292
2024-02-27 13:03:00,2036.69,2036.75,2036.22,2036.33,266,4,0,266
2024-02-27 13:06:00,2036.33,2036.67,2036.22,2036.64,225,4,0,225
2024-02-27 13:09:00,2036.65,2036.69,2036.22,2036.67,234,4,0,234
2024-02-27 13:12:00,2036.67,2036.93,2036.45,2036.58,180,4,0,180
2024-02-27 13:15:00,2036.6,2036.76,2036.47,2036.71,276,4,0,276
2024-02-27 13:18:00,2036.71,2036.93,2036.53,2036.91,381,4,0,381
2024-02-27 13:21:00,2036.91,2037.27,2036.67,2036.67,408,4,0,408
2024-02-27 13:24:00,2036.67,2036.78,2035.78,2035.92,235,4,0,235
2024-02-27 13:27:00,2035.92,2036.11,2035.67,2035.71,220,4,0,220
2024-02-27 13:30:00,2035.72,2036.0,2035.62,2035.89,187,4,0,187
2024-02-27 13:33:00,2035.89,2036.4,2035.66,2036.4,275,4,0,275
2024-02-27 13:36:00,2036.4,2036.75,2036.36,2036.73,313,4,0,313
2024-02-27 13:39:00,2036.73,2037.45,2036.73,2037.32,304,4,0,304
2024-02-27 13:42:00,2037.3,2037.86,2037.19,2037.86,319,4,0,319
2024-02-27 13:45:00,2037.85,2038.43,2037.72,2038.36,316,4,0,316
2024-02-27 13:48:00,2038.33,2038.38,2037.98,2038.31,261,4,0,261
2024-02-27 13:51:00,2038.31,2038.79,2038.28,2038.44,239,4,0,239
2024-02-27 13:54:00,2038.44,2038.55,2037.92,2037.92,352,4,0,352
2024-02-27 13:57:00,2037.92,2038.49,2037.92,2038.29,297,4,0,297
2024-02-27 14:00:00,2038.29,2038.83,2038.28,2038.8,302,4,0,302
2024-02-27 14:03:00,2038.8,2039.18,2037.77,2038.07,450,4,0,450
2024-02-27 14:06:00,2038.08,2038.5,2037.84,2038.41,464,4,0,464
2024-02-27 14:09:00,2038.41,2038.6,2038.03,2038.1,283,4,0,283
2024-02-27 14:12:00,2038.12,2038.53,2038.01,2038.52,258,4,0,258
2024-02-27 14:15:00,2038.52,2038.61,2038.0,2038.16,246,4,0,246
2024-02-27 14:18:00,2038.16,2038.24,2037.78,2037.95,246,4,0,246
2024-02-27 14:21:00,2037.95,2037.95,2037.52,2037.52,200,4,0,200
2024-02-27 14:24:00,2037.52,2038.23,2037.49,2038.23,329,4,0,329
2024-02-27 14:27:00,2038.23,2038.63,2038.15,2038.49,271,4,0,271
2024-02-27 14:30:00,2038.49,2038.5,2037.87,2038.18,491,4,0,491
2024-02-27 14:33:00,2038.18,2038.27,2037.55,2037.56,372,4,0,372
2024-02-27 14:36:00,2037.57,2038.12,2037.5,2037.65,323,4,0,323
2024-02-27 14:39:00,2037.65,2038.03,2037.49,2037.69,292,4,0,292
2024-02-27 14:42:00,2037.69,2037.87,2037.19,2037.32,344,4,0,344
2024-02-27 14:45:00,2037.32,2038.14,2037.32,2038.07,317,4,0,317
2024-02-27 14:48:00,2038.06,2038.57,2037.97,2038.3,534,4,0,534
2024-02-27 14:51:00,2038.3,2038.51,2037.78,2037.98,715,4,0,715
2024-02-27 14:54:00,2037.98,2038.32,2037.97,2038.29,311,4,0,311
2024-02-27 14:57:00,2038.29,2038.55,2038.21,2038.35,198,4,0,198
2024-02-27 15:00:00,2038.35,2038.49,2037.85,2038.48,675,4,0,675
2024-02-27 15:03:00,2038.48,2038.67,2037.63,2037.73,535,4,0,535
2024-02-27 15:06:00,2037.73,2038.0,2037.5,2037.81,358,4,0,358
2024-02-27 15:09:00,2037.81,2038.02,2036.72,2036.83,499,4,0,499
2024-02-27 15:12:00,2036.83,2037.36,2036.65,2037.03,618,4,0,618
2024-02-27 15:15:00,2037.03,2037.28,2036.55,2036.67,691,4,0,691
2024-02-27 15:18:00,2036.69,2036.91,2036.06,2036.5,703,4,0,703
2024-02-27 15:21:00,2036.5,2037.0,2036.26,2036.49,769,4,0,769
2024-02-27 15:24:00,2036.49,2036.93,2036.29,2036.7,624,4,0,624
2024-02-27 15:27:00,2036.7,2037.08,2036.33,2036.56,550,4,0,550
2024-02-27 15:30:00,2036.52,2038.5,2036.52,2037.44,1282,4,0,1282
2024-02-27 15:33:00,2037.44,2037.71,2037.06,2037.55,900,4,0,900
2024-02-27 15:36:00,2037.54,2037.71,2035.68,2036.19,1039,4,0,1039
2024-02-27 15:39:00,2036.19,2036.62,2036.03,2036.47,539,4,0,539
2024-02-27 15:42:00,2036.49,2036.51,2035.7,2035.84,592,4,0,592
2024-02-27 15:45:00,2035.82,2036.65,2035.31,2036.3,513,4,0,513
2024-02-27 15:48:00,2036.3,2036.93,2036.15,2036.46,617,4,0,617
2024-02-27 15:51:00,2036.46,2036.79,2036.25,2036.45,454,4,0,454
2024-02-27 15:54:00,2036.45,2036.45,2035.79,2035.97,430,4,0,430
2024-02-27 15:57:00,2035.97,2036.25,2035.45,2035.53,396,4,0,396
2024-02-27 16:00:00,2035.53,2035.75,2034.94,2035.47,587,4,0,587
2024-02-27 16:03:00,2035.47,2035.47,2034.75,2034.95,582,4,0,582
2024-02-27 16:06:00,2034.95,2035.05,2034.4,2034.92,530,4,0,530
2024-02-27 16:09:00,2034.92,2035.21,2034.29,2034.47,622,4,0,622
2024-02-27 16:12:00,2034.48,2034.98,2033.63,2033.91,554,4,0,554
2024-02-27 16:15:00,2033.92,2034.81,2033.7,2034.62,642,4,0,642
2024-02-27 16:18:00,2034.61,2035.63,2034.58,2035.51,764,4,0,764
2024-02-27 16:21:00,2035.51,2036.57,2035.38,2036.2,705,4,0,705
2024-02-27 16:24:00,2036.2,2036.37,2034.79,2035.82,704,4,0,704
2024-02-27 16:27:00,2035.82,2036.58,2035.6,2036.48,418,4,0,418
2024-02-27 16:30:00,2036.48,2036.49,2035.71,2035.75,1028,4,0,1028
2024-02-27 16:33:00,2035.76,2036.41,2035.45,2036.4,839,4,0,839
2024-02-27 16:36:00,2036.4,2036.5,2035.81,2035.99,709,4,0,709
2024-02-27 16:39:00,2036.01,2036.02,2033.81,2034.41,925,4,0,925
2024-02-27 16:42:00,2034.41,2034.99,2033.87,2034.99,714,4,0,714
2024-02-27 16:45:00,2034.99,2035.45,2034.51,2035.11,835,4,0,835
2024-02-27 16:48:00,2035.1,2035.83,2034.8,2035.3,594,4,0,594
2024-02-27 16:51:00,2035.3,2035.46,2034.6,2034.9,583,4,0,583
2024-02-27 16:54:00,2034.9,2035.33,2034.4,2035.19,483,4,0,483
2024-02-27 16:57:00,2035.18,2035.69,2034.79,2034.96,378,4,0,378
2024-02-27 17:00:00,2034.97,2037.31,2033.97,2035.67,1447,4,0,1447
2024-02-27 17:03:00,2035.67,2035.85,2033.61,2034.87,983,4,0,983
2024-02-27 17:06:00,2034.87,2035.12,2033.88,2034.99,1164,4,0,1164
2024-02-27 17:09:00,2034.99,2035.15,2034.33,2034.81,904,4,0,904
2024-02-27 17:12:00,2034.8,2034.94,2033.73,2034.2,824,4,0,824
2024-02-27 17:15:00,2034.2,2035.18,2034.18,2034.3,623,4,0,623
2024-02-27 17:18:00,2034.3,2035.53,2034.29,2034.6,705,4,0,705
2024-02-27 17:21:00,2034.6,2035.08,2034.27,2034.53,956,4,0,956
2024-02-27 17:24:00,2034.53,2035.08,2034.43,2035.02,529,4,0,529
2024-02-27 17:27:00,2035.02,2035.34,2034.53,2034.56,614,4,0,614
2024-02-27 17:30:00,2034.58,2034.58,2032.99,2033.73,670,4,0,670
2024-02-27 17:33:00,2033.73,2034.13,2033.36,2033.65,493,4,0,493
2024-02-27 17:36:00,2033.65,2034.78,2033.64,2034.68,487,4,0,487
2024-02-27 17:39:00,2034.68,2034.8,2033.67,2033.89,406,4,0,406
2024-02-27 17:42:00,2033.89,2034.09,2033.41,2033.46,379,4,0,379
2024-02-27 17:45:00,2033.46,2034.79,2033.36,2034.72,527,4,0,527
2024-02-27 17:48:00,2034.72,2035.62,2034.37,2035.11,915,4,0,915
2024-02-27 17:51:00,2035.12,2035.72,2034.69,2034.78,557,4,0,557
2024-02-27 17:54:00,2034.78,2034.85,2034.39,2034.55,583,4,0,583
2024-02-27 17:57:00,2034.54,2034.68,2033.79,2033.81,649,4,0,649
2024-02-27 18:00:00,2033.82,2034.13,2033.47,2033.54,709,4,0,709
2024-02-27 18:03:00,2033.5,2034.02,2033.02,2033.68,558,4,0,558
2024-02-27 18:06:00,2033.69,2033.96,2033.36,2033.5,391,4,0,391
2024-02-27 18:09:00,2033.5,2033.76,2032.41,2032.81,683,4,0,683
2024-02-27 18:12:00,2032.79,2033.13,2032.55,2032.69,463,4,0,463
2024-02-27 18:15:00,2032.69,2032.79,2031.86,2032.06,599,4,0,599
2024-02-27 18:18:00,2032.09,2033.01,2031.83,2032.9,562,4,0,562
2024-02-27 18:21:00,2032.9,2033.11,2032.48,2032.8,461,4,0,461
2024-02-27 18:24:00,2032.8,2033.8,2031.96,2033.71,608,4,0,608
2024-02-27 18:27:00,2033.71,2034.19,2033.6,2034.05,479,4,0,479
2024-02-27 18:30:00,2034.05,2034.31,2033.79,2034.1,545,4,0,545
2024-02-27 18:33:00,2034.11,2034.34,2033.13,2033.14,564,4,0,564
2024-02-27 18:36:00,2033.14,2033.27,2032.88,2033.27,434,4,0,434
2024-02-27 18:39:00,2033.27,2033.61,2033.01,2033.12,443,4,0,443
2024-02-27 18:42:00,2033.13,2033.13,2032.7,2033.02,360,4,0,360
2024-02-27 18:45:00,2033.05,2034.03,2033.01,2034.01,475,4,0,475
2024-02-27 18:48:00,2034.01,2034.35,2033.76,2033.77,397,4,0,397
2024-02-27 18:51:00,2033.77,2033.88,2033.17,2033.46,431,4,0,431
2024-02-27 18:54:00,2033.46,2033.55,2032.74,2032.85,316,4,0,316
2024-02-27 18:57:00,2032.85,2033.18,2032.66,2033.17,341,4,0,341
2024-02-27 19:00:00,2033.17,2033.17,2032.44,2032.45,261,4,0,261
2024-02-27 19:03:00,2032.45,2032.5,2032.06,2032.39,416,4,0,416
2024-02-27 19:06:00,2032.39,2032.4,2031.91,2031.92,371,4,0,371
2024-02-27 19:09:00,2031.93,2032.0,2031.47,2031.73,440,4,0,440
2024-02-27 19:12:00,2031.74,2031.75,2030.99,2031.02,369,4,0,369
2024-02-27 19:15:00,2031.01,2031.05,2030.47,2030.54,422,4,0,422
2024-02-27 19:18:00,2030.54,2030.98,2030.47,2030.8,422,4,0,422
2024-02-27 19:21:00,2030.77,2031.18,2030.66,2030.72,335,4,0,335
2024-02-27 19:24:00,2030.72,2031.16,2030.31,2030.53,314,4,0,314
2024-02-27 19:27:00,2030.53,2030.6,2030.07,2030.17,347,4,0,347
2024-02-27 19:30:00,2030.17,2030.47,2029.77,2030.29,457,4,0,457
2024-02-27 19:33:00,2030.28,2031.12,2030.04,2031.1,333,4,0,333
2024-02-27 19:36:00,2031.11,2031.48,2030.99,2031.06,324,4,0,324
2024-02-27 19:39:00,2031.04,2031.09,2030.69,2030.98,301,4,0,301
2024-02-27 19:42:00,2030.98,2031.02,2030.67,2030.83,263,4,0,263
2024-02-27 19:45:00,2030.83,2031.59,2030.83,2031.57,385,4,0,385
2024-02-27 19:48:00,2031.56,2032.17,2031.06,2032.14,292,4,0,292
2024-02-27 19:51:00,2032.14,2032.22,2031.61,2032.09,234,4,0,234
2024-02-27 19:54:00,2032.08,2032.31,2031.9,2032.13,314,4,0,314
2024-02-27 19:57:00,2032.13,2032.37,2032.1,2032.32,316,4,0,316
2024-02-27 20:00:00,2032.32,2033.82,2032.06,2033.54,695,4,0,695
2024-02-27 20:03:00,2033.55,2033.75,2033.18,2033.64,505,4,0,505
2024-02-27 20:06:00,2033.63,2033.91,2033.43,2033.61,443,4,0,443
2024-02-27 20:09:00,2033.63,2034.06,2033.55,2033.79,425,4,0,425
2024-02-27 20:12:00,2033.79,2035.34,2033.72,2035.14,550,4,0,550
2024-02-27 20:15:00,2035.14,2035.66,2034.54,2035.48,580,4,0,580
2024-02-27 20:18:00,2035.48,2036.14,2035.48,2035.96,538,4,0,538
2024-02-27 20:21:00,2035.98,2036.03,2035.13,2035.13,611,4,0,611
2024-02-27 20:24:00,2035.13,2035.59,2034.48,2034.53,530,4,0,530
2024-02-27 20:27:00,2034.53,2034.95,2034.22,2034.61,629,4,0,629
2024-02-27 20:30:00,2034.57,2034.57,2033.47,2033.54,435,4,0,435
2024-02-27 20:33:00,2033.54,2034.08,2033.49,2033.85,301,4,0,301
2024-02-27 20:36:00,2033.85,2034.01,2033.41,2033.42,228,4,0,228
2024-02-27 20:39:00,2033.41,2033.59,2033.2,2033.42,270,4,0,270
2024-02-27 20:42:00,2033.42,2033.42,2032.91,2033.06,289,4,0,289
2024-02-27 20:45:00,2033.06,2033.09,2032.2,2032.93,498,4,0,498
2024-02-27 20:48:00,2032.93,2032.99,2032.66,2032.84,281,4,0,281
2024-02-27 20:51:00,2032.84,2033.23,2032.77,2032.82,276,4,0,276
2024-02-27 20:54:00,2032.8,2033.03,2032.25,2032.28,211,4,0,211
2024-02-27 20:57:00,2032.28,2032.4,2032.0,2032.39,154,4,0,154
2024-02-27 21:00:00,2032.39,2032.47,2031.77,2031.91,311,4,0,311
2024-02-27 21:03:00,2031.91,2032.19,2031.74,2032.12,344,4,0,344
2024-02-27 21:06:00,2032.12,2032.25,2032.11,2032.17,211,4,0,211
2024-02-27 21:09:00,2032.17,2032.26,2032.09,2032.2,191,4,0,191
2024-02-27 21:12:00,2032.2,2032.23,2031.77,2031.82,284,4,0,284
2024-02-27 21:15:00,2031.81,2032.19,2031.78,2032.01,253,4,0,253
2024-02-27 21:18:00,2032.01,2032.01,2030.98,2031.01,275,4,0,275
2024-02-27 21:21:00,2031.01,2031.01,2030.31,2030.31,314,4,0,314
2024-02-27 21:24:00,2030.31,2030.75,2030.1,2030.75,318,4,0,318
2024-02-27 21:27:00,2030.73,2031.07,2030.6,2030.98,430,4,0,430
2024-02-27 21:30:00,2030.96,2031.23,2030.31,2030.4,355,4,0,355
2024-02-27 21:33:00,2030.4,2030.67,2030.39,2030.61,301,4,0,301
2024-02-27 21:36:00,2030.61,2030.62,2030.26,2030.4,196,4,0,196
2024-02-27 21:39:00,2030.4,2030.48,2030.1,2030.27,253,4,0,253
2024-02-27 21:42:00,2030.27,2030.32,2029.76,2030.1,342,4,0,342
2024-02-27 21:45:00,2030.1,2030.2,2029.53,2029.53,317,4,0,317
2024-02-27 21:48:00,2029.54,2029.8,2029.43,2029.69,325,4,0,325
2024-02-27 21:51:00,2029.7,2029.95,2029.56,2029.95,269,4,0,269
2024-02-27 21:54:00,2029.95,2030.12,2029.7,2030.05,321,4,0,321
2024-02-27 21:57:00,2030.05,2030.33,2029.92,2030.28,264,4,0,264
2024-02-27 22:00:00,2030.28,2030.28,2029.89,2029.98,346,4,0,346
2024-02-27 22:03:00,2029.99,2029.99,2029.65,2029.71,322,4,0,322
2024-02-27 22:06:00,2029.71,2029.76,2029.08,2029.31,360,4,0,360
2024-02-27 22:09:00,2029.31,2029.82,2029.16,2029.81,298,4,0,298
2024-02-27 22:12:00,2029.81,2029.81,2029.31,2029.56,263,4,0,263
2024-02-27 22:15:00,2029.57,2029.99,2029.57,2029.79,323,4,0,323
2024-02-27 22:18:00,2029.79,2029.79,2029.29,2029.55,244,4,0,244
2024-02-27 22:21:00,2029.54,2029.75,2029.48,2029.74,155,4,0,155
2024-02-27 22:24:00,2029.73,2029.73,2029.4,2029.52,291,4,0,291
2024-02-27 22:27:00,2029.51,2029.51,2028.81,2029.23,308,4,0,308
2024-02-27 22:30:00,2029.23,2029.56,2029.22,2029.44,269,4,0,269
2024-02-27 22:33:00,2029.44,2029.64,2029.4,2029.62,238,4,0,238
2024-02-27 22:36:00,2029.62,2029.77,2029.41,2029.76,320,4,0,320
2024-02-27 22:39:00,2029.75,2030.17,2029.66,2030.05,272,4,0,272
2024-02-27 22:42:00,2030.04,2030.2,2029.99,2030.11,200,4,0,200
2024-02-27 22:45:00,2030.11,2030.36,2030.05,2030.22,256,4,0,256
2024-02-27 22:48:00,2030.23,2030.23,2029.97,2030.0,282,4,0,282
2024-02-27 22:51:00,2030.0,2030.13,2029.87,2030.13,295,4,0,295
2024-02-27 22:54:00,2030.12,2030.23,2029.96,2030.2,268,4,0,268
2024-02-27 22:57:00,2030.2,2030.38,2030.05,2030.19,323,4,0,323
2024-02-27 23:00:00,2030.19,2030.34,2030.09,2030.19,173,4,0,173
2024-02-27 23:03:00,2030.19,2030.23,2030.08,2030.09,95,4,0,95
2024-02-27 23:06:00,2030.09,2030.19,2030.08,2030.14,79,4,0,79
2024-02-27 23:09:00,2030.14,2030.29,2030.1,2030.1,60,4,0,60
2024-02-27 23:12:00,2030.1,2030.29,2030.1,2030.18,78,4,0,78
2024-02-27 23:15:00,2030.19,2030.29,2030.11,2030.11,76,4,0,76
2024-02-27 23:18:00,2030.11,2030.15,2029.97,2030.08,72,4,0,72
2024-02-27 23:21:00,2030.09,2030.18,2030.07,2030.1,77,4,0,77
2024-02-27 23:24:00,2030.1,2030.1,2029.98,2030.09,72,4,0,72
2024-02-27 23:27:00,2030.08,2030.12,2029.91,2029.91,107,4,0,107
2024-02-27 23:30:00,2029.91,2030.21,2029.9,2030.2,132,4,0,132
2024-02-27 23:33:00,2030.2,2030.2,2030.11,2030.12,60,4,0,60
2024-02-27 23:36:00,2030.12,2030.15,2030.0,2030.15,48,4,0,48
2024-02-27 23:39:00,2030.14,2030.38,2030.12,2030.32,82,4,0,82
2024-02-27 23:42:00,2030.32,2030.52,2030.29,2030.35,80,4,0,80
2024-02-27 23:45:00,2030.35,2030.35,2030.07,2030.11,104,4,0,104
2024-02-27 23:48:00,2030.09,2030.33,2029.9,2030.33,105,4,0,105
2024-02-27 23:51:00,2030.32,2030.63,2030.32,2030.39,101,4,0,101
2024-02-27 23:54:00,2030.39,2030.45,2030.18,2030.42,123,4,0,123
2024-02-27 23:57:00,2030.42,2030.6,2030.37,2030.37,55,4,0,55
2024-02-28 01:00:00,2030.32,2030.35,2030.09,2030.24,60,9,0,60
2024-02-28 01:03:00,2030.24,2030.25,2029.79,2030.11,108,4,0,108
2024-02-28 01:06:00,2030.11,2030.34,2029.99,2030.21,99,4,0,99
2024-02-28 01:09:00,2030.22,2030.25,2030.11,2030.16,58,4,0,58
2024-02-28 01:12:00,2030.17,2030.4,2030.01,2030.4,72,4,0,72
2024-02-28 01:15:00,2030.4,2030.52,2030.13,2030.45,67,4,0,67
2024-02-28 01:18:00,2030.45,2030.7,2030.45,2030.7,95,4,0,95
2024-02-28 01:21:00,2030.7,2030.7,2030.43,2030.57,99,4,0,99
2024-02-28 01:24:00,2030.57,2030.79,2030.31,2030.7,93,4,0,93
2024-02-28 01:27:00,2030.72,2030.82,2030.64,2030.78,62,4,0,62
2024-02-28 01:30:00,2030.78,2030.78,2030.58,2030.62,63,4,0,63
2024-02-28 01:33:00,2030.62,2030.64,2030.53,2030.6,84,4,0,84
2024-02-28 01:36:00,2030.6,2030.7,2030.59,2030.63,62,4,0,62
2024-02-28 01:39:00,2030.58,2030.85,2030.58,2030.69,104,4,0,104
2024-02-28 01:42:00,2030.73,2030.8,2030.59,2030.74,57,4,0,57
2024-02-28 01:45:00,2030.74,2030.91,2030.69,2030.71,79,4,0,79
2024-02-28 01:48:00,2030.71,2030.72,2030.38,2030.45,102,4,0,102
2024-02-28 01:51:00,2030.45,2030.52,2030.29,2030.42,75,4,0,75
2024-02-28 01:54:00,2030.42,2030.42,2030.09,2030.14,99,4,0,99
2024-02-28 01:57:00,2030.14,2030.32,2030.08,2030.08,86,4,0,86
2024-02-28 02:00:00,2030.08,2030.17,2029.18,2029.55,275,4,0,275
2024-02-28 02:03:00,2029.55,2029.93,2029.55,2029.68,149,4,0,149
2024-02-28 02:06:00,2029.68,2029.97,2029.68,2029.81,122,4,0,122
2024-02-28 02:09:00,2029.85,2029.95,2029.72,2029.85,186,4,0,186
2024-02-28 02:12:00,2029.86,2029.86,2029.55,2029.64,119,4,0,119
2024-02-28 02:15:00,2029.63,2029.77,2029.5,2029.77,138,4,0,138
2024-02-28 02:18:00,2029.77,2029.98,2029.76,2029.98,116,4,0,116
2024-02-28 02:21:00,2029.97,2030.79,2029.97,2030.69,193,4,0,193
2024-02-28 02:24:00,2030.68,2030.81,2030.54,2030.61,155,4,0,155
2024-02-28 02:27:00,2030.61,2030.61,2030.13,2030.16,149,4,0,149
2024-02-28 02:30:00,2030.16,2030.39,2029.83,2030.13,317,4,0,317
2024-02-28 02:33:00,2030.12,2030.22,2030.02,2030.15,134,4,0,134
2024-02-28 02:36:00,2030.13,2030.44,2029.81,2030.43,151,4,0,151
2024-02-28 02:39:00,2030.43,2030.6,2030.34,2030.57,110,4,0,110
2024-02-28 02:42:00,2030.57,2030.92,2030.54,2030.76,149,4,0,149
2024-02-28 02:45:00,2030.75,2031.07,2030.74,2030.94,160,4,0,160
2024-02-28 02:48:00,2030.94,2031.31,2030.6,2031.31,156,4,0,156
2024-02-28 02:51:00,2031.31,2031.32,2031.01,2031.11,148,4,0,148
2024-02-28 02:54:00,2031.11,2031.27,2030.94,2031.01,231,4,0,231
2024-02-28 02:57:00,2031.02,2031.2,2030.82,2030.82,144,4,0,144
2024-02-28 03:00:00,2030.82,2030.91,2029.8,2030.25,593,4,0,593
2024-02-28 03:03:00,2030.25,2031.18,2030.25,2030.9,457,4,0,457
2024-02-28 03:06:00,2030.9,2031.28,2030.63,2030.91,391,4,0,391
2024-02-28 03:09:00,2030.91,2031.02,2030.6,2030.76,288,4,0,288
2024-02-28 03:12:00,2030.76,2031.16,2030.68,2031.02,253,4,0,253
2024-02-28 03:15:00,2031.02,2031.77,2030.81,2031.59,337,4,0,337
2024-02-28 03:18:00,2031.6,2032.01,2031.6,2031.91,280,4,0,280
2024-02-28 03:21:00,2031.89,2032.42,2031.87,2032.24,289,4,0,289
2024-02-28 03:24:00,2032.25,2032.27,2031.68,2031.94,249,4,0,249
2024-02-28 03:27:00,2031.91,2032.2,2031.89,2032.13,214,4,0,214
2024-02-28 03:30:00,2032.13,2032.43,2032.12,2032.15,251,4,0,251
2024-02-28 03:33:00,2032.15,2032.46,2032.12,2032.35,218,4,0,218
2024-02-28 03:36:00,2032.35,2032.49,2032.3,2032.49,155,4,0,155
2024-02-28 03:39:00,2032.51,2032.92,2032.46,2032.77,156,4,0,156
2024-02-28 03:42:00,2032.77,2033.44,2032.59,2033.27,242,4,0,242
2024-02-28 03:45:00,2033.27,2033.39,2032.95,2033.32,283,4,0,283
2024-02-28 03:48:00,2033.32,2033.44,2032.9,2033.05,180,4,0,180
2024-02-28 03:51:00,2033.05,2033.1,2032.92,2033.05,144,4,0,144
2024-02-28 03:54:00,2033.05,2033.46,2032.85,2033.43,179,4,0,179
2024-02-28 03:57:00,2033.42,2033.8,2033.4,2033.49,186,4,0,186
2024-02-28 04:00:00,2033.48,2033.67,2033.17,2033.29,263,4,0,263
2024-02-28 04:03:00,2033.29,2033.3,2032.5,2032.5,280,4,0,280
2024-02-28 04:06:00,2032.49,2032.59,2032.34,2032.38,230,4,0,230
2024-02-28 04:09:00,2032.38,2032.68,2032.37,2032.53,185,4,0,185
2024-02-28 04:12:00,2032.53,2033.18,2032.4,2032.95,307,4,0,307
2024-02-28 04:15:00,2032.95,2032.95,2032.18,2032.21,236,4,0,236
2024-02-28 04:18:00,2032.21,2032.44,2031.93,2032.03,295,4,0,295
2024-02-28 04:21:00,2032.03,2032.59,2031.96,2032.45,319,4,0,319
2024-02-28 04:24:00,2032.45,2032.5,2032.28,2032.34,192,4,0,192
2024-02-28 04:27:00,2032.34,2032.43,2032.3,2032.35,145,4,0,145
2024-02-28 04:30:00,2032.35,2032.4,2032.21,2032.4,125,4,0,125
2024-02-28 04:33:00,2032.4,2032.63,2032.25,2032.42,149,4,0,149
2024-02-28 04:36:00,2032.42,2032.44,2031.86,2032.05,226,4,0,226
2024-02-28 04:39:00,2032.05,2032.05,2031.42,2031.56,207,4,0,207
2024-02-28 04:42:00,2031.56,2031.56,2030.65,2030.66,282,4,0,282
2024-02-28 04:45:00,2030.66,2031.24,2030.54,2031.21,209,4,0,209
2024-02-28 04:48:00,2031.2,2031.25,2030.96,2031.0,213,4,0,213
2024-02-28 04:51:00,2031.0,2031.2,2030.95,2031.09,137,4,0,137
2024-02-28 04:54:00,2031.09,2031.1,2030.78,2030.98,173,4,0,173
2024-02-28 04:57:00,2030.98,2031.12,2030.88,2031.07,194,4,0,194
2024-02-28 05:00:00,2031.07,2031.52,2031.03,2031.52,172,4,0,172
2024-02-28 05:03:00,2031.52,2031.52,2031.3,2031.39,159,4,0,159
2024-02-28 05:06:00,2031.39,2031.51,2031.29,2031.39,157,4,0,157
2024-02-28 05:09:00,2031.39,2031.4,2030.82,2030.83,217,4,0,217
2024-02-28 05:12:00,2030.83,2031.04,2030.5,2030.57,206,4,0,206
2024-02-28 05:15:00,2030.56,2030.65,2030.22,2030.29,238,4,0,238
2024-02-28 05:18:00,2030.29,2030.29,2029.85,2030.19,335,4,0,335
2024-02-28 05:21:00,2030.18,2030.87,2030.08,2030.87,157,4,0,157
2024-02-28 05:24:00,2030.87,2031.01,2030.72,2030.79,146,4,0,146
2024-02-28 05:27:00,2030.79,2031.05,2030.66,2030.99,106,4,0,106
2024-02-28 05:30:00,2030.99,2031.37,2030.99,2031.28,112,4,0,112
2024-02-28 05:33:00,2031.28,2031.69,2031.27,2031.62,187,4,0,187
2024-02-28 05:36:00,2031.62,2031.88,2031.58,2031.58,147,4,0,147
2024-02-28 05:39:00,2031.58,2031.71,2031.34,2031.39,93,4,0,93
2024-02-28 05:42:00,2031.39,2031.42,2031.17,2031.2,116,4,0,116
2024-02-28 05:45:00,2031.18,2031.48,2031.16,2031.44,111,4,0,111
2024-02-28 05:48:00,2031.43,2031.44,2031.07,2031.11,75,4,0,75
2024-02-28 05:51:00,2031.11,2031.25,2030.98,2031.16,95,4,0,95
2024-02-28 05:54:00,2031.16,2031.24,2030.91,2031.04,87,4,0,87
2024-02-28 05:57:00,2031.05,2031.34,2030.93,2030.99,106,4,0,106
2024-02-28 06:00:00,2030.99,2031.19,2030.92,2031.12,142,4,0,142
2024-02-28 06:03:00,2031.11,2031.17,2030.64,2030.66,139,4,0,139
2024-02-28 06:06:00,2030.66,2030.7,2030.36,2030.47,132,4,0,132
2024-02-28 06:09:00,2030.48,2030.65,2030.46,2030.65,103,4,0,103
2024-02-28 06:12:00,2030.65,2030.73,2030.51,2030.53,103,4,0,103
2024-02-28 06:15:00,2030.53,2030.54,2030.46,2030.5,72,4,0,72
2024-02-28 06:18:00,2030.51,2030.6,2030.43,2030.5,85,4,0,85
2024-02-28 06:21:00,2030.51,2030.53,2029.99,2029.99,109,4,0,109
2024-02-28 06:24:00,2029.99,2030.79,2029.84,2030.71,237,4,0,237
2024-02-28 06:27:00,2030.71,2031.13,2030.6,2030.74,280,4,0,280
2024-02-28 06:30:00,2030.73,2031.06,2030.6,2030.63,400,4,0,400
2024-02-28 06:33:00,2030.62,2031.04,2030.47,2030.76,283,4,0,283
2024-02-28 06:36:00,2030.75,2030.82,2030.55,2030.76,165,4,0,165
2024-02-28 06:39:00,2030.77,2030.83,2030.54,2030.58,113,4,0,113
2024-02-28 06:42:00,2030.58,2030.94,2030.58,2030.88,129,4,0,129
2024-02-28 06:45:00,2030.9,2030.98,2030.8,2030.91,110,4,0,110
2024-02-28 06:48:00,2030.91,2030.91,2030.46,2030.56,130,4,0,130
2024-02-28 06:51:00,2030.58,2030.8,2030.56,2030.7,118,4,0,118
2024-02-28 06:54:00,2030.69,2030.76,2030.44,2030.47,83,4,0,83
2024-02-28 06:57:00,2030.47,2030.49,2030.26,2030.28,73,4,0,73
2024-02-28 07:00:00,2030.27,2030.28,2030.04,2030.12,170,4,0,170
2024-02-28 07:03:00,2030.12,2030.67,2030.12,2030.46,147,4,0,147
2024-02-28 07:06:00,2030.46,2030.63,2030.42,2030.42,153,4,0,153
2024-02-28 07:09:00,2030.41,2030.73,2030.39,2030.71,80,4,0,80
2024-02-28 07:12:00,2030.72,2030.97,2030.72,2030.8,96,4,0,96
2024-02-28 07:15:00,2030.81,2030.81,2030.5,2030.67,65,4,0,65
2024-02-28 07:18:00,2030.67,2030.92,2030.53,2030.91,92,4,0,92
2024-02-28 07:21:00,2030.91,2030.92,2030.67,2030.73,89,4,0,89
2024-02-28 07:24:00,2030.73,2030.95,2030.68,2030.77,95,4,0,95
2024-02-28 07:27:00,2030.8,2030.94,2030.71,2030.92,72,4,0,72
2024-02-28 07:30:00,2030.92,2030.92,2030.46,2030.57,121,4,0,121
2024-02-28 07:33:00,2030.57,2030.74,2030.46,2030.62,91,4,0,91
2024-02-28 07:36:00,2030.62,2030.68,2030.45,2030.64,72,4,0,72
2024-02-28 07:39:00,2030.64,2030.78,2030.62,2030.7,97,4,0,97
2024-02-28 07:42:00,2030.7,2030.74,2030.52,2030.58,103,4,0,103
2024-02-28 07:45:00,2030.58,2030.71,2030.49,2030.64,102,4,0,102
2024-02-28 07:48:00,2030.64,2031.17,2030.64,2030.87,137,4,0,137
2024-02-28 07:51:00,2030.87,2030.92,2030.81,2030.81,107,4,0,107
2024-02-28 07:54:00,2030.81,2030.87,2030.67,2030.87,103,4,0,103
2024-02-28 07:57:00,2030.87,2031.09,2030.87,2031.04,106,4,0,106
2024-02-28 08:00:00,2031.02,2031.37,2030.96,2031.36,154,4,0,154
2024-02-28 08:03:00,2031.36,2031.7,2031.27,2031.7,151,4,0,151
2024-02-28 08:06:00,2031.7,2032.1,2031.68,2032.04,309,4,0,309
2024-02-28 08:09:00,2032.04,2032.15,2031.39,2031.48,205,4,0,205
2024-02-28 08:12:00,2031.47,2031.72,2031.24,2031.68,176,4,0,176
2024-02-28 08:15:00,2031.69,2031.81,2031.56,2031.71,235,4,0,235
2024-02-28 08:18:00,2031.71,2031.71,2031.31,2031.32,127,4,0,127
2024-02-28 08:21:00,2031.32,2031.33,2031.09,2031.22,146,4,0,146
2024-02-28 08:24:00,2031.22,2031.36,2031.07,2031.22,117,4,0,117
2024-02-28 08:27:00,2031.22,2031.4,2031.13,2031.3,110,4,0,110
2024-02-28 08:30:00,2031.3,2031.49,2031.16,2031.23,171,4,0,171
2024-02-28 08:33:00,2031.22,2031.45,2031.21,2031.32,183,4,0,183
2024-02-28 08:36:00,2031.29,2031.37,2030.6,2030.62,128,4,0,128
2024-02-28 08:39:00,2030.61,2030.72,2030.51,2030.62,232,4,0,232
2024-02-28 08:42:00,2030.62,2030.75,2030.53,2030.72,187,4,0,187
2024-02-28 08:45:00,2030.72,2030.74,2029.92,2030.01,287,4,0,287
2024-02-28 08:48:00,2030.01,2030.01,2029.44,2029.61,282,4,0,282
2024-02-28 08:51:00,2029.62,2029.63,2028.66,2028.81,383,4,0,383
2024-02-28 08:54:00,2028.81,2029.14,2028.76,2029.01,321,4,0,321
2024-02-28 08:57:00,2029.01,2029.43,2029.01,2029.38,247,4,0,247
2024-02-28 09:00:00,2029.38,2029.4,2028.83,2028.83,343,4,0,343
2024-02-28 09:03:00,2028.83,2029.19,2028.59,2028.83,484,4,0,484
2024-02-28 09:06:00,2028.84,2029.22,2028.61,2029.05,363,4,0,363
2024-02-28 09:09:00,2029.05,2029.19,2028.73,2028.94,402,4,0,402
2024-02-28 09:12:00,2028.94,2029.15,2028.69,2028.76,317,4,0,317
2024-02-28 09:15:00,2028.76,2029.41,2028.52,2029.29,401,4,0,401
2024-02-28 09:18:00,2029.28,2029.28,2028.88,2028.88,325,4,0,325
2024-02-28 09:21:00,2028.88,2028.97,2028.63,2028.87,330,4,0,330
2024-02-28 09:24:00,2028.87,2028.9,2028.67,2028.86,301,4,0,301
2024-02-28 09:27:00,2028.84,2029.17,2028.67,2028.85,265,4,0,265
2024-02-28 09:30:00,2028.85,2029.39,2028.72,2029.07,396,4,0,396
2024-02-28 09:33:00,2029.06,2029.28,2028.68,2028.88,361,4,0,361
2024-02-28 09:36:00,2028.87,2028.9,2028.62,2028.79,298,4,0,298
2024-02-28 09:39:00,2028.79,2028.79,2028.4,2028.51,284,4,0,284
2024-02-28 09:42:00,2028.51,2028.71,2028.22,2028.24,272,4,0,272
2024-02-28 09:45:00,2028.23,2028.44,2027.95,2028.02,384,4,0,384
2024-02-28 09:48:00,2028.01,2028.33,2028.0,2028.16,341,4,0,341
2024-02-28 09:51:00,2028.16,2028.21,2027.95,2028.08,242,4,0,242
2024-02-28 09:54:00,2028.08,2028.57,2027.91,2028.52,241,4,0,241
2024-02-28 09:57:00,2028.52,2028.64,2028.13,2028.17,182,4,0,182
2024-02-28 10:00:00,2028.17,2028.4,2027.69,2027.92,455,4,0,455
2024-02-28 10:03:00,2027.92,2028.26,2027.84,2028.12,547,4,0,547
2024-02-28 10:06:00,2028.11,2028.31,2027.9,2028.29,433,4,0,433
2024-02-28 10:09:00,2028.29,2028.79,2028.29,2028.44,262,4,0,262
2024-02-28 10:12:00,2028.44,2028.94,2028.28,2028.93,297,4,0,297
2024-02-28 10:15:00,2028.93,2029.32,2028.87,2029.28,329,4,0,329
2024-02-28 10:18:00,2029.29,2029.31,2028.74,2028.76,344,4,0,344
2024-02-28 10:21:00,2028.76,2028.98,2028.64,2028.95,255,4,0,255
2024-02-28 10:24:00,2028.96,2029.18,2028.77,2028.98,350,4,0,350
2024-02-28 10:27:00,2028.98,2029.07,2028.7,2028.89,290,4,0,290
2024-02-28 10:30:00,2028.89,2028.93,2028.08,2028.15,346,4,0,346
2024-02-28 10:33:00,2028.16,2028.69,2028.16,2028.65,304,4,0,304
2024-02-28 10:36:00,2028.65,2028.76,2028.55,2028.74,180,4,0,180
2024-02-28 10:39:00,2028.74,2028.77,2028.28,2028.47,212,4,0,212
2024-02-28 10:42:00,2028.47,2028.47,2028.02,2028.1,248,4,0,248
2024-02-28 10:45:00,2028.09,2028.21,2027.5,2027.79,370,4,0,370
2024-02-28 10:48:00,2027.79,2028.0,2027.3,2027.62,384,4,0,384
2024-02-28 10:51:00,2027.62,2027.89,2027.46,2027.46,438,4,0,438
2024-02-28 10:54:00,2027.46,2027.46,2026.89,2027.19,337,4,0,337
2024-02-28 10:57:00,2027.19,2027.21,2026.73,2026.85,359,4,0,359
2024-02-28 11:00:00,2026.85,2027.41,2026.79,2026.84,419,4,0,419
2024-02-28 11:03:00,2026.83,2027.03,2025.77,2026.19,465,4,0,465
2024-02-28 11:06:00,2026.2,2026.4,2025.91,2026.01,342,4,0,342
2024-02-28 11:09:00,2025.99,2026.24,2025.61,2026.14,573,4,0,573
2024-02-28 11:12:00,2026.14,2026.32,2025.96,2026.31,317,4,0,317
2024-02-28 11:15:00,2026.32,2026.32,2025.86,2025.92,443,4,0,443
2024-02-28 11:18:00,2025.92,2026.43,2025.66,2025.72,447,4,0,447
2024-02-28 11:21:00,2025.73,2025.8,2025.37,2025.52,445,4,0,445
2024-02-28 11:24:00,2025.51,2025.99,2025.41,2025.97,382,4,0,382
2024-02-28 11:27:00,2025.97,2025.98,2025.67,2025.73,379,4,0,379
2024-02-28 11:30:00,2025.73,2025.83,2025.35,2025.55,331,4,0,331
2024-02-28 11:33:00,2025.52,2025.72,2025.23,2025.3,374,4,0,374
2024-02-28 11:36:00,2025.3,2025.52,2025.03,2025.05,421,4,0,421
2024-02-28 11:39:00,2025.05,2025.81,2025.04,2025.71,431,4,0,431
2024-02-28 11:42:00,2025.72,2026.28,2025.51,2026.18,456,4,0,456
2024-02-28 11:45:00,2026.18,2026.72,2025.77,2025.9,423,4,0,423
2024-02-28 11:48:00,2025.9,2026.13,2025.7,2025.73,361,4,0,361
2024-02-28 11:51:00,2025.73,2025.75,2025.41,2025.49,353,4,0,353
2024-02-28 11:54:00,2025.49,2026.04,2025.42,2025.81,370,4,0,370
2024-02-28 11:57:00,2025.81,2025.83,2024.93,2024.95,392,4,0,392
2024-02-28 12:00:00,2024.95,2025.28,2024.56,2025.23,683,4,0,683
2024-02-28 12:03:00,2025.21,2025.31,2024.81,2024.98,540,4,0,540
2024-02-28 12:06:00,2024.98,2026.1,2024.98,2026.09,391,4,0,391
2024-02-28 12:09:00,2026.1,2026.17,2025.65,2025.68,372,4,0,372
2024-02-28 12:12:00,2025.68,2025.75,2025.32,2025.38,281,4,0,281
2024-02-28 12:15:00,2025.39,2025.73,2025.26,2025.48,387,4,0,387
2024-02-28 12:18:00,2025.49,2025.7,2025.24,2025.55,384,4,0,384
2024-02-28 12:21:00,2025.56,2025.78,2025.28,2025.56,388,4,0,388
2024-02-28 12:24:00,2025.56,2025.59,2024.98,2025.48,322,4,0,322
2024-02-28 12:27:00,2025.48,2025.91,2025.06,2025.45,349,4,0,349
2024-02-28 12:30:00,2025.45,2025.88,2025.16,2025.77,388,4,0,388
2024-02-28 12:33:00,2025.77,2026.05,2025.53,2026.05,329,4,0,329
2024-02-28 12:36:00,2026.04,2026.34,2026.03,2026.14,268,4,0,268
2024-02-28 12:39:00,2026.14,2026.72,2026.02,2026.72,303,4,0,303
2024-02-28 12:42:00,2026.72,2027.21,2026.25,2027.11,525,4,0,525
2024-02-28 12:45:00,2027.11,2027.64,2027.0,2027.15,595,4,0,595
2024-02-28 12:48:00,2027.15,2027.17,2026.82,2027.09,316,4,0,316
2024-02-28 12:51:00,2027.09,2027.22,2026.95,2027.07,305,4,0,305
2024-02-28 12:54:00,2027.06,2027.28,2026.97,2027.16,273,4,0,273
2024-02-28 12:57:00,2027.16,2027.43,2027.03,2027.39,164,4,0,164
2024-02-28 13:00:00,2027.38,2027.48,2027.11,2027.41,278,4,0,278
2024-02-28 13:03:00,2027.41,2027.67,2027.15,2027.66,300,4,0,300
2024-02-28 13:06:00,2027.67,2027.91,2027.56,2027.68,328,4,0,328
2024-02-28 13:09:00,2027.69,2027.79,2027.47,2027.55,266,4,0,266
2024-02-28 13:12:00,2027.55,2027.62,2027.1,2027.18,308,4,0,308
2024-02-28 13:15:00,2027.19,2027.28,2026.88,2027.01,287,4,0,287
2024-02-28 13:18:00,2027.02,2027.13,2026.9,2027.1,274,4,0,274
2024-02-28 13:21:00,2027.09,2027.2,2026.8,2027.0,247,4,0,247
2024-02-28 13:24:00,2026.99,2027.74,2026.98,2027.74,301,4,0,301
2024-02-28 13:27:00,2027.73,2027.91,2027.28,2027.38,270,4,0,270
2024-02-28 13:30:00,2027.38,2027.68,2027.17,2027.51,335,4,0,335
2024-02-28 13:33:00,2027.5,2027.58,2027.22,2027.4,296,4,0,296
2024-02-28 13:36:00,2027.4,2027.52,2027.27,2027.4,172,4,0,172
2024-02-28 13:39:00,2027.4,2027.63,2027.31,2027.31,278,4,0,278
2024-02-28 13:42:00,2027.3,2027.95,2027.17,2027.56,495,4,0,495
2024-02-28 13:45:00,2027.56,2027.66,2026.92,2027.5,476,4,0,476
2024-02-28 13:48:00,2027.5,2027.81,2027.42,2027.6,307,4,0,307
2024-02-28 13:51:00,2027.6,2027.6,2027.04,2027.18,247,4,0,247
2024-02-28 13:54:00,2027.17,2027.33,2027.11,2027.32,228,4,0,228
2024-02-28 13:57:00,2027.32,2027.51,2027.11,2027.32,195,4,0,195
2024-02-28 14:00:00,2027.32,2027.72,2026.95,2027.64,318,4,0,318
2024-02-28 14:03:00,2027.65,2028.55,2027.65,2028.47,362,4,0,362
2024-02-28 14:06:00,2028.48,2028.63,2028.07,2028.2,458,4,0,458
2024-02-28 14:09:00,2028.2,2028.79,2028.04,2028.75,367,4,0,367
2024-02-28 14:12:00,2028.74,2029.29,2028.66,2029.2,458,4,0,458
2024-02-28 14:15:00,2029.2,2029.33,2029.01,2029.16,365,4,0,365
2024-02-28 14:18:00,2029.16,2029.21,2028.84,2028.96,288,4,0,288
2024-02-28 14:21:00,2028.97,2029.19,2028.49,2028.93,630,4,0,630
2024-02-28 14:24:00,2028.93,2029.12,2028.65,2028.86,394,4,0,394
2024-02-28 14:27:00,2028.88,2029.31,2028.86,2029.13,355,4,0,355
2024-02-28 14:30:00,2029.15,2029.81,2029.15,2029.68,355,4,0,355
2024-02-28 14:33:00,2029.73,2029.8,2028.96,2029.15,349,4,0,349
2024-02-28 14:36:00,2029.15,2029.41,2028.96,2029.35,301,4,0,301
2024-02-28 14:39:00,2029.35,2029.48,2029.11,2029.28,241,4,0,241
2024-02-28 14:42:00,2029.28,2029.7,2029.1,2029.64,379,4,0,379
2024-02-28 14:45:00,2029.65,2029.94,2029.36,2029.87,431,4,0,431
2024-02-28 14:48:00,2029.9,2030.5,2029.6,2030.19,497,4,0,497
2024-02-28 14:51:00,2030.19,2030.37,2029.86,2029.95,427,4,0,427
2024-02-28 14:54:00,2029.95,2029.95,2029.58,2029.63,323,4,0,323
2024-02-28 14:57:00,2029.63,2029.78,2029.54,2029.64,327,4,0,327
2024-02-28 15:00:00,2029.64,2029.79,2029.33,2029.7,631,4,0,631
2024-02-28 15:03:00,2029.71,2030.04,2029.16,2029.68,543,4,0,543
2024-02-28 15:06:00,2029.68,2030.4,2029.61,2030.21,458,4,0,458
2024-02-28 15:09:00,2030.2,2031.7,2030.13,2031.65,541,4,0,541
2024-02-28 15:12:00,2031.64,2032.63,2031.45,2032.39,898,4,0,898
2024-02-28 15:15:00,2032.39,2032.85,2032.2,2032.65,815,4,0,815
2024-02-28 15:18:00,2032.65,2033.31,2032.6,2032.83,1083,4,0,1083
2024-02-28 15:21:00,2032.83,2034.2,2032.47,2034.06,1154,4,0,1154
2024-02-28 15:24:00,2034.06,2034.22,2033.56,2033.78,790,4,0,790
2024-02-28 15:27:00,2033.76,2033.88,2032.84,2033.32,521,4,0,521
2024-02-28 15:30:00,2033.32,2035.84,2032.22,2034.75,1803,4,0,1803
2024-02-28 15:33:00,2034.77,2035.59,2034.13,2034.89,1669,4,0,1669
2024-02-28 15:36:00,2034.89,2036.14,2034.75,2035.1,1347,4,0,1347
2024-02-28 15:39:00,2035.14,2035.27,2033.7,2034.2,1012,4,0,1012
2024-02-28 15:42:00,2034.19,2034.67,2033.52,2034.58,890,4,0,890
2024-02-28 15:45:00,2034.6,2035.21,2034.33,2035.11,752,4,0,752
2024-02-28 15:48:00,2035.11,2035.85,2034.75,2035.58,948,4,0,948
2024-02-28 15:51:00,2035.57,2035.95,2034.69,2035.01,1095,4,0,1095
2024-02-28 15:54:00,2034.99,2035.65,2034.89,2034.93,961,4,0,961
2024-02-28 15:57:00,2034.93,2036.14,2034.93,2035.87,935,4,0,935
2024-02-28 16:00:00,2035.88,2036.09,2034.73,2036.06,1312,4,0,1312
2024-02-28 16:03:00,2036.06,2037.93,2036.04,2037.38,1167,4,0,1167
2024-02-28 16:06:00,2037.37,2037.42,2035.63,2035.63,832,4,0,832
2024-02-28 16:09:00,2035.62,2036.45,2034.83,2035.17,775,4,0,775
2024-02-28 16:12:00,2035.17,2035.5,2034.63,2034.65,747,4,0,747
2024-02-28 16:15:00,2034.65,2035.24,2034.65,2034.75,608,4,0,608
2024-02-28 16:18:00,2034.74,2034.87,2033.65,2033.86,826,4,0,826
2024-02-28 16:21:00,2033.86,2034.56,2033.69,2034.19,720,4,0,720
2024-02-28 16:24:00,2034.18,2034.65,2033.78,2034.09,649,4,0,649
2024-02-28 16:27:00,2034.07,2034.39,2033.95,2034.02,448,4,0,448
2024-02-28 16:30:00,2034.02,2034.03,2033.02,2033.49,1004,4,0,1004
2024-02-28 16:33:00,2033.49,2033.84,2033.0,2033.8,608,4,0,608
2024-02-28 16:36:00,2033.8,2034.08,2032.91,2032.91,491,4,0,491
2024-02-28 16:39:00,2032.91,2033.54,2032.91,2033.13,463,4,0,463
2024-02-28 16:42:00,2033.13,2033.47,2032.71,2032.87,604,4,0,604
2024-02-28 16:45:00,2032.87,2034.06,2032.82,2033.61,654,4,0,654
2024-02-28 16:48:00,2033.61,2033.61,2032.58,2032.8,722,4,0,722
2024-02-28 16:51:00,2032.8,2033.12,2032.29,2032.37,762,4,0,762
2024-02-28 16:54:00,2032.33,2032.4,2031.1,2031.5,636,4,0,636
2024-02-28 16:57:00,2031.49,2032.15,2031.48,2031.86,591,4,0,591
2024-02-28 17:00:00,2031.78,2032.73,2031.67,2032.55,633,4,0,633
2024-02-28 17:03:00,2032.55,2033.46,2032.16,2033.19,621,4,0,621
2024-02-28 17:06:00,2033.22,2033.52,2031.9,2031.98,685,4,0,685
2024-02-28 17:09:00,2031.98,2032.34,2031.34,2031.63,635,4,0,635
2024-02-28 17:12:00,2031.62,2032.74,2031.62,2032.54,600,4,0,600
2024-02-28 17:15:00,2032.54,2032.96,2031.9,2031.92,670,4,0,670
2024-02-28 17:18:00,2031.92,2032.0,2030.45,2030.61,618,4,0,618
2024-02-28 17:21:00,2030.63,2032.47,2030.63,2032.45,682,4,0,682
2024-02-28 17:24:00,2032.45,2032.96,2032.31,2032.76,657,4,0,657
2024-02-28 17:27:00,2032.76,2033.35,2032.46,2033.14,694,4,0,694
2024-02-28 17:30:00,2033.14,2034.06,2032.87,2033.73,742,4,0,742
2024-02-28 17:33:00,2033.74,2033.88,2033.47,2033.58,518,4,0,518
2024-02-28 17:36:00,2033.58,2034.12,2032.95,2033.17,536,4,0,536
2024-02-28 17:39:00,2033.17,2033.48,2032.23,2032.26,510,4,0,510
2024-02-28 17:42:00,2032.26,2032.86,2032.05,2032.16,474,4,0,474
2024-02-28 17:45:00,2032.16,2032.52,2031.75,2032.44,372,4,0,372
2024-02-28 17:48:00,2032.44,2032.63,2032.16,2032.21,359,4,0,359
2024-02-28 17:51:00,2032.21,2032.65,2031.89,2031.9,402,4,0,402
2024-02-28 17:54:00,2031.89,2032.71,2031.89,2032.26,399,4,0,399
2024-02-28 17:57:00,2032.26,2032.37,2031.86,2031.86,359,4,0,359
2024-02-28 18:00:00,2031.86,2033.12,2031.77,2032.8,660,4,0,660
2024-02-28 18:03:00,2032.8,2033.17,2032.49,2032.84,504,4,0,504
2024-02-28 18:06:00,2032.84,2033.31,2032.66,2032.95,414,4,0,414
2024-02-28 18:09:00,2032.95,2033.08,2032.55,2032.65,412,4,0,412
2024-02-28 18:12:00,2032.65,2032.81,2032.22,2032.38,528,4,0,528
2024-02-28 18:15:00,2032.38,2033.06,2032.37,2032.97,446,4,0,446
2024-02-28 18:18:00,2032.97,2034.15,2032.86,2033.52,555,4,0,555
2024-02-28 18:21:00,2033.52,2033.8,2033.43,2033.58,375,4,0,375
2024-02-28 18:24:00,2033.58,2033.65,2033.33,2033.61,416,4,0,416
2024-02-28 18:27:00,2033.61,2033.84,2033.4,2033.66,447,4,0,447
2024-02-28 18:30:00,2033.67,2033.76,2033.02,2033.43,437,4,0,437
2024-02-28 18:33:00,2033.43,2033.52,2032.29,2032.52,450,4,0,450
2024-02-28 18:36:00,2032.58,2032.8,2032.51,2032.51,364,4,0,364
2024-02-28 18:39:00,2032.51,2032.7,2032.41,2032.58,399,4,0,399
2024-02-28 18:42:00,2032.57,2032.61,2032.37,2032.54,286,4,0,286
2024-02-28 18:45:00,2032.54,2032.82,2032.32,2032.32,282,4,0,282
2024-02-28 18:48:00,2032.32,2033.04,2032.32,2032.91,310,4,0,310
2024-02-28 18:51:00,2032.91,2033.13,2032.63,2033.04,333,4,0,333
2024-02-28 18:54:00,2033.06,2033.32,2032.73,2033.29,360,4,0,360
2024-02-28 18:57:00,2033.29,2033.84,2033.22,2033.63,297,4,0,297
2024-02-28 19:00:00,2033.62,2034.26,2033.6,2033.94,428,4,0,428
2024-02-28 19:03:00,2033.95,2034.46,2033.81,2034.33,364,4,0,364
2024-02-28 19:06:00,2034.33,2035.12,2034.27,2034.58,393,4,0,393
2024-02-28 19:09:00,2034.59,2035.49,2034.59,2035.49,434,4,0,434
2024-02-28 19:12:00,2035.49,2035.68,2034.84,2034.95,317,4,0,317
2024-02-28 19:15:00,2034.95,2035.09,2034.28,2034.33,408,4,0,408
2024-02-28 19:18:00,2034.33,2034.52,2034.1,2034.45,398,4,0,398
2024-02-28 19:21:00,2034.45,2034.54,2033.93,2033.94,275,4,0,275
2024-02-28 19:24:00,2033.94,2034.05,2033.71,2033.93,290,4,0,290
2024-02-28 19:27:00,2033.93,2034.02,2033.61,2033.71,335,4,0,335
2024-02-28 19:30:00,2033.71,2033.71,2032.89,2033.01,516,4,0,516
2024-02-28 19:33:00,2033.0,2033.54,2032.84,2033.33,453,4,0,453
2024-02-28 19:36:00,2033.35,2033.45,2032.49,2032.6,394,4,0,394
2024-02-28 19:39:00,2032.6,2033.06,2032.6,2032.83,353,4,0,353
2024-02-28 19:42:00,2032.86,2033.35,2032.86,2033.23,297,4,0,297
2024-02-28 19:45:00,2033.23,2033.26,2032.42,2032.45,379,4,0,379
2024-02-28 19:48:00,2032.46,2032.73,2032.34,2032.44,338,4,0,338
2024-02-28 19:51:00,2032.44,2033.11,2032.43,2033.08,299,4,0,299
2024-02-28 19:54:00,2033.08,2033.47,2033.08,2033.3,243,4,0,243
2024-02-28 19:57:00,2033.3,2034.02,2033.29,2033.84,272,4,0,272
2024-02-28 20:00:00,2033.84,2034.41,2033.84,2034.12,386,4,0,386
2024-02-28 20:03:00,2034.13,2034.64,2034.03,2034.57,273,4,0,273
2024-02-28 20:06:00,2034.57,2034.88,2034.34,2034.37,288,4,0,288
2024-02-28 20:09:00,2034.37,2034.54,2033.87,2033.96,351,4,0,351
2024-02-28 20:12:00,2033.97,2034.0,2033.42,2033.51,327,4,0,327
2024-02-28 20:15:00,2033.51,2033.77,2033.28,2033.59,346,4,0,346
2024-02-28 20:18:00,2033.59,2033.87,2033.55,2033.64,248,4,0,248
2024-02-28 20:21:00,2033.64,2033.7,2033.12,2033.4,309,4,0,309
2024-02-28 20:24:00,2033.4,2033.58,2032.98,2033.27,300,4,0,300
2024-02-28 20:27:00,2033.27,2033.75,2033.21,2033.4,319,4,0,319
2024-02-28 20:30:00,2033.4,2033.85,2033.18,2033.19,304,4,0,304
2024-02-28 20:33:00,2033.19,2033.24,2032.77,2033.22,278,4,0,278
2024-02-28 20:36:00,2033.23,2033.28,2032.9,2033.0,276,4,0,276
2024-02-28 20:39:00,2033.01,2033.09,2032.79,2032.83,176,4,0,176
2024-02-28 20:42:00,2032.83,2032.89,2032.1,2032.2,241,4,0,241
2024-02-28 20:45:00,2032.2,2032.22,2031.77,2031.93,387,4,0,387
2024-02-28 20:48:00,2031.93,2032.09,2031.76,2032.07,341,4,0,341
2024-02-28 20:51:00,2032.07,2032.15,2031.97,2032.01,184,4,0,184
2024-02-28 20:54:00,2032.01,2032.01,2031.51,2031.62,253,4,0,253
2024-02-28 20:57:00,2031.59,2031.77,2031.51,2031.58,206,4,0,206
2024-02-28 21:00:00,2031.57,2031.62,2031.11,2031.11,137,4,0,137
2024-02-28 21:03:00,2031.11,2031.21,2030.91,2031.1,187,4,0,187
2024-02-28 21:06:00,2031.1,2031.51,2030.9,2031.29,240,4,0,240
2024-02-28 21:09:00,2031.28,2031.72,2031.23,2031.52,294,4,0,294
2024-02-28 21:12:00,2031.51,2031.65,2031.14,2031.24,313,4,0,313
2024-02-28 21:15:00,2031.24,2031.4,2031.1,2031.3,322,4,0,322
2024-02-28 21:18:00,2031.3,2031.51,2031.02,2031.5,311,4,0,311
2024-02-28 21:21:00,2031.49,2031.77,2031.41,2031.71,211,4,0,211
2024-02-28 21:24:00,2031.71,2032.12,2031.69,2031.97,174,4,0,174
2024-02-28 21:27:00,2031.96,2032.02,2031.8,2031.94,217,4,0,217
2024-02-28 21:30:00,2031.93,2031.93,2031.45,2031.47,231,4,0,231
2024-02-28 21:33:00,2031.48,2031.68,2031.39,2031.5,208,4,0,208
2024-02-28 21:36:00,2031.5,2031.56,2031.3,2031.41,226,4,0,226
2024-02-28 21:39:00,2031.4,2031.4,2031.08,2031.23,301,4,0,301
2024-02-28 21:42:00,2031.23,2031.87,2031.13,2031.74,260,4,0,260
2024-02-28 21:45:00,2031.74,2031.91,2031.63,2031.65,140,4,0,140
2024-02-28 21:48:00,2031.65,2031.82,2031.51,2031.6,186,4,0,186
2024-02-28 21:51:00,2031.59,2031.82,2031.43,2031.76,200,4,0,200
2024-02-28 21:54:00,2031.77,2032.35,2031.76,2032.35,263,4,0,263
2024-02-28 21:57:00,2032.35,2032.39,2032.16,2032.22,270,4,0,270
2024-02-28 22:00:00,2032.2,2033.29,2032.14,2033.2,393,4,0,393
2024-02-28 22:03:00,2033.2,2033.52,2033.18,2033.42,379,4,0,379
2024-02-28 22:06:00,2033.44,2033.54,2033.29,2033.36,216,4,0,216
2024-02-28 22:09:00,2033.36,2033.49,2033.28,2033.46,185,4,0,185
2024-02-28 22:12:00,2033.46,2033.76,2033.44,2033.67,224,4,0,224
2024-02-28 22:15:00,2033.69,2033.77,2033.2,2033.27,232,4,0,232
2024-02-28 22:18:00,2033.27,2033.43,2033.11,2033.19,215,4,0,215
2024-02-28 22:21:00,2033.19,2033.44,2033.19,2033.41,182,4,0,182
2024-02-28 22:24:00,2033.42,2033.86,2033.38,2033.79,213,4,0,213
2024-02-28 22:27:00,2033.79,2034.24,2033.79,2034.18,145,4,0,145
2024-02-28 22:30:00,2034.18,2034.28,2033.87,2034.11,227,4,0,227
2024-02-28 22:33:00,2034.12,2034.2,2033.53,2033.73,280,4,0,280
2024-02-28 22:36:00,2033.73,2034.0,2033.63,2033.72,199,4,0,199
2024-02-28 22:39:00,2033.72,2033.81,2033.58,2033.63,85,4,0,85
2024-02-28 22:42:00,2033.62,2033.82,2033.61,2033.66,65,4,0,65
2024-02-28 22:45:00,2033.66,2033.85,2033.62,2033.67,196,4,0,196
2024-02-28 22:48:00,2033.66,2033.82,2033.57,2033.63,123,4,0,123
2024-02-28 22:51:00,2033.62,2034.02,2033.61,2034.01,123,4,0,123
2024-02-28 22:54:00,2034.01,2034.23,2033.83,2033.92,105,4,0,105
2024-02-28 22:57:00,2033.92,2034.1,2033.77,2033.86,135,4,0,135
2024-02-28 23:00:00,2033.86,2033.95,2033.67,2033.72,150,4,0,150
2024-02-28 23:03:00,2033.72,2033.9,2033.71,2033.85,86,4,0,86
2024-02-28 23:06:00,2033.85,2033.93,2033.72,2033.82,119,4,0,119
2024-02-28 23:09:00,2033.82,2033.93,2033.72,2033.75,104,4,0,104
2024-02-28 23:12:00,2033.76,2033.76,2033.5,2033.62,113,4,0,113
2024-02-28 23:15:00,2033.62,2033.64,2033.51,2033.52,79,4,0,79
2024-02-28 23:18:00,2033.53,2033.57,2033.11,2033.21,99,4,0,99
2024-02-28 23:21:00,2033.21,2033.56,2033.2,2033.52,75,4,0,75
2024-02-28 23:24:00,2033.53,2033.65,2033.47,2033.59,81,4,0,81
2024-02-28 23:27:00,2033.59,2033.73,2033.59,2033.66,77,4,0,77
2024-02-28 23:30:00,2033.66,2033.71,2033.59,2033.7,81,4,0,81
2024-02-28 23:33:00,2033.7,2034.28,2033.65,2034.25,176,4,0,176
2024-02-28 23:36:00,2034.26,2034.29,2034.1,2034.15,85,4,0,85
2024-02-28 23:39:00,2034.14,2034.5,2034.14,2034.5,91,4,0,91
2024-02-28 23:42:00,2034.51,2035.0,2034.5,2034.81,136,4,0,136
2024-02-28 23:45:00,2034.8,2035.29,2034.66,2034.9,202,4,0,202
2024-02-28 23:48:00,2034.87,2035.14,2034.87,2035.13,171,4,0,171
2024-02-28 23:51:00,2035.13,2035.18,2034.87,2034.89,77,4,0,77
2024-02-28 23:54:00,2034.89,2035.34,2033.51,2033.79,220,4,0,220
2024-02-28 23:57:00,2033.79,2034.96,2033.77,2034.53,157,4,0,157
2024-02-29 01:00:00,2034.87,2035.2,2034.54,2035.07,254,4,0,254
2024-02-29 01:03:00,2035.07,2035.49,2035.05,2035.21,172,4,0,172
2024-02-29 01:06:00,2035.21,2035.3,2034.9,2035.01,78,4,0,78
2024-02-29 01:09:00,2035.01,2035.2,2035.0,2035.09,74,4,0,74
2024-02-29 01:12:00,2035.09,2035.16,2035.03,2035.04,41,4,0,41
2024-02-29 01:15:00,2035.04,2035.06,2034.84,2034.99,69,4,0,69
2024-02-29 01:18:00,2034.99,2035.32,2034.99,2035.18,86,4,0,86
2024-02-29 01:21:00,2035.18,2035.22,2034.97,2035.0,71,4,0,71
2024-02-29 01:24:00,2035.0,2035.08,2034.9,2035.06,65,4,0,65
2024-02-29 01:27:00,2035.06,2035.19,2034.96,2034.96,60,4,0,60
2024-02-29 01:30:00,2034.96,2035.06,2034.93,2035.01,99,4,0,99
2024-02-29 01:33:00,2035.01,2035.03,2034.86,2034.92,74,4,0,74
2024-02-29 01:36:00,2034.92,2034.96,2034.85,2034.96,49,4,0,49
2024-02-29 01:39:00,2034.96,2035.06,2034.95,2035.0,42,4,0,42
2024-02-29 01:42:00,2035.0,2035.3,2035.0,2035.22,58,4,0,58
2024-02-29 01:45:00,2035.22,2035.27,2035.03,2035.18,81,4,0,81
2024-02-29 01:48:00,2035.18,2035.18,2034.8,2034.8,97,4,0,97
2024-02-29 01:51:00,2034.8,2034.84,2034.69,2034.8,68,4,0,68
2024-02-29 01:54:00,2034.8,2034.9,2034.69,2034.77,81,4,0,81
2024-02-29 01:57:00,2034.77,2034.85,2034.66,2034.7,78,4,0,78
2024-02-29 02:00:00,2034.7,2034.82,2034.58,2034.77,135,4,0,135
2024-02-29 02:03:00,2034.77,2035.29,2034.76,2035.18,118,4,0,118
2024-02-29 02:06:00,2035.18,2035.6,2035.13,2035.3,161,4,0,161
2024-02-29 02:09:00,2035.3,2035.34,2035.07,2035.11,65,4,0,65
2024-02-29 02:12:00,2035.11,2035.41,2035.07,2035.31,85,4,0,85
2024-02-29 02:15:00,2035.35,2035.42,2035.22,2035.37,70,4,0,70
2024-02-29 02:18:00,2035.37,2035.41,2035.12,2035.27,49,4,0,49
2024-02-29 02:21:00,2035.27,2035.35,2035.23,2035.23,44,4,0,44
2024-02-29 02:24:00,2035.23,2035.24,2034.92,2034.92,79,4,0,79
2024-02-29 02:27:00,2034.91,2034.95,2034.8,2034.82,60,4,0,60
2024-02-29 02:30:00,2034.82,2034.86,2034.46,2034.52,104,4,0,104
2024-02-29 02:33:00,2034.52,2034.53,2034.34,2034.43,102,4,0,102
2024-02-29 02:36:00,2034.43,2034.71,2034.43,2034.68,114,4,0,114
2024-02-29 02:39:00,2034.67,2034.89,2034.67,2034.83,131,4,0,131
2024-02-29 02:42:00,2034.83,2034.97,2034.52,2034.81,212,4,0,212
2024-02-29 02:45:00,2034.81,2035.35,2034.78,2035.29,213,4,0,213
2024-02-29 02:48:00,2035.29,2035.29,2034.88,2034.89,104,4,0,104
2024-02-29 02:51:00,2034.9,2034.9,2034.43,2034.43,180,4,0,180
2024-02-29 02:54:00,2034.43,2034.56,2034.19,2034.28,171,4,0,171
2024-02-29 02:57:00,2034.29,2034.3,2033.99,2034.22,147,4,0,147
2024-02-29 03:00:00,2034.22,2035.02,2034.19,2034.71,339,4,0,339
2024-02-29 03:03:00,2034.71,2035.18,2034.62,2035.11,273,4,0,273
2024-02-29 03:06:00,2035.11,2035.21,2034.86,2035.12,178,4,0,178
2024-02-29 03:09:00,2035.12,2035.43,2035.05,2035.35,190,4,0,190
2024-02-29 03:12:00,2035.35,2035.41,2034.93,2034.97,135,4,0,135
2024-02-29 03:15:00,2034.97,2035.57,2034.89,2034.99,304,4,0,304
2024-02-29 03:18:00,2034.95,2034.96,2034.59,2034.59,297,4,0,297
2024-02-29 03:21:00,2034.59,2034.7,2034.48,2034.52,248,4,0,248
2024-02-29 03:24:00,2034.52,2034.73,2034.38,2034.72,369,4,0,369
2024-02-29 03:27:00,2034.72,2035.16,2034.65,2034.96,336,4,0,336
2024-02-29 03:30:00,2034.98,2035.16,2034.71,2034.85,462,4,0,462
2024-02-29 03:33:00,2034.85,2035.51,2034.85,2035.45,304,4,0,304
2024-02-29 03:36:00,2035.46,2035.86,2035.19,2035.67,313,4,0,313
2024-02-29 03:39:00,2035.67,2036.18,2035.43,2035.89,268,4,0,268
2024-02-29 03:42:00,2035.89,2036.57,2035.89,2036.25,352,4,0,352
2024-02-29 03:45:00,2036.25,2036.29,2035.73,2035.77,268,4,0,268
2024-02-29 03:48:00,2035.77,2035.85,2035.51,2035.84,293,4,0,293
2024-02-29 03:51:00,2035.84,2036.56,2035.64,2036.56,319,4,0,319
2024-02-29 03:54:00,2036.56,2036.63,2035.79,2035.81,269,4,0,269
2024-02-29 03:57:00,2035.82,2036.52,2035.82,2036.5,311,4,0,311
2024-02-29 04:00:00,2036.5,2036.61,2035.97,2036.04,403,4,0,403
2024-02-29 04:03:00,2036.07,2036.31,2035.73,2035.73,420,4,0,420
2024-02-29 04:06:00,2035.73,2036.11,2035.5,2035.89,391,4,0,391
2024-02-29 04:09:00,2035.9,2036.38,2035.77,2036.03,274,4,0,274
2024-02-29 04:12:00,2036.02,2036.5,2035.85,2036.3,326,4,0,326
2024-02-29 04:15:00,2036.29,2036.37,2035.98,2036.19,283,4,0,283
2024-02-29 04:18:00,2036.18,2036.56,2035.84,2036.56,349,4,0,349
2024-02-29 04:21:00,2036.56,2037.04,2036.56,2036.9,321,4,0,321
2024-02-29 04:24:00,2036.89,2037.04,2036.81,2036.94,249,4,0,249
2024-02-29 04:27:00,2036.93,2037.12,2036.7,2036.79,243,4,0,243
2024-02-29 04:30:00,2036.79,2036.79,2036.16,2036.3,327,4,0,327
2024-02-29 04:33:00,2036.3,2036.78,2036.29,2036.38,221,4,0,221
2024-02-29 04:36:00,2036.37,2036.94,2036.11,2036.92,340,4,0,340
2024-02-29 04:39:00,2036.92,2037.08,2036.6,2036.68,231,4,0,231
2024-02-29 04:42:00,2036.68,2036.74,2036.34,2036.44,188,4,0,188
2024-02-29 04:45:00,2036.44,2036.51,2036.0,2036.17,248,4,0,248
2024-02-29 04:48:00,2036.17,2036.25,2035.96,2036.24,197,4,0,197
2024-02-29 04:51:00,2036.24,2036.65,2036.23,2036.56,160,4,0,160
2024-02-29 04:54:00,2036.56,2036.89,2036.46,2036.57,220,4,0,220
2024-02-29 04:57:00,2036.57,2036.67,2036.39,2036.61,240,4,0,240
2024-02-29 05:00:00,2036.63,2036.64,2036.32,2036.34,222,4,0,222
2024-02-29 05:03:00,2036.34,2036.59,2036.27,2036.45,184,4,0,184
2024-02-29 05:06:00,2036.46,2036.79,2036.42,2036.48,167,4,0,167
2024-02-29 05:09:00,2036.48,2036.56,2036.37,2036.45,125,4,0,125
2024-02-29 05:12:00,2036.45,2036.68,2036.12,2036.14,153,4,0,153
2024-02-29 05:15:00,2036.14,2036.48,2036.05,2036.26,231,4,0,231
2024-02-29 05:18:00,2036.27,2036.36,2036.19,2036.27,150,4,0,150
2024-02-29 05:21:00,2036.27,2036.27,2035.95,2035.98,170,4,0,170
2024-02-29 05:24:00,2035.98,2036.06,2035.7,2035.94,240,4,0,240
2024-02-29 05:27:00,2035.94,2035.94,2035.54,2035.73,218,4,0,218
2024-02-29 05:30:00,2035.71,2035.71,2035.35,2035.36,143,4,0,143
2024-02-29 05:33:00,2035.36,2035.72,2035.26,2035.61,262,4,0,262
2024-02-29 05:36:00,2035.61,2035.63,2035.49,2035.61,88,4,0,88
2024-02-29 05:39:00,2035.61,2035.79,2035.48,2035.48,179,4,0,179
2024-02-29 05:42:00,2035.48,2035.67,2035.44,2035.62,138,4,0,138
2024-02-29 05:45:00,2035.62,2035.88,2035.61,2035.78,155,4,0,155
2024-02-29 05:48:00,2035.78,2035.81,2035.7,2035.81,163,4,0,163
2024-02-29 05:51:00,2035.81,2036.3,2035.77,2036.29,148,4,0,148
2024-02-29 05:54:00,2036.29,2036.49,2036.29,2036.48,112,4,0,112
2024-02-29 05:57:00,2036.48,2036.69,2036.42,2036.67,98,4,0,98
2024-02-29 06:00:00,2036.67,2036.67,2036.17,2036.18,183,4,0,183
2024-02-29 06:03:00,2036.19,2036.24,2036.01,2036.01,108,4,0,108
2024-02-29 06:06:00,2036.01,2036.1,2035.91,2036.07,149,4,0,149
2024-02-29 06:09:00,2036.08,2036.2,2035.99,2036.11,102,4,0,102
2024-02-29 06:12:00,2036.11,2036.11,2035.88,2035.91,152,4,0,152
2024-02-29 06:15:00,2035.92,2036.03,2035.7,2036.01,134,4,0,134
2024-02-29 06:18:00,2036.03,2036.31,2035.97,2036.28,129,4,0,129
2024-02-29 06:21:00,2036.28,2036.47,2036.27,2036.37,113,4,0,113
2024-02-29 06:24:00,2036.4,2036.47,2036.3,2036.35,130,4,0,130
2024-02-29 06:27:00,2036.36,2036.38,2036.07,2036.09,161,4,0,161
2024-02-29 06:30:00,2036.08,2036.08,2035.72,2035.85,129,4,0,129
2024-02-29 06:33:00,2035.85,2036.09,2035.84,2035.98,126,4,0,126
2024-02-29 06:36:00,2035.98,2036.09,2035.84,2035.84,74,4,0,74
2024-02-29 06:39:00,2035.85,2035.86,2035.56,2035.57,117,4,0,117
2024-02-29 06:42:00,2035.57,2035.67,2035.46,2035.55,103,4,0,103
2024-02-29 06:45:00,2035.58,2035.6,2035.37,2035.41,122,4,0,122
2024-02-29 06:48:00,2035.41,2035.42,2035.15,2035.28,209,4,0,209
2024-02-29 06:51:00,2035.28,2035.34,2035.2,2035.26,77,4,0,77
2024-02-29 06:54:00,2035.26,2035.34,2035.21,2035.27,88,4,0,88
2024-02-29 06:57:00,2035.26,2035.45,2035.24,2035.26,82,4,0,82
2024-02-29 07:00:00,2035.26,2035.85,2035.26,2035.82,175,4,0,175
2024-02-29 07:03:00,2035.82,2035.83,2035.59,2035.73,98,4,0,98
2024-02-29 07:06:00,2035.74,2035.74,2035.43,2035.54,78,4,0,78
2024-02-29 07:09:00,2035.54,2035.69,2035.04,2035.04,130,4,0,130
2024-02-29 07:12:00,2035.04,2035.22,2034.83,2035.05,139,4,0,139
2024-02-29 07:15:00,2035.05,2035.15,2034.94,2034.95,140,4,0,140
2024-02-29 07:18:00,2034.95,2034.95,2034.7,2034.71,108,4,0,108
2024-02-29 07:21:00,2034.71,2034.99,2034.71,2034.94,159,4,0,159
2024-02-29 07:24:00,2034.93,2035.36,2034.75,2034.77,305,4,0,305
2024-02-29 07:27:00,2034.77,2034.99,2034.6,2034.8,235,4,0,235
2024-02-29 07:30:00,2034.81,2034.97,2034.43,2034.57,330,4,0,330
2024-02-29 07:33:00,2034.58,2035.24,2034.57,2035.17,256,4,0,256
2024-02-29 07:36:00,2035.18,2035.35,2035.07,2035.35,144,4,0,144
2024-02-29 07:39:00,2035.35,2035.47,2035.14,2035.19,182,4,0,182
2024-02-29 07:42:00,2035.18,2035.56,2035.17,2035.52,190,4,0,190
2024-02-29 07:45:00,2035.55,2035.84,2035.47,2035.59,188,4,0,188
2024-02-29 07:48:00,2035.59,2035.73,2035.57,2035.65,192,4,0,192
2024-02-29 07:51:00,2035.66,2036.0,2035.5,2036.0,144,4,0,144
2024-02-29 07:54:00,2035.99,2036.01,2035.66,2035.72,108,4,0,108
2024-02-29 07:57:00,2035.74,2035.86,2035.57,2035.7,208,4,0,208
2024-02-29 08:00:00,2035.7,2035.8,2035.54,2035.7,257,4,0,257
2024-02-29 08:03:00,2035.7,2035.83,2035.63,2035.73,210,4,0,210
2024-02-29 08:06:00,2035.73,2035.89,2035.51,2035.77,211,4,0,211
2024-02-29 08:09:00,2035.77,2035.89,2035.61,2035.74,125,4,0,125
2024-02-29 08:12:00,2035.74,2035.99,2035.68,2035.77,166,4,0,166
2024-02-29 08:15:00,2035.77,2036.22,2035.69,2036.22,213,4,0,213
2024-02-29 08:18:00,2036.21,2036.4,2036.21,2036.31,250,4,0,250
2024-02-29 08:21:00,2036.31,2036.56,2036.16,2036.19,259,4,0,259
2024-02-29 08:24:00,2036.19,2036.26,2036.05,2036.18,150,4,0,150
2024-02-29 08:27:00,2036.19,2036.51,2036.08,2036.5,231,4,0,231
2024-02-29 08:30:00,2036.5,2036.54,2036.26,2036.52,247,4,0,247
2024-02-29 08:33:00,2036.52,2036.93,2036.51,2036.91,202,4,0,202
2024-02-29 08:36:00,2036.91,2037.06,2036.69,2036.92,343,4,0,343
2024-02-29 08:39:00,2036.92,2036.97,2036.58,2036.6,168,4,0,168
2024-02-29 08:42:00,2036.6,2036.82,2036.48,2036.69,227,4,0,227
2024-02-29 08:45:00,2036.71,2036.88,2036.65,2036.8,179,4,0,179
2024-02-29 08:48:00,2036.8,2036.92,2036.66,2036.92,152,4,0,152
2024-02-29 08:51:00,2036.92,2037.1,2036.91,2037.04,164,4,0,164
2024-02-29 08:54:00,2037.04,2037.04,2036.81,2036.91,196,4,0,196
2024-02-29 08:57:00,2036.91,2037.03,2036.72,2036.91,224,4,0,224
2024-02-29 09:00:00,2036.91,2037.16,2036.5,2036.99,335,4,0,335
2024-02-29 09:03:00,2036.99,2037.28,2036.82,2037.26,350,4,0,350
2024-02-29 09:06:00,2037.26,2037.61,2037.21,2037.28,293,4,0,293
2024-02-29 09:09:00,2037.28,2037.39,2036.93,2037.01,247,4,0,247
2024-02-29 09:12:00,2037.01,2037.2,2036.81,2036.86,159,4,0,159
2024-02-29 09:15:00,2036.86,2037.03,2036.73,2036.77,231,4,0,231
2024-02-29 09:18:00,2036.77,2036.87,2036.58,2036.8,280,4,0,280
2024-02-29 09:21:00,2036.8,2037.05,2036.59,2036.59,274,4,0,274
2024-02-29 09:24:00,2036.59,2036.68,2035.99,2036.24,305,4,0,305
2024-02-29 09:27:00,2036.25,2036.57,2036.19,2036.54,241,4,0,241
2024-02-29 09:30:00,2036.52,2037.13,2036.52,2036.93,308,4,0,308
2024-02-29 09:33:00,2036.93,2037.33,2036.86,2037.12,316,4,0,316
2024-02-29 09:36:00,2037.12,2037.73,2037.06,2037.41,314,4,0,314
2024-02-29 09:39:00,2037.38,2037.8,2037.38,2037.73,284,4,0,284
2024-02-29 09:42:00,2037.73,2037.88,2037.37,2037.51,257,4,0,257
2024-02-29 09:45:00,2037.51,2037.9,2037.22,2037.36,547,4,0,547
2024-02-29 09:48:00,2037.36,2037.38,2036.47,2036.5,448,4,0,448
2024-02-29 09:51:00,2036.49,2037.31,2036.4,2037.19,445,4,0,445
2024-02-29 09:54:00,2037.19,2037.22,2036.81,2036.91,380,4,0,380
2024-02-29 09:57:00,2036.91,2037.44,2036.79,2037.37,337,4,0,337
2024-02-29 10:00:00,2037.37,2037.41,2036.95,2037.17,726,4,0,726
2024-02-29 10:03:00,2037.17,2037.2,2036.01,2036.26,488,4,0,488
2024-02-29 10:06:00,2036.24,2036.41,2035.89,2036.08,428,4,0,428
2024-02-29 10:09:00,2036.1,2036.2,2035.62,2035.96,530,4,0,530
2024-02-29 10:12:00,2035.95,2036.0,2035.57,2035.79,413,4,0,413
2024-02-29 10:15:00,2035.79,2036.4,2035.72,2036.37,455,4,0,455
2024-02-29 10:18:00,2036.37,2036.62,2036.13,2036.17,393,4,0,393
2024-02-29 10:21:00,2036.17,2036.73,2036.11,2036.63,342,4,0,342
2024-02-29 10:24:00,2036.63,2037.31,2036.61,2036.83,350,4,0,350
2024-02-29 10:27:00,2036.85,2037.06,2036.44,2036.92,308,4,0,308
2024-02-29 10:30:00,2036.92,2037.0,2036.22,2036.32,314,4,0,314
2024-02-29 10:33:00,2036.34,2036.53,2036.22,2036.46,301,4,0,301
2024-02-29 10:36:00,2036.48,2036.7,2036.02,2036.07,306,4,0,306
2024-02-29 10:39:00,2036.06,2036.57,2035.97,2036.55,217,4,0,217
2024-02-29 10:42:00,2036.56,2036.63,2036.26,2036.46,259,4,0,259
2024-02-29 10:45:00,2036.46,2036.54,2036.25,2036.3,262,4,0,262
2024-02-29 10:48:00,2036.3,2036.39,2035.92,2036.13,323,4,0,323
2024-02-29 10:51:00,2036.13,2036.8,2036.13,2036.78,284,4,0,284
2024-02-29 10:54:00,2036.78,2037.13,2036.62,2036.95,386,4,0,386
2024-02-29 10:57:00,2036.95,2037.53,2036.91,2037.26,517,4,0,517
2024-02-29 11:00:00,2037.26,2037.51,2036.6,2036.72,850,4,0,850
2024-02-29 11:03:00,2036.73,2037.13,2036.63,2037.03,518,4,0,518
2024-02-29 11:06:00,2036.99,2036.99,2036.37,2036.57,539,4,0,539
2024-02-29 11:09:00,2036.57,2036.76,2036.41,2036.72,464,4,0,464
2024-02-29 11:12:00,2036.74,2036.87,2036.28,2036.35,317,4,0,317
2024-02-29 11:15:00,2036.36,2036.46,2035.85,2035.96,267,4,0,267
2024-02-29 11:18:00,2035.96,2035.96,2035.37,2035.54,339,4,0,339
2024-02-29 11:21:00,2035.53,2035.6,2035.18,2035.27,308,4,0,308
2024-02-29 11:24:00,2035.27,2036.1,2035.2,2036.03,399,4,0,399
2024-02-29 11:27:00,2036.03,2036.03,2035.53,2035.76,355,4,0,355
2024-02-29 11:30:00,2035.76,2036.07,2035.7,2035.74,374,4,0,374
2024-02-29 11:33:00,2035.74,2035.8,2035.43,2035.66,339,4,0,339
2024-02-29 11:36:00,2035.66,2035.66,2035.3,2035.31,308,4,0,308
2024-02-29 11:39:00,2035.31,2035.31,2034.9,2035.02,356,4,0,356
2024-02-29 11:42:00,2035.02,2035.36,2035.02,2035.29,268,4,0,268
2024-02-29 11:45:00,2035.29,2035.32,2034.38,2034.39,307,4,0,307
2024-02-29 11:48:00,2034.39,2034.64,2034.08,2034.17,439,4,0,439
2024-02-29 11:51:00,2034.17,2034.73,2034.11,2034.7,430,4,0,430
2024-02-29 11:54:00,2034.69,2035.11,2034.67,2034.89,412,4,0,412
2024-02-29 11:57:00,2034.89,2034.91,2034.52,2034.63,394,4,0,394
2024-02-29 12:00:00,2034.63,2034.77,2034.18,2034.2,361,4,0,361
2024-02-29 12:03:00,2034.2,2034.86,2034.13,2034.84,406,4,0,406
2024-02-29 12:06:00,2034.84,2034.85,2034.61,2034.79,222,4,0,222
2024-02-29 12:09:00,2034.78,2034.81,2034.08,2034.08,337,4,0,337
2024-02-29 12:12:00,2034.08,2034.26,2034.02,2034.14,275,4,0,275
2024-02-29 12:15:00,2034.15,2034.2,2033.3,2033.45,256,4,0,256
2024-02-29 12:18:00,2033.45,2033.92,2033.33,2033.79,226,4,0,226
2024-02-29 12:21:00,2033.79,2033.81,2033.39,2033.42,211,4,0,211
2024-02-29 12:24:00,2033.42,2033.42,2032.8,2032.87,259,4,0,259
2024-02-29 12:27:00,2032.87,2033.03,2032.57,2032.63,326,4,0,326
2024-02-29 12:30:00,2032.61,2033.06,2032.43,2032.8,345,4,0,345
2024-02-29 12:33:00,2032.79,2032.89,2032.25,2032.38,322,4,0,322
2024-02-29 12:36:00,2032.39,2032.63,2031.83,2031.84,459,4,0,459
2024-02-29 12:39:00,2031.84,2031.92,2031.32,2031.63,531,4,0,531
2024-02-29 12:42:00,2031.63,2032.0,2031.45,2031.65,340,4,0,340
2024-02-29 12:45:00,2031.65,2031.65,2030.71,2030.84,468,4,0,468
2024-02-29 12:48:00,2030.84,2031.31,2030.72,2030.83,459,4,0,459
2024-02-29 12:51:00,2030.84,2031.08,2030.55,2031.07,455,4,0,455
2024-02-29 12:54:00,2031.07,2031.09,2030.69,2030.94,345,4,0,345
2024-02-29 12:57:00,2030.92,2031.02,2030.6,2030.85,348,4,0,348
2024-02-29 13:00:00,2030.84,2030.95,2030.62,2030.62,333,4,0,333
2024-02-29 13:03:00,2030.62,2030.91,2030.29,2030.91,455,4,0,455
2024-02-29 13:06:00,2030.9,2031.26,2030.62,2031.26,391,4,0,391
2024-02-29 13:09:00,2031.26,2031.55,2031.12,2031.35,379,4,0,379
2024-02-29 13:12:00,2031.34,2031.54,2031.1,2031.24,285,4,0,285
2024-02-29 13:15:00,2031.24,2031.31,2031.03,2031.24,259,4,0,259
2024-02-29 13:18:00,2031.24,2031.24,2030.91,2030.93,263,4,0,263
2024-02-29 13:21:00,2030.94,2031.1,2030.82,2031.03,218,4,0,218
2024-02-29 13:24:00,2031.03,2031.83,2030.95,2031.56,461,4,0,461
2024-02-29 13:27:00,2031.56,2031.77,2030.96,2031.05,533,4,0,533
2024-02-29 13:30:00,2031.05,2031.12,2030.15,2030.28,435,4,0,435
2024-02-29 13:33:00,2030.28,2030.99,2029.94,2030.89,459,4,0,459
2024-02-29 13:36:00,2030.89,2031.27,2030.74,2030.74,397,4,0,397
2024-02-29 13:39:00,2030.74,2030.74,2030.3,2030.3,288,4,0,288
2024-02-29 13:42:00,2030.3,2030.47,2029.65,2029.87,283,4,0,283
2024-02-29 13:45:00,2029.88,2030.01,2029.19,2029.31,425,4,0,425
2024-02-29 13:48:00,2029.31,2029.77,2028.91,2029.64,427,4,0,427
2024-02-29 13:51:00,2029.64,2030.06,2029.5,2030.04,326,4,0,326
2024-02-29 13:54:00,2030.04,2030.14,2029.82,2030.09,261,4,0,261
2024-02-29 13:57:00,2030.09,2030.42,2029.85,2030.35,370,4,0,370
2024-02-29 14:00:00,2030.35,2030.42,2029.75,2030.38,375,4,0,375
2024-02-29 14:03:00,2030.38,2030.38,2029.91,2029.91,371,4,0,371
2024-02-29 14:06:00,2029.91,2030.11,2029.42,2029.74,380,4,0,380
2024-02-29 14:09:00,2029.74,2029.74,2029.21,2029.46,349,4,0,349
2024-02-29 14:12:00,2029.46,2029.51,2029.09,2029.24,335,4,0,335
2024-02-29 14:15:00,2029.24,2029.59,2029.16,2029.24,363,4,0,363
2024-02-29 14:18:00,2029.23,2029.24,2028.81,2028.99,415,4,0,415
2024-02-29 14:21:00,2028.99,2029.01,2028.15,2028.53,574,4,0,574
2024-02-29 14:24:00,2028.53,2029.13,2028.32,2029.02,420,4,0,420
2024-02-29 14:27:00,2029.01,2029.26,2028.75,2028.79,257,4,0,257
2024-02-29 14:30:00,2028.79,2029.09,2028.59,2028.8,294,4,0,294
2024-02-29 14:33:00,2028.8,2029.76,2028.6,2029.53,414,4,0,414
2024-02-29 14:36:00,2029.53,2029.76,2029.27,2029.74,324,4,0,324
2024-02-29 14:39:00,2029.75,2030.24,2029.55,2030.23,352,4,0,352
2024-02-29 14:42:00,2030.23,2030.53,2030.01,2030.3,444,4,0,444
2024-02-29 14:45:00,2030.3,2030.31,2029.8,2030.04,258,4,0,258
2024-02-29 14:48:00,2030.04,2030.39,2029.92,2030.39,325,4,0,325
2024-02-29 14:51:00,2030.39,2030.6,2030.3,2030.4,329,4,0,329
2024-02-29 14:54:00,2030.4,2030.7,2030.2,2030.33,312,4,0,312
2024-02-29 14:57:00,2030.32,2030.39,2029.93,2030.29,329,4,0,329
2024-02-29 15:00:00,2030.29,2031.6,2030.27,2030.99,1194,4,0,1194
2024-02-29 15:03:00,2030.99,2031.35,2030.33,2030.35,820,4,0,820
2024-02-29 15:06:00,2030.34,2031.37,2030.31,2031.37,618,4,0,618
2024-02-29 15:09:00,2031.36,2031.37,2030.41,2030.98,605,4,0,605
2024-02-29 15:12:00,2030.97,2031.41,2030.87,2031.21,582,4,0,582
2024-02-29 15:15:00,2031.22,2031.74,2031.17,2031.51,521,4,0,521
2024-02-29 15:18:00,2031.51,2032.58,2031.5,2032.56,661,4,0,661
2024-02-29 15:21:00,2032.56,2033.06,2032.25,2032.95,686,4,0,686
2024-02-29 15:24:00,2032.95,2033.27,2032.58,2032.89,785,4,0,785
2024-02-29 15:27:00,2032.89,2033.7,2031.83,2032.07,789,4,0,789
2024-02-29 15:30:00,2032.01,2039.86,2031.37,2038.6,2953,4,0,2953
2024-02-29 15:33:00,2038.6,2040.31,2037.09,2039.53,2700,4,0,2700
2024-02-29 15:36:00,2039.53,2043.32,2039.25,2041.64,2550,4,0,2550
2024-02-29 15:39:00,2041.66,2043.99,2040.79,2042.13,2443,4,0,2443
2024-02-29 15:42:00,2042.13,2044.1,2042.13,2043.92,1743,4,0,1743
2024-02-29 15:45:00,2043.94,2046.92,2043.94,2045.43,2135,4,0,2135
2024-02-29 15:48:00,2045.43,2046.6,2044.83,2046.04,1927,4,0,1927
2024-02-29 15:51:00,2046.04,2048.45,2046.04,2048.32,1936,4,0,1936
2024-02-29 15:54:00,2048.31,2048.7,2047.51,2048.08,1790,4,0,1790
2024-02-29 15:57:00,2048.08,2048.78,2047.68,2047.71,1435,4,0,1435
2024-02-29 16:00:00,2047.71,2049.16,2046.99,2047.37,1313,4,0,1313
2024-02-29 16:03:00,2047.37,2048.27,2046.65,2047.04,1288,4,0,1288
2024-02-29 16:06:00,2047.04,2049.04,2047.03,2049.03,1269,4,0,1269
2024-02-29 16:09:00,2049.02,2050.42,2048.75,2049.29,1198,4,0,1198
2024-02-29 16:12:00,2049.29,2050.01,2049.04,2049.7,849,4,0,849
2024-02-29 16:15:00,2049.7,2049.71,2048.3,2048.7,699,4,0,699
2024-02-29 16:18:00,2048.71,2048.91,2047.87,2048.03,786,4,0,786
2024-02-29 16:21:00,2048.03,2048.44,2047.79,2048.19,761,4,0,761
2024-02-29 16:24:00,2048.19,2048.55,2047.89,2048.42,716,4,0,716
2024-02-29 16:27:00,2048.41,2048.96,2047.96,2048.04,964,4,0,964
2024-02-29 16:30:00,2048.07,2048.9,2047.49,2048.38,1537,4,0,1537
2024-02-29 16:33:00,2048.37,2048.9,2046.13,2046.34,1341,4,0,1341
2024-02-29 16:36:00,2046.33,2047.04,2045.96,2046.94,1263,4,0,1263
2024-02-29 16:39:00,2046.92,2047.03,2046.33,2046.42,846,4,0,846
2024-02-29 16:42:00,2046.42,2050.03,2046.42,2049.86,1299,4,0,1299
2024-02-29 16:45:00,2049.86,2050.35,2048.92,2049.48,1206,4,0,1206
2024-02-29 16:48:00,2049.48,2050.0,2048.85,2048.86,1082,4,0,1082
2024-02-29 16:51:00,2048.86,2048.99,2047.54,2047.78,1080,4,0,1080
2024-02-29 16:54:00,2047.78,2048.21,2046.97,2047.24,1000,4,0,1000
2024-02-29 16:57:00,2047.25,2047.91,2046.81,2047.82,1024,4,0,1024
2024-02-29 17:00:00,2047.82,2049.95,2047.82,2049.67,1266,4,0,1266
2024-02-29 17:03:00,2049.67,2050.65,2049.18,2050.59,922,4,0,922
2024-02-29 17:06:00,2050.59,2050.76,2048.41,2048.41,915,4,0,915
2024-02-29 17:09:00,2048.41,2049.2,2047.52,2047.83,832,4,0,832
2024-02-29 17:12:00,2047.83,2048.73,2047.12,2048.42,872,4,0,872
2024-02-29 17:15:00,2048.43,2049.12,2047.88,2048.93,824,4,0,824
2024-02-29 17:18:00,2048.98,2049.23,2047.97,2048.18,988,4,0,988
2024-02-29 17:21:00,2048.18,2048.4,2047.14,2048.13,1095,4,0,1095
2024-02-29 17:24:00,2048.13,2048.18,2046.53,2047.16,965,4,0,965
2024-02-29 17:27:00,2047.16,2049.11,2047.15,2048.82,768,4,0,768
2024-02-29 17:30:00,2048.82,2049.84,2048.41,2048.41,770,4,0,770
2024-02-29 17:33:00,2048.42,2050.03,2048.42,2049.48,824,4,0,824
2024-02-29 17:36:00,2049.46,2049.46,2048.66,2049.08,783,4,0,783
2024-02-29 17:39:00,2049.1,2049.4,2048.73,2049.19,564,4,0,564
2024-02-29 17:42:00,2049.2,2049.34,2047.41,2047.43,830,4,0,830
2024-02-29 17:45:00,2047.43,2048.11,2047.14,2047.66,861,4,0,861
2024-02-29 17:48:00,2047.66,2049.02,2047.66,2048.72,781,4,0,781
2024-02-29 17:51:00,2048.72,2048.81,2047.76,2048.28,1119,4,0,1119
2024-02-29 17:54:00,2048.28,2048.67,2047.85,2047.85,1204,4,0,1204
2024-02-29 17:57:00,2047.86,2048.19,2047.06,2048.17,1111,4,0,1111
2024-02-29 18:00:00,2048.17,2048.43,2046.76,2047.12,1050,4,0,1050
2024-02-29 18:03:00,2047.12,2047.29,2046.37,2047.23,832,4,0,832
2024-02-29 18:06:00,2047.23,2047.3,2046.25,2046.76,771,4,0,771
2024-02-29 18:09:00,2046.77,2047.21,2046.66,2047.09,619,4,0,619
2024-02-29 18:12:00,2047.09,2047.18,2045.34,2045.73,804,4,0,804
2024-02-29 18:15:00,2045.71,2046.46,2045.34,2045.55,839,4,0,839
2024-02-29 18:18:00,2045.56,2046.11,2045.46,2046.11,623,4,0,623
2024-02-29 18:21:00,2046.11,2046.13,2044.49,2045.03,718,4,0,718
2024-02-29 18:24:00,2045.04,2046.34,2045.04,2045.86,804,4,0,804
2024-02-29 18:27:00,2045.86,2046.19,2044.84,2044.84,823,4,0,823
2024-02-29 18:30:00,2044.81,2045.53,2043.78,2044.0,1002,4,0,1002
2024-02-29 18:33:00,2043.99,2045.38,2043.94,2045.02,733,4,0,733
2024-02-29 18:36:00,2045.02,2045.6,2044.67,2044.93,602,4,0,602
2024-02-29 18:39:00,2044.93,2045.64,2044.79,2045.64,666,4,0,666
2024-02-29 18:42:00,2045.64,2045.89,2045.01,2045.4,606,4,0,606
2024-02-29 18:45:00,2045.41,2046.32,2045.24,2046.13,537,4,0,537
2024-02-29 18:48:00,2046.11,2046.49,2045.59,2046.39,567,4,0,567
2024-02-29 18:51:00,2046.41,2046.56,2045.82,2045.91,444,4,0,444
2024-02-29 18:54:00,2045.91,2046.11,2045.51,2045.51,500,4,0,500
2024-02-29 18:57:00,2045.51,2045.84,2044.94,2045.02,386,4,0,386
2024-02-29 19:00:00,2044.99,2045.54,2044.82,2045.33,586,4,0,586
2024-02-29 19:03:00,2045.33,2045.45,2045.11,2045.23,395,4,0,395
2024-02-29 19:06:00,2045.23,2045.29,2044.82,2045.12,321,4,0,321
2024-02-29 19:09:00,2045.12,2045.26,2044.32,2044.66,490,4,0,490
2024-02-29 19:12:00,2044.65,2045.43,2044.36,2045.42,345,4,0,345
2024-02-29 19:15:00,2045.43,2046.06,2045.14,2045.28,465,4,0,465
2024-02-29 19:18:00,2045.29,2045.5,2044.89,2045.28,331,4,0,331
2024-02-29 19:21:00,2045.28,2045.28,2044.97,2045.07,247,4,0,247
2024-02-29 19:24:00,2045.07,2045.49,2044.97,2045.33,332,4,0,332
2024-02-29 19:27:00,2045.33,2045.45,2044.31,2044.49,391,4,0,391
2024-02-29 19:30:00,2044.5,2044.5,2043.37,2043.45,356,4,0,356
2024-02-29 19:33:00,2043.45,2044.3,2043.36,2044.17,526,4,0,526
2024-02-29 19:36:00,2044.17,2044.46,2043.91,2044.46,307,4,0,307
2024-02-29 19:39:00,2044.45,2044.75,2044.44,2044.47,407,4,0,407
2024-02-29 19:42:00,2044.47,2045.03,2044.21,2044.29,491,4,0,491
2024-02-29 19:45:00,2044.29,2044.51,2044.08,2044.33,334,4,0,334
2024-02-29 19:48:00,2044.34,2044.7,2043.82,2044.04,474,4,0,474
2024-02-29 19:51:00,2044.04,2045.31,2043.97,2045.26,432,4,0,432
2024-02-29 19:54:00,2045.26,2045.82,2045.07,2045.47,496,4,0,496
2024-02-29 19:57:00,2045.47,2045.9,2045.2,2045.74,447,4,0,447
2024-02-29 20:00:00,2045.73,2046.18,2045.21,2045.93,586,4,0,586
2024-02-29 20:03:00,2045.94,2046.31,2045.89,2046.1,483,4,0,483
2024-02-29 20:06:00,2046.09,2046.27,2045.68,2045.85,560,4,0,560
2024-02-29 20:09:00,2045.85,2046.22,2045.79,2046.16,459,4,0,459
2024-02-29 20:12:00,2046.16,2046.86,2046.04,2046.58,443,4,0,443
2024-02-29 20:15:00,2046.59,2046.66,2045.94,2046.01,431,4,0,431
2024-02-29 20:18:00,2045.98,2046.14,2045.5,2045.88,529,4,0,529
2024-02-29 20:21:00,2045.87,2046.02,2045.49,2045.94,504,4,0,504
2024-02-29 20:24:00,2045.93,2046.55,2045.73,2046.19,646,4,0,646
2024-02-29 20:27:00,2046.19,2046.61,2045.8,2045.89,758,4,0,758
2024-02-29 20:30:00,2045.89,2046.04,2045.09,2046.03,583,4,0,583
2024-02-29 20:33:00,2046.03,2046.4,2046.0,2046.12,330,4,0,330
2024-02-29 20:36:00,2046.12,2046.12,2045.39,2045.56,361,4,0,361
2024-02-29 20:39:00,2045.56,2045.73,2045.5,2045.61,391,4,0,391
2024-02-29 20:42:00,2045.61,2045.78,2045.13,2045.45,360,4,0,360
2024-02-29 20:45:00,2045.44,2045.51,2045.1,2045.51,307,4,0,307
2024-02-29 20:48:00,2045.51,2046.0,2045.41,2045.99,345,4,0,345
2024-02-29 20:51:00,2046.0,2046.17,2045.76,2046.07,264,4,0,264
2024-02-29 20:54:00,2046.07,2046.41,2046.02,2046.26,335,4,0,335
2024-02-29 20:57:00,2046.26,2046.62,2046.24,2046.34,377,4,0,377
2024-02-29 21:00:00,2046.33,2046.94,2046.33,2046.66,389,4,0,389
2024-02-29 21:03:00,2046.65,2046.84,2046.2,2046.24,302,4,0,302
2024-02-29 21:06:00,2046.23,2046.81,2046.23,2046.73,352,4,0,352
2024-02-29 21:09:00,2046.73,2046.76,2046.32,2046.34,320,4,0,320
2024-02-29 21:12:00,2046.34,2046.46,2045.93,2046.06,350,4,0,350
2024-02-29 21:15:00,2046.05,2046.34,2046.02,2046.23,312,4,0,312
2024-02-29 21:18:00,2046.22,2046.32,2045.86,2045.97,374,4,0,374
2024-02-29 21:21:00,2045.96,2046.31,2045.87,2046.3,314,4,0,314
2024-02-29 21:24:00,2046.3,2046.51,2046.2,2046.29,355,4,0,355
2024-02-29 21:27:00,2046.3,2046.6,2046.26,2046.47,345,4,0,345
2024-02-29 21:30:00,2046.46,2046.84,2046.31,2046.8,298,4,0,298
2024-02-29 21:33:00,2046.8,2046.82,2046.62,2046.76,228,4,0,228
2024-02-29 21:36:00,2046.76,2046.76,2046.33,2046.39,281,4,0,281
2024-02-29 21:39:00,2046.39,2046.56,2045.33,2045.46,317,4,0,317
2024-02-29 21:42:00,2045.49,2045.49,2044.75,2044.75,326,4,0,326
2024-02-29 21:45:00,2044.75,2045.5,2044.68,2045.48,402,4,0,402
2024-02-29 21:48:00,2045.49,2045.49,2044.82,2044.98,306,4,0,306
2024-02-29 21:51:00,2044.98,2044.98,2044.46,2044.54,180,4,0,180
2024-02-29 21:54:00,2044.54,2044.72,2044.08,2044.37,227,4,0,227
2024-02-29 21:57:00,2044.37,2044.55,2044.23,2044.51,245,4,0,245
2024-02-29 22:00:00,2044.5,2045.45,2044.44,2045.16,403,4,0,403
2024-02-29 22:03:00,2045.16,2045.21,2044.84,2045.14,271,4,0,271
2024-02-29 22:06:00,2045.14,2045.17,2044.87,2045.07,230,4,0,230
2024-02-29 22:09:00,2045.07,2045.13,2044.89,2045.01,254,4,0,254
2024-02-29 22:12:00,2045.01,2045.13,2044.8,2044.89,204,4,0,204
2024-02-29 22:15:00,2044.89,2045.22,2044.84,2045.18,225,4,0,225
2024-02-29 22:18:00,2045.18,2045.5,2045.14,2045.5,202,4,0,202
2024-02-29 22:21:00,2045.51,2045.51,2045.17,2045.27,199,4,0,199
2024-02-29 22:24:00,2045.28,2045.42,2045.07,2045.21,227,4,0,227
2024-02-29 22:27:00,2045.2,2045.2,2044.49,2044.5,220,4,0,220
2024-02-29 22:30:00,2044.49,2044.52,2044.29,2044.31,197,4,0,197
2024-02-29 22:33:00,2044.31,2044.56,2044.04,2044.52,277,4,0,277
2024-02-29 22:36:00,2044.52,2044.6,2044.33,2044.44,307,4,0,307
2024-02-29 22:39:00,2044.44,2044.48,2044.16,2044.31,260,4,0,260
2024-02-29 22:42:00,2044.31,2044.35,2044.05,2044.08,243,4,0,243
2024-02-29 22:45:00,2044.08,2044.27,2044.07,2044.25,219,4,0,219
2024-02-29 22:48:00,2044.25,2044.25,2044.1,2044.1,166,4,0,166
2024-02-29 22:51:00,2044.1,2044.18,2043.78,2044.16,313,4,0,313
2024-02-29 22:54:00,2044.14,2044.18,2043.83,2043.96,480,4,0,480
2024-02-29 22:57:00,2043.96,2044.31,2043.86,2044.08,843,4,0,843
2024-02-29 23:00:00,2044.08,2044.26,2043.47,2043.7,481,4,0,481
2024-02-29 23:03:00,2043.7,2043.89,2043.46,2043.49,285,4,0,285
2024-02-29 23:06:00,2043.49,2043.52,2043.3,2043.46,219,4,0,219
2024-02-29 23:09:00,2043.45,2043.62,2043.38,2043.55,108,4,0,108
2024-02-29 23:12:00,2043.55,2043.68,2043.44,2043.67,145,4,0,145
2024-02-29 23:15:00,2043.67,2043.67,2043.37,2043.46,97,4,0,97
2024-02-29 23:18:00,2043.46,2043.61,2043.39,2043.61,117,4,0,117
2024-02-29 23:21:00,2043.61,2043.73,2043.57,2043.7,108,4,0,108
2024-02-29 23:24:00,2043.7,2043.86,2043.69,2043.7,90,4,0,90
2024-02-29 23:27:00,2043.71,2043.82,2043.64,2043.7,58,4,0,58
2024-02-29 23:30:00,2043.7,2043.7,2043.46,2043.48,61,4,0,61
2024-02-29 23:33:00,2043.48,2043.56,2043.35,2043.35,130,4,0,130
2024-02-29 23:36:00,2043.33,2043.36,2043.16,2043.2,104,4,0,104
2024-02-29 23:39:00,2043.2,2043.29,2042.93,2043.03,123,4,0,123
2024-02-29 23:42:00,2043.03,2043.22,2043.01,2043.19,55,4,0,55
2024-02-29 23:45:00,2043.19,2043.56,2043.1,2043.42,123,4,0,123
2024-02-29 23:48:00,2043.42,2043.55,2043.37,2043.53,100,4,0,100
2024-02-29 23:51:00,2043.52,2043.92,2043.52,2043.92,55,4,0,55
2024-02-29 23:54:00,2043.91,2043.92,2043.61,2043.79,93,4,0,93
2024-02-29 23:57:00,2043.8,2044.26,2043.79,2044.2,91,4,0,91
2024-03-01 01:00:00,2043.88,2043.88,2043.38,2043.41,64,34,0,64
2024-03-01 01:03:00,2043.41,2043.72,2043.34,2043.51,111,4,0,111
2024-03-01 01:06:00,2043.47,2043.74,2043.43,2043.72,179,4,0,179
2024-03-01 01:09:00,2043.72,2043.86,2043.56,2043.57,66,4,0,66
2024-03-01 01:12:00,2043.59,2043.63,2043.52,2043.56,66,4,0,66
2024-03-01 01:15:00,2043.55,2043.58,2043.34,2043.38,92,4,0,92
2024-03-01 01:18:00,2043.38,2043.47,2043.33,2043.47,78,4,0,78
2024-03-01 01:21:00,2043.47,2043.47,2043.02,2043.19,125,4,0,125
2024-03-01 01:24:00,2043.19,2043.66,2043.17,2043.55,101,4,0,101
2024-03-01 01:27:00,2043.55,2043.75,2043.5,2043.51,106,4,0,106
2024-03-01 01:30:00,2043.51,2043.56,2043.36,2043.49,101,4,0,101
2024-03-01 01:33:00,2043.49,2043.6,2043.35,2043.55,134,4,0,134
2024-03-01 01:36:00,2043.56,2043.65,2043.56,2043.65,88,4,0,88
2024-03-01 01:39:00,2043.66,2043.86,2043.66,2043.73,93,4,0,93
2024-03-01 01:42:00,2043.73,2043.73,2043.47,2043.53,119,4,0,119
2024-03-01 01:45:00,2043.53,2043.9,2043.37,2043.85,159,4,0,159
2024-03-01 01:48:00,2043.85,2043.91,2043.78,2043.79,105,4,0,105
2024-03-01 01:51:00,2043.77,2043.99,2043.77,2043.88,96,4,0,96
2024-03-01 01:54:00,2043.87,2044.04,2043.81,2043.99,192,4,0,192
2024-03-01 01:57:00,2043.99,2044.32,2043.87,2044.27,156,4,0,156
2024-03-01 02:00:00,2044.27,2044.31,2043.33,2043.48,360,4,0,360
2024-03-01 02:03:00,2043.48,2043.49,2042.89,2043.3,258,4,0,258
2024-03-01 02:06:00,2043.3,2043.65,2043.26,2043.59,140,4,0,140
2024-03-01 02:09:00,2043.59,2043.82,2043.49,2043.73,97,4,0,97
2024-03-01 02:12:00,2043.74,2043.98,2043.55,2043.91,148,4,0,148
2024-03-01 02:15:00,2043.9,2044.08,2043.8,2043.85,166,4,0,166
2024-03-01 02:18:00,2043.86,2043.87,2043.55,2043.69,180,4,0,180
2024-03-01 02:21:00,2043.69,2043.7,2043.42,2043.55,179,4,0,179
2024-03-01 02:24:00,2043.55,2043.65,2043.48,2043.64,55,4,0,55
2024-03-01 02:27:00,2043.64,2043.69,2043.52,2043.54,102,4,0,102
2024-03-01 02:30:00,2043.54,2043.57,2043.16,2043.19,185,4,0,185
2024-03-01 02:33:00,2043.19,2043.38,2043.18,2043.32,182,4,0,182
2024-03-01 02:36:00,2043.32,2043.32,2042.98,2043.01,112,4,0,112
2024-03-01 02:39:00,2043.01,2043.27,2042.86,2043.26,155,4,0,155
2024-03-01 02:42:00,2043.26,2043.48,2043.21,2043.47,144,4,0,144
2024-03-01 02:45:00,2043.47,2043.57,2043.24,2043.39,202,4,0,202
2024-03-01 02:48:00,2043.39,2043.65,2043.39,2043.65,123,4,0,123
2024-03-01 02:51:00,2043.65,2043.88,2043.55,2043.75,168,4,0,168
2024-03-01 02:54:00,2043.75,2044.07,2043.59,2044.06,164,4,0,164
2024-03-01 02:57:00,2044.06,2044.13,2043.81,2043.81,205,4,0,205
2024-03-01 03:00:00,2043.81,2044.24,2043.67,2043.75,512,4,0,512
2024-03-01 03:03:00,2043.75,2043.75,2043.1,2043.29,362,4,0,362
2024-03-01 03:06:00,2043.29,2043.57,2043.18,2043.57,262,4,0,262
2024-03-01 03:09:00,2043.57,2043.65,2043.51,2043.6,168,4,0,168
2024-03-01 03:12:00,2043.59,2043.88,2043.59,2043.82,159,4,0,159
2024-03-01 03:15:00,2043.82,2043.98,2043.76,2043.87,153,4,0,153
2024-03-01 03:18:00,2043.88,2044.0,2043.77,2043.97,128,4,0,128
2024-03-01 03:21:00,2043.99,2044.19,2043.78,2043.8,136,4,0,136
2024-03-01 03:24:00,2043.8,2044.05,2043.66,2043.98,162,4,0,162
2024-03-01 03:27:00,2043.99,2044.15,2043.96,2044.08,114,4,0,114
2024-03-01 03:30:00,2044.07,2044.39,2044.0,2044.27,241,4,0,241
2024-03-01 03:33:00,2044.27,2044.45,2044.05,2044.45,155,4,0,155
2024-03-01 03:36:00,2044.45,2044.77,2044.44,2044.46,153,4,0,153
2024-03-01 03:39:00,2044.46,2044.57,2044.17,2044.37,193,4,0,193
2024-03-01 03:42:00,2044.38,2044.39,2044.17,2044.26,168,4,0,168
2024-03-01 03:45:00,2044.26,2044.42,2044.17,2044.42,154,4,0,154
2024-03-01 03:48:00,2044.42,2044.47,2044.13,2044.18,262,4,0,262
2024-03-01 03:51:00,2044.17,2044.27,2043.97,2044.05,198,4,0,198
2024-03-01 03:54:00,2044.05,2044.33,2043.97,2044.25,139,4,0,139
2024-03-01 03:57:00,2044.24,2044.46,2044.24,2044.38,232,4,0,232
2024-03-01 04:00:00,2044.38,2044.52,2044.27,2044.39,148,4,0,148
2024-03-01 04:03:00,2044.4,2044.45,2044.15,2044.33,215,4,0,215
2024-03-01 04:06:00,2044.33,2044.48,2044.13,2044.47,128,4,0,128
2024-03-01 04:09:00,2044.47,2044.59,2044.46,2044.55,118,4,0,118
2024-03-01 04:12:00,2044.55,2045.22,2044.55,2045.13,159,4,0,159
2024-03-01 04:15:00,2045.13,2045.19,2044.82,2044.85,115,4,0,115
2024-03-01 04:18:00,2044.83,2044.94,2044.73,2044.82,105,4,0,105
2024-03-01 04:21:00,2044.82,2045.15,2044.82,2045.06,109,4,0,109
2024-03-01 04:24:00,2045.06,2045.08,2044.92,2045.02,123,4,0,123
2024-03-01 04:27:00,2045.02,2045.14,2045.02,2045.06,88,4,0,88
2024-03-01 04:30:00,2045.07,2045.53,2045.05,2045.53,158,4,0,158
2024-03-01 04:33:00,2045.53,2045.73,2045.41,2045.5,106,4,0,106
2024-03-01 04:36:00,2045.51,2045.78,2045.46,2045.72,133,4,0,133
2024-03-01 04:39:00,2045.72,2045.95,2045.68,2045.9,196,4,0,196
2024-03-01 04:42:00,2045.9,2045.97,2045.72,2045.75,169,4,0,169
2024-03-01 04:45:00,2045.79,2045.81,2045.18,2045.56,299,4,0,299
2024-03-01 04:48:00,2045.56,2045.59,2045.17,2045.37,377,4,0,377
2024-03-01 04:51:00,2045.37,2045.68,2045.34,2045.53,179,4,0,179
2024-03-01 04:54:00,2045.53,2045.62,2045.34,2045.61,147,4,0,147
2024-03-01 04:57:00,2045.61,2045.64,2045.47,2045.48,126,4,0,126
2024-03-01 05:00:00,2045.47,2045.84,2045.36,2045.79,190,4,0,190
2024-03-01 05:03:00,2045.78,2045.87,2045.6,2045.82,191,4,0,191
2024-03-01 05:06:00,2045.8,2046.17,2045.77,2046.07,184,4,0,184
2024-03-01 05:09:00,2046.07,2046.07,2045.7,2045.97,103,4,0,103
2024-03-01 05:12:00,2045.97,2046.25,2045.9,2046.14,170,4,0,170
2024-03-01 05:15:00,2046.15,2046.35,2046.08,2046.35,121,4,0,121
2024-03-01 05:18:00,2046.35,2046.43,2046.02,2046.07,138,4,0,138
2024-03-01 05:21:00,2046.07,2046.07,2045.86,2046.0,140,4,0,140
2024-03-01 05:24:00,2046.0,2046.25,2045.96,2046.19,130,4,0,130
2024-03-01 05:27:00,2046.14,2046.14,2045.76,2045.93,150,4,0,150
2024-03-01 05:30:00,2045.93,2046.27,2045.93,2046.23,141,4,0,141
2024-03-01 05:33:00,2046.24,2046.24,2045.94,2045.99,171,4,0,171
2024-03-01 05:36:00,2045.99,2046.14,2045.76,2045.81,118,4,0,118
2024-03-01 05:39:00,2045.81,2045.9,2045.76,2045.89,96,4,0,96
2024-03-01 05:42:00,2045.9,2046.59,2045.87,2046.5,197,4,0,197
2024-03-01 05:45:00,2046.5,2046.88,2046.49,2046.59,209,4,0,209
2024-03-01 05:48:00,2046.58,2046.6,2046.23,2046.6,209,4,0,209
2024-03-01 05:51:00,2046.61,2046.88,2046.56,2046.65,208,4,0,208
2024-03-01 05:54:00,2046.64,2046.68,2046.41,2046.42,110,4,0,110
2024-03-01 05:57:00,2046.43,2046.67,2046.32,2046.63,82,4,0,82
2024-03-01 06:00:00,2046.63,2046.65,2046.24,2046.29,124,4,0,124
2024-03-01 06:03:00,2046.29,2046.37,2046.2,2046.24,64,4,0,64
2024-03-01 06:06:00,2046.23,2046.31,2046.22,2046.24,63,4,0,63
2024-03-01 06:09:00,2046.24,2046.27,2045.94,2046.06,70,4,0,70
2024-03-01 06:12:00,2046.06,2046.3,2046.06,2046.29,77,4,0,77
2024-03-01 06:15:00,2046.29,2046.38,2046.25,2046.31,93,4,0,93
2024-03-01 06:18:00,2046.31,2046.32,2046.2,2046.28,50,4,0,50
2024-03-01 06:21:00,2046.28,2046.3,2046.21,2046.25,110,4,0,110
2024-03-01 06:24:00,2046.25,2046.56,2046.25,2046.45,80,4,0,80
2024-03-01 06:27:00,2046.46,2046.59,2046.39,2046.41,95,4,0,95
2024-03-01 06:30:00,2046.41,2046.44,2046.3,2046.3,101,4,0,101
2024-03-01 06:33:00,2046.3,2046.43,2046.29,2046.42,99,4,0,99
2024-03-01 06:36:00,2046.42,2046.43,2046.3,2046.39,61,4,0,61
2024-03-01 06:39:00,2046.38,2046.44,2046.26,2046.32,81,4,0,81
2024-03-01 06:42:00,2046.31,2046.32,2045.91,2046.22,120,4,0,120
2024-03-01 06:45:00,2046.21,2046.3,2046.04,2046.12,106,4,0,106
2024-03-01 06:48:00,2046.11,2046.17,2046.0,2046.04,82,4,0,82
2024-03-01 06:51:00,2046.04,2046.04,2045.39,2045.51,157,4,0,157
2024-03-01 06:54:00,2045.51,2045.51,2045.32,2045.44,109,4,0,109
2024-03-01 06:57:00,2045.45,2045.62,2045.44,2045.53,60,4,0,60
2024-03-01 07:00:00,2045.54,2045.71,2045.54,2045.62,62,4,0,62
2024-03-01 07:03:00,2045.62,2045.62,2045.34,2045.37,65,4,0,65
2024-03-01 07:06:00,2045.37,2045.38,2044.79,2044.83,149,4,0,149
2024-03-01 07:09:00,2044.84,2044.89,2044.53,2044.89,243,4,0,243
2024-03-01 07:12:00,2044.89,2044.94,2044.49,2044.5,216,4,0,216
2024-03-01 07:15:00,2044.49,2044.51,2043.99,2044.13,203,4,0,203
2024-03-01 07:18:00,2044.13,2044.19,2043.79,2043.95,273,4,0,273
2024-03-01 07:21:00,2043.95,2044.02,2043.59,2043.61,166,4,0,166
2024-03-01 07:24:00,2043.61,2044.04,2043.45,2044.02,134,4,0,134
2024-03-01 07:27:00,2044.02,2044.5,2043.91,2044.47,178,4,0,178
2024-03-01 07:30:00,2044.47,2045.1,2044.42,2045.07,377,4,0,377
2024-03-01 07:33:00,2045.07,2045.5,2044.98,2045.19,286,4,0,286
2024-03-01 07:36:00,2045.19,2045.4,2044.94,2044.98,216,4,0,216
2024-03-01 07:39:00,2044.98,2045.19,2044.92,2045.13,140,4,0,140
2024-03-01 07:42:00,2045.12,2045.41,2044.76,2044.76,211,4,0,211
2024-03-01 07:45:00,2044.76,2044.95,2044.67,2044.79,101,4,0,101
2024-03-01 07:48:00,2044.79,2044.88,2044.68,2044.84,140,4,0,140
2024-03-01 07:51:00,2044.83,2045.07,2044.76,2045.04,117,4,0,117
2024-03-01 07:54:00,2045.04,2045.31,2044.85,2044.9,116,4,0,116
2024-03-01 07:57:00,2044.9,2045.19,2044.8,2045.09,87,4,0,87
2024-03-01 08:00:00,2045.1,2045.73,2044.9,2045.72,122,4,0,122
2024-03-01 08:03:00,2045.72,2046.37,2045.72,2045.93,218,4,0,218
2024-03-01 08:06:00,2045.93,2046.78,2045.78,2046.47,307,4,0,307
2024-03-01 08:09:00,2046.47,2046.55,2046.23,2046.45,170,4,0,170
2024-03-01 08:12:00,2046.45,2046.69,2046.45,2046.54,172,4,0,172
2024-03-01 08:15:00,2046.54,2046.77,2046.48,2046.69,207,4,0,207
2024-03-01 08:18:00,2046.7,2047.42,2046.69,2047.37,223,4,0,223
2024-03-01 08:21:00,2047.37,2048.08,2047.37,2047.76,366,4,0,366
2024-03-01 08:24:00,2047.77,2047.97,2047.57,2047.73,203,4,0,203
2024-03-01 08:27:00,2047.73,2048.17,2047.72,2047.81,209,4,0,209
2024-03-01 08:30:00,2047.8,2047.8,2047.37,2047.45,251,4,0,251
2024-03-01 08:33:00,2047.46,2047.72,2047.31,2047.54,253,4,0,253
2024-03-01 08:36:00,2047.54,2047.66,2047.06,2047.09,191,4,0,191
2024-03-01 08:39:00,2047.09,2047.11,2046.67,2046.86,202,4,0,202
2024-03-01 08:42:00,2046.86,2046.99,2046.69,2046.86,203,4,0,203
2024-03-01 08:45:00,2046.87,2047.13,2046.81,2046.83,235,4,0,235
2024-03-01 08:48:00,2046.83,2047.02,2046.74,2046.98,186,4,0,186
2024-03-01 08:51:00,2046.98,2047.0,2046.62,2046.63,158,4,0,158
2024-03-01 08:54:00,2046.63,2046.92,2046.57,2046.58,223,4,0,223
2024-03-01 08:57:00,2046.57,2046.82,2046.57,2046.81,166,4,0,166
2024-03-01 09:00:00,2046.8,2047.1,2046.51,2046.8,440,4,0,440
2024-03-01 09:03:00,2046.8,2048.09,2046.8,2047.86,459,4,0,459
2024-03-01 09:06:00,2047.85,2048.28,2047.75,2047.77,414,4,0,414
2024-03-01 09:09:00,2047.78,2048.46,2047.66,2048.24,448,4,0,448
2024-03-01 09:12:00,2048.24,2048.65,2048.15,2048.44,263,4,0,263
2024-03-01 09:15:00,2048.44,2048.86,2048.35,2048.44,355,4,0,355
2024-03-01 09:18:00,2048.44,2048.62,2047.38,2047.38,449,4,0,449
2024-03-01 09:21:00,2047.39,2047.55,2047.06,2047.4,408,4,0,408
2024-03-01 09:24:00,2047.4,2047.4,2046.84,2047.28,380,4,0,380
2024-03-01 09:27:00,2047.28,2047.3,2046.68,2046.71,401,4,0,401
2024-03-01 09:30:00,2046.71,2046.73,2046.3,2046.67,327,4,0,327
2024-03-01 09:33:00,2046.66,2047.38,2046.63,2047.02,359,4,0,359
2024-03-01 09:36:00,2047.01,2047.31,2046.9,2047.15,339,4,0,339
2024-03-01 09:39:00,2047.14,2047.39,2047.07,2047.23,306,4,0,306
2024-03-01 09:42:00,2047.22,2047.28,2046.85,2046.95,261,4,0,261
2024-03-01 09:45:00,2046.95,2047.29,2046.77,2047.19,246,4,0,246
2024-03-01 09:48:00,2047.19,2047.22,2046.34,2046.38,280,4,0,280
2024-03-01 09:51:00,2046.41,2046.77,2046.02,2046.12,384,4,0,384
2024-03-01 09:54:00,2046.12,2046.12,2045.32,2045.4,332,4,0,332
2024-03-01 09:57:00,2045.4,2045.74,2045.29,2045.45,316,4,0,316
2024-03-01 10:00:00,2045.44,2045.7,2044.32,2044.71,711,4,0,711
2024-03-01 10:03:00,2044.71,2045.22,2044.37,2044.78,605,4,0,605
2024-03-01 10:06:00,2044.79,2045.21,2044.53,2045.09,718,4,0,718
2024-03-01 10:09:00,2045.08,2045.11,2044.37,2044.56,467,4,0,467
2024-03-01 10:12:00,2044.54,2044.7,2043.32,2043.83,469,4,0,469
2024-03-01 10:15:00,2043.83,2043.91,2043.06,2043.3,502,4,0,502
2024-03-01 10:18:00,2043.3,2043.37,2042.78,2042.87,394,4,0,394
2024-03-01 10:21:00,2042.87,2043.09,2042.49,2042.69,446,4,0,446
2024-03-01 10:24:00,2042.68,2042.8,2042.08,2042.43,532,4,0,532
2024-03-01 10:27:00,2042.43,2042.72,2042.14,2042.4,424,4,0,424
2024-03-01 10:30:00,2042.39,2042.57,2041.64,2041.94,407,4,0,407
2024-03-01 10:33:00,2041.94,2041.94,2041.14,2041.28,571,4,0,571
2024-03-01 10:36:00,2041.28,2041.37,2040.41,2040.7,741,4,0,741
2024-03-01 10:39:00,2040.7,2040.8,2039.57,2040.16,823,4,0,823
2024-03-01 10:42:00,2040.16,2040.93,2040.1,2040.55,466,4,0,466
2024-03-01 10:45:00,2040.56,2040.58,2040.13,2040.3,499,4,0,499
2024-03-01 10:48:00,2040.3,2040.3,2039.28,2039.49,463,4,0,463
2024-03-01 10:51:00,2039.49,2039.75,2039.11,2039.52,349,4,0,349
2024-03-01 10:54:00,2039.52,2039.9,2039.38,2039.51,457,4,0,457
2024-03-01 10:57:00,2039.51,2039.88,2039.15,2039.88,488,4,0,488
2024-03-01 11:00:00,2039.88,2040.37,2039.46,2040.34,556,4,0,556
2024-03-01 11:03:00,2040.33,2040.57,2040.16,2040.45,518,4,0,518
2024-03-01 11:06:00,2040.45,2042.41,2040.44,2042.39,734,4,0,734
2024-03-01 11:09:00,2042.41,2043.43,2042.13,2042.13,601,4,0,601
2024-03-01 11:12:00,2042.13,2043.7,2041.79,2043.67,936,4,0,936
2024-03-01 11:15:00,2043.68,2043.76,2043.01,2043.33,482,4,0,482
2024-03-01 11:18:00,2043.33,2044.39,2043.29,2044.33,542,4,0,542
2024-03-01 11:21:00,2044.33,2045.19,2044.21,2044.54,712,4,0,712
2024-03-01 11:24:00,2044.54,2045.34,2044.54,2045.26,651,4,0,651
2024-03-01 11:27:00,2045.26,2045.37,2044.71,2044.73,434,4,0,434
2024-03-01 11:30:00,2044.74,2044.95,2043.74,2044.48,492,4,0,492
2024-03-01 11:33:00,2044.48,2045.15,2044.36,2045.12,366,4,0,366
2024-03-01 11:36:00,2045.12,2045.92,2045.09,2045.92,357,4,0,357
2024-03-01 11:39:00,2045.92,2047.03,2045.7,2046.78,668,4,0,668
2024-03-01 11:42:00,2046.78,2047.73,2046.43,2046.44,520,4,0,520
2024-03-01 11:45:00,2046.44,2046.95,2045.87,2046.13,812,4,0,812
2024-03-01 11:48:00,2046.13,2047.07,2046.08,2046.78,620,4,0,620
2024-03-01 11:51:00,2046.83,2047.07,2046.57,2046.76,383,4,0,383
2024-03-01 11:54:00,2046.76,2047.26,2046.46,2046.46,442,4,0,442
2024-03-01 11:57:00,2046.46,2046.75,2046.32,2046.47,342,4,0,342
2024-03-01 12:00:00,2046.47,2046.68,2045.97,2046.63,618,4,0,618
2024-03-01 12:03:00,2046.63,2046.98,2046.55,2046.77,488,4,0,488
2024-03-01 12:06:00,2046.78,2047.79,2046.77,2047.79,552,4,0,552
2024-03-01 12:09:00,2047.79,2048.28,2047.55,2048.12,598,4,0,598
2024-03-01 12:12:00,2048.12,2049.21,2047.62,2048.96,655,4,0,655
2024-03-01 12:15:00,2048.97,2049.41,2048.61,2049.37,801,4,0,801
2024-03-01 12:18:00,2049.37,2049.68,2048.95,2049.58,669,4,0,669
2024-03-01 12:21:00,2049.57,2050.05,2049.38,2050.02,585,4,0,585
2024-03-01 12:24:00,2050.01,2051.08,2049.73,2050.58,1023,4,0,1023
2024-03-01 12:27:00,2050.58,2051.07,2050.45,2050.57,650,4,0,650
2024-03-01 12:30:00,2050.57,2051.25,2050.12,2051.16,719,4,0,719
2024-03-01 12:33:00,2051.14,2052.81,2051.12,2052.57,625,4,0,625
2024-03-01 12:36:00,2052.57,2054.37,2052.45,2053.81,1065,4,0,1065
2024-03-01 12:39:00,2053.81,2054.01,2052.58,2053.1,591,4,0,591
2024-03-01 12:42:00,2053.1,2053.68,2052.9,2053.43,633,4,0,633
2024-03-01 12:45:00,2053.43,2053.46,2052.73,2053.1,637,4,0,637
2024-03-01 12:48:00,2053.1,2053.75,2053.07,2053.57,470,4,0,470
2024-03-01 12:51:00,2053.53,2054.51,2053.25,2054.48,427,4,0,427
2024-03-01 12:54:00,2054.49,2055.15,2054.32,2054.9,709,4,0,709
2024-03-01 12:57:00,2054.9,2055.14,2054.78,2054.91,533,4,0,533
2024-03-01 13:00:00,2054.92,2055.23,2054.43,2054.95,676,4,0,676
2024-03-01 13:03:00,2054.95,2055.04,2054.29,2054.95,509,4,0,509
2024-03-01 13:06:00,2054.95,2055.3,2054.77,2055.23,456,4,0,456
2024-03-01 13:09:00,2055.23,2055.95,2055.23,2055.68,487,4,0,487
2024-03-01 13:12:00,2055.68,2055.88,2055.47,2055.58,339,4,0,339
2024-03-01 13:15:00,2055.58,2055.68,2054.64,2054.66,461,4,0,461
2024-03-01 13:18:00,2054.67,2054.99,2054.49,2054.81,516,4,0,516
2024-03-01 13:21:00,2054.82,2054.93,2053.94,2054.66,735,4,0,735
2024-03-01 13:24:00,2054.66,2055.0,2054.2,2054.9,362,4,0,362
2024-03-01 13:27:00,2054.9,2055.3,2054.62,2055.26,296,4,0,296
2024-03-01 13:30:00,2055.26,2055.9,2055.14,2055.59,363,4,0,363
2024-03-01 13:33:00,2055.59,2056.08,2055.52,2056.08,360,4,0,360
2024-03-01 13:36:00,2056.06,2057.01,2056.01,2056.71,522,4,0,522
2024-03-01 13:39:00,2056.71,2057.06,2056.56,2056.87,435,4,0,435
2024-03-01 13:42:00,2056.87,2057.55,2056.49,2056.61,627,4,0,627
2024-03-01 13:45:00,2056.64,2056.74,2055.84,2056.25,471,4,0,471
2024-03-01 13:48:00,2056.25,2056.25,2055.43,2055.45,493,4,0,493
2024-03-01 13:51:00,2055.49,2055.68,2055.03,2055.18,449,4,0,449
2024-03-01 13:54:00,2055.16,2055.21,2054.67,2055.08,382,4,0,382
2024-03-01 13:57:00,2055.07,2055.56,2055.04,2055.44,353,4,0,353
2024-03-01 14:00:00,2055.44,2056.58,2055.29,2056.45,712,4,0,712
2024-03-01 14:03:00,2056.45,2057.08,2055.85,2055.86,489,4,0,489
2024-03-01 14:06:00,2055.86,2055.88,2054.65,2054.69,479,4,0,479
2024-03-01 14:09:00,2054.69,2054.93,2054.35,2054.88,438,4,0,438
2024-03-01 14:12:00,2054.87,2054.91,2054.45,2054.54,314,4,0,314
2024-03-01 14:15:00,2054.54,2054.84,2054.37,2054.5,472,4,0,472
2024-03-01 14:18:00,2054.49,2054.56,2053.88,2054.1,465,4,0,465
2024-03-01 14:21:00,2054.09,2054.56,2053.99,2054.29,266,4,0,266
2024-03-01 14:24:00,2054.3,2054.3,2053.77,2054.07,354,4,0,354
2024-03-01 14:27:00,2054.1,2054.17,2053.84,2053.9,281,4,0,281
2024-03-01 14:30:00,2053.93,2054.37,2053.81,2054.21,316,4,0,316
2024-03-01 14:33:00,2054.18,2054.88,2054.18,2054.39,274,4,0,274
2024-03-01 14:36:00,2054.37,2054.43,2054.01,2054.25,315,4,0,315
2024-03-01 14:39:00,2054.25,2054.71,2054.2,2054.5,336,4,0,336
2024-03-01 14:42:00,2054.5,2054.54,2053.74,2053.76,356,4,0,356
2024-03-01 14:45:00,2053.76,2053.77,2053.15,2053.56,542,4,0,542
2024-03-01 14:48:00,2053.56,2053.92,2053.23,2053.58,438,4,0,438
2024-03-01 14:51:00,2053.58,2053.58,2052.56,2052.99,523,4,0,523
2024-03-01 14:54:00,2052.99,2053.49,2052.38,2052.57,644,4,0,644
2024-03-01 14:57:00,2052.57,2052.65,2052.27,2052.44,565,4,0,565
2024-03-01 15:00:00,2052.44,2052.47,2051.67,2052.04,1063,4,0,1063
2024-03-01 15:03:00,2052.04,2052.53,2051.92,2052.31,513,4,0,513
2024-03-01 15:06:00,2052.31,2052.5,2051.56,2051.92,605,4,0,605
2024-03-01 15:09:00,2051.92,2051.92,2051.27,2051.38,579,4,0,579
2024-03-01 15:12:00,2051.38,2051.58,2051.14,2051.31,419,4,0,419
2024-03-01 15:15:00,2051.31,2052.11,2050.12,2052.1,771,4,0,771
2024-03-01 15:18:00,2052.1,2052.23,2050.62,2051.41,973,4,0,973
2024-03-01 15:21:00,2051.41,2052.16,2051.04,2051.11,931,4,0,931
2024-03-01 15:24:00,2051.11,2052.39,2050.86,2052.38,945,4,0,945
2024-03-01 15:27:00,2052.38,2052.6,2051.59,2051.8,704,4,0,704
2024-03-01 15:30:00,2051.79,2053.05,2051.63,2052.82,780,4,0,780
2024-03-01 15:33:00,2052.82,2054.43,2052.79,2054.08,877,4,0,877
2024-03-01 15:36:00,2054.0,2054.08,2050.74,2050.83,1743,4,0,1743
2024-03-01 15:39:00,2050.83,2052.87,2050.68,2052.54,1160,4,0,1160
2024-03-01 15:42:00,2052.54,2052.81,2051.96,2052.13,666,4,0,666
2024-03-01 15:45:00,2052.13,2052.13,2050.76,2051.22,631,4,0,631
2024-03-01 15:48:00,2051.23,2051.99,2050.89,2051.68,605,4,0,605
2024-03-01 15:51:00,2051.68,2051.79,2051.0,2051.51,652,4,0,652
2024-03-01 15:54:00,2051.52,2052.02,2051.27,2051.61,822,4,0,822
2024-03-01 15:57:00,2051.6,2052.08,2051.48,2051.65,563,4,0,563
2024-03-01 16:00:00,2051.65,2052.62,2051.54,2052.58,726,4,0,726
2024-03-01 16:03:00,2052.58,2052.79,2051.96,2052.74,763,4,0,763
2024-03-01 16:06:00,2052.74,2053.03,2052.23,2052.5,663,4,0,663
2024-03-01 16:09:00,2052.51,2053.81,2052.51,2053.72,615,4,0,615
2024-03-01 16:12:00,2053.72,2054.49,2053.72,2054.34,738,4,0,738
2024-03-01 16:15:00,2054.34,2055.91,2054.32,2055.49,731,4,0,731
2024-03-01 16:18:00,2055.5,2056.25,2055.17,2056.23,744,4,0,744
2024-03-01 16:21:00,2056.23,2056.73,2055.87,2055.89,797,4,0,797
2024-03-01 16:24:00,2055.89,2056.36,2055.55,2056.28,765,4,0,765
2024-03-01 16:27:00,2056.28,2056.33,2054.75,2054.86,620,4,0,620
2024-03-01 16:30:00,2054.86,2054.86,2052.5,2053.4,1994,4,0,1994
2024-03-01 16:33:00,2053.39,2053.78,2051.34,2051.66,1314,4,0,1314
2024-03-01 16:36:00,2051.63,2052.3,2051.47,2052.26,1103,4,0,1103
2024-03-01 16:39:00,2052.21,2053.7,2051.89,2051.99,1069,4,0,1069
2024-03-01 16:42:00,2051.99,2052.31,2051.26,2051.71,870,4,0,870
2024-03-01 16:45:00,2051.65,2051.65,2046.19,2047.98,2029,4,0,2029
2024-03-01 16:48:00,2047.97,2048.46,2046.21,2046.81,1536,4,0,1536
2024-03-01 16:51:00,2046.82,2047.38,2045.99,2046.68,1384,4,0,1384
2024-03-01 16:54:00,2046.68,2046.96,2045.68,2046.72,1230,4,0,1230
2024-03-01 16:57:00,2046.74,2046.79,2046.01,2046.62,775,4,0,775
2024-03-01 17:00:00,2046.62,2053.16,2046.62,2050.6,1680,4,0,1680
2024-03-01 17:03:00,2050.62,2053.36,2049.71,2053.14,1892,4,0,1892
2024-03-01 17:06:00,2053.16,2053.56,2050.34,2052.25,2045,4,0,2045
2024-03-01 17:09:00,2052.25,2055.31,2051.75,2054.59,1901,4,0,1901
2024-03-01 17:12:00,2054.59,2056.12,2054.34,2055.75,1670,4,0,1670
2024-03-01 17:15:00,2055.77,2059.79,2055.44,2058.14,2319,4,0,2319
2024-03-01 17:18:00,2058.14,2059.35,2057.48,2059.27,1958,4,0,1958
2024-03-01 17:21:00,2059.28,2060.92,2059.15,2060.92,2012,4,0,2012
2024-03-01 17:24:00,2060.92,2062.49,2060.92,2061.71,2054,4,0,2054
2024-03-01 17:27:00,2061.69,2063.76,2061.69,2063.73,1584,4,0,1584
2024-03-01 17:30:00,2063.73,2063.88,2061.82,2062.57,1888,4,0,1888
2024-03-01 17:33:00,2062.56,2064.66,2062.55,2064.59,1841,4,0,1841
2024-03-01 17:36:00,2064.55,2064.96,2063.27,2064.08,1689,4,0,1689
2024-03-01 17:39:00,2064.06,2065.36,2063.95,2065.34,1211,4,0,1211
2024-03-01 17:42:00,2065.31,2065.86,2065.0,2065.48,1091,4,0,1091
2024-03-01 17:45:00,2065.48,2068.23,2065.34,2067.78,1477,4,0,1477
2024-03-01 17:48:00,2067.77,2069.21,2067.45,2069.05,1483,4,0,1483
2024-03-01 17:51:00,2069.04,2070.28,2068.7,2070.21,1517,4,0,1517
2024-03-01 17:54:00,2070.21,2071.02,2069.97,2070.07,1270,4,0,1270
2024-03-01 17:57:00,2070.07,2070.39,2069.03,2069.29,1392,4,0,1392
2024-03-01 18:00:00,2069.29,2071.24,2069.29,2071.17,1314,4,0,1314
2024-03-01 18:03:00,2071.17,2071.34,2069.79,2070.41,978,4,0,978
2024-03-01 18:06:00,2070.41,2073.01,2070.41,2072.54,1291,4,0,1291
2024-03-01 18:09:00,2072.54,2073.93,2072.33,2073.7,1360,4,0,1360
2024-03-01 18:12:00,2073.71,2074.26,2073.42,2073.6,1306,4,0,1306
2024-03-01 18:15:00,2073.6,2075.37,2073.5,2074.86,1115,4,0,1115
2024-03-01 18:18:00,2074.85,2075.14,2073.98,2074.97,1053,4,0,1053
2024-03-01 18:21:00,2075.01,2076.63,2074.91,2076.01,1252,4,0,1252
2024-03-01 18:24:00,2075.98,2076.17,2074.64,2074.66,1305,4,0,1305
2024-03-01 18:27:00,2074.66,2075.04,2074.04,2074.27,935,4,0,935
2024-03-01 18:30:00,2074.27,2075.23,2073.83,2075.22,848,4,0,848
2024-03-01 18:33:00,2075.22,2075.95,2075.11,2075.75,809,4,0,809
2024-03-01 18:36:00,2075.75,2078.5,2075.7,2078.27,878,4,0,878
2024-03-01 18:39:00,2078.26,2079.78,2078.23,2079.38,1217,4,0,1217
2024-03-01 18:42:00,2079.39,2080.15,2077.81,2078.07,1289,4,0,1289
2024-03-01 18:45:00,2078.07,2078.14,2076.66,2077.17,1099,4,0,1099
2024-03-01 18:48:00,2077.18,2079.01,2077.18,2078.99,954,4,0,954
2024-03-01 18:51:00,2078.99,2080.45,2078.81,2080.23,953,4,0,953
2024-03-01 18:54:00,2080.23,2082.02,2080.19,2081.68,1231,4,0,1231
2024-03-01 18:57:00,2081.71,2081.88,2080.23,2081.18,1126,4,0,1126
2024-03-01 19:00:00,2081.18,2081.95,2080.03,2081.84,1102,4,0,1102
2024-03-01 19:03:00,2081.84,2083.43,2081.74,2082.86,1247,4,0,1247
2024-03-01 19:06:00,2082.86,2083.8,2082.45,2083.73,1200,4,0,1200
2024-03-01 19:09:00,2083.73,2084.05,2083.2,2083.85,1184,4,0,1184
2024-03-01 19:12:00,2083.85,2085.2,2083.71,2084.95,1155,4,0,1155
2024-03-01 19:15:00,2084.95,2085.56,2084.35,2085.11,1092,4,0,1092
2024-03-01 19:18:00,2085.12,2085.14,2082.8,2082.89,1024,4,0,1024
2024-03-01 19:21:00,2082.88,2084.09,2082.56,2082.82,890,4,0,890
2024-03-01 19:24:00,2082.82,2083.18,2082.32,2082.38,804,4,0,804
2024-03-01 19:27:00,2082.39,2084.21,2081.69,2084.02,718,4,0,718
2024-03-01 19:30:00,2083.99,2084.43,2082.3,2082.72,928,4,0,928
2024-03-01 19:33:00,2082.73,2083.46,2082.69,2082.86,691,4,0,691
2024-03-01 19:36:00,2082.86,2083.54,2082.77,2083.26,701,4,0,701
2024-03-01 19:39:00,2083.25,2085.03,2083.25,2084.64,757,4,0,757
2024-03-01 19:42:00,2084.59,2085.73,2084.46,2085.28,809,4,0,809
2024-03-01 19:45:00,2085.28,2085.62,2084.12,2084.25,908,4,0,908
2024-03-01 19:48:00,2084.25,2085.34,2084.08,2085.23,588,4,0,588
2024-03-01 19:51:00,2085.23,2085.25,2084.49,2085.05,670,4,0,670
2024-03-01 19:54:00,2085.05,2085.65,2084.73,2085.04,692,4,0,692
2024-03-01 19:57:00,2085.05,2085.13,2084.54,2084.86,631,4,0,631
2024-03-01 20:00:00,2084.86,2085.03,2083.76,2084.64,923,4,0,923
2024-03-01 20:03:00,2084.64,2084.64,2082.95,2083.03,756,4,0,756
2024-03-01 20:06:00,2083.03,2083.77,2082.27,2083.49,949,4,0,949
2024-03-01 20:09:00,2083.49,2085.54,2083.32,2085.35,738,4,0,738
2024-03-01 20:12:00,2085.35,2085.57,2084.85,2085.37,721,4,0,721
2024-03-01 20:15:00,2085.37,2086.72,2085.08,2086.2,1020,4,0,1020
2024-03-01 20:18:00,2086.2,2087.34,2086.2,2086.93,959,4,0,959
2024-03-01 20:21:00,2086.93,2087.06,2086.17,2086.56,848,4,0,848
2024-03-01 20:24:00,2086.56,2086.86,2085.86,2086.76,729,4,0,729
2024-03-01 20:27:00,2086.76,2087.45,2086.25,2086.33,933,4,0,933
2024-03-01 20:30:00,2086.33,2087.14,2086.01,2086.22,794,4,0,794
2024-03-01 20:33:00,2086.22,2087.46,2086.17,2087.25,577,4,0,577
2024-03-01 20:36:00,2087.26,2087.53,2086.84,2087.16,647,4,0,647
2024-03-01 20:39:00,2087.17,2087.56,2087.17,2087.31,510,4,0,510
2024-03-01 20:42:00,2087.31,2088.34,2087.28,2088.11,665,4,0,665
2024-03-01 20:45:00,2088.11,2088.12,2086.81,2086.91,559,4,0,559
2024-03-01 20:48:00,2086.93,2087.31,2086.1,2086.14,586,4,0,586
2024-03-01 20:51:00,2086.16,2086.38,2085.41,2085.41,613,4,0,613
2024-03-01 20:54:00,2085.41,2085.63,2084.78,2085.32,596,4,0,596
2024-03-01 20:57:00,2085.33,2085.78,2084.8,2085.74,553,4,0,553
2024-03-01 21:00:00,2085.75,2086.77,2085.73,2086.25,568,4,0,568
2024-03-01 21:03:00,2086.25,2086.34,2085.29,2085.59,632,4,0,632
2024-03-01 21:06:00,2085.6,2085.99,2084.98,2085.26,410,4,0,410
2024-03-01 21:09:00,2085.26,2086.09,2084.94,2086.03,452,4,0,452
2024-03-01 21:12:00,2086.05,2086.1,2085.38,2085.47,555,4,0,555
2024-03-01 21:15:00,2085.47,2085.9,2085.38,2085.56,372,4,0,372
2024-03-01 21:18:00,2085.57,2086.16,2085.46,2086.08,367,4,0,367
2024-03-01 21:21:00,2086.08,2086.19,2084.94,2085.6,483,4,0,483
2024-03-01 21:24:00,2085.61,2085.88,2085.3,2085.3,628,4,0,628
2024-03-01 21:27:00,2085.3,2086.09,2085.19,2085.31,475,4,0,475
2024-03-01 21:30:00,2085.31,2086.72,2085.31,2086.45,418,4,0,418
2024-03-01 21:33:00,2086.45,2086.64,2086.17,2086.54,357,4,0,357
2024-03-01 21:36:00,2086.54,2086.74,2086.23,2086.64,400,4,0,400
2024-03-01 21:39:00,2086.63,2086.66,2085.75,2085.8,482,4,0,482
2024-03-01 21:42:00,2085.8,2086.07,2085.21,2085.43,526,4,0,526
2024-03-01 21:45:00,2085.43,2085.66,2084.79,2085.02,492,4,0,492
2024-03-01 21:48:00,2085.04,2085.43,2084.83,2085.19,387,4,0,387
2024-03-01 21:51:00,2085.19,2085.76,2085.13,2085.41,405,4,0,405
2024-03-01 21:54:00,2085.42,2085.81,2085.34,2085.81,443,4,0,443
2024-03-01 21:57:00,2085.81,2086.07,2085.31,2085.32,371,4,0,371
2024-03-01 22:00:00,2085.32,2085.4,2084.28,2084.79,698,4,0,698
2024-03-01 22:03:00,2084.79,2084.81,2084.03,2084.04,533,4,0,533
2024-03-01 22:06:00,2084.04,2084.47,2083.88,2084.32,538,4,0,538
2024-03-01 22:09:00,2084.32,2084.49,2083.51,2083.51,395,4,0,395
2024-03-01 22:12:00,2083.51,2084.25,2083.51,2083.93,443,4,0,443
2024-03-01 22:15:00,2083.93,2084.27,2083.64,2083.82,407,4,0,407
2024-03-01 22:18:00,2083.82,2084.15,2083.8,2084.02,332,4,0,332
2024-03-01 22:21:00,2084.02,2084.28,2083.57,2083.95,373,4,0,373
2024-03-01 22:24:00,2083.95,2084.84,2083.95,2084.72,470,4,0,470
2024-03-01 22:27:00,2084.72,2084.8,2084.52,2084.76,347,4,0,347
2024-03-01 22:30:00,2084.76,2084.76,2084.28,2084.28,353,4,0,353
2024-03-01 22:33:00,2084.27,2084.6,2084.2,2084.54,267,4,0,267
2024-03-01 22:36:00,2084.54,2084.82,2084.17,2084.22,351,4,0,351
2024-03-01 22:39:00,2084.22,2084.62,2084.0,2084.6,334,4,0,334
2024-03-01 22:42:00,2084.6,2084.72,2084.31,2084.53,336,4,0,336
2024-03-01 22:45:00,2084.53,2084.78,2084.29,2084.76,369,4,0,369
2024-03-01 22:48:00,2084.77,2084.78,2084.49,2084.64,280,4,0,280
2024-03-01 22:51:00,2084.62,2084.71,2084.23,2084.48,415,4,0,415
2024-03-01 22:54:00,2084.48,2084.62,2083.7,2083.82,520,4,0,520
2024-03-01 22:57:00,2083.82,2083.92,2083.08,2083.49,729,4,0,729
2024-03-01 23:00:00,2083.49,2083.81,2082.87,2083.52,281,4,0,281
2024-03-01 23:03:00,2083.52,2083.83,2083.49,2083.68,186,4,0,186
2024-03-01 23:06:00,2083.71,2083.72,2083.31,2083.34,84,4,0,84
2024-03-01 23:09:00,2083.34,2083.85,2083.32,2083.84,93,4,0,93
2024-03-01 23:12:00,2083.85,2083.87,2083.47,2083.85,127,4,0,127
2024-03-01 23:15:00,2083.85,2083.91,2083.46,2083.46,154,4,0,154
2024-03-01 23:18:00,2083.46,2083.57,2083.33,2083.41,162,4,0,162
2024-03-01 23:21:00,2083.41,2083.46,2083.13,2083.2,135,4,0,135
2024-03-01 23:24:00,2083.21,2083.26,2082.94,2083.08,93,4,0,93
2024-03-01 23:27:00,2083.08,2083.57,2083.05,2083.57,104,4,0,104
2024-03-01 23:30:00,2083.57,2083.61,2083.47,2083.52,89,4,0,89
2024-03-01 23:33:00,2083.52,2083.6,2083.47,2083.59,73,4,0,73
2024-03-01 23:36:00,2083.6,2084.04,2083.53,2083.61,133,4,0,133
2024-03-01 23:39:00,2083.61,2083.88,2083.14,2083.29,116,4,0,116
2024-03-01 23:42:00,2083.29,2083.55,2083.24,2083.53,103,4,0,103
2024-03-01 23:45:00,2083.51,2083.8,2083.38,2083.49,140,4,0,140
2024-03-01 23:48:00,2083.53,2083.89,2083.41,2083.8,138,4,0,138
2024-03-01 23:51:00,2083.79,2084.08,2083.64,2083.7,162,4,0,162
2024-03-01 23:54:00,2083.7,2083.7,2083.11,2083.38,186,4,0,186
2024-03-01 23:57:00,2083.38,2083.39,2082.77,2082.93,121,4,0,121
2024-03-04 01:03:00,2082.83,2083.78,2082.74,2083.02,161,4,0,161
2024-03-04 01:06:00,2083.03,2083.81,2083.03,2083.6,199,4,0,199
2024-03-04 01:09:00,2083.6,2085.39,2082.97,2085.3,367,4,0,367
2024-03-04 01:12:00,2085.3,2085.69,2084.92,2085.05,420,4,0,420
2024-03-04 01:15:00,2085.05,2085.57,2084.74,2085.36,197,4,0,197
2024-03-04 01:18:00,2085.36,2086.19,2085.36,2086.02,244,4,0,244
2024-03-04 01:21:00,2086.02,2086.11,2085.68,2085.68,209,4,0,209
2024-03-04 01:24:00,2085.69,2085.79,2085.0,2085.66,281,4,0,281
2024-03-04 01:27:00,2085.66,2085.73,2085.25,2085.69,214,4,0,214
2024-03-04 01:30:00,2085.69,2085.82,2085.26,2085.39,212,4,0,212
2024-03-04 01:33:00,2085.39,2085.65,2085.07,2085.14,180,4,0,180
2024-03-04 01:36:00,2085.14,2085.41,2084.93,2085.24,117,4,0,117
2024-03-04 01:39:00,2085.26,2085.37,2084.04,2084.2,164,4,0,164
2024-03-04 01:42:00,2084.2,2084.52,2083.77,2083.77,155,4,0,155
2024-03-04 01:45:00,2083.8,2084.36,2083.47,2083.55,212,4,0,212
2024-03-04 01:48:00,2083.55,2083.63,2083.17,2083.25,242,4,0,242
2024-03-04 01:51:00,2083.26,2083.64,2083.05,2083.05,193,4,0,193
2024-03-04 01:54:00,2083.05,2083.3,2082.97,2083.2,199,4,0,199
2024-03-04 01:57:00,2083.2,2083.59,2083.16,2083.54,139,4,0,139
2024-03-04 02:00:00,2083.54,2083.71,2082.75,2083.25,245,4,0,245
2024-03-04 02:03:00,2083.27,2083.27,2082.79,2083.0,172,4,0,172
2024-03-04 02:06:00,2083.0,2083.2,2082.41,2082.41,249,4,0,249
2024-03-04 02:09:00,2082.41,2082.69,2082.28,2082.48,279,4,0,279
2024-03-04 02:12:00,2082.48,2082.85,2082.36,2082.67,236,4,0,236
2024-03-04 02:15:00,2082.65,2083.54,2082.64,2083.37,299,4,0,299
2024-03-04 02:18:00,2083.38,2083.63,2083.28,2083.62,214,4,0,214
2024-03-04 02:21:00,2083.61,2084.27,2083.59,2083.93,339,4,0,339
2024-03-04 02:24:00,2083.93,2084.09,2083.82,2083.99,238,4,0,238
2024-03-04 02:27:00,2083.99,2084.08,2083.66,2083.76,221,4,0,221
2024-03-04 02:30:00,2083.76,2083.76,2083.29,2083.45,290,4,0,290
2024-03-04 02:33:00,2083.47,2083.99,2082.99,2083.11,407,4,0,407
2024-03-04 02:36:00,2083.14,2083.52,2083.08,2083.25,443,4,0,443
2024-03-04 02:39:00,2083.25,2084.26,2083.25,2084.19,381,4,0,381
2024-03-04 02:42:00,2084.2,2084.43,2083.34,2083.36,300,4,0,300
2024-03-04 02:45:00,2083.37,2083.41,2082.95,2083.18,207,4,0,207
2024-03-04 02:48:00,2083.18,2083.41,2082.83,2082.83,294,4,0,294
2024-03-04 02:51:00,2082.83,2083.09,2082.64,2082.74,248,4,0,248
2024-03-04 02:54:00,2082.74,2082.99,2082.67,2082.68,239,4,0,239
2024-03-04 02:57:00,2082.69,2082.75,2082.45,2082.65,128,4,0,128
2024-03-04 03:00:00,2082.66,2082.94,2082.28,2082.73,645,4,0,645
2024-03-04 03:03:00,2082.73,2082.85,2081.56,2081.8,591,4,0,591
2024-03-04 03:06:00,2081.8,2081.83,2081.29,2081.56,504,4,0,504
2024-03-04 03:09:00,2081.56,2081.6,2081.03,2081.25,524,4,0,524
2024-03-04 03:12:00,2081.24,2081.31,2081.09,2081.25,444,4,0,444
2024-03-04 03:15:00,2081.26,2081.65,2081.23,2081.53,519,4,0,519
2024-03-04 03:18:00,2081.53,2081.59,2080.97,2080.97,462,4,0,462
2024-03-04 03:21:00,2080.97,2081.37,2080.91,2081.24,350,4,0,350
2024-03-04 03:24:00,2081.24,2081.28,2080.82,2080.83,360,4,0,360
2024-03-04 03:27:00,2080.83,2081.02,2080.55,2080.89,326,4,0,326
2024-03-04 03:30:00,2080.89,2081.03,2080.19,2080.48,352,4,0,352
2024-03-04 03:33:00,2080.47,2080.57,2080.28,2080.47,409,4,0,409
2024-03-04 03:36:00,2080.47,2081.03,2080.42,2080.58,400,4,0,400
2024-03-04 03:39:00,2080.58,2081.54,2080.55,2080.76,448,4,0,448
2024-03-04 03:42:00,2080.76,2080.86,2080.35,2080.4,283,4,0,283
2024-03-04 03:45:00,2080.41,2080.63,2080.18,2080.56,309,4,0,309
2024-03-04 03:48:00,2080.58,2080.77,2080.24,2080.3,287,4,0,287
2024-03-04 03:51:00,2080.3,2080.34,2079.57,2079.61,364,4,0,364
2024-03-04 03:54:00,2079.61,2079.8,2079.52,2079.6,344,4,0,344
2024-03-04 03:57:00,2079.6,2080.31,2079.58,2080.31,281,4,0,281
2024-03-04 04:00:00,2080.3,2080.47,2079.95,2080.35,284,4,0,284
2024-03-04 04:03:00,2080.35,2080.87,2080.14,2080.87,286,4,0,286
2024-03-04 04:06:00,2080.87,2081.08,2080.73,2080.94,290,4,0,290
2024-03-04 04:09:00,2080.94,2081.35,2080.47,2081.34,331,4,0,331
2024-03-04 04:12:00,2081.34,2081.76,2081.13,2081.49,484,4,0,484
2024-03-04 04:15:00,2081.45,2081.66,2081.4,2081.45,224,4,0,224
2024-03-04 04:18:00,2081.45,2081.91,2081.25,2081.6,187,4,0,187
2024-03-04 04:21:00,2081.62,2081.91,2081.23,2081.31,285,4,0,285
2024-03-04 04:24:00,2081.31,2081.56,2081.04,2081.51,153,4,0,153
2024-03-04 04:27:00,2081.51,2081.84,2081.47,2081.77,157,4,0,157
2024-03-04 04:30:00,2081.77,2082.39,2081.69,2082.32,243,4,0,243
2024-03-04 04:33:00,2082.32,2082.76,2082.25,2082.74,179,4,0,179
2024-03-04 04:36:00,2082.74,2082.86,2082.4,2082.85,239,4,0,239
2024-03-04 04:39:00,2082.85,2083.36,2082.52,2083.36,287,4,0,287
2024-03-04 04:42:00,2083.37,2083.48,2083.18,2083.28,301,4,0,301
2024-03-04 04:45:00,2083.29,2083.32,2082.86,2083.31,202,4,0,202
2024-03-04 04:48:00,2083.32,2083.53,2083.16,2083.22,135,4,0,135
2024-03-04 04:51:00,2083.22,2083.28,2083.0,2083.03,217,4,0,217
2024-03-04 04:54:00,2083.03,2083.14,2082.31,2082.31,212,4,0,212
2024-03-04 04:57:00,2082.32,2082.36,2081.56,2081.56,202,4,0,202
2024-03-04 05:00:00,2081.55,2081.55,2080.84,2080.93,235,4,0,235
2024-03-04 05:03:00,2080.93,2081.29,2080.79,2081.07,241,4,0,241
2024-03-04 05:06:00,2081.07,2081.28,2080.84,2081.06,199,4,0,199
2024-03-04 05:09:00,2081.06,2081.2,2080.67,2080.76,129,4,0,129
2024-03-04 05:12:00,2080.76,2080.88,2080.49,2080.79,136,4,0,136
2024-03-04 05:15:00,2080.79,2080.87,2080.67,2080.84,209,4,0,209
2024-03-04 05:18:00,2080.83,2080.92,2080.44,2080.72,226,4,0,226
2024-03-04 05:21:00,2080.72,2080.96,2080.42,2080.53,182,4,0,182
2024-03-04 05:24:00,2080.53,2081.04,2080.49,2081.04,211,4,0,211
2024-03-04 05:27:00,2081.04,2081.08,2080.82,2081.06,127,4,0,127
2024-03-04 05:30:00,2081.06,2081.54,2081.03,2081.34,136,4,0,136
2024-03-04 05:33:00,2081.34,2081.66,2081.34,2081.37,115,4,0,115
2024-03-04 05:36:00,2081.37,2081.99,2081.35,2081.88,187,4,0,187
2024-03-04 05:39:00,2081.88,2081.97,2081.4,2081.4,140,4,0,140
2024-03-04 05:42:00,2081.4,2081.4,2080.97,2081.25,108,4,0,108
2024-03-04 05:45:00,2081.25,2081.32,2081.06,2081.18,93,4,0,93
2024-03-04 05:48:00,2081.18,2081.33,2081.17,2081.31,57,4,0,57
2024-03-04 05:51:00,2081.31,2081.77,2081.29,2081.39,154,4,0,154
2024-03-04 05:54:00,2081.39,2081.59,2081.39,2081.58,70,4,0,70
2024-03-04 05:57:00,2081.58,2081.6,2081.39,2081.48,60,4,0,60
2024-03-04 06:00:00,2081.48,2081.61,2081.47,2081.59,83,4,0,83
2024-03-04 06:03:00,2081.58,2081.59,2081.26,2081.26,70,4,0,70
2024-03-04 06:06:00,2081.26,2081.46,2081.26,2081.37,56,4,0,56
2024-03-04 06:09:00,2081.37,2081.44,2080.99,2081.0,97,4,0,97
2024-03-04 06:12:00,2081.0,2081.0,2080.73,2080.76,96,4,0,96
2024-03-04 06:15:00,2080.77,2080.95,2080.75,2080.89,114,4,0,114
2024-03-04 06:18:00,2080.9,2080.9,2080.41,2080.58,158,4,0,158
2024-03-04 06:21:00,2080.57,2080.59,2080.37,2080.48,129,4,0,129
2024-03-04 06:24:00,2080.48,2080.7,2080.41,2080.68,101,4,0,101
2024-03-04 06:27:00,2080.68,2080.69,2080.54,2080.58,95,4,0,95
2024-03-04 06:30:00,2080.58,2080.81,2080.57,2080.79,90,4,0,90
2024-03-04 06:33:00,2080.79,2081.0,2080.72,2080.89,89,4,0,89
2024-03-04 06:36:00,2080.89,2081.11,2080.81,2081.09,105,4,0,105
2024-03-04 06:39:00,2081.09,2081.1,2080.91,2080.91,82,4,0,82
2024-03-04 06:42:00,2080.91,2081.12,2080.83,2080.87,110,4,0,110
2024-03-04 06:45:00,2080.87,2080.99,2080.77,2080.83,118,4,0,118
2024-03-04 06:48:00,2080.83,2080.87,2080.6,2080.68,113,4,0,113
2024-03-04 06:51:00,2080.68,2080.99,2080.6,2080.97,100,4,0,100
2024-03-04 06:54:00,2080.97,2081.08,2080.77,2080.85,146,4,0,146
2024-03-04 06:57:00,2080.86,2080.92,2080.8,2080.81,60,4,0,60
2024-03-04 07:00:00,2080.81,2080.96,2080.72,2080.91,86,4,0,86
2024-03-04 07:03:00,2080.91,2080.93,2080.52,2080.55,86,4,0,86
2024-03-04 07:06:00,2080.55,2080.79,2080.54,2080.61,89,4,0,89
2024-03-04 07:09:00,2080.61,2080.85,2080.61,2080.83,83,4,0,83
2024-03-04 07:12:00,2080.83,2080.83,2080.69,2080.76,67,4,0,67
2024-03-04 07:15:00,2080.76,2080.89,2080.71,2080.88,71,4,0,71
2024-03-04 07:18:00,2080.88,2080.93,2080.82,2080.87,78,4,0,78
2024-03-04 07:21:00,2080.87,2081.1,2080.87,2081.08,80,4,0,80
2024-03-04 07:24:00,2081.08,2081.25,2081.04,2081.2,43,4,0,43
2024-03-04 07:27:00,2081.2,2081.2,2081.0,2081.02,75,4,0,75
2024-03-04 07:30:00,2081.02,2081.96,2080.9,2081.83,235,4,0,235
2024-03-04 07:33:00,2081.83,2081.96,2081.66,2081.76,139,4,0,139
2024-03-04 07:36:00,2081.76,2082.06,2081.66,2081.92,119,4,0,119
2024-03-04 07:39:00,2081.92,2082.3,2081.84,2082.29,130,4,0,130
2024-03-04 07:42:00,2082.3,2082.31,2081.64,2081.75,223,4,0,223
2024-03-04 07:45:00,2081.75,2081.79,2081.17,2081.2,207,4,0,207
2024-03-04 07:48:00,2081.22,2081.62,2081.2,2081.62,138,4,0,138
2024-03-04 07:51:00,2081.62,2081.76,2081.44,2081.6,149,4,0,149
2024-03-04 07:54:00,2081.6,2081.91,2081.6,2081.89,186,4,0,186
2024-03-04 07:57:00,2081.89,2081.98,2081.57,2081.6,184,4,0,184
2024-03-04 08:00:00,2081.6,2082.16,2081.59,2082.13,238,4,0,238
2024-03-04 08:03:00,2082.13,2082.26,2081.74,2081.88,252,4,0,252
2024-03-04 08:06:00,2081.88,2082.21,2081.67,2082.06,202,4,0,202
2024-03-04 08:09:00,2082.06,2082.36,2081.95,2082.31,196,4,0,196
2024-03-04 08:12:00,2082.31,2083.06,2082.14,2082.55,363,4,0,363
2024-03-04 08:15:00,2082.54,2082.97,2082.02,2082.05,271,4,0,271
2024-03-04 08:18:00,2082.06,2082.06,2081.71,2081.85,192,4,0,192
2024-03-04 08:21:00,2081.84,2081.85,2081.24,2081.48,240,4,0,240
2024-03-04 08:24:00,2081.48,2081.68,2081.14,2081.65,234,4,0,234
2024-03-04 08:27:00,2081.65,2081.76,2081.42,2081.71,230,4,0,230
2024-03-04 08:30:00,2081.7,2082.04,2081.45,2081.51,287,4,0,287
2024-03-04 08:33:00,2081.51,2082.37,2081.47,2082.31,258,4,0,258
2024-03-04 08:36:00,2082.31,2082.55,2082.07,2082.15,255,4,0,255
2024-03-04 08:39:00,2082.15,2082.15,2081.42,2081.54,240,4,0,240
2024-03-04 08:42:00,2081.54,2082.13,2081.53,2081.73,234,4,0,234
2024-03-04 08:45:00,2081.75,2082.64,2081.75,2082.57,275,4,0,275
2024-03-04 08:48:00,2082.58,2082.89,2082.58,2082.7,268,4,0,268
2024-03-04 08:51:00,2082.7,2083.3,2082.68,2083.28,360,4,0,360
2024-03-04 08:54:00,2083.28,2084.02,2083.28,2083.68,428,4,0,428
2024-03-04 08:57:00,2083.68,2083.8,2083.55,2083.6,305,4,0,305
2024-03-04 09:00:00,2083.6,2084.8,2083.6,2084.6,533,4,0,533
2024-03-04 09:03:00,2084.6,2085.23,2084.38,2084.69,503,4,0,503
2024-03-04 09:06:00,2084.69,2085.38,2084.68,2085.36,297,4,0,297
2024-03-04 09:09:00,2085.37,2085.43,2084.8,2084.96,312,4,0,312
2024-03-04 09:12:00,2084.96,2085.18,2084.85,2084.96,274,4,0,274
2024-03-04 09:15:00,2084.96,2085.2,2084.61,2085.2,323,4,0,323
2024-03-04 09:18:00,2085.2,2085.54,2084.59,2085.35,395,4,0,395
2024-03-04 09:21:00,2085.35,2085.54,2085.15,2085.15,222,4,0,222
2024-03-04 09:24:00,2085.16,2085.53,2085.16,2085.42,215,4,0,215
2024-03-04 09:27:00,2085.42,2085.56,2085.02,2085.04,228,4,0,228
2024-03-04 09:30:00,2085.04,2085.43,2084.68,2085.0,355,4,0,355
2024-03-04 09:33:00,2085.0,2085.65,2084.96,2085.59,234,4,0,234
2024-03-04 09:36:00,2085.6,2085.61,2085.15,2085.27,248,4,0,248
2024-03-04 09:39:00,2085.27,2085.75,2085.26,2085.49,429,4,0,429
2024-03-04 09:42:00,2085.49,2086.84,2085.33,2086.83,486,4,0,486
2024-03-04 09:45:00,2086.81,2088.09,2086.66,2088.09,507,4,0,507
2024-03-04 09:48:00,2088.14,2088.34,2087.35,2087.82,437,4,0,437
2024-03-04 09:51:00,2087.82,2087.94,2087.51,2087.75,339,4,0,339
2024-03-04 09:54:00,2087.75,2087.86,2087.24,2087.45,355,4,0,355
2024-03-04 09:57:00,2087.45,2087.59,2086.99,2087.45,288,4,0,288
2024-03-04 10:00:00,2087.44,2087.54,2086.52,2086.86,688,4,0,688
2024-03-04 10:03:00,2086.85,2086.99,2086.48,2086.57,509,4,0,509
2024-03-04 10:06:00,2086.57,2086.65,2086.08,2086.51,457,4,0,457
2024-03-04 10:09:00,2086.51,2086.67,2086.26,2086.55,481,4,0,481
2024-03-04 10:12:00,2086.55,2086.75,2086.29,2086.75,420,4,0,420
2024-03-04 10:15:00,2086.75,2086.99,2085.85,2085.88,587,4,0,587
2024-03-04 10:18:00,2085.88,2086.1,2085.1,2085.17,443,4,0,443
2024-03-04 10:21:00,2085.17,2085.94,2084.6,2084.75,728,4,0,728
2024-03-04 10:24:00,2084.72,2084.73,2083.95,2084.39,596,4,0,596
2024-03-04 10:27:00,2084.39,2085.25,2083.77,2085.22,483,4,0,483
2024-03-04 10:30:00,2085.22,2085.43,2084.5,2084.61,526,4,0,526
2024-03-04 10:33:00,2084.61,2084.61,2083.92,2084.45,420,4,0,420
2024-03-04 10:36:00,2084.45,2084.58,2084.15,2084.48,402,4,0,402
2024-03-04 10:39:00,2084.51,2085.08,2084.49,2084.99,444,4,0,444
2024-03-04 10:42:00,2084.99,2085.1,2084.74,2084.96,354,4,0,354
2024-03-04 10:45:00,2084.93,2085.11,2083.8,2083.8,492,4,0,492
2024-03-04 10:48:00,2083.79,2084.28,2083.51,2084.06,433,4,0,433
2024-03-04 10:51:00,2084.06,2084.07,2083.63,2083.81,326,4,0,326
2024-03-04 10:54:00,2083.81,2084.07,2083.64,2083.72,392,4,0,392
2024-03-04 10:57:00,2083.72,2084.02,2083.56,2083.91,515,4,0,515
2024-03-04 11:00:00,2083.91,2084.34,2083.83,2084.33,498,4,0,498
2024-03-04 11:03:00,2084.33,2084.55,2084.03,2084.33,344,4,0,344
2024-03-04 11:06:00,2084.32,2085.03,2084.19,2084.38,449,4,0,449
2024-03-04 11:09:00,2084.38,2084.45,2083.89,2083.94,322,4,0,322
2024-03-04 11:12:00,2083.94,2084.21,2083.54,2084.19,366,4,0,366
2024-03-04 11:15:00,2084.18,2084.27,2083.66,2083.86,380,4,0,380
2024-03-04 11:18:00,2083.86,2083.91,2083.41,2083.62,371,4,0,371
2024-03-04 11:21:00,2083.62,2084.05,2083.35,2084.05,333,4,0,333
2024-03-04 11:24:00,2084.05,2084.25,2083.7,2083.76,281,4,0,281
2024-03-04 11:27:00,2083.74,2083.85,2083.25,2083.62,356,4,0,356
2024-03-04 11:30:00,2083.64,2084.06,2083.59,2084.03,281,4,0,281
2024-03-04 11:33:00,2084.03,2084.18,2083.67,2083.78,347,4,0,347
2024-03-04 11:36:00,2083.78,2084.64,2083.68,2084.62,494,4,0,494
2024-03-04 11:39:00,2084.62,2085.47,2084.54,2085.47,376,4,0,376
2024-03-04 11:42:00,2085.46,2086.05,2085.45,2085.97,460,4,0,460
2024-03-04 11:45:00,2085.96,2086.02,2085.27,2085.69,600,4,0,600
2024-03-04 11:48:00,2085.67,2085.91,2085.45,2085.78,594,4,0,594
2024-03-04 11:51:00,2085.78,2086.21,2085.5,2085.69,404,4,0,404
2024-03-04 11:54:00,2085.7,2085.81,2085.22,2085.77,377,4,0,377
2024-03-04 11:57:00,2085.77,2085.78,2085.09,2085.21,457,4,0,457
2024-03-04 12:00:00,2085.21,2085.48,2085.12,2085.34,462,4,0,462
2024-03-04 12:03:00,2085.34,2085.84,2085.03,2085.72,416,4,0,416
2024-03-04 12:06:00,2085.72,2085.72,2085.21,2085.26,320,4,0,320
2024-03-04 12:09:00,2085.27,2085.28,2084.63,2084.71,326,4,0,326
2024-03-04 12:12:00,2084.71,2084.82,2084.18,2084.21,250,4,0,250
2024-03-04 12:15:00,2084.22,2084.56,2084.0,2084.38,305,4,0,305
2024-03-04 12:18:00,2084.38,2084.85,2084.32,2084.62,264,4,0,264
2024-03-04 12:21:00,2084.63,2085.28,2084.63,2085.28,362,4,0,362
2024-03-04 12:24:00,2085.29,2085.29,2084.34,2084.45,322,4,0,322
2024-03-04 12:27:00,2084.45,2084.57,2083.43,2083.55,545,4,0,545
2024-03-04 12:30:00,2083.55,2083.67,2082.69,2083.13,676,4,0,676
2024-03-04 12:33:00,2083.13,2083.2,2082.91,2083.06,287,4,0,287
2024-03-04 12:36:00,2083.06,2083.25,2082.71,2083.25,284,4,0,284
2024-03-04 12:39:00,2083.25,2083.7,2083.09,2083.6,370,4,0,370
2024-03-04 12:42:00,2083.58,2083.82,2083.33,2083.76,363,4,0,363
2024-03-04 12:45:00,2083.76,2084.54,2083.57,2084.51,356,4,0,356
2024-03-04 12:48:00,2084.51,2084.66,2084.29,2084.31,221,4,0,221
2024-03-04 12:51:00,2084.31,2084.47,2083.71,2084.0,452,4,0,452
2024-03-04 12:54:00,2084.0,2084.6,2083.71,2084.24,388,4,0,388
2024-03-04 12:57:00,2084.24,2084.29,2083.92,2083.97,336,4,0,336
2024-03-04 13:00:00,2083.97,2084.18,2083.56,2083.84,299,4,0,299
2024-03-04 13:03:00,2083.85,2084.12,2083.75,2084.1,302,4,0,302
2024-03-04 13:06:00,2084.1,2084.19,2083.73,2084.01,293,4,0,293
2024-03-04 13:09:00,2084.01,2084.08,2083.77,2084.0,356,4,0,356
2024-03-04 13:12:00,2084.0,2084.24,2083.52,2084.2,377,4,0,377
2024-03-04 13:15:00,2084.22,2084.61,2083.94,2084.14,501,4,0,501
2024-03-04 13:18:00,2084.14,2084.49,2084.05,2084.26,397,4,0,397
2024-03-04 13:21:00,2084.29,2084.31,2083.77,2083.89,304,4,0,304
2024-03-04 13:24:00,2083.88,2084.01,2083.39,2083.39,257,4,0,257
2024-03-04 13:27:00,2083.39,2083.51,2083.16,2083.19,114,4,0,114
2024-03-04 13:30:00,2083.19,2083.6,2082.73,2082.87,336,4,0,336
2024-03-04 13:33:00,2082.87,2083.07,2082.8,2082.97,168,4,0,168
2024-03-04 13:36:00,2082.97,2083.48,2082.97,2083.3,137,4,0,137
2024-03-04 13:39:00,2083.3,2083.41,2082.76,2082.76,183,4,0,183
2024-03-04 13:42:00,2082.77,2082.87,2082.39,2082.59,308,4,0,308
2024-03-04 13:45:00,2082.59,2082.64,2082.43,2082.59,148,4,0,148
2024-03-04 13:48:00,2082.59,2083.29,2082.45,2083.26,367,4,0,367
2024-03-04 13:51:00,2083.27,2083.99,2083.13,2083.75,385,4,0,385
2024-03-04 13:54:00,2083.75,2083.76,2082.28,2082.66,633,4,0,633
2024-03-04 13:57:00,2082.66,2082.73,2081.92,2082.17,554,4,0,554
2024-03-04 14:00:00,2082.17,2082.41,2081.91,2082.31,459,4,0,459
2024-03-04 14:03:00,2082.31,2082.42,2081.89,2081.99,263,4,0,263
2024-03-04 14:06:00,2081.99,2082.76,2081.97,2082.56,376,4,0,376
2024-03-04 14:09:00,2082.54,2082.71,2082.32,2082.63,219,4,0,219
2024-03-04 14:12:00,2082.63,2082.73,2082.18,2082.41,249,4,0,249
2024-03-04 14:15:00,2082.4,2083.16,2082.31,2083.08,336,4,0,336
2024-03-04 14:18:00,2083.08,2083.45,2082.88,2083.15,395,4,0,395
2024-03-04 14:21:00,2083.15,2083.16,2082.85,2083.06,225,4,0,225
2024-03-04 14:24:00,2083.06,2083.15,2082.76,2082.79,258,4,0,258
2024-03-04 14:27:00,2082.79,2083.22,2082.74,2083.22,464,4,0,464
2024-03-04 14:30:00,2083.22,2083.32,2082.31,2082.32,363,4,0,363
2024-03-04 14:33:00,2082.32,2082.62,2082.1,2082.47,310,4,0,310
2024-03-04 14:36:00,2082.48,2083.36,2082.48,2083.13,692,4,0,692
2024-03-04 14:39:00,2083.14,2083.18,2082.66,2082.97,475,4,0,475
2024-03-04 14:42:00,2082.98,2083.13,2082.52,2082.84,247,4,0,247
2024-03-04 14:45:00,2082.84,2082.93,2082.55,2082.55,238,4,0,238
2024-03-04 14:48:00,2082.55,2082.87,2082.5,2082.82,321,4,0,321
2024-03-04 14:51:00,2082.82,2083.04,2082.65,2082.76,376,4,0,376
2024-03-04 14:54:00,2082.76,2082.99,2082.57,2082.84,408,4,0,408
2024-03-04 14:57:00,2082.84,2082.94,2082.61,2082.62,289,4,0,289
2024-03-04 15:00:00,2082.62,2082.76,2082.05,2082.3,893,4,0,893
2024-03-04 15:03:00,2082.3,2082.62,2081.74,2082.48,896,4,0,896
2024-03-04 15:06:00,2082.48,2082.76,2082.37,2082.5,441,4,0,441
2024-03-04 15:09:00,2082.5,2082.71,2082.36,2082.64,532,4,0,532
2024-03-04 15:12:00,2082.64,2084.41,2082.45,2083.98,888,4,0,888
2024-03-04 15:15:00,2083.93,2083.95,2082.47,2082.71,757,4,0,757
2024-03-04 15:18:00,2082.71,2082.72,2081.38,2081.49,1156,4,0,1156
2024-03-04 15:21:00,2081.46,2082.74,2081.2,2082.66,1220,4,0,1220
2024-03-04 15:24:00,2082.65,2082.71,2081.71,2081.91,760,4,0,760
2024-03-04 15:27:00,2081.91,2083.4,2081.82,2082.96,785,4,0,785
2024-03-04 15:30:00,2082.96,2084.96,2082.63,2084.82,849,4,0,849
2024-03-04 15:33:00,2084.82,2085.99,2084.74,2085.16,1001,4,0,1001
2024-03-04 15:36:00,2085.16,2085.17,2081.56,2083.36,1413,4,0,1413
2024-03-04 15:39:00,2083.36,2083.95,2082.61,2083.85,683,4,0,683
2024-03-04 15:42:00,2083.85,2085.78,2083.85,2085.0,1194,4,0,1194
2024-03-04 15:45:00,2085.0,2086.73,2084.96,2086.68,782,4,0,782
2024-03-04 15:48:00,2086.63,2086.63,2085.75,2086.11,707,4,0,707
2024-03-04 15:51:00,2086.12,2087.31,2086.1,2087.3,784,4,0,784
2024-03-04 15:54:00,2087.3,2089.1,2086.87,2088.42,1077,4,0,1077
2024-03-04 15:57:00,2088.42,2093.24,2088.41,2091.66,2017,4,0,2017
2024-03-04 16:00:00,2091.69,2092.14,2090.54,2091.41,1462,4,0,1462
2024-03-04 16:03:00,2091.42,2092.81,2090.99,2091.74,1565,4,0,1565
2024-03-04 16:06:00,2091.73,2092.08,2090.6,2091.82,1144,4,0,1144
2024-03-04 16:09:00,2091.82,2092.68,2091.04,2092.61,1078,4,0,1078
2024-03-04 16:12:00,2092.6,2092.74,2091.55,2092.18,848,4,0,848
2024-03-04 16:15:00,2092.21,2095.71,2092.06,2095.68,1366,4,0,1366
2024-03-04 16:18:00,2095.68,2096.03,2095.11,2095.8,1326,4,0,1326
2024-03-04 16:21:00,2095.8,2096.54,2094.9,2095.88,1063,4,0,1063
2024-03-04 16:24:00,2095.88,2096.48,2095.3,2096.1,1078,4,0,1078
2024-03-04 16:27:00,2096.1,2097.54,2095.46,2096.62,948,4,0,948
2024-03-04 16:30:00,2096.62,2097.89,2096.1,2097.36,1734,4,0,1734
2024-03-04 16:33:00,2097.36,2098.4,2094.81,2094.84,1697,4,0,1697
2024-03-04 16:36:00,2094.85,2095.35,2093.61,2095.11,1637,4,0,1637
2024-03-04 16:39:00,2095.1,2098.14,2094.96,2097.85,1453,4,0,1453
2024-03-04 16:42:00,2097.81,2099.97,2097.67,2098.47,1582,4,0,1582
2024-03-04 16:45:00,2098.45,2099.8,2098.32,2099.58,1320,4,0,1320
2024-03-04 16:48:00,2099.58,2100.0,2098.94,2099.85,1220,4,0,1220
2024-03-04 16:51:00,2099.86,2100.34,2099.21,2100.01,1257,4,0,1257
2024-03-04 16:54:00,2100.01,2100.24,2099.31,2099.84,1154,4,0,1154
2024-03-04 16:57:00,2099.84,2101.46,2099.81,2100.82,1202,4,0,1202
2024-03-04 17:00:00,2100.82,2100.91,2098.16,2098.74,1794,4,0,1794
2024-03-04 17:03:00,2098.76,2099.78,2098.48,2099.37,1368,4,0,1368
2024-03-04 17:06:00,2099.37,2100.17,2098.73,2099.05,1088,4,0,1088
2024-03-04 17:09:00,2099.06,2099.26,2097.79,2098.06,1123,4,0,1123
2024-03-04 17:12:00,2098.08,2099.37,2097.65,2099.16,886,4,0,886
2024-03-04 17:15:00,2099.17,2100.08,2098.64,2099.85,1323,4,0,1323
2024-03-04 17:18:00,2099.86,2100.34,2099.5,2100.07,1359,4,0,1359
2024-03-04 17:21:00,2100.07,2103.01,2099.98,2102.65,1047,4,0,1047
2024-03-04 17:24:00,2102.65,2102.94,2101.37,2101.52,1223,4,0,1223
2024-03-04 17:27:00,2101.5,2101.93,2100.43,2101.12,1025,4,0,1025
2024-03-04 17:30:00,2101.12,2101.93,2100.85,2101.81,960,4,0,960
2024-03-04 17:33:00,2101.81,2102.28,2101.45,2102.17,738,4,0,738
2024-03-04 17:36:00,2102.17,2102.69,2101.72,2102.01,809,4,0,809
2024-03-04 17:39:00,2102.01,2102.53,2101.7,2102.52,550,4,0,550
2024-03-04 17:42:00,2102.52,2102.56,2101.77,2102.43,802,4,0,802
2024-03-04 17:45:00,2102.43,2102.53,2101.94,2102.51,684,4,0,684
2024-03-04 17:48:00,2102.51,2105.37,2102.34,2105.34,1141,4,0,1141
2024-03-04 17:51:00,2105.37,2106.63,2104.27,2106.02,1446,4,0,1446
2024-03-04 17:54:00,2106.02,2107.21,2105.82,2107.03,954,4,0,954
2024-03-04 17:57:00,2107.03,2109.44,2106.62,2109.1,1766,4,0,1766
2024-03-04 18:00:00,2109.08,2110.72,2108.74,2110.11,1562,4,0,1562
2024-03-04 18:03:00,2110.11,2110.69,2108.27,2108.37,1525,4,0,1525
2024-03-04 18:06:00,2108.36,2109.05,2107.82,2109.04,1095,4,0,1095
2024-03-04 18:09:00,2109.07,2110.25,2108.93,2110.25,864,4,0,864
2024-03-04 18:12:00,2110.23,2116.05,2110.23,2115.83,2800,4,0,2800
2024-03-04 18:15:00,2115.83,2116.39,2113.83,2115.64,1776,4,0,1776
2024-03-04 18:18:00,2115.65,2115.68,2114.12,2114.39,1536,4,0,1536
2024-03-04 18:21:00,2114.37,2114.44,2108.14,2109.81,2658,4,0,2658
2024-03-04 18:24:00,2109.81,2113.24,2109.25,2113.13,1863,4,0,1863
2024-03-04 18:27:00,2113.13,2114.22,2112.25,2113.64,1494,4,0,1494
2024-03-04 18:30:00,2113.64,2116.16,2113.62,2115.87,1535,4,0,1535
2024-03-04 18:33:00,2115.88,2118.11,2115.67,2117.17,1680,4,0,1680
2024-03-04 18:36:00,2117.17,2118.51,2116.4,2118.26,1300,4,0,1300
2024-03-04 18:39:00,2118.26,2118.47,2117.26,2117.92,1184,4,0,1184
2024-03-04 18:42:00,2117.92,2118.05,2116.64,2117.37,1254,4,0,1254
2024-03-04 18:45:00,2117.36,2119.14,2117.34,2118.6,1299,4,0,1299
2024-03-04 18:48:00,2118.6,2119.57,2117.84,2119.44,1149,4,0,1149
2024-03-04 18:51:00,2119.49,2119.95,2116.91,2117.33,1209,4,0,1209
2024-03-04 18:54:00,2117.35,2118.22,2117.35,2118.06,1007,4,0,1007
2024-03-04 18:57:00,2118.06,2119.85,2118.06,2119.35,1151,4,0,1151
2024-03-04 19:00:00,2119.35,2119.85,2116.62,2116.71,1519,4,0,1519
2024-03-04 19:03:00,2116.7,2118.0,2116.22,2116.47,1342,4,0,1342
2024-03-04 19:06:00,2116.47,2116.66,2113.98,2114.14,1443,4,0,1443
2024-03-04 19:09:00,2114.16,2116.17,2114.14,2115.52,1008,4,0,1008
2024-03-04 19:12:00,2115.52,2116.72,2115.52,2115.91,944,4,0,944
2024-03-04 19:15:00,2115.94,2117.48,2115.21,2117.38,1158,4,0,1158
2024-03-04 19:18:00,2117.38,2118.99,2117.37,2118.44,1133,4,0,1133
2024-03-04 19:21:00,2118.48,2118.5,2117.15,2117.48,933,4,0,933
2024-03-04 19:24:00,2117.48,2117.75,2116.68,2116.88,796,4,0,796
2024-03-04 19:27:00,2116.88,2117.12,2115.61,2115.89,748,4,0,748
2024-03-04 19:30:00,2115.89,2116.88,2115.73,2116.2,873,4,0,873
2024-03-04 19:33:00,2116.2,2117.2,2116.2,2117.2,832,4,0,832
2024-03-04 19:36:00,2117.2,2117.5,2116.07,2116.11,579,4,0,579
2024-03-04 19:39:00,2116.11,2116.9,2115.66,2116.9,746,4,0,746
2024-03-04 19:42:00,2116.9,2117.56,2116.7,2117.47,776,4,0,776
2024-03-04 19:45:00,2117.47,2117.86,2116.93,2117.6,794,4,0,794
2024-03-04 19:48:00,2117.6,2118.75,2117.3,2118.45,814,4,0,814
2024-03-04 19:51:00,2118.46,2118.75,2117.25,2117.5,981,4,0,981
2024-03-04 19:54:00,2117.5,2118.28,2116.85,2117.13,760,4,0,760
2024-03-04 19:57:00,2117.13,2117.15,2115.81,2116.56,1063,4,0,1063
2024-03-04 20:00:00,2116.55,2116.57,2115.76,2116.28,943,4,0,943
2024-03-04 20:03:00,2116.28,2117.2,2116.28,2117.15,887,4,0,887
2024-03-04 20:06:00,2117.15,2117.61,2116.9,2117.4,726,4,0,726
2024-03-04 20:09:00,2117.41,2117.41,2116.6,2116.91,708,4,0,708
2024-03-04 20:12:00,2116.91,2117.69,2116.67,2117.69,587,4,0,587
2024-03-04 20:15:00,2117.69,2118.13,2116.18,2116.18,579,4,0,579
2024-03-04 20:18:00,2116.18,2117.22,2116.15,2116.93,658,4,0,658
2024-03-04 20:21:00,2116.93,2117.2,2116.6,2117.2,458,4,0,458
2024-03-04 20:24:00,2117.17,2117.48,2116.37,2116.48,644,4,0,644
2024-03-04 20:27:00,2116.49,2117.88,2116.49,2117.58,813,4,0,813
2024-03-04 20:30:00,2117.57,2117.67,2116.83,2117.13,752,4,0,752
2024-03-04 20:33:00,2117.13,2117.16,2115.92,2115.96,471,4,0,471
2024-03-04 20:36:00,2115.97,2116.32,2115.21,2115.26,391,4,0,391
2024-03-04 20:39:00,2115.25,2115.6,2114.68,2115.08,621,4,0,621
2024-03-04 20:42:00,2115.08,2115.33,2114.6,2114.97,548,4,0,548
2024-03-04 20:45:00,2114.97,2115.12,2113.91,2113.95,506,4,0,506
2024-03-04 20:48:00,2113.95,2114.4,2113.7,2113.98,659,4,0,659
2024-03-04 20:51:00,2113.98,2114.61,2113.93,2114.08,579,4,0,579
2024-03-04 20:54:00,2114.08,2114.3,2113.63,2114.01,506,4,0,506
2024-03-04 20:57:00,2114.01,2115.39,2114.01,2115.39,556,4,0,556
2024-03-04 21:00:00,2115.39,2115.46,2113.84,2114.39,836,4,0,836
2024-03-04 21:03:00,2114.39,2114.51,2113.53,2113.7,561,4,0,561
2024-03-04 21:06:00,2113.7,2114.36,2113.44,2114.34,445,4,0,445
2024-03-04 21:09:00,2114.34,2114.36,2113.39,2113.5,418,4,0,418
2024-03-04 21:12:00,2113.5,2114.32,2113.48,2114.02,422,4,0,422
2024-03-04 21:15:00,2114.02,2114.56,2113.97,2114.49,410,4,0,410
2024-03-04 21:18:00,2114.49,2114.89,2114.35,2114.64,389,4,0,389
2024-03-04 21:21:00,2114.64,2115.13,2114.47,2114.95,301,4,0,301
2024-03-04 21:24:00,2114.95,2115.94,2114.93,2115.88,482,4,0,482
2024-03-04 21:27:00,2115.87,2116.3,2115.56,2116.21,466,4,0,466
2024-03-04 21:30:00,2116.21,2116.47,2115.9,2116.2,461,4,0,461
2024-03-04 21:33:00,2116.2,2116.52,2115.59,2115.6,416,4,0,416
2024-03-04 21:36:00,2115.6,2115.92,2115.49,2115.79,410,4,0,410
2024-03-04 21:39:00,2115.79,2116.35,2115.68,2116.34,384,4,0,384
2024-03-04 21:42:00,2116.34,2116.46,2115.86,2116.09,369,4,0,369
2024-03-04 21:45:00,2116.09,2116.36,2115.67,2115.69,372,4,0,372
2024-03-04 21:48:00,2115.69,2116.62,2115.69,2116.57,453,4,0,453
2024-03-04 21:51:00,2116.57,2117.38,2116.57,2116.77,423,4,0,423
2024-03-04 21:54:00,2116.77,2117.16,2116.34,2116.39,394,4,0,394
2024-03-04 21:57:00,2116.39,2116.68,2116.25,2116.38,355,4,0,355
2024-03-04 22:00:00,2116.38,2116.95,2116.29,2116.42,255,4,0,255
2024-03-04 22:03:00,2116.42,2116.43,2115.91,2115.96,318,4,0,318
2024-03-04 22:06:00,2115.96,2116.15,2115.47,2115.97,333,4,0,333
2024-03-04 22:09:00,2115.94,2116.5,2115.92,2116.46,300,4,0,300
2024-03-04 22:12:00,2116.47,2116.49,2115.65,2116.21,368,4,0,368
2024-03-04 22:15:00,2116.22,2116.6,2115.85,2116.24,281,4,0,281
2024-03-04 22:18:00,2116.23,2116.58,2116.21,2116.46,332,4,0,332
2024-03-04 22:21:00,2116.47,2116.82,2116.34,2116.67,256,4,0,256
2024-03-04 22:24:00,2116.71,2117.06,2116.63,2116.98,245,4,0,245
2024-03-04 22:27:00,2116.99,2117.44,2116.86,2117.36,236,4,0,236
2024-03-04 22:30:00,2117.35,2117.35,2117.01,2117.3,318,4,0,318
2024-03-04 22:33:00,2117.3,2117.43,2116.79,2116.94,335,4,0,335
2024-03-04 22:36:00,2116.94,2117.03,2116.46,2116.8,357,4,0,357
2024-03-04 22:39:00,2116.81,2118.07,2116.8,2117.86,455,4,0,455
2024-03-04 22:42:00,2117.85,2118.14,2117.63,2118.05,380,4,0,380
2024-03-04 22:45:00,2118.05,2118.59,2117.85,2118.05,397,4,0,397
2024-03-04 22:48:00,2118.07,2118.07,2116.73,2117.29,660,4,0,660
2024-03-04 22:51:00,2117.29,2117.31,2116.8,2116.97,602,4,0,602
2024-03-04 22:54:00,2116.96,2117.47,2116.75,2117.42,493,4,0,493
2024-03-04 22:57:00,2117.42,2117.42,2116.65,2116.74,646,4,0,646
2024-03-04 23:00:00,2116.74,2117.38,2116.74,2117.32,263,4,0,263
2024-03-04 23:03:00,2117.32,2117.33,2116.91,2116.93,158,4,0,158
2024-03-04 23:06:00,2116.93,2116.93,2116.29,2116.32,110,4,0,110
2024-03-04 23:09:00,2116.32,2116.38,2115.99,2116.08,187,4,0,187
2024-03-04 23:12:00,2116.08,2116.08,2115.49,2115.58,125,4,0,125
2024-03-04 23:15:00,2115.59,2115.93,2115.51,2115.82,129,4,0,129
2024-03-04 23:18:00,2115.82,2116.1,2115.8,2115.95,66,4,0,66
2024-03-04 23:21:00,2115.95,2115.96,2115.79,2115.9,69,4,0,69
2024-03-04 23:24:00,2115.87,2116.21,2115.84,2116.21,108,4,0,108
2024-03-04 23:27:00,2116.21,2116.21,2115.91,2116.01,94,4,0,94
2024-03-04 23:30:00,2116.01,2116.09,2115.82,2115.84,74,4,0,74
2024-03-04 23:33:00,2115.84,2115.84,2115.52,2115.58,122,4,0,122
2024-03-04 23:36:00,2115.58,2115.64,2115.01,2115.23,182,4,0,182
2024-03-04 23:39:00,2115.22,2115.41,2115.2,2115.35,93,4,0,93
2024-03-04 23:42:00,2115.35,2115.38,2115.23,2115.29,73,4,0,73
2024-03-04 23:45:00,2115.29,2115.44,2115.23,2115.25,95,4,0,95
2024-03-04 23:48:00,2115.25,2115.55,2115.09,2115.35,105,4,0,105
2024-03-04 23:51:00,2115.38,2115.45,2115.1,2115.26,94,4,0,94
2024-03-04 23:54:00,2115.26,2115.32,2114.45,2114.5,153,4,0,153
2024-03-04 23:57:00,2114.49,2114.62,2114.25,2114.38,94,4,0,94
2024-03-05 01:00:00,2114.11,2114.33,2113.69,2113.81,93,4,0,93
2024-03-05 01:03:00,2113.81,2114.12,2113.5,2114.03,99,20,0,99
2024-03-05 01:06:00,2114.03,2114.49,2113.97,2114.44,74,4,0,74
2024-03-05 01:09:00,2114.42,2114.62,2114.24,2114.29,145,4,0,145
2024-03-05 01:12:00,2114.29,2114.35,2113.66,2113.85,131,4,0,131
2024-03-05 01:15:00,2113.85,2114.02,2113.73,2113.89,184,4,0,184
2024-03-05 01:18:00,2113.89,2114.47,2113.87,2114.44,117,4,0,117
2024-03-05 01:21:00,2114.44,2114.56,2114.34,2114.46,46,4,0,46
2024-03-05 01:24:00,2114.46,2114.65,2114.46,2114.59,59,4,0,59
2024-03-05 01:27:00,2114.59,2114.8,2114.59,2114.79,47,4,0,47
2024-03-05 01:30:00,2114.79,2115.13,2114.61,2115.01,128,4,0,128
2024-03-05 01:33:00,2115.01,2115.62,2115.01,2115.55,144,4,0,144
2024-03-05 01:36:00,2115.55,2115.86,2115.53,2115.78,119,4,0,119
2024-03-05 01:39:00,2115.78,2115.87,2115.23,2115.49,134,4,0,134
2024-03-05 01:42:00,2115.49,2115.49,2115.14,2115.17,78,4,0,78
2024-03-05 01:45:00,2115.17,2115.79,2115.03,2115.08,211,4,0,211
2024-03-05 01:48:00,2115.12,2115.35,2114.99,2115.28,136,4,0,136
2024-03-05 01:51:00,2115.28,2115.48,2115.24,2115.28,118,4,0,118
2024-03-05 01:54:00,2115.28,2115.44,2114.97,2115.15,100,4,0,100
2024-03-05 01:57:00,2115.16,2115.25,2114.27,2114.62,191,4,0,191
2024-03-05 02:00:00,2114.62,2115.11,2114.33,2115.05,392,4,0,392
2024-03-05 02:03:00,2115.05,2115.85,2115.03,2115.6,224,4,0,224
2024-03-05 02:06:00,2115.6,2115.68,2115.08,2115.19,233,4,0,233
2024-03-05 02:09:00,2115.19,2115.27,2114.67,2115.09,157,4,0,157
2024-03-05 02:12:00,2115.09,2115.22,2114.99,2115.13,100,4,0,100
2024-03-05 02:15:00,2115.13,2115.13,2114.55,2114.59,152,4,0,152
2024-03-05 02:18:00,2114.59,2115.06,2114.55,2114.91,140,4,0,140
2024-03-05 02:21:00,2114.91,2114.91,2114.45,2114.5,119,4,0,119
2024-03-05 02:24:00,2114.5,2114.53,2114.25,2114.33,182,4,0,182
2024-03-05 02:27:00,2114.32,2114.63,2114.29,2114.33,155,4,0,155
2024-03-05 02:30:00,2114.33,2114.98,2114.32,2114.91,141,4,0,141
2024-03-05 02:33:00,2114.9,2115.3,2114.9,2115.04,108,4,0,108
2024-03-05 02:36:00,2115.05,2115.09,2114.81,2114.95,120,4,0,120
2024-03-05 02:39:00,2114.95,2115.2,2114.72,2114.75,178,4,0,178
2024-03-05 02:42:00,2114.75,2114.88,2114.48,2114.61,191,4,0,191
2024-03-05 02:45:00,2114.61,2114.69,2114.32,2114.68,154,4,0,154
2024-03-05 02:48:00,2114.68,2114.99,2114.5,2114.99,209,4,0,209
2024-03-05 02:51:00,2114.99,2115.9,2114.98,2115.45,333,4,0,333
2024-03-05 02:54:00,2115.45,2115.67,2115.18,2115.33,338,4,0,338
2024-03-05 02:57:00,2115.33,2115.56,2114.85,2115.51,293,4,0,293
2024-03-05 03:00:00,2115.51,2115.53,2114.62,2115.46,854,4,0,854
2024-03-05 03:03:00,2115.46,2116.29,2114.93,2116.21,555,4,0,555
2024-03-05 03:06:00,2116.19,2116.87,2116.07,2116.67,479,4,0,479
2024-03-05 03:09:00,2116.67,2116.67,2115.55,2115.59,434,4,0,434
2024-03-05 03:12:00,2115.59,2115.6,2114.11,2114.36,549,4,0,549
2024-03-05 03:15:00,2114.35,2114.55,2113.16,2113.27,763,4,0,763
2024-03-05 03:18:00,2113.27,2113.81,2112.75,2112.78,493,4,0,493
2024-03-05 03:21:00,2112.78,2113.24,2112.09,2112.81,631,4,0,631
2024-03-05 03:24:00,2112.81,2113.05,2112.0,2112.1,541,4,0,541
2024-03-05 03:27:00,2112.13,2112.39,2112.03,2112.32,443,4,0,443
2024-03-05 03:30:00,2112.32,2112.41,2111.28,2111.48,602,4,0,602
2024-03-05 03:33:00,2111.47,2111.62,2110.51,2110.69,497,4,0,497
2024-03-05 03:36:00,2110.7,2112.15,2110.65,2111.9,606,4,0,606
2024-03-05 03:39:00,2111.91,2112.94,2111.83,2112.86,411,4,0,411
2024-03-05 03:42:00,2112.86,2112.97,2112.26,2112.45,406,4,0,406
2024-03-05 03:45:00,2112.46,2112.88,2112.13,2112.88,511,4,0,511
2024-03-05 03:48:00,2112.88,2112.94,2112.1,2112.2,371,4,0,371
2024-03-05 03:51:00,2112.2,2112.2,2111.6,2111.73,291,4,0,291
2024-03-05 03:54:00,2111.73,2112.6,2111.72,2112.51,331,4,0,331
2024-03-05 03:57:00,2112.51,2112.92,2112.38,2112.71,354,4,0,354
2024-03-05 04:00:00,2112.71,2113.03,2112.43,2112.64,311,4,0,311
2024-03-05 04:03:00,2112.64,2112.78,2112.3,2112.38,297,4,0,297
2024-03-05 04:06:00,2112.38,2112.46,2111.77,2111.96,248,4,0,248
2024-03-05 04:09:00,2111.97,2112.11,2111.51,2111.73,277,4,0,277
2024-03-05 04:12:00,2111.73,2112.34,2111.62,2112.33,269,4,0,269
2024-03-05 04:15:00,2112.31,2112.85,2112.22,2112.77,193,4,0,193
2024-03-05 04:18:00,2112.77,2113.11,2112.32,2112.46,239,4,0,239
2024-03-05 04:21:00,2112.44,2112.83,2112.26,2112.73,136,4,0,136
2024-03-05 04:24:00,2112.73,2112.76,2112.52,2112.74,122,4,0,122
2024-03-05 04:27:00,2112.74,2112.83,2112.55,2112.73,141,4,0,141
2024-03-05 04:30:00,2112.73,2112.93,2112.35,2112.82,283,4,0,283
2024-03-05 04:33:00,2112.82,2113.33,2112.6,2113.33,332,4,0,332
2024-03-05 04:36:00,2113.36,2113.36,2112.64,2112.67,228,4,0,228
2024-03-05 04:39:00,2112.67,2112.71,2112.4,2112.47,223,4,0,223
2024-03-05 04:42:00,2112.47,2112.8,2112.39,2112.69,241,4,0,241
2024-03-05 04:45:00,2112.7,2112.9,2111.92,2111.95,199,4,0,199
2024-03-05 04:48:00,2111.95,2112.02,2111.53,2111.74,280,4,0,280
2024-03-05 04:51:00,2111.74,2111.94,2111.45,2111.49,218,4,0,218
2024-03-05 04:54:00,2111.47,2112.37,2111.47,2112.08,216,4,0,216
2024-03-05 04:57:00,2112.07,2112.39,2111.85,2112.33,241,4,0,241
2024-03-05 05:00:00,2112.33,2112.33,2111.55,2111.56,253,4,0,253
2024-03-05 05:03:00,2111.56,2111.76,2111.33,2111.64,205,4,0,205
2024-03-05 05:06:00,2111.64,2111.86,2111.44,2111.72,230,4,0,230
2024-03-05 05:09:00,2111.72,2112.51,2111.69,2112.45,209,4,0,209
2024-03-05 05:12:00,2112.44,2112.56,2112.06,2112.3,262,4,0,262
2024-03-05 05:15:00,2112.3,2113.01,2112.24,2112.94,277,4,0,277
2024-03-05 05:18:00,2112.94,2113.31,2112.83,2112.89,289,4,0,289
2024-03-05 05:21:00,2112.89,2113.7,2112.77,2113.7,241,4,0,241
2024-03-05 05:24:00,2113.7,2114.02,2113.7,2113.91,253,4,0,253
2024-03-05 05:27:00,2113.91,2113.91,2113.36,2113.71,191,4,0,191
2024-03-05 05:30:00,2113.72,2113.72,2113.22,2113.33,160,4,0,160
2024-03-05 05:33:00,2113.33,2113.67,2113.32,2113.42,138,4,0,138
2024-03-05 05:36:00,2113.42,2113.72,2113.36,2113.66,194,4,0,194
2024-03-05 05:39:00,2113.66,2114.0,2113.22,2113.22,196,4,0,196
2024-03-05 05:42:00,2113.22,2113.28,2112.87,2112.99,134,4,0,134
2024-03-05 05:45:00,2112.99,2113.05,2112.44,2112.57,186,4,0,186
2024-03-05 05:48:00,2112.57,2113.12,2112.53,2113.06,106,4,0,106
2024-03-05 05:51:00,2113.06,2113.21,2112.95,2113.07,151,4,0,151
2024-03-05 05:54:00,2113.07,2113.24,2112.83,2112.98,235,4,0,235
2024-03-05 05:57:00,2112.98,2113.02,2112.63,2113.02,184,4,0,184
2024-03-05 06:00:00,2113.02,2113.87,2112.97,2113.83,213,4,0,213
2024-03-05 06:03:00,2113.84,2113.89,2113.33,2113.33,149,4,0,149
2024-03-05 06:06:00,2113.31,2113.36,2112.71,2112.99,123,4,0,123
2024-03-05 06:09:00,2112.99,2114.47,2112.99,2113.9,196,4,0,196
2024-03-05 06:12:00,2113.9,2113.9,2113.47,2113.47,131,4,0,131
2024-03-05 06:15:00,2113.47,2114.04,2113.36,2114.04,138,4,0,138
2024-03-05 06:18:00,2114.03,2114.99,2113.97,2114.91,200,4,0,200
2024-03-05 06:21:00,2114.92,2115.24,2114.59,2114.9,484,4,0,484
2024-03-05 06:24:00,2114.9,2114.99,2113.9,2114.33,225,4,0,225
2024-03-05 06:27:00,2114.33,2114.34,2113.81,2114.2,141,4,0,141
2024-03-05 06:30:00,2114.2,2115.1,2114.1,2115.09,184,4,0,184
2024-03-05 06:33:00,2115.09,2115.42,2114.93,2115.41,171,4,0,171
2024-03-05 06:36:00,2115.4,2115.48,2114.98,2115.16,281,4,0,281
2024-03-05 06:39:00,2115.17,2115.22,2114.67,2114.91,180,4,0,180
2024-03-05 06:42:00,2114.89,2114.98,2114.72,2114.75,101,4,0,101
2024-03-05 06:45:00,2114.75,2115.13,2114.69,2115.11,187,4,0,187
2024-03-05 06:48:00,2115.11,2115.22,2114.92,2114.92,163,4,0,163
2024-03-05 06:51:00,2114.92,2115.12,2114.92,2115.02,135,4,0,135
2024-03-05 06:54:00,2115.02,2115.55,2114.95,2115.33,173,4,0,173
2024-03-05 06:57:00,2115.32,2116.02,2115.32,2115.99,179,4,0,179
2024-03-05 07:00:00,2115.99,2115.99,2115.58,2115.78,158,4,0,158
2024-03-05 07:03:00,2115.78,2115.84,2115.57,2115.78,152,4,0,152
2024-03-05 07:06:00,2115.81,2115.87,2115.42,2115.7,146,4,0,146
2024-03-05 07:09:00,2115.7,2115.86,2115.56,2115.86,105,4,0,105
2024-03-05 07:12:00,2115.86,2116.18,2115.78,2116.17,83,4,0,83
2024-03-05 07:15:00,2116.17,2116.36,2115.96,2116.22,151,4,0,151
2024-03-05 07:18:00,2116.23,2116.55,2116.23,2116.29,179,4,0,179
2024-03-05 07:21:00,2116.29,2116.83,2116.19,2116.74,154,4,0,154
2024-03-05 07:24:00,2116.75,2116.75,2116.11,2116.2,144,4,0,144
2024-03-05 07:27:00,2116.2,2116.23,2115.84,2115.93,157,4,0,157
2024-03-05 07:30:00,2115.93,2117.26,2115.78,2117.1,359,4,0,359
2024-03-05 07:33:00,2117.1,2117.36,2117.03,2117.32,315,4,0,315
2024-03-05 07:36:00,2117.31,2118.28,2117.31,2118.07,520,4,0,520
2024-03-05 07:39:00,2118.07,2118.73,2118.05,2118.72,437,4,0,437
2024-03-05 07:42:00,2118.71,2119.33,2117.73,2117.82,622,4,0,622
2024-03-05 07:45:00,2117.81,2118.15,2117.18,2117.62,833,4,0,833
2024-03-05 07:48:00,2117.62,2119.24,2117.29,2119.14,536,4,0,536
2024-03-05 07:51:00,2119.14,2119.48,2118.39,2118.67,405,4,0,405
2024-03-05 07:54:00,2118.67,2119.14,2118.5,2119.06,258,4,0,258
2024-03-05 07:57:00,2119.05,2119.77,2119.04,2119.32,369,4,0,369
2024-03-05 08:00:00,2119.32,2119.62,2118.38,2118.45,387,4,0,387
2024-03-05 08:03:00,2118.45,2118.45,2117.62,2117.65,308,4,0,308
2024-03-05 08:06:00,2117.65,2117.8,2117.05,2117.24,393,4,0,393
2024-03-05 08:09:00,2117.25,2117.61,2116.89,2116.91,482,4,0,482
2024-03-05 08:12:00,2116.91,2117.51,2116.91,2117.32,314,4,0,314
2024-03-05 08:15:00,2117.32,2117.6,2117.02,2117.16,349,4,0,349
2024-03-05 08:18:00,2117.14,2117.88,2116.81,2117.57,445,4,0,445
2024-03-05 08:21:00,2117.57,2117.65,2116.83,2116.95,327,4,0,327
2024-03-05 08:24:00,2116.95,2117.44,2116.93,2117.05,320,4,0,320
2024-03-05 08:27:00,2117.05,2117.32,2116.38,2116.44,270,4,0,270
2024-03-05 08:30:00,2116.44,2116.89,2115.69,2116.79,332,4,0,332
2024-03-05 08:33:00,2116.78,2116.83,2116.32,2116.51,271,4,0,271
2024-03-05 08:36:00,2116.51,2116.51,2115.98,2116.17,159,4,0,159
2024-03-05 08:39:00,2116.17,2116.22,2115.89,2115.98,217,4,0,217
2024-03-05 08:42:00,2115.98,2116.1,2115.52,2115.68,296,4,0,296
2024-03-05 08:45:00,2115.7,2115.77,2115.28,2115.72,292,4,0,292
2024-03-05 08:48:00,2115.72,2116.24,2115.68,2116.03,305,4,0,305
2024-03-05 08:51:00,2116.03,2116.58,2115.98,2116.43,377,4,0,377
2024-03-05 08:54:00,2116.43,2117.52,2116.33,2116.77,456,4,0,456
2024-03-05 08:57:00,2116.77,2117.82,2116.67,2117.31,621,4,0,621
2024-03-05 09:00:00,2117.32,2117.79,2115.89,2116.08,538,4,0,538
2024-03-05 09:03:00,2116.08,2116.09,2115.39,2115.5,393,4,0,393
2024-03-05 09:06:00,2115.51,2115.78,2115.21,2115.68,324,4,0,324
2024-03-05 09:09:00,2115.68,2115.75,2115.08,2115.35,483,4,0,483
2024-03-05 09:12:00,2115.35,2115.46,2114.59,2114.61,349,4,0,349
2024-03-05 09:15:00,2114.61,2114.72,2114.02,2114.06,427,4,0,427
2024-03-05 09:18:00,2114.12,2115.17,2114.1,2115.03,362,4,0,362
2024-03-05 09:21:00,2115.02,2116.29,2115.02,2116.24,370,4,0,370
2024-03-05 09:24:00,2116.24,2116.36,2115.13,2115.66,417,4,0,417
2024-03-05 09:27:00,2115.66,2115.9,2115.23,2115.48,377,4,0,377
2024-03-05 09:30:00,2115.47,2116.6,2115.26,2116.44,511,4,0,511
2024-03-05 09:33:00,2116.43,2116.6,2115.28,2115.71,394,4,0,394
2024-03-05 09:36:00,2115.71,2115.77,2115.02,2115.14,314,4,0,314
2024-03-05 09:39:00,2115.14,2115.25,2114.74,2115.09,337,4,0,337
2024-03-05 09:42:00,2115.08,2115.57,2114.91,2115.22,404,4,0,404
2024-03-05 09:45:00,2115.2,2115.64,2114.87,2114.93,554,4,0,554
2024-03-05 09:48:00,2114.91,2115.57,2114.62,2115.49,484,4,0,484
2024-03-05 09:51:00,2115.49,2115.64,2114.79,2114.79,385,4,0,385
2024-03-05 09:54:00,2114.78,2114.9,2114.33,2114.52,301,4,0,301
2024-03-05 09:57:00,2114.52,2114.66,2114.33,2114.5,301,4,0,301
2024-03-05 10:00:00,2114.49,2116.5,2114.49,2116.34,919,4,0,919
2024-03-05 10:03:00,2116.34,2116.43,2115.99,2116.3,475,4,0,475
2024-03-05 10:06:00,2116.31,2118.09,2116.3,2117.95,638,4,0,638
2024-03-05 10:09:00,2117.95,2118.98,2117.91,2118.55,748,4,0,748
2024-03-05 10:12:00,2118.57,2118.89,2118.33,2118.71,574,4,0,574
2024-03-05 10:15:00,2118.73,2119.52,2118.73,2119.16,618,4,0,618
2024-03-05 10:18:00,2119.16,2119.29,2118.76,2118.91,382,4,0,382
2024-03-05 10:21:00,2118.91,2118.94,2118.26,2118.93,472,4,0,472
2024-03-05 10:24:00,2118.93,2119.61,2118.73,2119.54,504,4,0,504
2024-03-05 10:27:00,2119.53,2121.28,2119.26,2120.91,815,4,0,815
2024-03-05 10:30:00,2120.91,2123.42,2120.62,2123.14,826,4,0,826
2024-03-05 10:33:00,2123.14,2123.47,2120.32,2121.8,969,4,0,969
2024-03-05 10:36:00,2121.8,2122.05,2120.79,2121.72,717,4,0,717
2024-03-05 10:39:00,2121.72,2122.04,2121.17,2121.2,476,4,0,476
2024-03-05 10:42:00,2121.2,2121.6,2121.02,2121.29,408,4,0,408
2024-03-05 10:45:00,2121.29,2121.49,2120.85,2121.25,338,4,0,338
2024-03-05 10:48:00,2121.25,2121.53,2120.67,2120.9,403,4,0,403
2024-03-05 10:51:00,2120.9,2120.91,2120.06,2120.14,431,4,0,431
2024-03-05 10:54:00,2120.13,2120.39,2119.46,2120.11,500,4,0,500
2024-03-05 10:57:00,2120.1,2121.02,2120.01,2120.72,460,4,0,460
2024-03-05 11:00:00,2120.71,2120.78,2119.07,2119.39,637,4,0,637
2024-03-05 11:03:00,2119.39,2119.94,2119.24,2119.37,369,4,0,369
2024-03-05 11:06:00,2119.37,2120.14,2119.35,2119.95,386,4,0,386
2024-03-05 11:09:00,2119.95,2121.08,2119.78,2121.07,356,4,0,356
2024-03-05 11:12:00,2121.07,2122.49,2121.03,2122.44,476,4,0,476
2024-03-05 11:15:00,2122.44,2124.19,2122.25,2123.96,587,4,0,587
2024-03-05 11:18:00,2123.94,2123.94,2122.31,2123.62,559,4,0,559
2024-03-05 11:21:00,2123.62,2124.16,2123.26,2123.8,393,4,0,393
2024-03-05 11:24:00,2123.8,2124.14,2123.48,2124.08,353,4,0,353
2024-03-05 11:27:00,2124.07,2125.24,2123.95,2124.98,859,4,0,859
2024-03-05 11:30:00,2124.96,2125.06,2124.46,2124.57,900,4,0,900
2024-03-05 11:33:00,2124.57,2124.6,2123.81,2123.81,487,4,0,487
2024-03-05 11:36:00,2123.81,2124.83,2123.25,2124.74,515,4,0,515
2024-03-05 11:39:00,2124.71,2125.44,2124.65,2124.81,555,4,0,555
2024-03-05 11:42:00,2124.8,2124.87,2123.92,2124.25,394,4,0,394
2024-03-05 11:45:00,2124.22,2124.27,2123.24,2123.34,462,4,0,462
2024-03-05 11:48:00,2123.35,2123.4,2122.66,2122.69,286,4,0,286
2024-03-05 11:51:00,2122.69,2123.13,2122.35,2123.07,344,4,0,344
2024-03-05 11:54:00,2123.07,2123.78,2123.07,2123.69,362,4,0,362
2024-03-05 11:57:00,2123.7,2124.73,2123.68,2124.6,423,4,0,423
2024-03-05 12:00:00,2124.6,2125.16,2124.47,2125.0,431,4,0,431
2024-03-05 12:03:00,2124.99,2125.41,2124.83,2125.12,479,4,0,479
2024-03-05 12:06:00,2125.12,2125.53,2124.84,2125.33,494,4,0,494
2024-03-05 12:09:00,2125.34,2126.57,2125.22,2126.54,545,4,0,545
2024-03-05 12:12:00,2126.54,2127.27,2126.1,2126.69,640,4,0,640
2024-03-05 12:15:00,2126.69,2126.71,2125.55,2126.6,771,4,0,771
2024-03-05 12:18:00,2126.6,2126.73,2125.72,2126.26,502,4,0,502
2024-03-05 12:21:00,2126.23,2127.36,2126.2,2126.79,431,4,0,431
2024-03-05 12:24:00,2126.79,2126.79,2125.77,2126.13,285,4,0,285
2024-03-05 12:27:00,2126.1,2126.76,2125.55,2126.76,334,4,0,334
2024-03-05 12:30:00,2126.76,2126.76,2125.68,2125.87,372,4,0,372
2024-03-05 12:33:00,2125.87,2126.01,2125.42,2125.45,249,4,0,249
2024-03-05 12:36:00,2125.44,2125.85,2124.15,2124.25,486,4,0,486
2024-03-05 12:39:00,2124.26,2124.47,2124.08,2124.44,288,4,0,288
2024-03-05 12:42:00,2124.46,2124.67,2123.86,2124.44,321,4,0,321
2024-03-05 12:45:00,2124.45,2124.98,2124.39,2124.57,314,4,0,314
2024-03-05 12:48:00,2124.57,2124.63,2123.53,2123.86,358,4,0,358
2024-03-05 12:51:00,2123.86,2124.23,2123.69,2124.11,367,4,0,367
2024-03-05 12:54:00,2124.06,2124.08,2123.57,2123.84,388,4,0,388
2024-03-05 12:57:00,2123.84,2123.86,2123.41,2123.75,318,4,0,318
2024-03-05 13:00:00,2123.75,2123.78,2122.65,2123.29,502,4,0,502
2024-03-05 13:03:00,2123.29,2126.1,2123.28,2125.97,710,4,0,710
2024-03-05 13:06:00,2125.99,2126.21,2125.1,2125.66,697,4,0,697
2024-03-05 13:09:00,2125.66,2126.38,2125.32,2126.18,384,4,0,384
2024-03-05 13:12:00,2126.18,2127.12,2125.8,2126.73,552,4,0,552
2024-03-05 13:15:00,2126.73,2126.77,2125.34,2125.55,391,4,0,391
2024-03-05 13:18:00,2125.55,2125.98,2125.33,2125.85,364,4,0,364
2024-03-05 13:21:00,2125.87,2126.3,2125.44,2126.12,385,4,0,385
2024-03-05 13:24:00,2126.12,2126.73,2126.03,2126.55,274,4,0,274
2024-03-05 13:27:00,2126.55,2127.25,2126.55,2126.86,392,4,0,392
2024-03-05 13:30:00,2126.86,2127.02,2125.71,2125.88,524,4,0,524
2024-03-05 13:33:00,2125.88,2126.11,2125.38,2125.88,356,4,0,356
2024-03-05 13:36:00,2125.9,2126.15,2125.57,2125.8,379,4,0,379
2024-03-05 13:39:00,2125.8,2126.08,2125.03,2125.08,420,4,0,420
2024-03-05 13:42:00,2125.08,2125.59,2125.05,2125.19,421,4,0,421
2024-03-05 13:45:00,2125.19,2125.19,2124.22,2124.48,502,4,0,502
2024-03-05 13:48:00,2124.48,2124.63,2123.68,2124.03,708,4,0,708
2024-03-05 13:51:00,2124.03,2125.38,2123.82,2125.08,447,4,0,447
2024-03-05 13:54:00,2125.08,2125.2,2124.4,2124.53,360,4,0,360
2024-03-05 13:57:00,2124.54,2124.78,2124.28,2124.52,404,4,0,404
2024-03-05 14:00:00,2124.53,2124.79,2123.86,2124.74,605,4,0,605
2024-03-05 14:03:00,2124.72,2125.32,2124.62,2124.66,397,4,0,397
2024-03-05 14:06:00,2124.66,2124.71,2123.72,2123.91,366,4,0,366
2024-03-05 14:09:00,2123.89,2123.95,2122.63,2122.78,507,4,0,507
2024-03-05 14:12:00,2122.78,2123.48,2122.77,2123.2,407,4,0,407
2024-03-05 14:15:00,2123.2,2123.2,2122.65,2123.06,363,4,0,363
2024-03-05 14:18:00,2123.06,2123.06,2122.32,2122.73,314,4,0,314
2024-03-05 14:21:00,2122.72,2123.73,2122.48,2123.69,327,4,0,327
2024-03-05 14:24:00,2123.67,2123.97,2123.07,2123.07,299,4,0,299
2024-03-05 14:27:00,2123.08,2123.17,2121.27,2122.09,582,4,0,582
2024-03-05 14:30:00,2122.09,2122.48,2121.21,2121.77,395,4,0,395
2024-03-05 14:33:00,2121.76,2123.07,2121.39,2123.02,434,4,0,434
2024-03-05 14:36:00,2123.02,2123.32,2122.47,2123.09,521,4,0,521
2024-03-05 14:39:00,2123.09,2123.62,2122.5,2122.83,687,4,0,687
2024-03-05 14:42:00,2122.83,2123.19,2122.24,2122.34,398,4,0,398
2024-03-05 14:45:00,2122.34,2123.33,2122.28,2123.09,511,4,0,511
2024-03-05 14:48:00,2123.09,2124.42,2123.04,2124.41,659,4,0,659
2024-03-05 14:51:00,2124.38,2124.67,2123.75,2124.29,648,4,0,648
2024-03-05 14:54:00,2124.28,2124.61,2124.07,2124.18,452,4,0,452
2024-03-05 14:57:00,2124.18,2124.58,2123.87,2124.46,379,4,0,379
2024-03-05 15:00:00,2124.46,2126.05,2124.25,2125.93,1606,4,0,1606
2024-03-05 15:03:00,2125.92,2126.64,2125.26,2126.05,1097,4,0,1097
2024-03-05 15:06:00,2126.06,2126.94,2125.87,2126.72,968,4,0,968
2024-03-05 15:09:00,2126.69,2128.28,2126.51,2127.75,1283,4,0,1283
2024-03-05 15:12:00,2127.74,2127.79,2126.86,2127.25,868,4,0,868
2024-03-05 15:15:00,2127.25,2127.35,2125.93,2126.29,1136,4,0,1136
2024-03-05 15:18:00,2126.27,2129.09,2125.66,2128.53,1404,4,0,1404
2024-03-05 15:21:00,2128.5,2130.04,2127.78,2129.86,1421,4,0,1421
2024-03-05 15:24:00,2129.84,2130.98,2129.66,2130.81,1079,4,0,1079
2024-03-05 15:27:00,2130.81,2132.04,2130.42,2131.82,1152,4,0,1152
2024-03-05 15:30:00,2131.82,2137.85,2131.55,2137.85,2049,4,0,2049
2024-03-05 15:33:00,2137.85,2141.91,2137.32,2140.51,2584,4,0,2584
2024-03-05 15:36:00,2140.51,2141.65,2132.4,2133.46,3945,4,0,3945
2024-03-05 15:39:00,2133.46,2133.9,2125.16,2125.63,4024,4,0,4024
2024-03-05 15:42:00,2125.62,2129.42,2125.15,2128.1,3003,4,0,3003
2024-03-05 15:45:00,2128.11,2131.25,2126.77,2130.86,2044,4,0,2044
2024-03-05 15:48:00,2130.86,2131.08,2124.73,2124.95,2017,4,0,2017
2024-03-05 15:51:00,2124.95,2126.11,2122.44,2125.9,2338,4,0,2338
2024-03-05 15:54:00,2125.89,2126.53,2123.86,2125.49,1506,4,0,1506
2024-03-05 15:57:00,2125.5,2128.12,2124.07,2127.79,1694,4,0,1694
2024-03-05 16:00:00,2127.79,2128.36,2126.45,2127.95,1496,4,0,1496
2024-03-05 16:03:00,2127.95,2129.24,2126.26,2126.34,1426,4,0,1426
2024-03-05 16:06:00,2126.33,2128.32,2124.39,2128.01,1416,4,0,1416
2024-03-05 16:09:00,2128.01,2129.0,2126.46,2128.46,1430,4,0,1430
2024-03-05 16:12:00,2128.45,2130.78,2127.76,2130.41,1416,4,0,1416
2024-03-05 16:15:00,2130.41,2131.46,2129.35,2129.82,1402,4,0,1402
2024-03-05 16:18:00,2129.82,2132.0,2129.69,2131.31,1429,4,0,1429
2024-03-05 16:21:00,2131.31,2132.17,2130.52,2130.89,1435,4,0,1435
2024-03-05 16:24:00,2130.89,2131.82,2130.63,2131.14,1007,4,0,1007
2024-03-05 16:27:00,2131.14,2133.19,2131.14,2131.92,1173,4,0,1173
2024-03-05 16:30:00,2131.92,2133.3,2130.43,2132.62,2087,4,0,2087
2024-03-05 16:33:00,2132.62,2132.8,2129.38,2129.66,1922,4,0,1922
2024-03-05 16:36:00,2129.66,2131.81,2129.66,2130.92,1680,4,0,1680
2024-03-05 16:39:00,2130.95,2131.29,2128.75,2129.97,1679,4,0,1679
2024-03-05 16:42:00,2129.96,2130.11,2128.19,2128.48,1331,4,0,1331
2024-03-05 16:45:00,2128.48,2128.48,2125.1,2127.4,2278,4,0,2278
2024-03-05 16:48:00,2127.41,2129.83,2127.03,2128.38,1843,4,0,1843
2024-03-05 16:51:00,2128.38,2129.1,2126.85,2128.0,1426,4,0,1426
2024-03-05 16:54:00,2128.0,2130.1,2127.7,2129.86,1361,4,0,1361
2024-03-05 16:57:00,2129.85,2129.85,2127.69,2128.29,1012,4,0,1012
2024-03-05 17:00:00,2128.29,2139.66,2128.29,2135.84,2043,4,0,2043
2024-03-05 17:03:00,2135.83,2136.15,2129.64,2133.67,2995,4,0,2995
2024-03-05 17:06:00,2133.66,2134.55,2129.79,2134.36,2336,4,0,2336
2024-03-05 17:09:00,2134.36,2134.36,2130.44,2132.29,1823,4,0,1823
2024-03-05 17:12:00,2132.27,2135.3,2131.94,2135.18,1627,4,0,1627
2024-03-05 17:15:00,2135.18,2137.35,2135.04,2136.75,1608,4,0,1608
2024-03-05 17:18:00,2136.75,2136.87,2132.11,2133.85,1853,4,0,1853
2024-03-05 17:21:00,2133.85,2133.97,2130.37,2130.98,1856,4,0,1856
2024-03-05 17:24:00,2130.98,2131.76,2128.78,2130.37,1956,4,0,1956
2024-03-05 17:27:00,2130.38,2132.56,2130.38,2131.55,1605,4,0,1605
2024-03-05 17:30:00,2131.54,2134.12,2130.58,2133.71,1635,4,0,1635
2024-03-05 17:33:00,2133.71,2135.04,2133.01,2133.01,1648,4,0,1648
2024-03-05 17:36:00,2133.06,2133.52,2131.13,2131.13,1313,4,0,1313
2024-03-05 17:39:00,2131.12,2132.01,2130.65,2131.53,1245,4,0,1245
2024-03-05 17:42:00,2131.54,2131.96,2130.03,2131.96,1362,4,0,1362
2024-03-05 17:45:00,2131.95,2131.95,2130.22,2130.62,1287,4,0,1287
2024-03-05 17:48:00,2130.63,2131.19,2127.44,2127.61,1443,4,0,1443
2024-03-05 17:51:00,2127.64,2127.71,2124.94,2125.01,1817,4,0,1817
2024-03-05 17:54:00,2125.03,2126.42,2123.85,2125.69,1597,4,0,1597
2024-03-05 17:57:00,2125.69,2127.11,2125.52,2126.66,1268,4,0,1268
2024-03-05 18:00:00,2126.66,2128.83,2126.23,2126.25,1525,4,0,1525
2024-03-05 18:03:00,2126.27,2127.44,2124.92,2125.09,1388,4,0,1388
2024-03-05 18:06:00,2125.1,2127.39,2124.95,2126.06,1222,4,0,1222
2024-03-05 18:09:00,2126.06,2126.59,2125.23,2125.97,1211,4,0,1211
2024-03-05 18:12:00,2125.98,2127.15,2125.86,2127.13,1164,4,0,1164
2024-03-05 18:15:00,2127.13,2128.2,2125.69,2125.73,1136,4,0,1136
2024-03-05 18:18:00,2125.72,2125.72,2124.27,2124.84,1044,4,0,1044
2024-03-05 18:21:00,2124.84,2126.77,2124.82,2126.03,1121,4,0,1121
2024-03-05 18:24:00,2126.03,2126.87,2125.43,2126.04,918,4,0,918
2024-03-05 18:27:00,2126.06,2126.72,2125.22,2126.35,942,4,0,942
2024-03-05 18:30:00,2126.35,2127.38,2126.35,2126.91,809,4,0,809
2024-03-05 18:33:00,2126.91,2128.75,2126.87,2128.72,671,4,0,671
2024-03-05 18:36:00,2128.72,2128.79,2126.76,2127.06,869,4,0,869
2024-03-05 18:39:00,2127.06,2127.24,2124.62,2124.72,682,4,0,682
2024-03-05 18:42:00,2124.73,2125.09,2123.73,2124.73,879,4,0,879
2024-03-05 18:45:00,2124.73,2125.77,2123.73,2125.24,948,4,0,948
2024-03-05 18:48:00,2125.24,2126.51,2125.18,2126.45,780,4,0,780
2024-03-05 18:51:00,2126.45,2126.48,2125.75,2126.3,783,4,0,783
2024-03-05 18:54:00,2126.3,2127.13,2125.96,2126.95,680,4,0,680
2024-03-05 18:57:00,2126.97,2128.39,2126.97,2128.37,741,4,0,741
2024-03-05 19:00:00,2128.37,2128.79,2127.75,2128.38,742,4,0,742
2024-03-05 19:03:00,2128.38,2128.93,2127.97,2128.63,619,4,0,619
2024-03-05 19:06:00,2128.63,2129.56,2128.54,2128.95,681,4,0,681
2024-03-05 19:09:00,2128.95,2129.04,2128.46,2128.68,504,4,0,504
2024-03-05 19:12:00,2128.67,2128.7,2127.61,2128.65,549,4,0,549
2024-03-05 19:15:00,2128.65,2129.2,2128.08,2129.18,480,4,0,480
2024-03-05 19:18:00,2129.18,2129.49,2128.66,2129.34,582,4,0,582
2024-03-05 19:21:00,2129.35,2130.09,2129.25,2129.98,634,4,0,634
2024-03-05 19:24:00,2129.98,2130.05,2129.01,2129.22,487,4,0,487
2024-03-05 19:27:00,2129.22,2130.03,2129.08,2129.72,566,4,0,566
2024-03-05 19:30:00,2129.72,2129.72,2128.72,2128.94,484,4,0,484
2024-03-05 19:33:00,2128.94,2130.14,2128.9,2129.51,427,4,0,427
2024-03-05 19:36:00,2129.51,2129.9,2128.95,2129.05,382,4,0,382
2024-03-05 19:39:00,2129.07,2129.35,2128.37,2128.98,540,4,0,540
2024-03-05 19:42:00,2128.94,2129.12,2128.05,2128.73,468,4,0,468
2024-03-05 19:45:00,2128.75,2129.56,2128.72,2129.43,351,4,0,351
2024-03-05 19:48:00,2129.43,2129.58,2129.03,2129.15,353,4,0,353
2024-03-05 19:51:00,2129.15,2129.92,2128.92,2129.77,484,4,0,484
2024-03-05 19:54:00,2129.76,2130.68,2129.74,2130.66,484,4,0,484
2024-03-05 19:57:00,2130.66,2131.09,2130.66,2130.95,585,4,0,585
2024-03-05 20:00:00,2130.96,2131.33,2130.55,2131.07,676,4,0,676
2024-03-05 20:03:00,2131.06,2131.87,2130.84,2131.38,711,4,0,711
2024-03-05 20:06:00,2131.38,2131.68,2131.21,2131.58,512,4,0,512
2024-03-05 20:09:00,2131.57,2131.94,2131.47,2131.67,491,4,0,491
2024-03-05 20:12:00,2131.66,2132.07,2131.43,2132.03,528,4,0,528
2024-03-05 20:15:00,2132.02,2132.07,2130.53,2130.55,518,4,0,518
2024-03-05 20:18:00,2130.56,2130.65,2129.66,2130.26,611,4,0,611
2024-03-05 20:21:00,2130.25,2131.3,2130.09,2131.29,541,4,0,541
2024-03-05 20:24:00,2131.29,2132.13,2131.24,2131.96,635,4,0,635
2024-03-05 20:27:00,2131.96,2133.63,2131.91,2133.51,922,4,0,922
2024-03-05 20:30:00,2133.51,2133.64,2132.46,2132.79,784,4,0,784
2024-03-05 20:33:00,2132.8,2133.0,2132.21,2132.3,558,4,0,558
2024-03-05 20:36:00,2132.3,2132.32,2130.98,2131.59,528,4,0,528
2024-03-05 20:39:00,2131.59,2131.81,2130.79,2130.92,419,4,0,419
2024-03-05 20:42:00,2130.94,2130.94,2130.08,2130.13,528,4,0,528
2024-03-05 20:45:00,2130.12,2130.93,2130.07,2130.86,500,4,0,500
2024-03-05 20:48:00,2130.86,2131.79,2130.86,2131.13,525,4,0,525
2024-03-05 20:51:00,2131.13,2131.66,2130.61,2131.37,393,4,0,393
2024-03-05 20:54:00,2131.36,2131.8,2131.12,2131.29,469,4,0,469
2024-03-05 20:57:00,2131.29,2131.34,2130.38,2130.77,417,4,0,417
2024-03-05 21:00:00,2130.78,2131.59,2130.78,2131.53,459,4,0,459
2024-03-05 21:03:00,2131.54,2132.1,2131.51,2132.01,366,4,0,366
2024-03-05 21:06:00,2132.02,2132.34,2131.42,2131.96,404,4,0,404
2024-03-05 21:09:00,2131.96,2132.48,2131.76,2132.4,375,4,0,375
2024-03-05 21:12:00,2132.4,2132.87,2132.18,2132.81,337,4,0,337
2024-03-05 21:15:00,2132.8,2134.77,2132.74,2134.17,619,4,0,619
2024-03-05 21:18:00,2134.14,2134.32,2133.32,2133.53,489,4,0,489
2024-03-05 21:21:00,2133.52,2133.78,2133.2,2133.26,355,4,0,355
2024-03-05 21:24:00,2133.26,2134.14,2133.14,2133.75,373,4,0,373
2024-03-05 21:27:00,2133.76,2134.11,2133.22,2133.8,621,4,0,621
2024-03-05 21:30:00,2133.8,2133.98,2133.04,2133.22,520,4,0,520
2024-03-05 21:33:00,2133.25,2133.25,2132.24,2132.36,457,4,0,457
2024-03-05 21:36:00,2132.37,2133.06,2132.11,2132.8,518,4,0,518
2024-03-05 21:39:00,2132.81,2133.15,2132.38,2133.11,388,4,0,388
2024-03-05 21:42:00,2133.11,2133.16,2132.11,2132.25,361,4,0,361
2024-03-05 21:45:00,2132.25,2132.65,2130.95,2130.99,605,4,0,605
2024-03-05 21:48:00,2130.99,2131.44,2130.29,2131.44,628,4,0,628
2024-03-05 21:51:00,2131.45,2131.69,2130.77,2130.97,462,4,0,462
2024-03-05 21:54:00,2130.97,2131.23,2130.59,2130.65,671,4,0,671
2024-03-05 21:57:00,2130.67,2130.76,2129.64,2129.68,604,4,0,604
2024-03-05 22:00:00,2129.68,2130.64,2129.64,2130.6,533,4,0,533
2024-03-05 22:03:00,2130.6,2130.68,2129.52,2129.63,481,4,0,481
2024-03-05 22:06:00,2129.63,2130.53,2129.56,2130.33,443,4,0,443
2024-03-05 22:09:00,2130.36,2130.49,2129.81,2129.9,479,4,0,479
2024-03-05 22:12:00,2129.9,2130.03,2129.15,2129.31,518,4,0,518
2024-03-05 22:15:00,2129.32,2129.77,2128.9,2129.6,467,4,0,467
2024-03-05 22:18:00,2129.6,2130.11,2129.51,2129.89,411,4,0,411
2024-03-05 22:21:00,2129.89,2130.34,2129.89,2130.22,451,4,0,451
2024-03-05 22:24:00,2130.22,2130.68,2129.97,2130.02,491,4,0,491
2024-03-05 22:27:00,2130.03,2130.73,2129.83,2130.63,461,4,0,461
2024-03-05 22:30:00,2130.63,2131.0,2130.35,2130.43,411,4,0,411
2024-03-05 22:33:00,2130.44,2130.52,2130.04,2130.04,313,4,0,313
2024-03-05 22:36:00,2130.04,2130.17,2129.16,2129.22,366,4,0,366
2024-03-05 22:39:00,2129.23,2129.25,2128.53,2128.95,540,4,0,540
2024-03-05 22:42:00,2128.94,2129.06,2128.7,2128.98,451,4,0,451
2024-03-05 22:45:00,2128.99,2129.59,2128.89,2129.56,534,4,0,534
2024-03-05 22:48:00,2129.56,2129.7,2129.21,2129.56,354,4,0,354
2024-03-05 22:51:00,2129.57,2129.59,2129.16,2129.55,367,4,0,367
2024-03-05 22:54:00,2129.55,2129.64,2129.01,2129.61,334,4,0,334
2024-03-05 22:57:00,2129.6,2130.02,2129.52,2129.71,410,4,0,410
2024-03-05 23:00:00,2129.71,2130.11,2129.61,2130.06,295,4,0,295
2024-03-05 23:03:00,2130.07,2130.08,2129.74,2129.78,165,4,0,165
2024-03-05 23:06:00,2129.77,2129.9,2129.45,2129.45,110,4,0,110
2024-03-05 23:09:00,2129.45,2129.5,2128.7,2129.47,268,4,0,268
2024-03-05 23:12:00,2129.48,2129.68,2129.3,2129.35,267,4,0,267
2024-03-05 23:15:00,2129.35,2129.55,2129.26,2129.42,211,4,0,211
2024-03-05 23:18:00,2129.42,2129.52,2129.2,2129.25,123,4,0,123
2024-03-05 23:21:00,2129.25,2129.26,2129.13,2129.14,121,4,0,121
2024-03-05 23:24:00,2129.14,2129.25,2129.01,2129.1,119,4,0,119
2024-03-05 23:27:00,2129.1,2129.21,2128.9,2129.17,134,4,0,134
2024-03-05 23:30:00,2129.17,2129.17,2128.48,2128.77,136,4,0,136
2024-03-05 23:33:00,2128.77,2128.92,2127.76,2127.86,377,4,0,377
2024-03-05 23:36:00,2127.87,2127.87,2127.14,2127.27,199,4,0,199
2024-03-05 23:39:00,2127.27,2128.1,2127.27,2127.88,248,4,0,248
2024-03-05 23:42:00,2127.9,2128.05,2127.83,2127.87,120,4,0,120
2024-03-05 23:45:00,2127.85,2128.23,2127.83,2128.23,145,4,0,145
2024-03-05 23:48:00,2128.23,2128.33,2127.83,2127.95,120,4,0,120
2024-03-05 23:51:00,2127.95,2127.98,2127.73,2127.95,89,4,0,89
2024-03-05 23:54:00,2127.95,2127.97,2127.63,2127.9,90,4,0,90
2024-03-05 23:57:00,2127.89,2127.99,2127.8,2127.89,87,4,0,87
2024-03-06 01:00:00,2127.57,2127.67,2127.18,2127.18,51,4,0,51
2024-03-06 01:03:00,2127.18,2127.6,2126.92,2127.27,109,4,0,109
2024-03-06 01:06:00,2127.26,2127.7,2127.25,2127.69,93,4,0,93
2024-03-06 01:09:00,2127.69,2127.7,2127.4,2127.52,99,4,0,99
2024-03-06 01:12:00,2127.52,2127.84,2127.04,2127.12,126,4,0,126
2024-03-06 01:15:00,2127.13,2127.39,2127.12,2127.34,50,4,0,50
2024-03-06 01:18:00,2127.34,2127.47,2127.08,2127.36,106,4,0,106
2024-03-06 01:21:00,2127.36,2127.74,2127.36,2127.74,80,4,0,80
2024-03-06 01:24:00,2127.74,2127.88,2127.66,2127.88,83,4,0,83
2024-03-06 01:27:00,2127.9,2128.38,2127.9,2128.21,82,4,0,82
2024-03-06 01:30:00,2128.21,2128.42,2128.09,2128.09,84,4,0,84
2024-03-06 01:33:00,2128.11,2128.22,2128.02,2128.22,75,4,0,75
2024-03-06 01:36:00,2128.22,2128.24,2127.91,2127.99,82,4,0,82
2024-03-06 01:39:00,2127.99,2128.08,2127.89,2127.96,66,4,0,66
2024-03-06 01:42:00,2127.96,2128.0,2127.59,2127.6,94,4,0,94
2024-03-06 01:45:00,2127.6,2127.6,2127.2,2127.49,119,4,0,119
2024-03-06 01:48:00,2127.5,2127.63,2127.49,2127.61,52,4,0,52
2024-03-06 01:51:00,2127.61,2127.9,2127.49,2127.89,86,4,0,86
2024-03-06 01:54:00,2127.89,2128.42,2127.79,2128.4,67,4,0,67
2024-03-06 01:57:00,2128.4,2128.5,2128.07,2128.07,107,4,0,107
2024-03-06 02:00:00,2128.07,2128.13,2126.9,2127.03,277,4,0,277
2024-03-06 02:03:00,2127.04,2127.22,2126.45,2126.64,384,4,0,384
2024-03-06 02:06:00,2126.63,2127.39,2126.63,2127.01,284,4,0,284
2024-03-06 02:09:00,2127.01,2127.56,2127.0,2127.21,211,4,0,211
2024-03-06 02:12:00,2127.21,2127.38,2127.18,2127.2,144,4,0,144
2024-03-06 02:15:00,2127.2,2127.34,2126.68,2127.01,245,4,0,245
2024-03-06 02:18:00,2127.01,2127.03,2126.32,2126.76,314,4,0,314
2024-03-06 02:21:00,2126.76,2126.85,2126.46,2126.69,175,4,0,175
2024-03-06 02:24:00,2126.69,2126.75,2126.48,2126.57,154,4,0,154
2024-03-06 02:27:00,2126.57,2126.89,2126.55,2126.82,193,4,0,193
2024-03-06 02:30:00,2126.82,2127.23,2126.7,2126.92,230,4,0,230
2024-03-06 02:33:00,2126.92,2127.15,2126.54,2126.67,230,4,0,230
2024-03-06 02:36:00,2126.67,2126.73,2126.14,2126.35,224,4,0,224
2024-03-06 02:39:00,2126.35,2126.66,2126.35,2126.45,177,4,0,177
2024-03-06 02:42:00,2126.44,2127.37,2126.44,2127.09,244,4,0,244
2024-03-06 02:45:00,2127.08,2127.22,2126.93,2126.94,163,4,0,163
2024-03-06 02:48:00,2126.94,2126.95,2126.52,2126.79,137,4,0,137
2024-03-06 02:51:00,2126.79,2126.82,2126.52,2126.69,179,4,0,179
2024-03-06 02:54:00,2126.69,2126.97,2126.68,2126.87,227,4,0,227
2024-03-06 02:57:00,2126.87,2127.14,2126.68,2126.9,202,4,0,202
2024-03-06 03:00:00,2126.9,2127.91,2126.86,2127.78,617,4,0,617
2024-03-06 03:03:00,2127.78,2127.78,2126.69,2127.09,323,4,0,323
2024-03-06 03:06:00,2127.08,2127.99,2126.91,2127.99,394,4,0,394
2024-03-06 03:09:00,2127.99,2128.09,2127.03,2127.06,380,4,0,380
2024-03-06 03:12:00,2127.06,2127.15,2126.62,2126.66,334,4,0,334
2024-03-06 03:15:00,2126.66,2127.16,2126.37,2126.95,415,4,0,415
2024-03-06 03:18:00,2126.91,2127.26,2126.87,2127.18,425,4,0,425
2024-03-06 03:21:00,2127.2,2127.23,2126.7,2126.94,422,4,0,422
2024-03-06 03:24:00,2126.94,2127.05,2126.64,2126.93,329,4,0,329
2024-03-06 03:27:00,2126.93,2126.95,2125.51,2125.6,317,4,0,317
2024-03-06 03:30:00,2125.59,2126.01,2125.43,2125.81,300,4,0,300
2024-03-06 03:33:00,2125.81,2126.1,2125.35,2126.1,344,4,0,344
2024-03-06 03:36:00,2126.1,2126.17,2125.34,2125.71,396,4,0,396
2024-03-06 03:39:00,2125.71,2126.01,2125.51,2125.95,233,4,0,233
2024-03-06 03:42:00,2125.95,2126.46,2125.83,2126.12,350,4,0,350
2024-03-06 03:45:00,2126.13,2126.49,2125.69,2125.78,260,4,0,260
2024-03-06 03:48:00,2125.78,2125.85,2125.19,2125.34,302,4,0,302
2024-03-06 03:51:00,2125.34,2125.74,2125.33,2125.61,347,4,0,347
2024-03-06 03:54:00,2125.61,2125.96,2125.47,2125.53,393,4,0,393
2024-03-06 03:57:00,2125.51,2125.77,2125.4,2125.58,245,4,0,245
2024-03-06 04:00:00,2125.58,2125.77,2125.3,2125.48,314,4,0,314
2024-03-06 04:03:00,2125.48,2126.53,2125.45,2126.52,470,4,0,470
2024-03-06 04:06:00,2126.51,2126.53,2126.07,2126.09,318,4,0,318
2024-03-06 04:09:00,2126.09,2126.28,2125.98,2126.0,235,4,0,235
2024-03-06 04:12:00,2126.0,2126.11,2125.57,2125.61,223,4,0,223
2024-03-06 04:15:00,2125.61,2125.73,2125.26,2125.52,184,4,0,184
2024-03-06 04:18:00,2125.52,2125.57,2125.15,2125.29,142,4,0,142
2024-03-06 04:21:00,2125.29,2125.48,2125.07,2125.07,86,4,0,86
2024-03-06 04:24:00,2125.07,2125.16,2124.79,2124.84,150,4,0,150
2024-03-06 04:27:00,2124.84,2125.03,2124.62,2124.62,208,4,0,208
2024-03-06 04:30:00,2124.62,2124.76,2123.96,2124.73,385,4,0,385
2024-03-06 04:33:00,2124.73,2124.87,2124.56,2124.69,218,4,0,218
2024-03-06 04:36:00,2124.7,2124.8,2124.3,2124.68,241,4,0,241
2024-03-06 04:39:00,2124.68,2125.04,2124.35,2125.04,226,4,0,226
2024-03-06 04:42:00,2125.04,2125.08,2124.83,2124.91,251,4,0,251
2024-03-06 04:45:00,2124.92,2124.99,2124.88,2124.92,230,4,0,230
2024-03-06 04:48:00,2124.94,2125.11,2124.85,2125.05,267,4,0,267
2024-03-06 04:51:00,2125.05,2125.65,2124.9,2125.57,327,4,0,327
2024-03-06 04:54:00,2125.56,2126.62,2125.56,2126.61,353,4,0,353
2024-03-06 04:57:00,2126.61,2126.85,2126.32,2126.43,359,4,0,359
2024-03-06 05:00:00,2126.43,2126.63,2126.13,2126.49,345,4,0,345
2024-03-06 05:03:00,2126.49,2126.49,2125.84,2126.11,258,4,0,258
2024-03-06 05:06:00,2126.11,2126.22,2125.11,2125.32,263,4,0,263
2024-03-06 05:09:00,2125.32,2125.71,2125.23,2125.43,323,4,0,323
2024-03-06 05:12:00,2125.43,2125.64,2125.37,2125.58,268,4,0,268
2024-03-06 05:15:00,2125.59,2125.64,2124.89,2125.01,230,4,0,230
2024-03-06 05:18:00,2125.01,2125.25,2124.79,2124.9,298,4,0,298
2024-03-06 05:21:00,2124.91,2125.47,2124.89,2125.35,205,4,0,205
2024-03-06 05:24:00,2125.35,2125.35,2124.95,2125.11,280,4,0,280
2024-03-06 05:27:00,2125.11,2125.25,2124.72,2124.79,182,4,0,182
2024-03-06 05:30:00,2124.79,2124.85,2124.73,2124.85,146,4,0,146
2024-03-06 05:33:00,2124.85,2125.17,2124.85,2124.92,174,4,0,174
2024-03-06 05:36:00,2124.92,2125.06,2124.92,2125.04,144,4,0,144
2024-03-06 05:39:00,2125.04,2125.12,2124.95,2124.96,138,4,0,138
2024-03-06 05:42:00,2124.96,2124.97,2124.44,2124.63,125,4,0,125
2024-03-06 05:45:00,2124.63,2124.75,2124.42,2124.48,165,4,0,165
2024-03-06 05:48:00,2124.48,2124.57,2124.42,2124.45,114,4,0,114
2024-03-06 05:51:00,2124.45,2124.6,2124.27,2124.29,119,4,0,119
2024-03-06 05:54:00,2124.29,2124.36,2123.73,2124.26,253,4,0,253
2024-03-06 05:57:00,2124.26,2124.88,2124.13,2124.78,160,4,0,160
2024-03-06 06:00:00,2124.78,2125.87,2124.78,2125.75,323,4,0,323
2024-03-06 06:03:00,2125.75,2125.86,2125.37,2125.41,273,4,0,273
2024-03-06 06:06:00,2125.41,2125.93,2125.23,2125.7,257,4,0,257
2024-03-06 06:09:00,2125.7,2126.02,2125.39,2125.99,133,4,0,133
2024-03-06 06:12:00,2125.99,2126.3,2125.72,2125.91,199,4,0,199
2024-03-06 06:15:00,2125.91,2126.02,2125.73,2125.99,97,4,0,97
2024-03-06 06:18:00,2125.99,2126.1,2125.71,2125.87,64,4,0,64
2024-03-06 06:21:00,2125.87,2126.04,2125.79,2125.97,98,4,0,98
2024-03-06 06:24:00,2125.97,2126.15,2125.62,2125.62,121,4,0,121
2024-03-06 06:27:00,2125.62,2125.81,2125.52,2125.62,81,4,0,81
2024-03-06 06:30:00,2125.62,2125.93,2125.62,2125.73,69,4,0,69
2024-03-06 06:33:00,2125.72,2125.78,2125.58,2125.61,126,4,0,126
2024-03-06 06:36:00,2125.62,2125.83,2125.4,2125.83,92,4,0,92
2024-03-06 06:39:00,2125.82,2125.86,2125.61,2125.63,54,4,0,54
2024-03-06 06:42:00,2125.63,2125.82,2125.61,2125.72,85,4,0,85
2024-03-06 06:45:00,2125.73,2125.85,2125.73,2125.82,91,4,0,91
2024-03-06 06:48:00,2125.82,2126.16,2125.82,2126.03,95,4,0,95
2024-03-06 06:51:00,2126.07,2126.36,2126.02,2126.32,139,4,0,139
2024-03-06 06:54:00,2126.3,2126.33,2126.11,2126.33,152,4,0,152
2024-03-06 06:57:00,2126.31,2126.42,2126.26,2126.26,64,4,0,64
2024-03-06 07:00:00,2126.26,2126.42,2126.21,2126.32,112,4,0,112
2024-03-06 07:03:00,2126.32,2126.52,2126.21,2126.5,145,4,0,145
2024-03-06 07:06:00,2126.5,2126.84,2126.41,2126.65,184,4,0,184
2024-03-06 07:09:00,2126.65,2127.11,2126.62,2126.82,201,4,0,201
2024-03-06 07:12:00,2126.83,2126.92,2126.61,2126.82,174,4,0,174
2024-03-06 07:15:00,2126.82,2127.1,2126.7,2126.98,148,4,0,148
2024-03-06 07:18:00,2126.98,2127.12,2126.92,2126.99,131,4,0,131
2024-03-06 07:21:00,2126.99,2127.16,2126.97,2127.13,107,4,0,107
2024-03-06 07:24:00,2127.13,2127.69,2127.12,2127.57,208,4,0,208
2024-03-06 07:27:00,2127.57,2127.77,2127.32,2127.42,142,4,0,142
2024-03-06 07:30:00,2127.42,2128.03,2127.25,2127.82,340,4,0,340
2024-03-06 07:33:00,2127.82,2127.85,2126.77,2127.09,393,4,0,393
2024-03-06 07:36:00,2127.09,2127.13,2126.01,2126.01,377,4,0,377
2024-03-06 07:39:00,2126.01,2126.32,2125.71,2125.85,385,4,0,385
2024-03-06 07:42:00,2125.85,2126.39,2125.56,2125.63,387,4,0,387
2024-03-06 07:45:00,2125.63,2125.66,2125.27,2125.62,214,4,0,214
2024-03-06 07:48:00,2125.62,2126.07,2125.61,2125.91,247,4,0,247
2024-03-06 07:51:00,2125.91,2126.41,2125.79,2126.31,239,4,0,239
2024-03-06 07:54:00,2126.31,2126.44,2125.99,2126.1,187,4,0,187
2024-03-06 07:57:00,2126.1,2126.1,2125.3,2125.36,180,4,0,180
2024-03-06 08:00:00,2125.35,2125.87,2124.99,2125.73,295,4,0,295
2024-03-06 08:03:00,2125.73,2125.78,2125.28,2125.28,274,4,0,274
2024-03-06 08:06:00,2125.28,2126.04,2125.28,2125.92,213,4,0,213
2024-03-06 08:09:00,2125.92,2126.18,2125.87,2125.95,199,4,0,199
2024-03-06 08:12:00,2125.95,2126.14,2125.93,2126.04,147,4,0,147
2024-03-06 08:15:00,2126.04,2126.27,2125.84,2126.18,203,4,0,203
2024-03-06 08:18:00,2126.18,2126.67,2126.18,2126.53,240,4,0,240
2024-03-06 08:21:00,2126.54,2126.73,2125.96,2126.0,250,4,0,250
2024-03-06 08:24:00,2126.01,2126.07,2125.6,2125.74,270,4,0,270
2024-03-06 08:27:00,2125.74,2125.98,2125.57,2125.83,201,4,0,201
2024-03-06 08:30:00,2125.83,2126.25,2125.82,2126.24,229,4,0,229
2024-03-06 08:33:00,2126.22,2126.9,2126.21,2126.79,376,4,0,376
2024-03-06 08:36:00,2126.79,2127.18,2126.77,2126.81,234,4,0,234
2024-03-06 08:39:00,2126.81,2126.89,2126.48,2126.61,135,4,0,135
2024-03-06 08:42:00,2126.61,2126.67,2126.12,2126.16,247,4,0,247
2024-03-06 08:45:00,2126.17,2126.62,2126.16,2126.59,213,4,0,213
2024-03-06 08:48:00,2126.58,2127.23,2126.51,2127.12,267,4,0,267
2024-03-06 08:51:00,2127.12,2127.53,2127.01,2127.41,310,4,0,310
2024-03-06 08:54:00,2127.41,2127.62,2127.16,2127.16,277,4,0,277
2024-03-06 08:57:00,2127.14,2127.36,2127.04,2127.34,238,4,0,238
2024-03-06 09:00:00,2127.34,2127.79,2127.11,2127.74,305,4,0,305
2024-03-06 09:03:00,2127.74,2128.89,2127.59,2128.88,296,4,0,296
2024-03-06 09:06:00,2128.88,2130.05,2128.87,2129.69,513,4,0,513
2024-03-06 09:09:00,2129.66,2129.92,2129.24,2129.39,421,4,0,421
2024-03-06 09:12:00,2129.39,2129.54,2129.01,2129.49,387,4,0,387
2024-03-06 09:15:00,2129.49,2129.59,2128.92,2129.09,318,4,0,318
2024-03-06 09:18:00,2129.09,2129.45,2129.0,2129.25,270,4,0,270
2024-03-06 09:21:00,2129.22,2129.65,2129.22,2129.49,260,4,0,260
2024-03-06 09:24:00,2129.49,2129.9,2129.49,2129.89,295,4,0,295
2024-03-06 09:27:00,2129.89,2129.94,2129.37,2129.55,255,4,0,255
2024-03-06 09:30:00,2129.55,2129.55,2128.91,2129.19,301,4,0,301
2024-03-06 09:33:00,2129.19,2129.72,2129.14,2129.7,361,4,0,361
2024-03-06 09:36:00,2129.7,2130.8,2129.67,2130.65,376,4,0,376
2024-03-06 09:39:00,2130.65,2131.14,2130.49,2131.1,289,4,0,289
2024-03-06 09:42:00,2131.07,2131.55,2130.83,2131.43,418,4,0,418
2024-03-06 09:45:00,2131.43,2131.51,2130.6,2130.6,407,4,0,407
2024-03-06 09:48:00,2130.6,2130.6,2129.31,2129.76,292,4,0,292
2024-03-06 09:51:00,2129.74,2129.82,2129.09,2129.13,320,4,0,320
2024-03-06 09:54:00,2129.13,2129.32,2129.0,2129.15,208,4,0,208
2024-03-06 09:57:00,2129.15,2129.15,2128.32,2128.5,269,4,0,269
2024-03-06 10:00:00,2128.5,2128.53,2126.59,2127.16,841,4,0,841
2024-03-06 10:03:00,2127.14,2128.5,2127.1,2128.49,600,4,0,600
2024-03-06 10:06:00,2128.49,2128.52,2127.62,2127.8,597,4,0,597
2024-03-06 10:09:00,2127.8,2128.42,2127.65,2128.29,577,4,0,577
2024-03-06 10:12:00,2128.29,2128.96,2128.2,2128.44,569,4,0,569
2024-03-06 10:15:00,2128.48,2128.56,2127.68,2128.18,478,4,0,478
2024-03-06 10:18:00,2128.18,2129.09,2127.77,2128.65,480,4,0,480
2024-03-06 10:21:00,2128.66,2129.26,2128.04,2128.05,444,4,0,444
2024-03-06 10:24:00,2128.07,2128.11,2127.23,2127.23,369,4,0,369
2024-03-06 10:27:00,2127.23,2127.53,2126.58,2127.45,452,4,0,452
2024-03-06 10:30:00,2127.43,2127.54,2126.22,2126.43,433,4,0,433
2024-03-06 10:33:00,2126.43,2126.68,2125.87,2126.33,461,4,0,461
2024-03-06 10:36:00,2126.33,2126.79,2125.92,2126.05,460,4,0,460
2024-03-06 10:39:00,2126.05,2126.24,2124.97,2125.42,551,4,0,551
2024-03-06 10:42:00,2125.42,2126.32,2125.24,2125.24,439,4,0,439
2024-03-06 10:45:00,2125.24,2125.54,2124.79,2124.82,756,4,0,756
2024-03-06 10:48:00,2124.82,2125.56,2124.38,2125.54,558,4,0,558
2024-03-06 10:51:00,2125.54,2125.89,2125.21,2125.32,476,4,0,476
2024-03-06 10:54:00,2125.32,2125.46,2124.77,2124.96,450,4,0,450
2024-03-06 10:57:00,2124.95,2125.34,2124.69,2125.16,425,4,0,425
2024-03-06 11:00:00,2125.16,2125.88,2124.84,2125.77,383,4,0,383
2024-03-06 11:03:00,2125.77,2125.99,2125.7,2125.95,480,4,0,480
2024-03-06 11:06:00,2125.95,2126.28,2125.78,2126.09,452,4,0,452
2024-03-06 11:09:00,2126.08,2126.29,2125.49,2125.5,410,4,0,410
2024-03-06 11:12:00,2125.51,2125.98,2125.51,2125.73,345,4,0,345
2024-03-06 11:15:00,2125.73,2126.2,2125.1,2125.79,372,4,0,372
2024-03-06 11:18:00,2125.8,2126.12,2125.72,2126.01,382,4,0,382
2024-03-06 11:21:00,2126.03,2126.38,2125.89,2126.33,455,4,0,455
2024-03-06 11:24:00,2126.32,2126.7,2126.2,2126.67,299,4,0,299
2024-03-06 11:27:00,2126.67,2127.13,2126.64,2126.66,380,4,0,380
2024-03-06 11:30:00,2126.66,2127.63,2126.66,2127.24,423,4,0,423
2024-03-06 11:33:00,2127.23,2127.23,2126.44,2126.44,335,4,0,335
2024-03-06 11:36:00,2126.44,2126.76,2125.94,2126.13,381,4,0,381
2024-03-06 11:39:00,2126.13,2126.76,2126.13,2126.62,270,4,0,270
2024-03-06 11:42:00,2126.62,2126.75,2126.12,2126.32,311,4,0,311
2024-03-06 11:45:00,2126.32,2126.53,2125.93,2126.37,350,4,0,350
2024-03-06 11:48:00,2126.37,2127.08,2126.33,2126.99,299,4,0,299
2024-03-06 11:51:00,2126.99,2128.15,2126.99,2128.11,556,4,0,556
2024-03-06 11:54:00,2128.11,2128.79,2127.73,2128.71,591,4,0,591
2024-03-06 11:57:00,2128.71,2129.91,2128.67,2128.71,757,4,0,757
2024-03-06 12:00:00,2128.71,2128.76,2127.91,2127.99,428,4,0,428
2024-03-06 12:03:00,2127.99,2128.33,2127.55,2128.08,329,4,0,329
2024-03-06 12:06:00,2128.08,2128.08,2127.2,2127.21,269,4,0,269
2024-03-06 12:09:00,2127.21,2127.23,2126.43,2126.49,351,4,0,351
2024-03-06 12:12:00,2126.49,2126.8,2126.23,2126.34,325,4,0,325
2024-03-06 12:15:00,2126.34,2126.76,2126.05,2126.41,522,4,0,522
2024-03-06 12:18:00,2126.41,2126.56,2126.05,2126.32,296,4,0,296
2024-03-06 12:21:00,2126.33,2126.81,2126.33,2126.67,287,4,0,287
2024-03-06 12:24:00,2126.68,2127.02,2126.53,2126.98,297,4,0,297
2024-03-06 12:27:00,2126.99,2127.62,2126.95,2127.62,240,4,0,240
2024-03-06 12:30:00,2127.61,2127.68,2126.88,2126.9,363,4,0,363
2024-03-06 12:33:00,2126.9,2127.22,2126.86,2127.2,405,4,0,405
2024-03-06 12:36:00,2127.21,2127.23,2126.53,2126.53,393,4,0,393
2024-03-06 12:39:00,2126.53,2126.61,2125.82,2126.08,574,4,0,574
2024-03-06 12:42:00,2126.08,2126.19,2124.92,2125.37,747,4,0,747
2024-03-06 12:45:00,2125.39,2125.42,2124.75,2124.94,451,4,0,451
2024-03-06 12:48:00,2124.94,2125.23,2124.72,2125.23,357,4,0,357
2024-03-06 12:51:00,2125.23,2125.93,2125.18,2125.88,336,4,0,336
2024-03-06 12:54:00,2125.88,2125.96,2125.45,2125.79,279,4,0,279
2024-03-06 12:57:00,2125.8,2126.0,2125.68,2125.68,235,4,0,235
2024-03-06 13:00:00,2125.68,2126.55,2125.64,2126.54,279,4,0,279
2024-03-06 13:03:00,2126.54,2126.86,2126.45,2126.83,258,4,0,258
2024-03-06 13:06:00,2126.83,2127.65,2126.82,2127.63,350,4,0,350
2024-03-06 13:09:00,2127.63,2127.74,2127.14,2127.2,328,4,0,328
2024-03-06 13:12:00,2127.18,2127.46,2127.14,2127.34,178,4,0,178
2024-03-06 13:15:00,2127.34,2127.73,2127.25,2127.7,328,4,0,328
2024-03-06 13:18:00,2127.7,2127.81,2127.12,2127.25,264,4,0,264
2024-03-06 13:21:00,2127.25,2128.11,2127.21,2127.8,404,4,0,404
2024-03-06 13:24:00,2127.77,2128.15,2127.64,2127.95,516,4,0,516
2024-03-06 13:27:00,2127.95,2128.39,2127.88,2128.0,361,4,0,361
2024-03-06 13:30:00,2128.0,2128.29,2127.94,2128.15,217,4,0,217
2024-03-06 13:33:00,2128.16,2128.55,2128.12,2128.55,249,4,0,249
2024-03-06 13:36:00,2128.57,2129.53,2128.39,2129.41,222,4,0,222
2024-03-06 13:39:00,2129.41,2130.62,2129.4,2130.61,528,4,0,528
2024-03-06 13:42:00,2130.6,2131.98,2130.1,2130.59,644,4,0,644
2024-03-06 13:45:00,2130.59,2131.19,2130.45,2131.19,440,4,0,440
2024-03-06 13:48:00,2131.18,2131.45,2130.63,2131.44,492,4,0,492
2024-03-06 13:51:00,2131.43,2131.79,2130.92,2131.72,449,4,0,449
2024-03-06 13:54:00,2131.71,2132.3,2131.36,2132.2,484,4,0,484
2024-03-06 13:57:00,2132.2,2132.63,2132.19,2132.58,386,4,0,386
2024-03-06 14:00:00,2132.59,2133.08,2132.15,2132.22,526,4,0,526
2024-03-06 14:03:00,2132.23,2132.31,2131.25,2131.36,754,4,0,754
2024-03-06 14:06:00,2131.36,2132.01,2131.1,2131.97,643,4,0,643
2024-03-06 14:09:00,2131.98,2132.16,2131.67,2131.87,280,4,0,280
2024-03-06 14:12:00,2131.86,2132.16,2131.8,2131.93,298,4,0,298
2024-03-06 14:15:00,2131.93,2132.08,2131.15,2132.05,425,4,0,425
2024-03-06 14:18:00,2132.06,2132.92,2131.98,2132.3,395,4,0,395
2024-03-06 14:21:00,2132.3,2132.54,2132.15,2132.2,301,4,0,301
2024-03-06 14:24:00,2132.2,2132.61,2132.02,2132.59,453,4,0,453
2024-03-06 14:27:00,2132.59,2133.28,2132.47,2133.26,478,4,0,478
2024-03-06 14:30:00,2133.24,2133.79,2133.19,2133.3,341,4,0,341
2024-03-06 14:33:00,2133.3,2133.86,2133.19,2133.65,317,4,0,317
2024-03-06 14:36:00,2133.65,2133.86,2133.01,2133.17,376,4,0,376
2024-03-06 14:39:00,2133.17,2133.27,2132.74,2132.95,358,4,0,358
2024-03-06 14:42:00,2132.95,2133.08,2132.34,2132.44,342,4,0,342
2024-03-06 14:45:00,2132.44,2132.96,2132.21,2132.96,369,4,0,369
2024-03-06 14:48:00,2132.96,2133.73,2132.9,2133.54,507,4,0,507
2024-03-06 14:51:00,2133.54,2134.0,2133.04,2133.94,599,4,0,599
2024-03-06 14:54:00,2133.94,2135.1,2133.88,2134.51,873,4,0,873
2024-03-06 14:57:00,2134.51,2134.7,2134.14,2134.29,487,4,0,487
2024-03-06 15:00:00,2134.16,2134.88,2133.74,2134.81,837,4,0,837
2024-03-06 15:03:00,2134.81,2135.02,2134.11,2134.52,747,4,0,747
2024-03-06 15:06:00,2134.52,2134.79,2134.04,2134.74,608,4,0,608
2024-03-06 15:09:00,2134.75,2135.21,2133.96,2134.18,566,4,0,566
2024-03-06 15:12:00,2134.18,2134.22,2133.08,2133.42,635,4,0,635
2024-03-06 15:15:00,2133.44,2135.69,2133.17,2134.41,1445,4,0,1445
2024-03-06 15:18:00,2134.4,2136.99,2133.89,2136.48,1805,4,0,1805
2024-03-06 15:21:00,2136.48,2138.0,2135.47,2137.4,1865,4,0,1865
2024-03-06 15:24:00,2137.41,2137.61,2134.88,2135.04,1445,4,0,1445
2024-03-06 15:27:00,2135.02,2136.22,2134.93,2134.99,1058,4,0,1058
2024-03-06 15:30:00,2134.99,2136.49,2131.49,2135.56,2330,4,0,2330
2024-03-06 15:33:00,2135.59,2135.59,2133.14,2133.71,2221,4,0,2221
2024-03-06 15:36:00,2133.68,2135.34,2132.89,2133.51,1826,4,0,1826
2024-03-06 15:39:00,2133.53,2136.27,2133.53,2136.13,1521,4,0,1521
2024-03-06 15:42:00,2136.09,2136.44,2134.46,2134.86,1298,4,0,1298
2024-03-06 15:45:00,2134.86,2135.87,2133.97,2135.61,1290,4,0,1290
2024-03-06 15:48:00,2135.61,2136.61,2135.44,2136.26,1009,4,0,1009
2024-03-06 15:51:00,2136.26,2137.77,2135.35,2137.33,1298,4,0,1298
2024-03-06 15:54:00,2137.33,2139.01,2136.97,2138.77,1315,4,0,1315
2024-03-06 15:57:00,2138.76,2139.69,2138.49,2139.47,1486,4,0,1486
2024-03-06 16:00:00,2139.47,2139.96,2137.89,2138.19,1343,4,0,1343
2024-03-06 16:03:00,2138.19,2138.47,2136.96,2137.7,1415,4,0,1415
2024-03-06 16:06:00,2137.71,2138.4,2136.71,2136.81,1181,4,0,1181
2024-03-06 16:09:00,2136.8,2137.71,2135.86,2135.95,1064,4,0,1064
2024-03-06 16:12:00,2135.95,2137.7,2135.71,2137.1,1067,4,0,1067
2024-03-06 16:15:00,2137.12,2138.13,2136.39,2138.13,734,4,0,734
2024-03-06 16:18:00,2138.13,2139.46,2138.02,2139.22,1075,4,0,1075
2024-03-06 16:21:00,2139.22,2139.99,2138.84,2139.14,1217,4,0,1217
2024-03-06 16:24:00,2139.14,2140.29,2139.03,2140.01,982,4,0,982
2024-03-06 16:27:00,2140.02,2140.29,2138.76,2139.22,1070,4,0,1070
2024-03-06 16:30:00,2139.21,2143.17,2139.2,2142.53,2230,4,0,2230
2024-03-06 16:33:00,2142.53,2145.41,2141.84,2143.5,2493,4,0,2493
2024-03-06 16:36:00,2143.51,2143.66,2141.77,2142.81,1951,4,0,1951
2024-03-06 16:39:00,2142.78,2143.89,2142.29,2142.98,1744,4,0,1744
2024-03-06 16:42:00,2142.96,2144.47,2142.92,2143.09,1422,4,0,1422
2024-03-06 16:45:00,2143.05,2147.21,2143.03,2146.96,1834,4,0,1834
2024-03-06 16:48:00,2146.96,2149.23,2145.42,2147.36,2085,4,0,2085
2024-03-06 16:51:00,2147.38,2147.56,2144.0,2144.77,2011,4,0,2011
2024-03-06 16:54:00,2144.76,2147.39,2144.09,2146.78,1730,4,0,1730
2024-03-06 16:57:00,2146.78,2147.06,2144.67,2144.98,1186,4,0,1186
2024-03-06 17:00:00,2144.98,2145.66,2141.52,2143.1,2599,4,0,2599
2024-03-06 17:03:00,2143.11,2144.91,2132.39,2139.68,2832,4,0,2832
2024-03-06 17:06:00,2139.67,2142.21,2138.93,2141.63,2144,4,0,2144
2024-03-06 17:09:00,2141.64,2142.42,2138.92,2142.39,1832,4,0,1832
2024-03-06 17:12:00,2142.39,2143.19,2140.84,2141.41,1633,4,0,1633
2024-03-06 17:15:00,2141.41,2143.07,2140.34,2142.94,1729,4,0,1729
2024-03-06 17:18:00,2142.92,2143.01,2140.29,2140.9,1630,4,0,1630
2024-03-06 17:21:00,2140.89,2142.77,2140.65,2142.68,1298,4,0,1298
2024-03-06 17:24:00,2142.66,2143.86,2140.47,2142.37,1863,4,0,1863
2024-03-06 17:27:00,2142.36,2142.79,2140.53,2141.04,1469,4,0,1469
2024-03-06 17:30:00,2141.02,2141.25,2138.46,2139.72,1913,4,0,1913
2024-03-06 17:33:00,2139.73,2140.87,2138.82,2139.83,1365,4,0,1365
2024-03-06 17:36:00,2139.83,2140.61,2138.49,2140.27,1509,4,0,1509
2024-03-06 17:39:00,2140.27,2141.25,2138.18,2139.38,1340,4,0,1340
2024-03-06 17:42:00,2139.33,2140.75,2138.99,2140.29,1250,4,0,1250
2024-03-06 17:45:00,2140.3,2141.64,2140.2,2140.45,1261,4,0,1261
2024-03-06 17:48:00,2140.44,2140.84,2139.03,2140.09,1250,4,0,1250
2024-03-06 17:51:00,2140.1,2141.09,2139.15,2141.02,1118,4,0,1118
2024-03-06 17:54:00,2141.05,2141.29,2140.04,2140.36,927,4,0,927
2024-03-06 17:57:00,2140.43,2141.66,2140.25,2141.02,1005,4,0,1005
2024-03-06 18:00:00,2141.01,2142.02,2140.52,2141.79,1244,4,0,1244
2024-03-06 18:03:00,2141.81,2142.42,2140.83,2141.89,1168,4,0,1168
2024-03-06 18:06:00,2141.89,2143.44,2141.84,2142.77,1081,4,0,1081
2024-03-06 18:09:00,2142.77,2144.85,2142.27,2144.82,1150,4,0,1150
2024-03-06 18:12:00,2144.82,2146.49,2144.82,2145.85,1325,4,0,1325
2024-03-06 18:15:00,2145.87,2148.08,2145.57,2147.09,1414,4,0,1414
2024-03-06 18:18:00,2147.09,2147.47,2146.42,2146.76,1223,4,0,1223
2024-03-06 18:21:00,2146.76,2147.06,2146.12,2146.71,1141,4,0,1141
2024-03-06 18:24:00,2146.71,2147.77,2146.65,2147.13,1172,4,0,1172
2024-03-06 18:27:00,2147.13,2147.2,2146.22,2146.36,892,4,0,892
2024-03-06 18:30:00,2146.38,2146.58,2145.62,2145.94,891,4,0,891
2024-03-06 18:33:00,2145.94,2146.03,2142.29,2142.66,1338,4,0,1338
2024-03-06 18:36:00,2142.68,2144.37,2142.43,2142.84,1447,4,0,1447
2024-03-06 18:39:00,2142.84,2144.65,2142.82,2144.64,868,4,0,868
2024-03-06 18:42:00,2144.64,2146.1,2144.63,2145.21,885,4,0,885
2024-03-06 18:45:00,2145.2,2145.6,2144.78,2145.58,586,4,0,586
2024-03-06 18:48:00,2145.59,2145.6,2144.38,2144.4,586,4,0,586
2024-03-06 18:51:00,2144.41,2144.93,2143.53,2143.63,737,4,0,737
2024-03-06 18:54:00,2143.65,2148.86,2143.23,2147.69,1909,4,0,1909
2024-03-06 18:57:00,2147.69,2149.95,2147.62,2148.25,2163,4,0,2163
2024-03-06 19:00:00,2148.24,2149.57,2147.83,2149.31,1566,4,0,1566
2024-03-06 19:03:00,2149.31,2150.1,2148.28,2148.3,1399,4,0,1399
2024-03-06 19:06:00,2148.3,2148.39,2146.0,2146.29,1432,4,0,1432
2024-03-06 19:09:00,2146.24,2147.05,2145.25,2145.25,1350,4,0,1350
2024-03-06 19:12:00,2145.25,2147.08,2144.56,2146.82,1008,4,0,1008
2024-03-06 19:15:00,2146.82,2147.74,2146.05,2146.07,1151,4,0,1151
2024-03-06 19:18:00,2146.07,2146.07,2144.24,2144.95,957,4,0,957
2024-03-06 19:21:00,2144.95,2145.35,2144.64,2144.93,723,4,0,723
2024-03-06 19:24:00,2144.96,2145.25,2143.88,2144.36,830,4,0,830
2024-03-06 19:27:00,2144.36,2144.67,2143.91,2144.15,870,4,0,870
2024-03-06 19:30:00,2144.15,2144.75,2143.54,2143.73,814,4,0,814
2024-03-06 19:33:00,2143.72,2143.76,2142.17,2142.18,1020,4,0,1020
2024-03-06 19:36:00,2142.18,2143.46,2141.95,2143.4,860,4,0,860
2024-03-06 19:39:00,2143.4,2143.91,2142.67,2143.88,896,4,0,896
2024-03-06 19:42:00,2143.88,2144.14,2143.12,2143.39,768,4,0,768
2024-03-06 19:45:00,2143.39,2145.27,2143.25,2145.14,648,4,0,648
2024-03-06 19:48:00,2145.12,2145.47,2143.63,2144.1,754,4,0,754
2024-03-06 19:51:00,2144.09,2144.09,2142.98,2143.9,714,4,0,714
2024-03-06 19:54:00,2143.9,2144.46,2143.82,2144.42,697,4,0,697
2024-03-06 19:57:00,2144.42,2145.05,2144.21,2144.8,694,4,0,694
2024-03-06 20:00:00,2144.8,2145.18,2144.04,2145.0,633,4,0,633
2024-03-06 20:03:00,2145.0,2146.36,2144.95,2145.86,702,4,0,702
2024-03-06 20:06:00,2145.86,2146.68,2145.59,2145.64,659,4,0,659
2024-03-06 20:09:00,2145.64,2146.47,2145.54,2146.05,786,4,0,786
2024-03-06 20:12:00,2146.06,2147.77,2145.91,2147.11,1023,4,0,1023
2024-03-06 20:15:00,2147.11,2148.04,2146.73,2147.91,547,4,0,547
2024-03-06 20:18:00,2147.9,2148.2,2147.04,2147.36,580,4,0,580
2024-03-06 20:21:00,2147.36,2147.78,2146.64,2147.23,710,4,0,710
2024-03-06 20:24:00,2147.23,2147.91,2147.15,2147.19,628,4,0,628
2024-03-06 20:27:00,2147.17,2151.14,2147.09,2150.72,1355,4,0,1355
2024-03-06 20:30:00,2150.72,2152.3,2150.27,2151.8,1441,4,0,1441
2024-03-06 20:33:00,2151.8,2151.8,2148.42,2148.92,1474,4,0,1474
2024-03-06 20:36:00,2148.95,2150.01,2148.13,2150.01,1057,4,0,1057
2024-03-06 20:39:00,2150.01,2151.12,2149.82,2150.37,953,4,0,953
2024-03-06 20:42:00,2150.37,2150.47,2149.74,2150.47,806,4,0,806
2024-03-06 20:45:00,2150.47,2150.52,2149.34,2149.85,686,4,0,686
2024-03-06 20:48:00,2149.85,2149.93,2148.86,2149.6,1028,4,0,1028
2024-03-06 20:51:00,2149.6,2149.89,2148.0,2148.86,924,4,0,924
2024-03-06 20:54:00,2148.86,2149.07,2147.02,2147.29,883,4,0,883
2024-03-06 20:57:00,2147.29,2147.55,2146.77,2147.21,806,4,0,806
2024-03-06 21:00:00,2147.22,2147.54,2145.4,2145.43,972,4,0,972
2024-03-06 21:03:00,2145.43,2145.59,2142.78,2143.23,1438,4,0,1438
2024-03-06 21:06:00,2143.21,2143.94,2141.48,2142.41,1327,4,0,1327
2024-03-06 21:09:00,2142.41,2143.19,2141.1,2141.34,1102,4,0,1102
2024-03-06 21:12:00,2141.34,2142.89,2141.34,2142.43,959,4,0,959
2024-03-06 21:15:00,2142.44,2143.92,2141.64,2143.88,893,4,0,893
2024-03-06 21:18:00,2143.88,2143.92,2141.6,2142.51,749,4,0,749
2024-03-06 21:21:00,2142.47,2142.63,2141.34,2141.86,783,4,0,783
2024-03-06 21:24:00,2141.86,2142.02,2140.91,2141.05,851,4,0,851
2024-03-06 21:27:00,2141.05,2141.87,2141.0,2141.32,688,4,0,688
2024-03-06 21:30:00,2141.32,2141.35,2139.49,2140.39,854,4,0,854
2024-03-06 21:33:00,2140.4,2141.47,2140.23,2141.17,627,4,0,627
2024-03-06 21:36:00,2141.17,2142.13,2140.88,2142.1,578,4,0,578
2024-03-06 21:39:00,2142.13,2142.52,2141.47,2142.37,727,4,0,727
2024-03-06 21:42:00,2142.37,2142.95,2142.04,2142.91,581,4,0,581
2024-03-06 21:45:00,2142.9,2143.06,2142.42,2142.58,498,4,0,498
2024-03-06 21:48:00,2142.58,2143.76,2142.53,2143.76,499,4,0,499
2024-03-06 21:51:00,2143.76,2145.04,2143.62,2144.95,692,4,0,692
2024-03-06 21:54:00,2144.94,2144.94,2143.86,2144.14,713,4,0,713
2024-03-06 21:57:00,2144.14,2144.71,2144.01,2144.43,696,4,0,696
2024-03-06 22:00:00,2144.42,2144.42,2143.64,2144.26,816,4,0,816
2024-03-06 22:03:00,2144.26,2144.82,2144.05,2144.68,434,4,0,434
2024-03-06 22:06:00,2144.68,2144.68,2144.04,2144.04,420,4,0,420
2024-03-06 22:09:00,2144.04,2144.04,2143.24,2143.52,397,4,0,397
2024-03-06 22:12:00,2143.52,2144.35,2143.42,2144.29,473,4,0,473
2024-03-06 22:15:00,2144.3,2144.51,2143.78,2144.28,475,4,0,475
2024-03-06 22:18:00,2144.29,2144.58,2144.01,2144.48,387,4,0,387
2024-03-06 22:21:00,2144.48,2144.99,2144.44,2144.76,443,4,0,443
2024-03-06 22:24:00,2144.78,2145.0,2144.49,2144.76,350,4,0,350
2024-03-06 22:27:00,2144.76,2145.23,2144.72,2145.13,303,4,0,303
2024-03-06 22:30:00,2145.13,2145.76,2145.13,2145.63,333,4,0,333
2024-03-06 22:33:00,2145.63,2145.74,2145.03,2145.33,415,4,0,415
2024-03-06 22:36:00,2145.32,2145.8,2145.15,2145.67,355,4,0,355
2024-03-06 22:39:00,2145.67,2145.82,2145.5,2145.71,301,4,0,301
2024-03-06 22:42:00,2145.71,2145.96,2145.6,2145.74,280,4,0,280
2024-03-06 22:45:00,2145.75,2146.8,2145.75,2146.64,475,4,0,475
2024-03-06 22:48:00,2146.64,2146.67,2146.28,2146.6,320,4,0,320
2024-03-06 22:51:00,2146.59,2146.79,2146.57,2146.75,452,4,0,452
2024-03-06 22:54:00,2146.75,2147.31,2146.48,2146.51,459,4,0,459
2024-03-06 22:57:00,2146.51,2146.72,2146.4,2146.72,487,4,0,487
2024-03-06 23:00:00,2146.72,2146.76,2146.11,2146.73,341,4,0,341
2024-03-06 23:03:00,2146.73,2146.74,2146.22,2146.22,276,4,0,276
2024-03-06 23:06:00,2146.23,2146.47,2145.92,2146.22,284,4,0,284
2024-03-06 23:09:00,2146.21,2146.3,2146.04,2146.3,139,4,0,139
2024-03-06 23:12:00,2146.3,2146.35,2145.84,2145.9,154,4,0,154
2024-03-06 23:15:00,2145.9,2146.12,2144.61,2145.0,266,4,0,266
2024-03-06 23:18:00,2145.0,2145.82,2144.9,2145.74,256,4,0,256
2024-03-06 23:21:00,2145.74,2146.02,2145.73,2145.91,61,4,0,61
2024-03-06 23:24:00,2145.91,2146.06,2145.8,2145.9,129,4,0,129
2024-03-06 23:27:00,2145.9,2145.91,2145.47,2145.53,124,4,0,124
2024-03-06 23:30:00,2145.53,2147.21,2145.38,2146.8,237,4,0,237
2024-03-06 23:33:00,2146.8,2146.96,2146.45,2146.96,170,4,0,170
2024-03-06 23:36:00,2146.96,2147.19,2146.2,2146.66,185,4,0,185
2024-03-06 23:39:00,2146.66,2147.08,2146.65,2146.83,139,4,0,139
2024-03-06 23:42:00,2146.84,2147.97,2146.84,2147.74,210,4,0,210
2024-03-06 23:45:00,2147.74,2148.33,2147.51,2148.16,259,4,0,259
2024-03-06 23:48:00,2148.15,2149.36,2148.11,2148.67,412,4,0,412
2024-03-06 23:51:00,2148.68,2148.89,2148.58,2148.77,105,4,0,105
2024-03-06 23:54:00,2148.79,2148.79,2147.55,2148.18,384,4,0,384
2024-03-06 23:57:00,2148.18,2148.22,2147.97,2148.17,87,4,0,87
2024-03-07 01:00:00,2148.47,2148.5,2147.64,2147.83,71,5,0,71
2024-03-07 01:03:00,2147.83,2148.18,2147.64,2147.72,101,4,0,101
2024-03-07 01:06:00,2147.72,2148.53,2147.72,2148.49,117,4,0,117
2024-03-07 01:09:00,2148.49,2148.49,2147.94,2148.18,109,4,0,109
2024-03-07 01:12:00,2148.16,2148.74,2147.99,2148.74,107,4,0,107
2024-03-07 01:15:00,2148.76,2149.54,2148.76,2149.39,128,4,0,128
2024-03-07 01:18:00,2149.4,2149.62,2149.18,2149.39,93,4,0,93
2024-03-07 01:21:00,2149.39,2149.4,2149.13,2149.21,95,4,0,95
2024-03-07 01:24:00,2149.21,2149.34,2149.12,2149.2,83,4,0,83
2024-03-07 01:27:00,2149.2,2149.4,2149.08,2149.09,96,4,0,96
2024-03-07 01:30:00,2149.09,2149.28,2148.66,2148.7,130,4,0,130
2024-03-07 01:33:00,2148.7,2148.78,2147.92,2148.62,136,4,0,136
2024-03-07 01:36:00,2148.61,2148.61,2147.95,2148.15,126,4,0,126
2024-03-07 01:39:00,2148.15,2148.38,2147.93,2148.19,147,4,0,147
2024-03-07 01:42:00,2148.19,2148.19,2147.62,2147.82,136,4,0,136
2024-03-07 01:45:00,2147.82,2151.55,2146.22,2148.78,1169,4,0,1169
2024-03-07 01:48:00,2148.78,2148.78,2147.11,2148.55,386,4,0,386
2024-03-07 01:51:00,2148.53,2148.62,2146.69,2147.22,369,4,0,369
2024-03-07 01:54:00,2147.22,2147.37,2146.95,2147.31,81,4,0,81
2024-03-07 01:57:00,2147.34,2147.76,2147.02,2147.36,192,4,0,192
2024-03-07 02:00:00,2147.36,2148.76,2147.36,2148.68,214,4,0,214
2024-03-07 02:03:00,2148.69,2149.34,2148.54,2149.32,250,4,0,250
2024-03-07 02:06:00,2149.26,2149.68,2148.46,2148.46,370,4,0,370
2024-03-07 02:09:00,2148.46,2148.76,2147.41,2148.35,496,4,0,496
2024-03-07 02:12:00,2148.35,2148.78,2148.15,2148.51,307,4,0,307
2024-03-07 02:15:00,2148.51,2149.03,2148.27,2148.4,207,4,0,207
2024-03-07 02:18:00,2148.39,2148.48,2147.81,2148.13,209,4,0,209
2024-03-07 02:21:00,2148.13,2148.6,2147.9,2148.48,209,4,0,209
2024-03-07 02:24:00,2148.5,2148.5,2147.78,2148.17,231,4,0,231
2024-03-07 02:27:00,2148.18,2148.33,2147.88,2148.33,252,4,0,252
2024-03-07 02:30:00,2148.31,2148.81,2148.06,2148.38,286,4,0,286
2024-03-07 02:33:00,2148.38,2148.68,2147.99,2148.03,312,4,0,312
2024-03-07 02:36:00,2148.03,2148.61,2147.97,2148.48,282,4,0,282
2024-03-07 02:39:00,2148.48,2148.79,2148.36,2148.46,347,4,0,347
2024-03-07 02:42:00,2148.46,2148.51,2147.88,2147.98,277,4,0,277
2024-03-07 02:45:00,2148.0,2148.36,2147.7,2148.03,303,4,0,303
2024-03-07 02:48:00,2148.04,2148.15,2147.71,2148.05,257,4,0,257
2024-03-07 02:51:00,2148.05,2148.61,2147.87,2148.6,284,4,0,284
2024-03-07 02:54:00,2148.6,2148.81,2148.36,2148.72,289,4,0,289
2024-03-07 02:57:00,2148.74,2149.1,2148.48,2148.94,347,4,0,347
2024-03-07 03:00:00,2148.94,2149.03,2146.08,2146.62,734,4,0,734
2024-03-07 03:03:00,2146.62,2147.58,2146.28,2147.29,822,4,0,822
2024-03-07 03:06:00,2147.29,2148.38,2146.85,2147.02,610,4,0,610
2024-03-07 03:09:00,2147.03,2147.53,2146.69,2146.82,535,4,0,535
2024-03-07 03:12:00,2146.8,2147.12,2145.41,2145.9,670,4,0,670
2024-03-07 03:15:00,2145.9,2146.86,2145.82,2146.23,916,4,0,916
2024-03-07 03:18:00,2146.24,2146.29,2145.14,2145.87,683,4,0,683
2024-03-07 03:21:00,2145.87,2145.92,2144.29,2144.39,616,4,0,616
2024-03-07 03:24:00,2144.43,2145.23,2144.41,2145.12,570,4,0,570
2024-03-07 03:27:00,2145.15,2145.81,2145.12,2145.52,322,4,0,322
2024-03-07 03:30:00,2145.52,2146.22,2145.13,2145.26,584,4,0,584
2024-03-07 03:33:00,2145.25,2146.0,2145.22,2145.6,422,4,0,422
2024-03-07 03:36:00,2145.6,2146.87,2145.29,2146.82,611,4,0,611
2024-03-07 03:39:00,2146.84,2146.96,2145.88,2145.95,657,4,0,657
2024-03-07 03:42:00,2145.95,2147.01,2145.94,2147.0,460,4,0,460
2024-03-07 03:45:00,2147.0,2147.03,2146.33,2146.36,279,4,0,279
2024-03-07 03:48:00,2146.36,2146.37,2145.86,2146.25,277,4,0,277
2024-03-07 03:51:00,2146.25,2146.41,2145.49,2145.74,380,4,0,380
2024-03-07 03:54:00,2145.78,2145.81,2145.27,2145.57,460,4,0,460
2024-03-07 03:57:00,2145.57,2146.81,2145.28,2146.28,370,4,0,370
2024-03-07 04:00:00,2146.29,2146.88,2145.75,2146.87,560,4,0,560
2024-03-07 04:03:00,2146.87,2147.01,2146.08,2146.46,388,4,0,388
2024-03-07 04:06:00,2146.46,2146.66,2146.26,2146.39,394,4,0,394
2024-03-07 04:09:00,2146.37,2146.42,2145.81,2145.82,332,4,0,332
2024-03-07 04:12:00,2145.82,2146.52,2145.74,2146.35,278,4,0,278
2024-03-07 04:15:00,2146.34,2146.65,2146.17,2146.6,288,4,0,288
2024-03-07 04:18:00,2146.6,2147.42,2146.51,2146.91,243,4,0,243
2024-03-07 04:21:00,2146.91,2146.91,2146.09,2146.53,210,4,0,210
2024-03-07 04:24:00,2146.52,2146.69,2146.22,2146.4,171,4,0,171
2024-03-07 04:27:00,2146.4,2146.5,2145.8,2145.9,187,4,0,187
2024-03-07 04:30:00,2145.9,2150.2,2145.88,2149.12,799,4,0,799
2024-03-07 04:33:00,2149.12,2152.09,2148.98,2151.62,1048,4,0,1048
2024-03-07 04:36:00,2151.6,2151.77,2150.55,2150.91,585,4,0,585
2024-03-07 04:39:00,2150.91,2151.34,2150.53,2150.87,479,4,0,479
2024-03-07 04:42:00,2150.87,2151.47,2150.16,2151.14,398,4,0,398
2024-03-07 04:45:00,2151.14,2151.46,2149.84,2150.27,609,4,0,609
2024-03-07 04:48:00,2150.27,2150.8,2150.06,2150.78,469,4,0,469
2024-03-07 04:51:00,2150.78,2151.1,2150.37,2150.77,395,4,0,395
2024-03-07 04:54:00,2150.77,2150.85,2150.26,2150.56,272,4,0,272
2024-03-07 04:57:00,2150.56,2150.83,2150.45,2150.78,305,4,0,305
2024-03-07 05:00:00,2150.76,2151.03,2150.19,2150.75,303,4,0,303
2024-03-07 05:03:00,2150.75,2151.0,2150.47,2150.96,236,4,0,236
2024-03-07 05:06:00,2150.95,2151.06,2150.81,2150.94,239,4,0,239
2024-03-07 05:09:00,2150.94,2151.16,2150.85,2151.03,417,4,0,417
2024-03-07 05:12:00,2151.03,2151.05,2150.43,2150.67,272,4,0,272
2024-03-07 05:15:00,2150.71,2151.11,2150.48,2150.76,278,4,0,278
2024-03-07 05:18:00,2150.76,2150.78,2150.08,2150.3,317,4,0,317
2024-03-07 05:21:00,2150.3,2150.3,2149.91,2150.1,191,4,0,191
2024-03-07 05:24:00,2150.11,2150.65,2149.73,2150.65,269,4,0,269
2024-03-07 05:27:00,2150.67,2150.8,2150.33,2150.56,249,4,0,249
2024-03-07 05:30:00,2150.56,2150.97,2150.47,2150.96,149,4,0,149
2024-03-07 05:33:00,2150.96,2150.97,2150.64,2150.75,166,4,0,166
2024-03-07 05:36:00,2150.75,2150.92,2150.33,2150.63,224,4,0,224
2024-03-07 05:39:00,2150.63,2150.73,2150.24,2150.35,218,4,0,218
2024-03-07 05:42:00,2150.35,2150.37,2149.95,2150.26,187,4,0,187
2024-03-07 05:45:00,2150.26,2150.34,2149.95,2150.24,106,4,0,106
2024-03-07 05:48:00,2150.25,2151.21,2150.23,2151.16,205,4,0,205
2024-03-07 05:51:00,2151.16,2151.76,2151.05,2151.56,237,4,0,237
2024-03-07 05:54:00,2151.56,2152.52,2151.56,2151.91,288,4,0,288
2024-03-07 05:57:00,2151.91,2152.04,2151.71,2151.8,259,4,0,259
2024-03-07 06:00:00,2151.8,2155.94,2151.75,2155.63,738,4,0,738
2024-03-07 06:03:00,2155.64,2160.32,2155.64,2160.11,1418,4,0,1418
2024-03-07 06:06:00,2160.11,2161.49,2155.39,2156.61,1474,4,0,1474
2024-03-07 06:09:00,2156.63,2156.82,2155.49,2156.82,596,4,0,596
2024-03-07 06:12:00,2156.82,2156.91,2155.54,2155.54,397,4,0,397
2024-03-07 06:15:00,2155.54,2156.44,2155.23,2155.84,417,4,0,417
2024-03-07 06:18:00,2155.84,2156.71,2155.26,2156.36,489,4,0,489
2024-03-07 06:21:00,2156.37,2156.58,2155.96,2156.41,214,4,0,214
2024-03-07 06:24:00,2156.41,2158.13,2156.01,2157.99,313,4,0,313
2024-03-07 06:27:00,2158.07,2159.19,2157.44,2158.68,611,4,0,611
2024-03-07 06:30:00,2158.66,2161.22,2158.63,2159.61,716,4,0,716
2024-03-07 06:33:00,2159.61,2159.61,2158.57,2158.73,389,4,0,389
2024-03-07 06:36:00,2158.73,2158.75,2157.84,2158.06,300,4,0,300
2024-03-07 06:39:00,2158.08,2158.75,2157.95,2158.62,358,4,0,358
2024-03-07 06:42:00,2158.62,2159.78,2158.17,2159.08,433,4,0,433
2024-03-07 06:45:00,2159.08,2159.18,2158.51,2158.53,340,4,0,340
2024-03-07 06:48:00,2158.53,2158.93,2158.03,2158.03,425,4,0,425
2024-03-07 06:51:00,2158.03,2158.42,2157.87,2158.22,274,4,0,274
2024-03-07 06:54:00,2158.23,2158.48,2157.87,2158.4,223,4,0,223
2024-03-07 06:57:00,2158.4,2158.71,2158.07,2158.32,264,4,0,264
2024-03-07 07:00:00,2158.32,2158.42,2156.27,2156.57,497,4,0,497
2024-03-07 07:03:00,2156.57,2156.86,2155.73,2155.75,744,4,0,744
2024-03-07 07:06:00,2155.75,2156.82,2155.75,2156.32,481,4,0,481
2024-03-07 07:09:00,2156.32,2156.99,2156.17,2156.76,306,4,0,306
2024-03-07 07:12:00,2156.76,2157.05,2156.41,2156.87,356,4,0,356
2024-03-07 07:15:00,2156.86,2158.57,2156.74,2158.46,298,4,0,298
2024-03-07 07:18:00,2158.46,2158.79,2157.91,2158.2,362,4,0,362
2024-03-07 07:21:00,2158.2,2158.43,2157.9,2157.9,135,4,0,135
2024-03-07 07:24:00,2157.9,2158.03,2157.52,2157.54,177,4,0,177
2024-03-07 07:27:00,2157.53,2157.71,2157.23,2157.37,241,4,0,241
2024-03-07 07:30:00,2157.37,2157.77,2156.78,2157.35,563,4,0,563
2024-03-07 07:33:00,2157.35,2157.44,2155.87,2155.88,497,4,0,497
2024-03-07 07:36:00,2155.88,2156.63,2155.63,2155.72,493,4,0,493
2024-03-07 07:39:00,2155.72,2156.28,2155.45,2156.13,521,4,0,521
2024-03-07 07:42:00,2156.13,2156.82,2156.13,2156.42,360,4,0,360
2024-03-07 07:45:00,2156.42,2156.63,2155.92,2156.23,318,4,0,318
2024-03-07 07:48:00,2156.21,2156.73,2155.86,2155.91,325,4,0,325
2024-03-07 07:51:00,2155.89,2156.24,2155.61,2155.68,204,4,0,204
2024-03-07 07:54:00,2155.68,2155.75,2155.2,2155.36,290,4,0,290
2024-03-07 07:57:00,2155.36,2155.39,2154.49,2154.53,308,4,0,308
2024-03-07 08:00:00,2154.53,2154.57,2151.94,2152.04,813,4,0,813
2024-03-07 08:03:00,2152.06,2153.54,2151.62,2153.16,701,4,0,701
2024-03-07 08:06:00,2153.16,2154.15,2152.93,2154.12,415,4,0,415
2024-03-07 08:09:00,2154.12,2155.06,2153.52,2154.7,614,4,0,614
2024-03-07 08:12:00,2154.69,2155.74,2154.2,2154.45,802,4,0,802
2024-03-07 08:15:00,2154.48,2154.64,2153.81,2154.21,409,4,0,409
2024-03-07 08:18:00,2154.21,2154.63,2153.76,2154.63,353,4,0,353
2024-03-07 08:21:00,2154.63,2154.92,2153.92,2154.78,460,4,0,460
2024-03-07 08:24:00,2154.78,2154.82,2153.85,2153.95,504,4,0,504
2024-03-07 08:27:00,2153.95,2154.44,2153.55,2153.96,472,4,0,472
2024-03-07 08:30:00,2153.96,2154.19,2153.5,2153.93,327,4,0,327
2024-03-07 08:33:00,2153.93,2153.97,2153.55,2153.67,401,4,0,401
2024-03-07 08:36:00,2153.67,2153.81,2153.22,2153.54,433,4,0,433
2024-03-07 08:39:00,2153.54,2154.24,2153.5,2154.07,493,4,0,493
2024-03-07 08:42:00,2154.11,2154.25,2153.54,2153.58,449,4,0,449
2024-03-07 08:45:00,2153.58,2154.07,2152.75,2153.59,422,4,0,422
2024-03-07 08:48:00,2153.59,2154.81,2153.54,2154.79,298,4,0,298
2024-03-07 08:51:00,2154.79,2155.4,2154.48,2155.4,414,4,0,414
2024-03-07 08:54:00,2155.41,2156.59,2155.21,2155.86,455,4,0,455
2024-03-07 08:57:00,2155.86,2156.0,2155.32,2155.46,373,4,0,373
2024-03-07 09:00:00,2155.46,2156.58,2155.24,2156.37,655,4,0,655
2024-03-07 09:03:00,2156.38,2156.38,2155.58,2155.78,509,4,0,509
2024-03-07 09:06:00,2155.78,2156.12,2155.16,2156.09,482,4,0,482
2024-03-07 09:09:00,2156.02,2156.02,2155.25,2155.51,469,4,0,469
2024-03-07 09:12:00,2155.51,2156.07,2155.44,2155.78,408,4,0,408
2024-03-07 09:15:00,2155.78,2155.78,2154.81,2155.0,432,4,0,432
2024-03-07 09:18:00,2155.0,2156.01,2154.92,2155.97,359,4,0,359
2024-03-07 09:21:00,2155.97,2156.15,2155.28,2155.52,371,4,0,371
2024-03-07 09:24:00,2155.52,2155.68,2154.86,2154.88,266,4,0,266
2024-03-07 09:27:00,2154.88,2155.48,2154.33,2155.43,372,4,0,372
2024-03-07 09:30:00,2155.43,2156.5,2155.38,2156.49,411,4,0,411
2024-03-07 09:33:00,2156.49,2158.28,2156.31,2157.24,639,4,0,639
2024-03-07 09:36:00,2157.24,2158.25,2157.24,2157.86,471,4,0,471
2024-03-07 09:39:00,2157.86,2158.28,2156.45,2156.48,412,4,0,412
2024-03-07 09:42:00,2156.48,2156.48,2154.54,2155.21,849,4,0,849
2024-03-07 09:45:00,2155.22,2155.24,2152.44,2152.8,1181,4,0,1181
2024-03-07 09:48:00,2152.8,2154.29,2152.26,2154.12,786,4,0,786
2024-03-07 09:51:00,2154.12,2154.6,2153.81,2153.94,520,4,0,520
2024-03-07 09:54:00,2153.94,2155.39,2153.86,2155.11,498,4,0,498
2024-03-07 09:57:00,2155.11,2156.1,2154.92,2156.05,550,4,0,550
2024-03-07 10:00:00,2156.04,2156.6,2155.41,2156.59,714,4,0,714
2024-03-07 10:03:00,2156.59,2156.6,2155.7,2156.28,687,4,0,687
2024-03-07 10:06:00,2156.28,2156.71,2155.7,2156.43,537,4,0,537
2024-03-07 10:09:00,2156.43,2157.13,2156.34,2156.4,512,4,0,512
2024-03-07 10:12:00,2156.4,2157.18,2156.31,2156.33,460,4,0,460
2024-03-07 10:15:00,2156.33,2157.11,2156.31,2156.72,381,4,0,381
2024-03-07 10:18:00,2156.72,2157.1,2156.07,2156.1,442,4,0,442
2024-03-07 10:21:00,2156.11,2156.64,2155.52,2156.61,449,4,0,449
2024-03-07 10:24:00,2156.61,2157.41,2156.59,2157.28,397,4,0,397
2024-03-07 10:27:00,2157.28,2157.81,2157.1,2157.39,471,4,0,471
2024-03-07 10:30:00,2157.39,2159.21,2157.18,2158.63,691,4,0,691
2024-03-07 10:33:00,2158.62,2159.84,2158.61,2159.59,713,4,0,713
2024-03-07 10:36:00,2159.54,2159.67,2157.79,2158.06,585,4,0,585
2024-03-07 10:39:00,2158.08,2158.09,2157.23,2158.04,482,4,0,482
2024-03-07 10:42:00,2158.06,2158.14,2156.96,2157.23,340,4,0,340
2024-03-07 10:45:00,2157.2,2157.69,2156.32,2156.38,382,4,0,382
2024-03-07 10:48:00,2156.37,2156.77,2156.05,2156.37,374,4,0,374
2024-03-07 10:51:00,2156.37,2156.59,2155.55,2155.57,378,4,0,378
2024-03-07 10:54:00,2155.57,2155.7,2154.77,2154.8,275,4,0,275
2024-03-07 10:57:00,2154.81,2155.34,2154.47,2155.34,386,4,0,386
2024-03-07 11:00:00,2155.34,2155.55,2155.1,2155.33,346,4,0,346
2024-03-07 11:03:00,2155.34,2156.34,2155.24,2155.62,379,4,0,379
2024-03-07 11:06:00,2155.62,2156.03,2155.12,2155.5,434,4,0,434
2024-03-07 11:09:00,2155.5,2155.85,2155.21,2155.67,365,4,0,365
2024-03-07 11:12:00,2155.67,2156.1,2154.48,2154.57,394,4,0,394
2024-03-07 11:15:00,2154.56,2155.18,2154.43,2155.09,737,4,0,737
2024-03-07 11:18:00,2155.09,2155.49,2154.61,2154.78,336,4,0,336
2024-03-07 11:21:00,2154.78,2154.86,2154.37,2154.69,575,4,0,575
2024-03-07 11:24:00,2154.69,2154.95,2154.43,2154.71,454,4,0,454
2024-03-07 11:27:00,2154.71,2156.22,2154.4,2155.95,525,4,0,525
2024-03-07 11:30:00,2155.95,2156.47,2155.59,2156.01,356,4,0,356
2024-03-07 11:33:00,2156.0,2156.05,2155.63,2156.01,330,4,0,330
2024-03-07 11:36:00,2156.03,2156.22,2155.72,2156.01,288,4,0,288
2024-03-07 11:39:00,2156.01,2156.54,2155.91,2156.11,338,4,0,338
2024-03-07 11:42:00,2156.11,2156.82,2156.11,2156.59,318,4,0,318
2024-03-07 11:45:00,2156.59,2157.11,2156.5,2157.1,377,4,0,377
2024-03-07 11:48:00,2157.1,2157.53,2157.1,2157.18,366,4,0,366
2024-03-07 11:51:00,2157.18,2157.5,2157.06,2157.31,287,4,0,287
2024-03-07 11:54:00,2157.32,2157.49,2157.16,2157.18,287,4,0,287
2024-03-07 11:57:00,2157.18,2157.84,2157.18,2157.73,358,4,0,358
2024-03-07 12:00:00,2157.73,2158.34,2157.73,2158.15,474,4,0,474
2024-03-07 12:03:00,2158.15,2158.22,2157.32,2157.57,324,4,0,324
2024-03-07 12:06:00,2157.53,2158.97,2157.51,2158.41,442,4,0,442
2024-03-07 12:09:00,2158.41,2158.72,2157.67,2157.72,502,4,0,502
2024-03-07 12:12:00,2157.72,2158.01,2157.41,2158.0,333,4,0,333
2024-03-07 12:15:00,2158.0,2158.38,2157.3,2158.07,430,4,0,430
2024-03-07 12:18:00,2158.07,2158.6,2157.09,2157.34,553,4,0,553
2024-03-07 12:21:00,2157.34,2157.6,2157.02,2157.38,308,4,0,308
2024-03-07 12:24:00,2157.38,2157.81,2157.32,2157.39,268,4,0,268
2024-03-07 12:27:00,2157.39,2157.41,2156.47,2156.83,261,4,0,261
2024-03-07 12:30:00,2156.84,2157.2,2156.64,2157.0,372,4,0,372
2024-03-07 12:33:00,2157.0,2157.0,2156.33,2156.8,320,4,0,320
2024-03-07 12:36:00,2156.81,2157.04,2156.39,2156.42,359,4,0,359
2024-03-07 12:39:00,2156.43,2157.01,2156.34,2156.71,284,4,0,284
2024-03-07 12:42:00,2156.71,2156.81,2156.19,2156.76,313,4,0,313
2024-03-07 12:45:00,2156.76,2157.22,2156.75,2157.05,313,4,0,313
2024-03-07 12:48:00,2157.05,2157.9,2157.02,2157.78,342,4,0,342
2024-03-07 12:51:00,2157.78,2158.2,2157.75,2157.9,234,4,0,234
2024-03-07 12:54:00,2157.9,2158.18,2157.67,2157.98,319,4,0,319
2024-03-07 12:57:00,2157.98,2158.1,2157.48,2157.68,258,4,0,258
2024-03-07 13:00:00,2157.68,2157.8,2155.04,2155.37,801,4,0,801
2024-03-07 13:03:00,2155.41,2155.83,2154.37,2154.96,924,4,0,924
2024-03-07 13:06:00,2154.96,2155.78,2154.96,2155.63,470,4,0,470
2024-03-07 13:09:00,2155.63,2155.76,2155.01,2155.15,373,4,0,373
2024-03-07 13:12:00,2155.15,2155.65,2154.97,2155.23,377,4,0,377
2024-03-07 13:15:00,2155.23,2155.27,2153.99,2154.2,441,4,0,441
2024-03-07 13:18:00,2154.2,2154.24,2153.71,2154.16,316,4,0,316
2024-03-07 13:21:00,2154.19,2154.28,2153.36,2153.85,463,4,0,463
2024-03-07 13:24:00,2153.85,2154.89,2153.85,2154.33,382,4,0,382
2024-03-07 13:27:00,2154.34,2154.46,2153.83,2154.18,295,4,0,295
2024-03-07 13:30:00,2154.18,2154.79,2154.04,2154.68,284,4,0,284
2024-03-07 13:33:00,2154.68,2155.88,2154.68,2155.8,352,4,0,352
2024-03-07 13:36:00,2155.8,2156.09,2155.29,2155.4,338,4,0,338
2024-03-07 13:39:00,2155.4,2156.37,2155.37,2155.5,281,4,0,281
2024-03-07 13:42:00,2155.5,2155.7,2154.8,2154.8,420,4,0,420
2024-03-07 13:45:00,2154.8,2155.41,2154.73,2155.27,294,4,0,294
2024-03-07 13:48:00,2155.27,2155.31,2154.74,2154.89,330,4,0,330
2024-03-07 13:51:00,2154.9,2155.87,2154.66,2155.37,403,4,0,403
2024-03-07 13:54:00,2155.37,2156.75,2155.37,2156.63,551,4,0,551
2024-03-07 13:57:00,2156.63,2156.63,2155.92,2156.08,398,4,0,398
2024-03-07 14:00:00,2156.08,2157.54,2155.77,2157.11,583,4,0,583
2024-03-07 14:03:00,2157.11,2157.36,2156.68,2156.94,400,4,0,400
2024-03-07 14:06:00,2156.89,2156.99,2156.73,2156.79,245,4,0,245
2024-03-07 14:09:00,2156.79,2156.88,2156.53,2156.88,209,4,0,209
2024-03-07 14:12:00,2156.88,2157.21,2156.33,2156.36,283,4,0,283
2024-03-07 14:15:00,2156.34,2157.45,2156.34,2157.34,309,4,0,309
2024-03-07 14:18:00,2157.34,2157.38,2157.06,2157.13,229,4,0,229
2024-03-07 14:21:00,2157.12,2157.56,2156.88,2157.55,283,4,0,283
2024-03-07 14:24:00,2157.56,2157.58,2156.35,2156.41,301,4,0,301
2024-03-07 14:27:00,2156.41,2156.71,2156.32,2156.62,190,4,0,190
2024-03-07 14:30:00,2156.62,2156.66,2155.74,2156.48,342,4,0,342
2024-03-07 14:33:00,2156.47,2156.47,2155.53,2155.55,341,4,0,341
2024-03-07 14:36:00,2155.55,2155.55,2154.46,2154.66,588,4,0,588
2024-03-07 14:39:00,2154.69,2154.98,2154.01,2154.85,654,4,0,654
2024-03-07 14:42:00,2154.85,2155.7,2154.85,2155.26,287,4,0,287
2024-03-07 14:45:00,2155.26,2156.28,2155.17,2156.25,243,4,0,243
2024-03-07 14:48:00,2156.25,2156.49,2156.0,2156.36,340,4,0,340
2024-03-07 14:51:00,2156.36,2157.9,2156.35,2157.84,413,4,0,413
2024-03-07 14:54:00,2157.84,2158.62,2157.72,2158.12,438,4,0,438
2024-03-07 14:57:00,2158.12,2158.88,2158.12,2158.49,485,4,0,485
2024-03-07 15:00:00,2158.49,2158.56,2157.72,2158.32,804,4,0,804
2024-03-07 15:03:00,2158.32,2163.65,2158.29,2163.6,959,4,0,959
2024-03-07 15:06:00,2163.6,2164.75,2158.33,2158.58,1487,4,0,1487
2024-03-07 15:09:00,2158.59,2158.96,2157.45,2158.39,827,4,0,827
2024-03-07 15:12:00,2158.39,2158.62,2157.53,2158.05,548,4,0,548
2024-03-07 15:15:00,2158.06,2159.04,2157.79,2157.93,1121,4,0,1121
2024-03-07 15:18:00,2157.93,2161.21,2157.82,2159.54,1556,4,0,1556
2024-03-07 15:21:00,2159.54,2160.97,2158.72,2160.4,1719,4,0,1719
2024-03-07 15:24:00,2160.4,2161.11,2159.82,2160.21,1341,4,0,1341
2024-03-07 15:27:00,2160.21,2161.94,2159.7,2161.3,730,4,0,730
2024-03-07 15:30:00,2161.3,2164.07,2160.62,2160.76,1429,4,0,1429
2024-03-07 15:33:00,2160.76,2161.93,2160.22,2160.85,1397,4,0,1397
2024-03-07 15:36:00,2160.85,2162.78,2158.2,2159.29,1639,4,0,1639
2024-03-07 15:39:00,2159.29,2162.19,2159.29,2162.12,981,4,0,981
2024-03-07 15:42:00,2162.11,2162.96,2160.67,2160.8,952,4,0,952
2024-03-07 15:45:00,2160.8,2162.56,2160.68,2160.86,1116,4,0,1116
2024-03-07 15:48:00,2160.86,2161.03,2158.31,2158.34,1077,4,0,1077
2024-03-07 15:51:00,2158.37,2159.6,2157.83,2159.24,1070,4,0,1070
2024-03-07 15:54:00,2159.24,2160.13,2159.06,2159.9,792,4,0,792
2024-03-07 15:57:00,2159.9,2160.31,2159.09,2159.6,665,4,0,665
2024-03-07 16:00:00,2159.6,2159.86,2156.11,2156.38,1521,4,0,1521
2024-03-07 16:03:00,2156.38,2157.21,2155.63,2155.9,1452,4,0,1452
2024-03-07 16:06:00,2155.9,2157.87,2155.2,2156.88,1022,4,0,1022
2024-03-07 16:09:00,2156.88,2156.89,2154.17,2154.26,1192,4,0,1192
2024-03-07 16:12:00,2154.26,2156.02,2154.05,2155.86,1274,4,0,1274
2024-03-07 16:15:00,2155.86,2157.1,2155.86,2156.38,930,4,0,930
2024-03-07 16:18:00,2156.38,2156.78,2155.14,2156.47,739,4,0,739
2024-03-07 16:21:00,2156.48,2157.89,2156.03,2156.06,912,4,0,912
2024-03-07 16:24:00,2156.06,2156.24,2154.74,2154.88,929,4,0,929
2024-03-07 16:27:00,2154.88,2155.83,2154.23,2154.81,929,4,0,929
2024-03-07 16:30:00,2154.81,2156.45,2152.34,2152.97,1821,4,0,1821
2024-03-07 16:33:00,2152.98,2155.72,2152.73,2155.22,1413,4,0,1413
2024-03-07 16:36:00,2155.21,2155.47,2151.52,2151.66,1304,4,0,1304
2024-03-07 16:39:00,2151.71,2151.76,2149.25,2149.54,1619,4,0,1619
2024-03-07 16:42:00,2149.53,2150.47,2148.02,2148.69,1692,4,0,1692
2024-03-07 16:45:00,2148.69,2151.75,2148.59,2151.62,1749,4,0,1749
2024-03-07 16:48:00,2151.63,2153.74,2150.81,2153.42,1588,4,0,1588
2024-03-07 16:51:00,2153.42,2154.64,2153.34,2153.35,1151,4,0,1151
2024-03-07 16:54:00,2153.34,2155.57,2153.27,2155.03,1001,4,0,1001
2024-03-07 16:57:00,2155.04,2155.19,2153.99,2154.06,846,4,0,846
2024-03-07 17:00:00,2154.06,2156.34,2153.64,2155.5,1643,4,0,1643
2024-03-07 17:03:00,2155.5,2156.59,2155.19,2155.66,1047,4,0,1047
2024-03-07 17:06:00,2155.66,2156.66,2154.69,2156.41,1185,4,0,1185
2024-03-07 17:09:00,2156.45,2156.58,2155.04,2156.47,1195,4,0,1195
2024-03-07 17:12:00,2156.47,2157.47,2156.32,2157.23,1102,4,0,1102
2024-03-07 17:15:00,2157.24,2157.73,2156.07,2156.08,1136,4,0,1136
2024-03-07 17:18:00,2156.09,2156.26,2154.39,2154.42,828,4,0,828
2024-03-07 17:48:00,2155.11,2155.22,2154.37,2155.09,300,4,0,300
2024-03-07 17:51:00,2155.09,2155.1,2153.7,2154.07,1020,4,0,1020
2024-03-07 17:54:00,2154.07,2154.93,2153.77,2154.58,1068,4,0,1068
2024-03-07 17:57:00,2154.57,2154.61,2153.1,2153.69,1146,4,0,1146
2024-03-07 18:00:00,2153.69,2155.14,2153.46,2153.64,1006,4,0,1006
2024-03-07 18:03:00,2153.63,2153.77,2151.87,2152.12,932,4,0,932
2024-03-07 18:06:00,2152.15,2152.26,2150.76,2151.98,1207,4,0,1207
2024-03-07 18:09:00,2152.01,2152.15,2151.08,2151.27,1104,4,0,1104
2024-03-07 18:12:00,2151.27,2151.79,2149.3,2151.72,1223,4,0,1223
2024-03-07 18:15:00,2151.72,2153.6,2151.37,2153.6,739,4,0,739
2024-03-07 18:18:00,2153.6,2154.43,2153.44,2154.42,908,4,0,908
2024-03-07 18:21:00,2154.41,2155.82,2154.14,2155.7,1145,4,0,1145
2024-03-07 18:24:00,2155.73,2156.08,2154.92,2155.66,889,4,0,889
2024-03-07 18:27:00,2155.59,2158.55,2155.59,2157.86,1198,4,0,1198
2024-03-07 18:30:00,2157.85,2157.92,2156.67,2156.82,1237,4,0,1237
2024-03-07 18:33:00,2156.82,2157.1,2155.38,2155.63,993,4,0,993
2024-03-07 18:36:00,2155.63,2157.06,2155.35,2156.53,747,4,0,747
2024-03-07 18:39:00,2156.54,2157.45,2155.96,2156.82,707,4,0,707
2024-03-07 18:42:00,2156.82,2157.53,2156.41,2156.73,705,4,0,705
2024-03-07 18:45:00,2156.73,2156.73,2155.37,2155.65,567,4,0,567
2024-03-07 18:48:00,2155.65,2156.34,2155.51,2155.84,653,4,0,653
2024-03-07 18:51:00,2155.84,2156.68,2155.72,2156.62,546,4,0,546
2024-03-07 18:54:00,2156.62,2156.72,2155.71,2156.04,665,4,0,665
2024-03-07 18:57:00,2156.04,2156.53,2155.4,2156.26,653,4,0,653
2024-03-07 19:00:00,2156.26,2157.61,2156.26,2157.32,532,4,0,532
2024-03-07 19:03:00,2157.34,2157.34,2156.29,2157.03,473,4,0,473
2024-03-07 19:06:00,2156.98,2157.16,2156.53,2156.99,537,4,0,537
2024-03-07 19:09:00,2156.99,2157.48,2156.9,2157.38,545,4,0,545
2024-03-07 19:12:00,2157.36,2158.42,2157.29,2158.36,547,4,0,547
2024-03-07 19:15:00,2158.35,2158.86,2157.57,2157.88,452,4,0,452
2024-03-07 19:18:00,2157.88,2158.21,2157.8,2157.97,345,4,0,345
2024-03-07 19:21:00,2157.97,2158.6,2157.81,2157.9,371,4,0,371
2024-03-07 19:24:00,2157.86,2158.12,2156.53,2156.62,555,4,0,555
2024-03-07 19:27:00,2156.63,2157.29,2156.52,2157.08,489,4,0,489
2024-03-07 19:30:00,2157.08,2157.81,2156.59,2156.66,438,4,0,438
2024-03-07 19:33:00,2156.66,2156.77,2156.11,2156.49,369,4,0,369
2024-03-07 19:36:00,2156.5,2157.01,2156.27,2156.42,431,4,0,431
2024-03-07 19:39:00,2156.42,2156.61,2155.75,2155.77,356,4,0,356
2024-03-07 19:42:00,2155.78,2155.96,2155.5,2155.65,332,4,0,332
2024-03-07 19:45:00,2155.65,2156.67,2155.35,2156.67,340,4,0,340
2024-03-07 19:48:00,2156.67,2157.55,2156.64,2157.55,373,4,0,373
2024-03-07 19:51:00,2157.55,2157.88,2157.45,2157.77,381,4,0,381
2024-03-07 19:54:00,2157.77,2158.65,2157.75,2158.12,463,4,0,463
2024-03-07 19:57:00,2158.12,2158.69,2157.82,2158.27,582,4,0,582
2024-03-07 20:00:00,2158.27,2159.31,2158.22,2158.4,606,4,0,606
2024-03-07 20:03:00,2158.39,2159.28,2158.36,2158.96,360,4,0,360
2024-03-07 20:06:00,2158.96,2159.12,2158.37,2158.92,319,4,0,319
2024-03-07 20:09:00,2158.94,2159.05,2158.4,2158.65,323,4,0,323
2024-03-07 20:12:00,2158.65,2158.66,2157.63,2157.63,351,4,0,351
2024-03-07 20:15:00,2157.63,2158.81,2157.61,2158.79,315,4,0,315
2024-03-07 20:18:00,2158.79,2158.79,2158.09,2158.19,323,4,0,323
2024-03-07 20:21:00,2158.19,2158.24,2157.58,2157.8,328,4,0,328
2024-03-07 20:24:00,2157.8,2158.04,2156.72,2157.26,492,4,0,492
2024-03-07 20:27:00,2157.26,2158.08,2156.66,2158.06,489,4,0,489
2024-03-07 20:30:00,2158.06,2158.12,2157.57,2158.03,354,4,0,354
2024-03-07 20:33:00,2158.02,2158.72,2157.71,2157.72,385,4,0,385
2024-03-07 20:36:00,2157.72,2157.88,2157.31,2157.57,351,4,0,351
2024-03-07 20:39:00,2157.57,2157.85,2157.07,2157.63,410,4,0,410
2024-03-07 20:42:00,2157.63,2157.93,2157.37,2157.53,181,4,0,181
2024-03-07 20:45:00,2157.53,2158.13,2157.42,2158.1,235,4,0,235
2024-03-07 20:48:00,2158.1,2158.15,2157.39,2157.43,262,4,0,262
2024-03-07 20:51:00,2157.43,2157.63,2156.42,2156.59,278,4,0,278
2024-03-07 20:54:00,2156.59,2157.1,2156.5,2156.57,317,4,0,317
2024-03-07 20:57:00,2156.57,2157.32,2156.13,2157.13,422,4,0,422
2024-03-07 21:00:00,2157.13,2157.69,2157.13,2157.52,301,4,0,301
2024-03-07 21:03:00,2157.52,2157.55,2157.24,2157.52,271,4,0,271
2024-03-07 21:06:00,2157.52,2157.65,2156.73,2156.82,245,4,0,245
2024-03-07 21:09:00,2156.82,2156.84,2156.21,2156.73,267,4,0,267
2024-03-07 21:12:00,2156.73,2157.95,2156.72,2157.87,289,4,0,289
2024-03-07 21:15:00,2157.88,2157.97,2157.61,2157.93,267,4,0,267
2024-03-07 21:18:00,2157.93,2158.61,2157.81,2158.52,302,4,0,302
2024-03-07 21:21:00,2158.53,2158.54,2158.03,2158.54,274,4,0,274
2024-03-07 21:24:00,2158.54,2158.95,2158.51,2158.93,299,4,0,299
2024-03-07 21:27:00,2158.94,2159.08,2158.74,2159.05,221,4,0,221
2024-03-07 21:30:00,2159.05,2159.87,2158.98,2159.79,261,4,0,261
2024-03-07 21:33:00,2159.79,2160.09,2158.92,2159.14,331,4,0,331
2024-03-07 21:36:00,2159.14,2159.22,2158.81,2158.83,241,4,0,241
2024-03-07 21:39:00,2158.83,2159.64,2158.79,2159.5,365,4,0,365
2024-03-07 21:42:00,2159.5,2159.84,2159.22,2159.84,370,4,0,370
2024-03-07 21:45:00,2159.84,2160.15,2159.7,2159.87,320,4,0,320
2024-03-07 21:48:00,2159.9,2160.5,2159.83,2160.46,329,4,0,329
2024-03-07 21:51:00,2160.48,2160.83,2160.43,2160.72,287,4,0,287
2024-03-07 21:54:00,2160.73,2160.93,2160.1,2160.22,273,4,0,273
2024-03-07 21:57:00,2160.22,2160.26,2159.71,2160.09,474,4,0,474
2024-03-07 22:00:00,2160.09,2160.22,2159.16,2159.22,495,4,0,495
2024-03-07 22:03:00,2159.23,2159.58,2159.19,2159.26,320,4,0,320
2024-03-07 22:06:00,2159.27,2159.35,2158.1,2158.11,434,4,0,434
2024-03-07 22:09:00,2158.11,2158.83,2158.11,2158.41,336,4,0,336
2024-03-07 22:12:00,2158.4,2158.61,2158.29,2158.49,358,4,0,358
2024-03-07 22:15:00,2158.49,2158.88,2158.33,2158.54,518,4,0,518
2024-03-07 22:18:00,2158.54,2159.35,2158.53,2159.29,340,4,0,340
2024-03-07 22:21:00,2159.29,2160.04,2159.29,2159.88,317,4,0,317
2024-03-07 22:24:00,2159.89,2160.49,2159.88,2160.22,365,4,0,365
2024-03-07 22:27:00,2160.25,2160.49,2160.13,2160.28,317,4,0,317
2024-03-07 22:30:00,2160.28,2160.34,2159.92,2160.26,317,4,0,317
2024-03-07 22:33:00,2160.26,2160.45,2160.0,2160.24,325,4,0,325
2024-03-07 22:36:00,2160.24,2160.45,2159.4,2159.47,390,4,0,390
2024-03-07 22:39:00,2159.47,2159.69,2159.4,2159.52,446,4,0,446
2024-03-07 22:42:00,2159.52,2159.64,2159.27,2159.4,371,4,0,371
2024-03-07 22:45:00,2159.42,2159.64,2159.3,2159.37,388,4,0,388
2024-03-07 22:48:00,2159.36,2159.58,2159.23,2159.25,356,4,0,356
2024-03-07 22:51:00,2159.25,2159.25,2158.07,2158.63,613,4,0,613
2024-03-07 22:54:00,2158.63,2158.67,2158.2,2158.45,382,4,0,382
2024-03-07 22:57:00,2158.46,2159.09,2158.29,2158.67,666,4,0,666
2024-03-07 23:00:00,2158.67,2159.02,2158.64,2158.65,301,4,0,301
2024-03-07 23:03:00,2158.65,2158.74,2158.41,2158.53,276,4,0,276
2024-03-07 23:06:00,2158.55,2158.66,2158.38,2158.45,185,4,0,185
2024-03-07 23:09:00,2158.44,2158.7,2158.41,2158.62,124,4,0,124
2024-03-07 23:12:00,2158.62,2158.73,2158.45,2158.72,105,4,0,105
2024-03-07 23:15:00,2158.71,2159.25,2158.53,2159.25,162,4,0,162
2024-03-07 23:18:00,2159.25,2159.39,2158.94,2159.07,192,4,0,192
2024-03-07 23:21:00,2159.08,2159.14,2158.95,2159.12,117,4,0,117
2024-03-07 23:24:00,2159.12,2159.23,2159.02,2159.13,66,4,0,66
2024-03-07 23:27:00,2159.12,2159.5,2159.09,2159.47,157,4,0,157
2024-03-07 23:30:00,2159.49,2159.55,2159.22,2159.22,89,4,0,89
2024-03-07 23:33:00,2159.22,2159.38,2159.17,2159.38,110,4,0,110
2024-03-07 23:36:00,2159.38,2159.52,2159.23,2159.37,61,4,0,61
2024-03-07 23:39:00,2159.37,2159.58,2159.34,2159.49,85,4,0,85
2024-03-07 23:42:00,2159.49,2159.58,2159.3,2159.37,123,4,0,123
2024-03-07 23:45:00,2159.37,2159.55,2159.27,2159.33,139,4,0,139
2024-03-07 23:48:00,2159.33,2159.4,2159.33,2159.34,42,4,0,42
2024-03-07 23:51:00,2159.35,2159.76,2159.35,2159.76,144,4,0,144
2024-03-07 23:54:00,2159.76,2159.8,2159.5,2159.7,160,4,0,160
2024-03-07 23:57:00,2159.71,2159.98,2159.69,2159.93,56,4,0,56
2024-03-08 01:00:00,2159.0,2159.25,2158.96,2159.12,56,4,0,56
2024-03-08 01:03:00,2159.13,2159.13,2158.87,2159.04,129,4,0,129
2024-03-08 01:06:00,2159.07,2159.38,2159.02,2159.24,122,4,0,122
2024-03-08 01:09:00,2159.24,2159.81,2159.06,2159.56,223,4,0,223
2024-03-08 01:12:00,2159.56,2159.66,2159.31,2159.41,119,4,0,119
2024-03-08 01:15:00,2159.41,2160.07,2159.39,2160.04,158,4,0,158
2024-03-08 01:18:00,2160.04,2160.05,2159.62,2159.76,101,4,0,101
2024-03-08 01:21:00,2159.76,2160.03,2159.55,2160.02,82,4,0,82
2024-03-08 01:24:00,2160.01,2160.49,2159.91,2160.25,143,4,0,143
2024-03-08 01:27:00,2160.25,2160.57,2160.25,2160.49,182,4,0,182
2024-03-08 01:30:00,2160.5,2160.56,2160.26,2160.46,171,4,0,171
2024-03-08 01:33:00,2160.46,2160.87,2160.08,2160.4,266,4,0,266
2024-03-08 01:36:00,2160.4,2160.53,2159.93,2160.28,194,4,0,194
2024-03-08 01:39:00,2160.31,2160.67,2160.1,2160.25,254,4,0,254
2024-03-08 01:42:00,2160.25,2160.37,2160.05,2160.25,92,4,0,92
2024-03-08 01:45:00,2160.25,2160.62,2160.23,2160.45,121,4,0,121
2024-03-08 01:48:00,2160.45,2160.6,2160.2,2160.25,51,4,0,51
2024-03-08 01:51:00,2160.25,2160.99,2160.25,2160.94,142,4,0,142
2024-03-08 01:54:00,2160.94,2161.13,2160.6,2160.82,133,4,0,133
2024-03-08 01:57:00,2160.82,2162.62,2160.82,2161.99,412,4,0,412
2024-03-08 02:00:00,2161.99,2162.24,2161.04,2161.58,402,4,0,402
2024-03-08 02:03:00,2161.58,2161.82,2160.94,2161.06,359,4,0,359
2024-03-08 02:06:00,2161.06,2161.08,2160.32,2160.35,337,4,0,337
2024-03-08 02:09:00,2160.35,2161.53,2160.23,2161.53,390,4,0,390
2024-03-08 02:12:00,2161.53,2161.58,2160.97,2161.41,254,4,0,254
2024-03-08 02:15:00,2161.39,2161.45,2160.96,2161.16,145,4,0,145
2024-03-08 02:18:00,2161.16,2161.5,2160.96,2161.45,192,4,0,192
2024-03-08 02:21:00,2161.45,2161.52,2161.05,2161.36,207,4,0,207
2024-03-08 02:24:00,2161.36,2162.21,2161.36,2162.14,231,4,0,231
2024-03-08 02:27:00,2162.14,2162.24,2161.92,2162.24,192,4,0,192
2024-03-08 02:30:00,2162.24,2163.22,2162.24,2163.22,288,4,0,288
2024-03-08 02:33:00,2163.22,2163.43,2163.02,2163.23,367,4,0,367
2024-03-08 02:36:00,2163.24,2163.62,2162.76,2162.94,332,4,0,332
2024-03-08 02:39:00,2162.94,2162.94,2161.83,2161.86,183,4,0,183
2024-03-08 02:42:00,2161.86,2161.96,2161.12,2161.41,230,4,0,230
2024-03-08 02:45:00,2161.41,2161.42,2160.23,2160.28,210,4,0,210
2024-03-08 02:48:00,2160.28,2160.31,2159.78,2159.91,366,4,0,366
2024-03-08 02:51:00,2159.91,2160.17,2159.75,2160.03,296,4,0,296
2024-03-08 02:54:00,2160.03,2160.62,2159.92,2160.53,303,4,0,303
2024-03-08 02:57:00,2160.55,2160.87,2160.39,2160.87,263,4,0,263
2024-03-08 03:00:00,2160.87,2161.82,2160.63,2160.84,694,4,0,694
2024-03-08 03:03:00,2160.82,2161.39,2159.91,2159.93,471,4,0,471
2024-03-08 03:06:00,2159.93,2160.15,2159.5,2159.67,407,4,0,407
2024-03-08 03:09:00,2159.67,2160.02,2159.51,2159.84,262,4,0,262
2024-03-08 03:12:00,2159.84,2159.85,2158.97,2159.29,338,4,0,338
2024-03-08 03:15:00,2159.27,2159.9,2158.89,2159.68,358,4,0,358
2024-03-08 03:18:00,2159.68,2159.91,2159.36,2159.49,325,4,0,325
2024-03-08 03:21:00,2159.46,2160.03,2159.4,2159.61,317,4,0,317
2024-03-08 03:24:00,2159.61,2159.62,2158.92,2159.12,261,4,0,261
2024-03-08 03:27:00,2159.13,2159.41,2159.01,2159.13,193,4,0,193
2024-03-08 03:30:00,2159.13,2159.31,2158.43,2158.79,411,4,0,411
2024-03-08 03:33:00,2158.8,2159.07,2158.54,2158.6,435,4,0,435
2024-03-08 03:36:00,2158.61,2159.61,2158.61,2159.49,405,4,0,405
2024-03-08 03:39:00,2159.49,2159.49,2158.18,2158.3,356,4,0,356
2024-03-08 03:42:00,2158.3,2158.72,2158.29,2158.48,287,4,0,287
2024-03-08 03:45:00,2158.48,2158.92,2158.46,2158.63,327,4,0,327
2024-03-08 03:48:00,2158.63,2158.64,2158.1,2158.27,206,4,0,206
2024-03-08 03:51:00,2158.29,2158.32,2157.71,2157.86,312,4,0,312
2024-03-08 03:54:00,2157.86,2158.44,2157.81,2158.26,241,4,0,241
2024-03-08 03:57:00,2158.26,2158.47,2157.86,2157.89,263,4,0,263
2024-03-08 04:00:00,2157.89,2158.07,2157.41,2157.51,352,4,0,352
2024-03-08 04:03:00,2157.51,2157.77,2157.06,2157.27,229,4,0,229
2024-03-08 04:06:00,2157.27,2157.51,2156.63,2156.67,353,4,0,353
2024-03-08 04:09:00,2156.67,2156.97,2156.32,2156.35,351,4,0,351
2024-03-08 04:12:00,2156.36,2157.05,2156.35,2156.85,338,4,0,338
2024-03-08 04:15:00,2156.85,2158.28,2156.85,2157.91,358,4,0,358
2024-03-08 04:18:00,2157.93,2158.44,2157.62,2158.11,265,4,0,265
2024-03-08 04:21:00,2158.11,2158.22,2157.96,2158.08,181,4,0,181
2024-03-08 04:24:00,2158.08,2158.1,2157.13,2157.16,240,4,0,240
2024-03-08 04:27:00,2157.15,2157.94,2157.14,2157.94,217,4,0,217
2024-03-08 04:30:00,2157.94,2158.19,2157.62,2157.72,271,4,0,271
2024-03-08 04:33:00,2157.72,2157.76,2157.28,2157.57,205,4,0,205
2024-03-08 04:36:00,2157.57,2157.59,2157.27,2157.33,145,4,0,145
2024-03-08 04:39:00,2157.35,2157.37,2156.77,2156.93,178,4,0,178
2024-03-08 04:42:00,2156.93,2157.08,2156.36,2156.4,239,4,0,239
2024-03-08 04:45:00,2156.37,2156.74,2155.73,2156.62,468,4,0,468
2024-03-08 04:48:00,2156.62,2156.62,2155.88,2155.92,286,4,0,286
2024-03-08 04:51:00,2155.92,2156.02,2155.33,2155.6,602,4,0,602
2024-03-08 04:54:00,2155.62,2156.01,2155.56,2155.62,262,4,0,262
2024-03-08 04:57:00,2155.62,2155.77,2155.04,2155.4,580,4,0,580
2024-03-08 05:00:00,2155.39,2155.59,2154.07,2154.38,589,4,0,589
2024-03-08 05:03:00,2154.38,2154.79,2154.26,2154.62,384,4,0,384
2024-03-08 05:06:00,2154.62,2155.36,2154.57,2155.26,319,4,0,319
2024-03-08 05:09:00,2155.26,2155.86,2155.13,2155.58,235,4,0,235
2024-03-08 05:12:00,2155.58,2155.86,2155.32,2155.75,192,4,0,192
2024-03-08 05:15:00,2155.75,2155.91,2155.26,2155.71,247,4,0,247
2024-03-08 05:18:00,2155.71,2155.75,2155.37,2155.62,183,4,0,183
2024-03-08 05:21:00,2155.62,2155.93,2155.6,2155.78,223,4,0,223
2024-03-08 05:24:00,2155.78,2156.62,2155.57,2156.55,279,4,0,279
2024-03-08 05:27:00,2156.54,2156.87,2156.5,2156.7,262,4,0,262
2024-03-08 05:30:00,2156.7,2157.0,2156.7,2156.88,237,4,0,237
2024-03-08 05:33:00,2156.87,2158.0,2156.85,2158.0,227,4,0,227
2024-03-08 05:36:00,2158.0,2158.76,2158.0,2158.28,293,4,0,293
2024-03-08 05:39:00,2158.28,2158.39,2157.91,2158.08,266,4,0,266
2024-03-08 05:42:00,2158.08,2158.22,2157.65,2157.78,196,4,0,196
2024-03-08 05:45:00,2157.78,2157.82,2157.38,2157.53,248,4,0,248
2024-03-08 05:48:00,2157.53,2157.59,2157.34,2157.51,165,4,0,165
2024-03-08 05:51:00,2157.51,2157.64,2157.42,2157.53,191,4,0,191
2024-03-08 05:54:00,2157.54,2157.88,2157.54,2157.88,151,4,0,151
2024-03-08 05:57:00,2157.88,2157.88,2157.51,2157.69,167,4,0,167
2024-03-08 06:00:00,2157.69,2157.77,2157.09,2157.11,225,4,0,225
2024-03-08 06:03:00,2157.11,2157.53,2157.09,2157.21,205,4,0,205
2024-03-08 06:06:00,2157.21,2157.65,2156.9,2157.64,224,4,0,224
2024-03-08 06:09:00,2157.65,2158.91,2157.64,2158.66,434,4,0,434
2024-03-08 06:12:00,2158.66,2158.87,2158.12,2158.27,282,4,0,282
2024-03-08 06:15:00,2158.26,2159.26,2158.21,2158.94,328,4,0,328
2024-03-08 06:18:00,2158.94,2159.14,2158.18,2158.27,419,4,0,419
2024-03-08 06:21:00,2158.3,2158.3,2157.97,2157.97,117,4,0,117
2024-03-08 06:24:00,2157.96,2157.98,2157.59,2157.64,58,4,0,58
2024-03-08 06:27:00,2157.64,2157.64,2157.21,2157.52,137,4,0,137
2024-03-08 06:30:00,2157.52,2157.71,2157.45,2157.55,118,4,0,118
2024-03-08 06:33:00,2157.55,2157.55,2157.43,2157.45,44,4,0,44
2024-03-08 06:36:00,2157.45,2157.49,2156.94,2156.95,118,4,0,118
2024-03-08 06:39:00,2156.94,2157.04,2156.85,2156.86,80,4,0,80
2024-03-08 06:42:00,2156.86,2156.86,2156.43,2156.63,121,4,0,121
2024-03-08 06:45:00,2156.63,2156.95,2156.52,2156.95,117,4,0,117
2024-03-08 06:48:00,2156.95,2157.07,2156.78,2157.04,64,4,0,64
2024-03-08 06:51:00,2157.04,2157.55,2157.04,2157.39,121,4,0,121
2024-03-08 06:54:00,2157.39,2157.97,2157.36,2157.66,183,4,0,183
2024-03-08 06:57:00,2157.66,2157.76,2157.54,2157.75,113,4,0,113
2024-03-08 07:00:00,2157.75,2158.06,2157.74,2157.93,223,4,0,223
2024-03-08 07:03:00,2157.93,2158.0,2157.74,2157.87,132,4,0,132
2024-03-08 07:06:00,2157.85,2157.91,2157.74,2157.84,107,4,0,107
2024-03-08 07:09:00,2157.84,2157.94,2157.59,2157.74,155,4,0,155
2024-03-08 07:12:00,2157.74,2157.75,2157.47,2157.73,104,4,0,104
2024-03-08 07:15:00,2157.72,2157.83,2157.39,2157.75,141,4,0,141
2024-03-08 07:18:00,2157.75,2158.04,2157.1,2157.12,322,4,0,322
2024-03-08 07:21:00,2157.12,2157.12,2156.6,2156.78,359,4,0,359
2024-03-08 07:24:00,2156.79,2157.11,2156.57,2156.9,321,4,0,321
2024-03-08 07:27:00,2156.9,2156.9,2156.54,2156.84,111,4,0,111
2024-03-08 07:30:00,2156.84,2157.83,2156.59,2157.83,389,4,0,389
2024-03-08 07:33:00,2157.83,2157.84,2157.33,2157.45,227,4,0,227
2024-03-08 07:36:00,2157.45,2157.45,2156.51,2156.9,414,4,0,414
2024-03-08 07:39:00,2156.9,2157.82,2156.9,2157.79,253,4,0,253
2024-03-08 07:42:00,2157.79,2158.45,2157.79,2158.09,249,4,0,249
2024-03-08 07:45:00,2158.1,2158.12,2157.05,2157.11,209,4,0,209
2024-03-08 07:48:00,2157.1,2157.52,2156.78,2157.18,263,4,0,263
2024-03-08 07:51:00,2157.21,2157.92,2157.21,2157.89,219,4,0,219
2024-03-08 07:54:00,2157.89,2157.96,2157.54,2157.88,145,4,0,145
2024-03-08 07:57:00,2157.88,2157.91,2157.69,2157.81,129,4,0,129
2024-03-08 08:00:00,2157.81,2157.89,2157.09,2157.36,288,4,0,288
2024-03-08 08:03:00,2157.36,2157.39,2156.83,2157.13,316,4,0,316
2024-03-08 08:06:00,2157.13,2157.31,2156.51,2157.05,351,4,0,351
2024-03-08 08:09:00,2157.05,2157.28,2156.99,2157.26,243,4,0,243
2024-03-08 08:12:00,2157.27,2158.03,2157.27,2157.94,338,4,0,338
2024-03-08 08:15:00,2157.94,2158.02,2157.78,2157.88,229,4,0,229
2024-03-08 08:18:00,2157.88,2158.05,2157.8,2157.94,209,4,0,209
2024-03-08 08:21:00,2157.94,2157.96,2157.79,2157.95,135,4,0,135
2024-03-08 08:24:00,2157.94,2158.68,2157.9,2158.46,238,4,0,238
2024-03-08 08:27:00,2158.46,2159.11,2158.43,2158.92,220,4,0,220
2024-03-08 08:30:00,2158.92,2160.66,2158.8,2160.36,441,4,0,441
2024-03-08 08:33:00,2160.36,2160.63,2160.31,2160.55,497,4,0,497
2024-03-08 08:36:00,2160.53,2162.01,2160.51,2161.56,878,4,0,878
2024-03-08 08:39:00,2161.56,2161.69,2161.17,2161.56,491,4,0,491
2024-03-08 08:42:00,2161.56,2161.62,2161.31,2161.39,218,4,0,218
2024-03-08 08:45:00,2161.4,2161.57,2160.71,2160.84,347,4,0,347
2024-03-08 08:48:00,2160.84,2160.95,2160.74,2160.83,165,4,0,165
2024-03-08 08:51:00,2160.83,2161.52,2160.8,2161.33,348,4,0,348
2024-03-08 08:54:00,2161.33,2161.46,2161.04,2161.28,430,4,0,430
2024-03-08 08:57:00,2161.28,2161.46,2161.13,2161.25,376,4,0,376
2024-03-08 09:00:00,2161.25,2161.56,2160.97,2161.28,524,4,0,524
2024-03-08 09:03:00,2161.28,2161.73,2160.94,2161.1,450,4,0,450
2024-03-08 09:06:00,2161.1,2161.11,2160.1,2160.19,577,4,0,577
2024-03-08 09:09:00,2160.19,2160.33,2159.86,2160.17,392,4,0,392
2024-03-08 09:12:00,2160.16,2160.7,2160.13,2160.36,396,4,0,396
2024-03-08 09:15:00,2160.36,2160.84,2159.89,2160.11,412,4,0,412
2024-03-08 09:18:00,2160.11,2160.74,2159.1,2160.53,547,4,0,547
2024-03-08 09:21:00,2160.53,2161.53,2160.42,2160.92,547,4,0,547
2024-03-08 09:24:00,2160.94,2160.94,2159.66,2159.66,502,4,0,502
2024-03-08 09:27:00,2159.66,2160.22,2159.36,2159.97,574,4,0,574
2024-03-08 09:30:00,2159.97,2160.01,2159.44,2159.89,430,4,0,430
2024-03-08 09:33:00,2159.89,2160.58,2159.89,2160.21,431,4,0,431
2024-03-08 09:36:00,2160.21,2160.97,2159.91,2160.92,604,4,0,604
2024-03-08 09:39:00,2160.95,2161.54,2160.91,2161.12,490,4,0,490
2024-03-08 09:42:00,2161.09,2161.28,2160.62,2161.15,625,4,0,625
2024-03-08 09:45:00,2161.15,2161.86,2161.04,2161.85,465,4,0,465
2024-03-08 09:48:00,2161.85,2161.96,2161.24,2161.27,404,4,0,404
2024-03-08 09:51:00,2161.27,2161.49,2161.02,2161.46,351,4,0,351
2024-03-08 09:54:00,2161.46,2161.67,2160.86,2161.13,343,4,0,343
2024-03-08 09:57:00,2161.13,2161.42,2160.95,2161.39,305,4,0,305
2024-03-08 10:00:00,2161.38,2161.72,2161.18,2161.38,532,4,0,532
2024-03-08 10:03:00,2161.38,2161.93,2161.38,2161.74,470,4,0,470
2024-03-08 10:06:00,2161.75,2162.11,2161.62,2161.84,397,4,0,397
2024-03-08 10:09:00,2161.84,2162.49,2161.84,2162.17,562,4,0,562
2024-03-08 10:12:00,2162.17,2163.8,2162.16,2163.68,581,4,0,581
2024-03-08 10:15:00,2163.72,2163.72,2162.56,2162.68,398,4,0,398
2024-03-08 10:18:00,2162.68,2163.4,2162.68,2163.08,379,4,0,379
2024-03-08 10:21:00,2163.1,2163.39,2162.59,2162.64,313,4,0,313
2024-03-08 10:24:00,2162.62,2163.49,2162.58,2163.35,322,4,0,322
2024-03-08 10:27:00,2163.35,2166.08,2163.15,2166.07,659,4,0,659
2024-03-08 10:30:00,2166.07,2168.75,2164.93,2164.99,1456,4,0,1456
2024-03-08 10:33:00,2164.98,2165.14,2163.59,2163.87,837,4,0,837
2024-03-08 10:36:00,2163.86,2164.25,2163.5,2164.18,555,4,0,555
2024-03-08 10:39:00,2164.18,2164.87,2163.78,2164.87,502,4,0,502
2024-03-08 10:42:00,2164.87,2165.65,2164.75,2165.11,535,4,0,535
2024-03-08 10:45:00,2165.12,2165.89,2164.75,2165.69,525,4,0,525
2024-03-08 10:48:00,2165.69,2165.83,2165.39,2165.72,420,4,0,420
2024-03-08 10:51:00,2165.72,2165.91,2165.08,2165.08,467,4,0,467
2024-03-08 10:54:00,2165.08,2165.59,2164.87,2165.29,392,4,0,392
2024-03-08 10:57:00,2165.29,2165.83,2165.12,2165.2,406,4,0,406
2024-03-08 11:00:00,2165.2,2165.42,2164.67,2165.11,439,4,0,439
2024-03-08 11:03:00,2165.11,2165.74,2164.76,2165.62,398,4,0,398
2024-03-08 11:06:00,2165.62,2166.64,2165.62,2166.53,518,4,0,518
2024-03-08 11:09:00,2166.53,2166.7,2165.81,2165.82,389,4,0,389
2024-03-08 11:12:00,2165.82,2166.84,2165.78,2166.64,450,4,0,450
2024-03-08 11:15:00,2166.63,2166.73,2165.8,2166.18,698,4,0,698
2024-03-08 11:18:00,2166.19,2166.85,2165.73,2166.79,544,4,0,544
2024-03-08 11:21:00,2166.79,2167.25,2166.37,2167.16,431,4,0,431
2024-03-08 11:24:00,2167.15,2167.87,2167.12,2167.7,595,4,0,595
2024-03-08 11:27:00,2167.7,2167.75,2167.14,2167.67,481,4,0,481
2024-03-08 11:30:00,2167.65,2168.15,2167.17,2167.56,679,4,0,679
2024-03-08 11:33:00,2167.56,2168.23,2166.86,2167.08,718,4,0,718
2024-03-08 11:36:00,2167.08,2167.4,2166.38,2166.96,823,4,0,823
2024-03-08 11:39:00,2166.97,2166.97,2166.11,2166.93,514,4,0,514
2024-03-08 11:42:00,2166.93,2167.16,2166.21,2166.64,471,4,0,471
2024-03-08 11:45:00,2166.64,2167.88,2166.39,2167.88,501,4,0,501
2024-03-08 11:48:00,2167.88,2168.92,2167.74,2167.98,833,4,0,833
2024-03-08 11:51:00,2167.98,2169.0,2167.78,2168.84,668,4,0,668
2024-03-08 11:54:00,2168.84,2169.12,2168.64,2169.09,480,4,0,480
2024-03-08 11:57:00,2169.09,2171.07,2168.98,2169.12,736,4,0,736
2024-03-08 12:00:00,2169.12,2169.16,2168.1,2168.27,384,4,0,384
2024-03-08 12:03:00,2168.25,2169.07,2168.22,2168.91,399,4,0,399
2024-03-08 12:06:00,2168.9,2169.74,2168.26,2169.68,588,4,0,588
2024-03-08 12:09:00,2169.67,2170.57,2169.42,2169.42,599,4,0,599
2024-03-08 12:12:00,2169.51,2170.43,2169.24,2170.43,462,4,0,462
2024-03-08 12:15:00,2170.43,2170.57,2169.72,2170.06,521,4,0,521
2024-03-08 12:18:00,2170.06,2170.07,2169.32,2169.67,422,4,0,422
2024-03-08 12:21:00,2169.67,2169.86,2169.36,2169.59,462,4,0,462
2024-03-08 12:24:00,2169.59,2169.77,2168.94,2169.27,403,4,0,403
2024-03-08 12:27:00,2169.28,2169.36,2168.44,2168.55,325,4,0,325
2024-03-08 12:30:00,2168.55,2169.23,2168.28,2168.91,476,4,0,476
2024-03-08 12:33:00,2168.91,2169.04,2168.34,2168.58,362,4,0,362
2024-03-08 12:36:00,2168.58,2168.59,2166.67,2166.91,487,4,0,487
2024-03-08 12:39:00,2166.91,2167.49,2166.7,2167.35,408,4,0,408
2024-03-08 12:42:00,2167.43,2168.16,2167.43,2167.95,291,4,0,291
2024-03-08 12:45:00,2167.93,2168.26,2167.85,2167.99,276,4,0,276
2024-03-08 12:48:00,2167.99,2168.23,2167.55,2167.55,325,4,0,325
2024-03-08 12:51:00,2167.55,2168.57,2167.41,2168.57,345,4,0,345
2024-03-08 12:54:00,2168.56,2168.87,2168.46,2168.76,368,4,0,368
2024-03-08 12:57:00,2168.76,2168.78,2168.44,2168.56,374,4,0,374
2024-03-08 13:00:00,2168.56,2168.57,2167.72,2168.46,570,4,0,570
2024-03-08 13:03:00,2168.44,2168.46,2167.62,2167.88,383,4,0,383
2024-03-08 13:06:00,2167.9,2168.25,2167.72,2167.78,425,4,0,425
2024-03-08 13:09:00,2167.78,2167.99,2167.54,2167.91,525,4,0,525
2024-03-08 13:12:00,2167.92,2168.52,2167.82,2167.82,438,4,0,438
2024-03-08 13:15:00,2167.85,2168.15,2167.62,2167.92,419,4,0,419
2024-03-08 13:18:00,2167.93,2168.72,2167.73,2168.51,519,4,0,519
2024-03-08 13:21:00,2168.51,2169.52,2168.51,2169.5,443,4,0,443
2024-03-08 13:24:00,2169.49,2169.73,2169.13,2169.46,372,4,0,372
2024-03-08 13:27:00,2169.46,2169.6,2169.05,2169.48,324,4,0,324
2024-03-08 13:30:00,2169.45,2169.45,2168.66,2168.67,386,4,0,386
2024-03-08 13:33:00,2168.7,2168.71,2167.85,2167.85,287,4,0,287
2024-03-08 13:36:00,2167.85,2168.09,2167.5,2167.66,407,4,0,407
2024-03-08 13:39:00,2167.65,2167.68,2166.47,2166.64,527,4,0,527
2024-03-08 13:42:00,2166.65,2167.07,2166.4,2167.07,350,4,0,350
2024-03-08 13:45:00,2167.06,2167.18,2166.34,2166.84,358,4,0,358
2024-03-08 13:48:00,2166.84,2167.87,2166.71,2167.86,315,4,0,315
2024-03-08 13:51:00,2167.86,2167.86,2166.99,2167.56,306,4,0,306
2024-03-08 13:54:00,2167.56,2167.78,2167.35,2167.7,319,4,0,319
2024-03-08 13:57:00,2167.7,2168.56,2167.7,2168.36,315,4,0,315
2024-03-08 14:00:00,2168.36,2168.95,2167.93,2168.7,495,4,0,495
2024-03-08 14:03:00,2168.7,2169.33,2168.7,2169.01,435,4,0,435
2024-03-08 14:06:00,2169.01,2169.16,2168.25,2168.34,326,4,0,326
2024-03-08 14:09:00,2168.34,2168.59,2167.78,2168.1,342,4,0,342
2024-03-08 14:12:00,2168.1,2168.24,2167.7,2167.78,266,4,0,266
2024-03-08 14:15:00,2167.78,2168.13,2167.42,2168.09,334,4,0,334
2024-03-08 14:18:00,2168.09,2168.18,2167.41,2167.46,376,4,0,376
2024-03-08 14:21:00,2167.46,2167.46,2166.95,2167.14,286,4,0,286
2024-03-08 14:24:00,2167.13,2167.39,2166.91,2167.28,361,4,0,361
2024-03-08 14:27:00,2167.28,2167.98,2167.18,2167.54,336,4,0,336
2024-03-08 14:30:00,2167.54,2167.69,2166.65,2166.92,406,4,0,406
2024-03-08 14:33:00,2166.92,2167.52,2166.86,2167.34,257,4,0,257
2024-03-08 14:36:00,2167.34,2167.73,2167.11,2167.2,312,4,0,312
2024-03-08 14:39:00,2167.2,2167.67,2166.8,2167.61,297,4,0,297
2024-03-08 14:42:00,2167.61,2167.64,2167.22,2167.44,222,4,0,222
2024-03-08 14:45:00,2167.44,2167.55,2166.66,2166.72,306,4,0,306
2024-03-08 14:48:00,2166.7,2167.05,2166.65,2166.77,330,4,0,330
2024-03-08 14:51:00,2166.77,2167.26,2166.66,2167.09,369,4,0,369
2024-03-08 14:54:00,2167.09,2167.12,2166.55,2166.57,257,4,0,257
2024-03-08 14:57:00,2166.57,2166.81,2166.05,2166.05,368,4,0,368
2024-03-08 15:00:00,2166.05,2166.25,2165.16,2165.84,780,4,0,780
2024-03-08 15:03:00,2165.84,2166.66,2165.52,2165.77,590,4,0,590
2024-03-08 15:06:00,2165.77,2166.32,2165.45,2165.45,464,4,0,464
2024-03-08 15:09:00,2165.45,2165.78,2164.62,2164.93,596,4,0,596
2024-03-08 15:12:00,2164.93,2165.57,2164.71,2165.27,465,4,0,465
2024-03-08 15:15:00,2165.27,2165.56,2164.44,2165.09,503,4,0,503
2024-03-08 15:18:00,2165.09,2166.52,2164.36,2166.48,659,4,0,659
2024-03-08 15:21:00,2166.48,2167.1,2166.12,2166.69,675,4,0,675
2024-03-08 15:24:00,2166.69,2166.72,2165.64,2165.98,983,4,0,983
2024-03-08 15:27:00,2165.98,2167.65,2163.54,2164.46,1182,4,0,1182
2024-03-08 15:30:00,2164.46,2183.08,2156.92,2178.37,1279,4,0,1279
2024-03-08 15:33:00,2178.37,2180.36,2174.38,2178.56,2440,4,0,2440
2024-03-08 15:36:00,2178.56,2180.73,2175.09,2179.6,2728,4,0,2728
2024-03-08 15:39:00,2179.59,2185.36,2179.4,2184.19,2601,4,0,2601
2024-03-08 15:42:00,2184.18,2185.45,2180.79,2180.81,2629,4,0,2629
2024-03-08 15:45:00,2180.8,2181.52,2178.37,2179.43,2496,4,0,2496
2024-03-08 15:48:00,2179.43,2179.84,2171.78,2175.59,2581,4,0,2581
2024-03-08 15:51:00,2175.67,2176.79,2173.2,2173.63,2134,4,0,2134
2024-03-08 15:54:00,2173.63,2174.79,2171.35,2171.86,2118,4,0,2118
2024-03-08 15:57:00,2171.86,2173.49,2170.58,2171.17,1696,4,0,1696
2024-03-08 16:00:00,2171.16,2174.12,2170.38,2173.33,1635,4,0,1635
2024-03-08 16:03:00,2173.33,2174.73,2170.81,2171.24,1548,4,0,1548
2024-03-08 16:06:00,2171.24,2171.24,2165.97,2166.07,2614,4,0,2614
2024-03-08 16:09:00,2166.06,2170.48,2165.09,2170.27,1865,4,0,1865
2024-03-08 16:12:00,2170.26,2170.94,2167.51,2167.56,1646,4,0,1646
2024-03-08 16:15:00,2167.56,2167.68,2163.8,2167.27,2026,4,0,2026
2024-03-08 16:18:00,2167.27,2170.54,2167.0,2170.23,1547,4,0,1547
2024-03-08 16:21:00,2170.23,2172.24,2170.23,2171.01,1292,4,0,1292
2024-03-08 16:24:00,2170.99,2170.99,2168.47,2169.93,1330,4,0,1330
2024-03-08 16:27:00,2169.93,2171.14,2168.73,2169.6,1223,4,0,1223
2024-03-08 16:30:00,2169.6,2171.61,2169.33,2169.48,1907,4,0,1907
2024-03-08 16:33:00,2169.48,2170.3,2167.0,2167.72,2026,4,0,2026
2024-03-08 16:36:00,2167.72,2168.43,2164.61,2165.63,2056,4,0,2056
2024-03-08 16:39:00,2165.63,2168.35,2165.59,2167.36,1695,4,0,1695
2024-03-08 16:42:00,2167.36,2170.62,2167.01,2169.68,1313,4,0,1313
2024-03-08 16:45:00,2169.64,2172.98,2169.44,2172.07,1786,4,0,1786
2024-03-08 16:48:00,2172.07,2173.49,2170.49,2171.64,1653,4,0,1653
2024-03-08 16:51:00,2171.63,2171.84,2170.41,2171.38,1507,4,0,1507
2024-03-08 16:54:00,2171.4,2171.5,2169.45,2169.72,1348,4,0,1348
2024-03-08 16:57:00,2169.72,2171.72,2169.66,2170.89,1103,4,0,1103
2024-03-08 17:00:00,2170.89,2173.28,2170.67,2172.06,1467,4,0,1467
2024-03-08 17:03:00,2172.06,2173.04,2171.8,2172.4,1122,4,0,1122
2024-03-08 17:06:00,2172.4,2173.37,2171.66,2172.65,1077,4,0,1077
2024-03-08 17:09:00,2172.71,2172.84,2170.37,2171.14,953,4,0,953
2024-03-08 17:12:00,2171.14,2171.96,2170.65,2170.81,1039,4,0,1039
2024-03-08 17:15:00,2170.81,2171.58,2168.95,2169.32,1155,4,0,1155
2024-03-08 17:18:00,2169.32,2169.78,2168.47,2169.12,1069,4,0,1069
2024-03-08 17:21:00,2169.12,2170.31,2169.08,2169.29,777,4,0,777
2024-03-08 17:24:00,2169.29,2169.67,2167.89,2168.54,928,4,0,928
2024-03-08 17:27:00,2168.54,2170.23,2168.36,2169.94,928,4,0,928
2024-03-08 17:30:00,2169.96,2171.86,2169.78,2171.68,1079,4,0,1079
2024-03-08 17:33:00,2171.68,2175.19,2171.59,2174.62,1416,4,0,1416
2024-03-08 17:36:00,2174.64,2175.83,2174.44,2174.63,1143,4,0,1143
2024-03-08 17:39:00,2174.63,2174.99,2173.74,2174.76,1124,4,0,1124
2024-03-08 17:42:00,2174.77,2174.8,2172.65,2173.1,1147,4,0,1147
2024-03-08 17:45:00,2173.1,2174.82,2172.73,2174.76,1000,4,0,1000
2024-03-08 17:48:00,2174.77,2175.43,2174.6,2175.18,1146,4,0,1146
2024-03-08 17:51:00,2175.14,2175.23,2174.31,2175.06,769,4,0,769
2024-03-08 17:54:00,2175.06,2177.0,2175.0,2176.25,1065,4,0,1065
2024-03-08 17:57:00,2176.34,2177.39,2175.94,2177.22,1059,4,0,1059
2024-03-08 18:00:00,2177.22,2177.65,2174.35,2174.57,1108,4,0,1108
2024-03-08 18:03:00,2174.57,2174.78,2173.16,2173.56,938,4,0,938
2024-03-08 18:06:00,2173.57,2174.81,2173.23,2173.37,947,4,0,947
2024-03-08 18:09:00,2173.37,2173.93,2173.03,2173.03,844,4,0,844
2024-03-08 18:12:00,2173.03,2173.24,2172.34,2173.14,761,4,0,761
2024-03-08 18:15:00,2173.14,2175.55,2173.0,2175.32,887,4,0,887
2024-03-08 18:18:00,2175.32,2175.43,2174.25,2174.54,856,4,0,856
2024-03-08 18:21:00,2174.54,2174.96,2173.95,2173.98,769,4,0,769
2024-03-08 18:24:00,2173.97,2174.65,2173.45,2173.63,729,4,0,729
2024-03-08 18:27:00,2173.63,2174.7,2173.62,2174.64,786,4,0,786
2024-03-08 18:30:00,2174.64,2176.26,2174.47,2176.17,982,4,0,982
2024-03-08 18:33:00,2176.17,2177.21,2176.03,2176.66,1140,4,0,1140
2024-03-08 18:36:00,2176.66,2178.34,2176.51,2178.18,897,4,0,897
2024-03-08 18:39:00,2178.19,2178.9,2177.31,2177.43,996,4,0,996
2024-03-08 18:42:00,2177.41,2177.95,2176.91,2177.78,844,4,0,844
2024-03-08 18:45:00,2177.78,2178.85,2177.41,2178.48,1144,4,0,1144
2024-03-08 18:48:00,2178.48,2178.99,2178.14,2178.74,811,4,0,811
2024-03-08 18:51:00,2178.74,2180.32,2178.26,2178.29,980,4,0,980
2024-03-08 18:54:00,2178.29,2180.29,2178.16,2180.28,998,4,0,998
2024-03-08 18:57:00,2180.28,2180.94,2179.94,2180.79,858,4,0,858
2024-03-08 19:00:00,2180.81,2183.53,2180.74,2183.46,1402,4,0,1402
2024-03-08 19:03:00,2183.46,2191.83,2183.25,2189.82,2686,4,0,2686
2024-03-08 19:06:00,2189.83,2191.16,2188.46,2190.83,2324,4,0,2324
2024-03-08 19:09:00,2190.83,2191.39,2188.03,2188.23,2143,4,0,2143
2024-03-08 19:12:00,2188.23,2190.55,2187.51,2190.53,1536,4,0,1536
2024-03-08 19:15:00,2190.51,2193.56,2189.66,2193.46,1538,4,0,1538
2024-03-08 19:18:00,2193.48,2195.13,2192.18,2193.63,2053,4,0,2053
2024-03-08 19:21:00,2193.62,2194.35,2191.02,2191.11,1520,4,0,1520
2024-03-08 19:24:00,2191.14,2194.14,2191.08,2192.8,1233,4,0,1233
2024-03-08 19:27:00,2192.8,2193.96,2191.9,2193.09,1290,4,0,1290
2024-03-08 19:30:00,2193.09,2195.14,2192.9,2193.03,1297,4,0,1297
2024-03-08 19:33:00,2193.03,2193.4,2189.16,2190.14,1123,4,0,1123
2024-03-08 19:36:00,2190.14,2191.76,2189.63,2189.65,1063,4,0,1063
2024-03-08 19:39:00,2189.65,2190.19,2187.05,2188.12,1209,4,0,1209
2024-03-08 19:42:00,2188.11,2188.72,2186.15,2186.51,1177,4,0,1177
2024-03-08 19:45:00,2186.5,2186.77,2185.53,2185.81,911,4,0,911
2024-03-08 19:48:00,2185.82,2186.76,2184.54,2185.03,936,4,0,936
2024-03-08 19:51:00,2185.01,2186.14,2182.29,2182.88,1098,4,0,1098
2024-03-08 19:54:00,2182.89,2183.19,2181.78,2182.8,901,4,0,901
2024-03-08 19:57:00,2182.78,2185.5,2182.22,2184.99,1186,4,0,1186
2024-03-08 20:00:00,2184.99,2185.01,2180.07,2180.87,1371,4,0,1371
2024-03-08 20:03:00,2180.99,2182.47,2179.98,2180.01,1359,4,0,1359
2024-03-08 20:06:00,2180.01,2180.19,2178.2,2178.23,1527,4,0,1527
2024-03-08 20:09:00,2178.2,2178.86,2176.64,2177.7,1358,4,0,1358
2024-03-08 20:12:00,2177.7,2179.21,2177.25,2177.97,1083,4,0,1083
2024-03-08 20:15:00,2177.97,2179.14,2177.29,2178.57,922,4,0,922
2024-03-08 20:18:00,2178.57,2178.62,2176.08,2176.97,921,4,0,921
2024-03-08 20:21:00,2176.97,2178.49,2176.78,2178.47,1040,4,0,1040
2024-03-08 20:24:00,2178.47,2178.47,2177.26,2177.6,1116,4,0,1116
2024-03-08 20:27:00,2177.62,2178.96,2177.12,2178.72,1290,4,0,1290
2024-03-08 20:30:00,2178.73,2179.14,2178.37,2178.37,807,4,0,807
2024-03-08 20:33:00,2178.37,2179.95,2178.34,2179.71,966,4,0,966
2024-03-08 20:36:00,2179.7,2180.11,2178.7,2180.07,777,4,0,777
2024-03-08 20:39:00,2180.07,2180.1,2178.93,2179.39,633,4,0,633
2024-03-08 20:42:00,2179.39,2179.56,2178.49,2178.7,561,4,0,561
2024-03-08 20:45:00,2178.72,2178.84,2177.8,2177.85,459,4,0,459
2024-03-08 20:48:00,2177.86,2177.86,2176.55,2176.61,631,4,0,631
2024-03-08 20:51:00,2176.61,2177.41,2175.21,2175.55,869,4,0,869
2024-03-08 20:54:00,2175.54,2175.76,2174.11,2174.19,947,4,0,947
2024-03-08 20:57:00,2174.19,2174.84,2173.93,2174.39,832,4,0,832
2024-03-08 21:00:00,2174.39,2176.22,2174.33,2174.49,796,4,0,796
2024-03-08 21:03:00,2174.5,2174.6,2171.43,2171.57,1015,4,0,1015
2024-03-08 21:06:00,2171.57,2171.6,2169.26,2169.41,1297,4,0,1297
2024-03-08 21:09:00,2169.41,2170.7,2168.35,2168.37,1063,4,0,1063
2024-03-08 21:12:00,2168.38,2171.6,2168.38,2170.78,877,4,0,877
2024-03-08 21:15:00,2170.78,2172.75,2170.26,2171.53,778,4,0,778
2024-03-08 21:18:00,2171.53,2174.2,2171.22,2174.17,825,4,0,825
2024-03-08 21:21:00,2174.17,2176.28,2173.76,2176.1,945,4,0,945
2024-03-08 21:24:00,2176.09,2176.49,2174.93,2175.36,908,4,0,908
2024-03-08 21:27:00,2175.35,2176.18,2175.02,2175.11,698,4,0,698
2024-03-08 21:30:00,2175.11,2177.22,2175.06,2177.1,664,4,0,664
2024-03-08 21:33:00,2177.11,2177.44,2176.8,2177.1,644,4,0,644
2024-03-08 21:36:00,2177.09,2177.6,2176.94,2177.29,511,4,0,511
2024-03-08 21:39:00,2177.3,2177.3,2176.35,2176.97,537,4,0,537
2024-03-08 21:42:00,2176.97,2177.89,2176.6,2177.5,496,4,0,496
2024-03-08 21:45:00,2177.5,2177.61,2176.8,2176.8,420,4,0,420
2024-03-08 21:48:00,2176.8,2177.33,2176.59,2177.09,511,4,0,511
2024-03-08 21:51:00,2177.08,2177.28,2176.11,2176.3,434,4,0,434
2024-03-08 21:54:00,2176.3,2176.39,2175.68,2175.7,472,4,0,472
2024-03-08 21:57:00,2175.7,2176.46,2175.57,2176.43,454,4,0,454
2024-03-08 22:00:00,2176.45,2177.1,2175.96,2176.91,765,4,0,765
2024-03-08 22:03:00,2176.91,2177.11,2175.76,2175.93,451,4,0,451
2024-03-08 22:06:00,2175.93,2176.97,2175.93,2176.62,433,4,0,433
2024-03-08 22:09:00,2176.63,2177.14,2176.13,2176.66,430,4,0,430
2024-03-08 22:12:00,2176.66,2177.2,2176.58,2176.95,472,4,0,472
2024-03-08 22:15:00,2176.95,2177.26,2176.85,2177.11,312,4,0,312
2024-03-08 22:18:00,2177.11,2177.8,2177.05,2177.56,418,4,0,418
2024-03-08 22:21:00,2177.57,2177.68,2176.96,2177.26,346,4,0,346
2024-03-08 22:24:00,2177.26,2177.77,2177.05,2177.25,288,4,0,288
2024-03-08 22:27:00,2177.25,2177.45,2176.62,2176.84,362,4,0,362
2024-03-08 22:30:00,2176.84,2177.14,2176.52,2176.59,413,4,0,413
2024-03-08 22:33:00,2176.58,2176.66,2176.36,2176.37,277,4,0,277
2024-03-08 22:36:00,2176.37,2176.92,2176.34,2176.6,289,4,0,289
2024-03-08 22:39:00,2176.6,2177.18,2176.54,2177.0,272,4,0,272
2024-03-08 22:42:00,2177.0,2177.11,2176.89,2177.08,186,4,0,186
2024-03-08 22:45:00,2177.08,2177.9,2177.08,2177.9,319,4,0,319
2024-03-08 22:48:00,2177.88,2177.88,2177.11,2177.31,298,4,0,298
2024-03-08 22:51:00,2177.31,2178.12,2177.31,2178.11,478,4,0,478
2024-03-08 22:54:00,2178.12,2178.23,2177.9,2178.11,401,4,0,401
2024-03-08 22:57:00,2178.11,2178.19,2177.34,2177.34,295,4,0,295
2024-03-08 23:00:00,2177.33,2178.0,2177.15,2177.98,258,4,0,258
2024-03-08 23:03:00,2177.98,2178.14,2177.92,2178.03,134,4,0,134
2024-03-08 23:06:00,2178.03,2178.17,2177.96,2178.06,109,4,0,109
2024-03-08 23:09:00,2178.06,2178.07,2177.82,2177.85,104,4,0,104
2024-03-08 23:12:00,2177.85,2177.91,2177.45,2177.58,128,4,0,128
2024-03-08 23:15:00,2177.57,2177.85,2177.56,2177.84,93,4,0,93
2024-03-08 23:18:00,2177.84,2178.08,2177.81,2178.07,107,4,0,107
2024-03-08 23:21:00,2178.07,2178.12,2177.61,2177.75,107,4,0,107
2024-03-08 23:24:00,2177.76,2177.76,2177.49,2177.6,97,4,0,97
2024-03-08 23:27:00,2177.6,2177.79,2177.51,2177.73,104,4,0,104
2024-03-08 23:30:00,2177.72,2177.93,2177.71,2177.82,86,4,0,86
2024-03-08 23:33:00,2177.83,2178.02,2177.81,2177.99,44,5,0,44
2024-03-08 23:36:00,2177.99,2177.99,2177.55,2177.58,117,4,0,117
2024-03-08 23:39:00,2177.58,2177.62,2176.93,2177.0,157,4,0,157
2024-03-08 23:42:00,2176.99,2177.23,2176.98,2177.23,78,4,0,78
2024-03-08 23:45:00,2177.23,2178.0,2177.12,2177.99,149,4,0,149
2024-03-08 23:48:00,2177.99,2178.14,2177.71,2178.14,207,4,0,207
2024-03-08 23:51:00,2178.14,2178.84,2177.91,2178.76,159,4,0,159
2024-03-08 23:54:00,2178.76,2179.09,2178.43,2178.62,209,4,0,209
2024-03-08 23:57:00,2178.63,2179.1,2178.54,2179.08,85,4,0,85
2024-03-11 00:03:00,2179.67,2180.08,2179.67,2179.93,60,4,0,60
2024-03-11 00:06:00,2179.93,2180.93,2179.85,2180.81,182,4,0,182
2024-03-11 00:09:00,2180.81,2181.12,2180.7,2180.83,101,4,0,101
2024-03-11 00:12:00,2180.83,2180.86,2179.71,2179.72,98,4,0,98
2024-03-11 00:15:00,2179.75,2180.12,2179.44,2179.83,128,4,0,128
2024-03-11 00:18:00,2179.83,2180.25,2179.83,2179.92,80,4,0,80
2024-03-11 00:21:00,2179.92,2179.98,2179.76,2179.77,78,4,0,78
2024-03-11 00:24:00,2179.77,2179.97,2179.74,2179.83,50,4,0,50
2024-03-11 00:27:00,2179.83,2180.0,2179.68,2179.68,71,4,0,71
2024-03-11 00:30:00,2179.68,2179.68,2179.03,2179.06,112,4,0,112
2024-03-11 00:33:00,2179.06,2179.26,2179.04,2179.26,63,4,0,63
2024-03-11 00:36:00,2178.96,2179.17,2178.71,2178.71,49,4,0,49
2024-03-11 00:39:00,2178.71,2178.81,2178.35,2178.45,99,4,0,99
2024-03-11 00:42:00,2178.45,2178.62,2178.26,2178.47,85,4,0,85
2024-03-11 00:45:00,2178.47,2178.99,2178.07,2178.77,127,4,0,127
2024-03-11 00:48:00,2178.77,2178.81,2178.07,2178.07,99,4,0,99
2024-03-11 00:51:00,2178.07,2178.07,2177.86,2178.02,69,4,0,69
2024-03-11 00:54:00,2178.02,2178.1,2177.82,2177.87,70,4,0,70
2024-03-11 00:57:00,2177.86,2177.91,2177.22,2177.22,110,4,0,110
2024-03-11 01:00:00,2177.22,2178.49,2177.22,2178.46,227,4,0,227
2024-03-11 01:03:00,2178.46,2178.63,2178.12,2178.53,185,4,0,185
2024-03-11 01:06:00,2178.53,2179.09,2178.43,2178.77,202,4,0,202
2024-03-11 01:09:00,2178.77,2178.81,2178.34,2178.48,122,4,0,122
2024-03-11 01:12:00,2178.48,2179.0,2178.48,2178.9,101,4,0,101
2024-03-11 01:15:00,2178.89,2179.26,2178.88,2179.16,191,4,0,191
2024-03-11 01:18:00,2179.16,2180.05,2179.16,2179.98,176,4,0,176
2024-03-11 01:21:00,2179.98,2182.52,2179.97,2182.52,305,4,0,305
2024-03-11 01:24:00,2182.59,2183.12,2181.82,2182.89,404,4,0,404
2024-03-11 01:27:00,2182.89,2182.95,2182.29,2182.39,297,4,0,297
2024-03-11 01:30:00,2182.37,2182.63,2181.37,2181.37,301,4,0,301
2024-03-11 01:33:00,2181.36,2182.29,2181.36,2182.28,271,4,0,271
2024-03-11 01:36:00,2182.3,2182.94,2182.29,2182.87,249,4,0,249
2024-03-11 01:39:00,2182.88,2183.85,2182.71,2183.55,234,4,0,234
2024-03-11 01:42:00,2183.55,2183.63,2182.79,2183.19,238,4,0,238
2024-03-11 01:45:00,2183.16,2183.51,2182.56,2182.62,255,4,0,255
2024-03-11 01:48:00,2182.58,2182.69,2181.49,2181.68,264,4,0,264
2024-03-11 01:51:00,2181.65,2183.64,2181.65,2183.07,452,4,0,452
2024-03-11 01:54:00,2183.06,2183.52,2181.94,2182.01,322,4,0,322
2024-03-11 01:57:00,2182.01,2182.47,2181.67,2181.71,269,4,0,269
2024-03-11 02:00:00,2181.71,2181.78,2180.71,2180.73,401,4,0,401
2024-03-11 02:03:00,2180.73,2180.84,2179.49,2179.64,452,4,0,452
2024-03-11 02:06:00,2179.64,2180.45,2179.63,2180.36,366,4,0,366
2024-03-11 02:09:00,2180.36,2180.9,2180.19,2180.87,356,4,0,356
2024-03-11 02:12:00,2180.87,2181.09,2180.46,2180.61,364,4,0,364
2024-03-11 02:15:00,2180.61,2182.02,2180.58,2181.74,358,4,0,358
2024-03-11 02:18:00,2181.74,2182.44,2181.47,2182.31,353,4,0,353
2024-03-11 02:21:00,2182.31,2182.98,2182.26,2182.9,306,4,0,306
2024-03-11 02:24:00,2182.9,2182.99,2182.44,2182.62,324,4,0,324
2024-03-11 02:27:00,2182.62,2183.42,2182.62,2183.4,295,4,0,295
2024-03-11 02:30:00,2183.4,2183.48,2182.88,2183.48,329,4,0,329
2024-03-11 02:33:00,2183.48,2183.55,2182.79,2183.29,263,4,0,263
2024-03-11 02:36:00,2183.29,2184.81,2183.28,2184.53,344,4,0,344
2024-03-11 02:39:00,2184.53,2185.74,2184.3,2185.56,556,4,0,556
2024-03-11 02:42:00,2185.55,2186.9,2185.46,2186.5,557,4,0,557
2024-03-11 02:45:00,2186.49,2188.17,2186.34,2188.13,480,4,0,480
2024-03-11 02:48:00,2188.13,2189.04,2187.86,2188.17,707,4,0,707
2024-03-11 02:51:00,2188.17,2188.24,2187.34,2187.85,554,4,0,554
2024-03-11 02:54:00,2187.85,2188.02,2187.22,2187.57,542,4,0,542
2024-03-11 02:57:00,2187.58,2187.59,2186.5,2186.75,429,4,0,429
2024-03-11 03:00:00,2186.75,2186.82,2185.23,2185.52,1084,4,0,1084
2024-03-11 03:03:00,2185.52,2185.52,2183.4,2184.01,853,4,0,853
2024-03-11 03:06:00,2184.0,2184.44,2182.76,2183.31,719,4,0,719
2024-03-11 03:09:00,2183.31,2184.87,2182.85,2184.46,611,4,0,611
2024-03-11 03:12:00,2184.51,2184.73,2183.84,2183.87,524,4,0,524
2024-03-11 03:15:00,2183.87,2184.01,2182.64,2182.81,625,4,0,625
2024-03-11 03:18:00,2182.81,2182.81,2181.65,2182.37,558,4,0,558
2024-03-11 03:21:00,2182.37,2182.49,2181.16,2181.42,413,4,0,413
2024-03-11 03:24:00,2181.42,2181.59,2180.68,2181.49,615,4,0,615
2024-03-11 03:27:00,2181.5,2181.55,2180.41,2180.78,478,4,0,478
2024-03-11 03:30:00,2180.78,2182.07,2180.75,2181.49,534,4,0,534
2024-03-11 03:33:00,2181.49,2182.12,2181.36,2182.08,440,4,0,440
2024-03-11 03:36:00,2182.08,2182.35,2181.09,2181.09,353,4,0,353
2024-03-11 03:39:00,2181.09,2181.23,2180.54,2181.2,375,4,0,375
2024-03-11 03:42:00,2181.21,2181.59,2180.42,2180.48,475,4,0,475
2024-03-11 03:45:00,2180.46,2180.57,2179.0,2179.47,714,4,0,714
2024-03-11 03:48:00,2179.47,2180.53,2179.39,2180.32,696,4,0,696
2024-03-11 03:51:00,2180.32,2180.32,2179.06,2179.2,674,4,0,674
2024-03-11 03:54:00,2179.2,2179.97,2179.16,2179.87,347,4,0,347
2024-03-11 03:57:00,2179.87,2180.36,2179.84,2180.29,302,4,0,302
2024-03-11 04:00:00,2180.3,2180.31,2179.6,2179.63,482,4,0,482
2024-03-11 04:03:00,2179.63,2180.43,2179.59,2180.03,341,4,0,341
2024-03-11 04:06:00,2180.03,2180.15,2179.43,2180.07,307,4,0,307
2024-03-11 04:09:00,2180.1,2180.21,2179.2,2179.38,311,4,0,311
2024-03-11 04:12:00,2179.38,2179.63,2179.06,2179.12,294,4,0,294
2024-03-11 04:15:00,2179.12,2179.48,2178.87,2179.14,227,4,0,227
2024-03-11 04:18:00,2179.15,2179.3,2178.61,2178.82,194,4,0,194
2024-03-11 04:21:00,2178.82,2178.83,2178.54,2178.56,190,4,0,190
2024-03-11 04:24:00,2178.56,2178.9,2178.21,2178.56,204,4,0,204
2024-03-11 04:27:00,2178.58,2178.63,2178.13,2178.24,131,4,0,131
2024-03-11 04:30:00,2178.27,2178.53,2177.19,2177.53,425,4,0,425
2024-03-11 04:33:00,2177.53,2178.15,2177.38,2177.96,315,4,0,315
2024-03-11 04:36:00,2177.96,2178.51,2177.77,2178.43,374,4,0,374
2024-03-11 04:39:00,2178.45,2178.47,2177.67,2177.83,294,4,0,294
2024-03-11 04:42:00,2177.83,2177.95,2177.24,2177.48,284,4,0,284
2024-03-11 04:45:00,2177.47,2177.9,2177.15,2177.74,294,4,0,294
2024-03-11 04:48:00,2177.74,2177.99,2177.16,2177.35,322,4,0,322
2024-03-11 04:51:00,2177.35,2177.35,2176.95,2177.14,426,4,0,426
2024-03-11 04:54:00,2177.14,2177.77,2176.97,2177.66,347,4,0,347
2024-03-11 04:57:00,2177.66,2177.74,2176.9,2177.47,299,4,0,299
2024-03-11 05:00:00,2177.47,2177.47,2177.01,2177.08,256,4,0,256
2024-03-11 05:03:00,2177.08,2177.91,2177.05,2177.76,352,4,0,352
2024-03-11 05:06:00,2177.76,2178.68,2177.76,2178.36,522,4,0,522
2024-03-11 05:09:00,2178.36,2178.85,2178.13,2178.25,524,4,0,524
2024-03-11 05:12:00,2178.25,2178.58,2177.96,2178.49,455,4,0,455
2024-03-11 05:15:00,2178.49,2179.21,2178.35,2178.37,359,4,0,359
2024-03-11 05:18:00,2178.37,2178.62,2178.2,2178.2,168,4,0,168
2024-03-11 05:21:00,2178.23,2178.23,2177.57,2177.75,225,4,0,225
2024-03-11 05:24:00,2177.74,2178.39,2177.64,2178.39,246,4,0,246
2024-03-11 05:27:00,2178.4,2178.99,2178.31,2178.69,203,4,0,203
2024-03-11 05:30:00,2178.69,2178.97,2178.43,2178.64,211,4,0,211
2024-03-11 05:33:00,2178.64,2178.76,2178.35,2178.4,142,4,0,142
2024-03-11 05:36:00,2178.4,2178.82,2178.34,2178.78,143,4,0,143
2024-03-11 05:39:00,2178.78,2178.83,2178.54,2178.58,123,4,0,123
2024-03-11 05:42:00,2178.58,2179.12,2178.58,2179.07,161,4,0,161
2024-03-11 05:45:00,2179.07,2179.47,2179.06,2179.41,163,4,0,163
2024-03-11 05:48:00,2179.41,2179.83,2179.22,2179.83,268,4,0,268
2024-03-11 05:51:00,2179.83,2180.36,2179.73,2180.18,255,4,0,255
2024-03-11 05:54:00,2180.18,2180.33,2179.6,2179.7,258,4,0,258
2024-03-11 05:57:00,2179.7,2179.81,2179.46,2179.59,152,4,0,152
2024-03-11 06:00:00,2179.58,2180.54,2179.56,2180.51,245,4,0,245
2024-03-11 06:03:00,2180.52,2180.91,2180.4,2180.4,228,4,0,228
2024-03-11 06:06:00,2180.4,2180.59,2180.26,2180.43,134,4,0,134
2024-03-11 06:09:00,2180.43,2180.57,2180.3,2180.57,127,4,0,127
2024-03-11 06:12:00,2180.57,2180.97,2180.49,2180.97,130,4,0,130
2024-03-11 06:15:00,2180.97,2181.1,2180.72,2181.02,126,4,0,126
2024-03-11 06:18:00,2181.01,2181.29,2180.68,2181.26,171,4,0,171
2024-03-11 06:21:00,2181.24,2181.29,2180.66,2180.69,149,4,0,149
2024-03-11 06:24:00,2180.74,2180.99,2180.57,2180.96,118,4,0,118
2024-03-11 06:27:00,2180.96,2181.08,2180.71,2181.08,79,4,0,79
2024-03-11 06:30:00,2181.08,2181.46,2180.79,2180.89,228,4,0,228
2024-03-11 06:33:00,2180.89,2181.06,2180.51,2180.59,190,4,0,190
2024-03-11 06:36:00,2180.59,2181.39,2180.56,2181.34,177,4,0,177
2024-03-11 06:39:00,2181.34,2181.44,2181.09,2181.2,178,4,0,178
2024-03-11 06:42:00,2181.25,2181.55,2181.19,2181.24,195,4,0,195
2024-03-11 06:45:00,2181.24,2181.25,2180.35,2180.55,212,4,0,212
2024-03-11 06:48:00,2180.55,2180.66,2180.26,2180.32,103,4,0,103
2024-03-11 06:51:00,2180.32,2180.44,2180.05,2180.05,88,4,0,88
2024-03-11 06:54:00,2180.05,2180.05,2179.64,2179.76,124,4,0,124
2024-03-11 06:57:00,2179.76,2180.79,2179.76,2180.72,181,4,0,181
2024-03-11 07:00:00,2180.72,2181.36,2180.18,2181.36,245,4,0,245
2024-03-11 07:03:00,2181.35,2181.37,2180.87,2181.35,182,4,0,182
2024-03-11 07:06:00,2181.35,2181.61,2181.0,2181.24,191,4,0,191
2024-03-11 07:09:00,2181.24,2181.64,2181.11,2181.25,168,4,0,168
2024-03-11 07:12:00,2181.26,2181.63,2181.19,2181.31,166,4,0,166
2024-03-11 07:15:00,2181.31,2181.35,2181.05,2181.25,180,4,0,180
2024-03-11 07:18:00,2181.28,2181.67,2181.2,2181.43,220,4,0,220
2024-03-11 07:21:00,2181.43,2181.7,2180.77,2180.84,259,4,0,259
2024-03-11 07:24:00,2180.84,2181.07,2180.66,2181.02,128,4,0,128
2024-03-11 07:27:00,2181.04,2181.08,2180.71,2180.92,158,4,0,158
2024-03-11 07:30:00,2180.92,2181.04,2180.21,2180.21,324,4,0,324
2024-03-11 07:33:00,2180.21,2180.21,2178.7,2178.7,335,4,0,335
2024-03-11 07:36:00,2178.7,2179.56,2178.38,2178.98,577,4,0,577
2024-03-11 07:39:00,2178.98,2179.59,2178.69,2179.03,489,4,0,489
2024-03-11 07:42:00,2179.03,2179.7,2178.53,2179.09,597,4,0,597
2024-03-11 07:45:00,2179.09,2179.22,2178.5,2178.57,284,4,0,284
2024-03-11 07:48:00,2178.58,2178.65,2176.95,2177.27,568,4,0,568
2024-03-11 07:51:00,2177.27,2177.53,2176.95,2177.47,545,4,0,545
2024-03-11 07:54:00,2177.47,2178.34,2177.34,2178.29,306,4,0,306
2024-03-11 07:57:00,2178.3,2178.8,2177.72,2178.04,558,4,0,558
2024-03-11 08:00:00,2178.04,2178.24,2177.31,2177.55,549,4,0,549
2024-03-11 08:03:00,2177.55,2177.95,2177.46,2177.69,433,4,0,433
2024-03-11 08:06:00,2177.69,2178.46,2177.6,2178.36,307,4,0,307
2024-03-11 08:09:00,2178.36,2179.14,2178.24,2178.26,458,4,0,458
2024-03-11 08:12:00,2178.26,2178.31,2177.88,2178.07,320,4,0,320
2024-03-11 08:15:00,2178.08,2178.86,2177.81,2178.83,327,4,0,327
2024-03-11 08:18:00,2178.83,2179.11,2178.47,2178.77,303,4,0,303
2024-03-11 08:21:00,2178.76,2179.35,2178.67,2179.13,323,4,0,323
2024-03-11 08:24:00,2179.13,2179.43,2178.8,2179.19,372,4,0,372
2024-03-11 08:27:00,2179.19,2179.32,2178.9,2178.93,278,4,0,278
2024-03-11 08:30:00,2178.95,2178.98,2177.89,2178.16,336,4,0,336
2024-03-11 08:33:00,2178.16,2178.3,2177.61,2178.09,247,4,0,247
2024-03-11 08:36:00,2178.09,2178.61,2177.93,2178.61,286,4,0,286
2024-03-11 08:39:00,2178.61,2178.67,2178.12,2178.15,248,4,0,248
2024-03-11 08:42:00,2178.16,2178.83,2178.04,2178.81,294,4,0,294
2024-03-11 08:45:00,2178.81,2179.27,2178.7,2178.74,292,4,0,292
2024-03-11 08:48:00,2178.74,2178.97,2178.66,2178.88,300,4,0,300
2024-03-11 08:51:00,2178.89,2179.4,2178.73,2179.27,379,4,0,379
2024-03-11 08:54:00,2179.27,2179.93,2179.15,2179.64,371,4,0,371
2024-03-11 08:57:00,2179.64,2180.04,2179.38,2179.53,342,4,0,342
2024-03-11 09:00:00,2179.54,2179.74,2179.24,2179.54,554,4,0,554
2024-03-11 09:03:00,2179.54,2179.68,2179.01,2179.2,554,4,0,554
2024-03-11 09:06:00,2179.18,2179.59,2178.99,2179.51,354,4,0,354
2024-03-11 09:09:00,2179.52,2179.74,2179.2,2179.4,328,4,0,328
2024-03-11 09:12:00,2179.4,2179.41,2178.03,2178.44,405,4,0,405
2024-03-11 09:15:00,2178.44,2179.6,2178.38,2179.51,346,4,0,346
2024-03-11 09:18:00,2179.51,2179.61,2179.31,2179.32,296,4,0,296
2024-03-11 09:21:00,2179.29,2180.05,2179.23,2179.42,347,4,0,347
2024-03-11 09:24:00,2179.42,2180.38,2179.25,2180.34,261,4,0,261
2024-03-11 09:27:00,2180.34,2180.99,2180.27,2180.74,500,4,0,500
2024-03-11 09:30:00,2180.72,2180.9,2179.35,2179.36,487,4,0,487
2024-03-11 09:33:00,2179.36,2179.37,2178.48,2178.53,460,4,0,460
2024-03-11 09:36:00,2178.53,2178.88,2178.15,2178.85,417,4,0,417
2024-03-11 09:39:00,2178.85,2180.04,2178.78,2180.04,321,4,0,321
2024-03-11 09:42:00,2180.04,2180.45,2179.78,2180.14,399,4,0,399
2024-03-11 09:45:00,2180.14,2180.14,2179.51,2180.04,370,4,0,370
2024-03-11 09:48:00,2180.04,2180.93,2179.96,2180.77,432,4,0,432
2024-03-11 09:51:00,2180.75,2181.84,2180.75,2181.53,573,4,0,573
2024-03-11 09:54:00,2181.53,2182.14,2181.11,2181.8,428,4,0,428
2024-03-11 09:57:00,2181.8,2182.8,2181.8,2182.33,436,4,0,436
2024-03-11 10:00:00,2182.33,2183.18,2182.17,2182.25,704,4,0,704
2024-03-11 10:03:00,2182.25,2182.32,2181.48,2181.59,582,4,0,582
2024-03-11 10:06:00,2181.61,2182.76,2181.61,2182.49,445,4,0,445
2024-03-11 10:09:00,2182.49,2182.83,2181.68,2181.98,546,4,0,546
2024-03-11 10:12:00,2181.99,2182.16,2180.91,2181.54,536,4,0,536
2024-03-11 10:15:00,2181.54,2181.58,2180.7,2181.11,453,4,0,453
2024-03-11 10:18:00,2181.11,2181.12,2180.2,2180.63,456,4,0,456
2024-03-11 10:21:00,2180.62,2181.61,2180.61,2181.52,477,4,0,477
2024-03-11 10:24:00,2181.52,2181.53,2180.12,2180.12,476,4,0,476
2024-03-11 10:27:00,2180.1,2180.76,2179.63,2180.37,525,4,0,525
2024-03-11 10:30:00,2180.37,2180.63,2179.25,2179.66,593,4,0,593
2024-03-11 10:33:00,2179.66,2179.91,2179.17,2179.6,538,4,0,538
2024-03-11 10:36:00,2179.6,2179.65,2178.81,2179.01,312,4,0,312
2024-03-11 10:39:00,2179.05,2179.22,2177.78,2177.94,454,4,0,454
2024-03-11 10:42:00,2177.94,2178.4,2177.8,2178.15,373,4,0,373
2024-03-11 10:45:00,2178.14,2178.58,2177.88,2178.46,468,4,0,468
2024-03-11 10:48:00,2178.46,2178.46,2177.41,2177.62,632,4,0,632
2024-03-11 10:51:00,2177.62,2178.31,2177.4,2178.21,635,4,0,635
2024-03-11 10:54:00,2178.21,2178.59,2177.77,2177.89,369,4,0,369
2024-03-11 10:57:00,2177.89,2177.94,2176.72,2177.45,555,4,0,555
2024-03-11 11:00:00,2177.45,2177.64,2176.56,2177.49,622,4,0,622
2024-03-11 11:03:00,2177.49,2179.19,2177.44,2179.17,548,4,0,548
2024-03-11 11:06:00,2179.17,2179.7,2178.88,2179.11,585,4,0,585
2024-03-11 11:09:00,2179.12,2179.88,2179.0,2179.36,567,4,0,567
2024-03-11 11:12:00,2179.36,2179.85,2176.05,2178.67,1429,4,0,1429
2024-03-11 11:15:00,2178.67,2178.76,2177.85,2178.3,524,4,0,524
2024-03-11 11:18:00,2178.3,2178.52,2177.28,2177.51,520,4,0,520
2024-03-11 11:21:00,2177.51,2177.59,2176.3,2177.1,577,4,0,577
2024-03-11 11:24:00,2177.1,2177.73,2176.9,2177.72,465,4,0,465
2024-03-11 11:27:00,2177.72,2178.34,2177.69,2177.91,389,4,0,389
2024-03-11 11:30:00,2177.91,2178.28,2177.23,2177.48,535,4,0,535
2024-03-11 11:33:00,2177.48,2178.12,2177.32,2178.04,371,4,0,371
2024-03-11 11:36:00,2178.02,2178.97,2178.01,2178.82,573,4,0,573
2024-03-11 11:39:00,2178.82,2178.99,2178.59,2178.76,408,4,0,408
2024-03-11 11:42:00,2178.75,2179.49,2178.72,2179.49,330,4,0,330
2024-03-11 11:45:00,2179.49,2180.56,2179.48,2180.18,463,4,0,463
2024-03-11 11:48:00,2180.18,2180.95,2180.12,2180.46,522,4,0,522
2024-03-11 11:51:00,2180.46,2181.24,2180.39,2181.08,413,4,0,413
2024-03-11 11:54:00,2181.07,2181.57,2180.85,2180.85,511,4,0,511
2024-03-11 11:57:00,2180.85,2181.06,2180.47,2180.54,502,4,0,502
2024-03-11 12:00:00,2180.54,2180.7,2179.95,2179.99,413,4,0,413
2024-03-11 12:03:00,2179.99,2180.52,2179.47,2179.49,464,4,0,464
2024-03-11 12:06:00,2179.48,2179.94,2179.2,2179.83,536,4,0,536
2024-03-11 12:09:00,2179.85,2179.85,2179.21,2179.52,365,4,0,365
2024-03-11 12:12:00,2179.52,2179.82,2179.35,2179.79,290,4,0,290
2024-03-11 12:15:00,2179.79,2180.79,2179.67,2180.46,377,4,0,377
2024-03-11 12:18:00,2180.46,2180.7,2180.19,2180.38,449,4,0,449
2024-03-11 12:21:00,2180.39,2180.39,2179.36,2179.4,361,4,0,361
2024-03-11 12:24:00,2179.39,2179.4,2178.59,2179.3,364,4,0,364
2024-03-11 12:27:00,2179.3,2179.3,2178.82,2178.86,249,4,0,249
2024-03-11 12:30:00,2178.89,2178.96,2178.0,2178.73,495,4,0,495
2024-03-11 12:33:00,2178.74,2178.9,2177.96,2178.11,333,4,0,333
2024-03-11 12:36:00,2178.12,2178.84,2178.0,2178.84,303,4,0,303
2024-03-11 12:39:00,2178.84,2178.88,2177.72,2177.81,392,4,0,392
2024-03-11 12:42:00,2177.79,2178.12,2177.14,2177.2,469,4,0,469
2024-03-11 12:45:00,2177.2,2177.87,2176.88,2177.62,376,4,0,376
2024-03-11 12:48:00,2177.6,2178.4,2177.52,2178.24,417,4,0,417
2024-03-11 12:51:00,2178.24,2178.79,2178.09,2178.78,400,4,0,400
2024-03-11 12:54:00,2178.78,2178.85,2178.06,2178.2,453,4,0,453
2024-03-11 12:57:00,2178.2,2178.2,2177.39,2177.74,577,4,0,577
2024-03-11 13:00:00,2177.74,2177.77,2176.97,2177.29,447,4,0,447
2024-03-11 13:03:00,2177.28,2177.94,2177.18,2177.23,446,4,0,446
2024-03-11 13:06:00,2177.23,2177.7,2176.96,2177.06,399,4,0,399
2024-03-11 13:09:00,2177.05,2177.71,2176.79,2177.5,431,4,0,431
2024-03-11 13:12:00,2177.5,2177.63,2177.01,2177.2,359,4,0,359
2024-03-11 13:15:00,2177.2,2177.23,2176.61,2176.87,404,4,0,404
2024-03-11 13:18:00,2176.87,2177.26,2176.55,2177.06,391,4,0,391
2024-03-11 13:21:00,2177.06,2177.07,2176.49,2176.75,383,4,0,383
2024-03-11 13:24:00,2176.74,2177.55,2176.62,2177.54,411,4,0,411
2024-03-11 13:27:00,2177.54,2177.77,2177.32,2177.61,416,4,0,416
2024-03-11 13:30:00,2177.61,2178.19,2177.22,2178.11,314,4,0,314
2024-03-11 13:33:00,2178.11,2178.53,2177.8,2178.5,309,4,0,309
2024-03-11 13:36:00,2178.5,2178.93,2178.42,2178.57,328,4,0,328
2024-03-11 13:39:00,2178.56,2179.25,2178.56,2179.23,292,4,0,292
2024-03-11 13:42:00,2179.23,2179.3,2178.43,2178.72,279,4,0,279
2024-03-11 13:45:00,2178.73,2179.43,2178.64,2179.13,293,4,0,293
2024-03-11 13:48:00,2179.13,2179.22,2178.41,2178.41,217,4,0,217
2024-03-11 13:51:00,2178.41,2179.56,2178.41,2179.32,189,4,0,189
2024-03-11 13:54:00,2179.33,2179.51,2178.89,2178.91,210,4,0,210
2024-03-11 13:57:00,2178.91,2179.29,2178.52,2178.97,111,4,0,111
2024-03-11 14:00:00,2179.01,2179.11,2177.63,2177.82,381,4,0,381
2024-03-11 14:03:00,2177.83,2179.61,2177.64,2179.49,331,4,0,331
2024-03-11 14:06:00,2179.52,2180.36,2179.48,2179.92,270,6,0,270
2024-03-11 14:09:00,2179.93,2180.17,2179.17,2179.17,156,4,0,156
2024-03-11 14:12:00,2179.17,2179.58,2178.95,2178.99,169,4,0,169
2024-03-11 14:15:00,2178.99,2179.09,2178.19,2178.29,195,5,0,195
2024-03-11 14:18:00,2178.29,2178.82,2177.39,2178.3,476,4,0,476
2024-03-11 14:21:00,2178.3,2178.65,2176.98,2178.63,738,4,0,738
2024-03-11 14:24:00,2178.63,2179.19,2177.43,2177.53,602,4,0,602
2024-03-11 14:27:00,2177.53,2179.93,2177.27,2179.14,688,4,0,688
2024-03-11 14:30:00,2179.13,2180.52,2178.69,2180.5,532,4,0,532
2024-03-11 14:33:00,2180.5,2180.74,2178.68,2178.77,617,4,0,617
2024-03-11 14:36:00,2178.8,2179.36,2178.37,2178.68,548,4,0,548
2024-03-11 14:39:00,2178.68,2178.68,2176.64,2178.08,641,4,0,641
2024-03-11 14:42:00,2178.17,2178.46,2177.34,2177.7,512,4,0,512
2024-03-11 14:45:00,2177.7,2179.0,2177.7,2178.59,479,4,0,479
2024-03-11 14:48:00,2178.59,2179.08,2178.25,2178.69,473,4,0,473
2024-03-11 14:51:00,2178.71,2178.71,2177.28,2178.29,509,4,0,509
2024-03-11 14:54:00,2178.32,2178.63,2177.27,2177.37,542,4,0,542
2024-03-11 14:57:00,2177.39,2177.39,2176.47,2177.22,587,4,0,587
2024-03-11 15:00:00,2177.21,2178.09,2176.74,2177.61,630,4,0,630
2024-03-11 15:03:00,2177.61,2178.33,2177.31,2178.26,435,4,0,435
2024-03-11 15:06:00,2178.26,2178.37,2176.52,2176.62,510,4,0,510
2024-03-11 15:09:00,2176.62,2177.4,2174.83,2176.99,628,4,0,628
2024-03-11 15:12:00,2176.89,2178.28,2176.63,2176.93,633,4,0,633
2024-03-11 15:15:00,2176.94,2177.98,2176.31,2177.9,588,4,0,588
2024-03-11 15:18:00,2177.88,2177.9,2177.0,2177.01,451,4,0,451
2024-03-11 15:21:00,2177.01,2177.99,2176.33,2177.72,439,4,0,439
2024-03-11 15:24:00,2177.72,2179.31,2177.72,2179.18,612,4,0,612
2024-03-11 15:27:00,2179.18,2179.35,2178.16,2178.18,583,4,0,583
2024-03-11 15:30:00,2178.18,2180.25,2177.63,2179.67,903,4,0,903
2024-03-11 15:33:00,2179.68,2181.49,2179.6,2181.49,801,4,0,801
2024-03-11 15:36:00,2181.49,2183.93,2180.68,2181.54,757,4,0,757
2024-03-11 15:39:00,2181.54,2183.85,2181.54,2183.55,686,4,0,686
2024-03-11 15:42:00,2183.64,2184.16,2183.16,2183.77,513,4,0,513
2024-03-11 15:45:00,2183.63,2185.07,2183.08,2183.81,517,4,0,517
2024-03-11 15:48:00,2183.81,2184.01,2182.94,2183.52,436,4,0,436
2024-03-11 15:51:00,2183.41,2184.01,2182.1,2183.18,578,4,0,578
2024-03-11 15:54:00,2183.18,2183.28,2181.15,2181.66,588,4,0,588
2024-03-11 15:57:00,2181.67,2182.05,2180.45,2181.79,591,4,0,591
2024-03-11 16:00:00,2181.68,2182.63,2179.31,2179.5,580,4,0,580
2024-03-11 16:03:00,2179.5,2179.6,2175.47,2177.26,765,4,0,765
2024-03-11 16:06:00,2177.26,2178.79,2176.6,2177.0,663,4,0,663
2024-03-11 16:09:00,2177.01,2178.28,2176.5,2177.24,472,4,0,472
2024-03-11 16:12:00,2177.25,2179.22,2177.0,2178.96,543,4,0,543
2024-03-11 16:15:00,2178.98,2180.6,2178.6,2180.01,512,4,0,512
2024-03-11 16:18:00,2179.98,2181.2,2179.55,2180.75,461,4,0,461
2024-03-11 16:21:00,2180.79,2180.91,2179.7,2180.48,373,5,0,373
2024-03-11 16:24:00,2180.48,2181.25,2179.8,2181.25,415,4,0,415
2024-03-11 16:27:00,2181.26,2181.46,2180.68,2181.36,309,4,0,309
2024-03-11 16:30:00,2181.35,2181.67,2180.0,2180.51,389,4,0,389
2024-03-11 16:33:00,2180.51,2181.86,2180.17,2180.94,421,4,0,421
2024-03-11 16:36:00,2180.95,2181.43,2179.79,2179.94,289,4,0,289
2024-03-11 16:39:00,2179.91,2182.1,2179.8,2181.66,433,4,0,433
2024-03-11 16:42:00,2181.66,2182.85,2181.66,2181.68,307,4,0,307
2024-03-11 16:45:00,2181.76,2181.87,2181.01,2181.87,404,4,0,404
2024-03-11 16:48:00,2181.88,2183.25,2181.78,2182.43,359,4,0,359
2024-03-11 16:51:00,2182.46,2182.66,2181.77,2181.97,297,4,0,297
2024-03-11 16:54:00,2181.96,2182.19,2181.29,2181.46,208,4,0,208
2024-03-11 16:57:00,2181.51,2181.99,2181.28,2181.98,200,4,0,200
2024-03-11 17:00:00,2181.95,2182.04,2180.09,2181.37,373,4,0,373
2024-03-11 17:03:00,2181.37,2181.61,2180.98,2181.21,213,4,0,213
2024-03-11 17:06:00,2181.26,2182.28,2181.09,2181.4,313,4,0,313
2024-03-11 17:09:00,2181.4,2182.48,2181.2,2182.42,396,4,0,396
2024-03-11 17:12:00,2182.41,2183.33,2182.23,2182.82,349,4,0,349
2024-03-11 17:15:00,2182.81,2183.09,2181.63,2182.89,365,4,0,365
2024-03-11 17:18:00,2182.9,2184.21,2182.8,2183.41,371,4,0,371
2024-03-11 17:21:00,2183.41,2184.09,2183.35,2184.06,271,4,0,271
2024-03-11 17:24:00,2184.06,2184.76,2183.71,2184.5,369,4,0,369
2024-03-11 17:27:00,2184.48,2184.7,2183.38,2183.47,272,4,0,272
2024-03-11 17:30:00,2183.47,2183.52,2182.12,2182.62,353,4,0,353
2024-03-11 17:33:00,2182.62,2184.02,2182.62,2183.69,308,4,0,308
2024-03-11 17:36:00,2183.7,2184.79,2183.7,2184.47,321,4,0,321
2024-03-11 17:39:00,2184.47,2185.49,2184.39,2184.59,407,4,0,407
2024-03-11 17:42:00,2184.59,2184.91,2184.3,2184.44,295,4,0,295
2024-03-11 17:45:00,2184.48,2185.7,2184.31,2185.41,388,5,0,388
2024-03-11 17:48:00,2185.42,2185.69,2184.33,2184.73,360,4,0,360
2024-03-11 17:51:00,2184.76,2184.78,2184.02,2184.04,268,4,0,268
2024-03-11 17:54:00,2184.07,2184.91,2183.76,2184.01,331,4,0,331
2024-03-11 17:57:00,2184.04,2184.43,2183.38,2184.36,381,4,0,381
2024-03-11 18:00:00,2184.36,2184.46,2183.85,2184.08,211,6,0,211
2024-03-11 18:03:00,2184.1,2184.36,2183.26,2184.26,214,6,0,214
2024-03-11 18:06:00,2184.26,2184.39,2183.76,2183.86,210,6,0,210
2024-03-11 18:09:00,2183.88,2184.7,2183.85,2184.53,163,4,0,163
2024-03-11 18:12:00,2184.54,2184.64,2183.75,2184.56,177,4,0,177
2024-03-11 18:15:00,2184.56,2184.64,2183.08,2183.09,163,4,0,163
2024-03-11 18:18:00,2183.08,2183.53,2181.72,2182.05,297,4,0,297
2024-03-11 18:21:00,2182.05,2182.12,2181.31,2182.11,211,4,0,211
2024-03-11 18:24:00,2182.11,2182.7,2181.92,2182.6,178,4,0,178
2024-03-11 18:27:00,2182.62,2182.7,2181.0,2181.39,274,4,0,274
2024-03-11 18:30:00,2181.39,2181.74,2180.48,2180.53,200,6,0,200
2024-03-11 18:33:00,2180.53,2181.33,2180.4,2181.27,303,4,0,303
2024-03-11 18:36:00,2181.27,2181.51,2180.09,2180.2,250,4,0,250
2024-03-11 18:39:00,2180.2,2180.55,2180.05,2180.32,253,4,0,253
2024-03-11 18:42:00,2180.31,2180.8,2180.01,2180.16,207,4,0,207
2024-03-11 18:45:00,2180.17,2180.2,2178.61,2178.69,293,4,0,293
2024-03-11 18:48:00,2178.69,2180.03,2178.58,2179.95,203,4,0,203
2024-03-11 18:51:00,2179.85,2181.01,2179.85,2180.95,181,4,0,181
2024-03-11 18:54:00,2180.94,2181.83,2180.05,2180.25,210,6,0,210
2024-03-11 18:57:00,2180.24,2180.9,2180.23,2180.81,152,7,0,152
2024-03-11 19:00:00,2180.85,2183.07,2180.85,2181.82,405,4,0,405
2024-03-11 19:03:00,2181.82,2182.68,2181.55,2182.41,353,4,0,353
2024-03-11 19:06:00,2182.47,2182.57,2181.42,2181.72,337,4,0,337
2024-03-11 19:09:00,2181.75,2182.4,2181.65,2181.95,222,4,0,222
2024-03-11 19:12:00,2181.91,2183.26,2181.88,2183.09,175,4,0,175
2024-03-11 19:15:00,2183.05,2184.16,2182.88,2183.43,177,4,0,177
2024-03-11 19:18:00,2183.43,2183.43,2182.75,2183.12,185,8,0,185
2024-03-11 19:21:00,2183.12,2183.12,2181.75,2182.22,198,6,0,198
2024-03-11 19:24:00,2182.22,2182.47,2181.05,2181.24,207,4,0,207
2024-03-11 19:27:00,2181.24,2182.46,2181.05,2182.08,293,4,0,293
2024-03-11 19:30:00,2182.08,2182.09,2180.79,2180.81,233,4,0,233
2024-03-11 19:33:00,2180.81,2180.9,2179.79,2179.99,232,5,0,232
2024-03-11 19:36:00,2179.99,2180.24,2179.51,2179.8,235,4,0,235
2024-03-11 19:39:00,2179.85,2179.94,2179.3,2179.71,161,8,0,161
2024-03-11 19:42:00,2179.76,2180.25,2179.6,2179.7,175,7,0,175
2024-03-11 19:45:00,2179.89,2180.0,2179.0,2179.28,210,5,0,210
2024-03-11 19:48:00,2179.25,2179.63,2178.89,2178.89,160,7,0,160
2024-03-11 19:51:00,2178.83,2179.11,2178.29,2179.03,203,4,0,203
2024-03-11 19:54:00,2179.0,2179.6,2178.89,2179.56,171,4,0,171
2024-03-11 19:57:00,2179.56,2179.89,2179.55,2179.7,157,4,0,157
2024-03-11 20:00:00,2179.7,2180.19,2179.41,2180.04,167,4,0,167
2024-03-11 20:03:00,2180.07,2180.19,2179.46,2179.51,138,4,0,138
2024-03-11 20:06:00,2179.51,2179.89,2179.41,2179.74,81,5,0,81
2024-03-11 20:09:00,2179.7,2179.99,2179.59,2179.8,104,5,0,104
2024-03-11 20:12:00,2179.79,2179.8,2179.2,2179.29,125,5,0,125
2024-03-11 20:15:00,2179.2,2179.68,2178.91,2179.55,139,4,0,139
2024-03-11 20:18:00,2179.55,2179.55,2178.82,2178.83,106,4,0,106
2024-03-11 20:21:00,2178.83,2178.84,2177.85,2178.1,116,4,0,116
2024-03-11 20:24:00,2178.11,2178.12,2177.53,2177.78,94,4,0,94
2024-03-11 20:27:00,2177.79,2178.23,2177.63,2177.76,158,4,0,158
2024-03-11 20:30:00,2177.73,2178.42,2177.53,2177.81,192,5,0,192
2024-03-11 20:33:00,2177.73,2178.17,2177.18,2177.83,152,4,0,152
2024-03-11 20:36:00,2177.83,2178.43,2177.42,2178.33,144,4,0,144
2024-03-11 20:39:00,2178.33,2178.33,2177.54,2178.03,117,5,0,117
2024-03-11 20:42:00,2177.97,2178.03,2177.64,2177.97,133,4,0,133
2024-03-11 20:45:00,2177.97,2177.98,2177.36,2177.63,161,4,0,161
2024-03-11 20:48:00,2177.68,2178.03,2177.41,2178.02,141,5,0,141
2024-03-11 20:51:00,2178.06,2178.7,2178.02,2178.61,168,4,0,168
2024-03-11 20:54:00,2178.61,2180.19,2178.5,2180.19,170,4,0,170
2024-03-11 20:57:00,2180.09,2180.95,2180.0,2180.9,257,4,0,257
2024-03-11 21:00:00,2180.9,2181.88,2180.7,2181.73,291,4,0,291
2024-03-11 21:03:00,2181.65,2182.23,2181.13,2182.23,153,4,0,153
2024-03-11 21:06:00,2182.15,2183.24,2181.93,2183.04,209,4,0,209
2024-03-11 21:09:00,2183.04,2183.34,2182.57,2183.05,98,7,0,98
2024-03-11 21:12:00,2182.95,2183.36,2182.77,2182.87,124,4,0,124
2024-03-11 21:15:00,2182.87,2183.38,2182.8,2183.29,119,4,0,119
2024-03-11 21:18:00,2183.25,2183.86,2183.21,2183.58,137,4,0,137
2024-03-11 21:21:00,2183.59,2183.79,2183.29,2183.41,113,4,0,113
2024-03-11 21:24:00,2183.4,2183.9,2183.31,2183.81,122,4,0,122
2024-03-11 21:27:00,2183.8,2184.16,2183.21,2183.21,114,4,0,114
2024-03-11 21:30:00,2183.21,2183.8,2183.15,2183.32,107,4,0,107
2024-03-11 21:33:00,2183.32,2183.32,2182.22,2182.23,122,4,0,122
2024-03-11 21:36:00,2182.22,2182.32,2181.52,2181.63,143,4,0,143
2024-03-11 21:39:00,2181.53,2182.22,2181.53,2181.72,88,4,0,88
2024-03-11 21:42:00,2181.74,2182.21,2181.71,2182.1,71,6,0,71
2024-03-11 21:45:00,2182.11,2182.11,2181.21,2181.21,99,4,0,99
2024-03-11 21:48:00,2181.21,2181.5,2181.17,2181.22,110,4,0,110
2024-03-11 21:51:00,2181.21,2181.81,2181.13,2181.62,136,4,0,136
2024-03-11 21:54:00,2181.62,2181.62,2181.06,2181.23,149,4,0,149
2024-03-11 21:57:00,2181.25,2181.6,2181.01,2181.38,136,4,0,136
2024-03-11 22:00:00,2181.33,2181.42,2181.2,2181.39,101,4,0,101
2024-03-11 22:03:00,2181.32,2181.5,2181.3,2181.4,28,7,0,28
2024-03-11 22:06:00,2181.4,2181.5,2181.11,2181.11,31,5,0,31
2024-03-11 22:09:00,2181.11,2181.22,2181.11,2181.2,24,7,0,24
2024-03-11 22:12:00,2181.2,2181.81,2181.2,2181.62,81,6,0,81
2024-03-11 22:15:00,2181.62,2181.91,2181.62,2181.72,44,10,0,44
2024-03-11 22:18:00,2181.72,2181.84,2181.64,2181.82,38,6,0,38
2024-03-11 22:21:00,2181.82,2181.83,2181.54,2181.74,57,4,0,57
2024-03-11 22:24:00,2181.74,2181.8,2181.64,2181.7,37,6,0,37
2024-03-11 22:27:00,2181.74,2182.04,2181.64,2182.03,32,6,0,32
2024-03-11 22:30:00,2182.03,2182.16,2182.02,2182.03,53,4,0,53
2024-03-11 22:33:00,2182.03,2182.04,2182.03,2182.03,17,8,0,17
2024-03-11 22:36:00,2182.05,2182.14,2182.03,2182.03,13,8,0,13
2024-03-11 22:39:00,2182.04,2182.13,2181.83,2182.1,27,4,0,27
2024-03-11 22:42:00,2182.11,2182.51,2182.11,2182.51,22,4,0,22
2024-03-11 22:45:00,2182.47,2182.52,2182.32,2182.5,43,5,0,43
2024-03-11 22:48:00,2182.5,2182.91,2182.49,2182.8,39,10,0,39
2024-03-11 22:51:00,2182.8,2182.91,2182.59,2182.59,51,8,0,51
2024-03-11 22:54:00,2182.59,2182.79,2182.4,2182.79,51,11,0,51
2024-03-11 22:57:00,2182.79,2182.86,2182.69,2182.69,15,10,0,15
2024-03-12 00:00:00,2181.89,2182.13,2181.65,2181.86,58,20,0,58
2024-03-12 00:03:00,2181.76,2182.59,2181.71,2182.59,45,5,0,45
2024-03-12 00:06:00,2182.6,2182.96,2182.55,2182.91,46,10,0,46
2024-03-12 00:09:00,2182.9,2182.96,2182.36,2182.36,32,13,0,32
2024-03-12 00:12:00,2182.46,2182.65,2182.46,2182.52,16,8,0,16
2024-03-12 00:15:00,2182.44,2182.65,2182.42,2182.43,27,11,0,27
2024-03-12 00:18:00,2182.49,2182.56,2182.26,2182.26,32,4,0,32
2024-03-12 00:21:00,2182.26,2183.6,2182.15,2183.05,105,7,0,105
2024-03-12 00:24:00,2183.05,2184.14,2183.04,2184.03,76,4,0,76
2024-03-12 00:27:00,2184.05,2184.75,2184.03,2184.73,105,7,0,105
2024-03-12 00:30:00,2184.73,2184.73,2184.09,2184.37,235,4,0,235
2024-03-12 00:33:00,2184.37,2184.47,2183.54,2183.64,64,4,0,64
2024-03-12 00:36:00,2183.69,2183.73,2182.99,2182.99,39,4,0,39
2024-03-12 00:39:00,2182.98,2183.19,2182.55,2182.62,56,4,0,56
2024-03-12 00:42:00,2182.61,2182.68,2181.11,2181.7,121,4,0,121
2024-03-12 00:45:00,2181.78,2181.89,2180.84,2180.88,109,11,0,109
2024-03-12 00:48:00,2180.82,2181.74,2180.72,2181.63,186,7,0,186
2024-03-12 00:51:00,2181.63,2181.63,2181.07,2181.52,54,6,0,54
2024-03-12 00:54:00,2181.55,2181.91,2181.26,2181.26,60,7,0,60
2024-03-12 00:57:00,2181.26,2181.33,2181.18,2181.26,40,11,0,40
2024-03-12 01:00:00,2181.26,2181.96,2181.16,2181.84,100,4,0,100
2024-03-12 01:03:00,2181.84,2182.85,2181.78,2182.4,97,4,0,97
2024-03-12 01:06:00,2182.4,2182.72,2181.81,2181.9,221,4,0,221
2024-03-12 01:09:00,2181.92,2182.36,2181.62,2182.24,167,4,0,167
2024-03-12 01:12:00,2182.29,2182.46,2182.07,2182.3,73,4,0,73
2024-03-12 01:15:00,2182.3,2182.42,2182.17,2182.37,77,8,0,77
2024-03-12 01:18:00,2182.38,2182.77,2182.29,2182.7,54,4,0,54
2024-03-12 01:21:00,2182.69,2183.44,2182.45,2182.5,110,4,0,110
2024-03-12 01:24:00,2182.52,2182.54,2182.15,2182.49,57,13,0,57
2024-03-12 01:27:00,2182.49,2182.49,2181.83,2182.01,102,10,0,102
2024-03-12 01:30:00,2182.06,2182.37,2181.47,2182.21,130,6,0,130
2024-03-12 01:33:00,2182.2,2182.53,2181.81,2182.39,120,4,0,120
2024-03-12 01:36:00,2182.42,2182.65,2181.96,2182.49,121,4,0,121
2024-03-12 01:39:00,2182.41,2183.03,2182.39,2183.03,80,6,0,80
2024-03-12 01:42:00,2183.03,2183.52,2182.85,2183.15,120,4,0,120
2024-03-12 01:45:00,2183.16,2183.4,2182.75,2182.95,94,8,0,94
2024-03-12 01:48:00,2182.96,2183.08,2182.77,2182.87,55,5,0,55
2024-03-12 01:51:00,2182.87,2183.38,2182.86,2183.37,49,7,0,49
2024-03-12 01:54:00,2183.41,2183.65,2183.37,2183.58,35,14,0,35
2024-03-12 01:57:00,2183.61,2183.74,2183.57,2183.65,26,12,0,26
2024-03-12 02:00:00,2183.65,2184.05,2183.64,2183.8,240,7,0,240
2024-03-12 02:03:00,2183.81,2184.12,2183.58,2183.69,328,7,0,328
2024-03-12 02:06:00,2183.68,2184.0,2183.29,2183.96,301,7,0,301
2024-03-12 02:09:00,2183.96,2184.53,2183.56,2183.6,164,4,0,164
2024-03-12 02:12:00,2183.57,2183.96,2183.44,2183.68,59,5,0,59
2024-03-12 02:15:00,2183.65,2184.27,2183.56,2184.08,88,4,0,88
2024-03-12 02:18:00,2184.09,2184.42,2184.09,2184.19,82,5,0,82
2024-03-12 02:21:00,2184.19,2184.19,2183.67,2183.67,59,4,0,59
2024-03-12 02:24:00,2183.67,2183.78,2183.09,2183.12,116,4,0,116
2024-03-12 02:27:00,2183.11,2183.11,2182.14,2182.83,139,7,0,139
2024-03-12 02:30:00,2182.86,2182.91,2182.18,2182.32,114,9,0,114
2024-03-12 02:33:00,2182.31,2182.31,2181.31,2181.73,115,4,0,115
2024-03-12 02:36:00,2181.74,2182.78,2181.71,2182.26,118,6,0,118
2024-03-12 02:39:00,2182.26,2182.26,2181.64,2182.01,81,7,0,81
2024-03-12 02:42:00,2182.01,2182.07,2181.26,2181.27,69,5,0,69
2024-03-12 02:45:00,2181.27,2181.46,2180.94,2181.06,88,4,0,88
2024-03-12 02:48:00,2181.08,2181.23,2180.93,2181.14,140,4,0,140
2024-03-12 02:51:00,2181.15,2181.23,2180.68,2180.82,109,5,0,109
2024-03-12 02:54:00,2180.82,2180.86,2180.25,2180.36,141,6,0,141
2024-03-12 02:57:00,2180.36,2180.77,2180.36,2180.43,79,4,0,79
2024-03-12 03:00:00,2180.53,2180.99,2180.47,2180.8,210,5,0,210
2024-03-12 03:03:00,2180.82,2181.94,2180.76,2181.91,223,4,0,223
2024-03-12 03:06:00,2181.92,2182.12,2181.46,2181.49,311,7,0,311
2024-03-12 03:09:00,2181.49,2181.55,2181.06,2181.28,258,4,0,258
2024-03-12 03:12:00,2181.28,2181.48,2181.15,2181.3,244,4,0,244
2024-03-12 03:15:00,2181.28,2181.71,2181.01,2181.3,322,7,0,322
2024-03-12 03:18:00,2181.32,2181.57,2181.11,2181.57,241,4,0,241
2024-03-12 03:21:00,2181.56,2182.01,2181.17,2181.52,314,4,0,314
2024-03-12 03:24:00,2181.52,2181.63,2181.07,2181.09,293,5,0,293
2024-03-12 03:27:00,2181.07,2181.5,2181.04,2181.37,201,6,0,201
2024-03-12 03:30:00,2181.39,2181.49,2180.61,2180.95,286,8,0,286
2024-03-12 03:33:00,2180.95,2181.18,2180.41,2180.42,146,4,0,146
2024-03-12 03:36:00,2180.4,2180.54,2180.01,2180.29,186,4,0,186
2024-03-12 03:39:00,2180.3,2180.92,2180.3,2180.92,107,5,0,107
2024-03-12 03:42:00,2180.92,2181.21,2180.67,2181.05,112,7,0,112
2024-03-12 03:45:00,2181.05,2181.69,2180.89,2181.6,139,4,0,139
2024-03-12 03:48:00,2181.6,2182.0,2181.42,2181.87,116,7,0,116
2024-03-12 03:51:00,2181.89,2182.82,2181.74,2182.74,146,5,0,146
2024-03-12 03:54:00,2182.74,2183.12,2182.72,2182.76,104,11,0,104
2024-03-12 03:57:00,2182.74,2182.82,2182.28,2182.79,241,4,0,241
2024-03-12 04:00:00,2182.77,2182.85,2181.92,2182.15,258,8,0,258
2024-03-12 04:03:00,2182.15,2182.26,2181.58,2181.98,326,4,0,326
2024-03-12 04:06:00,2181.98,2182.09,2180.98,2181.06,418,5,0,418
2024-03-12 04:09:00,2181.06,2181.52,2180.56,2180.95,416,4,0,416
2024-03-12 04:12:00,2180.94,2181.02,2180.45,2180.45,346,4,0,346
2024-03-12 04:15:00,2180.45,2180.48,2179.81,2180.05,328,5,0,328
2024-03-12 04:18:00,2180.07,2180.56,2179.72,2179.72,196,4,0,196
2024-03-12 04:21:00,2179.77,2180.32,2179.63,2180.1,131,4,0,131
2024-03-12 04:24:00,2180.13,2180.85,2180.04,2180.83,247,6,0,247
2024-03-12 04:27:00,2180.84,2180.87,2180.55,2180.62,183,10,0,183
2024-03-12 04:30:00,2180.62,2180.73,2180.13,2180.23,216,4,0,216
2024-03-12 04:33:00,2180.23,2180.47,2179.98,2180.27,148,6,0,148
2024-03-12 04:36:00,2180.26,2180.68,2180.26,2180.37,220,8,0,220
2024-03-12 04:39:00,2180.37,2180.37,2179.83,2179.87,111,8,0,111
2024-03-12 04:42:00,2179.88,2180.29,2179.78,2180.04,107,4,0,107
2024-03-12 04:45:00,2179.99,2180.32,2179.79,2180.23,162,4,0,162
2024-03-12 04:48:00,2180.23,2180.53,2180.09,2180.21,181,4,0,181
2024-03-12 04:51:00,2180.21,2180.22,2179.8,2179.89,136,4,0,136
2024-03-12 04:54:00,2179.89,2179.93,2178.7,2179.23,202,4,0,202
2024-03-12 04:57:00,2179.23,2179.79,2179.08,2179.12,103,4,0,103
2024-03-12 05:00:00,2179.12,2179.12,2178.86,2178.98,86,4,0,86
2024-03-12 05:03:00,2178.93,2178.98,2178.58,2178.67,111,4,0,111
2024-03-12 05:06:00,2178.67,2178.67,2177.6,2177.61,119,4,0,119
2024-03-12 05:09:00,2177.68,2177.98,2176.95,2177.29,175,4,0,175
2024-03-12 05:12:00,2177.33,2177.81,2177.0,2177.64,164,4,0,164
2024-03-12 05:15:00,2177.72,2177.89,2176.93,2177.41,172,4,0,172
2024-03-12 05:18:00,2177.4,2178.11,2176.8,2178.01,198,4,0,198
2024-03-12 05:21:00,2177.98,2178.1,2177.74,2178.04,128,4,0,128
2024-03-12 05:24:00,2178.09,2178.57,2177.98,2178.29,157,4,0,157
2024-03-12 05:27:00,2178.29,2178.39,2178.0,2178.01,109,4,0,109
2024-03-12 05:30:00,2178.01,2178.32,2177.93,2178.1,157,4,0,157
2024-03-12 05:33:00,2178.09,2178.21,2177.79,2177.89,115,4,0,115
2024-03-12 05:36:00,2177.89,2177.89,2177.68,2177.68,50,9,0,50
2024-03-12 05:39:00,2177.68,2178.16,2177.68,2177.88,121,7,0,121
2024-03-12 05:42:00,2177.88,2178.14,2177.84,2178.14,75,12,0,75
2024-03-12 05:45:00,2178.13,2178.19,2177.94,2178.07,59,6,0,59
2024-03-12 05:48:00,2178.06,2178.17,2177.85,2177.94,66,5,0,66
2024-03-12 05:51:00,2177.94,2178.04,2177.54,2177.64,62,6,0,62
2024-03-12 05:54:00,2177.64,2177.68,2177.27,2177.3,81,10,0,81
2024-03-12 05:57:00,2177.34,2177.49,2177.2,2177.48,62,10,0,62
2024-03-12 06:00:00,2177.45,2177.59,2177.25,2177.47,82,6,0,82
2024-03-12 06:03:00,2177.47,2177.48,2177.25,2177.35,67,4,0,67
2024-03-12 06:06:00,2177.42,2177.75,2177.34,2177.6,73,9,0,73
2024-03-12 06:09:00,2177.64,2178.15,2177.64,2178.07,80,4,0,80
2024-03-12 06:12:00,2178.07,2178.44,2178.07,2178.17,70,4,0,70
2024-03-12 06:15:00,2178.19,2178.65,2178.16,2178.65,44,7,0,44
2024-03-12 06:18:00,2178.65,2178.72,2178.3,2178.71,79,4,0,79
2024-03-12 06:21:00,2178.74,2178.81,2178.58,2178.66,45,6,0,45
2024-03-12 06:24:00,2178.66,2179.1,2178.66,2179.09,58,4,0,58
2024-03-12 06:27:00,2179.08,2179.25,2178.97,2179.02,90,6,0,90
2024-03-12 06:30:00,2179.02,2179.21,2178.78,2178.78,50,7,0,50
2024-03-12 06:33:00,2178.77,2179.1,2178.37,2178.37,59,4,0,59
2024-03-12 06:36:00,2178.34,2178.61,2178.25,2178.44,52,11,0,52
2024-03-12 06:39:00,2178.44,2178.64,2178.4,2178.58,45,6,0,45
2024-03-12 06:42:00,2178.58,2178.79,2178.5,2178.67,75,11,0,75
2024-03-12 06:45:00,2178.67,2178.77,2178.6,2178.68,58,11,0,58
2024-03-12 06:48:00,2178.68,2178.68,2178.31,2178.32,103,5,0,103
2024-03-12 06:51:00,2178.32,2178.61,2177.98,2178.08,65,7,0,65
2024-03-12 06:54:00,2178.08,2178.37,2178.08,2178.29,56,12,0,56
2024-03-12 06:57:00,2178.29,2178.48,2178.24,2178.25,66,4,0,66
2024-03-12 07:00:00,2178.27,2179.07,2178.24,2179.07,134,5,0,134
2024-03-12 07:03:00,2179.08,2179.16,2178.8,2178.9,61,5,0,61
2024-03-12 07:06:00,2178.9,2178.94,2178.61,2178.83,55,10,0,55
2024-03-12 07:09:00,2178.8,2178.84,2178.54,2178.62,48,12,0,48
2024-03-12 07:12:00,2178.71,2178.91,2178.54,2178.61,51,7,0,51
2024-03-12 07:15:00,2178.67,2178.76,2178.38,2178.65,58,9,0,58
2024-03-12 07:18:00,2178.68,2178.76,2178.54,2178.54,44,6,0,44
2024-03-12 07:21:00,2178.56,2178.64,2178.24,2178.24,41,7,0,41
2024-03-12 07:24:00,2178.24,2178.56,2178.17,2178.17,44,8,0,44
2024-03-12 07:27:00,2178.17,2178.17,2177.64,2177.89,70,6,0,70
2024-03-12 07:30:00,2177.89,2178.62,2177.81,2178.51,159,9,0,159
2024-03-12 07:33:00,2178.5,2178.52,2177.59,2177.68,123,4,0,123
2024-03-12 07:36:00,2177.68,2177.77,2176.88,2176.95,183,10,0,183
2024-03-12 07:39:00,2176.95,2177.43,2176.49,2176.66,175,4,0,175
2024-03-12 07:42:00,2176.66,2176.87,2174.21,2174.58,314,4,0,314
2024-03-12 07:45:00,2174.58,2176.69,2174.48,2176.69,275,4,0,275
2024-03-12 07:48:00,2176.65,2176.72,2175.73,2176.2,200,4,0,200
2024-03-12 07:51:00,2176.2,2176.3,2175.21,2175.23,223,4,0,223
2024-03-12 07:54:00,2175.24,2175.43,2174.35,2175.31,307,4,0,307
2024-03-12 07:57:00,2175.24,2176.59,2175.23,2176.15,214,4,0,214
2024-03-12 08:00:00,2176.15,2176.72,2176.14,2176.71,153,4,0,153
2024-03-12 08:03:00,2176.95,2177.21,2175.58,2176.13,254,4,0,254
2024-03-12 08:06:00,2176.14,2176.9,2175.86,2176.44,327,4,0,327
2024-03-12 08:09:00,2176.41,2176.64,2175.95,2176.27,340,4,0,340
2024-03-12 08:12:00,2176.24,2176.6,2176.03,2176.19,156,4,0,156
2024-03-12 08:15:00,2176.19,2176.41,2175.91,2176.15,151,4,0,151
2024-03-12 08:18:00,2176.15,2176.82,2175.88,2175.89,151,4,0,151
2024-03-12 08:21:00,2175.89,2175.89,2174.73,2174.82,145,4,0,145
2024-03-12 08:24:00,2174.78,2176.47,2174.75,2176.42,154,4,0,154
2024-03-12 08:27:00,2176.42,2176.91,2175.85,2175.86,185,4,0,185
2024-03-12 08:30:00,2175.86,2175.99,2175.27,2175.78,153,4,0,153
2024-03-12 08:33:00,2175.78,2175.88,2175.17,2175.27,194,4,0,194
2024-03-12 08:36:00,2175.27,2175.27,2174.39,2174.88,156,4,0,156
2024-03-12 08:39:00,2174.88,2175.54,2174.69,2175.54,213,4,0,213
2024-03-12 08:42:00,2175.51,2175.68,2174.83,2175.02,181,5,0,181
2024-03-12 08:45:00,2175.02,2175.11,2174.53,2174.85,246,4,0,246
2024-03-12 08:48:00,2174.85,2174.9,2173.73,2173.73,173,4,0,173
2024-03-12 08:51:00,2173.75,2174.88,2173.66,2174.34,223,4,0,223
2024-03-12 08:54:00,2174.37,2174.86,2174.12,2174.59,199,4,0,199
2024-03-12 08:57:00,2174.6,2175.4,2174.6,2175.4,143,4,0,143
2024-03-12 09:00:00,2175.4,2175.48,2174.81,2175.01,279,4,0,279
2024-03-12 09:03:00,2175.04,2176.14,2174.92,2176.1,197,4,0,197
2024-03-12 09:06:00,2176.1,2176.82,2175.8,2176.33,214,4,0,214
2024-03-12 09:09:00,2176.33,2177.28,2176.12,2176.94,347,4,0,347
2024-03-12 09:12:00,2176.94,2177.07,2176.33,2176.44,272,10,0,272
2024-03-12 09:15:00,2176.32,2176.71,2175.78,2175.94,213,8,0,213
2024-03-12 09:18:00,2175.93,2176.17,2175.52,2175.77,115,5,0,115
2024-03-12 09:21:00,2175.77,2176.0,2175.42,2175.99,161,4,0,161
2024-03-12 09:24:00,2176.01,2176.58,2175.7,2176.58,119,4,0,119
2024-03-12 09:27:00,2176.58,2177.02,2176.29,2176.78,136,4,0,136
2024-03-12 09:30:00,2176.77,2177.01,2176.36,2176.96,152,4,0,152
2024-03-12 09:33:00,2176.97,2177.31,2176.45,2176.56,199,4,0,199
2024-03-12 09:36:00,2176.56,2176.75,2176.04,2176.43,222,4,0,222
2024-03-12 09:39:00,2176.48,2176.92,2176.24,2176.46,264,4,0,264
2024-03-12 09:42:00,2176.46,2176.89,2176.25,2176.82,200,4,0,200
2024-03-12 09:45:00,2176.82,2177.39,2176.77,2177.15,256,4,0,256
2024-03-12 09:48:00,2177.15,2177.35,2176.89,2176.94,189,4,0,189
2024-03-12 09:51:00,2176.93,2177.36,2176.82,2177.24,213,4,0,213
2024-03-12 09:54:00,2177.23,2177.47,2176.97,2177.02,244,4,0,244
2024-03-12 09:57:00,2177.02,2177.34,2176.94,2177.04,182,4,0,182
2024-03-12 10:00:00,2177.04,2177.52,2176.75,2177.14,355,4,0,355
2024-03-12 10:03:00,2177.14,2177.35,2176.76,2176.78,259,4,0,259
2024-03-12 10:06:00,2176.82,2177.54,2176.82,2177.32,364,4,0,364
2024-03-12 10:09:00,2177.32,2177.34,2176.95,2177.04,301,4,0,301
2024-03-12 10:12:00,2177.04,2177.83,2177.03,2177.44,312,4,0,312
2024-03-12 10:15:00,2177.44,2177.44,2176.58,2176.59,302,4,0,302
2024-03-12 10:18:00,2176.6,2177.14,2176.44,2177.0,294,4,0,294
2024-03-12 10:21:00,2177.03,2177.33,2176.92,2177.14,356,4,0,356
2024-03-12 10:24:00,2177.13,2177.31,2176.83,2177.0,405,4,0,405
2024-03-12 10:27:00,2177.0,2177.43,2176.96,2177.22,357,4,0,357
2024-03-12 10:30:00,2177.22,2177.65,2176.58,2176.72,383,4,0,383
2024-03-12 10:33:00,2176.7,2177.23,2176.36,2177.17,312,4,0,312
2024-03-12 10:36:00,2177.16,2177.59,2176.86,2176.89,346,4,0,346
2024-03-12 10:39:00,2176.87,2177.41,2176.77,2177.05,273,4,0,273
2024-03-12 10:42:00,2177.05,2177.48,2176.66,2177.27,246,4,0,246
2024-03-12 10:45:00,2177.27,2177.29,2176.25,2176.27,278,4,0,278
2024-03-12 10:48:00,2176.27,2176.85,2176.08,2176.84,281,4,0,281
2024-03-12 10:51:00,2176.83,2177.22,2176.83,2177.07,287,4,0,287
2024-03-12 10:54:00,2177.11,2177.93,2177.11,2177.87,328,4,0,328
2024-03-12 10:57:00,2177.88,2178.56,2177.78,2177.82,290,4,0,290
2024-03-12 11:00:00,2177.82,2179.01,2177.71,2178.92,310,4,0,310
2024-03-12 11:03:00,2178.91,2179.05,2178.63,2179.05,306,4,0,306
2024-03-12 11:06:00,2179.07,2179.09,2178.33,2178.65,257,4,0,257
2024-03-12 11:09:00,2178.65,2179.11,2178.23,2178.33,320,4,0,320
2024-03-12 11:12:00,2178.33,2179.04,2176.68,2177.47,375,4,0,375
2024-03-12 11:15:00,2177.46,2177.47,2176.99,2177.27,233,4,0,233
2024-03-12 11:18:00,2177.32,2177.86,2177.32,2177.56,137,6,0,137
2024-03-12 11:21:00,2177.56,2177.76,2177.37,2177.59,181,5,0,181
2024-03-12 11:24:00,2177.58,2177.94,2177.42,2177.58,157,4,0,157
2024-03-12 11:27:00,2177.58,2178.2,2177.39,2177.97,131,4,0,131
2024-03-12 11:30:00,2177.97,2178.15,2177.18,2177.39,155,4,0,155
2024-03-12 11:33:00,2177.39,2178.38,2177.38,2178.19,157,4,0,157
2024-03-12 11:36:00,2178.19,2178.67,2178.18,2178.57,141,4,0,141
2024-03-12 11:39:00,2178.57,2178.67,2178.26,2178.27,110,4,0,110
2024-03-12 11:42:00,2178.27,2178.65,2178.25,2178.45,94,4,0,94
2024-03-12 11:45:00,2178.45,2178.46,2177.58,2177.58,121,4,0,121
2024-03-12 11:48:00,2177.59,2177.97,2177.05,2177.06,145,4,0,145
2024-03-12 11:51:00,2177.06,2177.67,2177.04,2177.45,168,4,0,168
2024-03-12 11:54:00,2177.45,2177.56,2177.03,2177.14,131,4,0,131
2024-03-12 11:57:00,2177.11,2177.43,2176.39,2177.02,213,4,0,213
2024-03-12 12:00:00,2177.01,2177.11,2175.8,2175.8,262,4,0,262
2024-03-12 12:03:00,2175.8,2176.05,2175.68,2175.84,375,4,0,375
2024-03-12 12:06:00,2175.84,2176.26,2175.82,2176.17,158,4,0,158
2024-03-12 12:09:00,2176.21,2176.25,2175.77,2175.87,177,4,0,177
2024-03-12 12:12:00,2175.87,2175.98,2175.67,2175.8,201,4,0,201
2024-03-12 12:15:00,2175.8,2176.06,2175.79,2175.96,252,4,0,252
2024-03-12 12:18:00,2175.95,2176.22,2175.7,2175.81,196,4,0,196
2024-03-12 12:21:00,2175.83,2175.95,2175.63,2175.83,168,4,0,168
2024-03-12 12:24:00,2175.84,2176.47,2175.83,2176.45,150,4,0,150
2024-03-12 12:27:00,2176.45,2176.55,2176.15,2176.15,195,4,0,195
2024-03-12 12:30:00,2176.15,2177.06,2176.14,2176.94,172,4,0,172
2024-03-12 12:33:00,2176.93,2177.32,2176.37,2177.22,194,4,0,194
2024-03-12 12:36:00,2177.19,2177.64,2177.12,2177.3,224,4,0,224
2024-03-12 12:39:00,2177.29,2177.32,2176.64,2176.65,163,4,0,163
2024-03-12 12:42:00,2176.65,2176.65,2175.64,2176.12,109,4,0,109
2024-03-12 12:45:00,2176.12,2176.51,2176.11,2176.41,115,4,0,115
2024-03-12 12:48:00,2176.42,2176.83,2176.13,2176.16,115,4,0,115
2024-03-12 12:51:00,2176.21,2176.51,2175.44,2176.36,140,4,0,140
2024-03-12 12:54:00,2176.36,2176.72,2176.09,2176.71,146,4,0,146
2024-03-12 12:57:00,2176.71,2177.13,2176.49,2176.49,142,4,0,142
2024-03-12 13:00:00,2176.49,2176.56,2176.1,2176.33,237,4,0,237
2024-03-12 13:03:00,2176.32,2176.38,2176.01,2176.03,234,4,0,234
2024-03-12 13:06:00,2176.03,2176.26,2175.55,2175.59,276,4,0,276
2024-03-12 13:09:00,2175.59,2175.68,2174.7,2174.7,254,4,0,254
2024-03-12 13:12:00,2174.7,2174.81,2173.6,2174.05,244,4,0,244
2024-03-12 13:15:00,2174.08,2174.68,2172.13,2172.9,319,4,0,319
2024-03-12 13:18:00,2172.89,2172.93,2170.62,2171.79,520,4,0,520
2024-03-12 13:21:00,2171.79,2171.95,2170.74,2171.38,505,4,0,505
2024-03-12 13:24:00,2171.29,2172.71,2171.08,2172.53,468,4,0,468
2024-03-12 13:27:00,2172.53,2173.46,2172.53,2172.88,396,4,0,396
2024-03-12 13:30:00,2172.88,2173.15,2172.54,2172.65,400,4,0,400
2024-03-12 13:33:00,2172.67,2173.77,2172.64,2173.54,357,4,0,357
2024-03-12 13:36:00,2173.55,2173.64,2172.52,2172.72,357,4,0,357
2024-03-12 13:39:00,2172.72,2172.77,2171.91,2172.18,247,4,0,247
2024-03-12 13:42:00,2172.19,2172.89,2172.14,2172.81,249,4,0,249
2024-03-12 13:45:00,2172.81,2172.81,2171.82,2172.02,256,5,0,256
2024-03-12 13:48:00,2172.01,2172.04,2171.42,2171.84,163,4,0,163
2024-03-12 13:51:00,2171.85,2172.35,2171.85,2172.12,231,4,0,231
2024-03-12 13:54:00,2172.13,2172.19,2171.57,2171.89,307,4,0,307
2024-03-12 13:57:00,2171.89,2172.07,2171.48,2171.95,272,4,0,272
2024-03-12 14:00:00,2171.95,2172.92,2171.8,2172.27,533,4,0,533
2024-03-12 14:03:00,2172.26,2172.35,2171.37,2172.02,458,4,0,458
2024-03-12 14:06:00,2171.92,2172.05,2171.23,2171.72,397,4,0,397
2024-03-12 14:09:00,2171.72,2172.22,2171.58,2172.1,442,4,0,442
2024-03-12 14:12:00,2172.1,2173.56,2171.88,2171.92,410,4,0,410
2024-03-12 14:15:00,2171.91,2171.96,2167.61,2169.0,474,4,0,474
2024-03-12 14:18:00,2169.0,2172.01,2168.54,2171.61,723,4,0,723
2024-03-12 14:21:00,2171.6,2171.61,2168.43,2170.75,835,4,0,835
2024-03-12 14:24:00,2170.76,2171.78,2170.37,2170.67,582,4,0,582
2024-03-12 14:27:00,2170.67,2170.87,2169.8,2169.94,377,4,0,377
2024-03-12 14:30:00,2169.94,2175.97,2161.1,2173.57,1150,4,0,1150
2024-03-12 14:33:00,2173.68,2174.91,2169.92,2174.18,1291,4,0,1291
2024-03-12 14:36:00,2174.19,2177.45,2173.02,2176.92,1383,4,0,1383
2024-03-12 14:39:00,2176.71,2182.03,2175.66,2180.77,1442,4,0,1442
2024-03-12 14:42:00,2180.71,2181.42,2178.8,2179.71,1331,4,0,1331
2024-03-12 14:45:00,2179.7,2181.7,2179.16,2179.7,1044,4,0,1044
2024-03-12 14:48:00,2179.7,2180.4,2176.94,2177.27,995,4,0,995
2024-03-12 14:51:00,2177.32,2177.83,2174.34,2174.34,825,4,0,825
2024-03-12 14:54:00,2174.2,2174.5,2171.11,2173.76,1112,4,0,1112
2024-03-12 14:57:00,2173.75,2174.06,2169.83,2169.83,953,4,0,953
2024-03-12 15:00:00,2169.83,2170.0,2166.05,2166.5,1162,4,0,1162
2024-03-12 15:03:00,2166.56,2166.56,2158.75,2159.69,1316,4,0,1316
2024-03-12 15:06:00,2159.75,2167.84,2158.82,2166.74,1398,4,0,1398
2024-03-12 15:09:00,2166.72,2167.53,2161.85,2164.41,1187,4,0,1187
2024-03-12 15:12:00,2164.31,2166.09,2162.56,2165.78,931,4,0,931
2024-03-12 15:15:00,2165.79,2166.22,2161.66,2161.77,897,4,0,897
2024-03-12 15:18:00,2161.72,2163.28,2160.95,2163.21,980,4,0,980
2024-03-12 15:21:00,2163.21,2165.34,2162.95,2165.08,780,4,0,780
2024-03-12 15:24:00,2165.06,2167.37,2164.76,2167.34,700,4,0,700
2024-03-12 15:27:00,2167.36,2167.76,2164.44,2164.67,562,4,0,562
2024-03-12 15:30:00,2164.65,2164.73,2161.18,2161.79,1157,4,0,1157
2024-03-12 15:33:00,2161.77,2162.25,2159.0,2159.54,1135,4,0,1135
2024-03-12 15:36:00,2159.54,2159.58,2156.49,2156.64,1161,4,0,1161
2024-03-12 15:39:00,2156.64,2159.81,2156.29,2157.26,1038,4,0,1038
2024-03-12 15:42:00,2157.43,2158.94,2156.22,2158.43,979,4,0,979
2024-03-12 15:45:00,2158.42,2161.06,2157.36,2160.78,1146,4,0,1146
2024-03-12 15:48:00,2160.77,2162.45,2159.18,2162.12,1008,4,0,1008
2024-03-12 15:51:00,2162.07,2162.76,2160.8,2160.91,1002,4,0,1002
2024-03-12 15:54:00,2160.91,2161.81,2159.88,2160.35,852,4,0,852
2024-03-12 15:57:00,2160.35,2160.74,2159.66,2160.39,808,4,0,808
2024-03-12 16:00:00,2160.46,2162.87,2159.91,2160.08,905,4,0,905
2024-03-12 16:03:00,2159.99,2159.99,2155.05,2155.46,913,4,0,913
2024-03-12 16:06:00,2155.48,2157.08,2154.43,2155.45,888,4,0,888
2024-03-12 16:09:00,2155.46,2155.96,2153.25,2153.88,922,4,0,922
2024-03-12 16:12:00,2153.87,2154.22,2152.64,2153.94,761,4,0,761
2024-03-12 16:15:00,2153.9,2158.01,2153.48,2157.89,862,4,0,862
2024-03-12 16:18:00,2157.89,2161.08,2157.85,2160.44,892,4,0,892
2024-03-12 16:21:00,2160.45,2161.38,2159.5,2161.36,817,4,0,817
2024-03-12 16:24:00,2161.36,2162.99,2159.98,2162.91,929,4,0,929
2024-03-12 16:27:00,2162.92,2162.92,2160.95,2161.29,780,4,0,780
2024-03-12 16:30:00,2161.3,2162.63,2160.79,2161.68,745,4,0,745
2024-03-12 16:33:00,2161.68,2163.43,2161.44,2162.17,650,4,0,650
2024-03-12 16:36:00,2162.17,2162.87,2160.44,2160.58,669,4,0,669
2024-03-12 16:39:00,2160.64,2162.06,2160.55,2161.86,492,4,0,492
2024-03-12 16:42:00,2161.86,2162.03,2160.52,2160.71,514,4,0,514
2024-03-12 16:45:00,2160.72,2162.7,2160.36,2162.1,579,4,0,579
2024-03-12 16:48:00,2162.12,2164.55,2162.06,2164.24,649,4,0,649
2024-03-12 16:51:00,2164.24,2166.46,2163.87,2164.27,656,4,0,656
2024-03-12 16:54:00,2164.27,2164.7,2162.81,2163.03,526,4,0,526
2024-03-12 16:57:00,2163.03,2163.78,2161.38,2162.05,656,4,0,656
2024-03-12 17:00:00,2162.05,2163.39,2160.88,2161.6,804,4,0,804
2024-03-12 17:03:00,2161.63,2162.06,2160.45,2161.46,527,4,0,527
2024-03-12 17:06:00,2161.45,2161.7,2160.07,2160.85,525,4,0,525
2024-03-12 17:09:00,2160.86,2161.81,2160.42,2160.75,373,4,0,373
2024-03-12 17:12:00,2160.73,2161.07,2160.16,2160.74,468,4,0,468
2024-03-12 17:15:00,2160.74,2162.02,2160.26,2160.77,526,4,0,526
2024-03-12 17:18:00,2160.77,2160.93,2158.1,2158.29,589,4,0,589
2024-03-12 17:21:00,2158.29,2159.83,2157.6,2159.74,685,4,0,685
2024-03-12 17:24:00,2159.73,2160.69,2159.67,2160.55,568,4,0,568
2024-03-12 17:27:00,2160.6,2160.78,2159.87,2160.17,550,4,0,550
2024-03-12 17:30:00,2160.18,2161.76,2160.02,2161.57,512,4,0,512
2024-03-12 17:33:00,2161.58,2162.55,2161.32,2161.33,417,4,0,417
2024-03-12 17:36:00,2161.34,2163.41,2161.33,2162.33,366,4,0,366
2024-03-12 17:39:00,2162.34,2162.75,2161.47,2161.81,331,4,0,331
2024-03-12 17:42:00,2161.84,2162.99,2161.78,2162.81,269,4,0,269
2024-03-12 17:45:00,2162.78,2164.36,2162.44,2163.9,374,4,0,374
2024-03-12 17:48:00,2163.9,2163.9,2162.61,2163.47,372,4,0,372
2024-03-12 17:51:00,2163.47,2164.64,2163.34,2164.5,277,4,0,277
2024-03-12 17:54:00,2164.47,2164.93,2163.53,2163.64,338,4,0,338
2024-03-12 17:57:00,2163.64,2163.64,2162.61,2163.01,300,4,0,300
2024-03-12 18:00:00,2163.01,2163.31,2162.22,2162.29,292,5,0,292
2024-03-12 18:03:00,2162.3,2163.01,2162.07,2162.45,230,4,0,230
2024-03-12 18:06:00,2162.45,2162.73,2162.01,2162.32,241,4,0,241
2024-03-12 18:09:00,2162.31,2162.91,2161.78,2162.63,208,4,0,208
2024-03-12 18:12:00,2162.61,2163.2,2162.51,2162.97,218,4,0,218
2024-03-12 18:15:00,2163.0,2163.11,2162.11,2162.41,230,4,0,230
2024-03-12 18:18:00,2162.41,2162.61,2161.53,2162.61,216,4,0,216
2024-03-12 18:21:00,2162.61,2163.22,2162.4,2163.06,226,4,0,226
2024-03-12 18:24:00,2163.09,2164.02,2163.09,2163.55,301,4,0,301
2024-03-12 18:27:00,2163.54,2163.55,2162.48,2162.48,187,4,0,187
2024-03-12 18:30:00,2162.38,2163.02,2162.27,2162.28,191,4,0,191
2024-03-12 18:33:00,2162.32,2163.84,2162.32,2163.74,234,4,0,234
2024-03-12 18:36:00,2163.74,2165.16,2163.54,2164.77,282,4,0,282
2024-03-12 18:39:00,2164.79,2165.32,2164.45,2165.32,248,4,0,248
2024-03-12 18:42:00,2165.23,2165.23,2164.02,2164.54,221,4,0,221
2024-03-12 18:45:00,2164.52,2165.22,2164.42,2164.94,354,4,0,354
2024-03-12 18:48:00,2164.95,2165.86,2164.92,2165.85,418,4,0,418
2024-03-12 18:51:00,2165.85,2166.54,2165.51,2165.97,326,4,0,326
2024-03-12 18:54:00,2165.97,2166.08,2165.41,2165.7,297,5,0,297
2024-03-12 18:57:00,2165.69,2165.88,2165.1,2165.8,220,4,0,220
2024-03-12 19:00:00,2165.78,2165.78,2163.39,2163.8,534,4,0,534
2024-03-12 19:03:00,2163.81,2164.31,2162.24,2162.33,440,4,0,440
2024-03-12 19:06:00,2162.33,2163.49,2161.91,2161.91,365,4,0,365
2024-03-12 19:09:00,2161.91,2162.51,2161.73,2162.01,349,4,0,349
2024-03-12 19:12:00,2161.95,2162.37,2161.12,2161.47,328,4,0,328
2024-03-12 19:15:00,2161.49,2161.72,2161.02,2161.45,319,4,0,319
2024-03-12 19:18:00,2161.46,2162.55,2160.69,2162.29,393,4,0,393
2024-03-12 19:21:00,2162.35,2162.57,2161.59,2162.01,231,4,0,231
2024-03-12 19:24:00,2161.99,2162.16,2160.07,2160.15,370,4,0,370
2024-03-12 19:27:00,2160.18,2160.84,2159.72,2160.71,475,4,0,475
2024-03-12 19:30:00,2160.71,2161.11,2159.22,2159.39,321,4,0,321
2024-03-12 19:33:00,2159.38,2160.06,2158.29,2159.46,390,4,0,390
2024-03-12 19:36:00,2159.53,2160.23,2159.18,2160.15,305,4,0,305
2024-03-12 19:39:00,2160.13,2160.27,2158.99,2159.14,224,4,0,224
2024-03-12 19:42:00,2158.91,2159.03,2158.19,2158.21,250,4,0,250
2024-03-12 19:45:00,2158.21,2158.57,2157.08,2157.66,303,4,0,303
2024-03-12 19:48:00,2157.6,2157.97,2157.39,2157.91,237,4,0,237
2024-03-12 19:51:00,2157.81,2158.42,2157.0,2157.19,170,4,0,170
2024-03-12 19:54:00,2157.19,2157.51,2156.26,2156.8,276,4,0,276
2024-03-12 19:57:00,2156.8,2157.22,2154.75,2155.03,374,4,0,374
2024-03-12 20:00:00,2154.96,2155.54,2154.08,2154.76,359,4,0,359
2024-03-12 20:03:00,2154.8,2156.37,2154.63,2156.16,304,4,0,304
2024-03-12 20:06:00,2156.16,2156.43,2154.63,2154.8,249,4,0,249
2024-03-12 20:09:00,2154.8,2155.28,2154.07,2154.23,285,4,0,285
2024-03-12 20:12:00,2154.23,2154.57,2153.43,2154.03,352,4,0,352
2024-03-12 20:15:00,2154.03,2154.33,2153.25,2154.32,303,4,0,303
2024-03-12 20:18:00,2154.32,2155.48,2154.32,2155.36,249,4,0,249
2024-03-12 20:21:00,2155.33,2156.34,2154.98,2156.19,212,4,0,212
2024-03-12 20:24:00,2156.19,2156.35,2155.6,2155.6,254,4,0,254
2024-03-12 20:27:00,2155.71,2155.76,2155.05,2155.3,251,4,0,251
2024-03-12 20:30:00,2155.39,2156.47,2155.38,2156.28,252,4,0,252
2024-03-12 20:33:00,2156.31,2156.59,2155.67,2155.93,189,4,0,189
2024-03-12 20:36:00,2155.96,2156.08,2155.69,2155.97,146,4,0,146
2024-03-12 20:39:00,2156.0,2156.14,2155.21,2155.22,144,4,0,144
2024-03-12 20:42:00,2155.24,2155.39,2154.42,2154.46,130,4,0,130
2024-03-12 20:45:00,2154.49,2154.6,2153.79,2154.54,181,4,0,181
2024-03-12 20:48:00,2154.52,2154.52,2153.3,2153.3,150,4,0,150
2024-03-12 20:51:00,2153.3,2153.61,2152.99,2153.09,157,4,0,157
2024-03-12 20:54:00,2153.09,2153.88,2152.99,2153.4,198,4,0,198
2024-03-12 20:57:00,2153.42,2154.24,2153.33,2153.54,243,4,0,243
2024-03-12 21:00:00,2153.51,2153.6,2151.54,2151.58,322,4,0,322
2024-03-12 21:03:00,2151.58,2153.09,2150.56,2153.06,319,4,0,319
2024-03-12 21:06:00,2153.06,2153.64,2152.74,2153.63,241,4,0,241
2024-03-12 21:09:00,2153.64,2154.23,2153.1,2153.1,193,4,0,193
2024-03-12 21:12:00,2153.1,2153.52,2152.79,2153.43,162,4,0,162
2024-03-12 21:15:00,2153.35,2154.71,2153.12,2154.71,179,4,0,179
2024-03-12 21:18:00,2154.6,2154.64,2153.76,2154.44,215,4,0,215
2024-03-12 21:21:00,2154.46,2154.58,2154.24,2154.38,93,4,0,93
2024-03-12 21:24:00,2154.33,2155.14,2154.31,2155.01,103,4,0,103
2024-03-12 21:27:00,2155.01,2155.22,2154.82,2155.22,122,4,0,122
2024-03-12 21:30:00,2155.22,2155.65,2154.92,2155.47,137,4,0,137
2024-03-12 21:33:00,2155.51,2155.69,2154.74,2155.09,123,4,0,123
2024-03-12 21:36:00,2155.07,2155.73,2154.84,2155.5,117,4,0,117
2024-03-12 21:39:00,2155.5,2155.55,2154.91,2155.32,112,4,0,112
2024-03-12 21:42:00,2155.33,2155.42,2154.91,2155.03,86,4,0,86
2024-03-12 21:45:00,2155.03,2155.5,2155.01,2155.23,145,4,0,145
2024-03-12 21:48:00,2155.22,2156.05,2155.22,2155.98,122,4,0,122
2024-03-12 21:51:00,2156.01,2156.47,2155.98,2156.17,112,4,0,112
2024-03-12 21:54:00,2156.26,2157.06,2156.18,2156.91,149,4,0,149
2024-03-12 21:57:00,2156.89,2157.39,2156.63,2157.39,179,4,0,179
2024-03-12 22:00:00,2157.42,2157.42,2156.39,2156.63,150,4,0,150
2024-03-12 22:03:00,2156.63,2156.63,2156.32,2156.36,63,5,0,63
2024-03-12 22:06:00,2156.36,2156.53,2156.18,2156.5,42,4,0,42
2024-03-12 22:09:00,2156.48,2157.03,2156.44,2156.94,64,4,0,64
2024-03-12 22:12:00,2156.94,2157.35,2156.93,2157.31,59,4,0,59
2024-03-12 22:15:00,2157.31,2157.35,2157.05,2157.15,57,4,0,57
2024-03-12 22:18:00,2157.16,2157.17,2156.2,2156.2,56,4,0,56
2024-03-12 22:21:00,2156.2,2156.5,2156.2,2156.5,19,8,0,19
2024-03-12 22:24:00,2156.63,2156.92,2156.51,2156.9,33,4,0,33
2024-03-12 22:27:00,2156.93,2157.19,2156.88,2156.99,64,6,0,64
2024-03-12 22:30:00,2156.98,2157.1,2156.93,2157.0,52,7,0,52
2024-03-12 22:33:00,2157.01,2157.58,2156.99,2157.48,53,5,0,53
2024-03-12 22:36:00,2157.48,2157.68,2157.4,2157.6,52,4,0,52
2024-03-12 22:39:00,2157.59,2157.81,2157.39,2157.74,60,4,0,60
2024-03-12 22:42:00,2157.87,2158.6,2157.87,2158.09,90,4,0,90
2024-03-12 22:45:00,2158.11,2158.52,2158.08,2158.49,63,4,0,63
2024-03-12 22:48:00,2158.49,2158.56,2158.36,2158.4,57,4,0,57
2024-03-12 22:51:00,2158.4,2158.88,2158.35,2158.82,39,4,0,39
2024-03-12 22:54:00,2158.82,2158.99,2158.46,2158.47,58,4,0,58
2024-03-12 22:57:00,2158.45,2158.45,2158.13,2158.17,52,8,0,52
2024-03-13 00:00:00,2157.69,2158.55,2157.62,2158.46,55,24,0,55
2024-03-13 00:03:00,2158.46,2158.67,2158.28,2158.67,46,4,0,46
2024-03-13 00:06:00,2158.67,2159.4,2158.51,2159.39,57,4,0,57
2024-03-13 00:09:00,2159.38,2159.43,2159.06,2159.19,67,4,0,67
2024-03-13 00:12:00,2159.18,2159.63,2158.97,2159.63,59,4,0,59
2024-03-13 00:15:00,2159.64,2160.74,2157.52,2157.52,142,4,0,142
2024-03-13 00:18:00,2157.62,2161.41,2157.1,2160.5,327,4,0,327
2024-03-13 00:21:00,2160.5,2161.29,2160.03,2160.56,132,4,0,132
2024-03-13 00:24:00,2160.47,2160.78,2158.32,2159.59,180,4,0,180
2024-03-13 00:27:00,2159.59,2160.05,2157.94,2159.42,338,4,0,338
2024-03-13 00:30:00,2159.42,2159.42,2157.37,2158.1,233,4,0,233
2024-03-13 00:33:00,2158.12,2158.19,2156.11,2157.57,244,4,0,244
2024-03-13 00:36:00,2157.57,2157.59,2156.19,2156.21,123,4,0,123
2024-03-13 00:39:00,2156.53,2157.47,2156.36,2157.27,65,4,0,65
2024-03-13 00:42:00,2157.36,2158.18,2156.31,2157.31,159,7,0,159
2024-03-13 00:45:00,2157.31,2158.49,2157.19,2158.49,127,4,0,127
2024-03-13 00:48:00,2158.5,2159.06,2158.05,2159.04,140,4,0,140
2024-03-13 00:51:00,2159.04,2159.68,2158.65,2159.5,155,4,0,155
2024-03-13 00:54:00,2159.6,2160.3,2159.56,2159.77,144,4,0,144
2024-03-13 00:57:00,2159.75,2160.72,2158.39,2158.78,178,4,0,178
2024-03-13 01:00:00,2158.78,2158.86,2157.41,2157.6,150,4,0,150
2024-03-13 01:03:00,2157.6,2158.7,2157.0,2158.64,110,4,0,110
2024-03-13 01:06:00,2158.69,2158.98,2157.76,2158.3,141,4,0,141
2024-03-13 01:09:00,2158.35,2159.2,2158.31,2159.14,79,4,0,79
2024-03-13 01:12:00,2159.06,2159.12,2158.58,2158.73,58,4,0,58
2024-03-13 01:15:00,2158.75,2159.16,2158.12,2158.13,77,4,0,77
2024-03-13 01:18:00,2158.02,2158.08,2157.7,2157.75,79,4,0,79
2024-03-13 01:21:00,2157.68,2157.79,2157.24,2157.61,114,12,0,114
2024-03-13 01:24:00,2157.62,2157.8,2157.48,2157.71,33,12,0,33
2024-03-13 01:27:00,2157.7,2157.71,2156.58,2156.69,151,9,0,151
2024-03-13 01:30:00,2156.7,2156.97,2155.76,2155.76,139,4,0,139
2024-03-13 01:33:00,2155.8,2156.71,2155.76,2156.71,70,4,0,70
2024-03-13 01:36:00,2156.71,2157.0,2156.51,2156.98,78,4,0,78
2024-03-13 01:39:00,2156.98,2157.42,2156.89,2157.36,56,9,0,56
2024-03-13 01:42:00,2157.42,2157.46,2157.02,2157.41,56,5,0,56
2024-03-13 01:45:00,2157.43,2157.43,2157.02,2157.22,63,4,0,63
2024-03-13 01:48:00,2157.18,2157.94,2157.18,2157.63,49,4,0,49
2024-03-13 01:51:00,2157.57,2157.76,2157.54,2157.61,42,4,0,42
2024-03-13 01:54:00,2157.61,2157.71,2157.13,2157.33,75,4,0,75
2024-03-13 01:57:00,2157.22,2157.31,2156.99,2157.0,42,8,0,42
2024-03-13 02:00:00,2157.01,2157.77,2156.81,2157.42,80,4,0,80
2024-03-13 02:03:00,2157.43,2157.53,2156.84,2156.84,108,4,0,108
2024-03-13 02:06:00,2156.84,2157.7,2156.66,2157.46,94,4,0,94
2024-03-13 02:09:00,2157.46,2158.72,2157.44,2157.99,198,4,0,198
2024-03-13 02:12:00,2157.97,2159.56,2157.95,2159.18,180,4,0,180
2024-03-13 02:15:00,2159.15,2159.16,2157.94,2158.22,172,6,0,172
2024-03-13 02:18:00,2158.2,2158.67,2158.18,2158.29,123,11,0,123
2024-03-13 02:21:00,2158.29,2159.33,2158.29,2159.31,99,8,0,99
2024-03-13 02:24:00,2159.33,2159.73,2158.86,2159.46,228,4,0,228
2024-03-13 02:27:00,2159.37,2159.6,2159.2,2159.46,154,13,0,154
2024-03-13 02:30:00,2159.49,2160.34,2159.49,2160.14,120,4,0,120
2024-03-13 02:33:00,2160.14,2160.16,2159.78,2160.06,68,10,0,68
2024-03-13 02:36:00,2160.14,2160.49,2159.82,2159.82,95,12,0,95
2024-03-13 02:39:00,2159.76,2159.76,2159.39,2159.51,93,7,0,93
2024-03-13 02:42:00,2159.51,2159.79,2159.29,2159.62,104,4,0,104
2024-03-13 02:45:00,2159.62,2159.94,2159.43,2159.43,115,12,0,115
2024-03-13 02:48:00,2159.4,2159.46,2158.98,2159.3,140,7,0,140
2024-03-13 02:51:00,2159.28,2159.29,2158.7,2158.98,118,4,0,118
2024-03-13 02:54:00,2159.0,2159.1,2158.55,2158.74,121,5,0,121
2024-03-13 02:57:00,2158.73,2159.47,2158.73,2159.32,155,7,0,155
2024-03-13 03:00:00,2159.32,2159.38,2158.43,2158.76,438,4,0,438
2024-03-13 03:03:00,2158.73,2159.17,2158.17,2158.26,336,4,0,336
2024-03-13 03:06:00,2158.26,2159.58,2158.26,2159.49,199,4,0,199
2024-03-13 03:09:00,2159.49,2159.57,2158.6,2158.6,92,10,0,92
2024-03-13 03:12:00,2158.59,2159.12,2158.59,2158.77,128,11,0,128
2024-03-13 03:15:00,2158.73,2158.89,2158.48,2158.79,117,10,0,117
2024-03-13 03:18:00,2158.69,2159.22,2158.62,2158.69,148,6,0,148
2024-03-13 03:21:00,2158.7,2158.75,2158.33,2158.62,60,4,0,60
2024-03-13 03:24:00,2158.62,2158.76,2158.04,2158.15,97,4,0,97
2024-03-13 03:27:00,2158.12,2158.14,2157.43,2157.74,153,4,0,153
2024-03-13 03:30:00,2157.78,2158.23,2157.64,2158.21,122,6,0,122
2024-03-13 03:33:00,2158.23,2158.25,2157.46,2157.88,173,4,0,173
2024-03-13 03:36:00,2157.85,2157.86,2157.43,2157.72,171,4,0,171
2024-03-13 03:39:00,2157.7,2157.9,2157.56,2157.59,137,4,0,137
2024-03-13 03:42:00,2157.59,2157.97,2157.4,2157.69,104,4,0,104
2024-03-13 03:45:00,2157.69,2158.18,2157.64,2157.98,118,4,0,118
2024-03-13 03:48:00,2157.98,2158.43,2157.89,2158.09,171,4,0,171
2024-03-13 03:51:00,2158.09,2158.73,2158.03,2158.64,151,4,0,151
2024-03-13 03:54:00,2158.63,2159.02,2158.53,2158.83,93,4,0,93
2024-03-13 03:57:00,2158.85,2159.19,2158.6,2158.63,112,4,0,112
2024-03-13 04:00:00,2158.6,2158.9,2158.09,2158.22,149,4,0,149
2024-03-13 04:03:00,2158.18,2158.49,2157.51,2157.58,148,4,0,148
2024-03-13 04:06:00,2157.59,2158.06,2157.44,2158.01,131,4,0,131
2024-03-13 04:09:00,2158.03,2158.81,2157.98,2158.68,129,4,0,129
2024-03-13 04:12:00,2158.71,2159.9,2158.59,2159.71,151,4,0,151
2024-03-13 04:15:00,2159.76,2159.91,2159.39,2159.62,208,4,0,208
2024-03-13 04:18:00,2159.63,2160.07,2159.29,2159.44,162,4,0,162
2024-03-13 04:21:00,2159.44,2160.02,2159.44,2159.87,197,7,0,197
2024-03-13 04:24:00,2159.87,2160.18,2159.44,2160.09,163,4,0,163
2024-03-13 04:27:00,2160.1,2160.29,2159.8,2159.8,78,11,0,78
2024-03-13 04:30:00,2159.85,2160.54,2159.62,2160.33,153,9,0,153
2024-03-13 04:33:00,2160.31,2160.34,2159.84,2160.26,117,9,0,117
2024-03-13 04:36:00,2160.27,2160.37,2159.5,2159.86,159,12,0,159
2024-03-13 04:39:00,2159.84,2159.99,2159.73,2159.83,106,12,0,106
2024-03-13 04:42:00,2159.83,2160.26,2159.72,2160.05,70,13,0,70
2024-03-13 04:45:00,2160.02,2161.33,2160.02,2161.26,153,4,0,153
2024-03-13 04:48:00,2161.24,2161.55,2160.85,2161.53,202,4,0,202
2024-03-13 04:51:00,2161.53,2161.59,2161.1,2161.15,130,4,0,130
2024-03-13 04:54:00,2161.15,2161.15,2160.29,2160.4,129,7,0,129
2024-03-13 04:57:00,2160.47,2160.53,2160.23,2160.38,112,7,0,112
2024-03-13 05:00:00,2160.4,2160.49,2159.8,2159.82,86,4,0,86
2024-03-13 05:03:00,2159.81,2159.92,2159.65,2159.71,87,9,0,87
2024-03-13 05:06:00,2159.71,2159.93,2159.52,2159.66,148,6,0,148
2024-03-13 05:09:00,2159.66,2159.75,2159.3,2159.37,171,8,0,171
2024-03-13 05:12:00,2159.36,2159.53,2159.3,2159.39,118,8,0,118
2024-03-13 05:15:00,2159.39,2159.85,2159.39,2159.46,150,10,0,150
2024-03-13 05:18:00,2159.45,2159.48,2159.16,2159.38,88,4,0,88
2024-03-13 05:21:00,2159.38,2159.39,2159.03,2159.13,132,10,0,132
2024-03-13 05:24:00,2159.12,2160.24,2159.11,2160.12,136,8,0,136
2024-03-13 05:27:00,2160.11,2160.37,2160.04,2160.37,105,5,0,105
2024-03-13 05:30:00,2160.4,2160.72,2160.39,2160.59,103,4,0,103
2024-03-13 05:33:00,2160.59,2160.61,2160.08,2160.08,74,6,0,74
2024-03-13 05:36:00,2160.08,2160.27,2159.69,2159.79,41,7,0,41
2024-03-13 05:39:00,2159.79,2159.79,2159.11,2159.13,76,4,0,76
2024-03-13 05:42:00,2159.11,2159.14,2157.68,2157.89,154,6,0,154
2024-03-13 05:45:00,2157.85,2158.08,2157.53,2157.54,223,4,0,223
2024-03-13 05:48:00,2157.54,2158.21,2157.46,2158.15,179,4,0,179
2024-03-13 05:51:00,2158.15,2158.7,2158.15,2158.58,102,4,0,102
2024-03-13 05:54:00,2158.58,2159.48,2158.58,2159.37,108,4,0,108
2024-03-13 05:57:00,2159.37,2159.46,2158.94,2159.14,66,6,0,66
2024-03-13 06:00:00,2159.11,2159.28,2158.57,2159.28,83,11,0,83
2024-03-13 06:03:00,2159.23,2159.69,2159.23,2159.38,81,5,0,81
2024-03-13 06:06:00,2159.38,2159.44,2159.08,2159.19,60,11,0,60
2024-03-13 06:09:00,2159.26,2159.47,2158.99,2159.21,59,8,0,59
2024-03-13 06:12:00,2159.23,2159.42,2159.0,2159.07,62,4,0,62
2024-03-13 06:15:00,2159.07,2159.07,2158.36,2158.36,142,5,0,142
2024-03-13 06:18:00,2158.38,2158.45,2157.98,2158.32,178,4,0,178
2024-03-13 06:21:00,2158.31,2158.58,2158.27,2158.3,128,6,0,128
2024-03-13 06:24:00,2158.3,2158.3,2157.7,2157.81,131,9,0,131
2024-03-13 06:27:00,2157.81,2158.35,2157.73,2157.73,79,4,0,79
2024-03-13 06:30:00,2157.71,2157.73,2157.24,2157.29,88,4,0,88
2024-03-13 06:33:00,2157.28,2158.28,2157.23,2157.84,125,4,0,125
2024-03-13 06:36:00,2157.83,2158.3,2157.83,2157.88,80,4,0,80
2024-03-13 06:39:00,2157.88,2158.06,2157.67,2157.77,65,4,0,65
2024-03-13 06:42:00,2157.77,2158.23,2157.77,2158.05,66,4,0,66
2024-03-13 06:45:00,2158.03,2159.14,2158.0,2158.98,121,4,0,121
2024-03-13 06:48:00,2158.82,2158.82,2158.46,2158.57,68,4,0,68
2024-03-13 06:51:00,2158.6,2158.95,2158.27,2158.84,69,6,0,69
2024-03-13 06:54:00,2158.84,2159.17,2158.71,2159.07,69,4,0,69
2024-03-13 06:57:00,2159.08,2159.51,2159.08,2159.36,68,4,0,68
2024-03-13 07:00:00,2159.27,2159.56,2159.2,2159.5,65,5,0,65
2024-03-13 07:03:00,2159.48,2159.85,2159.03,2159.53,99,5,0,99
2024-03-13 07:06:00,2159.52,2159.74,2158.98,2159.61,134,4,0,134
2024-03-13 07:09:00,2159.62,2159.81,2159.46,2159.81,81,6,0,81
2024-03-13 07:12:00,2159.8,2159.84,2159.6,2159.6,51,6,0,51
2024-03-13 07:15:00,2159.54,2159.75,2159.13,2159.28,92,8,0,92
2024-03-13 07:18:00,2159.27,2159.33,2159.07,2159.11,87,4,0,87
2024-03-13 07:21:00,2159.1,2159.1,2158.79,2158.99,87,9,0,87
2024-03-13 07:24:00,2158.94,2159.39,2158.7,2159.09,161,4,0,161
2024-03-13 07:27:00,2159.19,2159.48,2159.13,2159.32,143,5,0,143
2024-03-13 07:30:00,2159.33,2159.94,2159.1,2159.38,247,4,0,247
2024-03-13 07:33:00,2159.33,2159.42,2158.92,2159.27,175,4,0,175
2024-03-13 07:36:00,2159.27,2159.87,2159.27,2159.82,163,4,0,163
2024-03-13 07:39:00,2159.82,2160.6,2159.82,2160.43,258,4,0,258
2024-03-13 07:42:00,2160.44,2160.44,2159.95,2160.03,230,7,0,230
2024-03-13 07:45:00,2160.03,2160.06,2159.43,2159.52,223,5,0,223
2024-03-13 07:48:00,2159.51,2159.63,2158.84,2159.33,161,4,0,161
2024-03-13 07:51:00,2159.33,2159.47,2158.87,2159.08,155,6,0,155
2024-03-13 07:54:00,2159.0,2159.5,2158.98,2159.5,127,4,0,127
2024-03-13 07:57:00,2159.52,2160.18,2159.48,2160.07,113,8,0,113
2024-03-13 08:00:00,2160.07,2161.49,2159.97,2161.31,259,4,0,259
2024-03-13 08:03:00,2161.32,2161.46,2160.09,2160.32,203,4,0,203
2024-03-13 08:06:00,2160.34,2160.36,2159.38,2159.67,165,4,0,165
2024-03-13 08:09:00,2159.65,2159.67,2158.87,2159.11,106,4,0,106
2024-03-13 08:12:00,2159.15,2159.85,2159.05,2159.74,79,4,0,79
2024-03-13 08:15:00,2159.74,2160.13,2159.69,2159.83,95,4,0,95
2024-03-13 08:18:00,2159.81,2159.94,2159.44,2159.48,104,4,0,104
2024-03-13 08:21:00,2159.52,2159.69,2158.9,2159.09,94,4,0,94
2024-03-13 08:24:00,2159.1,2159.34,2158.87,2159.21,86,4,0,86
2024-03-13 08:27:00,2159.25,2159.4,2159.0,2159.15,148,4,0,148
2024-03-13 08:30:00,2159.15,2159.65,2159.15,2159.29,123,4,0,123
2024-03-13 08:33:00,2159.29,2159.79,2159.28,2159.78,63,4,0,63
2024-03-13 08:36:00,2159.8,2159.8,2158.89,2159.11,152,4,0,152
2024-03-13 08:39:00,2159.11,2159.11,2158.71,2158.86,158,5,0,158
2024-03-13 08:42:00,2158.87,2159.0,2158.46,2158.71,131,4,0,131
2024-03-13 08:45:00,2158.71,2158.84,2158.46,2158.71,110,4,0,110
2024-03-13 08:48:00,2158.8,2159.12,2158.69,2159.02,109,4,0,109
2024-03-13 08:51:00,2159.05,2159.5,2158.91,2159.14,109,4,0,109
2024-03-13 08:54:00,2159.18,2159.19,2158.5,2158.91,128,4,0,128
2024-03-13 08:57:00,2158.8,2159.52,2158.76,2159.43,123,9,0,123
2024-03-13 09:00:00,2159.42,2160.47,2159.27,2159.6,230,4,0,230
2024-03-13 09:03:00,2159.63,2159.98,2159.49,2159.55,158,8,0,158
2024-03-13 09:06:00,2159.55,2159.89,2159.12,2159.31,171,4,0,171
2024-03-13 09:09:00,2159.33,2159.6,2158.73,2159.59,166,4,0,166
2024-03-13 09:12:00,2159.59,2160.21,2159.52,2160.1,201,4,0,201
2024-03-13 09:15:00,2160.1,2160.8,2159.92,2160.11,186,4,0,186
2024-03-13 09:18:00,2160.18,2160.19,2159.8,2159.9,86,5,0,86
2024-03-13 09:21:00,2159.9,2160.02,2159.38,2159.9,112,4,0,112
2024-03-13 09:24:00,2159.9,2160.2,2159.61,2159.72,154,4,0,154
2024-03-13 09:27:00,2159.72,2160.1,2159.72,2160.01,95,8,0,95
2024-03-13 09:30:00,2160.02,2160.02,2159.02,2159.12,307,4,0,307
2024-03-13 09:33:00,2159.12,2159.37,2158.52,2159.09,181,4,0,181
2024-03-13 09:36:00,2159.08,2159.85,2159.03,2159.65,139,4,0,139
2024-03-13 09:39:00,2159.65,2160.14,2159.46,2159.5,256,4,0,256
2024-03-13 09:42:00,2159.51,2160.0,2159.47,2159.74,283,4,0,283
2024-03-13 09:45:00,2159.75,2159.79,2159.2,2159.21,255,4,0,255
2024-03-13 09:48:00,2159.21,2159.71,2159.21,2159.45,257,4,0,257
2024-03-13 09:51:00,2159.45,2159.52,2158.9,2159.35,254,4,0,254
2024-03-13 09:54:00,2159.34,2159.72,2159.09,2159.2,260,4,0,260
2024-03-13 09:57:00,2159.29,2159.85,2159.17,2159.79,349,4,0,349
2024-03-13 10:00:00,2159.79,2160.58,2159.58,2160.26,547,4,0,547
2024-03-13 10:03:00,2160.25,2161.15,2160.25,2160.72,424,4,0,424
2024-03-13 10:06:00,2160.73,2160.75,2159.68,2159.75,202,4,0,202
2024-03-13 10:09:00,2159.75,2160.04,2159.25,2159.33,139,4,0,139
2024-03-13 10:12:00,2159.35,2159.43,2158.81,2158.95,259,4,0,259
2024-03-13 10:15:00,2158.93,2159.45,2158.45,2158.74,253,4,0,253
2024-03-13 10:18:00,2158.73,2158.98,2158.37,2158.95,244,4,0,244
2024-03-13 10:21:00,2158.95,2159.34,2158.54,2159.24,212,4,0,212
2024-03-13 10:24:00,2159.24,2159.64,2158.86,2159.04,190,5,0,190
2024-03-13 10:27:00,2159.04,2159.79,2158.25,2159.14,312,4,0,312
2024-03-13 10:30:00,2159.14,2159.63,2159.13,2159.23,300,4,0,300
2024-03-13 10:33:00,2159.17,2159.23,2158.73,2158.94,236,4,0,236
2024-03-13 10:36:00,2158.93,2158.93,2158.23,2158.34,199,4,0,199
2024-03-13 10:39:00,2158.33,2158.9,2158.26,2158.67,238,6,0,238
2024-03-13 10:42:00,2158.66,2159.22,2158.66,2158.93,181,6,0,181
2024-03-13 10:45:00,2158.93,2159.51,2158.82,2159.43,254,4,0,254
2024-03-13 10:48:00,2159.43,2159.5,2158.59,2158.64,178,7,0,178
2024-03-13 10:51:00,2158.62,2158.8,2158.22,2158.52,210,8,0,210
2024-03-13 10:54:00,2158.52,2158.63,2158.22,2158.43,283,4,0,283
2024-03-13 10:57:00,2158.43,2158.51,2157.93,2158.22,266,4,0,266
2024-03-13 11:00:00,2158.22,2158.42,2157.57,2158.33,354,4,0,354
2024-03-13 11:03:00,2158.33,2159.11,2158.01,2159.02,333,4,0,333
2024-03-13 11:06:00,2159.02,2159.02,2157.94,2158.26,366,4,0,366
2024-03-13 11:09:00,2158.24,2159.41,2158.18,2159.37,207,4,0,207
2024-03-13 11:12:00,2159.37,2159.4,2158.65,2159.12,179,9,0,179
2024-03-13 11:15:00,2159.11,2160.26,2159.04,2160.0,464,4,0,464
2024-03-13 11:18:00,2160.01,2160.01,2158.83,2158.83,336,4,0,336
2024-03-13 11:21:00,2158.82,2159.53,2158.81,2159.35,303,4,0,303
2024-03-13 11:24:00,2159.37,2159.52,2158.42,2158.44,227,4,0,227
2024-03-13 11:27:00,2158.45,2159.71,2158.43,2159.46,262,4,0,262
2024-03-13 11:30:00,2159.43,2159.83,2158.71,2159.03,293,6,0,293
2024-03-13 11:33:00,2159.03,2159.28,2158.59,2159.24,262,6,0,262
2024-03-13 11:36:00,2159.24,2159.44,2159.17,2159.39,163,6,0,163
2024-03-13 11:39:00,2159.39,2159.86,2159.3,2159.59,233,5,0,233
2024-03-13 11:42:00,2159.61,2159.66,2158.67,2158.98,248,7,0,248
2024-03-13 11:45:00,2158.98,2159.47,2158.94,2159.07,153,7,0,153
2024-03-13 11:48:00,2159.04,2159.18,2158.68,2158.98,205,8,0,205
2024-03-13 11:51:00,2158.99,2159.32,2158.93,2159.0,145,4,0,145
2024-03-13 11:54:00,2159.01,2159.17,2158.16,2158.25,170,4,0,170
2024-03-13 11:57:00,2158.27,2158.67,2157.78,2158.57,155,4,0,155
2024-03-13 12:00:00,2158.57,2158.68,2158.1,2158.29,292,6,0,292
2024-03-13 12:03:00,2158.29,2158.97,2158.23,2158.95,212,5,0,212
2024-03-13 12:06:00,2158.93,2159.42,2158.85,2159.07,198,4,0,198
2024-03-13 12:09:00,2159.08,2159.63,2159.02,2159.54,128,7,0,128
2024-03-13 12:12:00,2159.54,2159.88,2159.35,2159.88,137,4,0,137
2024-03-13 12:15:00,2159.8,2159.89,2159.56,2159.65,113,4,0,113
2024-03-13 12:18:00,2159.65,2160.07,2159.64,2159.89,159,7,0,159
2024-03-13 12:21:00,2159.9,2159.96,2159.53,2159.83,193,4,0,193
2024-03-13 12:24:00,2159.83,2160.15,2159.72,2160.14,216,5,0,216
2024-03-13 12:27:00,2160.15,2161.25,2160.15,2160.81,281,4,0,281
2024-03-13 12:30:00,2160.77,2161.18,2160.58,2160.84,294,4,0,294
2024-03-13 12:33:00,2160.84,2161.24,2160.59,2161.23,222,4,0,222
2024-03-13 12:36:00,2161.23,2162.44,2161.18,2161.72,371,4,0,371
2024-03-13 12:39:00,2161.72,2163.42,2161.72,2163.39,359,4,0,359
2024-03-13 12:42:00,2163.37,2163.66,2162.57,2162.98,325,4,0,325
2024-03-13 12:45:00,2162.99,2163.59,2162.79,2163.31,232,4,0,232
2024-03-13 12:48:00,2163.31,2163.62,2163.15,2163.6,245,4,0,245
2024-03-13 12:51:00,2163.6,2163.69,2162.93,2163.01,184,4,0,184
2024-03-13 12:54:00,2163.01,2163.52,2162.74,2163.32,217,4,0,217
2024-03-13 12:57:00,2163.32,2163.48,2162.95,2163.43,191,4,0,191
2024-03-13 13:00:00,2163.43,2164.01,2162.98,2163.35,294,4,0,294
2024-03-13 13:03:00,2163.35,2163.35,2161.82,2161.84,225,4,0,225
2024-03-13 13:06:00,2161.84,2162.43,2161.74,2161.84,196,4,0,196
2024-03-13 13:09:00,2161.84,2162.27,2161.63,2162.02,187,4,0,187
2024-03-13 13:12:00,2162.02,2162.8,2162.01,2162.71,176,4,0,176
2024-03-13 13:15:00,2162.71,2163.42,2162.61,2163.42,143,4,0,143
2024-03-13 13:18:00,2163.43,2164.08,2163.26,2163.75,155,4,0,155
2024-03-13 13:21:00,2163.73,2164.0,2163.69,2163.8,153,5,0,153
2024-03-13 13:24:00,2163.8,2163.9,2163.2,2163.21,182,4,0,182
2024-03-13 13:27:00,2163.21,2163.41,2162.39,2162.7,174,4,0,174
2024-03-13 13:30:00,2162.73,2163.06,2162.39,2162.89,162,4,0,162
2024-03-13 13:33:00,2162.89,2163.51,2162.7,2162.8,183,4,0,183
2024-03-13 13:36:00,2162.8,2163.4,2162.69,2162.8,153,4,0,153
2024-03-13 13:39:00,2162.8,2163.16,2162.49,2163.01,157,4,0,157
2024-03-13 13:42:00,2163.01,2163.4,2162.91,2163.2,150,8,0,150
2024-03-13 13:45:00,2163.2,2163.52,2162.81,2163.42,65,7,0,65
2024-03-13 13:48:00,2163.42,2163.61,2163.03,2163.07,125,4,0,125
2024-03-13 13:51:00,2163.11,2163.36,2162.86,2163.36,132,4,0,132
2024-03-13 13:54:00,2163.37,2164.19,2163.24,2164.07,160,7,0,160
2024-03-13 13:57:00,2164.07,2164.17,2163.77,2164.01,155,6,0,155
2024-03-13 14:00:00,2164.05,2164.35,2163.13,2163.37,397,4,0,397
2024-03-13 14:03:00,2163.37,2163.68,2162.24,2162.34,405,4,0,405
2024-03-13 14:06:00,2162.34,2163.71,2162.24,2163.7,395,4,0,395
2024-03-13 14:09:00,2163.7,2164.57,2163.61,2164.3,458,4,0,458
2024-03-13 14:12:00,2164.3,2165.38,2163.91,2164.6,314,4,0,314
2024-03-13 14:15:00,2164.5,2165.39,2164.2,2165.28,331,4,0,331
2024-03-13 14:18:00,2165.19,2165.89,2163.6,2165.79,482,4,0,482
2024-03-13 14:21:00,2165.78,2166.25,2164.6,2165.49,458,4,0,458
2024-03-13 14:24:00,2165.44,2166.36,2165.18,2165.29,518,4,0,518
2024-03-13 14:27:00,2165.29,2165.73,2163.76,2163.93,423,4,0,423
2024-03-13 14:30:00,2163.94,2164.17,2163.15,2163.89,402,4,0,402
2024-03-13 14:33:00,2163.87,2164.07,2162.83,2163.03,343,4,0,343
2024-03-13 14:36:00,2163.14,2163.14,2162.43,2162.73,398,4,0,398
2024-03-13 14:39:00,2162.73,2164.12,2162.72,2163.97,398,4,0,398
2024-03-13 14:42:00,2163.97,2164.11,2163.11,2163.7,500,4,0,500
2024-03-13 14:45:00,2163.7,2164.63,2163.32,2163.91,361,4,0,361
2024-03-13 14:48:00,2163.92,2164.88,2163.6,2163.92,476,5,0,476
2024-03-13 14:51:00,2163.92,2163.94,2163.12,2163.86,374,4,0,374
2024-03-13 14:54:00,2163.89,2163.92,2163.11,2163.51,496,4,0,496
2024-03-13 14:57:00,2163.52,2163.89,2163.1,2163.6,439,4,0,439
2024-03-13 15:00:00,2163.61,2164.5,2162.7,2164.09,830,4,0,830
2024-03-13 15:03:00,2164.08,2164.65,2163.2,2163.4,594,4,0,594
2024-03-13 15:06:00,2163.41,2163.62,2162.64,2162.81,583,4,0,583
2024-03-13 15:09:00,2162.81,2163.33,2162.46,2162.62,522,5,0,522
2024-03-13 15:12:00,2162.64,2163.46,2162.58,2162.81,325,6,0,325
2024-03-13 15:15:00,2162.81,2163.35,2161.45,2161.8,428,4,0,428
2024-03-13 15:18:00,2161.79,2163.96,2161.79,2163.45,408,4,0,408
2024-03-13 15:21:00,2163.45,2164.02,2162.97,2163.32,311,4,0,311
2024-03-13 15:24:00,2163.32,2163.83,2163.13,2163.71,233,4,0,233
2024-03-13 15:27:00,2163.7,2164.75,2163.14,2164.62,381,4,0,381
2024-03-13 15:30:00,2164.64,2166.62,2163.41,2165.01,934,4,0,934
2024-03-13 15:33:00,2165.03,2167.01,2164.26,2166.08,860,4,0,860
2024-03-13 15:36:00,2166.09,2168.47,2166.04,2168.03,793,4,0,793
2024-03-13 15:39:00,2167.95,2171.65,2167.45,2170.72,1060,4,0,1060
2024-03-13 15:42:00,2170.74,2171.27,2167.25,2168.18,809,4,0,809
2024-03-13 15:45:00,2168.2,2168.32,2163.82,2167.67,926,4,0,926
2024-03-13 15:48:00,2167.64,2167.84,2164.85,2164.95,855,4,0,855
2024-03-13 15:51:00,2164.94,2166.48,2164.55,2165.7,823,4,0,823
2024-03-13 15:54:00,2165.71,2166.13,2164.26,2165.6,602,4,0,602
2024-03-13 15:57:00,2165.6,2166.37,2165.23,2166.11,533,4,0,533
2024-03-13 16:00:00,2166.04,2167.19,2165.15,2165.44,594,4,0,594
2024-03-13 16:03:00,2165.44,2166.17,2164.21,2164.36,447,4,0,447
2024-03-13 16:06:00,2164.36,2165.8,2163.45,2164.56,553,4,0,553
2024-03-13 16:09:00,2164.56,2164.9,2163.87,2164.37,457,4,0,457
2024-03-13 16:12:00,2164.38,2165.25,2163.55,2164.96,537,4,0,537
2024-03-13 16:15:00,2164.97,2165.74,2164.56,2165.64,473,4,0,473
2024-03-13 16:18:00,2165.64,2167.74,2165.44,2167.53,571,4,0,571
2024-03-13 16:21:00,2167.54,2168.56,2166.71,2168.56,522,4,0,522
2024-03-13 16:24:00,2168.52,2169.18,2166.61,2166.91,557,4,0,557
2024-03-13 16:27:00,2166.92,2167.5,2166.72,2166.94,493,4,0,493
2024-03-13 16:30:00,2166.94,2167.27,2166.13,2166.45,574,4,0,574
2024-03-13 16:33:00,2166.45,2167.52,2166.27,2167.5,412,4,0,412
2024-03-13 16:36:00,2167.5,2167.73,2166.45,2167.05,416,4,0,416
2024-03-13 16:39:00,2167.05,2168.9,2166.95,2168.62,639,4,0,639
2024-03-13 16:42:00,2168.63,2168.82,2167.82,2168.13,365,4,0,365
2024-03-13 16:45:00,2168.13,2168.55,2167.48,2168.04,385,4,0,385
2024-03-13 16:48:00,2168.04,2168.41,2166.93,2166.94,458,4,0,458
2024-03-13 16:51:00,2166.94,2168.75,2166.81,2168.75,502,4,0,502
2024-03-13 16:54:00,2168.74,2169.52,2168.13,2169.51,555,4,0,555
2024-03-13 16:57:00,2169.51,2169.76,2168.63,2168.97,573,4,0,573
2024-03-13 17:00:00,2168.92,2169.14,2168.26,2168.67,548,4,0,548
2024-03-13 17:03:00,2168.69,2170.82,2168.64,2169.95,473,4,0,473
2024-03-13 17:06:00,2169.95,2171.69,2169.95,2170.31,574,4,0,574
2024-03-13 17:09:00,2170.24,2170.83,2169.83,2169.93,537,4,0,537
2024-03-13 17:12:00,2169.95,2171.14,2169.83,2171.03,494,4,0,494
2024-03-13 17:15:00,2171.04,2172.03,2170.59,2171.2,660,4,0,660
2024-03-13 17:18:00,2171.21,2171.84,2171.01,2171.5,499,4,0,499
2024-03-13 17:21:00,2171.53,2172.62,2171.53,2172.55,485,4,0,485
2024-03-13 17:24:00,2172.55,2173.89,2172.21,2173.62,622,4,0,622
2024-03-13 17:27:00,2173.62,2174.58,2173.55,2173.9,582,4,0,582
2024-03-13 17:30:00,2173.9,2173.96,2171.74,2171.91,466,4,0,466
2024-03-13 17:33:00,2171.91,2173.05,2171.91,2172.84,482,4,0,482
2024-03-13 17:36:00,2172.84,2173.43,2172.38,2173.08,454,4,0,454
2024-03-13 17:39:00,2173.08,2173.17,2171.79,2171.96,438,4,0,438
2024-03-13 17:42:00,2171.89,2172.44,2171.66,2172.04,384,4,0,384
2024-03-13 17:45:00,2172.06,2172.83,2171.84,2172.06,384,4,0,384
2024-03-13 17:48:00,2172.05,2172.54,2171.75,2171.86,441,4,0,441
2024-03-13 17:51:00,2171.86,2172.22,2171.39,2171.88,359,4,0,359
2024-03-13 17:54:00,2171.87,2173.0,2171.86,2172.83,425,4,0,425
2024-03-13 17:57:00,2172.83,2173.02,2171.72,2171.74,341,4,0,341
2024-03-13 18:00:00,2171.74,2172.14,2170.77,2171.25,456,4,0,456
2024-03-13 18:03:00,2171.27,2171.46,2170.33,2170.35,365,4,0,365
2024-03-13 18:06:00,2170.35,2170.75,2169.64,2170.32,473,4,0,473
2024-03-13 18:09:00,2170.32,2171.02,2170.31,2170.76,449,4,0,449
2024-03-13 18:12:00,2170.76,2171.14,2170.41,2170.97,490,4,0,490
2024-03-13 18:15:00,2170.96,2172.85,2170.84,2172.39,558,4,0,558
2024-03-13 18:18:00,2172.39,2173.16,2171.9,2172.88,404,5,0,404
2024-03-13 18:21:00,2172.89,2173.31,2172.23,2173.21,348,4,0,348
2024-03-13 18:24:00,2173.21,2173.61,2172.62,2172.81,423,4,0,423
2024-03-13 18:27:00,2172.87,2173.71,2172.57,2173.47,425,4,0,425
2024-03-13 18:30:00,2173.48,2173.66,2172.66,2172.68,321,6,0,321
2024-03-13 18:33:00,2172.68,2172.78,2172.26,2172.7,331,4,0,331
2024-03-13 18:36:00,2172.67,2172.77,2170.83,2171.07,215,4,0,215
2024-03-13 18:39:00,2171.07,2172.53,2170.96,2172.45,355,7,0,355
2024-03-13 18:42:00,2172.3,2172.76,2172.08,2172.27,337,4,0,337
2024-03-13 18:45:00,2172.28,2173.71,2172.15,2173.52,332,4,0,332
2024-03-13 18:48:00,2173.52,2173.6,2172.93,2173.43,297,5,0,297
2024-03-13 18:51:00,2173.44,2173.77,2173.03,2173.38,229,4,0,229
2024-03-13 18:54:00,2173.39,2174.72,2173.39,2174.34,459,4,0,459
2024-03-13 18:57:00,2174.32,2174.62,2173.43,2173.66,357,4,0,357
2024-03-13 19:00:00,2173.67,2175.94,2173.28,2174.75,629,4,0,629
2024-03-13 19:03:00,2174.75,2175.99,2173.97,2175.05,688,4,0,688
2024-03-13 19:06:00,2175.02,2176.72,2174.43,2176.47,523,4,0,523
2024-03-13 19:09:00,2176.45,2177.62,2175.95,2177.62,644,4,0,644
2024-03-13 19:12:00,2177.61,2178.37,2177.38,2178.01,540,4,0,540
2024-03-13 19:15:00,2178.04,2179.84,2177.14,2177.65,588,4,0,588
2024-03-13 19:18:00,2177.65,2178.04,2176.8,2177.12,400,4,0,400
2024-03-13 19:21:00,2177.18,2177.71,2176.68,2177.16,314,4,0,314
2024-03-13 19:24:00,2177.16,2177.25,2174.69,2175.39,502,4,0,502
2024-03-13 19:27:00,2175.39,2175.58,2174.9,2175.48,397,4,0,397
2024-03-13 19:30:00,2175.47,2176.26,2174.8,2175.9,352,4,0,352
2024-03-13 19:33:00,2175.9,2176.72,2175.76,2176.57,270,4,0,270
2024-03-13 19:36:00,2176.58,2177.45,2176.55,2177.09,271,4,0,271
2024-03-13 19:39:00,2177.09,2177.47,2176.75,2176.75,228,4,0,228
2024-03-13 19:42:00,2176.74,2177.25,2176.57,2177.12,161,4,0,161
2024-03-13 19:45:00,2177.12,2177.12,2175.48,2175.66,241,4,0,241
2024-03-13 19:48:00,2175.66,2175.76,2174.5,2174.67,221,4,0,221
2024-03-13 19:51:00,2174.67,2175.27,2174.49,2174.97,259,5,0,259
2024-03-13 19:54:00,2174.98,2174.98,2174.58,2174.81,178,4,0,178
2024-03-13 19:57:00,2174.81,2174.81,2174.3,2174.54,184,4,0,184
2024-03-13 20:00:00,2174.56,2175.07,2174.28,2174.9,214,7,0,214
2024-03-13 20:03:00,2174.9,2175.76,2174.89,2175.29,226,4,0,226
2024-03-13 20:06:00,2175.29,2175.58,2175.17,2175.17,105,9,0,105
2024-03-13 20:09:00,2175.17,2175.85,2175.08,2175.67,207,6,0,207
2024-03-13 20:12:00,2175.67,2175.89,2175.57,2175.63,108,4,0,108
2024-03-13 20:15:00,2175.68,2176.45,2175.68,2176.18,121,4,0,121
2024-03-13 20:18:00,2176.08,2176.37,2175.72,2175.98,131,4,0,131
2024-03-13 20:21:00,2175.98,2176.29,2175.77,2175.88,141,4,0,141
2024-03-13 20:24:00,2175.87,2175.97,2175.15,2175.57,163,4,0,163
2024-03-13 20:27:00,2175.57,2175.86,2175.39,2175.86,146,4,0,146
2024-03-13 20:30:00,2175.9,2176.29,2175.68,2176.2,95,4,0,95
2024-03-13 20:33:00,2176.2,2176.6,2175.84,2175.84,191,4,0,191
2024-03-13 20:36:00,2175.83,2176.54,2175.79,2176.47,180,4,0,180
2024-03-13 20:39:00,2176.46,2176.46,2176.09,2176.1,126,4,0,126
2024-03-13 20:42:00,2176.09,2176.18,2175.37,2176.09,224,4,0,224
2024-03-13 20:45:00,2176.09,2176.18,2175.79,2175.88,132,4,0,132
2024-03-13 20:48:00,2175.89,2175.89,2174.89,2175.0,144,4,0,144
2024-03-13 20:51:00,2175.0,2175.27,2174.9,2175.19,114,6,0,114
2024-03-13 20:54:00,2175.19,2175.22,2174.41,2174.46,177,4,0,177
2024-03-13 20:57:00,2174.46,2174.99,2174.4,2174.87,182,4,0,182
2024-03-13 21:00:00,2174.87,2175.31,2174.58,2175.2,159,4,0,159
2024-03-13 21:03:00,2175.16,2175.57,2175.15,2175.38,89,4,0,89
2024-03-13 21:06:00,2175.35,2175.35,2175.09,2175.23,93,4,0,93
2024-03-13 21:09:00,2175.23,2175.42,2175.2,2175.36,65,4,0,65
2024-03-13 21:12:00,2175.35,2175.41,2174.46,2174.55,120,4,0,120
2024-03-13 21:15:00,2174.51,2174.58,2173.26,2173.34,179,4,0,179
2024-03-13 21:18:00,2173.35,2174.12,2173.33,2173.91,137,4,0,137
2024-03-13 21:21:00,2173.88,2174.0,2173.62,2173.84,147,6,0,147
2024-03-13 21:24:00,2173.83,2174.32,2173.8,2174.14,223,6,0,223
2024-03-13 21:27:00,2174.14,2174.64,2173.96,2174.6,167,4,0,167
2024-03-13 21:30:00,2174.61,2174.61,2174.04,2174.25,157,4,0,157
2024-03-13 21:33:00,2174.22,2174.38,2174.07,2174.11,115,7,0,115
2024-03-13 21:36:00,2174.11,2174.11,2173.73,2173.9,101,7,0,101
2024-03-13 21:39:00,2173.9,2173.93,2173.09,2173.19,136,4,0,136
2024-03-13 21:42:00,2173.19,2173.32,2173.05,2173.18,82,6,0,82
2024-03-13 21:45:00,2173.17,2173.68,2172.66,2173.68,194,4,0,194
2024-03-13 21:48:00,2173.66,2173.71,2172.92,2172.92,145,4,0,145
2024-03-13 21:51:00,2172.88,2172.9,2172.35,2172.36,125,7,0,125
2024-03-13 21:54:00,2172.35,2172.35,2171.78,2172.18,215,4,0,215
2024-03-13 21:57:00,2172.17,2172.58,2171.88,2172.58,161,9,0,161
2024-03-13 22:00:00,2172.58,2173.28,2172.54,2172.73,143,7,0,143
2024-03-13 22:03:00,2172.72,2173.2,2172.66,2172.9,99,5,0,99
2024-03-13 22:06:00,2172.9,2172.95,2172.5,2172.6,60,4,0,60
2024-03-13 22:09:00,2172.6,2172.74,2172.41,2172.59,82,6,0,82
2024-03-13 22:12:00,2172.59,2172.82,2172.45,2172.48,77,4,0,77
2024-03-13 22:15:00,2172.47,2172.65,2172.41,2172.53,46,4,0,46
2024-03-13 22:18:00,2172.52,2172.8,2172.44,2172.8,65,4,0,65
2024-03-13 22:21:00,2172.72,2172.98,2172.66,2172.73,83,4,0,83
2024-03-13 22:24:00,2172.68,2173.25,2172.63,2173.02,100,4,0,100
2024-03-13 22:27:00,2173.05,2174.61,2173.0,2174.61,148,4,0,148
2024-03-13 22:30:00,2174.58,2174.79,2174.27,2174.27,73,4,0,73
2024-03-13 22:33:00,2174.17,2174.52,2173.84,2174.49,89,4,0,89
2024-03-13 22:36:00,2174.52,2174.62,2174.08,2174.14,76,4,0,76
2024-03-13 22:39:00,2174.16,2175.25,2174.16,2174.88,117,4,0,117
2024-03-13 22:42:00,2174.88,2174.88,2174.49,2174.5,35,4,0,35
2024-03-13 22:45:00,2174.44,2174.67,2174.17,2174.56,84,5,0,84
2024-03-13 22:48:00,2174.53,2174.72,2174.43,2174.49,67,11,0,67
2024-03-13 22:51:00,2174.48,2174.75,2174.46,2174.65,51,4,0,51
2024-03-13 22:54:00,2174.65,2174.65,2174.16,2174.65,86,6,0,86
2024-03-13 22:57:00,2174.65,2174.65,2174.36,2174.36,22,4,0,22
2024-03-14 00:00:00,2174.3,2174.37,2173.6,2173.76,77,55,0,77
2024-03-14 00:03:00,2173.76,2174.43,2173.51,2174.43,152,52,0,152
2024-03-14 00:06:00,2174.42,2174.71,2174.29,2174.58,64,4,0,64
2024-03-14 00:09:00,2174.58,2174.89,2174.51,2174.53,63,14,0,63
2024-03-14 00:12:00,2174.52,2174.65,2174.21,2174.31,69,14,0,69
2024-03-14 00:15:00,2174.33,2174.49,2174.22,2174.39,22,5,0,22
2024-03-14 00:18:00,2174.39,2174.56,2174.33,2174.56,24,4,0,24
2024-03-14 00:21:00,2174.56,2175.15,2174.41,2174.8,46,4,0,46
2024-03-14 00:24:00,2174.83,2174.9,2174.32,2174.82,39,4,0,39
2024-03-14 00:27:00,2174.82,2174.91,2174.6,2174.69,32,4,0,32
2024-03-14 00:30:00,2174.69,2175.09,2174.69,2175.03,42,4,0,42
2024-03-14 00:33:00,2175.02,2175.02,2174.8,2174.8,41,7,0,41
2024-03-14 00:36:00,2174.8,2175.2,2174.8,2175.12,54,8,0,54
2024-03-14 00:39:00,2175.13,2175.34,2175.13,2175.25,34,4,0,34
2024-03-14 00:42:00,2175.24,2175.5,2175.19,2175.5,27,8,0,27
2024-03-14 00:45:00,2175.42,2175.42,2175.1,2175.11,32,4,0,32
2024-03-14 00:48:00,2175.11,2175.12,2174.91,2175.11,21,8,0,21
2024-03-14 00:51:00,2175.03,2175.03,2174.61,2174.7,19,9,0,19
2024-03-14 00:54:00,2174.7,2174.79,2174.6,2174.65,29,9,0,29
2024-03-14 00:57:00,2174.67,2174.76,2174.61,2174.7,19,14,0,19
2024-03-14 01:00:00,2174.7,2175.53,2174.65,2175.37,81,8,0,81
2024-03-14 01:03:00,2175.3,2175.66,2175.3,2175.66,59,8,0,59
2024-03-14 01:06:00,2175.66,2175.67,2175.29,2175.38,45,4,0,45
2024-03-14 01:09:00,2175.38,2175.57,2175.17,2175.27,46,4,0,46
2024-03-14 01:12:00,2175.16,2175.27,2175.08,2175.19,26,4,0,26
2024-03-14 01:15:00,2175.19,2175.38,2175.1,2175.28,22,9,0,22
2024-03-14 01:18:00,2175.28,2175.57,2175.28,2175.36,54,5,0,54
2024-03-14 01:21:00,2175.36,2175.47,2175.35,2175.45,27,4,0,27
2024-03-14 01:24:00,2175.45,2176.19,2175.35,2176.11,28,4,0,28
2024-03-14 01:27:00,2176.14,2176.21,2176.01,2176.03,40,4,0,40
2024-03-14 01:30:00,2176.03,2176.13,2175.78,2175.84,39,4,0,39
2024-03-14 01:33:00,2175.84,2175.85,2175.24,2175.69,93,5,0,93
2024-03-14 01:36:00,2175.64,2176.02,2175.64,2176.01,23,10,0,23
2024-03-14 01:39:00,2176.07,2176.12,2175.76,2175.8,60,4,0,60
2024-03-14 01:42:00,2175.8,2175.8,2175.2,2175.6,92,4,0,92
2024-03-14 01:45:00,2175.5,2175.92,2175.1,2175.66,119,4,0,119
2024-03-14 01:48:00,2175.62,2175.64,2175.31,2175.57,54,4,0,54
2024-03-14 01:51:00,2175.59,2175.64,2175.22,2175.33,65,12,0,65
2024-03-14 01:54:00,2175.26,2175.54,2175.26,2175.3,65,11,0,65
2024-03-14 01:57:00,2175.33,2175.54,2175.23,2175.43,74,9,0,74
2024-03-14 02:00:00,2175.42,2175.91,2175.32,2175.32,86,5,0,86
2024-03-14 02:03:00,2175.32,2175.42,2174.73,2175.01,112,4,0,112
2024-03-14 02:06:00,2175.01,2175.54,2174.81,2175.32,107,4,0,107
2024-03-14 02:09:00,2175.28,2175.32,2174.77,2174.77,85,5,0,85
2024-03-14 02:12:00,2174.77,2174.92,2174.24,2174.46,104,4,0,104
2024-03-14 02:15:00,2174.44,2174.48,2174.09,2174.48,152,6,0,152
2024-03-14 02:18:00,2174.47,2174.87,2174.31,2174.87,106,4,0,106
2024-03-14 02:21:00,2174.88,2174.9,2174.62,2174.74,63,7,0,63
2024-03-14 02:24:00,2174.76,2174.82,2174.51,2174.57,64,7,0,64
2024-03-14 02:27:00,2174.61,2174.68,2174.3,2174.4,79,4,0,79
2024-03-14 02:30:00,2174.4,2174.78,2174.32,2174.73,97,4,0,97
2024-03-14 02:33:00,2174.74,2174.98,2174.63,2174.82,88,6,0,88
2024-03-14 02:36:00,2174.82,2174.92,2174.78,2174.79,40,7,0,40
2024-03-14 02:39:00,2174.68,2174.68,2174.12,2174.16,73,8,0,73
2024-03-14 02:42:00,2174.15,2174.38,2174.02,2174.36,111,7,0,111
2024-03-14 02:45:00,2174.36,2175.1,2174.16,2174.95,132,4,0,132
2024-03-14 02:48:00,2174.95,2175.04,2174.66,2174.94,114,6,0,114
2024-03-14 02:51:00,2174.92,2175.73,2174.91,2175.72,160,5,0,160
2024-03-14 02:54:00,2175.72,2176.48,2175.45,2176.48,238,4,0,238
2024-03-14 02:57:00,2176.48,2176.58,2176.22,2176.28,102,6,0,102
2024-03-14 03:00:00,2176.34,2176.97,2175.88,2176.55,365,4,0,365
2024-03-14 03:03:00,2176.55,2176.96,2175.95,2176.55,364,5,0,364
2024-03-14 03:06:00,2176.69,2176.72,2176.05,2176.11,263,4,0,263
2024-03-14 03:09:00,2176.11,2176.53,2175.21,2175.28,251,4,0,251
2024-03-14 03:12:00,2175.29,2175.47,2174.99,2175.18,276,4,0,276
2024-03-14 03:15:00,2175.19,2175.4,2174.8,2175.12,177,4,0,177
2024-03-14 03:18:00,2175.12,2175.56,2175.01,2175.44,126,4,0,126
2024-03-14 03:21:00,2175.44,2175.87,2175.38,2175.55,202,4,0,202
2024-03-14 03:24:00,2175.46,2175.46,2174.63,2174.7,251,4,0,251
2024-03-14 03:27:00,2174.66,2174.86,2174.14,2174.3,167,4,0,167
2024-03-14 03:30:00,2174.31,2175.23,2174.12,2174.15,190,4,0,190
2024-03-14 03:33:00,2174.14,2174.37,2173.65,2174.06,171,4,0,171
2024-03-14 03:36:00,2174.07,2174.28,2173.59,2174.1,240,4,0,240
2024-03-14 03:39:00,2174.1,2174.29,2173.49,2173.73,201,4,0,201
2024-03-14 03:42:00,2173.71,2173.85,2173.26,2173.71,198,4,0,198
2024-03-14 03:45:00,2173.72,2174.18,2173.58,2174.14,161,4,0,161
2024-03-14 03:48:00,2174.13,2174.19,2173.75,2173.85,137,4,0,137
2024-03-14 03:51:00,2173.92,2173.95,2173.27,2173.59,95,4,0,95
2024-03-14 03:54:00,2173.6,2174.46,2173.42,2174.4,149,4,0,149
2024-03-14 03:57:00,2174.37,2174.83,2174.06,2174.78,173,4,0,173
2024-03-14 04:00:00,2174.77,2175.17,2174.58,2175.01,187,4,0,187
2024-03-14 04:03:00,2174.99,2175.11,2174.34,2174.42,151,4,0,151
2024-03-14 04:06:00,2174.41,2175.32,2174.41,2175.32,133,4,0,133
2024-03-14 04:09:00,2175.31,2175.31,2174.78,2175.05,118,4,0,118
2024-03-14 04:12:00,2175.07,2175.49,2174.88,2174.9,123,4,0,123
2024-03-14 04:15:00,2174.88,2175.12,2174.8,2174.98,90,4,0,90
2024-03-14 04:18:00,2175.01,2175.26,2174.74,2175.04,127,4,0,127
2024-03-14 04:21:00,2175.0,2175.14,2174.74,2175.02,95,4,0,95
2024-03-14 04:24:00,2175.0,2175.22,2174.88,2174.88,70,4,0,70
2024-03-14 04:27:00,2174.92,2175.05,2174.72,2174.75,88,4,0,88
2024-03-14 04:30:00,2174.81,2174.9,2174.45,2174.63,116,4,0,116
2024-03-14 04:33:00,2174.58,2174.68,2174.11,2174.12,89,4,0,89
2024-03-14 04:36:00,2174.12,2174.2,2173.58,2173.73,94,6,0,94
2024-03-14 04:39:00,2173.76,2174.08,2173.49,2173.6,110,7,0,110
2024-03-14 04:42:00,2173.58,2173.85,2173.45,2173.54,78,4,0,78
2024-03-14 04:45:00,2173.55,2173.98,2173.5,2173.75,111,6,0,111
2024-03-14 04:48:00,2173.76,2173.97,2173.61,2173.68,88,8,0,88
2024-03-14 04:51:00,2173.68,2173.71,2172.96,2173.01,130,4,0,130
2024-03-14 04:54:00,2173.01,2173.07,2172.62,2172.98,89,6,0,89
2024-03-14 04:57:00,2172.96,2173.0,2172.65,2172.76,82,4,0,82
2024-03-14 05:00:00,2172.72,2173.23,2172.56,2172.98,199,6,0,199
2024-03-14 05:03:00,2173.02,2173.56,2172.97,2173.18,131,4,0,131
2024-03-14 05:06:00,2173.17,2173.74,2173.14,2173.44,119,4,0,119
2024-03-14 05:09:00,2173.44,2174.03,2173.3,2173.91,95,9,0,95
2024-03-14 05:12:00,2173.94,2173.95,2173.66,2173.9,104,9,0,104
2024-03-14 05:15:00,2173.93,2174.1,2173.6,2173.61,86,4,0,86
2024-03-14 05:18:00,2173.6,2173.69,2172.96,2173.25,155,4,0,155
2024-03-14 05:21:00,2173.27,2173.34,2172.84,2173.18,122,8,0,122
2024-03-14 05:24:00,2173.19,2173.6,2172.64,2172.73,120,10,0,120
2024-03-14 05:27:00,2172.73,2172.84,2172.2,2172.43,124,6,0,124
2024-03-14 05:30:00,2172.39,2172.53,2171.55,2171.64,110,9,0,110
2024-03-14 05:33:00,2171.62,2171.85,2171.32,2171.72,155,12,0,155
2024-03-14 05:36:00,2171.7,2171.83,2171.31,2171.33,112,9,0,112
2024-03-14 05:39:00,2171.31,2171.61,2171.21,2171.31,90,7,0,90
2024-03-14 05:42:00,2171.28,2171.58,2171.14,2171.46,100,4,0,100
2024-03-14 05:45:00,2171.49,2172.12,2171.49,2172.11,76,9,0,76
2024-03-14 05:48:00,2172.11,2172.45,2171.98,2172.29,56,7,0,56
2024-03-14 05:51:00,2172.35,2172.64,2172.23,2172.52,38,4,0,38
2024-03-14 05:54:00,2172.52,2172.55,2171.97,2172.15,60,5,0,60
2024-03-14 05:57:00,2172.17,2172.28,2172.09,2172.24,26,9,0,26
2024-03-14 06:00:00,2172.25,2172.37,2172.08,2172.09,41,8,0,41
2024-03-14 06:03:00,2172.11,2172.21,2171.9,2172.03,44,4,0,44
2024-03-14 06:06:00,2172.14,2172.45,2172.11,2172.45,49,4,0,49
2024-03-14 06:09:00,2172.47,2172.5,2172.2,2172.22,29,4,0,29
2024-03-14 06:12:00,2172.2,2172.2,2171.79,2171.79,40,4,0,40
2024-03-14 06:15:00,2171.78,2171.87,2171.58,2171.63,60,6,0,60
2024-03-14 06:18:00,2171.6,2171.69,2171.37,2171.68,58,4,0,58
2024-03-14 06:21:00,2171.66,2171.69,2171.44,2171.54,57,7,0,57
2024-03-14 06:24:00,2171.54,2171.57,2171.18,2171.28,40,7,0,40
2024-03-14 06:27:00,2171.28,2171.66,2171.16,2171.51,55,9,0,55
2024-03-14 06:30:00,2171.5,2171.5,2171.05,2171.06,87,10,0,87
2024-03-14 06:33:00,2171.07,2171.3,2171.0,2171.2,53,7,0,53
2024-03-14 06:36:00,2171.2,2171.54,2171.08,2171.51,51,8,0,51
2024-03-14 06:39:00,2171.6,2172.04,2171.52,2171.82,93,4,0,93
2024-03-14 06:42:00,2171.76,2171.96,2171.56,2171.66,59,4,0,59
2024-03-14 06:45:00,2171.65,2171.75,2171.55,2171.61,54,4,0,54
2024-03-14 06:48:00,2171.6,2171.75,2171.58,2171.61,53,7,0,53
2024-03-14 06:51:00,2171.6,2172.07,2171.6,2172.05,46,4,0,46
2024-03-14 06:54:00,2172.06,2172.06,2171.76,2171.77,18,6,0,18
2024-03-14 06:57:00,2171.85,2171.87,2171.71,2171.76,39,5,0,39
2024-03-14 07:00:00,2171.75,2171.95,2171.66,2171.86,76,6,0,76
2024-03-14 07:03:00,2171.88,2171.88,2169.87,2169.88,198,4,0,198
2024-03-14 07:06:00,2169.88,2170.69,2169.87,2170.6,115,4,0,115
2024-03-14 07:09:00,2170.6,2170.66,2170.07,2170.07,103,4,0,103
2024-03-14 07:12:00,2170.07,2170.47,2170.07,2170.31,74,4,0,74
2024-03-14 07:15:00,2170.27,2170.8,2170.23,2170.69,73,4,0,73
2024-03-14 07:18:00,2170.71,2171.01,2170.61,2170.8,114,4,0,114
2024-03-14 07:21:00,2170.79,2170.89,2170.4,2170.46,84,4,0,84
2024-03-14 07:24:00,2170.46,2170.88,2170.35,2170.87,86,4,0,86
2024-03-14 07:27:00,2170.87,2171.48,2170.87,2171.39,74,4,0,74
2024-03-14 07:30:00,2171.37,2171.37,2170.7,2170.82,189,4,0,189
2024-03-14 07:33:00,2170.85,2171.44,2170.67,2171.22,176,5,0,176
2024-03-14 07:36:00,2171.26,2171.47,2171.0,2171.35,168,4,0,168
2024-03-14 07:39:00,2171.35,2171.5,2170.41,2170.52,134,4,0,134
2024-03-14 07:42:00,2170.51,2170.86,2170.32,2170.34,99,4,0,99
2024-03-14 07:45:00,2170.35,2170.37,2169.73,2169.99,160,4,0,160
2024-03-14 07:48:00,2169.98,2170.17,2169.33,2169.44,127,4,0,127
2024-03-14 07:51:00,2169.42,2169.66,2168.82,2169.37,172,4,0,172
2024-03-14 07:54:00,2169.33,2169.46,2169.04,2169.04,196,4,0,196
2024-03-14 07:57:00,2169.09,2169.21,2168.69,2168.87,129,4,0,129
2024-03-14 08:00:00,2168.87,2169.91,2168.63,2169.37,188,4,0,188
2024-03-14 08:03:00,2169.37,2169.64,2169.04,2169.05,115,4,0,115
2024-03-14 08:06:00,2169.05,2169.35,2167.82,2168.07,201,4,0,201
2024-03-14 08:09:00,2168.07,2168.67,2167.87,2168.38,148,4,0,148
2024-03-14 08:12:00,2168.38,2169.09,2168.27,2168.94,164,4,0,164
2024-03-14 08:15:00,2168.95,2169.45,2168.7,2169.45,157,4,0,157
2024-03-14 08:18:00,2169.54,2169.86,2169.22,2169.74,206,4,0,206
2024-03-14 08:21:00,2169.74,2170.21,2169.42,2169.47,125,4,0,125
2024-03-14 08:24:00,2169.37,2169.37,2168.36,2168.59,123,4,0,123
2024-03-14 08:27:00,2168.67,2169.03,2168.57,2168.68,206,4,0,206
2024-03-14 08:30:00,2168.68,2169.66,2168.51,2169.47,252,4,0,252
2024-03-14 08:33:00,2169.4,2169.89,2169.37,2169.63,163,4,0,163
2024-03-14 08:36:00,2169.62,2169.62,2168.99,2169.04,104,4,0,104
2024-03-14 08:39:00,2169.04,2169.11,2168.54,2168.82,194,4,0,194
2024-03-14 08:42:00,2168.85,2168.92,2168.28,2168.65,166,4,0,166
2024-03-14 08:45:00,2168.68,2168.89,2168.5,2168.55,113,5,0,113
2024-03-14 08:48:00,2168.55,2168.56,2167.78,2167.78,70,6,0,70
2024-03-14 08:51:00,2167.78,2168.47,2167.49,2168.44,181,4,0,181
2024-03-14 08:54:00,2168.44,2168.67,2168.21,2168.63,129,4,0,129
2024-03-14 08:57:00,2168.61,2168.76,2168.34,2168.75,143,4,0,143
2024-03-14 09:00:00,2168.74,2168.74,2168.12,2168.36,107,4,0,107
2024-03-14 09:03:00,2168.36,2168.87,2168.26,2168.87,109,4,0,109
2024-03-14 09:06:00,2168.87,2168.98,2168.38,2168.88,140,4,0,140
2024-03-14 09:09:00,2168.78,2168.86,2168.04,2168.09,109,6,0,109
2024-03-14 09:12:00,2168.08,2168.26,2167.75,2167.76,72,4,0,72
2024-03-14 09:15:00,2167.76,2168.33,2167.51,2168.04,103,4,0,103
2024-03-14 09:18:00,2168.05,2168.13,2167.83,2168.1,105,4,0,105
2024-03-14 09:21:00,2168.1,2168.36,2167.94,2168.25,128,4,0,128
2024-03-14 09:24:00,2168.25,2169.1,2168.23,2168.9,170,4,0,170
2024-03-14 09:27:00,2168.89,2169.11,2167.73,2167.73,160,4,0,160
2024-03-14 09:30:00,2167.76,2168.59,2167.63,2168.59,265,4,0,265
2024-03-14 09:33:00,2168.6,2168.94,2167.75,2168.22,384,4,0,384
2024-03-14 09:36:00,2168.18,2168.31,2167.67,2167.75,222,4,0,222
2024-03-14 09:39:00,2167.78,2168.2,2167.55,2167.84,193,4,0,193
2024-03-14 09:42:00,2167.87,2168.15,2167.78,2167.95,159,4,0,159
2024-03-14 09:45:00,2167.96,2168.39,2167.81,2168.06,111,4,0,111
2024-03-14 09:48:00,2168.16,2168.28,2167.75,2167.85,123,5,0,123
2024-03-14 09:51:00,2167.85,2168.36,2167.75,2168.3,177,4,0,177
2024-03-14 09:54:00,2168.3,2168.63,2168.18,2168.37,196,4,0,196
2024-03-14 09:57:00,2168.37,2168.76,2168.17,2168.76,147,4,0,147
2024-03-14 10:00:00,2168.7,2168.96,2168.37,2168.72,375,4,0,375
2024-03-14 10:03:00,2168.71,2169.14,2168.16,2168.48,438,4,0,438
2024-03-14 10:06:00,2168.48,2169.19,2168.43,2168.98,207,4,0,207
2024-03-14 10:09:00,2168.98,2168.98,2168.25,2168.72,294,4,0,294
2024-03-14 10:12:00,2168.71,2169.11,2168.24,2168.52,260,4,0,260
2024-03-14 10:15:00,2168.51,2168.84,2168.33,2168.4,237,4,0,237
2024-03-14 10:18:00,2168.41,2169.8,2168.4,2169.7,230,4,0,230
2024-03-14 10:21:00,2169.69,2169.9,2169.3,2169.67,181,4,0,181
2024-03-14 10:24:00,2169.67,2170.08,2169.61,2169.96,114,4,0,114
2024-03-14 10:27:00,2169.88,2169.91,2169.53,2169.69,212,4,0,212
2024-03-14 10:30:00,2169.68,2169.84,2168.95,2169.77,403,4,0,403
2024-03-14 10:33:00,2169.77,2169.8,2169.31,2169.61,492,4,0,492
2024-03-14 10:36:00,2169.61,2170.02,2169.23,2169.29,226,4,0,226
2024-03-14 10:39:00,2169.29,2169.38,2169.06,2169.06,117,7,0,117
2024-03-14 10:42:00,2169.06,2169.24,2168.7,2168.87,97,4,0,97
2024-03-14 10:45:00,2168.89,2169.01,2168.26,2168.89,137,4,0,137
2024-03-14 10:48:00,2168.89,2169.13,2168.76,2168.76,147,4,0,147
2024-03-14 10:51:00,2168.77,2169.03,2168.29,2168.3,151,5,0,151
2024-03-14 10:54:00,2168.31,2169.1,2168.26,2169.09,161,4,0,161
2024-03-14 10:57:00,2169.09,2169.66,2168.79,2169.59,141,6,0,141
2024-03-14 11:00:00,2169.59,2169.91,2169.22,2169.6,149,5,0,149
2024-03-14 11:03:00,2169.61,2169.79,2169.0,2169.03,168,6,0,168
2024-03-14 11:06:00,2169.03,2169.47,2169.01,2169.34,158,6,0,158
2024-03-14 11:09:00,2169.33,2169.41,2169.01,2169.21,188,4,0,188
2024-03-14 11:12:00,2169.2,2169.4,2169.06,2169.07,161,4,0,161
2024-03-14 11:15:00,2168.97,2168.98,2168.0,2168.07,251,4,0,251
2024-03-14 11:18:00,2168.07,2169.25,2167.9,2169.25,206,4,0,206
2024-03-14 11:21:00,2169.26,2169.26,2168.25,2168.72,175,4,0,175
2024-03-14 11:24:00,2168.73,2169.13,2168.43,2169.08,133,6,0,133
2024-03-14 11:27:00,2169.08,2169.19,2168.95,2169.18,166,4,0,166
2024-03-14 11:30:00,2169.18,2170.45,2169.16,2170.45,200,4,0,200
2024-03-14 11:33:00,2170.45,2171.68,2170.32,2171.5,202,4,0,202
2024-03-14 11:36:00,2171.5,2171.5,2170.72,2171.05,193,4,0,193
2024-03-14 11:39:00,2171.1,2171.82,2170.93,2171.72,201,4,0,201
2024-03-14 11:42:00,2171.71,2171.83,2171.39,2171.61,227,4,0,227
2024-03-14 11:45:00,2171.61,2171.98,2171.52,2171.96,171,4,0,171
2024-03-14 11:48:00,2171.96,2172.02,2171.64,2171.84,176,4,0,176
2024-03-14 11:51:00,2171.84,2172.04,2170.41,2170.6,203,4,0,203
2024-03-14 11:54:00,2170.6,2170.61,2169.45,2169.99,260,4,0,260
2024-03-14 11:57:00,2169.99,2170.15,2169.15,2170.03,306,4,0,306
2024-03-14 12:00:00,2170.06,2170.11,2168.03,2168.29,336,4,0,336
2024-03-14 12:03:00,2168.29,2169.33,2168.13,2169.24,277,4,0,277
2024-03-14 12:06:00,2169.24,2170.13,2169.24,2169.93,195,4,0,195
2024-03-14 12:09:00,2169.91,2170.37,2169.85,2169.94,120,4,0,120
2024-03-14 12:12:00,2169.94,2169.97,2169.65,2169.95,69,7,0,69
2024-03-14 12:15:00,2169.94,2170.63,2169.84,2170.39,169,7,0,169
2024-03-14 12:18:00,2170.42,2170.44,2170.03,2170.04,149,8,0,149
2024-03-14 12:21:00,2170.04,2170.3,2169.74,2169.93,99,7,0,99
2024-03-14 12:24:00,2169.93,2170.23,2169.74,2169.95,142,7,0,142
2024-03-14 12:27:00,2169.95,2170.23,2169.63,2169.63,131,4,0,131
2024-03-14 12:30:00,2169.63,2170.1,2169.47,2170.01,130,4,0,130
2024-03-14 12:33:00,2170.0,2170.88,2169.92,2170.8,138,4,0,138
2024-03-14 12:36:00,2170.8,2170.86,2170.4,2170.69,122,4,0,122
2024-03-14 12:39:00,2170.69,2170.81,2170.49,2170.61,119,7,0,119
2024-03-14 12:42:00,2170.61,2170.71,2170.41,2170.51,58,6,0,58
2024-03-14 12:45:00,2170.51,2170.91,2170.51,2170.79,105,6,0,105
2024-03-14 12:48:00,2170.83,2170.85,2170.39,2170.59,94,5,0,94
2024-03-14 12:51:00,2170.59,2170.88,2170.39,2170.59,67,4,0,67
2024-03-14 12:54:00,2170.58,2170.8,2170.38,2170.79,77,4,0,77
2024-03-14 12:57:00,2170.79,2170.88,2170.57,2170.61,97,5,0,97
2024-03-14 13:00:00,2170.61,2170.85,2170.3,2170.57,156,7,0,156
2024-03-14 13:03:00,2170.6,2170.67,2170.26,2170.46,118,7,0,118
2024-03-14 13:06:00,2170.46,2170.58,2170.36,2170.46,69,7,0,69
2024-03-14 13:09:00,2170.46,2170.65,2170.07,2170.16,110,4,0,110
2024-03-14 13:12:00,2170.16,2170.17,2169.57,2169.78,161,4,0,161
2024-03-14 13:15:00,2169.78,2170.06,2169.26,2169.27,111,4,0,111
2024-03-14 13:18:00,2169.27,2169.57,2169.26,2169.47,97,4,0,97
2024-03-14 13:21:00,2169.46,2169.87,2169.08,2169.18,156,4,0,156
2024-03-14 13:24:00,2169.21,2169.28,2168.59,2169.18,230,4,0,230
2024-03-14 13:27:00,2169.18,2169.46,2168.9,2169.31,210,5,0,210
2024-03-14 13:30:00,2169.31,2169.97,2169.25,2169.38,133,6,0,133
2024-03-14 13:33:00,2169.38,2170.07,2169.38,2169.59,111,4,0,111
2024-03-14 13:36:00,2169.59,2169.81,2169.5,2169.51,105,7,0,105
2024-03-14 13:39:00,2169.5,2169.5,2168.71,2169.0,115,4,0,115
2024-03-14 13:42:00,2168.93,2169.01,2168.6,2168.69,108,4,0,108
2024-03-14 13:45:00,2168.69,2168.71,2167.44,2167.5,163,4,0,163
2024-03-14 13:48:00,2167.5,2168.15,2167.23,2168.0,214,4,0,214
2024-03-14 13:51:00,2167.97,2168.2,2167.8,2168.17,136,7,0,136
2024-03-14 13:54:00,2168.16,2169.16,2168.16,2168.84,177,4,0,177
2024-03-14 13:57:00,2168.84,2168.85,2168.45,2168.56,143,4,0,143
2024-03-14 14:00:00,2168.57,2168.58,2166.79,2167.0,337,4,0,337
2024-03-14 14:03:00,2167.0,2168.33,2166.99,2168.33,249,4,0,249
2024-03-14 14:06:00,2168.33,2168.85,2167.81,2168.7,317,4,0,317
2024-03-14 14:09:00,2168.69,2169.17,2168.29,2168.88,382,4,0,382
2024-03-14 14:12:00,2168.79,2168.94,2167.34,2167.62,330,4,0,330
2024-03-14 14:15:00,2167.62,2167.68,2166.15,2166.22,382,4,0,382
2024-03-14 14:18:00,2166.22,2168.52,2165.49,2168.52,610,4,0,610
2024-03-14 14:21:00,2168.52,2168.55,2166.76,2167.3,506,4,0,506
2024-03-14 14:24:00,2167.3,2167.79,2165.94,2167.73,434,4,0,434
2024-03-14 14:27:00,2167.79,2168.28,2166.87,2167.14,273,4,0,273
2024-03-14 14:30:00,2167.14,2167.63,2161.74,2163.56,1121,4,0,1121
2024-03-14 14:33:00,2163.56,2165.7,2163.1,2164.4,1118,4,0,1118
2024-03-14 14:36:00,2164.41,2167.17,2163.78,2165.31,963,4,0,963
2024-03-14 14:39:00,2165.28,2168.7,2165.21,2167.73,1007,4,0,1007
2024-03-14 14:42:00,2167.8,2170.42,2167.21,2169.37,939,4,0,939
2024-03-14 14:45:00,2169.38,2169.67,2166.69,2166.77,845,4,0,845
2024-03-14 14:48:00,2166.8,2167.49,2164.41,2164.84,1001,4,0,1001
2024-03-14 14:51:00,2164.87,2165.86,2163.24,2164.82,893,4,0,893
2024-03-14 14:54:00,2164.84,2165.49,2164.02,2164.24,777,4,0,777
2024-03-14 14:57:00,2164.27,2164.49,2160.46,2162.8,865,4,0,865
2024-03-14 15:00:00,2162.8,2164.94,2161.77,2163.87,904,4,0,904
2024-03-14 15:03:00,2163.88,2164.37,2162.25,2162.35,647,4,0,647
2024-03-14 15:06:00,2162.31,2162.74,2161.56,2162.07,714,4,0,714
2024-03-14 15:09:00,2162.07,2162.57,2161.39,2162.34,713,4,0,713
2024-03-14 15:12:00,2162.31,2163.77,2161.41,2163.77,549,4,0,549
2024-03-14 15:15:00,2163.78,2164.79,2163.17,2163.78,680,4,0,680
2024-03-14 15:18:00,2163.78,2166.85,2163.66,2165.52,760,4,0,760
2024-03-14 15:21:00,2165.45,2167.26,2164.93,2165.73,928,4,0,928
2024-03-14 15:24:00,2165.73,2166.18,2164.24,2165.52,774,4,0,774
2024-03-14 15:27:00,2165.53,2165.93,2163.71,2163.79,755,4,0,755
2024-03-14 15:30:00,2163.73,2164.8,2162.72,2163.27,1024,4,0,1024
2024-03-14 15:33:00,2163.27,2163.33,2159.64,2159.93,948,4,0,948
2024-03-14 15:36:00,2159.93,2163.68,2159.73,2162.51,915,4,0,915
2024-03-14 15:39:00,2162.51,2163.93,2162.16,2163.27,737,4,0,737
2024-03-14 15:42:00,2163.25,2164.05,2161.63,2162.58,791,4,0,791
2024-03-14 15:45:00,2162.53,2163.13,2161.18,2161.33,717,4,0,717
2024-03-14 15:48:00,2161.34,2162.09,2158.55,2161.44,902,4,0,902
2024-03-14 15:51:00,2161.5,2162.13,2161.04,2161.87,756,4,0,756
2024-03-14 15:54:00,2161.84,2163.5,2161.25,2162.66,778,4,0,778
2024-03-14 15:57:00,2162.66,2162.95,2162.12,2162.56,555,4,0,555
2024-03-14 16:00:00,2162.46,2162.66,2160.99,2162.29,618,4,0,618
2024-03-14 16:03:00,2162.3,2163.84,2162.05,2162.62,747,4,0,747
2024-03-14 16:06:00,2162.64,2163.2,2161.86,2161.9,509,4,0,509
2024-03-14 16:09:00,2161.9,2162.45,2161.05,2161.34,579,4,0,579
2024-03-14 16:12:00,2161.35,2162.13,2160.34,2160.61,466,4,0,466
2024-03-14 16:15:00,2160.64,2160.91,2159.83,2160.48,611,4,0,611
2024-03-14 16:18:00,2160.48,2161.39,2159.83,2159.83,578,4,0,578
2024-03-14 16:21:00,2159.83,2159.83,2157.74,2159.08,779,4,0,779
2024-03-14 16:24:00,2159.08,2161.37,2158.86,2161.36,631,4,0,631
2024-03-14 16:27:00,2161.36,2162.23,2161.06,2162.05,601,4,0,601
2024-03-14 16:30:00,2162.04,2163.47,2162.04,2162.97,576,4,0,576
2024-03-14 16:33:00,2162.92,2163.3,2162.23,2163.09,504,4,0,504
2024-03-14 16:36:00,2163.18,2163.4,2160.95,2161.24,513,4,0,513
2024-03-14 16:39:00,2161.24,2161.52,2160.24,2161.02,431,4,0,431
2024-03-14 16:42:00,2161.0,2162.17,2160.77,2161.87,414,4,0,414
2024-03-14 16:45:00,2161.87,2162.44,2161.21,2162.29,379,4,0,379
2024-03-14 16:48:00,2162.29,2162.89,2161.62,2162.59,483,4,0,483
2024-03-14 16:51:00,2162.59,2163.22,2160.98,2161.89,531,4,0,531
2024-03-14 16:54:00,2161.92,2161.93,2160.53,2161.03,474,4,0,474
2024-03-14 16:57:00,2161.02,2162.03,2160.3,2162.0,440,4,0,440
2024-03-14 17:00:00,2162.0,2162.23,2161.05,2161.28,664,4,0,664
2024-03-14 17:03:00,2161.18,2161.27,2159.89,2160.05,528,4,0,528
2024-03-14 17:06:00,2160.06,2160.63,2159.36,2160.07,558,4,0,558
2024-03-14 17:09:00,2160.07,2160.85,2159.68,2159.7,458,4,0,458
2024-03-14 17:12:00,2159.72,2160.78,2159.31,2159.89,458,4,0,458
2024-03-14 17:15:00,2159.89,2160.73,2157.41,2157.46,505,4,0,505
2024-03-14 17:18:00,2157.49,2159.05,2157.12,2158.49,663,4,0,663
2024-03-14 17:21:00,2158.49,2160.61,2158.48,2159.39,591,4,0,591
2024-03-14 17:24:00,2159.39,2159.75,2158.11,2158.11,478,4,0,478
2024-03-14 17:27:00,2157.97,2159.01,2157.47,2157.57,675,4,0,675
2024-03-14 17:30:00,2157.56,2158.9,2157.4,2158.01,536,4,0,536
2024-03-14 17:33:00,2158.03,2158.14,2155.53,2156.52,468,4,0,468
2024-03-14 17:36:00,2156.49,2156.79,2155.71,2156.41,528,4,0,528
2024-03-14 17:39:00,2156.4,2156.51,2152.8,2153.45,660,4,0,660
2024-03-14 17:42:00,2153.75,2154.37,2153.17,2153.97,754,4,0,754
2024-03-14 17:45:00,2154.02,2155.91,2154.0,2155.31,528,4,0,528
2024-03-14 17:48:00,2155.34,2155.58,2154.17,2155.5,678,4,0,678
2024-03-14 17:51:00,2155.51,2157.47,2155.42,2156.98,536,4,0,536
2024-03-14 17:54:00,2156.98,2158.1,2156.83,2157.24,491,4,0,491
2024-03-14 17:57:00,2157.24,2158.02,2157.03,2157.25,436,4,0,436
2024-03-14 18:00:00,2157.25,2157.63,2156.73,2156.85,399,6,0,399
2024-03-14 18:03:00,2156.85,2158.12,2156.76,2157.45,364,6,0,364
2024-03-14 18:06:00,2157.35,2158.64,2157.29,2158.54,296,4,0,296
2024-03-14 18:09:00,2158.54,2158.64,2157.89,2158.26,261,4,0,261
2024-03-14 18:12:00,2158.27,2158.36,2157.66,2158.36,341,4,0,341
2024-03-14 18:15:00,2158.33,2159.06,2157.93,2158.64,401,4,0,401
2024-03-14 18:18:00,2158.67,2158.98,2157.86,2158.2,340,4,0,340
2024-03-14 18:21:00,2158.19,2159.02,2157.9,2159.02,320,4,0,320
2024-03-14 18:24:00,2159.02,2159.53,2158.73,2159.45,367,4,0,367
2024-03-14 18:27:00,2159.44,2160.14,2159.14,2159.5,491,4,0,491
2024-03-14 18:30:00,2159.39,2159.63,2159.06,2159.57,535,4,0,535
2024-03-14 18:33:00,2159.58,2160.12,2159.31,2159.62,551,4,0,551
2024-03-14 18:36:00,2159.62,2159.99,2159.4,2159.78,516,4,0,516
2024-03-14 18:39:00,2159.78,2160.33,2159.6,2159.61,279,4,0,279
2024-03-14 18:42:00,2159.62,2159.71,2158.61,2159.6,435,4,0,435
2024-03-14 18:45:00,2159.6,2159.82,2158.88,2159.0,535,4,0,535
2024-03-14 18:48:00,2159.0,2159.0,2157.9,2157.98,564,4,0,564
2024-03-14 18:51:00,2157.98,2159.08,2157.85,2159.05,300,4,0,300
2024-03-14 18:54:00,2159.07,2159.5,2158.82,2159.44,305,4,0,305
2024-03-14 18:57:00,2159.44,2159.45,2158.1,2158.7,314,4,0,314
2024-03-14 19:00:00,2158.7,2158.89,2158.38,2158.48,273,4,0,273
2024-03-14 19:03:00,2158.48,2159.54,2158.08,2159.38,252,4,0,252
2024-03-14 19:06:00,2159.38,2159.45,2158.98,2159.27,170,4,0,170
2024-03-14 19:09:00,2159.27,2161.9,2159.27,2161.68,282,4,0,282
2024-03-14 19:12:00,2161.79,2162.76,2161.7,2162.35,561,4,0,561
2024-03-14 19:15:00,2162.32,2165.05,2162.26,2163.7,750,4,0,750
2024-03-14 19:18:00,2163.69,2163.84,2162.57,2162.89,374,4,0,374
2024-03-14 19:21:00,2162.88,2163.11,2162.04,2162.86,524,4,0,524
2024-03-14 19:24:00,2162.89,2163.06,2162.13,2162.21,432,4,0,432
2024-03-14 19:27:00,2162.16,2163.35,2162.16,2163.02,556,4,0,556
2024-03-14 19:30:00,2163.0,2163.42,2162.17,2162.17,394,4,0,394
2024-03-14 19:33:00,2162.17,2162.96,2161.95,2162.16,342,4,0,342
2024-03-14 19:36:00,2162.16,2162.27,2161.24,2161.24,370,4,0,370
2024-03-14 19:39:00,2161.25,2161.53,2160.37,2160.48,360,4,0,360
2024-03-14 19:42:00,2160.49,2160.62,2159.91,2160.2,145,4,0,145
2024-03-14 19:45:00,2160.2,2161.16,2160.2,2161.03,165,4,0,165
2024-03-14 19:48:00,2161.03,2161.26,2160.87,2160.95,109,6,0,109
2024-03-14 19:51:00,2160.95,2161.03,2160.55,2160.79,111,4,0,111
2024-03-14 19:54:00,2160.79,2161.0,2160.57,2160.87,122,4,0,122
2024-03-14 19:57:00,2160.85,2161.09,2159.98,2160.26,191,4,0,191
2024-03-14 20:00:00,2160.28,2160.83,2160.26,2160.82,218,4,0,218
2024-03-14 20:03:00,2160.8,2160.82,2160.29,2160.64,120,4,0,120
2024-03-14 20:06:00,2160.64,2161.05,2160.43,2160.81,145,4,0,145
2024-03-14 20:09:00,2160.82,2160.9,2160.35,2160.67,156,4,0,156
2024-03-14 20:12:00,2160.67,2161.34,2160.65,2161.18,93,4,0,93
2024-03-14 20:15:00,2161.18,2161.84,2161.18,2161.53,122,4,0,122
2024-03-14 20:18:00,2161.51,2161.64,2161.12,2161.23,131,4,0,131
2024-03-14 20:21:00,2161.19,2161.64,2160.98,2161.62,137,4,0,137
2024-03-14 20:24:00,2161.62,2161.83,2161.56,2161.83,105,4,0,105
2024-03-14 20:27:00,2161.83,2162.12,2161.72,2161.81,158,4,0,158
2024-03-14 20:30:00,2161.81,2161.91,2161.33,2161.8,187,4,0,187
2024-03-14 20:33:00,2161.8,2162.41,2161.8,2162.12,283,4,0,283
2024-03-14 20:36:00,2162.12,2162.12,2161.57,2161.63,264,4,0,264
2024-03-14 20:39:00,2161.63,2162.0,2161.56,2161.7,240,4,0,240
2024-03-14 20:42:00,2161.71,2161.92,2161.62,2161.82,157,4,0,157
2024-03-14 20:45:00,2161.94,2161.95,2161.68,2161.77,90,4,0,90
2024-03-14 20:48:00,2161.77,2162.24,2161.76,2162.05,92,4,0,92
2024-03-14 20:51:00,2162.04,2162.04,2160.92,2161.13,155,4,0,155
2024-03-14 20:54:00,2161.13,2161.96,2161.13,2161.74,155,4,0,155
2024-03-14 20:57:00,2161.74,2161.74,2161.31,2161.4,157,4,0,157
2024-03-14 21:00:00,2161.46,2161.46,2160.69,2160.77,179,4,0,179
2024-03-14 21:03:00,2160.76,2161.81,2160.69,2161.54,262,4,0,262
2024-03-14 21:06:00,2161.55,2161.79,2161.39,2161.6,146,4,0,146
2024-03-14 21:09:00,2161.6,2162.42,2161.57,2162.05,176,4,0,176
2024-03-14 21:12:00,2162.02,2162.32,2161.86,2162.26,247,4,0,247
2024-03-14 21:15:00,2162.26,2162.35,2161.85,2161.96,231,4,0,231
2024-03-14 21:18:00,2161.96,2162.01,2161.65,2161.98,257,4,0,257
2024-03-14 21:21:00,2161.97,2162.17,2161.94,2162.08,219,4,0,219
2024-03-14 21:24:00,2162.06,2162.19,2161.94,2162.09,88,4,0,88
2024-03-14 21:27:00,2162.09,2162.3,2162.0,2162.2,84,4,0,84
2024-03-14 21:30:00,2162.2,2162.31,2162.11,2162.21,116,4,0,116
2024-03-14 21:33:00,2162.2,2162.45,2162.11,2162.33,125,4,0,125
2024-03-14 21:36:00,2162.33,2162.58,2162.28,2162.58,179,4,0,179
2024-03-14 21:39:00,2162.57,2163.1,2162.53,2163.02,225,4,0,225
2024-03-14 21:42:00,2163.02,2163.1,2162.4,2162.56,263,4,0,263
2024-03-14 21:45:00,2162.58,2162.97,2162.18,2162.89,111,4,0,111
2024-03-14 21:48:00,2162.91,2163.13,2162.7,2163.07,100,4,0,100
2024-03-14 21:51:00,2163.09,2163.48,2163.07,2163.38,80,5,0,80
2024-03-14 21:54:00,2163.38,2163.43,2162.78,2162.88,119,6,0,119
2024-03-14 21:57:00,2162.88,2163.47,2162.78,2163.47,149,4,0,149
2024-03-14 22:00:00,2163.52,2163.52,2162.68,2162.77,96,4,0,96
2024-03-14 22:03:00,2162.77,2163.27,2162.77,2163.23,41,4,0,41
2024-03-14 22:06:00,2163.23,2163.23,2162.99,2163.17,31,4,0,31
2024-03-14 22:09:00,2163.18,2163.65,2163.16,2163.56,42,5,0,42
2024-03-14 22:12:00,2163.56,2163.87,2163.45,2163.56,42,5,0,42
2024-03-14 22:15:00,2163.56,2163.57,2163.28,2163.37,45,4,0,45
2024-03-14 22:18:00,2163.37,2163.37,2163.08,2163.18,44,6,0,44
2024-03-14 22:21:00,2163.18,2163.18,2162.86,2163.06,53,6,0,53
2024-03-14 22:24:00,2163.05,2163.17,2162.95,2163.16,30,4,0,30
2024-03-14 22:27:00,2163.19,2163.24,2162.64,2162.64,64,4,0,64
2024-03-14 22:30:00,2162.6,2162.76,2162.6,2162.74,33,5,0,33
2024-03-14 22:33:00,2162.74,2162.84,2162.74,2162.84,14,6,0,14
2024-03-14 22:36:00,2162.85,2162.85,2162.55,2162.55,18,6,0,18
2024-03-14 22:39:00,2162.55,2162.55,2162.27,2162.43,23,5,0,23
2024-03-14 22:42:00,2162.43,2162.43,2162.14,2162.33,38,4,0,38
2024-03-14 22:45:00,2162.15,2162.29,2161.86,2161.86,39,4,0,39
2024-03-14 22:48:00,2161.87,2162.15,2161.87,2161.96,29,9,0,29
2024-03-14 22:51:00,2161.96,2161.96,2161.74,2161.85,37,4,0,37
2024-03-14 22:54:00,2161.85,2161.86,2161.74,2161.83,30,4,0,30
2024-03-14 22:57:00,2161.84,2162.22,2161.84,2162.22,44,4,0,44
2024-03-15 00:00:00,2162.16,2162.27,2161.63,2161.74,77,12,0,77
2024-03-15 00:03:00,2161.81,2162.33,2161.81,2162.24,39,4,0,39
2024-03-15 00:06:00,2162.24,2162.37,2162.04,2162.12,43,4,0,43
2024-03-15 00:09:00,2162.12,2162.29,2162.01,2162.26,47,4,0,47
2024-03-15 00:12:00,2162.24,2162.26,2162.11,2162.26,21,11,0,21
2024-03-15 00:15:00,2162.24,2162.24,2162.07,2162.08,12,13,0,12
2024-03-15 00:18:00,2162.07,2162.26,2161.93,2162.26,30,4,0,30
2024-03-15 00:21:00,2162.3,2162.36,2162.2,2162.21,15,12,0,15
2024-03-15 00:24:00,2162.22,2162.22,2161.97,2161.99,26,4,0,26
2024-03-15 00:27:00,2161.99,2162.04,2161.99,2162.03,10,14,0,10
2024-03-15 00:30:00,2162.03,2162.27,2161.96,2162.25,29,14,0,29
2024-03-15 00:33:00,2162.27,2162.29,2162.2,2162.24,7,16,0,7
2024-03-15 00:36:00,2162.23,2162.27,2162.2,2162.25,9,17,0,9
2024-03-15 00:39:00,2162.18,2162.37,2162.07,2162.08,27,15,0,27
2024-03-15 00:42:00,2162.07,2162.09,2161.84,2161.84,12,16,0,12
2024-03-15 00:45:00,2161.84,2161.93,2161.72,2161.76,28,8,0,28
2024-03-15 00:48:00,2161.75,2161.79,2161.48,2161.59,31,12,0,31
2024-03-15 00:51:00,2161.59,2161.71,2161.55,2161.71,19,14,0,19
2024-03-15 00:54:00,2161.71,2161.71,2161.52,2161.68,21,11,0,21
2024-03-15 00:57:00,2161.71,2161.72,2161.51,2161.51,18,16,0,18
2024-03-15 01:00:00,2161.51,2161.76,2161.5,2161.62,31,12,0,31
2024-03-15 01:03:00,2161.67,2161.72,2161.57,2161.67,23,4,0,23
2024-03-15 01:06:00,2161.67,2161.84,2161.62,2161.78,16,9,0,16
2024-03-15 01:09:00,2161.74,2161.74,2161.37,2161.42,62,5,0,62
2024-03-15 01:12:00,2161.37,2161.63,2161.37,2161.51,64,11,0,64
2024-03-15 01:15:00,2161.51,2161.66,2161.46,2161.65,73,10,0,73
2024-03-15 01:18:00,2161.65,2161.72,2161.54,2161.67,35,12,0,35
2024-03-15 01:21:00,2161.68,2161.71,2161.6,2161.65,27,14,0,27
2024-03-15 01:24:00,2161.65,2161.7,2161.5,2161.58,30,12,0,30
2024-03-15 01:27:00,2161.61,2161.73,2161.52,2161.64,24,12,0,24
2024-03-15 01:30:00,2161.65,2161.72,2161.53,2161.56,25,12,0,25
2024-03-15 01:33:00,2161.62,2161.85,2161.54,2161.54,35,6,0,35
2024-03-15 01:36:00,2161.52,2161.55,2161.33,2161.55,34,5,0,34
2024-03-15 01:39:00,2161.5,2161.54,2161.22,2161.34,40,4,0,40
2024-03-15 01:42:00,2161.33,2161.39,2161.17,2161.17,24,8,0,24
2024-03-15 01:45:00,2161.17,2161.18,2160.88,2160.93,49,8,0,49
2024-03-15 01:48:00,2160.94,2161.04,2160.91,2161.03,34,4,0,34
2024-03-15 01:51:00,2161.03,2161.99,2160.93,2161.99,75,4,0,75
2024-03-15 01:54:00,2161.99,2162.2,2161.62,2161.62,110,4,0,110
2024-03-15 01:57:00,2161.62,2161.72,2161.42,2161.64,72,6,0,72
2024-03-15 02:00:00,2161.62,2162.09,2161.32,2162.04,165,4,0,165
2024-03-15 02:03:00,2162.0,2162.0,2161.19,2161.32,133,4,0,133
2024-03-15 02:06:00,2161.37,2161.37,2160.59,2161.02,92,4,0,92
2024-03-15 02:09:00,2161.12,2161.7,2160.92,2160.94,96,4,0,96
2024-03-15 02:12:00,2160.96,2161.36,2160.89,2161.06,81,4,0,81
2024-03-15 02:15:00,2161.08,2161.24,2160.67,2160.83,96,7,0,96
2024-03-15 02:18:00,2160.83,2161.41,2160.83,2161.08,110,6,0,110
2024-03-15 02:21:00,2161.08,2161.44,2160.99,2161.1,84,9,0,84
2024-03-15 02:24:00,2161.19,2161.68,2161.13,2161.19,160,11,0,160
2024-03-15 02:27:00,2161.17,2161.32,2161.1,2161.25,117,7,0,117
2024-03-15 02:30:00,2161.28,2161.69,2161.23,2161.37,114,10,0,114
2024-03-15 02:33:00,2161.37,2161.78,2161.37,2161.69,62,7,0,62
2024-03-15 02:36:00,2161.68,2161.91,2161.62,2161.75,60,9,0,60
2024-03-15 02:39:00,2161.77,2162.27,2161.64,2162.27,59,4,0,59
2024-03-15 02:42:00,2162.27,2162.42,2162.14,2162.3,72,6,0,72
2024-03-15 02:45:00,2162.31,2162.65,2162.21,2162.21,80,10,0,80
2024-03-15 02:48:00,2162.19,2162.45,2162.04,2162.42,95,11,0,95
2024-03-15 02:51:00,2162.42,2163.11,2162.33,2163.02,138,10,0,138
2024-03-15 02:54:00,2163.0,2163.07,2162.37,2162.41,92,10,0,92
2024-03-15 02:57:00,2162.41,2162.77,2162.3,2162.72,90,9,0,90
2024-03-15 03:00:00,2162.69,2163.76,2162.66,2163.56,228,4,0,228
2024-03-15 03:03:00,2163.64,2163.83,2162.99,2163.83,137,4,0,137
2024-03-15 03:06:00,2163.82,2164.29,2163.79,2163.93,178,4,0,178
2024-03-15 03:09:00,2164.0,2164.33,2163.75,2164.1,148,4,0,148
2024-03-15 03:12:00,2164.13,2164.46,2164.0,2164.36,144,4,0,144
2024-03-15 03:15:00,2164.31,2164.97,2164.27,2164.93,204,4,0,204
2024-03-15 03:18:00,2164.93,2165.75,2164.85,2165.4,166,4,0,166
2024-03-15 03:21:00,2165.41,2165.96,2164.05,2164.21,202,4,0,202
2024-03-15 03:24:00,2164.26,2164.68,2164.17,2164.52,207,6,0,207
2024-03-15 03:27:00,2164.52,2164.96,2164.32,2164.67,146,4,0,146
2024-03-15 03:30:00,2164.71,2165.2,2164.6,2164.86,148,4,0,148
2024-03-15 03:33:00,2164.84,2165.04,2163.54,2163.87,259,4,0,259
2024-03-15 03:36:00,2163.81,2163.88,2163.38,2163.78,210,4,0,210
2024-03-15 03:39:00,2163.73,2163.73,2162.96,2163.12,172,6,0,172
2024-03-15 03:42:00,2163.13,2163.25,2162.76,2162.89,179,6,0,179
2024-03-15 03:45:00,2162.82,2162.92,2162.36,2162.69,109,5,0,109
2024-03-15 03:48:00,2162.72,2163.17,2162.72,2163.06,129,8,0,129
2024-03-15 03:51:00,2163.03,2163.24,2162.81,2163.03,111,4,0,111
2024-03-15 03:54:00,2163.01,2163.2,2162.71,2162.71,106,10,0,106
2024-03-15 03:57:00,2162.71,2162.96,2162.68,2162.71,72,7,0,72
2024-03-15 04:00:00,2162.73,2162.77,2162.09,2162.09,79,5,0,79
2024-03-15 04:03:00,2162.09,2162.21,2161.79,2161.85,153,4,0,153
2024-03-15 04:06:00,2161.93,2162.71,2161.93,2162.65,138,4,0,138
2024-03-15 04:09:00,2162.66,2162.84,2162.34,2162.54,85,4,0,85
2024-03-15 04:12:00,2162.57,2162.69,2162.21,2162.23,97,7,0,97
2024-03-15 04:15:00,2162.23,2162.24,2161.68,2161.89,90,8,0,90
2024-03-15 04:18:00,2161.89,2162.23,2161.89,2162.04,65,8,0,65
2024-03-15 04:21:00,2162.08,2162.38,2162.05,2162.32,64,8,0,64
2024-03-15 04:24:00,2162.31,2162.9,2162.31,2162.83,56,8,0,56
2024-03-15 04:27:00,2162.83,2162.95,2162.39,2162.7,69,9,0,69
2024-03-15 04:30:00,2162.72,2162.81,2162.11,2162.24,126,7,0,126
2024-03-15 04:33:00,2162.26,2162.31,2161.88,2162.06,106,5,0,106
2024-03-15 04:36:00,2162.03,2162.52,2162.03,2162.25,108,7,0,108
2024-03-15 04:39:00,2162.17,2162.18,2161.83,2161.9,88,5,0,88
2024-03-15 04:42:00,2161.9,2162.18,2161.81,2162.07,83,5,0,83
2024-03-15 04:45:00,2162.09,2162.57,2161.91,2162.53,81,4,0,81
2024-03-15 04:48:00,2162.57,2162.78,2162.21,2162.45,127,4,0,127
2024-03-15 04:51:00,2162.5,2162.98,2162.42,2162.74,122,4,0,122
2024-03-15 04:54:00,2162.73,2163.04,2162.38,2162.67,137,4,0,137
2024-03-15 04:57:00,2162.62,2162.71,2162.34,2162.41,73,4,0,73
2024-03-15 05:00:00,2162.42,2162.53,2162.2,2162.21,77,4,0,77
2024-03-15 05:03:00,2162.23,2162.33,2161.83,2162.13,75,4,0,75
2024-03-15 05:06:00,2162.13,2162.73,2162.02,2162.71,79,4,0,79
2024-03-15 05:09:00,2162.68,2162.97,2162.3,2162.37,148,4,0,148
2024-03-15 05:12:00,2162.41,2162.98,2162.37,2162.88,195,4,0,195
2024-03-15 05:15:00,2162.88,2163.53,2162.84,2163.53,205,4,0,205
2024-03-15 05:18:00,2163.51,2163.56,2162.54,2163.03,145,4,0,145
2024-03-15 05:21:00,2163.03,2163.54,2163.03,2163.42,96,4,0,96
2024-03-15 05:24:00,2163.42,2164.14,2163.41,2164.11,91,4,0,91
2024-03-15 05:27:00,2164.18,2164.51,2163.9,2164.02,110,4,0,110
2024-03-15 05:30:00,2163.97,2164.38,2163.92,2164.31,80,7,0,80
2024-03-15 05:33:00,2164.35,2164.39,2163.79,2163.9,75,4,0,75
2024-03-15 05:36:00,2163.9,2164.28,2163.89,2163.98,57,4,0,57
2024-03-15 05:39:00,2164.0,2164.25,2163.75,2163.86,65,5,0,65
2024-03-15 05:42:00,2163.86,2164.15,2163.76,2164.15,45,7,0,45
2024-03-15 05:45:00,2164.14,2164.53,2164.14,2164.43,55,7,0,55
2024-03-15 05:48:00,2164.48,2164.79,2164.43,2164.73,61,6,0,61
2024-03-15 05:51:00,2164.73,2164.84,2164.37,2164.55,88,4,0,88
2024-03-15 05:54:00,2164.51,2164.85,2164.49,2164.82,86,10,0,86
2024-03-15 05:57:00,2164.82,2164.83,2164.65,2164.65,56,4,0,56
2024-03-15 06:00:00,2164.65,2164.75,2164.26,2164.62,78,4,0,78
2024-03-15 06:03:00,2164.61,2165.14,2164.43,2164.44,78,4,0,78
2024-03-15 06:06:00,2164.44,2164.54,2164.43,2164.43,25,8,0,25
2024-03-15 06:09:00,2164.43,2165.26,2164.43,2164.88,180,4,0,180
2024-03-15 06:12:00,2164.87,2164.95,2164.51,2164.51,45,6,0,45
2024-03-15 06:15:00,2164.52,2164.61,2164.29,2164.3,58,10,0,58
2024-03-15 06:18:00,2164.29,2164.39,2164.02,2164.07,42,6,0,42
2024-03-15 06:21:00,2164.07,2164.59,2163.88,2164.48,93,4,0,93
2024-03-15 06:24:00,2164.47,2164.55,2164.26,2164.26,48,4,0,48
2024-03-15 06:27:00,2164.23,2164.28,2163.95,2164.04,57,5,0,57
2024-03-15 06:30:00,2163.98,2164.55,2163.95,2164.55,47,7,0,47
2024-03-15 06:33:00,2164.57,2164.75,2164.56,2164.69,42,7,0,42
2024-03-15 06:36:00,2164.7,2165.24,2164.7,2165.24,74,8,0,74
2024-03-15 06:39:00,2165.24,2165.46,2165.08,2165.08,43,7,0,43
2024-03-15 06:42:00,2165.18,2165.33,2165.16,2165.27,77,7,0,77
2024-03-15 06:45:00,2165.27,2165.27,2164.98,2165.08,110,8,0,110
2024-03-15 06:48:00,2165.04,2165.12,2164.91,2165.05,161,4,0,161
2024-03-15 06:51:00,2165.05,2165.07,2164.86,2164.91,90,4,0,90
2024-03-15 06:54:00,2164.91,2164.91,2164.52,2164.58,99,9,0,99
2024-03-15 06:57:00,2164.61,2164.76,2164.34,2164.47,76,7,0,76
2024-03-15 07:00:00,2164.52,2165.18,2164.51,2165.18,51,9,0,51
2024-03-15 07:03:00,2165.23,2165.29,2164.83,2164.83,120,4,0,120
2024-03-15 07:06:00,2164.84,2165.15,2164.82,2165.14,178,9,0,178
2024-03-15 07:09:00,2165.15,2165.51,2165.11,2165.2,125,9,0,125
2024-03-15 07:12:00,2165.2,2165.3,2163.93,2164.0,176,6,0,176
2024-03-15 07:15:00,2164.02,2164.23,2163.77,2163.83,87,4,0,87
2024-03-15 07:18:00,2163.93,2164.43,2163.74,2164.19,120,4,0,120
2024-03-15 07:21:00,2164.09,2164.56,2164.03,2164.48,48,4,0,48
2024-03-15 07:24:00,2164.52,2164.52,2163.58,2163.89,145,4,0,145
2024-03-15 07:27:00,2163.88,2164.31,2163.88,2164.17,47,4,0,47
2024-03-15 07:30:00,2164.11,2165.21,2164.08,2165.19,241,4,0,241
2024-03-15 07:33:00,2165.21,2165.57,2164.94,2165.3,160,4,0,160
2024-03-15 07:36:00,2165.28,2165.8,2165.15,2165.68,153,8,0,153
2024-03-15 07:39:00,2165.66,2166.46,2165.58,2166.46,170,6,0,170
2024-03-15 07:42:00,2166.57,2167.48,2166.53,2166.9,371,4,0,371
2024-03-15 07:45:00,2166.93,2167.43,2166.72,2167.43,186,4,0,186
2024-03-15 07:48:00,2167.43,2168.2,2167.43,2168.15,272,4,0,272
2024-03-15 07:51:00,2168.14,2169.21,2167.9,2168.85,338,4,0,338
2024-03-15 07:54:00,2168.89,2168.91,2167.84,2168.62,241,4,0,241
2024-03-15 07:57:00,2168.65,2169.26,2168.05,2169.17,268,4,0,268
2024-03-15 08:00:00,2169.17,2169.39,2168.56,2169.08,250,4,0,250
2024-03-15 08:03:00,2169.06,2169.08,2168.35,2168.64,165,4,0,165
2024-03-15 08:06:00,2168.64,2169.44,2168.64,2169.4,147,4,0,147
2024-03-15 08:09:00,2169.4,2169.41,2168.72,2168.98,208,4,0,208
2024-03-15 08:12:00,2168.97,2169.02,2167.87,2168.24,168,4,0,168
2024-03-15 08:15:00,2168.26,2168.98,2168.04,2168.83,191,4,0,191
2024-03-15 08:18:00,2168.94,2170.07,2168.71,2169.61,291,4,0,291
2024-03-15 08:21:00,2169.64,2169.64,2168.17,2168.28,144,5,0,144
2024-03-15 08:24:00,2168.28,2169.63,2168.26,2168.86,275,4,0,275
2024-03-15 08:27:00,2168.86,2168.9,2168.17,2168.23,168,4,0,168
2024-03-15 08:30:00,2168.23,2168.56,2167.52,2167.66,184,4,0,184
2024-03-15 08:33:00,2167.66,2168.01,2167.36,2167.97,113,4,0,113
2024-03-15 08:36:00,2167.97,2168.16,2167.53,2167.75,141,5,0,141
2024-03-15 08:39:00,2167.78,2167.81,2167.2,2167.68,98,4,0,98
2024-03-15 08:42:00,2167.71,2168.32,2167.7,2168.07,77,4,0,77
2024-03-15 08:45:00,2168.05,2168.95,2167.81,2168.57,178,4,0,178
2024-03-15 08:48:00,2168.57,2169.07,2168.39,2168.82,86,4,0,86
2024-03-15 08:51:00,2168.82,2169.39,2167.93,2168.06,222,4,0,222
2024-03-15 08:54:00,2168.08,2168.26,2167.2,2168.11,210,4,0,210
2024-03-15 08:57:00,2168.17,2169.11,2167.88,2168.94,220,4,0,220
2024-03-15 09:00:00,2168.95,2169.13,2168.34,2169.13,205,4,0,205
2024-03-15 09:03:00,2169.13,2169.47,2168.38,2169.47,185,4,0,185
2024-03-15 09:06:00,2169.47,2170.02,2169.26,2169.77,193,4,0,193
2024-03-15 09:09:00,2169.77,2169.87,2168.78,2169.07,207,4,0,207
2024-03-15 09:12:00,2169.08,2169.29,2168.78,2169.25,153,4,0,153
2024-03-15 09:15:00,2169.26,2169.47,2168.68,2168.68,114,8,0,114
2024-03-15 09:18:00,2168.61,2168.89,2167.8,2167.8,203,4,0,203
2024-03-15 09:21:00,2167.83,2167.92,2167.19,2167.76,168,7,0,168
2024-03-15 09:24:00,2167.66,2168.07,2167.56,2167.67,130,5,0,130
2024-03-15 09:27:00,2167.75,2168.15,2167.46,2168.14,126,5,0,126
2024-03-15 09:30:00,2168.14,2168.14,2167.26,2167.94,262,4,0,262
2024-03-15 09:33:00,2167.92,2168.53,2167.84,2168.44,227,4,0,227
2024-03-15 09:36:00,2168.47,2168.55,2167.74,2168.04,164,5,0,164
2024-03-15 09:39:00,2168.04,2168.74,2167.8,2168.73,206,5,0,206
2024-03-15 09:42:00,2168.63,2168.84,2168.24,2168.66,166,4,0,166
2024-03-15 09:45:00,2168.67,2168.98,2168.39,2168.41,190,4,0,190
2024-03-15 09:48:00,2168.41,2168.51,2167.11,2167.21,123,4,0,123
2024-03-15 09:51:00,2167.21,2168.03,2166.91,2167.93,278,4,0,278
2024-03-15 09:54:00,2167.93,2168.23,2167.16,2167.16,265,4,0,265
2024-03-15 09:57:00,2167.16,2167.26,2166.72,2167.03,188,4,0,188
2024-03-15 10:00:00,2167.05,2167.81,2166.73,2167.19,570,4,0,570
2024-03-15 10:03:00,2167.19,2167.32,2166.13,2166.54,392,4,0,392
2024-03-15 10:06:00,2166.54,2167.22,2166.43,2167.07,431,4,0,431
2024-03-15 10:09:00,2167.06,2167.21,2166.58,2166.85,282,4,0,282
2024-03-15 10:12:00,2166.85,2166.85,2165.78,2166.15,260,4,0,260
2024-03-15 10:15:00,2166.14,2166.15,2165.47,2165.88,226,5,0,226
2024-03-15 10:18:00,2165.88,2166.67,2165.85,2166.67,172,7,0,172
2024-03-15 10:21:00,2166.75,2167.56,2166.59,2167.39,199,4,0,199
2024-03-15 10:24:00,2167.42,2167.57,2166.83,2167.3,203,4,0,203
2024-03-15 10:27:00,2167.32,2167.34,2166.02,2166.6,255,4,0,255
2024-03-15 10:30:00,2166.6,2166.82,2166.05,2166.6,357,4,0,357
2024-03-15 10:33:00,2166.6,2167.22,2165.73,2165.83,479,4,0,479
2024-03-15 10:36:00,2165.84,2166.36,2165.32,2166.07,390,4,0,390
2024-03-15 10:39:00,2166.07,2166.86,2166.01,2166.55,278,4,0,278
2024-03-15 10:42:00,2166.55,2167.89,2166.5,2167.79,266,4,0,266
2024-03-15 10:45:00,2167.79,2168.48,2167.51,2168.36,268,4,0,268
2024-03-15 10:48:00,2168.37,2168.94,2168.27,2168.65,189,4,0,189
2024-03-15 10:51:00,2168.65,2169.42,2168.63,2168.9,195,4,0,195
2024-03-15 10:54:00,2168.8,2169.36,2168.8,2168.9,246,4,0,246
2024-03-15 10:57:00,2168.92,2169.12,2168.59,2169.1,176,4,0,176
2024-03-15 11:00:00,2169.1,2169.82,2169.1,2169.73,250,4,0,250
2024-03-15 11:03:00,2169.73,2169.75,2169.17,2169.17,150,4,0,150
2024-03-15 11:06:00,2169.19,2169.31,2168.39,2168.59,116,4,0,116
2024-03-15 11:09:00,2168.59,2168.59,2168.1,2168.11,70,4,0,70
2024-03-15 11:12:00,2168.11,2168.29,2167.91,2168.29,218,5,0,218
2024-03-15 11:15:00,2168.29,2168.29,2167.55,2167.71,253,4,0,253
2024-03-15 11:18:00,2167.6,2168.17,2167.52,2168.05,246,4,0,246
2024-03-15 11:21:00,2168.05,2168.21,2167.87,2167.88,82,4,0,82
2024-03-15 11:24:00,2167.88,2168.56,2167.78,2168.46,161,4,0,161
2024-03-15 11:27:00,2168.48,2168.95,2168.46,2168.67,142,4,0,142
2024-03-15 11:30:00,2168.67,2169.75,2168.66,2169.73,242,4,0,242
2024-03-15 11:33:00,2169.65,2169.99,2169.15,2169.24,177,4,0,177
2024-03-15 11:36:00,2169.24,2169.39,2168.34,2168.34,195,4,0,195
2024-03-15 11:39:00,2168.34,2168.41,2167.58,2167.59,143,4,0,143
2024-03-15 11:42:00,2167.59,2168.47,2167.59,2168.17,137,4,0,137
2024-03-15 11:45:00,2168.17,2168.63,2167.98,2168.17,155,4,0,155
2024-03-15 11:48:00,2168.17,2168.36,2167.95,2168.36,164,4,0,164
2024-03-15 11:51:00,2168.36,2169.91,2168.36,2169.84,264,4,0,264
2024-03-15 11:54:00,2169.84,2172.37,2169.74,2172.08,349,4,0,349
2024-03-15 11:57:00,2172.07,2172.74,2171.46,2171.87,372,4,0,372
2024-03-15 12:00:00,2171.88,2172.65,2171.54,2172.04,345,6,0,345
2024-03-15 12:03:00,2172.07,2172.67,2170.99,2171.67,421,4,0,421
2024-03-15 12:06:00,2171.67,2171.68,2170.86,2171.38,175,4,0,175
2024-03-15 12:09:00,2171.41,2171.56,2170.42,2171.09,214,4,0,214
2024-03-15 12:12:00,2171.09,2171.19,2170.32,2170.32,130,4,0,130
2024-03-15 12:15:00,2170.36,2170.51,2169.94,2170.01,186,7,0,186
2024-03-15 12:18:00,2170.06,2170.33,2169.79,2169.79,141,4,0,141
2024-03-15 12:21:00,2169.79,2169.89,2169.39,2169.54,159,4,0,159
2024-03-15 12:24:00,2169.52,2170.67,2169.49,2170.67,216,4,0,216
2024-03-15 12:27:00,2170.67,2171.23,2170.56,2171.16,146,4,0,146
2024-03-15 12:30:00,2171.15,2171.26,2170.4,2170.57,217,4,0,217
2024-03-15 12:33:00,2170.59,2170.59,2170.17,2170.21,132,4,0,132
2024-03-15 12:36:00,2170.21,2170.32,2169.46,2169.49,147,6,0,147
2024-03-15 12:39:00,2169.49,2169.53,2168.72,2168.85,117,5,0,117
2024-03-15 12:42:00,2168.85,2169.01,2168.7,2168.75,144,7,0,144
2024-03-15 12:45:00,2168.75,2169.49,2168.7,2169.38,146,6,0,146
2024-03-15 12:48:00,2169.38,2169.69,2169.25,2169.59,159,7,0,159
2024-03-15 12:51:00,2169.58,2169.62,2169.29,2169.51,87,8,0,87
2024-03-15 12:54:00,2169.53,2169.89,2169.31,2169.58,145,7,0,145
2024-03-15 12:57:00,2169.58,2169.66,2168.97,2169.31,134,7,0,134
2024-03-15 13:00:00,2169.31,2169.38,2168.48,2168.67,147,5,0,147
2024-03-15 13:03:00,2168.67,2168.99,2168.26,2168.38,147,4,0,147
2024-03-15 13:06:00,2168.39,2168.51,2166.87,2167.32,229,4,0,229
2024-03-15 13:09:00,2167.32,2167.61,2166.34,2167.32,202,4,0,202
2024-03-15 13:12:00,2167.27,2167.71,2167.2,2167.48,146,4,0,146
2024-03-15 13:15:00,2167.48,2167.71,2166.93,2166.93,96,4,0,96
2024-03-15 13:18:00,2166.93,2167.51,2166.64,2167.33,176,4,0,176
2024-03-15 13:21:00,2167.33,2167.33,2166.48,2166.81,257,4,0,257
2024-03-15 13:24:00,2166.8,2167.29,2166.2,2167.17,219,4,0,219
2024-03-15 13:27:00,2167.17,2167.33,2166.89,2166.95,162,4,0,162
2024-03-15 13:30:00,2166.95,2167.12,2166.6,2166.6,251,4,0,251
2024-03-15 13:33:00,2166.6,2166.79,2166.34,2166.71,205,4,0,205
2024-03-15 13:36:00,2166.71,2167.18,2166.7,2167.0,205,5,0,205
2024-03-15 13:39:00,2167.0,2167.73,2166.76,2167.47,212,4,0,212
2024-03-15 13:42:00,2167.48,2167.87,2167.29,2167.45,149,4,0,149
2024-03-15 13:45:00,2167.45,2167.51,2166.64,2167.4,192,4,0,192
2024-03-15 13:48:00,2167.4,2167.86,2167.16,2167.48,220,4,0,220
2024-03-15 13:51:00,2167.46,2167.46,2166.84,2167.33,175,4,0,175
2024-03-15 13:54:00,2167.26,2167.43,2166.86,2166.9,123,4,0,123
2024-03-15 13:57:00,2166.9,2167.13,2166.42,2167.0,214,4,0,214
2024-03-15 14:00:00,2167.0,2167.38,2166.31,2166.34,332,4,0,332
2024-03-15 14:03:00,2166.32,2166.32,2162.74,2163.65,645,4,0,645
2024-03-15 14:06:00,2163.79,2165.2,2163.48,2164.53,467,4,0,467
2024-03-15 14:09:00,2164.55,2164.84,2162.81,2163.19,372,4,0,372
2024-03-15 14:12:00,2163.19,2163.54,2162.72,2163.23,329,4,0,329
2024-03-15 14:15:00,2163.21,2164.56,2163.16,2164.56,415,4,0,415
2024-03-15 14:18:00,2164.54,2165.91,2164.41,2165.9,383,4,0,383
2024-03-15 14:21:00,2165.9,2166.42,2163.54,2163.74,514,4,0,514
2024-03-15 14:24:00,2163.67,2164.64,2162.87,2162.91,473,4,0,473
2024-03-15 14:27:00,2162.86,2163.11,2162.09,2162.8,271,4,0,271
2024-03-15 14:30:00,2162.8,2164.94,2161.88,2163.28,851,4,0,851
2024-03-15 14:33:00,2163.28,2163.28,2161.78,2161.99,684,4,0,684
2024-03-15 14:36:00,2161.99,2162.3,2160.59,2160.74,599,4,0,599
2024-03-15 14:39:00,2160.74,2161.16,2159.16,2160.47,732,4,0,732
2024-03-15 14:42:00,2160.47,2160.75,2158.43,2158.69,659,4,0,659
2024-03-15 14:45:00,2158.69,2159.33,2157.98,2158.41,549,4,0,549
2024-03-15 14:48:00,2158.42,2159.79,2157.57,2158.99,515,4,0,515
2024-03-15 14:51:00,2159.01,2160.57,2158.14,2160.57,442,4,0,442
2024-03-15 14:54:00,2160.59,2161.52,2160.22,2161.31,510,4,0,510
2024-03-15 14:57:00,2161.3,2162.06,2160.92,2161.84,486,4,0,486
2024-03-15 15:00:00,2161.84,2163.36,2161.2,2163.32,679,4,0,679
2024-03-15 15:03:00,2163.29,2163.29,2161.03,2162.36,572,4,0,572
2024-03-15 15:06:00,2162.37,2162.64,2161.04,2161.13,492,4,0,492
2024-03-15 15:09:00,2161.16,2161.39,2160.07,2161.25,554,4,0,554
2024-03-15 15:12:00,2161.26,2161.65,2160.71,2160.93,341,4,0,341
2024-03-15 15:15:00,2160.93,2161.88,2160.35,2161.83,547,4,0,547
2024-03-15 15:18:00,2161.83,2162.03,2159.38,2160.15,566,4,0,566
2024-03-15 15:21:00,2160.17,2160.41,2158.7,2158.91,470,4,0,470
2024-03-15 15:24:00,2158.91,2160.03,2158.31,2159.26,658,4,0,658
2024-03-15 15:27:00,2159.26,2159.99,2158.76,2158.86,552,4,0,552
2024-03-15 15:30:00,2158.86,2158.95,2156.54,2157.79,974,4,0,974
2024-03-15 15:33:00,2157.79,2158.22,2156.96,2157.9,698,4,0,698
2024-03-15 15:36:00,2157.9,2160.03,2157.31,2159.38,691,4,0,691
2024-03-15 15:39:00,2159.41,2159.41,2157.49,2157.93,616,4,0,616
2024-03-15 15:42:00,2157.97,2158.49,2157.51,2157.52,617,4,0,617
2024-03-15 15:45:00,2157.58,2159.87,2157.58,2159.68,760,4,0,760
2024-03-15 15:48:00,2159.67,2160.64,2159.67,2160.26,636,4,0,636
2024-03-15 15:51:00,2160.29,2161.66,2160.28,2161.1,504,4,0,504
2024-03-15 15:54:00,2161.1,2161.27,2160.18,2160.84,366,4,0,366
2024-03-15 15:57:00,2160.87,2161.16,2159.88,2160.17,265,4,0,265
2024-03-15 16:00:00,2160.17,2162.54,2159.71,2161.26,833,4,0,833
2024-03-15 16:03:00,2161.26,2162.57,2160.98,2161.88,685,4,0,685
2024-03-15 16:06:00,2161.88,2161.88,2159.19,2159.41,675,4,0,675
2024-03-15 16:09:00,2159.45,2163.78,2159.35,2162.9,776,4,0,776
2024-03-15 16:12:00,2162.95,2163.86,2162.15,2162.71,658,4,0,658
2024-03-15 16:15:00,2162.71,2164.05,2162.54,2163.61,765,4,0,765
2024-03-15 16:18:00,2163.6,2164.48,2163.11,2163.54,762,4,0,762
2024-03-15 16:21:00,2163.54,2163.96,2161.62,2161.93,649,4,0,649
2024-03-15 16:24:00,2161.97,2163.37,2161.23,2162.53,620,4,0,620
2024-03-15 16:27:00,2162.53,2162.58,2160.84,2160.84,709,4,0,709
2024-03-15 16:30:00,2160.81,2162.22,2160.44,2162.0,622,4,0,622
2024-03-15 16:33:00,2162.01,2162.94,2162.0,2162.54,612,4,0,612
2024-03-15 16:36:00,2162.6,2162.84,2161.11,2161.87,646,4,0,646
2024-03-15 16:39:00,2161.95,2162.46,2160.56,2160.85,639,4,0,639
2024-03-15 16:42:00,2160.89,2161.19,2159.89,2160.47,549,4,0,549
2024-03-15 16:45:00,2160.47,2162.65,2160.47,2162.37,539,4,0,539
2024-03-15 16:48:00,2162.37,2163.94,2162.09,2162.95,598,4,0,598
2024-03-15 16:51:00,2162.84,2165.76,2162.76,2165.47,594,4,0,594
2024-03-15 16:54:00,2165.47,2166.7,2163.98,2164.64,725,4,0,725
2024-03-15 16:57:00,2164.64,2165.31,2164.16,2164.34,462,4,0,462
2024-03-15 17:00:00,2164.33,2164.35,2162.74,2162.93,652,4,0,652
2024-03-15 17:03:00,2162.93,2163.18,2161.86,2162.45,479,4,0,479
2024-03-15 17:06:00,2162.45,2162.84,2161.32,2161.32,329,4,0,329
2024-03-15 17:09:00,2161.32,2162.31,2160.75,2162.17,441,4,0,441
2024-03-15 17:12:00,2162.17,2163.56,2162.17,2162.27,393,4,0,393
2024-03-15 17:15:00,2162.26,2162.92,2162.16,2162.17,416,4,0,416
2024-03-15 17:18:00,2162.17,2162.37,2161.45,2161.46,298,4,0,298
2024-03-15 17:21:00,2161.46,2162.97,2161.09,2162.88,396,4,0,396
2024-03-15 17:24:00,2162.88,2163.52,2162.01,2162.16,413,4,0,413
2024-03-15 17:27:00,2162.17,2162.35,2161.02,2161.02,361,4,0,361
2024-03-15 17:30:00,2161.03,2161.82,2160.81,2161.17,413,4,0,413
2024-03-15 17:33:00,2161.17,2161.51,2160.13,2160.84,356,4,0,356
2024-03-15 17:36:00,2160.84,2161.23,2160.48,2161.14,324,4,0,324
2024-03-15 17:39:00,2161.1,2161.75,2160.65,2161.08,337,4,0,337
2024-03-15 17:42:00,2161.11,2161.61,2160.94,2161.45,297,4,0,297
2024-03-15 17:45:00,2161.43,2161.46,2159.54,2159.57,337,4,0,337
2024-03-15 17:48:00,2159.57,2159.87,2158.14,2159.3,598,4,0,598
2024-03-15 17:51:00,2159.3,2160.34,2159.3,2159.74,434,4,0,434
2024-03-15 17:54:00,2159.74,2160.67,2159.45,2160.56,393,4,0,393
2024-03-15 17:57:00,2160.6,2160.76,2159.94,2160.05,368,4,0,368
2024-03-15 18:00:00,2160.05,2160.36,2159.0,2159.34,341,4,0,341
2024-03-15 18:03:00,2159.36,2160.12,2158.89,2160.06,339,4,0,339
2024-03-15 18:06:00,2160.07,2162.06,2160.06,2161.35,447,4,0,447
2024-03-15 18:09:00,2161.34,2161.94,2161.14,2161.67,304,4,0,304
2024-03-15 18:12:00,2161.66,2162.21,2161.49,2162.01,214,4,0,214
2024-03-15 18:15:00,2161.91,2162.84,2161.63,2162.83,333,4,0,333
2024-03-15 18:18:00,2162.83,2162.99,2162.31,2162.81,340,4,0,340
2024-03-15 18:21:00,2162.81,2163.0,2162.4,2162.53,225,4,0,225
2024-03-15 18:24:00,2162.53,2162.94,2162.21,2162.36,271,4,0,271
2024-03-15 18:27:00,2162.42,2163.39,2162.12,2162.95,254,4,0,254
2024-03-15 18:30:00,2162.92,2163.15,2162.08,2162.91,285,4,0,285
2024-03-15 18:33:00,2162.91,2163.22,2162.5,2163.21,256,4,0,256
2024-03-15 18:36:00,2163.22,2163.5,2162.81,2163.01,310,4,0,310
2024-03-15 18:39:00,2162.92,2163.39,2162.55,2162.63,236,4,0,236
2024-03-15 18:42:00,2162.62,2162.84,2161.06,2161.13,264,4,0,264
2024-03-15 18:45:00,2161.12,2161.55,2160.45,2161.41,337,4,0,337
2024-03-15 18:48:00,2161.4,2161.55,2160.29,2160.37,243,4,0,243
2024-03-15 18:51:00,2160.37,2160.37,2158.48,2158.69,400,4,0,400
2024-03-15 18:54:00,2158.69,2159.05,2157.92,2158.42,328,4,0,328
2024-03-15 18:57:00,2158.42,2158.99,2158.02,2158.84,439,4,0,439
2024-03-15 19:00:00,2158.84,2159.58,2158.82,2159.21,342,4,0,342
2024-03-15 19:03:00,2159.21,2160.3,2159.21,2159.81,215,4,0,215
2024-03-15 19:06:00,2159.81,2160.02,2159.39,2159.71,231,4,0,231
2024-03-15 19:09:00,2159.72,2160.64,2158.7,2159.05,535,4,0,535
2024-03-15 19:12:00,2159.03,2159.48,2157.82,2158.22,498,4,0,498
2024-03-15 19:15:00,2158.12,2158.98,2157.8,2158.78,356,4,0,356
2024-03-15 19:18:00,2158.78,2159.15,2158.49,2158.6,283,4,0,283
2024-03-15 19:21:00,2158.59,2158.59,2157.87,2158.05,206,7,0,206
2024-03-15 19:24:00,2158.05,2158.35,2157.29,2158.13,392,4,0,392
2024-03-15 19:27:00,2158.11,2158.26,2157.58,2157.93,311,4,0,311
2024-03-15 19:30:00,2157.92,2158.03,2155.72,2157.07,422,4,0,422
2024-03-15 19:33:00,2157.07,2157.28,2156.86,2157.26,106,4,0,106
2024-03-15 19:36:00,2157.28,2157.78,2157.06,2157.33,150,4,0,150
2024-03-15 19:39:00,2157.34,2158.06,2157.08,2157.16,225,4,0,225
2024-03-15 19:42:00,2157.18,2157.46,2157.06,2157.16,139,4,0,139
2024-03-15 19:45:00,2157.16,2157.83,2156.97,2157.63,107,4,0,107
2024-03-15 19:48:00,2157.64,2157.92,2157.06,2157.1,123,4,0,123
2024-03-15 19:51:00,2157.1,2157.77,2156.16,2156.16,192,4,0,192
2024-03-15 19:54:00,2156.16,2156.37,2155.6,2155.62,206,4,0,206
2024-03-15 19:57:00,2155.62,2156.89,2155.18,2156.81,330,4,0,330
2024-03-15 20:00:00,2156.8,2157.43,2156.56,2157.13,322,5,0,322
2024-03-15 20:03:00,2157.13,2157.89,2157.12,2157.72,197,4,0,197
2024-03-15 20:06:00,2157.72,2158.12,2157.47,2158.1,136,4,0,136
2024-03-15 20:09:00,2158.1,2158.53,2158.1,2158.11,165,4,0,165
2024-03-15 20:12:00,2158.11,2158.65,2157.94,2158.14,242,4,0,242
2024-03-15 20:15:00,2158.13,2158.6,2157.87,2157.93,220,4,0,220
2024-03-15 20:18:00,2157.96,2158.23,2157.86,2158.23,112,5,0,112
2024-03-15 20:21:00,2158.23,2158.23,2157.63,2158.06,232,5,0,232
2024-03-15 20:24:00,2158.05,2158.55,2158.05,2158.53,201,4,0,201
2024-03-15 20:27:00,2158.53,2158.53,2157.66,2157.69,82,7,0,82
2024-03-15 20:30:00,2157.72,2157.95,2157.64,2157.94,97,8,0,97
2024-03-15 20:33:00,2157.94,2157.94,2157.63,2157.93,113,11,0,113
2024-03-15 20:36:00,2157.94,2159.15,2157.93,2159.11,179,4,0,179
2024-03-15 20:39:00,2159.11,2159.7,2159.01,2159.65,282,4,0,282
2024-03-15 20:42:00,2159.65,2160.26,2159.62,2159.78,229,4,0,229
2024-03-15 20:45:00,2159.77,2160.04,2159.73,2160.04,146,4,0,146
2024-03-15 20:48:00,2160.04,2160.12,2159.75,2160.09,131,4,0,131
2024-03-15 20:51:00,2160.08,2160.2,2159.63,2159.76,159,4,0,159
2024-03-15 20:54:00,2159.74,2160.31,2159.73,2160.04,225,7,0,225
2024-03-15 20:57:00,2160.07,2160.09,2159.16,2159.33,332,4,0,332
2024-03-15 21:00:00,2159.31,2159.49,2157.93,2158.9,497,4,0,497
2024-03-15 21:03:00,2158.88,2159.04,2158.34,2158.41,137,4,0,137
2024-03-15 21:06:00,2158.37,2158.88,2158.11,2158.72,112,8,0,112
2024-03-15 21:09:00,2158.71,2158.94,2158.5,2158.63,132,6,0,132
2024-03-15 21:12:00,2158.65,2159.41,2158.59,2158.86,116,4,0,116
2024-03-15 21:15:00,2158.84,2159.09,2158.74,2158.93,60,4,0,60
2024-03-15 21:18:00,2158.93,2159.03,2158.29,2158.31,73,8,0,73
2024-03-15 21:21:00,2158.28,2158.51,2158.19,2158.49,110,8,0,110
2024-03-15 21:24:00,2158.49,2158.67,2158.17,2158.18,105,6,0,105
2024-03-15 21:27:00,2158.18,2158.18,2157.95,2158.09,145,5,0,145
2024-03-15 21:30:00,2158.06,2158.08,2157.79,2157.98,76,6,0,76
2024-03-15 21:33:00,2157.99,2158.08,2157.87,2157.9,79,9,0,79
2024-03-15 21:36:00,2157.91,2157.98,2157.41,2157.7,136,4,0,136
2024-03-15 21:39:00,2157.7,2157.76,2157.4,2157.64,61,10,0,61
2024-03-15 21:42:00,2157.64,2157.82,2157.55,2157.7,60,4,0,60
2024-03-15 21:45:00,2157.71,2157.96,2157.4,2157.59,138,5,0,138
2024-03-15 21:48:00,2157.59,2157.75,2157.28,2157.64,67,9,0,67
2024-03-15 21:51:00,2157.65,2157.68,2156.61,2156.61,59,8,0,59
2024-03-15 21:54:00,2156.61,2156.75,2156.36,2156.46,117,7,0,117
2024-03-15 21:57:00,2156.5,2156.97,2156.44,2156.9,110,4,0,110
2024-03-15 22:00:00,2157.09,2157.44,2157.04,2157.22,83,9,0,83
2024-03-15 22:03:00,2157.22,2157.22,2156.93,2157.2,27,11,0,27
2024-03-15 22:06:00,2157.19,2157.26,2157.0,2157.16,33,12,0,33
2024-03-15 22:09:00,2157.19,2157.23,2156.98,2156.98,45,13,0,45
2024-03-15 22:12:00,2156.98,2157.22,2156.93,2157.22,27,12,0,27
2024-03-15 22:15:00,2157.24,2157.67,2157.2,2157.61,52,8,0,52
2024-03-15 22:18:00,2157.61,2158.06,2157.61,2158.06,25,5,0,25
2024-03-15 22:21:00,2158.05,2158.05,2157.85,2158.0,24,5,0,24
2024-03-15 22:24:00,2157.98,2158.08,2157.98,2158.03,29,4,0,29
2024-03-15 22:27:00,2158.03,2158.33,2157.97,2158.28,27,4,0,27
2024-03-15 22:30:00,2158.28,2158.28,2157.71,2157.71,50,4,0,50
2024-03-15 22:33:00,2157.72,2157.72,2157.35,2157.35,51,10,0,51
2024-03-15 22:36:00,2157.35,2157.71,2157.3,2157.47,46,4,0,46
2024-03-15 22:39:00,2157.49,2157.58,2157.31,2157.4,33,4,0,33
2024-03-15 22:42:00,2157.37,2157.37,2156.65,2156.86,43,4,0,43
2024-03-15 22:45:00,2156.8,2156.84,2156.46,2156.68,80,6,0,80
2024-03-15 22:48:00,2156.74,2156.82,2155.43,2155.61,119,11,0,119
2024-03-15 22:51:00,2155.63,2156.27,2155.61,2156.17,51,11,0,51
2024-03-15 22:54:00,2156.2,2156.49,2155.69,2155.85,71,7,0,71
2024-03-15 22:57:00,2155.75,2156.24,2155.63,2155.71,66,4,0,66
2024-03-18 00:03:00,2153.11,2154.64,2153.11,2154.63,52,6,0,52
2024-03-18 00:06:00,2154.6,2155.15,2153.78,2154.91,169,4,0,169
2024-03-18 00:09:00,2155.08,2155.59,2154.66,2154.77,140,11,0,140
2024-03-18 00:12:00,2154.79,2154.84,2154.12,2154.31,150,6,0,150
2024-03-18 00:15:00,2154.36,2154.41,2153.8,2153.9,69,11,0,69
2024-03-18 00:18:00,2153.9,2154.31,2153.83,2154.22,43,8,0,43
2024-03-18 00:21:00,2154.28,2154.76,2154.28,2154.6,48,7,0,48
2024-03-18 00:24:00,2154.65,2155.11,2154.61,2154.84,60,4,0,60
2024-03-18 00:27:00,2154.86,2155.57,2154.86,2155.37,40,5,0,40
2024-03-18 00:30:00,2155.37,2155.89,2154.69,2155.8,88,4,0,88
2024-03-18 00:33:00,2155.8,2156.07,2155.48,2155.48,86,5,0,86
2024-03-18 00:36:00,2155.48,2155.49,2155.22,2155.22,61,12,0,61
2024-03-18 00:39:00,2155.22,2155.34,2154.93,2154.93,60,13,0,60
2024-03-18 00:42:00,2154.91,2155.08,2154.49,2154.49,77,10,0,77
2024-03-18 00:45:00,2154.49,2154.51,2153.96,2154.27,54,5,0,54
2024-03-18 00:48:00,2154.11,2154.88,2153.8,2154.83,86,4,0,86
2024-03-18 00:51:00,2154.87,2155.2,2154.82,2154.93,76,6,0,76
2024-03-18 00:54:00,2154.93,2155.02,2154.58,2154.86,114,6,0,114
2024-03-18 00:57:00,2154.84,2155.15,2154.78,2154.93,53,7,0,53
2024-03-18 01:00:00,2154.93,2155.91,2154.4,2155.4,153,6,0,153
2024-03-18 01:03:00,2155.42,2155.7,2154.97,2154.97,130,5,0,130
2024-03-18 01:06:00,2154.97,2155.24,2154.97,2154.98,103,7,0,103
2024-03-18 01:09:00,2154.82,2155.02,2154.72,2154.78,93,7,0,93
2024-03-18 01:12:00,2154.78,2155.07,2154.66,2154.67,125,9,0,125
2024-03-18 01:15:00,2154.67,2155.07,2154.08,2154.17,125,4,0,125
2024-03-18 01:18:00,2154.18,2154.56,2153.85,2154.18,98,5,0,98
2024-03-18 01:21:00,2154.18,2154.7,2154.11,2154.6,70,9,0,70
2024-03-18 01:24:00,2154.6,2154.85,2154.6,2154.8,41,7,0,41
2024-03-18 01:27:00,2154.77,2154.85,2154.47,2154.5,56,5,0,56
2024-03-18 01:30:00,2154.52,2154.78,2154.5,2154.76,60,7,0,60
2024-03-18 01:33:00,2154.76,2155.02,2154.7,2154.8,38,9,0,38
2024-03-18 01:36:00,2154.77,2155.38,2154.77,2155.3,84,6,0,84
2024-03-18 01:39:00,2155.2,2155.25,2154.52,2154.68,89,5,0,89
2024-03-18 01:42:00,2154.83,2155.03,2154.75,2155.0,61,4,0,61
2024-03-18 01:45:00,2155.02,2156.04,2155.02,2155.76,213,4,0,213
2024-03-18 01:48:00,2155.76,2155.86,2155.37,2155.77,116,7,0,116
2024-03-18 01:51:00,2155.77,2156.17,2155.63,2156.07,116,7,0,116
2024-03-18 01:54:00,2156.0,2156.56,2155.88,2156.36,156,7,0,156
2024-03-18 01:57:00,2156.36,2156.89,2156.18,2156.55,122,7,0,122
2024-03-18 02:00:00,2156.56,2156.74,2156.14,2156.2,229,5,0,229
2024-03-18 02:03:00,2156.2,2156.36,2155.0,2155.34,142,4,0,142
2024-03-18 02:06:00,2155.34,2155.71,2155.24,2155.52,162,4,0,162
2024-03-18 02:09:00,2155.52,2155.87,2155.32,2155.83,128,4,0,128
2024-03-18 02:12:00,2155.83,2155.83,2155.04,2155.27,140,4,0,140
2024-03-18 02:15:00,2155.28,2155.55,2154.97,2155.33,100,4,0,100
2024-03-18 02:18:00,2155.27,2155.98,2155.27,2155.74,106,4,0,106
2024-03-18 02:21:00,2155.68,2155.68,2155.25,2155.41,109,7,0,109
2024-03-18 02:24:00,2155.39,2156.06,2155.34,2155.89,88,6,0,88
2024-03-18 02:27:00,2155.87,2156.25,2155.72,2156.14,64,5,0,64
2024-03-18 02:30:00,2156.14,2156.14,2155.5,2155.64,79,7,0,79
2024-03-18 02:33:00,2155.61,2156.13,2155.47,2155.98,93,4,0,93
2024-03-18 02:36:00,2155.97,2156.32,2155.76,2155.84,73,4,0,73
2024-03-18 02:39:00,2155.83,2155.83,2155.48,2155.52,97,8,0,97
2024-03-18 02:42:00,2155.6,2156.05,2155.23,2156.05,103,5,0,103
2024-03-18 02:45:00,2156.08,2156.42,2156.02,2156.1,83,4,0,83
2024-03-18 02:48:00,2156.07,2156.27,2155.96,2155.99,85,5,0,85
2024-03-18 02:51:00,2155.99,2156.98,2155.99,2156.92,153,4,0,153
2024-03-18 02:54:00,2156.91,2157.54,2156.84,2157.17,237,4,0,237
2024-03-18 02:57:00,2157.15,2157.29,2156.4,2156.61,164,7,0,164
2024-03-18 03:00:00,2156.6,2156.63,2155.3,2155.39,331,4,0,331
2024-03-18 03:03:00,2155.4,2155.76,2154.45,2154.64,345,4,0,345
2024-03-18 03:06:00,2154.64,2154.65,2153.64,2153.88,353,4,0,353
2024-03-18 03:09:00,2153.88,2154.11,2153.4,2153.52,306,4,0,306
2024-03-18 03:12:00,2153.51,2153.85,2152.82,2153.09,352,4,0,352
2024-03-18 03:15:00,2153.13,2153.36,2152.28,2152.31,249,4,0,249
2024-03-18 03:18:00,2152.27,2152.68,2151.88,2152.16,245,4,0,245
2024-03-18 03:21:00,2152.16,2152.22,2150.24,2151.04,371,4,0,371
2024-03-18 03:24:00,2151.03,2151.22,2150.2,2150.94,330,4,0,330
2024-03-18 03:27:00,2151.0,2151.81,2150.43,2151.57,296,4,0,296
2024-03-18 03:30:00,2151.57,2152.73,2151.4,2152.52,268,4,0,268
2024-03-18 03:33:00,2152.53,2152.61,2152.13,2152.46,164,4,0,164
2024-03-18 03:36:00,2152.59,2153.28,2152.17,2152.4,144,5,0,144
2024-03-18 03:39:00,2152.4,2152.58,2151.71,2151.88,238,6,0,238
2024-03-18 03:42:00,2151.87,2152.58,2151.8,2152.58,165,6,0,165
2024-03-18 03:45:00,2152.6,2152.84,2152.4,2152.5,151,4,0,151
2024-03-18 03:48:00,2152.5,2152.94,2152.5,2152.72,85,6,0,85
2024-03-18 03:51:00,2152.68,2152.78,2152.11,2152.63,98,6,0,98
2024-03-18 03:54:00,2152.63,2153.1,2152.59,2152.65,203,7,0,203
2024-03-18 03:57:00,2152.68,2152.77,2152.15,2152.25,219,8,0,219
2024-03-18 04:00:00,2152.27,2153.1,2152.27,2152.88,291,10,0,291
2024-03-18 04:03:00,2152.88,2152.89,2152.09,2152.14,256,4,0,256
2024-03-18 04:06:00,2152.14,2152.76,2152.13,2152.23,245,9,0,245
2024-03-18 04:09:00,2152.26,2152.38,2151.44,2151.95,255,4,0,255
2024-03-18 04:12:00,2151.97,2152.32,2151.61,2151.95,181,11,0,181
2024-03-18 04:15:00,2151.95,2152.27,2151.83,2152.26,175,5,0,175
2024-03-18 04:18:00,2152.28,2153.49,2152.28,2153.06,163,9,0,163
2024-03-18 04:21:00,2153.06,2153.24,2152.68,2152.92,146,6,0,146
2024-03-18 04:24:00,2152.93,2153.0,2152.3,2152.38,111,6,0,111
2024-03-18 04:27:00,2152.38,2152.81,2152.38,2152.81,72,4,0,72
2024-03-18 04:30:00,2152.75,2152.75,2152.08,2152.15,230,8,0,230
2024-03-18 04:33:00,2152.17,2152.22,2151.12,2151.41,146,5,0,146
2024-03-18 04:36:00,2151.41,2152.21,2151.18,2151.2,209,4,0,209
2024-03-18 04:39:00,2151.21,2151.49,2150.56,2150.97,149,4,0,149
2024-03-18 04:42:00,2151.01,2151.03,2149.83,2149.92,206,4,0,206
2024-03-18 04:45:00,2149.97,2150.03,2146.55,2147.9,473,4,0,473
2024-03-18 04:48:00,2147.91,2149.0,2147.83,2148.8,263,4,0,263
2024-03-18 04:51:00,2148.83,2149.11,2148.61,2148.88,181,4,0,181
2024-03-18 04:54:00,2148.86,2148.88,2147.91,2148.47,174,4,0,174
2024-03-18 04:57:00,2148.5,2148.51,2147.93,2147.93,117,5,0,117
2024-03-18 05:00:00,2147.93,2147.93,2147.48,2147.59,157,4,0,157
2024-03-18 05:03:00,2147.59,2148.1,2146.98,2147.63,260,4,0,260
2024-03-18 05:06:00,2147.62,2147.75,2146.34,2147.68,232,5,0,232
2024-03-18 05:09:00,2147.68,2147.7,2146.89,2147.35,181,9,0,181
2024-03-18 05:12:00,2147.28,2147.47,2146.86,2146.87,126,14,0,126
2024-03-18 05:15:00,2146.86,2146.99,2146.05,2146.84,161,11,0,161
2024-03-18 05:18:00,2146.88,2147.77,2146.67,2147.4,180,4,0,180
2024-03-18 05:21:00,2147.41,2147.41,2146.71,2147.31,102,6,0,102
2024-03-18 05:24:00,2147.31,2147.43,2147.0,2147.18,120,4,0,120
2024-03-18 05:27:00,2147.18,2147.18,2146.6,2146.71,94,11,0,94
2024-03-18 05:30:00,2146.72,2147.18,2146.72,2146.97,105,9,0,105
2024-03-18 05:33:00,2146.96,2147.82,2146.83,2147.46,127,6,0,127
2024-03-18 05:36:00,2147.46,2147.95,2147.25,2147.36,108,4,0,108
2024-03-18 05:39:00,2147.36,2147.36,2146.44,2146.44,142,6,0,142
2024-03-18 05:42:00,2146.43,2146.93,2146.35,2146.76,97,6,0,97
2024-03-18 05:45:00,2146.76,2146.93,2146.58,2146.75,86,6,0,86
2024-03-18 05:48:00,2146.72,2146.93,2146.6,2146.67,59,10,0,59
2024-03-18 05:51:00,2146.67,2146.77,2146.27,2146.73,96,13,0,96
2024-03-18 05:54:00,2146.71,2147.03,2146.6,2146.64,141,13,0,141
2024-03-18 05:57:00,2146.64,2146.82,2146.45,2146.74,141,10,0,141
2024-03-18 06:00:00,2146.71,2147.14,2146.44,2146.88,63,10,0,63
2024-03-18 06:03:00,2146.91,2147.33,2146.63,2146.77,121,6,0,121
2024-03-18 06:06:00,2146.77,2146.88,2146.41,2146.56,119,11,0,119
2024-03-18 06:09:00,2146.56,2147.66,2146.51,2147.65,88,5,0,88
2024-03-18 06:12:00,2147.61,2147.8,2147.42,2147.65,65,8,0,65
2024-03-18 06:15:00,2147.65,2147.68,2147.39,2147.6,73,6,0,73
2024-03-18 06:18:00,2147.6,2148.29,2147.54,2148.21,87,4,0,87
2024-03-18 06:21:00,2148.21,2148.22,2146.72,2147.06,138,6,0,138
2024-03-18 06:24:00,2147.06,2147.28,2146.86,2146.99,49,6,0,49
2024-03-18 06:27:00,2146.98,2147.27,2146.15,2146.85,113,9,0,113
2024-03-18 06:30:00,2146.83,2147.19,2146.64,2146.74,82,9,0,82
2024-03-18 06:33:00,2146.71,2146.95,2146.51,2146.51,77,8,0,77
2024-03-18 06:36:00,2146.53,2147.42,2146.51,2147.28,74,10,0,74
2024-03-18 06:39:00,2147.27,2147.71,2147.2,2147.55,104,7,0,104
2024-03-18 06:42:00,2147.62,2147.63,2146.96,2147.01,67,10,0,67
2024-03-18 06:45:00,2147.02,2147.2,2146.85,2147.18,69,11,0,69
2024-03-18 06:48:00,2147.16,2147.29,2147.03,2147.17,58,8,0,58
2024-03-18 06:51:00,2147.17,2147.52,2147.17,2147.36,62,9,0,62
2024-03-18 06:54:00,2147.36,2147.42,2147.15,2147.3,36,9,0,36
2024-03-18 06:57:00,2147.3,2147.74,2147.1,2147.33,92,12,0,92
2024-03-18 07:00:00,2147.31,2147.4,2147.02,2147.38,94,14,0,94
2024-03-18 07:03:00,2147.39,2147.57,2147.29,2147.42,87,5,0,87
2024-03-18 07:06:00,2147.42,2147.75,2147.34,2147.71,62,11,0,62
2024-03-18 07:09:00,2147.71,2148.2,2147.36,2148.13,86,11,0,86
2024-03-18 07:12:00,2148.17,2148.27,2147.93,2147.94,91,12,0,91
2024-03-18 07:15:00,2147.89,2147.89,2147.51,2147.61,73,12,0,73
2024-03-18 07:18:00,2147.63,2147.75,2146.9,2147.32,96,4,0,96
2024-03-18 07:21:00,2147.34,2147.37,2146.06,2146.84,198,7,0,198
2024-03-18 07:24:00,2146.83,2146.83,2146.58,2146.64,75,13,0,75
2024-03-18 07:27:00,2146.63,2146.8,2146.16,2146.6,129,4,0,129
2024-03-18 07:30:00,2146.62,2147.16,2146.1,2147.06,282,4,0,282
2024-03-18 07:33:00,2147.11,2147.78,2146.87,2147.77,111,11,0,111
2024-03-18 07:36:00,2147.77,2148.32,2147.21,2147.73,139,9,0,139
2024-03-18 07:39:00,2147.71,2147.71,2147.09,2147.12,108,11,0,108
2024-03-18 07:42:00,2147.11,2147.31,2146.65,2146.84,131,9,0,131
2024-03-18 07:45:00,2146.87,2147.07,2146.56,2146.89,154,8,0,154
2024-03-18 07:48:00,2146.89,2147.3,2146.86,2147.09,165,7,0,165
2024-03-18 07:51:00,2147.09,2147.42,2146.75,2147.3,123,9,0,123
2024-03-18 07:54:00,2147.37,2147.43,2146.93,2146.98,107,6,0,107
2024-03-18 07:57:00,2147.0,2147.43,2146.7,2147.08,116,5,0,116
2024-03-18 08:00:00,2147.08,2147.68,2146.78,2147.66,118,5,0,118
2024-03-18 08:03:00,2147.66,2148.25,2147.6,2148.23,80,4,0,80
2024-03-18 08:06:00,2148.25,2148.3,2147.83,2148.3,95,4,0,95
2024-03-18 08:09:00,2148.23,2148.23,2147.49,2147.49,79,5,0,79
2024-03-18 08:12:00,2147.46,2148.06,2147.32,2147.73,88,6,0,88
2024-03-18 08:15:00,2147.77,2148.02,2147.42,2147.42,85,4,0,85
2024-03-18 08:18:00,2147.42,2147.67,2147.28,2147.65,88,4,0,88
2024-03-18 08:21:00,2147.63,2148.12,2147.57,2148.11,78,4,0,78
2024-03-18 08:24:00,2148.11,2148.12,2147.61,2147.79,74,4,0,74
2024-03-18 08:27:00,2147.79,2147.79,2146.79,2147.1,110,7,0,110
2024-03-18 08:30:00,2147.15,2147.99,2147.15,2147.96,115,4,0,115
2024-03-18 08:33:00,2147.96,2148.08,2147.33,2147.42,144,9,0,144
2024-03-18 08:36:00,2147.43,2147.69,2147.04,2147.65,127,7,0,127
2024-03-18 08:39:00,2147.65,2147.67,2147.22,2147.25,86,5,0,86
2024-03-18 08:42:00,2147.25,2147.68,2146.95,2147.23,102,4,0,102
2024-03-18 08:45:00,2147.26,2147.82,2147.26,2147.76,124,5,0,124
2024-03-18 08:48:00,2147.81,2148.52,2147.77,2148.52,72,4,0,72
2024-03-18 08:51:00,2148.52,2149.14,2147.81,2147.88,138,4,0,138
2024-03-18 08:54:00,2147.85,2148.1,2147.68,2147.85,246,4,0,246
2024-03-18 08:57:00,2147.87,2148.1,2147.6,2148.09,239,5,0,239
2024-03-18 09:00:00,2148.09,2148.11,2147.34,2147.44,176,4,0,176
2024-03-18 09:03:00,2147.44,2147.99,2147.4,2147.58,166,4,0,166
2024-03-18 09:06:00,2147.55,2148.52,2147.4,2148.4,201,8,0,201
2024-03-18 09:09:00,2148.4,2149.0,2148.35,2148.88,202,4,0,202
2024-03-18 09:12:00,2148.85,2149.12,2148.45,2148.93,202,4,0,202
2024-03-18 09:15:00,2148.93,2149.33,2148.65,2148.83,216,5,0,216
2024-03-18 09:18:00,2148.89,2149.24,2148.61,2149.2,137,9,0,137
2024-03-18 09:21:00,2149.2,2149.66,2149.04,2149.42,87,10,0,87
2024-03-18 09:24:00,2149.4,2150.21,2149.32,2149.81,120,6,0,120
2024-03-18 09:27:00,2149.81,2150.62,2149.78,2150.46,145,8,0,145
2024-03-18 09:30:00,2150.56,2150.56,2149.23,2149.32,419,4,0,419
2024-03-18 09:33:00,2149.33,2150.29,2149.09,2150.29,357,4,0,357
2024-03-18 09:36:00,2150.29,2150.43,2150.03,2150.38,287,4,0,287
2024-03-18 09:39:00,2150.35,2150.69,2150.27,2150.49,303,4,0,303
2024-03-18 09:42:00,2150.5,2150.56,2150.14,2150.2,259,4,0,259
2024-03-18 09:45:00,2150.19,2150.4,2149.73,2149.89,222,4,0,222
2024-03-18 09:48:00,2149.85,2149.88,2149.56,2149.76,218,4,0,218
2024-03-18 09:51:00,2149.76,2150.13,2149.59,2150.09,245,4,0,245
2024-03-18 09:54:00,2150.09,2151.28,2149.71,2151.23,221,4,0,221
2024-03-18 09:57:00,2151.23,2152.26,2151.21,2152.19,444,4,0,444
2024-03-18 10:00:00,2152.17,2152.17,2150.97,2151.2,605,4,0,605
2024-03-18 10:03:00,2151.19,2151.22,2150.2,2150.7,325,4,0,325
2024-03-18 10:06:00,2150.7,2150.79,2150.2,2150.59,267,6,0,267
2024-03-18 10:09:00,2150.58,2151.55,2150.39,2151.49,307,4,0,307
2024-03-18 10:12:00,2151.49,2152.85,2151.49,2152.68,332,4,0,332
2024-03-18 10:15:00,2152.62,2153.16,2152.46,2153.01,404,4,0,404
2024-03-18 10:18:00,2152.97,2153.77,2152.87,2153.6,451,4,0,451
2024-03-18 10:21:00,2153.68,2154.49,2153.22,2153.83,355,4,0,355
2024-03-18 10:24:00,2153.82,2153.87,2152.66,2153.08,353,4,0,353
2024-03-18 10:27:00,2153.08,2153.33,2152.54,2152.74,204,4,0,204
2024-03-18 10:30:00,2152.65,2153.07,2152.34,2152.65,231,5,0,231
2024-03-18 10:33:00,2152.66,2153.04,2152.45,2152.69,244,5,0,244
2024-03-18 10:36:00,2152.67,2152.92,2152.17,2152.65,316,4,0,316
2024-03-18 10:39:00,2152.63,2152.66,2151.53,2151.93,241,4,0,241
2024-03-18 10:42:00,2151.9,2152.61,2151.83,2152.57,156,4,0,156
2024-03-18 10:45:00,2152.57,2152.58,2151.85,2152.25,164,4,0,164
2024-03-18 10:48:00,2152.33,2152.58,2151.87,2152.53,295,4,0,295
2024-03-18 10:51:00,2152.48,2153.88,2152.48,2153.0,362,4,0,362
2024-03-18 10:54:00,2153.0,2154.25,2153.0,2154.13,471,4,0,471
2024-03-18 10:57:00,2154.1,2154.1,2153.37,2153.57,387,4,0,387
2024-03-18 11:00:00,2153.57,2154.13,2153.42,2153.73,329,4,0,329
2024-03-18 11:03:00,2153.72,2154.53,2153.72,2154.21,203,4,0,203
2024-03-18 11:06:00,2154.22,2154.54,2153.67,2154.44,286,4,0,286
2024-03-18 11:09:00,2154.44,2155.0,2154.41,2154.73,245,4,0,245
2024-03-18 11:12:00,2154.73,2155.42,2154.73,2155.31,234,4,0,234
2024-03-18 11:15:00,2155.31,2155.89,2155.13,2155.23,197,4,0,197
2024-03-18 11:18:00,2155.23,2155.49,2154.44,2154.49,349,4,0,349
2024-03-18 11:21:00,2154.5,2154.76,2154.22,2154.62,288,4,0,288
2024-03-18 11:24:00,2154.62,2154.65,2153.71,2154.21,177,4,0,177
2024-03-18 11:27:00,2154.25,2154.66,2154.11,2154.3,111,4,0,111
2024-03-18 11:30:00,2154.32,2155.48,2154.32,2155.07,192,4,0,192
2024-03-18 11:33:00,2155.06,2155.53,2154.99,2155.34,158,4,0,158
2024-03-18 11:36:00,2155.34,2155.34,2154.53,2154.63,175,4,0,175
2024-03-18 11:39:00,2154.65,2155.14,2154.53,2155.14,171,4,0,171
2024-03-18 11:42:00,2155.14,2155.47,2154.92,2155.36,187,4,0,187
2024-03-18 11:45:00,2155.28,2155.48,2154.27,2154.53,309,4,0,309
2024-03-18 11:48:00,2154.49,2154.91,2154.4,2154.69,188,4,0,188
2024-03-18 11:51:00,2154.71,2154.71,2153.83,2153.83,296,4,0,296
2024-03-18 11:54:00,2153.83,2154.69,2153.79,2154.17,315,4,0,315
2024-03-18 11:57:00,2154.17,2154.99,2154.17,2154.87,135,4,0,135
2024-03-18 12:00:00,2154.88,2155.08,2154.68,2154.87,150,4,0,150
2024-03-18 12:03:00,2154.87,2155.65,2154.87,2155.48,148,4,0,148
2024-03-18 12:06:00,2155.49,2156.04,2155.47,2155.94,160,4,0,160
2024-03-18 12:09:00,2155.95,2156.19,2155.77,2155.79,188,4,0,188
2024-03-18 12:12:00,2155.87,2156.45,2155.72,2155.75,189,4,0,189
2024-03-18 12:15:00,2155.85,2156.09,2155.53,2155.68,234,4,0,234
2024-03-18 12:18:00,2155.68,2156.19,2155.63,2155.95,134,4,0,134
2024-03-18 12:21:00,2155.96,2156.27,2155.83,2156.07,213,4,0,213
2024-03-18 12:24:00,2156.07,2156.33,2155.81,2156.16,268,4,0,268
2024-03-18 12:27:00,2156.17,2156.39,2155.81,2156.08,179,4,0,179
2024-03-18 12:30:00,2156.08,2156.56,2155.56,2156.48,262,4,0,262
2024-03-18 12:33:00,2156.51,2157.48,2156.49,2157.06,306,4,0,306
2024-03-18 12:36:00,2157.06,2157.6,2156.67,2157.54,374,4,0,374
2024-03-18 12:39:00,2157.55,2157.69,2156.45,2157.27,348,4,0,348
2024-03-18 12:42:00,2157.26,2157.48,2156.93,2157.32,195,4,0,195
2024-03-18 12:45:00,2157.32,2157.98,2156.8,2156.89,259,4,0,259
2024-03-18 12:48:00,2156.89,2157.83,2156.89,2157.78,111,4,0,111
2024-03-18 12:51:00,2157.78,2158.11,2157.4,2157.99,179,4,0,179
2024-03-18 12:54:00,2157.99,2158.5,2157.5,2157.72,163,4,0,163
2024-03-18 12:57:00,2157.72,2158.23,2157.48,2158.21,180,4,0,180
2024-03-18 13:00:00,2158.21,2159.21,2158.2,2158.72,224,4,0,224
2024-03-18 13:03:00,2158.71,2159.69,2158.71,2159.47,244,4,0,244
2024-03-18 13:06:00,2159.48,2159.88,2159.32,2159.61,316,4,0,316
2024-03-18 13:09:00,2159.62,2160.54,2159.62,2160.43,288,4,0,288
2024-03-18 13:12:00,2160.43,2160.6,2159.58,2159.78,230,4,0,230
2024-03-18 13:15:00,2159.78,2159.78,2159.27,2159.62,137,4,0,137
2024-03-18 13:18:00,2159.62,2159.98,2159.18,2159.45,262,4,0,262
2024-03-18 13:21:00,2159.48,2159.92,2159.29,2159.33,315,4,0,315
2024-03-18 13:24:00,2159.33,2159.95,2159.05,2159.92,371,4,0,371
2024-03-18 13:27:00,2159.93,2160.58,2159.79,2160.49,269,4,0,269
2024-03-18 13:30:00,2160.49,2161.2,2160.35,2161.18,322,4,0,322
2024-03-18 13:33:00,2161.16,2161.16,2160.41,2160.41,220,4,0,220
2024-03-18 13:36:00,2160.41,2160.85,2160.16,2160.25,208,4,0,208
2024-03-18 13:39:00,2160.25,2160.94,2159.92,2160.93,281,4,0,281
2024-03-18 13:42:00,2160.94,2161.06,2160.16,2160.27,271,4,0,271
2024-03-18 13:45:00,2160.27,2160.77,2160.22,2160.71,252,4,0,252
2024-03-18 13:48:00,2160.72,2161.29,2160.7,2160.96,189,4,0,189
2024-03-18 13:51:00,2160.96,2161.05,2159.62,2160.21,256,4,0,256
2024-03-18 13:54:00,2160.2,2160.54,2159.59,2160.48,275,4,0,275
2024-03-18 13:57:00,2160.48,2161.1,2160.33,2161.07,200,4,0,200
2024-03-18 14:00:00,2161.07,2161.15,2159.9,2160.55,428,4,0,428
2024-03-18 14:03:00,2160.55,2161.65,2160.48,2161.63,367,4,0,367
2024-03-18 14:06:00,2161.63,2161.7,2160.56,2160.75,328,4,0,328
2024-03-18 14:09:00,2160.75,2161.23,2160.2,2160.51,419,4,0,419
2024-03-18 14:12:00,2160.45,2160.7,2159.92,2160.29,419,4,0,419
2024-03-18 14:15:00,2160.31,2161.48,2160.03,2161.29,280,4,0,280
2024-03-18 14:18:00,2161.3,2161.64,2160.23,2160.91,364,4,0,364
2024-03-18 14:21:00,2160.91,2162.27,2160.91,2161.97,433,4,0,433
2024-03-18 14:24:00,2161.97,2162.88,2161.74,2162.59,440,4,0,440
2024-03-18 14:27:00,2162.59,2162.88,2161.24,2161.27,374,4,0,374
2024-03-18 14:30:00,2161.34,2161.57,2160.14,2160.6,558,4,0,558
2024-03-18 14:33:00,2160.6,2162.11,2160.6,2162.03,561,4,0,561
2024-03-18 14:36:00,2162.02,2163.65,2162.02,2162.17,583,4,0,583
2024-03-18 14:39:00,2162.17,2163.18,2161.9,2162.33,541,4,0,541
2024-03-18 14:42:00,2162.36,2162.48,2161.52,2161.76,380,4,0,380
2024-03-18 14:45:00,2161.76,2162.75,2161.68,2162.33,474,4,0,474
2024-03-18 14:48:00,2162.33,2162.44,2161.07,2161.25,315,4,0,315
2024-03-18 14:51:00,2161.25,2161.25,2159.51,2159.6,429,4,0,429
2024-03-18 14:54:00,2159.6,2159.6,2158.23,2158.99,456,4,0,456
2024-03-18 14:57:00,2159.0,2159.8,2158.94,2159.14,428,4,0,428
2024-03-18 15:00:00,2159.13,2160.87,2158.58,2160.8,645,4,0,645
2024-03-18 15:03:00,2160.8,2160.8,2160.0,2160.51,442,4,0,442
2024-03-18 15:06:00,2160.51,2161.1,2160.51,2160.81,232,4,0,232
2024-03-18 15:09:00,2160.81,2160.91,2159.19,2159.22,285,4,0,285
2024-03-18 15:12:00,2159.25,2159.62,2158.08,2158.72,552,4,0,552
2024-03-18 15:15:00,2158.74,2158.97,2157.55,2158.14,545,4,0,545
2024-03-18 15:18:00,2158.14,2158.52,2157.44,2157.87,478,4,0,478
2024-03-18 15:21:00,2157.89,2157.96,2157.12,2157.13,396,4,0,396
2024-03-18 15:24:00,2157.13,2157.14,2156.42,2156.99,428,4,0,428
2024-03-18 15:27:00,2157.01,2157.1,2155.93,2156.48,497,4,0,497
2024-03-18 15:30:00,2156.48,2158.14,2155.57,2157.52,841,4,0,841
2024-03-18 15:33:00,2157.59,2157.72,2156.1,2157.16,716,4,0,716
2024-03-18 15:36:00,2157.19,2157.19,2155.78,2156.99,635,4,0,635
2024-03-18 15:39:00,2156.93,2157.52,2155.64,2156.71,643,4,0,643
2024-03-18 15:42:00,2156.71,2157.3,2155.74,2155.84,700,4,0,700
2024-03-18 15:45:00,2155.84,2157.06,2155.77,2156.66,573,4,0,573
2024-03-18 15:48:00,2156.67,2157.44,2156.46,2156.74,475,4,0,475
2024-03-18 15:51:00,2156.66,2157.8,2156.65,2157.47,478,4,0,478
2024-03-18 15:54:00,2157.46,2157.52,2156.61,2157.22,515,4,0,515
2024-03-18 15:57:00,2157.22,2157.34,2156.32,2156.78,521,4,0,521
2024-03-18 16:00:00,2156.75,2159.33,2156.71,2159.16,546,4,0,546
2024-03-18 16:03:00,2159.11,2159.92,2158.43,2159.92,614,4,0,614
2024-03-18 16:06:00,2159.92,2160.32,2159.54,2159.74,503,4,0,503
2024-03-18 16:09:00,2159.73,2160.73,2159.55,2160.04,485,4,0,485
2024-03-18 16:12:00,2160.06,2160.8,2158.35,2158.37,517,4,0,517
2024-03-18 16:15:00,2158.35,2159.77,2157.31,2159.57,632,4,0,632
2024-03-18 16:18:00,2159.54,2160.7,2158.83,2158.86,516,4,0,516
2024-03-18 16:21:00,2158.84,2159.72,2158.62,2159.72,373,4,0,373
2024-03-18 16:24:00,2159.61,2160.4,2159.32,2160.23,309,4,0,309
2024-03-18 16:27:00,2160.21,2160.27,2159.51,2160.11,315,4,0,315
2024-03-18 16:30:00,2160.05,2160.11,2158.72,2158.91,366,4,0,366
2024-03-18 16:33:00,2158.91,2159.98,2158.81,2159.93,298,4,0,298
2024-03-18 16:36:00,2159.9,2160.37,2159.61,2160.07,276,4,0,276
2024-03-18 16:39:00,2160.08,2160.5,2159.43,2159.55,307,4,0,307
2024-03-18 16:42:00,2159.53,2160.54,2159.43,2159.73,272,4,0,272
2024-03-18 16:45:00,2159.73,2160.02,2159.05,2159.36,251,4,0,251
2024-03-18 16:48:00,2159.36,2159.63,2159.0,2159.53,308,4,0,308
2024-03-18 16:51:00,2159.54,2159.69,2158.38,2158.58,243,4,0,243
2024-03-18 16:54:00,2158.57,2159.28,2157.88,2157.88,357,4,0,357
2024-03-18 16:57:00,2157.88,2158.84,2157.61,2158.44,361,4,0,361
2024-03-18 17:00:00,2158.46,2158.92,2157.85,2158.39,411,4,0,411
2024-03-18 17:03:00,2158.46,2159.55,2158.46,2159.14,264,4,0,264
2024-03-18 17:06:00,2159.14,2159.14,2157.05,2157.4,261,4,0,261
2024-03-18 17:09:00,2157.36,2157.95,2156.98,2157.35,357,4,0,357
2024-03-18 17:12:00,2157.35,2158.94,2157.15,2158.16,327,6,0,327
2024-03-18 17:15:00,2158.16,2159.46,2158.14,2159.37,286,4,0,286
2024-03-18 17:18:00,2159.37,2160.54,2159.05,2160.53,270,4,0,270
2024-03-18 17:21:00,2160.53,2160.92,2159.84,2159.91,266,4,0,266
2024-03-18 17:24:00,2159.93,2161.22,2159.83,2161.05,334,4,0,334
2024-03-18 17:27:00,2161.07,2161.34,2160.76,2161.03,251,4,0,251
2024-03-18 17:30:00,2161.03,2161.22,2160.62,2160.91,220,4,0,220
2024-03-18 17:33:00,2160.91,2161.01,2159.52,2159.55,214,4,0,214
2024-03-18 17:36:00,2159.6,2159.65,2158.14,2158.14,214,4,0,214
2024-03-18 17:39:00,2158.15,2158.91,2157.84,2158.33,231,4,0,231
2024-03-18 17:42:00,2158.25,2158.52,2157.84,2158.03,285,4,0,285
2024-03-18 17:45:00,2158.04,2159.12,2158.03,2158.51,258,4,0,258
2024-03-18 17:48:00,2158.5,2158.64,2157.75,2158.32,200,4,0,200
2024-03-18 17:51:00,2158.32,2159.22,2158.32,2159.22,259,4,0,259
2024-03-18 17:54:00,2159.14,2159.71,2159.02,2159.12,250,4,0,250
2024-03-18 17:57:00,2159.12,2159.31,2158.35,2158.36,330,4,0,330
2024-03-18 18:00:00,2158.36,2158.44,2156.45,2156.55,444,4,0,444
2024-03-18 18:03:00,2156.55,2156.58,2154.61,2155.44,535,4,0,535
2024-03-18 18:06:00,2155.44,2155.82,2155.01,2155.58,373,4,0,373
2024-03-18 18:09:00,2155.62,2156.82,2155.53,2156.3,324,4,0,324
2024-03-18 18:12:00,2156.31,2156.8,2156.01,2156.42,264,4,0,264
2024-03-18 18:15:00,2156.42,2156.5,2155.63,2156.4,294,4,0,294
2024-03-18 18:18:00,2156.42,2157.14,2156.2,2157.14,220,4,0,220
2024-03-18 18:21:00,2157.16,2157.76,2157.06,2157.76,273,5,0,273
2024-03-18 18:24:00,2157.66,2158.07,2157.17,2158.04,166,5,0,166
2024-03-18 18:27:00,2158.04,2158.62,2157.91,2158.14,229,4,0,229
2024-03-18 18:30:00,2158.14,2158.33,2157.42,2158.12,242,4,0,242
2024-03-18 18:33:00,2158.13,2158.22,2157.34,2157.63,169,4,0,169
2024-03-18 18:36:00,2157.62,2158.61,2157.62,2158.03,231,4,0,231
2024-03-18 18:39:00,2158.03,2158.76,2157.91,2158.76,109,4,0,109
2024-03-18 18:42:00,2158.76,2159.28,2158.57,2159.08,130,4,0,130
2024-03-18 18:45:00,2159.08,2159.28,2158.69,2159.18,184,4,0,184
2024-03-18 18:48:00,2159.19,2159.74,2159.12,2159.69,188,4,0,188
2024-03-18 18:51:00,2159.68,2160.48,2159.67,2160.38,163,4,0,163
2024-03-18 18:54:00,2160.28,2160.8,2159.8,2160.1,229,4,0,229
2024-03-18 18:57:00,2160.1,2160.18,2159.17,2159.96,258,4,0,258
2024-03-18 19:00:00,2159.96,2160.36,2159.37,2159.48,338,4,0,338
2024-03-18 19:03:00,2159.48,2159.82,2158.97,2159.73,278,4,0,278
2024-03-18 19:06:00,2159.75,2160.44,2159.75,2160.38,252,4,0,252
2024-03-18 19:09:00,2160.38,2160.84,2159.69,2159.69,176,7,0,176
2024-03-18 19:12:00,2159.69,2160.02,2159.27,2159.78,233,7,0,233
2024-03-18 19:15:00,2159.77,2160.47,2159.77,2160.31,179,9,0,179
2024-03-18 19:18:00,2160.32,2160.69,2159.98,2160.03,253,11,0,253
2024-03-18 19:21:00,2160.0,2160.28,2159.73,2159.89,167,9,0,167
2024-03-18 19:24:00,2159.87,2160.75,2159.78,2160.74,219,7,0,219
2024-03-18 19:27:00,2160.74,2161.05,2160.25,2160.76,240,8,0,240
2024-03-18 19:30:00,2160.67,2161.13,2160.54,2160.86,282,11,0,282
2024-03-18 19:33:00,2160.86,2161.01,2160.05,2160.06,227,13,0,227
2024-03-18 19:36:00,2160.07,2160.11,2158.96,2158.98,222,4,0,222
2024-03-18 19:39:00,2158.96,2159.51,2158.65,2158.78,175,14,0,175
2024-03-18 19:42:00,2158.78,2159.04,2158.41,2158.52,145,4,0,145
2024-03-18 19:45:00,2158.52,2158.82,2158.1,2158.6,125,4,0,125
2024-03-18 19:48:00,2158.6,2159.5,2158.6,2159.5,92,4,0,92
2024-03-18 19:51:00,2159.5,2159.68,2159.45,2159.45,56,4,0,56
2024-03-18 19:54:00,2159.4,2159.89,2159.4,2159.7,75,4,0,75
2024-03-18 19:57:00,2159.65,2160.41,2159.59,2159.99,73,4,0,73
2024-03-18 20:00:00,2159.89,2160.09,2159.37,2159.48,123,4,0,123
2024-03-18 20:03:00,2159.48,2159.87,2159.38,2159.48,180,6,0,180
2024-03-18 20:06:00,2159.47,2159.92,2159.4,2159.81,125,4,0,125
2024-03-18 20:09:00,2159.9,2160.27,2159.59,2160.27,136,4,0,136
2024-03-18 20:12:00,2160.27,2160.5,2159.88,2160.42,149,4,0,149
2024-03-18 20:15:00,2160.43,2160.43,2159.59,2159.96,163,13,0,163
2024-03-18 20:18:00,2159.96,2160.05,2159.68,2159.79,78,11,0,78
2024-03-18 20:21:00,2159.79,2159.87,2159.38,2159.49,125,11,0,125
2024-03-18 20:24:00,2159.52,2159.66,2159.27,2159.32,98,4,0,98
2024-03-18 20:27:00,2159.32,2159.4,2159.12,2159.29,71,14,0,71
2024-03-18 20:30:00,2159.31,2159.77,2159.29,2159.77,73,10,0,73
2024-03-18 20:33:00,2159.77,2160.17,2159.68,2159.97,70,7,0,70
2024-03-18 20:36:00,2159.97,2160.45,2159.66,2159.96,111,8,0,111
2024-03-18 20:39:00,2160.01,2160.6,2159.96,2160.5,103,9,0,103
2024-03-18 20:42:00,2160.55,2160.58,2160.03,2160.03,85,5,0,85
2024-03-18 20:45:00,2160.05,2160.43,2160.0,2160.39,75,4,0,75
2024-03-18 20:48:00,2160.39,2160.41,2160.06,2160.31,66,4,0,66
2024-03-18 20:51:00,2160.39,2160.67,2160.22,2160.25,86,6,0,86
2024-03-18 20:54:00,2160.25,2160.31,2159.71,2159.78,126,5,0,126
2024-03-18 20:57:00,2159.8,2159.88,2159.28,2159.36,191,8,0,191
2024-03-18 21:00:00,2159.39,2159.96,2159.39,2159.78,158,7,0,158
2024-03-18 21:03:00,2159.78,2160.23,2159.78,2160.07,130,12,0,130
2024-03-18 21:06:00,2160.12,2160.23,2160.01,2160.22,113,16,0,113
2024-03-18 21:09:00,2160.28,2160.44,2160.13,2160.37,120,14,0,120
2024-03-18 21:12:00,2160.36,2160.55,2160.13,2160.15,98,10,0,98
2024-03-18 21:15:00,2160.15,2160.84,2160.15,2160.35,139,10,0,139
2024-03-18 21:18:00,2160.35,2160.55,2160.25,2160.54,148,9,0,148
2024-03-18 21:21:00,2160.6,2160.79,2160.54,2160.73,125,8,0,125
2024-03-18 21:24:00,2160.73,2160.98,2160.57,2160.95,146,6,0,146
2024-03-18 21:27:00,2160.93,2160.95,2160.66,2160.71,169,8,0,169
2024-03-18 21:30:00,2160.71,2160.87,2160.48,2160.83,199,8,0,199
2024-03-18 21:33:00,2160.83,2160.94,2160.73,2160.83,142,9,0,142
2024-03-18 21:36:00,2160.82,2160.86,2160.32,2160.35,180,6,0,180
2024-03-18 21:39:00,2160.35,2160.75,2160.35,2160.59,139,8,0,139
2024-03-18 21:42:00,2160.58,2160.6,2160.34,2160.6,99,6,0,99
2024-03-18 21:45:00,2160.63,2160.85,2160.47,2160.8,111,6,0,111
2024-03-18 21:48:00,2160.82,2160.82,2160.18,2160.18,112,4,0,112
2024-03-18 21:51:00,2160.19,2160.21,2159.35,2159.57,121,4,0,121
2024-03-18 21:54:00,2159.57,2160.09,2159.49,2159.94,172,4,0,172
2024-03-18 21:57:00,2159.93,2160.3,2159.76,2160.2,146,4,0,146
2024-03-18 22:00:00,2160.18,2160.39,2159.83,2160.05,114,4,0,114
2024-03-18 22:03:00,2160.08,2160.16,2159.68,2159.74,68,4,0,68
2024-03-18 22:06:00,2159.67,2159.84,2159.55,2159.58,51,6,0,51
2024-03-18 22:09:00,2159.57,2159.65,2159.41,2159.64,44,7,0,44
2024-03-18 22:12:00,2159.64,2159.71,2159.51,2159.51,28,6,0,28
2024-03-18 22:15:00,2159.52,2159.8,2159.51,2159.8,45,8,0,45
2024-03-18 22:18:00,2159.8,2159.93,2159.74,2159.85,69,10,0,69
2024-03-18 22:21:00,2159.84,2159.94,2159.72,2159.91,41,7,0,41
2024-03-18 22:24:00,2159.9,2159.91,2159.8,2159.9,19,10,0,19
2024-03-18 22:27:00,2159.9,2159.9,2159.8,2159.9,22,9,0,22
2024-03-18 22:30:00,2159.9,2159.9,2159.78,2159.8,31,8,0,31
2024-03-18 22:33:00,2159.8,2159.9,2159.7,2159.79,31,6,0,31
2024-03-18 22:36:00,2159.8,2159.82,2159.6,2159.69,33,8,0,33
2024-03-18 22:39:00,2159.69,2159.69,2159.4,2159.58,67,7,0,67
2024-03-18 22:42:00,2159.6,2159.6,2159.39,2159.57,40,6,0,40
2024-03-18 22:45:00,2159.49,2159.67,2159.41,2159.58,64,7,0,64
2024-03-18 22:48:00,2159.58,2159.65,2159.45,2159.65,50,10,0,50
2024-03-18 22:51:00,2159.61,2159.99,2159.56,2159.84,58,4,0,58
2024-03-18 22:54:00,2159.85,2160.13,2159.85,2160.06,59,11,0,59
2024-03-18 22:57:00,2160.0,2160.28,2159.92,2160.28,21,14,0,21
2024-03-19 00:00:00,2160.02,2160.21,2159.91,2160.15,47,36,0,47
2024-03-19 00:03:00,2160.2,2160.39,2160.08,2160.18,44,4,0,44
2024-03-19 00:06:00,2160.12,2160.41,2160.1,2160.32,32,10,0,32
2024-03-19 00:09:00,2160.33,2160.44,2160.18,2160.23,17,11,0,17
2024-03-19 00:12:00,2160.24,2160.86,2160.18,2160.85,45,5,0,45
2024-03-19 00:15:00,2160.9,2160.9,2160.61,2160.8,38,4,0,38
2024-03-19 00:18:00,2160.81,2162.09,2160.74,2162.06,109,4,0,109
2024-03-19 00:21:00,2162.06,2162.58,2161.72,2161.84,130,4,0,130
2024-03-19 00:24:00,2161.84,2162.04,2161.61,2161.94,43,4,0,43
2024-03-19 00:27:00,2161.94,2162.33,2161.58,2161.78,81,4,0,81
2024-03-19 00:30:00,2161.78,2161.78,2160.44,2161.15,172,4,0,172
2024-03-19 00:33:00,2161.13,2161.28,2160.86,2160.91,44,8,0,44
2024-03-19 00:36:00,2160.91,2161.31,2160.76,2160.76,48,6,0,48
2024-03-19 00:39:00,2160.78,2160.97,2160.65,2160.67,83,4,0,83
2024-03-19 00:42:00,2160.67,2161.05,2160.67,2160.89,77,4,0,77
2024-03-19 00:45:00,2160.89,2161.02,2160.79,2160.86,34,4,0,34
2024-03-19 00:48:00,2160.89,2161.1,2160.88,2161.1,26,4,0,26
2024-03-19 00:51:00,2161.07,2161.22,2160.98,2161.19,31,8,0,31
2024-03-19 00:54:00,2161.19,2161.44,2161.19,2161.44,31,8,0,31
2024-03-19 00:57:00,2161.44,2161.44,2161.24,2161.24,29,5,0,29
2024-03-19 01:00:00,2161.24,2161.44,2161.01,2161.18,66,4,0,66
2024-03-19 01:03:00,2161.2,2161.39,2161.15,2161.21,35,8,0,35
2024-03-19 01:06:00,2161.28,2161.3,2160.92,2161.03,50,7,0,50
2024-03-19 01:09:00,2161.04,2161.04,2160.67,2160.71,39,4,0,39
2024-03-19 01:12:00,2160.68,2160.76,2160.66,2160.66,33,4,0,33
2024-03-19 01:15:00,2160.7,2160.93,2160.47,2160.72,41,7,0,41
2024-03-19 01:18:00,2160.76,2161.1,2160.76,2161.03,35,4,0,35
2024-03-19 01:21:00,2161.03,2161.21,2160.92,2161.08,39,11,0,39
2024-03-19 01:24:00,2161.13,2161.15,2160.89,2161.09,38,11,0,38
2024-03-19 01:27:00,2161.19,2161.19,2160.95,2160.98,36,7,0,36
2024-03-19 01:30:00,2160.98,2161.06,2160.77,2160.79,26,8,0,26
2024-03-19 01:33:00,2160.8,2161.16,2160.8,2161.16,40,8,0,40
2024-03-19 01:36:00,2161.16,2161.29,2161.08,2161.16,48,10,0,48
2024-03-19 01:39:00,2161.14,2161.14,2160.99,2161.05,35,7,0,35
2024-03-19 01:42:00,2161.07,2161.32,2160.85,2161.28,35,5,0,35
2024-03-19 01:45:00,2161.28,2161.3,2161.08,2161.18,41,4,0,41
2024-03-19 01:48:00,2161.2,2161.58,2161.11,2161.58,44,4,0,44
2024-03-19 01:51:00,2161.53,2161.81,2161.38,2161.65,56,7,0,56
2024-03-19 01:54:00,2161.65,2161.92,2161.63,2161.73,40,7,0,40
2024-03-19 01:57:00,2161.66,2162.27,2161.65,2162.15,54,6,0,54
2024-03-19 02:00:00,2162.19,2162.74,2161.77,2162.74,166,4,0,166
2024-03-19 02:03:00,2162.72,2162.85,2162.22,2162.27,149,4,0,149
2024-03-19 02:06:00,2162.27,2162.47,2161.99,2162.16,89,4,0,89
2024-03-19 02:09:00,2162.21,2162.27,2161.57,2161.85,100,4,0,100
2024-03-19 02:12:00,2161.81,2162.51,2161.81,2162.15,109,4,0,109
2024-03-19 02:15:00,2162.16,2162.42,2162.01,2162.35,96,4,0,96
2024-03-19 02:18:00,2162.43,2162.56,2162.19,2162.32,78,4,0,78
2024-03-19 02:21:00,2162.32,2162.41,2162.1,2162.27,88,4,0,88
2024-03-19 02:24:00,2162.37,2162.46,2162.12,2162.22,81,4,0,81
2024-03-19 02:27:00,2162.22,2162.42,2162.12,2162.26,68,5,0,68
2024-03-19 02:30:00,2162.25,2162.69,2162.16,2162.23,88,4,0,88
2024-03-19 02:33:00,2162.23,2162.46,2162.23,2162.45,77,4,0,77
2024-03-19 02:36:00,2162.45,2162.75,2162.39,2162.39,101,4,0,101
2024-03-19 02:39:00,2162.44,2162.53,2162.03,2162.33,122,4,0,122
2024-03-19 02:42:00,2162.31,2162.4,2161.91,2161.99,56,4,0,56
2024-03-19 02:45:00,2161.99,2162.04,2161.6,2161.71,78,4,0,78
2024-03-19 02:48:00,2161.7,2161.78,2161.21,2161.22,138,4,0,138
2024-03-19 02:51:00,2161.23,2161.32,2160.5,2161.18,157,4,0,157
2024-03-19 02:54:00,2161.21,2161.32,2161.04,2161.19,143,4,0,143
2024-03-19 02:57:00,2161.19,2161.25,2160.53,2160.66,85,4,0,85
2024-03-19 03:00:00,2160.66,2161.35,2160.16,2160.89,268,4,0,268
2024-03-19 03:03:00,2160.92,2161.33,2160.81,2161.32,169,4,0,169
2024-03-19 03:06:00,2161.32,2161.5,2160.61,2160.66,113,4,0,113
2024-03-19 03:09:00,2160.67,2160.8,2160.4,2160.72,99,4,0,99
2024-03-19 03:12:00,2160.68,2161.1,2160.62,2160.9,172,4,0,172
2024-03-19 03:15:00,2160.9,2161.84,2160.57,2161.78,177,4,0,177
2024-03-19 03:18:00,2161.76,2162.26,2161.48,2161.53,214,4,0,214
2024-03-19 03:21:00,2161.54,2162.16,2161.16,2161.16,196,4,0,196
2024-03-19 03:24:00,2161.16,2161.43,2161.05,2161.18,130,4,0,130
2024-03-19 03:27:00,2161.21,2161.33,2160.52,2160.67,124,4,0,124
2024-03-19 03:30:00,2160.64,2160.65,2159.61,2159.64,196,4,0,196
2024-03-19 03:33:00,2159.62,2159.73,2158.56,2158.74,202,4,0,202
2024-03-19 03:36:00,2158.75,2159.52,2158.75,2159.35,135,6,0,135
2024-03-19 03:39:00,2159.35,2159.87,2159.06,2159.8,180,5,0,180
2024-03-19 03:42:00,2159.8,2159.9,2159.04,2159.35,102,4,0,102
2024-03-19 03:45:00,2159.21,2159.23,2158.77,2159.23,202,4,0,202
2024-03-19 03:48:00,2159.2,2159.9,2159.1,2159.83,174,4,0,174
2024-03-19 03:51:00,2159.81,2159.85,2159.52,2159.82,107,6,0,107
2024-03-19 03:54:00,2159.84,2160.18,2159.61,2160.0,109,7,0,109
2024-03-19 03:57:00,2160.06,2160.62,2159.97,2160.5,113,4,0,113
2024-03-19 04:00:00,2160.5,2161.01,2160.37,2160.83,152,4,0,152
2024-03-19 04:03:00,2160.82,2160.93,2160.0,2160.54,172,4,0,172
2024-03-19 04:06:00,2160.61,2160.94,2160.47,2160.5,144,4,0,144
2024-03-19 04:09:00,2160.56,2161.57,2160.38,2161.55,181,4,0,181
2024-03-19 04:12:00,2161.56,2162.8,2161.1,2162.57,286,4,0,286
2024-03-19 04:15:00,2162.57,2162.69,2161.36,2161.69,274,4,0,274
2024-03-19 04:18:00,2161.68,2161.68,2160.76,2161.4,215,4,0,215
2024-03-19 04:21:00,2161.34,2162.06,2161.16,2162.06,110,9,0,110
2024-03-19 04:24:00,2162.06,2162.2,2161.92,2162.15,86,8,0,86
2024-03-19 04:27:00,2162.15,2162.15,2161.55,2161.6,79,4,0,79
2024-03-19 04:30:00,2161.63,2162.22,2161.52,2161.91,144,4,0,144
2024-03-19 04:33:00,2161.89,2162.17,2161.74,2161.93,87,8,0,87
2024-03-19 04:36:00,2161.99,2162.13,2161.88,2161.88,45,8,0,45
2024-03-19 04:39:00,2161.88,2161.88,2160.85,2161.13,168,4,0,168
2024-03-19 04:42:00,2161.11,2161.33,2160.46,2161.31,189,4,0,189
2024-03-19 04:45:00,2161.28,2161.49,2161.18,2161.18,120,4,0,120
2024-03-19 04:48:00,2161.2,2161.4,2160.95,2161.18,96,4,0,96
2024-03-19 04:51:00,2161.15,2161.27,2160.78,2160.92,91,4,0,91
2024-03-19 04:54:00,2160.91,2161.41,2160.4,2161.27,167,4,0,167
2024-03-19 04:57:00,2161.21,2161.27,2160.8,2160.89,81,4,0,81
2024-03-19 05:00:00,2160.86,2160.93,2160.7,2160.83,81,4,0,81
2024-03-19 05:03:00,2160.85,2160.99,2160.66,2160.85,117,8,0,117
2024-03-19 05:06:00,2160.87,2161.06,2160.71,2160.76,60,5,0,60
2024-03-19 05:09:00,2160.75,2161.18,2160.73,2161.02,95,4,0,95
2024-03-19 05:12:00,2161.02,2161.72,2160.87,2161.44,180,4,0,180
2024-03-19 05:15:00,2161.44,2161.92,2161.36,2161.58,139,4,0,139
2024-03-19 05:18:00,2161.55,2161.84,2161.24,2161.54,94,4,0,94
2024-03-19 05:21:00,2161.54,2161.55,2161.16,2161.45,84,4,0,84
2024-03-19 05:24:00,2161.45,2161.54,2161.15,2161.45,81,5,0,81
2024-03-19 05:27:00,2161.48,2161.74,2161.4,2161.69,85,7,0,85
2024-03-19 05:30:00,2161.64,2161.74,2161.12,2161.65,164,5,0,164
2024-03-19 05:33:00,2161.64,2162.23,2160.82,2161.41,319,4,0,319
2024-03-19 05:36:00,2161.46,2161.81,2160.88,2161.56,414,4,0,414
2024-03-19 05:39:00,2161.53,2162.38,2160.96,2162.18,569,8,0,569
2024-03-19 05:42:00,2162.18,2162.3,2161.08,2161.08,376,7,0,376
2024-03-19 05:45:00,2161.08,2161.08,2160.28,2160.29,323,4,0,323
2024-03-19 05:48:00,2160.29,2160.88,2159.84,2160.72,199,4,0,199
2024-03-19 05:51:00,2160.72,2161.37,2160.42,2161.34,208,5,0,208
2024-03-19 05:54:00,2161.32,2161.55,2161.19,2161.41,175,4,0,175
2024-03-19 05:57:00,2161.45,2161.8,2161.27,2161.56,109,8,0,109
2024-03-19 06:00:00,2161.56,2161.75,2160.68,2160.78,96,4,0,96
2024-03-19 06:03:00,2160.78,2160.9,2160.47,2160.86,132,5,0,132
2024-03-19 06:06:00,2160.87,2161.17,2160.87,2161.13,136,9,0,136
2024-03-19 06:09:00,2161.16,2161.3,2160.8,2161.04,129,9,0,129
2024-03-19 06:12:00,2161.05,2161.47,2160.86,2161.41,147,6,0,147
2024-03-19 06:15:00,2161.38,2162.17,2161.38,2161.81,147,7,0,147
2024-03-19 06:18:00,2161.66,2161.7,2161.49,2161.57,81,4,0,81
2024-03-19 06:21:00,2161.59,2161.78,2161.29,2161.3,99,4,0,99
2024-03-19 06:24:00,2161.32,2161.47,2160.93,2161.3,130,4,0,130
2024-03-19 06:27:00,2161.31,2161.39,2161.01,2161.3,99,4,0,99
2024-03-19 06:30:00,2161.28,2161.31,2160.59,2160.76,99,4,0,99
2024-03-19 06:33:00,2160.79,2161.08,2160.72,2160.79,126,4,0,126
2024-03-19 06:36:00,2160.78,2160.83,2160.34,2160.35,95,4,0,95
2024-03-19 06:39:00,2160.24,2160.54,2160.14,2160.17,90,4,0,90
2024-03-19 06:42:00,2160.19,2160.56,2159.67,2159.85,138,4,0,138
2024-03-19 06:45:00,2159.85,2160.28,2159.77,2160.28,97,4,0,97
2024-03-19 06:48:00,2160.31,2160.33,2159.83,2160.16,94,7,0,94
2024-03-19 06:51:00,2160.16,2160.16,2159.63,2159.86,54,5,0,54
2024-03-19 06:54:00,2159.86,2160.05,2159.85,2159.88,60,9,0,60
2024-03-19 06:57:00,2159.96,2160.41,2159.86,2160.29,49,8,0,49
2024-03-19 07:00:00,2160.29,2160.49,2159.55,2159.55,85,4,0,85
2024-03-19 07:03:00,2159.55,2159.57,2159.07,2159.07,102,4,0,102
2024-03-19 07:06:00,2159.06,2159.24,2158.53,2159.01,116,4,0,116
2024-03-19 07:09:00,2159.01,2159.27,2158.65,2159.04,190,4,0,190
2024-03-19 07:12:00,2159.08,2159.7,2158.98,2159.44,145,4,0,145
2024-03-19 07:15:00,2159.44,2159.48,2159.15,2159.16,89,4,0,89
2024-03-19 07:18:00,2159.16,2159.18,2158.86,2158.87,96,4,0,96
2024-03-19 07:21:00,2158.88,2158.96,2158.31,2158.31,79,7,0,79
2024-03-19 07:24:00,2158.27,2159.0,2158.12,2158.52,219,4,0,219
2024-03-19 07:27:00,2158.51,2158.74,2158.42,2158.54,110,4,0,110
2024-03-19 07:30:00,2158.53,2158.97,2158.14,2158.39,242,4,0,242
2024-03-19 07:33:00,2158.39,2158.69,2158.07,2158.42,218,4,0,218
2024-03-19 07:36:00,2158.46,2158.63,2158.19,2158.29,166,9,0,166
2024-03-19 07:39:00,2158.3,2158.34,2157.95,2158.04,157,4,0,157
2024-03-19 07:42:00,2158.01,2158.69,2157.99,2158.28,137,5,0,137
2024-03-19 07:45:00,2158.3,2158.98,2158.23,2158.23,170,4,0,170
2024-03-19 07:48:00,2158.24,2158.59,2157.16,2157.45,266,4,0,266
2024-03-19 07:51:00,2157.45,2158.05,2157.3,2157.58,218,4,0,218
2024-03-19 07:54:00,2157.6,2157.67,2157.07,2157.67,166,4,0,166
2024-03-19 07:57:00,2157.68,2157.94,2157.51,2157.63,206,4,0,206
2024-03-19 08:00:00,2157.63,2157.8,2156.28,2156.28,269,4,0,269
2024-03-19 08:03:00,2156.28,2156.65,2155.19,2155.41,337,4,0,337
2024-03-19 08:06:00,2155.31,2155.72,2154.3,2154.69,298,4,0,298
2024-03-19 08:09:00,2154.69,2154.82,2154.09,2154.19,344,4,0,344
2024-03-19 08:12:00,2154.19,2155.41,2154.04,2154.95,288,4,0,288
2024-03-19 08:15:00,2154.93,2156.42,2154.54,2156.26,363,4,0,363
2024-03-19 08:18:00,2156.26,2156.57,2155.87,2156.11,309,4,0,309
2024-03-19 08:21:00,2156.15,2156.89,2155.74,2155.83,231,4,0,231
2024-03-19 08:24:00,2155.77,2156.42,2155.74,2156.07,189,6,0,189
2024-03-19 08:27:00,2156.07,2156.19,2155.66,2155.81,89,10,0,89
2024-03-19 08:30:00,2155.83,2156.13,2155.74,2155.97,130,5,0,130
2024-03-19 08:33:00,2155.86,2156.49,2155.74,2156.38,113,7,0,113
2024-03-19 08:36:00,2156.38,2156.92,2155.77,2155.78,269,5,0,269
2024-03-19 08:39:00,2155.79,2156.16,2155.44,2155.45,213,4,0,213
2024-03-19 08:42:00,2155.53,2156.29,2155.44,2155.88,249,4,0,249
2024-03-19 08:45:00,2155.82,2156.26,2155.52,2156.03,257,4,0,257
2024-03-19 08:48:00,2156.03,2157.18,2155.86,2157.18,358,4,0,358
2024-03-19 08:51:00,2157.18,2157.32,2156.49,2156.65,253,8,0,253
2024-03-19 08:54:00,2156.6,2157.34,2156.56,2157.01,290,4,0,290
2024-03-19 08:57:00,2156.96,2157.26,2156.57,2156.74,168,5,0,168
2024-03-19 09:00:00,2156.76,2156.76,2155.58,2155.94,215,4,0,215
2024-03-19 09:03:00,2155.96,2156.43,2155.87,2156.2,184,4,0,184
2024-03-19 09:06:00,2156.15,2156.23,2155.28,2155.3,136,4,0,136
2024-03-19 09:09:00,2155.29,2155.62,2154.64,2154.7,191,4,0,191
2024-03-19 09:12:00,2154.64,2155.31,2154.17,2155.18,209,5,0,209
2024-03-19 09:15:00,2155.18,2155.7,2154.86,2155.68,193,5,0,193
2024-03-19 09:18:00,2155.68,2156.46,2155.3,2156.46,200,6,0,200
2024-03-19 09:21:00,2156.46,2156.46,2155.62,2155.85,302,4,0,302
2024-03-19 09:24:00,2155.88,2156.25,2155.32,2155.35,235,4,0,235
2024-03-19 09:27:00,2155.36,2155.84,2154.92,2155.68,199,4,0,199
2024-03-19 09:30:00,2155.7,2156.84,2155.69,2156.75,258,4,0,258
2024-03-19 09:33:00,2156.69,2157.04,2156.18,2157.04,199,4,0,199
2024-03-19 09:36:00,2157.04,2157.24,2155.43,2155.63,158,4,0,158
2024-03-19 09:39:00,2155.62,2155.62,2154.74,2154.86,173,4,0,173
2024-03-19 09:42:00,2154.86,2155.46,2154.75,2155.35,175,5,0,175
2024-03-19 09:45:00,2155.42,2155.46,2154.76,2154.84,164,4,0,164
2024-03-19 09:48:00,2154.87,2155.21,2154.43,2154.43,164,4,0,164
2024-03-19 09:51:00,2154.43,2155.17,2154.32,2155.14,184,4,0,184
2024-03-19 09:54:00,2155.17,2155.46,2154.89,2154.98,218,4,0,218
2024-03-19 09:57:00,2155.01,2155.8,2154.68,2155.8,170,4,0,170
2024-03-19 10:00:00,2155.83,2155.95,2155.13,2155.84,413,4,0,413
2024-03-19 10:03:00,2155.84,2155.91,2154.59,2154.61,211,4,0,211
2024-03-19 10:06:00,2154.61,2154.68,2152.52,2152.82,340,4,0,340
2024-03-19 10:09:00,2152.81,2154.05,2152.61,2153.88,486,4,0,486
2024-03-19 10:12:00,2153.87,2153.9,2151.94,2152.39,493,4,0,493
2024-03-19 10:15:00,2152.45,2152.58,2149.84,2150.17,569,4,0,569
2024-03-19 10:18:00,2150.17,2150.34,2147.88,2148.02,591,4,0,591
2024-03-19 10:21:00,2148.02,2149.72,2147.15,2149.35,680,4,0,680
2024-03-19 10:24:00,2149.35,2150.04,2148.92,2149.52,452,4,0,452
2024-03-19 10:27:00,2149.54,2151.03,2149.23,2150.67,420,4,0,420
2024-03-19 10:30:00,2150.66,2151.38,2150.44,2150.92,386,4,0,386
2024-03-19 10:33:00,2150.92,2150.93,2149.95,2150.05,323,4,0,323
2024-03-19 10:36:00,2149.98,2150.32,2149.14,2149.15,265,4,0,265
2024-03-19 10:39:00,2149.14,2149.91,2148.31,2149.77,411,4,0,411
2024-03-19 10:42:00,2149.76,2150.2,2149.22,2149.89,277,4,0,277
2024-03-19 10:45:00,2149.9,2151.74,2149.68,2151.66,479,4,0,479
2024-03-19 10:48:00,2151.64,2151.66,2150.62,2151.31,326,4,0,326
2024-03-19 10:51:00,2151.35,2153.6,2151.35,2153.09,465,4,0,465
2024-03-19 10:54:00,2153.08,2153.18,2152.65,2152.81,248,4,0,248
2024-03-19 10:57:00,2152.79,2153.21,2152.28,2153.11,318,4,0,318
2024-03-19 11:00:00,2153.12,2153.4,2152.69,2152.85,407,4,0,407
2024-03-19 11:03:00,2152.81,2153.2,2152.65,2152.88,291,4,0,291
2024-03-19 11:06:00,2152.89,2153.36,2152.75,2152.9,266,4,0,266
2024-03-19 11:09:00,2152.9,2153.38,2152.35,2152.39,210,4,0,210
2024-03-19 11:12:00,2152.35,2153.09,2152.1,2153.06,226,4,0,226
2024-03-19 11:15:00,2153.06,2153.67,2152.9,2153.2,375,4,0,375
2024-03-19 11:18:00,2153.1,2153.25,2152.26,2152.68,207,4,0,207
2024-03-19 11:21:00,2152.68,2153.07,2152.58,2153.07,131,4,0,131
2024-03-19 11:24:00,2152.98,2153.2,2152.22,2152.37,196,4,0,196
2024-03-19 11:27:00,2152.38,2152.38,2151.65,2151.89,285,4,0,285
2024-03-19 11:30:00,2151.91,2152.49,2151.78,2152.33,283,4,0,283
2024-03-19 11:33:00,2152.31,2152.99,2152.31,2152.69,306,4,0,306
2024-03-19 11:36:00,2152.69,2153.96,2152.65,2153.86,229,4,0,229
2024-03-19 11:39:00,2153.86,2154.56,2153.76,2153.76,180,4,0,180
2024-03-19 11:42:00,2153.8,2154.36,2153.52,2153.54,263,4,0,263
2024-03-19 11:45:00,2153.54,2153.54,2152.64,2152.65,276,4,0,276
2024-03-19 11:48:00,2152.65,2153.54,2152.44,2153.49,230,4,0,230
2024-03-19 11:51:00,2153.52,2153.79,2153.29,2153.67,255,4,0,255
2024-03-19 11:54:00,2153.67,2153.74,2152.93,2152.95,298,4,0,298
2024-03-19 11:57:00,2152.94,2153.47,2152.9,2153.2,259,4,0,259
2024-03-19 12:00:00,2153.24,2154.16,2153.12,2154.1,446,4,0,446
2024-03-19 12:03:00,2154.09,2154.19,2152.58,2152.68,226,4,0,226
2024-03-19 12:06:00,2152.64,2153.7,2152.48,2153.14,392,4,0,392
2024-03-19 12:09:00,2153.15,2154.38,2153.01,2154.38,259,4,0,259
2024-03-19 12:12:00,2154.38,2155.5,2154.36,2155.4,320,4,0,320
2024-03-19 12:15:00,2155.4,2156.2,2155.4,2155.64,351,4,0,351
2024-03-19 12:18:00,2155.64,2156.21,2155.34,2156.02,384,4,0,384
2024-03-19 12:21:00,2156.02,2156.36,2155.66,2155.68,254,4,0,254
2024-03-19 12:24:00,2155.69,2155.82,2154.4,2154.59,303,4,0,303
2024-03-19 12:27:00,2154.6,2154.65,2153.81,2153.89,233,4,0,233
2024-03-19 12:30:00,2153.85,2154.79,2153.81,2154.0,234,4,0,234
2024-03-19 12:33:00,2154.0,2154.13,2152.47,2153.22,314,4,0,314
2024-03-19 12:36:00,2153.21,2154.19,2153.12,2153.47,207,4,0,207
2024-03-19 12:39:00,2153.47,2154.35,2153.07,2153.88,274,4,0,274
2024-03-19 12:42:00,2153.83,2154.2,2152.91,2153.85,307,4,0,307
2024-03-19 12:45:00,2153.77,2153.8,2153.17,2153.35,225,4,0,225
2024-03-19 12:48:00,2153.29,2153.49,2152.97,2153.17,209,4,0,209
2024-03-19 12:51:00,2153.1,2154.05,2152.94,2153.87,236,4,0,236
2024-03-19 12:54:00,2153.87,2154.44,2153.73,2154.02,174,4,0,174
2024-03-19 12:57:00,2154.02,2154.4,2153.73,2154.16,175,4,0,175
2024-03-19 13:00:00,2154.16,2154.57,2153.91,2154.03,302,4,0,302
2024-03-19 13:03:00,2154.02,2154.7,2153.77,2154.32,281,4,0,281
2024-03-19 13:06:00,2154.33,2155.09,2154.22,2154.61,298,4,0,298
2024-03-19 13:09:00,2154.61,2154.8,2154.33,2154.52,290,4,0,290
2024-03-19 13:12:00,2154.52,2154.71,2154.01,2154.13,245,4,0,245
2024-03-19 13:15:00,2154.13,2154.7,2153.93,2154.54,202,4,0,202
2024-03-19 13:18:00,2154.54,2155.49,2154.54,2155.19,279,4,0,279
2024-03-19 13:21:00,2155.19,2155.68,2154.22,2154.23,218,4,0,218
2024-03-19 13:24:00,2154.23,2155.58,2154.21,2154.88,228,4,0,228
2024-03-19 13:27:00,2154.9,2155.18,2154.6,2154.97,180,4,0,180
2024-03-19 13:30:00,2154.97,2155.82,2154.63,2155.41,295,4,0,295
2024-03-19 13:33:00,2155.41,2155.77,2154.8,2154.99,295,4,0,295
2024-03-19 13:36:00,2154.99,2155.13,2154.37,2154.51,258,4,0,258
2024-03-19 13:39:00,2154.48,2155.47,2154.43,2155.28,175,4,0,175
2024-03-19 13:42:00,2155.26,2155.67,2155.18,2155.66,180,4,0,180
2024-03-19 13:45:00,2155.67,2156.61,2155.63,2155.75,338,4,0,338
2024-03-19 13:48:00,2155.75,2156.07,2155.52,2155.86,209,4,0,209
2024-03-19 13:51:00,2155.87,2156.06,2155.23,2155.73,292,4,0,292
2024-03-19 13:54:00,2155.76,2156.73,2155.63,2156.35,310,4,0,310
2024-03-19 13:57:00,2156.35,2156.35,2155.57,2155.67,239,4,0,239
2024-03-19 14:00:00,2155.67,2155.86,2155.09,2155.56,220,4,0,220
2024-03-19 14:03:00,2155.56,2157.04,2155.56,2156.74,250,4,0,250
2024-03-19 14:06:00,2156.74,2156.93,2156.43,2156.63,284,4,0,284
2024-03-19 14:09:00,2156.63,2156.72,2155.99,2156.29,236,4,0,236
2024-03-19 14:12:00,2156.32,2156.9,2156.27,2156.83,222,4,0,222
2024-03-19 14:15:00,2156.83,2156.84,2155.68,2155.86,199,4,0,199
2024-03-19 14:18:00,2155.86,2155.94,2154.62,2154.84,277,4,0,277
2024-03-19 14:21:00,2154.84,2154.84,2152.28,2152.89,550,4,0,550
2024-03-19 14:24:00,2152.89,2153.82,2152.78,2152.82,466,4,0,466
2024-03-19 14:27:00,2152.82,2153.56,2152.2,2153.09,478,4,0,478
2024-03-19 14:30:00,2153.09,2154.01,2150.88,2151.15,669,4,0,669
2024-03-19 14:33:00,2151.05,2155.42,2150.87,2155.0,741,4,0,741
2024-03-19 14:36:00,2155.0,2155.24,2153.83,2154.21,526,4,0,526
2024-03-19 14:39:00,2154.22,2157.17,2154.21,2157.07,563,4,0,563
2024-03-19 14:42:00,2157.07,2158.64,2156.47,2157.99,586,4,0,586
2024-03-19 14:45:00,2157.98,2158.68,2157.53,2158.28,479,4,0,479
2024-03-19 14:48:00,2158.28,2158.33,2157.07,2157.69,397,4,0,397
2024-03-19 14:51:00,2157.69,2157.82,2156.74,2157.58,400,4,0,400
2024-03-19 14:54:00,2157.59,2157.78,2156.68,2156.91,302,4,0,302
2024-03-19 14:57:00,2156.94,2157.71,2156.11,2156.97,468,4,0,468
2024-03-19 15:00:00,2156.97,2158.09,2156.94,2157.15,664,4,0,664
2024-03-19 15:03:00,2157.15,2158.7,2157.15,2157.96,455,4,0,455
2024-03-19 15:06:00,2157.96,2158.39,2157.03,2157.49,317,4,0,317
2024-03-19 15:09:00,2157.38,2157.97,2156.09,2156.18,438,4,0,438
2024-03-19 15:12:00,2156.18,2157.16,2156.17,2156.65,303,4,0,303
2024-03-19 15:15:00,2156.65,2156.95,2155.02,2155.95,457,4,0,457
2024-03-19 15:18:00,2155.95,2156.96,2155.79,2156.94,267,4,0,267
2024-03-19 15:21:00,2156.94,2157.19,2156.45,2156.66,307,4,0,307
2024-03-19 15:24:00,2156.66,2156.86,2156.1,2156.82,312,4,0,312
2024-03-19 15:27:00,2156.83,2157.38,2155.92,2155.93,276,4,0,276
2024-03-19 15:30:00,2155.93,2155.93,2153.76,2153.95,784,4,0,784
2024-03-19 15:33:00,2153.95,2155.17,2153.8,2155.15,692,4,0,692
2024-03-19 15:36:00,2155.15,2155.16,2153.31,2153.51,601,4,0,601
2024-03-19 15:39:00,2153.5,2154.37,2152.91,2153.98,527,4,0,527
2024-03-19 15:42:00,2153.99,2154.07,2151.66,2151.73,486,4,0,486
2024-03-19 15:45:00,2151.77,2153.06,2150.52,2151.06,576,4,0,576
2024-03-19 15:48:00,2151.05,2152.33,2150.66,2152.31,640,4,0,640
2024-03-19 15:51:00,2152.29,2152.69,2151.3,2152.11,469,4,0,469
2024-03-19 15:54:00,2152.11,2152.67,2151.5,2151.93,428,4,0,428
2024-03-19 15:57:00,2151.93,2152.38,2150.84,2151.22,401,4,0,401
2024-03-19 16:00:00,2151.26,2152.12,2150.65,2151.5,524,4,0,524
2024-03-19 16:03:00,2151.46,2151.54,2149.38,2149.38,495,4,0,495
2024-03-19 16:06:00,2149.38,2151.28,2148.41,2151.27,738,4,0,738
2024-03-19 16:09:00,2151.27,2152.15,2150.52,2152.0,530,4,0,530
2024-03-19 16:12:00,2152.0,2152.78,2151.48,2151.83,570,4,0,570
2024-03-19 16:15:00,2151.83,2152.65,2151.51,2151.63,428,4,0,428
2024-03-19 16:18:00,2151.63,2151.92,2150.77,2151.03,367,4,0,367
2024-03-19 16:21:00,2151.04,2151.62,2150.72,2151.45,295,4,0,295
2024-03-19 16:24:00,2151.45,2153.0,2151.09,2152.28,436,4,0,436
2024-03-19 16:27:00,2152.28,2152.92,2151.92,2152.88,341,4,0,341
2024-03-19 16:30:00,2152.88,2153.45,2152.5,2152.79,296,4,0,296
2024-03-19 16:33:00,2152.72,2153.88,2152.5,2153.79,361,4,0,361
2024-03-19 16:36:00,2153.79,2154.06,2152.88,2153.77,248,4,0,248
2024-03-19 16:39:00,2153.66,2154.49,2153.47,2154.44,393,4,0,393
2024-03-19 16:42:00,2154.36,2154.91,2154.07,2154.48,388,4,0,388
2024-03-19 16:45:00,2154.54,2155.39,2154.26,2154.4,411,4,0,411
2024-03-19 16:48:00,2154.4,2154.74,2153.89,2154.73,286,4,0,286
2024-03-19 16:51:00,2154.7,2154.98,2154.37,2154.45,341,4,0,341
2024-03-19 16:54:00,2154.38,2154.74,2153.91,2154.73,298,4,0,298
2024-03-19 16:57:00,2154.72,2154.96,2154.26,2154.95,285,4,0,285
2024-03-19 17:00:00,2154.94,2155.65,2154.34,2154.36,403,4,0,403
2024-03-19 17:03:00,2154.36,2154.36,2152.75,2152.99,234,4,0,234
2024-03-19 17:06:00,2153.03,2154.15,2152.8,2152.96,353,4,0,353
2024-03-19 17:09:00,2152.96,2153.04,2151.94,2152.65,282,4,0,282
2024-03-19 17:12:00,2152.66,2153.25,2152.53,2152.75,369,4,0,369
2024-03-19 17:15:00,2152.76,2153.09,2152.19,2152.28,333,4,0,333
2024-03-19 17:18:00,2152.29,2152.68,2151.91,2152.15,418,4,0,418
2024-03-19 17:21:00,2152.13,2152.27,2151.11,2151.22,416,4,0,416
2024-03-19 17:24:00,2151.22,2152.16,2150.74,2152.14,267,4,0,267
2024-03-19 17:27:00,2152.16,2153.54,2151.98,2153.39,341,4,0,341
2024-03-19 17:30:00,2153.39,2153.76,2152.78,2153.45,351,4,0,351
2024-03-19 17:33:00,2153.47,2153.49,2152.4,2153.02,426,4,0,426
2024-03-19 17:36:00,2153.01,2153.4,2152.6,2152.96,421,4,0,421
2024-03-19 17:39:00,2152.96,2152.97,2151.81,2152.07,396,4,0,396
2024-03-19 17:42:00,2152.07,2152.51,2152.0,2152.39,374,4,0,374
2024-03-19 17:45:00,2152.39,2153.28,2152.18,2153.24,373,4,0,373
2024-03-19 17:48:00,2153.22,2154.93,2153.21,2154.52,430,4,0,430
2024-03-19 17:51:00,2154.53,2155.28,2154.29,2155.21,267,4,0,267
2024-03-19 17:54:00,2155.24,2155.3,2154.41,2154.81,265,4,0,265
2024-03-19 17:57:00,2154.82,2154.93,2153.97,2154.31,212,4,0,212
2024-03-19 18:00:00,2154.31,2154.64,2153.5,2153.58,414,4,0,414
2024-03-19 18:03:00,2153.58,2154.02,2153.1,2154.0,422,4,0,422
2024-03-19 18:06:00,2154.01,2154.08,2153.39,2153.43,449,4,0,449
2024-03-19 18:09:00,2153.43,2154.29,2153.39,2154.13,424,4,0,424
2024-03-19 18:12:00,2154.15,2154.75,2154.07,2154.08,322,4,0,322
2024-03-19 18:15:00,2154.11,2156.02,2154.09,2155.47,395,4,0,395
2024-03-19 18:18:00,2155.47,2155.47,2154.79,2154.88,268,4,0,268
2024-03-19 18:21:00,2154.74,2155.4,2154.58,2155.2,221,4,0,221
2024-03-19 18:24:00,2155.2,2156.01,2155.12,2155.87,191,4,0,191
2024-03-19 18:27:00,2155.87,2156.06,2155.1,2155.53,360,4,0,360
2024-03-19 18:30:00,2155.54,2155.57,2154.32,2154.38,205,4,0,205
2024-03-19 18:33:00,2154.38,2154.77,2154.06,2154.56,187,4,0,187
2024-03-19 18:36:00,2154.57,2154.68,2154.15,2154.65,127,4,0,127
2024-03-19 18:39:00,2154.65,2154.65,2153.23,2153.67,286,4,0,286
2024-03-19 18:42:00,2153.67,2153.88,2153.27,2153.68,135,4,0,135
2024-03-19 18:45:00,2153.58,2154.29,2153.54,2154.28,181,4,0,181
2024-03-19 18:48:00,2154.18,2154.18,2153.54,2153.68,116,4,0,116
2024-03-19 18:51:00,2153.68,2154.01,2153.37,2153.87,156,4,0,156
2024-03-19 18:54:00,2153.87,2154.11,2153.48,2154.08,97,4,0,97
2024-03-19 18:57:00,2154.08,2154.57,2154.08,2154.56,130,4,0,130
2024-03-19 19:00:00,2154.56,2156.54,2154.37,2155.44,423,4,0,423
2024-03-19 19:03:00,2155.44,2155.63,2154.96,2155.36,362,4,0,362
2024-03-19 19:06:00,2155.36,2156.16,2155.24,2156.15,352,4,0,352
2024-03-19 19:09:00,2156.15,2156.84,2155.63,2156.84,309,4,0,309
2024-03-19 19:12:00,2156.85,2156.9,2155.69,2155.74,265,4,0,265
2024-03-19 19:15:00,2155.74,2155.85,2154.76,2154.86,255,4,0,255
2024-03-19 19:18:00,2154.86,2154.95,2154.45,2154.85,184,4,0,184
2024-03-19 19:21:00,2154.86,2155.29,2154.39,2155.24,210,4,0,210
2024-03-19 19:24:00,2155.29,2156.11,2155.18,2155.3,324,4,0,324
2024-03-19 19:27:00,2155.22,2156.67,2154.99,2156.45,264,4,0,264
2024-03-19 19:30:00,2156.45,2156.77,2156.16,2156.76,255,4,0,255
2024-03-19 19:33:00,2156.77,2157.07,2156.27,2156.27,288,4,0,288
2024-03-19 19:36:00,2156.27,2156.66,2156.08,2156.65,138,6,0,138
2024-03-19 19:39:00,2156.63,2156.72,2156.08,2156.58,148,4,0,148
2024-03-19 19:42:00,2156.5,2156.59,2156.02,2156.46,150,6,0,150
2024-03-19 19:45:00,2156.44,2156.76,2156.38,2156.59,111,7,0,111
2024-03-19 19:48:00,2156.59,2156.59,2155.75,2155.89,145,5,0,145
2024-03-19 19:51:00,2155.95,2156.54,2155.87,2156.44,180,4,0,180
2024-03-19 19:54:00,2156.44,2157.16,2156.34,2157.15,217,4,0,217
2024-03-19 19:57:00,2157.15,2157.38,2156.85,2156.91,197,4,0,197
2024-03-19 20:00:00,2156.91,2157.17,2156.46,2156.51,193,4,0,193
2024-03-19 20:03:00,2156.52,2156.69,2156.41,2156.69,186,4,0,186
2024-03-19 20:06:00,2156.69,2156.73,2156.11,2156.19,128,4,0,128
2024-03-19 20:09:00,2156.19,2156.52,2156.11,2156.5,95,4,0,95
2024-03-19 20:12:00,2156.5,2156.72,2156.47,2156.48,45,6,0,45
2024-03-19 20:15:00,2156.48,2156.55,2156.18,2156.23,77,4,0,77
2024-03-19 20:18:00,2156.23,2156.29,2155.76,2155.83,79,4,0,79
2024-03-19 20:21:00,2155.76,2156.22,2155.72,2155.78,83,5,0,83
2024-03-19 20:24:00,2155.77,2156.02,2155.66,2155.71,110,7,0,110
2024-03-19 20:27:00,2155.71,2156.48,2155.5,2156.42,94,6,0,94
2024-03-19 20:30:00,2156.4,2156.49,2156.07,2156.45,124,4,0,124
2024-03-19 20:33:00,2156.45,2157.74,2156.4,2157.26,117,4,0,117
2024-03-19 20:36:00,2157.26,2157.35,2156.61,2156.75,135,4,0,135
2024-03-19 20:39:00,2156.75,2157.09,2156.67,2156.68,195,4,0,195
2024-03-19 20:42:00,2156.69,2156.79,2156.54,2156.72,149,4,0,149
2024-03-19 20:45:00,2156.71,2156.95,2156.34,2156.37,205,4,0,205
2024-03-19 20:48:00,2156.37,2156.56,2155.85,2156.05,180,6,0,180
2024-03-19 20:51:00,2156.05,2156.68,2156.05,2156.58,112,6,0,112
2024-03-19 20:54:00,2156.58,2157.17,2156.48,2157.15,138,4,0,138
2024-03-19 20:57:00,2157.15,2157.2,2156.77,2156.81,202,4,0,202
2024-03-19 21:00:00,2156.85,2157.06,2156.59,2156.84,122,4,0,122
2024-03-19 21:03:00,2156.84,2156.98,2156.66,2156.78,110,6,0,110
2024-03-19 21:06:00,2156.77,2157.23,2156.73,2156.82,139,5,0,139
2024-03-19 21:09:00,2156.82,2157.28,2156.82,2157.15,169,7,0,169
2024-03-19 21:12:00,2157.14,2157.76,2157.13,2157.73,146,4,0,146
2024-03-19 21:15:00,2157.73,2157.85,2157.44,2157.74,119,4,0,119
2024-03-19 21:18:00,2157.74,2157.97,2157.48,2157.76,109,5,0,109
2024-03-19 21:21:00,2157.76,2157.92,2157.18,2157.36,199,4,0,199
2024-03-19 21:24:00,2157.36,2157.65,2157.27,2157.65,128,4,0,128
2024-03-19 21:27:00,2157.64,2157.7,2157.39,2157.47,100,4,0,100
2024-03-19 21:30:00,2157.46,2157.49,2156.98,2157.08,114,4,0,114
2024-03-19 21:33:00,2157.1,2157.18,2156.48,2156.49,103,4,0,103
2024-03-19 21:36:00,2156.49,2156.88,2156.29,2156.59,133,4,0,133
2024-03-19 21:39:00,2156.59,2156.88,2156.56,2156.77,125,4,0,125
2024-03-19 21:42:00,2156.78,2156.98,2156.65,2156.79,132,4,0,132
2024-03-19 21:45:00,2156.79,2157.08,2156.57,2157.01,63,5,0,63
2024-03-19 21:48:00,2157.0,2157.15,2156.88,2157.08,60,4,0,60
2024-03-19 21:51:00,2157.09,2157.6,2157.09,2157.6,107,6,0,107
2024-03-19 21:54:00,2157.6,2157.78,2157.39,2157.59,85,4,0,85
2024-03-19 21:57:00,2157.56,2157.86,2157.39,2157.79,105,4,0,105
2024-03-19 22:00:00,2157.77,2157.9,2157.54,2157.77,123,4,0,123
2024-03-19 22:03:00,2157.77,2157.98,2157.68,2157.96,38,4,0,38
2024-03-19 22:06:00,2157.96,2158.07,2157.77,2158.06,29,4,0,29
2024-03-19 22:09:00,2158.07,2158.23,2157.96,2158.23,51,4,0,51
2024-03-19 22:12:00,2158.27,2158.52,2158.12,2158.35,78,4,0,78
2024-03-19 22:15:00,2158.35,2158.46,2158.34,2158.41,26,4,0,26
2024-03-19 22:18:00,2158.41,2158.41,2158.19,2158.2,50,4,0,50
2024-03-19 22:21:00,2158.22,2158.39,2158.2,2158.31,47,4,0,47
2024-03-19 22:24:00,2158.31,2158.34,2158.2,2158.3,32,4,0,32
2024-03-19 22:27:00,2158.3,2158.41,2158.29,2158.31,39,4,0,39
2024-03-19 22:30:00,2158.3,2158.4,2158.2,2158.2,38,4,0,38
2024-03-19 22:33:00,2158.2,2158.21,2157.81,2157.91,30,9,0,30
2024-03-19 22:36:00,2157.93,2158.0,2157.71,2157.71,33,6,0,33
2024-03-19 22:39:00,2157.71,2157.96,2157.42,2157.63,60,4,0,60
2024-03-19 22:42:00,2157.63,2157.93,2157.63,2157.83,30,7,0,30
2024-03-19 22:45:00,2157.82,2158.02,2157.76,2157.77,31,5,0,31
2024-03-19 22:48:00,2157.77,2157.86,2157.47,2157.47,37,8,0,37
2024-03-19 22:51:00,2157.47,2157.55,2157.28,2157.54,28,7,0,28
2024-03-19 22:54:00,2157.54,2157.58,2157.44,2157.53,26,11,0,26
2024-03-19 22:57:00,2157.53,2157.62,2157.35,2157.53,21,4,0,21
2024-03-20 00:00:00,2157.48,2157.67,2157.4,2157.67,38,24,0,38
2024-03-20 00:03:00,2157.68,2157.99,2157.68,2157.99,45,10,0,45
2024-03-20 00:06:00,2157.99,2158.11,2157.97,2157.98,17,14,0,17
2024-03-20 00:09:00,2157.98,2158.22,2157.98,2158.15,19,4,0,19
2024-03-20 00:12:00,2158.2,2158.35,2158.09,2158.27,26,4,0,26
2024-03-20 00:15:00,2158.37,2158.85,2158.37,2158.78,50,4,0,50
2024-03-20 00:18:00,2158.78,2159.68,2158.74,2159.54,45,4,0,45
2024-03-20 00:21:00,2159.53,2159.53,2158.97,2159.27,52,5,0,52
2024-03-20 00:24:00,2159.27,2159.32,2158.61,2158.71,32,4,0,32
2024-03-20 00:27:00,2158.71,2158.71,2158.5,2158.51,20,9,0,20
2024-03-20 00:30:00,2158.51,2158.51,2158.11,2158.11,48,4,0,48
2024-03-20 00:33:00,2158.11,2158.3,2157.91,2158.2,31,5,0,31
2024-03-20 00:36:00,2158.2,2158.66,2158.09,2158.5,46,7,0,46
2024-03-20 00:39:00,2158.5,2158.51,2158.21,2158.31,25,11,0,25
2024-03-20 00:42:00,2158.31,2158.31,2158.11,2158.2,26,8,0,26
2024-03-20 00:45:00,2158.2,2158.54,2158.11,2158.49,18,10,0,18
2024-03-20 00:48:00,2158.49,2158.49,2158.4,2158.48,6,7,0,6
2024-03-20 00:51:00,2158.45,2158.49,2158.38,2158.38,23,11,0,23
2024-03-20 00:54:00,2158.38,2158.57,2158.37,2158.57,17,10,0,17
2024-03-20 00:57:00,2158.57,2158.74,2158.56,2158.66,24,8,0,24
2024-03-20 01:00:00,2158.66,2158.74,2158.17,2158.17,67,7,0,67
2024-03-20 01:03:00,2158.17,2158.36,2158.07,2158.36,23,5,0,23
2024-03-20 01:06:00,2158.27,2158.45,2157.97,2157.98,50,10,0,50
2024-03-20 01:09:00,2157.97,2158.08,2157.74,2157.79,89,11,0,89
2024-03-20 01:12:00,2157.78,2158.03,2157.7,2157.93,80,4,0,80
2024-03-20 01:15:00,2157.96,2158.02,2157.67,2157.67,45,11,0,45
2024-03-20 01:18:00,2157.7,2157.95,2157.67,2157.84,34,4,0,34
2024-03-20 01:21:00,2157.78,2157.94,2157.67,2157.94,21,8,0,21
2024-03-20 01:24:00,2157.84,2157.94,2157.83,2157.84,15,4,0,15
2024-03-20 01:27:00,2157.86,2157.94,2157.83,2157.84,30,7,0,30
2024-03-20 01:30:00,2157.88,2157.94,2157.56,2157.65,21,7,0,21
2024-03-20 01:33:00,2157.65,2157.75,2157.55,2157.58,23,7,0,23
2024-03-20 01:36:00,2157.62,2157.67,2157.37,2157.37,22,4,0,22
2024-03-20 01:39:00,2157.35,2157.47,2157.25,2157.26,78,4,0,78
2024-03-20 01:42:00,2157.26,2157.5,2157.16,2157.43,54,4,0,54
2024-03-20 01:45:00,2157.43,2158.09,2157.22,2157.79,104,4,0,104
2024-03-20 01:48:00,2157.79,2158.1,2157.35,2157.35,127,4,0,127
2024-03-20 01:51:00,2157.35,2157.37,2156.98,2157.24,47,4,0,47
2024-03-20 01:54:00,2157.24,2157.35,2157.15,2157.16,51,6,0,51
2024-03-20 01:57:00,2157.2,2157.35,2156.97,2157.06,59,5,0,59
2024-03-20 02:00:00,2157.08,2157.23,2156.73,2157.12,115,4,0,115
2024-03-20 02:03:00,2157.12,2157.14,2156.7,2156.93,141,4,0,141
2024-03-20 02:06:00,2156.89,2157.18,2156.86,2156.97,74,4,0,74
2024-03-20 02:09:00,2156.92,2157.19,2156.61,2156.79,88,4,0,88
2024-03-20 02:12:00,2156.77,2156.77,2156.38,2156.38,82,6,0,82
2024-03-20 02:15:00,2156.38,2156.58,2156.07,2156.2,69,4,0,69
2024-03-20 02:18:00,2156.24,2156.66,2156.2,2156.35,87,4,0,87
2024-03-20 02:21:00,2156.27,2156.29,2155.95,2156.06,62,7,0,62
2024-03-20 02:24:00,2156.08,2156.1,2155.43,2155.43,62,7,0,62
2024-03-20 02:27:00,2155.42,2155.67,2155.37,2155.42,80,4,0,80
2024-03-20 02:30:00,2155.37,2155.66,2155.27,2155.45,73,7,0,73
2024-03-20 02:33:00,2155.5,2155.76,2155.46,2155.47,76,4,0,76
2024-03-20 02:36:00,2155.46,2155.47,2155.26,2155.26,15,6,0,15
2024-03-20 02:39:00,2155.26,2155.36,2155.23,2155.36,22,7,0,22
2024-03-20 02:42:00,2155.36,2155.59,2155.25,2155.59,31,4,0,31
2024-03-20 02:45:00,2155.6,2155.79,2155.45,2155.74,38,4,0,38
2024-03-20 02:48:00,2155.73,2156.39,2155.61,2156.36,59,4,0,59
2024-03-20 02:51:00,2156.36,2157.2,2156.32,2157.05,76,4,0,76
2024-03-20 02:54:00,2157.1,2157.48,2156.94,2157.0,90,4,0,90
2024-03-20 02:57:00,2157.0,2157.42,2157.0,2157.18,99,4,0,99
2024-03-20 03:00:00,2157.18,2157.79,2156.65,2157.53,284,4,0,284
2024-03-20 03:03:00,2157.53,2157.79,2157.12,2157.51,145,4,0,145
2024-03-20 03:06:00,2157.55,2157.65,2157.08,2157.17,99,4,0,99
2024-03-20 03:09:00,2157.16,2157.6,2157.11,2157.6,118,6,0,118
2024-03-20 03:12:00,2157.6,2158.23,2157.46,2157.98,97,4,0,97
2024-03-20 03:15:00,2157.98,2158.75,2157.87,2158.75,119,4,0,119
2024-03-20 03:18:00,2158.77,2159.06,2158.57,2159.06,135,4,0,135
2024-03-20 03:21:00,2159.04,2160.04,2158.94,2159.79,104,4,0,104
2024-03-20 03:24:00,2159.75,2159.98,2159.45,2159.65,153,4,0,153
2024-03-20 03:27:00,2159.65,2159.73,2159.24,2159.24,99,4,0,99
2024-03-20 03:30:00,2159.29,2159.69,2159.14,2159.65,116,4,0,116
2024-03-20 03:33:00,2159.65,2159.65,2158.3,2158.78,138,4,0,138
2024-03-20 03:36:00,2158.67,2158.87,2158.41,2158.67,108,4,0,108
2024-03-20 03:39:00,2158.67,2158.87,2158.46,2158.53,74,6,0,74
2024-03-20 03:42:00,2158.53,2159.08,2158.46,2159.05,105,4,0,105
2024-03-20 03:45:00,2159.04,2159.51,2158.95,2159.11,164,4,0,164
2024-03-20 03:48:00,2159.14,2159.4,2158.95,2159.05,130,4,0,130
2024-03-20 03:51:00,2159.05,2159.05,2157.91,2158.17,195,4,0,195
2024-03-20 03:54:00,2158.2,2158.82,2157.91,2158.76,161,5,0,161
2024-03-20 03:57:00,2158.72,2158.76,2158.49,2158.72,40,8,0,40
2024-03-20 04:00:00,2158.63,2158.74,2157.89,2158.15,120,4,0,120
2024-03-20 04:03:00,2158.14,2158.38,2157.42,2157.62,130,5,0,130
2024-03-20 04:06:00,2157.71,2157.87,2157.2,2157.82,126,9,0,126
2024-03-20 04:09:00,2157.84,2158.19,2157.63,2157.79,115,9,0,115
2024-03-20 04:12:00,2157.77,2158.02,2157.73,2157.95,128,4,0,128
2024-03-20 04:15:00,2157.95,2158.15,2157.68,2157.84,93,4,0,93
2024-03-20 04:18:00,2157.84,2158.08,2157.74,2157.8,85,4,0,85
2024-03-20 04:21:00,2157.8,2158.25,2157.64,2158.24,102,4,0,102
2024-03-20 04:24:00,2158.24,2158.5,2158.23,2158.36,88,5,0,88
2024-03-20 04:27:00,2158.36,2158.38,2158.09,2158.22,49,4,0,49
2024-03-20 04:30:00,2158.23,2158.87,2158.19,2158.82,112,4,0,112
2024-03-20 04:33:00,2158.72,2158.93,2158.62,2158.67,83,6,0,83
2024-03-20 04:36:00,2158.69,2158.8,2158.63,2158.63,54,4,0,54
2024-03-20 04:39:00,2158.63,2158.94,2158.53,2158.94,32,4,0,32
2024-03-20 04:42:00,2158.93,2159.72,2158.93,2159.72,103,4,0,103
2024-03-20 04:45:00,2159.72,2159.73,2159.0,2159.1,95,4,0,95
2024-03-20 04:48:00,2159.1,2159.11,2158.75,2158.84,83,4,0,83
2024-03-20 04:51:00,2158.84,2158.95,2158.4,2158.51,62,4,0,62
2024-03-20 04:54:00,2158.51,2159.11,2158.44,2158.93,65,4,0,65
2024-03-20 04:57:00,2159.02,2159.28,2159.02,2159.02,105,4,0,105
2024-03-20 05:00:00,2158.93,2159.03,2158.62,2158.62,134,4,0,134
2024-03-20 05:03:00,2158.65,2159.18,2158.63,2159.16,86,4,0,86
2024-03-20 05:06:00,2159.17,2159.26,2158.98,2159.13,86,4,0,86
2024-03-20 05:09:00,2159.14,2159.32,2158.83,2159.32,85,4,0,85
2024-03-20 05:12:00,2159.32,2159.67,2159.26,2159.51,102,4,0,102
2024-03-20 05:15:00,2159.55,2159.56,2158.52,2158.59,62,4,0,62
2024-03-20 05:18:00,2158.57,2158.86,2158.44,2158.86,77,4,0,77
2024-03-20 05:21:00,2158.85,2159.06,2158.73,2158.75,41,4,0,41
2024-03-20 05:24:00,2158.75,2158.96,2158.75,2158.83,38,4,0,38
2024-03-20 05:27:00,2158.76,2159.42,2158.48,2158.95,114,4,0,114
2024-03-20 05:30:00,2158.95,2159.06,2158.76,2158.87,59,4,0,59
2024-03-20 05:33:00,2158.88,2158.99,2158.73,2158.99,22,4,0,22
2024-03-20 05:36:00,2158.92,2159.16,2158.87,2158.98,46,4,0,46
2024-03-20 05:39:00,2158.98,2159.28,2158.94,2159.18,53,4,0,53
2024-03-20 05:42:00,2159.18,2159.38,2159.01,2159.17,61,4,0,61
2024-03-20 05:45:00,2159.17,2159.35,2159.09,2159.28,51,4,0,51
2024-03-20 05:48:00,2159.27,2159.4,2159.27,2159.38,26,4,0,26
2024-03-20 05:51:00,2159.41,2159.68,2159.32,2159.64,65,4,0,65
2024-03-20 05:54:00,2159.68,2159.77,2159.44,2159.48,69,4,0,69
2024-03-20 05:57:00,2159.48,2159.89,2159.02,2159.89,113,4,0,113
2024-03-20 06:00:00,2159.89,2160.13,2159.65,2160.06,160,4,0,160
2024-03-20 06:03:00,2159.98,2160.25,2159.43,2159.56,162,4,0,162
2024-03-20 06:06:00,2159.66,2160.23,2159.61,2159.8,174,4,0,174
2024-03-20 06:09:00,2159.83,2159.94,2159.32,2159.43,94,4,0,94
2024-03-20 06:12:00,2159.45,2159.61,2159.23,2159.41,61,4,0,61
2024-03-20 06:15:00,2159.42,2159.48,2159.15,2159.15,61,4,0,61
2024-03-20 06:18:00,2159.15,2159.25,2158.6,2158.6,105,4,0,105
2024-03-20 06:21:00,2158.61,2158.7,2158.27,2158.67,90,4,0,90
2024-03-20 06:24:00,2158.64,2159.0,2158.64,2158.91,58,4,0,58
2024-03-20 06:27:00,2158.97,2159.37,2158.93,2159.08,71,4,0,71
2024-03-20 06:30:00,2159.03,2159.11,2158.91,2159.01,47,4,0,47
2024-03-20 06:33:00,2158.97,2159.06,2158.93,2158.98,34,5,0,34
2024-03-20 06:36:00,2158.97,2159.23,2158.95,2159.11,60,4,0,60
2024-03-20 06:39:00,2159.16,2159.21,2158.96,2159.05,44,4,0,44
2024-03-20 06:42:00,2159.05,2159.16,2158.65,2158.65,62,4,0,62
2024-03-20 06:45:00,2158.65,2158.84,2158.01,2158.03,96,4,0,96
2024-03-20 06:48:00,2158.03,2158.24,2158.03,2158.17,66,4,0,66
2024-03-20 06:51:00,2158.16,2158.21,2157.64,2157.66,78,6,0,78
2024-03-20 06:54:00,2157.66,2157.76,2157.26,2157.37,98,4,0,98
2024-03-20 06:57:00,2157.37,2157.4,2156.86,2156.89,114,4,0,114
2024-03-20 07:00:00,2156.88,2157.11,2156.81,2156.88,118,4,0,118
2024-03-20 07:03:00,2156.88,2157.33,2156.87,2157.13,91,4,0,91
2024-03-20 07:06:00,2157.12,2157.73,2157.11,2157.2,84,4,0,84
2024-03-20 07:09:00,2157.17,2157.82,2157.13,2157.61,103,4,0,103
2024-03-20 07:12:00,2157.61,2157.61,2157.21,2157.36,54,5,0,54
2024-03-20 07:15:00,2157.32,2157.35,2157.04,2157.11,45,7,0,45
2024-03-20 07:18:00,2157.08,2157.18,2156.93,2156.95,31,4,0,31
2024-03-20 07:21:00,2156.95,2157.23,2156.61,2157.15,71,4,0,71
2024-03-20 07:24:00,2157.15,2157.65,2157.15,2157.65,49,6,0,49
2024-03-20 07:27:00,2157.71,2157.91,2157.63,2157.74,70,4,0,70
2024-03-20 07:30:00,2157.64,2157.83,2157.41,2157.63,158,6,0,158
2024-03-20 07:33:00,2157.63,2158.04,2157.45,2157.68,101,7,0,101
2024-03-20 07:36:00,2157.66,2157.82,2157.36,2157.63,75,4,0,75
2024-03-20 07:39:00,2157.58,2157.97,2157.54,2157.94,80,4,0,80
2024-03-20 07:42:00,2157.92,2158.33,2157.92,2158.12,84,4,0,84
2024-03-20 07:45:00,2158.14,2158.28,2157.65,2157.73,54,4,0,54
2024-03-20 07:48:00,2157.73,2157.81,2157.45,2157.81,65,4,0,65
2024-03-20 07:51:00,2157.81,2157.89,2157.38,2157.53,62,4,0,62
2024-03-20 07:54:00,2157.55,2157.74,2157.45,2157.48,69,4,0,69
2024-03-20 07:57:00,2157.5,2157.71,2157.25,2157.48,89,4,0,89
2024-03-20 08:00:00,2157.48,2157.48,2156.93,2157.06,118,4,0,118
2024-03-20 08:03:00,2157.06,2157.3,2156.93,2157.16,97,4,0,97
2024-03-20 08:06:00,2157.16,2157.38,2157.05,2157.14,79,4,0,79
2024-03-20 08:09:00,2157.14,2157.98,2156.98,2157.9,122,4,0,122
2024-03-20 08:12:00,2157.97,2157.97,2157.46,2157.79,103,4,0,103
2024-03-20 08:15:00,2157.79,2158.17,2157.74,2157.92,87,4,0,87
2024-03-20 08:18:00,2157.9,2158.25,2157.51,2157.77,114,4,0,114
2024-03-20 08:21:00,2157.79,2157.85,2156.7,2156.7,120,4,0,120
2024-03-20 08:24:00,2156.73,2157.2,2156.58,2157.14,210,4,0,210
2024-03-20 08:27:00,2157.08,2157.12,2156.51,2156.58,159,4,0,159
2024-03-20 08:30:00,2156.58,2157.29,2156.48,2157.1,244,4,0,244
2024-03-20 08:33:00,2157.1,2157.31,2156.74,2157.03,159,4,0,159
2024-03-20 08:36:00,2157.02,2157.1,2156.91,2157.1,53,4,0,53
2024-03-20 08:39:00,2157.16,2157.16,2156.68,2156.89,111,4,0,111
2024-03-20 08:42:00,2156.93,2157.26,2156.77,2156.97,74,4,0,74
2024-03-20 08:45:00,2156.95,2157.4,2156.79,2157.4,97,4,0,97
2024-03-20 08:48:00,2157.4,2157.66,2157.3,2157.52,100,4,0,100
2024-03-20 08:51:00,2157.53,2157.54,2157.12,2157.19,95,4,0,95
2024-03-20 08:54:00,2157.15,2157.21,2156.81,2156.92,96,4,0,96
2024-03-20 08:57:00,2156.93,2157.22,2156.83,2157.04,98,4,0,98
2024-03-20 09:00:00,2157.03,2157.66,2156.9,2157.53,248,4,0,248
2024-03-20 09:03:00,2157.55,2157.55,2156.99,2157.43,189,4,0,189
2024-03-20 09:06:00,2157.41,2157.51,2157.16,2157.38,131,4,0,131
2024-03-20 09:09:00,2157.38,2158.42,2157.37,2158.12,123,4,0,123
2024-03-20 09:12:00,2158.13,2158.13,2157.18,2157.66,135,4,0,135
2024-03-20 09:15:00,2157.66,2158.22,2157.39,2158.22,101,4,0,101
2024-03-20 09:18:00,2158.21,2158.35,2157.39,2157.78,208,4,0,208
2024-03-20 09:21:00,2157.78,2158.26,2157.78,2157.89,118,4,0,118
2024-03-20 09:24:00,2157.88,2158.82,2157.88,2158.8,117,4,0,117
2024-03-20 09:27:00,2158.81,2159.02,2158.42,2159.01,99,4,0,99
2024-03-20 09:30:00,2159.01,2159.08,2158.72,2159.04,308,4,0,308
2024-03-20 09:33:00,2159.04,2159.51,2158.84,2159.12,277,4,0,277
2024-03-20 09:36:00,2159.11,2159.13,2158.78,2158.96,237,4,0,237
2024-03-20 09:39:00,2158.91,2159.05,2158.22,2158.26,198,4,0,198
2024-03-20 09:42:00,2158.26,2158.41,2157.7,2157.91,251,4,0,251
2024-03-20 09:45:00,2157.91,2158.03,2156.99,2157.38,185,4,0,185
2024-03-20 09:48:00,2157.38,2157.72,2157.12,2157.7,138,4,0,138
2024-03-20 09:51:00,2157.7,2158.38,2157.7,2158.37,126,4,0,126
2024-03-20 09:54:00,2158.38,2158.57,2158.08,2158.14,105,4,0,105
2024-03-20 09:57:00,2158.14,2158.39,2157.88,2158.27,199,4,0,199
2024-03-20 10:00:00,2158.22,2158.38,2156.87,2156.96,339,4,0,339
2024-03-20 10:03:00,2156.96,2156.98,2156.04,2156.05,280,4,0,280
2024-03-20 10:06:00,2156.06,2156.32,2155.68,2155.79,268,4,0,268
2024-03-20 10:09:00,2155.87,2156.08,2155.5,2155.59,270,4,0,270
2024-03-20 10:12:00,2155.58,2155.64,2154.84,2155.04,239,4,0,239
2024-03-20 10:15:00,2155.03,2155.55,2154.54,2155.54,222,4,0,222
2024-03-20 10:18:00,2155.54,2156.4,2155.46,2156.37,213,4,0,213
2024-03-20 10:21:00,2156.44,2156.52,2156.07,2156.34,116,4,0,116
2024-03-20 10:24:00,2156.41,2156.86,2156.35,2156.68,143,4,0,143
2024-03-20 10:27:00,2156.67,2156.97,2156.28,2156.38,156,4,0,156
2024-03-20 10:30:00,2156.38,2156.92,2156.28,2156.89,133,4,0,133
2024-03-20 10:33:00,2156.89,2156.89,2156.26,2156.43,150,4,0,150
2024-03-20 10:36:00,2156.43,2156.44,2155.87,2156.12,239,4,0,239
2024-03-20 10:39:00,2156.12,2156.5,2156.02,2156.28,210,4,0,210
2024-03-20 10:42:00,2156.27,2156.42,2155.96,2155.97,215,4,0,215
2024-03-20 10:45:00,2155.97,2155.97,2155.31,2155.45,217,4,0,217
2024-03-20 10:48:00,2155.46,2155.65,2155.1,2155.47,171,4,0,171
2024-03-20 10:51:00,2155.43,2156.12,2155.36,2155.87,233,4,0,233
2024-03-20 10:54:00,2155.83,2156.13,2155.6,2155.89,184,4,0,184
2024-03-20 10:57:00,2155.97,2156.19,2155.74,2156.17,205,4,0,205
2024-03-20 11:00:00,2156.17,2156.18,2155.66,2155.77,191,4,0,191
2024-03-20 11:03:00,2155.77,2155.94,2155.38,2155.65,286,4,0,286
2024-03-20 11:06:00,2155.65,2155.65,2154.91,2155.04,183,4,0,183
2024-03-20 11:09:00,2155.04,2155.66,2154.96,2155.28,203,4,0,203
2024-03-20 11:12:00,2155.29,2155.31,2154.77,2154.86,220,4,0,220
2024-03-20 11:15:00,2154.86,2155.19,2154.71,2154.81,205,4,0,205
2024-03-20 11:18:00,2154.79,2155.43,2154.7,2154.76,219,4,0,219
2024-03-20 11:21:00,2154.76,2155.19,2154.47,2155.08,193,4,0,193
2024-03-20 11:24:00,2155.08,2155.14,2154.62,2154.93,242,4,0,242
2024-03-20 11:27:00,2154.95,2155.64,2154.86,2155.58,124,4,0,124
2024-03-20 11:30:00,2155.58,2155.59,2155.2,2155.56,91,4,0,91
2024-03-20 11:33:00,2155.53,2155.91,2155.28,2155.39,166,4,0,166
2024-03-20 11:36:00,2155.39,2155.67,2155.29,2155.6,103,4,0,103
2024-03-20 11:39:00,2155.6,2155.75,2155.49,2155.74,104,4,0,104
2024-03-20 11:42:00,2155.74,2155.96,2155.51,2155.62,153,4,0,153
2024-03-20 11:45:00,2155.62,2155.8,2155.2,2155.31,98,4,0,98
2024-03-20 11:48:00,2155.31,2155.7,2155.01,2155.03,115,4,0,115
2024-03-20 11:51:00,2155.08,2155.08,2154.32,2154.59,190,4,0,190
2024-03-20 11:54:00,2154.6,2154.6,2153.18,2153.35,306,4,0,306
2024-03-20 11:57:00,2153.36,2154.78,2153.33,2154.69,310,4,0,310
2024-03-20 12:00:00,2154.67,2154.74,2154.12,2154.23,395,4,0,395
2024-03-20 12:03:00,2154.24,2154.37,2154.02,2154.32,191,4,0,191
2024-03-20 12:06:00,2154.31,2154.49,2153.99,2153.99,137,4,0,137
2024-03-20 12:09:00,2153.98,2154.36,2153.66,2153.85,111,4,0,111
2024-03-20 12:12:00,2153.85,2154.88,2153.85,2154.49,229,4,0,229
2024-03-20 12:15:00,2154.48,2154.48,2153.66,2153.95,148,4,0,148
2024-03-20 12:18:00,2153.95,2154.19,2153.68,2153.69,207,4,0,207
2024-03-20 12:21:00,2153.69,2153.7,2152.54,2152.84,251,4,0,251
2024-03-20 12:24:00,2152.84,2153.26,2152.55,2152.65,188,4,0,188
2024-03-20 12:27:00,2152.74,2153.54,2152.4,2153.48,226,4,0,226
2024-03-20 12:30:00,2153.46,2154.15,2153.46,2153.86,182,4,0,182
2024-03-20 12:33:00,2153.85,2154.16,2153.64,2153.64,155,4,0,155
2024-03-20 12:36:00,2153.64,2153.97,2153.54,2153.63,107,4,0,107
2024-03-20 12:39:00,2153.63,2154.09,2153.45,2153.94,106,4,0,106
2024-03-20 12:42:00,2153.94,2154.47,2153.88,2154.46,117,4,0,117
2024-03-20 12:45:00,2154.44,2154.78,2154.25,2154.35,105,4,0,105
2024-03-20 12:48:00,2154.34,2154.34,2154.06,2154.25,106,4,0,106
2024-03-20 12:51:00,2154.29,2154.44,2153.79,2153.94,116,4,0,116
2024-03-20 12:54:00,2153.94,2154.77,2153.89,2154.41,243,4,0,243
2024-03-20 12:57:00,2154.41,2154.61,2154.14,2154.36,92,4,0,92
2024-03-20 13:00:00,2154.36,2154.36,2153.87,2154.26,126,4,0,126
2024-03-20 13:03:00,2154.23,2154.48,2154.15,2154.41,145,4,0,145
2024-03-20 13:06:00,2154.41,2154.41,2153.08,2153.08,147,4,0,147
2024-03-20 13:09:00,2153.08,2153.56,2152.79,2153.38,162,4,0,162
2024-03-20 13:12:00,2153.38,2153.87,2152.78,2153.26,172,4,0,172
2024-03-20 13:15:00,2153.26,2153.49,2152.81,2153.22,196,4,0,196
2024-03-20 13:18:00,2153.23,2153.24,2152.63,2152.9,168,4,0,168
2024-03-20 13:21:00,2152.87,2153.43,2152.27,2153.12,206,4,0,206
2024-03-20 13:24:00,2153.12,2153.28,2152.55,2152.88,133,4,0,133
2024-03-20 13:27:00,2152.88,2153.88,2152.88,2153.88,102,4,0,102
2024-03-20 13:30:00,2153.89,2153.91,2153.19,2153.59,121,4,0,121
2024-03-20 13:33:00,2153.55,2154.16,2153.4,2154.16,124,4,0,124
2024-03-20 13:36:00,2154.16,2154.92,2154.08,2154.86,128,4,0,128
2024-03-20 13:39:00,2154.86,2155.05,2154.37,2154.65,154,4,0,154
2024-03-20 13:42:00,2154.65,2154.96,2154.47,2154.69,179,4,0,179
2024-03-20 13:45:00,2154.72,2154.72,2154.06,2154.27,139,4,0,139
2024-03-20 13:48:00,2154.27,2154.56,2154.16,2154.27,133,5,0,133
2024-03-20 13:51:00,2154.24,2155.08,2154.06,2155.02,195,4,0,195
2024-03-20 13:54:00,2154.99,2155.17,2153.87,2153.91,291,4,0,291
2024-03-20 13:57:00,2153.92,2154.23,2153.83,2153.97,175,4,0,175
2024-03-20 14:00:00,2154.0,2155.22,2153.92,2154.32,342,4,0,342
2024-03-20 14:03:00,2154.37,2155.27,2153.86,2153.86,179,4,0,179
2024-03-20 14:06:00,2153.91,2153.92,2153.06,2153.45,256,4,0,256
2024-03-20 14:09:00,2153.46,2153.76,2152.87,2153.24,267,4,0,267
2024-03-20 14:12:00,2153.23,2153.57,2153.13,2153.16,228,4,0,228
2024-03-20 14:15:00,2153.17,2153.45,2152.91,2153.36,169,4,0,169
2024-03-20 14:18:00,2153.36,2154.8,2153.01,2154.8,352,4,0,352
2024-03-20 14:21:00,2154.8,2154.81,2153.51,2154.05,308,4,0,308
2024-03-20 14:24:00,2154.1,2155.18,2154.1,2154.25,309,4,0,309
2024-03-20 14:27:00,2154.28,2154.61,2154.03,2154.22,219,4,0,219
2024-03-20 14:30:00,2154.3,2154.37,2153.77,2153.83,185,4,0,185
2024-03-20 14:33:00,2153.83,2153.83,2153.24,2153.42,207,4,0,207
2024-03-20 14:36:00,2153.33,2153.42,2151.61,2151.96,406,4,0,406
2024-03-20 14:39:00,2151.95,2152.31,2151.31,2152.13,317,4,0,317
2024-03-20 14:42:00,2152.13,2152.13,2149.81,2149.86,546,4,0,546
2024-03-20 14:45:00,2149.86,2151.31,2149.6,2151.29,336,4,0,336
2024-03-20 14:48:00,2151.3,2152.34,2151.0,2152.03,381,4,0,381
2024-03-20 14:51:00,2152.02,2152.67,2151.84,2152.48,262,4,0,262
2024-03-20 14:54:00,2152.51,2153.51,2152.48,2153.51,258,4,0,258
2024-03-20 14:57:00,2153.51,2153.86,2153.11,2153.21,238,4,0,238
2024-03-20 15:00:00,2153.22,2153.72,2152.81,2153.6,416,4,0,416
2024-03-20 15:03:00,2153.61,2153.76,2153.23,2153.5,275,4,0,275
2024-03-20 15:06:00,2153.52,2155.39,2153.5,2155.19,339,4,0,339
2024-03-20 15:09:00,2155.21,2155.21,2154.41,2155.12,297,4,0,297
2024-03-20 15:12:00,2155.12,2155.94,2154.73,2154.77,408,4,0,408
2024-03-20 15:15:00,2154.73,2154.8,2154.29,2154.32,203,4,0,203
2024-03-20 15:18:00,2154.32,2154.39,2153.39,2153.81,300,4,0,300
2024-03-20 15:21:00,2153.81,2153.86,2152.32,2152.54,221,4,0,221
2024-03-20 15:24:00,2152.54,2152.79,2151.72,2152.34,350,4,0,350
2024-03-20 15:27:00,2152.27,2152.66,2151.16,2151.16,294,4,0,294
2024-03-20 15:30:00,2151.08,2152.06,2150.5,2152.05,788,4,0,788
2024-03-20 15:33:00,2152.05,2152.92,2151.62,2152.42,569,4,0,569
2024-03-20 15:36:00,2152.43,2153.81,2151.91,2152.9,713,4,0,713
2024-03-20 15:39:00,2152.94,2153.85,2152.48,2153.38,634,4,0,634
2024-03-20 15:42:00,2153.34,2154.95,2153.17,2154.25,492,4,0,492
2024-03-20 15:45:00,2154.13,2155.75,2154.02,2155.43,527,4,0,527
2024-03-20 15:48:00,2155.47,2156.08,2154.73,2154.73,371,4,0,371
2024-03-20 15:51:00,2154.75,2156.1,2154.71,2156.02,406,4,0,406
2024-03-20 15:54:00,2156.02,2158.09,2155.91,2157.64,644,4,0,644
2024-03-20 15:57:00,2157.64,2158.67,2157.1,2157.94,621,4,0,621
2024-03-20 16:00:00,2157.95,2164.0,2157.51,2163.68,978,4,0,978
2024-03-20 16:03:00,2163.68,2164.83,2162.26,2163.72,1050,4,0,1050
2024-03-20 16:06:00,2163.72,2164.94,2162.73,2164.6,751,4,0,751
2024-03-20 16:09:00,2164.47,2164.91,2163.38,2164.44,627,4,0,627
2024-03-20 16:12:00,2164.44,2164.6,2162.28,2163.18,535,4,0,535
2024-03-20 16:15:00,2163.18,2164.09,2163.09,2163.5,594,4,0,594
2024-03-20 16:18:00,2163.5,2163.6,2161.97,2162.08,492,4,0,492
2024-03-20 16:21:00,2162.08,2162.17,2160.67,2161.28,591,4,0,591
2024-03-20 16:24:00,2161.28,2162.59,2160.74,2162.56,451,4,0,451
2024-03-20 16:27:00,2162.56,2162.63,2160.9,2161.09,372,4,0,372
2024-03-20 16:30:00,2161.09,2161.09,2158.81,2159.4,498,4,0,498
2024-03-20 16:33:00,2159.4,2159.99,2158.77,2158.97,416,4,0,416
2024-03-20 16:36:00,2158.97,2159.93,2158.05,2158.69,424,4,0,424
2024-03-20 16:39:00,2158.67,2159.03,2157.63,2158.12,441,4,0,441
2024-03-20 16:42:00,2158.03,2158.56,2157.42,2157.99,467,4,0,467
2024-03-20 16:45:00,2158.0,2158.09,2156.52,2157.14,506,4,0,506
2024-03-20 16:48:00,2157.14,2157.47,2156.47,2156.47,407,4,0,407
2024-03-20 16:51:00,2156.47,2156.8,2155.66,2156.64,539,4,0,539
2024-03-20 16:54:00,2156.63,2156.97,2156.17,2156.25,395,4,0,395
2024-03-20 16:57:00,2156.25,2157.35,2156.25,2157.11,341,4,0,341
2024-03-20 17:00:00,2157.01,2158.54,2156.27,2158.23,512,4,0,512
2024-03-20 17:03:00,2158.23,2158.65,2157.31,2158.09,502,4,0,502
2024-03-20 17:06:00,2158.08,2158.63,2157.72,2158.03,378,4,0,378
2024-03-20 17:09:00,2157.95,2158.7,2157.2,2157.9,285,4,0,285
2024-03-20 17:12:00,2157.9,2158.28,2157.6,2158.21,315,4,0,315
2024-03-20 17:15:00,2158.25,2158.56,2157.84,2157.84,231,4,0,231
2024-03-20 17:18:00,2157.85,2158.41,2157.4,2158.19,309,4,0,309
2024-03-20 17:21:00,2158.19,2158.19,2157.4,2157.5,225,4,0,225
2024-03-20 17:24:00,2157.47,2157.47,2156.44,2157.04,246,4,0,246
2024-03-20 17:27:00,2156.99,2156.99,2156.15,2156.48,247,4,0,247
2024-03-20 17:30:00,2156.5,2156.67,2155.78,2156.41,278,4,0,278
2024-03-20 17:33:00,2156.44,2157.16,2156.26,2157.05,192,4,0,192
2024-03-20 17:36:00,2157.06,2157.07,2155.55,2155.58,232,4,0,232
2024-03-20 17:39:00,2155.58,2155.77,2154.71,2155.05,292,4,0,292
2024-03-20 17:42:00,2155.05,2155.72,2154.76,2155.54,207,4,0,207
2024-03-20 17:45:00,2155.53,2155.82,2155.13,2155.55,237,4,0,237
2024-03-20 17:48:00,2155.54,2156.47,2155.45,2156.13,254,4,0,254
2024-03-20 17:51:00,2156.12,2156.55,2155.95,2156.41,179,4,0,179
2024-03-20 17:54:00,2156.4,2156.72,2156.19,2156.52,220,4,0,220
2024-03-20 17:57:00,2156.52,2156.67,2155.83,2155.92,218,4,0,218
2024-03-20 18:00:00,2155.92,2157.09,2155.59,2156.99,239,4,0,239
2024-03-20 18:03:00,2157.0,2158.08,2156.81,2158.06,216,4,0,216
2024-03-20 18:06:00,2158.08,2158.09,2157.37,2157.87,224,4,0,224
2024-03-20 18:09:00,2157.87,2158.39,2157.76,2158.24,199,4,0,199
2024-03-20 18:12:00,2158.25,2158.43,2157.16,2157.22,200,4,0,200
2024-03-20 18:15:00,2157.26,2157.27,2156.52,2156.67,188,4,0,188
2024-03-20 18:18:00,2156.67,2157.73,2156.58,2157.54,206,4,0,206
2024-03-20 18:21:00,2157.54,2158.04,2157.26,2158.04,253,4,0,253
2024-03-20 18:24:00,2158.04,2158.04,2157.23,2157.42,154,4,0,154
2024-03-20 18:27:00,2157.41,2157.6,2157.13,2157.2,144,4,0,144
2024-03-20 18:30:00,2157.12,2158.09,2157.1,2157.79,176,4,0,176
2024-03-20 18:33:00,2157.8,2158.09,2156.47,2157.27,270,4,0,270
2024-03-20 18:36:00,2157.28,2158.16,2156.79,2158.06,251,4,0,251
2024-03-20 18:39:00,2158.06,2158.06,2157.29,2157.48,220,4,0,220
2024-03-20 18:42:00,2157.48,2157.6,2157.09,2157.6,232,4,0,232
2024-03-20 18:45:00,2157.59,2157.67,2156.87,2157.37,241,4,0,241
2024-03-20 18:48:00,2157.37,2158.7,2157.36,2158.37,297,4,0,297
2024-03-20 18:51:00,2158.43,2158.64,2157.97,2158.04,239,4,0,239
2024-03-20 18:54:00,2158.04,2158.44,2157.79,2158.24,174,4,0,174
2024-03-20 18:57:00,2158.24,2158.24,2157.55,2157.75,182,4,0,182
2024-03-20 19:00:00,2157.75,2157.84,2157.15,2157.16,175,4,0,175
2024-03-20 19:03:00,2157.16,2157.34,2156.94,2157.06,202,4,0,202
2024-03-20 19:06:00,2157.08,2158.03,2157.04,2158.03,168,4,0,168
2024-03-20 19:09:00,2158.03,2158.05,2157.65,2157.75,223,4,0,223
2024-03-20 19:12:00,2157.79,2158.15,2157.75,2157.86,124,4,0,124
2024-03-20 19:15:00,2157.76,2158.47,2157.76,2158.4,199,4,0,199
2024-03-20 19:18:00,2158.4,2158.46,2157.07,2157.27,176,4,0,176
2024-03-20 19:21:00,2157.17,2157.46,2156.69,2157.46,205,4,0,205
2024-03-20 19:24:00,2157.46,2157.86,2157.07,2157.86,254,4,0,254
2024-03-20 19:27:00,2157.85,2157.99,2157.37,2157.98,265,4,0,265
2024-03-20 19:30:00,2157.97,2158.75,2157.92,2158.74,194,4,0,194
2024-03-20 19:33:00,2158.74,2159.0,2158.33,2158.56,150,4,0,150
2024-03-20 19:36:00,2158.55,2158.75,2158.44,2158.66,133,4,0,133
2024-03-20 19:39:00,2158.65,2158.65,2157.57,2157.68,187,4,0,187
2024-03-20 19:42:00,2157.68,2157.69,2157.37,2157.57,182,4,0,182
2024-03-20 19:45:00,2157.46,2157.95,2157.33,2157.36,218,4,0,218
2024-03-20 19:48:00,2157.26,2158.34,2157.15,2158.17,195,4,0,195
2024-03-20 19:51:00,2158.19,2159.67,2157.96,2159.52,293,4,0,293
2024-03-20 19:54:00,2159.5,2159.54,2158.35,2158.35,143,4,0,143
2024-03-20 19:57:00,2158.35,2158.5,2156.6,2157.2,368,4,0,368
2024-03-20 20:00:00,2157.05,2167.79,2157.05,2167.61,1070,4,0,1070
2024-03-20 20:03:00,2167.61,2172.83,2166.65,2172.35,1204,4,0,1204
2024-03-20 20:06:00,2172.35,2175.13,2168.97,2169.44,1179,4,0,1179
2024-03-20 20:09:00,2169.34,2173.23,2168.26,2171.81,1075,4,0,1075
2024-03-20 20:12:00,2171.81,2172.28,2167.48,2167.87,990,4,0,990
2024-03-20 20:15:00,2168.02,2168.94,2164.98,2164.99,974,4,0,974
2024-03-20 20:18:00,2164.99,2167.77,2164.11,2167.75,892,4,0,892
2024-03-20 20:21:00,2167.75,2168.5,2163.94,2165.15,888,4,0,888
2024-03-20 20:24:00,2165.15,2167.08,2164.12,2167.08,815,4,0,815
2024-03-20 20:27:00,2167.09,2168.95,2166.38,2168.94,837,4,0,837
2024-03-20 20:30:00,2168.94,2170.3,2164.76,2165.46,1081,4,0,1081
2024-03-20 20:33:00,2165.47,2167.21,2162.42,2162.51,1076,4,0,1076
2024-03-20 20:36:00,2162.49,2171.46,2162.35,2170.84,901,4,0,901
2024-03-20 20:39:00,2170.76,2176.54,2169.21,2175.52,1179,4,0,1179
2024-03-20 20:42:00,2175.55,2176.17,2171.35,2174.23,1179,4,0,1179
2024-03-20 20:45:00,2174.23,2179.21,2174.23,2177.32,1061,4,0,1061
2024-03-20 20:48:00,2177.32,2179.66,2173.79,2173.86,1059,4,0,1059
2024-03-20 20:51:00,2173.88,2179.68,2172.69,2179.49,1246,4,0,1246
2024-03-20 20:54:00,2179.48,2182.46,2178.97,2181.51,1038,4,0,1038
2024-03-20 20:57:00,2181.49,2183.74,2180.02,2181.85,1090,4,0,1090
2024-03-20 21:00:00,2181.98,2182.91,2179.16,2180.54,1036,4,0,1036
2024-03-20 21:03:00,2180.62,2181.41,2178.47,2180.84,958,4,0,958
2024-03-20 21:06:00,2180.85,2185.69,2180.44,2185.3,1034,4,0,1034
2024-03-20 21:09:00,2185.3,2185.51,2182.83,2183.3,907,4,0,907
2024-03-20 21:12:00,2183.27,2183.87,2180.11,2181.46,1006,4,0,1006
2024-03-20 21:15:00,2181.44,2182.46,2180.54,2181.33,771,4,0,771
2024-03-20 21:18:00,2181.35,2184.74,2181.31,2184.73,738,4,0,738
2024-03-20 21:21:00,2184.66,2185.69,2182.77,2185.42,877,4,0,877
2024-03-20 21:24:00,2185.37,2186.75,2184.38,2184.7,791,4,0,791
2024-03-20 21:27:00,2184.68,2188.81,2184.67,2188.09,762,4,0,762
2024-03-20 21:30:00,2188.07,2188.2,2186.83,2186.83,793,4,0,793
2024-03-20 21:33:00,2186.83,2187.1,2185.62,2185.71,501,4,0,501
2024-03-20 21:36:00,2185.71,2185.75,2184.46,2185.53,455,4,0,455
2024-03-20 21:39:00,2185.5,2185.5,2183.23,2184.25,465,4,0,465
2024-03-20 21:42:00,2184.25,2184.32,2182.27,2182.6,478,4,0,478
2024-03-20 21:45:00,2182.6,2182.62,2181.2,2181.41,302,4,0,302
2024-03-20 21:48:00,2181.41,2182.56,2180.87,2182.56,338,4,0,338
2024-03-20 21:51:00,2182.6,2183.86,2182.58,2182.9,301,4,0,301
2024-03-20 21:54:00,2182.81,2183.36,2182.25,2183.0,214,4,0,214
2024-03-20 21:57:00,2183.01,2183.14,2181.82,2182.83,309,4,0,309
2024-03-20 22:00:00,2182.77,2184.27,2182.77,2184.27,218,4,0,218
2024-03-20 22:03:00,2184.16,2184.59,2183.63,2184.47,120,4,0,120
2024-03-20 22:06:00,2184.47,2184.71,2183.75,2183.75,154,4,0,154
2024-03-20 22:09:00,2183.83,2184.07,2183.47,2183.61,160,4,0,160
2024-03-20 22:12:00,2183.62,2183.89,2183.32,2183.69,135,4,0,135
2024-03-20 22:15:00,2183.7,2184.49,2183.3,2184.43,163,4,0,163
2024-03-20 22:18:00,2184.43,2185.86,2184.2,2185.86,246,4,0,246
2024-03-20 22:21:00,2185.86,2186.8,2185.58,2185.79,224,4,0,224
2024-03-20 22:24:00,2185.79,2187.07,2185.59,2186.88,217,4,0,217
2024-03-20 22:27:00,2186.89,2187.27,2186.02,2186.08,217,4,0,217
2024-03-20 22:30:00,2186.08,2186.26,2185.56,2186.04,158,4,0,158
2024-03-20 22:33:00,2186.04,2186.24,2185.67,2185.74,132,4,0,132
2024-03-20 22:36:00,2185.74,2186.24,2185.72,2186.24,133,4,0,133
2024-03-20 22:39:00,2186.23,2186.44,2186.08,2186.31,163,4,0,163
2024-03-20 22:42:00,2186.22,2186.33,2185.55,2185.95,98,4,0,98
2024-03-20 22:45:00,2185.94,2186.05,2185.75,2185.92,92,4,0,92
2024-03-20 22:48:00,2185.92,2185.95,2185.73,2185.79,104,4,0,104
2024-03-20 22:51:00,2185.77,2186.12,2185.66,2185.82,205,4,0,205
2024-03-20 22:54:00,2185.85,2186.0,2185.44,2186.0,152,4,0,152
2024-03-20 22:57:00,2186.03,2186.35,2185.82,2186.29,71,4,0,71
2024-03-21 00:00:00,2186.63,2186.76,2185.97,2186.65,110,77,0,110
2024-03-21 00:03:00,2186.75,2188.04,2186.39,2187.95,105,36,0,105
2024-03-21 00:06:00,2187.93,2188.38,2187.45,2188.28,87,4,0,87
2024-03-21 00:09:00,2188.2,2191.88,2188.2,2191.88,296,4,0,296
2024-03-21 00:12:00,2191.88,2193.63,2191.88,2193.37,272,4,0,272
2024-03-21 00:15:00,2193.28,2222.82,2192.99,2213.23,943,4,0,943
2024-03-21 00:18:00,2213.23,2213.24,2206.84,2209.26,794,4,0,794
2024-03-21 00:21:00,2209.26,2211.26,2203.55,2205.85,616,4,0,616
2024-03-21 00:24:00,2206.18,2207.95,2204.43,2206.65,402,4,0,402
2024-03-21 00:27:00,2206.57,2209.38,2206.47,2208.13,414,4,0,414
2024-03-21 00:30:00,2208.13,2208.57,2205.04,2205.15,407,4,0,407
2024-03-21 00:33:00,2205.24,2205.39,2199.2,2200.1,580,4,0,580
2024-03-21 00:36:00,2200.1,2200.74,2196.28,2199.56,500,4,0,500
2024-03-21 00:39:00,2199.56,2200.56,2195.52,2195.85,477,4,0,477
2024-03-21 00:42:00,2195.85,2198.66,2195.51,2196.33,356,4,0,356
2024-03-21 00:45:00,2196.29,2196.43,2193.57,2195.74,355,4,0,355
2024-03-21 00:48:00,2195.75,2204.89,2195.75,2204.48,453,4,0,453
2024-03-21 00:51:00,2204.49,2204.49,2201.37,2201.71,306,6,0,306
2024-03-21 00:54:00,2201.77,2203.56,2200.73,2201.67,266,4,0,266
2024-03-21 00:57:00,2201.72,2202.32,2200.68,2200.88,200,4,0,200
2024-03-21 01:00:00,2200.88,2200.96,2196.88,2197.08,291,4,0,291
2024-03-21 01:03:00,2197.08,2199.74,2196.39,2198.61,295,4,0,295
2024-03-21 01:06:00,2198.61,2200.35,2198.41,2199.67,234,4,0,234
2024-03-21 01:09:00,2199.67,2200.71,2199.05,2200.68,157,4,0,157
2024-03-21 01:12:00,2200.7,2204.56,2200.15,2204.23,239,4,0,239
2024-03-21 01:15:00,2204.25,2204.25,2200.79,2201.61,420,4,0,420
2024-03-21 01:18:00,2201.62,2202.88,2201.41,2202.02,188,4,0,188
2024-03-21 01:21:00,2202.02,2204.79,2201.79,2204.02,252,4,0,252
2024-03-21 01:24:00,2204.11,2206.38,2203.46,2204.51,369,4,0,369
2024-03-21 01:27:00,2204.3,2204.51,2203.06,2203.33,142,4,0,142
2024-03-21 01:30:00,2203.42,2204.09,2202.04,2203.85,253,4,0,253
2024-03-21 01:33:00,2203.91,2204.63,2203.05,2203.86,201,4,0,201
2024-03-21 01:36:00,2203.86,2204.93,2203.73,2203.77,179,4,0,179
2024-03-21 01:39:00,2203.82,2206.27,2203.77,2205.76,404,4,0,404
2024-03-21 01:42:00,2205.82,2206.16,2205.16,2205.16,196,4,0,196
2024-03-21 01:45:00,2205.16,2205.99,2205.02,2205.61,253,4,0,253
2024-03-21 01:48:00,2205.61,2206.09,2205.22,2205.62,243,4,0,243
2024-03-21 01:51:00,2205.54,2205.54,2203.53,2203.63,287,4,0,287
2024-03-21 01:54:00,2203.58,2204.36,2203.33,2204.12,333,4,0,333
2024-03-21 01:57:00,2204.1,2204.34,2203.56,2203.95,219,4,0,219
2024-03-21 02:00:00,2203.97,2204.0,2201.42,2201.71,527,4,0,527
2024-03-21 02:03:00,2201.67,2202.61,2201.61,2201.84,278,4,0,278
2024-03-21 02:06:00,2201.84,2202.36,2200.43,2202.21,489,4,0,489
2024-03-21 02:09:00,2202.21,2202.99,2201.53,2202.96,213,4,0,213
2024-03-21 02:12:00,2203.04,2203.22,2202.47,2203.17,175,7,0,175
2024-03-21 02:15:00,2203.2,2203.48,2201.84,2202.09,300,6,0,300
2024-03-21 02:18:00,2202.14,2202.19,2200.88,2202.15,249,4,0,249
2024-03-21 02:21:00,2202.18,2202.89,2201.89,2201.97,232,4,0,232
2024-03-21 02:24:00,2201.99,2202.04,2197.5,2197.5,377,4,0,377
2024-03-21 02:27:00,2197.5,2198.93,2196.06,2196.91,697,4,0,697
2024-03-21 02:30:00,2196.9,2198.83,2196.9,2197.71,558,4,0,558
2024-03-21 02:33:00,2197.64,2198.14,2196.21,2196.64,343,4,0,343
2024-03-21 02:36:00,2196.73,2196.91,2194.44,2194.47,306,4,0,306
2024-03-21 02:39:00,2194.53,2194.81,2192.43,2193.42,480,4,0,480
2024-03-21 02:42:00,2193.5,2194.09,2192.71,2194.04,276,4,0,276
2024-03-21 02:45:00,2194.06,2194.45,2193.64,2194.1,255,4,0,255
2024-03-21 02:48:00,2194.0,2195.55,2193.9,2194.94,285,4,0,285
2024-03-21 02:51:00,2194.94,2196.38,2194.94,2196.18,372,4,0,372
2024-03-21 02:54:00,2196.16,2198.6,2195.76,2198.49,535,4,0,535
2024-03-21 02:57:00,2198.49,2199.62,2197.91,2199.02,479,4,0,479
2024-03-21 03:00:00,2199.02,2201.13,2198.02,2198.42,1037,4,0,1037
2024-03-21 03:03:00,2198.38,2201.62,2197.95,2201.35,785,4,0,785
2024-03-21 03:06:00,2201.22,2205.67,2201.17,2204.08,801,4,0,801
2024-03-21 03:09:00,2204.11,2210.82,2203.34,2210.05,769,4,0,769
2024-03-21 03:12:00,2209.89,2212.43,2206.42,2209.01,868,4,0,868
2024-03-21 03:15:00,2209.0,2209.78,2205.04,2205.27,588,4,0,588
2024-03-21 03:18:00,2205.29,2206.24,2204.57,2204.79,471,4,0,471
2024-03-21 03:21:00,2204.8,2205.43,2204.0,2205.35,427,4,0,427
2024-03-21 03:24:00,2205.35,2205.73,2203.95,2204.15,411,4,0,411
2024-03-21 03:27:00,2204.04,2204.46,2202.99,2203.27,326,4,0,326
2024-03-21 03:30:00,2203.25,2204.67,2202.67,2204.41,464,4,0,464
2024-03-21 03:33:00,2204.41,2204.57,2201.61,2202.3,433,4,0,433
2024-03-21 03:36:00,2202.3,2202.66,2201.47,2202.0,321,4,0,321
2024-03-21 03:39:00,2202.02,2202.99,2201.47,2202.89,319,4,0,319
2024-03-21 03:42:00,2202.89,2203.95,2202.29,2203.91,321,4,0,321
2024-03-21 03:45:00,2203.91,2204.65,2202.89,2203.64,362,4,0,362
2024-03-21 03:48:00,2203.64,2204.07,2202.58,2204.07,504,4,0,504
2024-03-21 03:51:00,2204.02,2204.34,2203.11,2204.02,270,4,0,270
2024-03-21 03:54:00,2204.03,2204.45,2202.94,2203.43,302,4,0,302
2024-03-21 03:57:00,2203.48,2205.49,2203.48,2204.83,262,4,0,262
2024-03-21 04:00:00,2204.83,2205.95,2204.68,2205.25,313,4,0,313
2024-03-21 04:03:00,2205.25,2206.39,2204.95,2205.93,240,4,0,240
2024-03-21 04:06:00,2205.94,2205.94,2204.51,2204.74,195,4,0,195
2024-03-21 04:09:00,2204.86,2205.69,2204.86,2205.23,235,4,0,235
2024-03-21 04:12:00,2205.28,2205.89,2205.2,2205.6,242,4,0,242
2024-03-21 04:15:00,2205.49,2205.54,2204.53,2204.7,158,4,0,158
2024-03-21 04:18:00,2204.75,2205.4,2204.39,2205.2,179,4,0,179
2024-03-21 04:21:00,2205.22,2205.22,2204.28,2204.34,174,8,0,174
2024-03-21 04:24:00,2204.23,2204.53,2203.89,2204.07,174,4,0,174
2024-03-21 04:27:00,2204.05,2204.76,2204.0,2204.36,141,4,0,141
2024-03-21 04:30:00,2204.36,2205.04,2204.3,2204.56,277,4,0,277
2024-03-21 04:33:00,2204.56,2204.57,2203.47,2203.48,157,4,0,157
2024-03-21 04:36:00,2203.49,2203.57,2202.67,2202.68,235,4,0,235
2024-03-21 04:39:00,2202.68,2203.29,2202.67,2203.29,126,4,0,126
2024-03-21 04:42:00,2203.29,2203.41,2202.8,2202.93,208,5,0,208
2024-03-21 04:45:00,2202.94,2204.7,2202.89,2204.52,219,4,0,219
2024-03-21 04:48:00,2204.5,2204.93,2204.1,2204.45,320,4,0,320
2024-03-21 04:51:00,2204.45,2204.45,2203.07,2203.07,153,4,0,153
2024-03-21 04:54:00,2203.0,2203.33,2202.75,2202.95,165,4,0,165
2024-03-21 04:57:00,2202.88,2203.56,2202.86,2203.47,148,6,0,148
2024-03-21 05:00:00,2203.47,2204.31,2203.39,2204.17,162,4,0,162
2024-03-21 05:03:00,2204.25,2204.46,2203.83,2203.92,193,4,0,193
2024-03-21 05:06:00,2203.9,2204.62,2203.86,2204.57,174,4,0,174
2024-03-21 05:09:00,2204.68,2205.04,2203.99,2204.08,157,4,0,157
2024-03-21 05:12:00,2204.1,2204.4,2203.59,2203.81,155,4,0,155
2024-03-21 05:15:00,2203.82,2204.83,2203.82,2204.82,178,4,0,178
2024-03-21 05:18:00,2204.81,2204.86,2203.89,2204.04,182,4,0,182
2024-03-21 05:21:00,2204.08,2204.24,2203.7,2204.03,175,12,0,175
2024-03-21 05:24:00,2203.98,2203.99,2203.72,2203.83,89,8,0,89
2024-03-21 05:27:00,2203.85,2204.08,2203.64,2203.86,129,4,0,129
2024-03-21 05:30:00,2203.86,2203.91,2203.24,2203.4,182,7,0,182
2024-03-21 05:33:00,2203.46,2203.63,2203.02,2203.39,139,7,0,139
2024-03-21 05:36:00,2203.39,2203.49,2203.12,2203.39,78,6,0,78
2024-03-21 05:39:00,2203.39,2203.55,2202.88,2202.91,89,4,0,89
2024-03-21 05:42:00,2202.91,2203.08,2202.57,2203.0,117,4,0,117
2024-03-21 05:45:00,2202.98,2203.15,2202.73,2202.78,95,4,0,95
2024-03-21 05:48:00,2202.79,2202.89,2202.17,2202.17,79,4,0,79
2024-03-21 05:51:00,2202.08,2202.84,2201.77,2202.39,196,4,0,196
2024-03-21 05:54:00,2202.39,2202.73,2201.75,2202.49,122,4,0,122
2024-03-21 05:57:00,2202.48,2202.79,2202.36,2202.79,87,8,0,87
2024-03-21 06:00:00,2202.91,2203.26,2202.84,2202.96,78,8,0,78
2024-03-21 06:03:00,2202.97,2203.01,2202.52,2202.53,64,4,0,64
2024-03-21 06:06:00,2202.52,2202.62,2201.83,2202.51,86,4,0,86
2024-03-21 06:09:00,2202.49,2202.8,2202.39,2202.8,59,5,0,59
2024-03-21 06:12:00,2202.76,2203.05,2202.71,2202.94,99,4,0,99
2024-03-21 06:15:00,2202.94,2203.03,2202.61,2202.81,56,4,0,56
2024-03-21 06:18:00,2202.82,2202.98,2202.71,2202.92,106,4,0,106
2024-03-21 06:21:00,2202.95,2203.02,2202.71,2202.81,55,6,0,55
2024-03-21 06:24:00,2202.81,2203.79,2202.81,2203.68,134,4,0,134
2024-03-21 06:27:00,2203.73,2204.1,2203.37,2203.67,147,4,0,147
2024-03-21 06:30:00,2203.68,2203.96,2203.25,2203.26,105,4,0,105
2024-03-21 06:33:00,2203.28,2204.04,2203.26,2203.68,142,4,0,142
2024-03-21 06:36:00,2203.71,2203.84,2203.43,2203.52,123,5,0,123
2024-03-21 06:39:00,2203.52,2203.62,2202.61,2202.73,148,4,0,148
2024-03-21 06:42:00,2202.76,2203.03,2201.83,2202.9,164,4,0,164
2024-03-21 06:45:00,2202.92,2203.32,2202.76,2203.3,145,4,0,145
2024-03-21 06:48:00,2203.26,2203.74,2203.26,2203.49,116,4,0,116
2024-03-21 06:51:00,2203.49,2203.5,2203.02,2203.21,82,4,0,82
2024-03-21 06:54:00,2203.21,2203.5,2203.1,2203.13,61,4,0,61
2024-03-21 06:57:00,2203.18,2203.31,2202.74,2203.31,104,4,0,104
2024-03-21 07:00:00,2203.31,2203.52,2202.68,2203.32,118,7,0,118
2024-03-21 07:03:00,2203.34,2203.79,2203.26,2203.55,98,8,0,98
2024-03-21 07:06:00,2203.57,2203.97,2203.41,2203.93,81,8,0,81
2024-03-21 07:09:00,2203.99,2204.04,2203.74,2203.98,76,9,0,76
2024-03-21 07:12:00,2203.95,2204.13,2202.91,2203.25,114,4,0,114
2024-03-21 07:15:00,2203.25,2203.55,2203.11,2203.32,84,4,0,84
2024-03-21 07:18:00,2203.35,2203.48,2202.58,2202.81,94,4,0,94
2024-03-21 07:21:00,2202.86,2203.22,2202.83,2203.01,77,4,0,77
2024-03-21 07:24:00,2203.04,2203.21,2202.32,2202.36,79,4,0,79
2024-03-21 07:27:00,2202.36,2202.81,2201.85,2202.47,189,4,0,189
2024-03-21 07:30:00,2202.47,2203.52,2202.31,2203.47,187,4,0,187
2024-03-21 07:33:00,2203.44,2204.26,2203.3,2204.26,177,4,0,177
2024-03-21 07:36:00,2204.28,2205.11,2204.14,2204.37,243,4,0,243
2024-03-21 07:39:00,2204.28,2204.67,2203.72,2204.49,164,4,0,164
2024-03-21 07:42:00,2204.5,2204.55,2204.05,2204.29,108,4,0,108
2024-03-21 07:45:00,2204.29,2204.77,2203.82,2203.82,110,4,0,110
2024-03-21 07:48:00,2203.72,2203.92,2203.52,2203.64,106,6,0,106
2024-03-21 07:51:00,2203.63,2204.05,2203.2,2203.6,161,4,0,161
2024-03-21 07:54:00,2203.65,2203.79,2203.14,2203.62,171,4,0,171
2024-03-21 07:57:00,2203.63,2205.22,2203.62,2204.91,243,4,0,243
2024-03-21 08:00:00,2204.84,2205.23,2204.33,2205.22,215,4,0,215
2024-03-21 08:03:00,2205.25,2207.01,2205.08,2206.89,338,4,0,338
2024-03-21 08:06:00,2206.89,2208.95,2206.8,2208.92,378,4,0,378
2024-03-21 08:09:00,2208.86,2209.53,2206.97,2207.16,260,4,0,260
2024-03-21 08:12:00,2207.17,2208.65,2206.38,2208.1,338,4,0,338
2024-03-21 08:15:00,2208.11,2208.3,2206.48,2207.33,316,4,0,316
2024-03-21 08:18:00,2207.33,2208.06,2206.67,2207.93,187,4,0,187
2024-03-21 08:21:00,2207.93,2208.32,2207.43,2207.68,164,4,0,164
2024-03-21 08:24:00,2207.68,2207.96,2206.9,2207.36,172,4,0,172
2024-03-21 08:27:00,2207.36,2207.51,2206.49,2206.84,158,4,0,158
2024-03-21 08:30:00,2206.81,2206.83,2206.06,2206.26,195,4,0,195
2024-03-21 08:33:00,2206.34,2206.38,2205.64,2206.37,226,4,0,226
2024-03-21 08:36:00,2206.39,2206.6,2205.84,2205.84,171,4,0,171
2024-03-21 08:39:00,2205.85,2206.04,2204.99,2205.87,203,4,0,203
2024-03-21 08:42:00,2205.85,2206.37,2205.45,2206.31,205,4,0,205
2024-03-21 08:45:00,2206.28,2207.31,2205.92,2207.07,161,4,0,161
2024-03-21 08:48:00,2207.07,2207.78,2206.89,2207.29,232,4,0,232
2024-03-21 08:51:00,2207.33,2208.29,2206.95,2208.02,173,4,0,173
2024-03-21 08:54:00,2207.98,2208.69,2207.48,2208.66,288,4,0,288
2024-03-21 08:57:00,2208.65,2208.75,2206.99,2207.19,197,4,0,197
2024-03-21 09:00:00,2207.19,2207.91,2206.61,2207.91,275,4,0,275
2024-03-21 09:03:00,2207.93,2208.31,2207.49,2208.29,241,4,0,241
2024-03-21 09:06:00,2208.31,2208.45,2207.83,2208.39,253,4,0,253
2024-03-21 09:09:00,2208.39,2208.97,2207.78,2208.06,266,4,0,266
2024-03-21 09:12:00,2208.04,2208.36,2207.42,2207.51,221,4,0,221
2024-03-21 09:15:00,2207.5,2207.73,2206.99,2207.17,267,4,0,267
2024-03-21 09:18:00,2207.17,2207.97,2207.07,2207.67,234,4,0,234
2024-03-21 09:21:00,2207.68,2207.92,2207.17,2207.82,197,4,0,197
2024-03-21 09:24:00,2207.84,2209.06,2207.73,2208.9,314,4,0,314
2024-03-21 09:27:00,2208.9,2210.14,2208.66,2210.03,259,4,0,259
2024-03-21 09:30:00,2210.03,2210.21,2208.79,2209.28,466,4,0,466
2024-03-21 09:33:00,2209.28,2209.53,2208.5,2208.51,352,4,0,352
2024-03-21 09:36:00,2208.51,2208.6,2207.39,2207.59,360,4,0,360
2024-03-21 09:39:00,2207.61,2208.42,2207.45,2208.3,374,4,0,374
2024-03-21 09:42:00,2208.31,2208.51,2207.23,2207.55,378,4,0,378
2024-03-21 09:45:00,2207.54,2207.75,2206.54,2207.67,435,4,0,435
2024-03-21 09:48:00,2207.67,2208.7,2207.54,2207.84,288,4,0,288
2024-03-21 09:51:00,2207.84,2208.52,2206.76,2206.87,394,4,0,394
2024-03-21 09:54:00,2206.87,2207.82,2206.61,2207.65,429,4,0,429
2024-03-21 09:57:00,2207.65,2207.65,2206.42,2206.6,401,4,0,401
2024-03-21 10:00:00,2206.51,2206.66,2205.48,2205.52,382,4,0,382
2024-03-21 10:03:00,2205.52,2206.1,2205.04,2205.15,385,4,0,385
2024-03-21 10:06:00,2205.14,2205.61,2204.77,2205.29,280,4,0,280
2024-03-21 10:09:00,2205.3,2205.85,2204.71,2204.99,390,4,0,390
2024-03-21 10:12:00,2205.01,2205.2,2204.33,2204.53,317,4,0,317
2024-03-21 10:15:00,2204.53,2206.17,2204.51,2205.07,652,4,0,652
2024-03-21 10:18:00,2205.08,2206.0,2204.84,2205.49,396,4,0,396
2024-03-21 10:21:00,2205.5,2206.45,2205.24,2205.25,366,4,0,366
2024-03-21 10:24:00,2205.18,2205.31,2203.76,2204.1,393,4,0,393
2024-03-21 10:27:00,2204.05,2204.5,2203.56,2203.75,302,4,0,302
2024-03-21 10:30:00,2203.66,2204.32,2202.37,2202.43,687,4,0,687
2024-03-21 10:33:00,2202.43,2202.45,2201.06,2201.52,689,4,0,689
2024-03-21 10:36:00,2201.55,2202.54,2201.46,2202.27,651,4,0,651
2024-03-21 10:39:00,2202.27,2202.69,2199.71,2199.76,614,4,0,614
2024-03-21 10:42:00,2199.76,2199.93,2196.85,2198.01,726,4,0,726
2024-03-21 10:45:00,2198.01,2199.44,2197.52,2198.82,580,4,0,580
2024-03-21 10:48:00,2198.88,2200.05,2198.45,2199.78,575,4,0,575
2024-03-21 10:51:00,2199.86,2200.3,2199.47,2200.19,693,4,0,693
2024-03-21 10:54:00,2200.18,2201.32,2200.17,2200.33,487,4,0,487
2024-03-21 10:57:00,2200.38,2201.57,2200.3,2201.57,307,4,0,307
2024-03-21 11:00:00,2201.61,2201.61,2199.94,2200.17,481,4,0,481
2024-03-21 11:03:00,2200.17,2201.38,2200.16,2200.48,538,4,0,538
2024-03-21 11:06:00,2200.47,2202.23,2200.47,2202.01,575,4,0,575
2024-03-21 11:09:00,2201.97,2202.8,2201.43,2202.79,491,4,0,491
2024-03-21 11:12:00,2202.79,2202.87,2202.08,2202.44,338,4,0,338
2024-03-21 11:15:00,2202.44,2203.7,2202.21,2202.7,362,4,0,362
2024-03-21 11:18:00,2202.67,2203.32,2201.94,2203.24,458,4,0,458
2024-03-21 11:21:00,2203.24,2204.94,2203.12,2204.82,507,4,0,507
2024-03-21 11:24:00,2204.82,2205.38,2204.27,2204.85,539,4,0,539
2024-03-21 11:27:00,2204.85,2205.27,2204.77,2204.77,288,4,0,288
2024-03-21 11:30:00,2204.77,2204.86,2203.26,2203.62,445,4,0,445
2024-03-21 11:33:00,2203.62,2204.05,2203.16,2203.95,372,4,0,372
2024-03-21 11:36:00,2203.94,2203.97,2203.18,2203.59,288,4,0,288
2024-03-21 11:39:00,2203.58,2203.58,2202.88,2203.42,377,4,0,377
2024-03-21 11:42:00,2203.44,2205.1,2203.18,2204.96,335,4,0,335
2024-03-21 11:45:00,2204.96,2206.05,2204.91,2205.33,293,4,0,293
2024-03-21 11:48:00,2205.33,2205.51,2204.14,2204.82,408,4,0,408
2024-03-21 11:51:00,2204.82,2205.31,2204.13,2204.51,341,4,0,341
2024-03-21 11:54:00,2204.43,2205.89,2204.38,2205.82,282,4,0,282
2024-03-21 11:57:00,2205.82,2206.06,2205.31,2205.5,300,4,0,300
2024-03-21 12:00:00,2205.51,2206.02,2205.3,2205.89,279,4,0,279
2024-03-21 12:03:00,2205.89,2206.22,2205.26,2205.4,209,4,0,209
2024-03-21 12:06:00,2205.4,2207.41,2205.31,2207.28,225,4,0,225
2024-03-21 12:09:00,2207.2,2209.82,2206.7,2208.84,465,4,0,465
2024-03-21 12:12:00,2208.84,2210.34,2208.79,2209.34,614,4,0,614
2024-03-21 12:15:00,2209.56,2210.36,2209.29,2209.67,271,4,0,271
2024-03-21 12:18:00,2209.67,2211.2,2209.59,2210.84,359,4,0,359
2024-03-21 12:21:00,2210.83,2211.78,2210.11,2210.88,456,4,0,456
2024-03-21 12:24:00,2210.85,2211.59,2210.52,2210.74,396,4,0,396
2024-03-21 12:27:00,2210.7,2211.52,2209.67,2210.95,496,4,0,496
2024-03-21 12:30:00,2210.93,2211.7,2210.76,2210.85,437,4,0,437
2024-03-21 12:33:00,2210.84,2211.01,2209.75,2209.86,282,4,0,282
2024-03-21 12:36:00,2209.76,2210.05,2208.86,2208.9,235,4,0,235
2024-03-21 12:39:00,2208.87,2209.29,2208.54,2208.56,252,4,0,252
2024-03-21 12:42:00,2208.54,2208.63,2207.48,2207.68,317,4,0,317
2024-03-21 12:45:00,2207.68,2208.24,2207.48,2208.19,255,4,0,255
2024-03-21 12:48:00,2208.18,2208.24,2207.29,2207.29,221,4,0,221
2024-03-21 12:51:00,2207.26,2207.69,2207.11,2207.4,197,4,0,197
2024-03-21 12:54:00,2207.42,2208.49,2207.41,2208.34,253,4,0,253
2024-03-21 12:57:00,2208.34,2208.85,2207.67,2207.72,190,4,0,190
2024-03-21 13:00:00,2207.72,2208.75,2207.29,2208.42,311,4,0,311
2024-03-21 13:03:00,2208.43,2208.85,2206.28,2206.51,356,4,0,356
2024-03-21 13:06:00,2206.54,2208.0,2206.3,2207.76,383,4,0,383
2024-03-21 13:09:00,2207.77,2207.99,2206.91,2207.29,298,4,0,298
2024-03-21 13:12:00,2207.31,2208.13,2207.31,2207.57,245,4,0,245
2024-03-21 13:15:00,2207.54,2207.54,2206.53,2207.0,229,4,0,229
2024-03-21 13:18:00,2207.0,2207.73,2206.95,2207.5,289,4,0,289
2024-03-21 13:21:00,2207.5,2207.63,2206.73,2206.74,225,4,0,225
2024-03-21 13:24:00,2206.74,2207.17,2205.94,2206.04,287,4,0,287
2024-03-21 13:27:00,2206.04,2206.45,2205.54,2206.42,362,4,0,362
2024-03-21 13:30:00,2206.35,2207.17,2206.2,2206.84,375,4,0,375
2024-03-21 13:33:00,2206.83,2207.09,2206.4,2206.69,248,4,0,248
2024-03-21 13:36:00,2206.69,2207.42,2206.56,2207.29,184,4,0,184
2024-03-21 13:39:00,2207.31,2208.31,2207.31,2208.07,244,4,0,244
2024-03-21 13:42:00,2208.08,2208.18,2206.55,2206.56,204,4,0,204
2024-03-21 13:45:00,2206.56,2207.05,2206.22,2207.0,287,4,0,287
2024-03-21 13:48:00,2207.0,2207.29,2206.15,2206.28,242,4,0,242
2024-03-21 13:51:00,2206.27,2206.53,2205.38,2206.49,264,4,0,264
2024-03-21 13:54:00,2206.47,2207.71,2206.45,2207.67,518,4,0,518
2024-03-21 13:57:00,2207.67,2207.76,2206.94,2207.52,206,4,0,206
2024-03-21 14:00:00,2207.52,2208.35,2207.24,2207.63,463,4,0,463
2024-03-21 14:03:00,2207.68,2207.92,2206.92,2207.53,346,4,0,346
2024-03-21 14:06:00,2207.53,2208.29,2207.26,2208.24,402,4,0,402
2024-03-21 14:09:00,2208.21,2208.77,2207.94,2208.41,392,4,0,392
2024-03-21 14:12:00,2208.4,2208.71,2207.14,2207.93,495,4,0,495
2024-03-21 14:15:00,2207.87,2208.86,2207.31,2207.83,566,4,0,566
2024-03-21 14:18:00,2207.83,2208.88,2206.71,2207.48,581,4,0,581
2024-03-21 14:21:00,2207.51,2208.02,2206.64,2206.72,545,4,0,545
2024-03-21 14:24:00,2206.73,2207.76,2206.34,2207.23,525,4,0,525
2024-03-21 14:27:00,2207.17,2207.99,2207.06,2207.49,279,4,0,279
2024-03-21 14:30:00,2207.49,2208.33,2204.69,2205.17,832,4,0,832
2024-03-21 14:33:00,2205.18,2206.06,2203.26,2203.92,834,4,0,834
2024-03-21 14:36:00,2203.91,2205.14,2203.59,2204.28,604,4,0,604
2024-03-21 14:39:00,2204.28,2205.56,2204.02,2204.51,661,4,0,661
2024-03-21 14:42:00,2204.53,2205.98,2204.46,2205.56,573,4,0,573
2024-03-21 14:45:00,2205.55,2205.65,2205.13,2205.52,338,4,0,338
2024-03-21 14:48:00,2205.54,2206.03,2204.63,2205.16,467,4,0,467
2024-03-21 14:51:00,2205.16,2206.22,2204.94,2205.46,559,4,0,559
2024-03-21 14:54:00,2205.46,2207.65,2205.46,2207.57,510,4,0,510
2024-03-21 14:57:00,2207.57,2208.57,2207.39,2207.71,548,4,0,548
2024-03-21 15:00:00,2207.71,2208.14,2206.16,2206.43,591,4,0,591
2024-03-21 15:03:00,2206.49,2206.86,2205.87,2206.6,663,4,0,663
2024-03-21 15:06:00,2206.62,2206.98,2203.3,2203.78,639,4,0,639
2024-03-21 15:09:00,2203.77,2204.13,2202.68,2204.04,638,4,0,638
2024-03-21 15:12:00,2204.04,2204.67,2203.45,2204.26,465,4,0,465
2024-03-21 15:15:00,2204.26,2204.34,2202.68,2202.68,562,4,0,562
2024-03-21 15:18:00,2202.67,2202.94,2201.61,2202.87,581,4,0,581
2024-03-21 15:21:00,2202.87,2203.49,2201.86,2202.45,577,4,0,577
2024-03-21 15:24:00,2202.45,2202.95,2200.39,2201.38,599,4,0,599
2024-03-21 15:27:00,2201.37,2202.18,2201.17,2202.07,623,4,0,623
2024-03-21 15:30:00,2202.08,2202.25,2198.31,2198.95,999,4,0,999
2024-03-21 15:33:00,2198.95,2200.72,2198.37,2199.87,910,4,0,910
2024-03-21 15:36:00,2199.87,2199.99,2197.89,2198.32,576,4,0,576
2024-03-21 15:39:00,2198.31,2199.78,2197.98,2199.74,632,4,0,632
2024-03-21 15:42:00,2199.74,2200.58,2199.15,2199.62,570,4,0,570
2024-03-21 15:45:00,2199.58,2200.94,2195.39,2197.09,1115,4,0,1115
2024-03-21 15:48:00,2197.1,2197.91,2195.62,2196.62,1142,4,0,1142
2024-03-21 15:51:00,2196.67,2196.92,2193.6,2193.7,954,4,0,954
2024-03-21 15:54:00,2193.7,2194.99,2192.65,2194.19,1079,4,0,1079
2024-03-21 15:57:00,2194.19,2194.9,2191.6,2191.78,744,4,0,744
2024-03-21 16:00:00,2191.76,2191.88,2184.05,2187.73,1293,4,0,1293
2024-03-21 16:03:00,2187.72,2189.22,2185.34,2185.57,1177,4,0,1177
2024-03-21 16:06:00,2185.48,2186.82,2182.33,2182.78,1101,4,0,1101
2024-03-21 16:09:00,2182.6,2184.54,2181.87,2184.21,1153,4,0,1153
2024-03-21 16:12:00,2184.21,2185.85,2183.06,2184.34,901,4,0,901
2024-03-21 16:15:00,2184.3,2186.57,2183.95,2184.6,899,4,0,899
2024-03-21 16:18:00,2184.58,2185.03,2183.24,2183.53,927,4,0,927
2024-03-21 16:21:00,2183.7,2184.31,2180.9,2181.79,908,4,0,908
2024-03-21 16:24:00,2181.78,2182.22,2177.73,2177.79,1129,4,0,1129
2024-03-21 16:27:00,2177.79,2178.83,2176.61,2176.87,1109,4,0,1109
2024-03-21 16:30:00,2176.82,2181.59,2176.77,2181.16,1069,4,0,1069
2024-03-21 16:33:00,2181.16,2181.24,2179.56,2179.7,862,4,0,862
2024-03-21 16:36:00,2179.7,2180.1,2176.48,2178.03,902,4,0,902
2024-03-21 16:39:00,2178.06,2178.96,2175.64,2177.92,861,4,0,861
2024-03-21 16:42:00,2177.89,2180.04,2177.63,2178.05,914,4,0,914
2024-03-21 16:45:00,2178.03,2180.55,2177.53,2180.2,821,4,0,821
2024-03-21 16:48:00,2180.2,2181.2,2179.69,2180.25,816,4,0,816
2024-03-21 16:51:00,2180.25,2180.68,2178.38,2178.75,725,4,0,725
2024-03-21 16:54:00,2178.75,2180.81,2178.62,2179.57,708,4,0,708
2024-03-21 16:57:00,2179.57,2179.63,2176.45,2176.68,800,4,0,800
2024-03-21 17:00:00,2176.65,2176.86,2170.91,2171.83,1119,4,0,1119
2024-03-21 17:03:00,2171.87,2172.03,2169.93,2170.18,880,4,0,880
2024-03-21 17:06:00,2170.17,2171.2,2168.75,2170.63,822,4,0,822
2024-03-21 17:09:00,2170.64,2174.38,2170.3,2174.34,992,4,0,992
2024-03-21 17:12:00,2174.33,2174.53,2171.99,2172.53,720,4,0,720
2024-03-21 17:15:00,2172.5,2173.67,2171.69,2172.59,571,4,0,571
2024-03-21 17:18:00,2172.62,2173.22,2171.34,2171.82,623,4,0,623
2024-03-21 17:21:00,2171.82,2172.2,2171.24,2171.37,473,4,0,473
2024-03-21 17:24:00,2171.36,2171.36,2170.1,2170.11,578,4,0,578
2024-03-21 17:27:00,2170.11,2170.11,2166.42,2167.78,932,4,0,932
2024-03-21 17:30:00,2167.73,2170.15,2167.24,2170.15,876,4,0,876
2024-03-21 17:33:00,2170.15,2172.3,2170.15,2171.95,714,4,0,714
2024-03-21 17:36:00,2171.92,2173.24,2171.89,2173.23,628,4,0,628
2024-03-21 17:39:00,2173.23,2173.47,2170.95,2171.53,625,4,0,625
2024-03-21 17:42:00,2171.54,2172.28,2171.17,2171.72,494,4,0,494
2024-03-21 17:45:00,2171.8,2173.34,2171.75,2173.06,510,4,0,510
2024-03-21 17:48:00,2173.02,2173.99,2172.51,2173.78,478,4,0,478
2024-03-21 17:51:00,2173.79,2173.95,2172.97,2173.17,526,4,0,526
2024-03-21 17:54:00,2173.25,2173.81,2172.82,2173.41,380,4,0,380
2024-03-21 17:57:00,2173.43,2175.09,2173.39,2174.73,530,4,0,530
2024-03-21 18:00:00,2174.73,2175.51,2174.27,2175.03,490,4,0,490
2024-03-21 18:03:00,2174.93,2175.53,2174.44,2174.56,363,4,0,363
2024-03-21 18:06:00,2174.56,2174.61,2173.06,2173.65,389,4,0,389
2024-03-21 18:09:00,2173.65,2176.23,2173.63,2176.21,337,4,0,337
2024-03-21 18:12:00,2176.16,2177.38,2175.87,2176.77,507,4,0,507
2024-03-21 18:15:00,2176.78,2177.98,2176.68,2177.84,381,4,0,381
2024-03-21 18:18:00,2177.84,2177.84,2175.74,2175.74,347,4,0,347
2024-03-21 18:21:00,2175.74,2176.5,2175.54,2176.21,308,4,0,308
2024-03-21 18:24:00,2176.2,2178.37,2176.14,2178.07,426,4,0,426
2024-03-21 18:27:00,2177.88,2178.7,2177.11,2177.74,350,4,0,350
2024-03-21 18:30:00,2177.72,2178.66,2177.31,2178.28,274,4,0,274
2024-03-21 18:33:00,2178.28,2178.37,2177.22,2177.35,233,4,0,233
2024-03-21 18:36:00,2177.35,2177.35,2176.4,2176.8,223,4,0,223
2024-03-21 18:39:00,2176.79,2178.33,2176.41,2178.04,282,4,0,282
2024-03-21 18:42:00,2178.04,2178.06,2177.43,2177.43,176,4,0,176
2024-03-21 18:45:00,2177.43,2179.09,2177.33,2178.5,257,4,0,257
2024-03-21 18:48:00,2178.49,2179.0,2178.21,2178.84,207,4,0,207
2024-03-21 18:51:00,2178.84,2179.19,2178.34,2179.1,196,4,0,196
2024-03-21 18:54:00,2179.1,2180.37,2179.0,2179.9,278,4,0,278
2024-03-21 18:57:00,2179.9,2180.16,2179.83,2179.93,164,4,0,164
2024-03-21 19:00:00,2179.94,2180.45,2178.81,2178.98,307,4,0,307
2024-03-21 19:03:00,2178.91,2179.99,2178.61,2179.99,297,4,0,297
2024-03-21 19:06:00,2180.01,2180.42,2179.38,2180.37,190,4,0,190
2024-03-21 19:09:00,2180.41,2181.63,2180.05,2181.63,277,4,0,277
2024-03-21 19:12:00,2181.63,2183.62,2181.53,2182.76,482,4,0,482
2024-03-21 19:15:00,2182.67,2183.81,2182.61,2183.04,405,4,0,405
2024-03-21 19:18:00,2183.02,2183.43,2182.04,2182.91,376,4,0,376
2024-03-21 19:21:00,2182.92,2183.51,2182.04,2183.23,274,4,0,274
2024-03-21 19:24:00,2183.23,2183.23,2181.23,2181.42,307,4,0,307
2024-03-21 19:27:00,2181.42,2183.53,2181.42,2182.93,401,4,0,401
2024-03-21 19:30:00,2182.99,2183.14,2181.81,2182.68,294,4,0,294
2024-03-21 19:33:00,2182.68,2183.46,2182.49,2183.34,249,4,0,249
2024-03-21 19:36:00,2183.34,2183.34,2180.78,2180.89,263,4,0,263
2024-03-21 19:39:00,2180.89,2181.47,2180.77,2180.87,221,4,0,221
2024-03-21 19:42:00,2180.88,2181.14,2179.87,2181.13,243,4,0,243
2024-03-21 19:45:00,2181.03,2181.22,2179.86,2180.05,192,4,0,192
2024-03-21 19:48:00,2180.05,2180.9,2179.79,2180.76,157,4,0,157
2024-03-21 19:51:00,2180.76,2180.76,2179.73,2179.77,208,4,0,208
2024-03-21 19:54:00,2179.77,2180.23,2179.46,2180.03,176,4,0,176
2024-03-21 19:57:00,2180.07,2180.91,2180.07,2180.87,155,4,0,155
2024-03-21 20:00:00,2180.9,2182.13,2180.9,2181.81,184,4,0,184
2024-03-21 20:03:00,2181.82,2182.68,2181.65,2182.63,173,4,0,173
2024-03-21 20:06:00,2182.66,2183.28,2182.46,2182.52,226,4,0,226
2024-03-21 20:09:00,2182.5,2182.54,2181.85,2181.85,164,4,0,164
2024-03-21 20:12:00,2181.86,2181.92,2181.33,2181.43,141,4,0,141
2024-03-21 20:15:00,2181.33,2182.0,2181.3,2181.32,105,4,0,105
2024-03-21 20:18:00,2181.38,2181.44,2180.71,2180.81,128,4,0,128
2024-03-21 20:21:00,2180.81,2181.03,2180.51,2180.74,100,4,0,100
2024-03-21 20:24:00,2180.74,2181.09,2180.64,2181.09,96,4,0,96
2024-03-21 20:27:00,2181.1,2181.5,2181.01,2181.39,110,4,0,110
2024-03-21 20:30:00,2181.4,2181.89,2181.27,2181.5,140,4,0,140
2024-03-21 20:33:00,2181.47,2181.61,2181.13,2181.13,130,4,0,130
2024-03-21 20:36:00,2181.13,2181.48,2181.02,2181.42,153,4,0,153
2024-03-21 20:39:00,2181.42,2182.68,2181.42,2182.59,107,4,0,107
2024-03-21 20:42:00,2182.6,2183.03,2182.45,2182.98,187,4,0,187
2024-03-21 20:45:00,2182.96,2184.02,2182.9,2183.48,161,4,0,161
2024-03-21 20:48:00,2183.47,2183.56,2182.77,2182.92,154,4,0,154
2024-03-21 20:51:00,2182.88,2182.9,2182.21,2182.6,131,4,0,131
2024-03-21 20:54:00,2182.67,2182.89,2182.26,2182.48,121,4,0,121
2024-03-21 20:57:00,2182.49,2183.17,2182.28,2182.87,130,4,0,130
2024-03-21 21:00:00,2182.91,2183.63,2182.88,2183.28,194,4,0,194
2024-03-21 21:03:00,2183.28,2183.68,2182.92,2183.58,118,4,0,118
2024-03-21 21:06:00,2183.65,2183.67,2183.09,2183.57,102,4,0,102
2024-03-21 21:09:00,2183.57,2183.57,2182.88,2182.98,90,4,0,90
2024-03-21 21:12:00,2182.89,2182.97,2182.09,2182.18,107,4,0,107
2024-03-21 21:15:00,2182.19,2182.38,2181.85,2182.16,74,4,0,74
2024-03-21 21:18:00,2182.16,2182.36,2181.96,2181.97,94,4,0,94
2024-03-21 21:21:00,2181.97,2182.0,2181.78,2181.94,100,4,0,100
2024-03-21 21:24:00,2181.94,2182.25,2181.69,2182.16,77,4,0,77
2024-03-21 21:27:00,2182.16,2182.27,2182.05,2182.17,64,4,0,64
2024-03-21 21:30:00,2182.17,2182.36,2182.06,2182.06,101,4,0,101
2024-03-21 21:33:00,2181.98,2182.16,2181.57,2181.58,67,4,0,67
2024-03-21 21:36:00,2181.58,2181.6,2181.08,2181.4,113,4,0,113
2024-03-21 21:39:00,2181.34,2182.01,2181.31,2181.7,100,4,0,100
2024-03-21 21:42:00,2181.7,2181.81,2181.6,2181.78,55,4,0,55
2024-03-21 21:45:00,2181.78,2182.09,2181.2,2181.21,84,4,0,84
2024-03-21 21:48:00,2181.2,2181.35,2180.8,2180.8,139,4,0,139
2024-03-21 21:51:00,2180.82,2181.14,2180.64,2180.69,164,4,0,164
2024-03-21 21:54:00,2180.73,2180.88,2180.49,2180.69,209,4,0,209
2024-03-21 21:57:00,2180.68,2181.56,2180.39,2181.51,238,4,0,238
2024-03-21 22:00:00,2181.54,2181.7,2181.02,2181.52,137,4,0,137
2024-03-21 22:03:00,2181.51,2181.51,2181.3,2181.5,81,4,0,81
2024-03-21 22:06:00,2181.5,2181.7,2181.23,2181.69,67,4,0,67
2024-03-21 22:09:00,2181.7,2181.98,2181.67,2181.95,48,4,0,48
2024-03-21 22:12:00,2181.96,2182.3,2181.88,2182.26,72,4,0,72
2024-03-21 22:15:00,2182.29,2182.49,2181.91,2182.2,70,4,0,70
2024-03-21 22:18:00,2182.2,2182.4,2181.89,2181.93,65,4,0,65
2024-03-21 22:21:00,2181.98,2181.98,2181.59,2181.59,42,4,0,42
2024-03-21 22:24:00,2181.59,2181.79,2181.58,2181.67,25,4,0,25
2024-03-21 22:27:00,2181.67,2181.67,2181.26,2181.46,24,4,0,24
2024-03-21 22:30:00,2181.47,2181.48,2181.27,2181.27,32,5,0,32
2024-03-21 22:33:00,2181.27,2181.59,2181.19,2181.5,38,4,0,38
2024-03-21 22:36:00,2181.49,2181.64,2181.48,2181.54,43,4,0,43
2024-03-21 22:39:00,2181.53,2181.63,2181.36,2181.59,25,4,0,25
2024-03-21 22:42:00,2181.61,2181.72,2180.96,2180.99,50,4,0,50
2024-03-21 22:45:00,2181.0,2181.08,2180.93,2181.02,40,4,0,40
2024-03-21 22:48:00,2181.02,2181.03,2180.75,2180.83,48,4,0,48
2024-03-21 22:51:00,2180.86,2181.02,2180.59,2180.94,55,4,0,55
2024-03-21 22:54:00,2180.94,2181.16,2180.92,2180.93,60,5,0,60
2024-03-21 22:57:00,2180.92,2181.31,2180.92,2181.28,59,5,0,59
2024-03-22 00:00:00,2181.46,2181.49,2180.97,2181.1,77,19,0,77
2024-03-22 00:03:00,2181.14,2182.44,2181.11,2182.43,120,4,0,120
2024-03-22 00:06:00,2182.43,2182.56,2182.27,2182.27,51,4,0,51
2024-03-22 00:09:00,2182.27,2182.31,2181.82,2182.22,39,4,0,39
2024-03-22 00:12:00,2182.3,2182.64,2182.3,2182.51,47,4,0,47
2024-03-22 00:15:00,2182.5,2182.54,2182.14,2182.18,37,4,0,37
2024-03-22 00:18:00,2182.17,2182.28,2181.98,2182.17,32,4,0,32
2024-03-22 00:21:00,2182.16,2182.16,2181.93,2181.93,25,4,0,25
2024-03-22 00:24:00,2181.85,2181.93,2181.83,2181.83,22,4,0,22
2024-03-22 00:27:00,2181.65,2182.04,2181.65,2182.04,26,4,0,26
2024-03-22 00:30:00,2182.04,2182.13,2181.71,2181.76,35,4,0,35
2024-03-22 00:33:00,2181.76,2181.93,2181.74,2181.83,17,4,0,17
2024-03-22 00:36:00,2181.78,2181.83,2181.73,2181.73,25,4,0,25
2024-03-22 00:39:00,2181.64,2181.64,2181.54,2181.57,16,4,0,16
2024-03-22 00:42:00,2181.54,2181.54,2181.25,2181.25,26,4,0,26
2024-03-22 00:45:00,2181.24,2181.25,2181.05,2181.2,27,4,0,27
2024-03-22 00:48:00,2181.2,2181.22,2181.16,2181.18,7,4,0,7
2024-03-22 00:51:00,2181.17,2181.35,2181.12,2181.32,14,4,0,14
2024-03-22 00:54:00,2181.35,2181.35,2181.27,2181.32,10,4,0,10
2024-03-22 00:57:00,2181.24,2181.32,2181.24,2181.26,9,4,0,9
2024-03-22 01:00:00,2181.26,2181.33,2181.13,2181.32,35,4,0,35
2024-03-22 01:03:00,2181.31,2181.52,2181.28,2181.32,42,4,0,42
2024-03-22 01:06:00,2181.35,2181.41,2181.13,2181.41,36,4,0,36
2024-03-22 01:09:00,2181.42,2181.6,2181.31,2181.31,42,4,0,42
2024-03-22 01:12:00,2181.34,2181.63,2181.32,2181.6,38,4,0,38
2024-03-22 01:15:00,2181.52,2181.52,2181.1,2181.2,35,4,0,35
2024-03-22 01:18:00,2181.2,2181.3,2181.17,2181.3,25,4,0,25
2024-03-22 01:21:00,2181.2,2181.29,2181.1,2181.1,13,4,0,13
2024-03-22 01:24:00,2181.1,2181.11,2180.92,2181.01,16,4,0,16
2024-03-22 01:27:00,2181.01,2181.62,2181.01,2181.62,53,4,0,53
2024-03-22 01:30:00,2181.59,2181.62,2181.27,2181.29,38,4,0,38
2024-03-22 01:33:00,2181.28,2181.49,2181.18,2181.41,44,4,0,44
2024-03-22 01:36:00,2181.42,2181.61,2181.32,2181.59,28,4,0,28
2024-03-22 01:39:00,2181.62,2181.7,2181.4,2181.4,35,4,0,35
2024-03-22 01:42:00,2181.3,2181.5,2181.3,2181.4,36,4,0,36
2024-03-22 01:45:00,2181.3,2181.69,2180.91,2181.69,82,4,0,82
2024-03-22 01:48:00,2181.67,2181.88,2181.41,2181.59,64,4,0,64
2024-03-22 01:51:00,2181.65,2181.66,2181.2,2181.21,69,4,0,69
2024-03-22 01:54:00,2181.21,2181.53,2181.01,2181.44,64,4,0,64
2024-03-22 01:57:00,2181.45,2181.86,2181.45,2181.84,62,4,0,62
2024-03-22 02:00:00,2181.78,2181.82,2181.43,2181.8,117,4,0,117
2024-03-22 02:03:00,2181.82,2182.05,2181.59,2181.66,84,4,0,84
2024-03-22 02:06:00,2181.61,2181.66,2181.08,2181.52,110,4,0,110
2024-03-22 02:09:00,2181.48,2182.16,2181.27,2182.16,104,4,0,104
2024-03-22 02:12:00,2182.13,2182.78,2182.08,2182.67,130,4,0,130
2024-03-22 02:15:00,2182.7,2183.65,2182.7,2183.39,132,4,0,132
2024-03-22 02:18:00,2183.39,2183.78,2182.63,2183.78,163,4,0,163
2024-03-22 02:21:00,2183.81,2184.37,2183.8,2184.26,132,4,0,132
2024-03-22 02:24:00,2184.23,2184.52,2184.04,2184.41,130,4,0,130
2024-03-22 02:27:00,2184.45,2184.58,2184.13,2184.14,128,4,0,128
2024-03-22 02:30:00,2184.17,2184.37,2183.64,2184.33,166,4,0,166
2024-03-22 02:33:00,2184.41,2185.03,2184.23,2185.01,113,4,0,113
2024-03-22 02:36:00,2185.01,2186.09,2185.01,2185.44,169,4,0,169
2024-03-22 02:39:00,2185.49,2185.64,2184.48,2184.52,114,4,0,114
2024-03-22 02:42:00,2184.51,2185.61,2184.51,2185.59,138,4,0,138
2024-03-22 02:45:00,2185.59,2185.59,2183.72,2183.95,184,4,0,184
2024-03-22 02:48:00,2183.97,2184.71,2183.97,2184.37,137,4,0,137
2024-03-22 02:51:00,2184.4,2185.69,2184.4,2185.6,127,6,0,127
2024-03-22 02:54:00,2185.59,2185.64,2185.19,2185.27,159,4,0,159
2024-03-22 02:57:00,2185.28,2185.39,2184.93,2185.03,138,4,0,138
2024-03-22 03:00:00,2184.98,2185.06,2183.81,2183.86,273,4,0,273
2024-03-22 03:03:00,2183.84,2184.67,2183.42,2184.56,186,4,0,186
2024-03-22 03:06:00,2184.57,2185.6,2184.57,2185.34,211,4,0,211
2024-03-22 03:09:00,2185.34,2185.93,2185.22,2185.23,141,4,0,141
2024-03-22 03:12:00,2185.23,2185.34,2184.75,2185.04,150,4,0,150
2024-03-22 03:15:00,2185.04,2185.34,2184.09,2184.19,198,4,0,198
2024-03-22 03:18:00,2184.18,2184.46,2183.89,2184.27,153,4,0,153
2024-03-22 03:21:00,2184.27,2184.76,2183.96,2183.98,215,4,0,215
2024-03-22 03:24:00,2183.96,2184.35,2183.64,2183.89,207,4,0,207
2024-03-22 03:27:00,2183.89,2184.28,2183.58,2183.86,159,7,0,159
2024-03-22 03:30:00,2183.85,2184.04,2183.14,2183.14,166,5,0,166
2024-03-22 03:33:00,2183.1,2183.61,2182.28,2182.31,185,4,0,185
2024-03-22 03:36:00,2182.28,2182.43,2179.89,2180.35,711,4,0,711
2024-03-22 03:39:00,2180.33,2181.87,2179.62,2181.64,488,4,0,488
2024-03-22 03:42:00,2181.64,2182.49,2181.4,2181.63,299,4,0,299
2024-03-22 03:45:00,2181.67,2182.24,2181.09,2181.19,298,4,0,298
2024-03-22 03:48:00,2181.19,2181.19,2178.51,2178.51,342,4,0,342
2024-03-22 03:51:00,2178.51,2178.52,2175.5,2177.47,579,4,0,579
2024-03-22 03:54:00,2177.45,2177.47,2174.94,2175.16,442,4,0,442
2024-03-22 03:57:00,2175.17,2175.78,2172.7,2173.47,663,4,0,663
2024-03-22 04:00:00,2173.49,2177.11,2173.16,2175.9,534,4,0,534
2024-03-22 04:03:00,2175.9,2176.07,2174.09,2174.59,370,4,0,370
2024-03-22 04:06:00,2174.6,2175.95,2174.6,2175.74,284,4,0,284
2024-03-22 04:09:00,2175.73,2177.11,2175.61,2176.11,268,4,0,268
2024-03-22 04:12:00,2176.21,2177.1,2175.62,2175.63,424,4,0,424
2024-03-22 04:15:00,2175.66,2177.15,2175.66,2176.26,284,4,0,284
2024-03-22 04:18:00,2176.27,2176.27,2174.99,2175.23,212,4,0,212
2024-03-22 04:21:00,2175.23,2176.24,2175.05,2175.22,270,4,0,270
2024-03-22 04:24:00,2175.23,2176.33,2175.23,2176.18,194,4,0,194
2024-03-22 04:27:00,2176.17,2176.74,2175.58,2175.58,276,4,0,276
2024-03-22 04:30:00,2175.54,2175.83,2174.7,2174.96,251,4,0,251
2024-03-22 04:33:00,2174.97,2175.58,2174.54,2174.62,198,4,0,198
2024-03-22 04:36:00,2174.63,2174.63,2173.65,2174.13,177,4,0,177
2024-03-22 04:39:00,2174.14,2174.22,2171.8,2173.06,469,4,0,469
2024-03-22 04:42:00,2173.18,2174.35,2173.15,2173.64,271,4,0,271
2024-03-22 04:45:00,2173.64,2174.19,2172.41,2174.04,369,4,0,369
2024-03-22 04:48:00,2174.04,2174.45,2173.35,2174.04,257,4,0,257
2024-03-22 04:51:00,2174.03,2174.07,2172.66,2172.82,219,4,0,219
2024-03-22 04:54:00,2172.82,2173.53,2172.18,2172.18,234,4,0,234
2024-03-22 04:57:00,2172.18,2172.88,2172.18,2172.58,251,4,0,251
2024-03-22 05:00:00,2172.56,2173.57,2172.26,2173.32,254,4,0,254
2024-03-22 05:03:00,2173.24,2173.89,2172.81,2173.63,193,4,0,193
2024-03-22 05:06:00,2173.63,2174.32,2173.62,2174.16,186,4,0,186
2024-03-22 05:09:00,2174.16,2174.24,2173.23,2173.86,203,4,0,203
2024-03-22 05:12:00,2173.91,2174.56,2173.91,2173.99,320,4,0,320
2024-03-22 05:15:00,2174.01,2174.6,2173.35,2173.36,164,4,0,164
2024-03-22 05:18:00,2173.27,2173.66,2172.55,2172.79,183,4,0,183
2024-03-22 05:21:00,2172.82,2173.15,2172.47,2173.15,136,4,0,136
2024-03-22 05:24:00,2173.09,2173.72,2172.95,2173.56,226,4,0,226
2024-03-22 05:27:00,2173.56,2174.52,2173.55,2174.05,161,4,0,161
2024-03-22 05:30:00,2174.06,2174.16,2173.69,2174.09,170,4,0,170
2024-03-22 05:33:00,2174.08,2174.45,2173.74,2174.33,94,4,0,94
2024-03-22 05:36:00,2174.31,2175.25,2174.11,2175.16,125,7,0,125
2024-03-22 05:39:00,2175.11,2175.18,2174.78,2174.88,121,10,0,121
2024-03-22 05:42:00,2174.87,2176.06,2174.81,2175.81,198,4,0,198
2024-03-22 05:45:00,2175.8,2176.08,2175.58,2175.96,97,4,0,97
2024-03-22 05:48:00,2175.94,2176.25,2175.06,2175.08,126,5,0,126
2024-03-22 05:51:00,2175.06,2175.06,2173.84,2174.31,173,4,0,173
2024-03-22 05:54:00,2174.33,2174.46,2174.02,2174.1,142,10,0,142
2024-03-22 05:57:00,2174.09,2174.1,2173.73,2173.79,126,9,0,126
2024-03-22 06:00:00,2173.78,2174.07,2173.43,2173.91,156,7,0,156
2024-03-22 06:03:00,2173.88,2173.92,2173.52,2173.87,98,8,0,98
2024-03-22 06:06:00,2173.87,2174.49,2173.82,2174.17,78,8,0,78
2024-03-22 06:09:00,2174.19,2174.19,2173.56,2173.65,74,8,0,74
2024-03-22 06:12:00,2173.64,2174.1,2173.6,2173.94,108,4,0,108
2024-03-22 06:15:00,2173.96,2173.98,2173.29,2173.29,96,8,0,96
2024-03-22 06:18:00,2173.29,2174.25,2173.28,2174.25,114,4,0,114
2024-03-22 06:21:00,2174.25,2174.39,2173.84,2174.27,107,8,0,107
2024-03-22 06:24:00,2174.27,2174.29,2173.47,2173.48,98,11,0,98
2024-03-22 06:27:00,2173.47,2173.68,2173.2,2173.37,99,7,0,99
2024-03-22 06:30:00,2173.37,2174.38,2173.37,2174.32,78,12,0,78
2024-03-22 06:33:00,2174.32,2175.35,2174.32,2175.35,130,5,0,130
2024-03-22 06:36:00,2175.32,2175.42,2174.95,2174.97,69,7,0,69
2024-03-22 06:39:00,2174.97,2175.19,2174.72,2174.77,139,5,0,139
2024-03-22 06:42:00,2174.78,2174.79,2174.4,2174.44,141,7,0,141
2024-03-22 06:45:00,2174.4,2174.4,2173.63,2173.74,122,7,0,122
2024-03-22 06:48:00,2173.81,2174.35,2173.77,2173.97,144,6,0,144
2024-03-22 06:51:00,2173.98,2174.43,2173.86,2174.35,98,8,0,98
2024-03-22 06:54:00,2174.35,2174.35,2173.92,2174.14,86,7,0,86
2024-03-22 06:57:00,2174.04,2174.13,2173.45,2173.62,72,10,0,72
2024-03-22 07:00:00,2173.62,2173.91,2173.33,2173.71,181,4,0,181
2024-03-22 07:03:00,2173.71,2173.82,2173.38,2173.47,99,8,0,99
2024-03-22 07:06:00,2173.4,2173.5,2173.03,2173.38,101,8,0,101
2024-03-22 07:09:00,2173.36,2174.22,2173.25,2174.09,131,10,0,131
2024-03-22 07:12:00,2174.05,2175.02,2174.02,2174.91,127,7,0,127
2024-03-22 07:15:00,2174.91,2175.04,2174.43,2174.73,119,10,0,119
2024-03-22 07:18:00,2174.72,2175.77,2174.59,2175.56,162,4,0,162
2024-03-22 07:21:00,2175.56,2175.66,2173.91,2173.91,126,6,0,126
2024-03-22 07:24:00,2173.91,2174.41,2173.81,2174.24,138,4,0,138
2024-03-22 07:27:00,2174.25,2174.45,2173.92,2174.32,119,6,0,119
2024-03-22 07:30:00,2174.43,2174.43,2173.27,2173.55,317,4,0,317
2024-03-22 07:33:00,2173.53,2175.01,2173.39,2174.77,189,4,0,189
2024-03-22 07:36:00,2174.77,2174.77,2173.84,2174.4,152,6,0,152
2024-03-22 07:39:00,2174.41,2174.94,2174.37,2174.87,146,5,0,146
2024-03-22 07:42:00,2174.87,2175.44,2174.72,2174.72,153,5,0,153
2024-03-22 07:45:00,2174.72,2174.85,2174.16,2174.44,158,4,0,158
2024-03-22 07:48:00,2174.42,2174.95,2174.42,2174.72,164,5,0,164
2024-03-22 07:51:00,2174.74,2174.74,2173.48,2173.9,324,5,0,324
2024-03-22 07:54:00,2173.9,2174.63,2173.88,2174.52,131,4,0,131
2024-03-22 07:57:00,2174.47,2174.6,2174.05,2174.29,148,7,0,148
2024-03-22 08:00:00,2174.29,2174.29,2173.29,2173.78,162,4,0,162
2024-03-22 08:03:00,2173.75,2173.92,2172.48,2173.21,162,5,0,162
2024-03-22 08:06:00,2173.33,2173.71,2173.05,2173.43,159,4,0,159
2024-03-22 08:09:00,2173.46,2174.13,2173.09,2174.13,173,4,0,173
2024-03-22 08:12:00,2174.15,2174.76,2173.96,2174.4,194,4,0,194
2024-03-22 08:15:00,2174.4,2175.54,2174.4,2175.38,256,4,0,256
2024-03-22 08:18:00,2175.38,2176.24,2174.85,2175.33,395,4,0,395
2024-03-22 08:21:00,2175.32,2175.61,2174.92,2174.93,385,4,0,385
2024-03-22 08:24:00,2174.92,2175.01,2173.9,2174.38,236,4,0,236
2024-03-22 08:27:00,2174.38,2174.38,2173.12,2173.53,258,4,0,258
2024-03-22 08:30:00,2173.55,2173.55,2172.57,2173.15,260,4,0,260
2024-03-22 08:33:00,2173.18,2173.93,2173.18,2173.72,212,6,0,212
2024-03-22 08:36:00,2173.72,2174.31,2173.63,2173.97,159,4,0,159
2024-03-22 08:39:00,2173.97,2174.05,2173.45,2173.45,139,4,0,139
2024-03-22 08:42:00,2173.35,2173.55,2172.49,2172.57,182,4,0,182
2024-03-22 08:45:00,2172.69,2173.53,2172.28,2172.28,137,4,0,137
2024-03-22 08:48:00,2172.29,2172.37,2170.16,2170.26,455,4,0,455
2024-03-22 08:51:00,2170.19,2171.46,2170.1,2170.48,384,4,0,384
2024-03-22 08:54:00,2170.48,2171.56,2170.18,2170.44,285,4,0,285
2024-03-22 08:57:00,2170.39,2170.9,2169.91,2170.12,234,4,0,234
2024-03-22 09:00:00,2170.12,2170.43,2169.47,2169.71,371,4,0,371
2024-03-22 09:03:00,2169.73,2170.43,2169.55,2170.28,225,4,0,225
2024-03-22 09:06:00,2170.27,2170.43,2168.16,2168.39,256,4,0,256
2024-03-22 09:09:00,2168.39,2169.38,2168.29,2168.73,367,4,0,367
2024-03-22 09:12:00,2168.73,2169.44,2167.57,2167.78,278,4,0,278
2024-03-22 09:15:00,2167.78,2168.34,2167.26,2167.26,334,4,0,334
2024-03-22 09:18:00,2167.35,2167.38,2164.97,2164.97,493,4,0,493
2024-03-22 09:21:00,2164.88,2165.64,2162.58,2163.24,638,4,0,638
2024-03-22 09:24:00,2163.23,2165.42,2163.23,2165.31,416,4,0,416
2024-03-22 09:27:00,2165.32,2165.7,2164.86,2165.02,292,4,0,292
2024-03-22 09:30:00,2165.01,2166.93,2164.93,2166.54,442,4,0,442
2024-03-22 09:33:00,2166.54,2167.12,2166.49,2166.78,355,4,0,355
2024-03-22 09:36:00,2166.77,2168.01,2166.48,2167.88,404,4,0,404
2024-03-22 09:39:00,2167.88,2169.31,2167.8,2169.29,305,4,0,305
2024-03-22 09:42:00,2169.29,2169.43,2166.98,2167.2,298,4,0,298
2024-03-22 09:45:00,2167.2,2167.54,2165.94,2167.03,238,4,0,238
2024-03-22 09:48:00,2167.04,2167.96,2166.45,2167.84,316,4,0,316
2024-03-22 09:51:00,2167.85,2168.43,2167.54,2168.43,289,4,0,289
2024-03-22 09:54:00,2168.43,2169.91,2168.36,2169.51,417,4,0,417
2024-03-22 09:57:00,2169.51,2169.82,2168.47,2168.47,391,4,0,391
2024-03-22 10:00:00,2168.41,2169.26,2168.06,2168.07,493,4,0,493
2024-03-22 10:03:00,2168.07,2168.75,2166.97,2167.25,385,4,0,385
2024-03-22 10:06:00,2167.22,2167.36,2166.17,2166.57,353,4,0,353
2024-03-22 10:09:00,2166.56,2166.98,2165.78,2166.76,331,4,0,331
2024-03-22 10:12:00,2166.79,2167.5,2166.56,2166.79,417,4,0,417
2024-03-22 10:15:00,2166.79,2167.21,2165.8,2165.89,383,4,0,383
2024-03-22 10:18:00,2165.86,2166.08,2164.96,2165.99,449,4,0,449
2024-03-22 10:21:00,2166.01,2166.51,2165.73,2165.89,320,4,0,320
2024-03-22 10:24:00,2165.89,2166.42,2165.71,2165.92,293,4,0,293
2024-03-22 10:27:00,2165.91,2166.88,2165.72,2166.3,360,4,0,360
2024-03-22 10:30:00,2166.3,2167.48,2166.2,2166.81,303,4,0,303
2024-03-22 10:33:00,2166.81,2167.55,2166.19,2166.31,282,4,0,282
2024-03-22 10:36:00,2166.31,2166.7,2166.19,2166.3,260,4,0,260
2024-03-22 10:39:00,2166.23,2166.79,2165.58,2166.79,286,4,0,286
2024-03-22 10:42:00,2166.8,2167.77,2166.56,2167.39,341,4,0,341
2024-03-22 10:45:00,2167.38,2167.52,2166.36,2166.62,314,4,0,314
2024-03-22 10:48:00,2166.66,2166.92,2165.83,2166.05,195,4,0,195
2024-03-22 10:51:00,2166.09,2166.28,2165.51,2165.56,312,4,0,312
2024-03-22 10:54:00,2165.56,2166.66,2165.52,2166.64,216,4,0,216
2024-03-22 10:57:00,2166.66,2168.76,2166.64,2167.97,361,4,0,361
2024-03-22 11:00:00,2168.05,2170.12,2168.05,2168.83,601,4,0,601
2024-03-22 11:03:00,2168.85,2168.96,2167.87,2168.83,500,4,0,500
2024-03-22 11:06:00,2168.88,2169.55,2168.57,2169.24,341,4,0,341
2024-03-22 11:09:00,2169.23,2169.82,2168.99,2169.16,304,4,0,304
2024-03-22 11:12:00,2169.25,2169.35,2168.19,2168.85,261,4,0,261
2024-03-22 11:15:00,2168.85,2170.03,2168.85,2169.79,207,4,0,207
2024-03-22 11:18:00,2169.79,2170.03,2168.34,2168.34,209,4,0,209
2024-03-22 11:21:00,2168.34,2168.55,2167.24,2168.21,199,4,0,199
2024-03-22 11:24:00,2168.22,2168.52,2168.12,2168.46,172,4,0,172
2024-03-22 11:27:00,2168.49,2168.89,2168.09,2168.71,135,4,0,135
2024-03-22 11:30:00,2168.7,2169.36,2168.6,2169.34,199,4,0,199
2024-03-22 11:33:00,2169.33,2169.33,2167.29,2167.66,284,4,0,284
2024-03-22 11:36:00,2167.64,2167.99,2166.48,2166.56,317,4,0,317
2024-03-22 11:39:00,2166.56,2166.75,2166.42,2166.63,228,4,0,228
2024-03-22 11:42:00,2166.72,2167.53,2166.66,2167.52,206,4,0,206
2024-03-22 11:45:00,2167.53,2167.53,2166.5,2166.77,214,4,0,214
2024-03-22 11:48:00,2166.79,2166.87,2166.49,2166.76,214,4,0,214
2024-03-22 11:51:00,2166.8,2166.91,2166.33,2166.87,254,4,0,254
2024-03-22 11:54:00,2166.88,2167.06,2165.69,2165.93,226,4,0,226
2024-03-22 11:57:00,2165.93,2166.73,2165.83,2166.68,234,4,0,234
2024-03-22 12:00:00,2166.69,2167.32,2166.69,2167.09,264,4,0,264
2024-03-22 12:03:00,2167.09,2167.38,2166.8,2167.31,180,4,0,180
2024-03-22 12:06:00,2167.31,2167.34,2166.33,2166.63,204,4,0,204
2024-03-22 12:09:00,2166.72,2166.83,2166.17,2166.22,212,4,0,212
2024-03-22 12:12:00,2166.22,2167.19,2165.99,2166.04,275,4,0,275
2024-03-22 12:15:00,2166.04,2166.54,2166.04,2166.24,173,4,0,173
2024-03-22 12:18:00,2166.24,2167.56,2166.06,2166.87,282,4,0,282
2024-03-22 12:21:00,2166.9,2166.94,2165.93,2166.35,318,4,0,318
2024-03-22 12:24:00,2166.32,2166.69,2166.13,2166.48,252,4,0,252
2024-03-22 12:27:00,2166.48,2166.87,2166.23,2166.77,236,4,0,236
2024-03-22 12:30:00,2166.75,2167.19,2166.11,2166.92,299,4,0,299
2024-03-22 12:33:00,2166.92,2167.31,2166.4,2167.28,226,4,0,226
2024-03-22 12:36:00,2167.27,2168.09,2167.07,2167.42,320,4,0,320
2024-03-22 12:39:00,2167.41,2167.41,2166.71,2166.95,281,4,0,281
2024-03-22 12:42:00,2166.96,2167.72,2166.84,2167.42,172,4,0,172
2024-03-22 12:45:00,2167.42,2168.25,2166.93,2167.84,249,4,0,249
2024-03-22 12:48:00,2167.84,2168.66,2167.84,2168.03,263,4,0,263
2024-03-22 12:51:00,2167.93,2168.07,2167.56,2167.72,315,4,0,315
2024-03-22 12:54:00,2167.72,2167.87,2167.33,2167.54,214,4,0,214
2024-03-22 12:57:00,2167.55,2167.69,2166.93,2167.23,274,4,0,274
2024-03-22 13:00:00,2167.23,2167.63,2166.84,2167.55,248,4,0,248
2024-03-22 13:03:00,2167.55,2167.73,2167.0,2167.07,162,4,0,162
2024-03-22 13:06:00,2167.07,2167.38,2166.73,2167.23,219,4,0,219
2024-03-22 13:09:00,2167.23,2167.24,2166.64,2167.03,266,4,0,266
2024-03-22 13:12:00,2166.98,2168.13,2166.98,2167.58,302,4,0,302
2024-03-22 13:15:00,2167.58,2168.15,2167.4,2167.46,239,4,0,239
2024-03-22 13:18:00,2167.46,2168.15,2167.46,2167.69,235,4,0,235
2024-03-22 13:21:00,2167.7,2167.7,2167.08,2167.09,182,4,0,182
2024-03-22 13:24:00,2167.09,2167.12,2166.53,2166.7,198,4,0,198
2024-03-22 13:27:00,2166.7,2167.31,2166.51,2167.18,135,4,0,135
2024-03-22 13:30:00,2167.17,2167.8,2167.13,2167.56,206,4,0,206
2024-03-22 13:33:00,2167.51,2167.51,2166.56,2166.6,193,4,0,193
2024-03-22 13:36:00,2166.6,2166.88,2165.8,2166.27,265,4,0,265
2024-03-22 13:39:00,2166.26,2166.93,2166.2,2166.3,203,4,0,203
2024-03-22 13:42:00,2166.3,2166.3,2165.54,2165.93,323,4,0,323
2024-03-22 13:45:00,2165.93,2165.93,2165.24,2165.62,245,4,0,245
2024-03-22 13:48:00,2165.61,2165.65,2165.28,2165.51,212,4,0,212
2024-03-22 13:51:00,2165.52,2166.46,2165.42,2165.97,254,4,0,254
2024-03-22 13:54:00,2165.99,2166.66,2165.89,2166.28,161,4,0,161
2024-03-22 13:57:00,2166.32,2166.62,2166.12,2166.12,196,4,0,196
2024-03-22 14:00:00,2166.15,2167.4,2165.86,2167.23,453,4,0,453
2024-03-22 14:03:00,2167.23,2168.34,2167.23,2167.64,425,4,0,425
2024-03-22 14:06:00,2167.66,2167.93,2166.75,2167.3,282,4,0,282
2024-03-22 14:09:00,2167.31,2170.64,2167.31,2170.38,595,4,0,595
2024-03-22 14:12:00,2170.4,2171.52,2169.83,2171.33,535,4,0,535
2024-03-22 14:15:00,2171.33,2171.98,2170.84,2171.72,528,4,0,528
2024-03-22 14:18:00,2171.74,2174.04,2171.74,2172.47,704,4,0,704
2024-03-22 14:21:00,2172.46,2174.13,2171.63,2173.79,620,4,0,620
2024-03-22 14:24:00,2173.85,2174.32,2172.53,2174.03,593,4,0,593
2024-03-22 14:27:00,2174.04,2174.64,2172.44,2172.84,578,4,0,578
2024-03-22 14:30:00,2172.84,2173.5,2171.92,2172.75,566,4,0,566
2024-03-22 14:33:00,2172.75,2174.5,2172.69,2173.94,587,4,0,587
2024-03-22 14:36:00,2173.93,2175.01,2173.87,2174.73,542,4,0,542
2024-03-22 14:39:00,2174.73,2175.93,2174.24,2174.69,452,4,0,452
2024-03-22 14:42:00,2174.71,2176.23,2174.54,2175.55,470,4,0,470
2024-03-22 14:45:00,2175.52,2175.62,2174.43,2174.65,439,4,0,439
2024-03-22 14:48:00,2174.65,2175.91,2174.36,2175.53,382,4,0,382
2024-03-22 14:51:00,2175.52,2175.81,2173.76,2174.33,357,4,0,357
2024-03-22 14:54:00,2174.33,2175.42,2174.33,2175.17,455,4,0,455
2024-03-22 14:57:00,2175.16,2175.3,2174.24,2174.6,376,4,0,376
2024-03-22 15:00:00,2174.6,2174.61,2172.61,2173.4,544,4,0,544
2024-03-22 15:03:00,2173.4,2174.94,2173.02,2174.21,495,4,0,495
2024-03-22 15:06:00,2174.21,2175.24,2173.21,2174.41,514,4,0,514
2024-03-22 15:09:00,2174.34,2175.45,2173.83,2175.43,415,4,0,415
2024-03-22 15:12:00,2175.43,2175.8,2174.25,2174.41,458,4,0,458
2024-03-22 15:15:00,2174.41,2175.68,2174.41,2175.59,461,4,0,461
2024-03-22 15:18:00,2175.58,2176.18,2174.81,2174.97,388,4,0,388
2024-03-22 15:21:00,2174.97,2175.65,2174.32,2174.87,362,4,0,362
2024-03-22 15:24:00,2174.91,2175.84,2174.35,2174.65,363,4,0,363
2024-03-22 15:27:00,2174.47,2174.88,2173.99,2174.58,439,4,0,439
2024-03-22 15:30:00,2174.59,2175.31,2173.58,2175.09,828,4,0,828
2024-03-22 15:33:00,2175.1,2175.31,2173.16,2173.2,707,4,0,707
2024-03-22 15:36:00,2173.21,2175.05,2173.21,2174.33,737,4,0,737
2024-03-22 15:39:00,2174.27,2176.51,2174.23,2174.63,851,4,0,851
2024-03-22 15:42:00,2174.68,2175.95,2174.41,2175.76,591,4,0,591
2024-03-22 15:45:00,2175.92,2179.09,2175.78,2178.05,783,4,0,783
2024-03-22 15:48:00,2178.07,2179.3,2177.92,2178.64,726,4,0,726
2024-03-22 15:51:00,2178.65,2180.15,2178.34,2178.34,654,4,0,654
2024-03-22 15:54:00,2178.33,2178.46,2176.77,2177.03,658,4,0,658
2024-03-22 15:57:00,2176.99,2179.2,2176.93,2178.12,631,4,0,631
2024-03-22 16:00:00,2178.15,2179.87,2178.15,2178.62,691,4,0,691
2024-03-22 16:03:00,2178.68,2178.8,2176.64,2176.64,693,4,0,693
2024-03-22 16:06:00,2176.64,2176.82,2174.7,2174.7,766,4,0,766
2024-03-22 16:09:00,2174.7,2176.02,2174.08,2176.02,710,4,0,710
2024-03-22 16:12:00,2176.03,2177.23,2174.38,2174.48,830,4,0,830
2024-03-22 16:15:00,2174.48,2174.86,2173.53,2173.62,627,4,0,627
2024-03-22 16:18:00,2173.62,2174.98,2172.89,2172.91,642,4,0,642
2024-03-22 16:21:00,2172.91,2174.01,2172.71,2173.16,518,4,0,518
2024-03-22 16:24:00,2173.18,2173.75,2172.65,2173.21,405,4,0,405
2024-03-22 16:27:00,2173.21,2174.95,2173.16,2174.81,491,4,0,491
2024-03-22 16:30:00,2174.83,2174.84,2172.15,2172.99,664,4,0,664
2024-03-22 16:33:00,2172.99,2173.03,2171.42,2172.29,565,4,0,565
2024-03-22 16:36:00,2172.29,2173.36,2171.22,2172.66,522,4,0,522
2024-03-22 16:39:00,2172.66,2175.96,2172.6,2175.78,678,4,0,678
2024-03-22 16:42:00,2175.78,2175.94,2174.09,2174.35,474,4,0,474
2024-03-22 16:45:00,2174.29,2174.48,2172.56,2172.69,455,4,0,455
2024-03-22 16:48:00,2172.68,2173.79,2172.15,2173.72,472,4,0,472
2024-03-22 16:51:00,2173.72,2175.16,2173.72,2174.37,454,4,0,454
2024-03-22 16:54:00,2174.36,2174.36,2173.45,2173.85,406,4,0,406
2024-03-22 16:57:00,2173.85,2174.38,2173.68,2173.95,397,4,0,397
2024-03-22 17:00:00,2173.87,2173.87,2171.83,2172.34,575,4,0,575
2024-03-22 17:03:00,2172.35,2172.37,2171.34,2171.56,509,4,0,509
2024-03-22 17:06:00,2171.57,2171.64,2170.34,2170.51,482,4,0,482
2024-03-22 17:09:00,2170.54,2171.11,2168.93,2168.93,544,4,0,544
2024-03-22 17:12:00,2168.93,2170.8,2168.71,2169.5,586,4,0,586
2024-03-22 17:15:00,2169.51,2169.51,2168.02,2168.57,703,4,0,703
2024-03-22 17:18:00,2168.56,2168.8,2166.88,2167.56,542,4,0,542
2024-03-22 17:21:00,2167.55,2169.49,2167.54,2169.29,426,4,0,426
2024-03-22 17:24:00,2169.3,2170.44,2168.87,2169.98,429,4,0,429
2024-03-22 17:27:00,2169.98,2170.0,2169.1,2169.47,369,4,0,369
2024-03-22 17:30:00,2169.44,2169.44,2167.83,2167.9,409,4,0,409
2024-03-22 17:33:00,2167.88,2168.67,2167.18,2168.2,438,4,0,438
2024-03-22 17:36:00,2168.2,2168.7,2167.48,2168.3,429,4,0,429
2024-03-22 17:39:00,2168.27,2169.18,2168.19,2168.44,329,4,0,329
2024-03-22 17:42:00,2168.47,2168.5,2167.61,2168.1,258,4,0,258
2024-03-22 17:45:00,2168.12,2168.62,2167.97,2168.23,322,4,0,322
2024-03-22 17:48:00,2168.21,2168.55,2167.4,2168.25,316,4,0,316
2024-03-22 17:51:00,2168.28,2168.42,2167.31,2167.71,411,4,0,411
2024-03-22 17:54:00,2167.68,2167.68,2165.48,2165.55,495,4,0,495
2024-03-22 17:57:00,2165.54,2166.57,2165.5,2166.17,561,4,0,561
2024-03-22 18:00:00,2166.17,2167.55,2165.79,2167.25,484,4,0,484
2024-03-22 18:03:00,2167.24,2167.26,2166.21,2166.48,444,4,0,444
2024-03-22 18:06:00,2166.48,2166.77,2165.96,2166.6,383,4,0,383
2024-03-22 18:09:00,2166.6,2167.25,2165.76,2166.01,377,4,0,377
2024-03-22 18:12:00,2165.99,2166.72,2165.86,2166.13,315,4,0,315
2024-03-22 18:15:00,2166.13,2166.58,2165.8,2166.32,230,4,0,230
2024-03-22 18:18:00,2166.27,2166.48,2165.32,2165.83,323,4,0,323
2024-03-22 18:21:00,2165.87,2166.18,2165.58,2165.74,262,4,0,262
2024-03-22 18:24:00,2165.72,2165.87,2165.17,2165.61,294,4,0,294
2024-03-22 18:27:00,2165.6,2165.98,2165.48,2165.6,245,4,0,245
2024-03-22 18:30:00,2165.6,2165.7,2164.77,2165.11,282,4,0,282
2024-03-22 18:33:00,2165.11,2165.5,2164.59,2164.91,239,4,0,239
2024-03-22 18:36:00,2164.82,2165.89,2164.75,2164.82,253,4,0,253
2024-03-22 18:39:00,2164.82,2165.22,2164.53,2164.87,189,4,0,189
2024-03-22 18:42:00,2164.86,2165.31,2164.37,2164.43,324,4,0,324
2024-03-22 18:45:00,2164.46,2164.53,2163.01,2163.1,383,4,0,383
2024-03-22 18:48:00,2163.13,2163.23,2161.68,2162.77,516,4,0,516
2024-03-22 18:51:00,2162.77,2163.57,2162.08,2163.16,436,4,0,436
2024-03-22 18:54:00,2163.2,2163.2,2162.16,2162.97,257,4,0,257
2024-03-22 18:57:00,2162.92,2163.11,2162.41,2162.71,280,4,0,280
2024-03-22 19:00:00,2162.67,2164.27,2162.67,2164.26,363,4,0,363
2024-03-22 19:03:00,2164.28,2164.95,2164.0,2164.94,293,4,0,293
2024-03-22 19:06:00,2164.94,2164.94,2163.33,2163.71,211,4,0,211
2024-03-22 19:09:00,2163.71,2163.91,2162.82,2163.83,275,4,0,275
2024-03-22 19:12:00,2163.86,2164.01,2163.01,2163.12,270,4,0,270
2024-03-22 19:15:00,2163.13,2163.97,2163.0,2163.84,287,4,0,287
2024-03-22 19:18:00,2163.84,2163.99,2162.04,2162.14,307,4,0,307
2024-03-22 19:21:00,2162.09,2162.12,2159.77,2160.3,625,4,0,625
2024-03-22 19:24:00,2160.33,2160.64,2158.12,2158.26,570,4,0,570
2024-03-22 19:27:00,2158.26,2159.05,2157.16,2158.51,695,4,0,695
2024-03-22 19:30:00,2158.51,2159.96,2157.95,2159.79,508,4,0,508
2024-03-22 19:33:00,2159.79,2159.97,2159.29,2159.85,273,4,0,273
2024-03-22 19:36:00,2159.76,2160.38,2159.59,2159.81,227,4,0,227
2024-03-22 19:39:00,2159.85,2160.47,2159.49,2160.16,292,4,0,292
2024-03-22 19:42:00,2160.15,2160.17,2158.89,2159.15,302,4,0,302
2024-03-22 19:45:00,2159.09,2159.57,2158.5,2159.33,238,4,0,238
2024-03-22 19:48:00,2159.32,2160.66,2159.23,2160.65,269,4,0,269
2024-03-22 19:51:00,2160.65,2160.65,2159.45,2159.51,224,4,0,224
2024-03-22 19:54:00,2159.51,2160.06,2159.3,2159.77,289,4,0,289
2024-03-22 19:57:00,2159.76,2159.96,2159.24,2159.25,258,4,0,258
2024-03-22 20:00:00,2159.26,2159.82,2158.8,2159.81,237,4,0,237
2024-03-22 20:03:00,2159.81,2160.0,2159.69,2159.89,149,4,0,149
2024-03-22 20:06:00,2159.89,2160.93,2159.88,2160.93,239,4,0,239
2024-03-22 20:09:00,2160.9,2161.26,2160.49,2160.49,224,4,0,224
2024-03-22 20:12:00,2160.4,2161.28,2160.3,2161.1,178,4,0,178
2024-03-22 20:15:00,2161.1,2162.33,2160.98,2162.32,205,4,0,205
2024-03-22 20:18:00,2162.32,2162.95,2162.08,2162.79,399,4,0,399
2024-03-22 20:21:00,2162.79,2163.11,2162.59,2163.0,287,4,0,287
2024-03-22 20:24:00,2163.0,2164.75,2163.0,2164.41,443,4,0,443
2024-03-22 20:27:00,2164.43,2164.81,2163.96,2164.02,373,4,0,373
2024-03-22 20:30:00,2164.02,2164.12,2162.68,2163.33,200,4,0,200
2024-03-22 20:33:00,2163.35,2163.37,2162.3,2162.42,159,4,0,159
2024-03-22 20:36:00,2162.42,2162.71,2162.22,2162.68,134,4,0,134
2024-03-22 20:39:00,2162.68,2162.97,2162.45,2162.54,174,4,0,174
2024-03-22 20:42:00,2162.57,2163.01,2162.18,2162.26,93,4,0,93
2024-03-22 20:45:00,2162.27,2162.89,2162.18,2162.56,120,4,0,120
2024-03-22 20:48:00,2162.57,2163.04,2162.39,2162.54,146,4,0,146
2024-03-22 20:51:00,2162.54,2162.64,2162.43,2162.54,117,4,0,117
2024-03-22 20:54:00,2162.54,2162.94,2162.33,2162.93,183,4,0,183
2024-03-22 20:57:00,2162.94,2163.18,2162.81,2163.13,190,4,0,190
2024-03-22 21:00:00,2163.13,2163.53,2162.38,2162.45,268,4,0,268
2024-03-22 21:03:00,2162.45,2162.48,2162.04,2162.21,69,4,0,69
2024-03-22 21:06:00,2162.24,2162.95,2162.05,2162.85,97,4,0,97
2024-03-22 21:09:00,2162.85,2163.16,2162.64,2162.76,105,4,0,105
2024-03-22 21:12:00,2162.76,2162.86,2162.44,2162.56,113,4,0,113
2024-03-22 21:15:00,2162.59,2162.64,2161.93,2161.95,129,4,0,129
2024-03-22 21:18:00,2161.96,2162.92,2161.86,2162.89,95,4,0,95
2024-03-22 21:21:00,2162.87,2163.19,2162.65,2163.06,107,4,0,107
2024-03-22 21:24:00,2163.06,2163.3,2162.76,2162.93,110,4,0,110
2024-03-22 21:27:00,2162.99,2163.85,2162.99,2163.2,126,4,0,126
2024-03-22 21:30:00,2163.2,2163.34,2162.83,2163.19,75,4,0,75
2024-03-22 21:33:00,2163.19,2163.21,2163.05,2163.21,61,5,0,61
2024-03-22 21:36:00,2163.22,2163.54,2163.04,2163.54,57,4,0,57
2024-03-22 21:39:00,2163.54,2164.15,2163.43,2164.05,140,4,0,140
2024-03-22 21:42:00,2164.05,2164.8,2163.95,2164.6,139,4,0,139
2024-03-22 21:45:00,2164.6,2164.87,2164.19,2164.87,138,4,0,138
2024-03-22 21:48:00,2164.83,2165.02,2164.58,2164.9,86,4,0,86
2024-03-22 21:51:00,2164.92,2165.22,2164.43,2164.87,121,4,0,121
2024-03-22 21:54:00,2164.9,2164.9,2163.48,2163.72,148,4,0,148
2024-03-22 21:57:00,2163.72,2164.02,2163.43,2164.01,236,4,0,236
2024-03-22 22:00:00,2164.02,2164.45,2163.59,2163.85,194,4,0,194
2024-03-22 22:03:00,2163.87,2164.6,2163.71,2164.49,140,4,0,140
2024-03-22 22:06:00,2164.49,2164.58,2163.72,2164.49,119,4,0,119
2024-03-22 22:09:00,2164.49,2164.85,2164.49,2164.79,73,4,0,73
2024-03-22 22:12:00,2164.78,2166.23,2164.59,2165.72,155,4,0,155
2024-03-22 22:15:00,2165.62,2166.36,2165.44,2166.1,143,4,0,143
2024-03-22 22:18:00,2166.1,2167.27,2166.08,2166.52,147,4,0,147
2024-03-22 22:21:00,2166.52,2166.67,2165.52,2165.91,113,4,0,113
2024-03-22 22:24:00,2165.89,2166.16,2165.89,2166.07,69,4,0,69
2024-03-22 22:27:00,2166.02,2166.18,2165.95,2166.07,84,4,0,84
2024-03-22 22:30:00,2166.08,2166.09,2165.17,2165.27,94,4,0,94
2024-03-22 22:33:00,2165.27,2165.37,2165.07,2165.28,43,4,0,43
2024-03-22 22:36:00,2165.26,2165.64,2164.96,2165.58,91,6,0,91
2024-03-22 22:39:00,2165.47,2165.95,2165.26,2165.45,101,4,0,101
2024-03-22 22:42:00,2165.49,2165.58,2165.24,2165.52,66,4,0,66
2024-03-22 22:45:00,2165.5,2165.71,2164.97,2165.01,141,4,0,141
2024-03-22 22:48:00,2165.0,2165.2,2164.79,2165.1,64,4,0,64
2024-03-22 22:51:00,2165.1,2165.52,2165.0,2165.52,39,10,0,39
2024-03-22 22:54:00,2165.54,2165.71,2165.24,2165.39,79,4,0,79
2024-03-22 22:57:00,2165.4,2165.62,2165.04,2165.12,75,10,0,75
2024-03-25 00:03:00,2166.43,2166.43,2166.01,2166.05,37,4,0,37
2024-03-25 00:06:00,2166.05,2167.47,2165.88,2167.47,109,4,0,109
2024-03-25 00:09:00,2167.48,2167.76,2167.3,2167.75,48,6,0,48
2024-03-25 00:12:00,2167.75,2167.84,2167.47,2167.84,61,4,0,61
2024-03-25 00:15:00,2167.74,2167.74,2167.44,2167.45,25,4,0,25
2024-03-25 00:18:00,2167.45,2167.45,2166.76,2166.86,39,4,0,39
2024-03-25 00:21:00,2166.78,2166.87,2166.24,2166.24,40,4,0,40
2024-03-25 00:24:00,2166.24,2166.44,2166.24,2166.34,27,4,0,27
2024-03-25 00:27:00,2166.34,2166.44,2166.02,2166.33,71,4,0,71
2024-03-25 00:30:00,2166.33,2166.33,2165.31,2165.72,82,4,0,82
2024-03-25 00:33:00,2165.71,2165.79,2165.21,2165.39,78,8,0,78
2024-03-25 00:36:00,2165.39,2166.25,2165.39,2166.1,83,7,0,83
2024-03-25 00:39:00,2166.08,2166.15,2165.69,2166.02,44,8,0,44
2024-03-25 00:42:00,2166.05,2166.23,2165.87,2165.87,49,9,0,49
2024-03-25 00:45:00,2165.87,2166.52,2165.52,2166.25,88,9,0,88
2024-03-25 00:48:00,2166.23,2166.25,2165.78,2165.88,64,5,0,64
2024-03-25 00:51:00,2165.85,2165.92,2165.46,2165.75,40,4,0,40
2024-03-25 00:54:00,2165.74,2166.83,2165.73,2166.77,123,4,0,123
2024-03-25 00:57:00,2166.74,2166.99,2166.46,2166.46,73,4,0,73
2024-03-25 01:00:00,2166.46,2166.57,2165.96,2166.44,101,6,0,101
2024-03-25 01:03:00,2166.44,2166.99,2166.41,2166.79,81,4,0,81
2024-03-25 01:06:00,2166.89,2167.59,2166.75,2167.26,102,10,0,102
2024-03-25 01:09:00,2167.19,2168.2,2167.15,2168.03,136,4,0,136
2024-03-25 01:12:00,2168.0,2168.52,2167.74,2167.82,162,4,0,162
2024-03-25 01:15:00,2167.82,2168.61,2167.72,2167.9,121,5,0,121
2024-03-25 01:18:00,2167.9,2168.26,2167.58,2167.89,104,7,0,104
2024-03-25 01:21:00,2167.89,2167.89,2167.24,2167.26,78,4,0,78
2024-03-25 01:24:00,2167.24,2167.39,2166.99,2167.2,91,6,0,91
2024-03-25 01:27:00,2167.23,2167.23,2166.87,2166.99,83,9,0,83
2024-03-25 01:30:00,2166.97,2167.48,2166.78,2167.37,79,4,0,79
2024-03-25 01:33:00,2167.39,2167.53,2166.89,2166.98,91,5,0,91
2024-03-25 01:36:00,2166.99,2168.27,2166.8,2168.27,97,4,0,97
2024-03-25 01:39:00,2168.29,2168.52,2167.55,2168.23,161,4,0,161
2024-03-25 01:42:00,2168.23,2168.47,2167.72,2167.82,112,4,0,112
2024-03-25 01:45:00,2167.82,2168.74,2167.72,2168.7,155,4,0,155
2024-03-25 01:48:00,2168.68,2168.79,2168.48,2168.67,80,4,0,80
2024-03-25 01:51:00,2168.67,2168.94,2168.24,2168.34,99,4,0,99
2024-03-25 01:54:00,2168.33,2168.61,2168.07,2168.59,96,4,0,96
2024-03-25 01:57:00,2168.58,2168.83,2168.18,2168.39,120,5,0,120
2024-03-25 02:00:00,2168.4,2169.37,2168.17,2169.18,188,4,0,188
2024-03-25 02:03:00,2169.17,2169.28,2168.58,2168.77,148,4,0,148
2024-03-25 02:06:00,2168.76,2169.46,2168.58,2168.85,135,4,0,135
2024-03-25 02:09:00,2168.79,2168.85,2167.26,2167.64,183,4,0,183
2024-03-25 02:12:00,2167.64,2167.68,2167.03,2167.65,160,4,0,160
2024-03-25 02:15:00,2167.63,2167.63,2166.08,2166.17,132,6,0,132
2024-03-25 02:18:00,2166.17,2166.27,2165.15,2165.49,208,4,0,208
2024-03-25 02:21:00,2165.49,2165.91,2164.76,2165.07,215,4,0,215
2024-03-25 02:24:00,2165.03,2165.5,2164.8,2164.86,171,4,0,171
2024-03-25 02:27:00,2164.86,2164.96,2164.08,2164.96,165,4,0,165
2024-03-25 02:30:00,2164.97,2165.79,2164.95,2165.34,141,4,0,141
2024-03-25 02:33:00,2165.35,2166.05,2165.22,2165.95,131,4,0,131
2024-03-25 02:36:00,2165.93,2166.25,2165.25,2165.63,130,4,0,130
2024-03-25 02:39:00,2165.63,2166.23,2165.03,2165.04,116,4,0,116
2024-03-25 02:42:00,2164.95,2165.31,2164.35,2164.82,311,4,0,311
2024-03-25 02:45:00,2164.82,2165.59,2164.69,2165.35,148,4,0,148
2024-03-25 02:48:00,2165.19,2165.31,2164.81,2165.0,172,5,0,172
2024-03-25 02:51:00,2164.99,2165.45,2164.44,2165.05,238,4,0,238
2024-03-25 02:54:00,2165.05,2165.26,2164.61,2164.89,269,4,0,269
2024-03-25 02:57:00,2164.96,2165.74,2164.87,2165.54,158,4,0,158
2024-03-25 03:00:00,2165.59,2165.95,2164.3,2165.19,332,4,0,332
2024-03-25 03:03:00,2165.2,2165.49,2164.7,2164.8,225,4,0,225
2024-03-25 03:06:00,2164.81,2164.97,2163.98,2164.77,222,4,0,222
2024-03-25 03:09:00,2164.74,2165.87,2164.19,2165.84,287,4,0,287
2024-03-25 03:12:00,2165.8,2166.26,2165.67,2165.71,231,4,0,231
2024-03-25 03:15:00,2165.75,2171.73,2165.67,2170.26,924,4,0,924
2024-03-25 03:18:00,2170.2,2172.45,2169.71,2172.35,575,4,0,575
2024-03-25 03:21:00,2172.32,2173.88,2171.73,2172.78,691,4,0,691
2024-03-25 03:24:00,2172.77,2173.61,2171.56,2172.04,610,4,0,610
2024-03-25 03:27:00,2172.02,2172.73,2171.7,2172.53,421,4,0,421
2024-03-25 03:30:00,2172.49,2174.33,2172.06,2174.26,551,4,0,551
2024-03-25 03:33:00,2174.27,2175.47,2173.12,2174.95,663,4,0,663
2024-03-25 03:36:00,2174.92,2176.68,2174.4,2176.22,702,4,0,702
2024-03-25 03:39:00,2176.19,2176.97,2174.93,2175.71,696,4,0,696
2024-03-25 03:42:00,2175.72,2176.52,2175.0,2175.44,540,4,0,540
2024-03-25 03:45:00,2175.5,2175.89,2175.15,2175.51,459,4,0,459
2024-03-25 03:48:00,2175.5,2175.69,2174.81,2174.99,341,4,0,341
2024-03-25 03:51:00,2174.99,2175.1,2173.78,2174.39,237,4,0,237
2024-03-25 03:54:00,2174.28,2174.6,2174.09,2174.21,207,4,0,207
2024-03-25 03:57:00,2174.2,2175.51,2173.93,2175.21,237,4,0,237
2024-03-25 04:00:00,2175.22,2175.22,2173.8,2174.77,315,4,0,315
2024-03-25 04:03:00,2174.77,2176.59,2174.77,2176.47,309,4,0,309
2024-03-25 04:06:00,2176.49,2176.49,2175.64,2175.75,342,4,0,342
2024-03-25 04:09:00,2175.75,2176.14,2175.22,2175.47,197,4,0,197
2024-03-25 04:12:00,2175.43,2176.03,2174.79,2175.89,188,4,0,188
2024-03-25 04:15:00,2175.88,2176.0,2175.27,2175.75,145,4,0,145
2024-03-25 04:18:00,2175.75,2175.76,2175.23,2175.49,157,4,0,157
2024-03-25 04:21:00,2175.49,2176.88,2175.29,2176.7,248,4,0,248
2024-03-25 04:24:00,2176.66,2177.06,2175.41,2175.46,250,4,0,250
2024-03-25 04:27:00,2175.59,2175.79,2175.43,2175.53,106,4,0,106
2024-03-25 04:30:00,2175.52,2175.95,2175.33,2175.88,297,4,0,297
2024-03-25 04:33:00,2175.92,2176.91,2175.85,2176.71,216,4,0,216
2024-03-25 04:36:00,2176.71,2177.6,2176.68,2177.4,262,4,0,262
2024-03-25 04:39:00,2177.32,2178.37,2176.55,2176.6,190,4,0,190
2024-03-25 04:42:00,2176.6,2176.6,2176.12,2176.43,155,4,0,155
2024-03-25 04:45:00,2176.43,2176.51,2175.58,2175.59,222,4,0,222
2024-03-25 04:48:00,2175.58,2176.09,2175.25,2176.03,210,4,0,210
2024-03-25 04:51:00,2176.08,2176.36,2175.54,2175.66,175,4,0,175
2024-03-25 04:54:00,2175.68,2176.06,2175.58,2175.79,139,5,0,139
2024-03-25 04:57:00,2175.79,2176.16,2175.0,2175.2,187,4,0,187
2024-03-25 05:00:00,2175.17,2175.22,2173.78,2173.81,253,4,0,253
2024-03-25 05:03:00,2173.81,2174.14,2173.16,2173.57,255,4,0,255
2024-03-25 05:06:00,2173.55,2173.77,2173.21,2173.61,220,4,0,220
2024-03-25 05:09:00,2173.6,2174.36,2173.6,2173.92,183,4,0,183
2024-03-25 05:12:00,2173.83,2173.98,2173.0,2173.79,147,4,0,147
2024-03-25 05:15:00,2173.81,2174.41,2173.68,2173.95,164,4,0,164
2024-03-25 05:18:00,2173.95,2173.95,2173.32,2173.42,125,4,0,125
2024-03-25 05:21:00,2173.44,2173.76,2173.21,2173.55,141,4,0,141
2024-03-25 05:24:00,2173.56,2173.59,2172.95,2173.03,142,6,0,142
2024-03-25 05:27:00,2173.02,2173.02,2171.43,2171.46,439,4,0,439
2024-03-25 05:30:00,2171.47,2171.63,2170.62,2170.89,445,4,0,445
2024-03-25 05:33:00,2170.92,2171.84,2170.85,2171.51,265,4,0,265
2024-03-25 05:36:00,2171.54,2172.05,2171.54,2171.77,120,8,0,120
2024-03-25 05:39:00,2171.77,2171.9,2171.12,2171.53,141,5,0,141
2024-03-25 05:42:00,2171.49,2171.58,2171.07,2171.5,100,4,0,100
2024-03-25 05:45:00,2171.52,2172.2,2171.35,2172.17,140,4,0,140
2024-03-25 05:48:00,2172.2,2172.81,2172.11,2172.29,148,4,0,148
2024-03-25 05:51:00,2172.25,2172.25,2170.95,2171.04,121,4,0,121
2024-03-25 05:54:00,2171.04,2171.14,2170.18,2170.49,146,4,0,146
2024-03-25 05:57:00,2170.4,2170.71,2170.06,2170.62,157,7,0,157
2024-03-25 06:00:00,2170.64,2170.94,2170.43,2170.52,107,5,0,107
2024-03-25 06:03:00,2170.49,2171.19,2170.41,2170.95,187,4,0,187
2024-03-25 06:06:00,2170.96,2171.74,2170.28,2170.31,174,5,0,174
2024-03-25 06:09:00,2170.31,2170.42,2170.07,2170.42,84,11,0,84
2024-03-25 06:12:00,2170.44,2171.05,2170.44,2170.8,108,4,0,108
2024-03-25 06:15:00,2170.79,2170.84,2170.32,2170.52,68,8,0,68
2024-03-25 06:18:00,2170.55,2170.74,2170.39,2170.44,90,4,0,90
2024-03-25 06:21:00,2170.47,2171.15,2170.44,2170.94,75,6,0,75
2024-03-25 06:24:00,2170.94,2171.15,2170.54,2170.65,63,8,0,63
2024-03-25 06:27:00,2170.66,2170.75,2170.43,2170.61,71,4,0,71
2024-03-25 06:30:00,2170.59,2170.68,2169.8,2170.01,117,4,0,117
2024-03-25 06:33:00,2170.0,2170.64,2169.83,2169.83,104,4,0,104
2024-03-25 06:36:00,2169.83,2170.22,2169.63,2170.18,108,5,0,108
2024-03-25 06:39:00,2170.22,2170.22,2169.79,2169.95,74,6,0,74
2024-03-25 06:42:00,2169.95,2170.32,2169.94,2170.11,103,6,0,103
2024-03-25 06:45:00,2170.08,2170.16,2169.73,2170.14,61,6,0,61
2024-03-25 06:48:00,2170.14,2170.24,2169.8,2169.98,75,4,0,75
2024-03-25 06:51:00,2169.97,2170.0,2169.54,2169.78,76,4,0,76
2024-03-25 06:54:00,2169.79,2169.79,2169.22,2169.4,70,4,0,70
2024-03-25 06:57:00,2169.4,2169.59,2169.29,2169.47,82,5,0,82
2024-03-25 07:00:00,2169.48,2170.34,2169.44,2170.26,149,4,0,149
2024-03-25 07:03:00,2170.28,2170.3,2169.96,2170.27,82,4,0,82
2024-03-25 07:06:00,2170.27,2170.29,2168.97,2168.99,95,4,0,95
2024-03-25 07:09:00,2168.99,2169.66,2168.94,2169.29,107,4,0,107
2024-03-25 07:12:00,2169.3,2169.75,2169.12,2169.41,93,4,0,93
2024-03-25 07:15:00,2169.41,2169.41,2168.14,2168.68,139,5,0,139
2024-03-25 07:18:00,2168.68,2168.76,2168.32,2168.4,115,4,0,115
2024-03-25 07:21:00,2168.37,2169.0,2168.33,2168.94,99,6,0,99
2024-03-25 07:24:00,2168.94,2168.96,2168.04,2168.08,119,4,0,119
2024-03-25 07:27:00,2168.05,2168.65,2167.8,2168.36,147,4,0,147
2024-03-25 07:30:00,2168.39,2169.77,2168.18,2169.77,328,4,0,328
2024-03-25 07:33:00,2169.75,2170.29,2169.54,2169.86,366,4,0,366
2024-03-25 07:36:00,2169.84,2170.27,2169.54,2169.63,194,4,0,194
2024-03-25 07:39:00,2169.63,2170.14,2169.58,2169.89,153,5,0,153
2024-03-25 07:42:00,2169.91,2170.73,2169.8,2169.85,226,6,0,226
2024-03-25 07:45:00,2169.85,2169.85,2169.19,2169.67,127,5,0,127
2024-03-25 07:48:00,2169.67,2170.67,2169.67,2170.37,183,4,0,183
2024-03-25 07:51:00,2170.37,2170.96,2169.88,2170.92,133,5,0,133
2024-03-25 07:54:00,2170.92,2171.09,2169.87,2169.97,213,4,0,213
2024-03-25 07:57:00,2169.97,2170.17,2169.67,2169.85,128,4,0,128
2024-03-25 08:00:00,2169.85,2170.64,2169.6,2169.72,159,4,0,159
2024-03-25 08:03:00,2169.71,2170.07,2169.2,2169.51,146,4,0,146
2024-03-25 08:06:00,2169.53,2169.65,2168.45,2168.45,248,4,0,248
2024-03-25 08:09:00,2168.45,2168.89,2168.14,2168.38,209,4,0,209
2024-03-25 08:12:00,2168.33,2168.35,2167.12,2167.8,200,4,0,200
2024-03-25 08:15:00,2167.76,2167.76,2167.01,2167.35,285,5,0,285
2024-03-25 08:18:00,2167.35,2167.37,2166.67,2166.78,226,4,0,226
2024-03-25 08:21:00,2166.8,2166.86,2165.81,2166.43,236,4,0,236
2024-03-25 08:24:00,2166.39,2167.27,2166.39,2166.89,200,5,0,200
2024-03-25 08:27:00,2166.93,2167.17,2166.58,2167.16,139,4,0,139
2024-03-25 08:30:00,2167.16,2167.37,2166.03,2166.5,228,5,0,228
2024-03-25 08:33:00,2166.49,2166.59,2165.49,2165.89,223,4,0,223
2024-03-25 08:36:00,2165.94,2166.41,2165.27,2165.28,218,4,0,218
2024-03-25 08:39:00,2165.29,2166.12,2164.63,2164.71,269,4,0,269
2024-03-25 08:42:00,2164.73,2165.95,2164.29,2165.92,255,4,0,255
2024-03-25 08:45:00,2165.93,2166.69,2165.82,2166.69,158,4,0,158
2024-03-25 08:48:00,2166.69,2166.9,2166.15,2166.29,174,4,0,174
2024-03-25 08:51:00,2166.3,2166.32,2165.16,2165.84,254,4,0,254
2024-03-25 08:54:00,2165.85,2165.85,2164.91,2165.13,161,4,0,161
2024-03-25 08:57:00,2165.16,2165.77,2165.13,2165.51,162,4,0,162
2024-03-25 09:00:00,2165.49,2165.49,2164.6,2164.87,213,4,0,213
2024-03-25 09:03:00,2164.87,2165.0,2164.07,2164.07,172,4,0,172
2024-03-25 09:06:00,2163.83,2165.27,2163.58,2165.26,178,4,0,178
2024-03-25 09:09:00,2165.26,2166.4,2165.15,2166.35,172,4,0,172
2024-03-25 09:12:00,2166.34,2166.9,2165.98,2166.78,155,4,0,155
2024-03-25 09:15:00,2166.8,2166.81,2165.96,2166.06,143,4,0,143
2024-03-25 09:18:00,2166.06,2167.01,2165.85,2166.95,164,4,0,164
2024-03-25 09:21:00,2166.96,2167.21,2165.68,2166.3,176,4,0,176
2024-03-25 09:24:00,2166.31,2167.37,2166.15,2166.27,206,4,0,206
2024-03-25 09:27:00,2166.24,2167.0,2166.24,2166.78,139,4,0,139
2024-03-25 09:30:00,2166.82,2166.83,2164.85,2165.29,342,4,0,342
2024-03-25 09:33:00,2165.31,2167.19,2165.28,2167.16,293,4,0,293
2024-03-25 09:36:00,2167.13,2168.53,2167.1,2168.29,352,4,0,352
2024-03-25 09:39:00,2168.29,2168.82,2167.37,2167.82,378,4,0,378
2024-03-25 09:42:00,2167.83,2168.31,2167.37,2167.45,244,4,0,244
2024-03-25 09:45:00,2167.45,2168.27,2166.72,2167.94,290,4,0,290
2024-03-25 09:48:00,2167.91,2168.52,2167.53,2167.71,279,4,0,279
2024-03-25 09:51:00,2167.69,2167.91,2165.25,2165.63,396,4,0,396
2024-03-25 09:54:00,2165.63,2166.64,2165.43,2165.84,336,4,0,336
2024-03-25 09:57:00,2165.85,2166.35,2165.55,2165.95,317,4,0,317
2024-03-25 10:00:00,2165.94,2166.53,2165.07,2166.27,585,4,0,585
2024-03-25 10:03:00,2166.27,2167.65,2166.01,2167.42,350,4,0,350
2024-03-25 10:06:00,2167.42,2168.07,2167.34,2167.35,302,4,0,302
2024-03-25 10:09:00,2167.36,2169.03,2167.36,2168.06,404,4,0,404
2024-03-25 10:12:00,2168.06,2168.1,2167.41,2167.83,247,4,0,247
2024-03-25 10:15:00,2167.9,2168.04,2167.17,2167.27,255,4,0,255
2024-03-25 10:18:00,2167.26,2167.98,2167.18,2167.59,272,4,0,272
2024-03-25 10:21:00,2167.59,2167.85,2166.91,2167.04,248,4,0,248
2024-03-25 10:24:00,2167.04,2167.24,2166.11,2166.19,308,4,0,308
2024-03-25 10:27:00,2166.19,2166.57,2166.1,2166.3,235,4,0,235
2024-03-25 10:30:00,2166.3,2166.83,2166.08,2166.44,307,4,0,307
2024-03-25 10:33:00,2166.25,2166.96,2166.24,2166.62,273,4,0,273
2024-03-25 10:36:00,2166.63,2166.65,2164.93,2165.12,267,4,0,267
2024-03-25 10:39:00,2165.1,2165.46,2164.77,2165.18,266,4,0,266
2024-03-25 10:42:00,2165.22,2165.27,2163.99,2164.21,196,4,0,196
2024-03-25 10:45:00,2164.19,2164.73,2163.92,2164.5,270,4,0,270
2024-03-25 10:48:00,2164.5,2165.67,2164.44,2164.73,283,4,0,283
2024-03-25 10:51:00,2164.73,2165.26,2163.87,2163.88,210,4,0,210
2024-03-25 10:54:00,2163.88,2164.93,2163.88,2164.86,268,4,0,268
2024-03-25 10:57:00,2164.77,2165.92,2164.68,2165.7,285,4,0,285
2024-03-25 11:00:00,2165.72,2166.1,2165.46,2165.67,285,4,0,285
2024-03-25 11:03:00,2165.66,2165.83,2164.86,2165.79,240,4,0,240
2024-03-25 11:06:00,2165.69,2165.95,2165.6,2165.79,133,4,0,133
2024-03-25 11:09:00,2165.85,2165.85,2165.18,2165.47,232,4,0,232
2024-03-25 11:12:00,2165.47,2165.52,2164.65,2164.75,267,4,0,267
2024-03-25 11:15:00,2164.76,2165.91,2164.36,2165.43,285,4,0,285
2024-03-25 11:18:00,2165.42,2165.77,2165.15,2165.76,155,4,0,155
2024-03-25 11:21:00,2165.76,2166.07,2165.61,2165.8,145,4,0,145
2024-03-25 11:24:00,2165.82,2166.03,2165.34,2165.76,165,4,0,165
2024-03-25 11:27:00,2165.76,2165.87,2165.35,2165.75,162,4,0,162
2024-03-25 11:30:00,2165.75,2165.87,2165.05,2165.08,159,4,0,159
2024-03-25 11:33:00,2165.09,2165.1,2164.48,2164.94,234,4,0,234
2024-03-25 11:36:00,2164.94,2165.58,2164.58,2165.58,186,4,0,186
2024-03-25 11:39:00,2165.57,2165.88,2165.24,2165.75,218,4,0,218
2024-03-25 11:42:00,2165.74,2168.64,2165.7,2168.64,363,4,0,363
2024-03-25 11:45:00,2168.76,2168.83,2167.73,2168.01,263,4,0,263
2024-03-25 11:48:00,2168.02,2168.77,2167.4,2168.45,204,4,0,204
2024-03-25 11:51:00,2168.35,2168.56,2167.5,2168.09,243,4,0,243
2024-03-25 11:54:00,2168.09,2168.65,2167.5,2167.59,266,4,0,266
2024-03-25 11:57:00,2167.59,2168.47,2167.54,2168.46,170,4,0,170
2024-03-25 12:00:00,2168.47,2168.96,2168.0,2168.08,185,4,0,185
2024-03-25 12:03:00,2168.08,2168.86,2168.02,2168.66,153,4,0,153
2024-03-25 12:06:00,2168.65,2169.75,2168.56,2169.56,170,4,0,170
2024-03-25 12:09:00,2169.59,2170.15,2169.08,2169.57,233,4,0,233
2024-03-25 12:12:00,2169.58,2170.1,2169.42,2169.94,139,4,0,139
2024-03-25 12:15:00,2169.93,2170.29,2169.22,2170.21,210,4,0,210
2024-03-25 12:18:00,2170.17,2171.0,2170.12,2170.52,177,4,0,177
2024-03-25 12:21:00,2170.51,2170.51,2169.65,2170.34,159,4,0,159
2024-03-25 12:24:00,2170.34,2171.12,2170.33,2170.99,186,4,0,186
2024-03-25 12:27:00,2171.02,2171.06,2169.22,2169.3,231,4,0,231
2024-03-25 12:30:00,2169.32,2169.71,2168.29,2168.69,282,4,0,282
2024-03-25 12:33:00,2168.69,2168.69,2167.66,2168.26,229,4,0,229
2024-03-25 12:36:00,2168.26,2168.82,2168.14,2168.21,160,4,0,160
2024-03-25 12:39:00,2168.2,2168.81,2167.75,2168.77,157,4,0,157
2024-03-25 12:42:00,2168.77,2169.44,2168.51,2168.6,182,4,0,182
2024-03-25 12:45:00,2168.6,2168.7,2167.76,2168.51,333,4,0,333
2024-03-25 12:48:00,2168.51,2169.36,2168.51,2169.19,164,4,0,164
2024-03-25 12:51:00,2169.19,2169.19,2168.19,2168.29,176,4,0,176
2024-03-25 12:54:00,2168.28,2168.42,2167.98,2168.39,172,4,0,172
2024-03-25 12:57:00,2168.39,2168.9,2168.34,2168.48,148,4,0,148
2024-03-25 13:00:00,2168.48,2169.11,2167.98,2169.06,251,4,0,251
2024-03-25 13:03:00,2169.1,2169.38,2168.97,2169.31,178,4,0,178
2024-03-25 13:06:00,2169.29,2169.51,2168.92,2169.5,142,4,0,142
2024-03-25 13:09:00,2169.49,2170.48,2169.41,2170.4,193,4,0,193
2024-03-25 13:12:00,2170.41,2171.21,2170.38,2171.19,239,4,0,239
2024-03-25 13:15:00,2171.19,2171.92,2170.79,2170.98,220,4,0,220
2024-03-25 13:18:00,2170.99,2171.56,2170.88,2171.14,270,4,0,270
2024-03-25 13:21:00,2171.11,2171.44,2171.01,2171.04,240,4,0,240
2024-03-25 13:24:00,2171.04,2171.24,2170.76,2170.93,221,4,0,221
2024-03-25 13:27:00,2170.94,2171.77,2170.93,2171.51,198,4,0,198
2024-03-25 13:30:00,2171.5,2171.66,2170.64,2170.64,177,4,0,177
2024-03-25 13:33:00,2170.7,2170.87,2170.17,2170.67,149,4,0,149
2024-03-25 13:36:00,2170.67,2171.6,2170.48,2171.28,279,4,0,279
2024-03-25 13:39:00,2171.27,2171.27,2169.49,2170.31,244,4,0,244
2024-03-25 13:42:00,2170.31,2170.99,2169.83,2170.72,177,4,0,177
2024-03-25 13:45:00,2170.71,2171.21,2170.3,2170.5,127,4,0,127
2024-03-25 13:48:00,2170.5,2170.87,2169.36,2169.79,224,4,0,224
2024-03-25 13:51:00,2169.79,2170.49,2169.79,2169.99,126,4,0,126
2024-03-25 13:54:00,2169.99,2171.17,2169.99,2171.07,230,4,0,230
2024-03-25 13:57:00,2171.07,2171.07,2170.38,2170.51,160,4,0,160
2024-03-25 14:00:00,2170.49,2172.42,2170.36,2172.42,407,4,0,407
2024-03-25 14:03:00,2172.43,2173.96,2172.02,2173.24,429,4,0,429
2024-03-25 14:06:00,2173.18,2173.21,2172.13,2172.77,295,4,0,295
2024-03-25 14:09:00,2172.83,2174.08,2172.81,2173.4,331,4,0,331
2024-03-25 14:12:00,2173.41,2174.39,2173.21,2173.93,336,4,0,336
2024-03-25 14:15:00,2173.93,2175.3,2173.86,2175.3,394,4,0,394
2024-03-25 14:18:00,2175.3,2175.72,2173.47,2173.84,487,4,0,487
2024-03-25 14:21:00,2173.84,2174.03,2172.95,2173.16,369,4,0,369
2024-03-25 14:24:00,2173.16,2176.05,2173.08,2175.73,560,4,0,560
2024-03-25 14:27:00,2175.73,2175.91,2173.97,2175.89,535,4,0,535
2024-03-25 14:30:00,2175.89,2177.08,2175.79,2176.68,583,4,0,583
2024-03-25 14:33:00,2176.68,2177.01,2175.28,2175.34,417,4,0,417
2024-03-25 14:36:00,2175.34,2176.45,2175.12,2175.44,377,4,0,377
2024-03-25 14:39:00,2175.44,2175.91,2175.22,2175.69,356,4,0,356
2024-03-25 14:42:00,2175.69,2176.28,2175.16,2176.17,337,4,0,337
2024-03-25 14:45:00,2176.17,2176.82,2175.96,2176.58,340,4,0,340
2024-03-25 14:48:00,2176.58,2176.59,2175.86,2176.05,321,4,0,321
2024-03-25 14:51:00,2176.06,2176.49,2175.75,2175.77,298,4,0,298
2024-03-25 14:54:00,2175.66,2175.72,2174.88,2175.29,381,4,0,381
2024-03-25 14:57:00,2175.29,2175.29,2174.49,2174.59,333,4,0,333
2024-03-25 15:00:00,2174.59,2175.5,2173.79,2174.94,627,4,0,627
2024-03-25 15:03:00,2174.96,2175.98,2174.94,2175.25,385,4,0,385
2024-03-25 15:06:00,2175.27,2176.08,2174.69,2174.69,399,4,0,399
2024-03-25 15:09:00,2174.69,2174.89,2173.85,2174.28,363,4,0,363
2024-03-25 15:12:00,2174.3,2175.21,2174.25,2175.19,328,4,0,328
2024-03-25 15:15:00,2175.19,2176.05,2175.11,2175.63,387,4,0,387
2024-03-25 15:18:00,2175.63,2175.69,2173.73,2173.82,340,4,0,340
2024-03-25 15:21:00,2173.82,2174.81,2173.62,2173.63,308,4,0,308
2024-03-25 15:24:00,2173.63,2174.23,2173.26,2173.92,406,4,0,406
2024-03-25 15:27:00,2173.92,2173.95,2173.06,2173.2,285,4,0,285
2024-03-25 15:30:00,2173.19,2176.37,2173.06,2176.11,699,4,0,699
2024-03-25 15:33:00,2176.11,2177.93,2175.84,2177.41,809,4,0,809
2024-03-25 15:36:00,2177.4,2178.27,2176.6,2176.7,563,4,0,563
2024-03-25 15:39:00,2176.7,2179.82,2176.41,2179.57,594,4,0,594
2024-03-25 15:42:00,2179.58,2181.33,2178.15,2178.53,760,4,0,760
2024-03-25 15:45:00,2178.53,2178.87,2177.58,2177.72,703,4,0,703
2024-03-25 15:48:00,2177.72,2177.84,2176.24,2176.44,309,4,0,309
2024-03-25 15:51:00,2176.49,2177.27,2176.18,2176.21,406,4,0,406
2024-03-25 15:54:00,2176.21,2176.7,2175.79,2176.31,517,4,0,517
2024-03-25 15:57:00,2176.33,2177.51,2176.33,2177.14,291,4,0,291
2024-03-25 16:00:00,2177.17,2179.23,2177.17,2178.57,611,4,0,611
2024-03-25 16:03:00,2178.56,2179.58,2177.57,2177.73,466,4,0,466
2024-03-25 16:06:00,2177.75,2178.41,2177.18,2177.97,341,4,0,341
2024-03-25 16:09:00,2177.97,2179.45,2177.87,2178.96,473,4,0,473
2024-03-25 16:12:00,2178.98,2179.95,2178.39,2179.92,559,4,0,559
2024-03-25 16:15:00,2179.94,2180.49,2179.02,2179.02,499,4,0,499
2024-03-25 16:18:00,2179.04,2179.63,2178.45,2178.86,426,4,0,426
2024-03-25 16:21:00,2178.9,2179.42,2178.15,2178.88,363,4,0,363
2024-03-25 16:24:00,2178.87,2180.08,2178.86,2178.89,430,4,0,430
2024-03-25 16:27:00,2178.92,2178.99,2177.08,2177.39,498,4,0,498
2024-03-25 16:30:00,2177.39,2177.39,2176.2,2176.64,439,4,0,439
2024-03-25 16:33:00,2176.64,2177.24,2175.57,2175.9,467,4,0,467
2024-03-25 16:36:00,2175.9,2176.25,2175.36,2175.95,472,4,0,472
2024-03-25 16:39:00,2176.0,2177.3,2175.95,2176.72,427,4,0,427
2024-03-25 16:42:00,2176.72,2176.8,2176.1,2176.49,394,4,0,394
2024-03-25 16:45:00,2176.61,2178.16,2176.49,2177.28,428,4,0,428
2024-03-25 16:48:00,2177.28,2178.35,2176.79,2177.96,310,4,0,310
2024-03-25 16:51:00,2178.03,2179.23,2178.03,2178.74,254,4,0,254
2024-03-25 16:54:00,2178.79,2179.14,2177.94,2178.73,264,4,0,264
2024-03-25 16:57:00,2178.65,2179.16,2177.64,2177.83,305,4,0,305
2024-03-25 17:00:00,2177.84,2177.87,2176.34,2176.65,486,4,0,486
2024-03-25 17:03:00,2176.65,2177.35,2176.46,2177.2,382,4,0,382
2024-03-25 17:06:00,2177.2,2177.22,2176.24,2176.51,246,4,0,246
2024-03-25 17:09:00,2176.51,2177.69,2176.51,2177.47,262,4,0,262
2024-03-25 17:12:00,2177.49,2177.9,2176.99,2177.1,216,4,0,216
2024-03-25 17:15:00,2177.1,2177.48,2175.61,2175.94,240,4,0,240
2024-03-25 17:18:00,2175.94,2175.94,2175.04,2175.46,325,4,0,325
2024-03-25 17:21:00,2175.46,2176.04,2175.46,2175.84,291,4,0,291
2024-03-25 17:24:00,2175.84,2176.43,2175.83,2176.01,328,4,0,328
2024-03-25 17:27:00,2176.01,2176.27,2175.38,2175.52,287,4,0,287
2024-03-25 17:30:00,2175.51,2176.53,2175.31,2176.24,382,4,0,382
2024-03-25 17:33:00,2176.23,2176.39,2175.43,2176.11,291,4,0,291
2024-03-25 17:36:00,2176.11,2176.27,2175.39,2175.87,358,4,0,358
2024-03-25 17:39:00,2175.87,2176.22,2175.31,2175.9,314,4,0,314
2024-03-25 17:42:00,2175.91,2176.98,2175.91,2176.65,250,4,0,250
2024-03-25 17:45:00,2176.65,2177.4,2176.01,2176.17,406,4,0,406
2024-03-25 17:48:00,2176.17,2176.38,2175.61,2175.61,294,4,0,294
2024-03-25 17:51:00,2175.61,2176.24,2174.99,2175.89,343,4,0,343
2024-03-25 17:54:00,2175.89,2176.06,2175.56,2175.65,303,4,0,303
2024-03-25 17:57:00,2175.64,2176.28,2175.5,2175.5,355,4,0,355
2024-03-25 18:00:00,2175.5,2176.21,2175.35,2175.99,420,4,0,420
2024-03-25 18:03:00,2176.01,2176.5,2176.01,2176.33,266,4,0,266
2024-03-25 18:06:00,2176.34,2176.5,2175.35,2175.64,207,4,0,207
2024-03-25 18:09:00,2175.64,2176.69,2175.54,2175.87,208,4,0,208
2024-03-25 18:12:00,2175.87,2176.69,2175.68,2176.64,227,4,0,227
2024-03-25 18:15:00,2176.66,2176.85,2176.3,2176.51,228,4,0,228
2024-03-25 18:18:00,2176.52,2177.22,2176.49,2176.57,261,4,0,261
2024-03-25 18:21:00,2176.57,2177.32,2176.32,2177.04,234,4,0,234
2024-03-25 18:24:00,2177.07,2177.52,2177.07,2177.48,223,4,0,223
2024-03-25 18:27:00,2177.48,2177.9,2177.44,2177.46,215,4,0,215
2024-03-25 18:30:00,2177.46,2177.61,2176.38,2176.55,248,4,0,248
2024-03-25 18:33:00,2176.55,2176.57,2175.96,2176.0,254,4,0,254
2024-03-25 18:36:00,2175.99,2176.0,2175.11,2175.48,236,4,0,236
2024-03-25 18:39:00,2175.43,2175.89,2175.2,2175.43,228,4,0,228
2024-03-25 18:42:00,2175.43,2176.0,2175.3,2175.69,198,4,0,198
2024-03-25 18:45:00,2175.69,2175.72,2175.11,2175.14,215,4,0,215
2024-03-25 18:48:00,2175.13,2175.83,2175.11,2175.76,254,4,0,254
2024-03-25 18:51:00,2175.76,2175.95,2175.47,2175.72,185,4,0,185
2024-03-25 18:54:00,2175.72,2175.72,2175.14,2175.56,240,4,0,240
2024-03-25 18:57:00,2175.56,2175.95,2175.34,2175.83,176,4,0,176
2024-03-25 19:00:00,2175.83,2176.48,2175.52,2175.54,239,4,0,239
2024-03-25 19:03:00,2175.54,2176.3,2175.47,2175.96,261,4,0,261
2024-03-25 19:06:00,2175.95,2176.45,2175.66,2175.66,156,4,0,156
2024-03-25 19:09:00,2175.66,2176.56,2175.42,2176.56,216,4,0,216
2024-03-25 19:12:00,2176.54,2176.66,2175.34,2175.38,195,4,0,195
2024-03-25 19:15:00,2175.4,2175.45,2174.53,2174.91,264,4,0,264
2024-03-25 19:18:00,2174.85,2175.94,2174.85,2175.84,221,4,0,221
2024-03-25 19:21:00,2175.84,2175.91,2174.92,2175.22,199,4,0,199
2024-03-25 19:24:00,2175.25,2175.4,2174.91,2175.09,188,4,0,188
2024-03-25 19:27:00,2175.1,2175.69,2174.65,2175.68,246,4,0,246
2024-03-25 19:30:00,2175.68,2175.69,2174.89,2175.28,177,4,0,177
2024-03-25 19:33:00,2175.29,2175.77,2175.09,2175.77,113,4,0,113
2024-03-25 19:36:00,2175.77,2175.97,2175.58,2175.78,95,4,0,95
2024-03-25 19:39:00,2175.78,2176.68,2175.78,2176.48,99,4,0,99
2024-03-25 19:42:00,2176.48,2176.48,2175.08,2175.08,116,4,0,116
2024-03-25 19:45:00,2175.07,2175.08,2174.3,2174.77,182,4,0,182
2024-03-25 19:48:00,2174.77,2174.95,2174.49,2174.75,105,4,0,105
2024-03-25 19:51:00,2174.75,2175.07,2174.5,2174.56,191,4,0,191
2024-03-25 19:54:00,2174.56,2175.33,2174.45,2175.29,192,4,0,192
2024-03-25 19:57:00,2175.26,2175.27,2174.64,2174.75,179,4,0,179
2024-03-25 20:00:00,2174.75,2174.75,2173.46,2173.46,186,4,0,186
2024-03-25 20:03:00,2173.46,2173.87,2173.38,2173.76,233,4,0,233
2024-03-25 20:06:00,2173.76,2173.91,2173.43,2173.49,149,4,0,149
2024-03-25 20:09:00,2173.49,2173.96,2173.28,2173.89,173,4,0,173
2024-03-25 20:12:00,2173.89,2173.95,2173.12,2173.29,202,4,0,202
2024-03-25 20:15:00,2173.29,2173.54,2173.27,2173.34,158,4,0,158
2024-03-25 20:18:00,2173.34,2174.18,2173.34,2174.17,120,4,0,120
2024-03-25 20:21:00,2174.14,2174.23,2173.92,2174.06,103,4,0,103
2024-03-25 20:24:00,2174.06,2174.41,2173.93,2174.29,152,5,0,152
2024-03-25 20:27:00,2174.29,2174.42,2174.17,2174.21,94,4,0,94
2024-03-25 20:30:00,2174.21,2174.32,2173.65,2173.66,127,4,0,127
2024-03-25 20:33:00,2173.65,2174.18,2173.57,2173.88,135,4,0,135
2024-03-25 20:36:00,2173.88,2173.92,2173.52,2173.67,128,4,0,128
2024-03-25 20:39:00,2173.67,2173.7,2173.47,2173.53,150,4,0,150
2024-03-25 20:42:00,2173.54,2173.87,2173.53,2173.87,140,4,0,140
2024-03-25 20:45:00,2173.87,2174.12,2173.68,2173.89,141,4,0,141
2024-03-25 20:48:00,2173.89,2173.93,2173.58,2173.67,112,4,0,112
2024-03-25 20:51:00,2173.66,2173.94,2173.54,2173.76,111,4,0,111
2024-03-25 20:54:00,2173.78,2173.88,2173.6,2173.64,92,4,0,92
2024-03-25 20:57:00,2173.64,2173.77,2173.04,2173.25,172,4,0,172
2024-03-25 21:00:00,2173.25,2173.37,2173.06,2173.22,97,4,0,97
2024-03-25 21:03:00,2173.22,2173.75,2173.21,2173.58,107,4,0,107
2024-03-25 21:06:00,2173.59,2173.64,2173.03,2173.08,87,4,0,87
2024-03-25 21:09:00,2173.03,2173.04,2171.63,2171.93,200,4,0,200
2024-03-25 21:12:00,2171.93,2172.05,2170.76,2171.64,192,4,0,192
2024-03-25 21:15:00,2171.67,2172.17,2171.63,2171.92,132,4,0,132
2024-03-25 21:18:00,2171.87,2172.0,2171.56,2171.98,137,4,0,137
2024-03-25 21:21:00,2171.98,2172.55,2171.94,2172.12,133,4,0,133
2024-03-25 21:24:00,2172.12,2172.32,2171.9,2172.01,133,4,0,133
2024-03-25 21:27:00,2171.97,2172.62,2171.91,2172.52,129,4,0,129
2024-03-25 21:30:00,2172.51,2172.55,2172.16,2172.21,151,4,0,151
2024-03-25 21:33:00,2172.25,2173.1,2172.19,2172.91,162,4,0,162
2024-03-25 21:36:00,2172.88,2172.98,2172.6,2172.79,103,4,0,103
2024-03-25 21:39:00,2172.81,2172.81,2172.02,2172.02,149,4,0,149
2024-03-25 21:42:00,2172.02,2172.49,2171.78,2171.89,86,4,0,86
2024-03-25 21:45:00,2171.92,2172.1,2171.48,2171.48,116,4,0,116
2024-03-25 21:48:00,2171.48,2171.77,2171.19,2171.75,90,4,0,90
2024-03-25 21:51:00,2171.65,2171.83,2171.35,2171.36,79,4,0,79
2024-03-25 21:54:00,2171.36,2171.45,2170.95,2171.0,100,4,0,100
2024-03-25 21:57:00,2171.04,2171.25,2170.78,2170.99,156,4,0,156
2024-03-25 22:00:00,2171.14,2171.25,2170.93,2170.93,62,4,0,62
2024-03-25 22:03:00,2170.93,2171.16,2170.74,2170.95,78,4,0,78
2024-03-25 22:06:00,2170.96,2171.66,2170.96,2171.36,71,4,0,71
2024-03-25 22:09:00,2171.38,2171.58,2171.27,2171.5,41,4,0,41
2024-03-25 22:12:00,2171.51,2171.72,2171.51,2171.63,68,4,0,68
2024-03-25 22:15:00,2171.66,2171.79,2171.33,2171.36,51,4,0,51
2024-03-25 22:18:00,2171.36,2171.57,2171.2,2171.42,50,4,0,50
2024-03-25 22:21:00,2171.42,2171.63,2171.33,2171.61,31,4,0,31
2024-03-25 22:24:00,2171.61,2171.65,2171.53,2171.59,35,4,0,35
2024-03-25 22:27:00,2171.59,2171.6,2171.34,2171.49,59,4,0,59
2024-03-25 22:30:00,2171.42,2171.63,2171.33,2171.6,47,4,0,47
2024-03-25 22:33:00,2171.61,2171.76,2171.59,2171.76,15,4,0,15
2024-03-25 22:36:00,2171.76,2172.07,2171.74,2172.0,49,5,0,49
2024-03-25 22:39:00,2172.09,2172.31,2171.87,2171.91,62,4,0,62
2024-03-25 22:42:00,2171.91,2172.09,2171.73,2171.8,47,4,0,47
2024-03-25 22:45:00,2171.75,2171.81,2170.99,2171.07,76,4,0,76
2024-03-25 22:48:00,2171.03,2171.22,2171.03,2171.03,59,5,0,59
2024-03-25 22:51:00,2171.03,2171.5,2171.0,2171.5,29,7,0,29
2024-03-25 22:54:00,2171.49,2171.6,2171.05,2171.37,54,7,0,54
2024-03-25 22:57:00,2171.37,2171.89,2171.31,2171.79,80,4,0,80
2024-03-26 00:00:00,2171.57,2171.77,2171.42,2171.74,85,42,0,85
2024-03-26 00:03:00,2171.74,2171.78,2171.45,2171.67,41,42,0,41
2024-03-26 00:06:00,2171.67,2171.95,2171.65,2171.72,39,30,0,39
2024-03-26 00:09:00,2171.74,2171.77,2171.64,2171.66,68,61,0,68
2024-03-26 00:12:00,2171.66,2172.14,2171.28,2172.04,197,20,0,197
2024-03-26 00:15:00,2172.04,2172.22,2171.72,2172.14,67,20,0,67
2024-03-26 00:18:00,2172.21,2172.26,2171.9,2172.11,37,4,0,37
2024-03-26 00:21:00,2172.11,2172.98,2172.11,2172.66,80,4,0,80
2024-03-26 00:24:00,2172.66,2172.66,2172.27,2172.42,33,7,0,33
2024-03-26 00:27:00,2172.42,2172.69,2172.42,2172.58,35,5,0,35
2024-03-26 00:30:00,2172.58,2172.58,2172.02,2172.13,47,4,0,47
2024-03-26 00:33:00,2172.08,2172.08,2171.65,2171.93,83,4,0,83
2024-03-26 00:36:00,2171.91,2172.36,2171.69,2172.11,75,4,0,75
2024-03-26 00:39:00,2172.26,2172.97,2171.91,2172.73,106,4,0,106
2024-03-26 00:42:00,2172.75,2173.58,2172.73,2172.89,113,4,0,113
2024-03-26 00:45:00,2172.94,2173.34,2172.78,2172.92,98,5,0,98
2024-03-26 00:48:00,2172.92,2172.92,2172.36,2172.41,35,8,0,35
2024-03-26 00:51:00,2172.41,2172.41,2172.16,2172.24,37,4,0,37
2024-03-26 00:54:00,2172.24,2172.38,2171.82,2172.08,46,4,0,46
2024-03-26 00:57:00,2172.11,2172.23,2172.04,2172.04,27,4,0,27
2024-03-26 01:00:00,2172.04,2172.5,2171.95,2172.37,99,4,0,99
2024-03-26 01:03:00,2172.45,2172.68,2172.34,2172.63,67,4,0,67
2024-03-26 01:06:00,2172.61,2173.29,2172.47,2173.01,157,4,0,157
2024-03-26 01:09:00,2172.99,2173.36,2172.3,2172.33,142,4,0,142
2024-03-26 01:12:00,2172.38,2172.65,2172.3,2172.53,62,4,0,62
2024-03-26 01:15:00,2172.55,2173.33,2172.55,2172.94,104,4,0,104
2024-03-26 01:18:00,2172.93,2173.04,2172.64,2172.66,71,4,0,71
2024-03-26 01:21:00,2172.74,2172.74,2172.44,2172.58,32,4,0,32
2024-03-26 01:24:00,2172.57,2172.61,2172.19,2172.38,46,9,0,46
2024-03-26 01:27:00,2172.38,2172.38,2172.0,2172.22,55,8,0,55
2024-03-26 01:30:00,2172.22,2172.29,2171.94,2172.14,56,4,0,56
2024-03-26 01:33:00,2172.11,2172.32,2171.62,2171.93,91,4,0,91
2024-03-26 01:36:00,2171.86,2171.94,2171.49,2171.52,115,4,0,115
2024-03-26 01:39:00,2171.54,2171.94,2171.24,2171.83,130,4,0,130
2024-03-26 01:42:00,2171.82,2172.25,2171.82,2172.12,60,13,0,60
2024-03-26 01:45:00,2172.09,2172.09,2171.78,2171.96,79,10,0,79
2024-03-26 01:48:00,2171.96,2172.07,2171.48,2171.82,56,11,0,56
2024-03-26 01:51:00,2171.85,2171.97,2171.72,2171.92,36,12,0,36
2024-03-26 01:54:00,2171.97,2173.18,2171.97,2173.04,107,4,0,107
2024-03-26 01:57:00,2173.01,2173.27,2172.86,2172.92,78,4,0,78
2024-03-26 02:00:00,2172.91,2173.38,2172.45,2173.29,190,6,0,190
2024-03-26 02:03:00,2173.33,2173.34,2172.77,2172.97,150,4,0,150
2024-03-26 02:06:00,2172.96,2173.4,2172.42,2172.42,120,4,0,120
2024-03-26 02:09:00,2172.5,2172.61,2172.41,2172.51,90,7,0,90
2024-03-26 02:12:00,2172.52,2173.15,2172.51,2172.79,109,4,0,109
2024-03-26 02:15:00,2172.91,2173.2,2172.33,2172.55,114,7,0,114
2024-03-26 02:18:00,2172.56,2172.87,2172.48,2172.83,113,5,0,113
2024-03-26 02:21:00,2172.85,2173.08,2172.48,2172.62,74,13,0,74
2024-03-26 02:24:00,2172.62,2173.18,2172.58,2173.04,112,4,0,112
2024-03-26 02:27:00,2173.01,2173.37,2172.99,2173.34,81,4,0,81
2024-03-26 02:30:00,2173.36,2173.74,2173.35,2173.51,110,8,0,110
2024-03-26 02:33:00,2173.51,2174.0,2173.46,2173.85,66,8,0,66
2024-03-26 02:36:00,2173.85,2174.13,2173.36,2173.87,99,4,0,99
2024-03-26 02:39:00,2173.77,2174.22,2173.47,2174.16,80,4,0,80
2024-03-26 02:42:00,2174.06,2174.51,2174.05,2174.22,149,4,0,149
2024-03-26 02:45:00,2174.11,2174.23,2173.93,2174.03,59,4,0,59
2024-03-26 02:48:00,2174.03,2174.32,2173.82,2173.91,51,4,0,51
2024-03-26 02:51:00,2173.93,2174.4,2173.74,2174.31,55,4,0,55
2024-03-26 02:54:00,2174.31,2174.35,2173.94,2174.12,137,4,0,137
2024-03-26 02:57:00,2174.12,2174.12,2173.7,2173.89,67,4,0,67
2024-03-26 03:00:00,2173.9,2174.12,2171.92,2171.96,387,4,0,387
2024-03-26 03:03:00,2171.96,2172.26,2171.47,2171.77,319,4,0,319
2024-03-26 03:06:00,2171.76,2171.77,2170.73,2171.76,234,4,0,234
2024-03-26 03:09:00,2171.79,2172.08,2171.45,2171.83,226,9,0,226
2024-03-26 03:12:00,2171.83,2172.37,2171.54,2172.2,182,4,0,182
2024-03-26 03:15:00,2172.16,2174.37,2172.08,2173.54,472,4,0,472
2024-03-26 03:18:00,2173.53,2174.03,2172.69,2172.81,315,4,0,315
2024-03-26 03:21:00,2172.89,2173.48,2172.26,2172.35,234,4,0,234
2024-03-26 03:24:00,2172.29,2172.43,2170.86,2171.18,252,4,0,252
2024-03-26 03:27:00,2171.16,2171.59,2170.85,2171.34,191,4,0,191
2024-03-26 03:30:00,2171.34,2171.76,2170.76,2171.26,263,4,0,263
2024-03-26 03:33:00,2171.33,2171.54,2170.74,2170.93,256,6,0,256
2024-03-26 03:36:00,2170.93,2171.61,2170.66,2171.17,239,7,0,239
2024-03-26 03:39:00,2171.07,2171.26,2170.06,2170.45,205,4,0,205
2024-03-26 03:42:00,2170.39,2170.39,2168.66,2169.39,278,4,0,278
2024-03-26 03:45:00,2169.39,2169.74,2168.61,2168.75,291,4,0,291
2024-03-26 03:48:00,2168.76,2168.84,2167.75,2168.19,390,4,0,390
2024-03-26 03:51:00,2168.21,2169.21,2167.67,2168.92,349,4,0,349
2024-03-26 03:54:00,2168.97,2169.19,2167.96,2168.26,182,4,0,182
2024-03-26 03:57:00,2168.26,2169.74,2167.87,2169.41,275,4,0,275
2024-03-26 04:00:00,2169.4,2170.09,2169.38,2170.0,192,4,0,192
2024-03-26 04:03:00,2170.0,2170.0,2169.26,2169.38,129,5,0,129
2024-03-26 04:06:00,2169.4,2170.06,2169.22,2170.02,145,4,0,145
2024-03-26 04:09:00,2169.98,2170.27,2169.88,2170.27,134,7,0,134
2024-03-26 04:12:00,2170.33,2170.46,2169.81,2169.86,149,4,0,149
2024-03-26 04:15:00,2169.89,2170.43,2169.71,2170.22,102,6,0,102
2024-03-26 04:18:00,2170.24,2170.65,2170.09,2170.54,104,4,0,104
2024-03-26 04:21:00,2170.54,2171.37,2170.51,2171.16,110,4,0,110
2024-03-26 04:24:00,2171.11,2171.56,2170.76,2170.86,125,4,0,125
2024-03-26 04:27:00,2170.86,2171.57,2170.77,2171.26,102,4,0,102
2024-03-26 04:30:00,2171.2,2171.49,2170.78,2170.83,172,4,0,172
2024-03-26 04:33:00,2170.85,2171.35,2170.28,2171.35,179,4,0,179
2024-03-26 04:36:00,2171.39,2171.62,2171.06,2171.38,103,4,0,103
2024-03-26 04:39:00,2171.36,2171.43,2170.54,2170.7,122,4,0,122
2024-03-26 04:42:00,2170.72,2170.86,2170.55,2170.86,79,4,0,79
2024-03-26 04:45:00,2170.85,2171.28,2170.63,2170.73,88,4,0,88
2024-03-26 04:48:00,2170.73,2170.86,2170.54,2170.79,160,4,0,160
2024-03-26 04:51:00,2170.79,2170.79,2170.37,2170.52,121,6,0,121
2024-03-26 04:54:00,2170.52,2170.8,2170.24,2170.53,131,4,0,131
2024-03-26 04:57:00,2170.52,2171.03,2170.41,2170.82,135,4,0,135
2024-03-26 05:00:00,2170.79,2171.05,2170.63,2170.91,111,4,0,111
2024-03-26 05:03:00,2170.93,2171.13,2170.67,2170.96,110,4,0,110
2024-03-26 05:06:00,2171.0,2171.2,2170.87,2171.16,126,4,0,126
2024-03-26 05:09:00,2171.15,2171.15,2169.78,2169.9,165,4,0,165
2024-03-26 05:12:00,2169.91,2169.99,2169.64,2169.75,146,4,0,146
2024-03-26 05:15:00,2169.75,2170.25,2169.75,2169.95,118,4,0,118
2024-03-26 05:18:00,2169.92,2170.48,2169.76,2170.43,147,4,0,147
2024-03-26 05:21:00,2170.42,2170.76,2170.3,2170.57,94,4,0,94
2024-03-26 05:24:00,2170.6,2170.75,2170.37,2170.61,81,4,0,81
2024-03-26 05:27:00,2170.59,2170.96,2170.56,2170.61,98,4,0,98
2024-03-26 05:30:00,2170.58,2170.89,2170.46,2170.89,100,4,0,100
2024-03-26 05:33:00,2170.81,2172.5,2170.7,2172.15,207,4,0,207
2024-03-26 05:36:00,2172.14,2172.3,2170.99,2171.75,254,4,0,254
2024-03-26 05:39:00,2171.77,2172.06,2171.31,2171.32,226,4,0,226
2024-03-26 05:42:00,2171.32,2171.37,2170.21,2170.34,72,4,0,72
2024-03-26 05:45:00,2170.33,2171.17,2170.26,2170.64,99,4,0,99
2024-03-26 05:48:00,2170.66,2171.03,2170.62,2170.87,81,4,0,81
2024-03-26 05:51:00,2170.88,2170.91,2170.4,2170.44,75,4,0,75
2024-03-26 05:54:00,2170.42,2170.51,2170.25,2170.25,81,4,0,81
2024-03-26 05:57:00,2170.25,2170.42,2170.0,2170.32,77,4,0,77
2024-03-26 06:00:00,2170.33,2170.45,2170.25,2170.45,53,4,0,53
2024-03-26 06:03:00,2170.44,2170.51,2170.15,2170.5,81,4,0,81
2024-03-26 06:06:00,2170.48,2170.82,2170.43,2170.61,58,4,0,58
2024-03-26 06:09:00,2170.64,2170.81,2170.48,2170.81,49,4,0,49
2024-03-26 06:12:00,2170.77,2170.77,2170.31,2170.64,65,4,0,65
2024-03-26 06:15:00,2170.64,2170.65,2170.31,2170.48,89,4,0,89
2024-03-26 06:18:00,2170.48,2170.86,2170.48,2170.8,43,4,0,43
2024-03-26 06:21:00,2170.8,2171.32,2170.73,2171.15,74,4,0,74
2024-03-26 06:24:00,2171.15,2172.06,2171.13,2171.76,230,4,0,230
2024-03-26 06:27:00,2171.76,2171.83,2171.4,2171.49,66,4,0,66
2024-03-26 06:30:00,2171.49,2171.58,2171.08,2171.08,38,4,0,38
2024-03-26 06:33:00,2171.17,2171.48,2171.16,2171.28,34,5,0,34
2024-03-26 06:36:00,2171.27,2171.53,2171.18,2171.5,57,6,0,57
2024-03-26 06:39:00,2171.5,2171.52,2171.14,2171.34,69,4,0,69
2024-03-26 06:42:00,2171.29,2171.43,2170.9,2170.9,52,5,0,52
2024-03-26 06:45:00,2170.89,2171.29,2170.89,2171.23,47,10,0,47
2024-03-26 06:48:00,2171.23,2171.42,2171.14,2171.41,47,7,0,47
2024-03-26 06:51:00,2171.45,2171.74,2171.34,2171.55,92,4,0,92
2024-03-26 06:54:00,2171.53,2171.82,2171.4,2171.82,47,4,0,47
2024-03-26 06:57:00,2171.84,2172.71,2171.79,2172.31,96,4,0,96
2024-03-26 07:00:00,2172.27,2172.27,2171.82,2171.93,82,7,0,82
2024-03-26 07:03:00,2171.86,2172.48,2171.82,2172.48,88,4,0,88
2024-03-26 07:06:00,2172.45,2172.82,2172.28,2172.74,88,4,0,88
2024-03-26 07:09:00,2172.55,2172.83,2172.08,2172.14,89,6,0,89
2024-03-26 07:12:00,2172.16,2172.61,2172.16,2172.51,78,4,0,78
2024-03-26 07:15:00,2172.52,2172.61,2171.94,2172.11,56,4,0,56
2024-03-26 07:18:00,2172.13,2172.33,2171.94,2171.95,52,6,0,52
2024-03-26 07:21:00,2171.95,2172.1,2171.74,2172.0,33,4,0,33
2024-03-26 07:24:00,2171.94,2171.94,2171.62,2171.63,38,6,0,38
2024-03-26 07:27:00,2171.63,2171.93,2171.43,2171.81,58,7,0,58
2024-03-26 07:30:00,2171.82,2172.52,2171.5,2172.44,158,7,0,158
2024-03-26 07:33:00,2172.41,2173.1,2172.23,2172.31,171,4,0,171
2024-03-26 07:36:00,2172.36,2172.69,2171.68,2172.5,205,4,0,205
2024-03-26 07:39:00,2172.54,2172.56,2171.55,2171.66,187,5,0,187
2024-03-26 07:42:00,2171.67,2171.86,2171.55,2171.57,111,4,0,111
2024-03-26 07:45:00,2171.57,2172.84,2171.57,2172.74,151,4,0,151
2024-03-26 07:48:00,2172.7,2173.42,2172.6,2173.29,143,4,0,143
2024-03-26 07:51:00,2173.31,2173.33,2172.65,2172.78,136,4,0,136
2024-03-26 07:54:00,2172.85,2173.18,2172.63,2172.83,124,4,0,124
2024-03-26 07:57:00,2172.83,2173.1,2172.77,2172.92,150,4,0,150
2024-03-26 08:00:00,2172.92,2173.11,2172.51,2172.83,171,4,0,171
2024-03-26 08:03:00,2172.79,2173.75,2172.71,2173.41,125,4,0,125
2024-03-26 08:06:00,2173.49,2173.88,2172.99,2173.7,186,4,0,186
2024-03-26 08:09:00,2173.71,2174.08,2173.28,2173.44,151,4,0,151
2024-03-26 08:12:00,2173.45,2173.49,2172.81,2173.31,124,4,0,124
2024-03-26 08:15:00,2173.31,2173.44,2172.83,2173.22,151,4,0,151
2024-03-26 08:18:00,2173.21,2173.26,2172.18,2172.27,203,4,0,203
2024-03-26 08:21:00,2172.28,2172.45,2171.74,2172.03,252,4,0,252
2024-03-26 08:24:00,2172.04,2172.52,2171.64,2171.88,225,4,0,225
2024-03-26 08:27:00,2171.94,2172.56,2171.75,2172.06,137,4,0,137
2024-03-26 08:30:00,2172.05,2172.93,2171.94,2172.52,257,4,0,257
2024-03-26 08:33:00,2172.49,2172.85,2172.33,2172.46,168,4,0,168
2024-03-26 08:36:00,2172.56,2172.58,2171.56,2172.06,228,4,0,228
2024-03-26 08:39:00,2172.09,2172.35,2171.67,2172.17,244,4,0,244
2024-03-26 08:42:00,2172.18,2172.38,2171.75,2171.82,180,4,0,180
2024-03-26 08:45:00,2171.83,2172.04,2171.55,2171.76,141,4,0,141
2024-03-26 08:48:00,2171.76,2171.76,2170.8,2171.08,161,4,0,161
2024-03-26 08:51:00,2171.08,2171.09,2170.52,2170.96,167,4,0,167
2024-03-26 08:54:00,2170.96,2171.45,2170.88,2171.22,154,4,0,154
2024-03-26 08:57:00,2171.22,2171.66,2171.17,2171.47,178,4,0,178
2024-03-26 09:00:00,2171.44,2171.6,2171.18,2171.32,160,4,0,160
2024-03-26 09:03:00,2171.37,2171.65,2171.21,2171.45,165,4,0,165
2024-03-26 09:06:00,2171.46,2171.55,2171.17,2171.48,162,4,0,162
2024-03-26 09:09:00,2171.47,2171.77,2170.66,2170.69,125,4,0,125
2024-03-26 09:12:00,2170.69,2170.69,2170.0,2170.19,110,4,0,110
2024-03-26 09:15:00,2170.19,2170.49,2169.99,2170.2,86,4,0,86
2024-03-26 09:18:00,2170.2,2170.2,2169.64,2169.64,158,4,0,158
2024-03-26 09:21:00,2169.7,2170.62,2169.7,2170.46,147,4,0,147
2024-03-26 09:24:00,2170.48,2171.47,2170.29,2171.33,156,4,0,156
2024-03-26 09:27:00,2171.33,2171.66,2170.94,2171.62,130,4,0,130
2024-03-26 09:30:00,2171.61,2172.37,2171.53,2171.94,164,4,0,164
2024-03-26 09:33:00,2171.94,2172.51,2171.84,2172.51,128,4,0,128
2024-03-26 09:36:00,2172.51,2173.49,2172.5,2173.28,207,4,0,207
2024-03-26 09:39:00,2173.29,2173.31,2172.46,2172.78,262,4,0,262
2024-03-26 09:42:00,2172.8,2174.02,2172.8,2173.94,221,4,0,221
2024-03-26 09:45:00,2173.86,2174.11,2173.41,2173.58,159,4,0,159
2024-03-26 09:48:00,2173.58,2173.58,2172.99,2173.24,144,4,0,144
2024-03-26 09:51:00,2173.24,2173.95,2173.24,2173.83,136,4,0,136
2024-03-26 09:54:00,2173.83,2174.31,2173.39,2173.59,197,4,0,197
2024-03-26 09:57:00,2173.59,2173.68,2172.82,2173.06,125,4,0,125
2024-03-26 10:00:00,2172.99,2173.08,2171.88,2172.2,324,4,0,324
2024-03-26 10:03:00,2172.23,2172.27,2171.59,2172.18,190,4,0,190
2024-03-26 10:06:00,2172.18,2173.54,2171.92,2173.54,240,4,0,240
2024-03-26 10:09:00,2173.53,2173.53,2172.79,2173.09,215,4,0,215
2024-03-26 10:12:00,2173.1,2173.66,2173.02,2173.66,186,4,0,186
2024-03-26 10:15:00,2173.66,2174.96,2173.58,2174.65,274,4,0,274
2024-03-26 10:18:00,2174.67,2175.53,2174.65,2175.31,182,4,0,182
2024-03-26 10:21:00,2175.38,2176.56,2175.35,2176.56,275,4,0,275
2024-03-26 10:24:00,2176.57,2177.11,2176.2,2176.29,317,4,0,317
2024-03-26 10:27:00,2176.29,2177.35,2176.2,2177.19,271,4,0,271
2024-03-26 10:30:00,2177.19,2178.26,2176.91,2177.3,369,4,0,369
2024-03-26 10:33:00,2177.29,2178.69,2177.18,2178.49,309,4,0,309
2024-03-26 10:36:00,2178.48,2178.81,2178.18,2178.58,271,4,0,271
2024-03-26 10:39:00,2178.58,2179.27,2178.58,2178.96,219,4,0,219
2024-03-26 10:42:00,2178.96,2179.25,2178.1,2178.24,306,4,0,306
2024-03-26 10:45:00,2178.24,2178.64,2178.03,2178.25,254,4,0,254
2024-03-26 10:48:00,2178.24,2178.33,2177.23,2177.41,251,4,0,251
2024-03-26 10:51:00,2177.33,2177.41,2176.97,2177.09,179,4,0,179
2024-03-26 10:54:00,2177.09,2177.63,2177.09,2177.63,121,4,0,121
2024-03-26 10:57:00,2177.6,2178.32,2177.53,2178.32,154,4,0,154
2024-03-26 11:00:00,2178.37,2179.64,2178.37,2179.61,202,4,0,202
2024-03-26 11:03:00,2179.61,2180.03,2179.31,2179.78,225,4,0,225
2024-03-26 11:06:00,2179.78,2180.02,2179.35,2179.67,228,4,0,228
2024-03-26 11:09:00,2179.69,2180.68,2179.68,2180.68,224,4,0,224
2024-03-26 11:12:00,2180.74,2183.94,2180.64,2183.94,334,4,0,334
2024-03-26 11:15:00,2183.85,2183.93,2181.94,2182.12,257,4,0,257
2024-03-26 11:18:00,2182.13,2184.08,2182.13,2183.5,271,4,0,271
2024-03-26 11:21:00,2183.5,2184.37,2183.13,2183.62,349,4,0,349
2024-03-26 11:24:00,2183.62,2184.35,2183.62,2184.18,270,4,0,270
2024-03-26 11:27:00,2184.18,2185.72,2184.18,2185.13,408,4,0,408
2024-03-26 11:30:00,2185.15,2187.34,2185.15,2186.83,678,4,0,678
2024-03-26 11:33:00,2186.82,2187.37,2186.06,2186.17,456,4,0,456
2024-03-26 11:36:00,2186.16,2187.0,2186.05,2186.42,295,4,0,295
2024-03-26 11:39:00,2186.42,2195.28,2186.12,2194.09,663,4,0,663
2024-03-26 11:42:00,2194.16,2194.88,2190.62,2192.01,704,4,0,704
2024-03-26 11:45:00,2192.07,2192.08,2190.16,2190.38,441,4,0,441
2024-03-26 11:48:00,2190.38,2192.41,2190.37,2191.71,349,4,0,349
2024-03-26 11:51:00,2191.71,2191.74,2190.42,2190.48,312,4,0,312
2024-03-26 11:54:00,2190.48,2191.46,2190.48,2191.06,355,4,0,355
2024-03-26 11:57:00,2191.06,2191.45,2190.61,2190.95,376,4,0,376
2024-03-26 12:00:00,2190.9,2192.24,2190.83,2191.59,376,4,0,376
2024-03-26 12:03:00,2191.59,2191.92,2191.07,2191.22,278,4,0,278
2024-03-26 12:06:00,2191.26,2191.66,2190.79,2191.27,198,4,0,198
2024-03-26 12:09:00,2191.32,2192.97,2191.08,2192.88,307,4,0,307
2024-03-26 12:12:00,2192.87,2193.12,2191.91,2192.17,234,4,0,234
2024-03-26 12:15:00,2192.18,2192.3,2191.46,2191.69,289,4,0,289
2024-03-26 12:18:00,2191.64,2192.14,2191.49,2191.88,224,4,0,224
2024-03-26 12:21:00,2191.86,2192.89,2191.75,2192.6,188,4,0,188
2024-03-26 12:24:00,2192.61,2194.67,2192.22,2193.94,342,4,0,342
2024-03-26 12:27:00,2193.94,2194.64,2193.07,2193.47,467,4,0,467
2024-03-26 12:30:00,2193.44,2195.12,2193.34,2194.88,344,4,0,344
2024-03-26 12:33:00,2194.88,2194.94,2193.76,2193.84,273,4,0,273
2024-03-26 12:36:00,2193.84,2194.13,2193.38,2193.88,219,4,0,219
2024-03-26 12:39:00,2193.88,2194.16,2193.22,2193.62,263,4,0,263
2024-03-26 12:42:00,2193.65,2194.23,2192.75,2193.11,278,4,0,278
2024-03-26 12:45:00,2193.14,2194.81,2193.03,2194.27,335,4,0,335
2024-03-26 12:48:00,2194.19,2195.64,2194.18,2195.19,286,4,0,286
2024-03-26 12:51:00,2195.19,2198.8,2194.67,2197.19,771,4,0,771
2024-03-26 12:54:00,2197.13,2200.12,2196.95,2198.13,580,4,0,580
2024-03-26 12:57:00,2198.13,2198.93,2197.75,2197.76,437,4,0,437
2024-03-26 13:00:00,2197.76,2197.82,2196.39,2197.13,317,4,0,317
2024-03-26 13:03:00,2197.13,2198.99,2197.13,2198.96,209,4,0,209
2024-03-26 13:06:00,2198.96,2199.0,2197.15,2197.43,282,4,0,282
2024-03-26 13:09:00,2197.5,2198.88,2197.34,2198.77,234,4,0,234
2024-03-26 13:12:00,2198.69,2199.08,2197.67,2197.68,232,4,0,232
2024-03-26 13:15:00,2197.58,2198.7,2196.15,2197.49,456,4,0,456
2024-03-26 13:18:00,2197.52,2198.48,2196.95,2197.04,265,4,0,265
2024-03-26 13:21:00,2197.03,2197.03,2195.75,2196.16,286,4,0,286
2024-03-26 13:24:00,2196.16,2196.51,2195.06,2195.25,298,4,0,298
2024-03-26 13:27:00,2195.25,2195.93,2195.16,2195.66,301,4,0,301
2024-03-26 13:30:00,2195.66,2196.2,2195.41,2195.75,210,4,0,210
2024-03-26 13:33:00,2195.77,2196.06,2195.09,2195.19,193,4,0,193
2024-03-26 13:36:00,2195.19,2196.36,2195.19,2195.95,200,4,0,200
2024-03-26 13:39:00,2195.95,2197.04,2195.66,2195.85,239,4,0,239
2024-03-26 13:42:00,2195.85,2196.98,2195.76,2196.85,209,4,0,209
2024-03-26 13:45:00,2196.85,2197.09,2195.67,2195.88,219,4,0,219
2024-03-26 13:48:00,2195.88,2196.17,2195.29,2196.15,256,4,0,256
2024-03-26 13:51:00,2196.15,2196.7,2195.96,2196.26,215,4,0,215
2024-03-26 13:54:00,2196.26,2196.71,2195.72,2196.71,294,4,0,294
2024-03-26 13:57:00,2196.71,2198.0,2196.36,2196.47,375,4,0,375
2024-03-26 14:00:00,2196.48,2197.25,2195.57,2195.65,318,4,0,318
2024-03-26 14:03:00,2195.65,2196.41,2195.65,2196.23,259,4,0,259
2024-03-26 14:06:00,2196.16,2196.81,2196.03,2196.32,187,4,0,187
2024-03-26 14:09:00,2196.33,2196.7,2196.03,2196.63,142,4,0,142
2024-03-26 14:12:00,2196.62,2197.26,2196.23,2196.39,235,4,0,235
2024-03-26 14:15:00,2196.39,2197.38,2196.39,2196.78,328,4,0,328
2024-03-26 14:18:00,2196.78,2196.78,2194.27,2194.74,391,4,0,391
2024-03-26 14:21:00,2194.75,2194.89,2193.27,2193.7,503,4,0,503
2024-03-26 14:24:00,2193.62,2194.94,2193.31,2194.0,485,4,0,485
2024-03-26 14:27:00,2194.0,2194.3,2193.8,2193.9,261,6,0,261
2024-03-26 14:30:00,2193.9,2194.38,2191.99,2193.33,589,4,0,589
2024-03-26 14:33:00,2193.34,2193.72,2191.84,2192.36,516,4,0,516
2024-03-26 14:36:00,2192.39,2193.24,2192.08,2193.02,504,4,0,504
2024-03-26 14:39:00,2193.02,2193.93,2189.5,2191.3,637,4,0,637
2024-03-26 14:42:00,2191.23,2191.64,2190.13,2190.14,591,4,0,591
2024-03-26 14:45:00,2190.14,2190.94,2188.57,2189.16,579,4,0,579
2024-03-26 14:48:00,2189.16,2189.6,2187.85,2188.55,401,4,0,401
2024-03-26 14:51:00,2188.55,2188.76,2187.59,2187.7,370,4,0,370
2024-03-26 14:54:00,2187.7,2187.7,2186.64,2187.34,458,4,0,458
2024-03-26 14:57:00,2187.33,2188.29,2187.06,2187.91,486,4,0,486
2024-03-26 15:00:00,2187.95,2189.18,2185.82,2189.18,753,4,0,753
2024-03-26 15:03:00,2189.19,2191.14,2188.89,2190.63,551,4,0,551
2024-03-26 15:06:00,2190.64,2190.73,2188.29,2188.75,342,4,0,342
2024-03-26 15:09:00,2188.68,2190.44,2188.45,2190.43,364,4,0,364
2024-03-26 15:12:00,2190.44,2192.11,2190.31,2191.77,540,4,0,540
2024-03-26 15:15:00,2191.77,2192.92,2191.3,2192.17,391,4,0,391
2024-03-26 15:18:00,2192.17,2192.27,2190.48,2191.17,330,4,0,330
2024-03-26 15:21:00,2191.17,2191.18,2188.1,2188.9,382,4,0,382
2024-03-26 15:24:00,2188.9,2191.12,2188.8,2189.63,561,4,0,561
2024-03-26 15:27:00,2189.58,2189.86,2188.47,2189.05,411,4,0,411
2024-03-26 15:30:00,2188.85,2189.95,2187.99,2188.36,772,4,0,772
2024-03-26 15:33:00,2188.38,2188.5,2187.38,2188.25,554,4,0,554
2024-03-26 15:36:00,2188.26,2188.63,2187.38,2188.03,575,4,0,575
2024-03-26 15:39:00,2188.0,2188.55,2178.45,2179.2,962,4,0,962
2024-03-26 15:42:00,2179.24,2181.91,2179.12,2180.87,1048,4,0,1048
2024-03-26 15:45:00,2180.87,2183.27,2180.38,2181.36,914,4,0,914
2024-03-26 15:48:00,2181.68,2184.13,2181.35,2184.06,771,4,0,771
2024-03-26 15:51:00,2184.13,2184.53,2183.35,2183.73,497,4,0,497
2024-03-26 15:54:00,2183.73,2183.79,2182.65,2182.98,378,4,0,378
2024-03-26 15:57:00,2182.98,2183.22,2181.95,2183.01,335,4,0,335
2024-03-26 16:00:00,2183.06,2185.4,2183.06,2184.9,689,4,0,689
2024-03-26 16:03:00,2184.9,2186.35,2184.52,2186.06,626,4,0,626
2024-03-26 16:06:00,2186.06,2186.06,2185.0,2185.49,491,4,0,491
2024-03-26 16:09:00,2185.48,2185.58,2184.5,2184.89,573,4,0,573
2024-03-26 16:12:00,2184.9,2185.24,2181.69,2182.04,725,4,0,725
2024-03-26 16:15:00,2182.04,2183.03,2180.68,2182.86,653,4,0,653
2024-03-26 16:18:00,2182.85,2185.28,2182.85,2183.97,644,4,0,644
2024-03-26 16:21:00,2183.97,2184.56,2181.71,2182.01,519,4,0,519
2024-03-26 16:24:00,2182.02,2183.12,2181.72,2182.93,511,4,0,511
2024-03-26 16:27:00,2182.94,2183.29,2182.05,2182.37,615,4,0,615
2024-03-26 16:30:00,2182.37,2182.62,2179.12,2179.4,687,4,0,687
2024-03-26 16:33:00,2179.41,2182.26,2179.4,2181.86,448,4,0,448
2024-03-26 16:36:00,2181.87,2182.5,2181.16,2182.12,416,4,0,416
2024-03-26 16:39:00,2182.12,2182.48,2181.04,2181.94,425,4,0,425
2024-03-26 16:42:00,2182.0,2183.64,2181.89,2183.37,501,4,0,501
2024-03-26 16:45:00,2183.41,2183.54,2182.62,2183.04,459,4,0,459
2024-03-26 16:48:00,2183.04,2183.15,2181.8,2181.93,425,4,0,425
2024-03-26 16:51:00,2181.93,2183.08,2180.44,2181.25,513,4,0,513
2024-03-26 16:54:00,2181.25,2181.35,2180.64,2180.84,274,4,0,274
2024-03-26 16:57:00,2180.84,2181.03,2179.33,2179.45,316,4,0,316
2024-03-26 17:00:00,2179.35,2181.66,2178.27,2178.48,627,4,0,627
2024-03-26 17:03:00,2178.48,2178.75,2177.78,2178.33,471,4,0,471
2024-03-26 17:06:00,2178.33,2179.26,2178.04,2178.6,339,4,0,339
2024-03-26 17:09:00,2178.61,2179.23,2178.55,2178.56,290,4,0,290
2024-03-26 17:12:00,2178.56,2178.87,2174.68,2177.01,686,4,0,686
2024-03-26 17:15:00,2177.01,2177.28,2175.63,2176.78,474,4,0,474
2024-03-26 17:18:00,2176.78,2178.2,2176.66,2177.04,489,4,0,489
2024-03-26 17:21:00,2177.0,2178.9,2176.87,2178.73,473,4,0,473
2024-03-26 17:24:00,2178.72,2178.74,2177.58,2178.36,435,4,0,435
2024-03-26 17:27:00,2178.38,2178.71,2177.62,2177.93,311,4,0,311
2024-03-26 17:30:00,2177.88,2177.89,2176.32,2177.02,348,4,0,348
2024-03-26 17:33:00,2176.95,2177.26,2176.58,2176.64,371,4,0,371
2024-03-26 17:36:00,2176.64,2176.64,2173.14,2174.57,607,4,0,607
2024-03-26 17:39:00,2174.57,2174.57,2171.69,2172.2,736,4,0,736
2024-03-26 17:42:00,2172.2,2174.59,2171.85,2174.38,561,4,0,561
2024-03-26 17:45:00,2174.44,2175.41,2173.9,2174.5,487,4,0,487
2024-03-26 17:48:00,2174.52,2175.46,2174.42,2175.19,364,4,0,364
2024-03-26 17:51:00,2175.21,2175.76,2174.68,2175.05,426,4,0,426
2024-03-26 17:54:00,2175.08,2175.19,2173.67,2174.87,419,4,0,419
2024-03-26 17:57:00,2174.89,2175.03,2174.09,2174.33,358,4,0,358
2024-03-26 18:00:00,2174.33,2176.13,2174.33,2174.86,536,4,0,536
2024-03-26 18:03:00,2174.86,2176.39,2174.54,2176.25,539,4,0,539
2024-03-26 18:06:00,2176.25,2176.35,2174.54,2174.82,379,4,0,379
2024-03-26 18:09:00,2174.83,2175.58,2174.33,2174.91,288,4,0,288
2024-03-26 18:12:00,2174.91,2176.39,2174.82,2176.28,283,5,0,283
2024-03-26 18:15:00,2176.28,2176.7,2175.79,2176.23,357,4,0,357
2024-03-26 18:18:00,2176.24,2176.44,2175.56,2176.17,264,4,0,264
2024-03-26 18:21:00,2176.17,2177.05,2175.89,2175.9,282,4,0,282
2024-03-26 18:24:00,2175.9,2176.95,2175.9,2176.66,267,4,0,267
2024-03-26 18:27:00,2176.66,2176.93,2176.43,2176.83,198,4,0,198
2024-03-26 18:30:00,2176.83,2177.81,2176.74,2177.63,240,4,0,240
2024-03-26 18:33:00,2177.64,2178.17,2177.27,2178.17,188,4,0,188
2024-03-26 18:36:00,2178.17,2178.47,2177.6,2177.61,120,4,0,120
2024-03-26 18:39:00,2177.52,2177.71,2177.04,2177.31,157,4,0,157
2024-03-26 18:42:00,2177.22,2177.31,2176.44,2176.98,142,4,0,142
2024-03-26 18:45:00,2176.96,2177.28,2176.43,2177.22,196,4,0,196
2024-03-26 18:48:00,2177.22,2177.34,2176.74,2177.12,222,4,0,222
2024-03-26 18:51:00,2177.12,2177.69,2176.7,2176.91,245,4,0,245
2024-03-26 18:54:00,2176.91,2177.89,2176.81,2177.73,230,4,0,230
2024-03-26 18:57:00,2177.72,2177.93,2176.71,2176.8,154,4,0,154
2024-03-26 19:00:00,2176.8,2177.38,2176.03,2176.48,399,4,0,399
2024-03-26 19:03:00,2176.31,2177.77,2176.16,2177.27,380,4,0,380
2024-03-26 19:06:00,2177.34,2177.92,2177.16,2177.81,242,4,0,242
2024-03-26 19:09:00,2177.82,2178.06,2177.35,2177.92,376,4,0,376
2024-03-26 19:12:00,2177.92,2178.22,2177.56,2177.93,283,4,0,283
2024-03-26 19:15:00,2177.93,2178.22,2177.48,2177.77,323,4,0,323
2024-03-26 19:18:00,2177.74,2178.18,2177.45,2177.56,240,4,0,240
2024-03-26 19:21:00,2177.56,2178.23,2177.36,2177.63,310,4,0,310
2024-03-26 19:24:00,2177.64,2177.67,2176.99,2177.2,147,4,0,147
2024-03-26 19:27:00,2177.2,2177.4,2176.79,2176.8,205,4,0,205
2024-03-26 19:30:00,2176.79,2179.26,2176.79,2178.85,301,4,0,301
2024-03-26 19:33:00,2178.81,2179.21,2178.13,2178.63,296,4,0,296
2024-03-26 19:36:00,2178.61,2178.89,2178.5,2178.83,190,4,0,190
2024-03-26 19:39:00,2178.83,2178.83,2178.0,2178.1,170,4,0,170
2024-03-26 19:42:00,2178.09,2178.11,2177.32,2177.42,121,4,0,121
2024-03-26 19:45:00,2177.42,2177.62,2176.94,2177.43,194,4,0,194
2024-03-26 19:48:00,2177.36,2177.66,2177.15,2177.54,173,4,0,173
2024-03-26 19:51:00,2177.47,2177.82,2177.11,2177.14,235,4,0,235
2024-03-26 19:54:00,2177.14,2177.53,2177.11,2177.34,234,4,0,234
2024-03-26 19:57:00,2177.34,2177.52,2176.73,2176.83,207,4,0,207
2024-03-26 20:00:00,2176.83,2176.83,2176.51,2176.61,105,4,0,105
2024-03-26 20:03:00,2176.6,2177.07,2176.12,2176.98,221,4,0,221
2024-03-26 20:06:00,2176.94,2177.16,2176.58,2176.83,201,4,0,201
2024-03-26 20:09:00,2176.83,2177.03,2176.22,2176.22,171,4,0,171
2024-03-26 20:12:00,2176.22,2176.51,2176.11,2176.22,88,4,0,88
2024-03-26 20:15:00,2176.22,2176.61,2176.02,2176.41,146,4,0,146
2024-03-26 20:18:00,2176.32,2176.71,2176.32,2176.49,175,4,0,175
2024-03-26 20:21:00,2176.49,2177.07,2176.49,2176.96,104,4,0,104
2024-03-26 20:24:00,2176.96,2177.26,2176.86,2177.07,86,4,0,86
2024-03-26 20:27:00,2177.07,2177.47,2176.6,2177.12,253,4,0,253
2024-03-26 20:30:00,2177.12,2177.7,2177.11,2177.59,201,4,0,201
2024-03-26 20:33:00,2177.59,2178.16,2177.41,2178.16,98,4,0,98
2024-03-26 20:36:00,2178.16,2178.29,2177.61,2178.0,161,4,0,161
2024-03-26 20:39:00,2178.0,2178.48,2177.76,2178.39,127,4,0,127
2024-03-26 20:42:00,2178.39,2178.63,2178.18,2178.62,141,4,0,141
2024-03-26 20:45:00,2178.59,2178.63,2177.89,2178.01,181,4,0,181
2024-03-26 20:48:00,2177.92,2178.01,2177.81,2177.88,125,4,0,125
2024-03-26 20:51:00,2177.89,2178.01,2177.32,2177.5,113,4,0,113
2024-03-26 20:54:00,2177.52,2177.81,2177.35,2177.81,126,4,0,126
2024-03-26 20:57:00,2177.81,2177.99,2177.5,2177.64,234,4,0,234
2024-03-26 21:00:00,2177.66,2177.73,2177.44,2177.44,191,4,0,191
2024-03-26 21:03:00,2177.39,2178.14,2176.84,2176.94,214,4,0,214
2024-03-26 21:06:00,2176.94,2177.04,2176.53,2176.73,138,4,0,138
2024-03-26 21:09:00,2176.73,2177.17,2176.71,2177.04,115,4,0,115
2024-03-26 21:12:00,2177.04,2177.74,2177.04,2177.33,170,4,0,170
2024-03-26 21:15:00,2177.34,2177.39,2176.85,2176.96,210,4,0,210
2024-03-26 21:18:00,2176.96,2177.03,2176.72,2176.82,186,4,0,186
2024-03-26 21:21:00,2176.82,2177.35,2176.72,2176.84,137,4,0,137
2024-03-26 21:24:00,2176.84,2177.08,2176.84,2176.99,116,4,0,116
2024-03-26 21:27:00,2177.01,2177.09,2176.73,2176.73,75,4,0,75
2024-03-26 21:30:00,2176.76,2177.23,2176.73,2177.14,155,4,0,155
2024-03-26 21:33:00,2177.14,2177.64,2177.13,2177.64,183,4,0,183
2024-03-26 21:36:00,2177.64,2177.92,2177.52,2177.71,94,4,0,94
2024-03-26 21:39:00,2177.61,2177.72,2177.37,2177.61,61,4,0,61
2024-03-26 21:42:00,2177.61,2178.19,2177.6,2177.7,84,4,0,84
2024-03-26 21:45:00,2177.7,2178.2,2177.7,2178.07,61,4,0,61
2024-03-26 21:48:00,2178.07,2178.22,2177.68,2177.78,74,4,0,74
2024-03-26 21:51:00,2177.78,2177.87,2177.56,2177.78,70,4,0,70
2024-03-26 21:54:00,2177.78,2178.05,2177.68,2177.89,80,4,0,80
2024-03-26 21:57:00,2177.89,2178.09,2177.51,2177.91,160,4,0,160
2024-03-26 22:00:00,2177.93,2178.08,2177.8,2178.0,79,6,0,79
2024-03-26 22:03:00,2178.0,2178.08,2177.6,2177.6,42,4,0,42
2024-03-26 22:06:00,2177.6,2177.7,2177.4,2177.5,47,4,0,47
2024-03-26 22:09:00,2177.51,2177.59,2176.69,2176.99,64,4,0,64
2024-03-26 22:12:00,2176.99,2177.54,2176.99,2177.1,38,4,0,38
2024-03-26 22:15:00,2177.1,2177.2,2176.59,2176.59,36,4,0,36
2024-03-26 22:18:00,2176.59,2176.88,2176.5,2176.59,58,5,0,58
2024-03-26 22:21:00,2176.59,2176.59,2175.98,2176.37,56,4,0,56
2024-03-26 22:24:00,2176.37,2176.37,2176.18,2176.26,27,4,0,27
2024-03-26 22:27:00,2176.27,2176.27,2175.97,2175.97,15,4,0,15
2024-03-26 22:30:00,2175.98,2176.24,2174.82,2175.66,106,4,0,106
2024-03-26 22:33:00,2175.66,2175.86,2175.41,2175.85,40,4,0,40
2024-03-26 22:36:00,2175.85,2175.94,2175.21,2175.36,50,4,0,50
2024-03-26 22:39:00,2175.22,2175.43,2174.76,2174.95,60,4,0,60
2024-03-26 22:42:00,2174.95,2175.59,2174.71,2175.55,57,4,0,57
2024-03-26 22:45:00,2175.55,2176.57,2175.55,2176.57,61,6,0,61
2024-03-26 22:48:00,2176.57,2177.22,2176.45,2177.12,93,7,0,93
2024-03-26 22:51:00,2177.12,2178.43,2177.12,2178.1,88,6,0,88
2024-03-26 22:54:00,2178.1,2178.2,2177.71,2177.91,64,7,0,64
2024-03-26 22:57:00,2177.9,2178.67,2177.9,2178.67,43,4,0,43
2024-03-27 00:00:00,2177.68,2178.35,2176.77,2177.74,139,15,0,139
2024-03-27 00:03:00,2177.79,2178.69,2177.64,2178.17,106,4,0,106
2024-03-27 00:06:00,2178.17,2178.65,2178.17,2178.65,26,14,0,26
2024-03-27 00:09:00,2178.5,2178.93,2177.89,2178.55,125,11,0,125
2024-03-27 00:12:00,2178.55,2178.7,2178.2,2178.52,41,11,0,41
2024-03-27 00:15:00,2178.45,2178.65,2178.24,2178.34,48,9,0,48
2024-03-27 00:18:00,2178.35,2178.75,2178.35,2178.65,25,4,0,25
2024-03-27 00:21:00,2178.65,2178.65,2178.23,2178.23,25,4,0,25
2024-03-27 00:24:00,2178.23,2178.65,2177.94,2178.47,52,7,0,52
2024-03-27 00:27:00,2178.53,2179.47,2178.35,2178.36,86,4,0,86
2024-03-27 00:30:00,2178.36,2178.46,2177.97,2178.45,67,4,0,67
2024-03-27 00:33:00,2178.45,2178.65,2178.07,2178.07,53,6,0,53
2024-03-27 00:36:00,2178.1,2178.68,2178.1,2178.38,47,11,0,47
2024-03-27 00:39:00,2178.28,2179.49,2178.1,2178.4,62,4,0,62
2024-03-27 00:42:00,2178.42,2178.65,2178.39,2178.59,35,13,0,35
2024-03-27 00:45:00,2178.57,2178.76,2178.45,2178.65,35,17,0,35
2024-03-27 00:48:00,2178.76,2179.26,2178.74,2179.04,138,8,0,138
2024-03-27 00:51:00,2179.03,2179.14,2178.23,2178.43,61,4,0,61
2024-03-27 00:54:00,2178.43,2178.52,2178.33,2178.44,10,9,0,10
2024-03-27 00:57:00,2178.43,2178.43,2178.23,2178.43,16,8,0,16
2024-03-27 01:00:00,2178.43,2178.43,2178.23,2178.33,36,7,0,36
2024-03-27 01:03:00,2178.33,2178.81,2178.33,2178.76,69,7,0,69
2024-03-27 01:06:00,2178.76,2178.93,2178.36,2178.36,44,7,0,44
2024-03-27 01:09:00,2178.37,2178.56,2178.36,2178.44,26,7,0,26
2024-03-27 01:12:00,2178.45,2178.69,2178.24,2178.6,55,4,0,55
2024-03-27 01:15:00,2178.6,2178.6,2178.37,2178.42,13,4,0,13
2024-03-27 01:18:00,2178.41,2178.88,2178.41,2178.68,41,4,0,41
2024-03-27 01:21:00,2178.67,2178.72,2178.56,2178.64,18,7,0,18
2024-03-27 01:24:00,2178.66,2178.75,2178.43,2178.65,33,5,0,33
2024-03-27 01:27:00,2178.65,2178.97,2178.55,2178.61,55,4,0,55
2024-03-27 01:30:00,2178.64,2178.91,2178.57,2178.73,72,4,0,72
2024-03-27 01:33:00,2178.82,2179.2,2178.79,2179.13,50,4,0,50
2024-03-27 01:36:00,2179.06,2179.06,2178.4,2178.85,63,4,0,63
2024-03-27 01:39:00,2178.91,2178.91,2178.56,2178.6,24,6,0,24
2024-03-27 01:42:00,2178.63,2179.17,2178.63,2179.14,37,10,0,37
2024-03-27 01:45:00,2179.14,2179.72,2179.05,2179.59,193,8,0,193
2024-03-27 01:48:00,2179.55,2179.94,2179.22,2179.5,132,4,0,132
2024-03-27 01:51:00,2179.5,2179.74,2179.37,2179.47,108,4,0,108
2024-03-27 01:54:00,2179.47,2179.93,2179.37,2179.76,66,4,0,66
2024-03-27 01:57:00,2179.76,2179.76,2179.37,2179.5,65,4,0,65
2024-03-27 02:00:00,2179.5,2179.77,2179.3,2179.43,107,4,0,107
2024-03-27 02:03:00,2179.43,2179.51,2179.33,2179.43,21,4,0,21
2024-03-27 02:06:00,2179.82,2180.18,2179.37,2179.45,82,10,0,82
2024-03-27 02:09:00,2179.41,2179.54,2179.23,2179.23,78,4,0,78
2024-03-27 02:12:00,2179.23,2179.24,2178.65,2178.73,87,4,0,87
2024-03-27 02:15:00,2178.79,2178.79,2178.36,2178.41,56,7,0,56
2024-03-27 02:18:00,2178.4,2178.77,2177.55,2177.62,104,4,0,104
2024-03-27 02:21:00,2177.62,2177.93,2177.34,2177.69,73,4,0,73
2024-03-27 02:24:00,2177.74,2177.84,2177.44,2177.54,62,5,0,62
2024-03-27 02:27:00,2177.7,2177.8,2177.64,2177.76,39,12,0,39
2024-03-27 02:30:00,2177.79,2178.21,2177.64,2177.7,129,4,0,129
2024-03-27 02:33:00,2177.47,2177.53,2176.75,2176.88,168,4,0,168
2024-03-27 02:36:00,2176.9,2177.39,2176.86,2177.27,45,4,0,45
2024-03-27 02:39:00,2177.27,2177.42,2177.01,2177.16,43,4,0,43
2024-03-27 02:42:00,2177.13,2177.26,2176.9,2177.21,44,6,0,44
2024-03-27 02:45:00,2177.18,2178.04,2177.18,2178.04,79,7,0,79
2024-03-27 02:48:00,2178.04,2178.4,2177.74,2178.2,66,7,0,66
2024-03-27 02:51:00,2178.18,2178.18,2177.71,2177.86,55,10,0,55
2024-03-27 02:54:00,2177.83,2177.84,2177.4,2177.72,80,7,0,80
2024-03-27 02:57:00,2177.7,2177.72,2177.37,2177.52,59,9,0,59
2024-03-27 03:00:00,2177.47,2178.87,2177.47,2178.61,289,4,0,289
2024-03-27 03:03:00,2178.56,2180.19,2178.36,2179.94,217,4,0,217
2024-03-27 03:06:00,2179.93,2180.38,2179.5,2180.1,204,4,0,204
2024-03-27 03:09:00,2180.12,2180.21,2179.0,2179.05,146,4,0,146
2024-03-27 03:12:00,2179.1,2179.26,2178.7,2179.18,127,8,0,127
2024-03-27 03:15:00,2179.21,2179.76,2178.78,2179.45,193,6,0,193
2024-03-27 03:18:00,2179.42,2179.96,2178.55,2178.75,159,4,0,159
2024-03-27 03:21:00,2178.74,2178.83,2178.08,2178.26,127,5,0,127
2024-03-27 03:24:00,2178.27,2178.87,2178.14,2178.7,120,4,0,120
2024-03-27 03:27:00,2178.74,2178.78,2178.25,2178.65,117,4,0,117
2024-03-27 03:30:00,2178.65,2179.25,2178.09,2178.27,179,7,0,179
2024-03-27 03:33:00,2178.17,2178.57,2177.26,2177.44,257,4,0,257
2024-03-27 03:36:00,2177.44,2177.62,2176.98,2177.09,187,4,0,187
2024-03-27 03:39:00,2177.09,2177.09,2175.86,2176.03,220,4,0,220
2024-03-27 03:42:00,2175.98,2176.02,2173.28,2175.32,474,4,0,474
2024-03-27 03:45:00,2175.32,2175.51,2173.71,2174.51,394,4,0,394
2024-03-27 03:48:00,2174.49,2175.33,2173.9,2175.24,325,4,0,325
2024-03-27 03:51:00,2175.24,2175.24,2174.6,2175.12,198,4,0,198
2024-03-27 03:54:00,2175.12,2175.26,2174.36,2174.65,133,4,0,133
2024-03-27 03:57:00,2174.65,2175.34,2174.56,2175.13,149,4,0,149
2024-03-27 04:00:00,2175.12,2176.91,2174.93,2176.89,188,4,0,188
2024-03-27 04:03:00,2176.89,2177.56,2176.26,2177.44,147,5,0,147
2024-03-27 04:06:00,2177.44,2177.73,2176.75,2177.09,168,4,0,168
2024-03-27 04:09:00,2177.09,2177.13,2175.82,2175.93,156,6,0,156
2024-03-27 04:12:00,2175.91,2176.72,2175.59,2176.58,147,4,0,147
2024-03-27 04:15:00,2176.54,2176.59,2176.06,2176.24,75,7,0,75
2024-03-27 04:18:00,2176.25,2176.63,2175.88,2176.04,75,4,0,75
2024-03-27 04:21:00,2176.04,2176.44,2175.98,2176.22,45,5,0,45
2024-03-27 04:24:00,2176.17,2176.23,2175.95,2176.06,37,5,0,37
2024-03-27 04:27:00,2176.16,2177.02,2176.16,2176.93,85,5,0,85
2024-03-27 04:30:00,2176.93,2177.32,2176.46,2176.66,139,4,0,139
2024-03-27 04:33:00,2176.66,2176.66,2175.78,2176.27,117,4,0,117
2024-03-27 04:36:00,2176.29,2177.05,2176.29,2176.59,103,4,0,103
2024-03-27 04:39:00,2176.6,2176.75,2175.44,2175.74,138,4,0,138
2024-03-27 04:42:00,2175.54,2175.6,2175.02,2175.41,165,4,0,165
2024-03-27 04:45:00,2175.37,2175.75,2175.01,2175.2,190,4,0,190
2024-03-27 04:48:00,2175.2,2175.52,2174.75,2175.51,172,4,0,172
2024-03-27 04:51:00,2175.51,2176.08,2175.45,2175.91,98,4,0,98
2024-03-27 04:54:00,2175.9,2176.08,2175.78,2176.07,71,4,0,71
2024-03-27 04:57:00,2175.99,2176.13,2175.76,2176.06,92,4,0,92
2024-03-27 05:00:00,2176.0,2176.41,2175.8,2176.29,114,4,0,114
2024-03-27 05:03:00,2176.18,2176.4,2175.7,2176.07,98,4,0,98
2024-03-27 05:06:00,2176.06,2176.75,2176.06,2176.69,124,4,0,124
2024-03-27 05:09:00,2176.61,2176.91,2176.5,2176.82,91,4,0,91
2024-03-27 05:12:00,2176.82,2180.65,2176.82,2180.29,579,4,0,579
2024-03-27 05:15:00,2180.29,2181.73,2178.91,2179.84,533,4,0,533
2024-03-27 05:18:00,2179.84,2179.84,2178.56,2179.05,158,4,0,158
2024-03-27 05:21:00,2178.94,2180.35,2178.94,2179.83,157,4,0,157
2024-03-27 05:24:00,2179.84,2180.23,2179.03,2179.32,129,4,0,129
2024-03-27 05:27:00,2179.22,2179.52,2179.01,2179.38,94,4,0,94
2024-03-27 05:30:00,2179.43,2179.44,2179.0,2179.44,72,4,0,72
2024-03-27 05:33:00,2179.5,2179.61,2179.12,2179.42,65,4,0,65
2024-03-27 05:36:00,2179.32,2179.51,2178.72,2178.72,59,4,0,59
2024-03-27 05:39:00,2178.72,2178.82,2178.09,2178.19,76,4,0,76
2024-03-27 05:42:00,2178.2,2178.42,2178.12,2178.12,61,4,0,61
2024-03-27 05:45:00,2178.13,2178.56,2177.93,2178.53,67,4,0,67
2024-03-27 05:48:00,2178.43,2178.44,2178.15,2178.34,19,4,0,19
2024-03-27 05:51:00,2178.24,2178.53,2178.24,2178.24,33,4,0,33
2024-03-27 05:54:00,2178.24,2178.43,2178.13,2178.13,32,4,0,32
2024-03-27 05:57:00,2178.13,2178.43,2177.75,2177.75,39,4,0,39
2024-03-27 06:00:00,2177.75,2178.06,2177.39,2177.48,74,4,0,74
2024-03-27 06:03:00,2177.48,2177.59,2177.36,2177.41,45,4,0,45
2024-03-27 06:06:00,2177.4,2177.82,2177.39,2177.81,45,4,0,45
2024-03-27 06:09:00,2177.81,2178.33,2177.75,2178.0,90,4,0,90
2024-03-27 06:12:00,2177.97,2179.31,2177.88,2179.16,78,4,0,78
2024-03-27 06:15:00,2179.17,2179.45,2178.93,2179.45,51,4,0,51
2024-03-27 06:18:00,2179.46,2179.55,2179.3,2179.54,54,4,0,54
2024-03-27 06:21:00,2179.54,2180.0,2179.54,2179.71,53,4,0,53
2024-03-27 06:24:00,2179.71,2180.11,2179.69,2180.11,69,4,0,69
2024-03-27 06:27:00,2180.04,2180.07,2179.54,2179.55,52,4,0,52
2024-03-27 06:30:00,2179.55,2179.64,2178.62,2178.98,107,4,0,107
2024-03-27 06:33:00,2178.98,2179.15,2178.53,2178.61,67,6,0,67
2024-03-27 06:36:00,2178.64,2178.74,2178.47,2178.47,49,8,0,49
2024-03-27 06:39:00,2178.49,2178.72,2178.38,2178.46,36,5,0,36
2024-03-27 06:42:00,2178.47,2178.47,2178.14,2178.15,46,4,0,46
2024-03-27 06:45:00,2178.15,2178.45,2178.13,2178.42,60,5,0,60
2024-03-27 06:48:00,2178.32,2178.79,2178.12,2178.6,79,4,0,79
2024-03-27 06:51:00,2178.64,2178.81,2178.5,2178.53,59,4,0,59
2024-03-27 06:54:00,2178.52,2179.02,2178.52,2178.82,61,6,0,61
2024-03-27 06:57:00,2178.81,2178.82,2178.35,2178.38,56,4,0,56
2024-03-27 07:00:00,2178.39,2178.43,2178.14,2178.14,66,4,0,66
2024-03-27 07:03:00,2178.14,2178.34,2177.47,2177.48,53,4,0,53
2024-03-27 07:06:00,2177.49,2177.74,2177.26,2177.48,67,4,0,67
2024-03-27 07:09:00,2177.47,2177.47,2176.69,2176.69,30,4,0,30
2024-03-27 07:12:00,2176.7,2176.8,2176.43,2176.59,52,4,0,52
2024-03-27 07:15:00,2176.6,2176.6,2176.08,2176.57,60,4,0,60
2024-03-27 07:18:00,2176.6,2177.02,2176.56,2177.02,59,4,0,59
2024-03-27 07:21:00,2177.02,2177.43,2176.96,2177.3,55,7,0,55
2024-03-27 07:24:00,2177.32,2177.55,2177.09,2177.55,43,4,0,43
2024-03-27 07:27:00,2177.55,2177.65,2177.23,2177.56,52,4,0,52
2024-03-27 07:30:00,2177.58,2177.98,2176.87,2177.21,153,4,0,153
2024-03-27 07:33:00,2177.27,2177.27,2176.48,2176.66,98,7,0,98
2024-03-27 07:36:00,2176.66,2176.87,2175.76,2176.83,187,4,0,187
2024-03-27 07:39:00,2176.83,2177.36,2176.15,2177.29,142,4,0,142
2024-03-27 07:42:00,2177.31,2177.74,2176.96,2176.99,127,4,0,127
2024-03-27 07:45:00,2176.99,2177.78,2176.88,2177.74,109,4,0,109
2024-03-27 07:48:00,2177.74,2177.78,2177.32,2177.47,93,4,0,93
2024-03-27 07:51:00,2177.45,2177.58,2176.9,2177.07,113,4,0,113
2024-03-27 07:54:00,2177.05,2177.05,2176.32,2176.48,118,4,0,118
2024-03-27 07:57:00,2176.47,2177.37,2176.41,2177.07,93,4,0,93
2024-03-27 08:00:00,2177.07,2177.23,2176.59,2177.03,110,4,0,110
2024-03-27 08:03:00,2177.03,2177.87,2176.84,2177.87,88,4,0,88
2024-03-27 08:06:00,2177.87,2178.8,2177.87,2178.33,193,4,0,193
2024-03-27 08:09:00,2178.33,2179.21,2178.11,2178.77,161,4,0,161
2024-03-27 08:12:00,2178.82,2179.09,2178.51,2178.63,94,4,0,94
2024-03-27 08:15:00,2178.65,2178.96,2178.37,2178.57,106,4,0,106
2024-03-27 08:18:00,2178.56,2178.7,2177.95,2178.01,100,4,0,100
2024-03-27 08:21:00,2178.03,2178.36,2177.81,2177.97,113,4,0,113
2024-03-27 08:24:00,2177.97,2178.29,2177.76,2178.1,110,4,0,110
2024-03-27 08:27:00,2178.08,2178.81,2178.07,2178.32,93,4,0,93
2024-03-27 08:30:00,2178.32,2178.64,2177.98,2178.32,103,4,0,103
2024-03-27 08:33:00,2178.32,2178.55,2178.11,2178.37,103,5,0,103
2024-03-27 08:36:00,2178.3,2178.39,2177.35,2177.62,87,4,0,87
2024-03-27 08:39:00,2177.66,2178.43,2177.62,2178.41,114,4,0,114
2024-03-27 08:42:00,2178.41,2178.71,2178.24,2178.53,90,4,0,90
2024-03-27 08:45:00,2178.5,2179.85,2178.5,2179.67,144,4,0,144
2024-03-27 08:48:00,2179.74,2180.11,2178.95,2179.07,208,4,0,208
2024-03-27 08:51:00,2179.05,2179.31,2178.47,2178.8,139,4,0,139
2024-03-27 08:54:00,2178.83,2179.01,2177.63,2177.71,121,4,0,121
2024-03-27 08:57:00,2177.71,2178.04,2177.52,2177.69,133,4,0,133
2024-03-27 09:00:00,2177.62,2177.81,2177.28,2177.4,125,4,0,125
2024-03-27 09:03:00,2177.41,2177.6,2177.03,2177.53,101,4,0,101
2024-03-27 09:06:00,2177.52,2178.65,2177.52,2178.34,165,4,0,165
2024-03-27 09:09:00,2178.41,2179.48,2178.38,2179.31,163,4,0,163
2024-03-27 09:12:00,2179.31,2180.42,2179.03,2179.3,366,4,0,366
2024-03-27 09:15:00,2179.3,2179.99,2178.75,2178.91,166,4,0,166
2024-03-27 09:18:00,2178.93,2179.37,2178.73,2179.15,194,4,0,194
2024-03-27 09:21:00,2179.15,2180.1,2178.98,2179.73,209,4,0,209
2024-03-27 09:24:00,2179.63,2180.1,2179.04,2179.11,226,4,0,226
2024-03-27 09:27:00,2179.17,2180.15,2179.12,2180.1,232,4,0,232
2024-03-27 09:30:00,2180.1,2180.12,2179.29,2179.62,163,4,0,163
2024-03-27 09:33:00,2179.61,2179.7,2178.85,2179.34,240,4,0,240
2024-03-27 09:36:00,2179.33,2179.35,2179.0,2179.0,100,4,0,100
2024-03-27 09:39:00,2179.0,2179.38,2178.69,2179.26,179,4,0,179
2024-03-27 09:42:00,2179.25,2179.44,2178.95,2179.33,177,4,0,177
2024-03-27 09:45:00,2179.26,2180.14,2179.22,2179.99,135,4,0,135
2024-03-27 09:48:00,2179.98,2180.22,2179.67,2180.21,154,4,0,154
2024-03-27 09:51:00,2180.22,2180.85,2179.92,2180.82,185,4,0,185
2024-03-27 09:54:00,2180.82,2180.82,2179.71,2179.95,191,4,0,191
2024-03-27 09:57:00,2179.95,2180.56,2179.89,2180.55,228,4,0,228
2024-03-27 10:00:00,2180.56,2181.09,2180.37,2180.58,326,4,0,326
2024-03-27 10:03:00,2180.58,2180.87,2180.28,2180.86,272,4,0,272
2024-03-27 10:06:00,2180.86,2180.97,2180.55,2180.71,266,4,0,266
2024-03-27 10:09:00,2180.72,2180.89,2180.56,2180.78,185,4,0,185
2024-03-27 10:12:00,2180.92,2181.62,2180.58,2181.4,145,4,0,145
2024-03-27 10:15:00,2181.4,2182.75,2181.08,2182.62,218,4,0,218
2024-03-27 10:18:00,2182.62,2182.68,2181.78,2181.9,160,4,0,160
2024-03-27 10:21:00,2181.9,2181.96,2181.17,2181.27,152,4,0,152
2024-03-27 10:24:00,2181.27,2181.7,2180.9,2180.9,110,4,0,110
2024-03-27 10:27:00,2180.94,2180.97,2179.4,2179.59,162,4,0,162
2024-03-27 10:30:00,2179.61,2179.81,2179.29,2179.37,125,4,0,125
2024-03-27 10:33:00,2179.37,2179.42,2178.53,2178.61,131,4,0,131
2024-03-27 10:36:00,2178.61,2178.83,2178.07,2178.15,207,4,0,207
2024-03-27 10:39:00,2178.15,2179.18,2178.13,2178.67,215,4,0,215
2024-03-27 10:42:00,2178.66,2178.66,2177.19,2177.24,233,4,0,233
2024-03-27 10:45:00,2177.37,2178.53,2177.37,2177.68,219,4,0,219
2024-03-27 10:48:00,2177.68,2178.1,2176.61,2177.38,282,4,0,282
2024-03-27 10:51:00,2177.41,2178.32,2177.37,2178.13,168,4,0,168
2024-03-27 10:54:00,2178.13,2178.21,2177.61,2178.12,115,4,0,115
2024-03-27 10:57:00,2178.12,2178.15,2177.34,2177.46,155,4,0,155
2024-03-27 11:00:00,2177.46,2178.76,2176.54,2178.21,548,4,0,548
2024-03-27 11:03:00,2178.21,2179.49,2178.0,2179.48,428,4,0,428
2024-03-27 11:06:00,2179.5,2179.99,2179.13,2179.28,288,4,0,288
2024-03-27 11:09:00,2179.28,2180.03,2179.15,2179.97,229,4,0,229
2024-03-27 11:12:00,2179.97,2181.2,2179.96,2181.08,224,4,0,224
2024-03-27 11:15:00,2181.04,2181.6,2179.91,2179.92,347,4,0,347
2024-03-27 11:18:00,2179.92,2181.01,2179.82,2180.61,362,4,0,362
2024-03-27 11:21:00,2180.61,2180.87,2180.32,2180.82,326,4,0,326
2024-03-27 11:24:00,2180.82,2181.75,2180.6,2181.37,296,4,0,296
2024-03-27 11:27:00,2181.34,2181.36,2179.89,2179.99,312,4,0,312
2024-03-27 11:30:00,2179.97,2180.1,2179.53,2179.88,383,4,0,383
2024-03-27 11:33:00,2179.9,2180.96,2179.9,2180.89,227,4,0,227
2024-03-27 11:36:00,2180.87,2182.15,2180.87,2181.95,152,4,0,152
2024-03-27 11:39:00,2181.95,2182.06,2181.34,2181.7,248,4,0,248
2024-03-27 11:42:00,2181.71,2193.93,2181.71,2189.03,855,4,0,855
2024-03-27 11:45:00,2189.03,2191.91,2187.2,2187.83,513,4,0,513
2024-03-27 11:48:00,2187.82,2191.2,2187.32,2190.84,590,4,0,590
2024-03-27 11:51:00,2190.83,2191.13,2188.06,2190.2,490,4,0,490
2024-03-27 11:54:00,2190.2,2190.8,2188.25,2190.72,502,4,0,502
2024-03-27 11:57:00,2190.67,2191.8,2189.16,2189.3,539,4,0,539
2024-03-27 12:00:00,2189.3,2190.25,2188.8,2189.38,413,4,0,413
2024-03-27 12:03:00,2189.29,2191.03,2189.29,2190.86,383,4,0,383
2024-03-27 12:06:00,2190.86,2191.67,2189.87,2189.98,307,4,0,307
2024-03-27 12:09:00,2189.98,2190.6,2189.98,2190.49,269,4,0,269
2024-03-27 12:12:00,2190.44,2191.91,2190.06,2191.65,335,4,0,335
2024-03-27 12:15:00,2191.65,2192.38,2190.72,2192.26,363,4,0,363
2024-03-27 12:18:00,2192.26,2193.04,2191.87,2192.63,344,4,0,344
2024-03-27 12:21:00,2192.63,2193.14,2192.14,2192.79,287,4,0,287
2024-03-27 12:24:00,2192.87,2194.18,2192.67,2193.07,428,4,0,428
2024-03-27 12:27:00,2193.07,2194.37,2192.66,2192.9,517,4,0,517
2024-03-27 12:30:00,2192.85,2193.36,2192.5,2192.64,412,4,0,412
2024-03-27 12:33:00,2192.64,2193.19,2191.85,2191.96,356,4,0,356
2024-03-27 12:36:00,2192.04,2192.41,2191.02,2192.33,459,4,0,459
2024-03-27 12:39:00,2192.32,2192.7,2191.53,2191.99,304,4,0,304
2024-03-27 12:42:00,2191.99,2191.99,2191.22,2191.88,279,4,0,279
2024-03-27 12:45:00,2191.85,2192.4,2191.49,2191.69,226,4,0,226
2024-03-27 12:48:00,2191.7,2192.82,2191.58,2192.69,209,4,0,209
2024-03-27 12:51:00,2192.68,2193.28,2192.44,2192.44,232,4,0,232
2024-03-27 12:54:00,2192.44,2193.53,2192.44,2193.14,183,4,0,183
2024-03-27 12:57:00,2193.15,2194.53,2193.14,2193.86,284,4,0,284
2024-03-27 13:00:00,2193.86,2196.15,2193.78,2195.03,372,4,0,372
2024-03-27 13:03:00,2195.04,2195.6,2193.56,2193.58,265,4,0,265
2024-03-27 13:06:00,2193.58,2194.84,2193.58,2194.24,253,4,0,253
2024-03-27 13:09:00,2194.22,2195.15,2194.13,2194.74,241,4,0,241
2024-03-27 13:12:00,2194.74,2195.22,2194.38,2194.61,216,4,0,216
2024-03-27 13:15:00,2194.61,2195.38,2194.61,2195.24,175,4,0,175
2024-03-27 13:18:00,2195.24,2195.53,2194.91,2195.15,236,4,0,236
2024-03-27 13:21:00,2195.15,2197.35,2195.05,2195.9,499,4,0,499
2024-03-27 13:24:00,2195.89,2197.35,2195.81,2196.53,275,4,0,275
2024-03-27 13:27:00,2196.53,2196.59,2195.92,2196.02,254,4,0,254
2024-03-27 13:30:00,2196.02,2197.2,2196.02,2196.73,209,4,0,209
2024-03-27 13:33:00,2196.72,2197.66,2196.71,2197.41,135,4,0,135
2024-03-27 13:36:00,2197.41,2197.45,2196.5,2196.54,193,4,0,193
2024-03-27 13:39:00,2196.54,2196.79,2194.4,2194.41,299,4,0,299
2024-03-27 13:42:00,2194.41,2194.71,2190.74,2191.05,506,4,0,506
2024-03-27 13:45:00,2191.05,2191.83,2189.95,2190.4,339,4,0,339
2024-03-27 13:48:00,2190.4,2191.54,2189.55,2190.12,424,4,0,424
2024-03-27 13:51:00,2190.12,2190.12,2187.28,2188.67,392,4,0,392
2024-03-27 13:54:00,2188.68,2189.82,2187.98,2188.19,342,4,0,342
2024-03-27 13:57:00,2188.19,2189.71,2187.89,2188.48,297,4,0,297
2024-03-27 14:00:00,2188.48,2188.7,2187.72,2188.35,365,4,0,365
2024-03-27 14:03:00,2188.35,2188.78,2184.39,2187.65,673,4,0,673
2024-03-27 14:06:00,2187.66,2188.96,2186.83,2187.75,471,4,0,471
2024-03-27 14:09:00,2187.73,2187.97,2186.86,2187.6,347,4,0,347
2024-03-27 14:12:00,2187.6,2188.09,2186.47,2186.49,303,4,0,303
2024-03-27 14:15:00,2186.49,2187.72,2186.04,2186.93,315,4,0,315
2024-03-27 14:18:00,2186.92,2187.48,2185.54,2186.66,486,4,0,486
2024-03-27 14:21:00,2186.65,2188.39,2186.37,2187.7,320,4,0,320
2024-03-27 14:24:00,2187.71,2189.36,2187.51,2189.07,395,4,0,395
2024-03-27 14:27:00,2189.07,2189.39,2187.01,2187.37,327,4,0,327
2024-03-27 14:30:00,2187.37,2188.98,2187.09,2188.88,370,4,0,370
2024-03-27 14:33:00,2188.88,2188.92,2186.52,2186.91,300,4,0,300
2024-03-27 14:36:00,2186.91,2187.33,2185.6,2185.78,299,4,0,299
2024-03-27 14:39:00,2185.81,2187.01,2185.81,2186.04,264,4,0,264
2024-03-27 14:42:00,2186.04,2186.87,2185.36,2186.62,294,4,0,294
2024-03-27 14:45:00,2186.62,2187.64,2186.35,2186.63,284,4,0,284
2024-03-27 14:48:00,2186.6,2188.29,2186.3,2188.16,293,4,0,293
2024-03-27 14:51:00,2188.16,2188.16,2186.12,2187.5,313,4,0,313
2024-03-27 14:54:00,2187.5,2187.7,2186.5,2187.19,293,4,0,293
2024-03-27 14:57:00,2187.18,2187.4,2186.09,2186.13,232,4,0,232
2024-03-27 15:00:00,2186.13,2186.71,2184.34,2185.23,573,4,0,573
2024-03-27 15:03:00,2185.25,2185.56,2183.54,2184.66,422,4,0,422
2024-03-27 15:06:00,2184.67,2185.0,2183.92,2184.1,357,4,0,357
2024-03-27 15:09:00,2184.1,2185.48,2184.03,2185.21,327,4,0,327
2024-03-27 15:12:00,2185.2,2186.28,2185.2,2186.16,285,4,0,285
2024-03-27 15:15:00,2186.16,2186.96,2185.66,2186.26,314,4,0,314
2024-03-27 15:18:00,2186.26,2187.21,2185.62,2186.76,368,4,0,368
2024-03-27 15:21:00,2186.78,2187.13,2186.06,2186.87,291,4,0,291
2024-03-27 15:24:00,2186.88,2187.1,2186.38,2186.47,175,4,0,175
2024-03-27 15:27:00,2186.47,2186.74,2185.57,2185.8,213,4,0,213
2024-03-27 15:30:00,2185.79,2187.97,2185.56,2187.83,670,4,0,670
2024-03-27 15:33:00,2187.83,2188.83,2187.21,2187.21,645,4,0,645
2024-03-27 15:36:00,2187.2,2193.27,2187.2,2193.12,935,4,0,935
2024-03-27 15:39:00,2193.13,2193.13,2189.86,2190.32,723,4,0,723
2024-03-27 15:42:00,2190.35,2191.35,2189.43,2190.41,722,4,0,722
2024-03-27 15:45:00,2190.42,2191.11,2188.44,2189.86,732,4,0,732
2024-03-27 15:48:00,2189.87,2191.56,2189.18,2191.54,572,4,0,572
2024-03-27 15:51:00,2191.49,2192.42,2191.29,2192.05,512,4,0,512
2024-03-27 15:54:00,2192.05,2192.22,2190.92,2191.04,502,4,0,502
2024-03-27 15:57:00,2190.95,2193.54,2190.84,2193.42,720,4,0,720
2024-03-27 16:00:00,2193.43,2194.11,2192.23,2192.77,797,4,0,797
2024-03-27 16:03:00,2192.77,2194.08,2192.53,2192.94,659,4,0,659
2024-03-27 16:06:00,2192.95,2193.55,2192.14,2192.27,577,4,0,577
2024-03-27 16:09:00,2192.27,2192.46,2190.58,2190.61,499,4,0,499
2024-03-27 16:12:00,2190.66,2192.19,2190.1,2191.98,646,4,0,646
2024-03-27 16:15:00,2192.0,2192.09,2190.59,2191.21,542,4,0,542
2024-03-27 16:18:00,2191.21,2192.06,2190.27,2190.6,449,4,0,449
2024-03-27 16:21:00,2190.6,2191.01,2190.08,2190.08,361,4,0,361
2024-03-27 16:24:00,2190.02,2191.06,2189.86,2190.59,409,4,0,409
2024-03-27 16:27:00,2190.68,2192.85,2190.68,2192.28,376,4,0,376
2024-03-27 16:30:00,2192.34,2193.33,2191.72,2192.62,601,4,0,601
2024-03-27 16:33:00,2192.62,2192.98,2191.98,2192.93,625,4,0,625
2024-03-27 16:36:00,2192.99,2193.22,2191.47,2191.86,489,4,0,489
2024-03-27 16:39:00,2191.87,2192.97,2191.84,2192.67,539,4,0,539
2024-03-27 16:42:00,2192.67,2193.24,2191.3,2192.71,570,4,0,570
2024-03-27 16:45:00,2192.71,2193.35,2192.23,2192.93,446,4,0,446
2024-03-27 16:48:00,2192.94,2193.33,2192.32,2192.82,404,4,0,404
2024-03-27 16:51:00,2192.8,2194.03,2192.61,2193.63,428,4,0,428
2024-03-27 16:54:00,2193.69,2195.24,2193.69,2193.91,518,4,0,518
2024-03-27 16:57:00,2193.9,2194.15,2193.45,2193.51,511,4,0,511
2024-03-27 17:00:00,2193.53,2193.86,2192.97,2193.77,528,4,0,528
2024-03-27 17:03:00,2193.81,2194.12,2192.53,2192.82,370,4,0,370
2024-03-27 17:06:00,2192.82,2193.04,2192.11,2192.33,471,4,0,471
2024-03-27 17:09:00,2192.36,2193.26,2192.35,2193.03,374,4,0,374
2024-03-27 17:12:00,2193.04,2193.3,2192.59,2192.69,208,4,0,208
2024-03-27 17:15:00,2192.71,2193.09,2192.04,2192.08,271,4,0,271
2024-03-27 17:18:00,2192.1,2192.41,2191.01,2191.03,279,4,0,279
2024-03-27 17:21:00,2191.01,2191.7,2190.31,2190.68,379,4,0,379
2024-03-27 17:24:00,2190.62,2191.06,2189.77,2190.12,504,4,0,504
2024-03-27 17:27:00,2190.12,2190.13,2189.53,2189.6,188,4,0,188
2024-03-27 17:30:00,2189.61,2190.23,2188.46,2188.59,313,4,0,313
2024-03-27 17:33:00,2188.59,2189.96,2188.43,2189.94,393,4,0,393
2024-03-27 17:36:00,2189.94,2190.63,2189.64,2190.34,376,4,0,376
2024-03-27 17:39:00,2190.34,2190.6,2189.92,2190.05,391,4,0,391
2024-03-27 17:42:00,2190.05,2190.66,2190.05,2190.37,437,4,0,437
2024-03-27 17:45:00,2190.36,2190.59,2189.9,2190.49,373,4,0,373
2024-03-27 17:48:00,2190.49,2190.5,2189.52,2189.52,103,4,0,103
2024-03-27 17:51:00,2189.44,2189.91,2189.21,2189.77,474,4,0,474
2024-03-27 17:54:00,2189.77,2189.96,2189.17,2189.33,254,4,0,254
2024-03-27 17:57:00,2189.35,2190.52,2189.17,2190.52,416,4,0,416
2024-03-27 18:00:00,2190.52,2191.21,2190.41,2191.16,292,4,0,292
2024-03-27 18:03:00,2191.16,2191.41,2190.31,2190.34,251,4,0,251
2024-03-27 18:06:00,2190.34,2191.07,2189.94,2190.17,303,4,0,303
2024-03-27 18:09:00,2190.17,2190.78,2190.0,2190.77,335,4,0,335
2024-03-27 18:12:00,2190.77,2191.04,2190.34,2191.01,295,4,0,295
2024-03-27 18:15:00,2191.01,2191.35,2190.5,2190.99,344,4,0,344
2024-03-27 18:18:00,2190.99,2191.66,2190.17,2191.02,317,4,0,317
2024-03-27 18:21:00,2191.01,2191.59,2190.76,2191.3,353,4,0,353
2024-03-27 18:24:00,2191.3,2192.02,2191.3,2191.58,290,4,0,290
2024-03-27 18:27:00,2191.57,2191.86,2191.38,2191.49,190,4,0,190
2024-03-27 18:30:00,2191.51,2192.55,2191.49,2192.42,300,4,0,300
2024-03-27 18:33:00,2192.44,2192.83,2192.01,2192.1,244,4,0,244
2024-03-27 18:36:00,2192.1,2192.41,2191.88,2192.19,217,4,0,217
2024-03-27 18:39:00,2192.19,2192.47,2191.86,2192.06,160,4,0,160
2024-03-27 18:42:00,2192.06,2192.17,2191.27,2191.77,211,4,0,211
2024-03-27 18:45:00,2191.78,2191.78,2190.87,2191.28,253,4,0,253
2024-03-27 18:48:00,2191.28,2192.17,2191.28,2192.16,244,4,0,244
2024-03-27 18:51:00,2192.16,2192.67,2192.06,2192.26,221,4,0,221
2024-03-27 18:54:00,2192.26,2192.5,2191.98,2192.03,183,4,0,183
2024-03-27 18:57:00,2192.04,2192.56,2192.04,2192.51,269,4,0,269
2024-03-27 19:00:00,2192.52,2193.1,2192.11,2192.99,335,4,0,335
2024-03-27 19:03:00,2192.99,2193.65,2192.87,2193.15,337,4,0,337
2024-03-27 19:06:00,2193.15,2193.19,2192.52,2192.99,290,4,0,290
2024-03-27 19:09:00,2192.99,2192.99,2191.36,2191.36,273,4,0,273
2024-03-27 19:12:00,2191.37,2192.09,2191.16,2191.88,349,4,0,349
2024-03-27 19:15:00,2191.88,2192.26,2191.69,2192.22,314,4,0,314
2024-03-27 19:18:00,2192.24,2192.59,2191.69,2192.59,166,4,0,166
2024-03-27 19:21:00,2192.59,2192.97,2192.0,2192.85,293,4,0,293
2024-03-27 19:24:00,2192.87,2194.15,2192.69,2193.34,312,4,0,312
2024-03-27 19:27:00,2193.34,2194.14,2191.5,2192.04,459,4,0,459
2024-03-27 19:30:00,2192.05,2192.31,2191.11,2191.12,359,4,0,359
2024-03-27 19:33:00,2191.13,2191.34,2190.53,2191.34,366,4,0,366
2024-03-27 19:36:00,2191.34,2191.34,2190.44,2190.65,233,4,0,233
2024-03-27 19:39:00,2190.65,2191.14,2190.26,2190.56,218,4,0,218
2024-03-27 19:42:00,2190.56,2190.63,2189.96,2190.56,241,4,0,241
2024-03-27 19:45:00,2190.56,2191.34,2190.27,2190.94,263,4,0,263
2024-03-27 19:48:00,2190.98,2191.05,2190.0,2190.07,86,5,0,86
2024-03-27 19:51:00,2190.1,2190.1,2189.1,2189.81,255,4,0,255
2024-03-27 19:54:00,2189.86,2190.3,2189.4,2190.3,224,4,0,224
2024-03-27 19:57:00,2190.3,2190.72,2190.25,2190.43,103,4,0,103
2024-03-27 20:00:00,2190.46,2190.46,2189.46,2189.73,213,4,0,213
2024-03-27 20:03:00,2189.74,2189.91,2189.15,2189.88,155,4,0,155
2024-03-27 20:06:00,2189.93,2189.93,2189.35,2189.58,180,4,0,180
2024-03-27 20:09:00,2189.58,2190.56,2189.58,2190.56,120,4,0,120
2024-03-27 20:12:00,2190.57,2190.79,2190.38,2190.5,126,4,0,126
2024-03-27 20:15:00,2190.49,2190.69,2190.11,2190.12,110,4,0,110
2024-03-27 20:18:00,2190.12,2190.3,2189.98,2190.11,61,4,0,61
2024-03-27 20:21:00,2190.11,2190.6,2190.1,2190.39,109,4,0,109
2024-03-27 20:24:00,2190.4,2190.52,2189.97,2189.98,137,4,0,137
2024-03-27 20:27:00,2189.98,2190.38,2189.96,2190.17,217,4,0,217
2024-03-27 20:30:00,2190.17,2190.94,2190.17,2190.78,109,4,0,109
2024-03-27 20:33:00,2190.78,2191.26,2190.57,2190.76,104,4,0,104
2024-03-27 20:36:00,2190.68,2190.99,2190.57,2190.76,93,4,0,93
2024-03-27 20:39:00,2190.76,2191.28,2190.76,2191.18,85,4,0,85
2024-03-27 20:42:00,2191.18,2191.28,2190.87,2190.98,111,4,0,111
2024-03-27 20:45:00,2190.99,2191.28,2190.95,2191.15,82,4,0,82
2024-03-27 20:48:00,2191.15,2191.27,2191.06,2191.18,83,4,0,83
2024-03-27 20:51:00,2191.27,2191.69,2191.27,2191.58,129,4,0,129
2024-03-27 20:54:00,2191.49,2192.47,2191.48,2192.47,141,4,0,141
2024-03-27 20:57:00,2192.47,2192.51,2192.28,2192.51,106,4,0,106
2024-03-27 21:00:00,2192.55,2192.6,2191.9,2192.09,199,4,0,199
2024-03-27 21:03:00,2192.09,2192.4,2191.8,2191.8,146,4,0,146
2024-03-27 21:06:00,2191.81,2191.82,2191.38,2191.69,104,4,0,104
2024-03-27 21:09:00,2191.69,2191.82,2191.61,2191.82,68,4,0,68
2024-03-27 21:12:00,2191.81,2191.82,2191.11,2191.29,110,4,0,110
2024-03-27 21:15:00,2191.28,2191.61,2191.2,2191.38,116,4,0,116
2024-03-27 21:18:00,2191.38,2191.42,2191.05,2191.06,117,4,0,117
2024-03-27 21:21:00,2191.07,2191.65,2191.05,2191.45,83,4,0,83
2024-03-27 21:24:00,2191.44,2191.48,2191.09,2191.37,93,4,0,93
2024-03-27 21:27:00,2191.37,2191.48,2191.26,2191.38,51,4,0,51
2024-03-27 21:30:00,2191.38,2191.48,2190.89,2191.08,159,4,0,159
2024-03-27 21:33:00,2191.09,2191.3,2190.98,2190.99,148,4,0,148
2024-03-27 21:36:00,2190.99,2191.47,2190.91,2191.36,162,4,0,162
2024-03-27 21:39:00,2191.35,2191.9,2191.26,2191.65,137,4,0,137
2024-03-27 21:42:00,2191.63,2192.11,2191.45,2192.09,129,4,0,129
2024-03-27 21:45:00,2192.1,2192.1,2191.56,2191.98,118,4,0,118
2024-03-27 21:48:00,2191.9,2191.99,2191.7,2191.88,66,4,0,66
2024-03-27 21:51:00,2191.9,2192.88,2191.89,2192.85,142,4,0,142
2024-03-27 21:54:00,2192.79,2193.39,2192.78,2193.19,160,4,0,160
2024-03-27 21:57:00,2193.26,2194.33,2193.08,2193.45,247,4,0,247
2024-03-27 22:00:00,2193.5,2194.95,2193.5,2193.83,233,4,0,233
2024-03-27 22:03:00,2193.83,2194.02,2193.07,2193.15,145,4,0,145
2024-03-27 22:06:00,2193.15,2193.49,2192.99,2193.2,77,4,0,77
2024-03-27 22:09:00,2193.2,2193.6,2193.08,2193.5,58,4,0,58
2024-03-27 22:12:00,2193.4,2193.6,2193.29,2193.6,47,4,0,47
2024-03-27 22:15:00,2193.6,2194.21,2193.59,2194.15,95,4,0,95
2024-03-27 22:18:00,2194.15,2194.98,2194.09,2194.52,179,4,0,179
2024-03-27 22:21:00,2194.52,2194.87,2194.29,2194.72,73,4,0,73
2024-03-27 22:24:00,2194.71,2195.19,2194.51,2195.09,89,4,0,89
2024-03-27 22:27:00,2195.09,2195.19,2194.62,2194.81,98,4,0,98
2024-03-27 22:30:00,2194.81,2195.07,2194.79,2194.79,65,4,0,65
2024-03-27 22:33:00,2194.82,2195.12,2194.63,2194.73,69,4,0,69
2024-03-27 22:36:00,2194.77,2195.16,2194.77,2195.14,117,4,0,117
2024-03-27 22:39:00,2195.15,2195.27,2194.91,2194.99,61,4,0,61
2024-03-27 22:42:00,2195.0,2195.1,2194.55,2194.62,88,4,0,88
2024-03-27 22:45:00,2194.65,2194.98,2194.58,2194.79,79,4,0,79
2024-03-27 22:48:00,2194.77,2194.97,2194.73,2194.82,98,4,0,98
2024-03-27 22:51:00,2194.82,2195.15,2194.82,2194.96,78,4,0,78
2024-03-27 22:54:00,2194.96,2194.96,2194.66,2194.75,46,4,0,46
2024-03-27 22:57:00,2194.75,2194.94,2194.63,2194.94,48,4,0,48
2024-03-28 00:00:00,2192.1,2192.74,2190.75,2190.86,83,44,0,83
2024-03-28 00:03:00,2191.71,2192.87,2191.39,2192.79,70,11,0,70
2024-03-28 00:06:00,2192.86,2193.27,2192.12,2192.68,214,4,0,214
2024-03-28 00:09:00,2192.68,2194.02,2192.18,2193.31,226,4,0,226
2024-03-28 00:12:00,2193.31,2193.5,2192.19,2193.26,199,4,0,199
2024-03-28 00:15:00,2193.26,2193.63,2192.95,2193.56,136,4,0,136
2024-03-28 00:18:00,2193.56,2193.75,2193.22,2193.43,73,4,0,73
2024-03-28 00:21:00,2193.41,2193.43,2193.23,2193.32,18,12,0,18
2024-03-28 00:24:00,2193.29,2193.42,2192.84,2192.84,36,8,0,36
2024-03-28 00:27:00,2192.84,2193.75,2192.09,2193.03,108,4,0,108
2024-03-28 00:30:00,2193.03,2193.14,2192.31,2192.5,54,6,0,54
2024-03-28 00:33:00,2192.43,2193.12,2192.39,2192.86,57,8,0,57
2024-03-28 00:36:00,2192.86,2192.91,2192.24,2192.42,60,6,0,60
2024-03-28 00:39:00,2192.23,2192.42,2191.79,2191.97,84,4,0,84
2024-03-28 00:42:00,2191.97,2192.21,2191.61,2192.21,46,12,0,46
2024-03-28 00:45:00,2192.34,2192.64,2190.93,2190.95,100,7,0,100
2024-03-28 00:48:00,2191.04,2191.04,2190.19,2190.95,107,4,0,107
2024-03-28 00:51:00,2190.95,2191.04,2190.92,2191.03,39,4,0,39
2024-03-28 00:54:00,2191.03,2191.04,2190.69,2190.95,33,4,0,33
2024-03-28 00:57:00,2190.95,2192.48,2190.79,2192.46,99,6,0,99
2024-03-28 01:00:00,2192.46,2192.46,2191.43,2191.54,91,7,0,91
2024-03-28 01:03:00,2191.45,2191.65,2191.15,2191.25,61,4,0,61
2024-03-28 01:06:00,2191.25,2192.01,2191.06,2191.74,104,4,0,104
2024-03-28 01:09:00,2191.74,2191.77,2191.53,2191.53,39,4,0,39
2024-03-28 01:12:00,2191.52,2191.67,2191.23,2191.56,68,4,0,68
2024-03-28 01:15:00,2191.56,2191.87,2191.54,2191.6,42,4,0,42
2024-03-28 01:18:00,2191.57,2191.82,2191.57,2191.77,39,4,0,39
2024-03-28 01:21:00,2191.67,2191.91,2191.65,2191.87,36,4,0,36
2024-03-28 01:24:00,2191.87,2191.9,2191.52,2191.65,41,4,0,41
2024-03-28 01:27:00,2191.65,2191.66,2191.42,2191.64,29,4,0,29
2024-03-28 01:30:00,2191.71,2192.4,2191.58,2192.02,81,4,0,81
2024-03-28 01:33:00,2192.03,2192.13,2191.72,2191.92,81,8,0,81
2024-03-28 01:36:00,2191.92,2191.98,2191.72,2191.82,23,9,0,23
2024-03-28 01:39:00,2191.82,2192.09,2191.82,2191.83,27,10,0,27
2024-03-28 01:42:00,2191.9,2191.9,2191.34,2191.34,36,10,0,36
2024-03-28 01:45:00,2191.34,2191.81,2191.34,2191.52,76,4,0,76
2024-03-28 01:48:00,2191.52,2191.81,2191.36,2191.36,71,4,0,71
2024-03-28 01:51:00,2191.37,2191.38,2190.76,2190.77,78,4,0,78
2024-03-28 01:54:00,2190.79,2191.1,2190.79,2191.08,67,4,0,67
2024-03-28 01:57:00,2191.08,2191.21,2190.68,2190.77,74,4,0,74
2024-03-28 02:00:00,2190.78,2190.95,2188.16,2188.63,292,4,0,292
2024-03-28 02:03:00,2188.69,2189.14,2187.72,2189.04,225,4,0,225
2024-03-28 02:06:00,2188.94,2189.73,2188.51,2189.42,173,4,0,173
2024-03-28 02:09:00,2189.45,2189.58,2187.89,2188.13,193,4,0,193
2024-03-28 02:12:00,2188.1,2188.1,2187.43,2187.93,180,4,0,180
2024-03-28 02:15:00,2187.93,2188.53,2187.93,2188.45,159,4,0,159
2024-03-28 02:18:00,2188.45,2188.85,2188.34,2188.72,73,4,0,73
2024-03-28 02:21:00,2188.72,2189.28,2188.49,2188.95,89,4,0,89
2024-03-28 02:24:00,2188.96,2189.73,2188.96,2189.42,96,4,0,96
2024-03-28 02:27:00,2189.42,2190.0,2189.21,2189.21,76,4,0,76
2024-03-28 02:30:00,2189.21,2190.3,2189.21,2190.3,107,4,0,107
2024-03-28 02:33:00,2190.3,2190.48,2190.17,2190.29,75,4,0,75
2024-03-28 02:36:00,2190.31,2190.37,2189.25,2189.46,102,4,0,102
2024-03-28 02:39:00,2189.49,2189.76,2188.49,2189.61,174,4,0,174
2024-03-28 02:42:00,2189.61,2189.87,2188.39,2188.56,184,4,0,184
2024-03-28 02:45:00,2188.59,2189.29,2188.55,2189.16,89,4,0,89
2024-03-28 02:48:00,2189.16,2190.02,2188.84,2189.06,224,4,0,224
2024-03-28 02:51:00,2189.05,2189.66,2188.94,2189.47,168,4,0,168
2024-03-28 02:54:00,2189.47,2189.65,2189.06,2189.36,104,4,0,104
2024-03-28 02:57:00,2189.26,2189.39,2189.06,2189.07,69,4,0,69
2024-03-28 03:00:00,2189.09,2189.58,2188.77,2189.0,258,4,0,258
2024-03-28 03:03:00,2189.03,2189.7,2188.96,2189.17,170,4,0,170
2024-03-28 03:06:00,2189.16,2189.17,2188.45,2188.5,139,4,0,139
2024-03-28 03:09:00,2188.5,2188.77,2187.81,2188.31,103,4,0,103
2024-03-28 03:12:00,2188.31,2188.37,2187.61,2188.0,186,4,0,186
2024-03-28 03:15:00,2188.09,2189.08,2188.0,2188.69,179,4,0,179
2024-03-28 03:18:00,2188.68,2188.87,2188.18,2188.67,168,4,0,168
2024-03-28 03:21:00,2188.66,2189.56,2188.66,2189.46,170,8,0,170
2024-03-28 03:24:00,2189.45,2190.19,2189.35,2190.16,162,5,0,162
2024-03-28 03:27:00,2190.14,2190.48,2189.53,2190.38,194,4,0,194
2024-03-28 03:30:00,2190.38,2190.52,2189.72,2189.89,245,4,0,245
2024-03-28 03:33:00,2189.89,2190.01,2189.03,2189.72,179,4,0,179
2024-03-28 03:36:00,2189.73,2190.42,2189.62,2189.73,133,6,0,133
2024-03-28 03:39:00,2189.73,2189.73,2188.33,2188.46,196,4,0,196
2024-03-28 03:42:00,2188.47,2188.78,2188.26,2188.38,119,9,0,119
2024-03-28 03:45:00,2188.39,2189.65,2188.36,2189.65,187,4,0,187
2024-03-28 03:48:00,2189.65,2190.35,2189.55,2189.84,172,4,0,172
2024-03-28 03:51:00,2189.85,2190.23,2189.85,2190.14,72,5,0,72
2024-03-28 03:54:00,2190.15,2190.26,2188.83,2188.92,178,4,0,178
2024-03-28 03:57:00,2188.94,2189.46,2188.94,2189.36,115,4,0,115
2024-03-28 04:00:00,2189.39,2189.85,2189.35,2189.54,187,4,0,187
2024-03-28 04:03:00,2189.56,2189.98,2189.4,2189.58,115,4,0,115
2024-03-28 04:06:00,2189.52,2189.7,2189.09,2189.68,137,4,0,137
2024-03-28 04:09:00,2189.77,2190.18,2189.31,2189.98,98,4,0,98
2024-03-28 04:12:00,2189.94,2191.45,2189.82,2191.25,169,4,0,169
2024-03-28 04:15:00,2191.32,2192.51,2191.15,2192.31,285,4,0,285
2024-03-28 04:18:00,2192.38,2192.74,2191.73,2192.73,140,4,0,140
2024-03-28 04:21:00,2192.83,2193.06,2192.03,2192.43,165,4,0,165
2024-03-28 04:24:00,2192.42,2194.54,2192.42,2194.54,238,4,0,238
2024-03-28 04:27:00,2194.54,2194.54,2193.59,2193.98,243,4,0,243
2024-03-28 04:30:00,2193.96,2196.12,2193.8,2195.11,339,4,0,339
2024-03-28 04:33:00,2195.14,2195.14,2193.92,2194.02,191,4,0,191
2024-03-28 04:36:00,2194.01,2194.47,2193.62,2193.81,194,4,0,194
2024-03-28 04:39:00,2193.72,2194.2,2193.42,2193.81,167,4,0,167
2024-03-28 04:42:00,2193.73,2194.34,2193.62,2194.13,111,4,0,111
2024-03-28 04:45:00,2194.13,2194.13,2193.29,2193.71,173,4,0,173
2024-03-28 04:48:00,2193.71,2194.78,2193.6,2194.68,165,6,0,165
2024-03-28 04:51:00,2194.73,2195.29,2194.5,2195.17,191,4,0,191
2024-03-28 04:54:00,2195.17,2195.46,2194.57,2194.76,150,4,0,150
2024-03-28 04:57:00,2194.76,2195.45,2194.57,2194.88,238,4,0,238
2024-03-28 05:00:00,2194.87,2195.22,2194.38,2194.39,101,4,0,101
2024-03-28 05:03:00,2194.43,2194.86,2194.37,2194.69,140,4,0,140
2024-03-28 05:06:00,2194.58,2194.7,2194.09,2194.29,98,4,0,98
2024-03-28 05:09:00,2194.29,2194.65,2194.18,2194.54,79,4,0,79
2024-03-28 05:12:00,2194.58,2194.75,2194.25,2194.75,118,4,0,118
2024-03-28 05:15:00,2194.69,2195.39,2194.59,2195.05,158,4,0,158
2024-03-28 05:18:00,2195.08,2195.16,2194.15,2194.4,221,4,0,221
2024-03-28 05:21:00,2194.4,2194.86,2194.14,2194.83,203,4,0,203
2024-03-28 05:24:00,2194.83,2195.2,2194.74,2194.84,132,4,0,132
2024-03-28 05:27:00,2194.8,2195.15,2194.7,2194.82,131,4,0,131
2024-03-28 05:30:00,2194.79,2195.66,2194.71,2195.66,83,4,0,83
2024-03-28 05:33:00,2195.66,2196.3,2195.61,2196.3,120,4,0,120
2024-03-28 05:36:00,2196.3,2196.45,2195.69,2196.16,106,7,0,106
2024-03-28 05:39:00,2196.19,2196.19,2195.55,2195.82,100,4,0,100
2024-03-28 05:42:00,2195.82,2195.89,2195.4,2195.77,90,4,0,90
2024-03-28 05:45:00,2195.77,2195.9,2195.41,2195.41,101,4,0,101
2024-03-28 05:48:00,2195.44,2195.45,2195.03,2195.3,63,4,0,63
2024-03-28 05:51:00,2195.24,2195.24,2194.51,2194.91,86,9,0,86
2024-03-28 05:54:00,2194.91,2195.16,2194.52,2194.79,90,4,0,90
2024-03-28 05:57:00,2194.74,2194.85,2194.21,2194.83,75,4,0,75
2024-03-28 06:00:00,2194.84,2194.95,2194.42,2194.46,100,4,0,100
2024-03-28 06:03:00,2194.46,2194.95,2194.46,2194.78,58,5,0,58
2024-03-28 06:06:00,2194.76,2195.07,2194.66,2195.07,37,4,0,37
2024-03-28 06:09:00,2195.08,2195.9,2195.08,2195.9,55,6,0,55
2024-03-28 06:12:00,2195.9,2196.47,2195.82,2196.35,85,4,0,85
2024-03-28 06:15:00,2196.35,2196.4,2195.93,2196.13,88,4,0,88
2024-03-28 06:18:00,2196.13,2196.97,2196.09,2196.46,112,4,0,112
2024-03-28 06:21:00,2196.36,2196.43,2195.47,2195.47,91,4,0,91
2024-03-28 06:24:00,2195.47,2195.66,2195.33,2195.46,66,4,0,66
2024-03-28 06:27:00,2195.48,2196.03,2195.36,2195.93,80,7,0,80
2024-03-28 06:30:00,2195.93,2196.26,2195.7,2195.72,105,8,0,105
2024-03-28 06:33:00,2195.74,2195.75,2195.29,2195.4,116,7,0,116
2024-03-28 06:36:00,2195.41,2195.63,2195.26,2195.53,77,4,0,77
2024-03-28 06:39:00,2195.54,2195.54,2194.73,2194.84,67,4,0,67
2024-03-28 06:42:00,2194.84,2195.13,2194.83,2195.04,49,5,0,49
2024-03-28 06:45:00,2195.04,2195.62,2194.94,2195.52,68,6,0,68
2024-03-28 06:48:00,2195.54,2195.59,2195.44,2195.57,33,9,0,33
2024-03-28 06:51:00,2195.51,2195.59,2195.37,2195.44,29,6,0,29
2024-03-28 06:54:00,2195.44,2195.65,2195.34,2195.65,38,4,0,38
2024-03-28 06:57:00,2195.66,2195.85,2195.29,2195.67,55,4,0,55
2024-03-28 07:00:00,2195.67,2195.94,2195.64,2195.74,88,4,0,88
2024-03-28 07:03:00,2195.77,2196.05,2195.29,2195.4,85,4,0,85
2024-03-28 07:06:00,2195.4,2195.49,2195.26,2195.31,43,4,0,43
2024-03-28 07:09:00,2195.27,2195.42,2194.92,2194.97,80,4,0,80
2024-03-28 07:12:00,2194.92,2195.2,2194.49,2195.06,80,4,0,80
2024-03-28 07:15:00,2195.06,2195.32,2194.94,2194.97,66,4,0,66
2024-03-28 07:18:00,2194.99,2195.42,2194.99,2195.26,104,4,0,104
2024-03-28 07:21:00,2195.26,2195.34,2194.83,2195.28,94,4,0,94
2024-03-28 07:24:00,2195.28,2195.84,2195.07,2195.62,127,4,0,127
2024-03-28 07:27:00,2195.62,2196.21,2195.52,2196.01,106,4,0,106
2024-03-28 07:30:00,2196.01,2196.88,2195.51,2196.85,229,4,0,229
2024-03-28 07:33:00,2196.86,2197.4,2196.01,2196.42,256,5,0,256
2024-03-28 07:36:00,2196.42,2196.58,2196.17,2196.54,134,6,0,134
2024-03-28 07:39:00,2196.54,2196.72,2196.13,2196.71,111,4,0,111
2024-03-28 07:42:00,2196.72,2198.26,2196.53,2198.0,237,5,0,237
2024-03-28 07:45:00,2198.0,2199.19,2197.99,2198.59,237,4,0,237
2024-03-28 07:48:00,2198.59,2200.69,2198.59,2200.26,222,4,0,222
2024-03-28 07:51:00,2200.27,2200.47,2198.6,2199.28,216,4,0,216
2024-03-28 07:54:00,2199.27,2199.43,2198.5,2198.5,145,4,0,145
2024-03-28 07:57:00,2198.5,2198.63,2197.33,2197.34,232,4,0,232
2024-03-28 08:00:00,2197.34,2197.48,2195.75,2197.31,299,4,0,299
2024-03-28 08:03:00,2197.29,2197.33,2196.21,2197.16,205,4,0,205
2024-03-28 08:06:00,2197.13,2197.19,2196.31,2196.43,183,6,0,183
2024-03-28 08:09:00,2196.35,2196.45,2196.12,2196.13,150,4,0,150
2024-03-28 08:12:00,2196.13,2196.43,2195.72,2195.72,125,4,0,125
2024-03-28 08:15:00,2195.8,2196.11,2195.47,2195.47,148,4,0,148
2024-03-28 08:18:00,2195.48,2196.09,2195.33,2196.05,168,4,0,168
2024-03-28 08:21:00,2196.06,2196.51,2195.24,2195.81,133,4,0,133
2024-03-28 08:24:00,2195.81,2196.91,2195.81,2196.81,146,4,0,146
2024-03-28 08:27:00,2196.87,2197.96,2196.83,2197.94,174,4,0,174
2024-03-28 08:30:00,2197.88,2197.97,2196.63,2196.76,209,4,0,209
2024-03-28 08:33:00,2196.81,2196.82,2195.84,2196.33,167,4,0,167
2024-03-28 08:36:00,2196.33,2198.03,2196.1,2197.46,197,4,0,197
2024-03-28 08:39:00,2197.46,2198.71,2197.36,2198.34,192,4,0,192
2024-03-28 08:42:00,2198.34,2198.34,2197.59,2197.78,178,4,0,178
2024-03-28 08:45:00,2197.78,2198.49,2197.58,2197.96,203,4,0,203
2024-03-28 08:48:00,2197.96,2199.0,2197.88,2198.8,173,4,0,173
2024-03-28 08:51:00,2198.72,2198.97,2198.25,2198.62,133,4,0,133
2024-03-28 08:54:00,2198.61,2198.78,2198.13,2198.43,98,4,0,98
2024-03-28 08:57:00,2198.43,2198.76,2197.99,2198.75,127,4,0,127
2024-03-28 09:00:00,2198.8,2198.9,2198.06,2198.3,146,4,0,146
2024-03-28 09:03:00,2198.25,2198.25,2197.15,2197.32,124,4,0,124
2024-03-28 09:06:00,2197.32,2197.42,2196.74,2196.85,156,4,0,156
2024-03-28 09:09:00,2196.89,2196.95,2195.76,2195.86,154,4,0,154
2024-03-28 09:12:00,2195.86,2196.18,2195.14,2196.18,244,4,0,244
2024-03-28 09:15:00,2196.15,2196.71,2195.8,2196.38,209,4,0,209
2024-03-28 09:18:00,2196.52,2196.75,2195.93,2195.94,225,4,0,225
2024-03-28 09:21:00,2195.94,2195.94,2194.82,2195.13,210,4,0,210
2024-03-28 09:24:00,2195.13,2195.44,2194.52,2194.89,302,4,0,302
2024-03-28 09:27:00,2194.81,2195.01,2194.09,2194.51,228,4,0,228
2024-03-28 09:30:00,2194.51,2194.94,2193.16,2193.16,385,4,0,385
2024-03-28 09:33:00,2193.13,2194.33,2192.97,2194.02,282,4,0,282
2024-03-28 09:36:00,2194.02,2194.9,2193.63,2194.35,249,4,0,249
2024-03-28 09:39:00,2194.33,2194.33,2193.38,2193.85,180,4,0,180
2024-03-28 09:42:00,2193.85,2193.97,2193.24,2193.42,184,4,0,184
2024-03-28 09:45:00,2193.42,2193.94,2193.02,2193.74,281,4,0,281
2024-03-28 09:48:00,2193.74,2194.02,2193.6,2193.74,149,4,0,149
2024-03-28 09:51:00,2193.74,2193.74,2192.73,2192.94,206,4,0,206
2024-03-28 09:54:00,2192.84,2194.39,2192.74,2194.2,299,4,0,299
2024-03-28 09:57:00,2194.19,2194.21,2193.46,2193.78,210,4,0,210
2024-03-28 10:00:00,2193.8,2193.93,2192.48,2192.5,355,4,0,355
2024-03-28 10:03:00,2192.4,2192.46,2190.88,2191.71,308,4,0,308
2024-03-28 10:06:00,2191.74,2192.78,2191.74,2192.78,237,4,0,237
2024-03-28 10:09:00,2192.83,2193.04,2191.94,2191.96,399,4,0,399
2024-03-28 10:12:00,2191.92,2193.51,2191.73,2193.01,400,4,0,400
2024-03-28 10:15:00,2193.01,2193.01,2192.54,2192.85,269,4,0,269
2024-03-28 10:18:00,2192.88,2193.91,2192.72,2193.56,416,4,0,416
2024-03-28 10:21:00,2193.54,2194.83,2193.24,2194.03,446,4,0,446
2024-03-28 10:24:00,2194.03,2195.42,2193.98,2195.06,442,4,0,442
2024-03-28 10:27:00,2195.06,2195.21,2194.0,2194.13,248,4,0,248
2024-03-28 10:30:00,2194.13,2194.72,2193.92,2194.33,165,4,0,165
2024-03-28 10:33:00,2194.33,2195.21,2194.14,2195.21,142,4,0,142
2024-03-28 10:36:00,2195.21,2196.12,2195.2,2195.87,239,4,0,239
2024-03-28 10:39:00,2195.87,2196.61,2195.87,2196.06,179,4,0,179
2024-03-28 10:42:00,2196.08,2197.43,2196.06,2196.31,269,4,0,269
2024-03-28 10:45:00,2196.3,2197.01,2195.82,2196.24,215,4,0,215
2024-03-28 10:48:00,2196.25,2196.35,2195.74,2195.95,133,4,0,133
2024-03-28 10:51:00,2195.95,2196.33,2195.55,2195.73,139,4,0,139
2024-03-28 10:54:00,2195.73,2196.32,2195.35,2195.53,198,4,0,198
2024-03-28 10:57:00,2195.54,2195.74,2194.84,2194.85,124,4,0,124
2024-03-28 11:00:00,2194.85,2194.85,2193.18,2193.18,231,4,0,231
2024-03-28 11:03:00,2193.18,2193.68,2192.9,2192.9,158,4,0,158
2024-03-28 11:06:00,2192.9,2193.31,2192.69,2192.81,217,4,0,217
2024-03-28 11:09:00,2192.81,2193.46,2192.5,2193.44,174,4,0,174
2024-03-28 11:12:00,2193.48,2194.7,2193.42,2194.32,186,4,0,186
2024-03-28 11:15:00,2194.32,2195.21,2194.31,2195.08,175,4,0,175
2024-03-28 11:18:00,2195.06,2195.78,2194.93,2195.28,211,4,0,211
2024-03-28 11:21:00,2195.24,2196.25,2195.01,2196.11,202,4,0,202
2024-03-28 11:24:00,2196.04,2196.25,2195.79,2195.95,206,4,0,206
2024-03-28 11:27:00,2195.91,2196.44,2195.8,2196.21,257,4,0,257
2024-03-28 11:30:00,2196.13,2196.28,2194.93,2195.22,373,4,0,373
2024-03-28 11:33:00,2195.16,2196.22,2195.07,2195.76,203,4,0,203
2024-03-28 11:36:00,2195.75,2195.96,2195.06,2195.86,181,4,0,181
2024-03-28 11:39:00,2195.76,2196.22,2195.03,2196.1,177,4,0,177
2024-03-28 11:42:00,2196.1,2196.68,2195.89,2196.58,142,4,0,142
