time,open,high,low,close,volume
2026-06-08 15:18:00,4323.52,4326.9,4322.94,4325.1,2221
2026-06-08 15:21:00,4325.1,4330.11,4324.91,4327.53,2353
2026-06-08 15:24:00,4327.53,4329.72,4326.6,4328.69,2137
2026-06-08 15:27:00,4328.69,4331.94,4328.1,4330.13,2202
2026-06-08 15:30:00,4329.97,4334.67,4329.61,4332.03,2242
2026-06-08 15:33:00,4332.03,4334.53,4327.6,4329.48,2159
2026-06-08 15:36:00,4329.46,4334.04,4329.41,4331.4,2188
2026-06-08 15:39:00,4331.42,4333.98,4328.54,4330.44,2211
2026-06-08 15:42:00,4330.45,4339.41,4330.1,4335.76,2321
2026-06-08 15:45:00,4335.74,4337.99,4334.53,4336.76,2183
2026-06-08 15:48:00,4336.75,4337.14,4330.84,4330.92,2228
2026-06-08 15:51:00,4330.9,4332.14,4327.13,4330.62,2249
2026-06-08 15:54:00,4330.65,4332.54,4328.98,4329.79,2157
2026-06-08 15:57:00,4329.79,4334.66,4329.06,4333.1,2272
2026-06-08 16:00:00,4333.15,4334.96,4325.99,4327.03,2820
2026-06-08 16:03:00,4327.06,4334.86,4326.95,4328.27,2506
2026-06-08 16:06:00,4328.25,4328.53,4323.3,4327.08,2268
2026-06-08 16:09:00,4327.08,4327.6,4324.09,4324.54,2262
2026-06-08 16:12:00,4324.56,4326.18,4323.23,4323.93,2140
2026-06-08 16:15:00,4323.95,4324.59,4321.32,4324.26,2222
2026-06-08 16:18:00,4324.26,4330.7,4323.22,4329.78,2193
2026-06-08 16:21:00,4329.8,4336.11,4328.59,4332.97,2428
2026-06-08 16:24:00,4332.93,4333.65,4329.29,4330.82,2161
2026-06-08 16:27:00,4330.82,4333.74,4330.12,4331.26,2164
2026-06-08 16:30:00,4331.28,4340.34,4331.07,4336.73,3107
2026-06-08 16:33:00,4336.73,4337.58,4332.46,4335.69,3066
2026-06-08 16:36:00,4335.66,4346.64,4335.03,4341.76,2845
2026-06-08 16:39:00,4341.73,4344.21,4338.75,4342.97,2703
2026-06-08 16:42:00,4342.91,4344.57,4335.34,4336.35,2560
2026-06-08 16:45:00,4336.32,4338.72,4333.59,4335.71,2623
2026-06-08 16:48:00,4335.73,4336.77,4328.4,4328.83,2561
2026-06-08 16:51:00,4328.79,4339.06,4328.72,4338.81,2536
2026-06-08 16:54:00,4338.84,4339.16,4330.22,4330.82,2525
2026-06-08 16:57:00,4330.81,4331.19,4326.21,4326.78,2566
2026-06-08 17:00:00,4327.03,4330.79,4325.1,4325.64,2747
2026-06-08 17:03:00,4325.6,4327.99,4319.33,4321.11,2589
2026-06-08 17:06:00,4321.08,4327.51,4319.05,4322.35,2566
2026-06-08 17:09:00,4322.36,4323.08,4316.65,4319.94,2493
2026-06-08 17:12:00,4319.95,4320.24,4317.25,4319.51,2491
2026-06-08 17:15:00,4319.52,4321.9,4316.98,4321.23,2506
2026-06-08 17:18:00,4321.24,4324.37,4319.2,4321.57,2473
2026-06-08 17:21:00,4321.58,4323.86,4318.79,4319.34,2469
2026-06-08 17:24:00,4319.36,4322.93,4315.89,4321.16,2441
2026-06-08 17:27:00,4321.16,4322.49,4318.52,4319.97,2333
2026-06-08 17:30:00,4320.06,4324.18,4318.53,4323.32,2351
2026-06-08 17:33:00,4323.22,4323.5,4320.16,4322.13,2373
2026-06-08 17:36:00,4322.13,4323.17,4315.73,4317.76,2348
2026-06-08 17:39:00,4317.84,4321.97,4314.83,4318.25,2382
2026-06-08 17:42:00,4318.28,4323.34,4316.23,4322.67,2464
2026-06-08 17:45:00,4322.66,4328.96,4322.63,4325.34,2483
2026-06-08 17:48:00,4325.37,4325.59,4317.03,4320.16,2423
2026-06-08 17:51:00,4320.14,4326.94,4319.64,4326.75,2566
2026-06-08 17:54:00,4326.73,4327.85,4324.47,4325.72,2253
2026-06-08 17:57:00,4325.68,4331.52,4325.25,4331.01,2273
2026-06-08 18:00:00,4331.02,4336.54,4330.55,4335.08,2246
2026-06-08 18:03:00,4335.09,4335.29,4327.62,4328.53,2234
2026-06-08 18:06:00,4328.53,4330.83,4325.94,4326.29,2125
2026-06-08 18:09:00,4326.27,4328.85,4325.31,4326.33,2143
2026-06-08 18:12:00,4326.3,4328.89,4325.21,4325.41,2087
2026-06-08 18:15:00,4325.42,4328.52,4323.0,4323.23,2186
2026-06-08 18:18:00,4323.23,4332.47,4322.61,4330.33,2467
2026-06-08 18:21:00,4330.33,4334.43,4329.31,4334.41,2385
2026-06-08 18:24:00,4334.41,4336.06,4329.02,4329.95,2466
2026-06-08 18:27:00,4330.0,4332.3,4329.54,4330.67,2304
2026-06-08 18:30:00,4330.67,4332.86,4328.63,4329.94,2575
2026-06-08 18:33:00,4329.95,4333.51,4329.41,4332.39,2466
2026-06-08 18:36:00,4332.38,4335.34,4331.27,4334.38,2445
2026-06-08 18:39:00,4334.39,4338.37,4333.82,4338.37,2299
2026-06-08 18:42:00,4338.4,4339.64,4335.39,4339.59,2379
2026-06-08 18:45:00,4339.07,4341.0,4335.06,4335.36,2198
2026-06-08 18:48:00,4335.35,4337.97,4334.52,4336.06,2438
2026-06-08 18:51:00,4336.03,4342.09,4335.64,4342.08,2231
2026-06-08 18:54:00,4342.07,4345.4,4340.89,4345.36,2219
2026-06-08 18:57:00,4345.35,4345.77,4341.1,4341.86,2100
2026-06-08 19:00:00,4341.88,4343.9,4338.6,4341.26,2164
2026-06-08 19:03:00,4341.25,4342.22,4339.26,4341.26,2204
2026-06-08 19:06:00,4341.24,4343.25,4340.17,4340.71,2289
2026-06-08 19:09:00,4340.85,4342.08,4338.18,4341.69,2153
2026-06-08 19:12:00,4341.73,4341.73,4340.06,4341.01,2142
2026-06-08 19:15:00,4341.01,4343.95,4340.36,4341.45,2159
2026-06-08 19:18:00,4341.46,4343.8,4341.42,4342.38,2062
2026-06-08 19:21:00,4342.38,4343.03,4339.79,4340.09,2178
2026-06-08 19:24:00,4340.16,4343.09,4339.85,4341.94,2212
2026-06-08 19:27:00,4341.96,4342.87,4340.42,4340.95,2219
2026-06-08 19:30:00,4340.95,4343.48,4340.95,4343.0,2290
2026-06-08 19:33:00,4343.04,4345.05,4342.05,4343.81,2282
2026-06-08 19:36:00,4343.81,4346.39,4342.26,4342.3,2205
2026-06-08 19:39:00,4342.29,4343.55,4340.64,4342.91,2254
2026-06-08 19:42:00,4342.91,4344.06,4341.49,4344.06,2161
2026-06-08 19:45:00,4344.08,4345.41,4342.43,4345.25,2034
2026-06-08 19:48:00,4345.2,4346.17,4343.25,4343.39,2162
2026-06-08 19:51:00,4343.39,4343.84,4339.49,4339.78,2364
2026-06-08 19:54:00,4339.78,4340.6,4337.87,4340.3,2215
2026-06-08 19:57:00,4340.28,4341.51,4339.93,4340.66,2040
2026-06-08 20:00:00,4340.67,4342.44,4339.2,4339.22,2248
2026-06-08 20:03:00,4339.2,4340.14,4336.83,4339.84,2226
2026-06-08 20:06:00,4339.86,4342.03,4339.56,4340.09,2174
2026-06-08 20:09:00,4340.11,4340.17,4337.4,4338.77,2140
2026-06-08 20:12:00,4338.8,4339.21,4336.11,4338.78,2248
2026-06-08 20:15:00,4338.78,4340.25,4338.11,4339.24,2237
2026-06-08 20:18:00,4339.23,4339.49,4336.56,4339.1,2206
2026-06-08 20:21:00,4339.07,4340.54,4335.59,4336.29,2220
2026-06-08 20:24:00,4336.3,4336.58,4333.84,4335.72,2250
2026-06-08 20:27:00,4335.73,4340.35,4335.68,4339.09,2348
2026-06-08 20:30:00,4339.1,4339.61,4334.66,4335.98,2250
2026-06-08 20:33:00,4335.98,4336.03,4332.03,4332.55,2219
2026-06-08 20:36:00,4332.53,4334.85,4332.04,4334.82,2289
2026-06-08 20:39:00,4334.82,4335.38,4333.81,4334.47,2448
2026-06-08 20:42:00,4334.47,4335.25,4333.85,4334.14,2188
2026-06-08 20:45:00,4334.1,4336.81,4334.1,4335.21,2343
2026-06-08 20:48:00,4335.22,4337.73,4334.81,4337.49,2136
2026-06-08 20:51:00,4337.48,4338.31,4336.19,4338.05,2074
2026-06-08 20:54:00,4338.05,4338.1,4335.8,4336.47,2075
2026-06-08 20:57:00,4336.45,4339.34,4336.33,4339.11,2022
2026-06-08 21:00:00,4339.12,4343.88,4338.61,4343.34,1949
2026-06-08 21:03:00,4343.36,4344.86,4342.88,4344.54,2039
2026-06-08 21:06:00,4344.53,4345.36,4342.33,4343.18,1968
2026-06-08 21:09:00,4343.21,4344.34,4342.25,4342.39,1955
2026-06-08 21:12:00,4342.42,4344.21,4340.8,4341.4,2004
2026-06-08 21:15:00,4341.39,4343.7,4341.37,4343.14,2030
2026-06-08 21:18:00,4343.1,4343.81,4341.82,4342.26,1973
2026-06-08 21:21:00,4342.27,4345.08,4342.08,4344.34,2019
2026-06-08 21:24:00,4344.35,4345.95,4343.78,4344.65,1964
2026-06-08 21:27:00,4344.64,4344.66,4342.12,4342.53,2032
2026-06-08 21:30:00,4342.54,4344.66,4341.44,4342.27,2033
2026-06-08 21:33:00,4342.25,4343.77,4340.24,4340.85,1957
2026-06-08 21:36:00,4340.79,4341.67,4337.4,4337.77,1993
2026-06-08 21:39:00,4337.78,4338.64,4336.9,4337.56,2030
2026-06-08 21:42:00,4337.53,4338.09,4336.38,4336.7,1961
2026-06-08 21:45:00,4336.69,4337.08,4334.7,4335.5,1933
2026-06-08 21:48:00,4335.5,4335.76,4334.48,4335.33,1906
2026-06-08 21:51:00,4335.34,4336.88,4332.96,4333.88,2005
2026-06-08 21:54:00,4333.89,4335.13,4333.73,4333.98,1989
2026-06-08 21:57:00,4334.0,4336.06,4333.43,4334.62,1968
2026-06-08 22:00:00,4334.64,4338.15,4334.09,4337.64,2088
2026-06-08 22:03:00,4337.66,4338.06,4335.05,4335.75,2089
2026-06-08 22:06:00,4335.74,4336.18,4333.41,4333.66,1939
2026-06-08 22:09:00,4333.66,4333.86,4330.14,4330.82,2099
2026-06-08 22:12:00,4330.85,4332.41,4329.62,4329.88,2067
2026-06-08 22:15:00,4329.9,4331.62,4328.24,4329.31,2063
2026-06-08 22:18:00,4329.34,4329.94,4328.2,4329.29,2050
2026-06-08 22:21:00,4329.32,4330.42,4327.0,4327.44,2107
2026-06-08 22:24:00,4327.45,4327.87,4326.03,4327.07,2132
2026-06-08 22:27:00,4327.05,4328.25,4326.34,4327.77,2064
2026-06-08 22:30:00,4327.8,4330.44,4327.32,4328.83,2226
2026-06-08 22:33:00,4328.82,4329.22,4326.27,4326.72,2092
2026-06-08 22:36:00,4326.72,4328.44,4326.0,4327.92,2029
2026-06-08 22:39:00,4327.92,4328.0,4324.34,4325.75,2110
2026-06-08 22:42:00,4325.75,4325.77,4324.24,4325.11,1985
2026-06-08 22:45:00,4325.13,4327.2,4324.78,4326.86,2178
2026-06-08 22:48:00,4326.87,4329.37,4325.66,4328.22,2019
2026-06-08 22:51:00,4328.22,4330.11,4328.22,4329.03,2024
2026-06-08 22:54:00,4329.05,4329.79,4323.51,4323.82,2234
2026-06-08 22:57:00,4323.8,4328.32,4323.36,4326.66,2333
2026-06-08 23:00:00,4326.68,4328.79,4326.49,4327.96,2020
2026-06-08 23:03:00,4327.96,4329.99,4327.77,4327.83,1850
2026-06-08 23:06:00,4327.85,4329.19,4327.69,4328.87,2216
2026-06-08 23:09:00,4328.87,4329.84,4327.13,4327.21,1849
2026-06-08 23:12:00,4327.2,4328.37,4326.52,4328.27,2216
2026-06-08 23:15:00,4328.24,4328.32,4324.56,4326.32,1883
2026-06-08 23:18:00,4326.3,4326.59,4325.36,4326.27,2016
2026-06-08 23:21:00,4326.26,4327.7,4325.94,4327.69,1808
2026-06-08 23:24:00,4327.7,4327.7,4324.47,4326.43,1859
2026-06-08 23:27:00,4326.44,4326.7,4325.63,4326.55,1823
2026-06-08 23:30:00,4326.56,4327.53,4326.23,4326.24,1920
2026-06-08 23:33:00,4326.23,4328.05,4325.69,4327.52,1750
2026-06-08 23:36:00,4327.54,4328.55,4326.83,4328.45,1761
2026-06-08 23:39:00,4328.48,4328.54,4326.27,4326.81,1796
2026-06-08 23:42:00,4326.81,4327.06,4325.44,4326.25,1809
2026-06-08 23:45:00,4326.26,4327.45,4325.62,4326.4,1856
2026-06-08 23:48:00,4326.39,4328.16,4326.29,4327.56,1840
2026-06-08 23:51:00,4327.57,4329.47,4327.41,4329.07,1803
2026-06-08 23:54:00,4329.07,4330.04,4328.59,4329.93,1794
2026-06-08 23:57:00,4329.93,4330.46,4329.53,4329.85,1198
2026-06-09 01:00:00,4331.39,4333.24,4328.32,4328.6,4931
2026-06-09 01:03:00,4328.58,4329.1,4326.53,4326.92,5079
2026-06-09 01:06:00,4326.94,4326.96,4324.99,4326.6,2358
2026-06-09 01:09:00,4326.6,4328.1,4326.57,4327.33,1754
2026-06-09 01:12:00,4327.34,4327.73,4324.52,4325.31,1834
2026-06-09 01:15:00,4325.3,4325.34,4322.79,4325.11,1867
2026-06-09 01:18:00,4325.11,4326.27,4324.24,4326.21,1789
2026-06-09 01:21:00,4326.21,4326.21,4324.5,4325.51,1800
2026-06-09 01:24:00,4325.49,4326.95,4324.5,4326.94,1846
2026-06-09 01:27:00,4326.93,4327.57,4324.64,4325.18,1785
2026-06-09 01:30:00,4325.19,4327.54,4324.98,4326.94,1793
2026-06-09 01:33:00,4326.92,4326.94,4325.27,4325.87,1787
2026-06-09 01:36:00,4325.86,4326.51,4325.39,4326.29,1746
2026-06-09 01:39:00,4326.29,4326.73,4325.08,4325.66,1756
2026-06-09 01:42:00,4325.66,4327.52,4325.66,4327.44,1763
2026-06-09 01:45:00,4327.45,4328.02,4326.92,4326.99,1741
2026-06-09 01:48:00,4326.96,4327.66,4326.49,4326.68,1734
2026-06-09 01:51:00,4326.68,4327.95,4326.15,4327.94,1754
2026-06-09 01:54:00,4327.92,4328.86,4327.73,4327.91,1808
2026-06-09 01:57:00,4327.9,4328.31,4327.76,4327.9,1710
2026-06-09 02:00:00,4327.93,4328.1,4327.03,4327.66,1795
2026-06-09 02:03:00,4327.65,4327.99,4325.21,4326.25,1783
2026-06-09 02:06:00,4326.26,4326.56,4325.79,4326.37,1726
2026-06-09 02:09:00,4326.35,4327.0,4325.74,4326.89,1734
2026-06-09 02:12:00,4326.9,4328.91,4326.77,4327.7,1840
2026-06-09 02:15:00,4327.67,4328.47,4327.54,4327.71,1792
2026-06-09 02:18:00,4327.71,4327.79,4326.31,4327.13,1822
2026-06-09 02:21:00,4327.12,4327.16,4325.37,4326.42,1775
2026-06-09 02:24:00,4326.44,4326.45,4323.26,4323.28,1816
2026-06-09 02:27:00,4323.27,4323.35,4320.58,4320.64,1806
2026-06-09 02:30:00,4320.66,4321.07,4317.91,4318.14,1944
2026-06-09 02:33:00,4318.12,4320.72,4315.31,4319.97,1852
2026-06-09 02:36:00,4319.97,4321.93,4319.9,4321.39,1790
2026-06-09 02:39:00,4321.4,4322.37,4320.41,4320.55,1784
2026-06-09 02:42:00,4320.52,4320.64,4319.32,4319.7,1809
2026-06-09 02:45:00,4319.71,4320.05,4316.11,4317.96,1924
2026-06-09 02:48:00,4317.98,4318.68,4313.6,4313.96,1919
2026-06-09 02:51:00,4313.94,4315.53,4312.97,4315.18,1873
2026-06-09 02:54:00,4315.21,4319.17,4314.24,4317.17,1986
2026-06-09 02:57:00,4317.17,4318.09,4316.07,4317.77,1898
2026-06-09 03:00:00,4317.78,4318.66,4315.39,4318.01,2361
2026-06-09 03:03:00,4318.03,4319.66,4316.21,4319.43,2392
2026-06-09 03:06:00,4319.43,4321.71,4318.55,4318.78,2427
2026-06-09 03:09:00,4318.79,4321.13,4318.37,4320.84,2231
2026-06-09 03:12:00,4320.83,4323.69,4320.68,4322.61,2179
2026-06-09 03:15:00,4322.62,4323.42,4320.2,4321.02,2150
2026-06-09 03:18:00,4321.04,4322.61,4319.1,4319.82,2117
2026-06-09 03:21:00,4319.81,4319.88,4317.43,4318.18,2182
2026-06-09 03:24:00,4318.15,4319.58,4317.45,4317.91,2079
2026-06-09 03:27:00,4317.88,4318.68,4316.62,4316.78,2089
2026-06-09 03:30:00,4316.8,4317.91,4315.35,4317.1,2035
2026-06-09 03:33:00,4317.09,4320.48,4315.14,4319.79,2157
2026-06-09 03:36:00,4319.77,4323.06,4318.71,4318.91,2179
2026-06-09 03:39:00,4318.9,4321.17,4317.86,4317.88,2103
2026-06-09 03:42:00,4317.86,4318.4,4317.46,4318.27,1985
2026-06-09 03:45:00,4318.26,4318.82,4316.85,4317.19,1967
2026-06-09 03:48:00,4317.21,4318.41,4315.08,4318.1,2006
2026-06-09 03:51:00,4318.11,4319.95,4316.1,4316.34,2129
2026-06-09 03:54:00,4316.34,4317.11,4315.48,4316.54,2008
2026-06-09 03:57:00,4316.51,4321.2,4316.25,4319.91,2012
2026-06-09 04:00:00,4319.87,4323.57,4318.63,4322.46,2590
2026-06-09 04:03:00,4322.45,4324.51,4320.65,4324.12,2476
2026-06-09 04:06:00,4324.11,4327.97,4323.03,4325.04,2418
2026-06-09 04:09:00,4325.13,4326.35,4321.44,4323.91,2240
2026-06-09 04:12:00,4323.91,4326.82,4322.66,4324.0,2389
2026-06-09 04:15:00,4323.99,4329.9,4323.43,4328.09,2469
2026-06-09 04:18:00,4328.11,4328.11,4322.39,4324.34,2405
2026-06-09 04:21:00,4324.35,4332.28,4324.35,4328.79,2378
2026-06-09 04:24:00,4328.81,4330.35,4326.86,4329.91,2224
2026-06-09 04:27:00,4329.92,4338.01,4329.37,4335.43,2245
2026-06-09 04:30:00,4335.44,4337.94,4332.96,4337.53,2064
2026-06-09 04:33:00,4337.53,4338.19,4335.93,4337.11,2046
2026-06-09 04:36:00,4337.09,4338.87,4334.5,4335.14,1978
2026-06-09 04:39:00,4335.13,4338.47,4334.98,4337.58,2061
2026-06-09 04:42:00,4337.57,4337.72,4332.87,4335.68,2044
2026-06-09 04:45:00,4335.68,4338.39,4335.58,4337.03,2069
2026-06-09 04:48:00,4337.08,4338.08,4333.93,4334.42,2174
2026-06-09 04:51:00,4334.41,4337.02,4334.23,4334.85,2059
2026-06-09 04:54:00,4334.86,4337.45,4333.09,4334.78,2185
2026-06-09 04:57:00,4334.8,4338.37,4333.53,4336.56,2111
2026-06-09 05:00:00,4336.59,4336.99,4332.77,4332.86,2163
2026-06-09 05:03:00,4332.84,4333.77,4328.94,4329.68,2188
2026-06-09 05:06:00,4329.71,4332.23,4328.31,4331.39,2159
2026-06-09 05:09:00,4331.41,4332.1,4329.5,4330.5,2092
2026-06-09 05:12:00,4330.51,4333.57,4330.32,4333.02,2014
2026-06-09 05:15:00,4333.04,4334.66,4330.17,4333.52,2091
2026-06-09 05:18:00,4333.5,4333.85,4331.66,4332.32,1982
2026-06-09 05:21:00,4332.31,4335.77,4331.81,4334.7,2090
2026-06-09 05:24:00,4334.67,4335.09,4332.22,4332.52,1980
2026-06-09 05:27:00,4332.39,4336.22,4332.35,4335.59,1977
2026-06-09 05:30:00,4335.56,4339.84,4333.82,4337.76,2190
2026-06-09 05:33:00,4337.75,4338.52,4333.16,4333.41,2120
2026-06-09 05:36:00,4333.4,4334.57,4331.16,4334.03,2130
2026-06-09 05:39:00,4334.02,4335.76,4333.59,4334.41,2048
2026-06-09 05:42:00,4334.41,4338.81,4334.39,4338.81,2046
2026-06-09 05:45:00,4338.89,4341.04,4338.82,4339.74,2010
2026-06-09 05:48:00,4339.74,4340.17,4337.26,4337.64,1958
2026-06-09 05:51:00,4337.64,4339.48,4335.0,4338.92,1980
2026-06-09 05:54:00,4338.93,4340.49,4337.04,4337.14,1999
2026-06-09 05:57:00,4337.14,4337.71,4334.93,4336.07,2081
2026-06-09 06:00:00,4336.06,4337.73,4335.09,4336.28,2074
2026-06-09 06:03:00,4336.28,4336.66,4331.13,4334.24,2150
2026-06-09 06:06:00,4334.22,4341.6,4334.15,4337.48,2274
2026-06-09 06:09:00,4337.47,4339.44,4337.41,4339.14,2000
2026-06-09 06:12:00,4339.15,4340.33,4338.04,4338.8,2062
2026-06-09 06:15:00,4338.84,4342.16,4338.78,4339.71,2117
2026-06-09 06:18:00,4339.7,4341.66,4338.97,4339.87,1958
2026-06-09 06:21:00,4339.85,4340.26,4335.17,4335.44,1975
2026-06-09 06:24:00,4335.45,4336.2,4333.52,4336.04,1951
2026-06-09 06:27:00,4336.02,4337.49,4335.65,4336.74,1927
2026-06-09 06:30:00,4336.65,4338.08,4334.77,4334.78,1902
2026-06-09 06:33:00,4334.78,4335.89,4333.61,4334.07,1885
2026-06-09 06:36:00,4334.05,4336.62,4333.66,4335.48,1849
2026-06-09 06:39:00,4335.48,4336.16,4334.76,4335.95,1795
2026-06-09 06:42:00,4335.93,4337.96,4334.81,4337.65,1842
2026-06-09 06:45:00,4337.67,4341.91,4337.64,4339.47,1892
2026-06-09 06:48:00,4339.47,4340.01,4338.13,4338.25,1874
2026-06-09 06:51:00,4338.25,4340.36,4337.24,4339.77,1839
2026-06-09 06:54:00,4339.79,4340.51,4338.38,4339.1,1817
2026-06-09 06:57:00,4339.11,4340.24,4334.44,4336.63,1839
2026-06-09 07:00:00,4336.65,4336.65,4333.26,4334.72,1841
2026-06-09 07:03:00,4334.73,4335.71,4334.48,4335.26,1810
2026-06-09 07:06:00,4335.27,4337.35,4335.27,4337.35,1788
2026-06-09 07:09:00,4337.36,4339.34,4336.63,4338.12,1818
2026-06-09 07:12:00,4338.14,4339.05,4332.3,4332.31,1868
2026-06-09 07:15:00,4332.32,4332.93,4330.31,4331.56,1849
2026-06-09 07:18:00,4331.56,4332.2,4329.39,4329.88,1853
2026-06-09 07:21:00,4329.88,4331.1,4328.76,4330.9,1840
2026-06-09 07:24:00,4330.9,4331.87,4330.13,4330.33,1816
2026-06-09 07:27:00,4330.34,4330.85,4329.32,4330.5,1819
2026-06-09 07:30:00,4330.48,4330.64,4325.89,4326.42,1910
2026-06-09 07:33:00,4326.44,4328.53,4324.27,4327.67,1913
2026-06-09 07:36:00,4327.7,4330.6,4327.65,4330.33,1946
2026-06-09 07:39:00,4330.31,4330.59,4328.0,4328.85,1861
2026-06-09 07:42:00,4328.85,4329.26,4326.93,4328.23,1849
2026-06-09 07:45:00,4328.23,4329.31,4326.99,4328.83,1795
2026-06-09 07:48:00,4328.83,4331.59,4328.0,4330.16,1854
2026-06-09 07:51:00,4330.17,4330.29,4327.95,4328.18,1818
2026-06-09 07:54:00,4328.19,4330.08,4326.22,4329.39,1815
2026-06-09 07:57:00,4329.39,4332.96,4328.03,4332.38,1858
2026-06-09 08:00:00,4332.39,4336.19,4332.33,4335.25,1895
2026-06-09 08:03:00,4335.25,4336.8,4334.68,4336.03,1837
2026-06-09 08:06:00,4336.03,4337.16,4334.59,4334.71,1826
2026-06-09 08:09:00,4334.7,4335.33,4332.01,4333.63,1858
2026-06-09 08:12:00,4333.61,4333.94,4330.97,4331.43,1901
2026-06-09 08:15:00,4331.42,4333.17,4330.65,4331.35,1910
2026-06-09 08:18:00,4331.34,4335.53,4331.32,4335.0,1874
2026-06-09 08:21:00,4335.0,4335.08,4331.08,4332.87,1924
2026-06-09 08:24:00,4332.88,4333.89,4332.2,4333.1,1950
2026-06-09 08:27:00,4333.08,4333.95,4332.17,4332.58,1884
2026-06-09 08:30:00,4332.55,4343.72,4331.53,4340.79,2287
2026-06-09 08:33:00,4340.76,4343.92,4338.74,4342.06,2189
2026-06-09 08:36:00,4342.06,4342.98,4339.82,4340.76,2078
2026-06-09 08:39:00,4340.76,4346.61,4340.74,4345.82,2072
2026-06-09 08:42:00,4345.85,4351.43,4345.81,4348.15,2181
2026-06-09 08:45:00,4348.13,4349.06,4343.3,4344.45,2041
2026-06-09 08:48:00,4344.43,4346.99,4342.95,4343.8,2046
2026-06-09 08:51:00,4343.79,4345.52,4343.09,4344.04,1966
2026-06-09 08:54:00,4344.04,4346.21,4341.64,4343.06,1932
2026-06-09 08:57:00,4343.03,4345.0,4342.48,4343.48,1991
2026-06-09 09:00:00,4343.46,4348.93,4342.83,4347.02,2155
2026-06-09 09:03:00,4347.0,4348.95,4344.23,4345.69,2089
2026-06-09 09:06:00,4345.71,4346.81,4344.31,4345.32,2096
2026-06-09 09:09:00,4345.32,4345.34,4342.03,4342.33,2076
2026-06-09 09:12:00,4342.3,4343.55,4340.09,4341.38,2063
2026-06-09 09:15:00,4341.37,4343.69,4340.88,4342.99,1971
2026-06-09 09:18:00,4342.93,4343.81,4340.9,4341.93,2018
2026-06-09 09:21:00,4341.95,4345.91,4341.95,4344.35,2021
2026-06-09 09:24:00,4344.33,4345.53,4342.37,4343.16,1960
2026-06-09 09:27:00,4343.17,4343.42,4338.22,4338.83,2101
2026-06-09 09:30:00,4339.1,4339.36,4332.57,4332.88,2120
2026-06-09 09:33:00,4332.86,4338.53,4331.92,4338.34,2124
2026-06-09 09:36:00,4338.36,4339.47,4336.48,4337.09,2053
2026-06-09 09:39:00,4337.08,4338.95,4336.41,4337.33,2118
2026-06-09 09:42:00,4337.35,4337.89,4334.43,4336.65,1978
2026-06-09 09:45:00,4336.64,4339.06,4336.32,4337.44,2006
2026-06-09 09:48:00,4337.46,4340.27,4336.06,4337.27,1926
2026-06-09 09:51:00,4337.28,4337.9,4335.4,4335.73,1901
2026-06-09 09:54:00,4335.73,4336.69,4333.44,4334.08,2044
2026-06-09 09:57:00,4334.06,4334.81,4330.27,4330.65,2028
2026-06-09 10:00:00,4330.69,4332.37,4328.53,4331.28,2263
2026-06-09 10:03:00,4331.29,4334.8,4329.85,4331.15,2243
2026-06-09 10:06:00,4331.13,4333.79,4330.39,4331.66,2073
2026-06-09 10:09:00,4331.67,4332.76,4328.56,4330.29,2002
2026-06-09 10:12:00,4330.28,4330.87,4326.98,4326.98,2087
2026-06-09 10:15:00,4326.92,4328.17,4322.99,4328.14,2174
2026-06-09 10:18:00,4328.15,4330.3,4327.45,4327.47,2267
2026-06-09 10:21:00,4327.48,4330.78,4325.76,4328.98,2047
2026-06-09 10:24:00,4328.99,4330.89,4328.19,4330.11,2412
2026-06-09 10:27:00,4330.1,4332.22,4329.25,4331.13,1978
2026-06-09 10:30:00,4331.1,4331.46,4326.1,4326.69,2010
2026-06-09 10:33:00,4326.7,4327.47,4323.92,4324.28,2040
2026-06-09 10:36:00,4324.3,4326.75,4323.2,4324.67,2014
2026-06-09 10:39:00,4324.74,4327.6,4322.26,4326.73,2093
2026-06-09 10:42:00,4326.74,4328.61,4326.63,4328.44,2226
2026-06-09 10:45:00,4328.43,4330.28,4327.91,4327.96,1902
2026-06-09 10:48:00,4327.95,4329.0,4325.1,4327.8,1889
2026-06-09 10:51:00,4327.8,4329.7,4325.47,4328.4,1988
2026-06-09 10:54:00,4328.42,4328.75,4327.1,4327.42,1836
2026-06-09 10:57:00,4327.43,4327.82,4325.81,4326.56,1968
2026-06-09 11:00:00,4326.57,4327.18,4322.66,4323.8,2170
2026-06-09 11:03:00,4323.88,4326.03,4321.26,4322.2,2140
2026-06-09 11:06:00,4322.29,4326.27,4321.18,4326.12,2192
2026-06-09 11:09:00,4326.11,4330.68,4325.52,4330.04,2394
2026-06-09 11:12:00,4330.06,4336.45,4329.77,4331.65,2377
2026-06-09 11:15:00,4331.66,4335.26,4331.41,4332.03,2164
2026-06-09 11:18:00,4332.0,4334.03,4331.47,4332.52,2109
2026-06-09 11:21:00,4332.53,4334.38,4332.02,4333.33,2042
2026-06-09 11:24:00,4333.31,4333.7,4331.55,4333.17,2095
2026-06-09 11:27:00,4333.18,4335.59,4333.15,4334.37,2008
2026-06-09 11:30:00,4334.39,4336.06,4333.56,4334.88,2046
2026-06-09 11:33:00,4334.89,4335.08,4330.43,4331.43,1938
2026-06-09 11:36:00,4331.43,4333.48,4330.62,4333.39,1881
2026-06-09 11:39:00,4333.4,4334.91,4332.91,4334.0,2086
2026-06-09 11:42:00,4334.02,4336.81,4333.8,4335.02,2056
2026-06-09 11:45:00,4335.03,4335.45,4330.48,4330.54,2391
2026-06-09 11:48:00,4330.57,4330.57,4325.86,4327.42,1950
2026-06-09 11:51:00,4327.43,4330.02,4327.31,4329.94,2246
2026-06-09 11:54:00,4329.86,4330.39,4328.57,4329.8,2181
2026-06-09 11:57:00,4329.8,4330.6,4326.59,4326.62,2101
2026-06-09 12:00:00,4326.62,4328.83,4325.22,4328.57,1975
2026-06-09 12:03:00,4328.57,4329.83,4328.05,4329.54,1941
2026-06-09 12:06:00,4329.55,4329.61,4327.2,4328.47,1952
2026-06-09 12:09:00,4328.48,4330.78,4328.4,4330.65,1967
2026-06-09 12:12:00,4330.68,4330.94,4327.63,4328.27,1963
2026-06-09 12:15:00,4328.37,4329.27,4328.09,4328.91,2004
2026-06-09 12:18:00,4328.92,4332.83,4327.98,4332.83,2136
2026-06-09 12:21:00,4332.73,4336.13,4331.68,4334.32,2020
2026-06-09 12:24:00,4334.35,4334.56,4332.22,4333.87,1914
2026-06-09 12:27:00,4333.88,4333.88,4324.19,4326.93,2098
2026-06-09 12:30:00,4326.91,4329.81,4326.14,4327.35,2146
2026-06-09 12:33:00,4327.37,4328.44,4325.71,4328.07,1992
2026-06-09 12:36:00,4328.07,4330.99,4327.6,4330.96,1890
2026-06-09 12:39:00,4330.95,4331.09,4328.45,4328.97,1947
2026-06-09 12:42:00,4328.99,4329.64,4325.03,4327.17,1890
2026-06-09 12:45:00,4327.15,4330.2,4326.67,4329.04,1917
2026-06-09 12:48:00,4329.02,4330.41,4328.74,4330.41,1894
2026-06-09 12:51:00,4330.4,4332.36,4329.92,4332.27,1887
2026-06-09 12:54:00,4332.27,4333.55,4331.49,4331.68,1852
2026-06-09 12:57:00,4331.69,4332.46,4330.7,4332.17,1834
2026-06-09 13:00:00,4332.18,4333.2,4331.31,4331.48,1949
2026-06-09 13:03:00,4331.51,4332.66,4330.22,4331.13,1969
2026-06-09 13:06:00,4331.14,4331.23,4325.06,4328.13,2205
2026-06-09 13:09:00,4328.16,4329.11,4325.75,4328.78,2104
2026-06-09 13:12:00,4328.78,4335.73,4328.52,4335.27,2077
2026-06-09 13:15:00,4335.28,4336.37,4334.08,4336.24,2011
2026-06-09 13:18:00,4336.25,4336.37,4333.82,4333.87,2007
2026-06-09 13:21:00,4333.84,4334.07,4331.35,4331.8,1929
2026-06-09 13:24:00,4331.8,4336.79,4331.71,4336.2,1948
2026-06-09 13:27:00,4336.2,4336.22,4333.5,4333.83,1936
2026-06-09 13:30:00,4333.85,4334.37,4332.27,4333.67,1939
2026-06-09 13:33:00,4333.66,4335.03,4332.25,4333.02,1892
2026-06-09 13:36:00,4333.05,4333.96,4332.6,4333.81,1952
2026-06-09 13:39:00,4333.8,4333.81,4330.54,4330.74,1866
2026-06-09 13:42:00,4330.78,4332.7,4329.71,4332.53,1914
2026-06-09 13:45:00,4332.52,4333.04,4331.19,4331.2,2327
2026-06-09 13:48:00,4331.21,4332.35,4330.54,4331.63,1899
2026-06-09 13:51:00,4331.61,4333.74,4330.27,4333.25,1842
2026-06-09 13:54:00,4333.24,4336.48,4333.2,4335.24,1993
2026-06-09 13:57:00,4335.24,4340.75,4335.23,4339.17,1996
2026-06-09 14:00:00,4339.2,4340.42,4337.66,4338.51,2016
2026-06-09 14:03:00,4338.48,4338.84,4335.76,4336.64,1909
2026-06-09 14:06:00,4336.65,4339.03,4335.64,4338.55,1928
2026-06-09 14:09:00,4338.49,4338.57,4335.98,4337.16,1922
2026-06-09 14:12:00,4337.16,4338.17,4335.98,4337.93,1886
2026-06-09 14:15:00,4337.93,4339.12,4336.15,4337.33,1882
2026-06-09 14:18:00,4337.31,4339.82,4336.36,4339.79,1861
2026-06-09 14:21:00,4339.77,4340.68,4338.22,4338.4,1854
2026-06-09 14:24:00,4338.38,4338.84,4336.5,4337.19,1868
2026-06-09 14:27:00,4337.18,4338.85,4336.3,4338.69,1872
2026-06-09 14:30:00,4338.71,4339.14,4337.29,4337.29,1864
2026-06-09 14:33:00,4337.29,4338.65,4336.83,4338.16,1832
2026-06-09 14:36:00,4338.15,4338.32,4336.82,4337.28,1809
2026-06-09 14:39:00,4337.3,4338.9,4336.95,4338.5,1824
2026-06-09 14:42:00,4338.49,4340.06,4338.09,4338.91,1977
2026-06-09 14:45:00,4338.88,4340.29,4337.35,4339.04,2040
2026-06-09 14:48:00,4339.02,4341.96,4338.85,4341.21,1907
2026-06-09 14:51:00,4341.2,4343.8,4340.7,4342.24,1919
2026-06-09 14:54:00,4342.24,4342.27,4339.75,4340.59,1906
2026-06-09 14:57:00,4340.59,4343.47,4339.65,4339.84,1881
2026-06-09 15:00:00,4339.89,4343.25,4339.79,4341.29,2018
2026-06-09 15:03:00,4341.26,4343.53,4341.08,4342.27,1905
2026-06-09 15:06:00,4342.26,4343.81,4342.16,4342.9,1900
2026-06-09 15:09:00,4342.9,4344.15,4342.89,4343.77,2031
2026-06-09 15:12:00,4343.74,4343.84,4340.77,4341.08,1984
2026-06-09 15:15:00,4341.09,4342.1,4338.84,4341.53,2039
2026-06-09 15:18:00,4341.52,4342.98,4338.34,4339.12,2020
2026-06-09 15:21:00,4339.11,4339.36,4337.17,4337.65,2027
2026-06-09 15:24:00,4337.67,4339.76,4337.65,4338.85,2098
2026-06-09 15:27:00,4338.86,4339.41,4335.3,4335.85,1949
2026-06-09 15:30:00,4335.83,4339.88,4334.84,4339.28,2170
2026-06-09 15:33:00,4339.28,4339.29,4334.97,4338.07,2082
2026-06-09 15:36:00,4338.07,4341.39,4337.74,4341.03,2071
2026-06-09 15:39:00,4341.02,4341.41,4339.02,4340.76,2066
2026-06-09 15:42:00,4340.72,4341.99,4340.11,4340.82,2016
2026-06-09 15:45:00,4340.85,4344.18,4339.88,4343.37,2009
2026-06-09 15:48:00,4343.38,4343.75,4341.19,4343.68,2048
2026-06-09 15:51:00,4343.67,4343.67,4338.66,4338.77,1992
2026-06-09 15:54:00,4338.78,4339.02,4336.92,4337.53,1975
2026-06-09 15:57:00,4337.56,4341.94,4336.64,4341.38,2071
2026-06-09 16:00:00,4341.4,4345.46,4340.11,4340.45,2635
2026-06-09 16:03:00,4340.45,4342.5,4338.14,4342.34,2290
2026-06-09 16:06:00,4342.32,4343.34,4338.94,4342.35,2302
2026-06-09 16:09:00,4342.37,4344.36,4340.59,4341.92,2176
2026-06-09 16:12:00,4341.91,4342.13,4339.82,4341.02,2063
2026-06-09 16:15:00,4341.02,4342.06,4336.91,4337.41,2167
2026-06-09 16:18:00,4337.4,4338.12,4333.5,4333.86,2102
2026-06-09 16:21:00,4333.87,4334.58,4331.62,4334.16,2047
2026-06-09 16:24:00,4334.15,4335.46,4332.37,4332.45,1985
2026-06-09 16:27:00,4332.47,4333.1,4330.22,4330.91,2081
2026-06-09 16:30:00,4330.93,4333.46,4328.84,4331.0,2408
2026-06-09 16:33:00,4331.0,4334.15,4329.55,4331.24,2330
2026-06-09 16:36:00,4331.27,4334.43,4330.36,4331.99,2241
2026-06-09 16:39:00,4332.0,4332.61,4325.16,4325.59,2218
2026-06-09 16:42:00,4325.57,4330.38,4325.45,4330.33,2147
2026-06-09 16:45:00,4330.35,4345.08,4329.22,4344.8,2326
2026-06-09 16:48:00,4344.8,4363.56,4342.28,4342.29,3075
2026-06-09 16:51:00,4342.29,4344.28,4335.25,4337.13,2759
2026-06-09 16:54:00,4337.12,4337.92,4327.49,4328.36,2851
2026-06-09 16:57:00,4328.35,4332.04,4326.53,4328.87,2475
2026-06-09 17:00:00,4328.9,4336.14,4327.28,4332.92,2704
2026-06-09 17:03:00,4333.01,4333.92,4326.39,4327.31,2861
2026-06-09 17:06:00,4327.33,4332.33,4324.97,4330.52,2867
2026-06-09 17:09:00,4330.58,4330.66,4325.06,4327.7,2841
2026-06-09 17:12:00,4327.72,4328.75,4319.83,4321.25,2883
2026-06-09 17:15:00,4321.24,4323.09,4310.54,4310.77,3109
2026-06-09 17:18:00,4310.81,4312.76,4306.05,4312.65,3376
2026-06-09 17:21:00,4312.64,4320.27,4311.55,4317.28,3046
2026-06-09 17:24:00,4317.27,4323.85,4316.35,4320.04,2897
2026-06-09 17:27:00,4320.08,4321.83,4315.97,4318.43,2837
2026-06-09 17:30:00,4318.41,4321.24,4312.06,4316.29,3232
2026-06-09 17:33:00,4316.29,4316.31,4310.1,4311.29,3245
2026-06-09 17:36:00,4311.33,4311.48,4304.96,4305.57,3400
2026-06-09 17:39:00,4305.59,4307.53,4302.85,4302.9,2800
2026-06-09 17:42:00,4302.88,4305.09,4285.04,4285.04,2933
2026-06-09 17:45:00,4285.03,4289.99,4278.67,4281.79,3226
2026-06-09 17:48:00,4281.74,4287.78,4279.46,4286.14,3495
2026-06-09 17:51:00,4286.11,4297.92,4285.3,4295.63,3078
2026-06-09 17:54:00,4295.66,4299.23,4292.78,4293.53,2944
2026-06-09 17:57:00,4293.65,4300.84,4293.33,4300.59,2731
2026-06-09 18:00:00,4300.55,4302.15,4291.96,4292.62,2898
2026-06-09 18:03:00,4292.64,4296.02,4291.17,4294.18,2802
2026-06-09 18:06:00,4294.18,4296.69,4290.01,4293.35,2849
2026-06-09 18:09:00,4293.38,4299.24,4291.27,4293.8,2583
2026-06-09 18:12:00,4293.78,4297.37,4289.47,4294.83,2624
2026-06-09 18:15:00,4294.86,4296.96,4293.08,4293.73,1908
2026-06-09 18:18:00,4293.72,4296.24,4291.44,4292.84,95
2026-06-09 18:21:00,4292.44,4292.5,4286.73,4286.82,87
2026-06-09 18:24:00,4287.02,4288.63,4283.83,4284.24,104
2026-06-09 18:27:00,4284.58,4285.25,4277.39,4278.78,81
2026-06-09 18:30:00,4281.18,4281.36,4263.77,4264.11,2275
2026-06-09 18:33:00,4264.18,4276.78,4263.54,4272.97,3393
2026-06-09 18:36:00,4272.77,4273.06,4263.16,4264.13,3362
2026-06-09 18:39:00,4264.09,4278.54,4263.92,4277.23,3220
2026-06-09 18:42:00,4277.23,4279.97,4276.35,4279.78,2873
2026-06-09 18:45:00,4279.76,4285.82,4279.75,4282.48,3034
2026-06-09 18:48:00,4282.47,4283.1,4276.49,4277.56,2706
2026-06-09 18:51:00,4277.55,4284.06,4276.5,4280.35,3091
2026-06-09 18:54:00,4280.35,4284.98,4276.85,4277.68,3131
2026-06-09 18:57:00,4277.67,4277.67,4272.35,4272.35,3061
2026-06-09 19:00:00,4272.4,4281.09,4270.88,4278.2,3271
2026-06-09 19:03:00,4278.21,4278.8,4269.0,4269.4,2937
2026-06-09 19:06:00,4269.39,4272.48,4266.0,4266.25,3274
2026-06-09 19:09:00,4266.27,4266.94,4260.51,4265.06,3375
2026-06-09 19:12:00,4265.11,4266.32,4258.51,4259.77,3282
2026-06-09 19:15:00,4259.8,4262.75,4258.2,4259.47,3439
2026-06-09 19:18:00,4259.5,4263.33,4253.19,4257.24,3505
2026-06-09 19:21:00,4257.22,4262.01,4256.39,4257.51,3572
2026-06-09 19:24:00,4257.56,4266.46,4256.74,4262.56,3573
2026-06-09 19:27:00,4262.61,4266.09,4261.16,4263.51,3204
2026-06-09 19:30:00,4263.53,4264.49,4260.0,4261.47,3174
2026-06-09 19:33:00,4261.48,4266.58,4260.59,4266.18,3105
2026-06-09 19:36:00,4266.14,4267.64,4243.5,4245.91,3481
2026-06-09 19:39:00,4245.89,4248.01,4236.8,4237.05,4242
2026-06-09 19:42:00,4237.03,4248.3,4236.78,4244.9,4029
2026-06-09 19:45:00,4245.07,4253.72,4244.14,4253.55,3819
2026-06-09 19:48:00,4253.52,4254.06,4244.81,4247.5,3518
2026-06-09 19:51:00,4247.5,4250.75,4241.63,4244.14,3465
2026-06-09 19:54:00,4244.14,4247.51,4238.77,4246.33,3373
2026-06-09 19:57:00,4246.31,4252.41,4244.62,4252.2,3076
2026-06-09 20:00:00,4252.32,4261.24,4251.25,4260.0,2969
2026-06-09 20:03:00,4259.98,4263.92,4257.97,4263.1,3181
2026-06-09 20:06:00,4263.08,4263.72,4258.68,4261.6,3103
2026-06-09 20:09:00,4261.68,4262.97,4257.66,4261.85,3146
2026-06-09 20:12:00,4261.87,4264.41,4260.07,4261.37,2765
2026-06-09 20:15:00,4261.4,4265.61,4258.4,4264.65,2640
2026-06-09 20:18:00,4264.63,4267.14,4262.58,4264.87,2745
2026-06-09 20:21:00,4264.88,4267.89,4263.15,4264.4,2933
2026-06-09 20:24:00,4264.31,4266.91,4262.24,4263.3,2766
2026-06-09 20:27:00,4263.32,4266.39,4260.76,4263.08,2706
2026-06-09 20:30:00,4263.07,4266.18,4261.0,4264.21,2664
2026-06-09 20:33:00,4264.22,4266.12,4261.85,4262.62,2556
2026-06-09 20:36:00,4262.58,4266.29,4262.45,4265.85,2617
2026-06-09 20:39:00,4265.83,4265.83,4261.94,4264.52,2429
2026-06-09 20:42:00,4264.47,4268.1,4263.41,4264.74,2440
2026-06-09 20:45:00,4264.74,4266.72,4258.59,4258.6,2624
2026-06-09 20:48:00,4258.59,4260.01,4256.22,4257.48,2441
2026-06-09 20:51:00,4257.49,4260.15,4256.04,4257.76,2302
2026-06-09 20:54:00,4257.75,4261.64,4257.37,4260.91,2258
2026-06-09 20:57:00,4260.93,4264.77,4260.88,4263.11,2236
2026-06-09 21:00:00,4263.16,4265.65,4262.5,4263.45,2273
2026-06-09 21:03:00,4263.46,4263.49,4259.61,4262.8,2414
2026-06-09 21:06:00,4262.8,4264.88,4260.74,4264.45,2388
2026-06-09 21:09:00,4264.47,4266.77,4262.74,4264.62,2603
2026-06-09 21:12:00,4264.63,4266.26,4263.11,4265.39,2671
2026-06-09 21:15:00,4265.3,4266.61,4262.93,4264.99,2786
2026-06-09 21:18:00,4265.0,4270.77,4265.0,4268.46,2505
2026-06-09 21:21:00,4268.67,4274.04,4267.31,4274.04,2592
2026-06-09 21:24:00,4274.1,4274.32,4267.92,4268.07,2361
2026-06-09 21:27:00,4268.07,4271.69,4267.93,4270.88,2814
2026-06-09 21:30:00,4270.89,4274.02,4268.87,4268.93,2576
2026-06-09 21:33:00,4268.92,4271.93,4268.37,4268.95,2343
2026-06-09 21:36:00,4268.96,4270.96,4268.74,4269.76,2572
2026-06-09 21:39:00,4269.77,4270.72,4267.51,4267.53,2429
2026-06-09 21:42:00,4267.51,4268.1,4263.7,4264.31,2305
2026-06-09 21:45:00,4264.32,4265.34,4262.26,4263.59,2277
2026-06-09 21:48:00,4263.57,4265.24,4263.02,4264.75,2197
2026-06-09 21:51:00,4264.76,4268.12,4264.18,4267.16,2218
2026-06-09 21:54:00,4267.15,4268.86,4265.52,4268.79,2256
2026-06-09 21:57:00,4268.81,4271.59,4268.64,4269.99,2257
2026-06-09 22:00:00,4269.97,4270.58,4266.37,4268.54,2253
2026-06-09 22:03:00,4268.52,4271.7,4268.2,4269.48,2240
2026-06-09 22:06:00,4269.47,4269.56,4266.44,4266.72,2335
2026-06-09 22:09:00,4266.73,4267.25,4261.6,4261.69,2437
2026-06-09 22:12:00,4261.7,4262.53,4257.99,4258.7,2534
2026-06-09 22:15:00,4258.71,4258.96,4256.04,4256.94,2537
2026-06-09 22:18:00,4256.97,4257.4,4253.95,4254.83,2699
2026-06-09 22:21:00,4254.78,4256.48,4252.79,4254.39,2544
2026-06-09 22:24:00,4254.38,4256.5,4253.99,4255.01,2399
2026-06-09 22:27:00,4255.0,4257.89,4254.7,4257.35,2475
2026-06-09 22:30:00,4257.34,4260.19,4256.42,4258.9,2482
2026-06-09 22:33:00,4258.94,4259.85,4257.71,4259.54,2698
2026-06-09 22:36:00,4259.57,4259.91,4254.74,4255.06,2493
2026-06-09 22:39:00,4255.06,4255.47,4251.21,4251.5,3020
2026-06-09 22:42:00,4251.48,4253.03,4250.18,4251.02,2663
2026-06-09 22:45:00,4251.05,4252.49,4250.04,4250.11,2754
2026-06-09 22:48:00,4250.11,4257.03,4249.97,4256.76,2921
2026-06-09 22:51:00,4256.76,4258.69,4256.28,4258.01,2781
2026-06-09 22:54:00,4258.02,4259.74,4256.4,4256.87,2544
2026-06-09 22:57:00,4256.91,4259.15,4256.55,4258.69,2592
2026-06-09 23:00:00,4258.69,4258.88,4255.67,4256.64,2530
2026-06-09 23:03:00,4256.65,4261.1,4256.33,4259.39,2389
2026-06-09 23:06:00,4259.39,4259.43,4257.33,4257.5,2318
2026-06-09 23:09:00,4257.48,4258.42,4256.74,4258.12,1989
2026-06-09 23:12:00,4258.1,4259.4,4257.75,4258.47,1952
2026-06-09 23:15:00,4258.45,4260.52,4258.11,4259.59,2006
2026-06-09 23:18:00,4259.59,4260.42,4258.32,4258.58,1855
2026-06-09 23:21:00,4258.6,4259.74,4257.9,4258.15,1840
2026-06-09 23:24:00,4258.16,4259.18,4258.09,4258.89,1818
2026-06-09 23:27:00,4258.89,4260.0,4258.42,4259.06,1786
2026-06-09 23:30:00,4259.06,4259.19,4257.72,4258.06,1826
2026-06-09 23:33:00,4258.06,4258.89,4257.73,4258.66,1781
2026-06-09 23:36:00,4258.67,4260.96,4258.35,4260.09,1877
2026-06-09 23:39:00,4260.08,4261.7,4259.79,4261.46,1829
2026-06-09 23:42:00,4261.48,4261.95,4260.88,4261.35,1830
2026-06-09 23:45:00,4261.38,4262.08,4260.53,4260.55,1810
2026-06-09 23:48:00,4260.54,4261.81,4260.42,4260.63,1808
2026-06-09 23:51:00,4260.62,4260.95,4260.02,4260.44,1795
2026-06-09 23:54:00,4260.44,4260.65,4259.6,4260.27,1784
2026-06-09 23:57:00,4260.26,4260.39,4259.27,4259.38,1196
2026-06-10 01:00:00,4255.6,4258.26,4251.27,4251.43,4960
2026-06-10 01:03:00,4251.44,4256.59,4250.8,4253.8,5017
2026-06-10 01:06:00,4253.8,4253.92,4251.12,4252.93,2186
2026-06-10 01:09:00,4252.93,4256.74,4252.62,4255.96,1829
2026-06-10 01:12:00,4255.93,4256.21,4254.44,4255.48,1851
2026-06-10 01:15:00,4255.47,4256.27,4253.13,4253.79,1851
2026-06-10 01:18:00,4253.79,4255.73,4253.34,4255.73,1873
2026-06-10 01:21:00,4255.7,4256.31,4253.45,4254.24,1857
2026-06-10 01:24:00,4254.24,4255.14,4253.19,4254.58,1852
2026-06-10 01:27:00,4254.59,4256.62,4254.4,4256.58,1795
2026-06-10 01:30:00,4256.58,4257.47,4254.85,4256.61,1937
2026-06-10 01:33:00,4256.6,4256.9,4252.56,4252.77,1902
2026-06-10 01:36:00,4252.78,4253.29,4250.43,4251.66,1965
2026-06-10 01:39:00,4251.66,4255.07,4249.21,4250.27,2031
2026-06-10 01:42:00,4250.28,4252.74,4247.66,4249.23,2013
2026-06-10 01:45:00,4249.24,4250.06,4239.39,4240.16,2131
2026-06-10 01:48:00,4240.13,4243.78,4237.66,4238.79,2033
2026-06-10 01:51:00,4238.75,4238.76,4232.44,4235.56,2049
2026-06-10 01:54:00,4235.54,4237.12,4233.57,4236.82,1954
2026-06-10 01:57:00,4236.8,4238.14,4234.04,4237.29,1911
2026-06-10 02:00:00,4237.27,4242.48,4235.53,4242.48,1898
2026-06-10 02:03:00,4242.47,4247.24,4242.43,4245.07,1906
2026-06-10 02:06:00,4245.06,4246.62,4243.37,4244.23,1899
2026-06-10 02:09:00,4244.25,4244.25,4240.49,4241.13,1892
2026-06-10 02:12:00,4241.11,4242.66,4235.66,4236.06,2022
2026-06-10 02:15:00,4236.08,4236.52,4228.98,4229.32,2056
2026-06-10 02:18:00,4229.32,4234.53,4227.43,4234.4,2025
2026-06-10 02:21:00,4234.36,4234.58,4225.53,4227.99,1971
2026-06-10 02:24:00,4227.98,4229.31,4225.24,4225.72,1952
2026-06-10 02:27:00,4225.7,4227.26,4222.77,4224.21,1950
2026-06-10 02:30:00,4224.19,4229.88,4221.8,4227.89,1995
2026-06-10 02:33:00,4227.89,4228.19,4222.32,4222.59,1955
2026-06-10 02:36:00,4222.59,4223.48,4221.73,4222.03,1910
2026-06-10 02:39:00,4222.04,4223.55,4221.19,4221.43,1936
2026-06-10 02:42:00,4221.43,4224.37,4216.61,4218.63,2131
2026-06-10 02:45:00,4218.63,4218.63,4211.49,4217.07,2542
2026-06-10 02:48:00,4217.08,4217.09,4211.62,4214.89,2201
2026-06-10 02:51:00,4214.89,4220.5,4210.41,4219.72,2357
2026-06-10 02:54:00,4219.74,4224.48,4217.06,4222.5,2100
2026-06-10 02:57:00,4222.54,4222.98,4217.88,4221.96,2196
2026-06-10 03:00:00,4221.96,4224.04,4218.38,4221.15,2392
2026-06-10 03:03:00,4221.13,4226.45,4219.33,4226.11,2335
2026-06-10 03:06:00,4226.04,4226.57,4221.47,4222.19,2441
2026-06-10 03:09:00,4222.18,4225.77,4219.47,4221.81,2281
2026-06-10 03:12:00,4221.79,4225.79,4216.56,4225.11,2419
2026-06-10 03:15:00,4225.13,4225.13,4218.51,4224.11,2309
2026-06-10 03:18:00,4224.01,4228.35,4221.34,4225.72,2111
2026-06-10 03:21:00,4225.69,4227.65,4223.42,4225.48,2135
2026-06-10 03:24:00,4225.52,4225.74,4218.74,4221.1,2175
2026-06-10 03:27:00,4221.09,4224.97,4218.07,4218.08,2177
2026-06-10 03:30:00,4218.05,4219.06,4207.26,4208.48,2416
2026-06-10 03:33:00,4208.47,4209.61,4205.63,4207.3,2307
2026-06-10 03:36:00,4207.41,4209.69,4201.66,4208.48,2246
2026-06-10 03:39:00,4208.48,4208.8,4204.67,4205.65,2233
2026-06-10 03:42:00,4205.65,4206.19,4199.0,4204.32,2292
2026-06-10 03:45:00,4204.32,4206.07,4202.78,4204.47,2317
2026-06-10 03:48:00,4204.49,4205.43,4199.88,4201.7,2253
2026-06-10 03:51:00,4201.69,4208.61,4200.79,4208.45,2221
2026-06-10 03:54:00,4208.46,4212.85,4206.05,4212.24,2189
2026-06-10 03:57:00,4212.09,4220.86,4210.51,4218.27,2426
2026-06-10 04:00:00,4218.28,4219.15,4199.74,4203.1,3001
2026-06-10 04:03:00,4203.05,4203.82,4187.61,4187.87,2558
2026-06-10 04:06:00,4187.87,4199.63,4187.08,4197.31,2753
2026-06-10 04:09:00,4197.31,4202.24,4193.74,4200.72,2458
2026-06-10 04:12:00,4200.72,4206.54,4199.61,4203.42,2489
2026-06-10 04:15:00,4203.42,4215.61,4200.62,4215.58,2734
2026-06-10 04:18:00,4215.57,4216.46,4205.95,4206.06,2740
2026-06-10 04:21:00,4206.08,4208.69,4204.47,4205.75,2330
2026-06-10 04:24:00,4205.77,4206.34,4197.37,4199.82,2324
2026-06-10 04:27:00,4199.82,4204.38,4197.99,4201.84,2374
2026-06-10 04:30:00,4201.83,4204.73,4196.68,4201.18,2710
2026-06-10 04:33:00,4201.18,4202.78,4196.18,4200.78,2465
2026-06-10 04:36:00,4200.75,4203.67,4197.67,4203.65,2533
2026-06-10 04:39:00,4203.65,4207.05,4192.44,4192.75,2557
2026-06-10 04:42:00,4192.74,4193.04,4184.54,4187.19,2452
2026-06-10 04:45:00,4187.24,4191.49,4184.79,4184.79,2338
2026-06-10 04:48:00,4184.78,4195.62,4184.43,4190.84,2411
2026-06-10 04:51:00,4190.85,4191.17,4183.84,4188.68,2413
2026-06-10 04:54:00,4188.7,4192.85,4188.4,4190.08,2360
2026-06-10 04:57:00,4190.07,4191.03,4187.46,4188.74,2329
2026-06-10 05:00:00,4188.74,4191.79,4188.57,4189.27,2295
2026-06-10 05:03:00,4189.25,4189.37,4183.57,4184.43,2262
2026-06-10 05:06:00,4184.42,4184.45,4179.75,4181.58,2176
2026-06-10 05:09:00,4181.59,4184.59,4179.68,4184.31,2116
2026-06-10 05:12:00,4184.22,4186.44,4182.55,4182.78,2084
2026-06-10 05:15:00,4182.77,4186.58,4181.45,4186.34,2052
2026-06-10 05:18:00,4186.35,4186.39,4179.69,4182.7,2198
2026-06-10 05:21:00,4182.71,4185.77,4182.32,4184.05,2082
2026-06-10 05:24:00,4184.07,4187.15,4178.17,4179.2,2169
2026-06-10 05:27:00,4179.18,4188.49,4178.81,4188.08,2083
2026-06-10 05:30:00,4188.02,4192.56,4176.97,4177.91,2469
2026-06-10 05:33:00,4177.9,4181.43,4174.12,4180.39,2279
2026-06-10 05:36:00,4180.41,4188.47,4180.21,4188.34,2262
2026-06-10 05:39:00,4188.35,4189.5,4183.19,4187.98,2273
2026-06-10 05:42:00,4187.97,4188.97,4180.35,4184.32,2232
2026-06-10 05:45:00,4184.34,4190.67,4183.88,4184.59,2234
2026-06-10 05:48:00,4184.58,4188.54,4181.38,4181.48,2205
2026-06-10 05:51:00,4181.56,4181.56,4174.02,4175.48,2295
2026-06-10 05:54:00,4175.55,4176.73,4173.58,4175.57,2173
2026-06-10 05:57:00,4175.56,4176.09,4173.5,4174.04,2128
2026-06-10 06:00:00,4174.04,4176.8,4173.25,4175.08,2212
2026-06-10 06:03:00,4175.08,4178.72,4173.59,4178.69,2188
2026-06-10 06:06:00,4178.67,4180.72,4174.06,4174.31,2247
2026-06-10 06:09:00,4174.32,4177.71,4174.05,4176.86,2185
2026-06-10 06:12:00,4176.72,4178.6,4176.34,4178.22,2080
2026-06-10 06:15:00,4178.21,4181.26,4176.68,4178.32,2130
2026-06-10 06:18:00,4178.26,4179.35,4173.83,4176.06,2120
2026-06-10 06:21:00,4176.06,4176.42,4174.13,4175.86,2041
2026-06-10 06:24:00,4175.88,4180.28,4174.28,4178.77,2183
2026-06-10 06:27:00,4178.74,4178.8,4175.68,4177.21,2055
2026-06-10 06:30:00,4177.2,4180.02,4176.31,4177.13,2119
2026-06-10 06:33:00,4177.14,4180.79,4176.69,4178.51,2086
2026-06-10 06:36:00,4178.49,4182.92,4177.09,4182.74,2032
2026-06-10 06:39:00,4182.75,4183.02,4179.59,4180.24,1993
2026-06-10 06:42:00,4180.23,4180.77,4177.98,4179.83,1995
2026-06-10 06:45:00,4179.82,4185.5,4179.59,4183.78,2089
2026-06-10 06:48:00,4183.76,4186.51,4183.32,4183.97,2062
2026-06-10 06:51:00,4183.99,4186.11,4182.97,4183.8,2011
2026-06-10 06:54:00,4183.8,4185.56,4181.88,4183.49,2144
2026-06-10 06:57:00,4183.5,4185.09,4183.04,4184.86,2117
2026-06-10 07:00:00,4184.84,4187.2,4182.11,4184.59,2049
2026-06-10 07:03:00,4184.69,4186.8,4184.69,4186.5,1962
2026-06-10 07:06:00,4186.51,4186.53,4181.95,4182.55,1920
2026-06-10 07:09:00,4182.55,4185.33,4182.33,4183.14,1914
2026-06-10 07:12:00,4183.11,4183.14,4180.68,4181.23,1929
2026-06-10 07:15:00,4181.26,4182.31,4178.71,4180.07,1938
2026-06-10 07:18:00,4180.07,4183.02,4179.04,4180.62,2029
2026-06-10 07:21:00,4180.64,4180.73,4176.41,4178.45,2131
2026-06-10 07:24:00,4178.42,4180.32,4177.66,4179.7,2113
2026-06-10 07:27:00,4179.8,4180.51,4173.71,4174.5,2116
2026-06-10 07:30:00,4174.48,4175.28,4173.29,4174.14,2039
2026-06-10 07:33:00,4174.15,4175.17,4173.4,4173.82,1980
2026-06-10 07:36:00,4173.82,4175.59,4173.6,4174.85,2035
2026-06-10 07:39:00,4174.86,4175.23,4173.34,4173.72,2059
2026-06-10 07:42:00,4173.75,4174.55,4173.51,4173.6,1937
2026-06-10 07:45:00,4173.63,4175.07,4172.45,4174.11,1950
2026-06-10 07:48:00,4174.14,4175.76,4173.45,4174.75,1951
2026-06-10 07:51:00,4174.78,4175.3,4173.73,4174.5,1960
2026-06-10 07:54:00,4174.48,4175.91,4173.78,4174.17,1996
2026-06-10 07:57:00,4174.16,4176.0,4173.78,4174.81,1898
2026-06-10 08:00:00,4174.8,4178.39,4173.87,4176.62,2122
2026-06-10 08:03:00,4176.6,4176.6,4173.63,4174.93,2043
2026-06-10 08:06:00,4174.92,4179.04,4174.48,4176.04,2161
2026-06-10 08:09:00,4176.05,4179.26,4175.24,4178.22,1998
2026-06-10 08:12:00,4178.23,4180.61,4177.09,4179.72,2033
2026-06-10 08:15:00,4179.73,4180.46,4176.07,4177.1,2083
2026-06-10 08:18:00,4177.13,4177.52,4175.56,4176.83,2029
2026-06-10 08:21:00,4176.85,4183.23,4175.92,4181.92,2028
2026-06-10 08:24:00,4181.99,4182.69,4179.62,4182.03,2138
2026-06-10 08:27:00,4181.94,4187.27,4181.47,4187.12,2161
2026-06-10 08:30:00,4187.08,4190.64,4181.76,4189.54,2729
2026-06-10 08:33:00,4189.49,4194.56,4187.33,4194.56,2559
2026-06-10 08:36:00,4194.82,4194.82,4190.76,4193.81,2397
2026-06-10 08:39:00,4193.78,4197.29,4191.61,4196.28,2355
2026-06-10 08:42:00,4196.47,4199.03,4195.07,4198.05,2252
2026-06-10 08:45:00,4198.06,4200.02,4197.43,4199.75,2192
2026-06-10 08:48:00,4199.74,4205.62,4199.35,4201.44,2316
2026-06-10 08:51:00,4201.48,4204.33,4200.56,4203.81,2208
2026-06-10 08:54:00,4203.79,4207.1,4203.26,4204.29,2311
2026-06-10 08:57:00,4204.31,4209.04,4203.74,4205.21,2338
2026-06-10 09:00:00,4205.21,4209.77,4205.17,4208.62,2513
2026-06-10 09:03:00,4208.63,4212.6,4208.33,4211.82,2348
2026-06-10 09:06:00,4211.84,4222.04,4211.32,4219.47,2434
2026-06-10 09:09:00,4219.46,4220.41,4209.7,4210.83,2558
2026-06-10 09:12:00,4210.86,4216.03,4209.16,4212.87,2396
2026-06-10 09:15:00,4212.9,4215.02,4211.11,4212.22,2218
2026-06-10 09:18:00,4212.26,4216.75,4211.87,4216.2,2277
2026-06-10 09:21:00,4216.43,4216.54,4210.22,4211.6,2160
2026-06-10 09:24:00,4211.62,4214.93,4208.28,4214.79,2219
2026-06-10 09:27:00,4214.81,4216.14,4210.25,4211.86,2412
2026-06-10 09:30:00,4211.86,4213.52,4208.17,4209.61,2244
2026-06-10 09:33:00,4209.62,4211.52,4209.29,4210.58,2285
2026-06-10 09:36:00,4210.58,4212.14,4207.76,4209.37,2187
2026-06-10 09:39:00,4209.3,4209.66,4206.39,4207.16,2125
2026-06-10 09:42:00,4207.18,4208.75,4205.02,4207.47,2248
2026-06-10 09:45:00,4207.45,4209.79,4205.36,4208.01,2442
2026-06-10 09:48:00,4208.03,4208.11,4202.55,4204.25,2283
2026-06-10 09:51:00,4204.24,4206.61,4203.52,4203.55,2519
2026-06-10 09:54:00,4203.55,4204.11,4201.74,4202.45,2213
2026-06-10 09:57:00,4202.44,4205.87,4202.41,4203.86,2167
2026-06-10 10:00:00,4203.85,4205.05,4201.27,4203.82,2497
2026-06-10 10:03:00,4203.79,4205.75,4201.29,4204.18,2214
2026-06-10 10:06:00,4204.2,4206.59,4202.85,4206.25,2030
2026-06-10 10:09:00,4206.23,4207.97,4200.5,4201.54,2169
2026-06-10 10:12:00,4201.56,4201.78,4197.36,4200.26,2323
2026-06-10 10:15:00,4200.24,4202.95,4199.34,4200.65,2517
2026-06-10 10:18:00,4200.65,4200.9,4197.92,4198.98,2020
2026-06-10 10:21:00,4198.95,4203.71,4198.14,4201.6,2076
2026-06-10 10:24:00,4201.59,4201.68,4194.59,4194.98,2177
2026-06-10 10:27:00,4194.98,4196.45,4193.54,4194.86,2068
2026-06-10 10:30:00,4194.89,4197.15,4191.79,4193.21,2203
2026-06-10 10:33:00,4193.22,4195.98,4193.08,4194.59,2512
2026-06-10 10:36:00,4194.62,4195.21,4191.23,4191.77,2229
2026-06-10 10:39:00,4191.76,4193.21,4189.75,4192.45,2516
2026-06-10 10:42:00,4192.44,4193.54,4187.91,4189.65,2137
2026-06-10 10:45:00,4189.71,4192.97,4189.22,4192.66,2118
2026-06-10 10:48:00,4192.68,4192.83,4187.9,4188.65,2155
2026-06-10 10:51:00,4188.66,4190.01,4181.59,4183.79,2272
2026-06-10 10:54:00,4183.81,4185.66,4181.61,4184.99,2244
2026-06-10 10:57:00,4185.0,4187.76,4181.79,4186.16,2100
2026-06-10 11:00:00,4186.16,4187.35,4174.12,4174.55,2627
2026-06-10 11:03:00,4174.56,4175.44,4161.43,4165.67,2902
2026-06-10 11:06:00,4165.7,4171.34,4164.34,4167.89,2388
2026-06-10 11:09:00,4167.89,4171.87,4164.82,4171.57,2335
2026-06-10 11:12:00,4171.56,4172.38,4161.41,4166.4,2461
2026-06-10 11:15:00,4166.4,4178.89,4166.11,4177.17,2408
2026-06-10 11:18:00,4177.18,4177.19,4170.81,4171.01,2450
2026-06-10 11:21:00,4170.98,4171.75,4168.16,4171.07,2333
2026-06-10 11:24:00,4171.06,4173.25,4169.17,4170.54,2290
2026-06-10 11:27:00,4170.54,4173.67,4169.28,4172.18,2363
2026-06-10 11:30:00,4172.19,4172.28,4166.41,4167.48,2302
2026-06-10 11:33:00,4167.48,4172.12,4167.12,4171.93,2123
2026-06-10 11:36:00,4171.96,4175.76,4171.6,4174.26,2281
2026-06-10 11:39:00,4174.24,4178.07,4172.06,4177.44,2090
2026-06-10 11:42:00,4177.47,4179.36,4170.02,4170.59,2340
2026-06-10 11:45:00,4170.55,4170.59,4166.21,4169.16,2355
2026-06-10 11:48:00,4169.12,4175.75,4169.12,4174.89,2306
2026-06-10 11:51:00,4174.9,4176.43,4171.1,4174.6,2459
2026-06-10 11:54:00,4174.61,4174.84,4169.86,4171.52,2393
2026-06-10 11:57:00,4171.51,4171.8,4167.74,4169.0,2425
2026-06-10 12:00:00,4169.0,4169.65,4165.53,4165.87,2230
2026-06-10 12:03:00,4165.89,4169.59,4165.39,4169.16,2239
2026-06-10 12:06:00,4169.19,4171.77,4166.43,4168.85,2448
2026-06-10 12:09:00,4168.88,4174.1,4168.86,4168.92,2174
2026-06-10 12:12:00,4168.89,4169.4,4164.83,4165.07,2387
2026-06-10 12:15:00,4165.09,4173.05,4164.53,4172.37,2240
2026-06-10 12:18:00,4172.8,4174.95,4168.54,4170.25,2314
2026-06-10 12:21:00,4170.22,4171.17,4166.12,4167.3,2409
2026-06-10 12:24:00,4167.28,4171.94,4166.54,4169.97,2261
2026-06-10 12:27:00,4169.97,4171.35,4164.26,4166.18,2147
2026-06-10 12:30:00,4166.15,4176.21,4165.88,4175.24,2409
2026-06-10 12:33:00,4175.25,4177.91,4173.22,4177.89,2286
2026-06-10 12:36:00,4177.88,4179.5,4172.67,4174.56,2361
2026-06-10 12:39:00,4174.54,4174.73,4167.8,4169.16,2293
2026-06-10 12:42:00,4169.16,4171.93,4167.89,4171.33,2301
2026-06-10 12:45:00,4171.47,4174.86,4168.38,4168.38,2298
2026-06-10 12:48:00,4168.15,4169.54,4166.0,4167.74,2305
2026-06-10 12:51:00,4167.8,4168.59,4163.03,4164.38,2530
2026-06-10 12:54:00,4164.38,4167.33,4164.15,4167.3,2156
2026-06-10 12:57:00,4167.27,4169.32,4165.44,4168.73,2070
2026-06-10 13:00:00,4168.71,4171.14,4167.32,4170.02,2110
2026-06-10 13:03:00,4169.99,4170.24,4165.59,4166.72,2009
2026-06-10 13:06:00,4166.72,4166.85,4155.54,4156.56,2284
2026-06-10 13:09:00,4156.54,4159.97,4155.72,4158.82,2195
2026-06-10 13:12:00,4158.84,4162.27,4158.33,4161.0,2137
2026-06-10 13:15:00,4161.0,4161.88,4159.56,4160.57,2253
2026-06-10 13:18:00,4160.53,4164.89,4160.39,4164.86,2144
2026-06-10 13:21:00,4164.86,4169.92,4164.86,4166.83,2206
2026-06-10 13:24:00,4166.83,4167.44,4162.71,4163.59,2528
2026-06-10 13:27:00,4163.57,4169.35,4163.57,4165.07,2160
2026-06-10 13:30:00,4165.0,4168.77,4163.92,4167.05,2275
2026-06-10 13:33:00,4166.96,4168.84,4164.41,4165.08,2499
2026-06-10 13:36:00,4165.11,4169.09,4165.1,4166.31,2534
2026-06-10 13:39:00,4166.34,4167.93,4164.16,4166.85,2382
2026-06-10 13:42:00,4166.86,4171.38,4166.49,4171.36,2543
2026-06-10 13:45:00,4171.39,4173.36,4169.8,4171.12,2366
2026-06-10 13:48:00,4171.13,4178.55,4170.1,4175.92,2206
2026-06-10 13:51:00,4175.93,4175.97,4171.47,4173.19,2424
2026-06-10 13:54:00,4173.19,4176.28,4171.65,4175.39,2272
2026-06-10 13:57:00,4175.38,4178.39,4173.55,4174.65,2255
2026-06-10 14:00:00,4174.65,4176.13,4173.4,4174.99,2218
2026-06-10 14:03:00,4175.0,4175.05,4153.2,4162.04,3373
2026-06-10 14:06:00,4162.05,4164.7,4158.15,4163.14,2856
2026-06-10 14:09:00,4163.14,4166.59,4158.94,4164.7,2650
2026-06-10 14:12:00,4164.72,4169.13,4162.84,4168.6,2446
2026-06-10 14:15:00,4168.6,4171.76,4166.77,4167.14,2342
2026-06-10 14:18:00,4167.15,4169.3,4164.65,4165.4,2409
2026-06-10 14:21:00,4165.37,4170.8,4165.37,4168.97,2431
2026-06-10 14:24:00,4168.97,4169.4,4156.83,4162.99,2968
2026-06-10 14:27:00,4162.98,4166.64,4161.91,4166.55,2612
2026-06-10 14:30:00,4166.58,4167.97,4161.2,4162.53,2550
2026-06-10 14:33:00,4162.63,4166.82,4162.38,4162.8,2506
2026-06-10 14:36:00,4162.79,4164.6,4156.58,4157.41,2472
2026-06-10 14:39:00,4157.41,4160.11,4156.36,4157.52,2460
2026-06-10 14:42:00,4157.52,4159.0,4154.35,4154.4,2312
2026-06-10 14:45:00,4154.41,4155.03,4152.44,4154.9,2404
2026-06-10 14:48:00,4154.9,4157.2,4152.85,4157.12,2260
2026-06-10 14:51:00,4157.09,4163.37,4156.5,4157.92,2404
2026-06-10 14:54:00,4157.91,4158.19,4150.33,4150.92,2361
2026-06-10 14:57:00,4150.92,4152.72,4145.71,4147.57,2352
2026-06-10 15:00:00,4147.6,4151.05,4145.58,4150.57,2491
2026-06-10 15:03:00,4150.54,4152.5,4146.75,4150.75,2421
2026-06-10 15:06:00,4150.75,4150.75,4145.11,4145.74,2333
2026-06-10 15:09:00,4145.74,4147.58,4139.83,4140.41,2380
2026-06-10 15:12:00,4140.39,4141.66,4134.63,4136.26,2525
2026-06-10 15:15:00,4136.28,4142.82,4135.82,4142.4,2382
2026-06-10 15:18:00,4142.38,4142.42,4133.94,4134.83,2386
2026-06-10 15:21:00,4135.06,4137.36,4134.11,4134.88,2315
2026-06-10 15:24:00,4134.9,4141.83,4133.92,4140.85,2395
2026-06-10 15:27:00,4140.83,4142.15,4130.44,4141.01,2529
2026-06-10 15:30:00,4141.01,4174.01,4136.92,4161.78,4522
2026-06-10 15:33:00,4162.28,4171.03,4157.49,4157.58,3650
2026-06-10 15:36:00,4157.71,4173.0,4156.05,4164.76,3408
2026-06-10 15:39:00,4164.76,4166.2,4155.12,4164.56,3142
2026-06-10 15:42:00,4164.61,4166.72,4157.98,4160.27,2944
2026-06-10 15:45:00,4160.29,4169.43,4157.43,4159.04,3067
2026-06-10 15:48:00,4159.05,4162.23,4153.5,4155.93,2564
2026-06-10 15:51:00,4155.96,4155.96,4148.87,4153.77,2654
2026-06-10 15:54:00,4153.54,4155.25,4143.58,4144.22,2650
2026-06-10 15:57:00,4144.25,4148.01,4142.29,4147.04,2864
2026-06-10 16:00:00,4147.06,4156.03,4144.93,4153.74,3114
2026-06-10 16:03:00,4153.71,4156.32,4148.61,4152.51,2874
2026-06-10 16:06:00,4152.54,4158.11,4152.37,4154.65,2673
2026-06-10 16:09:00,4154.64,4157.31,4148.48,4155.46,2741
2026-06-10 16:12:00,4155.49,4157.27,4149.95,4151.41,2468
2026-06-10 16:15:00,4151.4,4151.41,4134.26,4138.62,2959
2026-06-10 16:18:00,4138.63,4142.89,4133.05,4135.74,2767
2026-06-10 16:21:00,4135.74,4139.79,4134.94,4139.5,2502
2026-06-10 16:24:00,4139.5,4149.75,4139.0,4147.67,2548
2026-06-10 16:27:00,4147.67,4151.11,4145.73,4149.72,2490
2026-06-10 16:30:00,4149.7,4153.69,4145.6,4146.19,3298
2026-06-10 16:33:00,4146.15,4154.49,4141.94,4152.93,3315
2026-06-10 16:36:00,4152.91,4168.86,4151.66,4164.26,3502
2026-06-10 16:39:00,4164.5,4169.71,4162.15,4169.42,3396
2026-06-10 16:42:00,4169.5,4178.71,4167.28,4178.71,2791
2026-06-10 16:45:00,4179.0,4185.19,4173.83,4177.26,3139
2026-06-10 16:48:00,4177.26,4186.17,4177.08,4178.73,3041
2026-06-10 16:51:00,4178.74,4186.32,4176.09,4180.81,3103
2026-06-10 16:54:00,4180.81,4183.93,4175.29,4180.53,2971
2026-06-10 16:57:00,4180.52,4184.05,4176.39,4179.54,2955
2026-06-10 17:00:00,4179.52,4180.99,4170.76,4171.73,3492
2026-06-10 17:03:00,4171.75,4179.65,4170.16,4171.47,2889
2026-06-10 17:06:00,4171.47,4175.02,4170.86,4173.56,2920
2026-06-10 17:09:00,4173.52,4177.77,4170.69,4175.48,2622
2026-06-10 17:12:00,4175.47,4180.09,4172.75,4174.25,2805
2026-06-10 17:15:00,4174.28,4175.46,4167.91,4169.49,2932
2026-06-10 17:18:00,4169.46,4170.97,4165.76,4165.94,2584
2026-06-10 17:21:00,4166.12,4166.3,4162.77,4165.42,2847
2026-06-10 17:24:00,4165.39,4172.88,4164.0,4167.33,2915
2026-06-10 17:27:00,4167.31,4167.59,4159.43,4161.22,2875
2026-06-10 17:30:00,4161.16,4163.35,4155.62,4160.1,2774
2026-06-10 17:33:00,4160.08,4162.38,4156.85,4157.74,2688
2026-06-10 17:36:00,4157.75,4157.75,4152.92,4154.43,2564
2026-06-10 17:39:00,4154.42,4161.43,4154.41,4160.33,2617
2026-06-10 17:42:00,4160.33,4160.69,4149.82,4149.93,2789
2026-06-10 17:45:00,4149.96,4151.7,4147.63,4147.67,2997
2026-06-10 17:48:00,4147.69,4147.76,4137.78,4139.92,3121
2026-06-10 17:51:00,4139.94,4142.78,4137.46,4140.25,2975
2026-06-10 17:54:00,4140.27,4141.46,4125.77,4127.42,3081
2026-06-10 17:57:00,4127.45,4128.8,4117.97,4124.84,3499
2026-06-10 18:00:00,4124.84,4136.37,4123.06,4132.49,3471
2026-06-10 18:03:00,4132.5,4134.15,4121.99,4124.16,3123
2026-06-10 18:06:00,4124.16,4129.18,4123.85,4126.25,2942
2026-06-10 18:09:00,4126.25,4128.24,4119.23,4121.83,2942
2026-06-10 18:12:00,4121.82,4126.38,4119.94,4123.39,3052
2026-06-10 18:15:00,4123.36,4124.05,4117.8,4118.22,2958
2026-06-10 18:18:00,4118.23,4124.75,4113.35,4124.33,3054
2026-06-10 18:21:00,4124.31,4131.65,4122.77,4131.65,3225
2026-06-10 18:24:00,4131.62,4136.06,4128.97,4132.09,3132
2026-06-10 18:27:00,4132.07,4136.98,4127.63,4127.83,2766
2026-06-10 18:30:00,4127.84,4131.21,4125.73,4129.9,2769
2026-06-10 18:33:00,4129.92,4130.1,4123.81,4126.16,2777
2026-06-10 18:36:00,4126.17,4130.8,4123.38,4123.76,2784
2026-06-10 18:39:00,4123.69,4128.14,4122.07,4126.82,2696
2026-06-10 18:42:00,4126.79,4130.05,4122.5,4128.68,2876
2026-06-10 18:45:00,4128.61,4131.11,4117.06,4121.55,3086
2026-06-10 18:48:00,4121.53,4123.58,4108.62,4111.03,3952
2026-06-10 18:51:00,4111.05,4120.55,4106.75,4120.16,3524
2026-06-10 18:54:00,4120.17,4125.71,4115.45,4117.24,3236
2026-06-10 18:57:00,4117.23,4129.01,4116.98,4128.75,3084
2026-06-10 19:00:00,4128.79,4131.74,4123.06,4123.88,3197
2026-06-10 19:03:00,4123.85,4129.57,4123.69,4125.75,3120
2026-06-10 19:06:00,4125.75,4131.31,4124.84,4126.25,2840
2026-06-10 19:09:00,4126.19,4130.64,4124.29,4126.6,2887
2026-06-10 19:12:00,4126.6,4132.87,4126.48,4129.23,2848
2026-06-10 19:15:00,4129.25,4133.83,4128.05,4130.02,2644
2026-06-10 19:18:00,4130.03,4135.24,4127.92,4130.84,2693
2026-06-10 19:21:00,4130.84,4133.64,4128.51,4133.3,2795
2026-06-10 19:24:00,4133.39,4133.74,4127.51,4131.6,2802
2026-06-10 19:27:00,4131.57,4132.36,4126.05,4127.51,2748
2026-06-10 19:30:00,4127.55,4130.05,4121.12,4122.3,2696
2026-06-10 19:33:00,4122.29,4130.0,4122.1,4127.73,2957
2026-06-10 19:36:00,4127.73,4132.15,4126.35,4129.42,2754
2026-06-10 19:39:00,4129.42,4129.42,4123.38,4124.35,2880
2026-06-10 19:42:00,4124.3,4124.59,4120.53,4122.21,2891
2026-06-10 19:45:00,4122.22,4122.79,4115.97,4116.79,2779
2026-06-10 19:48:00,4116.8,4121.17,4116.8,4119.67,2615
2026-06-10 19:51:00,4119.71,4123.07,4119.08,4120.33,2601
2026-06-10 19:54:00,4120.32,4120.72,4117.28,4120.24,2763
2026-06-10 19:57:00,4120.24,4122.18,4119.19,4121.91,2873
2026-06-10 20:00:00,4122.0,4130.23,4121.38,4129.97,2694
2026-06-10 20:03:00,4129.95,4134.98,4124.69,4125.18,2692
2026-06-10 20:06:00,4125.18,4126.87,4120.98,4121.54,2568
2026-06-10 20:09:00,4121.55,4121.74,4114.84,4116.68,2692
2026-06-10 20:12:00,4116.67,4119.82,4115.27,4118.03,2394
2026-06-10 20:15:00,4118.02,4120.2,4115.12,4115.51,2492
2026-06-10 20:18:00,4115.58,4116.57,4113.35,4115.89,2868
2026-06-10 20:21:00,4115.89,4116.4,4110.53,4112.81,2737
2026-06-10 20:24:00,4112.8,4113.72,4110.19,4113.56,2646
2026-06-10 20:27:00,4113.59,4115.26,4109.25,4110.91,2612
2026-06-10 20:30:00,4110.91,4111.08,4105.83,4109.22,2673
2026-06-10 20:33:00,4109.21,4112.5,4108.01,4111.13,2618
2026-06-10 20:36:00,4111.15,4111.21,4105.49,4106.38,2678
2026-06-10 20:39:00,4106.39,4107.74,4104.19,4105.3,2545
2026-06-10 20:42:00,4105.3,4106.21,4101.94,4102.38,2400
2026-06-10 20:45:00,4102.31,4111.03,4101.02,4110.14,2677
2026-06-10 20:48:00,4110.17,4113.31,4104.27,4110.08,2821
2026-06-10 20:51:00,4110.22,4110.74,4106.15,4109.13,2582
2026-06-10 20:54:00,4109.15,4113.27,4108.64,4113.16,2644
2026-06-10 20:57:00,4113.23,4113.55,4109.38,4111.66,2560
2026-06-10 21:00:00,4111.64,4119.44,4111.64,4118.77,2661
2026-06-10 21:03:00,4118.77,4120.5,4117.39,4119.2,2432
2026-06-10 21:06:00,4119.2,4119.42,4115.25,4116.94,2431
2026-06-10 21:09:00,4116.94,4117.01,4114.48,4116.54,2485
2026-06-10 21:12:00,4116.54,4117.81,4115.17,4116.0,2612
2026-06-10 21:15:00,4115.98,4118.14,4112.8,4112.91,2274
2026-06-10 21:18:00,4112.86,4113.83,4110.4,4112.99,2688
2026-06-10 21:21:00,4112.98,4115.11,4111.18,4113.05,2518
2026-06-10 21:24:00,4113.05,4113.95,4109.53,4112.22,2475
2026-06-10 21:27:00,4112.22,4114.94,4110.47,4112.48,2736
2026-06-10 21:30:00,4112.44,4112.67,4109.51,4110.65,2423
2026-06-10 21:33:00,4110.65,4111.52,4107.15,4108.01,2421
2026-06-10 21:36:00,4108.0,4109.48,4106.61,4107.53,2431
2026-06-10 21:39:00,4107.55,4109.84,4106.95,4107.0,2414
2026-06-10 21:42:00,4107.04,4108.12,4104.63,4105.02,2529
2026-06-10 21:45:00,4105.0,4106.1,4104.23,4104.99,2597
2026-06-10 21:48:00,4104.98,4107.76,4097.03,4097.72,2432
2026-06-10 21:51:00,4097.75,4103.07,4097.59,4102.51,2385
2026-06-10 21:54:00,4102.51,4102.82,4099.05,4101.24,2558
2026-06-10 21:57:00,4101.17,4103.12,4100.24,4101.52,2658
2026-06-10 22:00:00,4101.56,4102.13,4098.24,4099.61,2288
2026-06-10 22:03:00,4099.59,4101.38,4095.5,4096.43,2376
2026-06-10 22:06:00,4096.45,4099.28,4095.83,4096.31,2566
2026-06-10 22:09:00,4096.34,4097.01,4089.74,4089.75,2457
2026-06-10 22:12:00,4089.76,4091.02,4087.29,4088.97,2496
2026-06-10 22:15:00,4088.94,4092.02,4087.47,4090.82,2498
2026-06-10 22:18:00,4090.84,4091.48,4088.65,4088.97,2488
2026-06-10 22:21:00,4088.98,4090.07,4082.6,4083.5,2526
2026-06-10 22:24:00,4083.55,4085.16,4082.16,4082.75,2558
2026-06-10 22:27:00,4082.78,4086.0,4081.71,4084.72,2913
2026-06-10 22:30:00,4084.74,4089.11,4083.8,4087.32,2939
2026-06-10 22:33:00,4087.36,4087.79,4083.04,4083.83,2870
2026-06-10 22:36:00,4083.8,4086.76,4082.26,4085.53,2584
2026-06-10 22:39:00,4085.53,4091.22,4085.29,4089.65,2845
2026-06-10 22:42:00,4089.66,4091.97,4088.37,4091.59,2462
2026-06-10 22:45:00,4091.61,4092.61,4087.3,4087.64,2622
2026-06-10 22:48:00,4087.67,4091.88,4085.7,4090.73,2648
2026-06-10 22:51:00,4090.71,4090.74,4086.69,4088.4,2431
2026-06-10 22:54:00,4088.4,4088.42,4083.37,4085.07,2485
2026-06-10 22:57:00,4085.08,4085.3,4081.68,4082.78,2572
2026-06-10 23:00:00,4082.79,4083.16,4077.15,4077.88,2641
2026-06-10 23:03:00,4077.92,4078.9,4075.03,4076.35,2518
2026-06-10 23:06:00,4076.35,4078.25,4072.71,4073.06,2485
2026-06-10 23:09:00,4073.03,4073.25,4069.31,4071.16,2425
2026-06-10 23:12:00,4071.15,4073.63,4070.94,4072.2,2129
2026-06-10 23:15:00,4072.17,4074.5,4071.26,4073.77,2146
2026-06-10 23:18:00,4073.74,4074.72,4072.88,4074.17,2004
2026-06-10 23:21:00,4074.15,4077.01,4073.67,4076.6,2200
2026-06-10 23:24:00,4076.58,4080.01,4076.05,4079.54,1959
2026-06-10 23:27:00,4079.6,4080.02,4078.07,4078.45,1869
2026-06-10 23:30:00,4078.45,4078.45,4074.62,4075.82,2113
2026-06-10 23:33:00,4075.82,4077.44,4075.07,4075.14,2077
2026-06-10 23:36:00,4075.16,4078.23,4073.82,4077.91,2333
2026-06-10 23:39:00,4077.9,4077.92,4074.6,4074.9,1807
2026-06-10 23:42:00,4074.89,4075.17,4071.33,4072.72,1927
2026-06-10 23:45:00,4072.75,4072.75,4068.14,4068.28,2045
2026-06-10 23:48:00,4068.27,4068.7,4067.17,4067.45,1951
2026-06-10 23:51:00,4067.45,4068.37,4067.1,4067.71,1817
2026-06-10 23:54:00,4067.71,4070.13,4067.55,4070.07,1945
2026-06-10 23:57:00,4070.07,4072.18,4069.64,4071.33,1274
2026-06-11 01:00:00,4071.84,4072.98,4059.68,4060.8,4905
2026-06-11 01:03:00,4060.78,4063.89,4058.65,4060.13,4943
2026-06-11 01:06:00,4060.01,4061.35,4053.16,4054.29,2892
2026-06-11 01:09:00,4054.29,4054.99,4050.28,4050.57,2100
2026-06-11 01:12:00,4050.56,4057.27,4050.43,4056.25,2111
2026-06-11 01:15:00,4056.24,4057.23,4043.1,4044.45,2379
2026-06-11 01:18:00,4044.28,4048.37,4039.62,4040.12,2162
2026-06-11 01:21:00,4040.21,4043.41,4036.21,4041.16,2316
2026-06-11 01:24:00,4041.16,4041.86,4036.09,4040.05,2218
2026-06-11 01:27:00,4040.05,4045.0,4038.61,4044.98,2098
2026-06-11 01:30:00,4044.76,4052.28,4044.55,4051.03,2257
2026-06-11 01:33:00,4051.05,4054.53,4049.33,4054.5,2163
2026-06-11 01:36:00,4054.47,4063.41,4054.47,4063.25,2151
2026-06-11 01:39:00,4063.24,4068.82,4062.46,4063.07,2152
2026-06-11 01:42:00,4063.07,4068.94,4060.15,4062.79,2221
2026-06-11 01:45:00,4062.8,4066.56,4057.89,4064.74,2202
2026-06-11 01:48:00,4064.72,4066.56,4059.14,4059.85,2072
2026-06-11 01:51:00,4059.86,4060.71,4052.14,4053.41,2022
2026-06-11 01:54:00,4053.52,4055.33,4047.48,4051.11,2163
2026-06-11 01:57:00,4051.09,4052.16,4045.75,4046.51,2088
2026-06-11 02:00:00,4046.51,4053.9,4044.64,4052.59,2310
2026-06-11 02:03:00,4052.59,4052.63,4047.02,4048.73,2192
2026-06-11 02:06:00,4048.72,4049.06,4043.12,4043.9,2149
2026-06-11 02:09:00,4043.93,4044.83,4038.59,4039.83,2172
2026-06-11 02:12:00,4039.84,4040.89,4023.88,4029.92,2520
2026-06-11 02:15:00,4029.92,4032.81,4025.17,4029.14,2531
2026-06-11 02:18:00,4029.16,4047.74,4027.49,4043.67,2837
2026-06-11 02:21:00,4043.65,4046.65,4038.03,4042.07,2758
2026-06-11 02:24:00,4042.06,4061.26,4041.18,4059.32,2670
2026-06-11 02:27:00,4059.32,4064.83,4057.49,4061.53,2536
2026-06-11 02:30:00,4061.53,4063.97,4057.56,4061.76,2315
2026-06-11 02:33:00,4061.73,4062.09,4056.31,4060.08,2339
2026-06-11 02:36:00,4060.07,4063.49,4059.37,4060.75,2148
2026-06-11 02:39:00,4060.75,4064.28,4057.82,4060.1,2185
2026-06-11 02:42:00,4060.08,4062.7,4054.79,4056.25,2289
2026-06-11 02:45:00,4056.25,4057.38,4049.11,4057.38,2654
2026-06-11 02:48:00,4057.41,4057.41,4049.07,4051.8,2400
2026-06-11 02:51:00,4051.75,4052.32,4049.6,4052.17,2102
2026-06-11 02:54:00,4052.16,4052.26,4046.67,4048.79,2209
2026-06-11 02:57:00,4048.79,4052.42,4044.63,4047.22,2285
2026-06-11 03:00:00,4047.29,4059.58,4046.51,4052.69,2999
2026-06-11 03:03:00,4052.66,4053.39,4040.97,4048.44,3132
2026-06-11 03:06:00,4048.4,4048.86,4039.79,4044.34,2946
2026-06-11 03:09:00,4044.33,4045.64,4036.07,4044.3,3107
2026-06-11 03:12:00,4044.31,4055.9,4042.38,4052.3,3056
2026-06-11 03:15:00,4052.28,4072.7,4049.96,4070.62,3347
2026-06-11 03:18:00,4070.61,4070.61,4061.8,4064.26,2937
2026-06-11 03:21:00,4064.26,4070.48,4062.43,4068.02,2683
2026-06-11 03:24:00,4068.03,4070.99,4057.49,4066.83,2858
2026-06-11 03:27:00,4066.74,4069.46,4064.73,4067.7,2589
2026-06-11 03:30:00,4067.71,4071.09,4061.87,4068.87,2628
2026-06-11 03:33:00,4068.9,4076.65,4063.89,4068.43,2918
2026-06-11 03:36:00,4068.45,4068.49,4059.22,4064.18,2672
2026-06-11 03:39:00,4064.15,4073.36,4062.11,4072.9,2205
2026-06-11 03:42:00,4072.93,4074.66,4062.65,4063.46,2293
2026-06-11 03:45:00,4063.47,4072.01,4063.3,4069.16,2539
2026-06-11 03:48:00,4069.14,4072.9,4067.59,4072.29,2442
2026-06-11 03:51:00,4072.35,4075.04,4069.85,4070.15,2483
2026-06-11 03:54:00,4070.21,4076.12,4068.79,4076.1,2413
2026-06-11 03:57:00,4076.07,4078.06,4074.76,4075.97,2335
2026-06-11 04:00:00,4075.94,4089.91,4072.64,4079.5,3523
2026-06-11 04:03:00,4079.51,4085.16,4075.84,4079.48,3527
2026-06-11 04:06:00,4079.45,4079.98,4066.22,4072.27,3170
2026-06-11 04:09:00,4072.28,4086.26,4072.11,4085.44,2761
2026-06-11 04:12:00,4085.44,4089.39,4082.53,4086.77,2739
2026-06-11 04:15:00,4086.76,4099.66,4085.56,4096.5,2808
2026-06-11 04:18:00,4096.52,4096.87,4091.58,4096.26,2688
2026-06-11 04:21:00,4096.25,4100.51,4092.3,4097.36,2752
2026-06-11 04:24:00,4097.38,4108.64,4096.96,4105.35,2696
2026-06-11 04:27:00,4105.4,4107.08,4101.86,4104.42,2856
2026-06-11 04:30:00,4104.42,4112.22,4103.98,4109.41,2728
2026-06-11 04:33:00,4109.41,4112.95,4105.93,4112.74,2513
2026-06-11 04:36:00,4112.73,4114.31,4109.64,4112.44,2503
2026-06-11 04:39:00,4112.43,4117.35,4110.04,4115.77,2333
2026-06-11 04:42:00,4115.84,4118.03,4110.2,4113.52,2565
2026-06-11 04:45:00,4113.51,4117.0,4106.54,4113.76,2488
2026-06-11 04:48:00,4113.75,4114.64,4106.98,4107.84,2282
2026-06-11 04:51:00,4107.83,4111.35,4104.54,4105.45,2156
2026-06-11 04:54:00,4105.45,4107.21,4098.71,4099.87,2382
2026-06-11 04:57:00,4099.87,4103.89,4097.95,4101.89,2357
2026-06-11 05:00:00,4101.86,4102.59,4095.23,4096.11,2528
2026-06-11 05:03:00,4096.1,4100.85,4094.67,4097.67,2451
2026-06-11 05:06:00,4097.69,4097.7,4092.89,4093.33,2312
2026-06-11 05:09:00,4093.27,4097.71,4091.38,4093.01,2359
2026-06-11 05:12:00,4093.07,4094.66,4089.25,4089.63,2352
2026-06-11 05:15:00,4089.64,4090.83,4087.8,4088.2,2103
2026-06-11 05:18:00,4088.22,4095.77,4087.78,4091.96,2272
2026-06-11 05:21:00,4091.93,4092.09,4089.0,4090.85,2189
2026-06-11 05:24:00,4090.84,4091.21,4085.03,4088.61,2267
2026-06-11 05:27:00,4088.58,4088.75,4081.47,4082.37,2187
2026-06-11 05:30:00,4082.39,4084.96,4071.22,4075.76,2771
2026-06-11 05:33:00,4075.77,4078.59,4071.35,4075.54,2692
2026-06-11 05:36:00,4075.55,4076.22,4070.01,4070.01,2601
2026-06-11 05:39:00,4070.26,4070.4,4056.27,4057.12,2923
2026-06-11 05:42:00,4057.13,4062.55,4055.11,4059.27,2742
2026-06-11 05:45:00,4059.3,4059.92,4054.91,4055.59,2681
2026-06-11 05:48:00,4055.59,4059.61,4052.28,4059.01,2433
2026-06-11 05:51:00,4059.02,4061.85,4056.73,4060.03,2483
2026-06-11 05:54:00,4059.98,4072.33,4058.34,4071.92,2297
2026-06-11 05:57:00,4071.91,4073.47,4067.66,4067.95,2147
2026-06-11 06:00:00,4067.96,4075.19,4067.83,4075.11,2332
2026-06-11 06:03:00,4075.1,4076.22,4073.1,4075.11,2236
2026-06-11 06:06:00,4075.08,4075.43,4069.9,4074.99,2364
2026-06-11 06:09:00,4075.01,4078.26,4070.71,4071.34,2285
2026-06-11 06:12:00,4071.33,4071.35,4064.41,4065.54,2198
2026-06-11 06:15:00,4065.47,4071.41,4065.45,4068.24,2177
2026-06-11 06:18:00,4068.26,4069.36,4061.16,4061.53,2184
2026-06-11 06:21:00,4061.53,4063.9,4060.03,4061.83,2237
2026-06-11 06:24:00,4061.8,4063.49,4058.62,4059.88,2258
2026-06-11 06:27:00,4059.85,4063.9,4056.95,4063.18,2284
2026-06-11 06:30:00,4063.18,4067.95,4062.55,4063.69,2275
2026-06-11 06:33:00,4063.69,4068.89,4063.45,4067.46,2042
2026-06-11 06:36:00,4067.4,4068.07,4064.33,4065.93,2062
2026-06-11 06:39:00,4065.93,4071.79,4065.57,4068.72,2105
2026-06-11 06:42:00,4068.73,4069.64,4066.13,4067.48,1992
2026-06-11 06:45:00,4067.49,4068.86,4066.13,4066.88,1975
2026-06-11 06:48:00,4066.89,4067.94,4064.85,4067.44,2007
2026-06-11 06:51:00,4067.44,4075.49,4067.16,4074.63,2050
2026-06-11 06:54:00,4074.64,4074.65,4072.1,4074.08,1954
2026-06-11 06:57:00,4074.07,4075.24,4072.14,4072.78,1924
2026-06-11 07:00:00,4072.77,4075.8,4071.41,4074.44,2069
2026-06-11 07:03:00,4074.45,4074.67,4070.13,4071.77,2086
2026-06-11 07:06:00,4071.77,4077.06,4071.71,4076.34,2011
2026-06-11 07:09:00,4076.32,4081.11,4076.27,4079.79,1984
2026-06-11 07:12:00,4079.79,4083.19,4079.13,4082.71,2070
2026-06-11 07:15:00,4082.73,4083.45,4079.07,4081.66,2007
2026-06-11 07:18:00,4081.69,4085.23,4079.82,4084.79,1998
2026-06-11 07:21:00,4084.8,4085.37,4081.38,4081.55,2002
2026-06-11 07:24:00,4081.61,4082.43,4078.68,4079.8,1966
2026-06-11 07:27:00,4079.83,4079.93,4076.34,4077.77,1972
2026-06-11 07:30:00,4077.76,4083.93,4077.76,4082.06,2026
2026-06-11 07:33:00,4082.06,4082.11,4075.41,4076.32,1965
2026-06-11 07:36:00,4076.31,4079.5,4074.75,4079.29,1984
2026-06-11 07:39:00,4079.3,4081.33,4078.36,4080.23,2069
2026-06-11 07:42:00,4080.23,4084.01,4079.56,4082.18,2090
2026-06-11 07:45:00,4082.17,4085.38,4082.05,4084.36,2124
2026-06-11 07:48:00,4084.38,4085.94,4081.48,4081.9,1970
2026-06-11 07:51:00,4081.93,4085.54,4079.57,4082.89,1972
2026-06-11 07:54:00,4082.89,4085.06,4082.27,4082.86,1960
2026-06-11 07:57:00,4082.88,4084.96,4081.54,4082.72,1929
2026-06-11 08:00:00,4082.72,4083.22,4075.99,4077.81,2143
2026-06-11 08:03:00,4077.71,4079.9,4075.54,4079.3,2081
2026-06-11 08:06:00,4079.29,4079.7,4075.47,4078.65,2070
2026-06-11 08:09:00,4078.66,4080.75,4076.62,4076.99,2028
2026-06-11 08:12:00,4077.01,4079.61,4076.94,4077.35,1957
2026-06-11 08:15:00,4077.37,4081.12,4075.27,4078.84,2075
2026-06-11 08:18:00,4078.83,4080.24,4077.38,4078.53,2058
2026-06-11 08:21:00,4078.54,4081.27,4076.96,4077.46,2034
2026-06-11 08:24:00,4077.44,4080.04,4073.98,4077.6,2077
2026-06-11 08:27:00,4077.6,4078.14,4072.72,4075.06,2152
2026-06-11 08:30:00,4075.06,4090.54,4074.59,4089.59,2809
2026-06-11 08:33:00,4089.61,4095.98,4088.3,4092.52,2505
2026-06-11 08:36:00,4092.54,4096.52,4091.24,4095.87,2229
2026-06-11 08:39:00,4095.89,4097.32,4092.29,4096.84,2122
2026-06-11 08:42:00,4096.83,4099.61,4095.74,4099.49,2071
2026-06-11 08:45:00,4099.51,4103.04,4096.35,4101.05,2170
2026-06-11 08:48:00,4101.05,4106.28,4097.48,4099.5,2261
2026-06-11 08:51:00,4099.5,4101.14,4094.94,4096.51,2319
2026-06-11 08:54:00,4096.46,4098.61,4093.55,4097.15,2184
2026-06-11 08:57:00,4097.16,4098.25,4093.69,4094.28,2168
2026-06-11 09:00:00,4094.29,4094.78,4087.97,4088.86,2272
2026-06-11 09:03:00,4088.84,4089.68,4083.41,4083.8,2395
2026-06-11 09:06:00,4083.78,4084.36,4078.85,4080.95,2450
2026-06-11 09:09:00,4080.98,4083.11,4076.38,4077.38,2365
2026-06-11 09:12:00,4077.43,4084.56,4077.43,4084.36,2198
2026-06-11 09:15:00,4084.35,4088.37,4081.81,4088.37,2239
2026-06-11 09:18:00,4088.41,4088.43,4083.91,4088.38,2120
2026-06-11 09:21:00,4088.37,4089.69,4086.71,4087.69,2150
2026-06-11 09:24:00,4087.66,4092.91,4087.66,4090.63,2126
2026-06-11 09:27:00,4090.63,4091.18,4086.17,4086.68,2135
2026-06-11 09:30:00,4086.7,4088.06,4085.08,4087.24,2197
2026-06-11 09:33:00,4087.26,4087.26,4083.08,4084.11,2263
2026-06-11 09:36:00,4084.43,4091.32,4084.43,4088.05,2405
2026-06-11 09:39:00,4088.06,4090.32,4086.34,4089.95,2470
2026-06-11 09:42:00,4089.88,4092.85,4088.49,4092.76,2097
2026-06-11 09:45:00,4092.76,4094.2,4091.08,4091.91,2547
2026-06-11 09:48:00,4091.9,4092.99,4091.25,4092.01,2072
2026-06-11 09:51:00,4092.03,4096.26,4091.49,4096.26,2227
2026-06-11 09:54:00,4096.24,4097.58,4094.11,4095.37,2138
2026-06-11 09:57:00,4095.39,4095.51,4091.81,4094.39,2099
2026-06-11 10:00:00,4094.37,4096.89,4092.8,4094.99,2252
2026-06-11 10:03:00,4094.98,4097.78,4092.99,4096.14,2202
2026-06-11 10:06:00,4096.16,4096.26,4093.02,4093.87,2098
2026-06-11 10:09:00,4093.62,4096.59,4092.71,4095.52,2128
2026-06-11 10:12:00,4095.54,4098.36,4091.73,4096.65,2213
2026-06-11 10:15:00,4096.64,4102.52,4096.27,4101.89,2385
2026-06-11 10:18:00,4101.89,4106.19,4101.78,4103.51,2239
2026-06-11 10:21:00,4103.58,4106.56,4103.24,4106.04,2285
2026-06-11 10:24:00,4106.03,4110.31,4104.77,4108.63,2197
2026-06-11 10:27:00,4108.63,4109.16,4106.46,4107.54,2189
2026-06-11 10:30:00,4107.52,4110.5,4106.16,4108.36,2080
2026-06-11 10:33:00,4108.36,4110.55,4104.43,4104.43,2133
2026-06-11 10:36:00,4104.4,4104.69,4101.52,4104.68,2567
2026-06-11 10:39:00,4104.67,4106.89,4102.97,4105.95,2027
2026-06-11 10:42:00,4105.92,4109.47,4105.92,4107.57,2143
2026-06-11 10:45:00,4107.57,4108.02,4105.33,4106.31,2044
2026-06-11 10:48:00,4106.19,4107.11,4099.87,4100.18,2039
2026-06-11 10:51:00,4100.15,4103.75,4099.01,4102.94,2413
2026-06-11 10:54:00,4102.93,4104.67,4102.31,4103.47,2016
2026-06-11 10:57:00,4103.45,4106.05,4103.4,4104.94,2081
2026-06-11 11:00:00,4104.94,4111.92,4104.05,4111.15,2326
2026-06-11 11:03:00,4111.13,4111.14,4105.15,4106.79,2271
2026-06-11 11:06:00,4106.8,4109.0,4105.39,4108.62,2184
2026-06-11 11:09:00,4108.66,4112.59,4107.75,4107.97,2339
2026-06-11 11:12:00,4107.99,4109.06,4105.08,4106.17,2489
2026-06-11 11:15:00,4106.17,4108.41,4103.54,4104.26,2294
2026-06-11 11:18:00,4104.26,4106.06,4101.58,4102.44,2081
2026-06-11 11:21:00,4102.44,4105.39,4100.23,4102.99,2624
2026-06-11 11:24:00,4103.0,4103.63,4100.62,4103.27,2339
2026-06-11 11:27:00,4103.28,4103.28,4097.16,4097.17,2465
2026-06-11 11:30:00,4097.16,4097.78,4094.14,4095.39,2204
2026-06-11 11:33:00,4095.37,4097.14,4093.82,4096.37,2428
2026-06-11 11:36:00,4096.37,4099.59,4095.32,4096.42,2279
2026-06-11 11:39:00,4096.39,4097.11,4092.5,4093.72,2280
2026-06-11 11:42:00,4093.73,4093.85,4090.29,4090.59,2476
2026-06-11 11:45:00,4090.59,4092.05,4088.84,4089.42,2493
2026-06-11 11:48:00,4089.41,4090.64,4088.86,4089.31,2549
2026-06-11 11:51:00,4089.32,4091.73,4087.05,4087.4,2116
2026-06-11 11:54:00,4087.41,4087.75,4085.13,4087.41,2122
2026-06-11 11:57:00,4087.38,4087.53,4084.44,4084.48,2516
2026-06-11 12:00:00,4084.5,4087.38,4083.28,4086.6,2183
2026-06-11 12:03:00,4086.58,4087.24,4083.98,4085.33,2083
2026-06-11 12:06:00,4085.31,4085.82,4081.9,4082.82,2184
2026-06-11 12:09:00,4082.8,4084.78,4080.71,4084.31,2301
2026-06-11 12:12:00,4084.39,4087.42,4083.57,4086.0,2283
2026-06-11 12:15:00,4086.04,4088.25,4085.22,4086.1,2317
2026-06-11 12:18:00,4086.21,4088.95,4085.21,4086.03,2204
2026-06-11 12:21:00,4086.03,4086.53,4083.73,4084.01,2016
2026-06-11 12:24:00,4084.04,4085.87,4079.2,4080.14,2165
2026-06-11 12:27:00,4080.17,4081.44,4078.89,4079.4,2114
2026-06-11 12:30:00,4079.42,4081.67,4077.47,4081.28,2193
2026-06-11 12:33:00,4081.18,4083.02,4079.86,4082.67,2252
2026-06-11 12:36:00,4082.75,4086.21,4081.2,4086.05,2403
2026-06-11 12:39:00,4086.03,4090.01,4085.87,4088.89,2013
2026-06-11 12:42:00,4088.9,4091.9,4088.37,4091.73,2230
2026-06-11 12:45:00,4091.72,4096.45,4091.32,4096.18,2003
2026-06-11 12:48:00,4096.2,4096.2,4093.55,4094.5,2078
2026-06-11 12:51:00,4094.49,4094.52,4090.3,4092.09,2003
2026-06-11 12:54:00,4092.1,4094.83,4091.76,4091.97,2164
2026-06-11 12:57:00,4091.94,4092.75,4090.03,4091.61,1924
2026-06-11 13:00:00,4091.59,4094.23,4091.16,4091.48,1999
2026-06-11 13:03:00,4091.48,4092.84,4090.0,4092.77,2037
2026-06-11 13:06:00,4092.75,4094.14,4090.65,4090.8,2109
2026-06-11 13:09:00,4090.8,4092.04,4087.88,4091.89,2033
2026-06-11 13:12:00,4091.91,4092.89,4090.55,4092.1,2144
2026-06-11 13:15:00,4092.1,4093.07,4086.77,4087.18,2021
2026-06-11 13:18:00,4087.22,4088.46,4086.82,4087.4,2463
2026-06-11 13:21:00,4087.4,4093.94,4087.3,4093.91,2097
2026-06-11 13:24:00,4093.93,4094.48,4091.57,4091.76,2054
2026-06-11 13:27:00,4091.75,4092.9,4087.67,4087.67,2093
2026-06-11 13:30:00,4087.68,4091.63,4086.54,4091.41,2142
2026-06-11 13:33:00,4091.41,4092.87,4088.9,4089.0,2047
2026-06-11 13:36:00,4089.01,4092.99,4088.74,4091.45,1968
2026-06-11 13:39:00,4091.46,4092.24,4090.76,4091.79,2253
2026-06-11 13:42:00,4091.8,4091.83,4089.56,4090.45,1948
2026-06-11 13:45:00,4090.44,4091.57,4088.82,4089.07,1878
2026-06-11 13:48:00,4089.08,4089.77,4087.58,4089.37,1845
2026-06-11 13:51:00,4089.38,4092.95,4089.35,4091.73,1969
2026-06-11 13:54:00,4091.75,4091.96,4087.67,4088.28,1978
2026-06-11 13:57:00,4088.27,4091.53,4088.26,4089.89,2071
2026-06-11 14:00:00,4089.93,4090.0,4086.94,4089.04,2125
2026-06-11 14:03:00,4088.91,4093.2,4088.53,4091.42,2106
2026-06-11 14:06:00,4091.41,4093.13,4088.44,4091.53,2161
2026-06-11 14:09:00,4091.54,4093.19,4090.3,4092.22,2060
2026-06-11 14:12:00,4092.23,4092.44,4086.43,4086.45,2102
2026-06-11 14:15:00,4086.28,4088.61,4084.12,4088.14,2204
2026-06-11 14:18:00,4088.14,4089.42,4083.4,4084.38,2157
2026-06-11 14:21:00,4084.33,4088.53,4083.88,4087.7,2172
2026-06-11 14:24:00,4087.75,4087.95,4084.34,4085.55,2099
2026-06-11 14:27:00,4085.52,4091.27,4085.07,4090.36,2236
2026-06-11 14:30:00,4090.33,4095.94,4089.64,4092.77,2632
2026-06-11 14:33:00,4092.76,4093.37,4084.35,4086.33,2172
2026-06-11 14:36:00,4086.31,4089.05,4083.37,4084.8,2143
2026-06-11 14:39:00,4084.69,4086.38,4081.69,4082.03,2190
2026-06-11 14:42:00,4082.02,4087.01,4082.0,4084.92,2258
2026-06-11 14:45:00,4084.89,4085.27,4082.52,4084.66,1983
2026-06-11 14:48:00,4084.6,4086.33,4083.61,4085.18,2008
2026-06-11 14:51:00,4085.2,4087.68,4084.51,4086.11,2032
2026-06-11 14:54:00,4086.11,4087.41,4085.59,4085.81,1972
2026-06-11 14:57:00,4085.81,4086.47,4079.89,4080.36,2060
2026-06-11 15:00:00,4080.37,4084.88,4078.4,4083.58,2106
2026-06-11 15:03:00,4083.6,4087.19,4083.51,4085.62,2062
2026-06-11 15:06:00,4085.66,4086.62,4079.45,4080.33,2178
2026-06-11 15:09:00,4080.32,4081.99,4075.4,4075.56,2066
2026-06-11 15:12:00,4075.56,4077.92,4072.51,4076.34,2127
2026-06-11 15:15:00,4076.34,4081.97,4075.58,4076.95,2304
2026-06-11 15:18:00,4076.95,4077.52,4070.64,4072.04,2450
2026-06-11 15:21:00,4072.01,4078.28,4061.47,4067.31,3433
2026-06-11 15:24:00,4067.3,4071.13,4062.92,4071.13,3224
2026-06-11 15:27:00,4071.14,4072.87,4066.7,4069.0,2530
2026-06-11 15:30:00,4068.97,4074.0,4058.08,4058.31,2829
2026-06-11 15:33:00,4058.31,4063.8,4057.57,4059.49,3050
2026-06-11 15:36:00,4059.47,4066.24,4058.98,4064.29,2555
2026-06-11 15:39:00,4064.31,4069.67,4063.58,4068.78,2609
2026-06-11 15:42:00,4068.81,4077.13,4066.43,4073.28,2635
2026-06-11 15:45:00,4073.27,4081.21,4069.83,4080.32,2794
2026-06-11 15:48:00,4080.46,4080.77,4074.09,4074.89,2388
2026-06-11 15:51:00,4074.9,4080.06,4073.0,4079.91,2488
2026-06-11 15:54:00,4079.89,4085.09,4077.85,4078.37,2531
2026-06-11 15:57:00,4078.33,4083.94,4076.92,4082.02,2513
2026-06-11 16:00:00,4082.0,4084.94,4077.98,4084.74,2696
2026-06-11 16:03:00,4084.8,4085.76,4079.02,4079.93,2830
2026-06-11 16:06:00,4079.91,4083.43,4078.93,4081.82,2620
2026-06-11 16:09:00,4081.8,4086.14,4079.63,4080.59,2488
2026-06-11 16:12:00,4080.56,4083.33,4072.05,4073.21,2571
2026-06-11 16:15:00,4073.17,4077.18,4073.02,4075.04,2420
2026-06-11 16:18:00,4075.03,4077.28,4072.72,4075.03,2453
2026-06-11 16:21:00,4075.01,4078.95,4073.4,4077.35,2359
2026-06-11 16:24:00,4077.35,4078.07,4072.23,4074.97,2407
2026-06-11 16:27:00,4074.96,4081.79,4074.79,4075.39,2336
2026-06-11 16:30:00,4075.38,4081.7,4074.25,4076.43,3162
2026-06-11 16:33:00,4076.43,4077.51,4071.93,4075.96,2989
2026-06-11 16:36:00,4075.99,4082.65,4068.22,4071.12,3071
2026-06-11 16:39:00,4071.11,4075.34,4067.12,4070.66,3037
2026-06-11 16:42:00,4070.76,4078.62,4067.98,4076.25,3300
2026-06-11 16:45:00,4076.4,4092.49,4073.51,4091.36,3866
2026-06-11 16:48:00,4091.32,4091.6,4083.73,4088.29,3442
2026-06-11 16:51:00,4088.28,4091.73,4086.71,4090.61,2966
2026-06-11 16:54:00,4090.55,4092.61,4084.66,4086.88,3103
2026-06-11 16:57:00,4086.89,4088.28,4082.5,4083.23,3011
2026-06-11 17:00:00,4083.24,4085.45,4078.42,4078.74,3027
2026-06-11 17:03:00,4078.59,4081.46,4072.46,4073.38,3032
2026-06-11 17:06:00,4073.37,4075.79,4069.16,4070.56,2834
2026-06-11 17:09:00,4070.53,4070.59,4055.11,4057.77,3101
2026-06-11 17:12:00,4057.77,4061.8,4052.93,4060.96,2870
2026-06-11 17:15:00,4061.03,4066.67,4056.08,4061.5,2939
2026-06-11 17:18:00,4061.51,4068.42,4058.65,4067.99,2934
2026-06-11 17:21:00,4067.98,4079.97,4066.2,4079.84,3239
2026-06-11 17:24:00,4079.82,4084.67,4078.59,4079.0,3188
2026-06-11 17:27:00,4079.01,4080.5,4073.76,4074.78,2675
2026-06-11 17:30:00,4074.78,4077.63,4070.76,4073.87,3241
2026-06-11 17:33:00,4073.87,4076.46,4070.54,4075.93,3041
2026-06-11 17:36:00,4075.92,4079.94,4072.35,4079.37,2814
2026-06-11 17:39:00,4079.37,4083.19,4076.38,4081.77,2684
2026-06-11 17:42:00,4081.76,4083.48,4076.14,4076.18,2621
2026-06-11 17:45:00,4076.27,4077.94,4072.74,4075.1,2624
2026-06-11 17:48:00,4075.12,4079.59,4073.87,4077.3,2824
2026-06-11 17:51:00,4077.32,4081.01,4073.66,4077.61,2783
2026-06-11 17:54:00,4077.56,4079.09,4073.98,4075.06,2876
2026-06-11 17:57:00,4075.05,4077.93,4072.16,4073.44,2879
2026-06-11 18:00:00,4073.41,4075.97,4070.33,4073.16,3096
2026-06-11 18:03:00,4073.15,4076.51,4072.22,4072.69,2942
2026-06-11 18:06:00,4072.68,4086.36,4072.2,4081.82,3148
2026-06-11 18:09:00,4081.79,4086.44,4079.72,4083.07,3158
2026-06-11 18:12:00,4083.09,4086.83,4080.59,4080.63,2956
2026-06-11 18:15:00,4080.6,4086.49,4080.57,4082.96,2706
2026-06-11 18:18:00,4082.95,4089.26,4079.71,4087.8,2889
2026-06-11 18:21:00,4087.8,4087.82,4076.59,4078.56,2653
2026-06-11 18:24:00,4078.57,4081.58,4074.86,4081.58,2742
2026-06-11 18:27:00,4081.54,4084.63,4081.24,4081.66,2667
2026-06-11 18:30:00,4081.65,4082.78,4077.51,4080.8,2862
2026-06-11 18:33:00,4080.74,4081.22,4077.91,4080.06,2682
2026-06-11 18:36:00,4080.05,4086.73,4078.97,4086.09,2682
2026-06-11 18:39:00,4086.12,4090.16,4084.35,4087.84,2716
2026-06-11 18:42:00,4087.86,4090.43,4086.5,4088.15,2539
2026-06-11 18:45:00,4088.16,4091.69,4087.37,4089.51,2603
2026-06-11 18:48:00,4089.65,4091.75,4088.16,4089.34,2385
2026-06-11 18:51:00,4089.34,4095.43,4089.12,4091.35,2557
2026-06-11 18:54:00,4091.33,4091.35,4085.72,4087.25,2515
2026-06-11 18:57:00,4087.23,4090.01,4086.91,4088.82,2397
2026-06-11 19:00:00,4088.82,4093.29,4088.52,4092.75,2637
2026-06-11 19:03:00,4092.75,4093.01,4086.57,4088.56,2519
2026-06-11 19:06:00,4088.56,4093.71,4088.46,4093.25,2497
2026-06-11 19:09:00,4093.22,4099.65,4091.19,4099.19,2507
2026-06-11 19:12:00,4099.21,4103.28,4097.03,4102.65,2672
2026-06-11 19:15:00,4102.63,4107.7,4098.01,4098.96,2668
2026-06-11 19:18:00,4098.84,4099.25,4095.49,4095.76,2264
2026-06-11 19:21:00,4095.74,4096.07,4091.62,4091.86,2517
2026-06-11 19:24:00,4091.89,4091.89,4083.12,4083.58,2612
2026-06-11 19:27:00,4083.57,4085.09,4079.49,4079.62,2680
2026-06-11 19:30:00,4079.6,4083.49,4078.49,4082.76,2757
2026-06-11 19:33:00,4082.75,4087.88,4081.47,4084.91,2708
2026-06-11 19:36:00,4084.88,4086.44,4081.72,4084.06,2641
2026-06-11 19:39:00,4084.07,4084.39,4081.64,4083.28,2453
2026-06-11 19:42:00,4083.29,4085.28,4081.15,4081.96,2357
2026-06-11 19:45:00,4081.96,4084.29,4080.29,4083.19,2426
2026-06-11 19:48:00,4083.18,4083.89,4078.99,4080.91,2349
2026-06-11 19:51:00,4080.89,4082.4,4078.76,4079.31,2320
2026-06-11 19:54:00,4079.3,4081.06,4078.02,4080.57,2337
2026-06-11 19:57:00,4080.56,4082.27,4079.61,4080.15,2203
2026-06-11 20:00:00,4080.24,4080.8,4074.48,4074.61,2644
2026-06-11 20:03:00,4074.63,4076.48,4071.92,4075.34,2654
2026-06-11 20:06:00,4075.33,4077.76,4074.42,4075.28,2513
2026-06-11 20:09:00,4075.29,4078.82,4074.73,4077.02,2415
2026-06-11 20:12:00,4077.05,4077.64,4072.72,4076.0,2389
2026-06-11 20:15:00,4076.03,4077.87,4074.35,4075.9,2311
2026-06-11 20:18:00,4075.88,4079.51,4075.48,4079.2,2324
2026-06-11 20:21:00,4079.23,4079.88,4076.07,4079.49,2414
2026-06-11 20:24:00,4079.43,4081.74,4078.37,4081.26,2465
2026-06-11 20:27:00,4081.28,4102.25,4078.39,4101.74,3124
2026-06-11 20:30:00,4101.72,4136.52,4101.5,4136.24,4221
2026-06-11 20:33:00,4136.23,4149.53,4127.63,4147.77,4449
2026-06-11 20:36:00,4147.73,4153.09,4138.14,4147.55,4252
2026-06-11 20:39:00,4147.87,4163.33,4145.91,4162.98,3999
2026-06-11 20:42:00,4163.15,4170.01,4159.25,4166.67,3900
2026-06-11 20:45:00,4166.68,4166.8,4155.84,4161.59,3577
2026-06-11 20:48:00,4161.58,4164.2,4146.99,4148.57,3523
2026-06-11 20:51:00,4148.55,4161.42,4148.51,4152.28,3551
2026-06-11 20:54:00,4152.29,4154.08,4146.66,4147.87,3289
2026-06-11 20:57:00,4147.87,4157.12,4147.84,4151.78,3082
2026-06-11 21:00:00,4151.81,4155.62,4145.49,4145.52,3615
2026-06-11 21:03:00,4145.52,4147.42,4134.57,4134.88,3891
2026-06-11 21:06:00,4134.89,4141.57,4131.33,4136.63,3604
2026-06-11 21:09:00,4136.63,4142.84,4133.56,4141.56,3140
2026-06-11 21:12:00,4141.56,4146.81,4141.44,4146.8,3055
2026-06-11 21:15:00,4146.82,4153.99,4145.18,4152.01,2972
2026-06-11 21:18:00,4151.94,4162.99,4150.92,4158.11,2866
2026-06-11 21:21:00,4158.08,4162.36,4151.26,4156.37,3209
2026-06-11 21:24:00,4156.37,4158.8,4152.14,4153.94,2913
2026-06-11 21:27:00,4153.96,4154.73,4150.72,4152.99,2901
2026-06-11 21:30:00,4152.99,4158.03,4149.09,4150.76,2971
2026-06-11 21:33:00,4150.78,4156.02,4150.78,4153.55,2557
2026-06-11 21:36:00,4153.53,4158.72,4153.04,4156.51,2684
2026-06-11 21:39:00,4156.52,4159.86,4155.22,4159.46,2601
2026-06-11 21:42:00,4159.48,4165.12,4158.82,4164.83,2546
2026-06-11 21:45:00,4164.8,4168.12,4164.01,4167.96,2354
2026-06-11 21:48:00,4167.93,4171.59,4167.08,4168.46,2409
2026-06-11 21:51:00,4168.45,4169.22,4165.11,4166.39,2431
2026-06-11 21:54:00,4166.41,4167.01,4160.77,4161.27,2407
2026-06-11 21:57:00,4161.3,4164.45,4160.39,4161.88,2444
2026-06-11 22:00:00,4161.87,4173.16,4161.87,4172.75,2600
2026-06-11 22:03:00,4172.78,4174.41,4169.51,4170.0,2553
2026-06-11 22:06:00,4170.01,4172.73,4169.83,4171.32,2689
2026-06-11 22:09:00,4171.31,4181.39,4171.19,4180.98,2578
2026-06-11 22:12:00,4180.67,4189.34,4179.76,4188.34,3151
2026-06-11 22:15:00,4188.33,4196.83,4186.18,4188.67,3014
2026-06-11 22:18:00,4188.68,4198.29,4188.65,4192.51,2667
2026-06-11 22:21:00,4192.56,4193.5,4188.68,4189.04,2580
2026-06-11 22:24:00,4189.01,4194.69,4189.01,4194.38,2461
2026-06-11 22:27:00,4194.38,4198.39,4193.09,4195.64,2590
2026-06-11 22:30:00,4195.65,4211.66,4195.65,4207.02,3421
2026-06-11 22:33:00,4207.04,4215.96,4203.02,4212.68,3137
2026-06-11 22:36:00,4212.66,4220.09,4208.99,4211.48,2997
2026-06-11 22:39:00,4211.47,4215.15,4208.36,4214.27,2769
2026-06-11 22:42:00,4214.25,4217.57,4209.12,4210.22,2693
2026-06-11 22:45:00,4210.27,4215.0,4209.92,4213.24,2851
2026-06-11 22:48:00,4213.28,4213.56,4209.19,4210.41,2587
2026-06-11 22:51:00,4210.44,4215.36,4210.22,4214.44,2688
2026-06-11 22:54:00,4214.45,4215.5,4209.6,4212.33,2378
2026-06-11 22:57:00,4212.31,4212.51,4207.29,4209.12,2584
2026-06-11 23:00:00,4208.98,4216.08,4208.84,4213.57,2419
2026-06-11 23:03:00,4213.56,4213.7,4208.19,4209.15,2165
2026-06-11 23:06:00,4209.18,4215.4,4209.15,4215.05,2158
2026-06-11 23:09:00,4215.03,4216.44,4212.17,4214.42,1993
2026-06-11 23:12:00,4214.44,4218.65,4213.25,4213.86,2051
2026-06-11 23:15:00,4213.89,4214.93,4212.28,4212.62,1923
2026-06-11 23:18:00,4212.6,4216.36,4212.17,4215.7,1971
2026-06-11 23:21:00,4215.71,4215.71,4212.88,4213.23,2009
2026-06-11 23:24:00,4213.26,4215.74,4212.85,4213.59,1949
2026-06-11 23:27:00,4213.59,4214.2,4212.24,4214.13,2010
2026-06-11 23:30:00,4214.12,4216.42,4213.05,4214.29,2035
2026-06-11 23:33:00,4214.26,4215.57,4211.75,4215.02,1934
2026-06-11 23:36:00,4215.0,4215.66,4212.31,4212.75,1961
2026-06-11 23:39:00,4212.77,4213.48,4210.31,4211.36,2004
2026-06-11 23:42:00,4211.37,4212.52,4209.53,4209.71,1919
2026-06-11 23:45:00,4209.74,4212.06,4209.11,4211.27,1927
2026-06-11 23:48:00,4211.31,4212.98,4210.35,4211.62,1877
2026-06-11 23:51:00,4211.65,4212.03,4210.2,4210.67,1817
2026-06-11 23:54:00,4210.65,4212.62,4210.59,4211.07,1872
2026-06-11 23:57:00,4211.07,4211.43,4210.68,4210.78,1226
2026-06-12 01:00:00,4212.98,4220.11,4207.57,4209.48,5044
2026-06-12 01:03:00,4209.48,4211.85,4205.39,4208.74,4880
2026-06-12 01:06:00,4208.72,4210.1,4207.12,4209.65,2135
2026-06-12 01:09:00,4209.63,4211.0,4207.8,4208.94,1910
2026-06-12 01:12:00,4208.94,4211.01,4207.13,4209.7,1924
2026-06-12 01:15:00,4209.7,4211.01,4207.32,4210.4,1886
2026-06-12 01:18:00,4210.42,4210.43,4207.56,4208.18,1822
2026-06-12 01:21:00,4208.18,4211.65,4206.83,4209.79,1924
2026-06-12 01:24:00,4209.8,4211.08,4205.59,4208.6,1905
2026-06-12 01:27:00,4208.59,4215.79,4207.55,4214.83,1931
2026-06-12 01:30:00,4214.83,4216.09,4211.62,4211.64,2044
2026-06-12 01:33:00,4211.65,4214.75,4211.12,4213.66,2004
2026-06-12 01:36:00,4213.63,4213.71,4211.92,4211.95,1880
2026-06-12 01:39:00,4211.95,4219.11,4211.75,4218.7,1973
2026-06-12 01:42:00,4218.7,4228.18,4217.76,4225.83,2214
2026-06-12 01:45:00,4225.85,4235.26,4225.3,4235.21,2126
2026-06-12 01:48:00,4235.16,4236.12,4229.94,4229.98,2083
2026-06-12 01:51:00,4229.98,4232.42,4225.05,4231.99,2017
2026-06-12 01:54:00,4231.97,4238.92,4230.68,4238.56,2124
2026-06-12 01:57:00,4238.59,4246.63,4238.17,4243.39,2193
2026-06-12 02:00:00,4243.45,4245.96,4233.79,4234.16,2303
2026-06-12 02:03:00,4234.15,4234.27,4223.43,4225.84,2397
2026-06-12 02:06:00,4225.82,4230.47,4224.22,4229.4,2176
2026-06-12 02:09:00,4229.39,4229.41,4224.84,4225.85,2017
2026-06-12 02:12:00,4225.85,4228.01,4220.76,4223.63,2086
2026-06-12 02:15:00,4223.61,4226.49,4221.54,4221.62,2105
2026-06-12 02:18:00,4221.62,4224.29,4221.23,4222.19,2064
2026-06-12 02:21:00,4222.2,4222.81,4215.83,4216.42,2050
2026-06-12 02:24:00,4216.4,4218.22,4215.75,4216.2,2100
2026-06-12 02:27:00,4216.21,4218.2,4214.24,4216.67,2102
2026-06-12 02:30:00,4216.65,4223.6,4214.77,4216.39,2219
2026-06-12 02:33:00,4216.39,4220.33,4215.27,4216.63,2092
2026-06-12 02:36:00,4216.65,4220.71,4214.69,4218.56,2091
2026-06-12 02:39:00,4218.58,4219.7,4214.82,4215.53,1971
2026-06-12 02:42:00,4215.54,4220.88,4215.41,4219.31,1990
2026-06-12 02:45:00,4219.46,4224.89,4219.32,4219.77,2203
2026-06-12 02:48:00,4219.74,4222.79,4217.37,4222.68,2011
2026-06-12 02:51:00,4222.69,4223.26,4215.38,4215.6,2041
2026-06-12 02:54:00,4215.64,4222.1,4215.64,4221.79,1991
2026-06-12 02:57:00,4221.78,4221.93,4218.28,4220.01,1975
2026-06-12 03:00:00,4220.04,4222.57,4212.69,4219.07,2297
2026-06-12 03:03:00,4218.35,4221.39,4215.19,4220.53,2238
2026-06-12 03:06:00,4220.5,4225.75,4215.67,4216.19,2300
2026-06-12 03:09:00,4216.1,4219.08,4215.42,4217.74,2240
2026-06-12 03:12:00,4217.72,4217.99,4215.32,4216.88,2222
2026-06-12 03:15:00,4216.87,4216.93,4207.29,4208.19,2480
2026-06-12 03:18:00,4208.19,4217.18,4208.18,4215.24,2172
2026-06-12 03:21:00,4215.24,4221.69,4215.2,4221.69,2179
2026-06-12 03:24:00,4221.68,4230.42,4220.78,4227.61,2294
2026-06-12 03:27:00,4227.59,4227.62,4220.16,4220.36,2326
2026-06-12 03:30:00,4220.36,4228.66,4219.91,4227.17,2434
2026-06-12 03:33:00,4227.19,4227.22,4219.43,4223.68,2295
2026-06-12 03:36:00,4223.65,4223.67,4215.98,4216.85,2269
2026-06-12 03:39:00,4216.89,4217.17,4209.2,4210.43,2338
2026-06-12 03:42:00,4210.45,4211.43,4202.7,4203.92,2230
2026-06-12 03:45:00,4203.93,4208.11,4202.62,4203.33,2404
2026-06-12 03:48:00,4203.31,4204.63,4201.24,4202.14,2165
2026-06-12 03:51:00,4202.12,4205.4,4200.89,4202.5,2150
2026-06-12 03:54:00,4202.53,4203.34,4200.86,4202.84,2206
2026-06-12 03:57:00,4202.83,4208.28,4201.54,4208.28,2352
2026-06-12 04:00:00,4208.27,4210.96,4190.58,4191.94,3151
2026-06-12 04:03:00,4191.97,4194.23,4182.95,4186.65,2880
2026-06-12 04:06:00,4186.58,4193.07,4186.29,4188.97,2611
2026-06-12 04:09:00,4188.96,4193.38,4188.13,4188.94,2510
2026-06-12 04:12:00,4188.95,4193.13,4184.95,4187.1,2601
2026-06-12 04:15:00,4187.09,4193.83,4186.91,4188.79,2506
2026-06-12 04:18:00,4188.8,4191.46,4185.77,4190.4,2447
2026-06-12 04:21:00,4190.39,4192.31,4187.46,4191.57,2417
2026-06-12 04:24:00,4191.56,4191.97,4183.54,4184.33,2399
2026-06-12 04:27:00,4184.36,4184.36,4179.12,4181.04,2472
2026-06-12 04:30:00,4180.93,4186.69,4180.36,4180.91,2628
2026-06-12 04:33:00,4180.9,4182.08,4176.83,4177.83,2536
2026-06-12 04:36:00,4177.84,4177.84,4171.44,4174.86,2549
2026-06-12 04:39:00,4174.87,4180.77,4174.82,4178.01,2527
2026-06-12 04:42:00,4178.02,4183.73,4178.01,4179.49,2509
2026-06-12 04:45:00,4179.46,4190.67,4179.32,4189.75,2600
2026-06-12 04:48:00,4189.74,4191.45,4187.18,4188.42,2391
2026-06-12 04:51:00,4188.44,4190.98,4187.31,4187.84,2310
2026-06-12 04:54:00,4187.8,4189.92,4184.32,4189.05,2325
2026-06-12 04:57:00,4189.04,4190.17,4185.96,4186.79,2276
2026-06-12 05:00:00,4186.82,4193.76,4183.7,4192.98,2480
2026-06-12 05:03:00,4192.96,4194.37,4190.55,4192.19,2309
2026-06-12 05:06:00,4192.2,4195.47,4190.21,4194.34,2390
2026-06-12 05:09:00,4194.35,4200.06,4193.22,4194.53,2314
2026-06-12 05:12:00,4194.56,4196.51,4193.86,4193.92,2208
2026-06-12 05:15:00,4193.95,4194.49,4191.42,4192.42,2098
2026-06-12 05:18:00,4192.42,4193.44,4190.83,4193.38,2000
2026-06-12 05:21:00,4193.31,4193.43,4191.45,4191.76,2118
2026-06-12 05:24:00,4191.71,4192.41,4188.51,4188.59,2018
2026-06-12 05:27:00,4188.61,4190.55,4186.52,4188.34,2116
2026-06-12 05:30:00,4188.34,4189.37,4184.92,4186.48,2338
2026-06-12 05:33:00,4186.48,4188.45,4182.65,4184.52,2143
2026-06-12 05:36:00,4184.51,4193.22,4183.69,4190.06,2285
2026-06-12 05:39:00,4190.09,4190.34,4186.04,4186.48,2163
2026-06-12 05:42:00,4186.47,4187.13,4184.47,4186.29,2133
2026-06-12 05:45:00,4186.29,4188.65,4183.63,4184.39,2257
2026-06-12 05:48:00,4184.42,4191.47,4184.39,4189.0,2258
2026-06-12 05:51:00,4188.97,4192.42,4188.47,4188.92,2260
2026-06-12 05:54:00,4188.91,4189.8,4187.48,4188.95,2103
2026-06-12 05:57:00,4188.93,4193.64,4188.43,4191.66,2089
2026-06-12 06:00:00,4191.63,4196.08,4189.56,4192.0,2396
2026-06-12 06:03:00,4192.02,4194.66,4190.58,4191.95,2153
2026-06-12 06:06:00,4191.96,4195.39,4191.76,4192.77,2049
2026-06-12 06:09:00,4192.7,4195.34,4191.59,4195.34,2095
2026-06-12 06:12:00,4195.37,4196.03,4191.27,4194.02,2100
2026-06-12 06:15:00,4193.96,4200.58,4193.65,4199.81,2323
2026-06-12 06:18:00,4199.84,4201.24,4192.88,4193.13,2225
2026-06-12 06:21:00,4193.11,4197.67,4193.04,4195.56,2118
2026-06-12 06:24:00,4195.57,4200.49,4195.56,4200.06,2142
2026-06-12 06:27:00,4200.07,4203.54,4198.82,4203.32,2316
2026-06-12 06:30:00,4203.35,4203.73,4199.08,4202.83,2145
2026-06-12 06:33:00,4202.85,4204.6,4201.03,4202.29,2086
2026-06-12 06:36:00,4202.27,4204.74,4201.1,4203.16,1996
2026-06-12 06:39:00,4203.18,4204.89,4201.62,4203.82,1963
2026-06-12 06:42:00,4203.82,4203.85,4198.85,4199.28,1953
2026-06-12 06:45:00,4199.28,4199.46,4195.89,4196.12,1985
2026-06-12 06:48:00,4196.13,4198.77,4195.47,4197.66,1990
2026-06-12 06:51:00,4197.66,4198.95,4196.29,4198.7,1925
2026-06-12 06:54:00,4198.72,4201.41,4198.58,4200.38,1946
2026-06-12 06:57:00,4200.35,4200.7,4196.58,4197.14,1860
2026-06-12 07:00:00,4197.12,4197.7,4192.83,4197.54,1920
2026-06-12 07:03:00,4197.52,4201.01,4194.36,4194.98,1909
2026-06-12 07:06:00,4194.95,4196.54,4191.95,4195.8,1901
2026-06-12 07:09:00,4195.81,4196.99,4193.54,4193.56,1888
2026-06-12 07:12:00,4193.57,4195.14,4192.03,4194.27,1888
2026-06-12 07:15:00,4194.28,4195.65,4190.37,4191.2,1934
2026-06-12 07:18:00,4191.15,4192.23,4190.76,4192.13,1861
2026-06-12 07:21:00,4192.13,4192.67,4190.69,4192.08,1867
2026-06-12 07:24:00,4192.07,4193.53,4191.43,4193.08,1887
2026-06-12 07:27:00,4193.08,4194.32,4191.72,4192.73,1932
2026-06-12 07:30:00,4192.71,4197.23,4191.91,4196.61,2032
2026-06-12 07:33:00,4196.59,4196.96,4194.02,4195.19,1881
2026-06-12 07:36:00,4195.2,4198.44,4194.3,4196.62,1936
2026-06-12 07:39:00,4196.63,4197.26,4193.68,4197.23,1902
2026-06-12 07:42:00,4197.26,4197.26,4192.86,4193.4,1900
2026-06-12 07:45:00,4193.41,4194.27,4189.99,4190.72,1950
2026-06-12 07:48:00,4190.83,4192.09,4189.95,4191.34,1914
2026-06-12 07:51:00,4191.37,4192.9,4190.49,4191.55,1817
2026-06-12 07:54:00,4191.56,4192.93,4190.79,4192.24,1876
2026-06-12 07:57:00,4192.23,4192.6,4189.58,4189.97,1869
2026-06-12 08:00:00,4189.95,4192.95,4189.08,4189.38,2080
2026-06-12 08:03:00,4189.38,4189.61,4187.39,4188.13,1943
2026-06-12 08:06:00,4188.12,4190.51,4185.66,4185.89,1933
2026-06-12 08:09:00,4185.86,4186.29,4182.05,4182.71,1974
2026-06-12 08:12:00,4182.69,4189.97,4181.96,4189.14,2007
2026-06-12 08:15:00,4188.82,4189.52,4185.0,4186.1,1936
2026-06-12 08:18:00,4186.1,4188.77,4184.98,4188.31,1941
2026-06-12 08:21:00,4188.33,4189.22,4186.74,4187.09,1960
2026-06-12 08:24:00,4187.07,4189.6,4186.74,4188.17,2010
2026-06-12 08:27:00,4188.18,4188.25,4185.94,4187.1,2041
2026-06-12 08:30:00,4187.11,4187.76,4181.37,4182.2,2476
2026-06-12 08:33:00,4182.17,4183.54,4176.36,4178.03,2367
2026-06-12 08:36:00,4177.94,4179.35,4175.46,4176.98,2451
2026-06-12 08:39:00,4176.97,4178.27,4172.56,4176.95,2404
2026-06-12 08:42:00,4176.91,4181.17,4176.25,4180.51,2249
2026-06-12 08:45:00,4180.52,4181.03,4176.14,4177.22,2332
2026-06-12 08:48:00,4177.25,4180.31,4173.52,4173.54,2361
2026-06-12 08:51:00,4173.26,4179.64,4172.92,4176.07,2371
2026-06-12 08:54:00,4176.08,4176.76,4173.55,4175.49,2253
2026-06-12 08:57:00,4175.51,4176.87,4170.71,4173.4,2212
2026-06-12 09:00:00,4173.39,4181.88,4173.24,4181.1,2390
2026-06-12 09:03:00,4181.11,4183.78,4180.81,4182.97,2333
2026-06-12 09:06:00,4182.99,4184.27,4178.82,4182.17,2270
2026-06-12 09:09:00,4182.13,4185.22,4180.4,4184.09,2090
2026-06-12 09:12:00,4184.07,4185.65,4182.64,4182.95,2135
2026-06-12 09:15:00,4182.95,4183.3,4179.64,4182.27,2188
2026-06-12 09:18:00,4182.27,4182.75,4180.57,4181.47,2029
2026-06-12 09:21:00,4181.44,4182.24,4178.92,4181.64,2034
2026-06-12 09:24:00,4181.64,4182.09,4179.93,4182.09,2033
2026-06-12 09:27:00,4182.14,4182.68,4179.49,4182.17,2223
2026-06-12 09:30:00,4182.13,4182.59,4175.49,4177.75,2278
2026-06-12 09:33:00,4177.81,4180.32,4176.03,4180.19,2097
2026-06-12 09:36:00,4180.21,4181.41,4177.08,4178.6,2123
2026-06-12 09:39:00,4178.58,4179.21,4174.33,4178.69,2113
2026-06-12 09:42:00,4178.7,4178.7,4172.41,4176.51,2152
2026-06-12 09:45:00,4176.53,4177.61,4175.16,4177.2,2035
2026-06-12 09:48:00,4177.2,4179.14,4174.23,4178.72,2411
2026-06-12 09:51:00,4178.74,4180.8,4177.28,4179.29,2121
2026-06-12 09:54:00,4179.29,4180.11,4177.16,4179.45,2554
2026-06-12 09:57:00,4179.42,4184.8,4179.03,4184.22,2138
2026-06-12 10:00:00,4184.2,4185.1,4180.02,4180.14,2185
2026-06-12 10:03:00,4180.13,4180.83,4176.11,4178.88,2180
2026-06-12 10:06:00,4178.87,4181.93,4177.75,4180.93,2575
2026-06-12 10:09:00,4180.91,4182.73,4178.15,4179.05,2181
2026-06-12 10:12:00,4179.04,4181.67,4177.93,4178.34,2142
2026-06-12 10:15:00,4178.32,4179.13,4175.4,4176.28,2640
2026-06-12 10:18:00,4176.3,4178.25,4174.21,4178.07,2193
2026-06-12 10:21:00,4177.96,4179.21,4175.67,4177.8,2475
2026-06-12 10:24:00,4177.83,4179.42,4177.17,4179.16,2228
2026-06-12 10:27:00,4179.17,4180.14,4173.85,4174.19,2061
2026-06-12 10:30:00,4174.18,4175.87,4172.14,4172.7,2389
2026-06-12 10:33:00,4172.7,4177.92,4170.28,4177.04,2144
2026-06-12 10:36:00,4177.02,4178.88,4176.07,4176.56,2194
2026-06-12 10:39:00,4176.55,4181.27,4176.25,4179.49,2077
2026-06-12 10:42:00,4179.5,4184.59,4179.42,4183.06,2247
2026-06-12 10:45:00,4183.03,4183.61,4178.82,4178.82,2082
2026-06-12 10:48:00,4178.83,4179.0,4174.54,4176.99,2393
2026-06-12 10:51:00,4176.98,4178.33,4174.59,4175.97,2404
2026-06-12 10:54:00,4175.98,4189.28,4173.85,4182.15,2189
2026-06-12 10:57:00,4182.18,4194.27,4179.35,4194.22,2908
2026-06-12 11:00:00,4194.21,4200.31,4191.93,4198.84,2798
2026-06-12 11:03:00,4198.86,4202.92,4195.2,4197.07,2479
2026-06-12 11:06:00,4197.07,4199.77,4195.61,4199.5,2269
2026-06-12 11:09:00,4199.48,4204.08,4198.72,4203.72,2403
2026-06-12 11:12:00,4203.7,4204.91,4201.52,4203.82,2367
2026-06-12 11:15:00,4203.86,4211.76,4199.46,4211.09,2730
2026-06-12 11:18:00,4211.11,4220.59,4209.15,4213.34,3034
2026-06-12 11:21:00,4213.33,4220.17,4212.55,4217.0,2822
2026-06-12 11:24:00,4217.1,4219.12,4211.88,4212.06,2551
2026-06-12 11:27:00,4212.06,4215.37,4211.21,4213.09,2411
2026-06-12 11:30:00,4213.06,4218.6,4212.96,4218.35,2329
2026-06-12 11:33:00,4218.33,4220.08,4215.44,4216.19,2443
2026-06-12 11:36:00,4216.19,4221.74,4216.02,4221.25,2294
2026-06-12 11:39:00,4221.22,4222.33,4211.86,4212.25,2217
2026-06-12 11:42:00,4212.28,4219.78,4212.0,4218.42,2140
2026-06-12 11:45:00,4218.42,4220.31,4216.1,4218.72,2196
2026-06-12 11:48:00,4218.72,4218.89,4214.7,4216.73,2123
2026-06-12 11:51:00,4216.73,4220.81,4216.1,4220.05,2095
2026-06-12 11:54:00,4220.04,4225.99,4219.92,4224.14,2277
2026-06-12 11:57:00,4224.17,4224.47,4219.41,4219.62,2137
2026-06-12 12:00:00,4219.62,4222.13,4217.4,4222.01,2164
2026-06-12 12:03:00,4222.02,4224.02,4220.67,4222.77,2209
2026-06-12 12:06:00,4222.76,4224.0,4219.56,4221.52,2114
2026-06-12 12:09:00,4221.5,4224.63,4221.12,4223.97,2045
2026-06-12 12:12:00,4223.95,4225.28,4221.81,4224.16,2051
2026-06-12 12:15:00,4224.16,4226.88,4220.9,4225.38,2357
2026-06-12 12:18:00,4225.37,4226.7,4222.05,4224.9,2225
2026-06-12 12:21:00,4224.92,4225.7,4219.0,4221.39,2103
2026-06-12 12:24:00,4221.37,4225.0,4220.92,4224.96,2151
2026-06-12 12:27:00,4225.04,4225.83,4219.34,4221.0,2430
2026-06-12 12:30:00,4220.98,4223.53,4219.23,4221.99,2297
2026-06-12 12:33:00,4222.0,4226.41,4221.93,4226.18,2334
2026-06-12 12:36:00,4226.19,4226.97,4221.48,4223.54,2460
2026-06-12 12:39:00,4223.53,4226.96,4222.83,4226.27,2211
2026-06-12 12:42:00,4226.29,4227.89,4224.67,4225.34,2056
2026-06-12 12:45:00,4225.33,4227.67,4223.87,4226.6,2103
2026-06-12 12:48:00,4226.61,4228.12,4223.27,4224.07,2060
2026-06-12 12:51:00,4224.06,4224.67,4221.37,4224.09,2020
2026-06-12 12:54:00,4224.15,4225.05,4222.76,4224.72,1997
2026-06-12 12:57:00,4224.7,4225.51,4221.51,4221.9,2107
2026-06-12 13:00:00,4221.84,4223.48,4218.69,4222.38,2117
2026-06-12 13:03:00,4222.36,4224.57,4220.28,4221.96,2067
2026-06-12 13:06:00,4221.94,4225.61,4221.85,4225.21,1960
2026-06-12 13:09:00,4225.2,4225.47,4221.46,4222.34,2184
2026-06-12 13:12:00,4222.33,4222.89,4220.04,4221.48,2118
2026-06-12 13:15:00,4221.46,4222.23,4215.7,4215.84,2278
2026-06-12 13:18:00,4216.04,4217.84,4215.13,4215.3,2160
2026-06-12 13:21:00,4215.29,4216.05,4210.71,4213.93,2098
2026-06-12 13:24:00,4213.95,4215.14,4203.64,4204.7,2601
2026-06-12 13:27:00,4204.69,4207.62,4202.8,4206.87,2424
2026-06-12 13:30:00,4206.87,4218.61,4206.64,4218.61,2332
2026-06-12 13:33:00,4218.6,4218.71,4214.47,4214.65,2276
2026-06-12 13:36:00,4214.65,4216.36,4214.23,4214.89,2089
2026-06-12 13:39:00,4214.88,4216.58,4214.56,4216.23,1984
2026-06-12 13:42:00,4216.23,4217.4,4214.49,4215.38,1970
2026-06-12 13:45:00,4215.38,4217.5,4214.23,4217.31,2052
2026-06-12 13:48:00,4217.33,4218.7,4214.63,4215.23,1994
2026-06-12 13:51:00,4215.25,4215.34,4212.41,4213.15,1975
2026-06-12 13:54:00,4213.12,4213.31,4210.53,4210.53,1956
2026-06-12 13:57:00,4210.51,4215.48,4209.27,4210.93,2130
2026-06-12 14:00:00,4210.94,4212.02,4209.35,4209.83,2057
2026-06-12 14:03:00,4209.84,4210.52,4205.11,4207.5,2067
2026-06-12 14:06:00,4207.48,4209.07,4205.27,4207.96,2036
2026-06-12 14:09:00,4207.96,4208.6,4205.31,4206.39,1962
2026-06-12 14:12:00,4206.37,4207.78,4205.64,4207.5,2009
2026-06-12 14:15:00,4207.5,4207.99,4205.08,4207.28,1988
2026-06-12 14:18:00,4207.28,4207.62,4203.88,4206.22,2075
2026-06-12 14:21:00,4206.24,4209.38,4205.61,4208.96,1954
2026-06-12 14:24:00,4208.99,4210.3,4205.17,4205.8,2034
2026-06-12 14:27:00,4205.78,4207.16,4202.17,4202.55,1996
2026-06-12 14:30:00,4202.54,4202.66,4197.57,4199.13,2102
2026-06-12 14:33:00,4199.13,4202.04,4199.12,4202.03,1997
2026-06-12 14:36:00,4202.02,4202.03,4199.58,4200.32,1964
2026-06-12 14:39:00,4200.29,4208.52,4200.29,4208.03,2264
2026-06-12 14:42:00,4208.03,4210.5,4207.53,4209.82,1999
2026-06-12 14:45:00,4209.83,4211.9,4209.01,4209.92,2104
2026-06-12 14:48:00,4209.93,4211.32,4208.83,4209.1,2077
2026-06-12 14:51:00,4209.09,4213.57,4208.49,4213.29,2198
2026-06-12 14:54:00,4213.29,4215.41,4209.3,4210.39,2150
2026-06-12 14:57:00,4210.38,4210.58,4206.54,4206.96,2012
2026-06-12 15:00:00,4206.93,4208.53,4202.69,4205.96,2237
2026-06-12 15:03:00,4205.97,4208.19,4204.21,4206.41,2243
2026-06-12 15:06:00,4206.39,4209.13,4205.33,4208.67,2059
2026-06-12 15:09:00,4208.69,4212.02,4207.54,4211.29,2001
2026-06-12 15:12:00,4211.28,4214.2,4209.79,4214.18,2048
2026-06-12 15:15:00,4214.26,4215.29,4211.79,4211.97,2174
2026-06-12 15:18:00,4211.96,4214.73,4204.15,4204.62,2315
2026-06-12 15:21:00,4204.64,4205.58,4202.47,4203.98,2264
2026-06-12 15:24:00,4203.97,4204.38,4200.79,4202.46,2221
2026-06-12 15:27:00,4202.45,4203.07,4200.27,4200.95,2128
2026-06-12 15:30:00,4200.96,4201.74,4197.43,4199.4,2210
2026-06-12 15:33:00,4199.41,4201.26,4195.38,4197.53,2149
2026-06-12 15:36:00,4197.5,4197.65,4193.12,4193.23,2140
2026-06-12 15:39:00,4193.24,4196.56,4191.34,4196.29,2246
2026-06-12 15:42:00,4196.31,4200.8,4195.18,4196.77,2221
2026-06-12 15:45:00,4196.79,4196.93,4193.57,4194.78,2232
2026-06-12 15:48:00,4194.75,4200.54,4193.61,4200.44,2150
2026-06-12 15:51:00,4200.45,4200.7,4196.37,4196.75,2284
2026-06-12 15:54:00,4196.73,4197.09,4190.29,4190.96,2233
2026-06-12 15:57:00,4190.94,4192.53,4188.5,4191.78,2244
2026-06-12 16:00:00,4191.8,4197.18,4186.55,4196.7,2668
2026-06-12 16:03:00,4196.71,4198.03,4194.87,4196.4,2342
2026-06-12 16:06:00,4196.42,4200.94,4193.57,4200.64,2294
2026-06-12 16:09:00,4200.62,4201.27,4198.03,4198.12,2337
2026-06-12 16:12:00,4198.13,4198.49,4193.71,4198.37,2379
2026-06-12 16:15:00,4198.37,4202.3,4197.25,4201.62,2283
2026-06-12 16:18:00,4201.61,4203.46,4201.0,4203.46,2359
2026-06-12 16:21:00,4203.48,4206.76,4202.8,4205.13,2128
2026-06-12 16:24:00,4205.15,4205.66,4201.56,4203.28,2325
2026-06-12 16:27:00,4203.29,4205.16,4202.76,4202.96,2128
2026-06-12 16:30:00,4202.94,4205.4,4199.76,4201.05,2840
2026-06-12 16:33:00,4201.04,4204.7,4197.08,4203.83,2851
2026-06-12 16:36:00,4203.84,4210.11,4201.25,4208.71,2985
2026-06-12 16:39:00,4208.73,4210.18,4185.35,4188.42,3616
2026-06-12 16:42:00,4188.51,4194.4,4182.81,4190.99,3787
2026-06-12 16:45:00,4190.99,4193.96,4186.74,4186.78,3630
2026-06-12 16:48:00,4186.76,4191.62,4183.76,4187.59,3287
2026-06-12 16:51:00,4187.59,4193.65,4187.44,4189.42,3169
2026-06-12 16:54:00,4189.4,4192.44,4187.21,4191.49,3279
2026-06-12 16:57:00,4191.51,4191.94,4183.0,4186.1,2555
2026-06-12 17:00:00,4186.06,4198.27,4185.12,4191.62,3117
2026-06-12 17:03:00,4191.67,4196.99,4184.8,4185.57,3062
2026-06-12 17:06:00,4185.6,4195.5,4184.85,4195.19,2971
2026-06-12 17:09:00,4195.17,4198.29,4192.36,4192.98,2809
2026-06-12 17:12:00,4192.98,4193.59,4189.73,4193.18,2818
2026-06-12 17:15:00,4193.15,4199.37,4191.06,4195.84,2727
2026-06-12 17:18:00,4195.89,4196.21,4188.87,4190.09,2717
2026-06-12 17:21:00,4190.12,4190.89,4182.67,4186.81,2813
2026-06-12 17:24:00,4186.83,4191.53,4186.6,4189.18,2700
2026-06-12 17:27:00,4189.15,4194.15,4187.79,4188.51,2540
2026-06-12 17:30:00,4188.49,4189.59,4181.12,4181.8,2597
2026-06-12 17:33:00,4181.66,4190.03,4181.15,4188.83,2812
2026-06-12 17:36:00,4188.84,4192.67,4186.11,4190.04,2681
2026-06-12 17:39:00,4190.04,4193.15,4184.96,4184.98,2393
2026-06-12 17:42:00,4184.99,4187.1,4181.2,4184.52,2839
2026-06-12 17:45:00,4184.51,4185.04,4177.07,4180.38,3003
2026-06-12 17:48:00,4180.51,4185.7,4180.16,4185.69,2546
2026-06-12 17:51:00,4185.69,4202.21,4179.45,4200.8,3263
2026-06-12 17:54:00,4200.78,4208.47,4197.69,4206.06,3622
2026-06-12 17:57:00,4206.06,4207.51,4203.29,4203.92,2882
2026-06-12 18:00:00,4203.98,4209.42,4202.12,4204.48,2910
2026-06-12 18:03:00,4204.48,4210.49,4200.25,4210.22,2607
2026-06-12 18:06:00,4210.22,4210.78,4205.6,4209.87,2539
2026-06-12 18:09:00,4209.88,4213.37,4208.11,4210.2,2414
2026-06-12 18:12:00,4210.22,4215.12,4208.86,4214.04,2406
2026-06-12 18:15:00,4214.04,4216.78,4212.76,4216.01,2454
2026-06-12 18:18:00,4216.04,4219.15,4213.53,4213.72,2375
2026-06-12 18:21:00,4213.61,4221.91,4213.19,4221.66,2421
2026-06-12 18:24:00,4221.66,4235.23,4221.22,4234.74,2842
2026-06-12 18:27:00,4234.77,4235.55,4223.44,4225.84,2825
2026-06-12 18:30:00,4225.84,4228.44,4218.79,4219.11,2840
2026-06-12 18:33:00,4219.12,4226.63,4217.66,4224.17,2751
2026-06-12 18:36:00,4224.16,4224.47,4217.95,4217.95,2700
2026-06-12 18:39:00,4217.76,4219.8,4213.82,4214.47,2632
2026-06-12 18:42:00,4214.49,4215.25,4210.5,4211.02,2635
2026-06-12 18:45:00,4211.02,4215.21,4210.87,4213.24,2613
2026-06-12 18:48:00,4213.23,4214.04,4206.83,4211.51,2771
2026-06-12 18:51:00,4211.53,4216.42,4208.89,4214.0,2489
2026-06-12 18:54:00,4213.98,4218.87,4212.67,4213.38,2415
2026-06-12 18:57:00,4213.41,4214.37,4211.21,4211.84,2382
2026-06-12 19:00:00,4211.87,4213.85,4209.66,4210.25,2555
2026-06-12 19:03:00,4210.26,4212.88,4208.11,4208.52,2392
2026-06-12 19:06:00,4208.48,4214.1,4208.48,4214.03,2334
2026-06-12 19:09:00,4214.04,4216.13,4211.48,4215.15,2485
2026-06-12 19:12:00,4215.14,4224.26,4213.79,4221.7,3037
2026-06-12 19:15:00,4221.7,4232.72,4220.97,4223.89,3028
2026-06-12 19:18:00,4223.9,4225.42,4221.65,4222.06,2634
2026-06-12 19:21:00,4222.07,4223.53,4220.36,4221.12,2513
2026-06-12 19:24:00,4221.12,4221.18,4215.79,4218.77,2406
2026-06-12 19:27:00,4218.76,4219.58,4216.57,4216.95,2309
2026-06-12 19:30:00,4216.96,4218.71,4215.91,4217.39,2289
2026-06-12 19:33:00,4217.41,4218.51,4213.12,4213.12,2419
2026-06-12 19:36:00,4213.13,4215.44,4211.66,4214.26,2431
2026-06-12 19:39:00,4214.28,4220.32,4214.04,4219.03,2503
2026-06-12 19:42:00,4219.0,4219.46,4213.02,4213.22,2474
2026-06-12 19:45:00,4213.24,4214.85,4211.26,4213.83,2560
2026-06-12 19:48:00,4213.81,4214.67,4211.9,4214.3,2462
2026-06-12 19:51:00,4214.29,4216.43,4213.41,4215.55,2286
2026-06-12 19:54:00,4215.53,4216.34,4213.47,4215.38,2360
2026-06-12 19:57:00,4215.36,4218.08,4215.34,4215.99,2371
2026-06-12 20:00:00,4215.99,4219.99,4215.96,4217.79,2312
2026-06-12 20:03:00,4217.76,4220.56,4216.8,4220.19,2356
2026-06-12 20:06:00,4220.32,4226.27,4218.88,4219.82,2794
2026-06-12 20:09:00,4219.77,4221.63,4218.77,4219.51,2410
2026-06-12 20:12:00,4219.5,4219.58,4214.98,4218.34,2343
2026-06-12 20:15:00,4218.36,4218.7,4213.83,4214.92,2351
2026-06-12 20:18:00,4214.89,4223.09,4214.89,4223.03,2313
2026-06-12 20:21:00,4223.03,4223.68,4220.65,4221.49,2162
2026-06-12 20:24:00,4221.5,4221.62,4219.0,4219.31,2260
2026-06-12 20:27:00,4219.28,4219.81,4216.64,4218.76,2346
2026-06-12 20:30:00,4218.79,4219.77,4213.95,4219.21,2315
2026-06-12 20:33:00,4219.25,4220.75,4218.19,4219.87,2189
2026-06-12 20:36:00,4219.86,4221.15,4218.1,4218.16,2246
2026-06-12 20:39:00,4218.16,4220.31,4217.39,4219.81,2147
2026-06-12 20:42:00,4219.82,4223.49,4219.8,4222.4,2245
2026-06-12 20:45:00,4222.39,4223.49,4221.9,4223.35,2161
2026-06-12 20:48:00,4223.42,4224.98,4222.26,4222.81,2073
2026-06-12 20:51:00,4222.8,4224.45,4222.47,4223.96,2062
2026-06-12 20:54:00,4223.95,4224.39,4219.79,4220.5,2189
2026-06-12 20:57:00,4220.49,4221.7,4220.13,4221.31,2028
2026-06-12 21:00:00,4221.37,4222.58,4220.08,4220.92,2226
2026-06-12 21:03:00,4220.93,4221.94,4218.18,4218.76,2121
2026-06-12 21:06:00,4218.75,4220.87,4218.66,4220.31,2136
2026-06-12 21:09:00,4220.3,4225.09,4220.2,4224.42,2067
2026-06-12 21:12:00,4224.37,4228.52,4224.36,4226.98,2220
2026-06-12 21:15:00,4226.97,4229.15,4225.39,4225.4,2212
2026-06-12 21:18:00,4225.38,4231.76,4225.27,4231.18,2278
2026-06-12 21:21:00,4231.22,4235.41,4230.06,4230.17,2235
2026-06-12 21:24:00,4230.19,4230.85,4224.46,4225.45,2113
2026-06-12 21:27:00,4225.45,4227.84,4225.18,4226.45,2213
2026-06-12 21:30:00,4226.38,4228.39,4224.27,4227.58,2096
2026-06-12 21:33:00,4227.56,4228.52,4225.58,4226.39,2125
2026-06-12 21:36:00,4226.43,4226.64,4225.47,4226.2,2254
2026-06-12 21:39:00,4226.18,4228.02,4225.41,4227.71,1921
2026-06-12 21:42:00,4227.73,4230.04,4226.33,4229.29,1993
2026-06-12 21:45:00,4229.32,4229.32,4225.59,4225.63,2064
2026-06-12 21:48:00,4225.65,4225.65,4221.57,4221.83,2070
2026-06-12 21:51:00,4221.86,4223.19,4220.6,4222.62,2032
2026-06-12 21:54:00,4222.62,4222.8,4219.01,4219.79,2235
2026-06-12 21:57:00,4219.79,4220.26,4214.17,4215.55,2413
2026-06-12 22:00:00,4215.59,4217.69,4214.33,4217.22,2202
2026-06-12 22:03:00,4217.23,4218.39,4216.7,4217.83,2325
2026-06-12 22:06:00,4217.83,4218.31,4215.51,4217.88,2105
2026-06-12 22:09:00,4217.88,4219.16,4216.31,4217.26,2340
2026-06-12 22:12:00,4217.28,4218.95,4217.28,4217.48,1940
2026-06-12 22:15:00,4217.47,4217.49,4213.55,4214.8,2000
2026-06-12 22:18:00,4214.79,4215.23,4212.99,4213.42,1995
2026-06-12 22:21:00,4213.45,4213.71,4212.15,4212.72,1935
2026-06-12 22:24:00,4212.72,4212.73,4208.28,4211.36,2084
2026-06-12 22:27:00,4211.36,4211.48,4207.77,4208.6,2065
2026-06-12 22:30:00,4208.58,4210.17,4205.93,4206.86,2144
2026-06-12 22:33:00,4206.94,4208.15,4201.84,4203.1,2259
2026-06-12 22:36:00,4203.12,4208.55,4203.01,4206.65,2194
2026-06-12 22:39:00,4206.64,4207.46,4204.54,4206.8,2115
2026-06-12 22:42:00,4206.83,4207.13,4204.62,4205.16,2077
2026-06-12 22:45:00,4205.15,4205.54,4203.93,4204.59,2092
2026-06-12 22:48:00,4204.59,4207.83,4203.71,4207.15,2153
2026-06-12 22:51:00,4207.12,4208.29,4205.81,4206.02,2040
2026-06-12 22:54:00,4206.03,4209.44,4205.45,4208.25,2193
2026-06-12 22:57:00,4208.22,4211.14,4207.67,4210.69,2111
2026-06-12 23:00:00,4210.63,4211.72,4209.43,4209.86,2041
2026-06-12 23:03:00,4209.84,4211.07,4209.71,4210.05,1840
2026-06-12 23:06:00,4210.05,4211.96,4209.67,4211.66,1819
2026-06-12 23:09:00,4211.65,4213.61,4210.76,4213.54,1866
2026-06-12 23:12:00,4213.53,4213.58,4211.77,4212.58,1818
2026-06-12 23:15:00,4212.6,4213.5,4212.28,4213.03,1788
2026-06-12 23:18:00,4213.03,4215.01,4212.86,4214.84,1708
2026-06-12 23:21:00,4214.83,4217.06,4214.8,4215.0,1811
2026-06-12 23:24:00,4214.99,4215.27,4213.83,4215.01,1746
2026-06-12 23:27:00,4214.75,4214.75,4213.49,4214.47,1773
2026-06-12 23:30:00,4214.45,4214.61,4212.7,4213.02,1793
2026-06-12 23:33:00,4213.02,4213.98,4213.0,4213.96,1751
2026-06-12 23:36:00,4213.95,4214.54,4212.64,4214.16,1777
2026-06-12 23:39:00,4214.15,4214.2,4213.09,4213.61,1793
2026-06-12 23:42:00,4213.61,4213.88,4212.97,4213.74,1782
2026-06-12 23:45:00,4213.77,4214.99,4212.54,4214.11,1786
2026-06-12 23:48:00,4214.11,4217.2,4213.8,4216.27,1852
2026-06-12 23:51:00,4216.27,4218.0,4216.23,4216.63,1832
2026-06-12 23:54:00,4216.62,4217.63,4216.27,4216.99,605
2026-06-15 01:03:00,4296.45,4299.67,4290.53,4298.69,1385
2026-06-15 01:06:00,4298.66,4307.63,4293.19,4305.58,4550
2026-06-15 01:09:00,4305.59,4309.05,4298.61,4301.84,2679
2026-06-15 01:12:00,4301.83,4304.93,4295.33,4299.53,2331
2026-06-15 01:15:00,4299.55,4302.93,4297.2,4300.15,2304
2026-06-15 01:18:00,4300.17,4306.07,4299.82,4304.84,2184
2026-06-15 01:21:00,4304.84,4306.42,4300.83,4300.84,2070
2026-06-15 01:24:00,4300.71,4301.25,4285.43,4285.8,2353
2026-06-15 01:27:00,4285.79,4289.78,4283.87,4286.99,2310
2026-06-15 01:30:00,4286.89,4287.13,4280.55,4281.15,2181
2026-06-15 01:33:00,4281.13,4286.54,4280.68,4286.26,2126
2026-06-15 01:36:00,4286.25,4286.42,4281.37,4285.71,2052
2026-06-15 01:39:00,4285.67,4285.82,4284.26,4285.11,1901
2026-06-15 01:42:00,4285.09,4288.49,4284.58,4285.28,1968
2026-06-15 01:45:00,4285.27,4288.9,4284.7,4287.95,1967
2026-06-15 01:48:00,4287.94,4291.64,4287.85,4291.33,1971
2026-06-15 01:51:00,4291.32,4291.33,4289.07,4289.18,1879
2026-06-15 01:54:00,4289.21,4291.33,4288.17,4290.43,1899
2026-06-15 01:57:00,4290.42,4290.76,4285.59,4285.64,1939
2026-06-15 02:00:00,4285.64,4287.41,4282.41,4282.66,2086
2026-06-15 02:03:00,4282.7,4285.68,4282.7,4284.66,1987
2026-06-15 02:06:00,4284.66,4288.27,4282.93,4283.06,1955
2026-06-15 02:09:00,4283.09,4283.9,4282.1,4283.06,1935
2026-06-15 02:12:00,4283.07,4284.43,4282.7,4282.96,1907
2026-06-15 02:15:00,4282.98,4283.35,4281.58,4281.91,1909
2026-06-15 02:18:00,4281.93,4283.63,4281.18,4283.4,1937
2026-06-15 02:21:00,4283.4,4283.71,4281.07,4281.59,1909
2026-06-15 02:24:00,4281.6,4284.55,4281.59,4283.47,1843
2026-06-15 02:27:00,4283.47,4284.6,4282.49,4283.3,1789
2026-06-15 02:30:00,4283.31,4285.33,4281.43,4282.91,1822
2026-06-15 02:33:00,4282.9,4286.1,4282.87,4284.69,1849
2026-06-15 02:36:00,4284.68,4286.07,4284.09,4285.75,1810
2026-06-15 02:39:00,4285.74,4286.07,4282.74,4282.76,1789
2026-06-15 02:42:00,4282.76,4285.55,4282.14,4285.08,1848
2026-06-15 02:45:00,4285.1,4292.54,4284.18,4291.93,2100
2026-06-15 02:48:00,4291.93,4294.56,4291.58,4292.19,1957
2026-06-15 02:51:00,4292.19,4294.44,4292.18,4293.81,1972
2026-06-15 02:54:00,4293.8,4294.4,4292.37,4293.76,1964
2026-06-15 02:57:00,4293.73,4294.97,4293.58,4294.01,1952
2026-06-15 03:00:00,4293.99,4295.59,4293.33,4294.97,2151
2026-06-15 03:03:00,4294.98,4295.93,4294.26,4294.99,1994
2026-06-15 03:06:00,4294.98,4295.86,4293.64,4295.25,2061
2026-06-15 03:09:00,4295.24,4299.04,4295.18,4297.29,2117
2026-06-15 03:12:00,4297.28,4301.01,4296.19,4299.98,2147
2026-06-15 03:15:00,4299.97,4303.43,4299.77,4302.81,2113
2026-06-15 03:18:00,4302.8,4304.53,4302.08,4304.4,2023
2026-06-15 03:21:00,4304.39,4304.64,4301.27,4304.59,2073
2026-06-15 03:24:00,4304.59,4307.69,4303.99,4306.45,2122
2026-06-15 03:27:00,4306.47,4308.14,4300.7,4300.93,2056
2026-06-15 03:30:00,4300.92,4304.44,4295.84,4298.69,2259
2026-06-15 03:33:00,4298.7,4305.73,4298.63,4303.67,2259
2026-06-15 03:36:00,4303.65,4304.81,4297.45,4298.48,2181
2026-06-15 03:39:00,4298.49,4300.12,4296.2,4297.34,2043
2026-06-15 03:42:00,4297.35,4298.27,4295.97,4297.66,2052
2026-06-15 03:45:00,4297.66,4300.05,4296.7,4296.91,2116
2026-06-15 03:48:00,4296.93,4299.5,4293.73,4294.55,2016
2026-06-15 03:51:00,4294.54,4295.52,4292.48,4295.08,2025
2026-06-15 03:54:00,4295.06,4296.46,4292.29,4293.31,2033
2026-06-15 03:57:00,4293.31,4294.51,4291.72,4292.6,2050
2026-06-15 04:00:00,4292.59,4300.31,4285.47,4297.72,2881
2026-06-15 04:03:00,4297.65,4297.71,4287.8,4289.55,3011
2026-06-15 04:06:00,4289.53,4296.41,4288.21,4291.24,2611
2026-06-15 04:09:00,4291.24,4295.77,4288.49,4293.8,2581
2026-06-15 04:12:00,4293.65,4297.24,4291.8,4296.28,2279
2026-06-15 04:15:00,4296.27,4296.3,4289.41,4292.76,2396
2026-06-15 04:18:00,4292.77,4298.24,4291.13,4298.1,2319
2026-06-15 04:21:00,4298.12,4305.31,4295.83,4304.68,2369
2026-06-15 04:24:00,4304.67,4306.52,4296.78,4300.17,2373
2026-06-15 04:27:00,4300.17,4304.71,4298.8,4303.54,2128
2026-06-15 04:30:00,4303.52,4310.54,4301.27,4309.19,2232
2026-06-15 04:33:00,4309.19,4315.41,4308.74,4313.06,2423
2026-06-15 04:36:00,4313.08,4316.59,4308.44,4313.47,2193
2026-06-15 04:39:00,4313.47,4319.07,4312.69,4316.97,2207
2026-06-15 04:42:00,4316.99,4319.66,4315.97,4317.87,2116
2026-06-15 04:45:00,4317.82,4317.86,4314.06,4315.54,2175
2026-06-15 04:48:00,4315.51,4318.09,4312.93,4315.73,2136
2026-06-15 04:51:00,4315.74,4319.16,4315.63,4318.54,2093
2026-06-15 04:54:00,4318.54,4318.62,4315.81,4317.06,2066
2026-06-15 04:57:00,4317.08,4319.01,4315.43,4316.83,2109
2026-06-15 05:00:00,4316.84,4321.64,4316.13,4321.34,2071
2026-06-15 05:03:00,4321.35,4324.68,4321.26,4324.3,2154
2026-06-15 05:06:00,4324.28,4324.49,4322.09,4323.43,2013
2026-06-15 05:09:00,4323.46,4324.1,4320.21,4322.25,2028
2026-06-15 05:12:00,4322.22,4326.72,4322.02,4326.54,2047
2026-06-15 05:15:00,4326.56,4328.65,4326.05,4328.3,1978
2026-06-15 05:18:00,4328.32,4328.58,4324.28,4327.47,1983
2026-06-15 05:21:00,4327.44,4330.26,4326.03,4329.17,1987
2026-06-15 05:24:00,4329.18,4331.04,4327.74,4329.28,1995
2026-06-15 05:27:00,4329.3,4329.3,4326.87,4328.15,1851
2026-06-15 05:30:00,4328.13,4332.09,4327.82,4331.68,2215
2026-06-15 05:33:00,4331.67,4331.75,4328.56,4330.07,1960
2026-06-15 05:36:00,4330.04,4334.19,4330.02,4333.92,2022
2026-06-15 05:39:00,4333.92,4333.93,4328.86,4329.83,2052
2026-06-15 05:42:00,4329.82,4332.68,4328.2,4330.13,2153
2026-06-15 05:45:00,4330.12,4334.37,4329.44,4332.93,2077
2026-06-15 05:48:00,4332.91,4335.44,4332.17,4334.06,2011
2026-06-15 05:51:00,4333.99,4334.18,4327.83,4329.76,2097
2026-06-15 05:54:00,4329.77,4331.6,4329.09,4329.17,1902
2026-06-15 05:57:00,4329.18,4330.84,4328.07,4329.56,1941
2026-06-15 06:00:00,4329.54,4331.25,4327.37,4327.45,1991
2026-06-15 06:03:00,4327.44,4328.33,4325.49,4325.52,2023
2026-06-15 06:06:00,4325.51,4326.05,4321.94,4322.48,2024
2026-06-15 06:09:00,4322.45,4324.45,4322.39,4324.29,1938
2026-06-15 06:12:00,4324.28,4325.64,4323.2,4325.33,1959
2026-06-15 06:15:00,4325.32,4327.8,4324.37,4327.59,1944
2026-06-15 06:18:00,4327.62,4329.04,4325.89,4325.91,2003
2026-06-15 06:21:00,4325.9,4326.12,4324.05,4324.23,1971
2026-06-15 06:24:00,4324.21,4325.46,4321.98,4323.99,1990
2026-06-15 06:27:00,4323.96,4325.21,4321.45,4324.07,1968
2026-06-15 06:30:00,4324.07,4327.16,4323.31,4325.85,2016
2026-06-15 06:33:00,4325.83,4327.37,4325.24,4326.87,1833
2026-06-15 06:36:00,4326.89,4327.1,4324.62,4325.77,1873
2026-06-15 06:39:00,4325.78,4327.01,4323.67,4323.73,1852
2026-06-15 06:42:00,4323.7,4324.63,4321.19,4323.34,1891
2026-06-15 06:45:00,4323.37,4325.99,4323.09,4325.91,1839
2026-06-15 06:48:00,4325.92,4327.33,4324.94,4325.49,1791
2026-06-15 06:51:00,4325.5,4326.28,4325.27,4325.76,1773
2026-06-15 06:54:00,4325.74,4326.04,4324.33,4325.8,1784
2026-06-15 06:57:00,4325.79,4325.88,4323.61,4325.01,1805
2026-06-15 07:00:00,4325.02,4327.63,4323.2,4323.22,1891
2026-06-15 07:03:00,4323.37,4324.53,4322.83,4323.91,1919
2026-06-15 07:06:00,4323.92,4326.11,4323.78,4324.74,1782
2026-06-15 07:09:00,4324.73,4325.77,4324.03,4325.71,1763
2026-06-15 07:12:00,4325.68,4326.38,4325.29,4326.37,1772
2026-06-15 07:15:00,4326.37,4327.33,4323.53,4324.2,1927
2026-06-15 07:18:00,4324.18,4325.42,4322.9,4324.63,1925
2026-06-15 07:21:00,4324.62,4325.22,4320.73,4322.52,1869
2026-06-15 07:24:00,4322.53,4325.27,4321.84,4325.04,1763
2026-06-15 07:27:00,4325.07,4327.66,4324.95,4327.04,1832
2026-06-15 07:30:00,4327.03,4327.38,4325.34,4326.06,1807
2026-06-15 07:33:00,4326.04,4330.15,4325.99,4329.57,1883
2026-06-15 07:36:00,4329.56,4329.59,4327.18,4327.2,1758
2026-06-15 07:39:00,4327.18,4328.21,4326.7,4327.16,1795
2026-06-15 07:42:00,4327.14,4328.74,4327.13,4327.83,1814
2026-06-15 07:45:00,4327.84,4329.27,4327.68,4328.65,1815
2026-06-15 07:48:00,4328.66,4329.31,4327.47,4327.69,1766
2026-06-15 07:51:00,4327.71,4328.32,4326.95,4326.99,1809
2026-06-15 07:54:00,4327.02,4328.07,4326.45,4327.21,1813
2026-06-15 07:57:00,4327.2,4328.58,4327.17,4328.22,1767
2026-06-15 08:00:00,4328.22,4330.04,4327.91,4328.97,1857
2026-06-15 08:03:00,4328.97,4328.97,4326.1,4326.21,1835
2026-06-15 08:06:00,4326.22,4327.53,4323.89,4326.99,1933
2026-06-15 08:09:00,4326.98,4330.07,4326.98,4329.0,1882
2026-06-15 08:12:00,4329.0,4330.94,4328.64,4328.82,1910
2026-06-15 08:15:00,4328.81,4329.97,4325.93,4327.4,1931
2026-06-15 08:18:00,4327.39,4328.95,4327.04,4328.75,1875
2026-06-15 08:21:00,4328.78,4332.96,4328.66,4331.69,1920
2026-06-15 08:24:00,4331.7,4332.0,4330.22,4331.05,1923
2026-06-15 08:27:00,4331.07,4331.08,4328.51,4330.28,1861
2026-06-15 08:30:00,4330.25,4332.67,4327.06,4327.74,2177
2026-06-15 08:33:00,4327.76,4328.17,4324.22,4325.35,2013
2026-06-15 08:36:00,4325.33,4325.91,4319.66,4321.5,2061
2026-06-15 08:39:00,4321.49,4322.7,4319.12,4319.25,1963
2026-06-15 08:42:00,4319.25,4319.94,4312.64,4312.69,2138
2026-06-15 08:45:00,4312.68,4316.17,4309.49,4315.05,2135
2026-06-15 08:48:00,4315.05,4316.03,4313.04,4313.04,1908
2026-06-15 08:51:00,4313.05,4313.06,4308.13,4312.68,2029
2026-06-15 08:54:00,4312.69,4313.09,4307.44,4309.95,2048
2026-06-15 08:57:00,4309.91,4311.64,4309.0,4310.14,1993
2026-06-15 09:00:00,4310.15,4312.87,4309.92,4311.83,2164
2026-06-15 09:03:00,4311.82,4312.7,4310.23,4312.24,2084
2026-06-15 09:06:00,4312.27,4313.42,4303.74,4306.28,2368
2026-06-15 09:09:00,4306.26,4306.84,4302.64,4306.16,2336
2026-06-15 09:12:00,4306.17,4308.84,4304.94,4308.81,2171
2026-06-15 09:15:00,4308.83,4309.51,4305.21,4306.42,2093
2026-06-15 09:18:00,4306.43,4306.71,4303.82,4304.46,2152
2026-06-15 09:21:00,4304.49,4308.18,4303.05,4306.0,2076
2026-06-15 09:24:00,4305.98,4309.4,4305.69,4308.37,2158
2026-06-15 09:27:00,4308.38,4308.9,4303.74,4305.14,2228
2026-06-15 09:30:00,4305.11,4305.78,4302.83,4304.14,2193
2026-06-15 09:33:00,4304.17,4307.11,4304.17,4305.43,2082
2026-06-15 09:36:00,4305.43,4306.87,4303.39,4304.1,2113
2026-06-15 09:39:00,4304.07,4304.56,4301.25,4301.8,2186
2026-06-15 09:42:00,4301.82,4306.79,4300.91,4306.5,2379
2026-06-15 09:45:00,4306.51,4307.83,4304.22,4305.06,2246
2026-06-15 09:48:00,4305.06,4308.0,4305.06,4306.12,1906
2026-06-15 09:51:00,4306.12,4307.84,4305.94,4307.4,1931
2026-06-15 09:54:00,4307.41,4309.49,4307.01,4309.35,2020
2026-06-15 09:57:00,4309.34,4309.94,4307.77,4308.15,2160
2026-06-15 10:00:00,4308.13,4308.64,4305.32,4306.09,2058
2026-06-15 10:03:00,4306.07,4310.78,4305.84,4309.75,2046
2026-06-15 10:06:00,4309.74,4313.22,4307.85,4313.04,2145
2026-06-15 10:09:00,4313.04,4313.31,4310.13,4310.49,2215
2026-06-15 10:12:00,4310.49,4314.37,4310.49,4313.68,2331
2026-06-15 10:15:00,4313.68,4314.66,4313.2,4314.22,2193
2026-06-15 10:18:00,4314.21,4315.35,4313.28,4315.12,2124
2026-06-15 10:21:00,4315.1,4318.74,4315.1,4318.21,2073
2026-06-15 10:24:00,4318.15,4318.84,4315.54,4317.01,2031
2026-06-15 10:27:00,4317.02,4318.21,4316.24,4316.65,2023
2026-06-15 10:30:00,4316.63,4316.99,4313.43,4313.92,2154
2026-06-15 10:33:00,4313.93,4315.18,4312.46,4314.64,1998
2026-06-15 10:36:00,4314.65,4315.17,4311.91,4314.82,2030
2026-06-15 10:39:00,4314.8,4316.7,4314.39,4315.57,2224
2026-06-15 10:42:00,4315.58,4317.46,4314.54,4316.64,2400
2026-06-15 10:45:00,4316.61,4317.38,4313.51,4313.95,1965
2026-06-15 10:48:00,4313.97,4315.53,4312.6,4315.25,1918
2026-06-15 10:51:00,4315.23,4321.06,4314.97,4320.74,2074
2026-06-15 10:54:00,4320.75,4323.47,4320.02,4321.51,2157
2026-06-15 10:57:00,4321.5,4325.27,4320.47,4323.14,2042
2026-06-15 11:00:00,4323.16,4326.09,4321.7,4325.89,2151
2026-06-15 11:03:00,4325.89,4329.21,4325.21,4327.14,2092
2026-06-15 11:06:00,4327.12,4327.94,4325.94,4327.83,2061
2026-06-15 11:09:00,4327.81,4329.1,4324.3,4325.94,2049
2026-06-15 11:12:00,4325.91,4329.65,4325.24,4328.99,2085
2026-06-15 11:15:00,4328.99,4330.19,4327.67,4329.7,2091
2026-06-15 11:18:00,4329.72,4331.61,4329.09,4330.59,2434
2026-06-15 11:21:00,4330.58,4331.82,4328.59,4330.89,2443
2026-06-15 11:24:00,4330.91,4330.92,4328.01,4329.85,2171
2026-06-15 11:27:00,4329.86,4332.69,4327.39,4328.49,2419
2026-06-15 11:30:00,4328.51,4338.06,4327.89,4337.72,2148
2026-06-15 11:33:00,4337.73,4343.98,4337.45,4342.8,2192
2026-06-15 11:36:00,4342.84,4345.46,4341.22,4343.02,2164
2026-06-15 11:39:00,4343.04,4344.39,4342.18,4343.91,2052
2026-06-15 11:42:00,4343.91,4345.11,4340.74,4340.98,2045
2026-06-15 11:45:00,4341.01,4343.02,4339.98,4341.01,2046
2026-06-15 11:48:00,4341.04,4341.42,4334.77,4334.77,2242
2026-06-15 11:51:00,4334.79,4338.71,4334.77,4338.52,1991
2026-06-15 11:54:00,4338.54,4339.26,4335.19,4335.81,1905
2026-06-15 11:57:00,4335.81,4336.71,4334.15,4334.28,1868
2026-06-15 12:00:00,4334.27,4339.44,4334.23,4339.03,2072
2026-06-15 12:03:00,4339.01,4342.49,4337.93,4342.35,2004
2026-06-15 12:06:00,4342.37,4343.18,4339.22,4341.3,1999
2026-06-15 12:09:00,4341.3,4341.39,4338.47,4338.61,2308
2026-06-15 12:12:00,4338.59,4340.22,4337.37,4340.14,2024
2026-06-15 12:15:00,4340.13,4342.1,4337.62,4340.22,2028
2026-06-15 12:18:00,4340.23,4340.47,4338.48,4339.55,2121
2026-06-15 12:21:00,4339.56,4342.96,4339.49,4342.42,1984
2026-06-15 12:24:00,4342.41,4343.34,4336.54,4337.36,2129
2026-06-15 12:27:00,4337.35,4340.25,4337.16,4338.97,2062
2026-06-15 12:30:00,4338.97,4339.0,4335.58,4338.28,2104
2026-06-15 12:33:00,4338.29,4338.9,4334.86,4338.81,1957
2026-06-15 12:36:00,4338.8,4340.88,4338.8,4340.26,2331
2026-06-15 12:39:00,4340.26,4341.03,4338.06,4339.07,1909
2026-06-15 12:42:00,4339.06,4339.51,4335.26,4335.68,1983
2026-06-15 12:45:00,4335.67,4339.78,4335.11,4339.75,2053
2026-06-15 12:48:00,4339.75,4340.76,4339.66,4339.89,1941
2026-06-15 12:51:00,4339.9,4340.85,4339.7,4339.85,1881
2026-06-15 12:54:00,4339.82,4340.27,4338.12,4339.07,1920
2026-06-15 12:57:00,4339.06,4340.54,4336.53,4336.65,2008
2026-06-15 13:00:00,4336.65,4337.54,4335.92,4336.97,1982
2026-06-15 13:03:00,4336.96,4338.67,4335.81,4338.33,1947
2026-06-15 13:06:00,4338.35,4340.37,4337.24,4337.69,1956
2026-06-15 13:09:00,4337.67,4338.17,4336.5,4337.37,1897
2026-06-15 13:12:00,4337.37,4338.15,4336.33,4337.85,1870
2026-06-15 13:15:00,4337.86,4339.18,4337.7,4338.07,1914
2026-06-15 13:18:00,4338.06,4338.92,4337.53,4337.53,1832
2026-06-15 13:21:00,4337.53,4338.62,4336.17,4336.89,1929
2026-06-15 13:24:00,4336.86,4339.18,4336.86,4338.98,1889
2026-06-15 13:27:00,4338.95,4339.49,4338.1,4338.53,2157
2026-06-15 13:30:00,4338.54,4340.17,4337.34,4339.66,1916
2026-06-15 13:33:00,4339.66,4340.32,4338.52,4338.74,2150
2026-06-15 13:36:00,4338.73,4340.14,4337.89,4340.07,1861
2026-06-15 13:39:00,4340.08,4340.08,4335.34,4337.14,1926
2026-06-15 13:42:00,4337.15,4338.35,4337.0,4337.8,1977
2026-06-15 13:45:00,4337.79,4341.51,4337.6,4339.16,1974
2026-06-15 13:48:00,4339.15,4340.59,4338.07,4339.7,1899
2026-06-15 13:51:00,4339.71,4340.73,4339.26,4339.67,2205
2026-06-15 13:54:00,4339.67,4339.7,4336.47,4338.19,1883
2026-06-15 13:57:00,4338.18,4338.85,4337.55,4338.12,2040
2026-06-15 14:00:00,4338.12,4338.94,4336.38,4337.71,2026
2026-06-15 14:03:00,4337.72,4338.66,4336.21,4338.05,1958
2026-06-15 14:06:00,4338.04,4339.27,4337.79,4338.58,1886
2026-06-15 14:09:00,4338.6,4339.95,4337.89,4337.91,1924
2026-06-15 14:12:00,4337.9,4339.22,4336.87,4338.0,1908
2026-06-15 14:15:00,4338.0,4338.78,4336.8,4338.04,1980
2026-06-15 14:18:00,4338.1,4340.25,4336.93,4336.93,1956
2026-06-15 14:21:00,4336.94,4337.8,4336.56,4337.33,1877
2026-06-15 14:24:00,4337.33,4338.15,4336.1,4338.09,1889
2026-06-15 14:27:00,4338.07,4341.44,4337.44,4340.96,1945
2026-06-15 14:30:00,4340.96,4346.78,4340.96,4346.11,2052
2026-06-15 14:33:00,4346.16,4346.37,4343.25,4343.25,1940
2026-06-15 14:36:00,4343.24,4345.72,4341.53,4344.8,2016
2026-06-15 14:39:00,4344.79,4346.82,4344.65,4345.8,1978
2026-06-15 14:42:00,4345.78,4347.53,4338.17,4338.46,2150
2026-06-15 14:45:00,4338.48,4338.63,4332.0,4332.32,2341
2026-06-15 14:48:00,4332.34,4336.26,4331.84,4335.05,2201
2026-06-15 14:51:00,4335.08,4336.78,4333.87,4334.91,2020
2026-06-15 14:54:00,4334.77,4336.42,4333.88,4335.0,1994
2026-06-15 14:57:00,4335.01,4335.84,4334.35,4335.24,1952
2026-06-15 15:00:00,4335.25,4336.98,4334.12,4336.91,2079
2026-06-15 15:03:00,4336.9,4338.66,4335.52,4337.48,2009
2026-06-15 15:06:00,4337.46,4338.19,4335.68,4335.84,1940
2026-06-15 15:09:00,4335.85,4338.37,4334.44,4337.25,2011
2026-06-15 15:12:00,4337.24,4337.26,4330.53,4331.24,2205
2026-06-15 15:15:00,4331.21,4333.16,4324.82,4324.84,2183
2026-06-15 15:18:00,4324.84,4327.95,4324.67,4327.93,2228
2026-06-15 15:21:00,4327.91,4331.67,4327.88,4331.26,2220
2026-06-15 15:24:00,4331.24,4337.88,4330.53,4337.14,2220
2026-06-15 15:27:00,4337.15,4338.21,4333.88,4337.46,2172
2026-06-15 15:30:00,4337.46,4341.48,4335.25,4339.79,2259
2026-06-15 15:33:00,4339.8,4344.21,4339.8,4342.98,2100
2026-06-15 15:36:00,4342.98,4346.68,4340.59,4345.43,2139
2026-06-15 15:39:00,4345.41,4346.14,4343.31,4344.91,2007
2026-06-15 15:42:00,4344.93,4346.67,4344.74,4345.22,2234
2026-06-15 15:45:00,4345.23,4346.62,4343.41,4346.02,2096
2026-06-15 15:48:00,4346.01,4349.38,4345.48,4349.07,2088
2026-06-15 15:51:00,4349.08,4349.4,4346.09,4346.16,2116
2026-06-15 15:54:00,4346.15,4348.36,4343.82,4348.18,2118
2026-06-15 15:57:00,4348.19,4349.37,4347.67,4349.05,2095
2026-06-15 16:00:00,4349.06,4349.08,4342.17,4342.64,2372
2026-06-15 16:03:00,4342.67,4344.91,4342.16,4344.22,2248
2026-06-15 16:06:00,4344.22,4346.79,4341.3,4345.21,2126
2026-06-15 16:09:00,4345.21,4348.47,4345.02,4347.73,2196
2026-06-15 16:12:00,4347.72,4350.4,4347.43,4349.47,2453
2026-06-15 16:15:00,4349.48,4353.84,4349.41,4351.21,2278
2026-06-15 16:18:00,4351.18,4354.43,4351.0,4352.54,2073
2026-06-15 16:21:00,4352.56,4355.57,4351.66,4352.67,2192
2026-06-15 16:24:00,4352.67,4355.88,4352.54,4353.99,2208
2026-06-15 16:27:00,4354.0,4355.78,4352.86,4353.34,2299
2026-06-15 16:30:00,4353.32,4364.9,4352.32,4362.17,2911
2026-06-15 16:33:00,4362.33,4364.39,4357.04,4361.61,2789
2026-06-15 16:36:00,4361.64,4363.47,4359.55,4362.59,2603
2026-06-15 16:39:00,4362.7,4368.91,4361.29,4367.77,2864
2026-06-15 16:42:00,4367.76,4368.07,4360.55,4363.24,2859
2026-06-15 16:45:00,4363.24,4364.72,4359.47,4361.51,2664
2026-06-15 16:48:00,4361.49,4364.12,4358.69,4359.1,2572
2026-06-15 16:51:00,4359.1,4361.29,4356.66,4358.46,2498
2026-06-15 16:54:00,4358.46,4360.07,4357.26,4359.75,2426
2026-06-15 16:57:00,4359.72,4361.98,4354.44,4355.27,2503
2026-06-15 17:00:00,4355.29,4358.05,4353.99,4356.2,2709
2026-06-15 17:03:00,4356.19,4364.69,4356.17,4364.01,2598
2026-06-15 17:06:00,4363.99,4369.49,4363.85,4367.95,2756
2026-06-15 17:09:00,4367.97,4368.78,4362.1,4362.13,2436
2026-06-15 17:12:00,4362.11,4362.63,4354.44,4357.41,2618
2026-06-15 17:15:00,4357.43,4363.09,4357.07,4357.85,2612
2026-06-15 17:18:00,4357.82,4361.96,4356.52,4357.15,2361
2026-06-15 17:21:00,4357.17,4358.07,4354.06,4356.94,2480
2026-06-15 17:24:00,4356.95,4362.45,4355.62,4362.12,2415
2026-06-15 17:27:00,4362.13,4364.26,4361.61,4363.71,2473
2026-06-15 17:30:00,4363.76,4365.2,4362.67,4362.86,2507
2026-06-15 17:33:00,4362.87,4363.1,4356.71,4359.92,2256
2026-06-15 17:36:00,4359.94,4360.06,4353.94,4356.79,2263
2026-06-15 17:39:00,4357.02,4358.52,4355.65,4356.42,2229
2026-06-15 17:42:00,4356.41,4358.85,4354.74,4357.06,2444
2026-06-15 17:45:00,4357.07,4361.91,4355.56,4357.62,2333
2026-06-15 17:48:00,4357.62,4363.68,4357.07,4362.34,2303
2026-06-15 17:51:00,4362.38,4363.52,4359.09,4360.28,2249
2026-06-15 17:54:00,4360.28,4362.51,4360.28,4361.45,2237
2026-06-15 17:57:00,4361.45,4361.78,4356.58,4356.81,2271
2026-06-15 18:00:00,4356.8,4357.33,4351.59,4353.24,2400
2026-06-15 18:03:00,4353.15,4359.27,4353.14,4357.97,2346
2026-06-15 18:06:00,4357.99,4358.0,4354.25,4355.77,2132
2026-06-15 18:09:00,4355.77,4356.08,4350.12,4350.86,2130
2026-06-15 18:12:00,4350.86,4352.69,4349.71,4351.14,2153
2026-06-15 18:15:00,4351.16,4356.12,4350.71,4353.41,2348
2026-06-15 18:18:00,4353.39,4353.46,4350.3,4353.0,2156
2026-06-15 18:21:00,4352.99,4356.97,4352.94,4356.44,2125
2026-06-15 18:24:00,4356.46,4358.26,4354.79,4355.48,2151
2026-06-15 18:27:00,4355.47,4356.08,4353.31,4354.07,2075
2026-06-15 18:30:00,4354.09,4354.74,4349.54,4352.18,2194
2026-06-15 18:33:00,4352.23,4354.02,4350.14,4353.17,2181
2026-06-15 18:36:00,4353.15,4355.35,4352.19,4353.96,2256
2026-06-15 18:39:00,4353.97,4356.06,4353.65,4356.06,2433
2026-06-15 18:42:00,4356.04,4359.82,4355.6,4357.59,2285
2026-06-15 18:45:00,4357.58,4360.81,4357.09,4359.25,2355
2026-06-15 18:48:00,4359.25,4359.25,4356.46,4357.04,2070
2026-06-15 18:51:00,4357.04,4357.64,4355.03,4355.08,2210
2026-06-15 18:54:00,4355.08,4357.47,4354.93,4357.09,2045
2026-06-15 18:57:00,4357.11,4358.85,4356.15,4356.23,2102
2026-06-15 19:00:00,4356.24,4356.92,4354.71,4355.5,2140
2026-06-15 19:03:00,4355.5,4358.75,4355.31,4357.26,2001
2026-06-15 19:06:00,4357.26,4357.45,4353.1,4353.22,2046
2026-06-15 19:09:00,4353.19,4353.32,4349.88,4350.07,2125
2026-06-15 19:12:00,4350.04,4352.03,4349.19,4351.67,2185
2026-06-15 19:15:00,4351.68,4352.55,4347.64,4347.64,2088
2026-06-15 19:18:00,4347.62,4348.19,4343.87,4344.49,2274
2026-06-15 19:21:00,4344.51,4345.13,4340.72,4342.6,2163
2026-06-15 19:24:00,4342.6,4344.51,4339.26,4341.1,2254
2026-06-15 19:27:00,4341.29,4343.44,4341.29,4342.98,2004
2026-06-15 19:30:00,4343.01,4343.09,4339.13,4339.13,2064
2026-06-15 19:33:00,4339.16,4341.57,4338.41,4340.7,2016
2026-06-15 19:36:00,4340.7,4341.04,4337.73,4339.95,2032
2026-06-15 19:39:00,4339.94,4341.09,4338.66,4339.64,2310
2026-06-15 19:42:00,4339.62,4340.6,4336.18,4336.24,2111
2026-06-15 19:45:00,4336.23,4337.86,4335.85,4337.49,2136
2026-06-15 19:48:00,4337.46,4338.49,4336.27,4336.3,2037
2026-06-15 19:51:00,4336.29,4338.0,4334.57,4337.82,2066
2026-06-15 19:54:00,4337.82,4339.14,4336.17,4339.14,2092
2026-06-15 19:57:00,4339.14,4339.84,4338.45,4339.26,2396
2026-06-15 20:00:00,4339.26,4339.26,4333.36,4335.63,2278
2026-06-15 20:03:00,4335.61,4336.68,4333.86,4334.92,2471
2026-06-15 20:06:00,4334.91,4335.43,4331.96,4331.99,2245
2026-06-15 20:09:00,4332.1,4333.31,4331.28,4333.14,2155
2026-06-15 20:12:00,4333.12,4334.96,4330.82,4333.94,2105
2026-06-15 20:15:00,4333.96,4334.84,4332.17,4332.75,2231
2026-06-15 20:18:00,4332.75,4332.84,4330.13,4331.05,2485
2026-06-15 20:21:00,4331.09,4331.2,4329.01,4330.87,2270
2026-06-15 20:24:00,4330.85,4333.9,4329.62,4331.85,2130
2026-06-15 20:27:00,4331.86,4332.64,4329.46,4329.86,2464
2026-06-15 20:30:00,4329.86,4329.98,4327.61,4329.15,2173
2026-06-15 20:33:00,4329.17,4329.71,4325.54,4325.8,2421
2026-06-15 20:36:00,4325.79,4325.89,4321.92,4324.68,2192
2026-06-15 20:39:00,4324.67,4324.94,4321.41,4323.32,2100
2026-06-15 20:42:00,4323.32,4323.32,4321.16,4322.09,2465
2026-06-15 20:45:00,4322.08,4325.38,4322.07,4322.35,2269
2026-06-15 20:48:00,4322.32,4323.63,4321.28,4322.31,2168
2026-06-15 20:51:00,4322.32,4323.23,4320.53,4322.97,2274
2026-06-15 20:54:00,4322.97,4323.68,4320.85,4322.07,2185
2026-06-15 20:57:00,4322.09,4325.04,4321.82,4324.79,2085
2026-06-15 21:00:00,4324.79,4325.04,4317.95,4319.71,2199
2026-06-15 21:03:00,4319.72,4322.2,4319.58,4320.95,2172
2026-06-15 21:06:00,4320.96,4321.2,4318.74,4320.44,2315
2026-06-15 21:09:00,4320.46,4322.37,4320.4,4321.48,2269
2026-06-15 21:12:00,4321.53,4324.56,4321.49,4324.22,2363
2026-06-15 21:15:00,4324.23,4325.42,4322.83,4325.35,1976
2026-06-15 21:18:00,4325.36,4326.84,4324.28,4326.19,1926
2026-06-15 21:21:00,4326.17,4327.64,4325.69,4327.32,1915
2026-06-15 21:24:00,4327.33,4328.06,4326.03,4326.17,1919
2026-06-15 21:27:00,4326.16,4326.86,4324.16,4324.76,1972
2026-06-15 21:30:00,4324.77,4325.27,4322.01,4322.36,2064
2026-06-15 21:33:00,4322.35,4324.13,4321.83,4322.5,1984
2026-06-15 21:36:00,4322.5,4325.69,4322.05,4325.64,2039
2026-06-15 21:39:00,4325.63,4325.8,4324.45,4325.56,1893
2026-06-15 21:42:00,4325.57,4326.31,4324.32,4324.94,1979
2026-06-15 21:45:00,4324.95,4325.41,4324.06,4324.6,2012
2026-06-15 21:48:00,4324.58,4326.63,4324.42,4326.42,1933
2026-06-15 21:51:00,4326.39,4327.19,4325.21,4325.88,1972
2026-06-15 21:54:00,4325.89,4327.24,4325.48,4325.81,1918
2026-06-15 21:57:00,4325.79,4326.35,4324.94,4325.68,2145
2026-06-15 22:00:00,4325.66,4326.71,4323.17,4323.26,1991
2026-06-15 22:03:00,4323.24,4323.7,4321.48,4322.85,1949
2026-06-15 22:06:00,4322.88,4323.45,4321.29,4321.82,1990
2026-06-15 22:09:00,4321.82,4323.45,4320.96,4321.22,1953
2026-06-15 22:12:00,4321.21,4323.2,4320.87,4322.57,2324
2026-06-15 22:15:00,4322.57,4324.46,4322.39,4324.04,2033
2026-06-15 22:18:00,4324.06,4324.62,4323.01,4323.51,2277
2026-06-15 22:21:00,4323.51,4323.77,4321.03,4322.75,2185
2026-06-15 22:24:00,4322.73,4323.86,4321.54,4322.17,2269
2026-06-15 22:27:00,4322.16,4322.29,4320.87,4321.44,2082
2026-06-15 22:30:00,4321.42,4323.76,4321.42,4322.54,2040
2026-06-15 22:33:00,4322.54,4323.26,4320.6,4320.63,2311
2026-06-15 22:36:00,4320.65,4321.58,4319.39,4321.23,1997
2026-06-15 22:39:00,4321.24,4321.33,4320.03,4320.11,2346
2026-06-15 22:42:00,4320.11,4320.35,4318.21,4319.15,1971
2026-06-15 22:45:00,4319.13,4320.04,4318.64,4318.97,2140
2026-06-15 22:48:00,4318.96,4319.46,4317.82,4318.66,2005
2026-06-15 22:51:00,4318.68,4318.73,4316.51,4318.5,1992
2026-06-15 22:54:00,4318.49,4320.93,4318.47,4319.54,2013
2026-06-15 22:57:00,4319.54,4321.06,4318.92,4320.76,2066
2026-06-15 23:00:00,4320.76,4322.11,4319.99,4320.02,1893
2026-06-15 23:03:00,4320.01,4320.22,4319.05,4319.52,2145
2026-06-15 23:06:00,4319.54,4320.73,4319.04,4320.03,2189
2026-06-15 23:09:00,4320.03,4320.05,4317.02,4317.37,1817
2026-06-15 23:12:00,4317.38,4317.79,4315.73,4315.95,2049
2026-06-15 23:15:00,4315.97,4316.54,4314.45,4316.23,2123
2026-06-15 23:18:00,4316.21,4318.57,4316.07,4317.39,2214
2026-06-15 23:21:00,4317.39,4317.57,4312.53,4312.53,1922
2026-06-15 23:24:00,4312.53,4313.97,4310.59,4311.65,1845
2026-06-15 23:27:00,4311.64,4314.27,4311.31,4312.75,1857
2026-06-15 23:30:00,4312.75,4313.07,4311.99,4312.96,2233
2026-06-15 23:33:00,4312.96,4313.09,4310.35,4310.54,1765
2026-06-15 23:36:00,4310.52,4312.17,4310.11,4312.1,1958
2026-06-15 23:39:00,4312.11,4312.49,4310.93,4311.43,1820
2026-06-15 23:42:00,4311.41,4311.52,4308.28,4309.72,1812
2026-06-15 23:45:00,4309.71,4309.85,4308.51,4309.81,1832
2026-06-15 23:48:00,4309.82,4310.55,4308.39,4308.43,1776
2026-06-15 23:51:00,4308.41,4309.17,4306.52,4307.18,1803
2026-06-15 23:54:00,4307.19,4308.13,4306.36,4307.76,1820
2026-06-15 23:57:00,4307.78,4309.67,4307.51,4309.12,1189
2026-06-16 01:00:00,4309.94,4313.19,4309.33,4310.35,4906
2026-06-16 01:03:00,4310.35,4315.17,4310.35,4314.53,4924
2026-06-16 01:06:00,4314.53,4315.31,4312.39,4313.25,2357
2026-06-16 01:09:00,4313.22,4313.91,4310.78,4312.33,1877
2026-06-16 01:12:00,4312.31,4312.33,4308.98,4309.99,1903
2026-06-16 01:15:00,4309.97,4311.19,4306.59,4311.13,1976
2026-06-16 01:18:00,4311.16,4311.62,4310.04,4310.74,1811
2026-06-16 01:21:00,4310.73,4313.31,4309.14,4309.2,1928
2026-06-16 01:24:00,4309.18,4309.91,4306.59,4308.48,1877
2026-06-16 01:27:00,4308.49,4308.97,4305.93,4308.45,1927
2026-06-16 01:30:00,4308.44,4310.43,4306.71,4309.15,1852
2026-06-16 01:33:00,4309.17,4311.48,4308.74,4310.01,1833
2026-06-16 01:36:00,4310.02,4311.2,4309.93,4310.35,1839
2026-06-16 01:39:00,4310.32,4311.64,4310.09,4311.41,1815
2026-06-16 01:42:00,4311.4,4314.37,4311.11,4312.35,1841
2026-06-16 01:45:00,4312.36,4312.58,4311.32,4312.08,1795
2026-06-16 01:48:00,4312.03,4313.16,4310.59,4313.14,1810
2026-06-16 01:51:00,4313.14,4313.4,4312.38,4313.37,1825
2026-06-16 01:54:00,4313.37,4314.33,4313.26,4313.44,1792
2026-06-16 01:57:00,4313.43,4313.75,4311.71,4311.97,1807
2026-06-16 02:00:00,4311.97,4314.49,4311.96,4314.47,1821
2026-06-16 02:03:00,4314.45,4316.34,4313.63,4315.0,1815
2026-06-16 02:06:00,4314.98,4316.49,4314.47,4315.68,1815
2026-06-16 02:09:00,4315.7,4316.17,4314.2,4315.23,1836
2026-06-16 02:12:00,4315.25,4315.72,4313.22,4313.4,1849
2026-06-16 02:15:00,4313.43,4314.59,4311.47,4314.56,1804
2026-06-16 02:18:00,4314.56,4314.86,4312.23,4312.95,1836
2026-06-16 02:21:00,4312.95,4314.63,4312.74,4314.06,1888
2026-06-16 02:24:00,4314.04,4315.48,4313.77,4314.75,1838
2026-06-16 02:27:00,4314.75,4315.66,4314.59,4315.58,1760
2026-06-16 02:30:00,4315.56,4316.4,4315.13,4315.49,1820
2026-06-16 02:33:00,4315.49,4319.26,4314.72,4317.77,1870
2026-06-16 02:36:00,4317.77,4318.25,4315.34,4315.38,1862
2026-06-16 02:39:00,4315.38,4315.68,4313.97,4313.99,1807
2026-06-16 02:42:00,4314.0,4318.62,4313.35,4318.33,1889
2026-06-16 02:45:00,4318.33,4318.54,4313.25,4314.07,1987
2026-06-16 02:48:00,4314.08,4317.44,4314.06,4317.09,1842
2026-06-16 02:51:00,4317.1,4318.51,4316.76,4318.05,1838
2026-06-16 02:54:00,4318.07,4319.1,4317.28,4317.69,1862
2026-06-16 02:57:00,4317.66,4317.95,4314.78,4315.61,1902
2026-06-16 03:00:00,4315.62,4318.31,4313.65,4315.43,2065
2026-06-16 03:03:00,4315.44,4316.48,4313.41,4315.94,2048
2026-06-16 03:06:00,4315.94,4317.23,4315.16,4315.72,1913
2026-06-16 03:09:00,4315.72,4317.34,4313.26,4315.4,1940
2026-06-16 03:12:00,4315.43,4315.51,4313.49,4313.51,1832
2026-06-16 03:15:00,4313.49,4315.75,4311.18,4311.21,2037
2026-06-16 03:18:00,4311.16,4312.01,4310.08,4311.56,1991
2026-06-16 03:21:00,4311.54,4312.12,4308.13,4309.29,2041
2026-06-16 03:24:00,4309.3,4310.33,4306.91,4307.35,1964
2026-06-16 03:27:00,4307.39,4309.89,4306.88,4308.25,2028
2026-06-16 03:30:00,4308.24,4311.54,4307.87,4310.77,2177
2026-06-16 03:33:00,4310.76,4311.29,4308.54,4309.62,1992
2026-06-16 03:36:00,4309.61,4313.63,4309.61,4312.17,2068
2026-06-16 03:39:00,4312.16,4312.76,4311.01,4311.99,1919
2026-06-16 03:42:00,4311.98,4311.99,4310.04,4311.01,1981
2026-06-16 03:45:00,4311.02,4312.85,4310.63,4312.64,1916
2026-06-16 03:48:00,4312.61,4312.81,4311.26,4311.96,1916
2026-06-16 03:51:00,4311.93,4313.97,4311.51,4313.55,1969
2026-06-16 03:54:00,4313.54,4319.37,4312.52,4318.57,2077
2026-06-16 03:57:00,4318.54,4320.76,4317.51,4319.23,2017
2026-06-16 04:00:00,4319.22,4325.87,4316.81,4323.78,2539
2026-06-16 04:03:00,4323.76,4325.84,4318.57,4319.93,2396
2026-06-16 04:06:00,4319.95,4321.31,4315.56,4318.53,2480
2026-06-16 04:09:00,4318.52,4321.25,4317.32,4319.65,2349
2026-06-16 04:12:00,4319.64,4323.1,4318.31,4319.86,2316
2026-06-16 04:15:00,4319.83,4321.57,4319.0,4320.77,2138
2026-06-16 04:18:00,4320.77,4321.98,4318.68,4320.17,2184
2026-06-16 04:21:00,4320.2,4320.24,4316.35,4319.13,2263
2026-06-16 04:24:00,4319.1,4323.97,4318.8,4321.14,2291
2026-06-16 04:27:00,4321.13,4323.41,4317.81,4319.34,2384
2026-06-16 04:30:00,4319.35,4320.39,4315.52,4316.49,2429
2026-06-16 04:33:00,4316.48,4317.04,4314.57,4315.04,2256
2026-06-16 04:36:00,4315.04,4318.55,4313.61,4318.23,2180
2026-06-16 04:39:00,4318.23,4318.76,4314.65,4314.7,2099
2026-06-16 04:42:00,4314.72,4315.73,4313.33,4314.93,2097
2026-06-16 04:45:00,4314.94,4318.79,4313.91,4318.78,2006
2026-06-16 04:48:00,4318.75,4319.44,4315.74,4316.93,2098
2026-06-16 04:51:00,4316.94,4317.21,4312.96,4312.96,2030
2026-06-16 04:54:00,4312.97,4314.52,4312.14,4313.49,2050
2026-06-16 04:57:00,4313.49,4314.14,4312.15,4313.55,2050
2026-06-16 05:00:00,4313.56,4314.08,4311.24,4311.25,2041
2026-06-16 05:03:00,4311.27,4311.96,4308.64,4308.64,2109
2026-06-16 05:06:00,4308.61,4312.41,4307.59,4311.31,2096
2026-06-16 05:09:00,4311.3,4311.83,4310.2,4311.63,1969
2026-06-16 05:12:00,4311.6,4311.8,4309.05,4309.56,2041
2026-06-16 05:15:00,4309.57,4311.69,4308.27,4310.6,1968
2026-06-16 05:18:00,4310.6,4311.82,4310.29,4310.66,1851
2026-06-16 05:21:00,4310.64,4311.94,4310.06,4311.44,1825
2026-06-16 05:24:00,4311.44,4311.54,4310.07,4310.92,1819
2026-06-16 05:27:00,4310.91,4312.98,4310.9,4312.68,1806
2026-06-16 05:30:00,4312.67,4317.95,4312.57,4317.79,2138
2026-06-16 05:33:00,4317.77,4318.24,4317.16,4317.61,1947
2026-06-16 05:36:00,4317.64,4318.31,4314.24,4314.28,1988
2026-06-16 05:39:00,4314.27,4315.25,4311.43,4311.51,2047
2026-06-16 05:42:00,4311.49,4312.15,4309.64,4312.04,1991
2026-06-16 05:45:00,4312.03,4313.76,4311.21,4313.51,1940
2026-06-16 05:48:00,4313.51,4313.99,4311.28,4312.66,1910
2026-06-16 05:51:00,4312.66,4316.32,4311.58,4315.49,2010
2026-06-16 05:54:00,4315.51,4317.54,4314.65,4317.54,1963
2026-06-16 05:57:00,4317.56,4320.86,4317.32,4318.73,2046
2026-06-16 06:00:00,4318.73,4319.71,4317.7,4318.56,2053
2026-06-16 06:03:00,4318.55,4319.58,4317.21,4319.56,1951
2026-06-16 06:06:00,4319.55,4320.49,4317.92,4318.7,1979
2026-06-16 06:09:00,4318.7,4320.36,4317.27,4319.4,1970
2026-06-16 06:12:00,4319.45,4320.97,4317.99,4318.65,1898
2026-06-16 06:15:00,4318.66,4319.9,4317.15,4317.48,1939
2026-06-16 06:18:00,4317.49,4318.52,4315.46,4318.49,1998
2026-06-16 06:21:00,4318.5,4318.88,4316.2,4318.26,1988
2026-06-16 06:24:00,4318.27,4321.03,4317.58,4320.67,1939
2026-06-16 06:27:00,4320.64,4322.64,4320.03,4321.24,1989
2026-06-16 06:30:00,4321.24,4323.7,4319.74,4323.67,2001
2026-06-16 06:33:00,4323.67,4327.07,4323.64,4326.46,1924
2026-06-16 06:36:00,4326.49,4327.91,4324.48,4326.64,2004
2026-06-16 06:39:00,4326.61,4328.23,4326.16,4327.91,1923
2026-06-16 06:42:00,4327.92,4332.87,4327.89,4331.88,2055
2026-06-16 06:45:00,4331.87,4332.98,4330.13,4332.62,1961
2026-06-16 06:48:00,4332.68,4332.85,4330.49,4331.26,1871
2026-06-16 06:51:00,4331.27,4331.3,4329.01,4329.39,1923
2026-06-16 06:54:00,4329.38,4333.13,4329.37,4331.65,1920
2026-06-16 06:57:00,4331.66,4331.82,4330.05,4330.5,1883
2026-06-16 07:00:00,4330.51,4332.2,4329.93,4330.15,1924
2026-06-16 07:03:00,4330.17,4330.74,4328.28,4330.12,1968
2026-06-16 07:06:00,4330.12,4330.13,4328.34,4328.86,1920
2026-06-16 07:09:00,4328.86,4328.86,4326.0,4326.31,1837
2026-06-16 07:12:00,4326.3,4327.21,4325.68,4327.02,1938
2026-06-16 07:15:00,4327.02,4327.76,4325.32,4325.49,1902
2026-06-16 07:18:00,4325.5,4327.03,4324.65,4326.71,1851
2026-06-16 07:21:00,4326.7,4326.77,4325.7,4325.75,1862
2026-06-16 07:24:00,4325.75,4325.75,4323.19,4323.43,1877
2026-06-16 07:27:00,4323.45,4323.45,4322.08,4322.93,1819
2026-06-16 07:30:00,4322.95,4324.65,4321.79,4323.71,1956
2026-06-16 07:33:00,4323.74,4325.28,4322.45,4325.24,1955
2026-06-16 07:36:00,4325.22,4325.22,4322.62,4322.91,1923
2026-06-16 07:39:00,4322.88,4325.29,4322.82,4324.03,1896
2026-06-16 07:42:00,4324.04,4324.5,4323.13,4323.18,1941
2026-06-16 07:45:00,4323.17,4323.84,4322.52,4322.64,1886
2026-06-16 07:48:00,4322.62,4323.75,4321.34,4321.79,1954
2026-06-16 07:51:00,4321.78,4322.91,4321.23,4321.44,1971
2026-06-16 07:54:00,4321.46,4323.59,4321.26,4322.63,1872
2026-06-16 07:57:00,4322.63,4322.79,4322.03,4322.52,1844
2026-06-16 08:00:00,4322.51,4324.18,4322.2,4324.16,1938
2026-06-16 08:03:00,4324.15,4326.39,4324.06,4325.83,1978
2026-06-16 08:06:00,4325.83,4327.47,4325.17,4327.32,1870
2026-06-16 08:09:00,4327.3,4329.13,4327.09,4327.51,1903
2026-06-16 08:12:00,4327.48,4327.48,4325.95,4326.32,1875
2026-06-16 08:15:00,4326.33,4327.98,4325.91,4326.03,1850
2026-06-16 08:18:00,4326.05,4327.21,4324.94,4325.65,1829
2026-06-16 08:21:00,4325.67,4327.0,4325.31,4326.88,1857
2026-06-16 08:24:00,4326.87,4326.96,4324.73,4324.98,1884
2026-06-16 08:27:00,4324.98,4327.4,4324.52,4327.26,1918
2026-06-16 08:30:00,4327.26,4330.87,4323.02,4324.53,2334
2026-06-16 08:33:00,4324.56,4324.82,4320.5,4324.45,2236
2026-06-16 08:36:00,4324.18,4324.24,4319.36,4320.66,2190
2026-06-16 08:39:00,4320.67,4320.74,4316.02,4316.88,2115
2026-06-16 08:42:00,4316.89,4318.64,4316.44,4317.69,2152
2026-06-16 08:45:00,4317.72,4319.36,4316.25,4318.71,2156
2026-06-16 08:48:00,4318.72,4319.72,4317.9,4318.69,2051
2026-06-16 08:51:00,4318.7,4321.08,4318.36,4319.5,2089
2026-06-16 08:54:00,4319.48,4320.76,4318.56,4318.89,2024
2026-06-16 08:57:00,4318.88,4319.26,4314.29,4315.89,2158
2026-06-16 09:00:00,4315.89,4317.29,4313.48,4315.81,2126
2026-06-16 09:03:00,4315.82,4318.12,4314.77,4317.24,2028
2026-06-16 09:06:00,4317.24,4318.44,4314.66,4314.93,2421
2026-06-16 09:09:00,4314.91,4319.25,4314.91,4317.7,2295
2026-06-16 09:12:00,4317.71,4319.67,4317.5,4318.62,2146
2026-06-16 09:15:00,4318.65,4318.7,4316.31,4316.51,1935
2026-06-16 09:18:00,4316.46,4318.17,4315.41,4317.33,1953
2026-06-16 09:21:00,4317.31,4318.29,4314.65,4314.84,2093
2026-06-16 09:24:00,4314.81,4315.61,4314.37,4315.41,2372
2026-06-16 09:27:00,4315.39,4317.97,4315.24,4316.61,2085
2026-06-16 09:30:00,4316.64,4317.62,4314.12,4316.78,2052
2026-06-16 09:33:00,4316.79,4319.74,4315.76,4317.96,2045
2026-06-16 09:36:00,4317.99,4320.21,4317.4,4318.51,2353
2026-06-16 09:39:00,4318.51,4318.55,4315.51,4316.65,2113
2026-06-16 09:42:00,4316.67,4317.26,4315.7,4316.33,2146
2026-06-16 09:45:00,4316.34,4318.71,4316.1,4317.09,2262
2026-06-16 09:48:00,4317.11,4319.05,4316.86,4317.91,2065
2026-06-16 09:51:00,4317.89,4320.09,4317.82,4319.63,2010
2026-06-16 09:54:00,4319.63,4322.94,4318.98,4322.7,2030
2026-06-16 09:57:00,4322.65,4324.34,4321.7,4323.91,2035
2026-06-16 10:00:00,4323.9,4325.96,4322.62,4322.96,2062
2026-06-16 10:03:00,4323.04,4327.33,4323.04,4326.36,1932
2026-06-16 10:06:00,4326.32,4328.51,4325.78,4326.74,2030
2026-06-16 10:09:00,4326.75,4328.25,4325.7,4327.01,2111
2026-06-16 10:12:00,4327.01,4328.46,4325.8,4326.08,2167
2026-06-16 10:15:00,4326.07,4328.04,4325.68,4327.26,2139
2026-06-16 10:18:00,4327.24,4327.97,4326.02,4327.58,2325
2026-06-16 10:21:00,4327.59,4327.69,4324.31,4324.76,1907
2026-06-16 10:24:00,4324.76,4328.25,4324.22,4328.03,1935
2026-06-16 10:27:00,4328.03,4329.57,4326.87,4328.81,2075
2026-06-16 10:30:00,4328.82,4332.64,4328.15,4329.33,2102
2026-06-16 10:33:00,4329.35,4330.2,4326.72,4326.91,2000
2026-06-16 10:36:00,4326.91,4328.95,4326.2,4328.12,2025
2026-06-16 10:39:00,4328.12,4331.47,4328.0,4329.85,2002
2026-06-16 10:42:00,4329.88,4330.83,4327.4,4327.69,2228
2026-06-16 10:45:00,4327.69,4329.51,4326.6,4329.18,2101
2026-06-16 10:48:00,4329.16,4329.87,4327.92,4328.82,2159
2026-06-16 10:51:00,4328.81,4333.35,4328.72,4332.63,2088
2026-06-16 10:54:00,4332.65,4333.01,4331.19,4331.84,2419
2026-06-16 10:57:00,4332.03,4335.64,4332.03,4335.17,2129
2026-06-16 11:00:00,4335.18,4335.57,4332.87,4333.54,2477
2026-06-16 11:03:00,4333.48,4335.4,4333.13,4334.25,2283
2026-06-16 11:06:00,4334.26,4336.26,4334.24,4335.52,2197
2026-06-16 11:09:00,4335.53,4340.19,4335.12,4337.24,2041
2026-06-16 11:12:00,4337.24,4338.84,4336.88,4337.97,2051
2026-06-16 11:15:00,4337.96,4341.95,4337.74,4340.73,1985
2026-06-16 11:18:00,4340.72,4340.79,4338.2,4339.31,2383
2026-06-16 11:21:00,4339.34,4339.99,4337.85,4338.74,2242
2026-06-16 11:24:00,4338.74,4343.62,4337.96,4342.98,2164
2026-06-16 11:27:00,4342.97,4343.0,4340.4,4341.29,2051
2026-06-16 11:30:00,4341.29,4343.22,4340.98,4342.49,2255
2026-06-16 11:33:00,4342.45,4342.74,4339.71,4342.1,2110
2026-06-16 11:36:00,4342.08,4343.47,4339.37,4339.37,2408
2026-06-16 11:39:00,4339.36,4341.61,4339.25,4340.28,2299
2026-06-16 11:42:00,4340.26,4345.17,4340.08,4343.5,2020
2026-06-16 11:45:00,4343.49,4344.22,4342.3,4342.88,1960
2026-06-16 11:48:00,4342.83,4343.44,4341.63,4341.63,2201
2026-06-16 11:51:00,4341.65,4344.56,4340.89,4344.06,1936
2026-06-16 11:54:00,4344.07,4345.67,4343.9,4345.64,2125
2026-06-16 11:57:00,4345.8,4347.91,4344.08,4346.98,1996
2026-06-16 12:00:00,4347.0,4347.69,4345.85,4345.9,2058
2026-06-16 12:03:00,4345.89,4346.0,4344.08,4344.62,1966
2026-06-16 12:06:00,4344.63,4347.36,4344.53,4347.01,2193
2026-06-16 12:09:00,4347.0,4348.32,4346.32,4347.12,2306
2026-06-16 12:12:00,4347.14,4347.77,4345.46,4346.22,2056
2026-06-16 12:15:00,4346.22,4346.41,4344.84,4344.92,2286
2026-06-16 12:18:00,4344.89,4345.12,4340.05,4340.33,2042
2026-06-16 12:21:00,4340.32,4341.79,4340.2,4341.0,2373
2026-06-16 12:24:00,4340.99,4341.58,4339.79,4340.02,2324
2026-06-16 12:27:00,4340.0,4341.22,4338.42,4339.91,2268
2026-06-16 12:30:00,4339.93,4344.31,4339.39,4343.04,2106
2026-06-16 12:33:00,4342.98,4345.18,4342.61,4344.19,1924
2026-06-16 12:36:00,4344.2,4346.28,4343.94,4345.27,1874
2026-06-16 12:39:00,4345.25,4346.3,4345.2,4346.01,1908
2026-06-16 12:42:00,4346.01,4346.15,4341.82,4342.05,2028
2026-06-16 12:45:00,4342.06,4342.73,4340.33,4342.07,1923
2026-06-16 12:48:00,4342.08,4345.53,4341.91,4345.23,1942
2026-06-16 12:51:00,4345.21,4346.99,4345.04,4346.71,1916
2026-06-16 12:54:00,4346.72,4348.28,4345.19,4345.49,1960
2026-06-16 12:57:00,4345.5,4346.22,4345.13,4345.24,1958
2026-06-16 13:00:00,4345.24,4345.5,4343.66,4343.9,1948
2026-06-16 13:03:00,4343.89,4344.82,4343.17,4344.82,2072
2026-06-16 13:06:00,4344.79,4345.61,4344.6,4345.36,1856
2026-06-16 13:09:00,4345.39,4345.85,4344.19,4344.86,1809
2026-06-16 13:12:00,4344.85,4346.63,4344.22,4345.94,1861
2026-06-16 13:15:00,4345.96,4346.51,4344.86,4345.47,1867
2026-06-16 13:18:00,4345.45,4345.49,4343.56,4344.24,2091
2026-06-16 13:21:00,4344.24,4346.26,4344.19,4346.16,1881
2026-06-16 13:24:00,4346.16,4346.65,4345.51,4345.6,2171
2026-06-16 13:27:00,4345.62,4345.73,4344.12,4344.33,1888
2026-06-16 13:30:00,4344.32,4345.02,4343.42,4344.47,1904
2026-06-16 13:33:00,4344.49,4345.03,4342.19,4343.25,1881
2026-06-16 13:36:00,4343.25,4345.61,4343.19,4344.82,1882
2026-06-16 13:39:00,4344.84,4345.34,4344.68,4344.84,2286
2026-06-16 13:42:00,4344.8,4346.75,4344.62,4346.72,2177
2026-06-16 13:45:00,4346.75,4347.83,4346.52,4347.24,1842
2026-06-16 13:48:00,4347.26,4348.8,4346.6,4348.57,2025
2026-06-16 13:51:00,4348.55,4348.62,4347.11,4347.41,1853
2026-06-16 13:54:00,4347.41,4348.46,4346.98,4347.35,2485
2026-06-16 13:57:00,4347.32,4348.95,4346.69,4348.85,2207
2026-06-16 14:00:00,4348.85,4349.48,4346.45,4347.23,2003
2026-06-16 14:03:00,4347.22,4347.5,4344.2,4344.64,1997
2026-06-16 14:06:00,4344.63,4344.95,4341.25,4341.26,2015
2026-06-16 14:09:00,4341.27,4342.13,4339.52,4341.27,2058
2026-06-16 14:12:00,4341.28,4342.43,4339.48,4341.6,1964
2026-06-16 14:15:00,4341.61,4342.0,4338.63,4340.04,1963
2026-06-16 14:18:00,4340.01,4341.73,4339.07,4339.77,1998
2026-06-16 14:21:00,4339.78,4340.86,4338.64,4340.05,1938
2026-06-16 14:24:00,4340.05,4341.81,4339.49,4340.78,2042
2026-06-16 14:27:00,4340.81,4343.49,4340.56,4342.05,1943
2026-06-16 14:30:00,4342.02,4342.23,4338.17,4338.66,1992
2026-06-16 14:33:00,4338.7,4340.84,4338.61,4339.54,2063
2026-06-16 14:36:00,4339.54,4339.55,4335.06,4338.72,2188
2026-06-16 14:39:00,4338.71,4340.0,4337.84,4338.43,2011
2026-06-16 14:42:00,4338.41,4339.38,4337.74,4338.94,2014
2026-06-16 14:45:00,4338.91,4341.46,4338.78,4340.3,1976
2026-06-16 14:48:00,4340.33,4340.61,4336.84,4340.37,2271
2026-06-16 14:51:00,4340.38,4341.2,4337.99,4339.07,2103
2026-06-16 14:54:00,4339.06,4340.5,4338.4,4338.43,2011
2026-06-16 14:57:00,4338.45,4341.59,4337.46,4340.95,2020
2026-06-16 15:00:00,4340.96,4341.24,4339.04,4340.98,2018
2026-06-16 15:03:00,4341.0,4342.25,4338.28,4338.33,2033
2026-06-16 15:06:00,4338.33,4344.63,4338.18,4344.61,2038
2026-06-16 15:09:00,4344.63,4345.58,4342.59,4343.7,2041
2026-06-16 15:12:00,4343.7,4344.96,4342.13,4344.6,2190
2026-06-16 15:15:00,4344.61,4345.07,4342.25,4342.57,2134
2026-06-16 15:18:00,4342.57,4342.8,4337.66,4337.85,2395
2026-06-16 15:21:00,4337.82,4341.71,4337.38,4341.55,2199
2026-06-16 15:24:00,4341.58,4343.33,4340.64,4340.91,2043
2026-06-16 15:27:00,4340.9,4343.81,4339.24,4343.74,2022
2026-06-16 15:30:00,4343.76,4347.1,4341.64,4343.51,2225
2026-06-16 15:33:00,4343.5,4345.49,4342.77,4345.1,2041
2026-06-16 15:36:00,4345.08,4346.14,4342.84,4345.95,2049
2026-06-16 15:39:00,4345.95,4347.91,4345.24,4346.59,2131
2026-06-16 15:42:00,4346.59,4349.66,4345.88,4349.49,2133
2026-06-16 15:45:00,4349.5,4350.73,4349.35,4350.02,2035
2026-06-16 15:48:00,4350.04,4351.78,4348.56,4351.25,2114
2026-06-16 15:51:00,4351.22,4354.78,4350.03,4351.57,2150
2026-06-16 15:54:00,4351.56,4353.65,4350.55,4353.03,2055
2026-06-16 15:57:00,4353.03,4354.9,4352.26,4354.71,2371
2026-06-16 16:00:00,4354.71,4354.82,4349.83,4352.0,2511
2026-06-16 16:03:00,4352.0,4353.22,4345.69,4347.68,2250
2026-06-16 16:06:00,4347.7,4348.7,4344.29,4344.35,2115
2026-06-16 16:09:00,4344.4,4345.62,4342.14,4344.13,2235
2026-06-16 16:12:00,4344.13,4346.04,4343.27,4343.71,2154
2026-06-16 16:15:00,4343.74,4344.99,4340.0,4340.37,2251
2026-06-16 16:18:00,4340.35,4341.85,4338.1,4338.94,2202
2026-06-16 16:21:00,4338.94,4338.96,4333.26,4337.86,2414
2026-06-16 16:24:00,4337.85,4339.33,4334.86,4335.45,2194
2026-06-16 16:27:00,4335.44,4337.54,4334.13,4335.14,2207
2026-06-16 16:30:00,4335.08,4340.63,4333.75,4338.2,2610
2026-06-16 16:33:00,4338.2,4339.58,4336.37,4337.07,2583
2026-06-16 16:36:00,4337.07,4340.28,4336.42,4338.23,2451
2026-06-16 16:39:00,4338.2,4339.53,4335.17,4337.51,2483
2026-06-16 16:42:00,4337.52,4339.67,4336.69,4338.94,2402
2026-06-16 16:45:00,4338.94,4340.24,4334.28,4337.23,2508
2026-06-16 16:48:00,4337.24,4340.52,4335.8,4338.74,2311
2026-06-16 16:51:00,4338.73,4339.5,4334.78,4336.51,2356
2026-06-16 16:54:00,4336.5,4337.9,4332.75,4332.97,2305
2026-06-16 16:57:00,4332.97,4335.19,4331.64,4331.82,2315
2026-06-16 17:00:00,4331.83,4338.31,4331.54,4335.44,2422
2026-06-16 17:03:00,4335.3,4338.78,4334.45,4336.03,2433
2026-06-16 17:06:00,4336.01,4338.34,4335.13,4337.63,2240
2026-06-16 17:09:00,4337.66,4337.66,4332.42,4334.37,2329
2026-06-16 17:12:00,4334.36,4336.05,4333.04,4335.51,2203
2026-06-16 17:15:00,4335.53,4335.53,4328.16,4328.51,2510
2026-06-16 17:18:00,4328.49,4328.82,4321.47,4322.7,2695
2026-06-16 17:21:00,4322.68,4325.93,4322.53,4325.07,2461
2026-06-16 17:24:00,4325.04,4325.64,4323.18,4323.52,2443
2026-06-16 17:27:00,4323.52,4323.94,4317.67,4319.65,2825
2026-06-16 17:30:00,4319.61,4321.29,4315.55,4318.05,2811
2026-06-16 17:33:00,4318.07,4319.73,4313.28,4319.44,2798
2026-06-16 17:36:00,4319.49,4325.68,4319.49,4322.04,2493
2026-06-16 17:39:00,4322.07,4327.36,4321.87,4327.34,2434
2026-06-16 17:42:00,4327.36,4328.37,4323.72,4324.46,2403
2026-06-16 17:45:00,4324.43,4326.82,4323.09,4323.41,2355
2026-06-16 17:48:00,4323.38,4327.32,4323.38,4325.84,2310
2026-06-16 17:51:00,4325.86,4327.28,4324.07,4324.39,2296
2026-06-16 17:54:00,4324.4,4325.05,4321.49,4323.26,2464
2026-06-16 17:57:00,4323.29,4324.72,4321.99,4323.98,2321
2026-06-16 18:00:00,4324.01,4327.08,4322.36,4325.68,2491
2026-06-16 18:03:00,4325.67,4325.67,4322.36,4324.73,2255
2026-06-16 18:06:00,4324.71,4325.85,4322.67,4323.76,2267
2026-06-16 18:09:00,4323.78,4325.91,4323.37,4323.65,2271
2026-06-16 18:12:00,4323.59,4326.32,4323.12,4324.58,2099
2026-06-16 18:15:00,4324.57,4328.61,4323.83,4325.78,2171
2026-06-16 18:18:00,4325.77,4326.87,4324.56,4324.91,2105
2026-06-16 18:21:00,4324.92,4327.56,4323.23,4324.94,2187
2026-06-16 18:24:00,4324.93,4325.02,4321.02,4323.58,2170
2026-06-16 18:27:00,4323.58,4326.54,4323.12,4325.82,2224
2026-06-16 18:30:00,4325.8,4326.6,4324.52,4325.65,2188
2026-06-16 18:33:00,4325.63,4328.98,4324.03,4328.23,2278
2026-06-16 18:36:00,4328.24,4328.74,4323.48,4323.5,2296
2026-06-16 18:39:00,4323.48,4326.5,4323.0,4326.31,2328
2026-06-16 18:42:00,4326.3,4327.07,4324.97,4326.63,2146
2026-06-16 18:45:00,4326.61,4326.69,4322.08,4322.96,2311
2026-06-16 18:48:00,4322.9,4328.41,4322.38,4328.36,2320
2026-06-16 18:51:00,4328.34,4334.59,4326.4,4334.36,2404
2026-06-16 18:54:00,4334.37,4340.65,4333.76,4339.49,2668
2026-06-16 18:57:00,4339.5,4343.43,4335.24,4335.3,2565
2026-06-16 19:00:00,4335.28,4339.17,4334.9,4337.54,2402
2026-06-16 19:03:00,4337.53,4339.07,4336.69,4338.89,2296
2026-06-16 19:06:00,4338.89,4344.09,4337.66,4342.56,2335
2026-06-16 19:09:00,4342.54,4343.46,4341.1,4341.44,2219
2026-06-16 19:12:00,4341.48,4346.99,4341.47,4345.9,2226
2026-06-16 19:15:00,4345.89,4346.8,4343.96,4344.63,2109
2026-06-16 19:18:00,4344.61,4346.43,4342.59,4342.99,2188
2026-06-16 19:21:00,4343.01,4344.48,4341.8,4342.24,2143
2026-06-16 19:24:00,4342.25,4345.11,4342.23,4344.65,2191
2026-06-16 19:27:00,4344.63,4345.68,4344.11,4344.58,2053
2026-06-16 19:30:00,4344.58,4345.12,4342.3,4342.47,2168
2026-06-16 19:33:00,4342.49,4343.35,4340.15,4342.74,2166
2026-06-16 19:36:00,4342.76,4342.76,4340.43,4341.93,2114
2026-06-16 19:39:00,4341.92,4344.66,4341.55,4343.99,2075
2026-06-16 19:42:00,4343.99,4345.24,4343.72,4344.11,1983
2026-06-16 19:45:00,4344.12,4345.8,4343.75,4345.04,2064
2026-06-16 19:48:00,4345.02,4345.61,4343.59,4345.35,2070
2026-06-16 19:51:00,4345.34,4346.46,4341.52,4341.71,2108
2026-06-16 19:54:00,4341.73,4342.55,4340.92,4341.56,2062
2026-06-16 19:57:00,4341.57,4342.44,4340.07,4340.64,1930
2026-06-16 20:00:00,4340.64,4340.64,4338.2,4338.62,2047
2026-06-16 20:03:00,4338.63,4340.07,4338.18,4339.03,1987
2026-06-16 20:06:00,4339.03,4341.19,4338.94,4339.8,2046
2026-06-16 20:09:00,4339.83,4340.05,4336.72,4336.73,2039
2026-06-16 20:12:00,4336.72,4338.01,4334.21,4335.64,2144
2026-06-16 20:15:00,4335.61,4336.01,4333.13,4333.38,2091
2026-06-16 20:18:00,4333.36,4334.28,4326.45,4327.3,2144
2026-06-16 20:21:00,4327.27,4328.46,4325.38,4326.08,2332
2026-06-16 20:24:00,4326.08,4329.96,4326.07,4329.7,2174
2026-06-16 20:27:00,4329.71,4335.02,4328.39,4334.71,2315
2026-06-16 20:30:00,4334.72,4337.35,4334.23,4335.8,2137
2026-06-16 20:33:00,4335.78,4338.0,4335.22,4337.88,2098
2026-06-16 20:36:00,4337.89,4340.09,4337.23,4337.52,2114
2026-06-16 20:39:00,4337.49,4338.4,4336.14,4337.99,2125
2026-06-16 20:42:00,4338.0,4339.4,4338.0,4338.55,2052
2026-06-16 20:45:00,4338.53,4338.56,4335.98,4337.14,2034
2026-06-16 20:48:00,4337.14,4337.8,4336.05,4337.42,1997
2026-06-16 20:51:00,4337.41,4340.48,4337.37,4340.21,2008
2026-06-16 20:54:00,4340.19,4340.44,4338.87,4340.35,1906
2026-06-16 20:57:00,4340.37,4340.52,4339.37,4340.33,1874
2026-06-16 21:00:00,4340.32,4342.73,4339.68,4342.38,2022
2026-06-16 21:03:00,4342.38,4342.63,4339.14,4339.88,2002
2026-06-16 21:06:00,4339.88,4340.9,4339.68,4340.59,1930
2026-06-16 21:09:00,4340.56,4342.58,4339.73,4341.49,1974
2026-06-16 21:12:00,4341.49,4342.34,4341.16,4341.75,1979
2026-06-16 21:15:00,4341.77,4342.36,4339.45,4340.51,2012
2026-06-16 21:18:00,4340.5,4340.74,4339.45,4340.04,1976
2026-06-16 21:21:00,4340.02,4341.0,4338.98,4340.2,1893
2026-06-16 21:24:00,4340.19,4340.99,4339.25,4340.51,2005
2026-06-16 21:27:00,4340.54,4341.62,4339.92,4341.37,2047
2026-06-16 21:30:00,4341.4,4342.85,4340.46,4341.44,1882
2026-06-16 21:33:00,4341.46,4341.68,4339.71,4340.26,1977
2026-06-16 21:36:00,4340.25,4341.06,4339.7,4339.85,1973
2026-06-16 21:39:00,4339.83,4339.86,4338.34,4338.97,1981
2026-06-16 21:42:00,4338.99,4339.64,4338.54,4338.83,1923
2026-06-16 21:45:00,4338.84,4340.07,4338.59,4339.72,1913
2026-06-16 21:48:00,4339.71,4339.73,4336.19,4337.34,1940
2026-06-16 21:51:00,4337.33,4338.67,4337.21,4338.04,1957
2026-06-16 21:54:00,4338.05,4339.39,4338.0,4339.26,1851
2026-06-16 21:57:00,4339.26,4339.53,4337.49,4338.5,1940
2026-06-16 22:00:00,4338.49,4339.48,4337.82,4338.49,1991
2026-06-16 22:03:00,4338.5,4342.89,4338.45,4341.38,2061
2026-06-16 22:06:00,4341.35,4342.62,4340.98,4341.13,1952
2026-06-16 22:09:00,4341.12,4341.76,4340.42,4341.23,2011
2026-06-16 22:12:00,4341.27,4341.29,4339.0,4339.19,2030
2026-06-16 22:15:00,4339.18,4339.33,4336.47,4338.05,2061
2026-06-16 22:18:00,4338.03,4340.54,4337.58,4340.49,1958
2026-06-16 22:21:00,4340.48,4340.89,4339.17,4339.78,1953
2026-06-16 22:24:00,4339.8,4341.15,4339.53,4339.94,1968
2026-06-16 22:27:00,4339.93,4340.42,4339.55,4339.62,1937
2026-06-16 22:30:00,4339.62,4340.08,4338.85,4339.33,1996
2026-06-16 22:33:00,4339.32,4339.83,4338.05,4338.17,1973
2026-06-16 22:36:00,4338.18,4339.17,4337.83,4338.31,2031
2026-06-16 22:39:00,4338.33,4339.18,4336.91,4338.65,1964
2026-06-16 22:42:00,4338.66,4339.25,4337.77,4338.61,1939
2026-06-16 22:45:00,4338.58,4339.71,4337.77,4337.77,2168
2026-06-16 22:48:00,4337.75,4339.19,4336.4,4336.42,2123
2026-06-16 22:51:00,4336.42,4336.91,4334.49,4334.68,2044
2026-06-16 22:54:00,4334.68,4334.98,4331.59,4332.87,2172
2026-06-16 22:57:00,4332.88,4334.42,4330.65,4334.11,2248
2026-06-16 23:00:00,4334.11,4334.12,4331.09,4332.44,1982
2026-06-16 23:03:00,4332.44,4333.31,4332.32,4333.27,1808
2026-06-16 23:06:00,4333.24,4333.6,4331.81,4332.42,1828
2026-06-16 23:09:00,4332.41,4333.0,4331.79,4332.9,1815
2026-06-16 23:12:00,4332.87,4333.26,4331.1,4331.15,1839
2026-06-16 23:15:00,4331.15,4332.23,4330.86,4331.61,1857
2026-06-16 23:18:00,4331.62,4333.59,4331.46,4333.23,1748
2026-06-16 23:21:00,4333.25,4333.58,4332.43,4333.52,1760
2026-06-16 23:24:00,4333.54,4334.17,4333.43,4333.89,1710
2026-06-16 23:27:00,4333.9,4333.97,4332.79,4332.84,1745
2026-06-16 23:30:00,4332.87,4333.48,4331.82,4332.15,1758
2026-06-16 23:33:00,4332.14,4333.09,4331.53,4332.89,1831
2026-06-16 23:36:00,4332.87,4333.76,4332.86,4333.27,1764
2026-06-16 23:39:00,4333.28,4334.89,4333.26,4334.54,1760
2026-06-16 23:42:00,4334.51,4334.64,4332.64,4333.44,1748
2026-06-16 23:45:00,4333.5,4333.5,4330.42,4331.32,1808
2026-06-16 23:48:00,4331.33,4332.85,4330.69,4332.22,1817
2026-06-16 23:51:00,4332.25,4332.25,4330.89,4331.03,1748
2026-06-16 23:54:00,4331.04,4331.49,4329.53,4331.38,1783
2026-06-16 23:57:00,4331.41,4331.41,4330.61,4331.16,1159
2026-06-17 01:00:00,4333.02,4336.12,4331.44,4332.01,5199
2026-06-17 01:03:00,4331.99,4333.03,4330.63,4332.82,5105
2026-06-17 01:06:00,4332.79,4333.08,4331.95,4332.3,2172
2026-06-17 01:09:00,4332.31,4332.96,4332.06,4332.88,1703
2026-06-17 01:12:00,4332.87,4332.9,4332.23,4332.33,1734
2026-06-17 01:15:00,4332.32,4333.08,4329.28,4329.48,1824
2026-06-17 01:18:00,4329.48,4332.02,4329.46,4330.96,1777
2026-06-17 01:21:00,4330.96,4331.96,4329.16,4329.74,1808
2026-06-17 01:24:00,4329.77,4331.0,4329.01,4330.7,1789
2026-06-17 01:27:00,4330.73,4331.53,4329.57,4330.14,1850
2026-06-17 01:30:00,4330.14,4332.78,4330.14,4332.73,1803
2026-06-17 01:33:00,4332.73,4333.01,4331.25,4331.7,1864
2026-06-17 01:36:00,4331.68,4333.22,4331.38,4332.77,1803
2026-06-17 01:39:00,4332.78,4333.01,4332.05,4332.51,1765
2026-06-17 01:42:00,4332.54,4333.13,4331.98,4332.71,1803
2026-06-17 01:45:00,4332.71,4334.27,4332.67,4334.14,1785
2026-06-17 01:48:00,4334.17,4334.39,4332.94,4333.78,1770
2026-06-17 01:51:00,4333.79,4334.06,4332.84,4332.87,1774
2026-06-17 01:54:00,4332.86,4334.54,4332.23,4334.03,1847
2026-06-17 01:57:00,4334.01,4336.07,4333.81,4335.42,1804
2026-06-17 02:00:00,4335.42,4335.43,4334.21,4334.32,1757
2026-06-17 02:03:00,4334.34,4334.65,4333.9,4334.05,1680
2026-06-17 02:06:00,4334.06,4336.4,4334.06,4336.27,1824
2026-06-17 02:09:00,4336.29,4336.91,4335.44,4336.6,1710
2026-06-17 02:12:00,4336.57,4338.31,4335.7,4336.57,1878
2026-06-17 02:15:00,4336.57,4336.89,4335.94,4335.98,1726
2026-06-17 02:18:00,4335.98,4336.0,4335.72,4335.81,1759
2026-06-17 02:21:00,4335.84,4336.27,4335.77,4336.02,1727
2026-06-17 02:24:00,4336.01,4336.63,4335.82,4336.42,1712
2026-06-17 02:27:00,4336.44,4336.78,4336.07,4336.11,1677
2026-06-17 02:30:00,4336.1,4336.52,4334.3,4334.32,1780
2026-06-17 02:33:00,4334.33,4335.94,4334.25,4335.47,1782
2026-06-17 02:36:00,4335.48,4335.56,4333.17,4333.87,1778
2026-06-17 02:39:00,4333.88,4334.08,4333.24,4333.26,1724
2026-06-17 02:42:00,4333.26,4334.62,4333.03,4334.61,1804
2026-06-17 02:45:00,4334.58,4334.79,4332.43,4334.48,1835
2026-06-17 02:48:00,4334.47,4335.02,4330.93,4331.41,1842
2026-06-17 02:51:00,4331.42,4332.49,4331.15,4331.97,1848
2026-06-17 02:54:00,4331.92,4332.55,4329.61,4331.01,1895
2026-06-17 02:57:00,4331.01,4331.18,4330.04,4330.94,1773
2026-06-17 03:00:00,4330.94,4333.3,4328.54,4332.04,2106
2026-06-17 03:03:00,4332.05,4336.06,4331.97,4333.78,2178
2026-06-17 03:06:00,4333.75,4338.31,4333.6,4337.49,2187
2026-06-17 03:09:00,4337.48,4340.05,4337.32,4339.43,2039
2026-06-17 03:12:00,4339.43,4339.43,4337.5,4337.62,2033
2026-06-17 03:15:00,4337.67,4341.39,4337.67,4340.62,2050
2026-06-17 03:18:00,4340.55,4341.74,4337.79,4338.46,2106
2026-06-17 03:21:00,4338.47,4339.83,4337.66,4338.08,2013
2026-06-17 03:24:00,4338.07,4339.13,4337.62,4338.28,1999
2026-06-17 03:27:00,4338.29,4338.58,4336.62,4337.35,1912
2026-06-17 03:30:00,4337.35,4338.68,4336.4,4337.22,1950
2026-06-17 03:33:00,4337.2,4338.92,4336.63,4338.52,1852
2026-06-17 03:36:00,4338.53,4338.57,4336.09,4336.23,1862
2026-06-17 03:39:00,4336.23,4336.27,4334.75,4335.42,1850
2026-06-17 03:42:00,4335.42,4336.75,4335.24,4335.34,1861
2026-06-17 03:45:00,4335.35,4335.52,4332.23,4334.82,1941
2026-06-17 03:48:00,4334.82,4335.02,4332.95,4333.2,1887
2026-06-17 03:51:00,4333.18,4337.82,4333.03,4337.33,2004
2026-06-17 03:54:00,4337.44,4337.85,4334.98,4336.65,1951
2026-06-17 03:57:00,4336.66,4337.32,4335.89,4337.09,1896
2026-06-17 04:00:00,4337.11,4342.51,4334.39,4341.41,2559
2026-06-17 04:03:00,4341.44,4345.77,4340.69,4345.43,2384
2026-06-17 04:06:00,4345.33,4349.61,4344.73,4348.22,2335
2026-06-17 04:09:00,4348.2,4349.63,4346.63,4348.72,2200
2026-06-17 04:12:00,4348.73,4349.05,4346.32,4347.66,2040
2026-06-17 04:15:00,4347.64,4347.87,4343.77,4344.62,2111
2026-06-17 04:18:00,4344.64,4344.79,4339.21,4341.12,2130
2026-06-17 04:21:00,4341.1,4342.72,4340.14,4342.45,2059
2026-06-17 04:24:00,4342.44,4342.74,4339.69,4340.79,2023
2026-06-17 04:27:00,4340.8,4343.56,4340.5,4343.38,2011
2026-06-17 04:30:00,4343.4,4344.16,4338.44,4338.64,2082
2026-06-17 04:33:00,4338.64,4340.62,4338.23,4340.15,2000
2026-06-17 04:36:00,4340.13,4341.18,4338.75,4339.97,2035
2026-06-17 04:39:00,4340.0,4341.58,4339.2,4339.9,1987
2026-06-17 04:42:00,4339.91,4341.74,4337.93,4339.58,2033
2026-06-17 04:45:00,4339.59,4340.58,4336.89,4339.29,2063
2026-06-17 04:48:00,4339.31,4340.62,4337.07,4339.93,2032
2026-06-17 04:51:00,4339.92,4340.84,4338.25,4339.0,2018
2026-06-17 04:54:00,4339.03,4343.64,4338.93,4342.36,2023
2026-06-17 04:57:00,4342.34,4342.79,4340.37,4340.93,2010
2026-06-17 05:00:00,4340.94,4342.7,4340.19,4342.1,2005
2026-06-17 05:03:00,4342.11,4342.68,4340.18,4341.86,1923
2026-06-17 05:06:00,4341.82,4342.57,4339.92,4341.57,1960
2026-06-17 05:09:00,4341.55,4343.34,4340.61,4342.86,1959
2026-06-17 05:12:00,4342.87,4344.23,4342.17,4342.17,2005
2026-06-17 05:15:00,4342.15,4344.54,4341.25,4342.79,1910
2026-06-17 05:18:00,4342.77,4343.02,4341.7,4342.68,1815
2026-06-17 05:21:00,4342.7,4344.03,4339.9,4340.86,1889
2026-06-17 05:24:00,4340.89,4341.46,4339.76,4339.91,1860
2026-06-17 05:27:00,4339.93,4341.12,4339.66,4340.63,1855
2026-06-17 05:30:00,4340.63,4342.87,4340.16,4342.49,2033
2026-06-17 05:33:00,4342.48,4343.79,4339.88,4340.39,2024
2026-06-17 05:36:00,4340.35,4341.01,4337.66,4339.08,2059
2026-06-17 05:39:00,4339.1,4341.07,4338.75,4340.41,1878
2026-06-17 05:42:00,4340.38,4340.9,4338.6,4338.8,1980
2026-06-17 05:45:00,4338.81,4338.91,4332.76,4332.97,2141
2026-06-17 05:48:00,4332.97,4335.94,4331.74,4335.15,2040
2026-06-17 05:51:00,4335.16,4336.04,4332.85,4333.71,2006
2026-06-17 05:54:00,4333.69,4333.71,4329.75,4332.96,2131
2026-06-17 05:57:00,4332.96,4333.79,4331.12,4331.61,1946
2026-06-17 06:00:00,4331.62,4334.06,4330.81,4331.92,2006
2026-06-17 06:03:00,4331.94,4333.0,4330.66,4332.41,1975
2026-06-17 06:06:00,4332.38,4334.08,4332.38,4333.01,1910
2026-06-17 06:09:00,4333.02,4333.15,4330.79,4332.26,1895
2026-06-17 06:12:00,4332.26,4332.58,4329.4,4330.51,1918
2026-06-17 06:15:00,4330.51,4331.53,4328.87,4330.41,2023
2026-06-17 06:18:00,4330.4,4331.95,4328.65,4331.01,1944
2026-06-17 06:21:00,4331.0,4332.02,4329.47,4329.88,1982
2026-06-17 06:24:00,4329.86,4331.97,4329.15,4330.99,2007
2026-06-17 06:27:00,4330.98,4332.4,4330.76,4331.62,1933
2026-06-17 06:30:00,4331.63,4332.79,4331.34,4332.32,1901
2026-06-17 06:33:00,4332.31,4332.89,4332.0,4332.27,1783
2026-06-17 06:36:00,4332.28,4333.16,4330.76,4330.98,1834
2026-06-17 06:39:00,4330.99,4331.96,4330.16,4331.93,1841
2026-06-17 06:42:00,4331.9,4333.51,4331.59,4333.23,1831
2026-06-17 06:45:00,4333.24,4333.6,4332.54,4332.87,1820
2026-06-17 06:48:00,4332.88,4333.23,4331.5,4332.12,1775
2026-06-17 06:51:00,4332.11,4333.76,4332.11,4333.42,1861
2026-06-17 06:54:00,4333.44,4333.45,4330.57,4331.48,1890
2026-06-17 06:57:00,4331.5,4332.42,4330.73,4332.26,1833
2026-06-17 07:00:00,4332.27,4332.32,4328.58,4330.15,1932
2026-06-17 07:03:00,4330.18,4331.13,4329.37,4329.39,1853
2026-06-17 07:06:00,4329.38,4331.37,4329.22,4331.13,1834
2026-06-17 07:09:00,4331.1,4332.18,4329.91,4331.95,1845
2026-06-17 07:12:00,4331.95,4332.15,4330.26,4330.79,1815
2026-06-17 07:15:00,4330.79,4332.61,4329.65,4331.97,1912
2026-06-17 07:18:00,4331.97,4334.12,4330.42,4331.93,1914
2026-06-17 07:21:00,4331.93,4332.02,4327.77,4328.4,1853
2026-06-17 07:24:00,4328.43,4329.76,4327.81,4329.21,1848
2026-06-17 07:27:00,4329.21,4329.41,4324.13,4324.56,1980
2026-06-17 07:30:00,4324.54,4325.66,4323.67,4325.48,1911
2026-06-17 07:33:00,4325.47,4325.47,4317.6,4321.15,1977
2026-06-17 07:36:00,4321.14,4325.27,4320.52,4324.96,1892
2026-06-17 07:39:00,4324.93,4325.11,4322.66,4322.91,1892
2026-06-17 07:42:00,4322.92,4323.95,4321.71,4323.1,1870
2026-06-17 07:45:00,4323.11,4324.0,4322.55,4323.64,1844
2026-06-17 07:48:00,4323.64,4323.74,4322.35,4322.41,1828
2026-06-17 07:51:00,4322.42,4325.43,4322.41,4325.24,1840
2026-06-17 07:54:00,4325.25,4325.61,4324.99,4325.0,1812
2026-06-17 07:57:00,4325.02,4326.75,4323.74,4326.74,1809
2026-06-17 08:00:00,4326.71,4327.82,4325.58,4327.6,1900
2026-06-17 08:03:00,4327.62,4327.64,4324.46,4324.59,1914
2026-06-17 08:06:00,4324.58,4327.13,4324.14,4326.53,1836
2026-06-17 08:09:00,4326.52,4326.57,4323.35,4323.44,1842
2026-06-17 08:12:00,4323.45,4323.78,4321.37,4322.52,1912
2026-06-17 08:15:00,4322.53,4324.71,4321.17,4324.38,1938
2026-06-17 08:18:00,4324.39,4327.62,4324.27,4326.45,1919
2026-06-17 08:21:00,4326.46,4326.55,4324.91,4325.11,1861
2026-06-17 08:24:00,4325.13,4326.49,4324.39,4326.49,1868
2026-06-17 08:27:00,4326.49,4327.53,4325.02,4327.26,1931
2026-06-17 08:30:00,4327.23,4333.18,4327.2,4328.66,2273
2026-06-17 08:33:00,4328.63,4330.26,4327.56,4328.82,1971
2026-06-17 08:36:00,4328.84,4329.56,4327.4,4329.15,2048
2026-06-17 08:39:00,4329.16,4329.16,4327.24,4328.9,1926
2026-06-17 08:42:00,4328.89,4330.11,4326.83,4329.71,1981
2026-06-17 08:45:00,4329.73,4332.3,4329.14,4331.99,1994
2026-06-17 08:48:00,4332.0,4334.22,4331.36,4331.89,2008
2026-06-17 08:51:00,4331.9,4332.84,4330.46,4331.9,1995
2026-06-17 08:54:00,4331.89,4332.07,4324.43,4325.3,2002
2026-06-17 08:57:00,4325.28,4327.07,4324.88,4326.47,2012
2026-06-17 09:00:00,4326.5,4327.9,4324.42,4326.21,2147
2026-06-17 09:03:00,4326.22,4329.14,4325.25,4328.66,2070
2026-06-17 09:06:00,4328.68,4330.09,4327.7,4328.94,2058
2026-06-17 09:09:00,4328.91,4329.55,4326.74,4327.97,2038
2026-06-17 09:12:00,4327.96,4329.87,4327.29,4329.47,1986
2026-06-17 09:15:00,4329.5,4329.5,4324.47,4324.98,2054
2026-06-17 09:18:00,4324.98,4325.63,4323.23,4325.11,2047
2026-06-17 09:21:00,4325.14,4325.21,4320.45,4322.79,2175
2026-06-17 09:24:00,4322.79,4325.33,4322.56,4325.15,2257
2026-06-17 09:27:00,4325.42,4327.26,4324.4,4324.45,2361
2026-06-17 09:30:00,4324.44,4325.75,4322.52,4323.09,2041
2026-06-17 09:33:00,4323.11,4326.76,4323.08,4325.53,2054
2026-06-17 09:36:00,4325.56,4326.58,4324.96,4325.38,2091
2026-06-17 09:39:00,4325.38,4327.62,4323.83,4326.78,2027
2026-06-17 09:42:00,4326.77,4329.14,4326.47,4327.73,1941
2026-06-17 09:45:00,4327.74,4328.26,4326.7,4328.22,2137
2026-06-17 09:48:00,4328.24,4329.59,4328.07,4328.18,1917
2026-06-17 09:51:00,4328.19,4330.3,4327.83,4329.78,1907
2026-06-17 09:54:00,4329.78,4331.21,4328.57,4329.94,1908
2026-06-17 09:57:00,4329.94,4331.82,4329.5,4331.71,1955
2026-06-17 10:00:00,4331.73,4332.53,4330.14,4332.23,2010
2026-06-17 10:03:00,4332.24,4332.88,4328.92,4330.46,2058
2026-06-17 10:06:00,4330.44,4332.52,4329.21,4330.37,2120
2026-06-17 10:09:00,4330.39,4332.13,4329.67,4331.41,1938
2026-06-17 10:12:00,4331.41,4331.61,4327.01,4327.26,2048
2026-06-17 10:15:00,4327.27,4332.75,4327.23,4331.84,2079
2026-06-17 10:18:00,4331.84,4331.86,4326.65,4328.3,2059
2026-06-17 10:21:00,4328.33,4330.13,4327.9,4328.88,2306
2026-06-17 10:24:00,4328.87,4329.14,4327.41,4327.92,1976
2026-06-17 10:27:00,4327.89,4329.12,4327.09,4329.11,1983
2026-06-17 10:30:00,4329.11,4330.12,4327.63,4328.36,2155
2026-06-17 10:33:00,4328.38,4328.38,4325.43,4326.94,2194
2026-06-17 10:36:00,4326.93,4328.92,4325.5,4328.89,2484
2026-06-17 10:39:00,4328.9,4331.76,4328.9,4329.17,2341
2026-06-17 10:42:00,4329.18,4330.29,4328.6,4328.9,1891
2026-06-17 10:45:00,4328.89,4329.5,4328.55,4329.19,2017
2026-06-17 10:48:00,4329.16,4329.27,4326.3,4327.76,1942
2026-06-17 10:51:00,4327.74,4328.67,4326.66,4327.75,1963
2026-06-17 10:54:00,4327.77,4328.29,4325.18,4327.34,1952
2026-06-17 10:57:00,4327.35,4327.35,4324.69,4325.22,1906
2026-06-17 11:00:00,4325.19,4326.87,4323.9,4326.81,2058
2026-06-17 11:03:00,4326.78,4327.14,4325.55,4326.7,2249
2026-06-17 11:06:00,4326.7,4327.87,4325.28,4327.78,2107
2026-06-17 11:09:00,4327.81,4327.83,4324.06,4326.14,2095
2026-06-17 11:12:00,4326.16,4326.17,4322.18,4322.87,2101
2026-06-17 11:15:00,4322.86,4323.63,4319.75,4322.1,2144
2026-06-17 11:18:00,4322.1,4324.03,4321.64,4323.08,2138
2026-06-17 11:21:00,4323.1,4323.34,4320.88,4322.6,2043
2026-06-17 11:24:00,4322.61,4324.3,4322.21,4323.5,1998
2026-06-17 11:27:00,4323.53,4324.88,4323.02,4323.62,2113
2026-06-17 11:30:00,4323.63,4324.24,4319.96,4321.72,2092
2026-06-17 11:33:00,4321.73,4324.38,4321.44,4323.4,2492
2026-06-17 11:36:00,4323.39,4323.45,4321.62,4322.41,2200
2026-06-17 11:39:00,4322.38,4322.42,4319.82,4320.08,2034
2026-06-17 11:42:00,4320.07,4321.84,4319.03,4320.07,1986
2026-06-17 11:45:00,4320.07,4320.18,4317.31,4319.27,2039
2026-06-17 11:48:00,4319.27,4321.63,4318.2,4321.33,1976
2026-06-17 11:51:00,4321.32,4323.91,4321.16,4323.08,1954
2026-06-17 11:54:00,4323.1,4324.97,4322.97,4324.28,2362
2026-06-17 11:57:00,4324.27,4325.52,4324.16,4324.8,2114
2026-06-17 12:00:00,4324.82,4324.98,4322.53,4322.69,1979
2026-06-17 12:03:00,4322.7,4324.56,4321.32,4323.44,1944
2026-06-17 12:06:00,4323.46,4324.24,4322.41,4322.59,2052
2026-06-17 12:09:00,4322.59,4323.88,4321.48,4323.41,1963
2026-06-17 12:12:00,4323.42,4325.9,4323.18,4325.32,1979
2026-06-17 12:15:00,4325.3,4326.78,4325.27,4326.75,1986
2026-06-17 12:18:00,4326.74,4327.7,4325.81,4326.14,2020
2026-06-17 12:21:00,4326.12,4327.57,4325.94,4327.31,2333
2026-06-17 12:24:00,4327.32,4333.24,4326.76,4331.54,2064
2026-06-17 12:27:00,4331.52,4332.03,4330.13,4331.94,2063
2026-06-17 12:30:00,4331.94,4335.67,4328.3,4329.67,2115
2026-06-17 12:33:00,4329.68,4331.21,4328.82,4329.84,1923
2026-06-17 12:36:00,4329.85,4330.31,4328.92,4328.96,2012
2026-06-17 12:39:00,4328.98,4329.5,4328.3,4329.33,1914
2026-06-17 12:42:00,4329.32,4330.87,4328.53,4328.54,1888
2026-06-17 12:45:00,4328.56,4329.07,4327.5,4327.51,1888
2026-06-17 12:48:00,4327.53,4327.69,4326.66,4326.98,1849
2026-06-17 12:51:00,4326.97,4328.05,4325.66,4326.64,1930
2026-06-17 12:54:00,4326.66,4328.21,4326.31,4328.07,1878
2026-06-17 12:57:00,4328.04,4329.72,4328.04,4329.53,1891
2026-06-17 13:00:00,4329.55,4330.13,4328.13,4328.17,1898
2026-06-17 13:03:00,4328.19,4329.18,4327.84,4327.91,1899
2026-06-17 13:06:00,4327.88,4330.23,4327.86,4329.66,1932
2026-06-17 13:09:00,4329.64,4330.48,4328.23,4328.27,1912
2026-06-17 13:12:00,4328.25,4331.09,4327.72,4330.87,1935
2026-06-17 13:15:00,4330.87,4330.99,4328.66,4328.67,2000
2026-06-17 13:18:00,4328.66,4329.26,4327.16,4328.47,1875
2026-06-17 13:21:00,4328.46,4328.72,4327.65,4328.44,1885
2026-06-17 13:24:00,4328.47,4328.81,4326.73,4327.61,1909
2026-06-17 13:27:00,4327.61,4329.31,4327.54,4329.05,2354
2026-06-17 13:30:00,4329.06,4330.54,4328.87,4329.62,1912
2026-06-17 13:33:00,4329.64,4330.2,4327.24,4328.0,2138
2026-06-17 13:36:00,4327.97,4330.6,4327.97,4329.18,2209
2026-06-17 13:39:00,4329.2,4330.08,4328.78,4328.89,2061
2026-06-17 13:42:00,4328.87,4331.28,4328.23,4330.98,1895
2026-06-17 13:45:00,4330.97,4334.23,4330.87,4333.87,1947
2026-06-17 13:48:00,4333.86,4334.74,4332.04,4334.67,1929
2026-06-17 13:51:00,4334.64,4335.2,4331.71,4331.97,2211
2026-06-17 13:54:00,4331.97,4333.16,4330.81,4332.85,2223
2026-06-17 13:57:00,4332.84,4333.04,4330.98,4331.47,2023
2026-06-17 14:00:00,4331.45,4332.01,4330.36,4330.44,2083
2026-06-17 14:03:00,4330.42,4330.42,4327.87,4329.33,2045
2026-06-17 14:06:00,4329.33,4330.87,4328.6,4329.56,1959
2026-06-17 14:09:00,4329.58,4329.84,4327.92,4329.66,1949
2026-06-17 14:12:00,4329.64,4329.99,4327.81,4329.13,1953
2026-06-17 14:15:00,4329.14,4331.79,4328.47,4330.46,2007
2026-06-17 14:18:00,4330.47,4330.65,4329.25,4329.56,2135
2026-06-17 14:21:00,4329.55,4330.44,4329.53,4329.77,1983
2026-06-17 14:24:00,4329.77,4330.09,4328.26,4329.71,2085
2026-06-17 14:27:00,4329.7,4329.77,4328.05,4328.81,1900
2026-06-17 14:30:00,4328.81,4328.99,4326.02,4327.02,1993
2026-06-17 14:33:00,4327.03,4328.49,4324.98,4326.46,1961
2026-06-17 14:36:00,4326.47,4326.47,4325.45,4325.68,1909
2026-06-17 14:39:00,4325.67,4327.25,4325.16,4325.47,1899
2026-06-17 14:42:00,4325.43,4325.98,4324.36,4325.96,1883
2026-06-17 14:45:00,4325.93,4327.25,4324.21,4324.98,1944
2026-06-17 14:48:00,4324.99,4325.55,4323.8,4324.94,1964
2026-06-17 14:51:00,4324.94,4326.06,4323.8,4325.31,1899
2026-06-17 14:54:00,4325.31,4326.41,4320.97,4322.03,2308
2026-06-17 14:57:00,4322.04,4323.52,4320.98,4323.18,2073
2026-06-17 15:00:00,4323.16,4324.87,4322.27,4322.55,2039
2026-06-17 15:03:00,4322.53,4323.76,4321.46,4323.34,1971
2026-06-17 15:06:00,4323.27,4324.67,4320.27,4321.04,2089
2026-06-17 15:09:00,4320.99,4324.93,4320.91,4323.62,2007
2026-06-17 15:12:00,4323.63,4323.85,4319.88,4323.5,2068
2026-06-17 15:15:00,4323.49,4324.0,4321.79,4322.11,1918
2026-06-17 15:18:00,4322.12,4326.03,4321.89,4324.52,1942
2026-06-17 15:21:00,4324.53,4326.07,4322.95,4325.98,2024
2026-06-17 15:24:00,4325.98,4327.73,4324.87,4325.71,2020
2026-06-17 15:27:00,4325.71,4327.16,4324.08,4324.8,1942
2026-06-17 15:30:00,4324.71,4329.5,4323.37,4327.33,2197
2026-06-17 15:33:00,4327.36,4330.61,4327.34,4328.5,1994
2026-06-17 15:36:00,4328.49,4332.21,4328.22,4331.53,1978
2026-06-17 15:39:00,4331.55,4331.72,4329.74,4330.27,1922
2026-06-17 15:42:00,4330.23,4332.05,4329.69,4331.71,2009
2026-06-17 15:45:00,4331.7,4334.88,4331.18,4334.74,2045
2026-06-17 15:48:00,4334.8,4334.84,4333.15,4334.56,1979
2026-06-17 15:51:00,4334.58,4335.54,4332.38,4332.39,1951
2026-06-17 15:54:00,4332.39,4333.95,4332.27,4333.23,1883
2026-06-17 15:57:00,4333.21,4335.3,4332.66,4333.66,1992
2026-06-17 16:00:00,4333.66,4334.39,4328.94,4330.57,2241
2026-06-17 16:03:00,4330.57,4330.79,4327.12,4327.15,2112
2026-06-17 16:06:00,4327.15,4328.47,4324.12,4326.22,2195
2026-06-17 16:09:00,4326.23,4331.26,4326.22,4331.26,2109
2026-06-17 16:12:00,4331.26,4334.07,4330.31,4331.89,2171
2026-06-17 16:15:00,4331.9,4333.12,4331.0,4332.99,1960
2026-06-17 16:18:00,4332.99,4333.73,4331.24,4332.02,2061
2026-06-17 16:21:00,4332.05,4338.47,4331.97,4336.11,2212
2026-06-17 16:24:00,4336.09,4337.03,4335.09,4335.91,2132
2026-06-17 16:27:00,4335.92,4336.69,4333.82,4335.47,2131
2026-06-17 16:30:00,4335.5,4336.77,4332.63,4335.67,2377
2026-06-17 16:33:00,4335.66,4337.49,4334.05,4335.84,2445
2026-06-17 16:36:00,4335.84,4340.76,4335.48,4336.62,2474
2026-06-17 16:39:00,4336.61,4341.02,4336.61,4340.18,2418
2026-06-17 16:42:00,4340.19,4341.93,4337.43,4341.79,2306
2026-06-17 16:45:00,4341.82,4344.25,4340.4,4341.82,2365
2026-06-17 16:48:00,4341.83,4344.39,4341.28,4343.06,2407
2026-06-17 16:51:00,4343.04,4345.23,4341.27,4342.18,2366
2026-06-17 16:54:00,4342.19,4342.67,4339.58,4341.22,2291
2026-06-17 16:57:00,4341.23,4342.18,4339.37,4339.97,2203
2026-06-17 17:00:00,4339.98,4340.84,4335.72,4336.54,2510
2026-06-17 17:03:00,4336.52,4341.45,4336.21,4340.2,1715
2026-06-17 17:06:00,4340.25,4346.13,4340.02,4343.27,2373
2026-06-17 17:09:00,4343.25,4344.44,4341.28,4341.72,2322
2026-06-17 17:12:00,4341.74,4344.45,4340.11,4342.39,2344
2026-06-17 17:15:00,4342.38,4343.54,4341.16,4341.78,2343
2026-06-17 17:18:00,4341.76,4343.2,4341.11,4342.98,2286
2026-06-17 17:21:00,4343.01,4354.01,4342.89,4353.74,2345
2026-06-17 17:24:00,4353.76,4362.24,4353.62,4357.89,2938
2026-06-17 17:27:00,4357.91,4360.76,4355.78,4360.38,2659
2026-06-17 17:30:00,4360.34,4364.02,4358.07,4362.45,2560
2026-06-17 17:33:00,4362.48,4362.52,4358.88,4359.04,2482
2026-06-17 17:36:00,4359.05,4359.1,4350.58,4351.65,2431
2026-06-17 17:39:00,4351.67,4353.49,4347.4,4348.59,2393
2026-06-17 17:42:00,4348.57,4353.46,4348.42,4352.01,2295
2026-06-17 17:45:00,4352.01,4355.4,4331.02,4336.62,2610
2026-06-17 17:48:00,4336.63,4347.12,4336.58,4346.26,3127
2026-06-17 17:51:00,4346.26,4352.1,4345.37,4346.42,2648
2026-06-17 17:54:00,4346.41,4348.4,4345.74,4345.74,2374
2026-06-17 17:57:00,4345.76,4346.4,4343.46,4344.55,2563
2026-06-17 18:00:00,4344.54,4347.64,4344.0,4344.8,2441
2026-06-17 18:03:00,4344.79,4348.4,4344.79,4345.5,2372
2026-06-17 18:06:00,4345.5,4348.39,4345.27,4347.03,2339
2026-06-17 18:09:00,4347.01,4347.01,4343.9,4346.36,2235
2026-06-17 18:12:00,4346.34,4348.45,4345.69,4348.14,2211
2026-06-17 18:15:00,4348.16,4353.56,4346.99,4351.43,2444
2026-06-17 18:18:00,4351.44,4356.51,4351.37,4355.45,2426
2026-06-17 18:21:00,4355.44,4358.93,4355.03,4358.32,2219
2026-06-17 18:24:00,4358.32,4360.06,4355.81,4356.48,2301
2026-06-17 18:27:00,4356.5,4358.47,4354.59,4355.42,2093
2026-06-17 18:30:00,4355.48,4358.48,4354.67,4358.45,2204
2026-06-17 18:33:00,4358.46,4361.19,4357.77,4358.66,2251
2026-06-17 18:36:00,4358.66,4359.22,4356.4,4358.39,1999
2026-06-17 18:39:00,4358.4,4359.92,4356.65,4357.24,2022
2026-06-17 18:42:00,4357.26,4358.68,4356.07,4358.29,1948
2026-06-17 18:45:00,4358.29,4360.18,4358.01,4359.68,2023
2026-06-17 18:48:00,4359.66,4360.5,4358.28,4359.15,2034
2026-06-17 18:51:00,4359.14,4359.87,4357.43,4358.34,1993
2026-06-17 18:54:00,4358.33,4362.86,4358.03,4362.83,2023
2026-06-17 18:57:00,4362.84,4364.85,4361.96,4363.56,2050
2026-06-17 19:00:00,4363.57,4365.75,4362.93,4363.89,2142
2026-06-17 19:03:00,4363.91,4364.65,4361.85,4363.39,2044
2026-06-17 19:06:00,4363.38,4364.18,4362.62,4363.69,1961
2026-06-17 19:09:00,4363.67,4364.35,4361.31,4361.39,2001
2026-06-17 19:12:00,4361.39,4362.81,4360.67,4362.26,1969
2026-06-17 19:15:00,4362.28,4363.22,4360.67,4361.51,1993
2026-06-17 19:18:00,4361.53,4365.78,4361.51,4365.15,1969
2026-06-17 19:21:00,4365.16,4366.47,4363.46,4365.98,1946
2026-06-17 19:24:00,4365.97,4366.49,4364.35,4364.6,1893
2026-06-17 19:27:00,4364.6,4365.69,4363.77,4365.3,1918
2026-06-17 19:30:00,4365.26,4365.27,4363.24,4363.36,1926
2026-06-17 19:33:00,4363.36,4363.42,4361.24,4361.41,1965
2026-06-17 19:36:00,4361.38,4361.72,4359.5,4359.81,1993
2026-06-17 19:39:00,4359.82,4360.63,4356.96,4356.96,1998
2026-06-17 19:42:00,4356.97,4358.21,4355.14,4357.62,2039
2026-06-17 19:45:00,4357.65,4358.48,4356.11,4358.15,1939
2026-06-17 19:48:00,4358.14,4358.36,4356.44,4356.98,1930
2026-06-17 19:51:00,4356.96,4358.54,4356.18,4357.86,1901
2026-06-17 19:54:00,4357.86,4358.75,4356.78,4357.25,1918
2026-06-17 19:57:00,4357.27,4359.71,4357.25,4359.51,1846
2026-06-17 20:00:00,4359.48,4359.59,4355.38,4356.68,2083
2026-06-17 20:03:00,4356.69,4359.01,4355.47,4358.98,2082
2026-06-17 20:06:00,4358.97,4359.65,4355.7,4359.38,2074
2026-06-17 20:09:00,4359.38,4361.12,4357.52,4358.04,2030
2026-06-17 20:12:00,4358.02,4359.74,4357.6,4359.0,1957
2026-06-17 20:15:00,4359.01,4359.31,4357.95,4358.79,2004
2026-06-17 20:18:00,4358.79,4363.24,4358.59,4363.24,2034
2026-06-17 20:21:00,4363.27,4363.38,4361.35,4362.02,2016
2026-06-17 20:24:00,4362.01,4364.04,4361.08,4363.73,2126
2026-06-17 20:27:00,4363.72,4363.76,4360.47,4361.34,2211
2026-06-17 20:30:00,4361.32,4363.82,4360.84,4363.64,2083
2026-06-17 20:33:00,4363.66,4382.4,4363.63,4372.15,2694
2026-06-17 20:36:00,4372.2,4374.41,4370.51,4374.36,2100
2026-06-17 20:39:00,4374.36,4381.93,4373.56,4378.46,2375
2026-06-17 20:42:00,4378.43,4381.48,4375.73,4376.46,2217
2026-06-17 20:45:00,4376.48,4378.8,4374.56,4374.78,2194
2026-06-17 20:48:00,4374.78,4376.89,4374.23,4376.4,2034
2026-06-17 20:51:00,4376.39,4382.47,4375.4,4381.88,2148
2026-06-17 20:54:00,4381.87,4382.2,4377.02,4380.93,2187
2026-06-17 20:57:00,4380.92,4381.54,4377.91,4379.97,1911
2026-06-17 21:00:00,4379.9,4379.9,4332.62,4332.64,4348
2026-06-17 21:03:00,4332.62,4335.39,4301.56,4303.59,4647
2026-06-17 21:06:00,4303.69,4312.48,4287.69,4288.41,4308
2026-06-17 21:09:00,4288.32,4298.6,4285.9,4286.49,4055
2026-06-17 21:12:00,4286.34,4292.88,4277.11,4284.15,3794
2026-06-17 21:15:00,4284.17,4304.2,4283.15,4300.94,3833
2026-06-17 21:18:00,4300.96,4308.36,4298.51,4299.8,3544
2026-06-17 21:21:00,4299.82,4307.05,4298.53,4299.99,3345
2026-06-17 21:24:00,4300.03,4300.06,4285.04,4290.23,3697
2026-06-17 21:27:00,4290.18,4293.26,4284.97,4292.64,3641
2026-06-17 21:30:00,4292.65,4313.62,4285.36,4298.24,3654
2026-06-17 21:33:00,4298.19,4298.94,4269.85,4280.08,4460
2026-06-17 21:36:00,4279.62,4305.57,4278.68,4302.03,4332
2026-06-17 21:39:00,4302.01,4312.93,4296.38,4307.98,3997
2026-06-17 21:42:00,4308.0,4326.92,4304.78,4323.66,3943
2026-06-17 21:45:00,4323.73,4332.37,4314.56,4328.16,4015
2026-06-17 21:48:00,4328.16,4328.16,4315.59,4316.31,3793
2026-06-17 21:51:00,4316.25,4324.46,4311.74,4314.27,3785
2026-06-17 21:54:00,4314.26,4315.83,4293.83,4295.3,4063
2026-06-17 21:57:00,4295.32,4296.47,4278.63,4285.94,4222
2026-06-17 22:00:00,4286.0,4295.17,4277.38,4277.38,4309
2026-06-17 22:03:00,4277.37,4282.42,4270.36,4273.31,4450
2026-06-17 22:06:00,4273.23,4279.1,4264.06,4275.18,4114
2026-06-17 22:09:00,4275.16,4277.17,4260.61,4262.59,4173
2026-06-17 22:12:00,4262.52,4274.76,4261.38,4264.68,4436
2026-06-17 22:15:00,4264.69,4265.28,4242.11,4243.38,4040
2026-06-17 22:18:00,4243.38,4248.04,4239.8,4242.82,3335
2026-06-17 22:21:00,4242.79,4246.13,4236.99,4242.96,3431
2026-06-17 22:24:00,4243.04,4245.04,4235.45,4241.23,3554
2026-06-17 22:27:00,4241.21,4242.5,4226.51,4227.14,3354
2026-06-17 22:30:00,4227.09,4232.55,4220.74,4228.25,3765
2026-06-17 22:33:00,4228.29,4235.65,4224.37,4227.65,3694
2026-06-17 22:36:00,4227.68,4231.43,4218.97,4219.94,3401
2026-06-17 22:39:00,4219.89,4232.18,4218.98,4230.65,3790
2026-06-17 22:42:00,4230.67,4235.6,4225.66,4229.75,3758
2026-06-17 22:45:00,4230.39,4242.94,4229.73,4241.93,4044
2026-06-17 22:48:00,4241.95,4243.38,4234.66,4239.54,3431
2026-06-17 22:51:00,4239.46,4246.86,4238.49,4238.5,3555
2026-06-17 22:54:00,4238.51,4243.67,4236.53,4240.64,3453
2026-06-17 22:57:00,4240.62,4241.27,4235.2,4235.48,3437
2026-06-17 23:00:00,4235.83,4245.95,4235.01,4244.72,2742
2026-06-17 23:03:00,4244.73,4248.2,4239.42,4247.75,2413
2026-06-17 23:06:00,4247.73,4252.66,4245.46,4251.47,2533
2026-06-17 23:09:00,4251.46,4257.28,4251.46,4254.26,2407
2026-06-17 23:12:00,4254.29,4260.2,4253.82,4257.51,2339
2026-06-17 23:15:00,4257.58,4260.74,4254.08,4258.58,2338
2026-06-17 23:18:00,4258.54,4269.71,4258.03,4268.15,2463
2026-06-17 23:21:00,4268.06,4269.14,4258.81,4258.9,2323
2026-06-17 23:24:00,4258.89,4263.3,4258.57,4262.08,2228
2026-06-17 23:27:00,4262.09,4262.29,4258.11,4258.18,2181
2026-06-17 23:30:00,4258.15,4263.0,4258.15,4261.68,2007
2026-06-17 23:33:00,4261.68,4263.07,4258.91,4259.44,2028
2026-06-17 23:36:00,4259.44,4265.07,4259.44,4264.99,2096
2026-06-17 23:39:00,4265.01,4265.44,4262.6,4263.6,1968
2026-06-17 23:42:00,4263.56,4264.22,4259.6,4260.03,1988
2026-06-17 23:45:00,4260.03,4262.35,4260.03,4260.74,1962
2026-06-17 23:48:00,4260.75,4261.03,4256.92,4256.92,1899
2026-06-17 23:51:00,4256.91,4259.17,4256.05,4258.85,1861
2026-06-17 23:54:00,4258.8,4258.8,4257.14,4257.9,1930
2026-06-17 23:57:00,4257.9,4258.44,4256.24,4257.81,1168
2026-06-18 01:00:00,4257.69,4259.19,4254.55,4256.85,4973
2026-06-18 01:03:00,4256.87,4261.19,4255.62,4260.47,5191
2026-06-18 01:06:00,4260.54,4266.53,4259.24,4265.59,2729
2026-06-18 01:09:00,4265.61,4268.4,4264.95,4265.57,2098
2026-06-18 01:12:00,4265.57,4268.05,4261.79,4265.68,2095
2026-06-18 01:15:00,4265.74,4268.53,4264.77,4268.17,2017
2026-06-18 01:18:00,4268.14,4270.62,4265.25,4270.48,2022
2026-06-18 01:21:00,4270.48,4271.43,4268.14,4269.54,1947
2026-06-18 01:24:00,4269.57,4270.05,4265.23,4268.14,2018
2026-06-18 01:27:00,4268.14,4269.01,4265.11,4267.02,1967
2026-06-18 01:30:00,4267.02,4268.88,4265.33,4267.08,2007
2026-06-18 01:33:00,4267.1,4267.92,4265.2,4266.02,1864
2026-06-18 01:36:00,4266.03,4266.44,4263.26,4265.53,1997
2026-06-18 01:39:00,4265.53,4267.39,4265.37,4266.19,1869
2026-06-18 01:42:00,4266.19,4266.68,4263.91,4263.96,1775
2026-06-18 01:45:00,4263.96,4265.21,4262.46,4262.62,1815
2026-06-18 01:48:00,4262.65,4267.35,4260.5,4266.5,1902
2026-06-18 01:51:00,4266.52,4267.13,4264.46,4266.44,1911
2026-06-18 01:54:00,4266.43,4270.86,4265.86,4268.69,1950
2026-06-18 01:57:00,4268.69,4268.77,4266.43,4266.81,1845
2026-06-18 02:00:00,4266.82,4267.13,4264.23,4264.62,1871
2026-06-18 02:03:00,4264.63,4266.71,4264.31,4265.96,1874
2026-06-18 02:06:00,4265.98,4271.3,4265.82,4271.3,1897
2026-06-18 02:09:00,4271.33,4277.56,4271.23,4277.19,2008
2026-06-18 02:12:00,4277.18,4282.36,4276.64,4281.85,1972
2026-06-18 02:15:00,4281.87,4282.96,4276.83,4278.36,2072
2026-06-18 02:18:00,4278.35,4280.49,4275.58,4280.48,1948
2026-06-18 02:21:00,4280.5,4283.53,4278.94,4281.44,2020
2026-06-18 02:24:00,4281.42,4282.96,4277.53,4282.76,1986
2026-06-18 02:27:00,4282.75,4283.85,4279.62,4280.09,1967
2026-06-18 02:30:00,4280.11,4282.77,4279.24,4280.16,2021
2026-06-18 02:33:00,4280.19,4281.39,4277.85,4279.49,2065
2026-06-18 02:36:00,4279.47,4279.49,4275.62,4276.36,1912
2026-06-18 02:39:00,4276.37,4276.43,4271.25,4271.87,1918
2026-06-18 02:42:00,4271.84,4276.28,4268.09,4276.13,2124
2026-06-18 02:45:00,4276.16,4279.49,4274.69,4276.15,2136
2026-06-18 02:48:00,4276.13,4276.15,4272.38,4272.58,1950
2026-06-18 02:51:00,4272.56,4276.9,4272.55,4274.89,2041
2026-06-18 02:54:00,4274.93,4275.98,4273.36,4273.91,1895
2026-06-18 02:57:00,4273.91,4278.28,4273.49,4277.98,1994
2026-06-18 03:00:00,4277.96,4288.39,4276.57,4288.0,2576
2026-06-18 03:03:00,4288.0,4293.87,4287.79,4292.74,2389
2026-06-18 03:06:00,4292.72,4298.48,4291.63,4293.81,2615
2026-06-18 03:09:00,4293.79,4295.98,4292.04,4295.6,2319
2026-06-18 03:12:00,4295.61,4299.23,4294.54,4297.43,2425
2026-06-18 03:15:00,4297.43,4300.14,4296.36,4298.91,2397
2026-06-18 03:18:00,4298.91,4300.34,4295.67,4298.84,2278
2026-06-18 03:21:00,4298.82,4301.37,4295.97,4298.38,2222
2026-06-18 03:24:00,4298.41,4298.67,4294.66,4295.8,2326
2026-06-18 03:27:00,4295.81,4301.16,4295.71,4300.61,2271
2026-06-18 03:30:00,4300.61,4308.44,4299.81,4307.77,2366
2026-06-18 03:33:00,4307.75,4309.66,4305.86,4309.04,2276
2026-06-18 03:36:00,4309.05,4309.06,4303.38,4303.82,2158
2026-06-18 03:39:00,4303.84,4307.37,4303.09,4305.54,2082
2026-06-18 03:42:00,4305.48,4311.61,4304.56,4310.95,2101
2026-06-18 03:45:00,4310.97,4311.19,4308.26,4310.07,2145
2026-06-18 03:48:00,4310.08,4314.02,4308.81,4313.17,2182
2026-06-18 03:51:00,4313.2,4315.05,4311.54,4313.91,2237
2026-06-18 03:54:00,4313.9,4315.27,4310.38,4312.28,2250
2026-06-18 03:57:00,4312.27,4313.53,4308.47,4308.47,2088
2026-06-18 04:00:00,4308.47,4325.62,4307.02,4323.62,3258
2026-06-18 04:03:00,4323.62,4328.16,4319.14,4323.4,2860
2026-06-18 04:06:00,4323.39,4324.94,4320.68,4324.86,2458
2026-06-18 04:09:00,4324.88,4328.55,4320.77,4326.26,2342
2026-06-18 04:12:00,4326.28,4326.94,4322.71,4323.12,2291
2026-06-18 04:15:00,4323.11,4323.63,4316.31,4316.89,2276
2026-06-18 04:18:00,4316.87,4319.84,4315.67,4319.64,2305
2026-06-18 04:21:00,4319.67,4323.45,4315.19,4317.11,2253
2026-06-18 04:24:00,4317.11,4321.77,4317.11,4318.99,2153
2026-06-18 04:27:00,4318.95,4320.4,4317.86,4319.09,2222
2026-06-18 04:30:00,4319.12,4321.55,4316.97,4318.26,2345
2026-06-18 04:33:00,4318.23,4320.51,4317.51,4318.9,2252
2026-06-18 04:36:00,4318.89,4322.04,4317.17,4320.45,2296
2026-06-18 04:39:00,4320.46,4321.43,4319.2,4319.4,2173
2026-06-18 04:42:00,4319.41,4325.15,4317.96,4322.54,2236
2026-06-18 04:45:00,4322.54,4326.1,4320.56,4322.85,2175
2026-06-18 04:48:00,4322.86,4323.48,4318.83,4318.86,2192
2026-06-18 04:51:00,4318.89,4320.34,4317.21,4319.12,2120
2026-06-18 04:54:00,4319.15,4320.4,4317.83,4318.53,2150
2026-06-18 04:57:00,4318.5,4319.83,4317.67,4317.86,2041
2026-06-18 05:00:00,4317.84,4320.25,4316.36,4319.26,2172
2026-06-18 05:03:00,4319.26,4322.59,4318.57,4320.62,2056
2026-06-18 05:06:00,4320.62,4321.81,4319.16,4321.81,2082
2026-06-18 05:09:00,4321.78,4326.47,4321.39,4326.35,2199
2026-06-18 05:12:00,4326.36,4329.98,4325.2,4327.1,2122
2026-06-18 05:15:00,4327.1,4329.65,4326.04,4328.32,2055
2026-06-18 05:18:00,4328.32,4328.73,4326.07,4326.81,1922
2026-06-18 05:21:00,4326.79,4327.21,4324.53,4325.16,1958
2026-06-18 05:24:00,4325.16,4326.03,4324.5,4324.52,1981
2026-06-18 05:27:00,4324.49,4325.49,4323.36,4324.43,1907
2026-06-18 05:30:00,4324.43,4325.44,4320.91,4322.9,2208
2026-06-18 05:33:00,4322.9,4325.02,4319.48,4319.65,2171
2026-06-18 05:36:00,4319.66,4320.67,4317.4,4319.91,2121
2026-06-18 05:39:00,4319.89,4323.2,4317.4,4317.41,2187
2026-06-18 05:42:00,4317.4,4318.14,4316.24,4316.52,2117
2026-06-18 05:45:00,4316.51,4318.87,4313.98,4314.45,2163
2026-06-18 05:48:00,4314.44,4315.59,4311.61,4312.47,2238
2026-06-18 05:51:00,4312.45,4315.79,4311.89,4314.63,2090
2026-06-18 05:54:00,4314.61,4315.61,4313.3,4314.31,2058
2026-06-18 05:57:00,4314.3,4314.3,4310.52,4310.94,2135
2026-06-18 06:00:00,4310.94,4311.83,4309.12,4311.13,2181
2026-06-18 06:03:00,4311.2,4313.61,4309.56,4312.64,2116
2026-06-18 06:06:00,4312.65,4316.39,4311.79,4312.84,2042
2026-06-18 06:09:00,4312.81,4313.81,4310.48,4310.95,1979
2026-06-18 06:12:00,4310.95,4311.8,4309.96,4311.72,1961
2026-06-18 06:15:00,4311.71,4314.03,4310.77,4313.46,2070
2026-06-18 06:18:00,4313.47,4315.43,4312.63,4315.39,1979
2026-06-18 06:21:00,4315.39,4316.75,4314.48,4315.71,2069
2026-06-18 06:24:00,4315.69,4316.88,4313.63,4315.12,2042
2026-06-18 06:27:00,4315.11,4315.91,4312.85,4314.71,2021
2026-06-18 06:30:00,4314.7,4319.16,4313.6,4318.85,2076
2026-06-18 06:33:00,4318.82,4320.69,4318.81,4320.27,1993
2026-06-18 06:36:00,4320.25,4322.34,4318.29,4322.17,2041
2026-06-18 06:39:00,4322.16,4322.7,4320.52,4321.37,1912
2026-06-18 06:42:00,4321.36,4321.46,4318.06,4318.99,1925
2026-06-18 06:45:00,4318.99,4320.89,4318.53,4319.09,1888
2026-06-18 06:48:00,4319.09,4319.8,4316.78,4317.62,1891
2026-06-18 06:51:00,4317.64,4319.51,4316.84,4318.42,1897
2026-06-18 06:54:00,4318.45,4320.28,4317.52,4320.16,1850
2026-06-18 06:57:00,4320.18,4320.43,4318.78,4319.7,1878
2026-06-18 07:00:00,4319.7,4323.92,4319.22,4322.47,1982
2026-06-18 07:03:00,4322.44,4322.5,4319.73,4319.85,1875
2026-06-18 07:06:00,4319.86,4320.69,4318.62,4318.63,1937
2026-06-18 07:09:00,4318.62,4318.66,4315.89,4316.25,1897
2026-06-18 07:12:00,4316.25,4318.42,4314.68,4317.38,1950
2026-06-18 07:15:00,4317.37,4319.06,4316.94,4317.33,1902
2026-06-18 07:18:00,4317.33,4317.76,4311.67,4312.13,1923
2026-06-18 07:21:00,4312.13,4314.69,4312.13,4314.51,1896
2026-06-18 07:24:00,4314.51,4315.33,4312.21,4313.87,1964
2026-06-18 07:27:00,4313.85,4314.97,4313.21,4313.71,1912
2026-06-18 07:30:00,4313.7,4315.53,4312.84,4315.29,1975
2026-06-18 07:33:00,4315.32,4317.71,4314.8,4317.65,1935
2026-06-18 07:36:00,4317.64,4318.31,4313.51,4314.26,1980
2026-06-18 07:39:00,4314.26,4314.27,4311.55,4312.83,1942
2026-06-18 07:42:00,4312.83,4313.78,4309.98,4310.0,1939
2026-06-18 07:45:00,4310.01,4312.73,4309.8,4312.68,2031
2026-06-18 07:48:00,4312.68,4315.27,4311.53,4314.58,2068
2026-06-18 07:51:00,4314.59,4316.31,4313.69,4315.97,1919
2026-06-18 07:54:00,4315.97,4317.25,4315.18,4316.99,1935
2026-06-18 07:57:00,4316.99,4317.18,4315.03,4316.05,1894
2026-06-18 08:00:00,4315.86,4315.95,4312.34,4315.85,1989
2026-06-18 08:03:00,4315.87,4317.2,4314.44,4314.46,1968
2026-06-18 08:06:00,4314.46,4318.14,4314.42,4317.99,2016
2026-06-18 08:09:00,4318.0,4318.31,4316.9,4317.55,1925
2026-06-18 08:12:00,4317.57,4317.95,4314.93,4316.01,1999
2026-06-18 08:15:00,4316.02,4317.65,4315.65,4316.63,1957
2026-06-18 08:18:00,4316.62,4322.65,4316.59,4320.99,1998
2026-06-18 08:21:00,4320.99,4321.71,4319.95,4320.69,1938
2026-06-18 08:24:00,4320.64,4321.28,4318.81,4320.91,1945
2026-06-18 08:27:00,4320.93,4323.25,4320.1,4323.17,1980
2026-06-18 08:30:00,4323.14,4324.77,4319.36,4322.47,2361
2026-06-18 08:33:00,4322.46,4324.49,4321.06,4323.45,2161
2026-06-18 08:36:00,4323.44,4323.65,4319.34,4319.39,2130
2026-06-18 08:39:00,4319.36,4320.32,4315.07,4317.62,2148
2026-06-18 08:42:00,4317.61,4318.26,4309.6,4310.52,2221
2026-06-18 08:45:00,4310.51,4311.67,4303.81,4305.02,2545
2026-06-18 08:48:00,4305.02,4306.66,4302.1,4303.13,2404
2026-06-18 08:51:00,4303.14,4307.07,4301.29,4306.69,2324
2026-06-18 08:54:00,4306.7,4310.1,4306.52,4308.78,2217
2026-06-18 08:57:00,4308.78,4309.15,4307.06,4308.15,2133
2026-06-18 09:00:00,4308.12,4309.89,4306.98,4307.41,2259
2026-06-18 09:03:00,4307.4,4308.98,4304.96,4306.13,2271
2026-06-18 09:06:00,4306.14,4306.17,4296.61,4299.54,2477
2026-06-18 09:09:00,4299.61,4301.34,4296.25,4299.95,2457
2026-06-18 09:12:00,4299.92,4300.49,4297.79,4298.93,2420
2026-06-18 09:15:00,4298.95,4299.86,4296.46,4298.87,2534
2026-06-18 09:18:00,4298.88,4302.23,4297.77,4300.83,2489
2026-06-18 09:21:00,4300.84,4305.37,4300.43,4304.68,2401
2026-06-18 09:24:00,4304.69,4305.15,4300.8,4300.91,2189
2026-06-18 09:27:00,4300.9,4305.15,4300.15,4305.05,2145
2026-06-18 09:30:00,4305.07,4305.41,4302.88,4303.64,2193
2026-06-18 09:33:00,4303.64,4304.81,4302.47,4303.23,2472
2026-06-18 09:36:00,4303.26,4303.44,4299.4,4300.7,2185
2026-06-18 09:39:00,4300.72,4301.59,4299.12,4301.42,2488
2026-06-18 09:42:00,4301.43,4302.47,4300.4,4301.5,2497
2026-06-18 09:45:00,4301.5,4307.6,4301.19,4305.76,2192
2026-06-18 09:48:00,4305.75,4306.88,4304.19,4305.27,2312
2026-06-18 09:51:00,4305.29,4305.48,4303.17,4304.7,2518
2026-06-18 09:54:00,4304.68,4306.12,4304.21,4304.61,2099
2026-06-18 09:57:00,4304.6,4307.1,4303.84,4306.52,2204
2026-06-18 10:00:00,4306.51,4307.62,4303.96,4304.55,2399
2026-06-18 10:03:00,4304.56,4305.78,4300.57,4300.74,2152
2026-06-18 10:06:00,4300.76,4304.67,4300.31,4303.87,2117
2026-06-18 10:09:00,4303.89,4308.26,4303.85,4307.99,2398
2026-06-18 10:12:00,4308.0,4309.15,4306.5,4307.16,2067
2026-06-18 10:15:00,4307.13,4309.44,4305.75,4306.74,2101
2026-06-18 10:18:00,4306.75,4308.22,4306.72,4307.45,2032
2026-06-18 10:21:00,4307.46,4309.1,4305.65,4309.1,2054
2026-06-18 10:24:00,4309.12,4309.14,4303.96,4306.04,1989
2026-06-18 10:27:00,4306.04,4307.88,4304.89,4307.76,2394
2026-06-18 10:30:00,4307.76,4307.76,4300.69,4300.79,2141
2026-06-18 10:33:00,4300.8,4301.23,4294.43,4294.84,2229
2026-06-18 10:36:00,4294.83,4296.8,4293.74,4296.12,2076
2026-06-18 10:39:00,4296.19,4296.75,4293.27,4296.75,2134
2026-06-18 10:42:00,4296.73,4298.06,4293.6,4297.7,2053
2026-06-18 10:45:00,4297.71,4298.74,4296.17,4296.8,2077
2026-06-18 10:48:00,4296.83,4297.35,4294.37,4296.19,2064
2026-06-18 10:51:00,4296.18,4296.34,4292.0,4292.21,2083
2026-06-18 10:54:00,4292.19,4293.55,4291.22,4292.92,2018
2026-06-18 10:57:00,4292.91,4292.93,4287.45,4288.67,2224
2026-06-18 11:00:00,4288.67,4292.05,4285.68,4291.86,2282
2026-06-18 11:03:00,4291.89,4292.58,4287.42,4291.91,2284
2026-06-18 11:06:00,4291.92,4292.91,4288.76,4290.58,2203
2026-06-18 11:09:00,4290.55,4292.3,4289.55,4289.91,2341
2026-06-18 11:12:00,4289.94,4290.06,4284.1,4287.02,2189
2026-06-18 11:15:00,4287.03,4289.99,4286.62,4289.42,2163
2026-06-18 11:18:00,4289.43,4289.45,4285.92,4289.05,2545
2026-06-18 11:21:00,4289.05,4289.05,4285.94,4288.39,2019
2026-06-18 11:24:00,4288.38,4288.48,4286.35,4287.14,1960
2026-06-18 11:27:00,4287.14,4287.18,4283.9,4284.9,2081
2026-06-18 11:30:00,4284.9,4289.91,4283.4,4288.92,2203
2026-06-18 11:33:00,4288.92,4288.95,4281.14,4283.3,2121
2026-06-18 11:36:00,4283.3,4288.18,4283.24,4287.47,2391
2026-06-18 11:39:00,4287.49,4287.69,4282.04,4284.56,2082
2026-06-18 11:42:00,4284.69,4286.1,4281.12,4281.56,2438
2026-06-18 11:45:00,4281.36,4281.72,4277.31,4279.74,2222
2026-06-18 11:48:00,4279.76,4281.1,4277.03,4277.45,2131
2026-06-18 11:51:00,4277.43,4277.7,4274.01,4275.34,2177
2026-06-18 11:54:00,4275.34,4277.78,4269.57,4269.59,2225
2026-06-18 11:57:00,4269.56,4270.81,4265.58,4266.69,2444
2026-06-18 12:00:00,4266.71,4267.79,4261.38,4266.46,2648
2026-06-18 12:03:00,4266.47,4269.37,4264.53,4268.59,2209
2026-06-18 12:06:00,4268.57,4268.77,4265.38,4266.72,2337
2026-06-18 12:09:00,4266.73,4269.13,4260.96,4261.4,2282
2026-06-18 12:12:00,4261.4,4267.74,4259.61,4267.71,2217
2026-06-18 12:15:00,4267.71,4271.15,4266.24,4271.12,2434
2026-06-18 12:18:00,4271.14,4273.22,4269.87,4271.88,2063
2026-06-18 12:21:00,4271.88,4272.41,4268.32,4268.77,2066
2026-06-18 12:24:00,4268.77,4269.86,4267.13,4268.94,2071
2026-06-18 12:27:00,4268.92,4269.26,4265.43,4266.3,2065
2026-06-18 12:30:00,4266.3,4268.19,4265.17,4267.3,2192
2026-06-18 12:33:00,4267.31,4268.32,4264.77,4265.98,2129
2026-06-18 12:36:00,4265.96,4269.01,4263.41,4268.71,2092
2026-06-18 12:39:00,4268.72,4268.72,4265.92,4267.67,2110
2026-06-18 12:42:00,4267.67,4268.57,4266.67,4268.52,1973
2026-06-18 12:45:00,4268.5,4269.99,4268.12,4268.13,1939
2026-06-18 12:48:00,4268.14,4271.17,4267.29,4270.94,1944
2026-06-18 12:51:00,4270.92,4273.31,4269.78,4272.69,2045
2026-06-18 12:54:00,4272.69,4273.22,4269.48,4269.66,2032
2026-06-18 12:57:00,4269.59,4270.65,4267.74,4268.66,2325
2026-06-18 13:00:00,4268.59,4269.98,4265.33,4266.18,2228
2026-06-18 13:03:00,4266.16,4269.5,4265.36,4268.09,2121
2026-06-18 13:06:00,4268.08,4268.35,4264.81,4264.83,2210
2026-06-18 13:09:00,4264.82,4265.5,4261.98,4262.87,2102
2026-06-18 13:12:00,4262.87,4268.82,4261.88,4268.06,2436
2026-06-18 13:15:00,4268.07,4270.18,4267.19,4268.65,2078
2026-06-18 13:18:00,4268.63,4272.74,4267.31,4270.52,2468
2026-06-18 13:21:00,4270.5,4270.83,4263.77,4266.79,2218
2026-06-18 13:24:00,4266.81,4267.26,4265.35,4265.75,2069
2026-06-18 13:27:00,4265.74,4269.69,4263.53,4269.45,2121
2026-06-18 13:30:00,4269.5,4270.85,4267.78,4268.13,2349
2026-06-18 13:33:00,4268.06,4268.06,4264.87,4265.0,2191
2026-06-18 13:36:00,4265.02,4266.67,4264.16,4265.64,1959
2026-06-18 13:39:00,4265.63,4267.51,4265.59,4266.33,1998
2026-06-18 13:42:00,4266.32,4266.44,4263.54,4264.21,2067
2026-06-18 13:45:00,4264.22,4266.51,4264.2,4265.01,1963
2026-06-18 13:48:00,4264.99,4265.26,4260.86,4262.75,2094
2026-06-18 13:51:00,4262.75,4263.0,4258.93,4260.43,2136
2026-06-18 13:54:00,4260.43,4261.69,4256.07,4257.03,2202
2026-06-18 13:57:00,4257.01,4258.31,4254.79,4255.58,2433
2026-06-18 14:00:00,4255.53,4255.76,4249.88,4251.37,2266
2026-06-18 14:03:00,4251.41,4253.85,4250.02,4251.28,2306
2026-06-18 14:06:00,4251.29,4252.86,4247.91,4250.73,2287
2026-06-18 14:09:00,4250.72,4251.38,4241.25,4243.2,2501
2026-06-18 14:12:00,4243.19,4247.72,4240.7,4247.41,2468
2026-06-18 14:15:00,4247.42,4249.55,4246.49,4246.79,2223
2026-06-18 14:18:00,4246.81,4247.55,4243.67,4244.17,2102
2026-06-18 14:21:00,4244.15,4248.72,4243.7,4247.17,2122
2026-06-18 14:24:00,4247.2,4248.66,4245.56,4248.51,2115
2026-06-18 14:27:00,4248.5,4249.77,4246.19,4249.14,2094
2026-06-18 14:30:00,4249.13,4249.14,4247.06,4247.69,2166
2026-06-18 14:33:00,4247.76,4250.23,4247.04,4249.15,2013
2026-06-18 14:36:00,4249.16,4249.65,4242.42,4243.57,2357
2026-06-18 14:39:00,4243.58,4245.44,4241.96,4244.06,2270
2026-06-18 14:42:00,4244.07,4245.57,4241.97,4243.46,2184
2026-06-18 14:45:00,4243.46,4245.5,4242.17,4242.31,2111
2026-06-18 14:48:00,4242.3,4243.47,4240.01,4241.24,2231
2026-06-18 14:51:00,4241.25,4245.99,4240.07,4244.13,2317
2026-06-18 14:54:00,4244.13,4244.24,4240.33,4241.67,2123
2026-06-18 14:57:00,4241.66,4243.07,4240.5,4242.06,2339
2026-06-18 15:00:00,4242.09,4244.8,4241.54,4243.0,2320
2026-06-18 15:03:00,4243.04,4245.26,4241.36,4242.07,2335
2026-06-18 15:06:00,4242.08,4244.4,4240.49,4242.41,2138
2026-06-18 15:09:00,4242.41,4251.5,4241.8,4249.99,2393
2026-06-18 15:12:00,4250.05,4258.11,4249.66,4256.29,2370
2026-06-18 15:15:00,4256.29,4259.48,4255.05,4257.65,2286
2026-06-18 15:18:00,4257.63,4264.22,4256.68,4262.41,2316
2026-06-18 15:21:00,4262.32,4269.18,4260.63,4264.54,2513
2026-06-18 15:24:00,4264.54,4265.63,4256.65,4257.54,2503
2026-06-18 15:27:00,4257.55,4258.07,4254.17,4255.33,2178
2026-06-18 15:30:00,4255.35,4258.55,4249.49,4257.52,3013
2026-06-18 15:33:00,4257.54,4257.9,4248.89,4250.98,2611
2026-06-18 15:36:00,4250.95,4252.28,4248.07,4249.16,2367
2026-06-18 15:39:00,4249.05,4249.32,4241.16,4247.44,2600
2026-06-18 15:42:00,4247.45,4251.63,4242.81,4243.23,2408
2026-06-18 15:45:00,4243.17,4247.7,4243.15,4244.68,2261
2026-06-18 15:48:00,4244.68,4246.09,4241.84,4242.96,2345
2026-06-18 15:51:00,4242.97,4245.71,4241.22,4242.15,2296
2026-06-18 15:54:00,4242.12,4245.6,4241.11,4242.52,2231
2026-06-18 15:57:00,4242.5,4248.04,4242.5,4246.64,2307
2026-06-18 16:00:00,4246.61,4249.42,4245.03,4246.02,2334
2026-06-18 16:03:00,4246.03,4249.25,4245.28,4249.1,2385
2026-06-18 16:06:00,4249.13,4251.89,4247.6,4251.43,2413
2026-06-18 16:09:00,4251.46,4256.79,4250.83,4256.7,2250
2026-06-18 16:12:00,4256.7,4259.37,4255.62,4259.29,2236
2026-06-18 16:15:00,4259.28,4261.05,4258.02,4260.3,2418
2026-06-18 16:18:00,4260.32,4261.9,4254.4,4254.5,2326
2026-06-18 16:21:00,4254.49,4257.46,4252.83,4257.41,2229
2026-06-18 16:24:00,4257.41,4261.53,4256.3,4260.21,2369
2026-06-18 16:27:00,4260.23,4263.33,4260.02,4263.23,2312
2026-06-18 16:30:00,4263.23,4276.6,4262.98,4274.44,3179
2026-06-18 16:33:00,4274.53,4276.77,4268.45,4269.2,2830
2026-06-18 16:36:00,4269.24,4272.6,4268.78,4271.91,2940
2026-06-18 16:39:00,4271.91,4274.01,4266.57,4268.75,2781
2026-06-18 16:42:00,4268.74,4269.47,4263.47,4264.4,2707
2026-06-18 16:45:00,4264.42,4265.39,4253.76,4254.43,2796
2026-06-18 16:48:00,4254.51,4261.69,4253.03,4260.87,2756
2026-06-18 16:51:00,4260.86,4263.4,4256.5,4262.04,2787
2026-06-18 16:54:00,4262.04,4262.59,4252.53,4254.64,3014
2026-06-18 16:57:00,4254.64,4256.83,4250.62,4256.61,2650
2026-06-18 17:00:00,4256.62,4258.04,4241.56,4242.83,3231
2026-06-18 17:03:00,4242.85,4248.13,4238.89,4242.19,2869
2026-06-18 17:06:00,4242.17,4247.51,4240.44,4240.55,2689
2026-06-18 17:09:00,4240.58,4244.78,4240.23,4241.99,2534
2026-06-18 17:12:00,4241.39,4243.01,4240.2,4241.7,2489
2026-06-18 17:15:00,4241.74,4245.98,4236.82,4243.7,3168
2026-06-18 17:18:00,4243.72,4250.29,4243.17,4249.11,2612
2026-06-18 17:21:00,4249.16,4253.91,4247.76,4253.61,2582
2026-06-18 17:24:00,4253.59,4255.89,4250.82,4251.2,2498
2026-06-18 17:27:00,4251.16,4253.26,4244.44,4244.44,2685
2026-06-18 17:30:00,4244.37,4248.12,4241.53,4246.05,2670
2026-06-18 17:33:00,4246.03,4250.48,4245.42,4249.14,2482
2026-06-18 17:36:00,4249.17,4252.27,4248.15,4250.55,2554
2026-06-18 17:39:00,4250.56,4251.77,4241.64,4243.79,2590
2026-06-18 17:42:00,4243.81,4246.45,4241.23,4244.59,2605
2026-06-18 17:45:00,4244.6,4245.9,4240.67,4241.13,2538
2026-06-18 17:48:00,4241.16,4245.25,4240.28,4241.26,2470
2026-06-18 17:51:00,4241.26,4246.78,4240.62,4245.83,2483
2026-06-18 17:54:00,4245.8,4248.2,4245.45,4246.91,2347
2026-06-18 17:57:00,4246.89,4254.41,4246.7,4252.38,2493
2026-06-18 18:00:00,4252.38,4254.57,4250.64,4252.16,2744
2026-06-18 18:03:00,4252.13,4253.14,4248.52,4249.28,2514
2026-06-18 18:06:00,4249.33,4254.16,4249.33,4253.44,2385
2026-06-18 18:09:00,4253.46,4254.81,4250.98,4251.96,2420
2026-06-18 18:12:00,4251.98,4253.48,4246.36,4246.68,2478
2026-06-18 18:15:00,4246.69,4249.4,4243.34,4244.25,2573
2026-06-18 18:18:00,4244.26,4244.94,4239.29,4243.12,2702
2026-06-18 18:21:00,4243.1,4244.31,4240.76,4243.69,2425
2026-06-18 18:24:00,4243.67,4243.9,4237.36,4238.16,2408
2026-06-18 18:27:00,4238.24,4242.32,4234.43,4235.75,2629
2026-06-18 18:30:00,4235.72,4236.71,4228.77,4229.2,2953
2026-06-18 18:33:00,4229.19,4234.39,4226.82,4233.85,2999
2026-06-18 18:36:00,4233.86,4234.13,4223.99,4224.49,2861
2026-06-18 18:39:00,4224.51,4235.62,4224.48,4233.45,2588
2026-06-18 18:42:00,4233.44,4234.43,4230.56,4231.74,2496
2026-06-18 18:45:00,4231.75,4231.8,4228.4,4230.02,2480
2026-06-18 18:48:00,4229.94,4231.34,4225.51,4225.54,2530
2026-06-18 18:51:00,4225.54,4227.31,4224.52,4225.6,2429
2026-06-18 18:54:00,4225.59,4229.65,4223.06,4229.24,2471
2026-06-18 18:57:00,4229.24,4230.09,4226.5,4226.58,2218
2026-06-18 19:00:00,4226.59,4231.78,4226.58,4227.37,2583
2026-06-18 19:03:00,4227.36,4227.99,4225.82,4227.56,2421
2026-06-18 19:06:00,4227.57,4232.34,4225.96,4231.0,2373
2026-06-18 19:09:00,4231.01,4233.28,4229.53,4231.81,2334
2026-06-18 19:12:00,4231.81,4231.82,4227.38,4227.4,2292
2026-06-18 19:15:00,4227.39,4228.61,4224.68,4225.55,2295
2026-06-18 19:18:00,4225.55,4226.49,4222.21,4224.01,2389
2026-06-18 19:21:00,4223.99,4226.79,4222.27,4222.87,2310
2026-06-18 19:24:00,4222.89,4225.32,4221.9,4224.88,2491
2026-06-18 19:27:00,4224.86,4225.96,4222.27,4224.97,2350
2026-06-18 19:30:00,4224.99,4229.32,4223.53,4223.85,2365
2026-06-18 19:33:00,4223.84,4224.28,4221.03,4221.18,2504
2026-06-18 19:36:00,4221.15,4221.57,4214.9,4218.34,2812
2026-06-18 19:39:00,4218.35,4225.82,4217.94,4222.19,2387
2026-06-18 19:42:00,4222.21,4224.53,4220.77,4221.91,2577
2026-06-18 19:45:00,4221.89,4222.19,4218.23,4218.71,2431
2026-06-18 19:48:00,4218.68,4219.87,4216.35,4216.99,2364
2026-06-18 19:51:00,4216.96,4217.86,4214.49,4216.41,2188
2026-06-18 19:54:00,4216.36,4218.51,4214.37,4215.05,2163
2026-06-18 19:57:00,4215.06,4219.61,4214.01,4219.41,2274
2026-06-18 20:00:00,4219.43,4223.7,4218.55,4223.51,2280
2026-06-18 20:03:00,4223.5,4225.85,4221.71,4225.69,2161
2026-06-18 20:06:00,4225.69,4226.74,4225.3,4225.75,2131
2026-06-18 20:09:00,4225.72,4226.05,4222.3,4223.41,2117
2026-06-18 20:12:00,4223.57,4228.56,4223.55,4227.88,2190
2026-06-18 20:15:00,4227.91,4231.01,4227.35,4230.83,2359
2026-06-18 20:18:00,4230.83,4231.49,4228.46,4228.65,2323
2026-06-18 20:21:00,4228.66,4230.62,4227.22,4230.26,2275
2026-06-18 20:24:00,4230.28,4231.58,4227.23,4228.01,2405
2026-06-18 20:27:00,4228.0,4228.56,4225.67,4226.06,2650
2026-06-18 20:30:00,4226.02,4227.27,4224.2,4227.14,2700
2026-06-18 20:33:00,4227.13,4227.65,4222.5,4222.69,2315
2026-06-18 20:36:00,4222.71,4224.93,4222.43,4224.81,2461
2026-06-18 20:39:00,4224.79,4227.43,4223.31,4227.04,2272
2026-06-18 20:42:00,4227.07,4230.3,4226.47,4229.84,2555
2026-06-18 20:45:00,4229.82,4229.94,4227.36,4228.05,2345
2026-06-18 20:48:00,4228.06,4231.4,4228.03,4231.18,2033
2026-06-18 20:51:00,4231.15,4232.88,4229.95,4232.87,1951
2026-06-18 20:54:00,4232.88,4233.11,4231.47,4232.28,2006
2026-06-18 20:57:00,4232.26,4232.55,4229.58,4230.28,1999
2026-06-18 21:00:00,4230.29,4230.64,4227.55,4228.95,2097
2026-06-18 21:03:00,4228.98,4230.7,4227.16,4230.19,2116
2026-06-18 21:06:00,4230.2,4231.29,4228.93,4231.08,2016
2026-06-18 21:09:00,4231.09,4233.15,4230.33,4231.23,2044
2026-06-18 21:12:00,4231.24,4231.43,4228.4,4228.4,2010
2026-06-18 21:15:00,4228.4,4228.42,4226.37,4227.99,2063
2026-06-18 21:18:00,4227.99,4229.84,4226.56,4226.87,2035
2026-06-18 21:21:00,4226.88,4228.87,4226.66,4227.91,2094
2026-06-18 21:24:00,4227.88,4229.38,4227.32,4227.48,2396
2026-06-18 21:27:00,4227.49,4229.27,4225.54,4226.35,2181
2026-06-18 21:30:00,4226.32,4226.37,4223.6,4224.03,2211
2026-06-18 21:33:00,4224.04,4224.32,4221.89,4222.15,2056
2026-06-18 21:36:00,4222.16,4222.39,4220.55,4221.11,2257
2026-06-18 21:39:00,4221.09,4222.14,4220.51,4221.81,2442
2026-06-18 21:42:00,4221.79,4225.06,4221.29,4224.82,2104
2026-06-18 21:45:00,4224.84,4225.27,4221.71,4221.71,2044
2026-06-18 21:48:00,4221.69,4222.52,4219.85,4219.89,2080
2026-06-18 21:51:00,4219.92,4221.48,4218.81,4220.97,1961
2026-06-18 21:54:00,4220.95,4221.42,4219.39,4219.93,2331
2026-06-18 21:57:00,4219.9,4221.26,4218.22,4218.27,2202
2026-06-18 22:00:00,4218.29,4219.01,4211.93,4212.91,2200
2026-06-18 22:03:00,4212.91,4213.91,4211.06,4211.82,2249
2026-06-18 22:06:00,4211.81,4211.84,4207.54,4208.72,2135
2026-06-18 22:09:00,4208.73,4209.45,4205.47,4206.29,2103
2026-06-18 22:12:00,4206.3,4209.34,4203.99,4207.48,2073
2026-06-18 22:15:00,4207.49,4208.68,4204.42,4205.4,2101
2026-06-18 22:18:00,4205.43,4207.62,4201.88,4207.62,2414
2026-06-18 22:21:00,4207.63,4207.63,4204.85,4206.32,2027
2026-06-18 22:24:00,4206.31,4207.15,4205.04,4206.86,1928
2026-06-18 22:27:00,4206.84,4207.96,4204.98,4205.18,1946
2026-06-18 22:30:00,4205.19,4207.13,4201.57,4202.99,2242
2026-06-18 22:33:00,4202.98,4206.57,4202.45,4205.89,2080
2026-06-18 22:36:00,4205.91,4208.33,4205.76,4206.99,2017
2026-06-18 22:39:00,4206.99,4214.58,4206.95,4213.26,2198
2026-06-18 22:42:00,4213.24,4214.28,4211.16,4214.09,2391
2026-06-18 22:45:00,4214.07,4216.2,4213.3,4215.26,2273
2026-06-18 22:48:00,4215.24,4216.54,4214.32,4216.2,2099
2026-06-18 22:51:00,4216.18,4217.24,4215.59,4216.74,2047
2026-06-18 22:54:00,4216.72,4217.31,4214.14,4215.69,2094
2026-06-18 22:57:00,4215.7,4218.54,4215.63,4216.99,2185
2026-06-18 23:00:00,4216.91,4218.11,4214.92,4216.16,2059
2026-06-18 23:03:00,4216.14,4217.81,4215.85,4217.5,2180
2026-06-18 23:06:00,4217.48,4217.58,4215.95,4216.04,1859
2026-06-18 23:09:00,4216.06,4217.27,4215.69,4216.88,1805
2026-06-18 23:12:00,4216.9,4217.66,4216.4,4217.21,1815
2026-06-18 23:15:00,4217.19,4217.29,4215.04,4215.57,1776
2026-06-18 23:18:00,4215.58,4217.08,4215.51,4216.17,1817
2026-06-18 23:21:00,4216.17,4216.47,4215.7,4215.73,1766
2026-06-18 23:24:00,4215.7,4216.87,4215.53,4216.87,1764
2026-06-18 23:27:00,4216.85,4219.6,4216.85,4219.02,1847
2026-06-18 23:30:00,4219.03,4219.03,4216.3,4216.33,1810
2026-06-18 23:33:00,4216.31,4216.58,4215.49,4215.51,1849
2026-06-18 23:36:00,4215.52,4218.7,4214.3,4215.06,1946
2026-06-18 23:39:00,4215.06,4215.14,4213.81,4213.9,1841
2026-06-18 23:42:00,4213.89,4214.82,4212.88,4212.92,1803
2026-06-18 23:45:00,4212.93,4213.44,4211.14,4211.15,1896
2026-06-18 23:48:00,4211.14,4211.75,4209.59,4209.65,1854
2026-06-18 23:51:00,4209.65,4210.93,4209.34,4209.42,1817
2026-06-18 23:54:00,4209.4,4210.27,4208.18,4208.88,1856
2026-06-18 23:57:00,4208.9,4209.19,4207.8,4209.1,1187
2026-06-19 01:00:00,4210.73,4213.51,4207.63,4208.51,5021
2026-06-19 01:03:00,4208.5,4208.63,4203.23,4208.07,5081
2026-06-19 01:06:00,4208.06,4208.24,4205.07,4205.63,2221
2026-06-19 01:09:00,4205.64,4208.5,4205.54,4206.82,1785
2026-06-19 01:12:00,4206.79,4208.48,4206.79,4208.1,1698
2026-06-19 01:15:00,4208.1,4210.17,4207.69,4207.96,1823
2026-06-19 01:18:00,4207.96,4208.15,4204.27,4204.78,1878
2026-06-19 01:21:00,4204.79,4205.53,4202.84,4203.1,1815
2026-06-19 01:24:00,4203.11,4205.83,4203.09,4204.09,1847
2026-06-19 01:27:00,4204.09,4204.37,4203.05,4204.16,1805
2026-06-19 01:30:00,4204.16,4205.69,4203.66,4204.51,1806
2026-06-19 01:33:00,4204.53,4205.65,4204.46,4205.55,1775
2026-06-19 01:36:00,4205.56,4205.58,4203.68,4203.83,1790
2026-06-19 01:39:00,4203.84,4204.98,4203.13,4204.59,1772
2026-06-19 01:42:00,4204.57,4205.36,4204.28,4205.07,1798
2026-06-19 01:45:00,4205.09,4205.65,4204.24,4204.32,1796
2026-06-19 01:48:00,4204.33,4209.1,4204.33,4208.33,1821
2026-06-19 01:51:00,4208.34,4210.54,4207.94,4209.4,1886
2026-06-19 01:54:00,4209.42,4209.42,4208.19,4208.52,1783
2026-06-19 01:57:00,4208.52,4208.68,4206.88,4207.39,1821
2026-06-19 02:00:00,4207.39,4208.3,4199.16,4199.63,1960
2026-06-19 02:03:00,4199.64,4202.13,4198.95,4200.61,2043
2026-06-19 02:06:00,4200.61,4202.45,4200.24,4201.94,1937
2026-06-19 02:09:00,4201.97,4202.03,4199.7,4200.11,1546
2026-06-19 02:12:00,4200.08,4201.02,4193.43,4195.82,1998
2026-06-19 02:15:00,4195.8,4199.44,4194.16,4195.84,2116
2026-06-19 02:18:00,4195.85,4197.17,4195.29,4196.36,1872
2026-06-19 02:21:00,4196.35,4197.46,4195.37,4196.21,1799
2026-06-19 02:24:00,4196.24,4196.45,4193.85,4195.31,1877
2026-06-19 02:27:00,4195.29,4197.36,4195.28,4197.29,1857
2026-06-19 02:30:00,4197.35,4199.21,4196.09,4198.0,1929
2026-06-19 02:33:00,4198.0,4198.57,4195.16,4196.3,1874
2026-06-19 02:36:00,4196.3,4198.18,4194.55,4197.99,1856
2026-06-19 02:39:00,4197.99,4198.32,4195.03,4195.07,1891
2026-06-19 02:42:00,4195.07,4195.75,4193.97,4194.28,1846
2026-06-19 02:45:00,4194.26,4194.5,4188.24,4190.83,2120
2026-06-19 02:48:00,4190.82,4192.16,4187.95,4191.38,2027
2026-06-19 02:51:00,4191.39,4191.58,4188.37,4189.34,1917
2026-06-19 02:54:00,4189.36,4191.04,4187.22,4187.81,1994
2026-06-19 02:57:00,4187.82,4188.39,4186.85,4188.39,2017
2026-06-19 03:00:00,4188.4,4198.03,4188.18,4194.25,2417
2026-06-19 03:03:00,4194.19,4194.53,4189.5,4190.72,2290
2026-06-19 03:06:00,4190.59,4190.82,4184.59,4185.28,2438
2026-06-19 03:09:00,4185.26,4189.78,4185.09,4187.45,2286
2026-06-19 03:12:00,4187.45,4187.5,4184.45,4185.55,2161
2026-06-19 03:15:00,4185.57,4186.84,4184.46,4184.6,2242
2026-06-19 03:18:00,4184.59,4187.96,4184.41,4185.21,2184
2026-06-19 03:21:00,4185.19,4186.86,4184.37,4186.08,2073
2026-06-19 03:24:00,4186.18,4188.76,4185.04,4185.1,2015
2026-06-19 03:27:00,4185.12,4186.32,4184.54,4185.15,1919
2026-06-19 03:30:00,4185.13,4189.43,4184.45,4188.69,2036
2026-06-19 03:33:00,4188.67,4191.36,4187.38,4190.58,1944
2026-06-19 03:36:00,4190.6,4191.32,4187.43,4189.99,2120
2026-06-19 03:39:00,4190.0,4190.95,4186.53,4188.27,2031
2026-06-19 03:42:00,4188.26,4190.1,4187.43,4188.59,1948
2026-06-19 03:45:00,4188.56,4190.71,4187.66,4189.69,2038
2026-06-19 03:48:00,4189.71,4191.64,4189.07,4191.36,2010
2026-06-19 03:51:00,4191.39,4192.31,4188.86,4189.12,1991
2026-06-19 03:54:00,4189.14,4190.91,4187.78,4189.27,1940
2026-06-19 03:57:00,4189.27,4191.06,4189.08,4190.31,1954
2026-06-19 04:00:00,4190.33,4193.5,4189.2,4192.94,2115
2026-06-19 04:03:00,4192.96,4194.55,4184.55,4186.26,2251
2026-06-19 04:06:00,4186.37,4187.08,4184.55,4184.81,2112
2026-06-19 04:09:00,4184.84,4186.72,4184.44,4185.87,2011
2026-06-19 04:12:00,4185.9,4187.59,4184.71,4186.46,2053
2026-06-19 04:15:00,4186.48,4188.36,4184.58,4184.58,1975
2026-06-19 04:18:00,4184.57,4185.47,4183.72,4184.79,1908
2026-06-19 04:21:00,4184.81,4188.4,4184.25,4187.17,1939
2026-06-19 04:24:00,4187.2,4189.84,4185.75,4188.99,1991
2026-06-19 04:27:00,4188.97,4191.53,4188.82,4190.73,1947
2026-06-19 04:30:00,4190.75,4190.89,4186.73,4187.3,2054
2026-06-19 04:33:00,4187.3,4189.28,4186.92,4188.93,1936
2026-06-19 04:36:00,4188.93,4188.93,4184.73,4185.56,1960
2026-06-19 04:39:00,4185.58,4186.24,4184.56,4186.22,1964
2026-06-19 04:42:00,4186.21,4186.78,4184.59,4185.65,1966
2026-06-19 04:45:00,4185.64,4187.31,4184.12,4185.78,1953
2026-06-19 04:48:00,4185.79,4186.43,4184.44,4184.63,1871
2026-06-19 04:51:00,4184.64,4185.65,4184.04,4184.32,1892
2026-06-19 04:54:00,4184.38,4185.76,4184.15,4185.62,1941
2026-06-19 04:57:00,4185.65,4186.43,4184.15,4184.92,1911
2026-06-19 05:00:00,4184.9,4186.21,4184.16,4184.55,1941
2026-06-19 05:03:00,4184.57,4186.14,4184.46,4184.55,1994
2026-06-19 05:06:00,4184.55,4186.11,4179.21,4179.79,2447
2026-06-19 05:09:00,4179.78,4184.8,4179.72,4182.94,2216
2026-06-19 05:12:00,4183.0,4184.07,4178.54,4179.79,2022
2026-06-19 05:15:00,4179.79,4180.15,4175.09,4176.17,1871
2026-06-19 05:18:00,4176.18,4178.31,4175.28,4177.29,2059
2026-06-19 05:21:00,4177.28,4179.46,4176.51,4178.42,2055
2026-06-19 05:24:00,4178.46,4179.33,4177.17,4178.53,1976
2026-06-19 05:27:00,4178.55,4179.88,4177.41,4179.46,1895
2026-06-19 05:30:00,4179.45,4179.8,4177.35,4177.92,1900
2026-06-19 05:33:00,4177.93,4183.07,4177.06,4182.25,1903
2026-06-19 05:36:00,4182.23,4182.43,4178.23,4179.77,1903
2026-06-19 05:39:00,4179.74,4183.29,4178.61,4183.25,1838
2026-06-19 05:42:00,4183.26,4183.6,4179.82,4179.93,1871
2026-06-19 05:45:00,4179.93,4180.74,4175.74,4176.82,1940
2026-06-19 05:48:00,4176.82,4177.15,4174.39,4174.68,1914
2026-06-19 05:51:00,4174.7,4175.54,4171.86,4174.27,2063
2026-06-19 05:54:00,4174.25,4177.14,4174.25,4175.88,1859
2026-06-19 05:57:00,4175.87,4177.21,4175.14,4176.3,1882
2026-06-19 06:00:00,4176.28,4177.25,4171.89,4172.31,1982
2026-06-19 06:03:00,4172.29,4173.18,4166.81,4166.85,2092
2026-06-19 06:06:00,4166.85,4169.31,4166.5,4166.97,1999
2026-06-19 06:09:00,4166.97,4168.61,4166.37,4167.6,1942
2026-06-19 06:12:00,4167.61,4169.9,4166.06,4166.09,1961
2026-06-19 06:15:00,4166.1,4168.25,4165.17,4166.86,2176
2026-06-19 06:18:00,4166.86,4170.14,4166.72,4168.99,1978
2026-06-19 06:21:00,4169.02,4170.75,4168.02,4169.34,2001
2026-06-19 06:24:00,4169.32,4169.74,4167.52,4167.86,1928
2026-06-19 06:27:00,4167.84,4169.26,4166.42,4167.43,2019
2026-06-19 06:30:00,4167.39,4167.82,4161.75,4163.82,2145
2026-06-19 06:33:00,4163.83,4165.31,4161.66,4163.54,2105
2026-06-19 06:36:00,4163.54,4165.46,4162.31,4162.37,2088
2026-06-19 06:39:00,4162.34,4164.34,4161.12,4162.21,2131
2026-06-19 06:42:00,4162.22,4162.69,4157.93,4162.25,2135
2026-06-19 06:45:00,4162.25,4162.34,4159.24,4159.36,2044
2026-06-19 06:48:00,4159.37,4160.94,4157.76,4159.02,2015
2026-06-19 06:51:00,4159.01,4160.73,4158.17,4159.46,1993
2026-06-19 06:54:00,4159.46,4159.81,4157.72,4159.19,1996
2026-06-19 06:57:00,4159.2,4159.23,4145.42,4153.47,2475
2026-06-19 07:00:00,4153.46,4155.04,4144.01,4148.33,2561
2026-06-19 07:03:00,4148.32,4148.87,4143.2,4145.43,2307
2026-06-19 07:06:00,4145.43,4147.63,4143.83,4145.18,2155
2026-06-19 07:09:00,4145.16,4147.16,4143.64,4145.68,2135
2026-06-19 07:12:00,4145.66,4146.8,4143.62,4145.28,2076
2026-06-19 07:15:00,4145.39,4148.03,4141.48,4147.85,2324
2026-06-19 07:18:00,4147.86,4149.52,4146.86,4148.21,2095
2026-06-19 07:21:00,4148.22,4149.81,4148.21,4149.15,1956
2026-06-19 07:24:00,4149.15,4149.33,4146.58,4146.89,1963
2026-06-19 07:27:00,4146.86,4148.18,4144.35,4146.61,2108
2026-06-19 07:30:00,4146.62,4147.39,4143.86,4145.7,2101
2026-06-19 07:33:00,4145.7,4145.84,4139.97,4141.5,2084
2026-06-19 07:36:00,4141.46,4141.49,4137.86,4139.52,2157
2026-06-19 07:39:00,4139.51,4141.72,4134.21,4136.12,2128
2026-06-19 07:42:00,4136.11,4137.17,4133.38,4135.37,2102
2026-06-19 07:45:00,4135.39,4135.97,4134.07,4134.44,2000
2026-06-19 07:48:00,4134.45,4136.76,4133.22,4134.11,2113
2026-06-19 07:51:00,4134.13,4135.34,4132.18,4132.35,2080
2026-06-19 07:54:00,4132.34,4132.38,4124.91,4126.29,2352
2026-06-19 07:57:00,4126.31,4127.83,4125.09,4125.77,2071
2026-06-19 08:00:00,4125.76,4127.21,4123.11,4124.38,2265
2026-06-19 08:03:00,4124.4,4126.83,4122.22,4124.33,2332
2026-06-19 08:06:00,4124.36,4124.56,4121.76,4123.34,2092
2026-06-19 08:09:00,4123.31,4130.14,4123.23,4130.13,2230
2026-06-19 08:12:00,4130.13,4131.5,4127.18,4130.42,2147
2026-06-19 08:15:00,4130.42,4130.53,4127.99,4128.18,2134
2026-06-19 08:18:00,4128.15,4128.78,4125.75,4126.5,2174
2026-06-19 08:21:00,4126.5,4131.47,4126.5,4131.22,2047
2026-06-19 08:24:00,4131.23,4134.54,4128.92,4133.92,2146
2026-06-19 08:27:00,4133.92,4133.96,4131.82,4133.67,2161
2026-06-19 08:30:00,4133.66,4139.35,4133.55,4136.69,1925
2026-06-19 08:33:00,4136.7,4136.79,4130.98,4135.07,2184
2026-06-19 08:36:00,4135.07,4135.09,4130.58,4132.56,2183
2026-06-19 08:39:00,4132.55,4133.62,4131.03,4133.2,1952
2026-06-19 08:42:00,4133.2,4135.01,4130.98,4135.0,2057
2026-06-19 08:45:00,4134.98,4138.3,4134.66,4137.8,2067
2026-06-19 08:48:00,4137.8,4138.64,4135.09,4135.89,2032
2026-06-19 08:51:00,4135.95,4137.37,4132.88,4135.88,2123
2026-06-19 08:54:00,4135.85,4141.57,4135.83,4137.82,2124
2026-06-19 08:57:00,4137.83,4139.79,4137.11,4139.71,1987
2026-06-19 09:00:00,4139.64,4140.21,4133.65,4134.15,2279
2026-06-19 09:03:00,4134.1,4140.39,4133.88,4139.24,2171
2026-06-19 09:06:00,4139.24,4140.19,4136.13,4137.76,2229
2026-06-19 09:09:00,4137.76,4144.06,4137.53,4143.43,2336
2026-06-19 09:12:00,4143.43,4148.07,4143.43,4146.95,2119
2026-06-19 09:15:00,4147.14,4147.39,4140.63,4142.58,2182
2026-06-19 09:18:00,4142.6,4143.47,4139.94,4140.7,2271
2026-06-19 09:21:00,4140.69,4142.98,4139.26,4141.18,2259
2026-06-19 09:24:00,4141.2,4144.92,4141.11,4142.44,2234
2026-06-19 09:27:00,4142.45,4143.62,4140.99,4141.76,2170
2026-06-19 09:30:00,4141.79,4145.35,4138.38,4138.89,2214
2026-06-19 09:33:00,4138.88,4139.33,4135.57,4137.86,2211
2026-06-19 09:36:00,4137.83,4138.03,4132.85,4134.75,2525
2026-06-19 09:39:00,4134.77,4136.32,4133.29,4135.42,2018
2026-06-19 09:42:00,4135.41,4136.77,4134.65,4136.05,1987
2026-06-19 09:45:00,4136.03,4139.0,4134.5,4138.87,2111
2026-06-19 09:48:00,4138.94,4145.68,4138.32,4143.43,2181
2026-06-19 09:51:00,4143.4,4146.54,4142.26,4145.98,2057
2026-06-19 09:54:00,4145.97,4148.86,4144.37,4148.44,2523
2026-06-19 09:57:00,4148.45,4150.5,4147.56,4147.6,2251
2026-06-19 10:00:00,4147.61,4152.02,4147.61,4152.01,2257
2026-06-19 10:03:00,4151.99,4156.49,4150.98,4155.2,2122
2026-06-19 10:06:00,4155.28,4158.36,4154.96,4156.79,2237
2026-06-19 10:09:00,4156.79,4159.59,4155.48,4156.19,2480
2026-06-19 10:12:00,4156.17,4157.27,4153.85,4157.11,2341
2026-06-19 10:15:00,4157.1,4160.03,4154.38,4155.6,2416
2026-06-19 10:18:00,4155.59,4157.1,4154.89,4156.61,2279
2026-06-19 10:21:00,4156.58,4157.75,4154.46,4155.96,2123
2026-06-19 10:24:00,4155.96,4156.46,4152.08,4152.59,2322
2026-06-19 10:27:00,4152.63,4154.32,4152.07,4152.48,2142
2026-06-19 10:30:00,4152.47,4154.62,4151.96,4152.61,2075
2026-06-19 10:33:00,4152.62,4153.75,4151.13,4151.34,2403
2026-06-19 10:36:00,4151.35,4157.47,4151.33,4157.38,2071
2026-06-19 10:39:00,4157.4,4157.42,4154.55,4155.62,1777
2026-06-19 10:42:00,4154.7,4156.73,4153.62,4154.03,1899
2026-06-19 10:45:00,4154.06,4155.07,4153.33,4153.78,2347
2026-06-19 10:48:00,4153.8,4153.8,4151.57,4153.01,2051
2026-06-19 10:51:00,4153.01,4156.88,4152.75,4154.59,2010
2026-06-19 10:54:00,4154.6,4156.47,4154.1,4156.2,2005
2026-06-19 10:57:00,4156.19,4163.17,4156.14,4158.04,2191
2026-06-19 11:00:00,4158.03,4159.65,4155.32,4155.88,2175
2026-06-19 11:03:00,4155.88,4160.86,4155.62,4158.76,2121
2026-06-19 11:06:00,4158.73,4161.95,4158.36,4160.94,2097
2026-06-19 11:09:00,4160.91,4167.23,4160.62,4165.98,2325
2026-06-19 11:12:00,4165.99,4167.24,4164.53,4165.76,2069
2026-06-19 11:15:00,4165.74,4168.54,4165.32,4167.46,2151
2026-06-19 11:18:00,4167.47,4170.95,4165.89,4169.44,2111
2026-06-19 11:21:00,4169.47,4175.87,4168.12,4175.51,2176
2026-06-19 11:24:00,4175.52,4177.66,4174.1,4175.07,2087
2026-06-19 11:27:00,4175.08,4176.99,4173.87,4175.9,2868
2026-06-19 11:30:00,4175.89,4178.55,4174.29,4174.34,2155
2026-06-19 11:33:00,4174.35,4175.67,4173.95,4174.78,2370
2026-06-19 11:36:00,4174.78,4175.01,4169.03,4169.04,2029
2026-06-19 11:39:00,4169.05,4170.15,4166.81,4169.24,2027
2026-06-19 11:42:00,4169.25,4172.07,4168.94,4168.97,1975
2026-06-19 11:45:00,4168.95,4169.52,4166.45,4167.78,1938
2026-06-19 11:48:00,4167.8,4169.16,4165.91,4165.91,2031
2026-06-19 11:51:00,4165.89,4167.32,4164.59,4165.4,1976
2026-06-19 11:54:00,4165.39,4168.32,4165.18,4167.56,1697
2026-06-19 11:57:00,4167.35,4169.11,4165.69,4169.1,2004
2026-06-19 12:00:00,4169.11,4170.93,4166.48,4167.16,2105
2026-06-19 12:03:00,4167.13,4167.95,4164.31,4165.34,2014
2026-06-19 12:06:00,4165.35,4167.52,4165.06,4165.76,2071
2026-06-19 12:09:00,4165.76,4166.82,4164.48,4164.72,2030
2026-06-19 12:12:00,4164.71,4167.07,4163.63,4164.12,2120
2026-06-19 12:15:00,4164.04,4165.7,4163.26,4164.28,2133
2026-06-19 12:18:00,4164.28,4166.27,4163.75,4165.15,1969
2026-06-19 12:21:00,4165.16,4168.25,4162.83,4167.62,2050
2026-06-19 12:24:00,4167.61,4168.0,4166.38,4167.13,2300
2026-06-19 12:27:00,4167.16,4167.2,4162.01,4162.68,2060
2026-06-19 12:30:00,4162.69,4166.03,4162.67,4165.62,2116
2026-06-19 12:33:00,4165.65,4166.07,4163.46,4164.96,2094
2026-06-19 12:36:00,4164.96,4165.22,4164.05,4164.31,2075
2026-06-19 12:39:00,4164.3,4165.74,4163.12,4164.24,2175
2026-06-19 12:42:00,4164.26,4164.9,4162.47,4162.61,2020
2026-06-19 12:45:00,4162.61,4167.33,4162.59,4166.99,1522
2026-06-19 12:48:00,4167.02,4167.02,4162.95,4164.66,1949
2026-06-19 12:51:00,4164.69,4165.4,4163.24,4165.13,1994
2026-06-19 12:54:00,4165.12,4165.13,4163.52,4164.21,1893
2026-06-19 12:57:00,4164.2,4164.35,4160.99,4162.85,1941
2026-06-19 13:00:00,4162.87,4163.12,4157.54,4159.39,2060
2026-06-19 13:03:00,4159.4,4159.54,4157.01,4157.39,2104
2026-06-19 13:06:00,4157.4,4157.53,4152.93,4154.56,2225
2026-06-19 13:09:00,4154.55,4158.31,4154.04,4155.62,2021
2026-06-19 13:12:00,4155.65,4157.23,4154.4,4155.4,2024
2026-06-19 13:15:00,4155.39,4158.21,4153.54,4156.99,2029
2026-06-19 13:18:00,4156.97,4158.19,4155.34,4155.75,1717
2026-06-19 13:21:00,4155.75,4156.15,4153.17,4153.83,2057
2026-06-19 13:24:00,4153.83,4155.94,4153.25,4153.62,1997
2026-06-19 13:27:00,4153.64,4155.66,4152.6,4153.82,1998
2026-06-19 13:30:00,4153.85,4154.08,4151.41,4153.26,1968
2026-06-19 13:33:00,4153.24,4155.25,4152.11,4152.58,2196
2026-06-19 13:36:00,4152.56,4153.44,4150.25,4153.19,2139
2026-06-19 13:39:00,4153.21,4153.53,4150.7,4152.29,2037
2026-06-19 13:42:00,4152.27,4152.3,4150.36,4151.27,2433
2026-06-19 13:45:00,4151.26,4153.92,4150.42,4150.97,2190
2026-06-19 13:48:00,4150.99,4154.18,4150.58,4152.96,2317
2026-06-19 13:51:00,4152.93,4154.64,4151.62,4152.89,2235
2026-06-19 13:54:00,4152.88,4152.88,4149.65,4152.05,2362
2026-06-19 13:57:00,4152.06,4152.64,4148.06,4149.75,2270
2026-06-19 14:00:00,4149.73,4150.21,4145.28,4148.26,2144
2026-06-19 14:03:00,4148.24,4149.58,4146.54,4146.63,2130
2026-06-19 14:06:00,4146.62,4147.55,4142.58,4145.88,2246
2026-06-19 14:09:00,4145.88,4148.39,4144.78,4148.05,2053
2026-06-19 14:12:00,4148.04,4148.56,4145.85,4146.74,2002
2026-06-19 14:15:00,4146.75,4147.6,4144.32,4144.58,2025
2026-06-19 14:18:00,4144.6,4147.32,4144.3,4147.01,1822
2026-06-19 14:21:00,4147.04,4148.87,4146.31,4147.88,1973
2026-06-19 14:24:00,4147.89,4148.7,4145.0,4145.04,1967
2026-06-19 14:27:00,4144.97,4145.21,4143.16,4144.24,2045
2026-06-19 14:30:00,4144.24,4145.38,4142.75,4142.92,1968
2026-06-19 14:33:00,4142.92,4147.03,4141.88,4145.66,2060
2026-06-19 14:36:00,4145.66,4146.69,4143.12,4146.65,1959
2026-06-19 14:39:00,4146.66,4150.48,4146.24,4149.78,2040
2026-06-19 14:42:00,4149.79,4150.52,4148.19,4149.98,1989
2026-06-19 14:45:00,4150.01,4153.42,4149.96,4153.38,1934
2026-06-19 14:48:00,4153.39,4154.94,4152.18,4152.24,2011
2026-06-19 14:51:00,4152.25,4152.55,4150.15,4151.2,1964
2026-06-19 14:54:00,4151.2,4151.37,4148.59,4151.37,1967
2026-06-19 14:57:00,4151.38,4152.86,4151.14,4152.58,1963
2026-06-19 15:00:00,4152.58,4158.55,4152.33,4156.87,2151
2026-06-19 15:03:00,4156.84,4158.01,4153.79,4153.91,2024
2026-06-19 15:06:00,4153.93,4156.48,4152.75,4156.04,2047
2026-06-19 15:09:00,4156.04,4160.36,4156.04,4158.45,2020
2026-06-19 15:12:00,4158.45,4158.49,4155.66,4155.68,2016
2026-06-19 15:15:00,4155.66,4156.05,4154.23,4155.35,2180
2026-06-19 15:18:00,4155.35,4156.16,4152.7,4154.17,2523
2026-06-19 15:21:00,4154.19,4156.02,4153.05,4154.03,1990
2026-06-19 15:24:00,4154.04,4155.94,4153.39,4153.97,1979
2026-06-19 15:27:00,4153.97,4154.46,4151.2,4151.82,2039
2026-06-19 15:30:00,4151.78,4153.29,4149.48,4152.21,1980
2026-06-19 15:33:00,4152.22,4153.01,4150.55,4152.19,1960
2026-06-19 15:36:00,4152.17,4152.55,4148.25,4150.64,2157
2026-06-19 15:39:00,4150.66,4153.32,4148.81,4152.1,2197
2026-06-19 15:42:00,4152.11,4154.71,4150.9,4152.3,2018
2026-06-19 15:45:00,4152.28,4152.42,4148.16,4148.46,1983
2026-06-19 15:48:00,4148.48,4158.41,4147.34,4158.34,2323
2026-06-19 15:51:00,4158.32,4174.04,4157.98,4171.13,3297
2026-06-19 15:54:00,4171.19,4177.58,4169.56,4176.28,2848
2026-06-19 15:57:00,4176.29,4180.09,4173.74,4179.07,2631
2026-06-19 16:00:00,4179.06,4181.51,4172.6,4172.69,2586
2026-06-19 16:03:00,4172.68,4172.75,4164.56,4169.64,2576
2026-06-19 16:06:00,4169.65,4178.44,4168.59,4175.34,2384
2026-06-19 16:09:00,4175.42,4182.87,4173.83,4173.86,2590
2026-06-19 16:12:00,4173.86,4174.52,4169.75,4169.9,2428
2026-06-19 16:15:00,4169.91,4172.19,4164.74,4166.19,2233
2026-06-19 16:18:00,4166.21,4166.92,4163.55,4164.07,2143
2026-06-19 16:21:00,4164.09,4166.47,4161.98,4165.2,2189
2026-06-19 16:24:00,4165.21,4166.71,4163.94,4166.43,2285
2026-06-19 16:27:00,4166.42,4166.42,4162.72,4164.05,2154
2026-06-19 16:30:00,4164.04,4168.07,4163.73,4164.18,2324
2026-06-19 16:33:00,4164.19,4164.94,4161.85,4163.62,2113
2026-06-19 16:36:00,4163.6,4163.69,4159.92,4162.63,2090
2026-06-19 16:39:00,4162.65,4164.53,4160.9,4161.78,2113
2026-06-19 16:42:00,4161.78,4162.37,4157.82,4158.68,2008
2026-06-19 16:45:00,4158.62,4160.96,4157.53,4159.44,2127
2026-06-19 16:48:00,4159.43,4159.44,4154.77,4158.09,2190
2026-06-19 16:51:00,4158.09,4159.28,4156.75,4158.78,2110
2026-06-19 16:54:00,4158.8,4160.09,4156.08,4156.87,2165
2026-06-19 16:57:00,4156.89,4157.65,4150.54,4151.47,2050
2026-06-19 17:00:00,4151.44,4153.52,4148.06,4153.26,2302
2026-06-19 17:03:00,4153.29,4154.56,4150.4,4152.78,2172
2026-06-19 17:06:00,4152.77,4152.82,4148.7,4149.86,2129
2026-06-19 17:09:00,4149.87,4150.86,4148.18,4149.23,2090
2026-06-19 17:12:00,4149.23,4150.09,4147.88,4149.37,2010
2026-06-19 17:15:00,4149.31,4149.95,4145.41,4145.48,2054
2026-06-19 17:18:00,4145.49,4148.54,4143.99,4146.36,2101
2026-06-19 17:21:00,4146.34,4147.98,4144.24,4144.8,2103
2026-06-19 17:24:00,4144.79,4149.12,4143.71,4148.63,2017
2026-06-19 17:27:00,4148.59,4150.01,4147.79,4149.25,2029
2026-06-19 17:30:00,4149.25,4150.61,4147.04,4147.24,2067
2026-06-19 17:33:00,4147.24,4148.38,4145.96,4147.71,1972
2026-06-19 17:36:00,4147.69,4148.85,4146.44,4148.69,2019
2026-06-19 17:39:00,4148.69,4150.36,4145.68,4147.28,2061
2026-06-19 17:42:00,4147.3,4147.44,4143.06,4144.38,2045
2026-06-19 17:45:00,4144.4,4147.76,4142.58,4147.37,1992
2026-06-19 17:48:00,4147.39,4147.49,4144.27,4144.97,1852
2026-06-19 17:51:00,4144.94,4148.55,4144.87,4145.97,1909
2026-06-19 17:54:00,4145.92,4150.55,4145.59,4149.5,2010
2026-06-19 17:57:00,4149.49,4151.2,4148.0,4149.27,1966
2026-06-19 18:00:00,4149.27,4153.42,4148.08,4150.11,2046
2026-06-19 18:03:00,4150.08,4150.99,4148.18,4149.86,1917
2026-06-19 18:06:00,4149.87,4151.59,4148.75,4151.27,1975
2026-06-19 18:09:00,4151.27,4153.19,4149.66,4150.41,1969
2026-06-19 18:12:00,4150.43,4151.41,4148.5,4151.37,2079
2026-06-19 18:15:00,4151.37,4151.49,4149.73,4151.43,1962
2026-06-19 18:18:00,4151.55,4153.69,4149.96,4153.15,1930
2026-06-19 18:21:00,4153.14,4153.94,4152.19,4152.42,1790
2026-06-19 18:24:00,4152.42,4153.34,4151.54,4152.46,1908
2026-06-19 18:27:00,4152.45,4153.03,4150.51,4151.29,1842
2026-06-19 18:30:00,4151.27,4152.73,4149.87,4151.92,1958
2026-06-19 18:33:00,4151.92,4152.78,4150.9,4151.85,1875
2026-06-19 18:36:00,4151.87,4152.95,4148.76,4149.16,1858
2026-06-19 18:39:00,4149.17,4150.45,4148.79,4150.06,1783
2026-06-19 18:42:00,4150.08,4150.09,4147.63,4148.04,1794
2026-06-19 18:45:00,4148.04,4150.63,4148.03,4150.56,1789
2026-06-19 18:48:00,4150.56,4153.0,4150.06,4151.15,1797
2026-06-19 18:51:00,4151.17,4153.54,4150.69,4152.56,1811
2026-06-19 18:54:00,4152.56,4152.58,4149.7,4150.81,1813
2026-06-19 18:57:00,4150.81,4151.11,4150.1,4150.99,1749
2026-06-19 19:00:00,4151.01,4151.07,4147.16,4147.2,1830
2026-06-19 19:03:00,4147.21,4148.95,4146.79,4148.62,1788
2026-06-19 19:06:00,4148.6,4149.48,4147.07,4147.1,1809
2026-06-19 19:09:00,4147.09,4147.67,4145.34,4146.07,1825
2026-06-19 19:12:00,4146.07,4146.22,4144.56,4145.24,1754
2026-06-19 19:15:00,4145.23,4146.16,4144.76,4145.15,1783
2026-06-19 19:18:00,4145.15,4146.5,4144.44,4146.48,1768
2026-06-19 19:21:00,4146.48,4147.87,4146.01,4147.75,1758
2026-06-19 19:24:00,4147.78,4148.68,4146.38,4148.48,2252
2026-06-19 19:27:00,4148.48,4148.86,4146.87,4147.05,2154
2026-06-19 19:30:00,4147.06,4148.81,4147.05,4148.24,1990
2026-06-19 19:33:00,4148.22,4150.52,4147.31,4149.65,1797
2026-06-19 19:36:00,4149.63,4151.22,4147.75,4151.19,1814
2026-06-19 19:39:00,4151.18,4153.51,4150.56,4151.89,1815
2026-06-19 19:42:00,4151.88,4152.0,4150.69,4151.78,2386
2026-06-19 19:45:00,4151.77,4154.51,4151.51,4154.51,1993
2026-06-19 19:48:00,4154.49,4157.73,4154.05,4157.65,1830
2026-06-19 19:51:00,4157.65,4157.86,4152.0,4152.24,1772
2026-06-19 19:54:00,4152.25,4155.17,4151.27,4154.6,1883
2026-06-19 19:57:00,4154.6,4155.64,4153.67,4155.61,1847
2026-06-22 01:03:00,4158.68,4159.78,4157.0,4157.84,1103
2026-06-22 01:06:00,4157.84,4158.66,4154.3,4154.81,2014
2026-06-22 01:09:00,4154.81,4156.23,4150.01,4150.66,2196
2026-06-22 01:12:00,4150.66,4152.25,4148.63,4151.5,2184
2026-06-22 01:15:00,4151.5,4151.94,4147.91,4151.52,2148
2026-06-22 01:18:00,4151.54,4154.11,4150.57,4153.47,2131
2026-06-22 01:21:00,4153.49,4154.73,4149.56,4150.61,1932
2026-06-22 01:24:00,4150.63,4153.02,4148.79,4152.4,1951
2026-06-22 01:27:00,4152.41,4153.05,4149.89,4152.19,1879
2026-06-22 01:30:00,4152.2,4155.11,4150.9,4154.62,1973
2026-06-22 01:33:00,4154.63,4154.64,4150.05,4150.47,1890
2026-06-22 01:36:00,4150.45,4152.3,4150.09,4152.12,1820
2026-06-22 01:39:00,4152.1,4152.31,4150.5,4151.62,1803
2026-06-22 01:42:00,4151.65,4154.59,4150.84,4153.8,1779
2026-06-22 01:45:00,4153.79,4154.13,4153.09,4154.04,1810
2026-06-22 01:48:00,4154.05,4155.1,4152.39,4154.15,1783
2026-06-22 01:51:00,4154.15,4155.88,4153.3,4155.6,1790
2026-06-22 01:54:00,4155.57,4156.69,4155.44,4155.75,1808
2026-06-22 01:57:00,4155.74,4156.83,4155.47,4156.3,1842
2026-06-22 02:00:00,4156.27,4157.04,4155.36,4155.89,1966
2026-06-22 02:03:00,4155.91,4160.11,4155.28,4159.98,1947
2026-06-22 02:06:00,4159.96,4162.43,4158.73,4160.82,2000
2026-06-22 02:09:00,4160.85,4164.59,4160.56,4160.64,2015
2026-06-22 02:12:00,4160.69,4161.1,4158.09,4158.52,1913
2026-06-22 02:15:00,4158.53,4158.62,4153.88,4156.39,2111
2026-06-22 02:18:00,4156.38,4157.68,4154.0,4155.97,1962
2026-06-22 02:21:00,4155.96,4158.76,4154.5,4157.77,2009
2026-06-22 02:24:00,4157.76,4159.1,4154.63,4156.3,1936
2026-06-22 02:27:00,4156.29,4157.38,4155.88,4156.85,1901
2026-06-22 02:30:00,4156.86,4156.89,4150.21,4151.89,2002
2026-06-22 02:33:00,4151.88,4152.56,4142.37,4143.52,2104
2026-06-22 02:36:00,4143.51,4146.13,4142.85,4143.86,2053
2026-06-22 02:39:00,4143.87,4145.16,4141.94,4143.74,2054
2026-06-22 02:42:00,4143.71,4146.04,4143.32,4145.64,1856
2026-06-22 02:45:00,4145.61,4146.97,4136.88,4138.89,2175
2026-06-22 02:48:00,4138.9,4140.34,4136.57,4138.85,2246
2026-06-22 02:51:00,4138.86,4139.81,4136.87,4139.34,2113
2026-06-22 02:54:00,4139.35,4142.63,4136.52,4142.06,2189
2026-06-22 02:57:00,4142.04,4142.64,4138.57,4140.27,2187
2026-06-22 03:00:00,4140.29,4150.52,4140.0,4145.55,2568
2026-06-22 03:03:00,4145.75,4148.07,4141.75,4145.8,2411
2026-06-22 03:06:00,4145.75,4149.11,4143.49,4145.4,2416
2026-06-22 03:09:00,4145.39,4153.87,4145.38,4153.27,2405
2026-06-22 03:12:00,4153.25,4162.51,4152.22,4161.02,2442
2026-06-22 03:15:00,4161.06,4170.59,4160.94,4166.55,2528
2026-06-22 03:18:00,4166.57,4169.15,4161.78,4163.2,2270
2026-06-22 03:21:00,4163.18,4164.92,4161.85,4163.92,2197
2026-06-22 03:24:00,4163.92,4166.45,4162.64,4166.32,2202
2026-06-22 03:27:00,4166.43,4168.04,4163.7,4167.18,2148
2026-06-22 03:30:00,4167.2,4171.1,4165.73,4167.85,2153
2026-06-22 03:33:00,4167.85,4170.53,4165.84,4170.52,2080
2026-06-22 03:36:00,4170.53,4172.59,4168.75,4170.84,2093
2026-06-22 03:39:00,4170.86,4173.47,4169.53,4171.13,2070
2026-06-22 03:42:00,4171.12,4176.33,4170.23,4175.63,2059
2026-06-22 03:45:00,4175.65,4179.96,4175.56,4176.41,2251
2026-06-22 03:48:00,4176.39,4185.09,4176.39,4184.34,2171
2026-06-22 03:51:00,4184.34,4189.37,4184.22,4187.17,2231
2026-06-22 03:54:00,4187.15,4198.2,4186.88,4194.8,2489
2026-06-22 03:57:00,4194.82,4200.94,4194.73,4200.82,2305
2026-06-22 04:00:00,4200.82,4220.89,4200.81,4208.43,3864
2026-06-22 04:03:00,4208.39,4211.3,4202.6,4206.4,3316
2026-06-22 04:06:00,4206.41,4215.56,4204.28,4212.46,3019
2026-06-22 04:09:00,4212.26,4216.05,4206.69,4210.33,2604
2026-06-22 04:12:00,4210.31,4214.14,4207.31,4211.62,2364
2026-06-22 04:15:00,4211.64,4214.88,4208.9,4211.27,2472
2026-06-22 04:18:00,4211.28,4212.37,4206.5,4207.89,2614
2026-06-22 04:21:00,4207.87,4213.0,4205.1,4210.89,2493
2026-06-22 04:24:00,4210.88,4213.17,4206.67,4211.11,2390
2026-06-22 04:27:00,4211.03,4212.89,4207.15,4207.38,2411
2026-06-22 04:30:00,4207.39,4207.4,4196.37,4198.09,2683
2026-06-22 04:33:00,4198.06,4200.19,4195.08,4195.48,2492
2026-06-22 04:36:00,4195.48,4203.38,4194.91,4202.41,2409
2026-06-22 04:39:00,4202.38,4205.02,4200.8,4200.99,2215
2026-06-22 04:42:00,4201.0,4203.25,4198.35,4200.93,2360
2026-06-22 04:45:00,4200.91,4201.95,4195.1,4197.69,2214
2026-06-22 04:48:00,4197.69,4198.64,4193.85,4195.15,2413
2026-06-22 04:51:00,4195.17,4198.45,4192.33,4194.9,2345
2026-06-22 04:54:00,4194.84,4195.48,4192.38,4193.7,2196
2026-06-22 04:57:00,4193.62,4194.55,4189.69,4190.91,2231
2026-06-22 05:00:00,4190.91,4192.83,4188.22,4190.57,2304
2026-06-22 05:03:00,4190.58,4192.01,4188.64,4190.35,2245
2026-06-22 05:06:00,4190.36,4194.93,4189.23,4191.91,2259
2026-06-22 05:09:00,4191.93,4192.77,4186.77,4188.67,2242
2026-06-22 05:12:00,4188.67,4189.6,4183.63,4184.27,2174
2026-06-22 05:15:00,4184.26,4187.74,4183.59,4187.42,2101
2026-06-22 05:18:00,4187.41,4188.7,4187.0,4187.71,2005
2026-06-22 05:21:00,4187.69,4188.76,4183.64,4188.26,2099
2026-06-22 05:24:00,4188.26,4190.21,4187.85,4187.93,1955
2026-06-22 05:27:00,4187.92,4189.88,4186.66,4188.91,1958
2026-06-22 05:30:00,4188.9,4193.41,4187.1,4191.71,2455
2026-06-22 05:33:00,4191.74,4195.09,4191.01,4194.16,2280
2026-06-22 05:36:00,4194.13,4200.26,4193.59,4199.33,2225
2026-06-22 05:39:00,4199.28,4199.31,4193.08,4194.35,2155
2026-06-22 05:42:00,4194.3,4195.2,4190.31,4191.79,2224
2026-06-22 05:45:00,4191.8,4192.34,4187.84,4188.38,2255
2026-06-22 05:48:00,4188.38,4191.6,4187.61,4189.15,2277
2026-06-22 05:51:00,4189.16,4191.56,4188.21,4188.67,2109
2026-06-22 05:54:00,4188.69,4190.52,4188.33,4190.16,2069
2026-06-22 05:57:00,4190.16,4190.47,4187.61,4188.6,1998
2026-06-22 06:00:00,4188.61,4189.74,4186.69,4189.08,2264
2026-06-22 06:03:00,4189.09,4190.07,4187.59,4189.31,2137
2026-06-22 06:06:00,4189.3,4189.69,4184.03,4184.18,2183
2026-06-22 06:09:00,4184.17,4185.94,4180.12,4183.96,2230
2026-06-22 06:12:00,4183.96,4184.85,4178.4,4178.4,2198
2026-06-22 06:15:00,4178.4,4181.06,4174.11,4175.66,2220
2026-06-22 06:18:00,4175.64,4177.25,4173.95,4175.45,2075
2026-06-22 06:21:00,4175.47,4178.0,4173.75,4176.06,2115
2026-06-22 06:24:00,4176.05,4180.84,4176.03,4179.47,2118
2026-06-22 06:27:00,4179.46,4180.57,4177.71,4180.09,2062
2026-06-22 06:30:00,4180.08,4180.73,4177.75,4178.42,1999
2026-06-22 06:33:00,4178.44,4180.56,4178.21,4178.78,1933
2026-06-22 06:36:00,4178.8,4178.82,4176.86,4177.38,1923
2026-06-22 06:39:00,4177.38,4177.58,4175.25,4176.23,1894
2026-06-22 06:42:00,4176.21,4176.41,4175.12,4175.64,1849
2026-06-22 06:45:00,4175.64,4178.14,4174.84,4178.05,1963
2026-06-22 06:48:00,4178.05,4178.79,4175.06,4175.72,1904
2026-06-22 06:51:00,4175.72,4177.52,4174.66,4177.14,1850
2026-06-22 06:54:00,4177.12,4177.25,4172.16,4172.28,1989
2026-06-22 06:57:00,4172.28,4172.78,4170.72,4171.68,1974
2026-06-22 07:00:00,4171.58,4172.6,4170.68,4171.97,2111
2026-06-22 07:03:00,4171.96,4175.23,4171.4,4174.54,1918
2026-06-22 07:06:00,4174.55,4176.97,4173.62,4176.15,1944
2026-06-22 07:09:00,4176.15,4178.36,4176.0,4177.27,1961
2026-06-22 07:12:00,4177.29,4178.02,4176.22,4176.3,1952
2026-06-22 07:15:00,4176.31,4177.65,4175.37,4177.29,1965
2026-06-22 07:18:00,4177.27,4178.06,4175.71,4177.69,1929
2026-06-22 07:21:00,4177.72,4178.84,4176.45,4177.0,1937
2026-06-22 07:24:00,4176.98,4177.06,4175.52,4176.35,1943
2026-06-22 07:27:00,4176.34,4177.45,4174.39,4176.4,1954
2026-06-22 07:30:00,4176.4,4177.67,4175.83,4177.17,1949
2026-06-22 07:33:00,4177.16,4177.57,4175.91,4176.14,1879
2026-06-22 07:36:00,4176.12,4178.83,4175.17,4177.47,2043
2026-06-22 07:39:00,4177.45,4178.19,4174.68,4175.27,1948
2026-06-22 07:42:00,4175.23,4176.92,4175.2,4176.76,1895
2026-06-22 07:45:00,4176.76,4179.98,4176.18,4178.05,1985
2026-06-22 07:48:00,4178.04,4179.12,4176.78,4179.0,1893
2026-06-22 07:51:00,4179.0,4180.21,4178.73,4179.87,1909
2026-06-22 07:54:00,4179.87,4180.03,4177.59,4177.76,1907
2026-06-22 07:57:00,4177.75,4182.19,4177.35,4181.79,1907
2026-06-22 08:00:00,4181.8,4182.16,4180.3,4181.7,2031
2026-06-22 08:03:00,4181.71,4182.05,4179.54,4179.9,2036
2026-06-22 08:06:00,4179.93,4184.46,4179.38,4184.32,2073
2026-06-22 08:09:00,4184.33,4186.1,4182.52,4182.89,2034
2026-06-22 08:12:00,4182.91,4186.43,4182.88,4185.42,1982
2026-06-22 08:15:00,4185.43,4187.68,4184.49,4187.5,1995
2026-06-22 08:18:00,4187.5,4188.01,4185.44,4187.72,1978
2026-06-22 08:21:00,4187.74,4188.18,4186.79,4187.3,1945
2026-06-22 08:24:00,4187.3,4189.5,4186.91,4188.27,2012
2026-06-22 08:27:00,4188.27,4194.17,4187.66,4193.98,2013
2026-06-22 08:30:00,4193.94,4196.79,4189.4,4190.34,2607
2026-06-22 08:33:00,4190.34,4193.98,4189.65,4193.75,2281
2026-06-22 08:36:00,4193.75,4198.06,4192.94,4196.96,2289
2026-06-22 08:39:00,4196.98,4198.58,4193.48,4193.62,2290
2026-06-22 08:42:00,4193.65,4195.43,4192.19,4193.14,2223
2026-06-22 08:45:00,4193.13,4194.0,4191.28,4192.35,2031
2026-06-22 08:48:00,4192.36,4193.63,4190.31,4193.26,2115
2026-06-22 08:51:00,4193.25,4196.42,4192.43,4196.13,2171
2026-06-22 08:54:00,4196.14,4196.97,4194.81,4196.03,2080
2026-06-22 08:57:00,4196.03,4196.04,4193.31,4193.79,2195
2026-06-22 09:00:00,4193.77,4195.48,4193.0,4194.58,2287
2026-06-22 09:03:00,4194.58,4196.34,4191.26,4193.66,2191
2026-06-22 09:06:00,4193.66,4195.66,4192.75,4194.99,2192
2026-06-22 09:09:00,4194.99,4198.41,4193.65,4195.42,2248
2026-06-22 09:12:00,4195.44,4197.43,4193.38,4194.54,2165
2026-06-22 09:15:00,4194.57,4198.05,4193.88,4197.27,2169
2026-06-22 09:18:00,4197.26,4200.02,4196.51,4198.11,2193
2026-06-22 09:21:00,4198.12,4198.76,4195.68,4198.36,2323
2026-06-22 09:24:00,4198.35,4200.82,4197.77,4197.79,2373
2026-06-22 09:27:00,4197.79,4199.1,4196.07,4196.66,2243
2026-06-22 09:30:00,4196.66,4198.38,4194.9,4196.7,2317
2026-06-22 09:33:00,4196.67,4199.77,4196.66,4199.57,2393
2026-06-22 09:36:00,4199.55,4200.13,4197.33,4198.52,2151
2026-06-22 09:39:00,4198.53,4200.54,4197.18,4200.37,2487
2026-06-22 09:42:00,4200.39,4202.57,4199.48,4202.21,2118
2026-06-22 09:45:00,4202.22,4204.72,4201.48,4202.39,2176
2026-06-22 09:48:00,4202.4,4204.7,4202.04,4204.31,2443
2026-06-22 09:51:00,4204.28,4207.35,4204.08,4204.76,2152
2026-06-22 09:54:00,4204.77,4205.91,4202.48,4204.45,2247
2026-06-22 09:57:00,4204.47,4204.48,4197.25,4197.58,2149
2026-06-22 10:00:00,4197.69,4201.13,4197.33,4201.04,2244
2026-06-22 10:03:00,4201.04,4201.04,4197.47,4199.42,2170
2026-06-22 10:06:00,4199.48,4201.3,4199.41,4200.45,2278
2026-06-22 10:09:00,4200.46,4200.96,4198.51,4199.73,2220
2026-06-22 10:12:00,4199.74,4200.87,4198.93,4199.49,2253
2026-06-22 10:15:00,4199.45,4201.83,4198.77,4200.0,2008
2026-06-22 10:18:00,4200.0,4201.34,4198.61,4198.68,2011
2026-06-22 10:21:00,4198.68,4200.14,4197.13,4197.25,2036
2026-06-22 10:24:00,4197.24,4198.74,4197.03,4197.4,2016
2026-06-22 10:27:00,4197.41,4198.28,4197.11,4197.69,2000
2026-06-22 10:30:00,4197.68,4198.11,4193.86,4198.0,2085
2026-06-22 10:33:00,4198.01,4199.78,4196.72,4197.72,2064
2026-06-22 10:36:00,4197.73,4198.2,4195.48,4197.06,2016
2026-06-22 10:39:00,4197.06,4197.48,4192.78,4192.78,2232
2026-06-22 10:42:00,4192.78,4194.66,4192.45,4194.55,2200
2026-06-22 10:45:00,4194.5,4194.53,4192.16,4192.32,1983
2026-06-22 10:48:00,4192.33,4196.08,4192.32,4195.68,1920
2026-06-22 10:51:00,4195.71,4195.71,4190.77,4190.77,2049
2026-06-22 10:54:00,4190.78,4192.52,4189.99,4190.02,2325
2026-06-22 10:57:00,4190.0,4191.5,4188.85,4190.46,2091
2026-06-22 11:00:00,4190.46,4191.08,4188.64,4191.08,2132
2026-06-22 11:03:00,4191.07,4194.73,4189.22,4193.5,2102
2026-06-22 11:06:00,4193.53,4193.53,4191.23,4191.58,2009
2026-06-22 11:09:00,4191.58,4192.57,4189.17,4190.12,2104
2026-06-22 11:12:00,4190.12,4191.69,4189.8,4190.01,2035
2026-06-22 11:15:00,4190.01,4191.86,4189.21,4190.44,1999
2026-06-22 11:18:00,4190.43,4192.54,4189.43,4192.54,2020
2026-06-22 11:21:00,4192.54,4195.33,4191.69,4192.95,2260
2026-06-22 11:24:00,4192.96,4193.52,4190.25,4190.27,2162
2026-06-22 11:27:00,4190.31,4193.12,4189.65,4191.71,2415
2026-06-22 11:30:00,4191.73,4191.88,4189.21,4189.59,2420
2026-06-22 11:33:00,4189.59,4193.16,4189.2,4192.2,2119
2026-06-22 11:36:00,4192.21,4194.29,4191.09,4191.12,2235
2026-06-22 11:39:00,4191.09,4193.15,4190.56,4192.93,2198
2026-06-22 11:42:00,4192.84,4193.7,4192.33,4193.65,2130
2026-06-22 11:45:00,4193.63,4194.43,4192.91,4193.71,1927
2026-06-22 11:48:00,4193.7,4195.67,4192.69,4194.83,1918
2026-06-22 11:51:00,4194.8,4197.64,4192.26,4197.34,1997
2026-06-22 11:54:00,4197.31,4197.33,4195.47,4196.52,1980
2026-06-22 11:57:00,4196.52,4197.67,4194.66,4197.35,1982
2026-06-22 12:00:00,4197.36,4198.99,4196.02,4198.51,2047
2026-06-22 12:03:00,4198.5,4203.8,4197.8,4203.15,2158
2026-06-22 12:06:00,4203.06,4209.45,4203.04,4208.71,2376
2026-06-22 12:09:00,4208.69,4209.46,4206.26,4206.34,2067
2026-06-22 12:12:00,4206.31,4206.32,4203.22,4204.96,2007
2026-06-22 12:15:00,4204.96,4206.67,4204.44,4206.13,1999
2026-06-22 12:18:00,4206.12,4208.23,4205.82,4207.47,2018
2026-06-22 12:21:00,4207.45,4209.2,4205.1,4206.08,2016
2026-06-22 12:24:00,4206.1,4206.9,4204.2,4205.14,1988
2026-06-22 12:27:00,4205.16,4205.17,4203.05,4204.03,2097
2026-06-22 12:30:00,4204.05,4205.87,4201.46,4205.84,2045
2026-06-22 12:33:00,4205.84,4209.89,4205.19,4206.94,2279
2026-06-22 12:36:00,4206.92,4207.99,4204.54,4207.26,2016
2026-06-22 12:39:00,4207.28,4209.98,4207.24,4208.23,1988
2026-06-22 12:42:00,4208.25,4209.23,4206.51,4206.84,2001
2026-06-22 12:45:00,4206.83,4207.91,4204.32,4207.77,1988
2026-06-22 12:48:00,4207.75,4207.91,4206.44,4206.56,1919
2026-06-22 12:51:00,4206.57,4209.84,4206.56,4208.81,1912
2026-06-22 12:54:00,4208.8,4209.94,4208.22,4209.83,1930
2026-06-22 12:57:00,4209.83,4210.02,4207.94,4208.21,2216
2026-06-22 13:00:00,4208.19,4210.17,4207.85,4209.32,1931
2026-06-22 13:03:00,4209.3,4209.77,4208.17,4208.73,1945
2026-06-22 13:06:00,4208.72,4210.16,4208.28,4209.37,2038
2026-06-22 13:09:00,4209.32,4214.13,4208.93,4213.6,2125
2026-06-22 13:12:00,4213.57,4214.16,4210.53,4212.92,2074
2026-06-22 13:15:00,4212.89,4212.92,4210.35,4211.94,2015
2026-06-22 13:18:00,4211.91,4211.94,4208.9,4209.07,1971
2026-06-22 13:21:00,4209.19,4210.69,4208.21,4210.26,1963
2026-06-22 13:24:00,4210.25,4214.17,4210.1,4212.68,1942
2026-06-22 13:27:00,4212.67,4212.87,4209.29,4210.04,1980
2026-06-22 13:30:00,4210.04,4210.89,4209.08,4210.31,1966
2026-06-22 13:33:00,4210.34,4210.91,4209.25,4210.33,1956
2026-06-22 13:36:00,4210.32,4211.68,4209.52,4209.94,1969
2026-06-22 13:39:00,4209.94,4210.55,4208.91,4210.05,1909
2026-06-22 13:42:00,4210.07,4210.48,4208.25,4208.57,1906
2026-06-22 13:45:00,4208.58,4208.97,4205.03,4205.11,1937
2026-06-22 13:48:00,4205.1,4207.11,4204.5,4206.36,1979
2026-06-22 13:51:00,4206.35,4207.57,4205.56,4207.52,1921
2026-06-22 13:54:00,4207.48,4209.43,4205.38,4205.51,1999
2026-06-22 13:57:00,4205.48,4205.52,4203.67,4204.69,2172
2026-06-22 14:00:00,4204.71,4206.98,4204.57,4206.5,2083
2026-06-22 14:03:00,4206.5,4214.44,4204.75,4213.87,2380
2026-06-22 14:06:00,4213.89,4215.11,4210.7,4211.52,2629
2026-06-22 14:09:00,4211.55,4211.81,4206.88,4207.95,2196
2026-06-22 14:12:00,4207.92,4208.75,4206.47,4208.02,2101
2026-06-22 14:15:00,4208.05,4208.21,4206.62,4207.95,1972
2026-06-22 14:18:00,4207.96,4209.17,4207.4,4208.99,1961
2026-06-22 14:21:00,4209.0,4209.62,4206.53,4208.08,1920
2026-06-22 14:24:00,4208.11,4208.28,4205.51,4206.28,1929
2026-06-22 14:27:00,4206.3,4206.58,4203.4,4204.04,1919
2026-06-22 14:30:00,4204.04,4206.7,4203.51,4206.26,1976
2026-06-22 14:33:00,4206.25,4208.01,4204.85,4205.43,1910
2026-06-22 14:36:00,4205.44,4205.61,4202.15,4203.33,1948
2026-06-22 14:39:00,4203.26,4208.12,4202.78,4206.1,2036
2026-06-22 14:42:00,4206.11,4206.75,4204.9,4206.62,1936
2026-06-22 14:45:00,4206.62,4206.69,4204.06,4204.2,1955
2026-06-22 14:48:00,4204.22,4205.38,4203.33,4203.65,1983
2026-06-22 14:51:00,4203.67,4204.3,4201.48,4204.16,2010
2026-06-22 14:54:00,4204.12,4207.41,4204.12,4205.63,2022
2026-06-22 14:57:00,4205.63,4207.62,4204.96,4207.43,1993
2026-06-22 15:00:00,4207.43,4209.15,4205.88,4208.77,2069
2026-06-22 15:03:00,4208.75,4211.09,4208.45,4209.0,2043
2026-06-22 15:06:00,4209.02,4210.69,4206.66,4206.94,2015
2026-06-22 15:09:00,4206.97,4208.4,4205.38,4207.87,2028
2026-06-22 15:12:00,4207.89,4209.72,4207.37,4207.37,1939
2026-06-22 15:15:00,4207.38,4208.7,4206.18,4207.85,1973
2026-06-22 15:18:00,4207.87,4210.75,4206.89,4207.88,2079
2026-06-22 15:21:00,4207.91,4211.78,4207.63,4211.13,2126
2026-06-22 15:24:00,4211.12,4211.68,4207.21,4207.21,2054
2026-06-22 15:27:00,4207.22,4209.32,4206.32,4208.53,2023
2026-06-22 15:30:00,4208.54,4208.82,4203.37,4204.74,2075
2026-06-22 15:33:00,4204.74,4206.2,4204.15,4205.44,1982
2026-06-22 15:36:00,4205.45,4205.5,4203.27,4204.62,2122
2026-06-22 15:39:00,4204.59,4205.31,4202.86,4204.21,2092
2026-06-22 15:42:00,4204.18,4204.33,4200.9,4203.89,2082
2026-06-22 15:45:00,4203.89,4204.9,4199.65,4200.12,2072
2026-06-22 15:48:00,4200.15,4202.62,4198.37,4199.23,2088
2026-06-22 15:51:00,4199.24,4200.19,4197.41,4197.82,2049
2026-06-22 15:54:00,4197.8,4198.4,4194.96,4195.05,2096
2026-06-22 15:57:00,4194.97,4195.46,4192.25,4193.21,2103
2026-06-22 16:00:00,4193.36,4197.04,4191.02,4194.0,3100
2026-06-22 16:03:00,4193.99,4196.03,4192.01,4193.54,2545
2026-06-22 16:06:00,4193.53,4193.64,4188.79,4191.0,2395
2026-06-22 16:09:00,4190.99,4194.68,4190.01,4193.09,2448
2026-06-22 16:12:00,4193.1,4194.37,4190.81,4194.32,2231
2026-06-22 16:15:00,4194.3,4196.65,4193.68,4195.39,2295
2026-06-22 16:18:00,4195.39,4196.87,4190.54,4190.82,2205
2026-06-22 16:21:00,4190.81,4193.52,4189.19,4192.5,2265
2026-06-22 16:24:00,4192.5,4192.87,4188.46,4190.04,2238
2026-06-22 16:27:00,4190.0,4190.45,4185.42,4186.92,2262
2026-06-22 16:30:00,4186.9,4188.17,4183.2,4184.61,2818
2026-06-22 16:33:00,4184.62,4188.47,4182.97,4187.98,2645
2026-06-22 16:36:00,4187.97,4192.91,4187.68,4189.79,2449
2026-06-22 16:39:00,4189.74,4194.55,4188.58,4188.62,2634
2026-06-22 16:42:00,4188.61,4194.41,4187.54,4191.02,2853
2026-06-22 16:45:00,4191.05,4198.41,4187.54,4198.41,2866
2026-06-22 16:48:00,4198.46,4202.7,4197.93,4202.43,2781
2026-06-22 16:51:00,4202.42,4202.64,4200.07,4201.76,2514
2026-06-22 16:54:00,4201.76,4205.73,4200.8,4203.05,2639
2026-06-22 16:57:00,4203.04,4204.02,4198.81,4199.87,2235
2026-06-22 17:00:00,4199.88,4200.38,4194.33,4194.57,2543
2026-06-22 17:03:00,4194.54,4199.33,4193.82,4198.08,2571
2026-06-22 17:06:00,4198.08,4210.74,4197.75,4208.99,2892
2026-06-22 17:09:00,4208.97,4210.06,4200.65,4202.13,2705
2026-06-22 17:12:00,4202.13,4207.09,4202.0,4205.33,2553
2026-06-22 17:15:00,4205.32,4206.18,4198.81,4198.93,2549
2026-06-22 17:18:00,4198.91,4200.77,4192.37,4194.14,2717
2026-06-22 17:21:00,4194.11,4196.58,4192.46,4194.01,2596
2026-06-22 17:24:00,4194.03,4195.9,4191.12,4195.71,2644
2026-06-22 17:27:00,4195.7,4196.81,4191.85,4191.97,2650
2026-06-22 17:30:00,4191.95,4192.63,4187.89,4188.46,2697
2026-06-22 17:33:00,4188.49,4190.0,4186.59,4189.67,2563
2026-06-22 17:36:00,4189.65,4191.63,4187.73,4190.41,2594
2026-06-22 17:39:00,4190.43,4193.59,4190.42,4193.59,2479
2026-06-22 17:42:00,4193.47,4197.59,4192.72,4192.91,2575
2026-06-22 17:45:00,4192.97,4206.16,4192.92,4202.27,2756
2026-06-22 17:48:00,4202.19,4203.02,4200.07,4201.38,2584
2026-06-22 17:51:00,4201.36,4202.58,4198.98,4200.26,2610
2026-06-22 17:54:00,4200.28,4201.46,4196.15,4197.57,2585
2026-06-22 17:57:00,4197.55,4200.38,4196.9,4198.29,2683
2026-06-22 18:00:00,4198.28,4201.32,4197.49,4198.18,2419
2026-06-22 18:03:00,4198.19,4199.58,4195.71,4196.25,2493
2026-06-22 18:06:00,4196.22,4198.73,4194.87,4198.43,2482
2026-06-22 18:09:00,4198.46,4198.76,4194.73,4198.58,2585
2026-06-22 18:12:00,4198.57,4198.92,4196.88,4197.75,2251
2026-06-22 18:15:00,4197.75,4197.89,4193.98,4195.54,2385
2026-06-22 18:18:00,4195.53,4195.83,4189.78,4190.38,2500
2026-06-22 18:21:00,4190.4,4191.46,4189.11,4190.31,2296
2026-06-22 18:24:00,4190.33,4192.16,4188.37,4188.73,2409
2026-06-22 18:27:00,4188.62,4191.02,4188.19,4189.01,2454
2026-06-22 18:30:00,4189.03,4190.33,4187.64,4188.25,2401
2026-06-22 18:33:00,4188.19,4190.35,4184.76,4186.18,2352
2026-06-22 18:36:00,4186.2,4187.29,4183.14,4183.49,2199
2026-06-22 18:39:00,4183.49,4185.37,4180.39,4183.35,2360
2026-06-22 18:42:00,4183.36,4183.87,4180.41,4180.96,2241
2026-06-22 18:45:00,4180.94,4181.08,4175.51,4175.86,2150
2026-06-22 18:48:00,4176.43,4176.84,4169.77,4176.1,2407
2026-06-22 18:51:00,4176.16,4176.42,4173.78,4175.05,2279
2026-06-22 18:54:00,4175.02,4182.41,4174.96,4181.67,2294
2026-06-22 18:57:00,4181.7,4185.09,4181.4,4182.91,2416
2026-06-22 19:00:00,4182.9,4184.92,4178.86,4178.98,2319
2026-06-22 19:03:00,4179.0,4179.77,4176.83,4177.54,2335
2026-06-22 19:06:00,4177.55,4179.41,4177.12,4178.91,2248
2026-06-22 19:09:00,4178.92,4179.28,4174.47,4175.39,2274
2026-06-22 19:12:00,4175.36,4178.37,4174.82,4177.66,2199
2026-06-22 19:15:00,4177.64,4179.91,4176.25,4179.05,2115
2026-06-22 19:18:00,4179.08,4180.22,4177.59,4179.91,2327
2026-06-22 19:21:00,4179.9,4182.85,4179.89,4180.78,2206
2026-06-22 19:24:00,4180.76,4182.47,4179.98,4180.33,2487
2026-06-22 19:27:00,4180.33,4182.88,4180.27,4182.74,2140
2026-06-22 19:30:00,4182.72,4184.44,4181.34,4183.93,2106
2026-06-22 19:33:00,4183.94,4186.27,4183.05,4184.37,2062
2026-06-22 19:36:00,4184.38,4186.23,4183.7,4184.79,2051
2026-06-22 19:39:00,4184.78,4185.24,4181.24,4182.44,2127
2026-06-22 19:42:00,4182.43,4182.91,4181.87,4181.91,2039
2026-06-22 19:45:00,4181.88,4183.69,4180.85,4183.68,1971
2026-06-22 19:48:00,4183.67,4186.37,4183.09,4186.37,2092
2026-06-22 19:51:00,4186.36,4187.49,4186.25,4186.75,1916
2026-06-22 19:54:00,4186.75,4187.83,4186.29,4187.33,1968
2026-06-22 19:57:00,4187.35,4192.57,4186.55,4189.8,2136
2026-06-22 20:00:00,4189.79,4191.2,4188.18,4188.74,2135
2026-06-22 20:03:00,4188.7,4190.27,4187.21,4187.4,2048
2026-06-22 20:06:00,4187.4,4187.8,4186.29,4187.12,2028
2026-06-22 20:09:00,4187.1,4188.36,4186.28,4188.3,1999
2026-06-22 20:12:00,4188.28,4188.41,4186.03,4186.73,2005
2026-06-22 20:15:00,4186.71,4189.85,4186.52,4188.33,2016
2026-06-22 20:18:00,4188.32,4190.69,4188.1,4189.95,1953
2026-06-22 20:21:00,4189.94,4191.63,4189.91,4190.94,1990
2026-06-22 20:24:00,4190.93,4191.21,4187.18,4187.63,2157
2026-06-22 20:27:00,4187.61,4188.68,4183.31,4184.2,2289
2026-06-22 20:30:00,4184.17,4184.82,4180.03,4180.08,2095
2026-06-22 20:33:00,4180.08,4180.13,4177.63,4177.97,2302
2026-06-22 20:36:00,4177.95,4180.83,4177.04,4180.66,2177
2026-06-22 20:39:00,4180.66,4181.75,4180.42,4181.04,2104
2026-06-22 20:42:00,4181.01,4181.89,4180.23,4181.65,2048
2026-06-22 20:45:00,4181.62,4182.96,4180.03,4182.37,2078
2026-06-22 20:48:00,4182.35,4183.38,4182.0,4182.06,2253
2026-06-22 20:51:00,4182.05,4182.74,4180.78,4182.21,2013
2026-06-22 20:54:00,4182.21,4183.7,4181.98,4183.18,1854
2026-06-22 20:57:00,4183.18,4183.56,4181.97,4182.95,1996
2026-06-22 21:00:00,4183.1,4185.26,4182.5,4184.2,2120
2026-06-22 21:03:00,4184.2,4184.58,4183.05,4183.38,2022
2026-06-22 21:06:00,4183.37,4184.64,4182.96,4184.33,2016
2026-06-22 21:09:00,4184.32,4186.23,4183.53,4185.13,1994
2026-06-22 21:12:00,4185.13,4185.24,4183.66,4183.96,2053
2026-06-22 21:15:00,4183.95,4186.98,4183.95,4185.47,2033
2026-06-22 21:18:00,4185.48,4188.39,4185.25,4187.99,2087
2026-06-22 21:21:00,4188.0,4189.76,4187.44,4188.85,2010
2026-06-22 21:24:00,4188.84,4189.21,4187.24,4187.88,2286
2026-06-22 21:27:00,4187.87,4188.26,4186.62,4188.09,2094
2026-06-22 21:30:00,4188.08,4189.44,4186.18,4186.98,2239
2026-06-22 21:33:00,4186.95,4187.51,4186.13,4187.46,2230
2026-06-22 21:36:00,4187.44,4188.18,4187.17,4187.67,2304
2026-06-22 21:39:00,4187.72,4188.96,4186.27,4188.94,2121
2026-06-22 21:42:00,4188.93,4189.98,4188.37,4189.82,2243
2026-06-22 21:45:00,4189.82,4192.83,4189.64,4191.56,1980
2026-06-22 21:48:00,4191.56,4192.42,4190.67,4191.77,2320
2026-06-22 21:51:00,4191.78,4191.96,4189.95,4190.94,2041
2026-06-22 21:54:00,4190.91,4191.72,4189.78,4191.31,2101
2026-06-22 21:57:00,4191.32,4191.47,4190.3,4191.27,2322
2026-06-22 22:00:00,4191.27,4192.3,4191.11,4192.01,2226
2026-06-22 22:03:00,4192.01,4193.38,4191.35,4191.99,2332
2026-06-22 22:06:00,4192.01,4192.51,4191.36,4192.11,2330
2026-06-22 22:09:00,4192.1,4193.04,4191.17,4191.7,2481
2026-06-22 22:12:00,4191.67,4192.17,4190.95,4191.39,2330
2026-06-22 22:15:00,4191.38,4192.02,4189.95,4190.86,2007
2026-06-22 22:18:00,4190.87,4191.44,4189.26,4189.26,2410
2026-06-22 22:21:00,4189.28,4189.53,4187.61,4188.24,2052
2026-06-22 22:24:00,4188.25,4189.05,4187.95,4188.06,2209
2026-06-22 22:27:00,4188.08,4188.89,4187.34,4187.4,2299
2026-06-22 22:30:00,4187.4,4187.62,4186.0,4187.25,2053
2026-06-22 22:33:00,4187.23,4187.5,4186.61,4187.25,2444
2026-06-22 22:36:00,4187.23,4190.27,4187.0,4188.64,2124
2026-06-22 22:39:00,4188.63,4188.65,4186.09,4186.54,1951
2026-06-22 22:42:00,4186.57,4186.62,4184.32,4184.53,2400
2026-06-22 22:45:00,4184.49,4185.91,4184.16,4185.8,2039
2026-06-22 22:48:00,4185.8,4186.33,4184.84,4186.02,2156
2026-06-22 22:51:00,4186.03,4187.6,4184.83,4187.51,2345
2026-06-22 22:54:00,4187.5,4189.23,4186.18,4186.56,2116
2026-06-22 22:57:00,4186.55,4191.53,4186.49,4190.81,2230
2026-06-22 23:00:00,4190.74,4193.78,4190.09,4193.43,1966
2026-06-22 23:03:00,4193.43,4193.57,4192.01,4192.61,1919
2026-06-22 23:06:00,4192.62,4193.01,4191.17,4191.21,1914
2026-06-22 23:09:00,4191.19,4191.86,4190.54,4191.43,1963
2026-06-22 23:12:00,4191.44,4191.48,4190.55,4190.86,1861
2026-06-22 23:15:00,4190.85,4190.92,4189.87,4190.35,1768
2026-06-22 23:18:00,4190.33,4191.6,4190.33,4190.64,1741
2026-06-22 23:21:00,4190.63,4190.64,4188.61,4189.64,1798
2026-06-22 23:24:00,4189.63,4191.31,4189.51,4190.61,1792
2026-06-22 23:27:00,4190.61,4191.24,4190.11,4190.38,1758
2026-06-22 23:30:00,4190.37,4190.82,4189.54,4190.65,1761
2026-06-22 23:33:00,4190.66,4192.05,4190.55,4191.53,1741
2026-06-22 23:36:00,4191.54,4193.72,4191.45,4193.23,1810
2026-06-22 23:39:00,4193.25,4193.73,4192.32,4192.46,1768
2026-06-22 23:42:00,4192.45,4193.4,4192.16,4192.85,1760
2026-06-22 23:45:00,4192.86,4193.32,4190.68,4191.13,1833
2026-06-22 23:48:00,4191.14,4191.81,4190.99,4191.51,1771
2026-06-22 23:51:00,4191.5,4191.72,4190.92,4191.39,1746
2026-06-22 23:54:00,4191.42,4192.44,4191.42,4192.35,1813
2026-06-22 23:57:00,4192.34,4192.44,4191.08,4191.35,1173
2026-06-23 01:00:00,4193.63,4194.56,4191.42,4194.0,4639
2026-06-23 01:03:00,4193.98,4194.47,4192.37,4193.52,1879
2026-06-23 01:06:00,4193.52,4193.53,4191.82,4192.33,1764
2026-06-23 01:09:00,4192.33,4193.39,4192.04,4193.02,1812
2026-06-23 01:12:00,4193.03,4193.2,4192.28,4192.54,1744
2026-06-23 01:15:00,4192.54,4193.11,4191.26,4191.96,1778
2026-06-23 01:18:00,4191.99,4192.55,4191.75,4191.87,1710
2026-06-23 01:21:00,4191.88,4192.71,4191.59,4191.81,1756
2026-06-23 01:24:00,4191.84,4192.13,4191.65,4191.73,1717
2026-06-23 01:27:00,4191.75,4193.4,4191.73,4192.91,1700
2026-06-23 01:30:00,4192.92,4194.55,4192.31,4194.1,1801
2026-06-23 01:33:00,4194.1,4194.56,4191.32,4191.41,1815
2026-06-23 01:36:00,4191.41,4192.27,4190.01,4191.68,1828
2026-06-23 01:39:00,4191.65,4192.05,4189.34,4190.65,1761
2026-06-23 01:42:00,4190.65,4191.43,4189.91,4189.95,1725
2026-06-23 01:45:00,4189.95,4190.25,4188.61,4189.45,1766
2026-06-23 01:48:00,4189.43,4189.7,4188.52,4189.57,1775
2026-06-23 01:51:00,4189.57,4189.8,4188.76,4189.14,1729
2026-06-23 01:54:00,4189.15,4190.39,4189.14,4189.66,1734
2026-06-23 01:57:00,4189.66,4190.72,4189.31,4189.9,1754
2026-06-23 02:00:00,4189.93,4192.99,4189.48,4192.44,1810
2026-06-23 02:03:00,4192.44,4192.47,4190.39,4190.8,1858
2026-06-23 02:06:00,4190.81,4191.89,4190.49,4191.47,1783
2026-06-23 02:09:00,4191.47,4192.12,4191.0,4191.01,1733
2026-06-23 02:12:00,4190.99,4191.3,4190.59,4191.01,1686
2026-06-23 02:15:00,4191.0,4191.56,4190.3,4191.5,1737
2026-06-23 02:18:00,4191.53,4191.84,4191.06,4191.68,1752
2026-06-23 02:21:00,4191.66,4191.84,4190.42,4190.88,1727
2026-06-23 02:24:00,4190.88,4190.89,4190.27,4190.53,1781
2026-06-23 02:27:00,4190.52,4191.42,4190.51,4191.04,1733
2026-06-23 02:30:00,4191.03,4192.35,4190.78,4192.0,1756
2026-06-23 02:33:00,4191.99,4193.54,4191.98,4193.25,1740
2026-06-23 02:36:00,4193.27,4194.97,4193.11,4194.49,1805
2026-06-23 02:39:00,4194.5,4195.33,4193.97,4195.18,1813
2026-06-23 02:42:00,4195.18,4195.19,4194.48,4194.97,1766
2026-06-23 02:45:00,4194.99,4194.99,4192.52,4193.14,1836
2026-06-23 02:48:00,4193.13,4193.7,4188.39,4188.4,1953
2026-06-23 02:51:00,4188.39,4189.47,4186.76,4188.96,1967
2026-06-23 02:54:00,4188.96,4189.44,4187.23,4189.05,1883
2026-06-23 02:57:00,4189.06,4189.67,4187.55,4187.55,1811
2026-06-23 03:00:00,4187.56,4192.21,4186.67,4190.25,2214
2026-06-23 03:03:00,4190.22,4190.91,4187.53,4189.02,1997
2026-06-23 03:06:00,4189.05,4189.06,4183.66,4184.92,2156
2026-06-23 03:09:00,4184.92,4185.59,4180.1,4180.11,2079
2026-06-23 03:12:00,4180.12,4181.04,4178.35,4178.84,2165
2026-06-23 03:15:00,4178.83,4182.58,4178.8,4182.02,2223
2026-06-23 03:18:00,4182.02,4183.28,4180.16,4182.19,1977
2026-06-23 03:21:00,4182.2,4183.3,4178.8,4179.38,2064
2026-06-23 03:24:00,4179.39,4183.88,4179.35,4182.93,2106
2026-06-23 03:27:00,4182.91,4185.74,4182.09,4183.8,2076
2026-06-23 03:30:00,4183.8,4186.19,4182.78,4184.76,2223
2026-06-23 03:33:00,4184.76,4186.0,4183.55,4183.59,2096
2026-06-23 03:36:00,4183.61,4185.35,4182.22,4185.29,2101
2026-06-23 03:39:00,4185.27,4186.27,4184.07,4184.68,2095
2026-06-23 03:42:00,4184.66,4193.43,4184.51,4192.62,2081
2026-06-23 03:45:00,4192.63,4194.63,4190.86,4192.26,2366
2026-06-23 03:48:00,4192.26,4192.71,4190.15,4191.43,2141
2026-06-23 03:51:00,4191.41,4194.18,4190.66,4190.83,2162
2026-06-23 03:54:00,4190.82,4192.33,4190.1,4191.92,2074
2026-06-23 03:57:00,4191.94,4193.82,4191.52,4193.31,2076
2026-06-23 04:00:00,4193.3,4198.26,4192.02,4195.42,2520
2026-06-23 04:03:00,4195.62,4195.62,4187.41,4189.03,2485
2026-06-23 04:06:00,4189.04,4194.21,4185.06,4191.09,2398
2026-06-23 04:09:00,4191.08,4191.6,4185.79,4186.48,2218
2026-06-23 04:12:00,4186.48,4187.31,4185.02,4185.34,2205
2026-06-23 04:15:00,4185.33,4185.83,4175.62,4176.99,2621
2026-06-23 04:18:00,4177.0,4177.84,4170.91,4171.22,2600
2026-06-23 04:21:00,4171.22,4179.22,4170.84,4179.11,2337
2026-06-23 04:24:00,4179.13,4180.19,4176.71,4178.02,2227
2026-06-23 04:27:00,4178.04,4180.94,4177.18,4178.19,2233
2026-06-23 04:30:00,4178.22,4178.67,4172.03,4172.74,2440
2026-06-23 04:33:00,4172.73,4173.7,4168.33,4168.98,2416
2026-06-23 04:36:00,4168.97,4169.41,4160.89,4163.41,2524
2026-06-23 04:39:00,4163.36,4165.16,4160.98,4162.3,2436
2026-06-23 04:42:00,4162.1,4162.11,4153.52,4154.36,2494
2026-06-23 04:45:00,4154.38,4155.65,4150.8,4154.47,2464
2026-06-23 04:48:00,4154.45,4154.46,4150.12,4152.52,2536
2026-06-23 04:51:00,4152.49,4157.68,4150.85,4156.35,2498
2026-06-23 04:54:00,4156.35,4159.03,4155.27,4158.5,2418
2026-06-23 04:57:00,4158.53,4162.88,4158.5,4161.27,2379
2026-06-23 05:00:00,4161.25,4163.14,4156.58,4159.62,2269
2026-06-23 05:03:00,4159.62,4161.04,4154.53,4154.74,2247
2026-06-23 05:06:00,4154.73,4155.2,4150.99,4151.31,2255
2026-06-23 05:09:00,4151.3,4153.46,4149.04,4149.15,2270
2026-06-23 05:12:00,4149.18,4153.88,4149.02,4153.69,2157
2026-06-23 05:15:00,4153.68,4157.43,4153.44,4156.65,2108
2026-06-23 05:18:00,4156.67,4160.43,4156.39,4158.36,2043
2026-06-23 05:21:00,4158.37,4160.16,4157.81,4159.35,1913
2026-06-23 05:24:00,4159.39,4161.71,4159.1,4161.42,1952
2026-06-23 05:27:00,4161.42,4163.51,4161.35,4161.92,2040
2026-06-23 05:30:00,4161.92,4162.3,4158.33,4160.72,2330
2026-06-23 05:33:00,4160.72,4161.03,4156.06,4157.43,2162
2026-06-23 05:36:00,4157.43,4159.28,4156.75,4159.1,2115
2026-06-23 05:39:00,4159.1,4159.1,4152.29,4154.64,2297
2026-06-23 05:42:00,4154.66,4156.7,4154.13,4154.98,2186
2026-06-23 05:45:00,4155.01,4156.78,4152.05,4152.99,2232
2026-06-23 05:48:00,4152.96,4155.85,4152.96,4155.56,2158
2026-06-23 05:51:00,4155.54,4155.86,4154.02,4154.72,2037
2026-06-23 05:54:00,4154.71,4155.16,4151.77,4153.8,2040
2026-06-23 05:57:00,4153.8,4153.84,4146.6,4146.89,2259
2026-06-23 06:00:00,4146.92,4149.65,4140.74,4142.76,2410
2026-06-23 06:03:00,4142.78,4144.78,4140.11,4140.69,2315
2026-06-23 06:06:00,4140.72,4142.57,4139.48,4141.96,2255
2026-06-23 06:09:00,4141.94,4143.04,4139.45,4139.49,2283
2026-06-23 06:12:00,4139.48,4143.13,4138.86,4142.07,2153
2026-06-23 06:15:00,4142.07,4144.08,4138.23,4138.88,2248
2026-06-23 06:18:00,4138.88,4138.9,4132.19,4134.88,2370
2026-06-23 06:21:00,4134.89,4135.33,4130.87,4132.37,2264
2026-06-23 06:24:00,4132.38,4138.26,4130.78,4138.05,2161
2026-06-23 06:27:00,4138.04,4140.93,4137.2,4140.76,2099
2026-06-23 06:30:00,4140.75,4141.06,4138.76,4139.11,2038
2026-06-23 06:33:00,4139.05,4141.08,4138.64,4140.57,1943
2026-06-23 06:36:00,4140.6,4140.6,4133.64,4134.06,2218
2026-06-23 06:39:00,4134.08,4136.73,4134.05,4136.26,2052
2026-06-23 06:42:00,4136.25,4139.19,4135.2,4138.85,2073
2026-06-23 06:45:00,4138.88,4138.97,4136.58,4138.14,1992
2026-06-23 06:48:00,4138.12,4140.09,4137.83,4140.02,2004
2026-06-23 06:51:00,4139.99,4141.45,4139.56,4141.33,1946
2026-06-23 06:54:00,4141.34,4141.68,4139.62,4140.25,1948
2026-06-23 06:57:00,4140.22,4144.99,4140.18,4144.0,2036
2026-06-23 07:00:00,4144.0,4146.93,4143.88,4145.86,2050
2026-06-23 07:03:00,4145.84,4145.87,4143.54,4143.89,1860
2026-06-23 07:06:00,4143.87,4144.88,4142.97,4143.4,1951
2026-06-23 07:09:00,4143.39,4144.56,4142.18,4142.83,1857
2026-06-23 07:12:00,4142.82,4143.64,4141.87,4143.27,1925
2026-06-23 07:15:00,4143.26,4143.26,4140.58,4141.34,1901
2026-06-23 07:18:00,4141.33,4141.43,4138.72,4139.53,1912
2026-06-23 07:21:00,4139.55,4139.89,4137.82,4139.28,1880
2026-06-23 07:24:00,4139.28,4140.57,4138.45,4138.83,1976
2026-06-23 07:27:00,4138.83,4140.56,4137.24,4139.92,2011
2026-06-23 07:30:00,4139.91,4139.91,4135.99,4137.72,2065
2026-06-23 07:33:00,4137.73,4138.08,4135.12,4137.88,2028
2026-06-23 07:36:00,4137.9,4139.41,4136.41,4138.4,2042
2026-06-23 07:39:00,4138.42,4140.27,4138.07,4138.3,1955
2026-06-23 07:42:00,4138.32,4138.7,4137.11,4138.47,1903
2026-06-23 07:45:00,4138.5,4140.2,4138.15,4139.26,1905
2026-06-23 07:48:00,4139.26,4139.97,4138.64,4138.98,1877
2026-06-23 07:51:00,4138.98,4139.01,4135.41,4136.24,1944
2026-06-23 07:54:00,4136.21,4136.44,4128.4,4128.52,2062
2026-06-23 07:57:00,4128.58,4130.83,4115.09,4118.17,2562
2026-06-23 08:00:00,4118.17,4131.6,4115.46,4130.28,2601
2026-06-23 08:03:00,4130.27,4137.48,4128.77,4136.57,2244
2026-06-23 08:06:00,4136.51,4136.74,4129.73,4129.98,2146
2026-06-23 08:09:00,4130.0,4130.74,4126.65,4128.22,2262
2026-06-23 08:12:00,4128.23,4130.88,4127.75,4129.79,2112
2026-06-23 08:15:00,4129.79,4129.95,4126.1,4127.61,1992
2026-06-23 08:18:00,4127.61,4130.8,4126.67,4129.48,2065
2026-06-23 08:21:00,4129.49,4129.69,4126.64,4128.45,2086
2026-06-23 08:24:00,4128.46,4128.79,4125.68,4126.15,1990
2026-06-23 08:27:00,4126.17,4126.94,4123.63,4125.14,2040
2026-06-23 08:30:00,4125.16,4125.38,4117.29,4119.73,3065
2026-06-23 08:33:00,4119.72,4133.8,4118.23,4132.41,2688
2026-06-23 08:36:00,4132.41,4133.01,4126.92,4127.51,2457
2026-06-23 08:39:00,4127.52,4129.13,4121.13,4122.34,2411
2026-06-23 08:42:00,4122.35,4128.91,4121.73,4127.71,2328
2026-06-23 08:45:00,4127.7,4127.81,4119.24,4121.36,2327
2026-06-23 08:48:00,4121.44,4122.5,4117.57,4120.88,2379
2026-06-23 08:51:00,4120.88,4120.88,4117.46,4118.88,2391
2026-06-23 08:54:00,4118.91,4121.69,4117.07,4117.79,2321
2026-06-23 08:57:00,4117.81,4121.95,4116.81,4121.16,2311
2026-06-23 09:00:00,4121.18,4126.98,4119.74,4123.62,2716
2026-06-23 09:03:00,4123.61,4123.8,4120.16,4122.13,2584
2026-06-23 09:06:00,4122.13,4122.14,4116.98,4117.76,2756
2026-06-23 09:09:00,4117.75,4119.44,4111.25,4114.83,2441
2026-06-23 09:12:00,4114.83,4124.76,4114.74,4122.67,2728
2026-06-23 09:15:00,4122.67,4126.8,4121.49,4123.59,2738
2026-06-23 09:18:00,4123.6,4124.49,4122.24,4124.4,2302
2026-06-23 09:21:00,4124.38,4125.55,4118.79,4118.79,2210
2026-06-23 09:24:00,4118.77,4122.69,4114.56,4116.29,2424
2026-06-23 09:27:00,4116.28,4118.92,4115.39,4116.54,2430
2026-06-23 09:30:00,4116.56,4120.23,4114.75,4120.19,2480
2026-06-23 09:33:00,4120.22,4121.08,4116.29,4117.0,2377
2026-06-23 09:36:00,4117.01,4117.39,4113.56,4115.86,2514
2026-06-23 09:39:00,4115.84,4117.36,4114.82,4115.13,2599
2026-06-23 09:42:00,4115.11,4115.16,4110.89,4113.39,2310
2026-06-23 09:45:00,4113.41,4117.88,4112.0,4112.02,2434
2026-06-23 09:48:00,4112.04,4118.12,4110.36,4117.17,2699
2026-06-23 09:51:00,4117.2,4117.81,4115.77,4117.16,2243
2026-06-23 09:54:00,4117.13,4120.29,4116.74,4117.22,2245
2026-06-23 09:57:00,4117.22,4119.28,4113.83,4114.42,2385
2026-06-23 10:00:00,4114.43,4118.64,4110.14,4118.01,2703
2026-06-23 10:03:00,4118.0,4121.99,4115.91,4121.44,2353
2026-06-23 10:06:00,4121.47,4124.11,4119.46,4124.01,2273
2026-06-23 10:09:00,4124.03,4124.77,4112.17,4114.51,2332
2026-06-23 10:12:00,4114.5,4117.43,4112.72,4115.63,2250
2026-06-23 10:15:00,4115.61,4117.72,4115.18,4115.83,2445
2026-06-23 10:18:00,4115.83,4120.38,4113.65,4119.07,2203
2026-06-23 10:21:00,4119.06,4122.9,4118.51,4120.9,2408
2026-06-23 10:24:00,4120.91,4120.91,4117.99,4118.91,2150
2026-06-23 10:27:00,4118.92,4120.19,4117.93,4118.16,2033
2026-06-23 10:30:00,4118.15,4118.45,4115.31,4116.5,2311
2026-06-23 10:33:00,4116.48,4119.37,4114.55,4114.84,2254
2026-06-23 10:36:00,4114.82,4115.81,4111.79,4113.12,2166
2026-06-23 10:39:00,4113.11,4113.61,4108.56,4108.77,2314
2026-06-23 10:42:00,4108.75,4109.68,4103.83,4104.89,2341
2026-06-23 10:45:00,4104.91,4108.11,4104.29,4105.81,2215
2026-06-23 10:48:00,4105.86,4107.86,4102.42,4102.42,2319
2026-06-23 10:51:00,4102.27,4102.79,4098.84,4100.3,2258
2026-06-23 10:54:00,4100.32,4100.89,4096.7,4100.21,2594
2026-06-23 10:57:00,4100.23,4101.07,4097.49,4098.81,2601
2026-06-23 11:00:00,4098.82,4099.97,4091.91,4091.91,2632
2026-06-23 11:03:00,4091.91,4098.79,4091.5,4094.17,2477
2026-06-23 11:06:00,4094.17,4096.14,4090.95,4093.51,2287
2026-06-23 11:09:00,4093.51,4096.12,4092.8,4095.1,2317
2026-06-23 11:12:00,4095.09,4095.65,4091.92,4094.01,2306
2026-06-23 11:15:00,4094.01,4096.22,4092.36,4095.15,2177
2026-06-23 11:18:00,4095.14,4099.83,4094.57,4096.78,2297
2026-06-23 11:21:00,4096.76,4099.96,4096.23,4096.59,2199
2026-06-23 11:24:00,4096.58,4097.87,4094.86,4097.28,2485
2026-06-23 11:27:00,4097.19,4098.63,4096.86,4098.25,2216
2026-06-23 11:30:00,4098.26,4100.95,4096.78,4100.84,2331
2026-06-23 11:33:00,4100.85,4105.35,4099.64,4104.35,2285
2026-06-23 11:36:00,4104.36,4104.36,4100.56,4102.59,2255
2026-06-23 11:39:00,4102.6,4110.55,4101.33,4110.41,2240
2026-06-23 11:42:00,4110.42,4110.9,4106.04,4109.51,2252
2026-06-23 11:45:00,4109.5,4109.67,4102.25,4102.81,2403
2026-06-23 11:48:00,4102.8,4105.01,4101.96,4103.79,2351
2026-06-23 11:51:00,4103.79,4107.29,4103.65,4107.16,2398
2026-06-23 11:54:00,4107.14,4108.65,4104.61,4106.12,2209
2026-06-23 11:57:00,4106.08,4106.08,4102.63,4105.31,2112
2026-06-23 12:00:00,4105.28,4107.81,4104.02,4107.63,2261
2026-06-23 12:03:00,4107.61,4111.66,4106.07,4111.66,2194
2026-06-23 12:06:00,4111.66,4112.69,4110.22,4110.35,2243
2026-06-23 12:09:00,4110.34,4111.62,4108.86,4110.53,2072
2026-06-23 12:12:00,4110.51,4113.68,4109.49,4111.13,2087
2026-06-23 12:15:00,4111.14,4112.69,4109.01,4111.65,2073
2026-06-23 12:18:00,4111.65,4114.84,4108.99,4114.59,2454
2026-06-23 12:21:00,4114.6,4115.67,4112.77,4114.25,2414
2026-06-23 12:24:00,4114.25,4117.0,4112.48,4113.94,2159
2026-06-23 12:27:00,4113.96,4115.93,4112.01,4112.75,2177
2026-06-23 12:30:00,4112.74,4114.59,4112.32,4114.46,2444
2026-06-23 12:33:00,4114.47,4118.89,4114.08,4116.6,2544
2026-06-23 12:36:00,4116.57,4118.65,4115.37,4118.17,2553
2026-06-23 12:39:00,4118.17,4119.97,4116.89,4117.26,2136
2026-06-23 12:42:00,4117.25,4120.05,4116.89,4117.21,2453
2026-06-23 12:45:00,4117.21,4118.66,4116.31,4116.62,2020
2026-06-23 12:48:00,4116.63,4118.34,4116.32,4117.5,2007
2026-06-23 12:51:00,4117.49,4117.63,4115.93,4116.22,1963
2026-06-23 12:54:00,4116.23,4118.91,4115.41,4118.7,1942
2026-06-23 12:57:00,4118.7,4122.3,4117.7,4122.3,2005
2026-06-23 13:00:00,4122.28,4132.43,4122.28,4130.26,2275
2026-06-23 13:03:00,4130.26,4133.28,4128.94,4131.46,2139
2026-06-23 13:06:00,4131.37,4131.72,4127.64,4128.03,2092
2026-06-23 13:09:00,4128.04,4128.86,4126.97,4127.87,2001
2026-06-23 13:12:00,4127.89,4130.14,4126.95,4130.14,2035
2026-06-23 13:15:00,4130.13,4133.06,4128.69,4129.97,2073
2026-06-23 13:18:00,4129.91,4132.56,4128.84,4131.61,2073
2026-06-23 13:21:00,4131.59,4132.08,4129.8,4130.65,2088
2026-06-23 13:24:00,4130.61,4130.75,4126.81,4130.12,2331
2026-06-23 13:27:00,4130.12,4131.75,4129.01,4130.34,2162
2026-06-23 13:30:00,4130.36,4131.48,4129.32,4131.33,2363
2026-06-23 13:33:00,4131.33,4132.16,4129.28,4129.33,2083
2026-06-23 13:36:00,4129.31,4129.84,4126.89,4128.78,2109
2026-06-23 13:39:00,4128.79,4130.2,4126.54,4126.56,2324
2026-06-23 13:42:00,4126.54,4127.52,4124.39,4126.6,2501
2026-06-23 13:45:00,4126.62,4126.82,4123.6,4124.23,2530
2026-06-23 13:48:00,4124.19,4126.03,4123.52,4123.78,2255
2026-06-23 13:51:00,4123.75,4125.51,4121.9,4123.95,2175
2026-06-23 13:54:00,4123.92,4123.97,4121.08,4121.2,2543
2026-06-23 13:57:00,4121.22,4121.76,4119.69,4119.82,2387
2026-06-23 14:00:00,4119.82,4121.49,4117.5,4118.1,2335
2026-06-23 14:03:00,4118.11,4120.57,4117.51,4120.02,2171
2026-06-23 14:06:00,4120.03,4125.88,4119.96,4124.86,2164
2026-06-23 14:09:00,4124.9,4127.38,4124.21,4126.69,2086
2026-06-23 14:12:00,4126.68,4129.77,4126.45,4129.15,2026
2026-06-23 14:15:00,4129.17,4129.2,4125.49,4125.49,2088
2026-06-23 14:18:00,4125.52,4131.56,4124.43,4131.26,2097
2026-06-23 14:21:00,4130.89,4131.93,4126.58,4128.67,2425
2026-06-23 14:24:00,4128.63,4129.97,4127.91,4128.1,2152
2026-06-23 14:27:00,4128.08,4128.28,4125.19,4127.26,2108
2026-06-23 14:30:00,4127.28,4128.81,4125.1,4127.0,2134
2026-06-23 14:33:00,4126.99,4128.29,4122.35,4122.92,2108
2026-06-23 14:36:00,4122.95,4125.31,4120.34,4124.79,2179
2026-06-23 14:39:00,4124.8,4126.59,4122.08,4123.11,2228
2026-06-23 14:42:00,4123.12,4123.13,4118.65,4121.18,2104
2026-06-23 14:45:00,4121.16,4121.73,4118.66,4118.75,2098
2026-06-23 14:48:00,4118.76,4122.87,4118.33,4122.44,2077
2026-06-23 14:51:00,4122.42,4123.91,4119.0,4121.5,2321
2026-06-23 14:54:00,4121.45,4123.04,4119.82,4122.95,2138
2026-06-23 14:57:00,4122.93,4126.21,4122.82,4123.32,2248
2026-06-23 15:00:00,4123.3,4127.39,4122.74,4123.78,2343
2026-06-23 15:03:00,4123.76,4125.81,4122.39,4122.86,2162
2026-06-23 15:06:00,4122.85,4124.17,4121.66,4122.19,2124
2026-06-23 15:09:00,4122.19,4122.36,4116.04,4116.61,2230
2026-06-23 15:12:00,4116.64,4117.99,4112.99,4114.06,2159
2026-06-23 15:15:00,4114.05,4116.89,4111.75,4115.38,2233
2026-06-23 15:18:00,4115.37,4118.59,4112.61,4113.62,2261
2026-06-23 15:21:00,4113.59,4118.12,4112.78,4118.1,2280
2026-06-23 15:24:00,4118.13,4120.02,4113.86,4115.04,2276
2026-06-23 15:27:00,4115.03,4117.5,4114.71,4115.08,2117
2026-06-23 15:30:00,4115.07,4119.68,4114.2,4117.11,2238
2026-06-23 15:33:00,4117.07,4120.45,4115.67,4119.32,2264
2026-06-23 15:36:00,4119.3,4121.21,4118.47,4120.6,2438
2026-06-23 15:39:00,4120.6,4122.59,4119.19,4120.44,2129
2026-06-23 15:42:00,4120.44,4121.08,4117.64,4117.91,2340
2026-06-23 15:45:00,4117.88,4118.3,4113.25,4115.19,2195
2026-06-23 15:48:00,4115.19,4118.57,4114.38,4117.04,2153
2026-06-23 15:51:00,4117.01,4121.79,4116.45,4119.02,2460
2026-06-23 15:54:00,4119.05,4121.35,4116.98,4117.11,2128
2026-06-23 15:57:00,4117.08,4117.68,4112.5,4113.28,2246
2026-06-23 16:00:00,4113.3,4114.35,4108.07,4110.14,2778
2026-06-23 16:03:00,4110.16,4116.09,4108.63,4114.72,2565
2026-06-23 16:06:00,4114.69,4119.4,4114.65,4117.88,2552
2026-06-23 16:09:00,4117.85,4118.1,4112.63,4112.95,2313
2026-06-23 16:12:00,4112.96,4114.67,4112.12,4113.52,2572
2026-06-23 16:15:00,4113.52,4114.1,4107.22,4107.4,2394
2026-06-23 16:18:00,4107.41,4108.63,4106.41,4107.96,2351
2026-06-23 16:21:00,4107.95,4115.88,4105.42,4114.49,2494
2026-06-23 16:24:00,4114.5,4119.33,4113.56,4117.15,2368
2026-06-23 16:27:00,4117.13,4117.3,4114.21,4115.96,2430
2026-06-23 16:30:00,4116.04,4123.43,4110.13,4120.44,3256
2026-06-23 16:33:00,4120.47,4123.1,4117.92,4118.99,3119
2026-06-23 16:36:00,4118.99,4124.6,4118.36,4119.01,3261
2026-06-23 16:39:00,4118.98,4126.55,4118.17,4124.99,3161
2026-06-23 16:42:00,4124.99,4128.81,4123.71,4126.5,2532
2026-06-23 16:45:00,4126.51,4130.87,4124.65,4127.58,2928
2026-06-23 16:48:00,4127.56,4134.83,4127.54,4133.17,2890
2026-06-23 16:51:00,4133.17,4139.99,4132.72,4138.68,2847
2026-06-23 16:54:00,4138.66,4140.4,4134.23,4135.01,2872
2026-06-23 16:57:00,4135.02,4139.34,4131.82,4135.75,2799
2026-06-23 17:00:00,4135.6,4140.63,4134.01,4134.07,2894
2026-06-23 17:03:00,4134.0,4139.89,4133.46,4135.69,2837
2026-06-23 17:06:00,4135.69,4140.69,4135.69,4138.6,2666
2026-06-23 17:09:00,4138.6,4145.03,4133.61,4133.65,2918
2026-06-23 17:12:00,4133.62,4138.58,4133.12,4137.62,2536
2026-06-23 17:15:00,4137.65,4138.28,4134.5,4136.32,2737
2026-06-23 17:18:00,4136.24,4142.07,4133.07,4140.99,2861
2026-06-23 17:21:00,4141.03,4142.89,4134.28,4140.13,2915
2026-06-23 17:24:00,4140.07,4140.15,4131.07,4132.6,2707
2026-06-23 17:27:00,4132.63,4134.07,4128.79,4132.67,3475
2026-06-23 17:30:00,4132.68,4133.08,4127.12,4127.63,2819
2026-06-23 17:33:00,4127.59,4129.61,4124.69,4127.94,2689
2026-06-23 17:36:00,4127.93,4129.38,4121.73,4123.38,2794
2026-06-23 17:39:00,4123.38,4126.6,4123.07,4124.18,2739
2026-06-23 17:42:00,4124.17,4128.81,4123.67,4126.25,2706
2026-06-23 17:45:00,4126.26,4128.7,4125.32,4126.18,2604
2026-06-23 17:48:00,4126.18,4128.42,4123.78,4126.91,2607
2026-06-23 17:51:00,4126.89,4130.27,4126.89,4128.28,2626
2026-06-23 17:54:00,4128.26,4129.37,4125.27,4125.76,2631
2026-06-23 17:57:00,4125.73,4130.35,4125.73,4130.21,2484
2026-06-23 18:00:00,4130.22,4134.54,4128.84,4134.24,2692
2026-06-23 18:03:00,4134.21,4135.55,4132.09,4132.09,2457
2026-06-23 18:06:00,4131.98,4132.66,4124.35,4124.96,2487
2026-06-23 18:09:00,4124.96,4127.76,4123.52,4126.18,2482
2026-06-23 18:12:00,4126.2,4128.27,4125.09,4128.23,2389
2026-06-23 18:15:00,4128.22,4130.68,4127.31,4129.96,2270
2026-06-23 18:18:00,4129.94,4130.04,4127.07,4128.55,2248
2026-06-23 18:21:00,4128.53,4128.8,4123.89,4124.38,2247
2026-06-23 18:24:00,4124.42,4127.73,4124.22,4127.55,2153
2026-06-23 18:27:00,4127.54,4128.16,4125.92,4127.27,2327
2026-06-23 18:30:00,4127.26,4133.44,4126.66,4133.37,2352
2026-06-23 18:33:00,4133.34,4136.18,4132.84,4133.24,2399
2026-06-23 18:36:00,4133.24,4136.73,4132.97,4135.12,2457
2026-06-23 18:39:00,4135.1,4139.89,4134.74,4138.98,2365
2026-06-23 18:42:00,4138.98,4141.61,4137.13,4138.62,2361
2026-06-23 18:45:00,4138.67,4139.81,4135.37,4136.55,2341
2026-06-23 18:48:00,4136.56,4136.72,4133.89,4135.23,2282
2026-06-23 18:51:00,4135.21,4137.39,4134.55,4136.51,2131
2026-06-23 18:54:00,4136.49,4138.87,4136.04,4137.66,2230
2026-06-23 18:57:00,4137.66,4139.13,4137.19,4138.64,2147
2026-06-23 19:00:00,4138.65,4139.84,4136.74,4137.04,2096
2026-06-23 19:03:00,4137.04,4138.75,4135.98,4136.42,2118
2026-06-23 19:06:00,4136.4,4136.4,4133.79,4134.9,2164
2026-06-23 19:09:00,4134.92,4136.34,4134.28,4135.07,2226
2026-06-23 19:12:00,4135.04,4136.51,4134.19,4135.31,2035
2026-06-23 19:15:00,4135.33,4136.09,4132.94,4133.66,2100
2026-06-23 19:18:00,4133.66,4138.3,4133.41,4137.46,2152
2026-06-23 19:21:00,4137.46,4138.1,4135.97,4136.41,2090
2026-06-23 19:24:00,4136.38,4136.93,4135.42,4135.92,2528
2026-06-23 19:27:00,4135.95,4136.82,4135.41,4136.44,2156
2026-06-23 19:30:00,4136.43,4140.38,4135.07,4140.09,2225
2026-06-23 19:33:00,4140.11,4142.37,4139.96,4140.95,2171
2026-06-23 19:36:00,4140.93,4142.9,4139.64,4139.66,2108
2026-06-23 19:39:00,4139.66,4142.46,4139.6,4140.74,2676
2026-06-23 19:42:00,4140.73,4143.73,4140.29,4143.32,2287
2026-06-23 19:45:00,4143.31,4143.85,4139.4,4140.46,2075
2026-06-23 19:48:00,4140.45,4141.12,4138.88,4139.78,2579
2026-06-23 19:51:00,4139.8,4140.84,4139.22,4140.48,2008
2026-06-23 19:54:00,4140.46,4140.51,4134.34,4135.17,2169
2026-06-23 19:57:00,4135.17,4135.58,4131.59,4134.28,2320
2026-06-23 20:00:00,4134.27,4134.58,4130.84,4132.48,2300
2026-06-23 20:03:00,4132.48,4133.45,4131.71,4132.67,2126
2026-06-23 20:06:00,4132.65,4134.67,4130.52,4130.53,2055
2026-06-23 20:09:00,4130.55,4135.65,4130.05,4135.46,2118
2026-06-23 20:12:00,4135.49,4139.74,4135.24,4138.5,2108
2026-06-23 20:15:00,4138.52,4138.61,4135.36,4135.62,2147
2026-06-23 20:18:00,4135.65,4137.32,4135.65,4136.72,2128
2026-06-23 20:21:00,4136.7,4137.88,4135.48,4135.5,2086
2026-06-23 20:24:00,4135.49,4135.99,4131.26,4131.83,2223
2026-06-23 20:27:00,4131.82,4132.87,4130.02,4131.1,2067
2026-06-23 20:30:00,4131.1,4131.56,4127.87,4128.42,2153
2026-06-23 20:33:00,4128.39,4130.55,4127.8,4129.22,2590
2026-06-23 20:36:00,4129.23,4130.65,4128.93,4130.62,2022
2026-06-23 20:39:00,4130.6,4130.98,4129.08,4130.14,1985
2026-06-23 20:42:00,4130.17,4132.36,4129.5,4132.06,1931
2026-06-23 20:45:00,4132.07,4133.13,4130.86,4131.22,2134
2026-06-23 20:48:00,4131.2,4132.62,4130.93,4131.53,1913
2026-06-23 20:51:00,4131.53,4131.75,4129.41,4129.54,2074
2026-06-23 20:54:00,4129.54,4130.15,4127.84,4129.02,2112
2026-06-23 20:57:00,4129.02,4129.59,4127.99,4128.02,1987
2026-06-23 21:00:00,4128.01,4131.09,4127.75,4128.3,2139
2026-06-23 21:03:00,4128.34,4128.77,4126.52,4127.66,2025
2026-06-23 21:06:00,4127.66,4127.66,4123.98,4124.41,2235
2026-06-23 21:09:00,4124.4,4126.13,4124.35,4125.16,2320
2026-06-23 21:12:00,4125.14,4125.76,4124.03,4124.35,2201
2026-06-23 21:15:00,4124.32,4125.6,4123.98,4124.87,2316
2026-06-23 21:18:00,4124.85,4125.19,4123.18,4123.62,1938
2026-06-23 21:21:00,4123.62,4125.44,4122.69,4123.28,2125
2026-06-23 21:24:00,4123.26,4123.76,4121.51,4121.82,2046
2026-06-23 21:27:00,4121.83,4122.51,4120.67,4121.08,2237
2026-06-23 21:30:00,4121.05,4122.14,4119.62,4121.0,2032
2026-06-23 21:33:00,4120.99,4122.71,4120.83,4121.75,2343
2026-06-23 21:36:00,4121.76,4122.74,4120.81,4121.41,1932
2026-06-23 21:39:00,4121.43,4121.43,4117.96,4118.52,2010
2026-06-23 21:42:00,4118.53,4118.54,4116.0,4116.05,2197
2026-06-23 21:45:00,4116.04,4116.54,4113.25,4113.36,2159
2026-06-23 21:48:00,4113.36,4117.33,4112.81,4116.63,2161
2026-06-23 21:51:00,4116.65,4117.17,4114.11,4114.21,2168
2026-06-23 21:54:00,4114.17,4116.51,4114.0,4115.86,2114
2026-06-23 21:57:00,4115.8,4118.17,4115.32,4117.74,2128
2026-06-23 22:00:00,4117.75,4122.99,4116.83,4122.76,2223
2026-06-23 22:03:00,4122.77,4126.01,4122.19,4124.98,2216
2026-06-23 22:06:00,4124.95,4125.04,4121.2,4121.47,2105
2026-06-23 22:09:00,4121.47,4123.3,4121.15,4123.06,2229
2026-06-23 22:12:00,4123.05,4123.36,4120.9,4121.31,2100
2026-06-23 22:15:00,4121.33,4121.74,4119.31,4119.31,2344
2026-06-23 22:18:00,4119.31,4119.37,4117.45,4118.21,2002
2026-06-23 22:21:00,4118.19,4122.19,4117.91,4121.68,2337
2026-06-23 22:24:00,4121.68,4122.38,4120.32,4120.35,2454
2026-06-23 22:27:00,4120.37,4122.4,4120.34,4121.81,2350
2026-06-23 22:30:00,4121.82,4123.34,4120.62,4122.98,2274
2026-06-23 22:33:00,4122.94,4123.38,4121.38,4122.71,2190
2026-06-23 22:36:00,4122.75,4124.31,4122.09,4122.2,2109
2026-06-23 22:39:00,4122.21,4122.83,4120.91,4121.51,2218
2026-06-23 22:42:00,4121.51,4122.18,4120.66,4120.95,2333
2026-06-23 22:45:00,4120.98,4121.26,4119.15,4119.29,2146
2026-06-23 22:48:00,4119.28,4120.72,4117.86,4119.18,2252
2026-06-23 22:51:00,4119.22,4119.44,4113.85,4114.71,2305
2026-06-23 22:54:00,4114.74,4116.26,4114.22,4115.02,2179
2026-06-23 22:57:00,4115.05,4115.31,4111.61,4111.62,2538
2026-06-23 23:00:00,4111.72,4112.25,4108.78,4111.02,2124
2026-06-23 23:03:00,4111.05,4112.93,4109.94,4111.92,1948
2026-06-23 23:06:00,4111.92,4112.46,4110.96,4111.54,1830
2026-06-23 23:09:00,4111.53,4112.95,4111.33,4112.51,1883
2026-06-23 23:12:00,4112.52,4112.54,4109.99,4110.11,1851
2026-06-23 23:15:00,4110.11,4110.25,4107.98,4108.23,1906
2026-06-23 23:18:00,4108.21,4110.57,4108.06,4110.2,1868
2026-06-23 23:21:00,4110.18,4110.92,4107.45,4108.74,1899
2026-06-23 23:24:00,4108.74,4110.34,4108.49,4109.59,2256
2026-06-23 23:27:00,4109.61,4111.31,4109.3,4110.86,1820
2026-06-23 23:30:00,4110.87,4111.46,4109.61,4109.94,1845
2026-06-23 23:33:00,4109.94,4110.76,4109.11,4110.32,1781
2026-06-23 23:36:00,4110.3,4110.86,4109.44,4110.73,1827
2026-06-23 23:39:00,4110.76,4111.61,4109.64,4110.07,1764
2026-06-23 23:42:00,4110.06,4111.77,4108.97,4110.66,1773
2026-06-23 23:45:00,4110.63,4111.36,4110.49,4110.92,1817
2026-06-23 23:48:00,4110.93,4111.03,4109.76,4110.36,1779
2026-06-23 23:51:00,4110.37,4111.34,4109.62,4109.7,1791
2026-06-23 23:54:00,4109.7,4109.96,4108.69,4109.26,1790
2026-06-23 23:57:00,4109.27,4110.25,4109.27,4110.22,1200
2026-06-24 01:00:00,4111.87,4114.34,4111.33,4111.5,4579
2026-06-24 01:03:00,4111.51,4113.38,4111.07,4113.2,1887
2026-06-24 01:06:00,4113.22,4114.45,4111.79,4111.84,1815
2026-06-24 01:09:00,4111.83,4113.12,4111.83,4112.46,1793
2026-06-24 01:12:00,4112.44,4114.03,4112.43,4114.0,1843
2026-06-24 01:15:00,4113.97,4115.13,4112.74,4112.8,1820
2026-06-24 01:18:00,4112.79,4113.59,4106.17,4107.2,2048
2026-06-24 01:21:00,4107.22,4109.03,4105.29,4106.61,1971
2026-06-24 01:24:00,4106.67,4110.68,4104.98,4109.41,2111
2026-06-24 01:27:00,4109.39,4110.2,4105.95,4106.03,1956
2026-06-24 01:30:00,4106.01,4108.37,4104.92,4105.58,1909
2026-06-24 01:33:00,4105.6,4105.8,4097.17,4100.2,2210
2026-06-24 01:36:00,4100.19,4103.22,4099.47,4101.13,2084
2026-06-24 01:39:00,4101.14,4103.22,4098.82,4100.73,2048
2026-06-24 01:42:00,4100.71,4104.38,4099.65,4104.16,2108
2026-06-24 01:45:00,4104.11,4108.0,4103.77,4107.12,1986
2026-06-24 01:48:00,4107.13,4108.95,4104.5,4108.93,1968
2026-06-24 01:51:00,4108.92,4109.1,4106.03,4106.32,1914
2026-06-24 01:54:00,4106.32,4107.56,4103.78,4105.5,1932
2026-06-24 01:57:00,4105.5,4107.35,4103.83,4104.41,1913
2026-06-24 02:00:00,4104.42,4104.47,4101.63,4102.26,1862
2026-06-24 02:03:00,4102.27,4102.65,4095.11,4097.48,2166
2026-06-24 02:06:00,4097.5,4098.32,4095.3,4095.89,1646
2026-06-24 02:09:00,4096.96,4100.52,4096.88,4100.24,1271
2026-06-24 02:12:00,4100.25,4101.54,4098.72,4099.74,2011
2026-06-24 02:15:00,4099.72,4100.86,4097.75,4097.83,1982
2026-06-24 02:18:00,4097.8,4100.34,4097.18,4098.93,1885
2026-06-24 02:21:00,4098.94,4100.02,4098.28,4099.56,1851
2026-06-24 02:24:00,4099.59,4099.77,4097.77,4097.9,1850
2026-06-24 02:27:00,4097.87,4098.98,4097.31,4097.54,1850
2026-06-24 02:30:00,4097.57,4098.23,4094.25,4094.83,1924
2026-06-24 02:33:00,4094.82,4095.66,4093.73,4094.24,2090
2026-06-24 02:36:00,4094.23,4094.88,4084.05,4085.91,2117
2026-06-24 02:39:00,4085.93,4086.82,4081.01,4084.48,2493
2026-06-24 02:42:00,4084.52,4087.24,4080.94,4086.32,2353
2026-06-24 02:45:00,4086.32,4097.02,4085.85,4094.09,2593
2026-06-24 02:48:00,4094.11,4097.77,4094.02,4096.91,2280
2026-06-24 02:51:00,4096.93,4099.97,4095.86,4099.6,2227
2026-06-24 02:54:00,4099.61,4100.27,4096.0,4100.01,2154
2026-06-24 02:57:00,4100.01,4100.39,4098.12,4099.26,2008
2026-06-24 03:00:00,4099.24,4105.14,4094.7,4102.26,2755
2026-06-24 03:03:00,4102.24,4104.57,4101.03,4101.27,2500
2026-06-24 03:06:00,4101.26,4112.0,4101.08,4109.75,2701
2026-06-24 03:09:00,4109.73,4111.89,4108.34,4110.07,2372
2026-06-24 03:12:00,4110.08,4110.96,4104.7,4107.29,2389
2026-06-24 03:15:00,4107.29,4109.47,4104.84,4105.54,2405
2026-06-24 03:18:00,4105.57,4108.07,4101.73,4103.76,2367
2026-06-24 03:21:00,4103.74,4104.41,4100.91,4101.35,2314
2026-06-24 03:24:00,4101.34,4101.48,4093.81,4096.48,2434
2026-06-24 03:27:00,4096.46,4100.25,4093.88,4099.76,2370
2026-06-24 03:30:00,4099.75,4100.4,4097.09,4098.55,2249
2026-06-24 03:33:00,4098.54,4099.15,4094.74,4097.46,2271
2026-06-24 03:36:00,4097.44,4098.19,4094.51,4095.94,2237
2026-06-24 03:39:00,4095.95,4097.76,4094.41,4094.55,2148
2026-06-24 03:42:00,4094.53,4097.0,4093.84,4095.21,2076
2026-06-24 03:45:00,4095.22,4099.73,4094.76,4097.93,2276
2026-06-24 03:48:00,4097.9,4099.94,4096.58,4098.39,2237
2026-06-24 03:51:00,4098.41,4099.84,4095.8,4097.08,2239
2026-06-24 03:54:00,4097.06,4097.57,4094.46,4095.01,2225
2026-06-24 03:57:00,4095.02,4098.88,4094.29,4097.37,2214
2026-06-24 04:00:00,4097.36,4097.82,4082.32,4086.01,3202
2026-06-24 04:03:00,4085.97,4086.37,4069.26,4069.89,3374
2026-06-24 04:06:00,4069.89,4083.12,4068.43,4079.08,3066
2026-06-24 04:09:00,4079.07,4084.48,4075.75,4083.26,2888
2026-06-24 04:12:00,4083.23,4091.85,4083.09,4089.77,2892
2026-06-24 04:15:00,4089.76,4091.1,4086.25,4086.66,2692
2026-06-24 04:18:00,4086.67,4090.42,4085.06,4087.98,2763
2026-06-24 04:21:00,4087.97,4090.14,4083.62,4084.3,2511
2026-06-24 04:24:00,4084.22,4100.9,4084.16,4095.61,2921
2026-06-24 04:27:00,4095.58,4098.48,4092.16,4098.44,2673
2026-06-24 04:30:00,4098.49,4102.25,4093.45,4098.3,2962
2026-06-24 04:33:00,4098.34,4100.59,4094.85,4096.39,2646
2026-06-24 04:36:00,4096.4,4097.54,4092.8,4094.52,2495
2026-06-24 04:39:00,4094.51,4096.82,4091.91,4096.01,2696
2026-06-24 04:42:00,4096.02,4098.46,4091.93,4092.81,2524
2026-06-24 04:45:00,4092.81,4093.03,4085.83,4088.63,2505
2026-06-24 04:48:00,4088.65,4090.03,4083.41,4086.95,2519
2026-06-24 04:51:00,4086.97,4087.95,4082.36,4085.25,2490
2026-06-24 04:54:00,4085.24,4088.21,4084.37,4085.59,2278
2026-06-24 04:57:00,4085.58,4090.16,4085.27,4089.05,2312
2026-06-24 05:00:00,4089.03,4095.86,4087.05,4089.1,2683
2026-06-24 05:03:00,4089.08,4089.26,4084.36,4084.39,2334
2026-06-24 05:06:00,4084.39,4086.71,4080.15,4081.19,2427
2026-06-24 05:09:00,4081.19,4082.68,4080.41,4081.65,2264
2026-06-24 05:12:00,4081.63,4084.49,4079.75,4080.11,2233
2026-06-24 05:15:00,4080.1,4081.11,4076.19,4076.51,2186
2026-06-24 05:18:00,4076.52,4076.98,4073.02,4075.45,2221
2026-06-24 05:21:00,4075.45,4076.1,4072.78,4075.13,2109
2026-06-24 05:24:00,4075.16,4076.57,4072.6,4073.16,2190
2026-06-24 05:27:00,4073.13,4074.67,4071.33,4073.6,2058
2026-06-24 05:30:00,4073.61,4076.63,4063.43,4067.09,2702
2026-06-24 05:33:00,4067.11,4071.78,4065.79,4067.28,2516
2026-06-24 05:36:00,4067.26,4068.03,4061.66,4062.67,2405
2026-06-24 05:39:00,4062.68,4063.11,4057.82,4058.14,2392
2026-06-24 05:42:00,4058.13,4059.28,4052.21,4057.28,2480
2026-06-24 05:45:00,4057.29,4058.85,4054.92,4058.15,2362
2026-06-24 05:48:00,4058.14,4061.32,4057.09,4057.1,2321
2026-06-24 05:51:00,4057.11,4064.29,4056.59,4062.06,2253
2026-06-24 05:54:00,4062.05,4069.49,4062.02,4068.42,2320
2026-06-24 05:57:00,4068.45,4068.89,4061.05,4061.14,2290
2026-06-24 06:00:00,4061.16,4065.45,4060.06,4061.89,2474
2026-06-24 06:03:00,4061.76,4062.57,4055.39,4055.66,2380
2026-06-24 06:06:00,4055.66,4056.55,4052.75,4055.46,2339
2026-06-24 06:09:00,4055.42,4059.84,4055.27,4059.19,2378
2026-06-24 06:12:00,4059.21,4060.63,4056.35,4057.7,2280
2026-06-24 06:15:00,4057.69,4058.9,4051.57,4051.58,2230
2026-06-24 06:18:00,4051.54,4054.86,4050.46,4053.82,2412
2026-06-24 06:21:00,4053.85,4056.47,4052.14,4052.36,2258
2026-06-24 06:24:00,4052.37,4056.94,4051.68,4053.36,2307
2026-06-24 06:27:00,4053.27,4056.77,4051.49,4056.6,2392
2026-06-24 06:30:00,4056.61,4060.72,4056.42,4057.94,2400
2026-06-24 06:33:00,4057.91,4062.24,4055.76,4060.41,2289
2026-06-24 06:36:00,4060.42,4062.05,4059.78,4061.41,2153
2026-06-24 06:39:00,4061.39,4066.81,4061.11,4065.29,2333
2026-06-24 06:42:00,4065.32,4069.74,4064.6,4068.47,2260
2026-06-24 06:45:00,4068.52,4070.66,4067.26,4067.36,2249
2026-06-24 06:48:00,4067.37,4068.94,4064.13,4065.33,2161
2026-06-24 06:51:00,4065.36,4067.44,4063.58,4063.58,2121
2026-06-24 06:54:00,4063.59,4064.05,4062.28,4063.28,2029
2026-06-24 06:57:00,4063.26,4063.26,4062.06,4062.79,2049
2026-06-24 07:00:00,4062.81,4063.84,4058.39,4059.99,2133
2026-06-24 07:03:00,4060.0,4061.63,4056.15,4056.94,2173
2026-06-24 07:06:00,4056.89,4061.17,4056.49,4059.36,2186
2026-06-24 07:09:00,4059.37,4059.37,4055.79,4056.84,2148
2026-06-24 07:12:00,4056.86,4058.92,4055.95,4058.85,2068
2026-06-24 07:15:00,4058.84,4060.16,4056.24,4056.59,2161
2026-06-24 07:18:00,4056.59,4057.39,4054.99,4057.2,2053
2026-06-24 07:21:00,4057.18,4062.76,4055.82,4060.26,2183
2026-06-24 07:24:00,4060.25,4063.31,4060.15,4062.63,2055
2026-06-24 07:27:00,4062.67,4067.15,4062.39,4063.17,2158
2026-06-24 07:30:00,4063.17,4065.72,4063.17,4065.0,2056
2026-06-24 07:33:00,4065.1,4065.89,4062.62,4063.01,2089
2026-06-24 07:36:00,4063.01,4066.26,4062.89,4065.14,2076
2026-06-24 07:39:00,4065.13,4066.67,4064.42,4064.42,2114
2026-06-24 07:42:00,4064.42,4065.63,4063.26,4063.65,1964
2026-06-24 07:45:00,4063.68,4066.14,4063.03,4065.19,1995
2026-06-24 07:48:00,4065.17,4065.19,4061.96,4062.73,1996
2026-06-24 07:51:00,4062.83,4063.7,4061.96,4062.42,2013
2026-06-24 07:54:00,4062.4,4065.36,4062.38,4065.18,1964
2026-06-24 07:57:00,4065.21,4066.89,4064.25,4064.49,1979
2026-06-24 08:00:00,4064.46,4065.13,4061.65,4063.06,2052
2026-06-24 08:03:00,4063.05,4063.2,4061.22,4062.2,2059
2026-06-24 08:06:00,4062.21,4065.75,4060.75,4064.73,2109
2026-06-24 08:09:00,4064.73,4070.0,4064.59,4067.62,2191
2026-06-24 08:12:00,4067.63,4069.32,4066.33,4067.67,2091
2026-06-24 08:15:00,4067.69,4068.77,4065.61,4066.78,2170
2026-06-24 08:18:00,4066.76,4068.24,4065.6,4067.13,1985
2026-06-24 08:21:00,4067.14,4072.64,4067.01,4069.87,2166
2026-06-24 08:24:00,4069.85,4072.93,4069.45,4071.39,2123
2026-06-24 08:27:00,4071.4,4074.49,4071.26,4073.47,2045
2026-06-24 08:30:00,4073.53,4083.58,4072.4,4082.15,2682
2026-06-24 08:33:00,4082.17,4086.25,4080.26,4080.65,2462
2026-06-24 08:36:00,4080.61,4081.17,4076.03,4076.62,2081
2026-06-24 08:39:00,4076.61,4079.19,4073.4,4073.6,2213
2026-06-24 08:42:00,4073.6,4077.7,4072.38,4077.27,2190
2026-06-24 08:45:00,4077.26,4080.09,4075.78,4077.56,2243
2026-06-24 08:48:00,4077.57,4077.58,4073.79,4073.93,2104
2026-06-24 08:51:00,4073.91,4076.15,4071.4,4073.67,2232
2026-06-24 08:54:00,4073.68,4075.81,4072.19,4074.93,2158
2026-06-24 08:57:00,4074.92,4076.97,4074.04,4075.87,2114
2026-06-24 09:00:00,4075.86,4080.65,4075.86,4078.35,2437
2026-06-24 09:03:00,4078.36,4081.01,4076.51,4079.38,2350
2026-06-24 09:06:00,4079.12,4091.4,4078.9,4089.61,2609
2026-06-24 09:09:00,4089.62,4095.51,4088.66,4095.14,2602
2026-06-24 09:12:00,4095.23,4097.14,4093.43,4095.98,2480
2026-06-24 09:15:00,4095.98,4097.57,4088.93,4089.3,2384
2026-06-24 09:18:00,4089.31,4089.36,4085.14,4086.41,2256
2026-06-24 09:21:00,4086.45,4089.6,4085.61,4088.03,2209
2026-06-24 09:24:00,4088.03,4090.36,4087.6,4088.79,2323
2026-06-24 09:27:00,4088.78,4090.64,4083.5,4087.6,2257
2026-06-24 09:30:00,4087.59,4088.02,4084.61,4086.65,2249
2026-06-24 09:33:00,4086.67,4090.3,4085.09,4090.18,2466
2026-06-24 09:36:00,4090.19,4091.84,4087.88,4088.01,2284
2026-06-24 09:39:00,4087.98,4093.68,4087.75,4093.06,2578
2026-06-24 09:42:00,4093.04,4093.98,4091.46,4091.9,2106
2026-06-24 09:45:00,4091.88,4094.6,4090.08,4092.99,2156
2026-06-24 09:48:00,4093.01,4093.01,4084.62,4085.12,2189
2026-06-24 09:51:00,4085.12,4091.54,4085.1,4091.11,2138
2026-06-24 09:54:00,4091.1,4091.2,4089.16,4089.65,2451
2026-06-24 09:57:00,4089.63,4089.67,4084.54,4087.17,2396
2026-06-24 10:00:00,4087.18,4089.76,4085.41,4085.81,2328
2026-06-24 10:03:00,4085.8,4088.94,4085.58,4087.52,2371
2026-06-24 10:06:00,4087.53,4090.79,4087.32,4088.91,2128
2026-06-24 10:09:00,4088.92,4089.12,4086.63,4088.21,2091
2026-06-24 10:12:00,4088.23,4088.45,4086.1,4086.17,2444
2026-06-24 10:15:00,4086.17,4087.76,4084.61,4086.41,2073
2026-06-24 10:18:00,4086.43,4087.55,4085.02,4085.22,2037
2026-06-24 10:21:00,4085.2,4087.0,4083.72,4083.77,2157
2026-06-24 10:24:00,4083.87,4086.21,4083.74,4085.8,2004
2026-06-24 10:27:00,4085.78,4086.05,4083.28,4084.41,2163
2026-06-24 10:30:00,4084.42,4085.35,4081.28,4082.42,2057
2026-06-24 10:33:00,4082.4,4083.04,4077.49,4078.56,2167
2026-06-24 10:36:00,4078.54,4079.41,4076.15,4077.7,2142
2026-06-24 10:39:00,4077.68,4080.02,4076.06,4078.58,2131
2026-06-24 10:42:00,4078.57,4083.49,4077.58,4082.43,2081
2026-06-24 10:45:00,4082.46,4084.3,4080.78,4083.32,2426
2026-06-24 10:48:00,4083.33,4086.07,4083.16,4083.44,2166
2026-06-24 10:51:00,4083.47,4083.47,4075.96,4076.46,2046
2026-06-24 10:54:00,4076.46,4079.26,4075.25,4075.7,2140
2026-06-24 10:57:00,4075.72,4075.74,4073.7,4074.83,2431
2026-06-24 11:00:00,4074.81,4078.2,4073.96,4076.73,2289
2026-06-24 11:03:00,4076.73,4078.07,4075.36,4076.46,2124
2026-06-24 11:06:00,4076.46,4077.73,4075.6,4076.63,2162
2026-06-24 11:09:00,4076.64,4077.02,4075.2,4075.91,2197
2026-06-24 11:12:00,4075.91,4076.12,4073.19,4074.02,2225
2026-06-24 11:15:00,4074.01,4076.38,4073.47,4075.47,2090
2026-06-24 11:18:00,4075.45,4076.82,4073.27,4074.77,2160
2026-06-24 11:21:00,4074.74,4076.13,4073.59,4075.1,2031
2026-06-24 11:24:00,4075.1,4080.67,4075.0,4079.59,2177
2026-06-24 11:27:00,4079.6,4080.54,4077.79,4080.53,2151
2026-06-24 11:30:00,4080.54,4087.55,4079.98,4086.83,2216
2026-06-24 11:33:00,4086.8,4087.04,4083.31,4083.31,2116
2026-06-24 11:36:00,4083.32,4083.34,4080.0,4080.39,2185
2026-06-24 11:39:00,4080.38,4085.06,4079.21,4082.25,2522
2026-06-24 11:42:00,4082.25,4083.79,4081.45,4083.11,2364
2026-06-24 11:45:00,4083.11,4083.46,4077.42,4078.04,2292
2026-06-24 11:48:00,4078.02,4080.4,4077.68,4080.04,2513
2026-06-24 11:51:00,4080.03,4080.18,4078.05,4078.3,2014
2026-06-24 11:54:00,4078.29,4078.62,4076.3,4077.36,1945
2026-06-24 11:57:00,4077.37,4077.78,4075.6,4076.27,1946
2026-06-24 12:00:00,4076.26,4078.34,4074.15,4074.73,2105
2026-06-24 12:03:00,4074.7,4076.63,4073.98,4075.2,2026
2026-06-24 12:06:00,4075.21,4075.54,4071.87,4072.21,2085
2026-06-24 12:09:00,4072.25,4073.56,4069.92,4071.98,2148
2026-06-24 12:12:00,4071.98,4076.89,4071.94,4076.25,2069
2026-06-24 12:15:00,4076.27,4077.56,4075.42,4076.89,2212
2026-06-24 12:18:00,4076.89,4079.11,4075.92,4077.09,2298
2026-06-24 12:21:00,4077.11,4077.11,4074.25,4074.5,2336
2026-06-24 12:24:00,4074.5,4074.63,4071.82,4071.96,2000
2026-06-24 12:27:00,4071.98,4072.8,4068.38,4069.37,2127
2026-06-24 12:30:00,4069.35,4072.19,4068.72,4070.03,2195
2026-06-24 12:33:00,4070.04,4072.24,4069.91,4069.99,2216
2026-06-24 12:36:00,4069.98,4070.02,4067.25,4068.14,2067
2026-06-24 12:39:00,4067.99,4069.09,4065.67,4066.87,2023
2026-06-24 12:42:00,4066.89,4069.54,4065.5,4068.33,2404
2026-06-24 12:45:00,4068.35,4068.58,4065.63,4067.31,2413
2026-06-24 12:48:00,4067.29,4070.34,4066.97,4068.78,2181
2026-06-24 12:51:00,4068.81,4071.02,4068.42,4069.97,2737
2026-06-24 12:54:00,4070.0,4070.0,4066.96,4067.25,2395
2026-06-24 12:57:00,4067.23,4067.26,4064.17,4064.61,2254
2026-06-24 13:00:00,4064.61,4066.35,4059.47,4060.31,2140
2026-06-24 13:03:00,4060.29,4062.6,4059.68,4062.04,2319
2026-06-24 13:06:00,4062.03,4062.1,4059.71,4060.87,2483
2026-06-24 13:09:00,4060.86,4061.87,4059.0,4061.74,2281
2026-06-24 13:12:00,4061.77,4062.36,4060.72,4061.06,1941
2026-06-24 13:15:00,4061.07,4061.1,4055.11,4056.89,2212
2026-06-24 13:18:00,4056.88,4060.46,4056.86,4059.04,2179
2026-06-24 13:21:00,4059.04,4060.57,4056.5,4056.66,2068
2026-06-24 13:24:00,4056.67,4059.79,4056.28,4059.36,2030
2026-06-24 13:27:00,4059.38,4060.84,4057.99,4060.81,2436
2026-06-24 13:30:00,4060.8,4063.09,4060.8,4062.59,2149
2026-06-24 13:33:00,4062.61,4063.21,4060.04,4061.06,2037
2026-06-24 13:36:00,4061.07,4061.08,4057.03,4057.19,2032
2026-06-24 13:39:00,4057.18,4063.66,4056.67,4063.4,2105
2026-06-24 13:42:00,4063.39,4066.9,4062.74,4064.93,2110
2026-06-24 13:45:00,4064.9,4065.71,4061.8,4062.94,2444
2026-06-24 13:48:00,4062.96,4063.56,4062.12,4062.55,2419
2026-06-24 13:51:00,4062.55,4062.55,4056.92,4057.7,2148
2026-06-24 13:54:00,4057.71,4058.69,4055.08,4056.44,2367
2026-06-24 13:57:00,4056.45,4057.96,4054.5,4055.64,2348
2026-06-24 14:00:00,4055.65,4058.51,4055.01,4056.61,2161
2026-06-24 14:03:00,4056.59,4056.6,4051.02,4051.44,2280
2026-06-24 14:06:00,4051.43,4053.54,4048.06,4052.46,2226
2026-06-24 14:09:00,4052.49,4053.6,4048.49,4052.84,2266
2026-06-24 14:12:00,4052.84,4053.06,4044.79,4045.9,2190
2026-06-24 14:15:00,4045.9,4046.86,4037.57,4040.79,2591
2026-06-24 14:18:00,4040.8,4043.2,4039.28,4041.87,2329
2026-06-24 14:21:00,4041.84,4045.29,4041.57,4042.61,2191
2026-06-24 14:24:00,4042.59,4046.87,4038.64,4039.74,2280
2026-06-24 14:27:00,4039.73,4045.68,4039.56,4044.29,2295
2026-06-24 14:30:00,4044.29,4048.14,4044.19,4046.61,2280
2026-06-24 14:33:00,4046.6,4047.34,4043.49,4045.64,2319
2026-06-24 14:36:00,4045.63,4051.42,4044.21,4050.76,2467
2026-06-24 14:39:00,4050.74,4051.42,4047.39,4047.64,2284
2026-06-24 14:42:00,4047.61,4050.52,4045.77,4046.03,2491
2026-06-24 14:45:00,4046.04,4046.68,4040.52,4040.95,2478
2026-06-24 14:48:00,4040.92,4047.61,4039.18,4047.04,2522
2026-06-24 14:51:00,4047.06,4056.22,4047.02,4054.33,2641
2026-06-24 14:54:00,4054.26,4055.52,4049.67,4050.71,2505
2026-06-24 14:57:00,4050.7,4051.76,4045.67,4046.68,2476
2026-06-24 15:00:00,4046.68,4048.82,4042.33,4047.15,2764
2026-06-24 15:03:00,4047.15,4047.87,4042.68,4043.31,2350
2026-06-24 15:06:00,4043.16,4043.45,4035.27,4038.73,2493
2026-06-24 15:09:00,4038.87,4044.83,4037.84,4042.61,2596
2026-06-24 15:12:00,4042.58,4043.32,4038.12,4038.17,2396
2026-06-24 15:15:00,4038.18,4040.28,4035.43,4039.36,2503
2026-06-24 15:18:00,4039.38,4041.97,4036.37,4036.57,2350
2026-06-24 15:21:00,4036.8,4039.35,4034.98,4036.44,2516
2026-06-24 15:24:00,4036.43,4036.85,4006.3,4015.85,3927
2026-06-24 15:27:00,4015.85,4020.45,4012.98,4015.22,2794
2026-06-24 15:30:00,4015.24,4017.23,4009.09,4015.85,2746
2026-06-24 15:33:00,4015.83,4020.79,4011.91,4012.45,2626
2026-06-24 15:36:00,4012.5,4016.71,4009.99,4011.23,2512
2026-06-24 15:39:00,4011.2,4013.67,4007.3,4007.73,2723
2026-06-24 15:42:00,4007.76,4015.04,4007.76,4013.46,2496
2026-06-24 15:45:00,4013.45,4017.59,4008.6,4010.04,2567
2026-06-24 15:48:00,4010.03,4012.08,4002.2,4002.26,2799
2026-06-24 15:51:00,4002.27,4008.11,3999.92,4007.31,2772
2026-06-24 15:54:00,4007.3,4007.31,3996.39,3996.57,2589
2026-06-24 15:57:00,3996.57,4001.29,3987.68,3987.8,2767
2026-06-24 16:00:00,3987.86,3989.54,3971.92,3979.3,4195
2026-06-24 16:03:00,3979.32,3995.48,3978.57,3984.38,3805
2026-06-24 16:06:00,3984.36,3984.96,3971.85,3971.96,3402
2026-06-24 16:09:00,3974.2,3979.02,3967.2,3968.51,3090
2026-06-24 16:12:00,3968.53,3975.5,3966.83,3971.71,3149
2026-06-24 16:15:00,3971.67,3975.48,3965.12,3974.02,3024
2026-06-24 16:18:00,3974.03,3977.23,3966.68,3968.78,2984
2026-06-24 16:21:00,3968.69,3970.97,3964.5,3964.66,2928
2026-06-24 16:24:00,3964.65,3976.25,3964.63,3975.85,3070
2026-06-24 16:27:00,3975.85,3976.26,3971.46,3975.47,2792
2026-06-24 16:30:00,3975.46,3993.3,3974.34,3991.02,3433
2026-06-24 16:33:00,3991.05,3996.29,3984.97,3993.65,3500
2026-06-24 16:36:00,3993.64,3999.01,3991.73,3998.48,3276
2026-06-24 16:39:00,3998.52,4008.82,3997.99,4008.16,3289
2026-06-24 16:42:00,4008.16,4018.12,4007.84,4015.43,3509
2026-06-24 16:45:00,4015.44,4019.68,4009.26,4016.01,3569
2026-06-24 16:48:00,4016.03,4025.99,4013.6,4022.75,3564
2026-06-24 16:51:00,4022.66,4033.76,4022.05,4028.93,3492
2026-06-24 16:54:00,4028.91,4034.05,4023.79,4031.73,3424
2026-06-24 16:57:00,4031.68,4042.02,4031.68,4038.39,3201
2026-06-24 17:00:00,4038.4,4041.07,4027.54,4028.07,3265
2026-06-24 17:03:00,4028.22,4031.98,4021.75,4023.78,3164
2026-06-24 17:06:00,4023.84,4030.66,4023.5,4029.67,3359
2026-06-24 17:09:00,4029.69,4031.78,4021.76,4023.73,3126
2026-06-24 17:12:00,4023.76,4026.74,4018.95,4019.94,3067
2026-06-24 17:15:00,4019.87,4021.24,4015.04,4017.54,3050
2026-06-24 17:18:00,4017.55,4019.57,4014.38,4016.8,2881
2026-06-24 17:21:00,4016.77,4024.59,4014.85,4021.17,3088
2026-06-24 17:24:00,4021.14,4027.88,4020.76,4026.73,2966
2026-06-24 17:27:00,4026.74,4027.97,4021.02,4023.75,2870
2026-06-24 17:30:00,4023.76,4029.38,4023.47,4027.41,3013
2026-06-24 17:33:00,4027.4,4034.53,4026.77,4030.31,2886
2026-06-24 17:36:00,4030.31,4030.31,4022.03,4022.33,2710
2026-06-24 17:39:00,4022.35,4022.66,4016.92,4017.21,2852
2026-06-24 17:42:00,4017.23,4017.74,4011.17,4015.8,2703
2026-06-24 17:45:00,4015.79,4015.79,4009.95,4015.12,2698
2026-06-24 17:48:00,4015.08,4015.6,4009.62,4009.65,2650
2026-06-24 17:51:00,4009.64,4010.89,4006.6,4007.74,2557
2026-06-24 17:54:00,4007.75,4008.01,4002.79,4003.97,2499
2026-06-24 17:57:00,4003.97,4008.4,4003.85,4008.04,2610
2026-06-24 18:00:00,4008.03,4009.94,4004.33,4004.98,2815
2026-06-24 18:03:00,4004.97,4006.88,4000.79,4002.79,2682
2026-06-24 18:06:00,4002.79,4003.16,3997.37,3999.28,2661
2026-06-24 18:09:00,3999.3,4003.37,3997.29,4000.21,2650
2026-06-24 18:12:00,4000.22,4004.03,3999.05,4001.91,2634
2026-06-24 18:15:00,4001.88,4005.35,3999.53,4003.58,2400
2026-06-24 18:18:00,4003.57,4014.6,4002.64,4013.57,2622
2026-06-24 18:21:00,4013.57,4014.5,4010.56,4011.69,2535
2026-06-24 18:24:00,4011.67,4012.06,4003.73,4008.22,2716
2026-06-24 18:27:00,4008.18,4014.82,4007.26,4014.77,2660
2026-06-24 18:30:00,4014.78,4015.34,4008.46,4010.14,2638
2026-06-24 18:33:00,4010.13,4010.26,4006.37,4008.31,2305
2026-06-24 18:36:00,4008.32,4010.4,4007.16,4008.97,2456
2026-06-24 18:39:00,4008.96,4009.02,4003.53,4003.83,2433
2026-06-24 18:42:00,4003.83,4006.43,4001.25,4006.36,2427
2026-06-24 18:45:00,4006.37,4008.83,4004.02,4008.82,2626
2026-06-24 18:48:00,4008.81,4016.83,4008.31,4013.47,2820
2026-06-24 18:51:00,4013.47,4015.57,4007.1,4007.13,2598
2026-06-24 18:54:00,4007.15,4007.42,4002.28,4003.5,2500
2026-06-24 18:57:00,4003.5,4004.21,4000.02,4002.48,2351
2026-06-24 19:00:00,4002.47,4003.75,3999.63,4003.53,2685
2026-06-24 19:03:00,4003.55,4005.61,4001.82,4004.01,2747
2026-06-24 19:06:00,4004.11,4006.53,3997.12,3998.06,2567
2026-06-24 19:09:00,3998.09,4004.23,3995.5,4002.41,2694
2026-06-24 19:12:00,4002.39,4004.21,4001.08,4002.68,2650
2026-06-24 19:15:00,4002.73,4006.03,4001.88,4003.22,2368
2026-06-24 19:18:00,4003.17,4005.15,4001.53,4004.05,2355
2026-06-24 19:21:00,4004.07,4013.06,4003.62,4011.49,2639
2026-06-24 19:24:00,4011.47,4014.96,4009.31,4014.41,2413
2026-06-24 19:27:00,4014.41,4016.99,4012.88,4016.08,2438
2026-06-24 19:30:00,4016.09,4019.26,4014.25,4016.9,2435
2026-06-24 19:33:00,4016.88,4020.12,4013.09,4019.39,2466
2026-06-24 19:36:00,4019.55,4022.26,4017.47,4021.29,2604
2026-06-24 19:39:00,4021.29,4021.74,4013.58,4015.79,2487
2026-06-24 19:42:00,4015.83,4016.17,4009.46,4011.57,2563
2026-06-24 19:45:00,4011.57,4012.23,4009.3,4009.56,2491
2026-06-24 19:48:00,4009.49,4011.06,4007.11,4011.03,2385
2026-06-24 19:51:00,4011.05,4011.06,4007.92,4009.02,2130
2026-06-24 19:54:00,4009.03,4009.58,4006.55,4008.3,2172
2026-06-24 19:57:00,4008.3,4009.03,4006.18,4006.68,2070
2026-06-24 20:00:00,4006.66,4011.23,4005.54,4010.38,2355
2026-06-24 20:03:00,4010.38,4011.24,4007.4,4008.9,2226
2026-06-24 20:06:00,4008.93,4009.49,4004.5,4006.87,2192
2026-06-24 20:09:00,4006.85,4009.62,4005.53,4008.45,2264
2026-06-24 20:12:00,4008.46,4009.38,4005.52,4005.81,2230
2026-06-24 20:15:00,4005.71,4007.23,4002.99,4003.58,2381
2026-06-24 20:18:00,4003.61,4004.23,3996.9,3997.29,2422
2026-06-24 20:21:00,3997.29,3999.06,3994.1,3994.92,2593
2026-06-24 20:24:00,3994.89,3997.64,3990.01,3990.58,3047
2026-06-24 20:27:00,3990.74,3996.32,3990.14,3990.55,2956
2026-06-24 20:30:00,3990.55,3991.06,3984.37,3986.13,2764
2026-06-24 20:33:00,3986.16,3988.02,3983.67,3986.1,2785
2026-06-24 20:36:00,3986.06,3987.0,3983.1,3984.81,2664
2026-06-24 20:39:00,3984.82,3987.12,3983.29,3986.24,2728
2026-06-24 20:42:00,3986.26,3986.47,3983.05,3984.42,2530
2026-06-24 20:45:00,3984.38,3986.97,3981.87,3984.22,2674
2026-06-24 20:48:00,3984.24,3985.08,3976.73,3979.19,2583
2026-06-24 20:51:00,3979.2,3980.95,3977.9,3979.67,2645
2026-06-24 20:54:00,3979.69,3982.22,3978.42,3980.9,2745
2026-06-24 20:57:00,3980.89,3980.9,3972.72,3972.77,2688
2026-06-24 21:00:00,3972.77,3975.37,3967.42,3968.07,3318
2026-06-24 21:03:00,3968.17,3975.68,3959.21,3974.63,3589
2026-06-24 21:06:00,3974.45,3978.86,3973.82,3978.41,2997
2026-06-24 21:09:00,3978.45,3992.37,3978.45,3989.96,2947
2026-06-24 21:12:00,3989.94,3991.72,3987.07,3988.89,2932
2026-06-24 21:15:00,3988.92,3992.35,3987.91,3989.27,2876
2026-06-24 21:18:00,3989.28,3989.78,3982.99,3983.83,2792
2026-06-24 21:21:00,3983.83,3987.66,3979.46,3986.81,2762
2026-06-24 21:24:00,3986.83,3989.91,3984.9,3988.19,2604
2026-06-24 21:27:00,3988.2,3991.96,3987.31,3990.07,2635
2026-06-24 21:30:00,3990.21,3994.25,3989.44,3989.73,2509
2026-06-24 21:33:00,3989.71,3990.65,3986.12,3986.87,2499
2026-06-24 21:36:00,3986.85,3988.38,3983.34,3983.96,2359
2026-06-24 21:39:00,3983.96,3985.57,3981.62,3983.87,2366
2026-06-24 21:42:00,3983.87,3984.45,3981.5,3983.53,2315
2026-06-24 21:45:00,3983.51,3983.51,3980.37,3981.02,2192
2026-06-24 21:48:00,3981.03,3981.32,3976.89,3978.48,2398
2026-06-24 21:51:00,3978.48,3981.34,3977.63,3980.8,2315
2026-06-24 21:54:00,3980.81,3983.54,3980.73,3982.33,2306
2026-06-24 21:57:00,3982.32,3984.28,3980.06,3981.38,2360
2026-06-24 22:00:00,3981.35,3982.01,3977.98,3980.29,2560
2026-06-24 22:03:00,3980.29,3985.07,3980.2,3981.99,2503
2026-06-24 22:06:00,3981.99,3982.18,3976.5,3976.96,2419
2026-06-24 22:09:00,3976.95,3978.02,3973.45,3975.29,2263
2026-06-24 22:12:00,3975.3,3977.17,3974.99,3976.34,2291
2026-06-24 22:15:00,3976.32,3976.82,3973.93,3976.82,2291
2026-06-24 22:18:00,3976.8,3978.16,3975.45,3977.89,2206
2026-06-24 22:21:00,3977.86,3979.89,3976.63,3978.09,2381
2026-06-24 22:24:00,3978.05,3981.54,3977.75,3981.25,2157
2026-06-24 22:27:00,3981.26,3984.34,3980.17,3984.07,2224
2026-06-24 22:30:00,3984.04,3988.62,3983.86,3984.62,2352
2026-06-24 22:33:00,3984.59,3986.12,3984.18,3984.55,2760
2026-06-24 22:36:00,3984.56,3985.47,3981.38,3981.93,2375
2026-06-24 22:39:00,3981.97,3983.84,3980.91,3981.15,2488
2026-06-24 22:42:00,3981.13,3983.29,3979.5,3982.73,2218
2026-06-24 22:45:00,3982.71,3984.74,3981.74,3982.67,2344
2026-06-24 22:48:00,3982.67,3983.7,3981.18,3982.24,2435
2026-06-24 22:51:00,3982.28,3988.7,3980.97,3987.65,2566
2026-06-24 22:54:00,3987.63,3990.77,3986.13,3988.36,2539
2026-06-24 22:57:00,3988.37,3988.86,3984.69,3988.23,2534
2026-06-24 23:00:00,3988.15,3992.55,3984.76,3991.41,2527
2026-06-24 23:03:00,3991.4,4002.04,3990.36,4001.31,2417
2026-06-24 23:06:00,4001.3,4002.78,3998.22,4000.44,2336
2026-06-24 23:09:00,4000.46,4001.14,3997.23,3997.78,2211
2026-06-24 23:12:00,3997.82,3997.98,3994.64,3995.31,2389
2026-06-24 23:15:00,3995.3,3995.88,3992.23,3993.07,2118
2026-06-24 23:18:00,3993.04,3995.44,3992.74,3994.4,2027
2026-06-24 23:21:00,3994.4,3995.33,3993.13,3994.38,2014
2026-06-24 23:24:00,3994.39,3999.86,3994.34,3999.45,2122
2026-06-24 23:27:00,3999.44,4000.95,3997.16,4000.07,2116
2026-06-24 23:30:00,4000.06,4001.25,3997.68,4000.64,2095
2026-06-24 23:33:00,4000.63,4001.33,3998.49,4000.37,2128
2026-06-24 23:36:00,4000.37,4001.28,3996.27,3996.28,1973
2026-06-24 23:39:00,3996.28,3999.05,3995.72,3998.64,1944
2026-06-24 23:42:00,3998.65,3999.19,3997.96,3998.85,1919
2026-06-24 23:45:00,3998.85,4000.12,3997.56,3999.86,1886
2026-06-24 23:48:00,3999.89,4000.42,3997.08,3997.51,1926
2026-06-24 23:51:00,3997.51,3999.9,3996.58,3999.34,1858
2026-06-24 23:54:00,3999.37,3999.57,3998.27,3998.72,1904
2026-06-24 23:57:00,3998.69,4001.23,3998.67,3999.15,1231
2026-06-25 01:00:00,4004.23,4008.8,4003.75,4008.01,4319
2026-06-25 01:03:00,4008.06,4008.62,4004.87,4005.6,1894
2026-06-25 01:06:00,4005.61,4006.46,4001.22,4003.73,1911
2026-06-25 01:09:00,4003.74,4004.57,4002.94,4003.4,1867
2026-06-25 01:12:00,4003.4,4005.11,4000.92,4001.75,1847
2026-06-25 01:15:00,4001.74,4002.14,4000.54,4001.47,1852
2026-06-25 01:18:00,4001.45,4002.4,4000.65,4001.61,1812
2026-06-25 01:21:00,4001.58,4002.63,4000.68,4001.76,1752
2026-06-25 01:24:00,4001.79,4002.42,4000.57,4001.4,1788
2026-06-25 01:27:00,4001.41,4002.97,4001.4,4002.1,1800
2026-06-25 01:30:00,4002.1,4003.78,3999.61,4002.68,1974
2026-06-25 01:33:00,4002.69,4005.86,4002.19,4005.84,1898
2026-06-25 01:36:00,4005.86,4006.74,4004.47,4004.56,2001
2026-06-25 01:39:00,4004.55,4004.56,4001.69,4002.39,1938
2026-06-25 01:42:00,4002.37,4004.08,4001.98,4002.38,2007
2026-06-25 01:45:00,4002.38,4002.62,4000.41,4000.71,1976
2026-06-25 01:48:00,4000.73,4001.09,3997.33,3997.33,1872
2026-06-25 01:51:00,3997.32,3999.14,3994.71,3994.98,1966
2026-06-25 01:54:00,3994.99,3996.93,3992.99,3996.73,2071
2026-06-25 01:57:00,3996.74,3997.15,3995.96,3996.43,1832
2026-06-25 02:00:00,3996.41,3998.57,3994.42,3995.19,2237
2026-06-25 02:03:00,3995.18,3996.86,3992.16,3993.33,2171
2026-06-25 02:06:00,3993.31,3993.93,3990.8,3991.97,2003
2026-06-25 02:09:00,3991.99,3995.29,3991.8,3995.03,1909
2026-06-25 02:12:00,3995.01,3995.33,3992.09,3995.07,2011
2026-06-25 02:15:00,3995.07,3998.7,3995.01,3997.05,1961
2026-06-25 02:18:00,3997.04,3998.97,3996.7,3998.34,1839
2026-06-25 02:21:00,3998.35,3999.4,3997.83,3999.33,1804
2026-06-25 02:24:00,3999.36,4000.59,3998.65,3999.68,1870
2026-06-25 02:27:00,3999.7,3999.92,3996.98,3998.17,1873
2026-06-25 02:30:00,3998.16,4001.04,3998.09,4001.04,1857
2026-06-25 02:33:00,4000.99,4014.59,4000.04,4013.41,2214
2026-06-25 02:36:00,4013.44,4018.66,4011.79,4018.53,2214
2026-06-25 02:39:00,4018.31,4018.36,4012.78,4013.27,2084
2026-06-25 02:42:00,4013.29,4015.19,4010.74,4014.44,2024
2026-06-25 02:45:00,4014.47,4017.68,4010.11,4010.96,2299
2026-06-25 02:48:00,4010.97,4013.54,4010.07,4012.88,2140
2026-06-25 02:51:00,4012.88,4012.98,4009.9,4011.1,2009
2026-06-25 02:54:00,4011.11,4011.61,4009.55,4011.49,1920
2026-06-25 02:57:00,4011.47,4013.24,4009.65,4012.37,2075
2026-06-25 03:00:00,4012.37,4013.79,4009.08,4010.28,2460
2026-06-25 03:03:00,4010.28,4014.79,4010.27,4013.42,2410
2026-06-25 03:06:00,4013.41,4015.51,4011.12,4014.85,2542
2026-06-25 03:09:00,4014.85,4016.36,4012.8,4012.95,2258
2026-06-25 03:12:00,4012.97,4013.48,4003.95,4005.46,2456
2026-06-25 03:15:00,4005.46,4006.19,4002.22,4002.77,2645
2026-06-25 03:18:00,4002.76,4004.41,4000.66,4003.95,2525
2026-06-25 03:21:00,4003.96,4005.36,4000.44,4003.42,2278
2026-06-25 03:24:00,4003.44,4004.05,3998.69,3998.8,2331
2026-06-25 03:27:00,3998.8,3999.03,3995.38,3996.45,2314
2026-06-25 03:30:00,3996.49,3996.49,3988.93,3989.56,2346
2026-06-25 03:33:00,3989.56,3990.53,3984.13,3984.65,2321
2026-06-25 03:36:00,3984.63,3986.71,3983.44,3983.91,2366
2026-06-25 03:39:00,3983.92,3986.69,3981.46,3985.19,2351
2026-06-25 03:42:00,3985.16,3987.68,3983.3,3985.5,2159
2026-06-25 03:45:00,3985.53,3986.24,3978.59,3980.62,2469
2026-06-25 03:48:00,3980.57,3986.96,3978.67,3985.66,2402
2026-06-25 03:51:00,3985.68,3998.09,3985.65,3998.08,2466
2026-06-25 03:54:00,3998.07,4001.23,3996.32,3999.4,2560
2026-06-25 03:57:00,3999.46,4000.08,3988.52,3991.54,2468
2026-06-25 04:00:00,3991.54,4005.87,3988.92,4004.42,3408
2026-06-25 04:03:00,4004.38,4004.38,3991.38,3996.62,3202
2026-06-25 04:06:00,3996.6,3997.47,3987.74,3990.55,3128
2026-06-25 04:09:00,3990.55,3993.0,3982.38,3983.85,2998
2026-06-25 04:12:00,3983.81,3988.7,3983.19,3986.84,2794
2026-06-25 04:15:00,3986.87,3992.46,3983.95,3991.42,2974
2026-06-25 04:18:00,3991.42,3999.47,3988.46,3999.22,2814
2026-06-25 04:21:00,3999.22,3999.44,3994.25,3996.9,2754
2026-06-25 04:24:00,3996.91,3999.37,3994.85,3997.76,2797
2026-06-25 04:27:00,3997.77,4000.07,3990.51,3990.78,2657
2026-06-25 04:30:00,3990.79,3995.74,3989.27,3992.82,2843
2026-06-25 04:33:00,3992.82,3992.9,3981.71,3982.34,2557
2026-06-25 04:36:00,3982.37,3986.72,3977.12,3984.26,2622
2026-06-25 04:39:00,3984.37,3988.32,3981.55,3984.48,2775
2026-06-25 04:42:00,3984.49,3987.13,3979.71,3981.85,2534
2026-06-25 04:45:00,3981.82,3984.6,3978.28,3984.54,2521
2026-06-25 04:48:00,3984.59,3987.22,3983.19,3985.43,2403
2026-06-25 04:51:00,3985.42,3988.62,3980.28,3980.58,2615
2026-06-25 04:54:00,3980.57,3983.4,3978.74,3982.54,2506
2026-06-25 04:57:00,3982.53,3982.55,3972.54,3976.71,2671
2026-06-25 05:00:00,3976.72,3981.48,3976.2,3979.55,2811
2026-06-25 05:03:00,3979.54,3981.77,3973.24,3974.4,2756
2026-06-25 05:06:00,3974.39,3974.75,3963.82,3967.16,2710
2026-06-25 05:09:00,3967.17,3969.15,3964.13,3966.28,2640
2026-06-25 05:12:00,3966.27,3970.87,3962.92,3967.84,2762
2026-06-25 05:15:00,3967.83,3974.76,3967.44,3973.86,2504
2026-06-25 05:18:00,3973.86,3983.54,3972.79,3981.81,2452
2026-06-25 05:21:00,3981.84,3990.61,3981.22,3989.51,2546
2026-06-25 05:24:00,3989.52,3991.15,3984.28,3985.27,2399
2026-06-25 05:27:00,3985.26,3987.66,3984.18,3986.46,2184
2026-06-25 05:30:00,3986.46,3986.77,3978.33,3981.1,2800
2026-06-25 05:33:00,3981.1,3988.06,3979.68,3987.57,2460
2026-06-25 05:36:00,3987.55,3988.19,3982.53,3984.36,2512
2026-06-25 05:39:00,3984.33,3986.2,3976.61,3976.62,2438
2026-06-25 05:42:00,3976.62,3979.38,3974.73,3978.51,2370
2026-06-25 05:45:00,3978.55,3982.27,3976.72,3981.24,2472
2026-06-25 05:48:00,3981.25,3984.05,3979.73,3981.39,2434
2026-06-25 05:51:00,3981.36,3981.66,3975.68,3976.68,2361
2026-06-25 05:54:00,3976.68,3982.45,3976.23,3981.37,2417
2026-06-25 05:57:00,3981.28,3984.53,3979.16,3982.9,2347
2026-06-25 06:00:00,3982.91,3989.22,3981.69,3983.36,2546
2026-06-25 06:03:00,3983.39,3983.82,3978.89,3980.1,2382
2026-06-25 06:06:00,3980.09,3980.56,3974.31,3976.65,2505
2026-06-25 06:09:00,3976.65,3976.73,3970.19,3971.1,2470
2026-06-25 06:12:00,3971.1,3972.45,3966.16,3970.63,2448
2026-06-25 06:15:00,3970.64,3977.85,3967.75,3977.51,2361
2026-06-25 06:18:00,3977.53,3983.07,3976.35,3979.71,2483
2026-06-25 06:21:00,3979.68,3980.02,3973.8,3975.42,2310
2026-06-25 06:24:00,3975.41,3976.31,3972.38,3974.68,2486
2026-06-25 06:27:00,3974.68,3977.05,3973.37,3976.3,2331
2026-06-25 06:30:00,3976.33,3977.16,3971.71,3973.35,2412
2026-06-25 06:33:00,3973.39,3976.17,3972.07,3972.68,2138
2026-06-25 06:36:00,3972.63,3972.68,3968.91,3970.7,2482
2026-06-25 06:39:00,3970.67,3972.14,3970.09,3971.52,2153
2026-06-25 06:42:00,3971.43,3975.13,3970.73,3975.11,2175
2026-06-25 06:45:00,3975.12,3984.74,3974.49,3982.59,2198
2026-06-25 06:48:00,3982.6,3990.44,3980.96,3988.94,2307
2026-06-25 06:51:00,3988.99,3998.84,3988.12,3994.78,2581
2026-06-25 06:54:00,3994.77,4001.2,3994.31,3997.97,2273
2026-06-25 06:57:00,3997.99,3998.17,3993.85,3995.58,2169
2026-06-25 07:00:00,3995.58,3997.6,3993.66,3995.84,2283
2026-06-25 07:03:00,3995.81,3997.27,3992.58,3994.3,2194
2026-06-25 07:06:00,3994.3,3996.85,3993.93,3995.59,2054
2026-06-25 07:09:00,3995.59,3996.64,3990.91,3991.96,2176
2026-06-25 07:12:00,3991.95,3992.55,3989.5,3989.52,2159
2026-06-25 07:15:00,3989.53,3990.69,3987.66,3988.51,2102
2026-06-25 07:18:00,3988.49,3992.52,3988.05,3992.52,2212
2026-06-25 07:21:00,3992.5,3997.14,3992.07,3996.37,2057
2026-06-25 07:24:00,3996.36,3996.41,3993.66,3995.13,2087
2026-06-25 07:27:00,3995.11,3997.6,3994.38,3994.54,2015
2026-06-25 07:30:00,3994.56,3995.97,3990.62,3990.62,2015
2026-06-25 07:33:00,3990.65,3992.08,3988.36,3988.75,2064
2026-06-25 07:36:00,3988.76,3990.8,3988.42,3989.75,1991
2026-06-25 07:39:00,3989.79,3990.1,3983.68,3985.38,2068
2026-06-25 07:42:00,3985.38,3992.01,3984.08,3992.01,2271
2026-06-25 07:45:00,3992.01,3995.67,3991.39,3994.78,2186
2026-06-25 07:48:00,3994.79,3994.79,3991.49,3993.08,2081
2026-06-25 07:51:00,3993.08,3995.84,3992.77,3995.54,1950
2026-06-25 07:54:00,3995.57,3997.18,3994.62,3995.23,2012
2026-06-25 07:57:00,3995.22,3996.29,3994.82,3996.06,1928
2026-06-25 08:00:00,3996.06,3997.14,3994.56,3995.0,2112
2026-06-25 08:03:00,3995.03,3998.19,3994.11,3994.51,2129
2026-06-25 08:06:00,3994.5,3996.97,3992.23,3996.5,2244
2026-06-25 08:09:00,3996.48,3999.39,3996.15,3997.8,2172
2026-06-25 08:12:00,3997.79,4000.04,3996.45,3998.31,2115
2026-06-25 08:15:00,3998.29,3998.58,3992.21,3992.61,2176
2026-06-25 08:18:00,3992.61,3992.82,3989.18,3992.49,2163
2026-06-25 08:21:00,3992.51,3993.94,3991.26,3993.57,2085
2026-06-25 08:24:00,3993.57,3998.99,3990.79,3992.84,2340
2026-06-25 08:27:00,3992.84,3996.77,3992.34,3994.39,2261
2026-06-25 08:30:00,3994.44,3997.55,3985.9,3993.43,3075
2026-06-25 08:33:00,3993.41,3995.96,3988.2,3989.21,2526
2026-06-25 08:36:00,3989.21,3989.81,3984.69,3986.95,2235
2026-06-25 08:39:00,3986.84,3986.84,3982.79,3983.16,2328
2026-06-25 08:42:00,3983.15,3984.65,3981.83,3983.24,2342
2026-06-25 08:45:00,3983.25,3984.41,3980.52,3981.7,2542
2026-06-25 08:48:00,3981.7,3987.11,3981.17,3986.28,2319
2026-06-25 08:51:00,3986.28,3988.35,3985.58,3987.0,2265
2026-06-25 08:54:00,3986.98,3991.46,3986.77,3990.24,2328
2026-06-25 08:57:00,3990.23,3991.83,3986.38,3986.42,2309
2026-06-25 09:00:00,3986.42,3988.12,3982.04,3983.87,2315
2026-06-25 09:03:00,3983.88,3989.19,3982.0,3984.91,2346
2026-06-25 09:06:00,3984.91,3987.4,3983.12,3986.63,2218
2026-06-25 09:09:00,3986.63,3987.4,3983.53,3985.31,2199
2026-06-25 09:12:00,3985.29,3985.53,3979.96,3980.19,2234
2026-06-25 09:15:00,3980.19,3980.34,3975.65,3976.78,2356
2026-06-25 09:18:00,3976.76,3981.83,3974.02,3981.39,2311
2026-06-25 09:21:00,3981.38,3981.54,3976.2,3978.42,2298
2026-06-25 09:24:00,3978.42,3982.15,3976.7,3981.13,2315
2026-06-25 09:27:00,3981.39,3986.85,3980.98,3984.34,2319
2026-06-25 09:30:00,3984.31,3985.13,3978.36,3982.82,2835
2026-06-25 09:33:00,3982.79,3982.86,3976.67,3977.47,2327
2026-06-25 09:36:00,3977.45,3980.61,3976.79,3979.27,2738
2026-06-25 09:39:00,3979.28,3981.47,3977.49,3981.43,2301
2026-06-25 09:42:00,3981.43,3983.74,3980.95,3982.2,2593
2026-06-25 09:45:00,3982.2,3984.25,3981.34,3981.34,2184
2026-06-25 09:48:00,3981.32,3984.12,3980.67,3984.1,2147
2026-06-25 09:51:00,3984.1,3984.14,3979.54,3979.54,2185
2026-06-25 09:54:00,3979.49,3981.17,3976.8,3978.87,2160
2026-06-25 09:57:00,3978.85,3980.27,3976.0,3977.28,2264
2026-06-25 10:00:00,3977.29,3978.08,3973.55,3974.5,2276
2026-06-25 10:03:00,3974.49,3982.33,3974.49,3979.08,2250
2026-06-25 10:06:00,3979.07,3984.34,3978.57,3983.47,2218
2026-06-25 10:09:00,3983.46,3986.09,3982.7,3984.86,2595
2026-06-25 10:12:00,3984.85,3984.99,3978.65,3980.02,2149
2026-06-25 10:15:00,3980.02,3981.44,3977.61,3981.11,2445
2026-06-25 10:18:00,3981.14,3986.79,3980.98,3983.37,2467
2026-06-25 10:21:00,3983.38,3984.87,3979.78,3983.49,2315
2026-06-25 10:24:00,3983.49,3984.86,3982.14,3983.3,2573
2026-06-25 10:27:00,3983.28,3989.83,3983.26,3985.18,2282
2026-06-25 10:30:00,3985.18,3989.46,3982.92,3986.46,2325
2026-06-25 10:33:00,3986.49,3986.51,3982.18,3983.32,2166
2026-06-25 10:36:00,3983.32,3983.36,3980.29,3981.13,2641
2026-06-25 10:39:00,3981.12,3981.38,3976.95,3979.48,2106
2026-06-25 10:42:00,3979.46,3981.6,3973.64,3974.57,2085
2026-06-25 10:45:00,3974.56,3976.58,3971.49,3975.81,2155
2026-06-25 10:48:00,3975.79,3977.99,3974.79,3976.1,2474
2026-06-25 10:51:00,3976.09,3977.67,3974.5,3977.0,2219
2026-06-25 10:54:00,3977.01,3982.79,3974.76,3982.5,2225
2026-06-25 10:57:00,3982.5,3988.97,3981.58,3987.91,2237
2026-06-25 11:00:00,3987.91,3995.35,3987.35,3994.33,2466
2026-06-25 11:03:00,3994.33,3994.89,3989.27,3991.07,2381
2026-06-25 11:06:00,3991.06,3992.79,3987.79,3987.79,2173
2026-06-25 11:09:00,3987.77,3988.89,3984.43,3985.24,2227
2026-06-25 11:12:00,3985.25,3989.46,3984.31,3986.92,2188
2026-06-25 11:15:00,3986.95,3994.73,3986.26,3993.39,2280
2026-06-25 11:18:00,3993.38,3997.5,3992.68,3997.07,2246
2026-06-25 11:21:00,3997.06,4001.34,3995.78,3998.7,2307
2026-06-25 11:24:00,3998.71,3999.25,3992.59,3994.06,2380
2026-06-25 11:27:00,3994.03,3995.87,3992.42,3993.65,2422
2026-06-25 11:30:00,3993.71,3998.1,3993.71,3997.88,2249
2026-06-25 11:33:00,3997.87,4000.91,3996.58,3996.78,2277
2026-06-25 11:36:00,3996.77,3999.41,3996.16,3997.91,2448
2026-06-25 11:39:00,3997.91,4002.05,3997.48,4000.34,2434
2026-06-25 11:42:00,4000.41,4001.03,3998.39,3999.57,2001
2026-06-25 11:45:00,3999.59,3999.83,3993.53,3994.23,2244
2026-06-25 11:48:00,3994.25,3995.59,3989.69,3991.87,2200
2026-06-25 11:51:00,3991.87,3993.77,3991.25,3992.47,2435
2026-06-25 11:54:00,3992.49,3992.9,3989.31,3989.38,2066
2026-06-25 11:57:00,3989.36,3990.59,3988.6,3989.19,1978
2026-06-25 12:00:00,3989.21,3992.47,3989.19,3991.97,2229
2026-06-25 12:03:00,3992.12,3996.64,3991.42,3994.68,2147
2026-06-25 12:06:00,3994.69,3995.81,3992.76,3992.9,2071
2026-06-25 12:09:00,3992.89,3993.96,3990.95,3993.11,2041
2026-06-25 12:12:00,3993.11,3994.18,3990.98,3991.05,1961
2026-06-25 12:15:00,3991.07,3993.61,3990.14,3990.8,2091
2026-06-25 12:18:00,3990.78,3994.24,3989.29,3993.39,2125
2026-06-25 12:21:00,3993.42,3995.35,3992.45,3994.27,2132
2026-06-25 12:24:00,3994.27,3995.39,3992.94,3993.84,2009
2026-06-25 12:27:00,3993.85,3995.21,3992.52,3994.02,2112
2026-06-25 12:30:00,3994.05,3996.23,3993.38,3995.82,2312
2026-06-25 12:33:00,3995.83,3997.63,3988.38,3989.62,2206
2026-06-25 12:36:00,3989.6,3992.17,3986.13,3991.74,2225
2026-06-25 12:39:00,3991.76,3993.22,3988.82,3990.1,2084
2026-06-25 12:42:00,3990.09,3990.58,3987.23,3988.34,1990
2026-06-25 12:45:00,3988.35,3990.05,3988.14,3989.12,1976
2026-06-25 12:48:00,3989.11,3990.65,3988.6,3990.49,1956
2026-06-25 12:51:00,3990.48,3992.16,3989.38,3989.95,1953
2026-06-25 12:54:00,3989.96,3993.42,3989.15,3993.17,1933
2026-06-25 12:57:00,3993.18,3993.26,3987.55,3988.18,1976
2026-06-25 13:00:00,3988.24,3989.3,3987.44,3987.78,1958
2026-06-25 13:03:00,3987.8,3987.8,3985.42,3987.05,2004
2026-06-25 13:06:00,3987.02,3987.9,3985.99,3987.83,1969
2026-06-25 13:09:00,3987.81,3988.23,3984.08,3985.01,2063
2026-06-25 13:12:00,3985.03,3985.63,3983.56,3984.38,1979
2026-06-25 13:15:00,3984.36,3986.52,3983.22,3984.28,2004
2026-06-25 13:18:00,3984.3,3987.09,3983.76,3984.14,1986
2026-06-25 13:21:00,3984.17,3985.94,3983.69,3985.55,1932
2026-06-25 13:24:00,3985.54,3987.73,3985.13,3986.18,1962
2026-06-25 13:27:00,3986.17,3989.3,3985.46,3989.19,1965
2026-06-25 13:30:00,3989.17,3989.39,3984.69,3985.54,1986
2026-06-25 13:33:00,3985.54,3987.92,3985.07,3986.45,1925
2026-06-25 13:36:00,3986.44,3988.57,3986.12,3986.33,2157
2026-06-25 13:39:00,3986.34,3987.93,3984.92,3985.62,2399
2026-06-25 13:42:00,3985.65,3986.33,3984.79,3985.56,1997
2026-06-25 13:45:00,3985.57,3985.64,3982.51,3982.65,1983
2026-06-25 13:48:00,3982.68,3985.39,3982.39,3984.49,1996
2026-06-25 13:51:00,3984.49,3985.68,3981.99,3983.19,2011
2026-06-25 13:54:00,3983.19,3983.93,3981.85,3983.48,2405
2026-06-25 13:57:00,3983.5,3984.45,3981.28,3984.31,1962
2026-06-25 14:00:00,3984.32,3986.15,3982.03,3983.2,2117
2026-06-25 14:03:00,3983.2,3984.85,3982.79,3983.3,1962
2026-06-25 14:06:00,3983.29,3985.89,3983.25,3984.99,1971
2026-06-25 14:09:00,3984.98,3985.9,3983.43,3984.69,2025
2026-06-25 14:12:00,3984.69,3985.01,3982.23,3983.26,1970
2026-06-25 14:15:00,3983.24,3983.25,3976.1,3977.67,2152
2026-06-25 14:18:00,3977.66,3983.12,3977.64,3981.57,2108
2026-06-25 14:21:00,3981.61,3982.67,3979.75,3980.31,2010
2026-06-25 14:24:00,3980.33,3981.51,3979.38,3980.12,2008
2026-06-25 14:27:00,3980.1,3980.12,3976.93,3977.18,2061
2026-06-25 14:30:00,3977.21,3981.51,3976.59,3978.74,2126
2026-06-25 14:33:00,3978.73,3979.57,3974.97,3975.23,2043
2026-06-25 14:36:00,3975.32,3978.42,3973.68,3977.99,2073
2026-06-25 14:39:00,3977.99,3984.67,3977.87,3984.64,2122
2026-06-25 14:42:00,3984.63,3986.21,3984.31,3984.83,2046
2026-06-25 14:45:00,3984.84,3987.8,3984.8,3986.43,2064
2026-06-25 14:48:00,3986.41,3986.58,3983.63,3983.67,2406
2026-06-25 14:51:00,3983.63,3985.97,3982.08,3983.44,2172
2026-06-25 14:54:00,3983.42,3984.72,3980.36,3981.53,2068
2026-06-25 14:57:00,3981.51,3982.26,3979.49,3980.07,2245
2026-06-25 15:00:00,3980.04,3984.64,3980.04,3982.44,2248
2026-06-25 15:03:00,3982.45,3983.59,3980.7,3983.26,2216
2026-06-25 15:06:00,3983.24,3983.53,3979.59,3981.32,2158
2026-06-25 15:09:00,3981.3,3983.32,3980.23,3982.6,2164
2026-06-25 15:12:00,3982.61,3983.69,3980.53,3982.68,2110
2026-06-25 15:15:00,3982.67,3984.03,3979.99,3980.86,2215
2026-06-25 15:18:00,3981.03,3986.11,3979.96,3980.11,2314
2026-06-25 15:21:00,3980.11,3981.75,3978.97,3979.63,2328
2026-06-25 15:24:00,3979.62,3982.13,3978.93,3979.62,2362
2026-06-25 15:27:00,3979.63,3986.05,3979.1,3984.3,2222
2026-06-25 15:30:00,3984.25,4011.97,3981.81,3999.31,3601
2026-06-25 15:33:00,3999.29,3999.32,3989.32,3990.83,2926
2026-06-25 15:36:00,3990.83,4007.37,3990.76,4001.89,3287
2026-06-25 15:39:00,4001.92,4003.85,3991.95,3996.1,2935
2026-06-25 15:42:00,3996.07,4006.85,3995.69,4005.35,3111
2026-06-25 15:45:00,4005.36,4014.54,4003.62,4013.71,3097
2026-06-25 15:48:00,4013.74,4018.25,4011.1,4014.17,2922
2026-06-25 15:51:00,4014.18,4019.15,4011.62,4015.3,2702
2026-06-25 15:54:00,4015.31,4016.68,4013.07,4013.2,2574
2026-06-25 15:57:00,4013.23,4013.64,4008.64,4012.34,2450
2026-06-25 16:00:00,4012.38,4033.97,4011.97,4033.33,3514
2026-06-25 16:03:00,4033.34,4033.96,4024.25,4026.32,3059
2026-06-25 16:06:00,4026.3,4033.1,4025.54,4032.35,2846
2026-06-25 16:09:00,4032.33,4033.75,4025.67,4031.35,2739
2026-06-25 16:12:00,4031.34,4033.6,4029.22,4031.02,2560
2026-06-25 16:15:00,4030.99,4031.5,4024.91,4025.88,2555
2026-06-25 16:18:00,4025.87,4028.05,4020.86,4027.72,2585
2026-06-25 16:21:00,4027.73,4030.11,4026.0,4026.0,2481
2026-06-25 16:24:00,4026.01,4026.48,4020.76,4021.09,2702
2026-06-25 16:27:00,4021.0,4022.97,4018.83,4022.13,2592
2026-06-25 16:30:00,4022.16,4028.57,4015.0,4016.61,3125
2026-06-25 16:33:00,4016.66,4018.74,4012.61,4017.66,3213
2026-06-25 16:36:00,4017.66,4026.83,4017.66,4020.97,3112
2026-06-25 16:39:00,4021.0,4026.5,4017.5,4020.58,3175
2026-06-25 16:42:00,4020.61,4021.39,4010.9,4011.78,3151
2026-06-25 16:45:00,4011.78,4014.96,4008.14,4009.36,2874
2026-06-25 16:48:00,4009.35,4017.66,4009.12,4017.28,3038
2026-06-25 16:51:00,4017.31,4019.13,4008.52,4009.32,3097
2026-06-25 16:54:00,4009.38,4011.28,4001.86,4002.29,2831
2026-06-25 16:57:00,4002.26,4007.69,4001.03,4002.3,3102
2026-06-25 17:00:00,4002.28,4008.63,3999.12,4007.55,3211
2026-06-25 17:03:00,4007.55,4019.52,4007.1,4017.26,3423
2026-06-25 17:06:00,4017.24,4021.27,4010.29,4015.42,3230
2026-06-25 17:09:00,4015.44,4021.74,4013.46,4016.89,3051
2026-06-25 17:12:00,4016.9,4018.66,4013.88,4016.57,3389
2026-06-25 17:15:00,4016.56,4019.93,4014.95,4018.74,3245
2026-06-25 17:18:00,4018.71,4021.53,4013.84,4018.67,3281
2026-06-25 17:21:00,4018.66,4022.42,4014.87,4017.55,3259
2026-06-25 17:24:00,4017.59,4019.84,4012.89,4019.58,3163
2026-06-25 17:27:00,4019.57,4028.38,4019.08,4026.64,3295
2026-06-25 17:30:00,4026.68,4028.58,4022.14,4026.78,3195
2026-06-25 17:33:00,4026.79,4028.39,4021.72,4023.49,2725
2026-06-25 17:36:00,4023.51,4023.51,4016.47,4017.78,2788
2026-06-25 17:39:00,4017.84,4019.78,4015.9,4018.02,2752
2026-06-25 17:42:00,4018.02,4020.33,4016.29,4019.83,2667
2026-06-25 17:45:00,4019.85,4020.82,4014.56,4016.18,2691
2026-06-25 17:48:00,4016.19,4017.97,4014.55,4015.04,2557
2026-06-25 17:51:00,4015.01,4020.13,4013.24,4014.14,2502
2026-06-25 17:54:00,4014.19,4018.91,4014.19,4015.46,2509
2026-06-25 17:57:00,4015.47,4015.59,4011.3,4011.98,2587
2026-06-25 18:00:00,4012.0,4013.18,4009.83,4012.74,2631
2026-06-25 18:03:00,4012.76,4019.21,4010.09,4015.34,2722
2026-06-25 18:06:00,4015.33,4020.49,4015.11,4018.54,2884
2026-06-25 18:09:00,4018.48,4019.54,4007.37,4007.47,2780
2026-06-25 18:12:00,4007.48,4009.08,4004.93,4007.97,2565
2026-06-25 18:15:00,4007.96,4012.84,4005.91,4011.8,2580
2026-06-25 18:18:00,4011.81,4015.66,4009.97,4013.57,2604
2026-06-25 18:21:00,4013.59,4040.64,4013.08,4032.27,3607
2026-06-25 18:24:00,4032.26,4039.51,4030.71,4031.52,3203
2026-06-25 18:27:00,4031.53,4033.37,4026.07,4027.02,2829
2026-06-25 18:30:00,4027.0,4028.55,4024.93,4028.3,2925
2026-06-25 18:33:00,4028.28,4028.36,4021.96,4026.04,2827
2026-06-25 18:36:00,4026.03,4030.91,4024.41,4030.89,2609
2026-06-25 18:39:00,4030.89,4030.89,4026.54,4029.49,2641
2026-06-25 18:42:00,4029.47,4030.6,4027.79,4027.8,2160
2026-06-25 18:45:00,4027.82,4036.83,4026.98,4036.43,2666
2026-06-25 18:48:00,4036.43,4036.53,4028.48,4032.15,2630
2026-06-25 18:51:00,4032.15,4040.96,4032.15,4039.83,2720
2026-06-25 18:54:00,4039.82,4041.98,4036.89,4040.52,2387
2026-06-25 18:57:00,4040.51,4042.7,4038.21,4041.2,2375
2026-06-25 19:00:00,4041.18,4042.89,4036.17,4036.35,2583
2026-06-25 19:03:00,4036.37,4039.76,4035.05,4037.91,2499
2026-06-25 19:06:00,4037.9,4039.83,4034.77,4035.45,2435
2026-06-25 19:09:00,4035.45,4037.24,4033.84,4036.07,2496
2026-06-25 19:12:00,4036.05,4041.4,4035.81,4037.01,2366
2026-06-25 19:15:00,4037.05,4044.01,4037.05,4043.84,2573
2026-06-25 19:18:00,4043.82,4044.05,4040.16,4040.69,2439
2026-06-25 19:21:00,4040.68,4043.98,4040.57,4040.79,2547
2026-06-25 19:24:00,4040.78,4043.52,4039.63,4041.72,2428
2026-06-25 19:27:00,4041.76,4042.71,4040.22,4040.34,2412
2026-06-25 19:30:00,4040.37,4040.77,4033.71,4033.84,2550
2026-06-25 19:33:00,4033.81,4036.53,4033.57,4035.39,2424
2026-06-25 19:36:00,4035.38,4035.41,4032.18,4033.15,2253
2026-06-25 19:39:00,4033.14,4033.98,4031.06,4031.7,2165
2026-06-25 19:42:00,4031.71,4033.91,4031.2,4031.42,2249
2026-06-25 19:45:00,4031.39,4031.58,4023.81,4026.44,2517
2026-06-25 19:48:00,4026.42,4031.99,4026.38,4030.04,2337
2026-06-25 19:51:00,4030.03,4033.4,4028.03,4031.2,2338
2026-06-25 19:54:00,4031.23,4032.33,4027.54,4027.66,2397
2026-06-25 19:57:00,4027.71,4029.44,4027.67,4028.74,2203
2026-06-25 20:00:00,4028.75,4030.34,4026.86,4029.42,2323
2026-06-25 20:03:00,4029.47,4031.2,4028.7,4030.2,2335
2026-06-25 20:06:00,4030.21,4032.4,4029.14,4030.28,2289
2026-06-25 20:09:00,4030.25,4031.87,4029.74,4031.27,2477
2026-06-25 20:12:00,4031.27,4031.38,4029.08,4029.52,2191
2026-06-25 20:15:00,4029.51,4033.14,4029.44,4030.28,2363
2026-06-25 20:18:00,4030.3,4031.56,4027.89,4030.09,2417
2026-06-25 20:21:00,4030.09,4032.41,4030.05,4031.79,2478
2026-06-25 20:24:00,4031.78,4035.07,4030.95,4034.76,2472
2026-06-25 20:27:00,4034.75,4035.92,4030.24,4032.59,2588
2026-06-25 20:30:00,4032.63,4035.11,4031.46,4031.56,2270
2026-06-25 20:33:00,4031.56,4033.36,4031.3,4032.37,2096
2026-06-25 20:36:00,4032.38,4034.32,4031.0,4033.14,2171
2026-06-25 20:39:00,4033.14,4035.94,4032.04,4035.79,2170
2026-06-25 20:42:00,4035.82,4035.88,4033.11,4034.11,2064
2026-06-25 20:45:00,4034.09,4034.23,4029.76,4030.95,2194
2026-06-25 20:48:00,4030.95,4032.84,4029.69,4032.8,2184
2026-06-25 20:51:00,4032.81,4034.27,4031.27,4033.82,2173
2026-06-25 20:54:00,4033.8,4035.65,4033.34,4035.62,2407
2026-06-25 20:57:00,4035.61,4036.75,4034.44,4034.73,2108
2026-06-25 21:00:00,4034.74,4035.36,4028.35,4029.38,2536
2026-06-25 21:03:00,4029.4,4030.75,4026.01,4027.66,2640
2026-06-25 21:06:00,4027.68,4031.32,4027.26,4031.13,2462
2026-06-25 21:09:00,4031.11,4034.19,4030.51,4034.06,2384
2026-06-25 21:12:00,4034.07,4034.68,4031.92,4032.63,2320
2026-06-25 21:15:00,4032.65,4038.18,4032.16,4037.77,2246
2026-06-25 21:18:00,4037.79,4040.5,4036.8,4037.49,2316
2026-06-25 21:21:00,4037.51,4038.78,4037.35,4038.76,2456
2026-06-25 21:24:00,4038.77,4042.8,4038.11,4042.2,2327
2026-06-25 21:27:00,4042.2,4044.22,4040.88,4044.09,2294
2026-06-25 21:30:00,4044.11,4044.12,4036.33,4036.34,2386
2026-06-25 21:33:00,4036.34,4037.03,4033.84,4035.3,2266
2026-06-25 21:36:00,4035.33,4035.93,4033.32,4035.58,2575
2026-06-25 21:39:00,4035.59,4036.49,4032.92,4033.37,2323
2026-06-25 21:42:00,4033.36,4033.88,4031.23,4032.82,2298
2026-06-25 21:45:00,4032.8,4032.93,4029.88,4031.31,2597
2026-06-25 21:48:00,4031.28,4033.09,4030.98,4032.8,2019
2026-06-25 21:51:00,4032.81,4036.25,4032.8,4035.05,2236
2026-06-25 21:54:00,4035.04,4036.29,4034.49,4035.17,2074
2026-06-25 21:57:00,4035.18,4035.33,4033.81,4034.78,2043
2026-06-25 22:00:00,4034.84,4036.02,4033.59,4033.7,2039
2026-06-25 22:03:00,4033.69,4034.52,4032.63,4033.42,2059
2026-06-25 22:06:00,4033.42,4036.09,4033.02,4035.14,2129
2026-06-25 22:09:00,4035.15,4040.46,4035.14,4040.13,2088
2026-06-25 22:12:00,4040.1,4040.54,4039.11,4040.21,2105
2026-06-25 22:15:00,4040.21,4043.81,4039.32,4039.43,2266
2026-06-25 22:18:00,4039.42,4039.98,4036.1,4038.85,2240
2026-06-25 22:21:00,4038.83,4040.11,4038.04,4038.79,2212
2026-06-25 22:24:00,4038.79,4040.83,4038.58,4040.15,2344
2026-06-25 22:27:00,4040.2,4040.27,4035.42,4036.04,2141
2026-06-25 22:30:00,4036.07,4036.75,4031.95,4032.78,2248
2026-06-25 22:33:00,4032.77,4035.43,4032.76,4034.9,2045
2026-06-25 22:36:00,4034.91,4035.55,4032.58,4033.82,2545
2026-06-25 22:39:00,4033.79,4037.84,4032.76,4034.18,2331
2026-06-25 22:42:00,4034.17,4036.69,4034.11,4034.48,2118
2026-06-25 22:45:00,4034.47,4034.53,4027.77,4028.13,2283
2026-06-25 22:48:00,4028.14,4028.46,4022.48,4022.51,2359
2026-06-25 22:51:00,4022.5,4026.3,4021.86,4024.46,2340
2026-06-25 22:54:00,4024.47,4026.61,4022.03,4022.81,2399
2026-06-25 22:57:00,4022.81,4027.52,4022.81,4026.68,2221
2026-06-25 23:00:00,4026.73,4035.02,4025.55,4033.77,2139
2026-06-25 23:03:00,4033.68,4033.81,4030.24,4031.2,2204
2026-06-25 23:06:00,4031.19,4031.43,4028.98,4029.7,1839
2026-06-25 23:09:00,4029.68,4029.81,4027.92,4028.91,1810
2026-06-25 23:12:00,4028.91,4029.14,4027.27,4028.2,1798
2026-06-25 23:15:00,4028.19,4029.47,4026.59,4028.28,1893
2026-06-25 23:18:00,4028.29,4029.18,4028.12,4028.92,1890
2026-06-25 23:21:00,4028.9,4030.59,4028.74,4030.3,1920
2026-06-25 23:24:00,4030.31,4030.66,4029.48,4030.37,1846
2026-06-25 23:27:00,4030.36,4030.84,4028.09,4030.8,1847
2026-06-25 23:30:00,4030.81,4030.83,4028.25,4028.89,1847
2026-06-25 23:33:00,4028.89,4029.02,4026.44,4026.8,1834
2026-06-25 23:36:00,4026.79,4027.69,4025.75,4025.86,1782
2026-06-25 23:39:00,4025.89,4026.71,4024.75,4025.73,1823
2026-06-25 23:42:00,4025.75,4026.85,4024.83,4026.39,1818
2026-06-25 23:45:00,4026.39,4026.47,4024.46,4024.62,1765
2026-06-25 23:48:00,4024.64,4025.72,4024.47,4025.42,1737
2026-06-25 23:51:00,4025.27,4025.44,4024.45,4024.65,1772
2026-06-25 23:54:00,4024.55,4026.51,4024.27,4026.16,1747
2026-06-25 23:57:00,4026.18,4026.97,4025.98,4026.66,1216
2026-06-26 01:00:00,4029.42,4029.76,4027.47,4028.14,4491
2026-06-26 01:03:00,4028.11,4031.67,4028.01,4029.86,5031
2026-06-26 01:06:00,4029.84,4029.9,4026.64,4026.82,3604
2026-06-26 01:09:00,4026.83,4026.84,4024.65,4026.41,1879
2026-06-26 01:12:00,4026.4,4026.42,4021.98,4022.92,1857
2026-06-26 01:15:00,4022.91,4024.43,4022.91,4023.27,1792
2026-06-26 01:18:00,4023.26,4023.45,4021.6,4022.67,1848
2026-06-26 01:21:00,4022.67,4023.83,4021.23,4023.05,1837
2026-06-26 01:24:00,4023.08,4023.13,4019.91,4022.36,1871
2026-06-26 01:27:00,4022.49,4026.45,4022.33,4024.79,1977
2026-06-26 01:30:00,4024.81,4029.51,4024.33,4028.52,1976
2026-06-26 01:33:00,4028.49,4033.17,4028.37,4032.88,2025
2026-06-26 01:36:00,4032.91,4036.53,4031.27,4035.36,2001
2026-06-26 01:39:00,4035.35,4036.56,4032.71,4034.46,1938
2026-06-26 01:42:00,4034.45,4034.86,4028.59,4028.62,2018
2026-06-26 01:45:00,4028.62,4030.32,4024.14,4025.11,1987
2026-06-26 01:48:00,4025.1,4027.13,4023.67,4024.19,2042
2026-06-26 01:51:00,4024.2,4025.35,4022.02,4023.09,2020
2026-06-26 01:54:00,4023.07,4026.59,4022.03,4025.49,2028
2026-06-26 01:57:00,4025.53,4027.46,4024.74,4026.37,1951
2026-06-26 02:00:00,4026.39,4027.11,4024.34,4024.91,1939
2026-06-26 02:03:00,4024.89,4025.41,4023.17,4023.96,1864
2026-06-26 02:06:00,4023.95,4024.44,4023.09,4023.33,1868
2026-06-26 02:09:00,4023.35,4023.37,4021.54,4021.92,1828
2026-06-26 02:12:00,4021.9,4024.33,4021.89,4023.47,1888
2026-06-26 02:15:00,4023.5,4024.22,4022.54,4024.02,1909
2026-06-26 02:18:00,4024.06,4027.0,4023.83,4027.0,2027
2026-06-26 02:21:00,4026.97,4029.18,4026.15,4029.17,1968
2026-06-26 02:24:00,4029.16,4030.03,4028.07,4029.03,1952
2026-06-26 02:27:00,4029.06,4030.27,4028.61,4029.78,1912
2026-06-26 02:30:00,4029.78,4030.39,4028.57,4028.82,1910
2026-06-26 02:33:00,4028.83,4028.85,4021.04,4023.46,2052
2026-06-26 02:36:00,4023.48,4025.28,4022.22,4024.34,2039
2026-06-26 02:39:00,4024.36,4024.9,4023.46,4024.45,1857
2026-06-26 02:42:00,4024.43,4024.48,4022.91,4024.25,1832
2026-06-26 02:45:00,4024.27,4024.3,4020.16,4020.9,2107
2026-06-26 02:48:00,4020.9,4021.5,4016.51,4017.91,2121
2026-06-26 02:51:00,4017.93,4019.61,4017.51,4018.2,2030
2026-06-26 02:54:00,4018.2,4018.49,4013.8,4013.89,2053
2026-06-26 02:57:00,4013.86,4015.86,4012.55,4014.5,2068
2026-06-26 03:00:00,4014.48,4018.42,4012.97,4014.57,2525
2026-06-26 03:03:00,4014.54,4016.16,4011.44,4013.27,2370
2026-06-26 03:06:00,4013.25,4015.64,4011.8,4012.82,2339
2026-06-26 03:09:00,4012.81,4014.99,4012.05,4012.76,2341
2026-06-26 03:12:00,4012.75,4019.75,4012.19,4019.62,2260
2026-06-26 03:15:00,4019.64,4022.61,4018.57,4022.61,2263
2026-06-26 03:18:00,4022.56,4023.43,4020.08,4021.59,2254
2026-06-26 03:21:00,4021.62,4021.87,4017.18,4018.47,2263
2026-06-26 03:24:00,4018.48,4019.16,4013.65,4013.73,2136
2026-06-26 03:27:00,4013.74,4015.74,4012.39,4015.45,2247
2026-06-26 03:30:00,4015.44,4016.86,4012.42,4014.52,2322
2026-06-26 03:33:00,4014.52,4017.03,4013.32,4015.55,2209
2026-06-26 03:36:00,4015.57,4017.96,4014.63,4015.9,2178
2026-06-26 03:39:00,4015.9,4017.78,4014.37,4016.14,2250
2026-06-26 03:42:00,4016.13,4019.79,4016.12,4019.12,2115
2026-06-26 03:45:00,4019.11,4023.85,4018.8,4023.15,2196
2026-06-26 03:48:00,4023.16,4023.39,4017.73,4017.9,2107
2026-06-26 03:51:00,4017.89,4021.07,4017.41,4017.9,2124
2026-06-26 03:54:00,4017.93,4018.31,4015.58,4018.31,2180
2026-06-26 03:57:00,4018.28,4024.37,4016.18,4020.29,2187
2026-06-26 04:00:00,4020.27,4029.47,4019.82,4020.58,2726
2026-06-26 04:03:00,4020.57,4023.87,4015.21,4015.21,2732
2026-06-26 04:06:00,4015.22,4020.78,4014.33,4019.87,2602
2026-06-26 04:09:00,4019.86,4020.89,4016.78,4020.64,2499
2026-06-26 04:12:00,4020.63,4021.49,4018.4,4019.84,2264
2026-06-26 04:15:00,4019.83,4026.45,4018.49,4025.1,2380
2026-06-26 04:18:00,4025.1,4025.1,4022.14,4023.48,2263
2026-06-26 04:21:00,4023.45,4024.31,4021.89,4022.23,2109
2026-06-26 04:24:00,4022.24,4023.08,4021.22,4021.25,2093
2026-06-26 04:27:00,4021.26,4022.73,4017.69,4022.73,2257
2026-06-26 04:30:00,4022.74,4023.73,4020.44,4020.67,2382
2026-06-26 04:33:00,4020.66,4022.56,4016.24,4016.79,2362
2026-06-26 04:36:00,4016.8,4021.25,4016.41,4017.3,2300
2026-06-26 04:39:00,4017.3,4025.27,4016.79,4023.9,2376
2026-06-26 04:42:00,4023.89,4025.57,4020.19,4020.62,2283
2026-06-26 04:45:00,4020.6,4022.91,4015.12,4015.12,2455
2026-06-26 04:48:00,4015.14,4017.82,4014.53,4016.49,2421
2026-06-26 04:51:00,4016.49,4017.5,4014.67,4016.83,2418
2026-06-26 04:54:00,4016.85,4021.61,4016.55,4019.3,2304
2026-06-26 04:57:00,4019.31,4021.67,4018.2,4020.99,2177
2026-06-26 05:00:00,4020.96,4023.29,4017.63,4020.64,2369
2026-06-26 05:03:00,4020.63,4022.57,4017.17,4017.83,2267
2026-06-26 05:06:00,4017.84,4018.58,4015.38,4016.72,2193
2026-06-26 05:09:00,4016.71,4017.61,4013.47,4014.09,2166
2026-06-26 05:12:00,4014.08,4015.18,4013.51,4015.16,1964
2026-06-26 05:15:00,4015.16,4016.7,4014.19,4016.39,2071
2026-06-26 05:18:00,4016.38,4016.56,4008.88,4010.06,2132
2026-06-26 05:21:00,4010.03,4011.3,4006.84,4007.34,2183
2026-06-26 05:24:00,4007.32,4007.7,4003.94,4007.58,2167
2026-06-26 05:27:00,4007.53,4008.35,4005.26,4007.33,1978
2026-06-26 05:30:00,4007.35,4009.23,4004.56,4005.27,2248
2026-06-26 05:33:00,4005.27,4005.27,4001.31,4002.43,2245
2026-06-26 05:36:00,4002.43,4003.1,3991.86,3995.34,2412
2026-06-26 05:39:00,3995.34,3999.11,3991.28,3992.32,2350
2026-06-26 05:42:00,3992.29,3996.41,3991.88,3992.34,2290
2026-06-26 05:45:00,3992.32,3994.17,3990.87,3992.37,2285
2026-06-26 05:48:00,3992.43,3995.42,3991.83,3992.52,2251
2026-06-26 05:51:00,3992.54,3993.38,3985.89,3987.06,2267
2026-06-26 05:54:00,3987.03,3987.74,3982.95,3987.0,2408
2026-06-26 05:57:00,3987.07,3993.47,3986.45,3990.72,2240
2026-06-26 06:00:00,3990.72,3991.77,3986.64,3989.06,2251
2026-06-26 06:03:00,3989.06,3992.47,3988.92,3991.83,2095
2026-06-26 06:06:00,3991.93,3995.42,3991.74,3991.95,2257
2026-06-26 06:09:00,3991.84,3997.83,3991.81,3996.0,2174
2026-06-26 06:12:00,3995.99,3999.77,3995.5,3997.69,2353
2026-06-26 06:15:00,3997.72,3999.35,3994.02,3997.59,2282
2026-06-26 06:18:00,3997.57,3999.99,3996.3,3997.31,2093
2026-06-26 06:21:00,3997.3,3997.45,3992.87,3993.66,2108
2026-06-26 06:24:00,3993.67,3995.97,3992.64,3995.34,2077
2026-06-26 06:27:00,3995.36,3995.99,3994.1,3995.36,2113
2026-06-26 06:30:00,3995.39,3996.5,3993.1,3995.18,2052
2026-06-26 06:33:00,3995.16,3998.48,3994.7,3995.14,1977
2026-06-26 06:36:00,3995.15,3998.21,3995.12,3998.21,1998
2026-06-26 06:39:00,3998.19,4000.75,3996.06,3999.98,2219
2026-06-26 06:42:00,3999.98,4001.22,3997.92,4000.28,2121
2026-06-26 06:45:00,4000.25,4000.29,3997.37,3999.35,2120
2026-06-26 06:48:00,3999.37,4000.37,3997.53,3998.7,2074
2026-06-26 06:51:00,3998.7,4001.24,3998.35,4000.39,2090
2026-06-26 06:54:00,4000.41,4006.59,4000.41,4004.89,2131
2026-06-26 06:57:00,4004.9,4005.29,4002.26,4004.19,2091
2026-06-26 07:00:00,4004.22,4005.58,4002.17,4003.21,2132
2026-06-26 07:03:00,4003.22,4003.84,4000.03,4000.62,1966
2026-06-26 07:06:00,4000.59,4003.25,3998.81,4001.68,2104
2026-06-26 07:09:00,4001.69,4006.21,4000.91,4006.12,2096
2026-06-26 07:12:00,4006.1,4009.52,4006.08,4008.46,2027
2026-06-26 07:15:00,4008.46,4011.9,4006.78,4011.57,2089
2026-06-26 07:18:00,4011.58,4011.99,4008.74,4009.36,2073
2026-06-26 07:21:00,4009.34,4010.44,4008.08,4009.38,2061
2026-06-26 07:24:00,4009.35,4009.44,4006.03,4006.51,2090
2026-06-26 07:27:00,4006.49,4008.52,4006.29,4007.42,2144
2026-06-26 07:30:00,4007.41,4008.36,4005.84,4005.84,2117
2026-06-26 07:33:00,4005.84,4006.23,4004.46,4004.86,2009
2026-06-26 07:36:00,4004.85,4004.85,4002.37,4003.31,2075
2026-06-26 07:39:00,4003.31,4004.11,4002.17,4002.29,1997
2026-06-26 07:42:00,4002.28,4008.15,4001.69,4008.12,2078
2026-06-26 07:45:00,4008.15,4009.81,4007.26,4007.3,2040
2026-06-26 07:48:00,4007.33,4010.97,4007.2,4009.14,2067
2026-06-26 07:51:00,4009.13,4011.69,4008.81,4011.11,1987
2026-06-26 07:54:00,4011.1,4015.32,4010.44,4011.84,2175
2026-06-26 07:57:00,4011.82,4013.94,4010.98,4011.32,2040
2026-06-26 08:00:00,4011.34,4013.23,4010.48,4011.17,2052
2026-06-26 08:03:00,4011.2,4011.69,4006.46,4007.39,2122
2026-06-26 08:06:00,4007.4,4011.35,4007.02,4011.16,2045
2026-06-26 08:09:00,4011.15,4015.1,4010.75,4012.5,2071
2026-06-26 08:12:00,4012.48,4015.33,4011.96,4015.33,2010
2026-06-26 08:15:00,4015.3,4019.24,4014.3,4014.4,2179
2026-06-26 08:18:00,4014.42,4015.94,4012.58,4013.36,2063
2026-06-26 08:21:00,4013.34,4013.72,4011.85,4013.11,1989
2026-06-26 08:24:00,4013.09,4016.63,4012.3,4015.98,2053
2026-06-26 08:27:00,4015.98,4018.51,4015.03,4016.66,2137
2026-06-26 08:30:00,4016.65,4021.59,4014.91,4018.21,2577
2026-06-26 08:33:00,4018.3,4019.59,4015.57,4018.41,2396
2026-06-26 08:36:00,4018.42,4018.8,4013.51,4013.64,2324
2026-06-26 08:39:00,4013.63,4017.1,4012.15,4013.93,2360
2026-06-26 08:42:00,4013.91,4014.97,4010.98,4011.35,2277
2026-06-26 08:45:00,4011.36,4012.11,4005.77,4007.91,2265
2026-06-26 08:48:00,4007.9,4013.53,4007.69,4012.57,2284
2026-06-26 08:51:00,4012.56,4013.4,4010.55,4013.36,2084
2026-06-26 08:54:00,4013.36,4015.35,4009.24,4012.11,2224
2026-06-26 08:57:00,4012.12,4012.15,4006.62,4007.93,2207
2026-06-26 09:00:00,4007.93,4010.53,4007.44,4008.07,2368
2026-06-26 09:03:00,4008.06,4011.69,4006.89,4009.19,2726
2026-06-26 09:06:00,4009.17,4011.1,4007.89,4008.75,2602
2026-06-26 09:09:00,4008.76,4010.13,4006.9,4007.59,2330
2026-06-26 09:12:00,4007.58,4009.79,4007.06,4009.5,2405
2026-06-26 09:15:00,4009.51,4011.33,4008.37,4009.39,2538
2026-06-26 09:18:00,4009.4,4011.61,4008.54,4010.72,2247
2026-06-26 09:21:00,4010.71,4024.78,4010.34,4020.6,2886
2026-06-26 09:24:00,4020.58,4024.79,4020.51,4021.23,2807
2026-06-26 09:27:00,4021.28,4024.61,4020.62,4024.3,2463
2026-06-26 09:30:00,4024.3,4027.92,4022.68,4025.37,2486
2026-06-26 09:33:00,4025.32,4027.04,4023.2,4023.77,2621
2026-06-26 09:36:00,4023.76,4025.39,4021.4,4023.28,2650
2026-06-26 09:39:00,4023.29,4024.58,4021.6,4022.42,2761
2026-06-26 09:42:00,4022.41,4026.42,4020.92,4025.31,2337
2026-06-26 09:45:00,4025.32,4028.44,4023.5,4024.87,2591
2026-06-26 09:48:00,4024.87,4027.18,4022.03,4024.77,2508
2026-06-26 09:51:00,4024.78,4025.15,4023.42,4024.54,2441
2026-06-26 09:54:00,4024.55,4028.68,4023.16,4028.02,2401
2026-06-26 09:57:00,4028.01,4033.18,4027.88,4032.12,2515
2026-06-26 10:00:00,4032.13,4033.85,4029.68,4032.0,2730
2026-06-26 10:03:00,4032.01,4032.03,4026.72,4029.91,2317
2026-06-26 10:06:00,4029.91,4032.37,4028.83,4030.93,2490
2026-06-26 10:09:00,4030.96,4031.82,4027.11,4027.21,2188
2026-06-26 10:12:00,4027.21,4028.84,4027.1,4027.44,2228
2026-06-26 10:15:00,4027.43,4030.26,4026.96,4029.02,2371
2026-06-26 10:18:00,4029.05,4031.66,4027.71,4028.9,2165
2026-06-26 10:21:00,4028.91,4030.06,4028.39,4028.95,2098
2026-06-26 10:24:00,4028.95,4033.99,4027.77,4033.51,2160
2026-06-26 10:27:00,4033.54,4039.72,4033.27,4037.9,2225
2026-06-26 10:30:00,4037.93,4038.68,4037.07,4037.38,2045
2026-06-26 10:33:00,4037.4,4038.85,4035.94,4036.36,2183
2026-06-26 10:36:00,4036.37,4036.41,4034.22,4034.51,2193
2026-06-26 10:39:00,4034.51,4036.4,4034.19,4034.51,2212
2026-06-26 10:42:00,4034.51,4034.54,4031.03,4031.44,2327
2026-06-26 10:45:00,4031.44,4031.74,4029.3,4029.83,2044
2026-06-26 10:48:00,4029.8,4029.89,4028.46,4028.72,2235
2026-06-26 10:51:00,4028.73,4030.28,4027.67,4030.07,2273
2026-06-26 10:54:00,4030.06,4032.23,4029.15,4031.96,2048
2026-06-26 10:57:00,4031.98,4031.98,4029.98,4030.7,2238
2026-06-26 11:00:00,4030.7,4033.21,4025.95,4027.16,2285
2026-06-26 11:03:00,4027.16,4028.12,4025.8,4027.03,2245
2026-06-26 11:06:00,4027.02,4031.16,4026.76,4031.11,2370
2026-06-26 11:09:00,4031.12,4031.65,4028.0,4030.39,2338
2026-06-26 11:12:00,4030.39,4031.38,4028.79,4031.02,2382
2026-06-26 11:15:00,4031.02,4033.35,4029.86,4032.52,2301
2026-06-26 11:18:00,4032.53,4034.71,4031.02,4032.16,2049
2026-06-26 11:21:00,4032.15,4033.94,4031.29,4031.58,2446
2026-06-26 11:24:00,4031.61,4033.27,4030.19,4032.93,2128
2026-06-26 11:27:00,4032.94,4035.88,4032.91,4035.8,2166
2026-06-26 11:30:00,4035.73,4036.13,4032.62,4033.96,2487
2026-06-26 11:33:00,4033.98,4034.9,4032.44,4032.7,2082
2026-06-26 11:36:00,4032.7,4033.76,4032.43,4033.76,2084
2026-06-26 11:39:00,4033.75,4034.08,4032.62,4033.79,2224
2026-06-26 11:42:00,4033.81,4036.08,4032.74,4035.72,2097
2026-06-26 11:45:00,4035.71,4037.82,4035.05,4035.07,2098
2026-06-26 11:48:00,4035.07,4035.15,4032.9,4034.05,2028
2026-06-26 11:51:00,4034.07,4034.35,4032.37,4034.22,2363
2026-06-26 11:54:00,4034.21,4034.37,4030.18,4030.51,2060
2026-06-26 11:57:00,4030.52,4031.99,4029.74,4030.98,2072
2026-06-26 12:00:00,4030.97,4032.96,4029.62,4031.85,2259
2026-06-26 12:03:00,4031.87,4036.44,4031.33,4035.64,2322
2026-06-26 12:06:00,4035.63,4038.86,4035.0,4038.66,2490
2026-06-26 12:09:00,4038.64,4041.61,4037.9,4039.17,2387
2026-06-26 12:12:00,4039.17,4039.58,4037.72,4039.48,2135
2026-06-26 12:15:00,4039.48,4039.72,4037.0,4038.42,2246
2026-06-26 12:18:00,4038.42,4048.47,4034.49,4045.44,2420
2026-06-26 12:21:00,4045.41,4048.42,4043.41,4047.65,2199
2026-06-26 12:24:00,4047.65,4050.9,4046.59,4050.13,2181
2026-06-26 12:27:00,4050.16,4050.28,4046.89,4048.26,2249
2026-06-26 12:30:00,4048.26,4048.45,4045.29,4048.29,2184
2026-06-26 12:33:00,4048.31,4053.29,4047.13,4052.58,2417
2026-06-26 12:36:00,4052.55,4054.1,4050.03,4052.78,2447
2026-06-26 12:39:00,4052.79,4053.76,4050.03,4050.04,2111
2026-06-26 12:42:00,4050.07,4051.31,4047.61,4048.12,2325
2026-06-26 12:45:00,4048.11,4049.02,4046.12,4046.83,2222
2026-06-26 12:48:00,4046.82,4048.54,4045.46,4047.74,2063
2026-06-26 12:51:00,4047.74,4054.03,4046.95,4052.9,2275
2026-06-26 12:54:00,4052.91,4052.96,4049.13,4049.49,2196
2026-06-26 12:57:00,4049.47,4049.82,4047.08,4047.21,2082
2026-06-26 13:00:00,4047.21,4049.02,4044.47,4046.2,2208
2026-06-26 13:03:00,4046.22,4048.19,4045.85,4047.82,2458
2026-06-26 13:06:00,4047.8,4050.93,4047.8,4049.59,2051
2026-06-26 13:09:00,4049.6,4052.18,4048.9,4051.15,2121
2026-06-26 13:12:00,4051.17,4051.91,4050.08,4051.01,1935
2026-06-26 13:15:00,4051.02,4051.58,4049.27,4049.54,2161
2026-06-26 13:18:00,4049.53,4049.65,4044.46,4044.55,2207
2026-06-26 13:21:00,4044.55,4044.81,4042.3,4043.16,2573
2026-06-26 13:24:00,4043.13,4045.29,4042.62,4045.23,1948
2026-06-26 13:27:00,4045.24,4048.72,4044.37,4048.06,2009
2026-06-26 13:30:00,4048.06,4050.64,4047.56,4050.35,2186
2026-06-26 13:33:00,4050.34,4054.44,4050.01,4051.15,2375
2026-06-26 13:36:00,4051.18,4052.68,4050.16,4051.86,2307
2026-06-26 13:39:00,4051.85,4052.46,4049.11,4050.74,2116
2026-06-26 13:42:00,4050.73,4050.86,4046.85,4048.55,2040
2026-06-26 13:45:00,4048.55,4050.14,4047.99,4050.02,2188
2026-06-26 13:48:00,4050.01,4050.37,4047.68,4049.64,1984
2026-06-26 13:51:00,4049.66,4053.58,4049.14,4053.54,2223
2026-06-26 13:54:00,4053.55,4054.47,4051.37,4053.14,1981
2026-06-26 13:57:00,4053.11,4054.92,4052.21,4054.69,2020
2026-06-26 14:00:00,4054.71,4055.36,4051.49,4051.85,2137
2026-06-26 14:03:00,4051.85,4054.36,4051.78,4052.48,2019
2026-06-26 14:06:00,4052.48,4054.8,4051.87,4054.39,1952
2026-06-26 14:09:00,4054.37,4054.47,4050.93,4052.37,1936
2026-06-26 14:12:00,4052.37,4052.42,4047.23,4047.34,2047
2026-06-26 14:15:00,4047.36,4049.19,4046.27,4049.11,2008
2026-06-26 14:18:00,4049.12,4054.07,4047.48,4052.4,2077
2026-06-26 14:21:00,4052.43,4053.69,4051.34,4052.51,1928
2026-06-26 14:24:00,4052.5,4053.66,4051.54,4052.6,1936
2026-06-26 14:27:00,4052.63,4053.43,4050.63,4052.7,1997
2026-06-26 14:30:00,4052.66,4054.72,4052.66,4052.88,2016
2026-06-26 14:33:00,4052.87,4055.69,4052.46,4053.12,1955
2026-06-26 14:36:00,4053.11,4053.32,4049.54,4049.82,1948
2026-06-26 14:39:00,4049.81,4050.3,4046.96,4049.59,1994
2026-06-26 14:42:00,4049.61,4050.19,4046.23,4046.73,2057
2026-06-26 14:45:00,4046.74,4048.53,4046.29,4047.57,1992
2026-06-26 14:48:00,4047.52,4048.02,4043.54,4043.78,1974
2026-06-26 14:51:00,4043.81,4045.21,4042.61,4043.78,2049
2026-06-26 14:54:00,4043.78,4047.26,4043.3,4046.15,2033
2026-06-26 14:57:00,4046.15,4046.56,4044.73,4045.94,2031
2026-06-26 15:00:00,4045.95,4046.26,4043.73,4045.01,2035
2026-06-26 15:03:00,4045.0,4047.93,4044.54,4047.37,2041
2026-06-26 15:06:00,4047.35,4047.58,4045.82,4047.12,1993
2026-06-26 15:09:00,4047.07,4049.36,4045.99,4048.83,2256
2026-06-26 15:12:00,4048.83,4050.87,4048.19,4049.13,2183
2026-06-26 15:15:00,4049.12,4051.58,4048.7,4049.31,2037
2026-06-26 15:18:00,4049.32,4049.33,4043.12,4044.74,2171
2026-06-26 15:21:00,4044.75,4046.97,4042.03,4044.44,2199
2026-06-26 15:24:00,4044.44,4046.69,4044.13,4046.59,2041
2026-06-26 15:27:00,4046.56,4047.66,4044.34,4046.65,2046
2026-06-26 15:30:00,4046.66,4049.31,4046.22,4047.13,2114
2026-06-26 15:33:00,4047.13,4047.74,4042.92,4044.07,2121
2026-06-26 15:36:00,4044.08,4046.13,4043.31,4045.56,2072
2026-06-26 15:39:00,4045.6,4046.01,4040.57,4040.88,2050
2026-06-26 15:42:00,4040.88,4040.99,4035.86,4040.33,2195
2026-06-26 15:45:00,4040.31,4044.5,4039.27,4043.18,2125
2026-06-26 15:48:00,4043.17,4046.23,4040.82,4044.91,2119
2026-06-26 15:51:00,4044.89,4048.75,4044.73,4048.12,2196
2026-06-26 15:54:00,4048.11,4048.56,4045.77,4047.02,2197
2026-06-26 15:57:00,4047.04,4061.56,4047.02,4059.02,2859
2026-06-26 16:00:00,4059.02,4066.04,4052.85,4054.27,3088
2026-06-26 16:03:00,4054.29,4056.03,4050.35,4051.0,2491
2026-06-26 16:06:00,4051.04,4051.42,4046.05,4046.33,2468
2026-06-26 16:09:00,4046.39,4048.17,4043.39,4047.57,2396
2026-06-26 16:12:00,4047.55,4050.94,4046.84,4050.6,2227
2026-06-26 16:15:00,4050.59,4053.23,4048.94,4052.53,2261
2026-06-26 16:18:00,4052.56,4055.9,4043.39,4053.54,3034
2026-06-26 16:21:00,4053.53,4058.49,4053.16,4057.5,2603
2026-06-26 16:24:00,4057.6,4058.3,4053.25,4054.0,2508
2026-06-26 16:27:00,4054.01,4058.66,4053.95,4057.11,2499
2026-06-26 16:30:00,4057.11,4057.11,4048.99,4053.29,2974
2026-06-26 16:33:00,4053.39,4054.56,4047.72,4049.98,2988
2026-06-26 16:36:00,4049.99,4051.47,4044.93,4046.62,3059
2026-06-26 16:39:00,4046.49,4052.4,4046.43,4051.94,3097
2026-06-26 16:42:00,4051.94,4062.31,4051.91,4062.31,2791
2026-06-26 16:45:00,4062.33,4065.25,4058.46,4061.23,2708
2026-06-26 16:48:00,4061.23,4068.07,4058.9,4067.93,2779
2026-06-26 16:51:00,4067.9,4069.75,4061.02,4064.33,2976
2026-06-26 16:54:00,4064.34,4070.2,4063.74,4070.0,2577
2026-06-26 16:57:00,4069.88,4078.03,4069.75,4073.56,2649
2026-06-26 17:00:00,4073.56,4075.38,4067.82,4070.04,2917
2026-06-26 17:03:00,4070.03,4079.27,4069.23,4073.1,2913
2026-06-26 17:06:00,4073.12,4075.6,4072.17,4074.43,2492
2026-06-26 17:09:00,4074.41,4081.03,4073.39,4080.42,2678
2026-06-26 17:12:00,4080.5,4085.09,4079.39,4082.23,2782
2026-06-26 17:15:00,4082.23,4093.06,4081.24,4086.15,2893
2026-06-26 17:18:00,4086.15,4092.45,4086.01,4092.32,2763
2026-06-26 17:21:00,4092.27,4092.27,4087.6,4088.86,2756
2026-06-26 17:24:00,4088.76,4091.02,4085.27,4086.85,2712
2026-06-26 17:27:00,4086.84,4089.78,4084.25,4084.42,2726
2026-06-26 17:30:00,4084.42,4084.99,4081.54,4083.43,2511
2026-06-26 17:33:00,4083.37,4083.99,4079.76,4081.61,2478
2026-06-26 17:36:00,4081.59,4081.88,4076.46,4076.99,2320
2026-06-26 17:39:00,4076.98,4080.21,4076.41,4077.9,2514
2026-06-26 17:42:00,4077.9,4083.91,4077.7,4082.63,2630
2026-06-26 17:45:00,4082.61,4086.43,4082.57,4085.08,2613
2026-06-26 17:48:00,4085.06,4091.73,4084.69,4087.54,2772
2026-06-26 17:51:00,4087.5,4088.46,4083.92,4087.23,2644
2026-06-26 17:54:00,4087.24,4091.33,4081.07,4084.34,2887
2026-06-26 17:57:00,4084.35,4086.19,4080.35,4080.35,2625
2026-06-26 18:00:00,4080.37,4083.23,4079.61,4081.02,2591
2026-06-26 18:03:00,4081.01,4082.31,4078.47,4078.65,2395
2026-06-26 18:06:00,4078.63,4079.05,4075.74,4077.35,2395
2026-06-26 18:09:00,4077.43,4082.34,4077.25,4079.96,2312
2026-06-26 18:12:00,4079.96,4081.37,4077.57,4079.58,2325
2026-06-26 18:15:00,4079.58,4084.49,4077.98,4083.37,2396
2026-06-26 18:18:00,4083.27,4083.58,4079.63,4081.78,2302
2026-06-26 18:21:00,4081.84,4084.03,4080.38,4081.12,2273
2026-06-26 18:24:00,4081.13,4083.04,4080.69,4082.11,2231
2026-06-26 18:27:00,4082.12,4084.39,4081.1,4084.3,2209
2026-06-26 18:30:00,4084.29,4088.78,4084.2,4086.18,2323
2026-06-26 18:33:00,4086.24,4086.54,4081.81,4083.6,2232
2026-06-26 18:36:00,4083.6,4091.07,4083.38,4090.22,2279
2026-06-26 18:39:00,4090.21,4095.44,4089.84,4094.65,2369
2026-06-26 18:42:00,4094.66,4095.5,4092.91,4095.06,2360
2026-06-26 18:45:00,4095.06,4095.32,4091.04,4094.36,2277
2026-06-26 18:48:00,4094.37,4096.01,4092.19,4093.61,2198
2026-06-26 18:51:00,4093.64,4094.05,4083.33,4086.08,3049
2026-06-26 18:54:00,4086.07,4090.64,4084.53,4090.58,2386
2026-06-26 18:57:00,4090.55,4091.81,4089.32,4090.54,2201
2026-06-26 19:00:00,4090.55,4092.91,4089.91,4089.91,2197
2026-06-26 19:03:00,4089.89,4092.51,4089.13,4089.47,2310
2026-06-26 19:06:00,4089.46,4090.91,4089.25,4089.49,2097
2026-06-26 19:09:00,4089.48,4090.55,4088.35,4090.24,2178
2026-06-26 19:12:00,4090.25,4092.36,4090.09,4091.21,2106
2026-06-26 19:15:00,4091.24,4093.55,4090.47,4092.48,2094
2026-06-26 19:18:00,4092.4,4092.7,4087.63,4088.26,2293
2026-06-26 19:21:00,4088.81,4089.41,4083.17,4084.6,2439
2026-06-26 19:24:00,4084.61,4087.62,4084.44,4087.39,2194
2026-06-26 19:27:00,4087.41,4088.23,4085.97,4086.76,2345
2026-06-26 19:30:00,4086.78,4093.06,4086.78,4090.55,2203
2026-06-26 19:33:00,4090.58,4090.6,4087.68,4087.98,2255
2026-06-26 19:36:00,4087.96,4088.6,4086.5,4086.5,2067
2026-06-26 19:39:00,4086.52,4086.86,4082.27,4082.92,2147
2026-06-26 19:42:00,4082.94,4086.08,4082.49,4084.51,2070
2026-06-26 19:45:00,4084.51,4086.75,4084.26,4085.15,2027
2026-06-26 19:48:00,4085.16,4085.71,4082.85,4083.44,2093
2026-06-26 19:51:00,4083.43,4085.51,4083.12,4085.48,2410
2026-06-26 19:54:00,4085.46,4085.9,4083.72,4085.12,2300
2026-06-26 19:57:00,4085.1,4085.28,4084.04,4085.08,1977
2026-06-26 20:00:00,4085.1,4085.87,4083.7,4084.6,2090
2026-06-26 20:03:00,4084.6,4086.38,4083.67,4086.22,1955
2026-06-26 20:06:00,4086.25,4088.2,4085.43,4087.55,1976
2026-06-26 20:09:00,4087.53,4087.86,4084.44,4084.62,1944
2026-06-26 20:12:00,4084.64,4084.88,4082.5,4083.44,2016
2026-06-26 20:15:00,4083.43,4084.1,4082.01,4082.97,1996
2026-06-26 20:18:00,4082.95,4083.34,4080.57,4081.03,1959
2026-06-26 20:21:00,4081.06,4083.61,4080.32,4083.3,2050
2026-06-26 20:24:00,4083.35,4085.15,4081.99,4082.64,2122
2026-06-26 20:27:00,4082.63,4083.36,4080.41,4081.51,2107
2026-06-26 20:30:00,4081.53,4083.33,4076.42,4078.39,2164
2026-06-26 20:33:00,4078.4,4078.97,4077.12,4077.42,2036
2026-06-26 20:36:00,4077.48,4077.55,4074.58,4074.88,2150
2026-06-26 20:39:00,4074.88,4075.89,4074.24,4075.51,2139
2026-06-26 20:42:00,4075.54,4077.63,4074.62,4076.75,2179
2026-06-26 20:45:00,4076.75,4077.78,4074.97,4075.3,2264
2026-06-26 20:48:00,4075.31,4076.67,4074.38,4076.34,2021
2026-06-26 20:51:00,4076.37,4076.98,4075.35,4075.52,1999
2026-06-26 20:54:00,4075.51,4075.57,4074.05,4074.54,1923
2026-06-26 20:57:00,4074.56,4075.65,4073.67,4074.7,1933
2026-06-26 21:00:00,4074.72,4075.13,4072.4,4072.68,2067
2026-06-26 21:03:00,4072.69,4076.78,4072.56,4075.67,2059
2026-06-26 21:06:00,4075.7,4077.74,4075.68,4077.74,1958
2026-06-26 21:09:00,4077.77,4078.83,4076.03,4077.52,1960
2026-06-26 21:12:00,4077.5,4078.09,4075.92,4076.86,2153
2026-06-26 21:15:00,4076.85,4077.01,4073.97,4074.31,2033
2026-06-26 21:18:00,4074.3,4075.43,4072.36,4072.73,2002
2026-06-26 21:21:00,4072.73,4073.34,4071.55,4072.41,2011
2026-06-26 21:24:00,4072.43,4073.83,4071.58,4072.94,1979
2026-06-26 21:27:00,4072.96,4073.67,4072.34,4073.52,2315
2026-06-26 21:30:00,4073.53,4075.51,4073.53,4075.17,2218
2026-06-26 21:33:00,4075.19,4075.19,4073.42,4073.42,1959
2026-06-26 21:36:00,4073.44,4074.21,4072.73,4073.38,2032
2026-06-26 21:39:00,4073.4,4074.16,4071.82,4073.07,2230
2026-06-26 21:42:00,4073.08,4074.04,4072.53,4072.6,1832
2026-06-26 21:45:00,4072.59,4072.6,4068.43,4068.71,2050
2026-06-26 21:48:00,4068.73,4069.74,4067.8,4068.61,2046
2026-06-26 21:51:00,4068.6,4070.52,4068.56,4070.17,1919
2026-06-26 21:54:00,4070.19,4071.33,4069.52,4069.59,2305
2026-06-26 21:57:00,4069.58,4070.08,4067.13,4067.32,2045
2026-06-26 22:00:00,4067.33,4068.33,4065.9,4066.37,2127
2026-06-26 22:03:00,4066.35,4066.39,4064.89,4066.38,2334
2026-06-26 22:06:00,4066.38,4067.43,4064.53,4066.72,2152
2026-06-26 22:09:00,4066.71,4067.23,4066.12,4067.08,2286
2026-06-26 22:12:00,4067.09,4070.01,4066.34,4069.52,2285
2026-06-26 22:15:00,4069.53,4069.67,4067.27,4067.97,2122
2026-06-26 22:18:00,4067.96,4069.21,4066.15,4066.29,1971
2026-06-26 22:21:00,4066.29,4066.75,4064.59,4064.84,2062
2026-06-26 22:24:00,4064.81,4066.28,4064.81,4066.2,1946
2026-06-26 22:27:00,4066.21,4067.55,4065.72,4066.41,2376
2026-06-26 22:30:00,4066.41,4068.26,4065.75,4068.16,1952
2026-06-26 22:33:00,4068.16,4070.81,4067.98,4069.13,2008
2026-06-26 22:36:00,4069.16,4070.04,4067.96,4068.84,2106
2026-06-26 22:39:00,4068.85,4069.24,4068.26,4068.53,2612
2026-06-26 22:42:00,4068.54,4070.41,4068.07,4068.68,2073
2026-06-26 22:45:00,4068.69,4069.23,4066.96,4068.92,1987
2026-06-26 22:48:00,4068.89,4071.57,4068.48,4070.99,2098
2026-06-26 22:51:00,4070.97,4074.07,4070.29,4073.53,2028
2026-06-26 22:54:00,4073.55,4074.37,4071.71,4074.25,2115
2026-06-26 22:57:00,4074.24,4074.66,4071.67,4071.7,2169
2026-06-26 23:00:00,4071.64,4072.64,4070.74,4072.21,1948
2026-06-26 23:03:00,4072.19,4072.43,4069.58,4069.75,2192
2026-06-26 23:06:00,4069.73,4069.78,4067.59,4067.75,2071
2026-06-26 23:09:00,4067.75,4067.77,4064.93,4065.15,1919
2026-06-26 23:12:00,4065.15,4068.39,4064.62,4067.88,2316
2026-06-26 23:15:00,4067.87,4068.46,4066.32,4067.33,1885
2026-06-26 23:18:00,4067.34,4068.49,4066.37,4068.2,2338
2026-06-26 23:21:00,4068.2,4071.15,4067.36,4070.91,1830
2026-06-26 23:24:00,4070.93,4073.01,4070.68,4071.91,2253
2026-06-26 23:27:00,4071.92,4072.65,4070.99,4072.1,2343
2026-06-26 23:30:00,4072.12,4072.15,4067.76,4068.26,2053
2026-06-26 23:33:00,4068.27,4070.42,4067.05,4069.83,2221
2026-06-26 23:36:00,4069.82,4070.53,4068.46,4070.5,1982
2026-06-26 23:39:00,4070.51,4071.01,4069.0,4070.36,2070
2026-06-26 23:42:00,4070.35,4071.05,4069.56,4070.76,1809
2026-06-26 23:45:00,4070.73,4073.78,4070.24,4073.33,1856
2026-06-26 23:48:00,4073.35,4075.8,4073.22,4073.74,2153
2026-06-26 23:51:00,4073.46,4079.36,4073.19,4078.06,1899
2026-06-26 23:54:00,4078.07,4081.73,4077.43,4080.87,646
2026-06-29 01:03:00,4075.92,4076.72,4073.12,4074.89,1509
2026-06-29 01:06:00,4075.0,4083.67,4074.92,4077.34,3314
2026-06-29 01:09:00,4077.36,4080.5,4075.08,4075.44,2146
2026-06-29 01:12:00,4075.45,4076.16,4069.6,4070.31,2225
2026-06-29 01:15:00,4070.32,4070.75,4061.67,4062.44,2307
2026-06-29 01:18:00,4062.45,4063.8,4053.23,4058.72,2507
2026-06-29 01:21:00,4058.95,4062.69,4058.9,4059.86,2024
2026-06-29 01:24:00,4059.87,4061.53,4058.19,4058.42,1906
2026-06-29 01:27:00,4058.41,4060.56,4056.68,4057.29,1949
2026-06-29 01:30:00,4057.28,4062.89,4056.43,4061.75,2175
2026-06-29 01:33:00,4061.77,4062.25,4056.07,4057.35,2101
2026-06-29 01:36:00,4057.32,4061.35,4057.12,4061.22,1996
2026-06-29 01:39:00,4061.2,4064.08,4060.7,4063.81,1949
2026-06-29 01:42:00,4063.78,4065.41,4063.11,4063.26,1924
2026-06-29 01:45:00,4063.24,4065.49,4063.21,4065.37,1869
2026-06-29 01:48:00,4065.36,4069.42,4065.11,4066.08,1970
2026-06-29 01:51:00,4066.05,4066.42,4062.31,4064.79,1953
2026-06-29 01:54:00,4064.77,4068.78,4064.02,4068.6,1940
2026-06-29 01:57:00,4068.6,4069.38,4065.4,4066.43,1927
2026-06-29 02:00:00,4066.44,4069.17,4065.63,4067.84,2039
2026-06-29 02:03:00,4067.82,4070.2,4066.29,4066.74,1983
2026-06-29 02:06:00,4066.75,4070.22,4066.09,4068.6,1922
2026-06-29 02:09:00,4068.62,4070.29,4067.26,4067.97,1985
2026-06-29 02:12:00,4068.0,4068.63,4065.28,4065.59,1918
2026-06-29 02:15:00,4065.62,4065.7,4059.59,4059.62,1969
2026-06-29 02:18:00,4059.59,4062.58,4058.9,4059.69,2005
2026-06-29 02:21:00,4059.7,4059.91,4056.37,4056.84,1898
2026-06-29 02:24:00,4056.86,4059.15,4056.21,4059.07,1872
2026-06-29 02:27:00,4059.08,4059.08,4055.41,4056.93,1883
2026-06-29 02:30:00,4056.92,4057.58,4052.01,4053.92,2039
2026-06-29 02:33:00,4053.9,4057.61,4053.11,4057.19,1973
2026-06-29 02:36:00,4057.2,4059.84,4056.17,4059.76,1903
2026-06-29 02:39:00,4059.76,4062.26,4059.22,4060.43,2014
2026-06-29 02:42:00,4060.44,4062.66,4060.03,4062.66,1884
2026-06-29 02:45:00,4062.61,4065.36,4062.41,4063.44,2172
2026-06-29 02:48:00,4063.45,4064.0,4061.27,4061.87,2026
2026-06-29 02:51:00,4061.87,4066.21,4061.29,4065.03,2021
2026-06-29 02:54:00,4065.04,4065.19,4063.44,4064.53,1940
2026-06-29 02:57:00,4064.5,4065.1,4062.62,4062.73,2050
2026-06-29 03:00:00,4062.76,4062.93,4057.41,4062.46,2742
2026-06-29 03:03:00,4062.45,4064.83,4054.92,4055.72,2604
2026-06-29 03:06:00,4055.74,4057.67,4053.79,4057.56,2538
2026-06-29 03:09:00,4057.56,4059.34,4055.75,4059.13,2486
2026-06-29 03:12:00,4059.14,4060.69,4056.71,4058.85,2162
2026-06-29 03:15:00,4058.85,4061.59,4057.42,4060.03,2281
2026-06-29 03:18:00,4060.04,4062.12,4057.06,4057.13,2349
2026-06-29 03:21:00,4057.15,4057.52,4050.81,4051.58,2356
2026-06-29 03:24:00,4051.59,4053.72,4049.99,4051.24,2431
2026-06-29 03:27:00,4051.25,4052.86,4048.3,4048.31,2339
2026-06-29 03:30:00,4048.32,4052.67,4048.31,4052.65,2200
2026-06-29 03:33:00,4052.63,4060.38,4051.84,4059.05,2286
2026-06-29 03:36:00,4059.03,4061.22,4058.16,4060.59,2383
2026-06-29 03:39:00,4060.67,4065.89,4060.14,4062.23,2147
2026-06-29 03:42:00,4062.23,4069.96,4062.22,4069.49,2209
2026-06-29 03:45:00,4069.49,4069.49,4064.9,4065.1,2324
2026-06-29 03:48:00,4065.1,4068.29,4063.04,4065.97,2249
2026-06-29 03:51:00,4065.94,4067.24,4064.35,4067.17,2176
2026-06-29 03:54:00,4067.16,4073.32,4066.98,4073.28,2224
2026-06-29 03:57:00,4073.29,4074.12,4069.56,4069.56,2185
2026-06-29 04:00:00,4069.56,4070.02,4059.68,4060.77,2926
2026-06-29 04:03:00,4060.77,4070.36,4058.4,4068.58,2688
2026-06-29 04:06:00,4068.63,4074.55,4065.24,4065.86,2535
2026-06-29 04:09:00,4065.86,4065.87,4060.05,4061.51,2442
2026-06-29 04:12:00,4061.56,4062.79,4053.73,4054.81,2472
2026-06-29 04:15:00,4054.8,4059.15,4054.67,4058.2,2583
2026-06-29 04:18:00,4058.2,4060.35,4055.97,4059.78,2517
2026-06-29 04:21:00,4059.8,4062.9,4058.17,4062.81,2332
2026-06-29 04:24:00,4062.83,4066.04,4060.9,4064.77,2331
2026-06-29 04:27:00,4064.75,4065.62,4059.17,4059.31,2438
2026-06-29 04:30:00,4059.31,4060.05,4055.78,4059.84,2619
2026-06-29 04:33:00,4059.79,4063.16,4058.02,4062.82,2312
2026-06-29 04:36:00,4062.82,4064.66,4060.84,4062.85,2389
2026-06-29 04:39:00,4062.86,4066.63,4061.01,4066.58,2189
2026-06-29 04:42:00,4066.57,4066.57,4062.27,4063.54,2207
2026-06-29 04:45:00,4063.57,4063.84,4054.9,4058.01,2397
2026-06-29 04:48:00,4058.02,4062.04,4057.22,4059.24,2304
2026-06-29 04:51:00,4059.23,4060.94,4056.71,4058.98,2322
2026-06-29 04:54:00,4059.01,4063.1,4058.98,4062.01,2241
2026-06-29 04:57:00,4061.97,4062.15,4060.1,4061.35,2236
2026-06-29 05:00:00,4061.35,4067.56,4059.42,4066.86,2368
2026-06-29 05:03:00,4066.87,4070.56,4063.94,4066.65,2396
2026-06-29 05:06:00,4066.67,4066.98,4059.94,4060.62,2160
2026-06-29 05:09:00,4060.62,4066.71,4059.85,4065.55,2387
2026-06-29 05:12:00,4065.54,4065.7,4060.33,4061.01,2260
2026-06-29 05:15:00,4061.03,4068.65,4060.43,4068.11,2255
2026-06-29 05:18:00,4068.1,4069.2,4065.1,4066.06,2127
2026-06-29 05:21:00,4066.05,4070.32,4065.78,4067.1,2032
2026-06-29 05:24:00,4067.1,4068.64,4066.74,4067.91,2044
2026-06-29 05:27:00,4067.91,4070.83,4067.37,4068.89,2047
2026-06-29 05:30:00,4068.91,4071.82,4068.34,4070.93,2358
2026-06-29 05:33:00,4070.92,4071.5,4067.25,4067.27,2258
2026-06-29 05:36:00,4067.27,4067.29,4060.15,4060.64,2154
2026-06-29 05:39:00,4060.69,4062.96,4059.95,4061.75,2136
2026-06-29 05:42:00,4061.73,4063.13,4058.47,4060.42,2149
2026-06-29 05:45:00,4060.43,4069.34,4058.98,4068.46,2288
2026-06-29 05:48:00,4068.45,4069.25,4065.5,4065.5,2228
2026-06-29 05:51:00,4065.53,4067.95,4064.09,4066.49,2325
2026-06-29 05:54:00,4066.47,4069.45,4066.06,4067.44,2211
2026-06-29 05:57:00,4067.43,4068.73,4065.26,4066.37,2134
2026-06-29 06:00:00,4066.39,4067.38,4065.05,4066.1,2138
2026-06-29 06:03:00,4066.13,4067.22,4065.31,4066.69,2021
2026-06-29 06:06:00,4066.71,4068.64,4065.38,4068.03,2149
2026-06-29 06:09:00,4068.05,4070.24,4066.26,4066.6,2160
2026-06-29 06:12:00,4066.59,4070.98,4065.5,4069.1,2158
2026-06-29 06:15:00,4069.07,4071.54,4068.28,4070.23,2096
2026-06-29 06:18:00,4070.22,4071.73,4067.44,4071.73,2142
2026-06-29 06:21:00,4071.73,4075.63,4071.7,4073.18,2240
2026-06-29 06:24:00,4073.18,4073.87,4071.05,4071.81,2084
2026-06-29 06:27:00,4071.79,4072.97,4071.55,4072.42,2025
2026-06-29 06:30:00,4072.45,4073.45,4067.77,4069.0,2088
2026-06-29 06:33:00,4069.0,4069.87,4067.64,4067.72,2004
2026-06-29 06:36:00,4067.71,4069.27,4065.81,4066.5,2071
2026-06-29 06:39:00,4066.5,4069.76,4065.6,4069.62,1966
2026-06-29 06:42:00,4069.62,4071.77,4067.21,4067.89,2065
2026-06-29 06:45:00,4067.88,4068.13,4066.3,4067.94,1982
2026-06-29 06:48:00,4067.94,4068.19,4066.78,4067.56,1941
2026-06-29 06:51:00,4067.46,4071.91,4066.61,4070.79,2100
2026-06-29 06:54:00,4070.79,4070.79,4068.25,4068.42,1968
2026-06-29 06:57:00,4068.41,4069.15,4067.71,4068.98,1860
2026-06-29 07:00:00,4068.98,4069.07,4065.16,4066.5,2006
2026-06-29 07:03:00,4066.47,4067.69,4065.86,4067.51,1943
2026-06-29 07:06:00,4067.52,4068.15,4065.71,4066.02,1905
2026-06-29 07:09:00,4066.0,4066.79,4064.54,4064.88,1977
2026-06-29 07:12:00,4064.9,4066.87,4064.23,4065.58,1939
2026-06-29 07:15:00,4065.61,4065.64,4063.91,4063.99,1867
2026-06-29 07:18:00,4064.02,4064.9,4062.18,4064.18,1914
2026-06-29 07:21:00,4064.21,4064.52,4062.41,4062.94,1858
2026-06-29 07:24:00,4062.92,4065.06,4062.91,4064.38,1954
2026-06-29 07:27:00,4064.4,4066.68,4063.9,4065.17,1962
2026-06-29 07:30:00,4065.17,4065.52,4062.87,4063.27,1961
2026-06-29 07:33:00,4063.28,4063.53,4060.16,4060.16,1991
2026-06-29 07:36:00,4060.16,4060.57,4056.81,4057.98,2008
2026-06-29 07:39:00,4057.97,4058.02,4052.87,4054.29,2059
2026-06-29 07:42:00,4054.32,4057.73,4053.14,4057.14,2092
2026-06-29 07:45:00,4057.11,4057.82,4055.49,4057.03,1942
2026-06-29 07:48:00,4056.96,4057.61,4056.15,4056.66,1917
2026-06-29 07:51:00,4056.66,4057.01,4055.09,4055.86,1938
2026-06-29 07:54:00,4055.88,4055.95,4051.54,4052.17,1925
2026-06-29 07:57:00,4052.14,4052.67,4049.59,4052.24,1981
2026-06-29 08:00:00,4052.25,4052.81,4047.32,4050.19,2199
2026-06-29 08:03:00,4050.19,4056.37,4050.15,4056.31,2173
2026-06-29 08:06:00,4056.3,4057.42,4050.87,4051.73,2072
2026-06-29 08:09:00,4051.74,4054.61,4051.5,4053.17,2018
2026-06-29 08:12:00,4053.19,4056.2,4052.66,4055.98,2043
2026-06-29 08:15:00,4055.97,4057.25,4055.26,4056.52,1939
2026-06-29 08:18:00,4056.5,4057.4,4053.72,4055.82,2015
2026-06-29 08:21:00,4055.81,4056.71,4050.5,4050.56,2065
2026-06-29 08:24:00,4050.55,4052.63,4049.32,4050.69,2098
2026-06-29 08:27:00,4050.68,4052.1,4048.04,4049.39,1983
2026-06-29 08:30:00,4049.38,4050.28,4040.43,4045.37,2835
2026-06-29 08:33:00,4045.38,4046.46,4041.94,4042.78,2411
2026-06-29 08:36:00,4042.79,4043.91,4039.39,4043.53,2362
2026-06-29 08:39:00,4043.51,4046.07,4042.82,4044.62,2039
2026-06-29 08:42:00,4044.63,4051.53,4044.61,4050.41,2144
2026-06-29 08:45:00,4050.47,4052.49,4049.1,4051.92,2138
2026-06-29 08:48:00,4051.89,4053.26,4047.28,4048.98,2132
2026-06-29 08:51:00,4048.97,4052.48,4048.53,4051.68,2214
2026-06-29 08:54:00,4051.69,4055.3,4051.58,4054.35,2456
2026-06-29 08:57:00,4054.35,4056.95,4053.85,4054.45,2214
2026-06-29 09:00:00,4054.46,4058.6,4053.58,4056.61,2439
2026-06-29 09:03:00,4056.59,4060.28,4055.9,4058.88,2480
2026-06-29 09:06:00,4058.91,4064.17,4058.47,4062.99,2451
2026-06-29 09:09:00,4062.97,4063.66,4058.22,4058.67,2389
2026-06-29 09:12:00,4058.72,4061.15,4057.81,4059.78,2509
2026-06-29 09:15:00,4059.79,4060.23,4057.71,4058.49,2206
2026-06-29 09:18:00,4058.49,4060.09,4057.37,4058.73,2111
2026-06-29 09:21:00,4058.8,4060.21,4057.18,4058.37,2291
2026-06-29 09:24:00,4058.37,4062.95,4056.17,4061.18,2290
2026-06-29 09:27:00,4061.18,4063.15,4059.48,4060.9,2237
2026-06-29 09:30:00,4060.89,4061.04,4058.87,4059.52,2477
2026-06-29 09:33:00,4059.51,4059.67,4055.46,4056.02,2309
2026-06-29 09:36:00,4056.04,4058.8,4055.06,4057.01,2386
2026-06-29 09:39:00,4057.07,4060.78,4056.82,4060.11,2495
2026-06-29 09:42:00,4060.11,4061.99,4059.23,4061.27,2003
2026-06-29 09:45:00,4061.27,4062.11,4059.95,4061.7,2286
2026-06-29 09:48:00,4061.71,4064.97,4061.56,4064.28,2112
2026-06-29 09:51:00,4064.28,4064.58,4062.3,4063.8,2166
2026-06-29 09:54:00,4063.78,4064.32,4061.77,4062.35,2271
2026-06-29 09:57:00,4062.36,4063.49,4062.07,4062.4,2067
2026-06-29 10:00:00,4062.41,4062.74,4058.07,4060.99,2231
2026-06-29 10:03:00,4061.0,4061.56,4059.22,4059.45,2179
2026-06-29 10:06:00,4059.45,4060.23,4058.0,4060.08,2329
2026-06-29 10:09:00,4060.11,4061.2,4059.16,4059.25,2143
2026-06-29 10:12:00,4059.23,4059.95,4056.13,4059.22,1988
2026-06-29 10:15:00,4059.21,4062.66,4058.56,4058.62,2333
2026-06-29 10:18:00,4058.6,4061.18,4058.22,4058.84,2081
2026-06-29 10:21:00,4058.83,4061.26,4058.18,4061.15,2403
2026-06-29 10:24:00,4061.12,4063.17,4060.92,4061.29,2039
2026-06-29 10:27:00,4061.29,4066.37,4061.21,4066.06,2185
2026-06-29 10:30:00,4066.1,4066.3,4062.93,4064.3,2208
2026-06-29 10:33:00,4064.3,4064.71,4061.7,4062.35,2190
2026-06-29 10:36:00,4062.34,4063.58,4061.7,4062.83,2267
2026-06-29 10:39:00,4062.81,4063.39,4061.06,4062.07,2260
2026-06-29 10:42:00,4062.05,4065.01,4061.23,4062.71,2042
2026-06-29 10:45:00,4062.74,4064.0,4060.82,4062.9,2300
2026-06-29 10:48:00,4062.89,4065.2,4061.93,4064.72,2287
2026-06-29 10:51:00,4064.75,4068.55,4064.13,4065.95,2144
2026-06-29 10:54:00,4065.97,4066.45,4063.5,4065.48,2327
2026-06-29 10:57:00,4065.47,4065.47,4061.49,4061.66,2350
2026-06-29 11:00:00,4061.66,4064.34,4060.6,4063.51,2237
2026-06-29 11:03:00,4063.51,4065.23,4061.46,4064.57,2460
2026-06-29 11:06:00,4064.59,4065.95,4062.28,4062.59,2390
2026-06-29 11:09:00,4062.59,4064.46,4062.27,4064.26,2253
2026-06-29 11:12:00,4064.27,4064.66,4062.42,4064.02,2187
2026-06-29 11:15:00,4063.99,4065.17,4062.06,4064.27,2060
2026-06-29 11:18:00,4064.27,4065.55,4062.16,4062.5,2232
2026-06-29 11:21:00,4062.49,4063.59,4060.99,4062.09,2152
2026-06-29 11:24:00,4062.08,4064.08,4060.51,4061.32,2258
2026-06-29 11:27:00,4061.3,4063.03,4061.22,4061.24,2053
2026-06-29 11:30:00,4061.24,4066.66,4060.96,4065.74,2058
2026-06-29 11:33:00,4065.74,4066.36,4062.29,4063.04,2003
2026-06-29 11:36:00,4063.11,4064.05,4060.62,4060.82,2111
2026-06-29 11:39:00,4060.82,4062.72,4059.23,4059.63,2316
2026-06-29 11:42:00,4059.63,4060.3,4054.77,4055.76,2218
2026-06-29 11:45:00,4055.76,4057.07,4054.97,4057.05,2300
2026-06-29 11:48:00,4056.92,4057.35,4053.69,4053.69,2156
2026-06-29 11:51:00,4053.7,4054.97,4051.85,4053.64,2154
2026-06-29 11:54:00,4053.65,4053.65,4049.48,4049.95,2262
2026-06-29 11:57:00,4049.9,4050.56,4043.69,4046.99,2095
2026-06-29 12:00:00,4047.01,4049.37,4045.29,4048.64,2257
2026-06-29 12:03:00,4048.65,4051.63,4048.59,4050.61,2066
2026-06-29 12:06:00,4050.6,4055.22,4050.58,4053.92,2424
2026-06-29 12:09:00,4053.91,4054.15,4051.27,4051.56,1995
2026-06-29 12:12:00,4051.55,4051.88,4048.43,4050.14,2040
2026-06-29 12:15:00,4050.14,4053.43,4049.01,4053.13,2186
2026-06-29 12:18:00,4053.14,4053.36,4049.9,4050.19,2032
2026-06-29 12:21:00,4050.2,4051.09,4047.34,4049.11,2145
2026-06-29 12:24:00,4049.1,4049.39,4045.6,4046.86,2295
2026-06-29 12:27:00,4046.86,4048.84,4045.24,4047.35,2146
2026-06-29 12:30:00,4047.33,4050.63,4042.96,4043.91,2419
2026-06-29 12:33:00,4043.9,4045.83,4041.93,4042.73,2454
2026-06-29 12:36:00,4042.7,4044.23,4041.34,4043.12,2146
2026-06-29 12:39:00,4043.12,4043.83,4040.77,4043.61,2044
2026-06-29 12:42:00,4043.6,4044.14,4042.21,4043.64,1954
2026-06-29 12:45:00,4043.67,4043.98,4042.35,4042.39,2113
2026-06-29 12:48:00,4042.38,4042.38,4034.23,4036.05,2154
2026-06-29 12:51:00,4036.02,4037.31,4032.84,4034.67,2474
2026-06-29 12:54:00,4034.69,4036.68,4031.64,4032.8,2365
2026-06-29 12:57:00,4032.81,4032.84,4024.55,4031.54,2604
2026-06-29 13:00:00,4031.55,4033.32,4029.44,4030.0,2274
2026-06-29 13:03:00,4030.02,4032.2,4027.49,4031.15,2131
2026-06-29 13:06:00,4031.15,4032.13,4030.44,4031.82,2195
2026-06-29 13:09:00,4031.8,4035.69,4031.14,4034.4,2085
2026-06-29 13:12:00,4034.37,4039.59,4034.37,4038.44,2162
2026-06-29 13:15:00,4038.41,4038.48,4032.71,4035.08,2184
2026-06-29 13:18:00,4035.06,4036.6,4032.93,4035.69,2566
2026-06-29 13:21:00,4035.7,4037.67,4035.39,4036.95,2311
2026-06-29 13:24:00,4036.95,4038.15,4036.57,4037.85,2437
2026-06-29 13:27:00,4037.9,4038.78,4037.14,4037.36,2199
2026-06-29 13:30:00,4037.36,4038.41,4034.13,4034.21,2401
2026-06-29 13:33:00,4034.22,4034.49,4031.86,4033.35,2046
2026-06-29 13:36:00,4033.34,4038.17,4033.34,4037.82,2230
2026-06-29 13:39:00,4037.83,4038.7,4034.59,4034.6,2528
2026-06-29 13:42:00,4034.6,4035.71,4033.58,4034.63,1952
2026-06-29 13:45:00,4034.62,4035.14,4032.61,4034.66,2053
2026-06-29 13:48:00,4034.66,4034.94,4033.32,4034.71,2001
2026-06-29 13:51:00,4034.72,4038.16,4034.43,4036.72,2170
2026-06-29 13:54:00,4036.71,4038.24,4035.82,4035.83,2011
2026-06-29 13:57:00,4035.84,4037.43,4035.36,4036.79,2086
2026-06-29 14:00:00,4036.8,4038.59,4035.36,4036.05,2082
2026-06-29 14:03:00,4036.04,4036.89,4035.34,4035.99,1989
2026-06-29 14:06:00,4035.98,4036.89,4035.25,4036.87,1992
2026-06-29 14:09:00,4036.86,4037.75,4034.96,4035.08,1969
2026-06-29 14:12:00,4035.06,4036.32,4032.52,4034.33,1904
2026-06-29 14:15:00,4034.34,4035.97,4033.37,4033.64,1953
2026-06-29 14:18:00,4033.64,4034.89,4032.94,4033.55,1877
2026-06-29 14:21:00,4033.57,4034.73,4029.71,4030.84,1980
2026-06-29 14:24:00,4030.83,4030.86,4027.32,4028.4,1968
2026-06-29 14:27:00,4028.39,4032.31,4027.64,4032.02,1991
2026-06-29 14:30:00,4031.99,4038.56,4029.92,4033.87,2345
2026-06-29 14:33:00,4033.87,4035.87,4033.0,4033.8,1989
2026-06-29 14:36:00,4033.78,4034.27,4032.38,4033.45,1968
2026-06-29 14:39:00,4033.44,4036.17,4031.95,4036.11,1970
2026-06-29 14:42:00,4036.12,4036.73,4035.15,4035.31,1993
2026-06-29 14:45:00,4035.31,4036.87,4035.09,4035.88,1949
2026-06-29 14:48:00,4035.89,4038.46,4034.85,4038.46,1971
2026-06-29 14:51:00,4038.45,4038.46,4036.52,4037.17,1911
2026-06-29 14:54:00,4037.19,4042.3,4037.05,4041.61,2049
2026-06-29 14:57:00,4041.63,4041.63,4039.12,4039.15,1981
2026-06-29 15:00:00,4039.17,4044.87,4037.91,4044.51,2082
2026-06-29 15:03:00,4044.47,4047.9,4043.18,4045.76,2244
2026-06-29 15:06:00,4045.75,4048.22,4043.86,4046.28,2088
2026-06-29 15:09:00,4046.25,4051.79,4046.25,4050.9,2158
2026-06-29 15:12:00,4050.91,4052.51,4047.46,4047.66,1976
2026-06-29 15:15:00,4047.69,4049.73,4044.88,4045.54,2156
2026-06-29 15:18:00,4045.54,4047.83,4043.43,4044.21,2079
2026-06-29 15:21:00,4044.23,4045.97,4039.17,4039.18,2165
2026-06-29 15:24:00,4039.2,4041.4,4037.77,4039.01,2203
2026-06-29 15:27:00,4039.0,4040.22,4037.81,4038.46,2040
2026-06-29 15:30:00,4038.46,4042.14,4037.67,4041.44,2177
2026-06-29 15:33:00,4041.42,4046.03,4041.37,4045.49,2141
2026-06-29 15:36:00,4045.51,4047.1,4043.18,4045.52,2065
2026-06-29 15:39:00,4045.51,4046.55,4041.6,4041.89,2091
2026-06-29 15:42:00,4041.91,4045.23,4041.88,4044.91,2414
2026-06-29 15:45:00,4044.89,4046.89,4044.29,4044.63,1980
2026-06-29 15:48:00,4044.64,4046.95,4042.46,4046.85,2071
2026-06-29 15:51:00,4046.87,4046.88,4044.63,4046.3,2054
2026-06-29 15:54:00,4046.29,4047.87,4043.27,4044.09,1986
2026-06-29 15:57:00,4044.12,4044.52,4042.42,4043.59,1990
2026-06-29 16:00:00,4043.6,4051.25,4043.43,4047.58,2553
2026-06-29 16:03:00,4047.59,4051.7,4046.9,4049.65,2287
2026-06-29 16:06:00,4049.67,4050.77,4047.24,4047.84,2103
2026-06-29 16:09:00,4047.84,4047.87,4044.48,4046.42,2113
2026-06-29 16:12:00,4046.41,4049.77,4046.29,4047.19,2148
2026-06-29 16:15:00,4047.21,4049.18,4046.11,4046.93,2290
2026-06-29 16:18:00,4046.92,4049.72,4046.49,4047.95,2143
2026-06-29 16:21:00,4047.95,4047.97,4043.46,4044.15,2157
2026-06-29 16:24:00,4044.15,4045.18,4040.06,4040.84,2244
2026-06-29 16:27:00,4040.81,4041.42,4038.38,4038.38,2161
2026-06-29 16:30:00,4038.12,4043.42,4036.65,4041.98,2777
2026-06-29 16:33:00,4042.0,4044.56,4039.09,4042.36,2643
2026-06-29 16:36:00,4042.4,4042.4,4034.03,4036.67,2693
2026-06-29 16:39:00,4036.67,4040.09,4035.44,4039.94,2577
2026-06-29 16:42:00,4039.95,4041.99,4038.02,4038.52,2443
2026-06-29 16:45:00,4038.55,4040.52,4034.77,4034.79,2502
2026-06-29 16:48:00,4034.79,4035.52,4033.24,4034.94,2504
2026-06-29 16:51:00,4034.94,4036.27,4033.38,4033.4,2472
2026-06-29 16:54:00,4033.4,4033.41,4028.23,4031.44,2608
2026-06-29 16:57:00,4031.44,4033.45,4029.77,4032.2,2496
2026-06-29 17:00:00,4032.2,4035.45,4029.14,4030.83,2696
2026-06-29 17:03:00,4030.86,4031.93,4022.43,4022.66,2849
2026-06-29 17:06:00,4022.66,4024.4,4015.26,4018.25,2897
2026-06-29 17:09:00,4018.31,4019.97,4010.59,4012.34,2901
2026-06-29 17:12:00,4012.33,4016.26,4008.07,4008.87,2927
2026-06-29 17:15:00,4008.86,4014.66,3999.74,4013.34,3496
2026-06-29 17:18:00,4013.36,4018.59,4012.57,4017.94,2931
2026-06-29 17:21:00,4017.93,4020.46,4016.92,4018.09,2719
2026-06-29 17:24:00,4018.11,4027.66,4016.94,4026.65,2640
2026-06-29 17:27:00,4026.67,4028.37,4022.69,4024.93,2507
2026-06-29 17:30:00,4024.93,4027.56,4023.89,4024.27,2602
2026-06-29 17:33:00,4024.26,4028.19,4023.7,4026.62,2485
2026-06-29 17:36:00,4026.63,4027.99,4022.97,4023.28,2433
2026-06-29 17:39:00,4023.3,4024.58,4021.6,4023.1,2479
2026-06-29 17:42:00,4023.14,4024.02,4020.15,4021.0,2462
2026-06-29 17:45:00,4021.03,4023.51,4018.62,4018.62,2582
2026-06-29 17:48:00,4018.62,4023.38,4017.94,4023.26,2469
2026-06-29 17:51:00,4023.27,4025.67,4021.16,4023.81,2454
2026-06-29 17:54:00,4023.81,4030.39,4023.71,4027.71,2330
2026-06-29 17:57:00,4027.69,4028.46,4023.95,4025.63,2293
2026-06-29 18:00:00,4025.61,4026.37,4022.64,4022.66,2443
2026-06-29 18:03:00,4022.63,4023.8,4020.9,4023.42,2378
2026-06-29 18:06:00,4023.45,4024.88,4021.84,4022.51,2251
2026-06-29 18:09:00,4022.48,4024.51,4020.7,4022.04,2324
2026-06-29 18:12:00,4022.04,4022.77,4019.3,4021.88,2272
2026-06-29 18:15:00,4021.89,4026.97,4021.3,4026.37,2222
2026-06-29 18:18:00,4026.35,4027.64,4021.08,4021.27,2232
2026-06-29 18:21:00,4021.27,4021.76,4017.15,4017.63,2292
2026-06-29 18:24:00,4017.62,4020.59,4016.71,4018.52,2240
2026-06-29 18:27:00,4018.53,4024.67,4018.43,4024.37,2315
2026-06-29 18:30:00,4024.33,4026.55,4023.1,4024.95,2241
2026-06-29 18:33:00,4024.95,4025.48,4020.7,4021.31,2166
2026-06-29 18:36:00,4021.34,4021.41,4017.58,4020.66,2299
2026-06-29 18:39:00,4020.67,4024.76,4020.64,4023.12,2127
2026-06-29 18:42:00,4023.12,4023.46,4021.43,4022.8,2118
2026-06-29 18:45:00,4022.78,4026.36,4022.2,4024.34,2044
2026-06-29 18:48:00,4024.34,4027.72,4024.32,4027.31,2115
2026-06-29 18:51:00,4027.31,4029.62,4026.18,4028.55,2146
2026-06-29 18:54:00,4028.57,4030.34,4027.41,4027.69,2202
2026-06-29 18:57:00,4027.68,4027.9,4026.71,4026.97,2106
2026-06-29 19:00:00,4026.99,4028.16,4025.38,4028.0,2099
2026-06-29 19:03:00,4027.97,4028.71,4024.47,4024.47,2065
2026-06-29 19:06:00,4024.49,4026.81,4024.42,4025.91,1989
2026-06-29 19:09:00,4025.94,4027.87,4025.91,4026.34,2093
2026-06-29 19:12:00,4026.34,4026.84,4023.6,4023.69,1919
2026-06-29 19:15:00,4023.71,4024.69,4021.85,4023.83,2056
2026-06-29 19:18:00,4023.81,4025.93,4023.37,4025.27,1946
2026-06-29 19:21:00,4025.24,4026.36,4024.86,4026.02,2314
2026-06-29 19:24:00,4026.04,4026.56,4024.69,4024.76,1951
2026-06-29 19:27:00,4024.77,4024.81,4023.52,4023.71,1843
2026-06-29 19:30:00,4023.7,4024.39,4018.9,4018.97,1967
2026-06-29 19:33:00,4018.99,4021.34,4018.69,4021.25,2007
2026-06-29 19:36:00,4021.28,4021.54,4019.75,4021.08,1934
2026-06-29 19:39:00,4021.1,4021.89,4020.84,4021.14,1966
2026-06-29 19:42:00,4021.15,4022.35,4019.49,4021.41,1972
2026-06-29 19:45:00,4021.42,4024.44,4020.7,4024.18,2382
2026-06-29 19:48:00,4024.21,4028.16,4023.42,4027.11,2264
2026-06-29 19:51:00,4027.09,4027.43,4025.79,4026.58,2335
2026-06-29 19:54:00,4026.59,4026.71,4024.97,4025.68,2065
2026-06-29 19:57:00,4025.68,4026.68,4023.84,4023.93,2185
2026-06-29 20:00:00,4023.93,4025.23,4023.65,4024.34,1976
2026-06-29 20:03:00,4024.34,4028.06,4023.31,4027.85,2285
2026-06-29 20:06:00,4028.08,4031.33,4027.97,4030.48,2525
2026-06-29 20:09:00,4030.5,4031.73,4029.46,4031.53,2007
2026-06-29 20:12:00,4031.52,4032.07,4027.89,4029.02,2060
2026-06-29 20:15:00,4029.01,4029.99,4028.31,4029.13,2129
2026-06-29 20:18:00,4029.13,4030.81,4028.77,4029.61,1970
2026-06-29 20:21:00,4029.63,4030.37,4026.88,4027.39,2306
2026-06-29 20:24:00,4027.43,4027.7,4023.23,4023.81,2127
2026-06-29 20:27:00,4023.82,4027.12,4022.47,4023.96,2173
2026-06-29 20:30:00,4023.96,4024.19,4020.81,4021.8,2017
2026-06-29 20:33:00,4021.79,4023.86,4021.71,4022.64,2139
2026-06-29 20:36:00,4022.62,4024.46,4022.51,4024.0,1853
2026-06-29 20:39:00,4024.0,4024.4,4022.89,4023.01,1948
2026-06-29 20:42:00,4023.0,4024.54,4021.88,4022.0,1880
2026-06-29 20:45:00,4021.99,4022.61,4020.95,4021.21,1956
2026-06-29 20:48:00,4021.19,4022.38,4020.54,4020.56,1882
2026-06-29 20:51:00,4020.58,4022.01,4019.67,4021.81,1921
2026-06-29 20:54:00,4021.8,4022.61,4020.65,4021.03,1904
2026-06-29 20:57:00,4021.02,4022.15,4019.38,4021.02,1874
2026-06-29 21:00:00,4021.03,4022.68,4020.45,4020.88,1956
2026-06-29 21:03:00,4020.89,4024.08,4020.86,4022.72,1930
2026-06-29 21:06:00,4022.71,4023.31,4021.72,4023.11,1892
2026-06-29 21:09:00,4023.1,4023.48,4022.47,4022.97,2283
2026-06-29 21:12:00,4022.95,4024.4,4022.83,4024.06,1865
2026-06-29 21:15:00,4024.05,4024.09,4022.73,4023.98,1896
2026-06-29 21:18:00,4023.96,4025.27,4023.96,4024.63,1843
2026-06-29 21:21:00,4024.65,4024.74,4023.56,4024.7,1826
2026-06-29 21:24:00,4024.71,4025.22,4023.33,4023.55,1823
2026-06-29 21:27:00,4023.52,4023.67,4020.29,4021.07,1863
2026-06-29 21:30:00,4021.09,4021.56,4019.97,4021.38,1879
2026-06-29 21:33:00,4021.37,4021.4,4020.32,4020.79,2297
2026-06-29 21:36:00,4020.78,4020.92,4019.82,4019.85,1964
2026-06-29 21:39:00,4019.83,4021.36,4019.82,4020.87,1822
2026-06-29 21:42:00,4020.84,4021.01,4019.5,4020.82,1849
2026-06-29 21:45:00,4020.83,4021.1,4017.42,4017.43,1881
2026-06-29 21:48:00,4017.45,4017.53,4015.8,4017.18,1901
2026-06-29 21:51:00,4017.21,4017.99,4016.33,4017.76,1885
2026-06-29 21:54:00,4017.76,4018.0,4012.12,4012.12,1938
2026-06-29 21:57:00,4012.09,4013.54,4012.0,4013.4,1878
2026-06-29 22:00:00,4013.42,4014.67,4012.17,4012.65,2034
2026-06-29 22:03:00,4012.66,4012.67,4009.78,4010.23,1996
2026-06-29 22:06:00,4010.27,4011.76,4009.9,4011.59,1988
2026-06-29 22:09:00,4011.58,4012.14,4010.99,4011.09,1924
2026-06-29 22:12:00,4011.07,4011.3,4008.11,4008.27,1965
2026-06-29 22:15:00,4008.27,4009.03,4006.51,4007.17,1942
2026-06-29 22:18:00,4007.15,4010.24,4005.27,4010.0,1956
2026-06-29 22:21:00,4009.99,4012.67,4009.84,4012.61,1904
2026-06-29 22:24:00,4012.59,4015.61,4011.59,4015.03,1952
2026-06-29 22:27:00,4015.01,4017.21,4015.01,4017.15,2146
2026-06-29 22:30:00,4017.16,4019.47,4016.82,4017.41,2022
2026-06-29 22:33:00,4017.39,4018.11,4017.04,4017.32,1916
2026-06-29 22:36:00,4017.32,4018.67,4017.32,4018.37,1852
2026-06-29 22:39:00,4018.39,4018.96,4016.42,4017.31,1912
2026-06-29 22:42:00,4017.3,4018.2,4016.56,4017.91,1839
2026-06-29 22:45:00,4017.92,4018.44,4016.68,4017.11,1875
2026-06-29 22:48:00,4017.1,4017.53,4013.74,4013.95,1921
2026-06-29 22:51:00,4013.94,4014.61,4013.4,4013.56,1857
2026-06-29 22:54:00,4013.57,4015.15,4012.58,4013.72,2067
2026-06-29 22:57:00,4013.71,4017.13,4013.58,4015.85,2118
2026-06-29 23:00:00,4015.85,4016.12,4014.24,4015.65,2189
2026-06-29 23:03:00,4015.66,4015.71,4014.75,4014.75,2037
2026-06-29 23:06:00,4014.7,4014.73,4012.7,4013.53,2069
2026-06-29 23:09:00,4013.52,4014.78,4013.33,4014.32,2006
2026-06-29 23:12:00,4014.32,4014.5,4013.58,4014.4,1865
2026-06-29 23:15:00,4014.38,4016.17,4014.37,4015.81,1796
2026-06-29 23:18:00,4015.81,4016.93,4015.58,4016.59,1794
2026-06-29 23:21:00,4016.58,4016.71,4016.09,4016.37,1924
2026-06-29 23:24:00,4016.36,4016.71,4016.1,4016.66,1738
2026-06-29 23:27:00,4016.66,4018.0,4016.5,4017.77,1775
2026-06-29 23:30:00,4017.76,4017.85,4016.15,4017.3,1730
2026-06-29 23:33:00,4017.31,4017.31,4015.68,4015.78,1738
2026-06-29 23:36:00,4015.76,4015.85,4015.25,4015.35,1746
2026-06-29 23:39:00,4015.32,4015.43,4014.49,4015.05,1749
2026-06-29 23:42:00,4015.05,4015.77,4015.04,4015.7,1735
2026-06-29 23:45:00,4015.7,4015.91,4014.59,4015.0,1761
2026-06-29 23:48:00,4015.0,4015.74,4014.62,4015.7,1814
2026-06-29 23:51:00,4015.67,4017.04,4015.0,4017.02,1808
2026-06-29 23:54:00,4017.03,4017.26,4016.39,4016.87,1774
2026-06-29 23:57:00,4016.87,4016.9,4015.85,4016.63,1176
2026-06-30 01:00:00,4018.41,4020.93,4017.9,4018.29,3891
2026-06-30 01:03:00,4018.3,4019.59,4017.32,4018.56,1863
2026-06-30 01:06:00,4018.57,4020.34,4016.9,4020.12,1813
2026-06-30 01:09:00,4020.1,4022.17,4020.0,4020.27,1800
2026-06-30 01:12:00,4020.28,4020.28,4017.89,4018.51,1831
2026-06-30 01:15:00,4018.53,4020.17,4018.0,4018.52,1860
2026-06-30 01:18:00,4018.57,4020.57,4017.81,4020.51,1811
2026-06-30 01:21:00,4020.5,4020.51,4017.35,4017.59,1768
2026-06-30 01:24:00,4017.6,4018.4,4016.23,4016.47,1792
2026-06-30 01:27:00,4016.46,4017.18,4015.37,4016.02,1820
2026-06-30 01:30:00,4016.03,4016.03,4013.45,4014.27,1841
2026-06-30 01:33:00,4014.26,4014.5,4013.36,4013.53,1846
2026-06-30 01:36:00,4013.54,4013.76,4013.27,4013.73,1766
2026-06-30 01:39:00,4013.74,4014.45,4011.84,4012.15,1827
2026-06-30 01:42:00,4012.14,4014.83,4010.5,4010.5,1958
2026-06-30 01:45:00,4010.51,4013.7,4009.71,4013.41,1891
2026-06-30 01:48:00,4013.39,4014.31,4012.93,4013.92,1809
2026-06-30 01:51:00,4013.92,4014.92,4013.27,4014.71,1847
2026-06-30 01:54:00,4014.69,4016.73,4012.85,4015.38,1947
2026-06-30 01:57:00,4015.35,4016.98,4013.61,4014.19,1897
2026-06-30 02:00:00,4014.17,4017.31,4014.17,4016.68,1900
2026-06-30 02:03:00,4016.68,4019.13,4016.43,4019.1,1864
2026-06-30 02:06:00,4019.09,4021.39,4019.08,4020.79,1837
2026-06-30 02:09:00,4020.76,4020.98,4019.29,4020.2,1855
2026-06-30 02:12:00,4020.21,4021.51,4019.88,4020.83,1865
2026-06-30 02:15:00,4020.84,4021.32,4020.54,4021.27,1801
2026-06-30 02:18:00,4021.27,4022.44,4018.8,4019.95,1942
2026-06-30 02:21:00,4019.96,4020.83,4019.07,4019.09,1775
2026-06-30 02:24:00,4019.07,4019.51,4016.35,4016.42,1871
2026-06-30 02:27:00,4016.42,4017.44,4014.9,4016.74,1866
2026-06-30 02:30:00,4016.72,4021.82,4015.48,4018.31,1930
2026-06-30 02:33:00,4018.32,4019.33,4018.05,4018.83,1782
2026-06-30 02:36:00,4018.84,4019.6,4018.45,4019.59,1792
2026-06-30 02:39:00,4019.61,4019.63,4015.71,4015.96,1875
2026-06-30 02:42:00,4015.95,4016.41,4013.46,4015.17,1881
2026-06-30 02:45:00,4015.19,4015.78,4013.51,4015.6,1931
2026-06-30 02:48:00,4015.62,4018.05,4015.32,4017.9,1911
2026-06-30 02:51:00,4017.9,4017.93,4014.77,4015.09,1840
2026-06-30 02:54:00,4015.09,4015.69,4013.92,4014.34,1888
2026-06-30 02:57:00,4014.35,4015.68,4014.27,4014.87,1831
2026-06-30 03:00:00,4014.88,4015.15,4008.69,4009.26,2377
2026-06-30 03:03:00,4009.27,4009.97,4006.67,4006.88,2162
2026-06-30 03:06:00,4006.87,4007.75,4004.43,4006.14,2341
2026-06-30 03:09:00,4006.12,4011.21,4003.28,4010.95,2268
2026-06-30 03:12:00,4010.95,4013.81,4009.78,4010.18,2249
2026-06-30 03:15:00,4010.23,4011.57,4006.7,4007.06,2054
2026-06-30 03:18:00,4007.06,4008.22,4004.59,4007.82,2088
2026-06-30 03:21:00,4007.82,4009.2,4006.42,4006.48,1988
2026-06-30 03:24:00,4006.49,4008.55,4006.04,4007.24,1975
2026-06-30 03:27:00,4007.25,4007.29,4004.07,4006.21,2028
2026-06-30 03:30:00,4006.27,4006.81,4000.83,4001.62,2210
2026-06-30 03:33:00,4001.63,4002.47,4001.04,4002.16,2013
2026-06-30 03:36:00,4002.16,4002.17,3995.68,3996.3,2258
2026-06-30 03:39:00,3996.24,3997.87,3995.44,3996.34,2074
2026-06-30 03:42:00,3996.34,3996.37,3990.98,3991.84,2067
2026-06-30 03:45:00,3991.86,3994.03,3990.8,3991.71,2189
2026-06-30 03:48:00,3991.71,3993.37,3990.83,3991.01,2103
2026-06-30 03:51:00,3991.02,3993.95,3990.62,3992.18,2157
2026-06-30 03:54:00,3992.18,3992.91,3979.75,3980.08,2388
2026-06-30 03:57:00,3980.17,3987.78,3980.1,3987.14,2607
2026-06-30 04:00:00,3987.17,3987.21,3976.02,3977.82,2996
2026-06-30 04:03:00,3977.79,3984.7,3975.33,3975.74,2795
2026-06-30 04:06:00,3975.74,3975.74,3941.97,3961.31,3947
2026-06-30 04:09:00,3961.37,3969.29,3957.26,3957.83,3106
2026-06-30 04:12:00,3957.85,3962.11,3954.62,3957.94,2870
2026-06-30 04:15:00,3957.96,3963.35,3950.14,3963.33,2978
2026-06-30 04:18:00,3963.34,3975.35,3962.87,3973.58,2683
2026-06-30 04:21:00,3973.55,3975.58,3966.62,3969.3,2478
2026-06-30 04:24:00,3969.27,3974.68,3967.03,3971.53,2612
2026-06-30 04:27:00,3971.57,3980.75,3970.26,3979.03,2524
2026-06-30 04:30:00,3979.04,3979.49,3975.51,3976.24,2597
2026-06-30 04:33:00,3976.22,3977.77,3973.68,3974.71,2438
2026-06-30 04:36:00,3974.7,3976.56,3972.62,3973.87,2648
2026-06-30 04:39:00,3973.87,3974.12,3966.33,3969.41,2717
2026-06-30 04:42:00,3969.39,3972.52,3966.47,3968.91,2426
2026-06-30 04:45:00,3968.91,3973.39,3964.13,3964.19,2462
2026-06-30 04:48:00,3964.21,3966.54,3961.37,3963.82,2538
2026-06-30 04:51:00,3963.81,3966.44,3962.35,3964.93,2349
2026-06-30 04:54:00,3964.92,3967.64,3962.62,3967.38,2375
2026-06-30 04:57:00,3967.41,3970.13,3966.19,3969.34,2432
2026-06-30 05:00:00,3969.35,3973.17,3966.7,3970.41,2503
2026-06-30 05:03:00,3970.4,3972.16,3967.6,3968.31,2452
2026-06-30 05:06:00,3968.29,3971.02,3962.64,3964.76,2508
2026-06-30 05:09:00,3964.76,3965.92,3952.36,3954.82,2462
2026-06-30 05:12:00,3954.83,3959.55,3954.67,3957.51,2257
2026-06-30 05:15:00,3957.5,3961.66,3956.04,3959.96,2254
2026-06-30 05:18:00,3959.97,3961.9,3958.08,3958.46,2083
2026-06-30 05:21:00,3958.46,3964.05,3956.07,3963.7,2121
2026-06-30 05:24:00,3963.66,3965.48,3961.37,3961.5,2111
2026-06-30 05:27:00,3961.47,3964.55,3960.32,3961.89,2069
2026-06-30 05:30:00,3961.86,3962.99,3956.43,3958.94,2293
2026-06-30 05:33:00,3958.94,3959.93,3956.26,3957.85,2178
2026-06-30 05:36:00,3957.87,3962.88,3954.27,3962.26,2353
2026-06-30 05:39:00,3962.22,3964.11,3960.0,3960.36,2129
2026-06-30 05:42:00,3960.36,3961.1,3957.19,3959.63,2222
2026-06-30 05:45:00,3959.65,3962.72,3959.24,3960.15,2332
2026-06-30 05:48:00,3960.17,3967.16,3960.11,3966.97,2308
2026-06-30 05:51:00,3966.94,3970.48,3965.88,3967.71,2294
2026-06-30 05:54:00,3967.73,3967.73,3960.59,3961.65,2249
2026-06-30 05:57:00,3961.63,3963.41,3959.74,3962.77,2406
2026-06-30 06:00:00,3962.77,3967.11,3962.53,3967.02,2354
2026-06-30 06:03:00,3967.04,3969.66,3966.89,3968.54,2219
2026-06-30 06:06:00,3968.53,3968.53,3965.48,3966.17,1956
2026-06-30 06:09:00,3966.16,3969.59,3965.41,3967.49,2056
2026-06-30 06:12:00,3967.48,3968.84,3965.78,3966.36,2052
2026-06-30 06:15:00,3966.33,3970.99,3966.05,3968.59,2203
2026-06-30 06:18:00,3968.6,3970.87,3967.79,3970.1,2156
2026-06-30 06:21:00,3970.09,3970.09,3965.68,3968.21,2183
2026-06-30 06:24:00,3968.18,3968.2,3963.8,3966.84,2254
2026-06-30 06:27:00,3966.86,3967.97,3963.09,3965.65,2140
2026-06-30 06:30:00,3965.62,3966.94,3961.03,3962.58,2200
2026-06-30 06:33:00,3962.57,3962.62,3960.09,3961.13,1918
2026-06-30 06:36:00,3961.14,3965.77,3960.91,3964.19,1931
2026-06-30 06:39:00,3964.22,3965.22,3963.1,3963.4,1938
2026-06-30 06:42:00,3963.38,3964.4,3962.42,3963.3,1879
2026-06-30 06:45:00,3963.28,3967.67,3963.14,3967.6,1972
2026-06-30 06:48:00,3967.57,3969.26,3966.65,3968.04,2001
2026-06-30 06:51:00,3968.03,3970.11,3967.23,3967.55,2000
2026-06-30 06:54:00,3967.56,3970.74,3966.19,3968.36,2075
2026-06-30 06:57:00,3968.35,3971.08,3967.97,3969.77,2037
2026-06-30 07:00:00,3969.77,3975.03,3969.3,3972.85,2136
2026-06-30 07:03:00,3972.85,3974.52,3969.88,3970.93,2018
2026-06-30 07:06:00,3970.94,3971.77,3968.19,3970.28,1926
2026-06-30 07:09:00,3970.29,3971.07,3968.34,3970.94,1945
2026-06-30 07:12:00,3970.96,3973.27,3970.82,3972.58,1911
2026-06-30 07:15:00,3972.56,3974.1,3972.01,3974.08,1887
2026-06-30 07:18:00,3974.02,3975.65,3972.97,3974.96,1897
2026-06-30 07:21:00,3974.96,3977.64,3974.95,3976.38,1967
2026-06-30 07:24:00,3976.37,3980.02,3975.78,3979.07,1981
2026-06-30 07:27:00,3979.07,3983.47,3978.95,3982.68,1998
2026-06-30 07:30:00,3982.63,3991.08,3982.36,3991.04,2127
2026-06-30 07:33:00,3991.06,3998.01,3990.95,3996.46,2441
2026-06-30 07:36:00,3996.46,3997.42,3994.32,3994.75,2141
2026-06-30 07:39:00,3994.77,3995.48,3991.13,3991.5,2052
2026-06-30 07:42:00,3991.49,3991.49,3987.18,3988.51,2018
2026-06-30 07:45:00,3988.52,3988.56,3984.98,3985.34,2034
2026-06-30 07:48:00,3985.36,3991.35,3983.63,3989.91,2071
2026-06-30 07:51:00,3989.9,3990.26,3988.13,3988.52,1991
2026-06-30 07:54:00,3988.52,3989.41,3986.95,3988.1,2041
2026-06-30 07:57:00,3988.1,3988.67,3985.37,3985.55,1995
2026-06-30 08:00:00,3985.54,3988.43,3984.13,3986.92,2217
2026-06-30 08:03:00,3986.94,3988.73,3985.97,3987.16,2043
2026-06-30 08:06:00,3987.17,3990.79,3987.08,3988.52,1964
2026-06-30 08:09:00,3988.5,3988.57,3986.56,3987.27,1931
2026-06-30 08:12:00,3987.3,3988.02,3983.93,3984.83,2015
2026-06-30 08:15:00,3984.83,3985.64,3981.93,3982.39,1942
2026-06-30 08:18:00,3982.4,3984.46,3979.68,3980.93,1993
2026-06-30 08:21:00,3980.94,3985.43,3980.93,3984.76,1914
2026-06-30 08:24:00,3984.77,3987.62,3979.78,3980.27,2076
2026-06-30 08:27:00,3980.28,3983.62,3979.64,3982.83,2075
2026-06-30 08:30:00,3982.84,3983.17,3976.15,3976.79,2597
2026-06-30 08:33:00,3976.77,3978.88,3976.3,3976.35,2245
2026-06-30 08:36:00,3976.36,3982.52,3975.15,3981.96,2326
2026-06-30 08:39:00,3981.94,3985.03,3979.32,3983.18,2237
2026-06-30 08:42:00,3983.19,3984.1,3979.38,3979.41,2311
2026-06-30 08:45:00,3979.43,3981.81,3978.09,3979.3,2233
2026-06-30 08:48:00,3979.33,3980.44,3977.84,3978.5,2179
2026-06-30 08:51:00,3978.53,3981.31,3976.34,3980.54,2073
2026-06-30 08:54:00,3980.52,3981.57,3978.21,3978.47,2182
2026-06-30 08:57:00,3978.44,3979.43,3977.26,3978.02,2057
2026-06-30 09:00:00,3978.01,3984.39,3977.99,3984.25,2279
2026-06-30 09:03:00,3984.26,3987.61,3983.73,3986.81,2294
2026-06-30 09:06:00,3986.8,3989.49,3986.12,3987.74,2337
2026-06-30 09:09:00,3987.75,3987.87,3985.48,3986.09,2297
2026-06-30 09:12:00,3986.09,3988.11,3985.28,3987.77,2163
2026-06-30 09:15:00,3987.77,3988.58,3985.63,3986.71,2118
2026-06-30 09:18:00,3986.71,3987.31,3984.06,3986.99,2142
2026-06-30 09:21:00,3986.99,3998.8,3985.89,3997.83,2493
2026-06-30 09:24:00,3997.84,4003.21,3997.39,4000.83,2715
2026-06-30 09:27:00,4000.82,4013.36,4000.13,4012.04,2630
2026-06-30 09:30:00,4011.99,4028.16,4011.01,4024.14,3184
2026-06-30 09:33:00,4024.13,4033.94,4022.17,4031.45,3112
2026-06-30 09:36:00,4031.43,4031.43,4021.78,4022.29,2735
2026-06-30 09:39:00,4022.29,4026.15,4021.77,4024.19,2380
2026-06-30 09:42:00,4024.2,4028.56,4022.31,4024.83,2605
2026-06-30 09:45:00,4024.83,4031.63,4023.84,4030.21,2573
2026-06-30 09:48:00,4030.23,4033.36,4029.16,4030.36,2365
2026-06-30 09:51:00,4030.37,4032.25,4027.62,4028.35,2320
2026-06-30 09:54:00,4028.33,4029.15,4026.77,4028.43,2252
2026-06-30 09:57:00,4028.41,4032.09,4028.0,4029.79,2171
2026-06-30 10:00:00,4029.77,4030.06,4024.88,4027.35,2360
2026-06-30 10:03:00,4027.34,4027.43,4024.59,4026.14,2155
2026-06-30 10:06:00,4026.16,4030.09,4026.14,4028.51,2093
2026-06-30 10:09:00,4028.53,4029.07,4025.61,4025.63,1991
2026-06-30 10:12:00,4025.63,4025.99,4023.86,4025.8,2063
2026-06-30 10:15:00,4025.77,4029.72,4025.38,4029.7,2086
2026-06-30 10:18:00,4029.67,4032.4,4028.38,4030.47,2109
2026-06-30 10:21:00,4030.47,4031.23,4027.16,4029.1,2107
2026-06-30 10:24:00,4029.07,4034.75,4028.68,4032.17,2260
2026-06-30 10:27:00,4032.18,4033.49,4028.51,4028.58,2302
2026-06-30 10:30:00,4028.6,4030.15,4026.23,4027.92,2063
2026-06-30 10:33:00,4027.89,4032.01,4027.43,4029.81,2070
2026-06-30 10:36:00,4029.79,4030.92,4027.33,4029.82,2076
2026-06-30 10:39:00,4029.82,4031.34,4028.85,4029.59,2413
2026-06-30 10:42:00,4029.6,4029.89,4027.71,4028.85,2177
2026-06-30 10:45:00,4028.87,4030.88,4027.96,4029.45,2019
2026-06-30 10:48:00,4029.52,4029.87,4025.59,4027.02,1993
2026-06-30 10:51:00,4027.03,4030.07,4027.02,4029.99,1995
2026-06-30 10:54:00,4029.99,4031.85,4029.51,4030.66,1992
2026-06-30 10:57:00,4030.69,4033.15,4030.22,4032.27,2017
2026-06-30 11:00:00,4032.26,4036.36,4031.57,4033.2,2543
2026-06-30 11:03:00,4033.21,4037.61,4032.69,4035.69,2196
2026-06-30 11:06:00,4035.71,4035.72,4027.78,4027.78,2158
2026-06-30 11:09:00,4027.78,4028.51,4024.97,4025.1,2150
2026-06-30 11:12:00,4025.08,4025.5,4021.96,4024.28,2130
2026-06-30 11:15:00,4024.27,4024.61,4021.48,4022.19,2145
2026-06-30 11:18:00,4022.19,4023.37,4020.59,4023.27,2308
2026-06-30 11:21:00,4023.26,4025.65,4022.66,4023.31,2038
2026-06-30 11:24:00,4023.29,4023.39,4020.25,4022.46,1943
2026-06-30 11:27:00,4022.48,4026.32,4021.72,4025.97,1996
2026-06-30 11:30:00,4025.96,4026.85,4024.2,4025.36,2037
2026-06-30 11:33:00,4025.38,4025.38,4022.49,4022.67,2000
2026-06-30 11:36:00,4022.68,4023.2,4018.55,4019.05,2087
2026-06-30 11:39:00,4019.07,4019.92,4015.53,4017.68,2085
2026-06-30 11:42:00,4017.71,4018.69,4016.35,4017.91,2037
2026-06-30 11:45:00,4017.94,4019.57,4017.5,4017.87,2090
2026-06-30 11:48:00,4017.86,4019.52,4016.66,4017.83,2077
2026-06-30 11:51:00,4017.83,4017.85,4013.68,4015.18,1831
2026-06-30 11:54:00,4015.18,4017.31,4014.8,4016.74,2469
2026-06-30 11:57:00,4016.74,4017.05,4014.31,4015.62,2158
2026-06-30 12:00:00,4015.63,4017.59,4014.71,4016.77,2348
2026-06-30 12:03:00,4016.77,4020.52,4016.54,4019.71,2098
2026-06-30 12:06:00,4019.71,4021.73,4019.47,4020.07,1932
2026-06-30 12:09:00,4020.06,4020.34,4018.64,4019.03,1912
2026-06-30 12:12:00,4019.04,4019.06,4017.01,4018.47,2349
2026-06-30 12:15:00,4018.47,4019.27,4017.32,4018.29,1883
2026-06-30 12:18:00,4018.27,4020.9,4017.48,4020.87,1933
2026-06-30 12:21:00,4020.84,4022.87,4019.58,4019.69,2049
2026-06-30 12:24:00,4019.69,4020.45,4018.15,4018.82,1945
2026-06-30 12:27:00,4018.84,4019.02,4016.2,4017.38,1947
2026-06-30 12:30:00,4017.39,4018.76,4012.91,4014.67,2055
2026-06-30 12:33:00,4014.68,4015.74,4012.72,4013.09,2003
2026-06-30 12:36:00,4013.09,4016.97,4012.35,4015.46,2096
2026-06-30 12:39:00,4015.44,4017.71,4015.05,4017.53,2124
2026-06-30 12:42:00,4017.56,4018.62,4015.89,4018.62,1961
2026-06-30 12:45:00,4018.64,4020.55,4018.63,4020.14,2140
2026-06-30 12:48:00,4020.12,4020.22,4018.25,4019.26,2174
2026-06-30 12:51:00,4019.23,4023.15,4019.14,4022.33,1992
2026-06-30 12:54:00,4022.34,4022.45,4020.87,4021.69,1943
2026-06-30 12:57:00,4021.69,4023.9,4020.38,4023.87,1975
2026-06-30 13:00:00,4023.87,4026.3,4023.34,4024.85,2067
2026-06-30 13:03:00,4024.85,4026.55,4023.74,4026.2,1970
2026-06-30 13:06:00,4026.19,4026.61,4021.98,4023.11,1991
2026-06-30 13:09:00,4023.11,4024.55,4021.54,4024.17,2148
2026-06-30 13:12:00,4024.18,4025.8,4023.38,4025.8,1943
2026-06-30 13:15:00,4025.79,4027.28,4025.67,4025.76,1932
2026-06-30 13:18:00,4025.77,4026.47,4023.91,4024.51,1964
2026-06-30 13:21:00,4024.49,4026.19,4024.4,4025.35,1870
2026-06-30 13:24:00,4025.36,4026.95,4025.23,4026.33,1913
2026-06-30 13:27:00,4026.33,4028.71,4025.9,4028.55,1908
2026-06-30 13:30:00,4028.55,4028.57,4025.23,4027.66,1933
2026-06-30 13:33:00,4027.64,4027.67,4026.08,4026.92,2122
2026-06-30 13:36:00,4026.94,4028.86,4026.89,4027.99,2039
2026-06-30 13:39:00,4027.99,4028.71,4027.21,4027.46,2333
2026-06-30 13:42:00,4027.46,4029.96,4027.14,4028.08,1986
2026-06-30 13:45:00,4028.1,4029.86,4026.33,4029.79,1883
2026-06-30 13:48:00,4029.8,4029.95,4027.96,4029.56,2241
2026-06-30 13:51:00,4029.57,4029.64,4028.42,4028.48,2221
2026-06-30 13:54:00,4028.5,4030.04,4028.06,4029.55,1866
2026-06-30 13:57:00,4029.55,4031.34,4028.92,4029.9,1981
2026-06-30 14:00:00,4029.87,4030.23,4025.47,4026.82,2059
2026-06-30 14:03:00,4026.83,4031.72,4026.78,4030.63,1926
2026-06-30 14:06:00,4030.63,4031.8,4029.93,4031.13,1909
2026-06-30 14:09:00,4031.14,4032.3,4030.69,4031.13,1995
2026-06-30 14:12:00,4031.15,4033.69,4031.12,4033.51,1925
2026-06-30 14:15:00,4033.52,4034.23,4030.53,4030.69,1936
2026-06-30 14:18:00,4030.7,4032.09,4030.26,4031.55,1971
2026-06-30 14:21:00,4031.54,4033.86,4030.95,4031.76,1963
2026-06-30 14:24:00,4031.76,4032.02,4029.91,4031.29,1957
2026-06-30 14:27:00,4031.29,4034.14,4031.28,4031.87,2018
2026-06-30 14:30:00,4031.85,4033.42,4030.46,4030.57,1982
2026-06-30 14:33:00,4030.54,4031.14,4029.51,4030.69,1947
2026-06-30 14:36:00,4030.71,4031.07,4028.37,4030.93,2029
2026-06-30 14:39:00,4030.92,4034.92,4030.23,4034.21,1983
2026-06-30 14:42:00,4034.22,4035.14,4033.04,4034.57,1951
2026-06-30 14:45:00,4034.55,4037.34,4032.58,4032.69,2063
2026-06-30 14:48:00,4032.68,4033.96,4030.58,4031.56,2012
2026-06-30 14:51:00,4031.59,4032.92,4030.15,4032.91,2035
2026-06-30 14:54:00,4032.91,4033.92,4030.85,4033.44,2077
2026-06-30 14:57:00,4033.46,4034.57,4032.4,4033.91,2306
2026-06-30 15:00:00,4033.92,4034.49,4032.34,4033.22,2059
2026-06-30 15:03:00,4033.21,4033.47,4030.33,4031.22,2101
2026-06-30 15:06:00,4031.21,4031.97,4029.19,4029.69,2108
2026-06-30 15:09:00,4029.7,4030.98,4026.03,4026.38,2305
2026-06-30 15:12:00,4026.36,4028.23,4026.35,4026.65,1990
2026-06-30 15:15:00,4026.66,4028.64,4025.8,4026.01,2044
2026-06-30 15:18:00,4026.01,4026.94,4023.96,4024.12,2103
2026-06-30 15:21:00,4024.12,4024.12,4018.14,4018.15,2175
2026-06-30 15:24:00,4018.13,4018.88,4015.44,4015.67,2257
2026-06-30 15:27:00,4015.67,4017.62,4014.88,4016.86,2146
2026-06-30 15:30:00,4016.86,4021.9,4015.36,4018.51,2440
2026-06-30 15:33:00,4018.5,4018.5,4014.96,4016.15,2283
2026-06-30 15:36:00,4016.14,4017.84,4012.7,4017.69,2313
2026-06-30 15:39:00,4017.71,4019.02,4015.8,4017.71,2128
2026-06-30 15:42:00,4017.7,4019.72,4017.65,4018.75,2088
2026-06-30 15:45:00,4018.76,4018.76,4014.57,4015.93,2095
2026-06-30 15:48:00,4015.93,4016.19,4013.78,4015.2,2126
2026-06-30 15:51:00,4015.17,4015.75,4012.64,4015.04,2117
2026-06-30 15:54:00,4015.01,4015.74,4010.6,4011.2,2268
2026-06-30 15:57:00,4011.2,4011.95,4008.71,4010.15,2237
2026-06-30 16:00:00,4009.9,4017.92,4009.4,4016.76,2837
2026-06-30 16:03:00,4016.75,4019.51,4013.71,4018.98,2565
2026-06-30 16:06:00,4018.96,4020.66,4017.03,4019.96,2393
2026-06-30 16:09:00,4019.96,4025.88,4019.93,4025.1,2415
2026-06-30 16:12:00,4025.11,4025.59,4022.22,4023.55,2361
2026-06-30 16:15:00,4023.54,4026.55,4022.04,4025.49,2257
2026-06-30 16:18:00,4025.32,4033.34,4025.19,4032.48,2458
2026-06-30 16:21:00,4032.55,4032.61,4022.56,4023.25,2309
2026-06-30 16:24:00,4023.22,4023.36,4019.09,4021.53,2251
2026-06-30 16:27:00,4021.54,4023.76,4020.25,4023.67,2200
2026-06-30 16:30:00,4023.68,4027.6,4021.46,4021.82,2591
2026-06-30 16:33:00,4021.82,4023.18,4019.34,4020.54,2690
2026-06-30 16:36:00,4020.58,4021.38,4013.33,4016.99,2760
2026-06-30 16:39:00,4016.99,4020.75,4013.24,4019.9,2333
2026-06-30 16:42:00,4019.89,4026.64,4016.49,4025.15,2559
2026-06-30 16:45:00,4025.16,4027.85,4022.06,4024.95,2775
2026-06-30 16:48:00,4024.97,4027.8,4023.65,4027.21,2678
2026-06-30 16:51:00,4027.24,4032.65,4025.91,4031.53,2804
2026-06-30 16:54:00,4031.5,4032.38,4028.43,4031.85,2528
2026-06-30 16:57:00,4031.86,4031.98,4027.03,4029.68,2496
2026-06-30 17:00:00,4029.68,4031.62,4025.45,4028.15,2791
2026-06-30 17:03:00,4028.15,4030.09,4025.57,4027.26,2612
2026-06-30 17:06:00,4027.29,4032.24,4025.46,4030.81,2546
2026-06-30 17:09:00,4030.86,4048.62,4030.71,4041.34,3467
2026-06-30 17:12:00,4041.34,4044.1,4036.96,4043.61,2670
2026-06-30 17:15:00,4043.64,4049.23,4043.07,4044.94,2797
2026-06-30 17:18:00,4044.96,4051.52,4044.34,4051.38,2654
2026-06-30 17:21:00,4051.36,4060.35,4049.92,4058.84,2898
2026-06-30 17:24:00,4058.81,4063.4,4056.87,4058.66,2680
2026-06-30 17:27:00,4058.67,4059.58,4053.85,4054.29,2532
2026-06-30 17:30:00,4054.14,4058.7,4053.63,4054.42,2598
2026-06-30 17:33:00,4054.44,4054.95,4050.02,4051.74,2561
2026-06-30 17:36:00,4051.73,4052.95,4045.94,4045.98,2527
2026-06-30 17:39:00,4045.98,4053.61,4044.88,4050.27,2632
2026-06-30 17:42:00,4050.28,4053.07,4049.08,4051.12,2462
2026-06-30 17:45:00,4051.08,4051.18,4044.61,4047.72,2418
2026-06-30 17:48:00,4047.74,4049.19,4043.8,4045.88,2558
2026-06-30 17:51:00,4045.86,4047.62,4043.52,4044.29,2420
2026-06-30 17:54:00,4044.27,4044.73,4041.54,4042.5,2431
2026-06-30 17:57:00,4042.51,4042.77,4037.39,4037.39,2364
2026-06-30 18:00:00,4037.42,4039.46,4034.33,4036.0,2674
2026-06-30 18:03:00,4035.97,4036.9,4032.35,4033.9,2439
2026-06-30 18:06:00,4033.88,4038.24,4033.88,4034.59,2392
2026-06-30 18:09:00,4034.57,4035.36,4032.34,4034.62,2304
2026-06-30 18:12:00,4034.62,4037.13,4034.2,4036.04,2251
2026-06-30 18:15:00,4036.03,4036.04,4027.54,4028.17,2383
2026-06-30 18:18:00,4028.16,4028.93,4025.13,4026.24,2420
2026-06-30 18:21:00,4026.26,4027.23,4022.18,4026.84,2342
2026-06-30 18:24:00,4026.84,4030.57,4026.66,4030.08,2198
2026-06-30 18:27:00,4030.09,4030.66,4028.1,4028.49,2129
2026-06-30 18:30:00,4028.53,4031.28,4027.31,4029.96,2245
2026-06-30 18:33:00,4029.96,4030.92,4028.98,4030.13,2107
2026-06-30 18:36:00,4030.13,4031.39,4027.46,4031.12,2127
2026-06-30 18:39:00,4031.14,4031.38,4027.26,4028.17,2065
2026-06-30 18:42:00,4028.19,4029.83,4026.91,4029.53,2121
2026-06-30 18:45:00,4029.52,4034.78,4029.46,4032.78,2106
2026-06-30 18:48:00,4032.77,4034.75,4031.25,4031.84,2073
2026-06-30 18:51:00,4031.81,4033.07,4031.49,4032.51,2100
2026-06-30 18:54:00,4032.41,4034.53,4031.94,4032.33,2153
2026-06-30 18:57:00,4032.3,4032.35,4028.94,4029.38,2088
2026-06-30 19:00:00,4029.36,4030.35,4027.68,4028.71,2050
2026-06-30 19:03:00,4028.7,4030.27,4026.33,4027.2,2030
2026-06-30 19:06:00,4027.19,4028.97,4025.93,4026.4,1943
2026-06-30 19:09:00,4026.4,4028.15,4026.35,4027.56,2018
2026-06-30 19:12:00,4027.56,4030.27,4027.35,4029.94,2098
2026-06-30 19:15:00,4029.93,4031.05,4027.85,4028.32,2064
2026-06-30 19:18:00,4028.35,4031.22,4028.28,4030.57,1986
2026-06-30 19:21:00,4030.58,4031.51,4029.35,4029.88,1957
2026-06-30 19:24:00,4029.84,4030.62,4028.79,4029.96,2369
2026-06-30 19:27:00,4029.97,4030.15,4028.48,4029.66,2005
2026-06-30 19:30:00,4029.65,4031.17,4028.8,4029.19,2015
2026-06-30 19:33:00,4029.2,4031.03,4028.84,4029.96,1949
2026-06-30 19:36:00,4029.92,4030.59,4027.37,4029.0,2092
2026-06-30 19:39:00,4029.01,4030.56,4028.35,4029.22,2485
2026-06-30 19:42:00,4029.24,4032.22,4029.19,4031.47,2221
2026-06-30 19:45:00,4031.46,4033.93,4031.18,4032.24,2201
2026-06-30 19:48:00,4032.22,4032.84,4030.22,4030.52,2338
2026-06-30 19:51:00,4030.5,4031.66,4030.11,4031.08,2169
2026-06-30 19:54:00,4031.08,4031.77,4028.42,4029.57,2049
2026-06-30 19:57:00,4029.56,4029.61,4025.98,4026.15,2001
2026-06-30 20:00:00,4026.14,4027.11,4024.56,4026.82,2137
2026-06-30 20:03:00,4026.84,4027.93,4024.01,4025.14,2046
2026-06-30 20:06:00,4025.15,4025.15,4021.17,4021.98,1989
2026-06-30 20:09:00,4021.97,4023.39,4021.39,4022.15,2029
2026-06-30 20:12:00,4022.13,4023.44,4020.74,4023.2,2121
2026-06-30 20:15:00,4023.19,4026.82,4023.07,4026.78,1953
2026-06-30 20:18:00,4026.8,4028.07,4025.44,4026.04,2001
2026-06-30 20:21:00,4026.04,4026.7,4024.73,4025.42,1956
2026-06-30 20:24:00,4025.44,4025.78,4023.02,4024.0,2123
2026-06-30 20:27:00,4023.99,4026.17,4021.64,4025.49,2277
2026-06-30 20:30:00,4025.49,4028.04,4025.46,4026.31,2125
2026-06-30 20:33:00,4026.34,4028.4,4026.07,4027.86,2266
2026-06-30 20:36:00,4027.88,4028.51,4025.71,4026.4,1908
2026-06-30 20:39:00,4026.39,4027.47,4026.13,4027.35,1928
2026-06-30 20:42:00,4027.36,4029.81,4027.34,4029.49,1900
2026-06-30 20:45:00,4029.48,4030.98,4029.13,4029.99,1912
2026-06-30 20:48:00,4029.96,4030.87,4029.32,4030.59,1872
2026-06-30 20:51:00,4030.61,4032.23,4030.33,4031.54,1884
2026-06-30 20:54:00,4031.57,4031.81,4030.25,4030.72,1866
2026-06-30 20:57:00,4030.7,4030.97,4029.93,4030.81,1817
2026-06-30 21:00:00,4030.79,4032.33,4030.79,4031.9,1896
2026-06-30 21:03:00,4031.92,4033.8,4031.15,4033.12,1929
2026-06-30 21:06:00,4033.13,4033.13,4031.6,4032.64,1855
2026-06-30 21:09:00,4032.65,4033.55,4032.49,4032.55,1845
2026-06-30 21:12:00,4032.55,4033.11,4032.3,4032.41,1819
2026-06-30 21:15:00,4032.4,4032.59,4030.5,4030.75,1881
2026-06-30 21:18:00,4030.75,4032.27,4030.74,4031.71,1868
2026-06-30 21:21:00,4031.7,4032.96,4031.18,4031.28,1824
2026-06-30 21:24:00,4031.27,4032.4,4031.02,4031.31,1911
2026-06-30 21:27:00,4031.31,4032.24,4030.52,4031.41,1895
2026-06-30 21:30:00,4031.43,4031.61,4029.29,4029.69,1892
2026-06-30 21:33:00,4029.66,4031.43,4029.4,4030.89,1843
2026-06-30 21:36:00,4030.89,4031.02,4029.73,4030.09,2137
2026-06-30 21:39:00,4030.1,4030.23,4028.19,4028.74,1836
2026-06-30 21:42:00,4028.76,4031.15,4028.71,4030.86,1795
2026-06-30 21:45:00,4030.88,4030.92,4029.02,4029.59,1887
2026-06-30 21:48:00,4029.59,4032.12,4029.57,4032.09,1880
2026-06-30 21:51:00,4032.08,4032.53,4030.8,4031.02,2340
2026-06-30 21:54:00,4031.02,4031.97,4030.61,4031.32,1920
2026-06-30 21:57:00,4031.32,4031.6,4028.5,4028.53,2347
2026-06-30 22:00:00,4028.55,4029.46,4028.21,4028.49,1922
2026-06-30 22:03:00,4028.53,4028.68,4026.18,4026.3,1925
2026-06-30 22:06:00,4026.34,4026.38,4024.41,4025.23,2008
2026-06-30 22:09:00,4025.25,4026.6,4024.83,4025.24,2053
2026-06-30 22:12:00,4025.21,4025.24,4023.54,4024.09,1851
2026-06-30 22:15:00,4024.08,4024.88,4023.39,4024.31,1878
2026-06-30 22:18:00,4024.3,4025.11,4023.35,4023.42,1906
2026-06-30 22:21:00,4023.41,4024.23,4022.66,4022.92,1894
2026-06-30 22:24:00,4022.93,4023.06,4021.34,4021.55,1959
2026-06-30 22:27:00,4021.55,4022.09,4021.16,4021.16,2227
2026-06-30 22:30:00,4021.19,4023.21,4020.81,4023.13,1976
2026-06-30 22:33:00,4023.14,4023.16,4021.24,4021.33,1908
2026-06-30 22:36:00,4021.33,4022.54,4020.93,4021.75,1897
2026-06-30 22:39:00,4021.75,4022.82,4021.41,4022.71,2326
2026-06-30 22:42:00,4022.69,4022.72,4021.19,4022.14,2281
2026-06-30 22:45:00,4022.13,4022.67,4020.91,4021.04,2284
2026-06-30 22:48:00,4021.05,4021.07,4018.43,4018.78,2180
2026-06-30 22:51:00,4018.77,4019.05,4015.85,4016.85,2261
2026-06-30 22:54:00,4016.83,4017.15,4015.16,4015.76,2248
2026-06-30 22:57:00,4015.74,4018.48,4014.78,4016.13,2477
2026-06-30 23:00:00,4016.14,4017.7,4013.95,4017.67,2165
2026-06-30 23:03:00,4017.68,4019.99,4017.08,4019.6,1890
2026-06-30 23:06:00,4019.62,4019.99,4018.73,4018.88,1832
2026-06-30 23:09:00,4018.89,4019.96,4018.84,4019.79,1827
2026-06-30 23:12:00,4019.8,4020.72,4019.66,4019.95,1984
2026-06-30 23:15:00,4019.97,4021.12,4018.75,4018.76,1965
2026-06-30 23:18:00,4018.74,4019.39,4016.37,4016.38,1805
2026-06-30 23:21:00,4016.4,4017.65,4016.16,4017.45,2024
2026-06-30 23:24:00,4017.44,4017.44,4013.55,4014.02,1986
2026-06-30 23:27:00,4014.0,4014.91,4012.47,4012.97,2045
2026-06-30 23:30:00,4012.98,4013.75,4011.37,4011.45,1952
2026-06-30 23:33:00,4011.47,4012.29,4011.22,4011.36,2210
2026-06-30 23:36:00,4011.36,4011.47,4010.74,4011.13,1754
2026-06-30 23:39:00,4011.12,4011.46,4010.31,4010.96,1772
2026-06-30 23:42:00,4010.98,4011.66,4010.85,4011.2,1789
2026-06-30 23:45:00,4011.19,4011.5,4010.51,4010.52,1788
2026-06-30 23:48:00,4010.54,4011.16,4010.15,4010.32,1786
2026-06-30 23:51:00,4010.33,4011.7,4010.23,4010.67,1804
2026-06-30 23:54:00,4010.68,4010.98,4006.78,4007.47,1932
2026-06-30 23:57:00,4007.55,4007.7,4006.53,4007.51,1217
2026-07-01 01:00:00,4012.64,4015.11,4010.75,4014.3,5082
2026-07-01 01:03:00,4014.29,4016.33,4013.27,4016.05,4878
2026-07-01 01:06:00,4016.07,4016.86,4015.19,4015.74,2087
2026-07-01 01:09:00,4015.75,4017.65,4015.48,4015.82,1908
2026-07-01 01:12:00,4015.81,4016.91,4013.89,4014.74,1786
2026-07-01 01:15:00,4014.73,4016.65,4013.68,4015.21,1874
2026-07-01 01:18:00,4015.22,4015.51,4012.71,4013.85,1860
2026-07-01 01:21:00,4013.86,4013.89,4012.14,4012.65,1826
2026-07-01 01:24:00,4012.64,4015.04,4012.5,4012.76,1859
2026-07-01 01:27:00,4012.78,4014.23,4012.62,4013.9,1839
2026-07-01 01:30:00,4013.89,4015.04,4013.23,4014.54,1778
2026-07-01 01:33:00,4014.52,4015.69,4014.52,4015.48,1766
2026-07-01 01:36:00,4015.49,4016.36,4015.3,4015.53,1807
2026-07-01 01:39:00,4015.5,4017.93,4015.41,4017.38,1906
2026-07-01 01:42:00,4017.39,4017.4,4014.21,4014.22,1809
2026-07-01 01:45:00,4014.22,4016.27,4013.23,4013.36,1848
2026-07-01 01:48:00,4013.34,4013.81,4011.6,4011.96,1871
2026-07-01 01:51:00,4011.93,4012.66,4011.14,4011.14,1830
2026-07-01 01:54:00,4011.17,4012.73,4011.14,4012.49,1799
2026-07-01 01:57:00,4012.52,4013.15,4012.01,4013.15,1864
2026-07-01 02:00:00,4013.12,4013.57,4011.03,4013.1,1916
2026-07-01 02:03:00,4013.11,4014.99,4011.5,4014.58,1832
2026-07-01 02:06:00,4014.61,4018.32,4014.58,4018.02,2027
2026-07-01 02:09:00,4018.0,4018.25,4015.18,4015.42,1905
2026-07-01 02:12:00,4015.45,4016.17,4013.9,4014.12,1818
2026-07-01 02:15:00,4014.12,4015.2,4014.1,4014.31,1812
2026-07-01 02:18:00,4014.33,4014.41,4010.38,4010.38,1820
2026-07-01 02:21:00,4010.39,4011.13,4008.57,4010.7,1946
2026-07-01 02:24:00,4010.73,4010.77,4008.16,4008.56,1803
2026-07-01 02:27:00,4008.58,4011.57,4008.48,4011.04,1891
2026-07-01 02:30:00,4011.04,4012.53,4009.45,4010.49,1927
2026-07-01 02:33:00,4010.49,4011.8,4009.43,4009.63,1860
2026-07-01 02:36:00,4009.64,4010.89,4008.82,4010.42,1822
2026-07-01 02:39:00,4010.44,4010.62,4009.41,4009.91,1791
2026-07-01 02:42:00,4009.91,4010.46,4009.0,4009.28,1812
2026-07-01 02:45:00,4009.26,4010.08,4006.76,4008.16,1916
2026-07-01 02:48:00,4008.16,4008.17,4006.08,4006.51,1896
2026-07-01 02:51:00,4006.51,4008.67,4006.31,4007.54,1941
2026-07-01 02:54:00,4007.56,4008.0,4005.79,4006.04,1869
2026-07-01 02:57:00,4006.03,4006.59,4005.17,4005.76,1881
2026-07-01 03:00:00,4005.76,4007.77,4005.5,4005.68,2013
2026-07-01 03:03:00,4005.68,4008.02,4005.59,4006.07,2005
2026-07-01 03:06:00,4006.07,4006.94,4005.77,4006.92,2048
2026-07-01 03:09:00,4006.92,4009.53,4006.75,4008.2,2022
2026-07-01 03:12:00,4008.2,4009.76,4008.17,4008.42,1980
2026-07-01 03:15:00,4008.44,4009.13,4006.25,4006.26,2078
2026-07-01 03:18:00,4006.28,4006.44,4001.58,4004.78,2161
2026-07-01 03:21:00,4004.76,4006.64,4002.39,4003.2,2030
2026-07-01 03:24:00,4003.33,4006.47,4001.9,4001.96,2199
2026-07-01 03:27:00,4001.96,4003.19,4001.35,4001.76,1985
2026-07-01 03:30:00,4001.77,4003.01,4000.77,4002.97,1925
2026-07-01 03:33:00,4002.95,4005.64,4002.11,4003.76,1969
2026-07-01 03:36:00,4003.76,4004.69,4002.07,4002.41,2011
2026-07-01 03:39:00,4002.39,4002.67,3996.62,3997.19,2134
2026-07-01 03:42:00,3997.17,3998.04,3996.15,3996.4,2114
2026-07-01 03:45:00,3996.4,3997.37,3995.73,3997.12,2017
2026-07-01 03:48:00,3997.11,3997.37,3995.12,3996.97,1985
2026-07-01 03:51:00,3996.96,3998.42,3995.57,3995.83,2004
2026-07-01 03:54:00,3995.85,3997.59,3993.0,3996.8,2100
2026-07-01 03:57:00,3996.81,3999.46,3996.3,3996.69,2105
2026-07-01 04:00:00,3996.71,3999.75,3990.53,3992.29,2829
2026-07-01 04:03:00,3992.27,3994.04,3984.6,3987.28,2620
2026-07-01 04:06:00,3987.31,3990.0,3982.97,3984.74,2609
2026-07-01 04:09:00,3984.77,3985.48,3979.06,3983.53,2580
2026-07-01 04:12:00,3983.53,3984.77,3980.5,3984.34,2368
2026-07-01 04:15:00,3984.33,3984.52,3975.82,3976.88,2363
2026-07-01 04:18:00,3976.86,3983.41,3975.56,3982.24,2363
2026-07-01 04:21:00,3982.24,3985.8,3982.05,3985.78,2267
2026-07-01 04:24:00,3985.77,3985.83,3982.68,3983.02,2113
2026-07-01 04:27:00,3983.03,3985.9,3981.65,3985.66,2157
2026-07-01 04:30:00,3985.65,3988.53,3982.88,3983.08,2340
2026-07-01 04:33:00,3983.11,3983.11,3976.5,3979.82,2369
2026-07-01 04:36:00,3979.8,3980.84,3978.04,3979.62,2267
2026-07-01 04:39:00,3979.64,3980.42,3975.2,3975.46,2358
2026-07-01 04:42:00,3975.48,3979.94,3975.38,3978.71,2164
2026-07-01 04:45:00,3978.72,3981.88,3978.33,3978.57,2234
2026-07-01 04:48:00,3978.58,3980.14,3974.36,3979.58,2391
2026-07-01 04:51:00,3979.59,3980.01,3973.84,3975.86,2357
2026-07-01 04:54:00,3975.85,3979.0,3974.09,3978.42,2144
2026-07-01 04:57:00,3978.43,3978.43,3976.64,3977.78,2046
2026-07-01 05:00:00,3977.77,3979.75,3975.54,3976.8,2225
2026-07-01 05:03:00,3976.8,3977.32,3970.35,3970.76,2285
2026-07-01 05:06:00,3970.78,3973.45,3970.15,3971.2,2308
2026-07-01 05:09:00,3971.17,3973.68,3970.94,3972.78,2277
2026-07-01 05:12:00,3972.77,3977.03,3972.24,3976.46,2279
2026-07-01 05:15:00,3976.46,3978.49,3975.75,3978.18,2162
2026-07-01 05:18:00,3978.16,3981.23,3977.53,3979.88,2050
2026-07-01 05:21:00,3979.9,3981.84,3979.87,3980.8,1950
2026-07-01 05:24:00,3980.78,3982.5,3980.29,3981.3,1978
2026-07-01 05:27:00,3981.3,3981.87,3979.88,3980.88,1992
2026-07-01 05:30:00,3980.87,3984.81,3978.83,3982.84,2209
2026-07-01 05:33:00,3982.84,3984.17,3981.63,3983.36,2072
2026-07-01 05:36:00,3983.33,3986.02,3983.16,3984.68,2072
2026-07-01 05:39:00,3984.65,3984.78,3980.93,3981.33,2044
2026-07-01 05:42:00,3981.3,3983.42,3981.03,3982.96,2111
2026-07-01 05:45:00,3983.04,3985.26,3982.42,3982.87,2121
2026-07-01 05:48:00,3982.89,3984.16,3981.89,3984.08,2015
2026-07-01 05:51:00,3984.11,3985.16,3980.28,3980.99,2085
2026-07-01 05:54:00,3981.01,3981.2,3979.76,3980.82,2032
2026-07-01 05:57:00,3980.82,3981.26,3978.43,3979.15,2027
2026-07-01 06:00:00,3979.15,3980.58,3978.44,3980.55,2016
2026-07-01 06:03:00,3980.59,3982.94,3980.48,3982.34,2105
2026-07-01 06:06:00,3982.33,3984.98,3982.33,3984.78,2057
2026-07-01 06:09:00,3984.78,3985.53,3984.01,3984.84,1944
2026-07-01 06:12:00,3984.82,3984.93,3983.27,3983.45,1916
2026-07-01 06:15:00,3983.42,3986.87,3983.22,3985.34,2012
2026-07-01 06:18:00,3985.36,3985.37,3983.06,3983.39,1956
2026-07-01 06:21:00,3983.4,3983.71,3980.75,3982.8,2030
2026-07-01 06:24:00,3982.8,3983.1,3980.77,3982.1,1975
2026-07-01 06:27:00,3982.12,3982.12,3980.18,3981.39,1962
2026-07-01 06:30:00,3981.39,3981.61,3977.51,3977.56,1953
2026-07-01 06:33:00,3977.56,3978.66,3976.67,3978.54,2045
2026-07-01 06:36:00,3978.55,3980.51,3977.64,3979.97,1900
2026-07-01 06:39:00,3979.98,3982.18,3979.55,3981.54,1876
2026-07-01 06:42:00,3981.54,3981.57,3977.44,3977.44,1911
2026-07-01 06:45:00,3977.46,3979.42,3977.27,3977.45,1930
2026-07-01 06:48:00,3977.44,3978.99,3976.72,3977.87,1883
2026-07-01 06:51:00,3977.89,3978.73,3977.49,3977.64,1826
2026-07-01 06:54:00,3977.65,3979.1,3977.05,3978.96,1853
2026-07-01 06:57:00,3978.95,3980.56,3978.88,3980.5,1831
2026-07-01 07:00:00,3980.5,3981.02,3975.58,3975.79,1963
2026-07-01 07:03:00,3975.8,3977.49,3975.02,3976.98,1964
2026-07-01 07:06:00,3976.97,3977.05,3975.99,3976.64,1891
2026-07-01 07:09:00,3976.63,3976.79,3974.04,3974.8,1932
2026-07-01 07:12:00,3974.82,3976.67,3974.7,3976.22,1938
2026-07-01 07:15:00,3976.24,3976.78,3974.35,3975.33,1877
2026-07-01 07:18:00,3975.3,3976.38,3974.76,3975.97,1863
2026-07-01 07:21:00,3975.94,3977.09,3975.56,3976.67,1880
2026-07-01 07:24:00,3976.66,3977.82,3976.02,3977.63,1872
2026-07-01 07:27:00,3977.65,3978.07,3976.97,3977.55,1871
2026-07-01 07:30:00,3977.56,3980.66,3977.36,3979.67,2018
2026-07-01 07:33:00,3979.66,3979.66,3977.43,3977.76,1917
2026-07-01 07:36:00,3977.74,3977.76,3974.1,3974.57,1903
2026-07-01 07:39:00,3974.55,3974.81,3973.57,3973.63,1893
2026-07-01 07:42:00,3973.64,3974.86,3972.33,3974.54,1909
2026-07-01 07:45:00,3974.53,3976.98,3974.33,3976.67,1899
2026-07-01 07:48:00,3976.69,3980.71,3976.44,3980.03,1934
2026-07-01 07:51:00,3980.03,3981.49,3978.99,3979.98,1933
2026-07-01 07:54:00,3980.0,3982.71,3979.2,3979.89,1945
2026-07-01 07:57:00,3979.88,3980.26,3976.59,3976.61,1924
2026-07-01 08:00:00,3976.59,3977.06,3972.97,3973.28,1951
2026-07-01 08:03:00,3973.27,3974.27,3971.86,3974.05,1968
2026-07-01 08:06:00,3974.04,3974.8,3972.45,3974.76,1972
2026-07-01 08:09:00,3974.79,3974.81,3970.94,3971.28,1986
2026-07-01 08:12:00,3971.27,3972.03,3969.86,3971.93,1984
2026-07-01 08:15:00,3971.91,3972.35,3970.05,3972.03,1973
2026-07-01 08:18:00,3972.01,3973.45,3971.35,3973.03,1871
2026-07-01 08:21:00,3973.03,3974.8,3972.15,3973.95,1925
2026-07-01 08:24:00,3973.93,3975.12,3972.83,3972.86,1912
2026-07-01 08:27:00,3972.83,3974.54,3972.52,3972.7,1935
2026-07-01 08:30:00,3972.67,3978.81,3970.36,3977.81,2440
2026-07-01 08:33:00,3977.79,3978.02,3975.52,3975.75,2204
2026-07-01 08:36:00,3975.76,3977.1,3973.27,3977.05,2172
2026-07-01 08:39:00,3977.07,3977.26,3971.87,3972.99,2184
2026-07-01 08:42:00,3972.98,3975.34,3972.73,3974.59,2208
2026-07-01 08:45:00,3974.56,3976.53,3973.49,3974.6,2138
2026-07-01 08:48:00,3974.6,3976.55,3973.74,3975.48,2103
2026-07-01 08:51:00,3975.46,3977.29,3973.94,3974.86,2037
2026-07-01 08:54:00,3974.83,3977.4,3973.62,3976.79,2109
2026-07-01 08:57:00,3976.79,3978.85,3973.77,3973.92,2100
2026-07-01 09:00:00,3973.95,3977.49,3973.01,3976.63,2323
2026-07-01 09:03:00,3976.61,3977.44,3969.85,3969.85,2262
2026-07-01 09:06:00,3969.86,3972.06,3964.48,3966.01,2540
2026-07-01 09:09:00,3966.01,3968.97,3964.21,3967.84,2320
2026-07-01 09:12:00,3967.81,3967.82,3963.57,3965.18,2208
2026-07-01 09:15:00,3965.18,3966.26,3963.14,3963.49,2224
2026-07-01 09:18:00,3963.5,3968.12,3963.31,3967.99,2156
2026-07-01 09:21:00,3967.97,3969.75,3966.58,3969.33,2279
2026-07-01 09:24:00,3969.32,3969.6,3967.39,3967.7,2431
2026-07-01 09:27:00,3967.68,3968.77,3967.09,3967.36,2037
2026-07-01 09:30:00,3967.41,3968.55,3963.63,3963.69,2220
2026-07-01 09:33:00,3963.67,3966.68,3963.29,3965.15,2112
2026-07-01 09:36:00,3965.15,3967.92,3965.09,3967.42,2051
2026-07-01 09:39:00,3967.41,3969.04,3966.88,3968.8,1995
2026-07-01 09:42:00,3968.78,3973.49,3968.16,3971.75,2183
2026-07-01 09:45:00,3971.73,3972.42,3969.09,3971.95,1979
2026-07-01 09:48:00,3971.94,3972.61,3969.09,3969.53,2229
2026-07-01 09:51:00,3969.59,3973.53,3969.59,3973.16,1891
2026-07-01 09:54:00,3973.17,3973.46,3971.86,3971.88,1900
2026-07-01 09:57:00,3971.85,3972.63,3970.68,3971.82,1948
2026-07-01 10:00:00,3971.85,3973.79,3966.53,3966.69,2173
2026-07-01 10:03:00,3966.7,3967.68,3964.42,3965.03,2071
2026-07-01 10:06:00,3965.02,3965.73,3960.35,3961.65,2198
2026-07-01 10:09:00,3961.75,3966.28,3960.76,3963.43,2120
2026-07-01 10:12:00,3963.44,3964.56,3960.74,3961.57,2037
2026-07-01 10:15:00,3961.51,3964.14,3960.19,3963.75,2165
2026-07-01 10:18:00,3963.73,3971.93,3962.84,3969.14,2333
2026-07-01 10:21:00,3969.14,3970.37,3968.16,3968.77,2502
2026-07-01 10:24:00,3968.77,3969.54,3967.28,3968.36,2045
2026-07-01 10:27:00,3968.34,3970.81,3964.12,3964.36,1986
2026-07-01 10:30:00,3964.38,3965.03,3962.35,3962.61,2145
2026-07-01 10:33:00,3962.6,3965.49,3960.71,3965.49,2260
2026-07-01 10:36:00,3965.59,3968.58,3965.0,3968.02,2230
2026-07-01 10:39:00,3968.02,3969.68,3967.67,3969.6,2150
2026-07-01 10:42:00,3969.6,3971.17,3968.67,3971.0,2049
2026-07-01 10:45:00,3971.04,3972.76,3969.21,3969.72,2172
2026-07-01 10:48:00,3969.72,3974.72,3968.96,3972.94,2258
2026-07-01 10:51:00,3972.94,3973.57,3971.32,3972.41,2046
2026-07-01 10:54:00,3972.42,3975.01,3970.96,3974.72,2471
2026-07-01 10:57:00,3974.7,3978.36,3974.68,3976.08,2359
2026-07-01 11:00:00,3976.09,3976.3,3970.54,3971.08,2626
2026-07-01 11:03:00,3971.07,3972.63,3970.61,3971.74,2082
2026-07-01 11:06:00,3971.75,3973.01,3969.92,3970.38,2511
2026-07-01 11:09:00,3970.4,3972.22,3969.44,3969.99,2099
2026-07-01 11:12:00,3969.97,3974.24,3969.84,3974.24,1956
2026-07-01 11:15:00,3974.27,3981.75,3974.17,3980.87,2136
2026-07-01 11:18:00,3980.86,3983.43,3980.27,3983.27,2115
2026-07-01 11:21:00,3983.26,3984.44,3978.93,3979.51,2156
2026-07-01 11:24:00,3979.5,3982.21,3978.64,3981.74,2261
2026-07-01 11:27:00,3981.74,3982.37,3978.75,3978.87,2259
2026-07-01 11:30:00,3978.88,3979.74,3977.64,3977.77,2119
2026-07-01 11:33:00,3977.8,3978.31,3975.85,3976.21,1962
2026-07-01 11:36:00,3976.22,3976.28,3972.45,3973.38,2002
2026-07-01 11:39:00,3973.41,3976.48,3972.37,3976.47,1973
2026-07-01 11:42:00,3976.46,3978.56,3976.22,3976.97,2277
2026-07-01 11:45:00,3976.99,3977.42,3976.05,3977.13,1990
2026-07-01 11:48:00,3977.12,3977.42,3974.52,3975.24,2075
2026-07-01 11:51:00,3975.26,3977.3,3974.82,3977.11,1953
2026-07-01 11:54:00,3977.1,3977.45,3974.75,3975.19,1974
2026-07-01 11:57:00,3975.18,3975.23,3971.35,3974.47,1925
2026-07-01 12:00:00,3974.44,3975.69,3972.76,3974.75,1948
2026-07-01 12:03:00,3974.72,3976.19,3974.24,3974.24,1999
2026-07-01 12:06:00,3974.29,3975.69,3972.92,3975.33,1984
2026-07-01 12:09:00,3975.36,3975.36,3973.37,3975.02,1974
2026-07-01 12:12:00,3974.99,3977.64,3974.84,3975.82,1954
2026-07-01 12:15:00,3975.82,3977.51,3975.6,3977.31,1960
2026-07-01 12:18:00,3977.31,3980.41,3977.11,3978.16,1965
2026-07-01 12:21:00,3978.16,3978.61,3976.69,3977.65,1884
2026-07-01 12:24:00,3977.66,3978.64,3976.89,3977.98,1958
2026-07-01 12:27:00,3978.01,3979.07,3977.24,3978.72,1932
2026-07-01 12:30:00,3978.72,3981.22,3977.62,3980.54,1995
2026-07-01 12:33:00,3980.54,3981.16,3979.75,3981.0,1880
2026-07-01 12:36:00,3980.98,3981.63,3980.21,3981.59,1902
2026-07-01 12:39:00,3981.6,3982.59,3980.29,3980.31,1898
2026-07-01 12:42:00,3980.31,3981.74,3979.32,3981.7,1929
2026-07-01 12:45:00,3981.68,3984.13,3981.68,3983.28,1932
2026-07-01 12:48:00,3983.25,3985.69,3982.99,3984.88,1950
2026-07-01 12:51:00,3984.89,3985.31,3983.12,3983.69,2008
2026-07-01 12:54:00,3983.69,3985.94,3983.47,3985.22,2002
2026-07-01 12:57:00,3985.26,3985.38,3983.55,3984.5,2538
2026-07-01 13:00:00,3984.49,3987.54,3984.37,3986.83,2041
2026-07-01 13:03:00,3986.82,3989.65,3986.2,3989.53,1984
2026-07-01 13:06:00,3989.59,3989.59,3987.45,3988.81,1921
2026-07-01 13:09:00,3988.82,3988.97,3985.37,3985.56,2287
2026-07-01 13:12:00,3985.57,3986.39,3983.0,3984.23,2248
2026-07-01 13:15:00,3984.25,3984.8,3983.24,3983.78,1951
2026-07-01 13:18:00,3983.78,3983.8,3981.97,3982.11,2054
2026-07-01 13:21:00,3982.11,3984.29,3981.45,3984.14,1926
2026-07-01 13:24:00,3984.13,3985.43,3983.65,3984.58,1909
2026-07-01 13:27:00,3984.57,3987.43,3983.2,3987.18,1909
2026-07-01 13:30:00,3987.15,3990.21,3987.08,3989.94,1918
2026-07-01 13:33:00,3989.92,3992.17,3989.86,3989.94,2001
2026-07-01 13:36:00,3989.94,3994.4,3989.26,3990.68,1994
2026-07-01 13:39:00,3990.69,3990.9,3988.33,3988.85,1949
2026-07-01 13:42:00,3988.86,3989.32,3986.58,3987.29,1985
2026-07-01 13:45:00,3987.31,3990.48,3987.05,3990.48,1876
2026-07-01 13:48:00,3990.46,3992.81,3989.04,3992.7,1912
2026-07-01 13:51:00,3992.7,3994.3,3992.56,3993.22,1948
2026-07-01 13:54:00,3993.2,3996.52,3993.16,3996.47,2019
2026-07-01 13:57:00,3996.48,3998.77,3996.25,3998.41,2000
2026-07-01 14:00:00,3998.4,4004.27,3997.94,4004.22,2173
2026-07-01 14:03:00,4004.24,4008.38,4004.04,4007.73,2130
2026-07-01 14:06:00,4007.73,4010.28,4006.66,4009.13,2072
2026-07-01 14:09:00,4009.12,4019.41,4008.61,4015.66,2356
2026-07-01 14:12:00,4015.66,4017.72,4012.15,4015.96,2340
2026-07-01 14:15:00,4015.95,4018.61,4015.17,4017.33,2265
2026-07-01 14:18:00,4017.34,4024.82,4016.19,4021.77,2356
2026-07-01 14:21:00,4021.78,4026.28,4019.18,4020.53,2371
2026-07-01 14:24:00,4020.51,4025.89,4020.04,4022.84,2296
2026-07-01 14:27:00,4022.87,4028.46,4021.49,4026.82,2487
2026-07-01 14:30:00,4026.83,4028.31,4024.19,4026.09,2285
2026-07-01 14:33:00,4026.09,4026.67,4023.21,4025.48,2543
2026-07-01 14:36:00,4025.49,4026.38,4023.77,4025.68,2029
2026-07-01 14:39:00,4025.67,4026.84,4023.29,4025.78,2140
2026-07-01 14:42:00,4025.76,4031.85,4024.47,4029.36,2266
2026-07-01 14:45:00,4029.36,4033.31,4028.8,4032.06,2079
2026-07-01 14:48:00,4032.05,4035.46,4031.44,4033.87,2264
2026-07-01 14:51:00,4033.88,4035.36,4030.27,4030.44,2164
2026-07-01 14:54:00,4030.41,4033.64,4029.86,4030.61,2174
2026-07-01 14:57:00,4030.6,4032.97,4030.22,4030.52,2224
2026-07-01 15:00:00,4030.5,4033.93,4027.13,4027.99,2500
2026-07-01 15:03:00,4028.0,4028.03,4022.71,4023.99,2270
2026-07-01 15:06:00,4024.0,4024.82,4021.79,4023.44,2228
2026-07-01 15:09:00,4023.41,4024.71,4020.99,4021.13,2209
2026-07-01 15:12:00,4021.13,4022.99,4019.72,4021.32,2126
2026-07-01 15:15:00,4021.33,4026.78,4021.33,4025.76,2417
2026-07-01 15:18:00,4025.79,4029.14,4024.64,4026.08,2436
2026-07-01 15:21:00,4026.09,4030.29,4025.07,4029.69,2325
2026-07-01 15:24:00,4029.68,4030.47,4028.25,4030.09,2171
2026-07-01 15:27:00,4030.12,4030.12,4025.83,4025.97,2595
2026-07-01 15:30:00,4025.96,4032.09,4025.47,4032.09,2368
2026-07-01 15:33:00,4032.09,4033.15,4026.6,4028.77,2522
2026-07-01 15:36:00,4028.81,4029.85,4024.05,4024.8,2518
2026-07-01 15:39:00,4024.82,4029.83,4023.47,4029.48,2330
2026-07-01 15:42:00,4029.49,4030.65,4024.77,4026.12,2373
2026-07-01 15:45:00,4026.15,4027.59,4024.81,4025.0,2507
2026-07-01 15:48:00,4024.99,4027.81,4024.99,4027.26,2184
2026-07-01 15:51:00,4027.29,4029.06,4026.11,4026.74,2123
2026-07-01 15:54:00,4026.77,4027.92,4023.73,4025.72,2218
2026-07-01 15:57:00,4025.72,4027.02,4022.66,4022.8,2166
2026-07-01 16:00:00,4022.84,4024.93,4017.23,4019.49,2942
2026-07-01 16:03:00,4019.47,4024.07,4018.48,4019.17,2560
2026-07-01 16:06:00,4019.18,4019.51,4012.88,4013.58,2484
2026-07-01 16:09:00,4013.58,4020.33,4013.54,4020.21,2533
2026-07-01 16:12:00,4020.24,4022.47,4019.87,4021.41,2393
2026-07-01 16:15:00,4021.4,4031.85,4021.37,4030.25,2696
2026-07-01 16:18:00,4030.16,4031.32,4023.23,4029.57,2902
2026-07-01 16:21:00,4029.55,4043.35,4026.26,4041.51,2991
2026-07-01 16:24:00,4041.5,4046.68,4037.9,4040.98,2919
2026-07-01 16:27:00,4041.02,4047.2,4038.59,4047.17,2787
2026-07-01 16:30:00,4047.07,4052.76,4041.8,4047.82,3580
2026-07-01 16:33:00,4047.81,4051.15,4044.43,4048.92,3185
2026-07-01 16:36:00,4048.92,4066.73,4048.48,4066.16,3349
2026-07-01 16:39:00,4066.23,4082.45,4063.95,4077.51,3775
2026-07-01 16:42:00,4077.52,4100.3,4076.49,4098.22,3373
2026-07-01 16:45:00,4098.23,4108.06,4084.84,4093.86,4254
2026-07-01 16:48:00,4093.83,4097.21,4085.34,4089.71,3410
2026-07-01 16:51:00,4089.77,4097.77,4086.28,4086.9,3226
2026-07-01 16:54:00,4086.93,4091.4,4086.6,4091.29,2951
2026-07-01 16:57:00,4091.27,4093.22,4085.82,4089.66,2541
2026-07-01 17:00:00,4089.66,4101.63,4083.91,4088.5,3449
2026-07-01 17:03:00,4088.47,4090.85,4082.91,4090.59,2950
2026-07-01 17:06:00,4090.58,4095.02,4090.21,4092.55,2703
2026-07-01 17:09:00,4092.52,4099.77,4091.7,4097.26,2823
2026-07-01 17:12:00,4097.25,4098.91,4092.44,4092.94,2723
2026-07-01 17:15:00,4092.94,4095.74,4089.49,4095.7,2815
2026-07-01 17:18:00,4095.72,4101.63,4091.8,4097.83,2852
2026-07-01 17:21:00,4097.83,4105.62,4095.88,4103.9,2864
2026-07-01 17:24:00,4103.87,4106.87,4097.34,4098.4,3019
2026-07-01 17:27:00,4098.36,4101.76,4095.88,4100.72,2696
2026-07-01 17:30:00,4100.68,4103.46,4099.89,4099.99,2768
2026-07-01 17:33:00,4100.03,4114.89,4098.27,4112.87,3113
2026-07-01 17:36:00,4112.88,4115.74,4106.75,4107.36,2952
2026-07-01 17:39:00,4107.35,4110.23,4097.34,4097.96,2742
2026-07-01 17:42:00,4097.97,4099.58,4092.13,4093.03,2716
2026-07-01 17:45:00,4093.06,4095.21,4088.4,4091.71,2668
2026-07-01 17:48:00,4091.69,4091.98,4087.23,4088.53,2566
2026-07-01 17:51:00,4088.53,4091.48,4086.55,4089.42,2415
2026-07-01 17:54:00,4089.45,4092.99,4088.94,4092.44,2402
2026-07-01 17:57:00,4092.46,4095.1,4091.37,4093.47,2405
2026-07-01 18:00:00,4093.51,4094.64,4088.28,4091.17,2685
2026-07-01 18:03:00,4090.97,4091.96,4088.81,4090.37,2413
2026-07-01 18:06:00,4090.42,4093.7,4085.21,4087.55,2556
2026-07-01 18:09:00,4087.54,4087.98,4082.06,4083.53,2380
2026-07-01 18:12:00,4083.51,4085.6,4082.04,4085.22,2298
2026-07-01 18:15:00,4085.24,4092.13,4085.13,4091.35,2297
2026-07-01 18:18:00,4091.32,4091.35,4085.13,4087.35,2122
2026-07-01 18:21:00,4087.35,4090.34,4080.09,4080.21,2238
2026-07-01 18:24:00,4080.2,4082.62,4078.58,4082.31,2276
2026-07-01 18:27:00,4082.32,4084.92,4080.09,4083.96,2112
2026-07-01 18:30:00,4083.95,4084.11,4078.57,4081.28,2308
2026-07-01 18:33:00,4081.26,4082.39,4076.92,4078.32,2284
2026-07-01 18:36:00,4078.31,4081.42,4077.8,4080.73,2130
2026-07-01 18:39:00,4080.75,4082.09,4079.04,4080.2,2129
2026-07-01 18:42:00,4080.23,4082.92,4079.76,4082.56,2227
2026-07-01 18:45:00,4082.57,4085.56,4081.59,4083.83,2176
2026-07-01 18:48:00,4083.84,4088.23,4082.51,4085.47,2184
2026-07-01 18:51:00,4085.45,4086.52,4084.01,4085.44,2128
2026-07-01 18:54:00,4085.45,4085.88,4080.35,4081.28,2105
2026-07-01 18:57:00,4081.28,4081.87,4079.6,4081.2,2068
2026-07-01 19:00:00,4081.21,4085.83,4081.2,4085.5,2111
2026-07-01 19:03:00,4085.51,4087.05,4084.45,4086.46,2107
2026-07-01 19:06:00,4086.44,4088.5,4085.11,4085.11,1983
2026-07-01 19:09:00,4085.1,4085.4,4082.6,4083.34,1962
2026-07-01 19:12:00,4083.35,4084.81,4081.9,4082.67,2026
2026-07-01 19:15:00,4082.67,4084.11,4081.86,4083.69,2076
2026-07-01 19:18:00,4083.69,4085.21,4081.56,4083.33,2054
2026-07-01 19:21:00,4083.35,4083.56,4081.44,4083.17,1972
2026-07-01 19:24:00,4083.17,4083.34,4080.68,4083.12,1969
2026-07-01 19:27:00,4083.11,4084.44,4081.45,4081.5,2100
2026-07-01 19:30:00,4081.49,4083.35,4077.31,4077.77,2121
2026-07-01 19:33:00,4077.76,4079.35,4075.45,4077.95,2109
2026-07-01 19:36:00,4077.95,4080.31,4077.01,4078.67,2081
2026-07-01 19:39:00,4078.64,4078.75,4075.15,4075.68,2377
2026-07-01 19:42:00,4075.7,4076.75,4072.89,4074.51,2274
2026-07-01 19:45:00,4074.49,4076.32,4074.06,4075.05,2474
2026-07-01 19:48:00,4075.05,4075.05,4072.38,4074.24,2289
2026-07-01 19:51:00,4074.23,4074.53,4070.97,4073.79,2037
2026-07-01 19:54:00,4073.8,4073.87,4071.53,4072.89,2319
2026-07-01 19:57:00,4072.89,4073.07,4070.54,4071.24,2251
2026-07-01 20:00:00,4071.24,4073.66,4069.89,4073.1,2221
2026-07-01 20:03:00,4073.11,4073.13,4069.93,4070.96,2024
2026-07-01 20:06:00,4070.98,4071.03,4068.31,4069.88,2030
2026-07-01 20:09:00,4069.89,4070.19,4067.91,4068.64,2501
2026-07-01 20:12:00,4068.67,4071.85,4068.03,4071.33,2256
2026-07-01 20:15:00,4071.32,4072.06,4069.52,4070.04,2268
2026-07-01 20:18:00,4070.04,4071.61,4067.98,4071.17,2503
2026-07-01 20:21:00,4071.19,4071.46,4069.32,4070.5,1966
2026-07-01 20:24:00,4070.49,4071.73,4069.62,4070.16,2030
2026-07-01 20:27:00,4070.14,4070.7,4067.79,4068.08,2168
2026-07-01 20:30:00,4068.1,4072.16,4068.02,4069.56,2030
2026-07-01 20:33:00,4069.55,4071.02,4068.75,4070.81,2281
2026-07-01 20:36:00,4070.8,4071.83,4070.22,4070.95,1939
2026-07-01 20:39:00,4070.98,4072.67,4069.77,4072.67,1992
2026-07-01 20:42:00,4072.66,4073.27,4070.53,4070.96,1972
2026-07-01 20:45:00,4070.93,4071.91,4070.37,4070.93,1954
2026-07-01 20:48:00,4070.94,4072.13,4070.47,4071.34,2079
2026-07-01 20:51:00,4071.35,4072.43,4070.29,4071.27,1939
2026-07-01 20:54:00,4071.25,4071.43,4067.47,4069.23,2015
2026-07-01 20:57:00,4069.26,4069.65,4067.44,4068.22,1941
2026-07-01 21:00:00,4068.22,4070.43,4068.15,4069.31,2038
2026-07-01 21:03:00,4069.33,4070.4,4069.23,4070.06,2130
2026-07-01 21:06:00,4070.05,4070.2,4068.1,4068.42,2147
2026-07-01 21:09:00,4068.41,4069.14,4067.29,4067.62,1982
2026-07-01 21:12:00,4067.62,4070.81,4067.31,4069.04,2040
2026-07-01 21:15:00,4069.03,4069.22,4067.57,4068.17,2225
2026-07-01 21:18:00,4068.16,4068.69,4064.77,4065.28,2286
2026-07-01 21:21:00,4065.22,4066.18,4063.72,4063.83,2015
2026-07-01 21:24:00,4063.83,4065.83,4063.81,4064.18,2082
2026-07-01 21:27:00,4064.15,4064.48,4061.15,4061.34,2089
2026-07-01 21:30:00,4061.33,4064.07,4061.3,4063.94,2125
2026-07-01 21:33:00,4063.93,4066.08,4063.74,4064.67,2236
2026-07-01 21:36:00,4064.7,4064.93,4063.17,4064.84,2173
2026-07-01 21:39:00,4064.85,4065.24,4062.15,4062.29,1981
2026-07-01 21:42:00,4062.26,4063.06,4061.44,4063.05,1956
2026-07-01 21:45:00,4063.05,4063.19,4061.73,4061.93,1970
2026-07-01 21:48:00,4061.91,4062.82,4059.51,4059.73,2050
2026-07-01 21:51:00,4059.7,4060.27,4057.87,4058.61,1998
2026-07-01 21:54:00,4058.65,4061.06,4058.23,4060.89,2085
2026-07-01 21:57:00,4060.87,4062.63,4060.77,4062.2,2263
2026-07-01 22:00:00,4062.21,4066.43,4061.71,4064.85,2022
2026-07-01 22:03:00,4064.84,4066.58,4064.17,4065.65,2424
2026-07-01 22:06:00,4065.63,4067.86,4064.2,4067.53,2118
2026-07-01 22:09:00,4067.52,4068.37,4064.95,4065.09,2338
2026-07-01 22:12:00,4065.08,4066.43,4064.49,4065.54,2360
2026-07-01 22:15:00,4065.54,4066.28,4064.0,4064.09,2237
2026-07-01 22:18:00,4064.09,4064.13,4061.2,4061.25,2073
2026-07-01 22:21:00,4061.27,4061.28,4058.46,4058.47,2402
2026-07-01 22:24:00,4058.46,4059.68,4056.65,4058.76,2000
2026-07-01 22:27:00,4058.77,4059.7,4057.85,4058.93,2388
2026-07-01 22:30:00,4058.92,4059.8,4056.84,4057.47,1916
2026-07-01 22:33:00,4057.45,4058.14,4055.86,4056.57,1987
2026-07-01 22:36:00,4056.59,4056.91,4055.53,4055.76,2452
2026-07-01 22:39:00,4055.75,4056.39,4054.42,4054.79,1956
2026-07-01 22:42:00,4054.79,4054.82,4053.09,4053.88,2215
2026-07-01 22:45:00,4053.88,4054.33,4051.09,4053.14,1959
2026-07-01 22:48:00,4053.12,4053.53,4048.86,4049.87,1941
2026-07-01 22:51:00,4049.85,4049.93,4038.89,4041.95,2367
2026-07-01 22:54:00,4041.92,4042.72,4037.11,4038.0,2292
2026-07-01 22:57:00,4038.02,4039.63,4034.58,4038.84,2398
2026-07-01 23:00:00,4038.83,4039.73,4033.64,4036.07,2333
2026-07-01 23:03:00,4036.06,4037.15,4028.55,4031.06,2267
2026-07-01 23:06:00,4031.07,4034.88,4031.07,4034.43,2054
2026-07-01 23:09:00,4034.37,4035.73,4034.11,4034.41,1866
2026-07-01 23:12:00,4034.39,4036.49,4033.17,4035.51,1911
2026-07-01 23:15:00,4035.52,4036.47,4034.51,4035.42,1893
2026-07-01 23:18:00,4035.44,4036.9,4035.25,4035.91,1911
2026-07-01 23:21:00,4035.91,4037.56,4035.19,4036.92,1874
2026-07-01 23:24:00,4036.91,4038.48,4036.9,4037.87,1837
2026-07-01 23:27:00,4037.89,4039.17,4037.58,4038.49,1774
2026-07-01 23:30:00,4038.49,4039.07,4037.43,4037.72,1892
2026-07-01 23:33:00,4037.74,4038.04,4035.82,4036.07,1773
2026-07-01 23:36:00,4036.09,4036.26,4034.8,4034.89,1867
2026-07-01 23:39:00,4034.88,4035.76,4033.32,4033.67,1853
2026-07-01 23:42:00,4033.66,4034.75,4033.66,4033.92,1839
2026-07-01 23:45:00,4033.93,4034.49,4032.32,4033.28,1810
2026-07-01 23:48:00,4033.29,4034.52,4031.99,4034.46,1847
2026-07-01 23:51:00,4034.45,4035.86,4032.7,4032.88,1866
2026-07-01 23:54:00,4032.89,4032.99,4030.24,4030.7,1811
2026-07-01 23:57:00,4030.66,4031.58,4030.63,4031.08,1183
2026-07-02 01:00:00,4035.98,4039.06,4033.1,4038.52,4947
2026-07-02 01:03:00,4038.52,4039.56,4036.33,4039.52,4750
2026-07-02 01:06:00,4039.37,4041.25,4037.48,4037.61,1978
2026-07-02 01:09:00,4037.48,4038.0,4035.61,4037.61,1852
2026-07-02 01:12:00,4037.61,4037.77,4036.14,4036.91,1822
2026-07-02 01:15:00,4036.9,4037.4,4035.12,4035.27,1827
2026-07-02 01:18:00,4035.24,4037.95,4035.24,4037.95,1853
2026-07-02 01:21:00,4037.95,4038.34,4035.65,4038.15,1861
2026-07-02 01:24:00,4038.12,4039.15,4036.98,4038.64,1828
2026-07-02 01:27:00,4038.63,4039.25,4038.0,4038.35,1757
2026-07-02 01:30:00,4038.36,4038.7,4036.97,4037.88,1841
2026-07-02 01:33:00,4037.9,4038.94,4037.3,4038.53,1832
2026-07-02 01:36:00,4038.52,4040.42,4038.42,4039.61,1819
2026-07-02 01:39:00,4039.59,4040.3,4038.9,4039.26,1820
2026-07-02 01:42:00,4039.27,4040.63,4039.09,4040.0,1840
2026-07-02 01:45:00,4039.95,4043.89,4039.92,4043.87,1843
2026-07-02 01:48:00,4043.89,4044.48,4042.37,4043.89,1843
2026-07-02 01:51:00,4043.87,4043.95,4043.05,4043.39,1786
2026-07-02 01:54:00,4043.39,4043.58,4042.59,4043.34,1778
2026-07-02 01:57:00,4043.36,4045.14,4043.33,4045.03,1768
2026-07-02 02:00:00,4045.01,4045.15,4043.12,4043.31,1834
2026-07-02 02:03:00,4043.3,4043.76,4042.31,4042.4,1723
2026-07-02 02:06:00,4042.4,4042.78,4041.19,4042.36,1805
2026-07-02 02:09:00,4042.36,4043.52,4040.61,4042.26,1874
2026-07-02 02:12:00,4042.26,4042.85,4037.57,4037.72,1924
2026-07-02 02:15:00,4037.75,4038.82,4036.07,4037.22,1858
2026-07-02 02:18:00,4037.22,4039.5,4037.19,4039.27,1745
2026-07-02 02:21:00,4039.3,4039.3,4037.11,4038.03,1815
2026-07-02 02:24:00,4038.01,4038.23,4035.47,4035.56,1869
2026-07-02 02:27:00,4035.58,4037.27,4033.9,4037.2,1880
2026-07-02 02:30:00,4037.2,4040.45,4037.18,4039.43,1859
2026-07-02 02:33:00,4039.43,4040.21,4038.38,4038.42,1806
2026-07-02 02:36:00,4038.42,4039.49,4036.35,4036.37,1824
2026-07-02 02:39:00,4036.36,4036.76,4034.67,4036.14,1808
2026-07-02 02:42:00,4036.17,4036.53,4035.17,4035.75,1753
2026-07-02 02:45:00,4035.78,4036.11,4033.4,4035.62,2047
2026-07-02 02:48:00,4035.67,4035.84,4033.89,4034.58,1951
2026-07-02 02:51:00,4034.56,4036.77,4034.21,4036.2,1890
2026-07-02 02:54:00,4036.19,4036.93,4035.61,4036.18,1972
2026-07-02 02:57:00,4036.18,4036.43,4034.85,4035.06,1906
2026-07-02 03:00:00,4035.04,4036.45,4032.03,4035.24,2366
2026-07-02 03:03:00,4035.24,4036.03,4030.74,4036.03,2400
2026-07-02 03:06:00,4036.04,4040.32,4036.04,4039.44,2433
2026-07-02 03:09:00,4039.41,4042.89,4037.95,4041.79,2331
2026-07-02 03:12:00,4041.82,4046.09,4040.73,4044.88,2197
2026-07-02 03:15:00,4044.87,4045.33,4042.8,4045.12,2075
2026-07-02 03:18:00,4045.14,4045.73,4040.21,4041.97,2125
2026-07-02 03:21:00,4042.0,4044.91,4041.48,4043.45,2086
2026-07-02 03:24:00,4043.45,4048.46,4043.45,4045.86,2038
2026-07-02 03:27:00,4045.89,4046.44,4043.95,4046.42,2011
2026-07-02 03:30:00,4046.44,4046.72,4042.21,4043.5,2163
2026-07-02 03:33:00,4043.67,4045.83,4043.02,4044.52,2054
2026-07-02 03:36:00,4044.49,4046.18,4043.15,4043.5,1969
2026-07-02 03:39:00,4043.48,4043.57,4039.83,4040.45,2009
2026-07-02 03:42:00,4040.47,4041.09,4038.08,4039.33,2035
2026-07-02 03:45:00,4039.34,4046.22,4039.26,4045.11,2087
2026-07-02 03:48:00,4045.09,4052.65,4044.5,4050.12,2282
2026-07-02 03:51:00,4050.14,4052.44,4049.51,4051.16,2157
2026-07-02 03:54:00,4051.13,4051.22,4048.91,4050.28,2090
2026-07-02 03:57:00,4050.27,4051.97,4049.55,4051.75,1956
2026-07-02 04:00:00,4051.77,4068.46,4050.68,4066.83,2919
2026-07-02 04:03:00,4066.82,4067.0,4062.2,4062.97,2509
2026-07-02 04:06:00,4062.97,4065.44,4060.79,4065.41,2479
2026-07-02 04:09:00,4065.4,4067.9,4063.36,4066.81,2339
2026-07-02 04:12:00,4066.79,4067.79,4064.43,4065.15,2286
2026-07-02 04:15:00,4065.14,4065.76,4059.74,4060.53,2426
2026-07-02 04:18:00,4060.5,4061.67,4056.73,4057.05,2144
2026-07-02 04:21:00,4057.02,4057.43,4053.84,4054.38,2259
2026-07-02 04:24:00,4054.37,4055.46,4051.7,4053.61,2250
2026-07-02 04:27:00,4053.6,4054.12,4050.11,4053.19,2199
2026-07-02 04:30:00,4053.21,4054.88,4049.78,4050.31,2444
2026-07-02 04:33:00,4050.34,4051.27,4046.32,4049.15,2283
2026-07-02 04:36:00,4049.17,4052.86,4048.57,4052.22,2132
2026-07-02 04:39:00,4052.24,4055.42,4049.8,4051.38,2265
2026-07-02 04:42:00,4051.41,4053.37,4047.74,4047.76,2285
2026-07-02 04:45:00,4047.77,4051.53,4045.23,4050.68,2177
2026-07-02 04:48:00,4050.69,4053.72,4050.28,4052.94,2162
2026-07-02 04:51:00,4052.95,4055.32,4051.59,4053.85,2188
2026-07-02 04:54:00,4053.87,4056.34,4052.86,4054.07,2228
2026-07-02 04:57:00,4054.04,4054.85,4049.13,4050.27,2231
2026-07-02 05:00:00,4050.28,4051.07,4046.05,4046.44,2199
2026-07-02 05:03:00,4046.41,4048.02,4042.35,4042.61,2182
2026-07-02 05:06:00,4042.62,4045.35,4042.43,4044.23,2130
2026-07-02 05:09:00,4044.2,4045.48,4041.28,4043.58,2122
2026-07-02 05:12:00,4043.59,4048.28,4043.06,4048.11,2115
2026-07-02 05:15:00,4048.09,4054.11,4047.9,4052.04,2162
2026-07-02 05:18:00,4052.03,4054.82,4052.0,4054.03,2028
2026-07-02 05:21:00,4054.01,4054.68,4050.89,4050.94,1952
2026-07-02 05:24:00,4050.95,4051.67,4048.71,4050.99,1909
2026-07-02 05:27:00,4050.98,4052.56,4050.67,4051.56,1947
2026-07-02 05:30:00,4051.58,4052.34,4047.77,4052.33,2216
2026-07-02 05:33:00,4052.35,4053.95,4049.45,4051.12,2212
2026-07-02 05:36:00,4051.13,4054.09,4050.2,4052.52,2426
2026-07-02 05:39:00,4052.52,4054.03,4050.13,4053.93,2177
2026-07-02 05:42:00,4053.91,4057.1,4053.57,4056.28,2119
2026-07-02 05:45:00,4056.28,4057.59,4054.46,4055.47,2073
2026-07-02 05:48:00,4055.41,4058.96,4054.43,4058.52,2089
2026-07-02 05:51:00,4058.51,4058.76,4055.92,4056.48,2073
2026-07-02 05:54:00,4056.47,4058.38,4056.32,4057.73,2118
2026-07-02 05:57:00,4057.7,4060.95,4057.02,4057.16,2072
2026-07-02 06:00:00,4057.16,4059.57,4056.56,4057.08,2102
2026-07-02 06:03:00,4057.07,4058.53,4056.07,4057.23,2028
2026-07-02 06:06:00,4057.23,4059.76,4056.5,4056.72,2073
2026-07-02 06:09:00,4056.72,4057.97,4055.47,4057.2,2041
2026-07-02 06:12:00,4057.22,4058.78,4056.3,4057.55,1974
2026-07-02 06:15:00,4057.5,4060.31,4057.5,4059.44,2070
2026-07-02 06:18:00,4059.46,4061.72,4058.36,4061.71,2081
2026-07-02 06:21:00,4061.71,4062.09,4058.6,4058.83,2138
2026-07-02 06:24:00,4058.8,4062.31,4058.7,4062.27,2034
2026-07-02 06:27:00,4062.27,4067.21,4062.09,4065.4,2136
2026-07-02 06:30:00,4065.38,4066.87,4063.81,4065.01,2131
2026-07-02 06:33:00,4064.99,4065.39,4062.63,4063.0,2068
2026-07-02 06:36:00,4063.03,4065.8,4062.04,4065.47,1999
2026-07-02 06:39:00,4065.48,4067.7,4064.11,4065.87,2002
2026-07-02 06:42:00,4065.85,4067.73,4065.63,4065.68,2002
2026-07-02 06:45:00,4065.65,4066.71,4063.01,4065.88,1974
2026-07-02 06:48:00,4065.89,4069.21,4065.82,4067.83,2050
2026-07-02 06:51:00,4067.83,4072.64,4067.73,4072.49,2071
2026-07-02 06:54:00,4072.48,4074.12,4071.5,4073.08,2035
2026-07-02 06:57:00,4073.06,4073.2,4069.23,4069.94,2067
2026-07-02 07:00:00,4069.95,4072.73,4069.92,4072.19,2123
2026-07-02 07:03:00,4072.17,4072.22,4069.6,4071.6,2017
2026-07-02 07:06:00,4071.58,4073.0,4071.07,4071.16,1886
2026-07-02 07:09:00,4071.17,4072.09,4068.62,4069.13,1875
2026-07-02 07:12:00,4069.18,4070.39,4068.21,4070.08,1899
2026-07-02 07:15:00,4070.08,4070.41,4068.8,4069.16,1930
2026-07-02 07:18:00,4069.18,4069.19,4066.45,4067.35,1865
2026-07-02 07:21:00,4067.35,4067.4,4065.24,4065.7,1951
2026-07-02 07:24:00,4065.68,4066.74,4064.45,4065.74,1944
2026-07-02 07:27:00,4065.73,4065.88,4064.09,4065.54,1916
2026-07-02 07:30:00,4065.53,4066.47,4062.86,4063.94,1917
2026-07-02 07:33:00,4063.97,4064.51,4062.49,4062.79,1955
2026-07-02 07:36:00,4062.8,4064.22,4062.79,4063.57,1912
2026-07-02 07:39:00,4063.58,4064.19,4061.21,4061.49,1919
2026-07-02 07:42:00,4061.51,4064.37,4061.51,4063.33,1941
2026-07-02 07:45:00,4063.34,4063.76,4062.03,4062.05,1963
2026-07-02 07:48:00,4062.02,4062.85,4061.54,4062.49,1905
2026-07-02 07:51:00,4062.48,4065.14,4062.33,4064.09,1870
2026-07-02 07:54:00,4064.08,4064.25,4062.5,4062.71,1856
2026-07-02 07:57:00,4062.7,4063.3,4060.63,4060.72,1954
2026-07-02 08:00:00,4060.72,4061.24,4059.62,4059.75,2120
2026-07-02 08:03:00,4059.75,4060.37,4057.7,4059.13,2009
2026-07-02 08:06:00,4059.12,4060.84,4057.8,4058.73,1978
2026-07-02 08:09:00,4058.74,4059.17,4056.21,4057.51,2028
2026-07-02 08:12:00,4057.7,4059.06,4054.34,4055.63,2027
2026-07-02 08:15:00,4055.62,4057.9,4054.63,4057.88,1996
2026-07-02 08:18:00,4057.89,4059.45,4057.23,4058.65,1979
2026-07-02 08:21:00,4058.62,4060.62,4058.28,4059.78,1993
2026-07-02 08:24:00,4059.78,4062.14,4059.39,4060.61,2055
2026-07-02 08:27:00,4060.65,4060.92,4057.41,4057.47,1958
2026-07-02 08:30:00,4057.44,4061.91,4055.86,4057.58,2426
2026-07-02 08:33:00,4057.62,4058.78,4053.23,4056.99,2465
2026-07-02 08:36:00,4056.98,4066.3,4055.61,4065.04,2327
2026-07-02 08:39:00,4065.05,4065.78,4061.33,4063.59,2371
2026-07-02 08:42:00,4063.57,4064.01,4061.11,4061.79,2261
2026-07-02 08:45:00,4061.78,4065.09,4061.24,4062.72,2217
2026-07-02 08:48:00,4062.72,4063.65,4059.96,4063.63,2395
2026-07-02 08:51:00,4063.63,4064.76,4062.39,4063.88,2097
2026-07-02 08:54:00,4063.85,4066.97,4062.32,4066.83,2122
2026-07-02 08:57:00,4066.85,4067.6,4065.47,4066.06,2033
2026-07-02 09:00:00,4066.07,4075.73,4065.92,4074.27,2509
2026-07-02 09:03:00,4074.27,4074.37,4068.31,4069.19,2261
2026-07-02 09:06:00,4069.17,4073.54,4068.95,4072.62,2165
2026-07-02 09:09:00,4072.6,4073.19,4069.61,4071.33,2113
2026-07-02 09:12:00,4071.3,4071.48,4068.07,4068.41,2188
2026-07-02 09:15:00,4068.4,4073.01,4067.19,4072.22,2307
2026-07-02 09:18:00,4072.22,4075.29,4072.11,4075.17,2164
2026-07-02 09:21:00,4075.17,4079.74,4074.57,4077.75,2248
2026-07-02 09:24:00,4077.72,4079.69,4076.74,4079.04,2058
2026-07-02 09:27:00,4079.04,4079.23,4074.11,4074.27,2063
2026-07-02 09:30:00,4074.3,4076.82,4073.51,4075.41,2533
2026-07-02 09:33:00,4075.42,4076.26,4073.48,4074.82,2095
2026-07-02 09:36:00,4074.8,4074.88,4072.25,4072.7,2125
2026-07-02 09:39:00,4072.69,4073.32,4069.34,4070.0,2184
2026-07-02 09:42:00,4070.02,4070.18,4066.04,4068.19,2142
2026-07-02 09:45:00,4068.18,4069.38,4066.8,4068.0,2297
2026-07-02 09:48:00,4068.0,4075.29,4067.05,4070.98,2610
2026-07-02 09:51:00,4070.99,4072.27,4069.53,4071.33,2344
2026-07-02 09:54:00,4071.35,4076.05,4071.35,4075.73,2211
2026-07-02 09:57:00,4075.71,4076.5,4073.12,4073.17,2206
2026-07-02 10:00:00,4073.16,4073.61,4068.66,4070.42,2335
2026-07-02 10:03:00,4070.4,4070.42,4067.2,4068.89,2300
2026-07-02 10:06:00,4068.88,4072.22,4068.86,4071.09,2215
2026-07-02 10:09:00,4071.09,4074.18,4069.58,4070.85,2233
2026-07-02 10:12:00,4070.84,4071.59,4067.23,4067.82,2261
2026-07-02 10:15:00,4067.82,4068.45,4066.0,4066.52,2533
2026-07-02 10:18:00,4066.52,4066.96,4064.53,4065.68,2114
2026-07-02 10:21:00,4065.67,4067.14,4061.52,4062.28,2165
2026-07-02 10:24:00,4062.3,4064.34,4060.77,4063.38,2089
2026-07-02 10:27:00,4063.35,4063.67,4061.08,4062.45,2402
2026-07-02 10:30:00,4062.42,4064.36,4060.84,4063.33,2177
2026-07-02 10:33:00,4063.31,4064.95,4063.07,4064.63,2439
2026-07-02 10:36:00,4064.68,4068.99,4064.66,4068.98,2449
2026-07-02 10:39:00,4068.97,4073.37,4068.59,4072.83,2112
2026-07-02 10:42:00,4072.79,4075.51,4072.79,4074.57,2236
2026-07-02 10:45:00,4074.55,4075.03,4068.12,4068.12,2307
2026-07-02 10:48:00,4068.03,4070.55,4067.37,4069.46,2462
2026-07-02 10:51:00,4069.45,4070.19,4067.03,4067.08,2035
2026-07-02 10:54:00,4067.11,4067.14,4063.69,4066.6,2109
2026-07-02 10:57:00,4066.61,4066.88,4064.41,4064.63,2169
2026-07-02 11:00:00,4064.57,4065.32,4061.34,4064.68,2238
2026-07-02 11:03:00,4064.65,4069.19,4064.56,4069.14,2253
2026-07-02 11:06:00,4069.15,4069.52,4066.87,4068.88,2196
2026-07-02 11:09:00,4068.88,4074.15,4068.87,4071.96,2240
2026-07-02 11:12:00,4071.95,4072.62,4068.56,4069.87,2401
2026-07-02 11:15:00,4069.89,4072.12,4069.18,4070.81,2544
2026-07-02 11:18:00,4070.82,4074.34,4068.79,4073.36,2104
2026-07-02 11:21:00,4073.33,4077.88,4073.31,4075.4,2189
2026-07-02 11:24:00,4075.38,4075.47,4073.95,4074.6,2602
2026-07-02 11:27:00,4074.66,4075.33,4073.23,4075.04,2476
2026-07-02 11:30:00,4075.02,4075.49,4072.5,4073.33,2045
2026-07-02 11:33:00,4073.36,4074.98,4072.14,4073.36,2177
2026-07-02 11:36:00,4073.36,4075.93,4072.85,4073.27,2161
2026-07-02 11:39:00,4073.28,4076.33,4073.27,4075.11,2041
2026-07-02 11:42:00,4075.11,4077.84,4075.0,4075.31,2384
2026-07-02 11:45:00,4075.31,4076.64,4073.53,4076.14,2092
2026-07-02 11:48:00,4076.12,4079.67,4075.56,4076.42,2197
2026-07-02 11:51:00,4076.41,4077.88,4073.17,4077.68,2154
2026-07-02 11:54:00,4077.68,4080.08,4077.17,4078.58,2574
2026-07-02 11:57:00,4078.56,4078.72,4075.86,4076.14,2075
2026-07-02 12:00:00,4076.08,4076.93,4074.75,4075.07,2148
2026-07-02 12:03:00,4075.08,4076.5,4074.0,4074.88,2131
2026-07-02 12:06:00,4074.9,4075.04,4069.44,4069.75,2107
2026-07-02 12:09:00,4069.74,4071.69,4069.74,4071.04,2002
2026-07-02 12:12:00,4071.06,4072.61,4070.54,4072.26,1988
2026-07-02 12:15:00,4072.23,4072.57,4069.37,4071.65,2027
2026-07-02 12:18:00,4071.62,4073.7,4071.08,4071.63,2030
2026-07-02 12:21:00,4071.64,4071.64,4069.44,4070.49,2204
2026-07-02 12:24:00,4070.51,4070.57,4066.18,4066.62,2074
2026-07-02 12:27:00,4066.52,4067.83,4066.25,4067.56,2182
2026-07-02 12:30:00,4067.55,4068.05,4063.93,4064.76,2162
2026-07-02 12:33:00,4064.77,4067.11,4064.35,4066.78,2112
2026-07-02 12:36:00,4066.76,4067.07,4064.97,4066.71,2079
2026-07-02 12:39:00,4066.69,4069.79,4065.67,4069.73,2013
2026-07-02 12:42:00,4069.79,4072.14,4068.45,4069.34,2081
2026-07-02 12:45:00,4069.33,4072.32,4069.18,4071.02,2390
2026-07-02 12:48:00,4071.03,4071.07,4068.38,4069.78,2042
2026-07-02 12:51:00,4069.78,4070.63,4067.16,4067.53,2114
2026-07-02 12:54:00,4067.52,4067.65,4064.54,4066.35,2001
2026-07-02 12:57:00,4066.35,4067.19,4064.9,4065.27,2104
2026-07-02 13:00:00,4065.29,4066.27,4063.83,4066.24,2085
2026-07-02 13:03:00,4066.22,4066.56,4063.02,4064.82,2117
2026-07-02 13:06:00,4064.82,4065.54,4062.92,4064.16,2303
2026-07-02 13:09:00,4064.17,4066.11,4062.71,4063.75,2097
2026-07-02 13:12:00,4063.75,4064.27,4062.54,4063.31,2362
2026-07-02 13:15:00,4063.32,4063.65,4062.01,4063.1,2282
2026-07-02 13:18:00,4063.1,4066.09,4062.41,4064.66,2037
2026-07-02 13:21:00,4064.67,4067.92,4064.45,4066.79,2129
2026-07-02 13:24:00,4066.81,4067.19,4065.93,4066.14,2140
2026-07-02 13:27:00,4066.13,4067.56,4065.29,4066.2,2023
2026-07-02 13:30:00,4066.17,4066.73,4064.08,4064.08,2038
2026-07-02 13:33:00,4064.11,4066.38,4063.76,4066.35,1987
2026-07-02 13:36:00,4066.35,4066.39,4063.83,4063.83,2009
2026-07-02 13:39:00,4063.86,4067.62,4063.15,4067.59,2012
2026-07-02 13:42:00,4067.58,4068.66,4064.31,4064.67,2049
2026-07-02 13:45:00,4064.68,4064.68,4062.85,4063.93,1982
2026-07-02 13:48:00,4063.97,4064.31,4061.52,4063.94,1963
2026-07-02 13:51:00,4063.94,4064.42,4062.93,4063.03,2423
2026-07-02 13:54:00,4063.03,4063.97,4062.38,4062.87,1971
2026-07-02 13:57:00,4062.88,4068.06,4062.85,4066.3,2040
2026-07-02 14:00:00,4066.32,4066.94,4061.14,4061.65,2345
2026-07-02 14:03:00,4061.63,4061.85,4059.81,4060.37,2041
2026-07-02 14:06:00,4060.37,4060.37,4057.4,4058.05,2029
2026-07-02 14:09:00,4058.06,4061.85,4058.06,4061.28,2045
2026-07-02 14:12:00,4061.27,4063.34,4061.04,4063.29,2038
2026-07-02 14:15:00,4063.28,4065.17,4063.17,4064.47,2102
2026-07-02 14:18:00,4064.45,4067.28,4062.65,4063.48,2090
2026-07-02 14:21:00,4063.49,4064.65,4062.85,4063.66,2047
2026-07-02 14:24:00,4063.67,4064.58,4062.86,4064.23,2049
2026-07-02 14:27:00,4064.23,4066.24,4064.14,4065.51,2237
2026-07-02 14:30:00,4065.49,4067.11,4065.0,4065.75,2061
2026-07-02 14:33:00,4065.77,4066.58,4063.54,4063.87,2109
2026-07-02 14:36:00,4063.86,4065.43,4063.4,4064.71,1989
2026-07-02 14:39:00,4064.71,4067.55,4064.59,4066.99,2137
2026-07-02 14:42:00,4066.96,4071.62,4065.74,4071.07,2263
2026-07-02 14:45:00,4071.08,4072.29,4068.0,4069.11,2107
2026-07-02 14:48:00,4069.12,4071.82,4068.14,4070.2,2158
2026-07-02 14:51:00,4070.19,4071.75,4069.62,4070.47,2398
2026-07-02 14:54:00,4070.48,4071.1,4068.94,4069.06,2070
2026-07-02 14:57:00,4069.06,4069.56,4065.26,4065.27,2078
2026-07-02 15:00:00,4065.27,4065.47,4062.78,4063.67,2094
2026-07-02 15:03:00,4063.7,4069.2,4062.67,4069.13,2081
2026-07-02 15:06:00,4069.12,4073.53,4068.5,4071.78,2178
2026-07-02 15:09:00,4071.76,4071.77,4067.48,4067.92,2055
2026-07-02 15:12:00,4067.9,4068.49,4061.36,4064.17,2251
2026-07-02 15:15:00,4064.17,4064.87,4061.99,4062.61,2211
2026-07-02 15:18:00,4062.6,4068.68,4061.65,4067.87,2372
2026-07-02 15:21:00,4067.89,4068.81,4064.28,4066.19,2381
2026-07-02 15:24:00,4066.19,4069.66,4065.33,4068.37,2289
2026-07-02 15:27:00,4068.39,4068.66,4062.5,4062.51,2211
2026-07-02 15:30:00,4062.5,4123.58,4062.5,4118.19,3950
2026-07-02 15:33:00,4118.22,4130.81,4109.89,4130.07,4954
2026-07-02 15:36:00,4130.1,4135.96,4123.8,4132.39,3924
2026-07-02 15:39:00,4132.43,4140.52,4130.57,4130.57,3771
2026-07-02 15:42:00,4130.58,4139.43,4130.58,4132.52,3471
2026-07-02 15:45:00,4132.54,4134.16,4122.25,4122.44,3286
2026-07-02 15:48:00,4122.44,4130.68,4120.28,4127.49,3054
2026-07-02 15:51:00,4127.49,4128.67,4121.76,4122.16,3088
2026-07-02 15:54:00,4122.17,4123.62,4114.51,4116.47,3001
2026-07-02 15:57:00,4116.51,4118.74,4112.21,4117.55,3123
2026-07-02 16:00:00,4117.54,4129.8,4115.6,4122.87,3800
2026-07-02 16:03:00,4122.88,4128.26,4121.0,4122.15,3139
2026-07-02 16:06:00,4122.16,4123.05,4117.31,4117.35,3095
2026-07-02 16:09:00,4117.36,4125.31,4116.15,4124.97,3081
2026-07-02 16:12:00,4124.85,4126.45,4121.13,4124.18,2847
2026-07-02 16:15:00,4124.17,4124.56,4119.65,4120.16,2859
2026-07-02 16:18:00,4120.15,4120.54,4113.55,4114.34,2806
2026-07-02 16:21:00,4114.35,4120.37,4113.42,4116.67,2773
2026-07-02 16:24:00,4116.67,4117.46,4109.34,4114.43,2575
2026-07-02 16:27:00,4114.45,4117.15,4112.39,4113.05,2561
2026-07-02 16:30:00,4113.08,4123.76,4110.09,4123.38,3584
2026-07-02 16:33:00,4123.37,4137.8,4122.25,4136.49,3379
2026-07-02 16:36:00,4136.46,4138.28,4127.79,4130.91,3266
2026-07-02 16:39:00,4130.86,4137.67,4128.16,4128.54,3353
2026-07-02 16:42:00,4128.54,4138.07,4126.98,4134.61,3167
2026-07-02 16:45:00,4134.66,4140.8,4133.77,4138.03,3381
2026-07-02 16:48:00,4138.03,4143.98,4136.57,4141.34,3145
2026-07-02 16:51:00,4141.32,4144.05,4139.39,4140.25,2997
2026-07-02 16:54:00,4140.22,4140.86,4132.53,4139.38,2839
2026-07-02 16:57:00,4139.4,4140.87,4135.41,4136.78,2451
2026-07-02 17:00:00,4136.81,4138.3,4130.39,4133.72,2737
2026-07-02 17:03:00,4133.68,4134.29,4127.83,4128.97,2760
2026-07-02 17:06:00,4129.0,4134.73,4128.34,4131.4,2922
2026-07-02 17:09:00,4131.4,4132.41,4123.81,4127.37,3004
2026-07-02 17:12:00,4127.28,4131.18,4125.6,4128.61,2686
2026-07-02 17:15:00,4128.59,4136.31,4127.78,4131.24,2802
2026-07-02 17:18:00,4131.24,4131.93,4123.25,4124.88,2886
2026-07-02 17:21:00,4124.88,4126.94,4121.25,4124.33,2986
2026-07-02 17:24:00,4124.32,4126.13,4119.57,4120.0,2799
2026-07-02 17:27:00,4120.03,4120.68,4114.06,4116.42,2732
2026-07-02 17:30:00,4116.35,4125.5,4114.9,4120.79,2954
2026-07-02 17:33:00,4120.78,4124.65,4116.52,4116.93,2967
2026-07-02 17:36:00,4116.96,4120.73,4116.63,4118.99,2954
2026-07-02 17:39:00,4118.86,4120.83,4116.54,4117.5,2914
2026-07-02 17:42:00,4117.45,4119.58,4114.69,4118.61,2975
2026-07-02 17:45:00,4118.59,4120.62,4116.84,4118.04,3053
2026-07-02 17:48:00,4118.03,4124.76,4115.76,4123.19,2861
2026-07-02 17:51:00,4123.17,4126.31,4120.59,4123.68,2967
2026-07-02 17:54:00,4123.65,4128.28,4123.13,4127.69,2943
2026-07-02 17:57:00,4127.64,4129.87,4126.31,4128.63,2726
2026-07-02 18:00:00,4128.65,4130.93,4125.94,4130.6,2854
2026-07-02 18:03:00,4130.58,4131.38,4122.18,4123.1,2588
2026-07-02 18:06:00,4123.07,4123.91,4114.77,4118.91,2874
2026-07-02 18:09:00,4118.92,4128.14,4118.41,4127.74,3042
2026-07-02 18:12:00,4127.75,4131.01,4125.78,4126.61,2551
2026-07-02 18:15:00,4126.6,4128.65,4121.09,4121.61,2670
2026-07-02 18:18:00,4121.61,4124.53,4120.69,4124.35,2628
2026-07-02 18:21:00,4124.36,4128.31,4123.59,4127.93,2544
2026-07-02 18:24:00,4127.93,4131.54,4126.85,4128.32,2510
2026-07-02 18:27:00,4128.29,4128.88,4122.3,4122.48,2547
2026-07-02 18:30:00,4122.46,4129.53,4122.46,4129.42,2475
2026-07-02 18:33:00,4129.44,4131.05,4128.3,4129.71,2358
2026-07-02 18:36:00,4129.7,4130.91,4129.37,4129.61,2405
2026-07-02 18:39:00,4129.64,4129.8,4125.5,4127.17,2370
2026-07-02 18:42:00,4127.28,4127.44,4124.63,4125.4,2614
2026-07-02 18:45:00,4125.37,4129.37,4125.21,4128.48,2330
2026-07-02 18:48:00,4128.47,4130.11,4126.81,4127.77,2260
2026-07-02 18:51:00,4127.76,4127.76,4124.18,4125.43,2444
2026-07-02 18:54:00,4125.43,4128.8,4124.92,4126.54,2392
2026-07-02 18:57:00,4126.56,4129.44,4126.22,4128.43,2206
2026-07-02 19:00:00,4128.44,4130.19,4124.89,4124.98,2322
2026-07-02 19:03:00,4125.0,4127.45,4124.78,4125.23,2234
2026-07-02 19:06:00,4125.24,4125.57,4123.33,4125.31,2237
2026-07-02 19:09:00,4125.3,4126.16,4121.96,4123.08,2261
2026-07-02 19:12:00,4123.07,4123.54,4122.08,4123.37,2255
2026-07-02 19:15:00,4123.35,4123.74,4120.95,4121.26,2362
2026-07-02 19:18:00,4121.27,4123.89,4121.27,4122.98,2403
2026-07-02 19:21:00,4122.98,4123.0,4117.82,4117.85,2540
2026-07-02 19:24:00,4117.86,4119.33,4116.11,4118.38,2506
2026-07-02 19:27:00,4118.37,4118.56,4115.46,4116.39,2359
2026-07-02 19:30:00,4116.39,4116.39,4102.56,4106.56,2873
2026-07-02 19:33:00,4106.5,4107.93,4101.71,4106.03,2687
2026-07-02 19:36:00,4106.16,4108.53,4100.37,4108.15,2764
2026-07-02 19:39:00,4108.17,4114.85,4107.53,4113.34,2533
2026-07-02 19:42:00,4113.33,4116.67,4113.12,4114.76,2336
2026-07-02 19:45:00,4114.75,4117.36,4114.06,4116.72,2421
2026-07-02 19:48:00,4116.75,4118.51,4114.9,4115.73,2303
2026-07-02 19:51:00,4115.48,4120.19,4115.45,4118.91,2371
2026-07-02 19:54:00,4118.93,4119.91,4115.93,4116.81,2231
2026-07-02 19:57:00,4116.8,4119.11,4116.67,4118.12,2161
2026-07-02 20:00:00,4118.11,4119.24,4115.67,4116.09,2409
2026-07-02 20:03:00,4116.09,4116.43,4113.5,4115.24,2511
2026-07-02 20:06:00,4115.29,4119.88,4115.26,4117.88,2537
2026-07-02 20:09:00,4117.87,4118.34,4114.25,4116.77,2461
2026-07-02 20:12:00,4116.8,4118.36,4115.3,4117.97,2204
2026-07-02 20:15:00,4117.99,4119.8,4117.4,4118.13,2345
2026-07-02 20:18:00,4118.15,4119.16,4115.33,4115.9,2364
2026-07-02 20:21:00,4115.89,4116.18,4114.08,4114.17,2325
2026-07-02 20:24:00,4114.12,4116.17,4111.69,4114.0,2594
2026-07-02 20:27:00,4114.02,4115.45,4111.43,4112.6,2589
2026-07-02 20:30:00,4112.57,4113.77,4110.42,4113.1,2476
2026-07-02 20:33:00,4113.1,4114.45,4111.39,4112.22,2427
2026-07-02 20:36:00,4112.25,4113.33,4108.52,4108.53,2589
2026-07-02 20:39:00,4108.53,4109.52,4107.23,4109.31,2434
2026-07-02 20:42:00,4109.26,4109.49,4105.94,4107.4,2397
2026-07-02 20:45:00,4107.39,4109.03,4106.32,4107.61,2286
2026-07-02 20:48:00,4107.62,4109.93,4107.11,4108.42,2425
2026-07-02 20:51:00,4108.4,4109.29,4106.61,4108.63,2323
2026-07-02 20:54:00,4108.66,4110.29,4107.31,4108.34,2462
2026-07-02 20:57:00,4108.32,4108.78,4105.77,4106.8,2058
2026-07-02 21:00:00,4106.82,4109.56,4105.88,4109.31,2403
2026-07-02 21:03:00,4109.28,4116.87,4108.75,4116.6,2367
2026-07-02 21:06:00,4116.62,4121.83,4116.09,4121.06,2385
2026-07-02 21:09:00,4121.06,4123.72,4120.39,4120.67,2417
2026-07-02 21:12:00,4120.7,4120.79,4118.65,4119.15,2253
2026-07-02 21:15:00,4119.14,4120.42,4116.62,4116.65,2359
2026-07-02 21:18:00,4116.66,4117.86,4115.61,4117.6,2270
2026-07-02 21:21:00,4117.61,4117.64,4115.92,4116.96,2428
2026-07-02 21:24:00,4116.95,4119.97,4116.9,4119.0,2195
2026-07-02 21:27:00,4119.0,4123.18,4119.0,4123.17,2168
2026-07-02 21:30:00,4123.18,4126.35,4122.93,4125.3,2198
2026-07-02 21:33:00,4125.29,4127.03,4124.07,4124.51,2208
2026-07-02 21:36:00,4124.51,4126.0,4124.26,4124.94,2330
2026-07-02 21:39:00,4124.94,4125.13,4123.62,4123.71,2150
2026-07-02 21:42:00,4123.72,4124.22,4121.3,4121.3,2129
2026-07-02 21:45:00,4121.31,4121.71,4119.98,4120.99,2241
2026-07-02 21:48:00,4121.0,4123.23,4120.1,4123.03,2155
2026-07-02 21:51:00,4123.04,4124.36,4122.46,4122.54,2316
2026-07-02 21:54:00,4122.54,4123.01,4120.78,4121.0,2074
2026-07-02 21:57:00,4121.03,4122.75,4120.81,4122.68,2470
2026-07-02 22:00:00,4122.68,4124.44,4120.85,4122.26,2263
2026-07-02 22:03:00,4122.26,4123.03,4117.87,4118.23,2309
2026-07-02 22:06:00,4118.24,4119.7,4117.14,4117.56,2255
2026-07-02 22:09:00,4117.56,4117.75,4114.39,4115.26,2264
2026-07-02 22:12:00,4115.24,4115.78,4113.31,4114.51,2191
2026-07-02 22:15:00,4114.53,4114.96,4112.61,4113.05,2115
2026-07-02 22:18:00,4113.05,4113.08,4111.41,4111.61,2378
2026-07-02 22:21:00,4111.59,4111.81,4108.51,4109.8,2118
2026-07-02 22:24:00,4109.78,4110.31,4108.17,4110.29,2228
2026-07-02 22:27:00,4110.27,4113.48,4110.19,4112.56,2110
2026-07-02 22:30:00,4112.58,4114.78,4111.55,4114.07,2362
2026-07-02 22:33:00,4114.06,4114.29,4111.96,4112.39,2473
2026-07-02 22:36:00,4112.39,4113.46,4110.98,4112.68,2322
2026-07-02 22:39:00,4112.67,4114.12,4111.91,4113.75,2637
2026-07-02 22:42:00,4113.75,4114.08,4112.58,4113.44,2294
2026-07-02 22:45:00,4113.46,4114.33,4112.78,4114.19,2079
2026-07-02 22:48:00,4114.2,4118.01,4113.6,4117.99,2141
2026-07-02 22:51:00,4118.0,4122.94,4117.29,4122.16,2264
2026-07-02 22:54:00,4122.13,4124.02,4121.44,4121.55,2298
2026-07-02 22:57:00,4121.54,4122.86,4119.75,4121.29,2374
2026-07-02 23:00:00,4121.32,4121.43,4117.32,4117.76,2101
2026-07-02 23:03:00,4117.77,4121.0,4116.4,4120.99,1933
2026-07-02 23:06:00,4120.98,4122.47,4120.68,4121.48,1885
2026-07-02 23:09:00,4121.48,4121.95,4121.08,4121.14,1891
2026-07-02 23:12:00,4121.14,4121.16,4119.83,4119.93,1825
2026-07-02 23:15:00,4119.94,4120.93,4119.35,4119.73,1834
2026-07-02 23:18:00,4119.72,4124.45,4119.13,4123.98,1886
2026-07-02 23:21:00,4124.0,4125.09,4123.0,4124.49,1855
2026-07-02 23:24:00,4124.52,4124.52,4123.06,4123.18,1840
2026-07-02 23:27:00,4123.19,4124.11,4123.12,4123.47,2061
2026-07-02 23:30:00,4123.5,4124.99,4123.08,4124.49,1785
2026-07-02 23:33:00,4124.48,4125.08,4122.96,4123.16,1824
2026-07-02 23:36:00,4123.14,4123.85,4121.89,4122.23,1777
2026-07-02 23:39:00,4122.23,4122.24,4120.91,4121.2,1792
2026-07-02 23:42:00,4121.19,4122.54,4120.72,4120.74,1768
2026-07-02 23:45:00,4120.74,4120.84,4119.71,4120.08,1751
2026-07-02 23:48:00,4120.08,4120.53,4118.65,4119.39,1744
2026-07-02 23:51:00,4119.41,4120.16,4119.33,4119.48,1731
2026-07-02 23:54:00,4119.49,4122.95,4119.48,4122.55,1845
2026-07-02 23:57:00,4122.58,4124.21,4122.5,4123.73,1205
2026-07-03 01:00:00,4126.4,4127.47,4125.11,4126.43,4905
2026-07-03 01:03:00,4126.43,4126.5,4124.81,4125.1,5181
2026-07-03 01:06:00,4125.11,4125.64,4124.64,4125.45,2476
2026-07-03 01:09:00,4125.48,4128.06,4125.45,4125.89,1720
2026-07-03 01:12:00,4125.88,4125.89,4124.5,4124.57,1719
2026-07-03 01:15:00,4124.54,4125.21,4123.9,4124.66,1756
2026-07-03 01:18:00,4124.66,4125.41,4123.77,4125.03,1750
2026-07-03 01:21:00,4125.02,4125.14,4122.85,4123.5,1743
2026-07-03 01:24:00,4123.5,4123.7,4122.75,4122.76,1772
2026-07-03 01:27:00,4122.76,4124.44,4122.48,4124.43,1797
2026-07-03 01:30:00,4124.44,4125.13,4123.75,4124.34,1801
2026-07-03 01:33:00,4124.34,4126.37,4124.29,4125.12,1773
2026-07-03 01:36:00,4125.13,4125.33,4124.54,4124.7,1730
2026-07-03 01:39:00,4124.7,4124.81,4122.81,4122.98,1749
2026-07-03 01:42:00,4123.01,4123.74,4122.66,4123.11,1753
2026-07-03 01:45:00,4123.1,4124.32,4122.83,4124.01,1754
2026-07-03 01:48:00,4124.02,4124.11,4123.0,4123.12,1763
2026-07-03 01:51:00,4123.12,4123.78,4123.0,4123.5,1710
2026-07-03 01:54:00,4123.53,4126.34,4123.38,4124.97,1822
2026-07-03 01:57:00,4124.99,4125.25,4123.96,4124.6,1741
2026-07-03 02:00:00,4124.63,4125.67,4124.56,4125.4,1763
2026-07-03 02:03:00,4125.39,4126.72,4124.39,4125.67,1831
2026-07-03 02:06:00,4125.66,4126.88,4125.52,4126.7,1758
2026-07-03 02:09:00,4126.7,4127.19,4125.95,4125.99,1767
2026-07-03 02:12:00,4125.99,4126.59,4125.38,4125.39,1766
2026-07-03 02:15:00,4125.39,4127.96,4125.31,4126.41,1832
2026-07-03 02:18:00,4126.41,4126.42,4124.29,4125.82,1856
2026-07-03 02:21:00,4125.8,4127.19,4125.52,4126.52,1801
2026-07-03 02:24:00,4126.5,4130.3,4126.44,4130.17,1821
2026-07-03 02:27:00,4130.18,4130.23,4128.64,4129.87,1792
2026-07-03 02:30:00,4129.87,4130.77,4129.06,4130.16,1817
2026-07-03 02:33:00,4130.16,4133.66,4125.99,4126.47,1951
2026-07-03 02:36:00,4126.48,4127.27,4121.98,4123.03,1939
2026-07-03 02:39:00,4123.06,4125.1,4122.07,4123.71,2037
2026-07-03 02:42:00,4123.72,4126.52,4121.17,4124.84,1984
2026-07-03 02:45:00,4124.83,4129.73,4124.75,4129.39,1973
2026-07-03 02:48:00,4129.41,4130.84,4128.78,4130.05,1969
2026-07-03 02:51:00,4130.03,4130.13,4124.41,4126.2,2057
2026-07-03 02:54:00,4126.21,4131.61,4124.78,4127.44,2241
2026-07-03 02:57:00,4127.46,4127.93,4124.67,4126.19,2203
2026-07-03 03:00:00,4126.23,4128.82,4123.06,4127.56,2794
2026-07-03 03:03:00,4127.56,4132.69,4127.43,4128.77,2469
2026-07-03 03:06:00,4128.75,4129.46,4125.05,4127.03,2449
2026-07-03 03:09:00,4127.03,4129.28,4126.45,4127.51,2354
2026-07-03 03:12:00,4127.48,4136.86,4127.02,4134.94,2432
2026-07-03 03:15:00,4135.05,4135.6,4131.8,4133.39,2367
2026-07-03 03:18:00,4133.39,4136.71,4133.05,4136.68,2257
2026-07-03 03:21:00,4136.69,4140.79,4136.66,4140.19,2309
2026-07-03 03:24:00,4140.16,4140.84,4137.41,4139.51,2121
2026-07-03 03:27:00,4139.53,4140.2,4136.93,4137.3,2061
2026-07-03 03:30:00,4137.28,4138.22,4133.22,4133.8,2100
2026-07-03 03:33:00,4133.83,4137.15,4133.34,4137.04,2098
2026-07-03 03:36:00,4137.01,4139.63,4136.04,4137.38,2089
2026-07-03 03:39:00,4137.35,4139.09,4137.08,4137.49,2084
2026-07-03 03:42:00,4137.51,4137.84,4134.13,4136.41,2063
2026-07-03 03:45:00,4136.38,4138.9,4135.47,4138.37,2088
2026-07-03 03:48:00,4138.34,4141.26,4137.7,4141.13,2029
2026-07-03 03:51:00,4141.11,4148.59,4140.67,4145.55,2422
2026-07-03 03:54:00,4145.54,4150.71,4145.01,4150.23,2262
2026-07-03 03:57:00,4150.26,4151.02,4147.26,4147.28,2199
2026-07-03 04:00:00,4147.27,4153.11,4146.67,4152.83,2844
2026-07-03 04:03:00,4152.87,4161.68,4152.47,4159.77,3026
2026-07-03 04:06:00,4159.74,4171.14,4159.38,4170.33,2746
2026-07-03 04:09:00,4170.32,4176.14,4167.6,4174.66,2923
2026-07-03 04:12:00,4174.68,4179.36,4173.58,4176.15,2631
2026-07-03 04:15:00,4176.17,4181.57,4174.07,4176.94,2595
2026-07-03 04:18:00,4176.94,4186.99,4176.66,4185.9,2599
2026-07-03 04:21:00,4185.88,4187.35,4183.35,4185.36,2481
2026-07-03 04:24:00,4185.38,4194.26,4185.03,4188.23,2703
2026-07-03 04:27:00,4188.24,4192.89,4186.61,4187.58,2487
2026-07-03 04:30:00,4187.56,4192.98,4182.54,4191.56,2747
2026-07-03 04:33:00,4191.6,4195.43,4189.04,4192.35,2641
2026-07-03 04:36:00,4192.35,4192.41,4184.79,4185.62,2478
2026-07-03 04:39:00,4185.63,4186.53,4181.51,4181.86,2262
2026-07-03 04:42:00,4181.89,4183.99,4179.31,4179.82,2244
2026-07-03 04:45:00,4179.79,4179.93,4176.29,4179.11,2176
2026-07-03 04:48:00,4179.11,4182.83,4177.38,4177.46,2321
2026-07-03 04:51:00,4177.44,4177.81,4175.31,4176.4,2074
2026-07-03 04:54:00,4176.4,4182.49,4175.97,4181.68,2313
2026-07-03 04:57:00,4181.69,4184.09,4180.2,4182.27,2180
2026-07-03 05:00:00,4182.29,4184.31,4177.14,4178.92,2265
2026-07-03 05:03:00,4178.93,4182.01,4178.62,4179.85,2092
2026-07-03 05:06:00,4179.85,4181.15,4178.81,4178.86,2123
2026-07-03 05:09:00,4178.85,4182.08,4178.57,4179.74,2198
2026-07-03 05:12:00,4179.66,4180.87,4178.54,4179.5,2315
2026-07-03 05:15:00,4179.48,4181.25,4179.1,4179.74,1981
2026-07-03 05:18:00,4179.74,4179.91,4176.59,4178.18,2125
2026-07-03 05:21:00,4178.18,4180.57,4177.76,4179.62,1914
2026-07-03 05:24:00,4179.62,4179.63,4176.56,4178.48,1964
2026-07-03 05:27:00,4178.48,4179.63,4176.89,4179.15,1920
2026-07-03 05:30:00,4179.15,4182.76,4178.16,4180.25,2366
2026-07-03 05:33:00,4180.27,4181.7,4179.38,4180.63,2121
2026-07-03 05:36:00,4180.61,4185.46,4179.48,4184.83,2176
2026-07-03 05:39:00,4184.84,4186.89,4184.84,4186.34,2045
2026-07-03 05:42:00,4186.35,4186.39,4181.35,4183.31,2163
2026-07-03 05:45:00,4183.32,4184.28,4179.84,4180.26,2064
2026-07-03 05:48:00,4180.26,4180.87,4178.85,4179.87,2018
2026-07-03 05:51:00,4179.88,4186.01,4179.55,4185.35,2128
2026-07-03 05:54:00,4185.35,4186.17,4182.41,4185.53,2157
2026-07-03 05:57:00,4185.53,4186.71,4183.55,4183.55,1997
2026-07-03 06:00:00,4183.57,4184.61,4179.78,4180.69,2139
2026-07-03 06:03:00,4180.68,4182.85,4179.86,4182.81,2061
2026-07-03 06:06:00,4182.82,4183.38,4180.4,4181.01,2043
2026-07-03 06:09:00,4181.01,4183.1,4180.59,4182.34,2017
2026-07-03 06:12:00,4182.33,4183.91,4181.72,4182.75,1991
2026-07-03 06:15:00,4182.73,4183.65,4181.53,4181.73,2000
2026-07-03 06:18:00,4181.72,4182.68,4181.5,4181.61,1908
2026-07-03 06:21:00,4181.6,4183.3,4179.7,4179.8,1962
2026-07-03 06:24:00,4179.81,4181.12,4179.32,4180.83,1908
2026-07-03 06:27:00,4180.8,4182.4,4180.54,4181.45,1946
2026-07-03 06:30:00,4181.43,4181.72,4179.32,4180.83,2047
2026-07-03 06:33:00,4180.85,4183.17,4180.74,4180.76,1920
2026-07-03 06:36:00,4180.73,4182.63,4180.29,4180.55,1996
2026-07-03 06:39:00,4180.58,4182.41,4179.23,4179.9,1977
2026-07-03 06:42:00,4180.05,4181.04,4177.37,4177.45,1959
2026-07-03 06:45:00,4177.43,4178.87,4176.7,4178.43,1917
2026-07-03 06:48:00,4178.44,4179.44,4176.37,4176.99,1895
2026-07-03 06:51:00,4176.97,4177.67,4176.4,4177.08,1848
2026-07-03 06:54:00,4177.07,4177.14,4175.45,4175.67,1849
2026-07-03 06:57:00,4175.69,4176.69,4175.26,4176.03,1841
2026-07-03 07:00:00,4176.0,4176.59,4174.86,4175.12,1932
2026-07-03 07:03:00,4175.11,4175.28,4173.17,4174.72,1919
2026-07-03 07:06:00,4174.72,4177.08,4174.06,4176.6,1834
2026-07-03 07:09:00,4176.61,4178.29,4176.44,4178.25,1854
2026-07-03 07:12:00,4178.26,4178.95,4177.56,4177.7,1892
2026-07-03 07:15:00,4177.72,4179.22,4176.63,4178.83,1886
2026-07-03 07:18:00,4178.85,4181.43,4178.35,4180.8,1962
2026-07-03 07:21:00,4180.77,4182.79,4178.72,4179.21,2007
2026-07-03 07:24:00,4179.14,4179.5,4178.13,4179.02,1853
2026-07-03 07:27:00,4179.03,4179.34,4178.18,4178.54,1835
2026-07-03 07:30:00,4178.54,4178.73,4176.44,4176.58,1874
2026-07-03 07:33:00,4176.61,4177.84,4175.7,4176.95,1875
2026-07-03 07:36:00,4176.94,4177.7,4175.34,4176.11,1845
2026-07-03 07:39:00,4176.11,4176.83,4175.82,4176.01,1813
2026-07-03 07:42:00,4176.01,4178.01,4175.82,4177.23,1778
2026-07-03 07:45:00,4177.21,4178.35,4176.26,4176.73,1807
2026-07-03 07:48:00,4176.72,4177.0,4175.13,4175.45,1848
2026-07-03 07:51:00,4175.42,4175.97,4174.57,4175.84,1818
2026-07-03 07:54:00,4175.84,4177.92,4174.64,4177.59,1879
2026-07-03 07:57:00,4177.57,4178.89,4177.18,4178.84,1810
2026-07-03 08:00:00,4178.83,4180.01,4177.11,4177.62,1948
2026-07-03 08:03:00,4177.61,4180.97,4177.03,4180.15,1969
2026-07-03 08:06:00,4180.14,4181.19,4179.98,4180.33,1942
2026-07-03 08:09:00,4180.35,4180.59,4177.8,4177.98,1972
2026-07-03 08:12:00,4177.97,4178.73,4177.52,4178.33,1970
2026-07-03 08:15:00,4178.33,4179.18,4176.3,4177.4,2022
2026-07-03 08:18:00,4177.4,4179.23,4177.17,4177.33,1877
2026-07-03 08:21:00,4177.33,4177.34,4173.06,4173.46,2041
2026-07-03 08:24:00,4173.47,4175.67,4173.11,4175.16,1938
2026-07-03 08:27:00,4175.14,4177.13,4174.8,4176.05,1891
2026-07-03 08:30:00,4176.07,4181.88,4174.47,4179.03,2546
2026-07-03 08:33:00,4179.08,4179.74,4177.73,4177.94,2226
2026-07-03 08:36:00,4177.93,4178.4,4174.2,4174.22,2120
2026-07-03 08:39:00,4174.25,4176.3,4173.18,4176.1,2129
2026-07-03 08:42:00,4176.12,4176.18,4174.03,4175.05,2050
2026-07-03 08:45:00,4175.05,4176.46,4172.54,4172.86,2066
2026-07-03 08:48:00,4172.87,4172.97,4169.18,4171.04,2127
2026-07-03 08:51:00,4171.03,4173.64,4170.63,4172.02,1994
2026-07-03 08:54:00,4172.03,4172.33,4170.44,4171.93,2041
2026-07-03 08:57:00,4171.94,4172.01,4170.77,4171.2,1964
2026-07-03 09:00:00,4171.18,4171.81,4167.31,4167.88,2289
2026-07-03 09:03:00,4167.89,4168.55,4164.54,4168.46,2378
2026-07-03 09:06:00,4168.47,4171.2,4167.75,4170.13,2171
2026-07-03 09:09:00,4170.11,4171.2,4166.68,4166.73,2139
2026-07-03 09:12:00,4166.73,4167.24,4162.15,4162.42,2279
2026-07-03 09:15:00,4162.42,4164.51,4160.46,4164.12,2241
2026-07-03 09:18:00,4164.11,4166.51,4163.3,4166.09,2504
2026-07-03 09:21:00,4166.07,4167.06,4162.99,4163.35,2103
2026-07-03 09:24:00,4163.36,4165.16,4163.21,4164.5,2171
2026-07-03 09:27:00,4164.49,4166.47,4163.75,4164.82,2128
2026-07-03 09:30:00,4164.83,4168.31,4164.43,4166.91,2168
2026-07-03 09:33:00,4166.91,4171.24,4166.67,4170.8,2325
2026-07-03 09:36:00,4170.79,4173.66,4170.79,4172.45,2120
2026-07-03 09:39:00,4172.43,4172.45,4168.71,4170.45,2091
2026-07-03 09:42:00,4170.46,4172.39,4170.21,4171.12,2408
2026-07-03 09:45:00,4171.11,4172.94,4170.28,4171.98,2177
2026-07-03 09:48:00,4172.0,4173.78,4171.13,4173.61,2173
2026-07-03 09:51:00,4173.61,4174.49,4171.57,4174.07,2163
2026-07-03 09:54:00,4174.08,4174.31,4170.9,4171.05,2102
2026-07-03 09:57:00,4171.05,4174.39,4171.05,4173.15,2163
2026-07-03 10:00:00,4173.12,4174.15,4171.24,4171.62,2231
2026-07-03 10:03:00,4171.65,4176.85,4171.64,4176.58,2192
2026-07-03 10:06:00,4176.58,4179.23,4176.04,4178.77,2131
2026-07-03 10:09:00,4178.78,4181.17,4177.72,4178.0,2119
2026-07-03 10:12:00,4178.03,4178.06,4172.37,4174.14,2093
2026-07-03 10:15:00,4174.17,4174.73,4170.96,4171.98,2240
2026-07-03 10:18:00,4171.99,4172.79,4171.42,4171.81,2042
2026-07-03 10:21:00,4171.83,4172.17,4169.28,4172.14,1995
2026-07-03 10:24:00,4172.17,4174.62,4172.03,4174.32,2051
2026-07-03 10:27:00,4174.31,4175.97,4172.73,4175.38,2002
2026-07-03 10:30:00,4175.37,4177.11,4173.84,4175.64,2162
2026-07-03 10:33:00,4175.65,4178.41,4175.08,4177.16,2112
2026-07-03 10:36:00,4177.15,4177.92,4176.7,4177.86,2274
2026-07-03 10:39:00,4177.88,4179.49,4176.92,4176.99,1988
2026-07-03 10:42:00,4176.94,4179.76,4176.81,4179.41,2011
2026-07-03 10:45:00,4179.41,4180.59,4178.84,4179.89,1980
2026-07-03 10:48:00,4179.89,4181.65,4179.67,4180.9,2298
2026-07-03 10:51:00,4180.91,4181.02,4177.07,4178.63,2031
2026-07-03 10:54:00,4178.62,4178.73,4176.52,4176.96,1982
2026-07-03 10:57:00,4176.96,4177.5,4174.83,4177.5,2003
2026-07-03 11:00:00,4177.53,4184.7,4177.45,4184.49,2223
2026-07-03 11:03:00,4184.47,4185.76,4182.06,4185.32,1999
2026-07-03 11:06:00,4185.35,4185.84,4181.66,4181.7,2050
2026-07-03 11:09:00,4181.69,4183.56,4181.29,4183.27,1945
2026-07-03 11:12:00,4183.24,4185.07,4183.23,4183.98,1944
2026-07-03 11:15:00,4183.97,4184.5,4182.66,4183.84,1934
2026-07-03 11:18:00,4183.82,4185.39,4183.41,4185.31,1996
2026-07-03 11:21:00,4185.29,4185.32,4182.3,4183.57,1950
2026-07-03 11:24:00,4183.6,4184.16,4181.95,4182.45,1977
2026-07-03 11:27:00,4182.45,4183.28,4181.25,4183.13,2000
2026-07-03 11:30:00,4183.15,4184.73,4180.91,4183.88,2058
2026-07-03 11:33:00,4183.89,4186.57,4182.91,4185.2,2032
2026-07-03 11:36:00,4185.19,4186.38,4183.04,4183.5,2347
2026-07-03 11:39:00,4183.51,4183.76,4180.67,4181.75,2157
2026-07-03 11:42:00,4181.75,4184.37,4181.51,4184.07,2074
2026-07-03 11:45:00,4184.09,4185.51,4179.2,4179.61,2334
2026-07-03 11:48:00,4179.58,4179.95,4177.08,4177.88,1998
2026-07-03 11:51:00,4177.87,4180.09,4176.86,4179.73,2184
2026-07-03 11:54:00,4179.7,4181.09,4179.36,4180.06,2131
2026-07-03 11:57:00,4180.04,4182.42,4180.04,4181.03,1968
2026-07-03 12:00:00,4181.03,4181.2,4179.3,4180.1,1995
2026-07-03 12:03:00,4180.11,4181.44,4179.83,4181.31,1955
2026-07-03 12:06:00,4181.27,4181.86,4179.35,4179.69,1965
2026-07-03 12:09:00,4179.68,4179.7,4175.9,4178.14,1999
2026-07-03 12:12:00,4178.11,4180.44,4177.71,4180.42,2387
2026-07-03 12:15:00,4180.41,4180.47,4175.51,4176.37,1986
2026-07-03 12:18:00,4176.38,4177.16,4175.8,4176.94,2248
2026-07-03 12:21:00,4176.94,4177.55,4173.46,4173.7,2219
2026-07-03 12:24:00,4173.7,4174.5,4172.21,4172.24,2010
2026-07-03 12:27:00,4172.35,4173.97,4171.24,4171.96,2066
2026-07-03 12:30:00,4171.98,4173.01,4170.46,4172.33,2144
2026-07-03 12:33:00,4172.33,4172.95,4168.82,4169.69,1969
2026-07-03 12:36:00,4169.69,4171.11,4168.44,4170.96,1972
2026-07-03 12:39:00,4170.96,4172.01,4169.86,4170.65,2320
2026-07-03 12:42:00,4170.63,4172.49,4170.17,4172.17,1969
2026-07-03 12:45:00,4172.14,4173.31,4171.85,4171.95,1971
2026-07-03 12:48:00,4171.98,4173.65,4171.6,4171.79,1898
2026-07-03 12:51:00,4171.79,4174.27,4171.68,4173.72,1919
2026-07-03 12:54:00,4173.71,4175.07,4173.0,4173.04,1866
2026-07-03 12:57:00,4173.05,4173.48,4171.98,4172.03,1852
2026-07-03 13:00:00,4172.01,4175.92,4170.69,4174.36,1910
2026-07-03 13:03:00,4174.34,4176.69,4174.28,4176.53,1866
2026-07-03 13:06:00,4176.54,4179.06,4176.25,4179.03,1916
2026-07-03 13:09:00,4179.04,4180.53,4177.69,4179.54,1893
2026-07-03 13:12:00,4179.54,4180.77,4179.23,4179.8,1931
2026-07-03 13:15:00,4179.8,4180.34,4178.96,4179.06,1902
2026-07-03 13:18:00,4179.09,4180.39,4178.04,4180.34,2010
2026-07-03 13:21:00,4180.35,4181.13,4179.86,4180.04,2129
2026-07-03 13:24:00,4180.06,4181.04,4179.35,4180.53,1933
2026-07-03 13:27:00,4180.56,4181.1,4178.2,4178.49,2026
2026-07-03 13:30:00,4178.47,4179.05,4177.29,4177.79,1899
2026-07-03 13:33:00,4177.81,4178.02,4176.13,4176.36,1942
2026-07-03 13:36:00,4176.34,4177.25,4175.54,4176.88,2224
2026-07-03 13:39:00,4176.91,4177.54,4176.0,4176.38,1826
2026-07-03 13:42:00,4176.39,4177.93,4176.33,4177.68,1881
2026-07-03 13:45:00,4177.71,4178.43,4176.33,4176.4,1792
2026-07-03 13:48:00,4176.41,4176.52,4174.72,4176.15,1846
2026-07-03 13:51:00,4176.14,4178.7,4175.95,4176.18,1938
2026-07-03 13:54:00,4176.11,4177.42,4176.11,4177.26,2214
2026-07-03 13:57:00,4177.25,4177.98,4176.9,4177.1,1807
2026-07-03 14:00:00,4177.12,4177.37,4175.48,4176.79,1992
2026-07-03 14:03:00,4176.79,4179.51,4176.77,4179.32,1921
2026-07-03 14:06:00,4179.29,4179.52,4177.47,4178.25,1904
2026-07-03 14:09:00,4178.24,4179.95,4177.91,4179.95,1823
2026-07-03 14:12:00,4180.03,4183.81,4179.57,4183.4,1881
2026-07-03 14:15:00,4183.37,4185.09,4183.29,4184.23,1876
2026-07-03 14:18:00,4184.19,4184.99,4183.06,4183.97,1936
2026-07-03 14:21:00,4183.98,4186.07,4182.66,4185.36,1896
2026-07-03 14:24:00,4185.35,4185.86,4183.82,4183.83,1894
2026-07-03 14:27:00,4183.84,4184.48,4183.08,4183.1,1900
2026-07-03 14:30:00,4183.1,4184.76,4182.63,4184.57,1934
2026-07-03 14:33:00,4184.57,4185.13,4183.49,4184.16,1851
2026-07-03 14:36:00,4184.15,4185.85,4184.15,4184.86,1875
2026-07-03 14:39:00,4184.87,4185.72,4184.73,4185.43,1849
2026-07-03 14:42:00,4185.4,4185.92,4184.81,4185.36,1897
2026-07-03 14:45:00,4185.37,4186.33,4184.29,4185.11,1879
2026-07-03 14:48:00,4185.11,4185.64,4183.51,4184.05,1919
2026-07-03 14:51:00,4184.06,4184.1,4181.39,4182.04,1915
2026-07-03 14:54:00,4182.09,4182.16,4180.5,4180.73,1886
2026-07-03 14:57:00,4180.74,4181.14,4178.6,4180.96,1891
2026-07-03 15:00:00,4180.96,4181.36,4179.74,4180.0,1924
2026-07-03 15:03:00,4180.01,4180.02,4177.94,4178.72,1937
2026-07-03 15:06:00,4178.7,4183.21,4178.69,4182.77,2007
2026-07-03 15:09:00,4182.77,4183.08,4179.42,4180.25,1988
2026-07-03 15:12:00,4180.25,4180.88,4177.92,4178.01,1978
2026-07-03 15:15:00,4178.0,4178.27,4175.4,4175.81,1971
2026-07-03 15:18:00,4175.8,4176.59,4173.4,4173.76,2106
2026-07-03 15:21:00,4173.79,4175.28,4173.15,4174.51,1948
2026-07-03 15:24:00,4174.53,4174.7,4173.58,4173.89,2172
2026-07-03 15:27:00,4173.88,4174.79,4172.22,4174.77,2073
2026-07-03 15:30:00,4174.78,4175.04,4172.91,4174.27,2153
2026-07-03 15:33:00,4174.28,4177.57,4174.24,4177.55,2040
2026-07-03 15:36:00,4177.56,4177.57,4173.07,4173.19,2087
2026-07-03 15:39:00,4173.19,4175.71,4173.11,4175.1,1951
2026-07-03 15:42:00,4175.12,4175.31,4173.51,4174.98,2288
2026-07-03 15:45:00,4174.98,4176.08,4174.39,4175.93,1933
2026-07-03 15:48:00,4175.94,4177.53,4175.53,4177.52,1927
2026-07-03 15:51:00,4177.51,4177.58,4174.88,4174.88,2226
2026-07-03 15:54:00,4174.86,4175.37,4173.9,4174.12,2323
2026-07-03 15:57:00,4174.12,4177.33,4172.32,4176.86,1934
2026-07-03 16:00:00,4176.86,4179.31,4172.64,4174.42,2557
2026-07-03 16:03:00,4174.41,4175.05,4170.24,4171.1,2250
2026-07-03 16:06:00,4171.07,4171.99,4169.79,4169.93,2217
2026-07-03 16:09:00,4169.92,4170.05,4166.13,4166.77,2242
2026-07-03 16:12:00,4166.8,4168.15,4164.52,4166.64,2176
2026-07-03 16:15:00,4166.65,4170.77,4166.58,4167.52,2096
2026-07-03 16:18:00,4167.55,4171.14,4167.54,4170.79,2126
2026-07-03 16:21:00,4170.8,4170.8,4167.77,4167.96,2016
2026-07-03 16:24:00,4167.96,4171.7,4167.5,4171.03,2083
2026-07-03 16:27:00,4171.03,4172.2,4170.66,4171.48,1893
2026-07-03 16:30:00,4171.47,4171.69,4166.66,4167.73,2145
2026-07-03 16:33:00,4167.74,4167.76,4165.79,4166.49,2037
2026-07-03 16:36:00,4166.47,4168.62,4165.07,4167.32,2109
2026-07-03 16:39:00,4167.34,4168.35,4166.43,4166.71,2137
2026-07-03 16:42:00,4166.7,4168.08,4165.86,4166.92,2065
2026-07-03 16:45:00,4166.94,4167.38,4164.47,4165.03,2149
2026-07-03 16:48:00,4165.01,4165.76,4163.55,4165.64,2081
2026-07-03 16:51:00,4165.57,4167.77,4164.36,4167.5,2049
2026-07-03 16:54:00,4167.53,4168.3,4166.34,4167.94,2019
2026-07-03 16:57:00,4167.97,4168.83,4163.66,4164.7,2118
2026-07-03 17:00:00,4164.7,4165.97,4163.07,4164.57,2153
2026-07-03 17:03:00,4164.58,4167.13,4163.34,4164.2,2015
2026-07-03 17:06:00,4164.2,4164.29,4156.9,4157.03,2197
2026-07-03 17:09:00,4157.06,4163.63,4155.43,4161.84,2153
2026-07-03 17:12:00,4161.82,4163.43,4160.5,4162.18,2014
2026-07-03 17:15:00,4162.2,4165.39,4162.12,4164.82,2419
2026-07-03 17:18:00,4164.49,4164.54,4161.95,4162.91,2002
2026-07-03 17:21:00,4162.9,4164.54,4161.29,4164.0,2069
2026-07-03 17:24:00,4164.0,4165.06,4162.1,4164.89,2152
2026-07-03 17:27:00,4164.91,4166.83,4164.65,4166.23,2097
2026-07-03 17:30:00,4166.23,4167.15,4164.98,4165.31,2010
2026-07-03 17:33:00,4165.28,4165.58,4163.68,4165.02,2035
2026-07-03 17:36:00,4165.01,4166.22,4164.52,4165.64,1993
2026-07-03 17:39:00,4165.61,4167.31,4164.88,4166.92,2114
2026-07-03 17:42:00,4166.93,4166.98,4163.46,4163.95,1952
2026-07-03 17:45:00,4163.94,4167.86,4163.69,4167.76,1935
2026-07-03 17:48:00,4167.77,4168.67,4166.05,4168.56,1950
2026-07-03 17:51:00,4168.54,4168.56,4166.7,4167.01,1965
2026-07-03 17:54:00,4167.01,4168.61,4167.01,4167.58,1933
2026-07-03 17:57:00,4167.6,4171.18,4167.34,4169.81,1954
2026-07-03 18:00:00,4169.82,4170.47,4168.65,4170.23,2009
2026-07-03 18:03:00,4170.25,4173.04,4170.13,4171.42,2046
2026-07-03 18:06:00,4171.4,4172.46,4171.24,4172.16,1903
2026-07-03 18:09:00,4172.15,4174.16,4170.91,4173.86,2007
2026-07-03 18:12:00,4173.87,4174.0,4171.98,4172.25,1946
2026-07-03 18:15:00,4172.24,4174.39,4171.87,4172.91,1974
2026-07-03 18:18:00,4172.93,4172.93,4168.91,4170.05,2011
2026-07-03 18:21:00,4170.06,4170.37,4169.39,4170.18,1919
2026-07-03 18:24:00,4170.18,4170.18,4168.32,4169.48,1928
2026-07-03 18:27:00,4169.46,4169.49,4166.98,4167.49,1998
2026-07-03 18:30:00,4167.49,4168.64,4166.0,4167.64,2014
2026-07-03 18:33:00,4167.66,4168.23,4166.58,4167.32,1921
2026-07-03 18:36:00,4167.32,4168.86,4166.83,4167.46,1847
2026-07-03 18:39:00,4167.49,4168.14,4166.89,4167.46,1895
2026-07-03 18:42:00,4167.45,4168.84,4167.06,4167.73,1901
2026-07-03 18:45:00,4167.7,4168.94,4167.01,4168.9,1890
2026-07-03 18:48:00,4168.89,4168.97,4167.43,4167.63,2020
2026-07-03 18:51:00,4167.64,4167.66,4165.66,4167.17,1929
2026-07-03 18:54:00,4167.18,4167.3,4164.58,4165.55,1892
2026-07-03 18:57:00,4165.55,4165.79,4164.51,4164.89,2044
2026-07-03 19:00:00,4164.86,4165.44,4164.1,4164.73,1874
2026-07-03 19:03:00,4164.72,4165.5,4163.94,4163.95,1784
2026-07-03 19:06:00,4164.01,4164.57,4163.1,4164.0,1796
2026-07-03 19:09:00,4164.01,4165.74,4163.97,4164.76,1779
2026-07-03 19:12:00,4164.75,4165.4,4163.91,4164.18,1779
2026-07-03 19:15:00,4164.18,4164.43,4163.38,4163.7,1713
2026-07-03 19:18:00,4163.71,4165.58,4162.8,4165.46,1813
2026-07-03 19:21:00,4165.46,4166.28,4164.4,4166.11,1806
2026-07-03 19:24:00,4166.11,4167.6,4166.05,4166.51,1755
2026-07-03 19:27:00,4166.53,4166.76,4166.08,4166.72,2236
2026-07-03 19:30:00,4166.7,4168.5,4166.69,4168.12,1799
2026-07-03 19:33:00,4168.12,4170.48,4168.05,4169.6,2221
2026-07-03 19:36:00,4169.61,4169.65,4167.9,4168.25,2108
2026-07-03 19:39:00,4168.25,4169.86,4168.13,4169.51,1770
2026-07-03 19:42:00,4169.51,4170.42,4168.1,4170.13,2238
2026-07-03 19:45:00,4170.13,4171.96,4170.11,4170.21,1815
2026-07-03 19:48:00,4170.21,4171.9,4169.67,4171.6,2356
2026-07-03 19:51:00,4171.6,4175.7,4171.06,4175.39,2159
2026-07-03 19:54:00,4175.4,4176.42,4174.78,4176.4,1885
2026-07-03 19:57:00,4176.42,4176.42,4173.71,4174.92,1846
2026-07-06 01:03:00,4179.53,4182.35,4178.42,4181.78,1466
2026-07-06 01:06:00,4181.75,4186.02,4179.83,4181.51,3437
2026-07-06 01:09:00,4182.09,4182.85,4178.95,4180.75,2038
2026-07-06 01:12:00,4180.73,4182.47,4180.38,4181.2,1884
2026-07-06 01:15:00,4181.19,4182.04,4179.05,4180.69,1956
2026-07-06 01:18:00,4180.69,4181.32,4177.38,4179.34,1897
2026-07-06 01:21:00,4179.36,4182.68,4179.16,4181.87,1907
2026-07-06 01:24:00,4181.88,4183.16,4181.59,4182.49,1843
2026-07-06 01:27:00,4182.48,4185.87,4180.61,4184.85,1956
2026-07-06 01:30:00,4184.83,4188.03,4182.82,4187.56,2040
2026-07-06 01:33:00,4187.54,4187.56,4185.37,4186.27,1892
2026-07-06 01:36:00,4186.26,4190.87,4186.26,4190.48,1983
2026-07-06 01:39:00,4190.49,4191.5,4188.55,4188.81,1849
2026-07-06 01:42:00,4188.82,4189.99,4186.62,4188.72,1881
2026-07-06 01:45:00,4188.72,4189.93,4187.43,4189.73,1896
2026-07-06 01:48:00,4189.71,4189.95,4183.32,4184.07,1902
2026-07-06 01:51:00,4184.09,4187.38,4184.01,4184.44,1972
2026-07-06 01:54:00,4184.44,4186.95,4184.09,4186.58,1914
2026-07-06 01:57:00,4186.57,4189.89,4185.75,4188.31,1885
2026-07-06 02:00:00,4188.34,4191.43,4188.23,4189.58,1941
2026-07-06 02:03:00,4189.59,4190.34,4188.47,4190.33,1819
2026-07-06 02:06:00,4190.3,4190.97,4188.73,4190.57,1819
2026-07-06 02:09:00,4190.55,4191.01,4188.27,4189.55,1838
2026-07-06 02:12:00,4189.52,4190.2,4186.86,4187.56,1869
2026-07-06 02:15:00,4187.56,4189.93,4186.7,4188.1,1888
2026-07-06 02:18:00,4188.1,4189.65,4187.19,4189.56,1794
2026-07-06 02:21:00,4189.55,4191.04,4189.37,4190.98,1755
2026-07-06 02:24:00,4190.97,4191.16,4189.37,4190.79,1822
2026-07-06 02:27:00,4190.79,4201.74,4190.6,4200.31,2134
2026-07-06 02:30:00,4200.33,4201.4,4196.55,4198.26,2049
2026-07-06 02:33:00,4198.25,4198.26,4193.71,4195.43,1851
2026-07-06 02:36:00,4195.4,4197.34,4193.56,4197.32,1845
2026-07-06 02:39:00,4197.32,4198.83,4197.0,4198.7,1858
2026-07-06 02:42:00,4198.73,4198.86,4196.39,4196.39,1889
2026-07-06 02:45:00,4196.39,4197.24,4177.27,4180.65,2693
2026-07-06 02:48:00,4180.68,4183.89,4180.05,4183.03,2293
2026-07-06 02:51:00,4183.06,4183.4,4180.44,4182.82,2050
2026-07-06 02:54:00,4182.84,4185.43,4181.85,4185.07,2037
2026-07-06 02:57:00,4185.07,4185.22,4182.97,4183.15,2055
2026-07-06 03:00:00,4183.15,4185.36,4170.33,4175.81,2908
2026-07-06 03:03:00,4175.84,4177.34,4174.19,4176.01,2324
2026-07-06 03:06:00,4176.03,4177.02,4171.27,4175.4,2392
2026-07-06 03:09:00,4175.42,4178.8,4173.8,4175.8,2061
2026-07-06 03:12:00,4175.83,4177.5,4173.8,4174.96,2062
2026-07-06 03:15:00,4174.96,4181.55,4174.74,4179.78,2239
2026-07-06 03:18:00,4179.79,4179.94,4177.05,4178.17,2064
2026-07-06 03:21:00,4178.17,4179.14,4176.29,4177.77,2042
2026-07-06 03:24:00,4177.78,4178.47,4170.7,4171.38,2297
2026-07-06 03:27:00,4171.39,4175.95,4171.17,4174.61,2195
2026-07-06 03:30:00,4174.59,4180.98,4174.22,4180.09,2424
2026-07-06 03:33:00,4180.09,4182.44,4179.54,4180.88,2203
2026-07-06 03:36:00,4180.87,4183.79,4178.56,4182.73,2133
2026-07-06 03:39:00,4182.73,4185.88,4182.57,4185.42,2147
2026-07-06 03:42:00,4185.43,4187.46,4184.73,4185.97,2066
2026-07-06 03:45:00,4185.95,4188.97,4185.93,4186.3,2040
2026-07-06 03:48:00,4186.28,4186.37,4183.17,4184.54,2089
2026-07-06 03:51:00,4184.54,4185.32,4181.9,4184.92,2115
2026-07-06 03:54:00,4184.9,4188.25,4183.12,4185.54,2190
2026-07-06 03:57:00,4185.55,4186.16,4174.78,4179.81,2307
2026-07-06 04:00:00,4179.76,4185.71,4172.61,4185.59,2835
2026-07-06 04:03:00,4185.55,4192.65,4182.7,4185.35,2710
2026-07-06 04:06:00,4185.34,4185.51,4176.24,4180.36,2550
2026-07-06 04:09:00,4180.35,4183.88,4179.19,4180.46,2416
2026-07-06 04:12:00,4180.44,4189.31,4180.44,4188.81,2198
2026-07-06 04:15:00,4188.8,4192.8,4186.07,4187.0,2259
2026-07-06 04:18:00,4186.99,4190.54,4184.4,4187.38,2387
2026-07-06 04:21:00,4187.4,4187.92,4180.62,4182.51,2420
2026-07-06 04:24:00,4182.48,4187.18,4182.25,4185.21,2267
2026-07-06 04:27:00,4185.23,4189.71,4184.65,4189.52,2398
2026-07-06 04:30:00,4189.52,4194.15,4187.55,4192.0,2561
2026-07-06 04:33:00,4191.99,4198.24,4191.07,4193.58,2466
2026-07-06 04:36:00,4193.61,4200.5,4191.81,4196.82,2520
2026-07-06 04:39:00,4196.82,4198.2,4195.15,4196.81,2261
2026-07-06 04:42:00,4196.78,4200.48,4196.06,4198.23,2314
2026-07-06 04:45:00,4198.22,4200.96,4197.22,4200.32,2117
2026-07-06 04:48:00,4200.28,4202.98,4191.42,4192.68,2409
2026-07-06 04:51:00,4192.68,4194.7,4191.78,4192.5,2196
2026-07-06 04:54:00,4192.51,4194.31,4190.03,4192.65,2242
2026-07-06 04:57:00,4192.65,4193.04,4185.09,4186.05,2348
2026-07-06 05:00:00,4186.07,4187.82,4182.99,4186.48,2354
2026-07-06 05:03:00,4186.43,4187.61,4181.52,4182.63,2286
2026-07-06 05:06:00,4182.63,4183.37,4178.51,4181.45,2295
2026-07-06 05:09:00,4181.45,4181.93,4177.03,4178.94,2227
2026-07-06 05:12:00,4178.94,4181.47,4178.31,4180.9,2140
2026-07-06 05:15:00,4180.9,4182.18,4178.67,4181.79,2287
2026-07-06 05:18:00,4181.8,4185.47,4181.74,4185.15,2143
2026-07-06 05:21:00,4185.14,4186.06,4175.89,4176.3,2157
2026-07-06 05:24:00,4176.29,4180.19,4176.28,4177.82,2010
2026-07-06 05:27:00,4177.84,4179.8,4176.67,4177.65,2136
2026-07-06 05:30:00,4177.66,4178.64,4173.57,4173.74,2773
2026-07-06 05:33:00,4173.75,4175.89,4171.15,4171.33,2486
2026-07-06 05:36:00,4171.24,4175.41,4168.62,4175.41,2241
2026-07-06 05:39:00,4175.39,4175.95,4171.39,4174.31,2187
2026-07-06 05:42:00,4174.36,4175.72,4171.35,4172.45,2171
2026-07-06 05:45:00,4172.45,4175.64,4172.4,4173.67,2109
2026-07-06 05:48:00,4173.61,4175.15,4172.72,4173.12,2103
2026-07-06 05:51:00,4173.11,4175.96,4172.78,4173.64,2117
2026-07-06 05:54:00,4173.63,4174.89,4171.68,4171.89,2175
2026-07-06 05:57:00,4171.91,4175.16,4170.01,4174.1,2206
2026-07-06 06:00:00,4174.11,4176.37,4167.33,4167.6,2308
2026-07-06 06:03:00,4167.55,4171.09,4166.47,4169.88,2119
2026-07-06 06:06:00,4169.86,4170.16,4166.23,4167.89,2127
2026-07-06 06:09:00,4167.87,4171.89,4167.35,4170.98,2121
2026-07-06 06:12:00,4171.01,4171.38,4165.54,4166.63,2091
2026-07-06 06:15:00,4166.62,4167.89,4165.0,4167.14,2061
2026-07-06 06:18:00,4167.13,4167.13,4163.83,4165.61,2080
2026-07-06 06:21:00,4165.62,4166.39,4163.21,4165.21,2056
2026-07-06 06:24:00,4165.21,4165.78,4162.81,4163.34,1991
2026-07-06 06:27:00,4163.34,4166.87,4162.6,4166.03,2032
2026-07-06 06:30:00,4165.94,4167.49,4164.58,4166.48,2038
2026-07-06 06:33:00,4166.48,4167.53,4164.93,4167.42,1968
2026-07-06 06:36:00,4167.41,4169.13,4165.26,4166.05,1918
2026-07-06 06:39:00,4166.06,4166.54,4164.02,4164.76,2004
2026-07-06 06:42:00,4164.75,4165.05,4161.63,4162.84,2026
2026-07-06 06:45:00,4162.84,4164.6,4162.79,4164.29,1936
2026-07-06 06:48:00,4164.27,4165.1,4162.07,4163.74,2011
2026-07-06 06:51:00,4163.75,4164.29,4161.49,4162.38,1939
2026-07-06 06:54:00,4162.39,4166.72,4161.05,4165.99,1946
2026-07-06 06:57:00,4165.99,4166.37,4164.62,4165.23,1928
2026-07-06 07:00:00,4165.22,4166.62,4163.72,4163.8,1997
2026-07-06 07:03:00,4163.77,4163.93,4161.68,4162.36,2025
2026-07-06 07:06:00,4162.34,4163.55,4161.9,4162.36,1922
2026-07-06 07:09:00,4162.37,4163.77,4160.97,4163.32,1924
2026-07-06 07:12:00,4163.33,4163.86,4162.14,4163.5,1912
2026-07-06 07:15:00,4163.5,4164.55,4162.88,4163.46,1924
2026-07-06 07:18:00,4163.47,4164.38,4161.89,4162.62,1835
2026-07-06 07:21:00,4162.64,4162.66,4160.25,4161.75,1904
2026-07-06 07:24:00,4161.74,4163.47,4161.08,4162.04,1907
2026-07-06 07:27:00,4162.02,4163.49,4161.05,4161.32,1892
2026-07-06 07:30:00,4161.3,4162.44,4159.33,4159.69,2044
2026-07-06 07:33:00,4159.67,4160.18,4157.51,4159.93,1997
2026-07-06 07:36:00,4159.92,4160.95,4157.74,4159.12,1875
2026-07-06 07:39:00,4159.13,4160.7,4158.71,4159.85,1920
2026-07-06 07:42:00,4159.86,4160.87,4159.76,4160.17,1817
2026-07-06 07:45:00,4160.18,4160.64,4158.33,4159.36,1866
2026-07-06 07:48:00,4159.34,4161.07,4159.06,4160.36,1935
2026-07-06 07:51:00,4160.38,4160.97,4158.44,4158.51,1896
2026-07-06 07:54:00,4158.49,4160.98,4158.08,4160.94,1933
2026-07-06 07:57:00,4160.93,4161.04,4159.48,4159.76,1859
2026-07-06 08:00:00,4159.73,4160.99,4157.24,4157.58,2038
2026-07-06 08:03:00,4157.57,4157.78,4152.23,4154.02,2016
2026-07-06 08:06:00,4154.03,4156.04,4152.1,4153.74,1901
2026-07-06 08:09:00,4153.72,4155.92,4153.09,4155.49,1922
2026-07-06 08:12:00,4155.48,4155.5,4151.3,4152.14,1931
2026-07-06 08:15:00,4152.12,4152.75,4151.12,4152.16,1927
2026-07-06 08:18:00,4152.14,4153.53,4151.24,4151.9,1911
2026-07-06 08:21:00,4151.91,4151.98,4150.56,4151.79,1914
2026-07-06 08:24:00,4151.79,4153.92,4151.3,4153.1,1953
2026-07-06 08:27:00,4153.11,4154.35,4152.08,4152.82,1906
2026-07-06 08:30:00,4152.77,4155.51,4149.56,4155.24,2474
2026-07-06 08:33:00,4155.22,4159.77,4153.9,4159.65,2289
2026-07-06 08:36:00,4159.66,4160.36,4157.06,4157.28,2140
2026-07-06 08:39:00,4157.3,4157.89,4153.28,4157.03,2187
2026-07-06 08:42:00,4157.04,4157.93,4155.24,4155.29,2152
2026-07-06 08:45:00,4155.32,4155.32,4152.66,4154.5,2077
2026-07-06 08:48:00,4154.5,4156.03,4153.73,4154.61,2087
2026-07-06 08:51:00,4154.58,4156.81,4154.16,4156.16,2110
2026-07-06 08:54:00,4156.14,4156.86,4151.83,4151.91,2141
2026-07-06 08:57:00,4151.91,4153.09,4144.81,4147.94,2314
2026-07-06 09:00:00,4147.93,4150.82,4146.35,4148.87,2226
2026-07-06 09:03:00,4148.89,4149.49,4145.77,4147.85,2234
2026-07-06 09:06:00,4147.86,4150.17,4146.61,4148.83,2114
2026-07-06 09:09:00,4148.75,4151.87,4148.75,4150.46,2094
2026-07-06 09:12:00,4150.43,4152.2,4149.9,4151.97,1980
2026-07-06 09:15:00,4151.94,4151.98,4147.85,4150.43,2016
2026-07-06 09:18:00,4150.42,4150.64,4148.02,4149.61,1986
2026-07-06 09:21:00,4149.44,4151.53,4149.43,4149.91,2051
2026-07-06 09:24:00,4149.91,4155.2,4149.88,4154.79,2080
2026-07-06 09:27:00,4154.81,4156.7,4154.6,4156.52,2353
2026-07-06 09:30:00,4156.5,4158.73,4155.6,4157.57,2212
2026-07-06 09:33:00,4157.58,4159.3,4156.6,4158.62,2070
2026-07-06 09:36:00,4158.63,4159.51,4156.54,4157.05,2276
2026-07-06 09:39:00,4157.03,4157.71,4154.82,4155.23,2013
2026-07-06 09:42:00,4155.2,4155.84,4153.2,4155.84,2407
2026-07-06 09:45:00,4155.81,4156.28,4154.09,4154.12,1997
2026-07-06 09:48:00,4154.13,4156.78,4154.03,4155.54,1884
2026-07-06 09:51:00,4155.54,4155.71,4152.28,4152.69,1975
2026-07-06 09:54:00,4152.68,4152.7,4149.31,4149.86,2126
2026-07-06 09:57:00,4149.84,4151.16,4148.99,4150.3,2059
2026-07-06 10:00:00,4150.31,4153.04,4148.65,4152.05,2271
2026-07-06 10:03:00,4152.05,4153.42,4150.98,4151.24,2086
2026-07-06 10:06:00,4151.24,4151.24,4148.22,4148.41,2037
2026-07-06 10:09:00,4148.43,4149.57,4147.19,4148.38,2221
2026-07-06 10:12:00,4148.41,4151.03,4147.16,4151.02,2067
2026-07-06 10:15:00,4151.02,4152.63,4150.29,4152.36,2133
2026-07-06 10:18:00,4152.37,4154.28,4151.58,4152.66,2155
2026-07-06 10:21:00,4152.67,4155.7,4152.12,4153.5,2160
2026-07-06 10:24:00,4153.51,4154.48,4151.82,4151.86,2457
2026-07-06 10:27:00,4151.83,4154.66,4151.5,4152.91,1983
2026-07-06 10:30:00,4152.93,4156.54,4151.16,4156.38,2089
2026-07-06 10:33:00,4156.39,4157.86,4155.53,4156.25,1954
2026-07-06 10:36:00,4156.22,4158.25,4155.74,4157.69,2244
2026-07-06 10:39:00,4157.7,4161.92,4157.7,4161.52,1931
2026-07-06 10:42:00,4161.52,4164.3,4160.85,4163.54,2009
2026-07-06 10:45:00,4163.55,4165.07,4162.56,4163.28,1974
2026-07-06 10:48:00,4163.27,4166.25,4163.26,4164.05,2098
2026-07-06 10:51:00,4164.07,4164.66,4162.1,4163.6,2462
2026-07-06 10:54:00,4163.56,4164.84,4163.14,4164.41,1936
2026-07-06 10:57:00,4164.39,4165.21,4163.88,4164.45,1955
2026-07-06 11:00:00,4164.45,4166.03,4161.69,4161.7,2117
2026-07-06 11:03:00,4161.69,4162.02,4160.63,4161.21,1989
2026-07-06 11:06:00,4161.19,4162.79,4160.3,4161.93,1979
2026-07-06 11:09:00,4161.95,4162.54,4157.86,4157.91,2423
2026-07-06 11:12:00,4157.9,4159.49,4157.13,4158.02,2031
2026-07-06 11:15:00,4157.99,4158.74,4153.73,4154.12,2143
2026-07-06 11:18:00,4154.13,4156.65,4153.61,4155.96,2300
2026-07-06 11:21:00,4155.96,4156.68,4153.58,4154.12,2060
2026-07-06 11:24:00,4154.15,4155.8,4154.13,4155.79,2312
2026-07-06 11:27:00,4155.79,4156.78,4154.21,4155.46,2182
2026-07-06 11:30:00,4155.44,4155.84,4153.75,4154.43,1944
2026-07-06 11:33:00,4154.43,4155.96,4153.6,4154.94,2221
2026-07-06 11:36:00,4154.91,4154.98,4150.37,4150.5,2276
2026-07-06 11:39:00,4150.5,4153.35,4149.62,4153.32,1964
2026-07-06 11:42:00,4153.35,4153.37,4148.53,4149.02,2193
2026-07-06 11:45:00,4149.0,4150.43,4147.41,4147.47,2017
2026-07-06 11:48:00,4147.45,4149.25,4147.1,4148.46,1991
2026-07-06 11:51:00,4148.44,4152.43,4148.42,4152.3,2420
2026-07-06 11:54:00,4152.33,4152.91,4151.62,4151.86,1929
2026-07-06 11:57:00,4151.86,4152.4,4150.41,4150.48,1899
2026-07-06 12:00:00,4150.5,4150.75,4148.4,4149.11,2016
2026-07-06 12:03:00,4149.11,4150.16,4147.91,4148.68,1938
2026-07-06 12:06:00,4148.66,4151.28,4148.66,4150.34,1960
2026-07-06 12:09:00,4150.31,4150.37,4149.0,4149.64,2220
2026-07-06 12:12:00,4149.64,4150.18,4148.79,4149.73,1982
2026-07-06 12:15:00,4149.73,4149.85,4147.1,4147.29,1974
2026-07-06 12:18:00,4147.29,4148.68,4146.39,4147.53,1970
2026-07-06 12:21:00,4147.53,4148.91,4147.0,4147.33,1913
2026-07-06 12:24:00,4147.33,4147.65,4143.54,4144.3,2021
2026-07-06 12:27:00,4144.32,4144.42,4141.55,4143.65,2040
2026-07-06 12:30:00,4143.66,4143.66,4136.63,4139.01,2306
2026-07-06 12:33:00,4138.99,4140.14,4136.69,4138.71,2182
2026-07-06 12:36:00,4138.71,4142.7,4138.66,4141.17,2018
2026-07-06 12:39:00,4141.17,4142.86,4139.97,4140.08,2015
2026-07-06 12:42:00,4140.08,4141.56,4139.42,4139.47,1888
2026-07-06 12:45:00,4139.43,4140.9,4139.12,4140.62,1974
2026-07-06 12:48:00,4140.61,4142.59,4139.33,4142.59,1993
2026-07-06 12:51:00,4142.6,4143.4,4141.58,4142.77,1929
2026-07-06 12:54:00,4142.77,4144.05,4141.58,4143.84,1930
2026-07-06 12:57:00,4143.85,4144.69,4142.89,4143.23,1904
2026-07-06 13:00:00,4143.25,4144.93,4142.06,4142.48,1975
2026-07-06 13:03:00,4142.48,4143.86,4142.4,4143.19,1892
2026-07-06 13:06:00,4143.19,4144.15,4142.18,4143.91,1891
2026-07-06 13:09:00,4143.94,4145.72,4143.81,4145.71,1885
2026-07-06 13:12:00,4145.72,4148.5,4145.55,4148.27,1989
2026-07-06 13:15:00,4148.29,4149.16,4147.48,4148.78,1887
2026-07-06 13:18:00,4148.76,4150.73,4148.26,4149.71,2007
2026-07-06 13:21:00,4149.72,4149.89,4148.83,4149.86,2050
2026-07-06 13:24:00,4149.86,4150.76,4148.25,4148.83,1943
2026-07-06 13:27:00,4148.79,4150.19,4148.52,4148.84,1962
2026-07-06 13:30:00,4148.84,4151.12,4148.74,4150.51,1939
2026-07-06 13:33:00,4150.5,4154.31,4150.5,4152.71,1957
2026-07-06 13:36:00,4152.69,4154.84,4152.69,4153.32,1989
2026-07-06 13:39:00,4153.3,4154.35,4152.81,4153.73,2169
2026-07-06 13:42:00,4153.7,4155.58,4153.38,4154.41,2114
2026-07-06 13:45:00,4154.44,4154.65,4153.26,4153.96,2047
2026-07-06 13:48:00,4154.01,4155.01,4153.41,4154.47,1984
2026-07-06 13:51:00,4154.49,4155.81,4153.48,4153.63,2212
2026-07-06 13:54:00,4153.64,4154.52,4152.43,4154.09,1875
2026-07-06 13:57:00,4154.1,4155.1,4153.92,4154.9,2280
2026-07-06 14:00:00,4154.87,4156.31,4152.59,4152.83,2090
2026-07-06 14:03:00,4152.84,4154.04,4151.89,4153.75,1916
2026-07-06 14:06:00,4153.78,4154.14,4151.91,4152.25,1869
2026-07-06 14:09:00,4152.28,4153.0,4152.0,4152.19,1860
2026-07-06 14:12:00,4152.18,4155.1,4151.52,4154.81,1874
2026-07-06 14:15:00,4154.83,4157.04,4153.69,4156.48,1932
2026-07-06 14:18:00,4156.48,4158.45,4156.07,4156.37,1951
2026-07-06 14:21:00,4156.37,4157.16,4155.69,4157.15,1851
2026-07-06 14:24:00,4157.15,4159.21,4156.5,4159.15,1890
2026-07-06 14:27:00,4159.18,4159.55,4154.93,4155.01,1839
2026-07-06 14:30:00,4155.01,4158.14,4154.95,4158.14,1944
2026-07-06 14:33:00,4158.12,4158.74,4156.14,4156.44,1845
2026-07-06 14:36:00,4156.43,4156.45,4154.67,4154.95,1891
2026-07-06 14:39:00,4154.96,4156.12,4154.49,4155.36,1871
2026-07-06 14:42:00,4155.38,4155.38,4152.59,4153.6,1922
2026-07-06 14:45:00,4153.58,4155.27,4153.01,4153.14,1897
2026-07-06 14:48:00,4153.11,4153.61,4151.95,4152.58,1940
2026-07-06 14:51:00,4152.6,4154.46,4152.32,4154.13,1931
2026-07-06 14:54:00,4154.13,4155.76,4153.94,4154.37,1901
2026-07-06 14:57:00,4154.39,4155.91,4153.89,4155.26,1943
2026-07-06 15:00:00,4155.23,4157.53,4153.94,4157.53,2084
2026-07-06 15:03:00,4157.55,4158.4,4156.31,4156.84,1958
2026-07-06 15:06:00,4156.89,4158.5,4156.3,4157.06,1916
2026-07-06 15:09:00,4157.03,4158.1,4154.71,4155.15,1964
2026-07-06 15:12:00,4155.15,4156.56,4153.71,4156.1,2003
2026-07-06 15:15:00,4156.08,4157.05,4155.08,4155.43,1947
2026-07-06 15:18:00,4155.42,4157.6,4152.99,4153.39,2078
2026-07-06 15:21:00,4153.37,4153.83,4146.79,4148.4,2202
2026-07-06 15:24:00,4148.37,4149.76,4146.56,4148.72,2179
2026-07-06 15:27:00,4148.75,4148.82,4145.04,4145.76,2065
2026-07-06 15:30:00,4145.75,4146.27,4142.62,4144.07,2122
2026-07-06 15:33:00,4144.06,4145.21,4141.86,4142.01,2090
2026-07-06 15:36:00,4142.04,4142.4,4139.78,4140.61,2145
2026-07-06 15:39:00,4140.6,4140.62,4134.33,4134.81,2260
2026-07-06 15:42:00,4134.82,4134.83,4131.49,4133.36,2273
2026-07-06 15:45:00,4133.35,4140.72,4133.2,4137.63,2269
2026-07-06 15:48:00,4137.66,4138.07,4134.04,4137.01,2143
2026-07-06 15:51:00,4136.98,4139.83,4136.74,4138.91,2045
2026-07-06 15:54:00,4138.86,4142.2,4138.76,4141.55,2081
2026-07-06 15:57:00,4141.46,4142.77,4139.4,4139.63,2022
2026-07-06 16:00:00,4139.61,4146.63,4137.11,4145.3,2484
2026-07-06 16:03:00,4145.3,4146.67,4141.91,4143.97,2250
2026-07-06 16:06:00,4144.02,4148.44,4144.02,4147.56,2153
2026-07-06 16:09:00,4147.61,4148.36,4145.24,4145.74,2055
2026-07-06 16:12:00,4145.74,4147.25,4140.81,4141.31,2199
2026-07-06 16:15:00,4141.31,4142.35,4138.64,4140.98,2287
2026-07-06 16:18:00,4140.97,4141.62,4138.82,4140.37,2178
2026-07-06 16:21:00,4140.36,4148.5,4140.21,4148.04,2229
2026-07-06 16:24:00,4148.03,4148.79,4145.59,4145.68,2227
2026-07-06 16:27:00,4145.67,4146.37,4142.3,4142.3,2230
2026-07-06 16:30:00,4142.3,4148.0,4141.96,4147.94,2864
2026-07-06 16:33:00,4147.95,4150.12,4145.82,4146.89,2666
2026-07-06 16:36:00,4146.88,4148.68,4143.88,4146.34,2582
2026-07-06 16:39:00,4146.34,4150.44,4146.18,4147.71,2486
2026-07-06 16:42:00,4147.71,4149.33,4144.53,4149.27,2459
2026-07-06 16:45:00,4149.27,4149.58,4141.28,4142.64,2525
2026-07-06 16:48:00,4142.62,4148.77,4141.73,4145.29,2512
2026-07-06 16:51:00,4145.27,4146.05,4142.46,4145.15,2415
2026-07-06 16:54:00,4145.15,4147.33,4141.01,4142.34,2394
2026-07-06 16:57:00,4142.36,4143.1,4136.56,4140.85,2261
2026-07-06 17:00:00,4140.86,4147.23,4138.26,4144.03,2813
2026-07-06 17:03:00,4144.07,4144.18,4139.95,4140.52,2456
2026-07-06 17:06:00,4140.52,4141.16,4133.56,4134.86,2478
2026-07-06 17:09:00,4134.85,4145.0,4133.91,4141.58,2341
2026-07-06 17:12:00,4141.61,4143.66,4139.34,4140.65,2173
2026-07-06 17:15:00,4140.55,4140.84,4136.55,4138.78,2291
2026-07-06 17:18:00,4138.79,4138.98,4134.56,4135.74,2311
2026-07-06 17:21:00,4135.67,4138.62,4133.39,4135.41,2233
2026-07-06 17:24:00,4135.41,4136.11,4132.4,4135.25,2291
2026-07-06 17:27:00,4135.27,4138.96,4133.63,4137.21,2383
2026-07-06 17:30:00,4137.18,4137.9,4133.58,4136.46,2455
2026-07-06 17:33:00,4136.43,4141.29,4136.22,4139.47,2337
2026-07-06 17:36:00,4139.44,4141.83,4138.15,4138.42,2114
2026-07-06 17:39:00,4138.4,4139.07,4135.56,4135.84,2262
2026-07-06 17:42:00,4135.83,4136.68,4128.5,4130.25,2350
2026-07-06 17:45:00,4130.22,4134.5,4129.06,4132.98,2264
2026-07-06 17:48:00,4132.96,4135.68,4130.98,4134.99,2225
2026-07-06 17:51:00,4135.0,4136.58,4132.9,4135.43,2157
2026-07-06 17:54:00,4135.45,4137.21,4134.2,4135.47,2079
2026-07-06 17:57:00,4135.45,4138.25,4135.17,4138.18,2187
2026-07-06 18:00:00,4138.16,4140.45,4137.56,4140.3,2210
2026-07-06 18:03:00,4140.32,4144.52,4140.04,4143.14,2119
2026-07-06 18:06:00,4143.15,4146.51,4142.38,4144.82,2177
2026-07-06 18:09:00,4144.82,4145.29,4141.29,4141.36,2088
2026-07-06 18:12:00,4141.37,4141.66,4138.29,4139.73,2076
2026-07-06 18:15:00,4139.72,4142.74,4139.44,4142.24,2181
2026-07-06 18:18:00,4142.17,4142.98,4138.67,4140.26,2215
2026-07-06 18:21:00,4140.23,4143.36,4140.23,4142.71,2103
2026-07-06 18:24:00,4142.71,4145.53,4142.68,4145.29,2152
2026-07-06 18:27:00,4145.27,4150.97,4143.79,4150.66,2117
2026-07-06 18:30:00,4150.64,4151.89,4147.96,4150.44,2226
2026-07-06 18:33:00,4150.47,4151.93,4149.11,4149.19,2091
2026-07-06 18:36:00,4149.21,4149.77,4147.19,4149.39,2128
2026-07-06 18:39:00,4149.37,4151.25,4148.9,4150.96,2086
2026-07-06 18:42:00,4150.94,4150.94,4148.79,4149.96,2083
2026-07-06 18:45:00,4149.97,4150.59,4147.91,4148.54,2102
2026-07-06 18:48:00,4148.54,4148.83,4146.89,4147.97,1946
2026-07-06 18:51:00,4147.96,4148.21,4145.25,4145.44,2035
2026-07-06 18:54:00,4145.44,4147.93,4144.86,4147.92,1940
2026-07-06 18:57:00,4147.9,4148.75,4147.76,4148.36,1931
2026-07-06 19:00:00,4148.34,4148.42,4143.43,4143.63,2084
2026-07-06 19:03:00,4143.62,4144.92,4143.28,4143.78,1988
2026-07-06 19:06:00,4143.78,4144.93,4143.29,4144.14,1978
2026-07-06 19:09:00,4144.15,4144.74,4143.17,4143.48,1966
2026-07-06 19:12:00,4143.48,4143.74,4140.44,4140.54,2020
2026-07-06 19:15:00,4140.58,4142.74,4140.29,4142.22,2018
2026-07-06 19:18:00,4142.22,4144.02,4142.05,4143.25,2021
2026-07-06 19:21:00,4143.27,4144.74,4142.25,4144.7,1887
2026-07-06 19:24:00,4144.71,4146.36,4143.96,4145.65,2038
2026-07-06 19:27:00,4145.66,4145.68,4144.19,4145.58,1965
2026-07-06 19:30:00,4145.59,4148.47,4145.27,4147.38,2125
2026-07-06 19:33:00,4147.37,4148.29,4146.83,4147.39,2069
2026-07-06 19:36:00,4147.38,4149.58,4147.19,4148.38,2088
2026-07-06 19:39:00,4148.43,4149.83,4148.21,4149.13,2005
2026-07-06 19:42:00,4149.15,4150.34,4149.06,4149.41,2035
2026-07-06 19:45:00,4149.39,4150.16,4148.79,4149.52,2027
2026-07-06 19:48:00,4149.54,4153.37,4148.83,4153.1,1992
2026-07-06 19:51:00,4153.11,4154.59,4152.93,4154.01,2076
2026-07-06 19:54:00,4153.97,4155.62,4152.88,4153.24,2038
2026-07-06 19:57:00,4153.24,4156.22,4153.2,4155.03,2038
2026-07-06 20:00:00,4155.04,4155.78,4152.55,4152.72,2134
2026-07-06 20:03:00,4152.67,4155.64,4152.45,4155.02,2097
2026-07-06 20:06:00,4155.02,4156.26,4153.78,4155.27,2056
2026-07-06 20:09:00,4155.27,4155.38,4152.93,4153.51,1960
2026-07-06 20:12:00,4153.51,4155.51,4152.73,4153.56,2218
2026-07-06 20:15:00,4153.55,4154.65,4151.44,4151.52,2043
2026-07-06 20:18:00,4151.53,4152.52,4150.87,4151.03,2349
2026-07-06 20:21:00,4151.04,4157.54,4150.33,4157.06,2270
2026-07-06 20:24:00,4157.05,4159.58,4156.77,4157.46,2123
2026-07-06 20:27:00,4157.46,4158.44,4154.38,4155.47,2307
2026-07-06 20:30:00,4155.47,4157.26,4154.88,4156.28,2061
2026-07-06 20:33:00,4156.31,4158.63,4155.7,4157.65,2028
2026-07-06 20:36:00,4157.62,4158.78,4156.33,4158.66,2121
2026-07-06 20:39:00,4158.64,4159.28,4157.86,4159.21,2243
2026-07-06 20:42:00,4159.2,4159.27,4156.59,4156.74,2345
2026-07-06 20:45:00,4156.73,4159.14,4156.28,4158.55,2065
2026-07-06 20:48:00,4158.52,4160.0,4158.34,4159.92,2011
2026-07-06 20:51:00,4159.89,4161.18,4158.82,4159.16,1991
2026-07-06 20:54:00,4159.15,4160.49,4158.95,4160.18,1990
2026-07-06 20:57:00,4160.18,4161.61,4159.91,4161.36,1954
2026-07-06 21:00:00,4161.23,4161.94,4157.78,4157.82,2075
2026-07-06 21:03:00,4157.79,4158.11,4156.27,4156.32,2000
2026-07-06 21:06:00,4156.3,4156.94,4155.47,4156.05,2038
2026-07-06 21:09:00,4156.05,4156.99,4155.39,4156.83,1948
2026-07-06 21:12:00,4156.83,4158.42,4156.72,4158.17,1980
2026-07-06 21:15:00,4158.21,4161.6,4158.2,4160.85,1984
2026-07-06 21:18:00,4160.83,4161.6,4160.31,4161.6,2303
2026-07-06 21:21:00,4161.57,4161.98,4160.15,4161.65,1945
2026-07-06 21:24:00,4161.65,4162.35,4160.76,4162.25,2069
2026-07-06 21:27:00,4162.25,4163.14,4161.24,4161.88,2338
2026-07-06 21:30:00,4161.86,4162.23,4159.74,4162.19,2051
2026-07-06 21:33:00,4162.17,4166.11,4162.17,4165.96,2080
2026-07-06 21:36:00,4165.97,4167.47,4165.76,4166.12,1994
2026-07-06 21:39:00,4166.13,4166.19,4164.67,4164.68,2012
2026-07-06 21:42:00,4164.67,4165.13,4162.81,4164.16,2052
2026-07-06 21:45:00,4164.14,4165.13,4163.87,4165.05,2445
2026-07-06 21:48:00,4165.08,4165.25,4163.74,4164.35,1959
2026-07-06 21:51:00,4164.35,4164.66,4162.11,4162.66,1998
2026-07-06 21:54:00,4162.64,4163.81,4162.35,4163.59,2221
2026-07-06 21:57:00,4163.57,4164.23,4163.18,4163.91,2145
2026-07-06 22:00:00,4163.9,4165.41,4162.51,4162.65,1953
2026-07-06 22:03:00,4162.63,4162.66,4161.2,4161.4,1950
2026-07-06 22:06:00,4161.39,4161.49,4159.85,4160.19,1996
2026-07-06 22:09:00,4160.21,4160.97,4159.73,4159.82,1949
2026-07-06 22:12:00,4159.83,4160.05,4159.02,4159.42,2404
2026-07-06 22:15:00,4159.43,4160.32,4158.87,4160.07,2040
2026-07-06 22:18:00,4160.07,4162.18,4159.75,4162.04,2259
2026-07-06 22:21:00,4162.06,4162.53,4161.1,4161.94,1949
2026-07-06 22:24:00,4161.94,4162.55,4161.62,4162.34,2476
2026-07-06 22:27:00,4162.33,4163.4,4161.73,4162.85,2226
2026-07-06 22:30:00,4162.86,4163.12,4161.5,4162.35,1959
2026-07-06 22:33:00,4162.35,4163.07,4160.26,4160.63,2394
2026-07-06 22:36:00,4160.64,4160.71,4159.86,4160.03,2473
2026-07-06 22:39:00,4160.03,4160.51,4159.83,4160.37,1968
2026-07-06 22:42:00,4160.39,4161.25,4159.82,4161.22,2041
2026-07-06 22:45:00,4161.22,4163.24,4161.2,4162.74,1945
2026-07-06 22:48:00,4162.76,4164.04,4162.11,4163.84,1998
2026-07-06 22:51:00,4163.83,4165.16,4163.04,4164.79,2070
2026-07-06 22:54:00,4164.81,4165.05,4161.51,4161.81,2068
2026-07-06 22:57:00,4161.8,4163.84,4161.37,4163.78,2166
2026-07-06 23:00:00,4163.81,4164.59,4162.98,4162.99,1990
2026-07-06 23:03:00,4162.99,4163.09,4162.19,4162.31,1937
2026-07-06 23:06:00,4162.33,4162.35,4161.46,4161.5,1799
2026-07-06 23:09:00,4161.51,4162.08,4161.29,4161.73,1759
2026-07-06 23:12:00,4161.71,4161.99,4160.97,4161.02,1815
2026-07-06 23:15:00,4161.01,4161.29,4160.77,4161.14,1797
2026-07-06 23:18:00,4161.13,4161.63,4160.97,4161.11,1788
2026-07-06 23:21:00,4161.11,4161.66,4160.94,4161.32,1730
2026-07-06 23:24:00,4161.29,4162.82,4161.28,4162.79,1794
2026-07-06 23:27:00,4162.76,4163.34,4162.47,4163.0,1744
2026-07-06 23:30:00,4163.0,4163.53,4162.65,4163.32,1898
2026-07-06 23:33:00,4163.3,4164.73,4163.28,4164.69,1801
2026-07-06 23:36:00,4164.67,4164.9,4164.12,4164.14,2022
2026-07-06 23:39:00,4164.14,4164.3,4163.19,4163.78,1770
2026-07-06 23:42:00,4163.78,4163.84,4162.99,4163.02,1733
2026-07-06 23:45:00,4163.02,4163.48,4162.9,4163.26,1752
2026-07-06 23:48:00,4163.27,4163.92,4163.23,4163.75,1771
2026-07-06 23:51:00,4163.76,4164.77,4163.49,4164.51,1737
2026-07-06 23:54:00,4164.5,4164.65,4163.52,4163.94,1769
2026-07-06 23:57:00,4163.93,4164.96,4163.93,4164.94,1150
2026-07-07 01:00:00,4164.89,4167.64,4164.13,4166.83,3568
2026-07-07 01:03:00,4166.83,4166.83,4163.69,4165.83,1893
2026-07-07 01:06:00,4165.83,4166.53,4165.46,4165.94,1759
2026-07-07 01:09:00,4165.93,4166.0,4165.01,4165.7,1778
2026-07-07 01:12:00,4165.7,4166.46,4165.11,4166.01,1746
2026-07-07 01:15:00,4166.02,4167.01,4165.98,4166.95,1720
2026-07-07 01:18:00,4166.94,4167.35,4166.81,4166.88,1693
2026-07-07 01:21:00,4166.86,4167.02,4165.59,4165.67,1755
2026-07-07 01:24:00,4165.68,4165.83,4165.04,4165.32,1736
2026-07-07 01:27:00,4165.31,4166.13,4165.11,4166.01,1751
2026-07-07 01:30:00,4166.03,4167.71,4166.03,4167.71,1779
2026-07-07 01:33:00,4167.71,4168.46,4166.26,4166.9,1841
2026-07-07 01:36:00,4166.89,4168.0,4166.21,4167.62,1847
2026-07-07 01:39:00,4167.64,4167.82,4166.92,4167.69,1767
2026-07-07 01:42:00,4167.7,4167.7,4167.17,4167.3,1697
2026-07-07 01:45:00,4167.3,4167.81,4166.51,4166.63,1750
2026-07-07 01:48:00,4166.65,4167.03,4165.6,4165.61,1781
2026-07-07 01:51:00,4165.61,4165.63,4164.28,4164.91,1767
2026-07-07 01:54:00,4164.92,4165.51,4164.16,4165.02,1822
2026-07-07 01:57:00,4165.01,4165.36,4164.26,4164.26,1794
2026-07-07 02:00:00,4164.29,4165.3,4164.14,4164.77,1782
2026-07-07 02:03:00,4164.76,4165.51,4164.51,4164.67,1771
2026-07-07 02:06:00,4164.68,4164.9,4163.08,4163.27,1792
2026-07-07 02:09:00,4163.29,4164.52,4163.26,4164.08,1809
2026-07-07 02:12:00,4164.11,4165.63,4163.72,4165.5,1731
2026-07-07 02:15:00,4165.53,4165.64,4163.58,4164.18,1773
2026-07-07 02:18:00,4164.19,4164.75,4163.49,4163.87,1799
2026-07-07 02:21:00,4163.87,4164.22,4163.71,4164.05,1735
2026-07-07 02:24:00,4164.07,4164.37,4163.62,4163.66,1744
2026-07-07 02:27:00,4163.64,4164.0,4163.0,4163.24,1754
2026-07-07 02:30:00,4163.25,4163.72,4162.63,4163.16,1784
2026-07-07 02:33:00,4163.16,4165.28,4163.05,4164.05,1745
2026-07-07 02:36:00,4164.04,4164.26,4162.72,4163.19,1773
2026-07-07 02:39:00,4163.2,4163.21,4161.08,4161.53,1805
2026-07-07 02:42:00,4161.53,4162.16,4160.93,4161.99,1808
2026-07-07 02:45:00,4161.96,4162.26,4161.27,4161.9,1810
2026-07-07 02:48:00,4161.88,4163.72,4161.37,4163.35,1885
2026-07-07 02:51:00,4163.35,4163.4,4161.72,4162.37,1967
2026-07-07 02:54:00,4162.39,4162.56,4159.53,4159.81,1881
2026-07-07 02:57:00,4159.82,4160.1,4156.96,4157.38,2013
2026-07-07 03:00:00,4157.39,4157.6,4154.79,4155.95,2206
2026-07-07 03:03:00,4155.94,4158.37,4155.72,4158.0,2088
2026-07-07 03:06:00,4158.01,4158.23,4156.17,4156.62,2229
2026-07-07 03:09:00,4156.62,4158.03,4154.99,4155.04,2231
2026-07-07 03:12:00,4155.04,4156.26,4152.8,4156.02,2248
2026-07-07 03:15:00,4156.04,4156.4,4152.16,4152.18,2255
2026-07-07 03:18:00,4152.18,4158.21,4152.01,4158.17,2200
2026-07-07 03:21:00,4158.17,4160.6,4156.36,4157.73,2169
2026-07-07 03:24:00,4157.69,4160.33,4157.46,4159.75,2048
2026-07-07 03:27:00,4159.77,4160.12,4157.09,4159.8,2154
2026-07-07 03:30:00,4159.81,4162.74,4159.66,4160.3,2104
2026-07-07 03:33:00,4160.29,4160.52,4155.98,4156.51,2074
2026-07-07 03:36:00,4156.51,4157.33,4150.77,4152.86,2036
2026-07-07 03:39:00,4152.86,4153.05,4149.15,4149.81,2211
2026-07-07 03:42:00,4149.82,4151.06,4148.4,4149.68,2165
2026-07-07 03:45:00,4149.65,4150.96,4147.78,4147.82,2140
2026-07-07 03:48:00,4147.83,4152.23,4147.69,4151.73,2148
2026-07-07 03:51:00,4151.72,4152.96,4150.67,4152.8,2144
2026-07-07 03:54:00,4152.79,4153.83,4148.87,4149.13,2114
2026-07-07 03:57:00,4149.12,4150.8,4145.3,4146.09,2090
2026-07-07 04:00:00,4146.08,4146.88,4140.79,4144.1,2530
2026-07-07 04:03:00,4144.07,4148.05,4143.75,4146.35,2572
2026-07-07 04:06:00,4146.37,4147.18,4139.23,4140.76,2757
2026-07-07 04:09:00,4140.76,4142.66,4138.53,4139.29,2640
2026-07-07 04:12:00,4139.28,4142.84,4137.85,4141.68,2276
2026-07-07 04:15:00,4141.68,4142.89,4134.7,4134.7,2429
2026-07-07 04:18:00,4134.73,4137.05,4133.91,4134.61,2457
2026-07-07 04:21:00,4134.56,4135.71,4132.03,4133.78,2211
2026-07-07 04:24:00,4133.78,4134.83,4131.1,4131.86,2164
2026-07-07 04:27:00,4131.85,4133.02,4125.76,4132.66,2393
2026-07-07 04:30:00,4132.65,4138.16,4132.19,4137.81,2480
2026-07-07 04:33:00,4137.81,4140.43,4137.76,4139.49,2238
2026-07-07 04:36:00,4139.5,4140.53,4137.72,4137.78,2213
2026-07-07 04:39:00,4137.79,4140.65,4137.76,4140.01,2188
2026-07-07 04:42:00,4140.02,4142.27,4137.85,4142.09,2119
2026-07-07 04:45:00,4142.09,4146.24,4142.09,4144.98,2126
2026-07-07 04:48:00,4144.96,4145.52,4142.52,4142.52,2184
2026-07-07 04:51:00,4142.53,4144.91,4141.52,4143.08,2233
2026-07-07 04:54:00,4143.1,4145.03,4142.2,4143.48,2160
2026-07-07 04:57:00,4143.47,4143.5,4140.64,4141.88,2066
2026-07-07 05:00:00,4141.91,4142.95,4140.21,4140.91,2201
2026-07-07 05:03:00,4140.9,4141.25,4139.17,4139.19,2035
2026-07-07 05:06:00,4139.19,4140.8,4138.77,4139.47,2081
2026-07-07 05:09:00,4139.41,4141.45,4137.59,4141.45,2100
2026-07-07 05:12:00,4141.43,4144.62,4140.88,4142.48,2078
2026-07-07 05:15:00,4142.51,4143.56,4140.82,4140.95,1983
2026-07-07 05:18:00,4140.95,4142.05,4140.71,4141.36,1946
2026-07-07 05:21:00,4141.35,4142.13,4137.9,4142.03,2054
2026-07-07 05:24:00,4142.0,4145.26,4142.0,4144.3,1931
2026-07-07 05:27:00,4144.31,4144.31,4140.52,4140.61,1910
2026-07-07 05:30:00,4140.64,4141.06,4136.29,4139.19,2179
2026-07-07 05:33:00,4139.19,4139.56,4137.4,4138.61,1992
2026-07-07 05:36:00,4138.61,4144.4,4138.45,4142.61,2101
2026-07-07 05:39:00,4142.59,4143.33,4141.32,4142.7,2018
2026-07-07 05:42:00,4142.69,4142.85,4138.82,4139.51,1999
2026-07-07 05:45:00,4139.51,4139.67,4137.8,4138.0,1921
2026-07-07 05:48:00,4138.01,4138.02,4134.07,4134.89,2169
2026-07-07 05:51:00,4134.91,4135.19,4131.35,4133.37,2208
2026-07-07 05:54:00,4133.39,4136.39,4132.15,4136.22,2105
2026-07-07 05:57:00,4136.21,4137.17,4134.51,4136.63,2000
2026-07-07 06:00:00,4136.61,4138.43,4135.08,4137.93,2111
2026-07-07 06:03:00,4137.92,4140.08,4137.5,4139.05,1986
2026-07-07 06:06:00,4139.06,4139.62,4137.32,4139.14,2038
2026-07-07 06:09:00,4139.14,4139.48,4137.27,4138.15,1984
2026-07-07 06:12:00,4138.15,4138.19,4136.18,4136.68,1987
2026-07-07 06:15:00,4136.68,4137.36,4134.44,4135.26,1965
2026-07-07 06:18:00,4135.25,4137.09,4134.44,4136.71,2021
2026-07-07 06:21:00,4136.73,4137.7,4134.23,4134.33,2046
2026-07-07 06:24:00,4134.34,4134.84,4129.12,4132.85,2286
2026-07-07 06:27:00,4132.87,4133.98,4132.18,4132.25,2034
2026-07-07 06:30:00,4132.22,4133.11,4130.78,4132.56,2101
2026-07-07 06:33:00,4132.56,4134.83,4131.89,4134.32,1950
2026-07-07 06:36:00,4134.33,4134.79,4133.58,4134.0,1893
2026-07-07 06:39:00,4134.01,4134.01,4131.95,4132.04,1992
2026-07-07 06:42:00,4132.03,4132.03,4127.13,4129.59,1990
2026-07-07 06:45:00,4129.6,4129.62,4125.64,4126.36,1938
2026-07-07 06:48:00,4126.35,4128.1,4124.38,4127.93,2085
2026-07-07 06:51:00,4127.95,4128.06,4125.84,4126.05,1875
2026-07-07 06:54:00,4126.06,4127.95,4125.99,4127.06,1929
2026-07-07 06:57:00,4127.04,4131.53,4127.03,4131.09,1940
2026-07-07 07:00:00,4131.12,4132.55,4130.36,4132.41,1913
2026-07-07 07:03:00,4132.41,4134.11,4131.98,4134.05,1969
2026-07-07 07:06:00,4134.05,4137.45,4133.48,4137.4,1994
2026-07-07 07:09:00,4137.41,4140.41,4137.39,4140.03,2046
2026-07-07 07:12:00,4140.05,4141.26,4136.29,4136.35,2047
2026-07-07 07:15:00,4136.38,4137.59,4131.28,4131.93,2006
2026-07-07 07:18:00,4131.95,4132.59,4131.67,4132.04,1937
2026-07-07 07:21:00,4132.06,4134.4,4130.87,4132.42,2014
2026-07-07 07:24:00,4132.4,4134.48,4131.92,4134.18,1929
2026-07-07 07:27:00,4134.18,4134.19,4131.37,4132.23,1950
2026-07-07 07:30:00,4132.21,4132.38,4129.39,4130.81,1977
2026-07-07 07:33:00,4130.8,4131.19,4129.68,4130.3,1968
2026-07-07 07:36:00,4130.28,4130.93,4129.32,4130.7,1966
2026-07-07 07:39:00,4130.69,4131.43,4129.61,4130.83,1956
2026-07-07 07:42:00,4130.82,4131.56,4128.69,4128.71,1918
2026-07-07 07:45:00,4128.72,4131.23,4128.71,4130.19,1877
2026-07-07 07:48:00,4130.2,4131.17,4128.35,4128.82,1949
2026-07-07 07:51:00,4128.8,4130.14,4127.63,4128.66,1948
2026-07-07 07:54:00,4128.65,4128.8,4127.06,4127.55,1856
2026-07-07 07:57:00,4127.53,4127.77,4125.88,4126.64,1944
2026-07-07 08:00:00,4126.63,4127.2,4122.67,4125.16,2149
2026-07-07 08:03:00,4125.18,4131.22,4125.07,4130.05,1937
2026-07-07 08:06:00,4130.05,4130.83,4126.68,4126.69,1919
2026-07-07 08:09:00,4126.7,4127.39,4124.98,4126.46,1988
2026-07-07 08:12:00,4126.46,4126.95,4122.07,4122.33,2097
2026-07-07 08:15:00,4122.33,4125.16,4121.49,4125.16,2041
2026-07-07 08:18:00,4125.13,4125.72,4120.92,4121.18,2089
2026-07-07 08:21:00,4121.18,4126.09,4121.14,4125.01,2150
2026-07-07 08:24:00,4124.98,4128.28,4124.97,4127.64,2099
2026-07-07 08:27:00,4127.63,4128.51,4126.76,4128.3,2152
2026-07-07 08:30:00,4128.3,4128.61,4122.86,4124.76,2846
2026-07-07 08:33:00,4124.76,4124.76,4120.23,4123.57,2562
2026-07-07 08:36:00,4123.58,4126.86,4120.82,4122.07,2342
2026-07-07 08:39:00,4122.04,4122.06,4116.61,4118.54,2381
2026-07-07 08:42:00,4118.53,4122.51,4117.35,4122.44,2411
2026-07-07 08:45:00,4122.44,4123.98,4121.41,4122.22,2212
2026-07-07 08:48:00,4122.23,4124.93,4120.31,4124.89,2141
2026-07-07 08:51:00,4124.9,4125.3,4122.56,4123.67,2130
2026-07-07 08:54:00,4123.71,4127.16,4123.68,4124.94,2143
2026-07-07 08:57:00,4124.96,4126.29,4123.55,4123.9,2050
2026-07-07 09:00:00,4123.92,4129.39,4123.26,4128.17,2359
2026-07-07 09:03:00,4128.19,4128.84,4125.02,4125.35,2235
2026-07-07 09:06:00,4125.36,4128.48,4125.18,4125.39,2192
2026-07-07 09:09:00,4125.4,4125.86,4121.89,4122.07,2419
2026-07-07 09:12:00,4122.1,4124.04,4121.55,4123.54,2055
2026-07-07 09:15:00,4123.55,4125.85,4123.54,4125.59,2139
2026-07-07 09:18:00,4125.6,4126.42,4123.32,4126.15,2187
2026-07-07 09:21:00,4126.13,4127.18,4125.34,4126.75,2124
2026-07-07 09:24:00,4126.72,4129.61,4126.61,4128.73,2125
2026-07-07 09:27:00,4128.71,4128.9,4126.45,4126.78,2050
2026-07-07 09:30:00,4126.78,4128.5,4124.86,4127.44,2209
2026-07-07 09:33:00,4127.41,4129.55,4126.95,4128.35,2070
2026-07-07 09:36:00,4128.33,4129.26,4127.75,4127.92,2001
2026-07-07 09:39:00,4127.92,4132.32,4127.42,4131.13,2366
2026-07-07 09:42:00,4131.14,4132.42,4130.27,4132.38,2089
2026-07-07 09:45:00,4132.37,4132.98,4128.43,4129.51,2182
2026-07-07 09:48:00,4129.5,4130.76,4129.17,4130.53,2348
2026-07-07 09:51:00,4130.55,4131.43,4129.02,4129.81,2081
2026-07-07 09:54:00,4129.83,4130.95,4128.91,4130.54,1983
2026-07-07 09:57:00,4130.54,4131.23,4129.36,4130.45,2015
2026-07-07 10:00:00,4130.45,4131.28,4126.4,4126.58,2074
2026-07-07 10:03:00,4126.57,4127.51,4124.37,4125.39,2021
2026-07-07 10:06:00,4125.41,4127.16,4124.58,4126.22,2051
2026-07-07 10:09:00,4126.19,4127.67,4125.31,4126.74,2058
2026-07-07 10:12:00,4126.75,4130.35,4126.56,4129.65,2219
2026-07-07 10:15:00,4129.62,4131.78,4128.45,4130.76,2261
2026-07-07 10:18:00,4130.77,4132.18,4128.99,4130.89,2490
2026-07-07 10:21:00,4130.97,4131.64,4127.61,4127.66,2354
2026-07-07 10:24:00,4127.69,4128.0,4126.07,4127.43,2335
2026-07-07 10:27:00,4127.42,4129.35,4126.64,4126.64,2197
2026-07-07 10:30:00,4126.66,4128.25,4125.83,4127.0,2102
2026-07-07 10:33:00,4127.01,4129.63,4126.21,4129.62,1911
2026-07-07 10:36:00,4129.62,4130.09,4128.66,4129.98,2312
2026-07-07 10:39:00,4129.97,4129.98,4127.39,4127.44,2243
2026-07-07 10:42:00,4127.43,4131.1,4127.39,4130.11,2018
2026-07-07 10:45:00,4130.12,4133.49,4129.58,4132.07,2010
2026-07-07 10:48:00,4132.1,4132.44,4126.26,4126.99,2031
2026-07-07 10:51:00,4126.98,4128.37,4126.09,4127.41,2048
2026-07-07 10:54:00,4127.42,4128.08,4124.7,4125.05,2100
2026-07-07 10:57:00,4125.05,4126.45,4124.48,4124.73,1993
2026-07-07 11:00:00,4124.73,4128.8,4124.46,4128.78,2239
2026-07-07 11:03:00,4128.79,4130.3,4127.52,4129.54,2093
2026-07-07 11:06:00,4129.52,4130.74,4128.24,4129.02,2137
2026-07-07 11:09:00,4129.02,4136.01,4129.02,4135.99,2120
2026-07-07 11:12:00,4136.0,4139.36,4135.0,4137.04,2276
2026-07-07 11:15:00,4137.02,4138.13,4135.81,4136.6,2087
2026-07-07 11:18:00,4136.58,4137.07,4134.44,4136.15,2125
2026-07-07 11:21:00,4136.17,4136.17,4134.07,4135.21,2128
2026-07-07 11:24:00,4135.19,4138.03,4135.17,4137.12,2175
2026-07-07 11:27:00,4137.09,4138.74,4136.86,4138.61,2093
2026-07-07 11:30:00,4138.63,4139.06,4133.29,4133.3,2094
2026-07-07 11:33:00,4133.3,4135.08,4133.17,4133.34,2035
2026-07-07 11:36:00,4133.36,4133.36,4130.3,4131.57,1978
2026-07-07 11:39:00,4131.56,4133.23,4131.33,4132.91,2377
2026-07-07 11:42:00,4132.92,4133.33,4128.91,4131.09,2107
2026-07-07 11:45:00,4131.09,4131.1,4128.33,4129.04,2030
2026-07-07 11:48:00,4129.03,4129.43,4127.34,4128.01,2140
2026-07-07 11:51:00,4127.99,4128.33,4121.86,4122.05,2071
2026-07-07 11:54:00,4122.06,4125.28,4122.02,4124.97,2073
2026-07-07 11:57:00,4124.98,4127.04,4124.85,4126.03,2191
2026-07-07 12:00:00,4126.04,4126.99,4124.67,4125.71,2150
2026-07-07 12:03:00,4125.71,4127.89,4124.43,4126.32,2112
2026-07-07 12:06:00,4126.33,4128.39,4125.93,4128.25,2133
2026-07-07 12:09:00,4128.28,4128.48,4126.22,4128.39,2082
2026-07-07 12:12:00,4128.4,4129.01,4126.67,4127.54,2082
2026-07-07 12:15:00,4127.52,4129.41,4127.11,4128.62,1914
2026-07-07 12:18:00,4128.62,4130.97,4126.5,4126.53,1994
2026-07-07 12:21:00,4126.52,4127.18,4125.97,4126.68,2305
2026-07-07 12:24:00,4126.69,4128.43,4126.53,4127.98,1918
2026-07-07 12:27:00,4127.97,4127.99,4119.86,4121.53,2222
2026-07-07 12:30:00,4121.53,4126.24,4121.51,4125.1,2221
2026-07-07 12:33:00,4125.08,4131.63,4124.38,4131.27,2108
2026-07-07 12:36:00,4131.27,4131.47,4129.46,4129.88,1978
2026-07-07 12:39:00,4129.89,4131.35,4128.95,4131.15,1912
2026-07-07 12:42:00,4131.16,4133.77,4130.77,4132.94,1980
2026-07-07 12:45:00,4132.95,4133.12,4128.25,4128.86,2020
2026-07-07 12:48:00,4128.85,4128.87,4125.55,4125.94,2056
2026-07-07 12:51:00,4125.91,4129.4,4125.06,4129.37,2078
2026-07-07 12:54:00,4129.39,4132.24,4129.1,4130.78,2020
2026-07-07 12:57:00,4130.77,4132.35,4130.43,4131.18,1990
2026-07-07 13:00:00,4131.2,4133.92,4131.16,4132.28,2045
2026-07-07 13:03:00,4132.3,4133.54,4132.1,4132.38,1970
2026-07-07 13:06:00,4132.38,4134.07,4132.29,4132.92,1998
2026-07-07 13:09:00,4132.91,4133.84,4132.56,4133.13,2034
2026-07-07 13:12:00,4133.13,4135.09,4132.22,4132.54,1999
2026-07-07 13:15:00,4132.49,4134.94,4132.1,4134.89,2001
2026-07-07 13:18:00,4134.89,4136.96,4134.76,4136.15,1995
2026-07-07 13:21:00,4136.14,4136.53,4134.63,4135.2,1972
2026-07-07 13:24:00,4135.2,4137.5,4135.13,4137.09,2000
2026-07-07 13:27:00,4137.08,4138.89,4136.92,4137.4,1972
2026-07-07 13:30:00,4137.39,4137.52,4134.61,4136.53,2029
2026-07-07 13:33:00,4136.53,4137.43,4135.32,4135.88,2169
2026-07-07 13:36:00,4135.87,4136.43,4135.18,4135.89,2069
2026-07-07 13:39:00,4135.88,4137.26,4135.43,4136.54,1996
2026-07-07 13:42:00,4136.55,4137.1,4135.58,4135.58,1906
2026-07-07 13:45:00,4135.6,4136.12,4134.43,4135.79,1954
2026-07-07 13:48:00,4135.8,4135.93,4133.47,4134.57,1952
2026-07-07 13:51:00,4134.59,4135.27,4134.08,4134.51,2168
2026-07-07 13:54:00,4134.51,4137.07,4133.86,4135.75,1994
2026-07-07 13:57:00,4135.75,4136.37,4134.2,4135.68,1969
2026-07-07 14:00:00,4135.67,4136.12,4133.75,4135.59,2128
2026-07-07 14:03:00,4135.61,4136.24,4133.51,4133.65,2102
2026-07-07 14:06:00,4133.65,4133.75,4131.97,4133.19,2090
2026-07-07 14:09:00,4133.19,4133.72,4131.83,4133.02,2023
2026-07-07 14:12:00,4133.04,4134.21,4131.9,4133.23,2018
2026-07-07 14:15:00,4133.25,4137.03,4133.06,4137.03,2141
2026-07-07 14:18:00,4137.0,4142.66,4136.99,4140.61,2122
2026-07-07 14:21:00,4140.6,4143.48,4140.45,4142.31,2116
2026-07-07 14:24:00,4142.29,4145.23,4141.76,4144.11,1969
2026-07-07 14:27:00,4144.12,4144.61,4142.75,4143.15,1954
2026-07-07 14:30:00,4143.18,4143.47,4139.61,4140.2,2132
2026-07-07 14:33:00,4140.2,4147.28,4140.19,4146.83,2066
2026-07-07 14:36:00,4146.84,4147.9,4145.57,4146.23,1989
2026-07-07 14:39:00,4146.22,4146.46,4145.02,4145.35,2291
2026-07-07 14:42:00,4145.35,4148.96,4145.15,4148.39,2090
2026-07-07 14:45:00,4148.39,4151.41,4147.08,4149.82,2071
2026-07-07 14:48:00,4149.84,4151.7,4149.62,4150.5,2012
2026-07-07 14:51:00,4150.52,4152.75,4147.23,4148.98,2139
2026-07-07 14:54:00,4149.01,4152.34,4148.98,4151.56,2051
2026-07-07 14:57:00,4151.57,4158.26,4151.5,4156.9,2058
2026-07-07 15:00:00,4156.9,4159.15,4154.72,4157.16,2305
2026-07-07 15:03:00,4157.16,4159.94,4157.16,4158.87,2184
2026-07-07 15:06:00,4158.88,4164.33,4158.44,4164.14,2342
2026-07-07 15:09:00,4164.13,4171.18,4162.57,4166.36,2629
2026-07-07 15:12:00,4166.38,4174.6,4166.38,4173.3,2408
2026-07-07 15:15:00,4173.29,4174.98,4170.62,4171.26,2344
2026-07-07 15:18:00,4171.29,4172.19,4165.06,4165.74,2430
2026-07-07 15:21:00,4165.74,4167.76,4163.65,4164.31,2210
2026-07-07 15:24:00,4164.34,4166.27,4163.14,4163.28,2313
2026-07-07 15:27:00,4163.27,4169.47,4163.11,4166.06,2241
2026-07-07 15:30:00,4166.06,4167.4,4164.1,4166.38,2144
2026-07-07 15:33:00,4166.38,4168.28,4163.95,4164.26,2235
2026-07-07 15:36:00,4164.24,4165.25,4162.36,4164.15,2242
2026-07-07 15:39:00,4164.13,4167.48,4161.85,4162.18,2213
2026-07-07 15:42:00,4162.17,4167.08,4161.81,4166.52,2131
2026-07-07 15:45:00,4166.53,4168.76,4165.33,4166.96,2150
2026-07-07 15:48:00,4166.95,4167.49,4164.3,4167.13,2265
2026-07-07 15:51:00,4167.14,4170.28,4166.85,4166.85,2178
2026-07-07 15:54:00,4166.8,4170.03,4166.75,4169.37,2132
2026-07-07 15:57:00,4169.35,4172.78,4168.55,4172.33,2240
2026-07-07 16:00:00,4172.33,4178.29,4166.44,4168.22,3157
2026-07-07 16:03:00,4168.17,4170.68,4165.02,4166.41,2594
2026-07-07 16:06:00,4166.43,4167.16,4162.43,4163.55,2499
2026-07-07 16:09:00,4163.54,4165.52,4160.19,4165.27,2420
2026-07-07 16:12:00,4165.29,4171.6,4165.29,4171.43,2276
2026-07-07 16:15:00,4171.42,4171.45,4168.16,4170.31,2232
2026-07-07 16:18:00,4170.34,4172.42,4168.22,4172.34,2496
2026-07-07 16:21:00,4172.33,4172.49,4168.91,4169.15,2205
2026-07-07 16:24:00,4169.21,4169.87,4164.31,4165.65,2336
2026-07-07 16:27:00,4165.64,4169.37,4165.58,4166.37,2145
2026-07-07 16:30:00,4166.38,4171.18,4163.63,4170.19,2830
2026-07-07 16:33:00,4170.17,4171.92,4168.46,4171.9,2541
2026-07-07 16:36:00,4171.94,4179.77,4168.31,4168.81,2871
2026-07-07 16:39:00,4168.82,4179.12,4168.53,4177.61,2882
2026-07-07 16:42:00,4177.61,4180.5,4176.32,4177.53,2723
2026-07-07 16:45:00,4177.54,4180.04,4170.77,4171.0,2729
2026-07-07 16:48:00,4171.02,4174.78,4171.02,4172.96,2464
2026-07-07 16:51:00,4172.95,4173.35,4165.84,4166.14,2471
2026-07-07 16:54:00,4166.14,4167.53,4161.22,4161.92,2643
2026-07-07 16:57:00,4161.96,4162.33,4156.11,4158.62,2568
2026-07-07 17:00:00,4158.61,4163.54,4156.65,4161.77,2614
2026-07-07 17:03:00,4161.78,4162.04,4153.14,4154.7,3019
2026-07-07 17:06:00,4154.63,4156.41,4152.15,4153.73,2878
2026-07-07 17:09:00,4153.64,4158.12,4151.88,4155.62,2804
2026-07-07 17:12:00,4155.61,4157.11,4151.16,4152.33,2372
2026-07-07 17:15:00,4152.36,4157.91,4151.46,4157.14,2767
2026-07-07 17:18:00,4157.13,4159.82,4155.35,4156.3,2529
2026-07-07 17:21:00,4156.28,4156.86,4152.03,4154.88,2429
2026-07-07 17:24:00,4154.89,4155.69,4151.21,4153.47,2513
2026-07-07 17:27:00,4153.45,4158.22,4152.82,4158.21,2613
2026-07-07 17:30:00,4158.2,4159.25,4152.81,4154.58,2608
2026-07-07 17:33:00,4154.6,4155.45,4147.1,4147.73,2437
2026-07-07 17:36:00,4147.69,4151.43,4147.25,4149.84,2355
2026-07-07 17:39:00,4149.84,4150.92,4144.52,4144.54,2479
2026-07-07 17:42:00,4144.54,4152.52,4143.65,4152.34,2502
2026-07-07 17:45:00,4152.3,4156.82,4151.93,4156.27,2531
2026-07-07 17:48:00,4156.24,4157.66,4155.52,4156.47,2294
2026-07-07 17:51:00,4156.47,4157.39,4154.17,4154.83,2343
2026-07-07 17:54:00,4154.83,4156.85,4153.64,4155.09,2266
2026-07-07 17:57:00,4155.12,4156.43,4154.14,4154.32,2285
2026-07-07 18:00:00,4154.29,4154.62,4150.48,4150.69,2523
2026-07-07 18:03:00,4150.69,4152.64,4149.72,4150.38,2289
2026-07-07 18:06:00,4150.4,4155.58,4150.37,4152.52,2313
2026-07-07 18:09:00,4152.5,4155.57,4150.09,4150.38,2482
2026-07-07 18:12:00,4150.38,4151.26,4148.23,4148.67,2170
2026-07-07 18:15:00,4148.64,4148.91,4144.04,4144.29,2309
2026-07-07 18:18:00,4144.26,4146.43,4141.89,4144.81,2329
2026-07-07 18:21:00,4144.79,4146.79,4143.56,4145.45,2210
2026-07-07 18:24:00,4145.45,4146.46,4144.18,4146.34,2197
2026-07-07 18:27:00,4146.33,4146.62,4141.75,4143.06,2367
2026-07-07 18:30:00,4143.04,4145.14,4142.86,4144.57,2318
2026-07-07 18:33:00,4144.58,4146.08,4142.29,4144.36,2298
2026-07-07 18:36:00,4144.39,4145.08,4143.17,4144.96,2156
2026-07-07 18:39:00,4144.96,4147.62,4144.18,4147.19,2267
2026-07-07 18:42:00,4147.17,4148.38,4146.24,4146.61,2146
2026-07-07 18:45:00,4146.61,4148.04,4144.05,4145.27,2119
2026-07-07 18:48:00,4145.26,4146.73,4141.53,4142.52,2228
2026-07-07 18:51:00,4142.52,4143.29,4140.51,4141.08,2145
2026-07-07 18:54:00,4141.09,4141.09,4135.9,4136.69,2261
2026-07-07 18:57:00,4136.67,4139.12,4136.67,4139.05,2217
2026-07-07 19:00:00,4139.06,4139.58,4137.12,4139.44,2224
2026-07-07 19:03:00,4139.46,4142.14,4138.96,4141.62,2195
2026-07-07 19:06:00,4141.64,4143.59,4140.36,4140.82,2154
2026-07-07 19:09:00,4140.79,4141.06,4139.45,4140.22,2131
2026-07-07 19:12:00,4140.21,4142.47,4139.81,4141.12,2046
2026-07-07 19:15:00,4141.14,4142.92,4140.85,4141.93,2068
2026-07-07 19:18:00,4141.93,4145.15,4141.77,4143.58,2154
2026-07-07 19:21:00,4143.6,4146.15,4142.57,4145.17,2107
2026-07-07 19:24:00,4145.16,4145.78,4143.96,4145.45,2154
2026-07-07 19:27:00,4145.44,4147.24,4145.36,4146.23,2060
2026-07-07 19:30:00,4146.12,4146.63,4143.66,4144.86,2168
2026-07-07 19:33:00,4144.84,4144.91,4143.05,4143.81,2104
2026-07-07 19:36:00,4143.81,4144.81,4142.48,4144.35,2084
2026-07-07 19:39:00,4144.33,4145.18,4142.79,4143.62,2258
2026-07-07 19:42:00,4143.61,4145.14,4143.27,4143.29,2066
2026-07-07 19:45:00,4143.3,4143.91,4140.98,4141.64,2180
2026-07-07 19:48:00,4141.66,4145.48,4141.42,4145.47,2026
2026-07-07 19:51:00,4145.47,4146.72,4144.63,4145.78,2502
2026-07-07 19:54:00,4145.77,4145.82,4142.95,4143.75,2128
2026-07-07 19:57:00,4143.72,4145.09,4143.27,4145.08,2340
2026-07-07 20:00:00,4145.08,4145.9,4144.07,4145.25,2160
2026-07-07 20:03:00,4145.24,4146.92,4144.52,4145.77,2046
2026-07-07 20:06:00,4145.75,4146.77,4145.29,4146.15,1930
2026-07-07 20:09:00,4146.16,4146.45,4144.05,4144.69,2095
2026-07-07 20:12:00,4144.71,4144.72,4142.19,4143.02,1983
2026-07-07 20:15:00,4143.0,4143.23,4140.53,4142.06,2097
2026-07-07 20:18:00,4142.08,4143.38,4141.76,4142.79,2140
2026-07-07 20:21:00,4142.78,4144.05,4141.9,4143.14,2034
2026-07-07 20:24:00,4143.11,4145.92,4143.1,4145.14,2059
2026-07-07 20:27:00,4145.14,4146.75,4144.4,4146.0,2143
2026-07-07 20:30:00,4146.0,4148.18,4145.53,4145.83,2221
2026-07-07 20:33:00,4145.81,4146.82,4145.27,4146.41,2045
2026-07-07 20:36:00,4146.4,4146.79,4144.64,4145.25,2079
2026-07-07 20:39:00,4145.26,4147.05,4145.25,4146.87,2069
2026-07-07 20:42:00,4146.86,4147.78,4146.19,4147.08,1969
2026-07-07 20:45:00,4147.09,4147.37,4145.28,4145.88,2051
2026-07-07 20:48:00,4145.88,4146.64,4143.59,4143.91,2100
2026-07-07 20:51:00,4143.93,4144.46,4143.01,4143.01,1959
2026-07-07 20:54:00,4143.04,4144.72,4143.04,4144.41,2067
2026-07-07 20:57:00,4144.41,4144.8,4143.8,4144.51,2061
2026-07-07 21:00:00,4144.51,4145.2,4141.4,4141.73,2174
2026-07-07 21:03:00,4141.73,4142.69,4141.3,4142.28,1936
2026-07-07 21:06:00,4142.27,4142.71,4141.46,4142.4,2051
2026-07-07 21:09:00,4142.38,4142.47,4140.92,4141.71,2129
2026-07-07 21:12:00,4141.71,4142.84,4141.28,4142.36,2122
2026-07-07 21:15:00,4142.39,4142.45,4140.21,4141.1,2121
2026-07-07 21:18:00,4141.02,4142.05,4140.33,4140.99,2285
2026-07-07 21:21:00,4141.02,4144.18,4140.71,4143.78,2590
2026-07-07 21:24:00,4143.76,4144.24,4141.59,4141.99,2354
2026-07-07 21:27:00,4141.96,4142.65,4141.58,4141.7,2510
2026-07-07 21:30:00,4141.67,4141.87,4138.16,4138.21,2315
2026-07-07 21:33:00,4138.22,4140.39,4136.23,4140.25,2069
2026-07-07 21:36:00,4140.23,4142.44,4139.78,4142.28,1986
2026-07-07 21:39:00,4142.21,4142.22,4139.94,4140.45,1979
2026-07-07 21:42:00,4140.46,4141.96,4139.75,4141.95,2117
2026-07-07 21:45:00,4141.96,4142.63,4141.26,4141.53,2076
2026-07-07 21:48:00,4141.52,4141.54,4131.75,4131.82,2798
2026-07-07 21:51:00,4131.83,4132.36,4125.45,4126.75,2919
2026-07-07 21:54:00,4126.73,4130.74,4125.16,4130.55,2762
2026-07-07 21:57:00,4130.58,4130.75,4125.9,4126.94,2437
2026-07-07 22:00:00,4126.95,4127.7,4117.96,4121.05,2890
2026-07-07 22:03:00,4121.05,4122.4,4118.91,4119.6,2596
2026-07-07 22:06:00,4119.56,4120.39,4108.12,4109.23,2942
2026-07-07 22:09:00,4109.26,4113.52,4104.36,4105.15,2636
2026-07-07 22:12:00,4105.16,4109.13,4103.03,4105.78,2643
2026-07-07 22:15:00,4105.77,4105.8,4097.38,4101.92,2870
2026-07-07 22:18:00,4101.93,4101.93,4092.3,4097.27,3069
2026-07-07 22:21:00,4097.39,4101.88,4095.58,4101.88,2595
2026-07-07 22:24:00,4101.87,4102.92,4098.29,4101.56,2495
2026-07-07 22:27:00,4101.55,4106.91,4101.45,4103.5,2321
2026-07-07 22:30:00,4103.51,4110.41,4103.48,4109.01,2428
2026-07-07 22:33:00,4109.04,4115.06,4109.04,4113.86,2355
2026-07-07 22:36:00,4113.89,4114.22,4110.86,4112.48,2356
2026-07-07 22:39:00,4112.47,4112.75,4109.42,4111.47,2245
2026-07-07 22:42:00,4111.44,4111.72,4108.22,4109.21,2285
2026-07-07 22:45:00,4109.21,4113.58,4108.14,4110.08,2352
2026-07-07 22:48:00,4110.09,4112.52,4109.35,4111.47,2329
2026-07-07 22:51:00,4111.48,4112.89,4110.44,4112.46,2232
2026-07-07 22:54:00,4112.45,4117.7,4112.45,4115.76,2295
2026-07-07 22:57:00,4115.75,4117.58,4113.93,4114.2,2295
2026-07-07 23:00:00,4114.18,4115.72,4112.8,4115.06,2020
2026-07-07 23:03:00,4115.04,4115.33,4113.69,4114.29,1850
2026-07-07 23:06:00,4114.29,4115.44,4112.83,4113.13,1954
2026-07-07 23:09:00,4113.13,4115.89,4112.9,4115.2,1851
2026-07-07 23:12:00,4115.21,4115.23,4112.35,4113.04,1843
2026-07-07 23:15:00,4113.04,4113.19,4109.48,4109.72,1852
2026-07-07 23:18:00,4109.7,4110.23,4107.76,4108.9,1889
2026-07-07 23:21:00,4108.9,4108.96,4106.48,4107.12,1873
2026-07-07 23:24:00,4107.11,4111.13,4107.11,4110.91,1834
2026-07-07 23:27:00,4110.91,4110.94,4109.43,4110.85,1828
2026-07-07 23:30:00,4110.84,4111.12,4109.04,4109.62,1848
2026-07-07 23:33:00,4109.62,4109.75,4106.51,4106.61,1903
2026-07-07 23:36:00,4106.61,4107.08,4104.47,4106.13,1782
2026-07-07 23:39:00,4106.12,4106.3,4104.63,4105.96,1821
2026-07-07 23:42:00,4105.94,4107.22,4104.92,4105.83,1774
2026-07-07 23:45:00,4105.81,4106.72,4104.98,4105.22,1812
2026-07-07 23:48:00,4105.24,4105.91,4103.77,4103.9,1834
2026-07-07 23:51:00,4103.92,4105.84,4103.41,4105.29,1772
2026-07-07 23:54:00,4105.27,4105.68,4104.13,4105.24,1838
2026-07-07 23:57:00,4105.23,4106.93,4105.21,4105.88,1193
2026-07-08 01:00:00,4098.77,4103.89,4093.98,4100.63,3989
2026-07-08 01:03:00,4100.83,4106.33,4099.58,4102.91,2079
2026-07-08 01:06:00,4102.92,4103.03,4100.77,4101.56,1938
2026-07-08 01:09:00,4101.53,4104.38,4100.41,4103.81,1962
2026-07-08 01:12:00,4103.83,4104.21,4103.2,4104.15,1855
2026-07-08 01:15:00,4104.13,4104.17,4103.09,4103.32,1854
2026-07-08 01:18:00,4103.32,4103.45,4101.07,4102.55,1826
2026-07-08 01:21:00,4102.52,4103.39,4101.63,4101.76,1812
2026-07-08 01:24:00,4101.75,4102.73,4101.44,4101.77,1810
2026-07-08 01:27:00,4101.77,4102.0,4099.48,4099.53,1795
2026-07-08 01:30:00,4099.59,4100.98,4099.29,4099.72,1822
2026-07-08 01:33:00,4099.7,4101.85,4098.81,4101.65,1875
2026-07-08 01:36:00,4101.65,4102.1,4100.51,4101.2,1809
2026-07-08 01:39:00,4101.18,4102.68,4099.14,4100.52,1847
2026-07-08 01:42:00,4100.52,4102.46,4100.18,4101.14,1821
2026-07-08 01:45:00,4101.14,4101.16,4098.31,4098.82,1890
2026-07-08 01:48:00,4098.8,4098.91,4095.97,4096.35,1982
2026-07-08 01:51:00,4096.33,4100.17,4096.33,4099.21,1900
2026-07-08 01:54:00,4099.22,4099.28,4097.37,4098.3,1887
2026-07-08 01:57:00,4098.3,4099.41,4096.05,4098.36,1881
2026-07-08 02:00:00,4098.35,4099.84,4096.83,4096.87,1909
2026-07-08 02:03:00,4096.87,4103.72,4096.23,4103.67,2045
2026-07-08 02:06:00,4103.65,4107.02,4103.43,4106.61,2010
2026-07-08 02:09:00,4106.62,4107.9,4104.86,4107.24,1947
2026-07-08 02:12:00,4107.22,4107.35,4104.48,4106.1,1945
2026-07-08 02:15:00,4106.1,4106.1,4102.15,4102.57,1962
2026-07-08 02:18:00,4102.56,4104.13,4101.28,4101.87,1953
2026-07-08 02:21:00,4101.85,4102.97,4101.18,4101.78,1863
2026-07-08 02:24:00,4101.78,4104.95,4101.68,4104.8,1894
2026-07-08 02:27:00,4104.79,4106.63,4104.41,4104.97,1822
2026-07-08 02:30:00,4104.98,4105.48,4102.46,4102.48,1785
2026-07-08 02:33:00,4102.49,4102.63,4100.6,4101.31,1853
2026-07-08 02:36:00,4101.31,4102.47,4100.43,4101.76,1853
2026-07-08 02:39:00,4101.74,4103.87,4101.27,4101.84,1816
2026-07-08 02:42:00,4101.87,4102.66,4097.43,4098.31,2019
2026-07-08 02:45:00,4098.3,4099.09,4095.87,4098.64,2217
2026-07-08 02:48:00,4098.62,4099.4,4097.16,4099.31,1937
2026-07-08 02:51:00,4099.3,4101.32,4098.68,4098.69,1850
2026-07-08 02:54:00,4098.69,4098.69,4097.26,4097.26,1998
2026-07-08 02:57:00,4097.28,4098.73,4096.14,4098.57,2105
2026-07-08 03:00:00,4098.57,4101.85,4096.93,4099.8,2730
2026-07-08 03:03:00,4099.8,4102.95,4098.07,4101.72,2581
2026-07-08 03:06:00,4101.7,4102.65,4097.7,4098.44,2472
2026-07-08 03:09:00,4098.44,4101.59,4098.27,4101.18,2511
2026-07-08 03:12:00,4101.17,4104.02,4099.41,4100.26,2499
2026-07-08 03:15:00,4100.25,4103.34,4098.91,4099.58,2350
2026-07-08 03:18:00,4099.59,4103.74,4099.03,4101.19,2303
2026-07-08 03:21:00,4101.21,4105.47,4101.21,4104.8,2344
2026-07-08 03:24:00,4104.82,4106.47,4104.07,4106.3,2308
2026-07-08 03:27:00,4106.3,4107.95,4104.24,4105.49,2303
2026-07-08 03:30:00,4105.52,4107.95,4103.89,4107.65,2491
2026-07-08 03:33:00,4107.66,4111.37,4106.87,4108.11,2371
2026-07-08 03:36:00,4108.08,4119.77,4107.5,4119.48,2413
2026-07-08 03:39:00,4119.48,4126.03,4118.91,4124.69,2622
2026-07-08 03:42:00,4124.69,4126.67,4121.72,4123.3,2266
2026-07-08 03:45:00,4123.3,4125.2,4120.14,4122.34,2483
2026-07-08 03:48:00,4122.34,4124.91,4119.88,4120.04,2414
2026-07-08 03:51:00,4120.06,4120.67,4117.24,4117.88,2228
2026-07-08 03:54:00,4117.83,4118.04,4113.74,4115.5,2142
2026-07-08 03:57:00,4115.52,4118.48,4111.34,4111.56,2339
2026-07-08 04:00:00,4111.54,4117.89,4107.64,4114.29,3143
2026-07-08 04:03:00,4114.36,4115.66,4099.73,4101.49,3247
2026-07-08 04:06:00,4101.51,4105.69,4098.49,4105.5,2745
2026-07-08 04:09:00,4105.54,4107.23,4101.97,4106.51,2590
2026-07-08 04:12:00,4106.51,4111.75,4106.42,4108.51,2591
2026-07-08 04:15:00,4108.49,4108.84,4104.84,4105.23,2491
2026-07-08 04:18:00,4105.21,4109.96,4104.2,4109.33,2361
2026-07-08 04:21:00,4109.33,4110.06,4105.75,4106.26,2237
2026-07-08 04:24:00,4106.26,4110.37,4104.93,4108.97,2444
2026-07-08 04:27:00,4108.96,4109.23,4102.2,4102.73,2385
2026-07-08 04:30:00,4102.68,4105.88,4101.3,4102.19,2517
2026-07-08 04:33:00,4102.22,4102.31,4097.6,4099.05,2455
2026-07-08 04:36:00,4099.05,4099.77,4096.42,4097.9,2588
2026-07-08 04:39:00,4097.9,4104.3,4097.87,4101.93,2525
2026-07-08 04:42:00,4102.01,4105.65,4100.38,4103.3,2465
2026-07-08 04:45:00,4103.3,4112.9,4102.24,4108.18,2720
2026-07-08 04:48:00,4108.18,4112.87,4107.23,4111.95,2624
2026-07-08 04:51:00,4111.97,4112.19,4104.55,4108.69,2486
2026-07-08 04:54:00,4108.7,4109.86,4107.45,4107.92,2226
2026-07-08 04:57:00,4107.93,4111.86,4107.76,4111.25,2279
2026-07-08 05:00:00,4111.22,4111.75,4106.82,4107.32,2486
2026-07-08 05:03:00,4107.33,4109.03,4106.06,4108.87,2327
2026-07-08 05:06:00,4108.86,4117.42,4108.24,4115.82,2452
2026-07-08 05:09:00,4115.77,4118.11,4115.05,4115.31,2424
2026-07-08 05:12:00,4115.32,4115.41,4112.09,4112.32,2353
2026-07-08 05:15:00,4112.32,4115.28,4112.15,4115.28,2142
2026-07-08 05:18:00,4115.28,4116.59,4113.76,4114.19,2085
2026-07-08 05:21:00,4114.13,4121.83,4113.48,4121.14,2213
2026-07-08 05:24:00,4121.13,4123.56,4118.72,4122.87,2263
2026-07-08 05:27:00,4122.89,4124.91,4118.95,4118.98,2303
2026-07-08 05:30:00,4118.97,4121.11,4116.37,4118.36,2459
2026-07-08 05:33:00,4118.36,4119.63,4117.13,4117.77,2262
2026-07-08 05:36:00,4117.8,4120.45,4117.03,4120.37,2181
2026-07-08 05:39:00,4120.37,4120.49,4118.17,4118.86,2216
2026-07-08 05:42:00,4118.86,4120.48,4118.09,4120.22,2203
2026-07-08 05:45:00,4120.23,4120.77,4117.13,4117.78,2303
2026-07-08 05:48:00,4117.79,4119.53,4116.05,4116.99,2302
2026-07-08 05:51:00,4116.97,4117.33,4114.49,4116.87,2143
2026-07-08 05:54:00,4116.85,4117.38,4114.16,4115.01,2249
2026-07-08 05:57:00,4114.99,4115.4,4113.42,4114.63,2065
2026-07-08 06:00:00,4114.61,4129.28,4114.54,4125.52,2872
2026-07-08 06:03:00,4125.53,4128.01,4123.31,4125.43,2505
2026-07-08 06:06:00,4125.44,4127.75,4122.35,4127.4,2312
2026-07-08 06:09:00,4127.42,4129.86,4126.09,4128.51,2337
2026-07-08 06:12:00,4128.54,4130.77,4127.73,4128.06,2234
2026-07-08 06:15:00,4128.11,4128.86,4125.38,4125.5,2185
2026-07-08 06:18:00,4125.46,4128.56,4124.69,4128.16,2205
2026-07-08 06:21:00,4128.23,4129.31,4127.17,4127.9,2155
2026-07-08 06:24:00,4127.91,4130.29,4127.26,4130.27,2185
2026-07-08 06:27:00,4130.28,4130.82,4129.08,4129.93,2134
2026-07-08 06:30:00,4129.94,4131.14,4127.46,4128.3,2201
2026-07-08 06:33:00,4128.29,4128.74,4126.65,4128.14,2044
2026-07-08 06:36:00,4128.14,4128.4,4126.76,4126.8,2158
2026-07-08 06:39:00,4126.77,4127.47,4125.94,4126.25,2007
2026-07-08 06:42:00,4126.24,4127.04,4125.59,4126.66,2087
2026-07-08 06:45:00,4126.66,4128.67,4125.86,4128.29,1991
2026-07-08 06:48:00,4128.31,4129.15,4128.05,4128.09,1990
2026-07-08 06:51:00,4128.09,4128.66,4126.8,4127.42,2095
2026-07-08 06:54:00,4127.42,4127.56,4123.41,4123.62,2079
2026-07-08 06:57:00,4123.65,4124.65,4122.66,4123.46,2036
2026-07-08 07:00:00,4123.44,4124.78,4121.87,4122.12,2110
2026-07-08 07:03:00,4122.11,4123.82,4121.64,4123.2,2051
2026-07-08 07:06:00,4123.22,4128.02,4122.83,4128.02,2002
2026-07-08 07:09:00,4128.0,4128.82,4124.91,4126.92,2086
2026-07-08 07:12:00,4126.91,4127.3,4124.13,4124.44,1986
2026-07-08 07:15:00,4124.43,4124.45,4120.63,4120.68,2073
2026-07-08 07:18:00,4120.69,4124.02,4120.6,4123.75,2169
2026-07-08 07:21:00,4123.73,4127.31,4121.77,4126.99,2058
2026-07-08 07:24:00,4127.0,4127.25,4124.82,4126.24,2083
2026-07-08 07:27:00,4126.25,4126.59,4125.47,4125.96,2005
2026-07-08 07:30:00,4125.96,4128.24,4124.51,4126.87,2214
2026-07-08 07:33:00,4126.88,4127.25,4125.27,4127.09,2034
2026-07-08 07:36:00,4127.05,4128.1,4124.81,4125.21,2134
2026-07-08 07:39:00,4125.21,4125.95,4124.13,4124.16,2135
2026-07-08 07:42:00,4124.17,4125.28,4122.11,4125.09,2180
2026-07-08 07:45:00,4125.09,4126.76,4124.99,4125.29,1983
2026-07-08 07:48:00,4125.3,4126.93,4124.41,4125.14,2044
2026-07-08 07:51:00,4125.18,4126.34,4124.57,4125.87,2021
2026-07-08 07:54:00,4125.85,4126.3,4123.79,4126.29,2160
2026-07-08 07:57:00,4126.3,4126.77,4124.73,4125.06,2096
2026-07-08 08:00:00,4125.07,4127.52,4124.83,4126.24,2296
2026-07-08 08:03:00,4126.25,4130.82,4125.14,4130.32,2238
2026-07-08 08:06:00,4130.38,4133.96,4130.18,4130.85,2210
2026-07-08 08:09:00,4130.85,4131.11,4125.39,4127.08,2143
2026-07-08 08:12:00,4127.09,4127.89,4125.25,4125.84,2129
2026-07-08 08:15:00,4125.85,4129.39,4125.52,4127.24,2123
2026-07-08 08:18:00,4127.25,4129.06,4126.47,4126.77,2058
2026-07-08 08:21:00,4126.78,4126.87,4122.55,4124.5,2238
2026-07-08 08:24:00,4124.47,4126.35,4123.33,4125.45,2215
2026-07-08 08:27:00,4125.47,4125.61,4121.95,4121.98,2038
2026-07-08 08:30:00,4121.99,4127.68,4121.09,4126.54,2760
2026-07-08 08:33:00,4126.55,4128.27,4124.56,4126.65,2534
2026-07-08 08:36:00,4126.67,4130.19,4125.79,4129.86,2472
2026-07-08 08:39:00,4129.9,4129.91,4126.78,4129.13,2283
2026-07-08 08:42:00,4129.15,4131.67,4127.84,4128.32,2454
2026-07-08 08:45:00,4128.29,4130.02,4127.43,4127.43,2344
2026-07-08 08:48:00,4127.42,4127.48,4125.1,4126.75,2325
2026-07-08 08:51:00,4126.74,4127.06,4124.84,4125.62,2376
2026-07-08 08:54:00,4125.61,4128.13,4125.18,4127.56,2333
2026-07-08 08:57:00,4127.55,4129.24,4126.8,4127.78,2251
2026-07-08 09:00:00,4127.79,4129.2,4124.69,4125.18,2621
2026-07-08 09:03:00,4125.16,4125.51,4123.32,4124.79,2385
2026-07-08 09:06:00,4124.72,4125.52,4122.13,4124.02,2289
2026-07-08 09:09:00,4124.05,4125.98,4123.28,4125.79,2184
2026-07-08 09:12:00,4125.78,4131.72,4125.29,4131.48,2379
2026-07-08 09:15:00,4131.5,4132.96,4129.49,4130.41,2340
2026-07-08 09:18:00,4130.39,4130.97,4128.82,4130.07,2148
2026-07-08 09:21:00,4130.04,4131.83,4129.52,4131.45,2282
2026-07-08 09:24:00,4131.48,4133.64,4129.98,4130.52,2336
2026-07-08 09:27:00,4130.53,4131.05,4129.4,4129.7,2353
2026-07-08 09:30:00,4129.64,4129.91,4125.67,4126.19,2296
2026-07-08 09:33:00,4126.19,4127.07,4125.1,4126.8,2406
2026-07-08 09:36:00,4126.81,4127.01,4124.62,4125.87,2222
2026-07-08 09:39:00,4125.87,4127.73,4125.71,4126.29,2064
2026-07-08 09:42:00,4126.27,4127.97,4125.67,4126.56,2088
2026-07-08 09:45:00,4126.59,4127.18,4124.31,4125.17,2130
2026-07-08 09:48:00,4125.17,4126.51,4124.0,4126.17,2070
2026-07-08 09:51:00,4126.16,4126.65,4124.92,4125.19,2104
2026-07-08 09:54:00,4125.2,4125.78,4124.5,4125.19,2085
2026-07-08 09:57:00,4125.18,4125.38,4123.44,4123.56,2119
2026-07-08 10:00:00,4123.58,4125.26,4121.87,4122.13,2290
2026-07-08 10:03:00,4122.13,4123.16,4118.21,4118.74,2198
2026-07-08 10:06:00,4118.75,4120.72,4118.57,4120.56,2108
2026-07-08 10:09:00,4120.55,4121.16,4118.38,4118.46,2095
2026-07-08 10:12:00,4118.44,4120.13,4116.4,4118.0,2212
2026-07-08 10:15:00,4118.0,4118.55,4116.49,4116.84,2236
2026-07-08 10:18:00,4116.83,4116.86,4114.91,4116.17,2150
2026-07-08 10:21:00,4116.17,4118.36,4114.81,4118.36,2251
2026-07-08 10:24:00,4118.35,4120.19,4117.49,4119.61,2215
2026-07-08 10:27:00,4119.63,4121.3,4119.16,4120.45,2163
2026-07-08 10:30:00,4120.38,4126.2,4120.1,4125.51,2214
2026-07-08 10:33:00,4125.47,4125.91,4121.46,4121.51,2327
2026-07-08 10:36:00,4121.53,4121.76,4118.21,4118.41,2497
2026-07-08 10:39:00,4118.38,4122.79,4118.34,4122.78,2244
2026-07-08 10:42:00,4122.75,4127.2,4121.83,4127.2,2089
2026-07-08 10:45:00,4127.23,4127.25,4124.61,4125.51,2442
2026-07-08 10:48:00,4125.5,4125.9,4123.41,4123.45,2258
2026-07-08 10:51:00,4123.47,4124.15,4120.55,4121.49,2108
2026-07-08 10:54:00,4121.48,4121.98,4119.1,4121.55,2346
2026-07-08 10:57:00,4121.56,4121.59,4120.34,4121.03,2226
2026-07-08 11:00:00,4121.09,4121.2,4116.58,4118.05,2216
2026-07-08 11:03:00,4118.03,4119.69,4116.52,4119.45,2128
2026-07-08 11:06:00,4119.43,4120.35,4117.5,4119.77,2133
2026-07-08 11:09:00,4119.77,4121.32,4118.77,4118.95,2228
2026-07-08 11:12:00,4118.99,4119.48,4116.72,4117.77,2247
2026-07-08 11:15:00,4117.74,4120.97,4087.01,4087.17,3461
2026-07-08 11:18:00,4087.16,4097.65,4080.79,4092.28,4077
2026-07-08 11:21:00,4092.29,4094.04,4084.54,4084.61,3308
2026-07-08 11:24:00,4084.6,4091.0,4080.93,4088.61,3299
2026-07-08 11:27:00,4088.63,4092.01,4086.49,4088.92,3237
2026-07-08 11:30:00,4088.9,4092.05,4078.44,4080.33,3132
2026-07-08 11:33:00,4080.34,4085.04,4076.47,4076.61,3042
2026-07-08 11:36:00,4076.62,4077.35,4070.02,4070.09,3215
2026-07-08 11:39:00,4070.08,4071.73,4061.23,4061.78,3092
2026-07-08 11:42:00,4061.74,4067.31,4060.68,4065.74,2899
2026-07-08 11:45:00,4065.75,4075.22,4064.77,4074.38,2794
2026-07-08 11:48:00,4074.41,4075.96,4062.36,4064.59,2944
2026-07-08 11:51:00,4064.56,4069.08,4062.03,4068.39,2876
2026-07-08 11:54:00,4068.41,4068.66,4055.53,4056.5,2896
2026-07-08 11:57:00,4056.53,4057.87,4052.25,4056.67,2898
2026-07-08 12:00:00,4056.72,4056.77,4051.72,4053.47,2949
2026-07-08 12:03:00,4053.43,4056.52,4050.78,4054.72,2752
2026-07-08 12:06:00,4054.83,4055.36,4052.32,4052.78,2480
2026-07-08 12:09:00,4052.79,4055.21,4050.27,4052.77,2750
2026-07-08 12:12:00,4052.75,4056.12,4050.92,4055.86,2697
2026-07-08 12:15:00,4055.85,4059.38,4053.87,4056.45,2693
2026-07-08 12:18:00,4056.44,4060.99,4054.78,4057.97,2478
2026-07-08 12:21:00,4057.96,4059.91,4054.33,4059.79,2590
2026-07-08 12:24:00,4059.82,4060.17,4054.81,4058.73,2360
2026-07-08 12:27:00,4058.7,4060.54,4055.98,4056.63,2371
2026-07-08 12:30:00,4056.61,4057.33,4051.38,4054.75,2528
2026-07-08 12:33:00,4054.76,4058.1,4053.81,4056.88,2643
2026-07-08 12:36:00,4056.9,4058.59,4051.43,4051.45,2470
2026-07-08 12:39:00,4051.46,4054.19,4050.78,4051.96,2412
2026-07-08 12:42:00,4051.97,4052.49,4044.78,4048.47,2505
2026-07-08 12:45:00,4048.5,4052.78,4047.16,4048.7,2331
2026-07-08 12:48:00,4048.63,4051.35,4046.34,4046.36,2587
2026-07-08 12:51:00,4046.33,4049.7,4045.93,4049.32,2484
2026-07-08 12:54:00,4049.33,4049.33,4045.22,4045.32,2508
2026-07-08 12:57:00,4045.31,4047.69,4041.6,4043.35,2391
2026-07-08 13:00:00,4043.33,4046.79,4043.02,4046.32,2482
2026-07-08 13:03:00,4046.29,4048.36,4044.78,4045.54,2340
2026-07-08 13:06:00,4045.49,4045.5,4043.41,4045.16,2493
2026-07-08 13:09:00,4045.19,4046.0,4040.62,4042.14,2294
2026-07-08 13:12:00,4042.15,4045.15,4041.57,4044.62,2344
2026-07-08 13:15:00,4044.64,4047.04,4043.34,4046.45,2380
2026-07-08 13:18:00,4046.44,4054.84,4043.92,4054.45,2360
2026-07-08 13:21:00,4054.56,4055.84,4052.85,4054.13,2217
2026-07-08 13:24:00,4054.13,4055.14,4049.97,4050.25,2328
2026-07-08 13:27:00,4050.26,4051.3,4049.01,4050.84,2376
2026-07-08 13:30:00,4050.84,4055.03,4050.07,4054.38,2421
2026-07-08 13:33:00,4054.36,4056.46,4053.68,4055.97,2226
2026-07-08 13:36:00,4056.03,4056.89,4051.99,4052.78,2361
2026-07-08 13:39:00,4052.75,4055.74,4052.26,4055.08,2200
2026-07-08 13:42:00,4055.08,4058.5,4054.96,4057.31,2283
2026-07-08 13:45:00,4057.3,4058.16,4055.69,4057.66,2347
2026-07-08 13:48:00,4057.65,4058.43,4053.99,4055.14,2149
2026-07-08 13:51:00,4055.15,4055.78,4053.1,4055.35,2510
2026-07-08 13:54:00,4055.33,4057.34,4054.45,4055.04,2111
2026-07-08 13:57:00,4055.04,4055.17,4052.92,4053.0,2143
2026-07-08 14:00:00,4052.97,4057.07,4050.52,4056.86,2190
2026-07-08 14:03:00,4056.86,4056.88,4051.67,4052.69,2188
2026-07-08 14:06:00,4052.69,4054.31,4050.05,4050.05,2138
2026-07-08 14:09:00,4050.05,4052.27,4048.28,4049.05,2317
2026-07-08 14:12:00,4049.06,4051.6,4048.76,4050.77,2080
2026-07-08 14:15:00,4050.78,4054.49,4050.61,4052.57,2151
2026-07-08 14:18:00,4052.57,4053.12,4050.87,4051.71,2153
2026-07-08 14:21:00,4051.76,4054.29,4047.75,4050.64,2506
2026-07-08 14:24:00,4050.65,4051.99,4049.41,4051.84,2525
2026-07-08 14:27:00,4051.82,4052.12,4049.47,4050.26,2147
2026-07-08 14:30:00,4050.21,4050.82,4046.01,4046.31,2300
2026-07-08 14:33:00,4046.33,4047.99,4045.98,4046.11,2109
2026-07-08 14:36:00,4046.22,4046.51,4041.51,4042.23,2291
2026-07-08 14:39:00,4042.24,4045.31,4042.24,4045.04,2253
2026-07-08 14:42:00,4045.05,4065.76,4043.9,4064.34,3058
2026-07-08 14:45:00,4064.24,4072.6,4060.72,4067.97,3220
2026-07-08 14:48:00,4067.99,4072.29,4059.38,4060.91,2824
2026-07-08 14:51:00,4060.91,4062.94,4059.26,4061.68,2519
2026-07-08 14:54:00,4061.7,4064.67,4060.94,4062.78,2535
2026-07-08 14:57:00,4062.77,4062.77,4059.61,4062.19,2363
2026-07-08 15:00:00,4062.16,4064.17,4058.74,4063.32,2694
2026-07-08 15:03:00,4063.35,4068.77,4061.82,4067.68,2712
2026-07-08 15:06:00,4067.67,4069.09,4064.64,4065.1,2358
2026-07-08 15:09:00,4065.1,4073.28,4065.1,4071.97,2388
2026-07-08 15:12:00,4071.97,4073.68,4069.81,4071.97,2354
2026-07-08 15:15:00,4071.96,4074.48,4068.87,4074.26,2566
2026-07-08 15:18:00,4074.29,4077.66,4071.12,4071.34,2598
2026-07-08 15:21:00,4071.39,4072.86,4068.81,4069.57,2291
2026-07-08 15:24:00,4069.61,4070.62,4065.82,4070.39,2403
2026-07-08 15:27:00,4070.4,4072.29,4069.35,4070.88,2518
2026-07-08 15:30:00,4070.87,4074.16,4068.3,4070.51,2690
2026-07-08 15:33:00,4070.52,4073.5,4068.07,4068.52,2695
2026-07-08 15:36:00,4068.55,4070.95,4068.31,4070.21,2433
2026-07-08 15:39:00,4070.2,4074.73,4069.69,4073.05,2557
2026-07-08 15:42:00,4073.01,4078.29,4073.01,4078.14,2456
2026-07-08 15:45:00,4078.14,4083.24,4076.19,4082.13,2593
2026-07-08 15:48:00,4082.1,4084.03,4080.58,4083.41,2457
2026-07-08 15:51:00,4083.4,4086.46,4082.45,4082.58,2306
2026-07-08 15:54:00,4082.58,4085.6,4075.1,4076.3,3012
2026-07-08 15:57:00,4076.36,4079.81,4070.89,4072.09,3188
2026-07-08 16:00:00,4072.08,4076.95,4070.26,4074.5,3538
2026-07-08 16:03:00,4074.52,4083.01,4073.52,4081.41,2930
2026-07-08 16:06:00,4081.4,4082.44,4072.63,4073.05,2973
2026-07-08 16:09:00,4073.01,4076.18,4071.25,4071.9,2781
2026-07-08 16:12:00,4071.87,4075.34,4069.77,4072.15,2603
2026-07-08 16:15:00,4072.23,4074.64,4071.76,4073.63,2486
2026-07-08 16:18:00,4073.64,4075.86,4070.86,4074.7,2563
2026-07-08 16:21:00,4074.7,4076.0,4069.42,4070.46,2633
2026-07-08 16:24:00,4070.47,4074.83,4068.11,4072.51,2589
2026-07-08 16:27:00,4072.52,4074.16,4065.33,4066.68,2621
2026-07-08 16:30:00,4066.64,4079.73,4066.64,4079.03,3316
2026-07-08 16:33:00,4078.97,4079.97,4072.78,4074.31,3122
2026-07-08 16:36:00,4074.31,4078.99,4073.97,4075.19,3212
2026-07-08 16:39:00,4075.2,4080.31,4074.68,4078.03,3181
2026-07-08 16:42:00,4078.06,4078.33,4070.5,4073.27,3157
2026-07-08 16:45:00,4073.28,4079.22,4071.86,4075.2,3037
2026-07-08 16:48:00,4075.21,4076.43,4068.28,4070.45,3003
2026-07-08 16:51:00,4070.51,4073.47,4068.62,4068.73,3043
2026-07-08 16:54:00,4068.68,4071.64,4068.67,4071.61,3005
2026-07-08 16:57:00,4071.59,4073.0,4069.23,4070.81,2692
2026-07-08 17:00:00,4070.81,4071.4,4063.6,4068.27,2757
2026-07-08 17:03:00,4068.31,4069.0,4064.63,4065.62,2790
2026-07-08 17:06:00,4065.62,4066.64,4061.12,4065.05,2949
2026-07-08 17:09:00,4065.07,4065.75,4059.1,4063.37,2909
2026-07-08 17:12:00,4063.37,4064.26,4056.96,4057.41,2836
2026-07-08 17:15:00,4057.43,4058.9,4051.51,4058.34,2884
2026-07-08 17:18:00,4058.33,4061.55,4052.91,4056.82,2888
2026-07-08 17:21:00,4056.83,4062.05,4056.44,4059.26,3187
2026-07-08 17:24:00,4059.26,4065.36,4057.0,4062.74,2975
2026-07-08 17:27:00,4062.75,4063.71,4058.67,4060.23,3265
2026-07-08 17:30:00,4060.18,4061.32,4052.18,4053.11,3042
2026-07-08 17:33:00,4053.1,4057.18,4051.97,4052.67,2976
2026-07-08 17:36:00,4052.67,4053.14,4044.85,4045.08,3062
2026-07-08 17:39:00,4045.09,4049.11,4042.05,4047.96,2988
2026-07-08 17:42:00,4047.93,4047.94,4035.36,4036.32,2919
2026-07-08 17:45:00,4036.34,4039.75,4033.84,4038.64,3025
2026-07-08 17:48:00,4038.69,4040.19,4034.63,4039.61,2743
2026-07-08 17:51:00,4039.62,4046.27,4039.53,4044.81,2918
2026-07-08 17:54:00,4044.89,4045.44,4042.18,4042.7,2921
2026-07-08 17:57:00,4042.68,4043.44,4040.18,4040.93,2917
2026-07-08 18:00:00,4040.93,4041.73,4036.5,4039.34,3029
2026-07-08 18:03:00,4039.35,4043.81,4035.7,4043.19,3024
2026-07-08 18:06:00,4043.2,4043.23,4039.11,4040.72,2819
2026-07-08 18:09:00,4040.75,4042.38,4037.63,4038.0,2806
2026-07-08 18:12:00,4037.98,4038.34,4033.66,4033.66,2828
2026-07-08 18:15:00,4033.69,4034.9,4027.81,4031.14,2852
2026-07-08 18:18:00,4031.13,4035.95,4029.04,4034.82,2804
2026-07-08 18:21:00,4034.83,4034.85,4028.03,4028.39,2856
2026-07-08 18:24:00,4028.34,4030.07,4026.32,4029.13,2761
2026-07-08 18:27:00,4029.11,4032.31,4027.94,4030.95,2811
2026-07-08 18:30:00,4030.94,4032.32,4021.75,4022.99,2968
2026-07-08 18:33:00,4022.93,4030.65,4022.81,4030.29,2822
2026-07-08 18:36:00,4030.33,4032.05,4028.21,4030.91,2917
2026-07-08 18:39:00,4030.92,4032.91,4028.3,4031.24,2753
2026-07-08 18:42:00,4031.21,4033.62,4029.21,4032.88,2637
2026-07-08 18:45:00,4032.9,4033.09,4029.91,4032.38,2840
2026-07-08 18:48:00,4032.34,4035.75,4032.2,4035.31,2498
2026-07-08 18:51:00,4035.32,4038.38,4034.13,4037.09,2524
2026-07-08 18:54:00,4037.07,4037.1,4030.77,4031.51,2577
2026-07-08 18:57:00,4031.5,4034.93,4031.41,4034.32,2459
2026-07-08 19:00:00,4034.28,4035.64,4033.39,4033.59,2655
2026-07-08 19:03:00,4033.6,4037.8,4033.18,4036.89,2526
2026-07-08 19:06:00,4036.87,4040.48,4036.77,4038.05,2556
2026-07-08 19:09:00,4038.08,4042.42,4037.91,4040.5,2520
2026-07-08 19:12:00,4040.48,4042.85,4038.33,4039.31,2506
2026-07-08 19:15:00,4039.32,4040.68,4037.78,4039.97,2395
2026-07-08 19:18:00,4040.0,4041.94,4039.32,4041.57,2494
2026-07-08 19:21:00,4041.55,4041.75,4039.1,4039.94,2428
2026-07-08 19:24:00,4039.92,4041.21,4037.86,4041.09,2227
2026-07-08 19:27:00,4041.07,4044.96,4040.87,4043.72,2437
2026-07-08 19:30:00,4043.72,4047.11,4042.68,4044.01,2386
2026-07-08 19:33:00,4044.01,4046.38,4041.59,4042.1,2661
2026-07-08 19:36:00,4042.11,4042.19,4039.56,4040.04,2436
2026-07-08 19:39:00,4040.05,4050.6,4039.51,4047.84,3258
2026-07-08 19:42:00,4047.84,4057.45,4047.17,4056.56,2875
2026-07-08 19:45:00,4056.55,4058.21,4053.53,4054.62,2681
2026-07-08 19:48:00,4054.63,4059.83,4054.59,4059.38,2507
2026-07-08 19:51:00,4059.37,4062.79,4057.52,4061.55,2557
2026-07-08 19:54:00,4061.58,4064.4,4060.2,4063.2,2328
2026-07-08 19:57:00,4063.2,4064.08,4061.32,4063.67,2246
2026-07-08 20:00:00,4063.65,4064.05,4059.67,4060.32,2386
2026-07-08 20:03:00,4060.3,4063.02,4059.96,4061.73,2431
2026-07-08 20:06:00,4061.71,4069.08,4061.2,4066.47,2598
2026-07-08 20:09:00,4066.48,4066.77,4063.82,4066.33,2359
2026-07-08 20:12:00,4066.34,4070.4,4064.92,4064.92,2512
2026-07-08 20:15:00,4064.99,4067.39,4064.22,4064.29,2393
2026-07-08 20:18:00,4064.28,4067.45,4063.5,4066.63,2394
2026-07-08 20:21:00,4066.62,4070.84,4065.32,4068.58,2470
2026-07-08 20:24:00,4068.6,4073.18,4068.29,4072.74,2507
2026-07-08 20:27:00,4072.71,4073.85,4070.46,4073.06,2477
2026-07-08 20:30:00,4073.08,4076.38,4072.42,4072.71,2517
2026-07-08 20:33:00,4072.72,4073.83,4071.29,4071.6,2559
2026-07-08 20:36:00,4071.59,4073.13,4069.78,4070.96,2219
2026-07-08 20:39:00,4070.96,4071.49,4068.93,4069.63,2102
2026-07-08 20:42:00,4069.62,4071.37,4069.1,4069.93,2184
2026-07-08 20:45:00,4069.93,4070.34,4068.05,4068.96,2140
2026-07-08 20:48:00,4068.96,4069.0,4066.69,4068.48,2119
2026-07-08 20:51:00,4068.5,4069.86,4068.06,4068.2,2163
2026-07-08 20:54:00,4068.21,4068.23,4064.84,4065.47,2173
2026-07-08 20:57:00,4065.48,4066.42,4064.36,4065.72,2065
2026-07-08 21:00:00,4065.65,4075.17,4063.53,4069.64,2556
2026-07-08 21:03:00,4069.66,4071.12,4067.66,4070.2,2504
2026-07-08 21:06:00,4070.18,4070.48,4066.33,4068.35,2525
2026-07-08 21:09:00,4068.38,4073.68,4066.8,4072.03,2524
2026-07-08 21:12:00,4072.03,4075.66,4070.79,4075.2,2561
2026-07-08 21:15:00,4075.17,4075.27,4070.51,4071.43,2430
2026-07-08 21:18:00,4071.45,4071.98,4068.36,4069.68,2313
2026-07-08 21:21:00,4069.69,4071.3,4068.47,4070.29,2346
2026-07-08 21:24:00,4070.27,4071.02,4067.55,4068.9,2382
2026-07-08 21:27:00,4068.91,4072.17,4068.91,4069.66,2444
2026-07-08 21:30:00,4069.67,4071.36,4067.14,4070.09,2447
2026-07-08 21:33:00,4070.06,4071.3,4067.77,4070.88,2435
2026-07-08 21:36:00,4070.93,4075.58,4070.56,4074.56,2546
2026-07-08 21:39:00,4074.52,4077.86,4074.02,4075.98,2595
2026-07-08 21:42:00,4075.98,4079.43,4074.93,4079.43,2376
2026-07-08 21:45:00,4079.45,4088.27,4078.78,4087.58,2742
2026-07-08 21:48:00,4087.57,4091.53,4083.99,4091.26,2483
2026-07-08 21:51:00,4091.22,4091.27,4084.61,4084.79,2283
2026-07-08 21:54:00,4084.78,4086.39,4082.7,4082.89,2201
2026-07-08 21:57:00,4082.87,4084.47,4082.48,4084.32,2141
2026-07-08 22:00:00,4084.3,4090.92,4084.3,4087.2,2466
2026-07-08 22:03:00,4087.19,4089.42,4086.38,4087.37,2342
2026-07-08 22:06:00,4087.32,4090.19,4087.0,4090.19,2369
2026-07-08 22:09:00,4090.19,4090.57,4085.79,4086.32,2377
2026-07-08 22:12:00,4086.33,4087.87,4085.81,4087.63,2151
2026-07-08 22:15:00,4087.64,4088.07,4084.83,4086.07,2508
2026-07-08 22:18:00,4086.08,4087.6,4085.98,4087.36,2093
2026-07-08 22:21:00,4087.36,4087.87,4085.9,4086.2,2242
2026-07-08 22:24:00,4086.19,4087.76,4084.99,4086.96,2149
2026-07-08 22:27:00,4086.97,4088.58,4086.15,4088.18,2189
2026-07-08 22:30:00,4088.19,4090.97,4087.88,4089.16,2388
2026-07-08 22:33:00,4089.15,4091.25,4086.28,4087.24,2253
2026-07-08 22:36:00,4087.23,4089.43,4086.59,4086.69,2065
2026-07-08 22:39:00,4086.68,4087.67,4084.98,4085.19,2274
2026-07-08 22:42:00,4085.18,4085.47,4083.36,4084.1,2130
2026-07-08 22:45:00,4084.12,4084.32,4078.34,4079.74,2420
2026-07-08 22:48:00,4079.62,4082.07,4078.76,4080.68,2486
2026-07-08 22:51:00,4080.68,4083.1,4080.0,4082.04,2344
2026-07-08 22:54:00,4082.05,4083.34,4081.35,4081.99,2356
2026-07-08 22:57:00,4082.0,4082.89,4080.03,4080.03,2378
2026-07-08 23:00:00,4080.06,4080.11,4076.08,4078.72,2302
2026-07-08 23:03:00,4078.73,4081.46,4078.46,4081.3,2482
2026-07-08 23:06:00,4081.32,4083.37,4079.3,4080.08,2034
2026-07-08 23:09:00,4080.08,4081.89,4078.05,4078.83,2501
2026-07-08 23:12:00,4078.81,4079.48,4078.09,4078.98,2147
2026-07-08 23:15:00,4078.97,4079.66,4075.62,4076.53,2142
2026-07-08 23:18:00,4076.54,4077.72,4075.57,4075.95,2110
2026-07-08 23:21:00,4075.94,4076.23,4074.16,4075.68,2408
2026-07-08 23:24:00,4075.66,4076.01,4074.83,4075.97,2018
2026-07-08 23:27:00,4075.97,4076.81,4074.48,4076.78,1916
2026-07-08 23:30:00,4076.81,4078.49,4075.06,4075.08,1974
2026-07-08 23:33:00,4075.08,4075.42,4072.66,4072.81,2047
2026-07-08 23:36:00,4072.79,4073.71,4071.47,4073.44,1936
2026-07-08 23:39:00,4073.42,4075.31,4072.37,4075.13,1934
2026-07-08 23:42:00,4075.13,4076.11,4074.73,4074.77,1851
2026-07-08 23:45:00,4074.77,4075.55,4074.07,4075.13,1955
2026-07-08 23:48:00,4075.13,4077.15,4075.03,4077.11,1824
2026-07-08 23:51:00,4077.12,4078.26,4075.45,4078.23,1855
2026-07-08 23:54:00,4078.24,4079.66,4076.67,4077.92,1883
2026-07-08 23:57:00,4077.91,4077.94,4077.12,4077.38,1227
2026-07-09 01:00:00,4076.59,4079.84,4076.36,4078.95,4943
2026-07-09 01:03:00,4078.94,4078.97,4072.53,4075.85,2362
2026-07-09 01:06:00,4075.87,4079.67,4075.87,4078.23,1859
2026-07-09 01:09:00,4078.26,4079.26,4077.28,4078.26,1802
2026-07-09 01:12:00,4078.23,4078.78,4076.56,4077.15,1810
2026-07-09 01:15:00,4077.14,4078.96,4076.88,4077.36,1863
2026-07-09 01:18:00,4077.33,4077.42,4075.53,4075.65,1847
2026-07-09 01:21:00,4075.67,4075.73,4073.81,4075.37,1900
2026-07-09 01:24:00,4075.4,4076.1,4074.57,4075.12,1873
2026-07-09 01:27:00,4075.12,4075.93,4073.52,4074.34,1925
2026-07-09 01:30:00,4074.36,4077.38,4073.67,4077.08,1922
2026-07-09 01:33:00,4077.1,4077.43,4076.29,4076.62,1844
2026-07-09 01:36:00,4076.6,4078.19,4075.25,4075.44,1810
2026-07-09 01:39:00,4075.46,4078.25,4075.43,4077.41,1847
2026-07-09 01:42:00,4077.42,4079.25,4076.26,4076.45,1834
2026-07-09 01:45:00,4076.44,4078.84,4076.22,4077.86,1848
2026-07-09 01:48:00,4077.84,4079.54,4077.83,4078.86,1817
2026-07-09 01:51:00,4078.9,4079.91,4078.21,4078.36,1762
2026-07-09 01:54:00,4078.39,4078.71,4077.23,4077.26,1781
2026-07-09 01:57:00,4077.26,4077.62,4076.4,4076.61,1806
2026-07-09 02:00:00,4076.58,4077.12,4073.91,4074.65,1888
2026-07-09 02:03:00,4074.66,4075.95,4074.57,4075.88,1832
2026-07-09 02:06:00,4075.9,4076.61,4075.88,4076.23,1796
2026-07-09 02:09:00,4076.2,4077.28,4075.88,4076.1,1769
2026-07-09 02:12:00,4076.11,4077.51,4075.91,4077.04,1775
2026-07-09 02:15:00,4077.01,4077.24,4075.71,4075.79,1776
2026-07-09 02:18:00,4075.79,4076.47,4075.41,4075.59,1734
2026-07-09 02:21:00,4075.61,4076.31,4075.44,4075.51,1771
2026-07-09 02:24:00,4075.51,4076.93,4075.47,4076.61,1766
2026-07-09 02:27:00,4076.59,4077.81,4076.54,4077.63,1786
2026-07-09 02:30:00,4077.62,4077.62,4074.74,4076.35,1793
2026-07-09 02:33:00,4076.36,4077.13,4074.96,4077.12,1808
2026-07-09 02:36:00,4077.11,4077.19,4075.85,4076.14,1823
2026-07-09 02:39:00,4076.13,4077.06,4074.91,4075.12,1867
2026-07-09 02:42:00,4075.09,4075.9,4073.83,4075.27,1918
2026-07-09 02:45:00,4075.29,4076.36,4071.92,4073.24,1965
2026-07-09 02:48:00,4073.22,4073.82,4072.15,4073.13,1842
2026-07-09 02:51:00,4073.11,4077.24,4073.11,4076.7,1903
2026-07-09 02:54:00,4076.7,4077.11,4074.83,4076.88,1918
2026-07-09 02:57:00,4076.86,4077.65,4075.78,4076.26,1921
2026-07-09 03:00:00,4076.24,4081.11,4076.13,4080.83,2510
2026-07-09 03:03:00,4080.8,4082.6,4078.2,4082.59,2237
2026-07-09 03:06:00,4082.58,4082.59,4078.18,4080.43,2266
2026-07-09 03:09:00,4080.43,4083.38,4077.4,4083.11,2270
2026-07-09 03:12:00,4083.1,4087.53,4082.24,4087.52,2300
2026-07-09 03:15:00,4087.49,4089.75,4083.53,4083.9,2225
2026-07-09 03:18:00,4083.91,4085.48,4082.88,4084.33,2174
2026-07-09 03:21:00,4084.34,4084.8,4075.75,4078.35,2266
2026-07-09 03:24:00,4078.38,4078.86,4074.39,4075.85,2130
2026-07-09 03:27:00,4075.83,4078.26,4073.99,4078.05,2100
2026-07-09 03:30:00,4078.03,4079.77,4076.95,4079.71,2206
2026-07-09 03:33:00,4079.71,4081.56,4076.59,4077.15,2219
2026-07-09 03:36:00,4077.17,4081.78,4076.44,4080.5,2258
2026-07-09 03:39:00,4080.48,4081.07,4076.49,4077.25,2120
2026-07-09 03:42:00,4077.26,4077.61,4075.5,4077.05,1999
2026-07-09 03:45:00,4077.03,4078.15,4075.11,4077.94,2011
2026-07-09 03:48:00,4077.92,4079.06,4075.07,4075.38,2074
2026-07-09 03:51:00,4075.39,4075.89,4072.55,4073.62,2136
2026-07-09 03:54:00,4073.59,4075.22,4070.26,4075.22,2183
2026-07-09 03:57:00,4075.21,4075.25,4072.74,4073.95,2050
2026-07-09 04:00:00,4074.01,4078.78,4070.39,4070.76,2776
2026-07-09 04:03:00,4070.73,4072.04,4065.25,4068.26,2668
2026-07-09 04:06:00,4068.28,4071.13,4067.26,4069.5,2426
2026-07-09 04:09:00,4069.52,4075.58,4069.49,4075.35,2403
2026-07-09 04:12:00,4075.36,4076.61,4072.51,4074.15,2283
2026-07-09 04:15:00,4074.14,4075.28,4072.56,4074.74,2381
2026-07-09 04:18:00,4074.74,4076.64,4071.54,4071.97,2419
2026-07-09 04:21:00,4072.0,4074.22,4070.78,4074.11,2273
2026-07-09 04:24:00,4074.15,4074.27,4070.07,4070.59,2279
2026-07-09 04:27:00,4070.6,4070.92,4066.64,4066.71,2144
2026-07-09 04:30:00,4066.69,4071.51,4062.33,4069.46,2545
2026-07-09 04:33:00,4069.43,4073.35,4068.62,4071.54,2187
2026-07-09 04:36:00,4071.55,4073.79,4070.7,4072.65,2276
2026-07-09 04:39:00,4072.61,4074.0,4070.58,4073.3,2135
2026-07-09 04:42:00,4073.35,4075.09,4071.65,4073.38,2094
2026-07-09 04:45:00,4073.37,4076.12,4072.63,4074.33,2026
2026-07-09 04:48:00,4074.32,4075.95,4072.77,4073.57,2128
2026-07-09 04:51:00,4073.58,4073.58,4070.03,4071.07,2123
2026-07-09 04:54:00,4071.07,4071.63,4068.94,4070.81,2248
2026-07-09 04:57:00,4070.8,4072.97,4070.16,4072.77,2105
2026-07-09 05:00:00,4072.77,4075.91,4072.03,4075.02,2201
2026-07-09 05:03:00,4075.09,4076.16,4073.69,4074.67,2281
2026-07-09 05:06:00,4074.65,4076.03,4073.71,4075.03,2231
2026-07-09 05:09:00,4075.02,4078.92,4074.63,4078.09,2250
2026-07-09 05:12:00,4078.06,4079.48,4076.12,4078.5,2073
2026-07-09 05:15:00,4078.49,4079.22,4076.79,4078.85,1968
2026-07-09 05:18:00,4078.85,4081.11,4078.82,4079.78,1940
2026-07-09 05:21:00,4079.78,4079.91,4077.67,4078.88,1953
2026-07-09 05:24:00,4078.85,4082.48,4078.56,4082.07,2059
2026-07-09 05:27:00,4082.06,4082.54,4079.82,4080.4,2020
2026-07-09 05:30:00,4080.41,4081.68,4076.64,4076.74,2201
2026-07-09 05:33:00,4076.75,4076.76,4070.27,4070.97,2193
2026-07-09 05:36:00,4070.95,4074.24,4070.92,4074.14,2071
2026-07-09 05:39:00,4074.14,4074.46,4071.48,4071.54,2086
2026-07-09 05:42:00,4071.52,4072.49,4069.88,4070.81,2084
2026-07-09 05:45:00,4070.81,4071.77,4070.02,4071.16,2104
2026-07-09 05:48:00,4071.17,4071.19,4067.05,4068.16,2190
2026-07-09 05:51:00,4068.18,4068.4,4065.75,4067.27,2196
2026-07-09 05:54:00,4067.25,4068.96,4066.29,4067.86,2169
2026-07-09 05:57:00,4067.83,4068.57,4064.35,4064.98,2209
2026-07-09 06:00:00,4064.99,4067.25,4064.22,4066.49,2206
2026-07-09 06:03:00,4066.51,4067.5,4065.87,4066.63,2214
2026-07-09 06:06:00,4066.61,4066.92,4062.38,4062.92,2307
2026-07-09 06:09:00,4062.89,4063.15,4057.98,4060.06,2254
2026-07-09 06:12:00,4060.06,4061.04,4055.33,4058.99,2257
2026-07-09 06:15:00,4058.98,4059.09,4056.9,4057.31,2256
2026-07-09 06:18:00,4057.32,4057.39,4054.28,4055.35,2239
2026-07-09 06:21:00,4055.36,4058.52,4054.26,4058.52,2191
2026-07-09 06:24:00,4058.54,4061.12,4058.11,4060.67,2102
2026-07-09 06:27:00,4060.67,4060.96,4057.42,4058.26,2085
2026-07-09 06:30:00,4058.24,4061.42,4056.45,4061.4,2139
2026-07-09 06:33:00,4061.39,4063.43,4061.1,4061.81,2031
2026-07-09 06:36:00,4061.78,4062.69,4060.94,4061.2,1883
2026-07-09 06:39:00,4061.18,4061.22,4059.12,4060.18,2080
2026-07-09 06:42:00,4060.18,4061.94,4059.94,4061.93,1998
2026-07-09 06:45:00,4061.94,4062.77,4061.17,4062.7,1889
2026-07-09 06:48:00,4062.71,4062.79,4061.15,4062.0,1904
2026-07-09 06:51:00,4062.0,4063.58,4061.67,4063.03,1909
2026-07-09 06:54:00,4063.05,4063.14,4061.92,4062.3,1952
2026-07-09 06:57:00,4062.32,4064.09,4061.48,4064.09,1929
2026-07-09 07:00:00,4064.07,4064.53,4059.66,4059.66,2025
2026-07-09 07:03:00,4059.68,4062.46,4058.84,4062.42,2029
2026-07-09 07:06:00,4062.42,4062.92,4061.17,4061.88,1950
2026-07-09 07:09:00,4061.87,4063.74,4061.4,4062.81,1974
2026-07-09 07:12:00,4062.84,4063.97,4060.55,4060.55,1975
2026-07-09 07:15:00,4060.53,4060.63,4057.73,4057.77,2061
2026-07-09 07:18:00,4057.75,4059.41,4057.37,4059.29,1972
2026-07-09 07:21:00,4059.31,4060.97,4059.11,4060.54,1940
2026-07-09 07:24:00,4060.54,4060.56,4058.42,4058.71,1931
2026-07-09 07:27:00,4058.71,4060.34,4058.51,4058.9,1945
2026-07-09 07:30:00,4058.9,4064.34,4058.79,4064.21,1989
2026-07-09 07:33:00,4064.21,4064.31,4062.14,4062.18,1935
2026-07-09 07:36:00,4062.19,4063.4,4061.25,4063.01,1853
2026-07-09 07:39:00,4063.0,4064.46,4060.59,4061.09,1941
2026-07-09 07:42:00,4061.11,4061.13,4056.52,4057.88,2090
2026-07-09 07:45:00,4057.88,4059.34,4056.51,4058.85,2017
2026-07-09 07:48:00,4058.88,4062.41,4058.74,4062.41,1863
2026-07-09 07:51:00,4062.4,4062.46,4059.43,4062.06,1977
2026-07-09 07:54:00,4062.04,4063.71,4061.9,4062.62,1906
2026-07-09 07:57:00,4062.62,4064.55,4062.53,4064.33,1820
2026-07-09 08:00:00,4064.32,4071.72,4063.71,4067.37,2256
2026-07-09 08:03:00,4067.38,4068.5,4065.68,4066.73,2064
2026-07-09 08:06:00,4066.76,4068.13,4066.5,4067.91,2089
2026-07-09 08:09:00,4067.93,4075.96,4067.67,4073.79,2482
2026-07-09 08:12:00,4073.58,4075.36,4070.96,4073.52,2461
2026-07-09 08:15:00,4073.52,4073.79,4069.07,4069.94,2348
2026-07-09 08:18:00,4069.93,4070.13,4067.1,4067.47,2081
2026-07-09 08:21:00,4067.5,4069.64,4066.79,4069.45,1963
2026-07-09 08:24:00,4069.42,4070.09,4068.06,4070.09,2050
2026-07-09 08:27:00,4070.09,4072.46,4069.63,4072.24,2014
2026-07-09 08:30:00,4072.24,4073.68,4064.81,4066.17,2435
2026-07-09 08:33:00,4066.16,4072.35,4065.79,4071.28,2332
2026-07-09 08:36:00,4071.3,4075.21,4070.05,4074.9,2205
2026-07-09 08:39:00,4074.88,4077.14,4073.79,4073.82,2128
2026-07-09 08:42:00,4073.83,4076.25,4073.74,4075.61,2096
2026-07-09 08:45:00,4075.6,4076.94,4073.85,4076.36,2148
2026-07-09 08:48:00,4076.35,4080.27,4075.12,4080.11,2116
2026-07-09 08:51:00,4080.09,4082.65,4078.51,4079.3,2169
2026-07-09 08:54:00,4079.3,4081.65,4078.57,4081.01,2111
2026-07-09 08:57:00,4081.02,4084.24,4080.76,4082.04,2167
2026-07-09 09:00:00,4082.05,4099.7,4081.51,4093.62,2809
2026-07-09 09:03:00,4093.63,4095.63,4089.35,4090.11,2364
2026-07-09 09:06:00,4090.13,4092.42,4088.16,4088.67,2332
2026-07-09 09:09:00,4088.69,4091.1,4088.35,4088.65,2160
2026-07-09 09:12:00,4088.66,4092.88,4088.27,4092.05,2220
2026-07-09 09:15:00,4092.11,4095.86,4091.43,4094.73,2312
2026-07-09 09:18:00,4094.73,4095.9,4092.32,4095.89,2149
2026-07-09 09:21:00,4095.89,4100.73,4095.49,4098.18,2587
2026-07-09 09:24:00,4098.16,4102.16,4097.26,4099.31,2468
2026-07-09 09:27:00,4099.34,4103.2,4099.33,4102.33,2270
2026-07-09 09:30:00,4102.36,4104.49,4099.46,4104.17,2283
2026-07-09 09:33:00,4104.19,4107.02,4102.87,4105.0,2326
2026-07-09 09:36:00,4104.99,4106.03,4099.69,4100.64,2463
2026-07-09 09:39:00,4100.61,4100.8,4096.08,4097.16,2339
2026-07-09 09:42:00,4097.17,4103.03,4097.16,4102.92,2148
2026-07-09 09:45:00,4102.87,4104.75,4102.4,4103.15,2117
2026-07-09 09:48:00,4103.13,4104.07,4102.91,4103.58,2006
2026-07-09 09:51:00,4103.59,4105.33,4102.83,4103.74,2073
2026-07-09 09:54:00,4103.73,4105.97,4103.21,4105.2,2032
2026-07-09 09:57:00,4105.18,4108.07,4105.0,4107.99,2232
2026-07-09 10:00:00,4107.96,4110.22,4106.47,4108.39,2296
2026-07-09 10:03:00,4108.39,4108.86,4103.75,4104.02,2204
2026-07-09 10:06:00,4104.03,4106.11,4103.28,4105.21,2154
2026-07-09 10:09:00,4105.22,4106.85,4104.65,4106.03,2154
2026-07-09 10:12:00,4106.0,4106.04,4101.61,4101.62,2148
2026-07-09 10:15:00,4101.64,4103.82,4101.59,4102.5,2063
2026-07-09 10:18:00,4102.49,4105.25,4102.29,4104.34,2147
2026-07-09 10:21:00,4104.35,4105.97,4103.29,4103.72,2068
2026-07-09 10:24:00,4103.71,4108.35,4103.7,4107.19,2140
2026-07-09 10:27:00,4107.22,4110.03,4104.68,4109.01,2094
2026-07-09 10:30:00,4108.98,4109.26,4103.76,4105.91,2101
2026-07-09 10:33:00,4105.91,4108.13,4104.24,4107.91,1999
2026-07-09 10:36:00,4107.87,4109.37,4107.31,4108.09,2132
2026-07-09 10:39:00,4108.09,4109.41,4107.63,4108.4,2321
2026-07-09 10:42:00,4108.4,4110.99,4108.32,4109.21,1999
2026-07-09 10:45:00,4109.22,4109.23,4106.34,4106.77,2297
2026-07-09 10:48:00,4106.8,4111.06,4106.77,4109.24,2151
2026-07-09 10:51:00,4109.22,4111.2,4108.61,4110.16,1991
2026-07-09 10:54:00,4110.13,4110.17,4106.07,4106.2,1954
2026-07-09 10:57:00,4106.19,4108.4,4104.75,4108.02,2044
2026-07-09 11:00:00,4107.99,4109.56,4105.38,4105.81,2333
2026-07-09 11:03:00,4105.78,4108.17,4105.35,4106.98,2287
2026-07-09 11:06:00,4106.97,4110.62,4106.8,4110.12,2125
2026-07-09 11:09:00,4110.11,4110.54,4107.42,4107.73,2149
2026-07-09 11:12:00,4107.75,4108.21,4105.46,4108.13,2489
2026-07-09 11:15:00,4108.13,4113.0,4107.88,4111.07,2184
2026-07-09 11:18:00,4111.05,4112.5,4108.66,4112.36,2090
2026-07-09 11:21:00,4112.35,4117.72,4111.99,4115.72,2196
2026-07-09 11:24:00,4115.7,4116.61,4113.99,4114.46,2077
2026-07-09 11:27:00,4114.66,4115.41,4114.13,4114.79,2044
2026-07-09 11:30:00,4114.82,4116.57,4113.14,4113.55,2106
2026-07-09 11:33:00,4113.58,4113.74,4110.15,4112.08,1983
2026-07-09 11:36:00,4112.06,4114.59,4112.04,4114.26,2007
2026-07-09 11:39:00,4114.28,4115.3,4113.14,4114.44,2051
2026-07-09 11:42:00,4114.44,4115.15,4113.04,4113.57,2025
2026-07-09 11:45:00,4113.54,4113.82,4107.94,4109.51,2105
2026-07-09 11:48:00,4109.49,4111.14,4109.26,4109.66,1964
2026-07-09 11:51:00,4109.68,4110.95,4109.14,4110.46,2001
2026-07-09 11:54:00,4110.48,4110.75,4109.18,4110.1,1983
2026-07-09 11:57:00,4110.11,4110.24,4107.82,4108.32,2017
2026-07-09 12:00:00,4108.32,4109.05,4106.48,4108.76,2093
2026-07-09 12:03:00,4108.74,4109.6,4107.58,4109.06,2011
2026-07-09 12:06:00,4109.06,4109.09,4105.91,4106.74,1948
2026-07-09 12:09:00,4106.73,4108.56,4106.28,4107.86,2102
2026-07-09 12:12:00,4107.88,4109.52,4107.87,4108.65,2001
2026-07-09 12:15:00,4108.65,4109.76,4107.94,4109.37,2038
2026-07-09 12:18:00,4109.38,4111.94,4109.34,4111.71,1965
2026-07-09 12:21:00,4111.7,4112.32,4108.4,4108.58,2049
2026-07-09 12:24:00,4108.59,4109.08,4107.55,4108.92,2084
2026-07-09 12:27:00,4108.89,4109.1,4107.77,4108.48,2350
2026-07-09 12:30:00,4108.49,4109.99,4106.65,4107.76,2242
2026-07-09 12:33:00,4107.73,4109.44,4105.0,4107.48,2070
2026-07-09 12:36:00,4107.48,4107.97,4105.55,4106.31,2297
2026-07-09 12:39:00,4106.29,4106.81,4103.29,4104.77,2137
2026-07-09 12:42:00,4104.79,4105.07,4103.56,4103.96,2026
2026-07-09 12:45:00,4103.96,4104.85,4103.21,4103.78,2266
2026-07-09 12:48:00,4103.8,4106.17,4103.61,4104.99,2180
2026-07-09 12:51:00,4104.96,4106.16,4103.88,4105.68,2021
2026-07-09 12:54:00,4105.65,4106.39,4105.3,4105.72,1984
2026-07-09 12:57:00,4105.72,4107.52,4105.4,4106.34,1951
2026-07-09 13:00:00,4106.32,4108.5,4104.08,4107.56,2017
2026-07-09 13:03:00,4107.56,4110.05,4106.76,4108.25,1965
2026-07-09 13:06:00,4108.27,4108.27,4105.81,4105.86,1916
2026-07-09 13:09:00,4105.89,4107.9,4104.97,4107.25,1973
2026-07-09 13:12:00,4107.26,4107.26,4105.05,4105.16,2028
2026-07-09 13:15:00,4105.13,4106.57,4105.09,4105.35,1876
2026-07-09 13:18:00,4105.34,4105.84,4104.86,4105.46,2105
2026-07-09 13:21:00,4105.42,4105.9,4104.6,4105.36,1912
2026-07-09 13:24:00,4105.34,4105.38,4104.31,4104.76,1924
2026-07-09 13:27:00,4104.73,4105.44,4103.99,4104.36,1892
2026-07-09 13:30:00,4104.36,4104.52,4102.42,4102.62,2048
2026-07-09 13:33:00,4102.62,4105.07,4102.62,4104.46,1896
2026-07-09 13:36:00,4104.47,4104.94,4103.47,4104.83,1889
2026-07-09 13:39:00,4104.86,4105.48,4102.92,4104.24,1914
2026-07-09 13:42:00,4104.25,4104.27,4103.24,4103.44,1942
2026-07-09 13:45:00,4103.42,4104.44,4101.12,4101.46,2118
2026-07-09 13:48:00,4101.47,4101.55,4099.53,4100.35,2066
2026-07-09 13:51:00,4100.34,4100.5,4094.54,4096.5,2292
2026-07-09 13:54:00,4096.51,4097.46,4093.76,4095.9,2178
2026-07-09 13:57:00,4095.92,4099.28,4095.47,4099.02,2127
2026-07-09 14:00:00,4099.05,4103.22,4097.86,4102.01,2256
2026-07-09 14:03:00,4102.0,4103.91,4101.73,4102.65,2029
2026-07-09 14:06:00,4102.65,4102.66,4100.5,4100.76,2027
2026-07-09 14:09:00,4100.76,4103.72,4100.54,4102.74,2141
2026-07-09 14:12:00,4102.73,4105.16,4102.33,4104.94,1969
2026-07-09 14:15:00,4104.95,4107.13,4104.09,4106.41,2054
2026-07-09 14:18:00,4106.41,4106.44,4104.29,4104.93,2101
2026-07-09 14:21:00,4104.92,4105.0,4100.68,4100.74,2038
2026-07-09 14:24:00,4100.72,4101.12,4099.4,4100.93,1929
2026-07-09 14:27:00,4100.94,4101.49,4099.13,4100.43,1960
2026-07-09 14:30:00,4100.46,4102.67,4100.06,4102.46,2137
2026-07-09 14:33:00,4102.46,4102.58,4099.48,4099.49,2023
2026-07-09 14:36:00,4099.48,4103.35,4098.96,4103.28,2077
2026-07-09 14:39:00,4103.3,4108.14,4103.23,4107.79,1986
2026-07-09 14:42:00,4107.78,4109.48,4105.89,4106.27,2068
2026-07-09 14:45:00,4106.3,4107.83,4105.3,4107.08,2053
2026-07-09 14:48:00,4107.06,4108.05,4104.73,4105.71,2327
2026-07-09 14:51:00,4105.7,4108.02,4105.63,4107.13,2300
2026-07-09 14:54:00,4107.13,4110.61,4106.41,4109.17,2024
2026-07-09 14:57:00,4109.17,4109.24,4107.48,4108.69,2180
2026-07-09 15:00:00,4108.7,4110.02,4107.71,4109.82,2170
2026-07-09 15:03:00,4109.84,4109.84,4106.04,4106.52,2056
2026-07-09 15:06:00,4106.51,4119.11,4106.4,4118.28,2683
2026-07-09 15:09:00,4118.28,4120.12,4113.98,4115.24,2471
2026-07-09 15:12:00,4115.23,4117.16,4112.39,4112.7,2261
2026-07-09 15:15:00,4112.73,4113.51,4109.94,4110.29,2127
2026-07-09 15:18:00,4110.3,4111.0,4106.21,4107.02,2260
2026-07-09 15:21:00,4107.01,4107.87,4105.33,4107.32,2240
2026-07-09 15:24:00,4107.3,4109.52,4105.34,4105.89,2221
2026-07-09 15:27:00,4105.91,4107.95,4105.12,4107.57,2174
2026-07-09 15:30:00,4107.56,4112.53,4105.06,4111.23,2551
2026-07-09 15:33:00,4111.19,4118.86,4110.76,4118.43,2463
2026-07-09 15:36:00,4118.43,4121.67,4116.9,4117.27,2422
2026-07-09 15:39:00,4117.28,4122.58,4114.99,4115.49,2394
2026-07-09 15:42:00,4115.58,4116.61,4112.89,4113.15,2210
2026-07-09 15:45:00,4113.15,4113.32,4111.13,4112.22,2222
2026-07-09 15:48:00,4112.23,4114.62,4111.59,4114.22,2128
2026-07-09 15:51:00,4114.23,4114.31,4110.62,4113.44,2063
2026-07-09 15:54:00,4113.42,4113.44,4109.59,4110.81,2124
2026-07-09 15:57:00,4110.87,4110.96,4107.51,4107.72,2100
2026-07-09 16:00:00,4107.71,4114.42,4106.81,4110.95,2573
2026-07-09 16:03:00,4110.92,4114.61,4110.9,4112.87,2374
2026-07-09 16:06:00,4112.84,4117.53,4112.57,4116.57,2226
2026-07-09 16:09:00,4116.58,4118.19,4115.31,4117.69,2313
2026-07-09 16:12:00,4117.66,4121.14,4115.99,4120.6,2334
2026-07-09 16:15:00,4120.61,4126.93,4120.1,4125.94,2480
2026-07-09 16:18:00,4125.86,4126.37,4118.63,4120.1,2286
2026-07-09 16:21:00,4120.1,4124.94,4119.35,4124.55,2597
2026-07-09 16:24:00,4124.54,4127.07,4123.57,4124.37,2243
2026-07-09 16:27:00,4124.38,4127.18,4123.61,4125.97,2177
2026-07-09 16:30:00,4125.99,4126.86,4119.75,4125.63,2901
2026-07-09 16:33:00,4125.66,4129.24,4122.71,4124.26,2756
2026-07-09 16:36:00,4124.26,4127.96,4122.49,4127.24,2497
2026-07-09 16:39:00,4127.24,4127.26,4121.84,4122.18,2549
2026-07-09 16:42:00,4122.16,4129.57,4122.02,4127.46,2587
2026-07-09 16:45:00,4127.47,4127.75,4121.34,4122.83,2666
2026-07-09 16:48:00,4122.83,4124.88,4120.95,4120.96,2578
2026-07-09 16:51:00,4120.99,4126.68,4120.89,4122.91,2832
2026-07-09 16:54:00,4122.88,4123.33,4118.3,4118.89,2384
2026-07-09 16:57:00,4118.89,4122.86,4117.87,4122.03,2575
2026-07-09 17:00:00,4122.04,4132.03,4121.69,4130.7,2714
2026-07-09 17:03:00,4130.67,4136.59,4129.16,4133.97,2686
2026-07-09 17:06:00,4133.99,4134.58,4126.75,4127.83,2612
2026-07-09 17:09:00,4127.89,4128.32,4121.12,4123.7,2545
2026-07-09 17:12:00,4123.68,4124.28,4120.33,4122.32,2518
2026-07-09 17:15:00,4122.3,4122.38,4116.08,4119.02,2980
2026-07-09 17:18:00,4119.0,4119.65,4114.26,4115.29,2828
2026-07-09 17:21:00,4115.29,4123.0,4114.9,4122.41,2823
2026-07-09 17:24:00,4122.4,4125.38,4121.06,4121.93,2456
2026-07-09 17:27:00,4121.92,4125.62,4121.86,4124.79,2368
2026-07-09 17:30:00,4124.8,4125.38,4121.07,4123.16,2506
2026-07-09 17:33:00,4123.2,4126.74,4121.29,4126.63,2405
2026-07-09 17:36:00,4126.62,4126.65,4121.98,4123.12,2378
2026-07-09 17:39:00,4123.17,4123.32,4120.67,4121.94,2314
2026-07-09 17:42:00,4121.93,4124.4,4121.49,4124.06,2216
2026-07-09 17:45:00,4124.1,4125.31,4121.28,4122.05,2216
2026-07-09 17:48:00,4122.07,4122.34,4118.21,4121.65,2302
2026-07-09 17:51:00,4121.62,4123.11,4119.11,4122.07,2236
2026-07-09 17:54:00,4122.07,4125.34,4121.79,4123.41,2257
2026-07-09 17:57:00,4123.43,4128.06,4122.77,4127.78,2442
2026-07-09 18:00:00,4127.78,4128.36,4125.16,4125.18,2463
2026-07-09 18:03:00,4125.19,4127.96,4125.16,4125.97,2266
2026-07-09 18:06:00,4125.93,4130.89,4125.69,4127.42,2408
2026-07-09 18:09:00,4127.44,4127.86,4124.9,4125.41,2323
2026-07-09 18:12:00,4125.42,4126.66,4124.9,4125.13,2345
2026-07-09 18:15:00,4125.1,4127.88,4125.1,4125.93,2311
2026-07-09 18:18:00,4125.96,4127.71,4125.0,4126.92,2184
2026-07-09 18:21:00,4126.95,4129.24,4126.5,4128.69,2462
2026-07-09 18:24:00,4128.7,4130.75,4128.39,4129.51,2238
2026-07-09 18:27:00,4129.52,4130.55,4127.05,4127.93,2211
2026-07-09 18:30:00,4127.95,4128.53,4126.36,4127.56,2259
2026-07-09 18:33:00,4127.59,4127.92,4126.36,4126.94,2166
2026-07-09 18:36:00,4126.91,4130.17,4126.79,4129.96,2508
2026-07-09 18:39:00,4130.0,4130.93,4128.83,4130.18,2215
2026-07-09 18:42:00,4130.17,4131.41,4128.58,4130.22,2370
2026-07-09 18:45:00,4130.21,4132.75,4129.58,4130.04,2303
2026-07-09 18:48:00,4130.05,4130.82,4128.52,4129.33,2539
2026-07-09 18:51:00,4129.3,4131.47,4127.77,4127.86,2272
2026-07-09 18:54:00,4127.85,4128.57,4126.44,4128.24,2411
2026-07-09 18:57:00,4128.26,4128.34,4126.56,4127.09,2317
2026-07-09 19:00:00,4127.02,4129.73,4126.91,4128.99,2148
2026-07-09 19:03:00,4128.97,4128.99,4125.65,4126.28,2161
2026-07-09 19:06:00,4126.3,4128.06,4126.2,4128.03,2058
2026-07-09 19:09:00,4128.14,4130.79,4128.01,4130.1,2065
2026-07-09 19:12:00,4130.11,4131.34,4127.83,4130.33,2160
2026-07-09 19:15:00,4130.35,4133.26,4129.68,4132.12,2271
2026-07-09 19:18:00,4132.11,4132.38,4129.07,4129.9,2258
2026-07-09 19:21:00,4129.9,4131.54,4129.31,4129.38,2084
2026-07-09 19:24:00,4129.37,4130.77,4128.92,4129.46,2423
2026-07-09 19:27:00,4129.48,4132.8,4129.27,4132.78,2170
2026-07-09 19:30:00,4132.77,4137.96,4132.11,4137.94,2249
2026-07-09 19:33:00,4137.95,4138.0,4134.14,4134.46,2233
2026-07-09 19:36:00,4134.47,4135.33,4132.47,4132.5,2249
2026-07-09 19:39:00,4132.52,4133.82,4131.72,4132.81,2342
2026-07-09 19:42:00,4132.82,4134.15,4132.33,4133.33,2410
2026-07-09 19:45:00,4133.3,4134.42,4132.22,4132.38,2126
2026-07-09 19:48:00,4132.39,4133.39,4130.87,4132.3,2044
2026-07-09 19:51:00,4132.29,4132.52,4131.26,4131.97,1955
2026-07-09 19:54:00,4131.97,4133.7,4131.64,4131.88,1989
2026-07-09 19:57:00,4131.88,4132.23,4128.02,4128.02,2119
2026-07-09 20:00:00,4128.02,4128.76,4126.13,4128.45,2197
2026-07-09 20:03:00,4128.48,4128.88,4127.38,4128.05,2175
2026-07-09 20:06:00,4128.09,4128.5,4126.77,4127.82,2096
2026-07-09 20:09:00,4127.84,4128.17,4125.8,4126.89,2167
2026-07-09 20:12:00,4126.88,4128.31,4125.74,4127.49,2039
2026-07-09 20:15:00,4127.49,4128.24,4125.02,4125.79,2226
2026-07-09 20:18:00,4125.76,4127.27,4125.68,4127.07,2534
2026-07-09 20:21:00,4127.06,4127.86,4125.69,4127.82,2444
2026-07-09 20:24:00,4127.87,4128.83,4126.25,4126.94,2370
2026-07-09 20:27:00,4126.96,4131.96,4126.93,4131.64,2333
2026-07-09 20:30:00,4131.65,4133.93,4129.42,4129.43,2343
2026-07-09 20:33:00,4129.46,4131.31,4129.23,4131.0,2087
2026-07-09 20:36:00,4130.95,4134.24,4130.91,4133.9,2071
2026-07-09 20:39:00,4133.87,4134.3,4132.0,4132.89,2049
2026-07-09 20:42:00,4132.87,4133.87,4131.93,4132.22,2053
2026-07-09 20:45:00,4132.21,4137.2,4132.03,4137.2,2060
2026-07-09 20:48:00,4137.2,4137.98,4135.12,4136.75,2087
2026-07-09 20:51:00,4136.77,4137.49,4135.26,4135.5,1909
2026-07-09 20:54:00,4135.52,4135.9,4134.8,4135.28,1979
2026-07-09 20:57:00,4135.25,4136.8,4134.36,4136.19,1935
2026-07-09 21:00:00,4136.21,4136.37,4132.82,4133.02,2108
2026-07-09 21:03:00,4133.03,4133.04,4129.63,4130.16,2066
2026-07-09 21:06:00,4130.18,4132.21,4130.17,4131.4,2075
2026-07-09 21:09:00,4131.38,4131.48,4127.47,4128.1,2287
2026-07-09 21:12:00,4128.13,4128.93,4127.57,4128.71,2017
2026-07-09 21:15:00,4128.7,4128.77,4126.66,4127.36,2009
2026-07-09 21:18:00,4127.37,4127.99,4125.61,4125.65,2266
2026-07-09 21:21:00,4125.63,4126.84,4124.28,4124.56,2145
2026-07-09 21:24:00,4124.57,4125.77,4123.11,4124.47,2024
2026-07-09 21:27:00,4124.48,4125.26,4123.7,4123.98,1994
2026-07-09 21:30:00,4123.96,4124.43,4122.73,4123.48,2256
2026-07-09 21:33:00,4123.46,4125.13,4123.13,4123.5,2369
2026-07-09 21:36:00,4123.5,4123.87,4121.48,4122.1,2293
2026-07-09 21:39:00,4122.11,4125.14,4121.83,4124.48,2135
2026-07-09 21:42:00,4124.5,4125.44,4124.36,4125.43,2416
2026-07-09 21:45:00,4125.44,4125.5,4123.92,4124.68,2020
2026-07-09 21:48:00,4124.73,4124.73,4123.7,4123.79,2339
2026-07-09 21:51:00,4123.78,4124.33,4122.44,4123.37,2125
2026-07-09 21:54:00,4123.38,4125.07,4123.07,4125.05,2211
2026-07-09 21:57:00,4125.07,4125.34,4124.46,4124.54,2093
2026-07-09 22:00:00,4124.53,4126.97,4124.16,4124.31,2130
2026-07-09 22:03:00,4124.29,4125.07,4123.49,4124.25,2020
2026-07-09 22:06:00,4124.26,4125.47,4124.22,4124.77,2473
2026-07-09 22:09:00,4124.74,4124.77,4123.3,4124.15,2089
2026-07-09 22:12:00,4124.17,4124.43,4122.95,4124.39,1998
2026-07-09 22:15:00,4124.37,4125.56,4123.57,4123.79,2081
2026-07-09 22:18:00,4123.78,4124.74,4123.56,4123.84,1930
2026-07-09 22:21:00,4123.84,4124.33,4122.4,4123.47,1936
2026-07-09 22:24:00,4123.5,4123.52,4120.8,4120.87,1946
2026-07-09 22:27:00,4120.87,4121.46,4120.73,4120.96,2222
2026-07-09 22:30:00,4120.95,4121.38,4119.39,4121.2,2067
2026-07-09 22:33:00,4121.22,4121.81,4120.14,4121.73,1951
2026-07-09 22:36:00,4121.71,4122.73,4120.26,4120.61,1967
2026-07-09 22:39:00,4120.63,4121.53,4120.16,4120.3,2348
2026-07-09 22:42:00,4120.32,4120.73,4118.86,4120.28,1982
2026-07-09 22:45:00,4120.26,4121.47,4120.0,4120.78,2333
2026-07-09 22:48:00,4120.78,4122.25,4120.78,4122.07,2239
2026-07-09 22:51:00,4122.11,4123.51,4121.63,4122.06,2118
2026-07-09 22:54:00,4122.07,4122.51,4120.64,4121.57,2282
2026-07-09 22:57:00,4121.57,4122.77,4121.23,4122.48,2348
2026-07-09 23:00:00,4122.48,4124.14,4121.49,4121.57,1914
2026-07-09 23:03:00,4121.59,4122.5,4121.56,4122.1,2265
2026-07-09 23:06:00,4122.11,4122.5,4121.31,4122.26,1821
2026-07-09 23:09:00,4122.23,4122.48,4121.09,4121.36,2141
2026-07-09 23:12:00,4121.37,4121.59,4120.77,4121.4,1801
2026-07-09 23:15:00,4121.46,4121.87,4121.07,4121.31,1838
2026-07-09 23:18:00,4121.28,4122.01,4121.22,4121.89,1755
2026-07-09 23:21:00,4121.88,4122.67,4121.71,4121.74,1767
2026-07-09 23:24:00,4121.7,4122.05,4120.97,4121.01,1809
2026-07-09 23:27:00,4121.0,4121.36,4120.61,4121.08,1787
2026-07-09 23:30:00,4121.11,4121.46,4120.8,4121.42,1748
2026-07-09 23:33:00,4121.41,4124.28,4121.26,4124.25,1829
2026-07-09 23:36:00,4124.35,4125.56,4124.32,4124.35,1847
2026-07-09 23:39:00,4124.35,4124.55,4123.6,4124.34,1766
2026-07-09 23:42:00,4124.33,4124.78,4124.0,4124.42,1798
2026-07-09 23:45:00,4124.4,4124.42,4123.02,4123.53,1819
2026-07-09 23:48:00,4123.52,4123.76,4123.14,4123.32,1777
2026-07-09 23:51:00,4123.3,4123.99,4123.09,4123.62,1794
2026-07-09 23:54:00,4123.61,4124.47,4123.58,4123.67,1727
2026-07-09 23:57:00,4123.7,4124.02,4123.29,4123.64,1208
2026-07-10 01:00:00,4125.68,4126.4,4124.55,4125.27,3309
2026-07-10 01:03:00,4125.29,4125.8,4124.47,4125.32,1836
2026-07-10 01:06:00,4125.32,4127.67,4124.4,4124.66,1962
2026-07-10 01:09:00,4124.66,4124.67,4122.7,4122.78,1906
2026-07-10 01:12:00,4122.78,4123.73,4122.42,4123.7,1789
2026-07-10 01:15:00,4123.72,4124.86,4123.41,4124.03,1760
2026-07-10 01:18:00,4124.06,4124.39,4122.52,4122.89,1776
2026-07-10 01:21:00,4122.88,4123.86,4122.87,4123.64,1786
2026-07-10 01:24:00,4123.64,4124.6,4122.58,4124.45,1763
2026-07-10 01:27:00,4124.47,4124.47,4122.86,4123.26,1813
2026-07-10 01:30:00,4123.24,4123.79,4123.02,4123.25,1745
2026-07-10 01:33:00,4123.24,4123.9,4122.43,4123.89,1785
2026-07-10 01:36:00,4123.9,4124.62,4123.18,4123.91,1789
2026-07-10 01:39:00,4123.9,4124.78,4122.73,4122.84,1789
2026-07-10 01:42:00,4122.84,4123.83,4122.57,4123.72,1723
2026-07-10 01:45:00,4123.72,4124.25,4123.3,4123.3,1739
2026-07-10 01:48:00,4123.31,4123.42,4121.55,4121.97,1784
2026-07-10 01:51:00,4121.99,4123.2,4121.87,4122.59,1792
2026-07-10 01:54:00,4122.58,4123.67,4122.18,4122.32,1755
2026-07-10 01:57:00,4122.32,4122.77,4121.8,4121.8,1754
2026-07-10 02:00:00,4121.79,4122.99,4121.57,4122.29,1789
2026-07-10 02:03:00,4122.27,4123.46,4121.67,4123.1,1749
2026-07-10 02:06:00,4123.12,4124.44,4123.1,4123.97,1793
2026-07-10 02:09:00,4123.96,4124.44,4123.08,4123.69,1760
2026-07-10 02:12:00,4123.72,4124.53,4123.6,4123.85,1764
2026-07-10 02:15:00,4123.81,4124.54,4123.81,4124.27,1753
2026-07-10 02:18:00,4124.28,4124.85,4124.24,4124.6,1733
2026-07-10 02:21:00,4124.6,4125.19,4122.52,4122.69,1757
2026-07-10 02:24:00,4122.7,4123.12,4121.38,4123.11,1787
2026-07-10 02:27:00,4123.13,4123.48,4121.8,4122.25,1777
2026-07-10 02:30:00,4122.25,4122.52,4121.22,4122.23,1753
2026-07-10 02:33:00,4122.23,4122.88,4121.06,4122.75,1740
2026-07-10 02:36:00,4122.75,4122.92,4121.82,4122.22,1725
2026-07-10 02:39:00,4122.25,4122.99,4122.2,4122.97,1732
2026-07-10 02:42:00,4122.97,4122.98,4122.51,4122.77,1699
2026-07-10 02:45:00,4122.76,4124.25,4121.68,4123.82,1793
2026-07-10 02:48:00,4123.81,4124.38,4123.35,4124.38,1731
2026-07-10 02:51:00,4124.4,4124.45,4122.64,4123.22,1780
2026-07-10 02:54:00,4123.18,4123.69,4122.56,4123.67,1765
2026-07-10 02:57:00,4123.67,4123.83,4122.76,4123.44,1903
2026-07-10 03:00:00,4123.41,4124.28,4119.81,4120.55,2217
2026-07-10 03:03:00,4120.55,4125.67,4120.46,4124.44,2122
2026-07-10 03:06:00,4124.43,4124.78,4121.03,4121.62,2019
2026-07-10 03:09:00,4121.64,4123.32,4121.46,4121.49,1988
2026-07-10 03:12:00,4121.51,4122.88,4121.14,4122.18,2001
2026-07-10 03:15:00,4122.17,4123.47,4121.05,4123.44,2103
2026-07-10 03:18:00,4123.43,4123.66,4119.74,4120.56,1903
2026-07-10 03:21:00,4120.57,4122.19,4120.55,4121.21,1891
2026-07-10 03:24:00,4121.21,4121.21,4118.81,4119.48,2008
2026-07-10 03:27:00,4119.51,4119.63,4117.02,4119.53,1921
2026-07-10 03:30:00,4119.5,4119.58,4116.27,4117.03,1976
2026-07-10 03:33:00,4117.04,4117.7,4114.41,4117.63,2059
2026-07-10 03:36:00,4117.64,4119.93,4117.42,4119.53,2043
2026-07-10 03:39:00,4119.52,4120.17,4118.2,4119.87,1892
2026-07-10 03:42:00,4119.84,4123.98,4119.45,4123.19,1951
2026-07-10 03:45:00,4123.18,4125.84,4122.24,4123.75,2083
2026-07-10 03:48:00,4123.74,4127.24,4122.38,4125.99,2037
2026-07-10 03:51:00,4125.99,4125.99,4121.33,4122.21,1908
2026-07-10 03:54:00,4122.2,4126.15,4121.49,4125.65,2059
2026-07-10 03:57:00,4125.67,4128.3,4125.32,4126.51,2022
2026-07-10 04:00:00,4126.47,4130.97,4123.37,4123.53,2428
2026-07-10 04:03:00,4123.52,4123.99,4119.58,4120.07,2353
2026-07-10 04:06:00,4120.08,4123.84,4118.89,4123.81,2188
2026-07-10 04:09:00,4123.81,4126.54,4121.68,4122.82,2249
2026-07-10 04:12:00,4122.84,4126.2,4122.81,4124.95,2168
2026-07-10 04:15:00,4124.96,4127.35,4123.29,4124.81,2304
2026-07-10 04:18:00,4124.8,4127.45,4124.77,4125.03,2186
2026-07-10 04:21:00,4125.03,4125.49,4120.77,4122.4,2084
2026-07-10 04:24:00,4122.41,4123.32,4120.32,4122.24,2120
2026-07-10 04:27:00,4122.23,4122.66,4121.01,4121.65,2019
2026-07-10 04:30:00,4121.67,4123.51,4119.67,4119.72,2254
2026-07-10 04:33:00,4119.72,4120.98,4118.77,4120.27,2110
2026-07-10 04:36:00,4120.29,4120.4,4116.21,4116.25,2144
2026-07-10 04:39:00,4116.24,4117.22,4109.15,4111.65,2371
2026-07-10 04:42:00,4111.66,4113.37,4110.06,4111.75,2048
2026-07-10 04:45:00,4111.74,4114.63,4108.77,4114.09,2197
2026-07-10 04:48:00,4114.11,4114.24,4112.06,4113.86,2045
2026-07-10 04:51:00,4113.86,4116.98,4113.52,4116.95,2037
2026-07-10 04:54:00,4116.95,4118.39,4115.64,4118.32,2156
2026-07-10 04:57:00,4118.32,4121.3,4116.74,4116.93,2070
2026-07-10 05:00:00,4116.9,4118.16,4116.17,4117.58,2008
2026-07-10 05:03:00,4117.59,4119.07,4117.17,4118.85,1993
2026-07-10 05:06:00,4118.85,4126.31,4118.75,4124.38,2210
2026-07-10 05:09:00,4124.37,4128.88,4123.94,4128.2,2128
2026-07-10 05:12:00,4128.22,4128.63,4123.88,4124.81,2054
2026-07-10 05:15:00,4124.82,4127.87,4124.01,4126.63,2022
2026-07-10 05:18:00,4126.6,4128.04,4126.17,4126.81,1995
2026-07-10 05:21:00,4126.83,4126.88,4121.91,4122.18,1975
2026-07-10 05:24:00,4122.18,4125.11,4121.83,4124.88,1884
2026-07-10 05:27:00,4124.88,4126.29,4124.38,4125.79,1952
2026-07-10 05:30:00,4125.77,4128.64,4125.16,4126.09,2083
2026-07-10 05:33:00,4126.11,4126.75,4123.09,4123.72,1986
2026-07-10 05:36:00,4123.73,4124.66,4122.14,4123.44,1970
2026-07-10 05:39:00,4123.41,4124.48,4123.06,4123.82,2023
2026-07-10 05:42:00,4123.82,4126.5,4123.81,4125.75,1969
2026-07-10 05:45:00,4125.76,4125.98,4123.43,4125.74,2015
2026-07-10 05:48:00,4125.74,4127.28,4124.18,4126.99,2004
2026-07-10 05:51:00,4126.98,4129.1,4126.37,4128.52,2086
2026-07-10 05:54:00,4128.51,4128.7,4125.71,4125.94,1963
2026-07-10 05:57:00,4125.94,4127.76,4125.53,4127.75,1837
2026-07-10 06:00:00,4127.77,4131.94,4127.28,4129.4,2070
2026-07-10 06:03:00,4129.42,4130.33,4128.43,4129.53,1998
2026-07-10 06:06:00,4129.54,4134.79,4129.45,4133.56,2117
2026-07-10 06:09:00,4133.57,4134.25,4128.66,4129.07,2096
2026-07-10 06:12:00,4129.05,4129.48,4125.96,4126.61,1962
2026-07-10 06:15:00,4126.6,4128.32,4125.89,4126.68,1977
2026-07-10 06:18:00,4126.66,4126.84,4124.11,4124.47,1982
2026-07-10 06:21:00,4124.44,4124.48,4121.7,4123.09,1998
2026-07-10 06:24:00,4123.34,4125.18,4120.62,4124.88,2023
2026-07-10 06:27:00,4124.9,4126.28,4124.54,4125.23,1959
2026-07-10 06:30:00,4125.23,4126.04,4123.73,4125.7,1999
2026-07-10 06:33:00,4125.72,4127.84,4125.71,4125.94,1937
2026-07-10 06:36:00,4125.95,4126.86,4123.08,4123.12,1914
2026-07-10 06:39:00,4123.14,4124.01,4121.26,4121.87,1867
2026-07-10 06:42:00,4121.86,4122.96,4121.32,4121.63,1826
2026-07-10 06:45:00,4121.62,4122.33,4120.64,4121.73,1831
2026-07-10 06:48:00,4121.71,4122.31,4119.88,4119.96,1857
2026-07-10 06:51:00,4119.96,4121.85,4119.47,4121.61,1797
2026-07-10 06:54:00,4121.59,4121.81,4120.09,4120.62,1897
2026-07-10 06:57:00,4120.61,4120.77,4119.39,4120.24,1870
2026-07-10 07:00:00,4120.25,4120.26,4117.88,4119.29,1891
2026-07-10 07:03:00,4119.29,4120.59,4118.79,4120.33,1816
2026-07-10 07:06:00,4120.36,4120.52,4118.23,4118.42,1924
2026-07-10 07:09:00,4118.42,4119.15,4116.76,4118.66,1887
2026-07-10 07:12:00,4118.65,4121.02,4118.0,4120.99,1858
2026-07-10 07:15:00,4120.89,4121.09,4119.51,4121.0,1827
2026-07-10 07:18:00,4120.99,4121.05,4117.62,4117.74,1891
2026-07-10 07:21:00,4117.75,4117.8,4112.14,4112.52,2011
2026-07-10 07:24:00,4112.53,4114.32,4112.4,4113.56,1911
2026-07-10 07:27:00,4113.54,4117.79,4112.93,4117.41,1994
2026-07-10 07:30:00,4117.41,4118.27,4116.68,4117.65,1829
2026-07-10 07:33:00,4117.63,4118.44,4117.61,4118.24,1798
2026-07-10 07:36:00,4118.25,4119.63,4117.95,4119.37,1780
2026-07-10 07:39:00,4119.37,4119.56,4118.16,4118.28,1849
2026-07-10 07:42:00,4118.27,4119.45,4118.2,4119.09,1841
2026-07-10 07:45:00,4119.12,4119.13,4116.8,4118.43,1864
2026-07-10 07:48:00,4118.39,4118.99,4115.93,4116.54,1905
2026-07-10 07:51:00,4116.55,4117.44,4115.26,4116.7,1817
2026-07-10 07:54:00,4116.7,4117.83,4115.9,4115.93,1882
2026-07-10 07:57:00,4115.93,4116.0,4114.92,4115.18,1853
2026-07-10 08:00:00,4115.17,4115.64,4113.75,4115.07,2030
2026-07-10 08:03:00,4115.06,4115.07,4113.37,4114.35,1950
2026-07-10 08:06:00,4114.35,4116.34,4113.87,4114.08,1949
2026-07-10 08:09:00,4114.08,4114.41,4113.35,4113.72,1920
2026-07-10 08:12:00,4113.71,4114.54,4113.03,4113.99,1909
2026-07-10 08:15:00,4113.99,4116.87,4113.96,4116.24,1997
2026-07-10 08:18:00,4116.23,4117.11,4114.67,4116.15,1950
2026-07-10 08:21:00,4116.15,4117.04,4113.36,4113.51,1999
2026-07-10 08:24:00,4113.49,4116.11,4112.95,4114.45,1883
2026-07-10 08:27:00,4114.44,4115.16,4113.68,4114.21,1895
2026-07-10 08:30:00,4114.23,4115.36,4110.29,4113.51,2575
2026-07-10 08:33:00,4113.49,4114.48,4112.42,4113.89,2162
2026-07-10 08:36:00,4113.89,4114.45,4109.35,4110.5,2127
2026-07-10 08:39:00,4110.53,4111.39,4109.2,4111.02,2115
2026-07-10 08:42:00,4111.04,4114.36,4109.65,4114.02,2089
2026-07-10 08:45:00,4114.02,4114.25,4108.25,4109.49,2109
2026-07-10 08:48:00,4109.49,4113.17,4109.46,4112.34,2061
2026-07-10 08:51:00,4112.33,4114.51,4112.26,4113.93,2224
2026-07-10 08:54:00,4113.94,4115.31,4113.42,4113.76,1960
2026-07-10 08:57:00,4113.74,4117.14,4113.71,4116.77,1995
2026-07-10 09:00:00,4116.79,4119.33,4115.62,4116.39,2164
2026-07-10 09:03:00,4116.38,4118.86,4116.09,4118.49,2111
2026-07-10 09:06:00,4118.44,4118.92,4116.23,4117.19,2224
2026-07-10 09:09:00,4117.18,4118.37,4116.79,4116.79,2107
2026-07-10 09:12:00,4116.8,4116.87,4114.77,4115.06,1971
2026-07-10 09:15:00,4115.05,4119.07,4113.82,4117.64,2008
2026-07-10 09:18:00,4117.62,4120.07,4116.99,4118.01,1987
2026-07-10 09:21:00,4117.99,4118.01,4116.51,4117.47,2142
2026-07-10 09:24:00,4117.46,4118.69,4116.63,4117.03,2068
2026-07-10 09:27:00,4117.01,4117.07,4114.09,4114.58,2003
2026-07-10 09:30:00,4114.55,4116.14,4112.51,4112.89,2064
2026-07-10 09:33:00,4112.89,4114.55,4112.33,4113.87,2028
2026-07-10 09:36:00,4113.87,4115.84,4113.84,4115.38,1900
2026-07-10 09:39:00,4115.36,4115.78,4112.03,4113.05,2021
2026-07-10 09:42:00,4113.06,4113.33,4111.09,4111.57,2006
2026-07-10 09:45:00,4111.54,4114.16,4111.4,4113.94,2008
2026-07-10 09:48:00,4113.94,4114.39,4111.85,4112.66,2436
2026-07-10 09:51:00,4112.63,4114.09,4112.49,4113.97,2328
2026-07-10 09:54:00,4113.95,4114.31,4111.26,4113.32,1940
2026-07-10 09:57:00,4113.3,4113.97,4111.55,4111.74,2020
2026-07-10 10:00:00,4111.74,4112.73,4110.57,4111.29,2005
2026-07-10 10:03:00,4111.31,4113.61,4111.11,4112.95,1933
2026-07-10 10:06:00,4112.96,4113.72,4109.5,4110.08,1930
2026-07-10 10:09:00,4110.07,4111.43,4109.59,4110.23,2227
2026-07-10 10:12:00,4110.23,4112.39,4108.99,4111.19,2148
2026-07-10 10:15:00,4111.32,4111.65,4108.64,4110.54,2042
2026-07-10 10:18:00,4110.54,4115.08,4110.22,4114.59,2208
2026-07-10 10:21:00,4114.6,4115.33,4112.42,4113.25,2082
2026-07-10 10:24:00,4113.24,4114.13,4112.36,4113.0,2200
2026-07-10 10:27:00,4112.99,4113.21,4111.96,4112.47,2204
2026-07-10 10:30:00,4112.45,4114.52,4112.45,4113.94,1848
2026-07-10 10:33:00,4113.94,4113.97,4111.62,4113.24,1907
2026-07-10 10:36:00,4113.23,4113.42,4110.38,4111.59,1948
2026-07-10 10:39:00,4111.59,4111.71,4109.74,4110.53,1896
2026-07-10 10:42:00,4110.51,4111.13,4105.38,4106.58,1949
2026-07-10 10:45:00,4106.78,4107.42,4104.33,4104.45,2010
2026-07-10 10:48:00,4104.45,4107.57,4104.25,4107.42,2002
2026-07-10 10:51:00,4107.41,4108.19,4106.49,4107.81,2091
2026-07-10 10:54:00,4107.82,4109.93,4106.48,4106.61,1955
2026-07-10 10:57:00,4106.63,4109.01,4105.74,4108.96,2191
2026-07-10 11:00:00,4108.93,4109.5,4104.86,4105.12,2313
2026-07-10 11:03:00,4105.13,4106.29,4104.02,4105.69,2000
2026-07-10 11:06:00,4105.69,4107.96,4105.58,4105.79,1981
2026-07-10 11:09:00,4105.79,4107.44,4105.61,4106.26,2192
2026-07-10 11:12:00,4106.26,4107.35,4105.44,4107.22,2000
2026-07-10 11:15:00,4107.24,4107.71,4106.24,4106.68,1861
2026-07-10 11:18:00,4106.68,4108.81,4106.22,4107.55,1997
2026-07-10 11:21:00,4107.54,4107.71,4106.34,4106.42,1914
2026-07-10 11:24:00,4106.41,4106.73,4103.93,4104.66,2020
2026-07-10 11:27:00,4104.67,4105.36,4103.25,4104.29,2001
2026-07-10 11:30:00,4104.29,4105.6,4103.66,4103.67,2004
2026-07-10 11:33:00,4103.69,4103.95,4101.4,4102.28,1995
2026-07-10 11:36:00,4102.26,4102.39,4099.37,4101.24,1960
2026-07-10 11:39:00,4101.21,4102.93,4100.99,4101.39,2309
2026-07-10 11:42:00,4101.38,4102.16,4099.84,4101.8,2147
2026-07-10 11:45:00,4101.79,4101.86,4098.54,4098.57,2024
2026-07-10 11:48:00,4098.58,4098.82,4094.79,4098.03,2105
2026-07-10 11:51:00,4098.03,4098.36,4096.57,4097.18,1952
2026-07-10 11:54:00,4097.21,4098.51,4096.46,4098.2,2310
2026-07-10 11:57:00,4098.22,4098.25,4095.89,4097.85,1943
2026-07-10 12:00:00,4097.86,4099.34,4094.39,4096.53,2118
2026-07-10 12:03:00,4096.5,4100.4,4096.36,4099.49,2054
2026-07-10 12:06:00,4099.47,4099.9,4098.64,4099.2,2305
2026-07-10 12:09:00,4099.2,4099.85,4096.95,4097.02,1925
2026-07-10 12:12:00,4097.01,4100.8,4096.85,4100.77,2182
2026-07-10 12:15:00,4100.79,4102.08,4100.12,4101.25,1939
2026-07-10 12:18:00,4101.23,4102.58,4099.91,4099.92,1914
2026-07-10 12:21:00,4099.94,4101.86,4099.92,4101.41,1889
2026-07-10 12:24:00,4101.42,4103.4,4101.4,4103.22,1923
2026-07-10 12:27:00,4103.23,4103.46,4100.58,4102.7,1896
2026-07-10 12:30:00,4102.69,4102.74,4100.57,4102.21,1927
2026-07-10 12:33:00,4102.2,4102.82,4101.26,4101.27,2232
2026-07-10 12:36:00,4101.3,4101.36,4099.28,4099.75,1880
2026-07-10 12:39:00,4099.74,4102.8,4098.43,4102.62,1907
2026-07-10 12:42:00,4102.64,4104.01,4102.36,4102.9,2421
2026-07-10 12:45:00,4102.92,4103.92,4102.29,4103.57,1967
2026-07-10 12:48:00,4103.59,4104.34,4102.45,4102.58,2001
2026-07-10 12:51:00,4102.56,4103.6,4102.45,4103.11,1904
2026-07-10 12:54:00,4103.09,4104.65,4102.89,4103.8,1816
2026-07-10 12:57:00,4103.81,4105.45,4103.8,4104.33,1895
2026-07-10 13:00:00,4104.33,4106.72,4104.18,4106.5,1894
2026-07-10 13:03:00,4106.51,4108.49,4106.49,4108.04,1887
2026-07-10 13:06:00,4108.03,4108.22,4105.7,4106.43,1889
2026-07-10 13:09:00,4106.42,4107.19,4105.81,4106.07,1906
2026-07-10 13:12:00,4106.08,4108.06,4106.07,4106.2,1886
2026-07-10 13:15:00,4106.23,4107.46,4106.23,4106.95,2181
2026-07-10 13:18:00,4106.94,4108.01,4106.27,4107.4,1881
2026-07-10 13:21:00,4107.39,4110.5,4106.9,4110.07,2341
2026-07-10 13:24:00,4110.08,4112.67,4107.87,4108.71,2152
2026-07-10 13:27:00,4108.73,4109.8,4108.25,4109.48,1864
2026-07-10 13:30:00,4109.48,4110.53,4107.97,4108.01,1949
2026-07-10 13:33:00,4108.01,4108.11,4106.27,4107.62,2054
2026-07-10 13:36:00,4107.65,4109.08,4107.62,4108.43,1846
2026-07-10 13:39:00,4108.44,4108.78,4107.14,4107.68,1956
2026-07-10 13:42:00,4107.66,4109.07,4107.66,4109.05,1827
2026-07-10 13:45:00,4109.07,4109.09,4106.82,4107.49,1911
2026-07-10 13:48:00,4107.5,4108.73,4106.74,4107.8,1869
2026-07-10 13:51:00,4107.83,4108.85,4106.81,4108.55,1943
2026-07-10 13:54:00,4108.54,4108.94,4106.98,4106.98,2042
2026-07-10 13:57:00,4106.98,4107.06,4104.41,4104.6,1942
2026-07-10 14:00:00,4104.59,4107.72,4104.41,4107.26,2082
2026-07-10 14:03:00,4107.26,4108.03,4105.85,4106.23,1936
2026-07-10 14:06:00,4106.21,4107.09,4104.78,4105.14,1842
2026-07-10 14:09:00,4105.11,4107.87,4104.52,4107.68,1896
2026-07-10 14:12:00,4107.65,4107.69,4106.02,4106.32,2110
2026-07-10 14:15:00,4106.34,4107.74,4106.24,4106.73,1814
2026-07-10 14:18:00,4106.75,4107.82,4106.4,4106.84,1865
2026-07-10 14:21:00,4106.82,4107.07,4105.48,4106.65,1824
2026-07-10 14:24:00,4106.66,4108.15,4104.36,4104.42,1993
2026-07-10 14:27:00,4104.41,4104.54,4100.06,4100.17,2074
2026-07-10 14:30:00,4100.15,4103.56,4099.05,4102.72,2071
2026-07-10 14:33:00,4102.72,4103.18,4098.58,4099.1,2019
2026-07-10 14:36:00,4099.08,4099.3,4096.09,4096.84,1966
2026-07-10 14:39:00,4096.83,4100.89,4096.79,4100.89,1958
2026-07-10 14:42:00,4100.88,4107.44,4100.84,4106.74,1943
2026-07-10 14:45:00,4106.76,4107.81,4105.91,4106.97,1978
2026-07-10 14:48:00,4106.99,4107.73,4105.77,4106.93,1963
2026-07-10 14:51:00,4106.97,4107.97,4106.33,4106.38,2175
2026-07-10 14:54:00,4106.36,4106.66,4103.07,4103.6,2120
2026-07-10 14:57:00,4103.58,4103.77,4102.1,4102.34,1962
2026-07-10 15:00:00,4102.35,4103.77,4101.68,4102.38,2041
2026-07-10 15:03:00,4102.39,4103.66,4101.0,4102.78,1899
2026-07-10 15:06:00,4102.77,4103.37,4101.17,4101.78,2309
2026-07-10 15:09:00,4101.8,4104.55,4101.8,4103.88,2050
2026-07-10 15:12:00,4103.88,4117.57,4102.56,4115.06,2964
2026-07-10 15:15:00,4115.02,4116.39,4107.89,4111.84,2447
2026-07-10 15:18:00,4111.86,4112.64,4107.5,4109.49,2197
2026-07-10 15:21:00,4109.49,4110.92,4105.53,4106.5,2124
2026-07-10 15:24:00,4106.49,4108.34,4104.99,4106.67,2138
2026-07-10 15:27:00,4106.66,4106.87,4103.3,4106.0,2019
2026-07-10 15:30:00,4105.99,4107.01,4103.1,4104.12,2241
2026-07-10 15:33:00,4104.11,4104.85,4100.43,4100.67,2152
2026-07-10 15:36:00,4100.67,4100.8,4097.5,4100.71,2117
2026-07-10 15:39:00,4100.73,4102.47,4099.44,4100.02,2115
2026-07-10 15:42:00,4099.99,4100.87,4098.28,4098.36,2068
2026-07-10 15:45:00,4098.35,4101.82,4097.84,4101.72,1968
2026-07-10 15:48:00,4101.73,4103.12,4101.38,4103.12,1931
2026-07-10 15:51:00,4103.14,4104.93,4100.82,4101.01,1953
2026-07-10 15:54:00,4101.01,4101.17,4099.1,4099.66,1934
2026-07-10 15:57:00,4099.66,4102.0,4099.31,4100.75,1978
2026-07-10 16:00:00,4100.73,4105.18,4098.87,4103.65,2492
2026-07-10 16:03:00,4103.63,4103.66,4098.73,4101.66,2100
2026-07-10 16:06:00,4101.68,4104.48,4100.35,4103.97,2108
2026-07-10 16:09:00,4103.98,4106.2,4101.53,4102.59,2084
2026-07-10 16:12:00,4102.62,4105.45,4102.21,4104.32,2189
2026-07-10 16:15:00,4104.31,4106.68,4102.47,4102.82,2078
2026-07-10 16:18:00,4102.81,4103.26,4100.52,4101.85,2073
2026-07-10 16:21:00,4101.8,4102.62,4098.57,4099.43,2308
2026-07-10 16:24:00,4099.44,4099.45,4095.64,4095.87,2194
2026-07-10 16:27:00,4095.84,4095.86,4085.58,4087.36,2511
2026-07-10 16:30:00,4087.33,4097.02,4086.98,4091.68,2834
2026-07-10 16:33:00,4091.69,4092.33,4087.83,4088.12,2330
2026-07-10 16:36:00,4088.12,4095.31,4087.76,4095.03,2341
2026-07-10 16:39:00,4095.07,4099.96,4094.37,4098.63,2395
2026-07-10 16:42:00,4098.66,4102.57,4098.23,4098.38,2353
2026-07-10 16:45:00,4098.36,4101.92,4097.34,4100.18,2323
2026-07-10 16:48:00,4100.19,4102.93,4098.58,4102.1,2136
2026-07-10 16:51:00,4102.09,4105.55,4101.7,4104.68,2188
2026-07-10 16:54:00,4104.69,4104.93,4099.69,4099.69,2176
2026-07-10 16:57:00,4099.69,4100.53,4098.32,4099.89,2204
2026-07-10 17:00:00,4099.91,4101.86,4097.62,4100.0,2400
2026-07-10 17:03:00,4100.03,4103.12,4099.09,4102.44,2249
2026-07-10 17:06:00,4102.44,4103.02,4099.5,4100.78,2234
2026-07-10 17:09:00,4100.8,4102.26,4098.95,4099.46,2177
2026-07-10 17:12:00,4099.47,4103.52,4098.24,4100.07,2238
2026-07-10 17:15:00,4100.1,4100.59,4097.37,4099.43,2356
2026-07-10 17:18:00,4099.44,4105.46,4099.29,4105.18,2228
2026-07-10 17:21:00,4105.25,4107.67,4104.11,4104.74,2397
2026-07-10 17:24:00,4104.71,4106.89,4100.64,4106.54,2610
2026-07-10 17:27:00,4106.38,4109.01,4104.45,4105.46,2468
2026-07-10 17:30:00,4105.47,4107.89,4087.92,4087.92,2837
2026-07-10 17:33:00,4087.55,4093.52,4072.53,4089.05,4174
2026-07-10 17:36:00,4089.04,4097.28,4088.33,4094.32,3179
2026-07-10 17:39:00,4094.3,4098.36,4092.82,4096.21,2775
2026-07-10 17:42:00,4096.19,4101.57,4096.13,4099.25,2597
2026-07-10 17:45:00,4099.26,4103.2,4098.68,4102.16,2316
2026-07-10 17:48:00,4102.18,4107.54,4101.85,4105.27,2327
2026-07-10 17:51:00,4105.3,4105.57,4100.32,4100.91,2322
2026-07-10 17:54:00,4100.88,4102.03,4094.83,4095.05,2506
2026-07-10 17:57:00,4095.06,4095.69,4091.6,4092.74,2418
2026-07-10 18:00:00,4092.73,4098.73,4091.32,4097.4,2684
2026-07-10 18:03:00,4097.39,4099.18,4096.03,4096.76,2382
2026-07-10 18:06:00,4096.74,4099.36,4096.2,4099.16,2251
2026-07-10 18:09:00,4099.19,4100.25,4097.66,4098.72,2199
2026-07-10 18:12:00,4098.71,4100.88,4097.01,4097.49,2179
2026-07-10 18:15:00,4097.49,4103.56,4097.4,4100.75,2374
2026-07-10 18:18:00,4100.78,4100.82,4098.04,4100.61,2248
2026-07-10 18:21:00,4100.6,4106.86,4100.56,4106.06,2287
2026-07-10 18:24:00,4106.15,4107.73,4105.05,4105.37,2334
2026-07-10 18:27:00,4105.38,4105.38,4100.52,4102.1,2251
2026-07-10 18:30:00,4102.11,4103.77,4101.82,4102.7,2288
2026-07-10 18:33:00,4102.67,4103.78,4101.42,4102.72,2271
2026-07-10 18:36:00,4102.73,4105.65,4102.28,4105.16,2272
2026-07-10 18:39:00,4105.17,4106.38,4103.89,4105.47,2270
2026-07-10 18:42:00,4105.48,4106.89,4103.76,4106.36,2357
2026-07-10 18:45:00,4106.39,4108.02,4105.76,4108.02,2206
2026-07-10 18:48:00,4108.01,4110.66,4107.64,4109.39,2053
2026-07-10 18:51:00,4109.38,4112.07,4108.31,4111.36,2190
2026-07-10 18:54:00,4111.36,4111.55,4109.5,4110.89,2092
2026-07-10 18:57:00,4110.9,4113.5,4110.17,4113.06,2071
2026-07-10 19:00:00,4113.04,4114.89,4111.41,4111.46,2149
2026-07-10 19:03:00,4111.45,4112.3,4110.23,4110.44,2516
2026-07-10 19:06:00,4110.44,4112.05,4109.07,4110.86,2117
2026-07-10 19:09:00,4110.86,4112.42,4108.05,4108.69,2126
2026-07-10 19:12:00,4108.71,4110.46,4108.2,4110.18,2494
2026-07-10 19:15:00,4110.2,4113.31,4110.14,4111.39,2214
2026-07-10 19:18:00,4111.38,4112.02,4108.47,4108.53,2367
2026-07-10 19:21:00,4108.5,4109.76,4107.31,4109.66,2375
2026-07-10 19:24:00,4109.68,4113.49,4109.6,4113.4,2183
2026-07-10 19:27:00,4113.41,4114.47,4112.89,4114.4,2220
2026-07-10 19:30:00,4114.43,4115.46,4113.54,4114.48,1980
2026-07-10 19:33:00,4114.45,4114.77,4112.66,4113.44,2033
2026-07-10 19:36:00,4113.46,4114.25,4111.85,4113.38,2052
2026-07-10 19:39:00,4113.38,4113.78,4111.95,4112.25,1937
2026-07-10 19:42:00,4112.25,4112.44,4109.01,4109.09,2021
2026-07-10 19:45:00,4109.07,4109.74,4107.93,4107.95,2037
2026-07-10 19:48:00,4107.96,4108.86,4107.62,4108.41,2069
2026-07-10 19:51:00,4108.39,4108.96,4106.1,4107.19,2008
2026-07-10 19:54:00,4107.19,4107.21,4105.41,4106.26,2151
2026-07-10 19:57:00,4106.27,4107.05,4104.38,4104.5,2066
2026-07-10 20:00:00,4104.59,4105.16,4103.16,4104.08,2269
2026-07-10 20:03:00,4104.08,4104.21,4102.29,4103.62,2078
2026-07-10 20:06:00,4103.61,4105.42,4102.46,4105.31,2020
2026-07-10 20:09:00,4105.26,4105.48,4103.64,4105.26,2312
2026-07-10 20:12:00,4105.24,4105.32,4102.81,4103.93,2216
2026-07-10 20:15:00,4103.93,4106.47,4103.76,4105.87,2371
2026-07-10 20:18:00,4105.85,4106.32,4104.27,4106.16,2346
2026-07-10 20:21:00,4106.25,4106.84,4105.65,4106.08,2228
2026-07-10 20:24:00,4106.08,4106.47,4104.03,4105.37,2063
2026-07-10 20:27:00,4105.39,4106.01,4104.01,4105.62,2149
2026-07-10 20:30:00,4105.64,4106.89,4105.28,4105.82,1975
2026-07-10 20:33:00,4105.84,4105.9,4104.78,4104.9,2298
2026-07-10 20:36:00,4104.9,4105.24,4103.91,4104.41,2079
2026-07-10 20:39:00,4104.35,4104.83,4103.55,4104.14,2383
2026-07-10 20:42:00,4104.17,4105.47,4103.28,4103.87,1959
2026-07-10 20:45:00,4103.89,4104.67,4102.87,4103.66,2165
2026-07-10 20:48:00,4103.65,4104.55,4102.95,4104.47,2177
2026-07-10 20:51:00,4104.5,4105.25,4103.43,4103.55,2190
2026-07-10 20:54:00,4103.57,4103.92,4102.2,4102.48,2186
2026-07-10 20:57:00,4102.49,4102.6,4100.47,4100.68,2008
2026-07-10 21:00:00,4100.69,4101.86,4100.06,4101.85,2116
2026-07-10 21:03:00,4101.86,4102.89,4101.55,4102.26,2165
2026-07-10 21:06:00,4102.27,4103.19,4101.77,4102.93,2124
2026-07-10 21:09:00,4102.95,4105.15,4102.92,4104.27,2031
2026-07-10 21:12:00,4104.27,4104.99,4103.75,4104.79,1937
2026-07-10 21:15:00,4104.77,4105.02,4103.29,4103.81,1910
2026-07-10 21:18:00,4103.8,4103.94,4102.17,4103.56,1897
2026-07-10 21:21:00,4103.55,4104.34,4102.57,4102.63,2004
2026-07-10 21:24:00,4102.64,4105.49,4102.6,4103.55,1960
2026-07-10 21:27:00,4103.56,4104.19,4102.7,4102.97,1954
2026-07-10 21:30:00,4102.95,4103.77,4101.39,4102.54,1934
2026-07-10 21:33:00,4102.51,4103.51,4102.19,4103.12,1951
2026-07-10 21:36:00,4103.12,4103.48,4100.85,4100.94,1867
2026-07-10 21:39:00,4100.95,4101.12,4099.25,4099.68,1938
2026-07-10 21:42:00,4099.66,4099.69,4098.63,4098.93,1899
2026-07-10 21:45:00,4098.95,4099.52,4098.09,4099.02,1978
2026-07-10 21:48:00,4099.03,4100.53,4098.97,4100.4,1991
2026-07-10 21:51:00,4100.38,4100.81,4099.69,4099.72,2010
2026-07-10 21:54:00,4099.7,4101.63,4099.68,4100.99,1841
2026-07-10 21:57:00,4100.99,4101.36,4100.21,4101.22,1942
2026-07-10 22:00:00,4101.19,4101.19,4097.84,4097.97,1955
2026-07-10 22:03:00,4097.96,4099.03,4097.78,4099.01,1906
2026-07-10 22:06:00,4099.02,4102.43,4098.66,4101.64,1935
2026-07-10 22:09:00,4101.61,4102.04,4099.29,4099.34,1903
2026-07-10 22:12:00,4099.34,4101.7,4098.75,4101.6,1886
2026-07-10 22:15:00,4101.59,4102.73,4101.23,4101.6,2099
2026-07-10 22:18:00,4101.63,4102.95,4101.53,4102.55,2390
2026-07-10 22:21:00,4102.57,4103.25,4102.19,4102.66,1857
2026-07-10 22:24:00,4102.68,4102.69,4101.57,4102.04,1827
2026-07-10 22:27:00,4102.01,4102.49,4101.77,4101.78,1840
2026-07-10 22:30:00,4101.76,4102.68,4100.5,4102.0,1953
2026-07-10 22:33:00,4102.01,4102.01,4100.94,4101.07,1876
2026-07-10 22:36:00,4101.06,4102.97,4100.89,4102.64,1846
2026-07-10 22:39:00,4102.66,4102.69,4101.86,4101.98,1838
2026-07-10 22:42:00,4101.98,4103.62,4101.81,4102.54,1879
2026-07-10 22:45:00,4102.54,4103.49,4102.52,4103.03,1913
2026-07-10 22:48:00,4103.09,4105.16,4102.42,4104.92,1941
2026-07-10 22:51:00,4104.93,4105.45,4104.33,4104.78,1912
2026-07-10 22:54:00,4104.76,4107.41,4104.69,4107.32,1974
2026-07-10 22:57:00,4107.3,4109.03,4106.95,4108.42,2008
2026-07-10 23:00:00,4108.44,4115.17,4108.31,4112.78,2122
2026-07-10 23:03:00,4112.77,4113.63,4111.88,4112.82,1900
2026-07-10 23:06:00,4112.82,4113.15,4110.75,4111.7,1824
2026-07-10 23:09:00,4111.7,4112.13,4110.79,4111.1,1805
2026-07-10 23:12:00,4111.11,4112.4,4111.0,4112.22,1813
2026-07-10 23:15:00,4112.24,4112.24,4110.77,4111.09,1837
2026-07-10 23:18:00,4111.1,4112.52,4111.0,4111.99,1827
2026-07-10 23:21:00,4112.01,4112.81,4111.81,4111.9,1816
2026-07-10 23:24:00,4111.92,4112.55,4110.97,4111.75,1814
2026-07-10 23:27:00,4111.74,4112.11,4110.73,4111.35,1739
2026-07-10 23:30:00,4111.35,4111.88,4110.42,4111.28,1814
2026-07-10 23:33:00,4111.29,4112.14,4111.2,4111.68,1832
2026-07-10 23:36:00,4111.68,4111.69,4110.84,4110.99,1860
2026-07-10 23:39:00,4110.99,4112.5,4110.94,4112.49,1741
2026-07-10 23:42:00,4112.5,4112.52,4111.11,4111.81,1778
2026-07-10 23:45:00,4111.8,4112.9,4111.55,4112.31,1802
2026-07-10 23:48:00,4112.32,4113.97,4112.18,4113.94,1800
2026-07-10 23:51:00,4113.97,4120.02,4113.27,4118.86,1957
2026-07-10 23:54:00,4118.86,4119.28,4118.11,4119.22,605
2026-07-13 01:03:00,4093.27,4093.3,4085.18,4085.86,1467
2026-07-13 01:06:00,4085.84,4091.11,4085.68,4090.38,3430
2026-07-13 01:09:00,4090.38,4093.73,4082.02,4084.43,2301
2026-07-13 01:12:00,4084.4,4087.96,4080.81,4081.44,2243
2026-07-13 01:15:00,4081.43,4087.09,4081.14,4085.93,2210
2026-07-13 01:18:00,4085.92,4088.08,4084.52,4087.2,1973
2026-07-13 01:21:00,4087.2,4087.37,4082.89,4083.48,1937
2026-07-13 01:24:00,4083.47,4084.22,4080.15,4083.41,2020
2026-07-13 01:27:00,4083.42,4085.5,4082.67,4084.43,1929
2026-07-13 01:30:00,4084.42,4086.62,4082.75,4083.82,2022
2026-07-13 01:33:00,4083.81,4084.64,4082.8,4084.23,1846
2026-07-13 01:36:00,4084.24,4084.28,4080.8,4082.23,1892
2026-07-13 01:39:00,4082.21,4082.9,4078.3,4078.61,1968
2026-07-13 01:42:00,4078.61,4079.52,4078.24,4078.6,1843
2026-07-13 01:45:00,4078.63,4079.25,4076.49,4076.52,1924
2026-07-13 01:48:00,4076.51,4079.61,4069.85,4078.43,2153
2026-07-13 01:51:00,4078.4,4080.88,4076.92,4077.19,1956
2026-07-13 01:54:00,4077.19,4079.05,4075.58,4077.97,1984
2026-07-13 01:57:00,4078.04,4078.24,4076.65,4076.7,1817
2026-07-13 02:00:00,4076.7,4076.74,4070.9,4072.16,2318
2026-07-13 02:03:00,4072.17,4073.24,4068.53,4071.79,2077
2026-07-13 02:06:00,4071.8,4072.91,4070.08,4071.06,2021
2026-07-13 02:09:00,4071.07,4072.26,4069.0,4070.49,2056
2026-07-13 02:12:00,4070.49,4071.19,4069.38,4070.23,1933
2026-07-13 02:15:00,4070.23,4071.05,4069.4,4069.5,1895
2026-07-13 02:18:00,4069.51,4071.58,4068.77,4070.17,1960
2026-07-13 02:21:00,4070.19,4072.26,4069.51,4070.57,1966
2026-07-13 02:24:00,4070.58,4072.36,4070.56,4071.44,1903
2026-07-13 02:27:00,4071.44,4075.11,4071.41,4074.68,1873
2026-07-13 02:30:00,4074.7,4074.71,4072.75,4073.58,1896
2026-07-13 02:33:00,4073.56,4073.61,4072.46,4072.6,1832
2026-07-13 02:36:00,4072.6,4074.87,4071.73,4073.27,1913
2026-07-13 02:39:00,4073.24,4079.14,4073.17,4077.83,2035
2026-07-13 02:42:00,4077.84,4078.28,4076.77,4077.74,1885
2026-07-13 02:45:00,4077.76,4079.16,4075.61,4076.52,2011
2026-07-13 02:48:00,4076.53,4082.04,4075.85,4080.91,2224
2026-07-13 02:51:00,4080.91,4083.39,4079.94,4080.76,2430
2026-07-13 02:54:00,4080.78,4081.99,4079.66,4081.12,2300
2026-07-13 02:57:00,4081.11,4084.77,4080.51,4084.42,2436
2026-07-13 03:00:00,4084.42,4086.39,4080.93,4084.92,2788
2026-07-13 03:03:00,4084.93,4089.49,4083.59,4087.77,2601
2026-07-13 03:06:00,4087.78,4089.04,4086.06,4086.13,2470
2026-07-13 03:09:00,4086.14,4091.08,4086.13,4088.31,2568
2026-07-13 03:12:00,4088.31,4088.96,4085.99,4086.85,2090
2026-07-13 03:15:00,4086.87,4087.9,4081.41,4081.6,2392
2026-07-13 03:18:00,4081.59,4083.39,4080.13,4081.72,2481
2026-07-13 03:21:00,4081.77,4083.37,4080.4,4082.77,2256
2026-07-13 03:24:00,4082.75,4083.36,4076.05,4076.77,2329
2026-07-13 03:27:00,4076.79,4077.41,4074.34,4074.69,2156
2026-07-13 03:30:00,4074.69,4075.5,4070.75,4070.78,2121
2026-07-13 03:33:00,4070.77,4071.5,4061.19,4068.39,2457
2026-07-13 03:36:00,4068.35,4070.09,4068.05,4069.12,2136
2026-07-13 03:39:00,4069.11,4070.2,4067.32,4070.05,2391
2026-07-13 03:42:00,4070.07,4073.37,4070.05,4073.18,2419
2026-07-13 03:45:00,4073.17,4076.77,4073.08,4074.01,2392
2026-07-13 03:48:00,4074.03,4074.25,4068.73,4072.74,2352
2026-07-13 03:51:00,4072.76,4074.18,4070.68,4073.04,2361
2026-07-13 03:54:00,4073.03,4076.19,4072.54,4075.97,2306
2026-07-13 03:57:00,4075.95,4077.45,4073.06,4074.04,2211
2026-07-13 04:00:00,4073.99,4075.08,4065.46,4070.69,3177
2026-07-13 04:03:00,4070.68,4076.32,4069.31,4072.69,2894
2026-07-13 04:06:00,4072.7,4080.34,4071.5,4079.03,2613
2026-07-13 04:09:00,4079.02,4081.1,4076.63,4080.3,2528
2026-07-13 04:12:00,4080.3,4080.43,4078.18,4079.59,2365
2026-07-13 04:15:00,4079.57,4082.02,4072.68,4073.24,2642
2026-07-13 04:18:00,4073.24,4076.22,4072.65,4075.06,2621
2026-07-13 04:21:00,4075.04,4076.22,4071.14,4073.43,2652
2026-07-13 04:24:00,4073.41,4078.18,4071.68,4076.28,2754
2026-07-13 04:27:00,4076.28,4080.3,4075.93,4079.79,2571
2026-07-13 04:30:00,4079.81,4089.85,4077.75,4088.99,2636
2026-07-13 04:33:00,4088.99,4089.13,4082.36,4084.37,2486
2026-07-13 04:36:00,4084.35,4087.37,4083.65,4087.36,2365
2026-07-13 04:39:00,4087.37,4088.7,4083.57,4085.39,2492
2026-07-13 04:42:00,4085.38,4086.26,4082.98,4084.53,2301
2026-07-13 04:45:00,4084.54,4086.5,4082.96,4084.0,2367
2026-07-13 04:48:00,4083.98,4087.46,4083.56,4087.3,2366
2026-07-13 04:51:00,4087.34,4088.07,4078.89,4079.7,2671
2026-07-13 04:54:00,4079.68,4079.68,4067.46,4071.01,2720
2026-07-13 04:57:00,4070.95,4074.7,4070.01,4072.18,2589
2026-07-13 05:00:00,4072.19,4074.59,4070.09,4071.86,2612
2026-07-13 05:03:00,4071.88,4074.16,4070.13,4070.19,2523
2026-07-13 05:06:00,4070.2,4073.61,4070.12,4071.47,2551
2026-07-13 05:09:00,4071.46,4074.64,4070.81,4072.32,2324
2026-07-13 05:12:00,4072.32,4074.98,4070.46,4072.24,2422
2026-07-13 05:15:00,4072.27,4074.37,4070.9,4071.4,2335
2026-07-13 05:18:00,4071.43,4074.13,4071.15,4071.62,2195
2026-07-13 05:21:00,4071.54,4073.25,4070.19,4070.73,2187
2026-07-13 05:24:00,4070.7,4071.33,4067.46,4067.58,2277
2026-07-13 05:27:00,4067.59,4068.68,4066.53,4067.19,2163
2026-07-13 05:30:00,4067.16,4070.18,4064.65,4070.15,2656
2026-07-13 05:33:00,4070.16,4077.19,4069.93,4076.31,2310
2026-07-13 05:36:00,4076.32,4077.31,4074.66,4076.8,2349
2026-07-13 05:39:00,4076.82,4077.45,4071.5,4072.83,2251
2026-07-13 05:42:00,4072.81,4073.56,4071.22,4072.73,2175
2026-07-13 05:45:00,4072.71,4073.0,4069.15,4069.15,2126
2026-07-13 05:48:00,4069.18,4070.39,4068.38,4070.15,2236
2026-07-13 05:51:00,4070.12,4072.36,4068.99,4071.97,2210
2026-07-13 05:54:00,4071.98,4072.04,4069.55,4069.6,2093
2026-07-13 05:57:00,4069.58,4071.08,4068.58,4068.67,2325
2026-07-13 06:00:00,4068.68,4069.42,4065.58,4066.2,2337
2026-07-13 06:03:00,4066.18,4066.63,4062.26,4063.47,2374
2026-07-13 06:06:00,4063.44,4063.6,4058.98,4060.89,2391
2026-07-13 06:09:00,4060.88,4061.88,4054.15,4055.09,2327
2026-07-13 06:12:00,4055.09,4058.28,4053.0,4058.13,2254
2026-07-13 06:15:00,4058.1,4060.16,4058.03,4059.31,2123
2026-07-13 06:18:00,4059.29,4061.06,4058.99,4060.54,2088
2026-07-13 06:21:00,4060.52,4061.83,4058.82,4061.02,2233
2026-07-13 06:24:00,4060.99,4061.72,4059.1,4059.35,2146
2026-07-13 06:27:00,4059.36,4062.47,4058.67,4061.88,2183
2026-07-13 06:30:00,4061.88,4062.46,4058.63,4058.65,2189
2026-07-13 06:33:00,4058.66,4059.19,4057.45,4057.52,1997
2026-07-13 06:36:00,4057.52,4059.67,4057.02,4059.22,2035
2026-07-13 06:39:00,4059.22,4060.5,4058.23,4059.02,2079
2026-07-13 06:42:00,4058.99,4059.61,4057.41,4057.78,2070
2026-07-13 06:45:00,4057.85,4059.54,4057.61,4059.19,2002
2026-07-13 06:48:00,4059.17,4061.03,4058.97,4060.68,2042
2026-07-13 06:51:00,4060.66,4060.74,4058.42,4058.92,1935
2026-07-13 06:54:00,4058.94,4060.05,4058.46,4059.81,1925
2026-07-13 06:57:00,4059.82,4060.53,4059.35,4060.46,1938
2026-07-13 07:00:00,4060.44,4060.47,4056.43,4057.37,2109
2026-07-13 07:03:00,4057.38,4058.36,4056.61,4057.36,2036
2026-07-13 07:06:00,4057.34,4058.45,4055.97,4056.18,2048
2026-07-13 07:09:00,4056.19,4057.22,4054.64,4055.02,1979
2026-07-13 07:12:00,4055.01,4056.31,4052.4,4054.54,2011
2026-07-13 07:15:00,4054.59,4056.7,4050.3,4056.07,2231
2026-07-13 07:18:00,4056.08,4057.86,4056.04,4057.2,1924
2026-07-13 07:21:00,4057.22,4057.39,4056.01,4056.42,1986
2026-07-13 07:24:00,4056.43,4057.38,4055.57,4055.69,1987
2026-07-13 07:27:00,4055.71,4055.95,4053.59,4055.52,2004
2026-07-13 07:30:00,4055.5,4056.54,4054.11,4056.53,1938
2026-07-13 07:33:00,4056.54,4057.64,4055.71,4055.8,1980
2026-07-13 07:36:00,4055.79,4056.78,4055.27,4056.23,1919
2026-07-13 07:39:00,4056.21,4057.39,4054.09,4054.17,1908
2026-07-13 07:42:00,4054.17,4054.93,4053.15,4054.08,1977
2026-07-13 07:45:00,4054.06,4055.24,4053.63,4054.31,1924
2026-07-13 07:48:00,4054.32,4054.4,4052.64,4053.41,1979
2026-07-13 07:51:00,4053.44,4055.13,4052.9,4054.56,1938
2026-07-13 07:54:00,4054.58,4057.33,4054.31,4057.24,1954
2026-07-13 07:57:00,4057.25,4059.17,4057.01,4058.81,1986
2026-07-13 08:00:00,4058.79,4058.93,4054.85,4057.67,2133
2026-07-13 08:03:00,4057.67,4062.64,4057.47,4061.91,2149
2026-07-13 08:06:00,4061.89,4069.58,4061.82,4069.2,2235
2026-07-13 08:09:00,4069.21,4073.07,4068.61,4069.07,2302
2026-07-13 08:12:00,4069.02,4070.92,4068.11,4069.47,2166
2026-07-13 08:15:00,4069.48,4069.58,4065.21,4066.01,2112
2026-07-13 08:18:00,4066.04,4066.21,4063.65,4063.65,2111
2026-07-13 08:21:00,4063.68,4064.23,4060.01,4061.31,2156
2026-07-13 08:24:00,4061.28,4063.49,4060.38,4061.2,2145
2026-07-13 08:27:00,4061.21,4062.24,4057.47,4058.1,2238
2026-07-13 08:30:00,4058.11,4058.94,4051.97,4058.65,2947
2026-07-13 08:33:00,4058.64,4064.35,4057.69,4063.67,2439
2026-07-13 08:36:00,4063.7,4065.62,4062.14,4063.59,2344
2026-07-13 08:39:00,4063.6,4065.29,4060.16,4062.5,2301
2026-07-13 08:42:00,4062.51,4065.32,4061.62,4063.58,2189
2026-07-13 08:45:00,4063.58,4063.62,4058.94,4061.93,2317
2026-07-13 08:48:00,4061.96,4064.08,4058.79,4064.01,2279
2026-07-13 08:51:00,4064.0,4064.25,4058.12,4058.17,2306
2026-07-13 08:54:00,4058.15,4059.29,4055.49,4057.43,2300
2026-07-13 08:57:00,4057.44,4057.44,4052.76,4053.78,2291
2026-07-13 09:00:00,4053.68,4056.2,4052.08,4054.38,2451
2026-07-13 09:03:00,4054.37,4054.52,4047.22,4048.09,2476
2026-07-13 09:06:00,4048.1,4050.88,4043.8,4050.28,2589
2026-07-13 09:09:00,4050.28,4053.74,4049.23,4051.24,2243
2026-07-13 09:12:00,4051.23,4052.52,4049.04,4050.8,2304
2026-07-13 09:15:00,4050.79,4053.15,4050.66,4052.66,2271
2026-07-13 09:18:00,4052.65,4054.8,4052.32,4054.23,2291
2026-07-13 09:21:00,4054.2,4056.69,4053.55,4053.94,2335
2026-07-13 09:24:00,4053.95,4058.92,4053.92,4058.51,2279
2026-07-13 09:27:00,4058.53,4061.28,4057.13,4061.17,2196
2026-07-13 09:30:00,4061.12,4062.39,4058.88,4058.99,2358
2026-07-13 09:33:00,4059.01,4060.17,4058.61,4059.94,2308
2026-07-13 09:36:00,4059.94,4063.55,4059.12,4062.8,2222
2026-07-13 09:39:00,4062.82,4063.46,4059.95,4059.99,2223
2026-07-13 09:42:00,4059.98,4061.87,4059.43,4060.21,2159
2026-07-13 09:45:00,4060.2,4060.58,4057.33,4057.99,2172
2026-07-13 09:48:00,4058.0,4058.25,4055.61,4056.62,2225
2026-07-13 09:51:00,4056.62,4057.36,4053.56,4053.79,2134
2026-07-13 09:54:00,4053.79,4054.49,4052.5,4054.1,2153
2026-07-13 09:57:00,4054.1,4055.89,4052.05,4055.52,2199
2026-07-13 10:00:00,4055.52,4056.58,4048.9,4052.04,2468
2026-07-13 10:03:00,4052.01,4056.04,4051.46,4053.26,2043
2026-07-13 10:06:00,4053.26,4059.48,4051.41,4059.21,2184
2026-07-13 10:09:00,4059.22,4061.27,4057.31,4057.57,2244
2026-07-13 10:12:00,4057.56,4057.81,4054.44,4055.56,2067
2026-07-13 10:15:00,4055.55,4057.99,4055.55,4056.83,2105
2026-07-13 10:18:00,4056.83,4057.97,4056.07,4056.48,2155
2026-07-13 10:21:00,4056.46,4058.93,4056.05,4058.49,2148
2026-07-13 10:24:00,4058.5,4058.52,4056.47,4057.79,2071
2026-07-13 10:27:00,4057.81,4059.28,4056.63,4058.84,2032
2026-07-13 10:30:00,4058.83,4058.84,4056.21,4058.43,2108
2026-07-13 10:33:00,4058.41,4062.93,4057.7,4061.51,2240
2026-07-13 10:36:00,4061.53,4061.77,4059.32,4059.51,2210
2026-07-13 10:39:00,4059.52,4061.82,4059.43,4060.91,2043
2026-07-13 10:42:00,4060.92,4060.94,4057.16,4057.35,2031
2026-07-13 10:45:00,4057.35,4058.89,4057.25,4058.25,1993
2026-07-13 10:48:00,4058.27,4059.4,4056.08,4056.41,2080
2026-07-13 10:51:00,4056.4,4059.15,4056.32,4058.8,2108
2026-07-13 10:54:00,4058.79,4062.27,4058.77,4060.84,2130
2026-07-13 10:57:00,4060.86,4065.09,4060.84,4064.52,2103
2026-07-13 11:00:00,4064.5,4067.39,4064.5,4066.87,2322
2026-07-13 11:03:00,4066.88,4067.56,4063.13,4067.15,2368
2026-07-13 11:06:00,4067.14,4070.66,4066.73,4069.17,2458
2026-07-13 11:09:00,4069.19,4073.32,4068.66,4072.3,2393
2026-07-13 11:12:00,4072.29,4074.92,4071.45,4073.96,2357
2026-07-13 11:15:00,4073.95,4078.22,4073.64,4075.26,2468
2026-07-13 11:18:00,4075.25,4077.6,4074.9,4075.79,2392
2026-07-13 11:21:00,4075.76,4080.67,4075.53,4078.26,2394
2026-07-13 11:24:00,4078.23,4079.7,4074.1,4074.51,2256
2026-07-13 11:27:00,4074.53,4075.68,4074.04,4074.07,2163
2026-07-13 11:30:00,4074.12,4074.81,4072.99,4074.49,2082
2026-07-13 11:33:00,4074.5,4075.5,4071.83,4073.72,2019
2026-07-13 11:36:00,4073.69,4074.29,4072.58,4074.29,2159
2026-07-13 11:39:00,4074.29,4075.71,4072.97,4075.01,2113
2026-07-13 11:42:00,4075.04,4076.45,4074.55,4075.76,2106
2026-07-13 11:45:00,4075.76,4076.04,4072.22,4073.98,2071
2026-07-13 11:48:00,4073.98,4077.23,4073.8,4076.68,2123
2026-07-13 11:51:00,4076.71,4078.01,4076.49,4077.97,2058
2026-07-13 11:54:00,4078.0,4078.53,4074.84,4075.75,2023
2026-07-13 11:57:00,4075.75,4075.76,4074.2,4074.61,1984
2026-07-13 12:00:00,4074.63,4076.17,4073.59,4074.86,2189
2026-07-13 12:03:00,4074.87,4075.09,4072.8,4074.55,1977
2026-07-13 12:06:00,4074.56,4075.48,4073.92,4074.72,1961
2026-07-13 12:09:00,4074.73,4074.74,4073.24,4074.4,2019
2026-07-13 12:12:00,4074.4,4074.68,4072.71,4074.6,1936
2026-07-13 12:15:00,4074.58,4074.58,4073.0,4073.2,1997
2026-07-13 12:18:00,4073.18,4074.59,4071.47,4074.54,1923
2026-07-13 12:21:00,4074.52,4075.14,4073.26,4073.92,1960
2026-07-13 12:24:00,4073.98,4076.67,4072.95,4074.34,2129
2026-07-13 12:27:00,4074.34,4075.29,4071.43,4072.77,2095
2026-07-13 12:30:00,4072.72,4073.97,4071.19,4072.29,2158
2026-07-13 12:33:00,4072.29,4073.3,4070.42,4071.11,2056
2026-07-13 12:36:00,4071.1,4071.71,4070.23,4071.05,2067
2026-07-13 12:39:00,4071.05,4072.47,4069.53,4071.21,2048
2026-07-13 12:42:00,4071.21,4073.44,4070.86,4072.72,2091
2026-07-13 12:45:00,4072.72,4073.57,4071.66,4072.16,1995
2026-07-13 12:48:00,4072.15,4073.23,4069.93,4070.1,2094
2026-07-13 12:51:00,4070.11,4071.29,4069.95,4070.87,1964
2026-07-13 12:54:00,4070.9,4072.22,4068.84,4069.53,2106
2026-07-13 12:57:00,4069.52,4070.11,4068.19,4068.3,2026
2026-07-13 13:00:00,4068.29,4070.42,4067.65,4070.13,2039
2026-07-13 13:03:00,4070.14,4070.54,4068.8,4069.52,1991
2026-07-13 13:06:00,4069.51,4070.17,4068.62,4069.42,1983
2026-07-13 13:09:00,4069.42,4070.37,4067.44,4067.52,2229
2026-07-13 13:12:00,4067.52,4068.13,4066.82,4067.73,2194
2026-07-13 13:15:00,4067.72,4068.55,4065.95,4068.17,2044
2026-07-13 13:18:00,4068.14,4069.4,4067.23,4068.66,2253
2026-07-13 13:21:00,4068.65,4068.74,4066.48,4067.9,2072
2026-07-13 13:24:00,4067.91,4068.78,4064.8,4065.16,1969
2026-07-13 13:27:00,4065.14,4065.97,4064.39,4065.12,2038
2026-07-13 13:30:00,4065.11,4066.84,4064.92,4066.73,2069
2026-07-13 13:33:00,4066.71,4067.35,4065.66,4066.84,1951
2026-07-13 13:36:00,4066.84,4068.24,4066.01,4066.94,2009
2026-07-13 13:39:00,4066.93,4067.34,4053.25,4053.25,2241
2026-07-13 13:42:00,4053.2,4055.52,4046.97,4052.21,2417
2026-07-13 13:45:00,4052.21,4053.65,4048.08,4051.21,2397
2026-07-13 13:48:00,4051.16,4055.13,4049.83,4055.0,2284
2026-07-13 13:51:00,4055.0,4057.58,4054.81,4056.83,2298
2026-07-13 13:54:00,4056.85,4060.21,4056.41,4060.01,2270
2026-07-13 13:57:00,4059.99,4061.52,4058.68,4060.54,2054
2026-07-13 14:00:00,4060.54,4062.9,4058.2,4060.87,2341
2026-07-13 14:03:00,4060.86,4066.71,4060.75,4066.69,2178
2026-07-13 14:06:00,4066.71,4068.0,4063.31,4066.22,2252
2026-07-13 14:09:00,4066.22,4066.24,4062.75,4064.92,2130
2026-07-13 14:12:00,4064.89,4065.67,4062.8,4064.06,2029
2026-07-13 14:15:00,4064.08,4065.06,4062.57,4062.64,2061
2026-07-13 14:18:00,4062.6,4063.23,4059.42,4059.79,2093
2026-07-13 14:21:00,4059.8,4061.66,4058.65,4058.96,2044
2026-07-13 14:24:00,4058.94,4063.56,4058.19,4062.4,2113
2026-07-13 14:27:00,4062.42,4063.72,4061.21,4062.83,2000
2026-07-13 14:30:00,4062.81,4065.1,4061.99,4063.67,2067
2026-07-13 14:33:00,4063.65,4068.45,4063.5,4067.28,2221
2026-07-13 14:36:00,4067.14,4067.47,4063.24,4064.15,2392
2026-07-13 14:39:00,4064.18,4066.79,4063.73,4065.99,2263
2026-07-13 14:42:00,4066.0,4067.18,4064.46,4065.23,2342
2026-07-13 14:45:00,4065.25,4065.83,4062.04,4062.54,2211
2026-07-13 14:48:00,4062.52,4063.58,4060.63,4061.78,2130
2026-07-13 14:51:00,4061.78,4061.93,4055.83,4055.88,2143
2026-07-13 14:54:00,4055.87,4057.79,4054.92,4056.27,2262
2026-07-13 14:57:00,4056.29,4057.73,4056.25,4056.43,2464
2026-07-13 15:00:00,4056.45,4059.78,4056.15,4059.2,2274
2026-07-13 15:03:00,4059.17,4060.45,4057.43,4059.07,2262
2026-07-13 15:06:00,4059.06,4059.46,4055.04,4055.34,2220
2026-07-13 15:09:00,4055.38,4060.26,4055.38,4056.34,2392
2026-07-13 15:12:00,4056.35,4058.15,4053.51,4056.25,2385
2026-07-13 15:15:00,4056.22,4060.81,4056.2,4060.17,2296
2026-07-13 15:18:00,4060.15,4060.63,4055.17,4058.16,2207
2026-07-13 15:21:00,4058.12,4060.83,4057.36,4060.69,2187
2026-07-13 15:24:00,4060.69,4063.56,4060.45,4062.09,2144
2026-07-13 15:27:00,4062.06,4062.08,4058.71,4059.02,2225
2026-07-13 15:30:00,4058.99,4062.59,4058.61,4062.05,2201
2026-07-13 15:33:00,4062.07,4063.43,4059.86,4062.59,2551
2026-07-13 15:36:00,4062.62,4062.7,4059.72,4061.8,2231
2026-07-13 15:39:00,4061.8,4063.24,4059.97,4062.5,2146
2026-07-13 15:42:00,4062.47,4063.98,4060.47,4062.76,2042
2026-07-13 15:45:00,4062.77,4065.51,4062.77,4065.45,2161
2026-07-13 15:48:00,4065.46,4066.68,4064.67,4065.46,2145
2026-07-13 15:51:00,4065.46,4066.73,4064.22,4066.07,2222
2026-07-13 15:54:00,4066.07,4067.19,4065.51,4065.55,2144
2026-07-13 15:57:00,4065.51,4067.37,4063.7,4067.31,2073
2026-07-13 16:00:00,4067.32,4067.6,4063.3,4064.34,2605
2026-07-13 16:03:00,4064.33,4064.42,4059.26,4062.83,2413
2026-07-13 16:06:00,4062.86,4064.9,4060.83,4064.58,2289
2026-07-13 16:09:00,4064.58,4064.62,4059.36,4059.86,2358
2026-07-13 16:12:00,4059.86,4062.51,4059.23,4061.84,2407
2026-07-13 16:15:00,4061.82,4062.03,4058.56,4059.42,2364
2026-07-13 16:18:00,4059.46,4062.06,4059.43,4061.69,2296
2026-07-13 16:21:00,4061.71,4062.79,4060.91,4061.48,2195
2026-07-13 16:24:00,4061.5,4062.73,4061.18,4062.04,2184
2026-07-13 16:27:00,4062.01,4065.91,4061.27,4062.22,2236
2026-07-13 16:30:00,4062.22,4063.94,4060.93,4061.85,2625
2026-07-13 16:33:00,4061.85,4062.08,4056.81,4059.86,2677
2026-07-13 16:36:00,4059.86,4061.25,4056.85,4058.08,2847
2026-07-13 16:39:00,4058.05,4058.58,4052.56,4056.93,2794
2026-07-13 16:42:00,4056.96,4057.35,4051.53,4054.87,2852
2026-07-13 16:45:00,4054.88,4058.3,4053.27,4055.64,2798
2026-07-13 16:48:00,4055.65,4057.41,4048.54,4049.02,2880
2026-07-13 16:51:00,4049.01,4050.35,4042.35,4048.57,3150
2026-07-13 16:54:00,4048.56,4052.93,4048.09,4052.16,2787
2026-07-13 16:57:00,4052.14,4052.76,4041.99,4043.06,2789
2026-07-13 17:00:00,4043.08,4046.83,4039.56,4041.59,3134
2026-07-13 17:03:00,4041.58,4041.58,4037.03,4038.53,3095
2026-07-13 17:06:00,4038.51,4038.59,4029.65,4035.16,3000
2026-07-13 17:09:00,4035.16,4039.24,4034.26,4039.2,2596
2026-07-13 17:12:00,4039.2,4039.52,4033.86,4035.83,2528
2026-07-13 17:15:00,4035.84,4037.23,4007.22,4014.96,3521
2026-07-13 17:18:00,4014.83,4025.02,4012.6,4013.29,4008
2026-07-13 17:21:00,4013.3,4017.56,4002.55,4016.76,3645
2026-07-13 17:24:00,4016.78,4028.77,4016.04,4025.04,3059
2026-07-13 17:27:00,4025.04,4025.19,4014.79,4016.83,2968
2026-07-13 17:30:00,4016.84,4017.02,4005.6,4009.74,3132
2026-07-13 17:33:00,4009.76,4010.57,4004.9,4007.61,2872
2026-07-13 17:36:00,4007.58,4008.61,4003.59,4008.07,2764
2026-07-13 17:39:00,4008.08,4009.03,4000.31,4002.62,2863
2026-07-13 17:42:00,4002.62,4006.04,4002.26,4005.52,2759
2026-07-13 17:45:00,4005.47,4006.77,4001.99,4003.15,2967
2026-07-13 17:48:00,4003.13,4009.35,4003.04,4005.57,2685
2026-07-13 17:51:00,4005.55,4009.92,4004.45,4007.2,2672
2026-07-13 17:54:00,4007.21,4012.4,4007.15,4011.36,2496
2026-07-13 17:57:00,4011.37,4015.33,4010.44,4015.33,2371
2026-07-13 18:00:00,4015.28,4017.58,4013.24,4014.31,2602
2026-07-13 18:03:00,4014.29,4016.45,4010.89,4011.35,2302
2026-07-13 18:06:00,4011.35,4013.85,4011.03,4012.45,2359
2026-07-13 18:09:00,4012.48,4016.69,4012.08,4015.64,2313
2026-07-13 18:12:00,4015.64,4016.8,4013.87,4014.81,2408
2026-07-13 18:15:00,4014.79,4016.15,4013.27,4013.9,2532
2026-07-13 18:18:00,4013.95,4019.29,4013.94,4018.57,2445
2026-07-13 18:21:00,4018.58,4020.28,4015.54,4016.03,2291
2026-07-13 18:24:00,4016.03,4016.53,4013.16,4015.34,2475
2026-07-13 18:27:00,4015.35,4018.53,4015.1,4016.52,2283
2026-07-13 18:30:00,4016.55,4017.65,4014.33,4017.62,2497
2026-07-13 18:33:00,4017.62,4017.67,4014.15,4015.41,2300
2026-07-13 18:36:00,4015.4,4016.85,4013.48,4015.46,2190
2026-07-13 18:39:00,4015.45,4016.19,4013.43,4014.11,2250
2026-07-13 18:42:00,4014.06,4015.16,4012.33,4013.42,2295
2026-07-13 18:45:00,4013.4,4013.53,4010.89,4012.49,2390
2026-07-13 18:48:00,4012.47,4014.84,4012.38,4012.77,2228
2026-07-13 18:51:00,4012.75,4013.83,4010.34,4013.82,2320
2026-07-13 18:54:00,4013.77,4014.63,4012.47,4014.19,2209
2026-07-13 18:57:00,4014.17,4016.02,4012.76,4015.88,2432
2026-07-13 19:00:00,4015.91,4017.88,4013.8,4017.23,2425
2026-07-13 19:03:00,4017.22,4017.25,4015.75,4016.44,2177
2026-07-13 19:06:00,4016.46,4017.05,4013.54,4014.71,2187
2026-07-13 19:09:00,4014.72,4016.38,4014.35,4016.03,2168
2026-07-13 19:12:00,4016.04,4016.18,4012.6,4013.99,2168
2026-07-13 19:15:00,4014.0,4014.0,4010.95,4012.23,2291
2026-07-13 19:18:00,4012.22,4012.77,4011.0,4012.44,2253
2026-07-13 19:21:00,4012.43,4012.67,4011.25,4011.8,2129
2026-07-13 19:24:00,4011.8,4012.25,4008.33,4008.92,2441
2026-07-13 19:27:00,4008.93,4009.2,4000.58,4003.77,2579
2026-07-13 19:30:00,4003.8,4004.77,4000.34,4001.07,2706
2026-07-13 19:33:00,4001.06,4001.14,3990.85,3992.65,3166
2026-07-13 19:36:00,3992.56,3995.96,3990.68,3995.42,2679
2026-07-13 19:39:00,3995.42,3999.63,3995.16,3999.23,2631
2026-07-13 19:42:00,3999.22,4000.79,3998.01,4000.65,2479
2026-07-13 19:45:00,4000.64,4002.69,3997.95,3998.22,2554
2026-07-13 19:48:00,3998.21,3999.74,3993.2,3993.9,2575
2026-07-13 19:51:00,3993.91,3994.98,3992.11,3994.23,2662
2026-07-13 19:54:00,3994.2,3994.33,3986.58,3990.48,2675
2026-07-13 19:57:00,3990.49,3993.25,3989.11,3993.23,2399
2026-07-13 20:00:00,3993.23,3997.1,3992.09,3995.18,2540
2026-07-13 20:03:00,3995.16,3996.44,3993.5,3995.72,2314
2026-07-13 20:06:00,3995.73,3997.12,3994.45,3996.6,2177
2026-07-13 20:09:00,3996.59,3998.97,3996.38,3997.59,2285
2026-07-13 20:12:00,3997.58,3998.5,3996.7,3997.56,2335
2026-07-13 20:15:00,3997.56,4000.08,3996.89,4000.01,2391
2026-07-13 20:18:00,4000.0,4001.52,3999.37,4000.22,2146
2026-07-13 20:21:00,4000.22,4001.89,3999.75,4001.08,2180
2026-07-13 20:24:00,4001.08,4001.14,3996.66,3997.6,2473
2026-07-13 20:27:00,3997.61,3999.68,3996.89,3998.92,2432
2026-07-13 20:30:00,3998.89,4000.59,3997.63,3999.48,2361
2026-07-13 20:33:00,3999.48,4000.9,3998.03,3998.84,2353
2026-07-13 20:36:00,3998.85,3999.6,3997.11,3997.6,2250
2026-07-13 20:39:00,3997.61,3998.63,3996.22,3998.13,2261
2026-07-13 20:42:00,3998.14,3998.53,3996.93,3996.96,2336
2026-07-13 20:45:00,3996.97,3999.37,3996.88,3997.32,2245
2026-07-13 20:48:00,3997.33,3997.55,3994.12,3994.18,2356
2026-07-13 20:51:00,3994.18,3995.98,3993.28,3994.59,2317
2026-07-13 20:54:00,3994.59,3995.38,3992.28,3993.09,2359
2026-07-13 20:57:00,3993.1,3994.97,3992.14,3993.2,2261
2026-07-13 21:00:00,3993.23,3995.15,3992.13,3992.16,2527
2026-07-13 21:03:00,3992.17,3993.53,3990.54,3993.37,2478
2026-07-13 21:06:00,3993.41,3994.77,3992.08,3993.84,2364
2026-07-13 21:09:00,3993.85,3994.12,3990.43,3991.0,2264
2026-07-13 21:12:00,3991.01,3994.08,3989.97,3993.87,2399
2026-07-13 21:15:00,3993.84,3994.53,3990.51,3990.83,2276
2026-07-13 21:18:00,3990.85,3990.89,3986.76,3989.08,2294
2026-07-13 21:21:00,3989.08,3994.05,3988.81,3994.01,2256
2026-07-13 21:24:00,3994.01,3996.46,3992.76,3995.76,2207
2026-07-13 21:27:00,3995.72,3996.84,3994.8,3995.28,2341
2026-07-13 21:30:00,3995.27,3997.81,3994.08,3997.21,2248
2026-07-13 21:33:00,3997.22,4000.55,3996.86,4000.53,2192
2026-07-13 21:36:00,4000.57,4000.57,3998.42,3999.1,2372
2026-07-13 21:39:00,3999.08,4000.23,3998.12,4000.14,2196
2026-07-13 21:42:00,4000.13,4000.74,3999.33,4000.18,2101
2026-07-13 21:45:00,4000.17,4000.61,3998.59,3999.72,2267
2026-07-13 21:48:00,3999.74,4002.03,3999.64,4001.2,2151
2026-07-13 21:51:00,4001.17,4004.92,4001.17,4004.78,2203
2026-07-13 21:54:00,4004.79,4005.1,4001.95,4002.2,2253
2026-07-13 21:57:00,4002.23,4002.64,3998.29,4001.47,2259
2026-07-13 22:00:00,4001.49,4002.76,3998.29,4002.54,2373
2026-07-13 22:03:00,4002.54,4004.49,4002.15,4003.12,2131
2026-07-13 22:06:00,4003.12,4004.2,3999.18,4000.55,2314
2026-07-13 22:09:00,4000.57,4001.24,3998.03,3998.49,2313
2026-07-13 22:12:00,3998.49,3999.52,3997.81,3998.06,2444
2026-07-13 22:15:00,3998.08,3999.3,3997.77,3998.67,2303
2026-07-13 22:18:00,3998.68,3999.79,3997.38,3998.09,2206
2026-07-13 22:21:00,3998.1,3998.98,3996.86,3998.61,2369
2026-07-13 22:24:00,3998.59,4000.85,3998.31,3998.63,2086
2026-07-13 22:27:00,3998.61,4000.02,3998.13,3998.34,2198
2026-07-13 22:30:00,3998.35,4000.73,3998.31,4000.34,2477
2026-07-13 22:33:00,4000.36,4001.05,3996.15,3996.37,2323
2026-07-13 22:36:00,3996.35,3997.35,3993.84,3994.77,2239
2026-07-13 22:39:00,3994.76,3997.02,3993.49,3996.83,2191
2026-07-13 22:42:00,3996.83,3999.34,3996.05,3999.21,2212
2026-07-13 22:45:00,3999.18,3999.47,3997.35,3997.38,2269
2026-07-13 22:48:00,3997.36,3999.03,3996.9,3998.91,2266
2026-07-13 22:51:00,3998.91,4000.38,3998.43,3999.91,2161
2026-07-13 22:54:00,3999.93,4001.32,3999.76,4000.33,2228
2026-07-13 22:57:00,4000.31,4002.37,4000.29,4002.0,2275
2026-07-13 23:00:00,4002.06,4003.6,4001.1,4003.22,2177
2026-07-13 23:03:00,4003.25,4004.95,4003.03,4004.84,2242
2026-07-13 23:06:00,4004.84,4006.24,4003.53,4003.67,1905
2026-07-13 23:09:00,4003.68,4004.99,3999.66,4001.46,2153
2026-07-13 23:12:00,4001.46,4001.55,3998.57,3998.79,2026
2026-07-13 23:15:00,3998.78,4000.18,3996.84,3998.15,2120
2026-07-13 23:18:00,3998.15,4000.21,3997.75,3999.22,1943
2026-07-13 23:21:00,3999.22,3999.37,3998.15,3998.89,2224
2026-07-13 23:24:00,3998.89,3999.5,3998.24,3999.39,1877
2026-07-13 23:27:00,3999.37,4000.3,3998.87,3999.89,1804
2026-07-13 23:30:00,3999.89,4000.42,3999.12,3999.62,1888
2026-07-13 23:33:00,3999.62,4000.33,3998.01,3998.86,1834
2026-07-13 23:36:00,3998.85,3998.87,3997.33,3998.21,1865
2026-07-13 23:39:00,3998.22,3999.45,3998.18,3998.78,1998
2026-07-13 23:42:00,3998.78,4000.48,3998.69,4000.12,1812
2026-07-13 23:45:00,4000.1,4000.47,3998.6,4000.07,1834
2026-07-13 23:48:00,4000.07,4000.15,3998.79,3999.09,1787
2026-07-13 23:51:00,3999.09,4000.05,3998.06,3999.62,1906
2026-07-13 23:54:00,3999.65,4001.95,3999.64,4001.25,1934
2026-07-13 23:57:00,4001.25,4002.13,4000.64,4000.97,1255
2026-07-14 01:00:00,4005.49,4006.63,3999.4,4003.01,4620
2026-07-14 01:03:00,4003.01,4005.66,4001.45,4003.2,2124
2026-07-14 01:06:00,4003.22,4003.81,4001.6,4002.62,1817
2026-07-14 01:09:00,4002.61,4003.54,4001.47,4003.25,1749
2026-07-14 01:12:00,4003.22,4004.48,4003.04,4004.1,1811
2026-07-14 01:15:00,4004.08,4004.85,4004.07,4004.32,1800
2026-07-14 01:18:00,4004.31,4005.9,4004.31,4005.02,1819
2026-07-14 01:21:00,4005.02,4005.18,4004.5,4005.12,1777
2026-07-14 01:24:00,4005.11,4005.22,4004.27,4004.68,1784
2026-07-14 01:27:00,4004.66,4004.85,4004.25,4004.47,1732
2026-07-14 01:30:00,4004.47,4004.51,4003.15,4003.62,1772
2026-07-14 01:33:00,4003.63,4005.46,4003.43,4005.45,1816
2026-07-14 01:36:00,4005.46,4005.54,4002.92,4003.67,1820
2026-07-14 01:39:00,4003.7,4004.11,4003.19,4004.08,1811
2026-07-14 01:42:00,4004.11,4004.29,4003.21,4003.85,1811
2026-07-14 01:45:00,4003.87,4005.24,4003.36,4004.86,1825
2026-07-14 01:48:00,4004.86,4004.97,4003.13,4003.26,1821
2026-07-14 01:51:00,4003.36,4003.48,4002.17,4002.55,1838
2026-07-14 01:54:00,4002.57,4003.2,4001.34,4002.28,1806
2026-07-14 01:57:00,4002.26,4002.38,4000.81,4000.92,1848
2026-07-14 02:00:00,4000.9,4003.01,4000.32,4002.94,1895
2026-07-14 02:03:00,4002.94,4003.05,4000.72,4001.47,1849
2026-07-14 02:06:00,4001.46,4002.86,4001.46,4002.28,1807
2026-07-14 02:09:00,4002.3,4002.32,4001.31,4001.95,1808
2026-07-14 02:12:00,4001.94,4002.14,3999.56,4000.24,1847
2026-07-14 02:15:00,4000.22,4000.56,3998.87,3998.88,1881
2026-07-14 02:18:00,3998.89,3999.52,3997.81,3998.29,1822
2026-07-14 02:21:00,3998.32,4000.33,3997.62,3998.57,1857
2026-07-14 02:24:00,3998.54,3999.86,3998.53,3999.59,1793
2026-07-14 02:27:00,3999.57,3999.73,3996.9,3997.43,1820
2026-07-14 02:30:00,3997.44,3997.44,3995.04,3996.24,1953
2026-07-14 02:33:00,3996.22,3996.33,3993.65,3995.03,1883
2026-07-14 02:36:00,3995.03,3995.98,3994.32,3995.75,1860
2026-07-14 02:39:00,3995.76,3996.43,3995.13,3995.52,1901
2026-07-14 02:42:00,3995.54,3997.03,3995.33,3995.49,1935
2026-07-14 02:45:00,3995.51,3997.46,3992.69,3995.73,2075
2026-07-14 02:48:00,3995.75,3999.0,3995.73,3996.19,2110
2026-07-14 02:51:00,3996.19,3999.86,3995.43,3999.14,2174
2026-07-14 02:54:00,3999.14,4000.59,3998.2,3998.94,2070
2026-07-14 02:57:00,3998.91,4001.94,3998.55,4001.12,2213
2026-07-14 03:00:00,4001.08,4004.72,3996.43,3996.46,2897
2026-07-14 03:03:00,3996.46,3998.33,3992.04,3992.9,2735
2026-07-14 03:06:00,3992.93,3993.66,3983.52,3991.35,2958
2026-07-14 03:09:00,3991.36,3998.86,3991.3,3998.18,2657
2026-07-14 03:12:00,3998.17,3998.85,3991.27,3995.43,2682
2026-07-14 03:15:00,3995.45,3995.96,3990.09,3991.14,2637
2026-07-14 03:18:00,3991.15,3992.01,3985.78,3987.45,2616
2026-07-14 03:21:00,3987.47,3990.2,3985.77,3986.78,2631
2026-07-14 03:24:00,3986.79,3991.16,3986.38,3990.03,2442
2026-07-14 03:27:00,3990.03,3996.99,3988.98,3995.36,2272
2026-07-14 03:30:00,3995.34,3999.49,3994.36,3999.49,2598
2026-07-14 03:33:00,3999.57,4007.12,3998.5,4006.11,2611
2026-07-14 03:36:00,4006.08,4006.42,4002.36,4004.56,2413
2026-07-14 03:39:00,4004.58,4005.74,4000.38,4000.48,2591
2026-07-14 03:42:00,4000.49,4003.4,3999.22,4002.85,2399
2026-07-14 03:45:00,4002.87,4007.23,4000.57,4002.1,2814
2026-07-14 03:48:00,4002.06,4005.77,4001.17,4004.45,2613
2026-07-14 03:51:00,4004.43,4005.31,4002.65,4002.72,2490
2026-07-14 03:54:00,4002.66,4007.14,4002.48,4005.06,2590
2026-07-14 03:57:00,4005.11,4007.23,4003.72,4004.2,2269
2026-07-14 04:00:00,4004.21,4004.41,3992.16,3993.36,3173
2026-07-14 04:03:00,3993.38,3999.93,3993.09,3996.85,2798
2026-07-14 04:06:00,3996.89,3998.26,3992.3,3995.5,2987
2026-07-14 04:09:00,3995.5,3996.15,3993.09,3994.72,2521
2026-07-14 04:12:00,3994.73,3999.0,3993.11,3995.22,2636
2026-07-14 04:15:00,3995.22,4002.95,3995.04,4002.31,2556
2026-07-14 04:18:00,4002.33,4004.84,4000.24,4001.01,2506
2026-07-14 04:21:00,4001.01,4001.47,3996.92,3997.52,2328
2026-07-14 04:24:00,3997.53,3998.63,3995.6,3998.39,2264
2026-07-14 04:27:00,3998.38,3999.55,3996.16,3997.83,2285
2026-07-14 04:30:00,3997.84,4004.12,3996.21,4001.54,2630
2026-07-14 04:33:00,4001.54,4002.04,3992.77,3995.27,2658
2026-07-14 04:36:00,3995.27,3998.6,3995.06,3997.5,2419
2026-07-14 04:39:00,3997.5,4000.55,3995.17,4000.19,2444
2026-07-14 04:42:00,4000.19,4002.26,3998.74,4002.04,2381
2026-07-14 04:45:00,4002.02,4003.91,3998.86,4001.02,2290
2026-07-14 04:48:00,4001.02,4003.07,4000.52,4001.07,2306
2026-07-14 04:51:00,4001.04,4005.31,4000.03,4003.57,2463
2026-07-14 04:54:00,4003.57,4004.74,4002.19,4002.78,2219
2026-07-14 04:57:00,4002.81,4012.08,4002.32,4010.43,2471
2026-07-14 05:00:00,4010.43,4010.95,4005.97,4008.1,2349
2026-07-14 05:03:00,4008.09,4010.62,4008.0,4009.96,2228
2026-07-14 05:06:00,4009.93,4011.06,4008.23,4010.56,2261
2026-07-14 05:09:00,4010.59,4015.98,4010.41,4012.95,2466
2026-07-14 05:12:00,4012.95,4017.75,4011.26,4016.63,2267
2026-07-14 05:15:00,4016.61,4018.98,4015.34,4016.17,2118
2026-07-14 05:18:00,4016.15,4018.29,4015.07,4017.17,2076
2026-07-14 05:21:00,4017.19,4017.45,4015.35,4016.07,2108
2026-07-14 05:24:00,4016.09,4016.2,4013.81,4014.83,2037
2026-07-14 05:27:00,4014.8,4017.97,4014.51,4017.9,2102
2026-07-14 05:30:00,4017.88,4018.99,4015.32,4017.54,2291
2026-07-14 05:33:00,4017.51,4017.83,4013.0,4014.63,2167
2026-07-14 05:36:00,4014.6,4015.4,4012.81,4012.94,2148
2026-07-14 05:39:00,4012.89,4016.33,4012.71,4014.68,2216
2026-07-14 05:42:00,4014.66,4014.81,4010.61,4010.92,2116
2026-07-14 05:45:00,4010.92,4012.83,4010.58,4011.81,2068
2026-07-14 05:48:00,4011.8,4011.82,4009.43,4009.75,2117
2026-07-14 05:51:00,4009.77,4011.32,4009.09,4010.98,2241
2026-07-14 05:54:00,4010.93,4011.75,4010.44,4011.06,2052
2026-07-14 05:57:00,4011.07,4013.91,4010.98,4012.25,2175
2026-07-14 06:00:00,4012.22,4016.65,4012.22,4013.76,2270
2026-07-14 06:03:00,4013.73,4014.63,4012.23,4013.99,2207
2026-07-14 06:06:00,4013.99,4016.59,4013.99,4014.29,2112
2026-07-14 06:09:00,4014.29,4015.59,4013.15,4014.61,2145
2026-07-14 06:12:00,4014.62,4014.76,4012.11,4013.75,2201
2026-07-14 06:15:00,4014.06,4015.54,4012.31,4012.34,2163
2026-07-14 06:18:00,4012.35,4013.81,4012.03,4012.08,2208
2026-07-14 06:21:00,4012.08,4015.67,4011.1,4015.64,2161
2026-07-14 06:24:00,4015.62,4017.13,4015.14,4015.72,2144
2026-07-14 06:27:00,4015.7,4018.8,4015.52,4017.98,2076
2026-07-14 06:30:00,4018.0,4019.03,4016.9,4016.92,2142
2026-07-14 06:33:00,4016.93,4017.2,4014.62,4015.43,2083
2026-07-14 06:36:00,4015.43,4017.8,4014.72,4015.46,2106
2026-07-14 06:39:00,4015.43,4016.05,4014.76,4014.83,2030
2026-07-14 06:42:00,4014.82,4016.11,4013.78,4015.35,2104
2026-07-14 06:45:00,4015.35,4016.49,4014.98,4016.01,1884
2026-07-14 06:48:00,4016.02,4016.71,4015.16,4015.83,1964
2026-07-14 06:51:00,4015.81,4018.12,4015.58,4017.44,1974
2026-07-14 06:54:00,4017.43,4017.72,4016.42,4016.44,1937
2026-07-14 06:57:00,4016.44,4016.89,4014.56,4016.88,1874
2026-07-14 07:00:00,4016.89,4018.77,4015.92,4016.84,2012
2026-07-14 07:03:00,4016.84,4017.91,4016.34,4016.82,2023
2026-07-14 07:06:00,4016.81,4016.95,4015.94,4015.94,1891
2026-07-14 07:09:00,4015.91,4016.28,4013.52,4013.79,1968
2026-07-14 07:12:00,4013.79,4016.13,4013.48,4015.65,2003
2026-07-14 07:15:00,4015.67,4016.24,4014.24,4014.61,1955
2026-07-14 07:18:00,4014.6,4016.13,4014.27,4015.93,1944
2026-07-14 07:21:00,4015.93,4016.19,4014.0,4015.04,1904
2026-07-14 07:24:00,4015.03,4017.28,4014.31,4016.81,1972
2026-07-14 07:27:00,4016.8,4017.3,4015.65,4015.68,1860
2026-07-14 07:30:00,4015.69,4022.8,4015.67,4022.77,1978
2026-07-14 07:33:00,4022.68,4022.7,4020.53,4022.14,2031
2026-07-14 07:36:00,4022.14,4023.38,4021.07,4021.9,1959
2026-07-14 07:39:00,4021.89,4022.34,4020.94,4021.04,1955
2026-07-14 07:42:00,4021.05,4022.17,4020.52,4020.66,1836
2026-07-14 07:45:00,4020.64,4021.03,4019.87,4019.9,1881
2026-07-14 07:48:00,4019.89,4019.95,4016.0,4016.68,2019
2026-07-14 07:51:00,4016.69,4020.11,4016.46,4019.86,2062
2026-07-14 07:54:00,4019.84,4020.0,4017.71,4018.6,1916
2026-07-14 07:57:00,4018.61,4021.25,4018.37,4020.27,1964
2026-07-14 08:00:00,4020.27,4022.84,4020.27,4020.46,2079
2026-07-14 08:03:00,4020.45,4021.88,4019.71,4021.85,2029
2026-07-14 08:06:00,4021.88,4022.63,4021.26,4022.55,1962
2026-07-14 08:09:00,4022.56,4023.9,4022.33,4023.21,1897
2026-07-14 08:12:00,4023.19,4023.61,4022.38,4023.07,1933
2026-07-14 08:15:00,4023.07,4023.99,4020.02,4020.65,1963
2026-07-14 08:18:00,4020.63,4021.75,4019.95,4021.22,1824
2026-07-14 08:21:00,4021.2,4022.6,4020.91,4021.11,1927
2026-07-14 08:24:00,4021.12,4022.86,4020.4,4022.74,1969
2026-07-14 08:27:00,4022.74,4023.41,4021.79,4022.76,1915
2026-07-14 08:30:00,4022.77,4028.63,4022.52,4028.53,2719
2026-07-14 08:33:00,4028.55,4030.44,4027.85,4029.52,2391
2026-07-14 08:36:00,4029.51,4030.94,4028.72,4029.25,2170
2026-07-14 08:39:00,4029.24,4031.11,4027.27,4030.62,2102
2026-07-14 08:42:00,4030.59,4034.06,4030.4,4032.07,2200
2026-07-14 08:45:00,4032.1,4032.72,4029.63,4030.44,2191
2026-07-14 08:48:00,4030.43,4031.68,4029.7,4030.46,2096
2026-07-14 08:51:00,4030.45,4031.08,4029.08,4030.93,2087
2026-07-14 08:54:00,4030.92,4032.11,4030.22,4031.55,2075
2026-07-14 08:57:00,4031.58,4032.47,4030.63,4031.38,2093
2026-07-14 09:00:00,4031.38,4032.25,4030.14,4030.95,2432
2026-07-14 09:03:00,4030.94,4030.97,4029.12,4030.15,2085
2026-07-14 09:06:00,4030.14,4032.12,4028.68,4030.89,2122
2026-07-14 09:09:00,4030.89,4033.21,4030.61,4031.94,2107
2026-07-14 09:12:00,4031.93,4032.18,4030.5,4030.95,2074
2026-07-14 09:15:00,4030.98,4031.17,4029.53,4030.49,2018
2026-07-14 09:18:00,4030.51,4030.51,4027.78,4027.98,2077
2026-07-14 09:21:00,4027.97,4028.54,4026.45,4026.82,2000
2026-07-14 09:24:00,4026.81,4027.77,4025.32,4025.46,2043
2026-07-14 09:27:00,4025.48,4026.2,4022.96,4023.0,2103
2026-07-14 09:30:00,4023.0,4026.14,4022.64,4025.76,2070
2026-07-14 09:33:00,4025.76,4026.32,4024.43,4025.47,2253
2026-07-14 09:36:00,4025.46,4025.94,4022.94,4022.99,2144
2026-07-14 09:39:00,4023.01,4024.07,4021.66,4023.43,2018
2026-07-14 09:42:00,4023.43,4025.42,4022.73,4025.21,2103
2026-07-14 09:45:00,4025.22,4026.06,4024.19,4025.81,2555
2026-07-14 09:48:00,4025.73,4025.73,4023.48,4025.41,2354
2026-07-14 09:51:00,4025.42,4026.78,4023.71,4024.43,2019
2026-07-14 09:54:00,4024.44,4024.49,4022.99,4023.41,1925
2026-07-14 09:57:00,4023.43,4024.95,4023.31,4023.9,2048
2026-07-14 10:00:00,4023.89,4023.92,4020.73,4023.31,2287
2026-07-14 10:03:00,4023.3,4027.95,4022.74,4027.64,2106
2026-07-14 10:06:00,4027.66,4028.96,4026.92,4028.32,2007
2026-07-14 10:09:00,4028.31,4028.98,4025.9,4026.1,1988
2026-07-14 10:12:00,4026.09,4027.76,4024.46,4024.79,2101
2026-07-14 10:15:00,4024.78,4027.25,4024.49,4026.88,2042
2026-07-14 10:18:00,4026.91,4027.74,4026.19,4027.45,2433
2026-07-14 10:21:00,4027.45,4028.93,4026.21,4028.88,2160
2026-07-14 10:24:00,4028.88,4029.83,4027.71,4027.75,2227
2026-07-14 10:27:00,4027.78,4029.16,4026.03,4026.38,2170
2026-07-14 10:30:00,4026.37,4026.64,4023.76,4023.85,2086
2026-07-14 10:33:00,4023.84,4025.98,4022.89,4024.88,2355
2026-07-14 10:36:00,4024.91,4029.58,4024.86,4028.84,2293
2026-07-14 10:39:00,4028.84,4029.21,4024.63,4024.86,2468
2026-07-14 10:42:00,4024.89,4025.4,4022.13,4023.69,2657
2026-07-14 10:45:00,4023.66,4024.2,4022.24,4023.47,2786
2026-07-14 10:48:00,4023.48,4023.87,4022.28,4023.6,2210
2026-07-14 10:51:00,4023.6,4025.61,4021.88,4024.99,2228
2026-07-14 10:54:00,4025.01,4026.15,4021.44,4022.36,2110
2026-07-14 10:57:00,4022.39,4022.55,4020.16,4020.71,2410
2026-07-14 11:00:00,4020.7,4022.46,4019.26,4019.84,2334
2026-07-14 11:03:00,4019.84,4020.17,4017.16,4019.1,2208
2026-07-14 11:06:00,4019.1,4019.76,4017.05,4017.63,2383
2026-07-14 11:09:00,4017.7,4017.95,4014.42,4016.75,2251
2026-07-14 11:12:00,4016.73,4018.11,4016.17,4017.31,2080
2026-07-14 11:15:00,4017.29,4020.85,4017.29,4020.36,2047
2026-07-14 11:18:00,4020.37,4020.93,4018.04,4019.56,2054
2026-07-14 11:21:00,4019.56,4020.81,4019.18,4020.48,2030
2026-07-14 11:24:00,4020.46,4022.79,4019.38,4022.34,2076
2026-07-14 11:27:00,4022.36,4023.15,4020.08,4021.77,2475
2026-07-14 11:30:00,4021.77,4023.84,4020.17,4020.7,2099
2026-07-14 11:33:00,4020.68,4020.8,4018.77,4019.89,2078
2026-07-14 11:36:00,4019.86,4021.06,4019.14,4019.93,2174
2026-07-14 11:39:00,4019.91,4022.51,4018.76,4021.26,2084
2026-07-14 11:42:00,4021.24,4021.33,4019.31,4019.31,2289
2026-07-14 11:45:00,4019.3,4020.84,4019.07,4020.32,1930
2026-07-14 11:48:00,4020.31,4020.35,4018.59,4018.92,2176
2026-07-14 11:51:00,4018.94,4019.08,4017.5,4018.67,2004
2026-07-14 11:54:00,4018.67,4020.28,4017.27,4017.33,1943
2026-07-14 11:57:00,4017.32,4017.81,4015.83,4015.88,2021
2026-07-14 12:00:00,4015.89,4018.32,4013.82,4018.29,2109
2026-07-14 12:03:00,4018.26,4020.37,4017.51,4020.04,1990
2026-07-14 12:06:00,4020.03,4021.67,4018.29,4021.66,2085
2026-07-14 12:09:00,4021.66,4024.41,4020.54,4023.55,2058
2026-07-14 12:12:00,4023.58,4024.18,4019.92,4020.64,2033
2026-07-14 12:15:00,4020.63,4020.79,4018.54,4019.31,2143
2026-07-14 12:18:00,4019.33,4021.24,4018.23,4021.03,2223
2026-07-14 12:21:00,4021.02,4021.8,4018.89,4019.01,2186
2026-07-14 12:24:00,4019.03,4019.07,4017.37,4017.75,2557
2026-07-14 12:27:00,4017.74,4018.71,4015.08,4015.83,2219
2026-07-14 12:30:00,4015.81,4017.27,4014.54,4015.56,2103
2026-07-14 12:33:00,4015.59,4016.11,4013.77,4015.48,2120
2026-07-14 12:36:00,4015.49,4016.45,4014.87,4014.95,2460
2026-07-14 12:39:00,4014.95,4017.65,4014.95,4016.66,2196
2026-07-14 12:42:00,4016.69,4018.11,4016.24,4017.25,2261
2026-07-14 12:45:00,4017.23,4020.36,4016.45,4020.34,2370
2026-07-14 12:48:00,4020.34,4023.86,4020.17,4022.99,2272
2026-07-14 12:51:00,4022.99,4023.89,4021.18,4021.27,2147
2026-07-14 12:54:00,4021.27,4022.12,4019.26,4020.14,2104
2026-07-14 12:57:00,4020.17,4021.83,4020.03,4021.76,2310
2026-07-14 13:00:00,4021.75,4022.25,4019.04,4019.33,2130
2026-07-14 13:03:00,4019.32,4020.13,4018.38,4018.6,2355
2026-07-14 13:06:00,4018.62,4019.57,4017.87,4018.24,2161
2026-07-14 13:09:00,4018.25,4019.64,4017.76,4019.0,2023
2026-07-14 13:12:00,4018.99,4019.27,4016.87,4018.2,1909
2026-07-14 13:15:00,4018.21,4019.36,4017.28,4019.25,2058
2026-07-14 13:18:00,4019.26,4020.1,4018.4,4018.5,2021
2026-07-14 13:21:00,4018.53,4019.12,4016.93,4017.85,1983
2026-07-14 13:24:00,4017.84,4018.1,4015.68,4015.93,2059
2026-07-14 13:27:00,4015.94,4018.05,4015.87,4017.82,2360
2026-07-14 13:30:00,4017.81,4018.94,4015.26,4015.93,2160
2026-07-14 13:33:00,4015.92,4018.02,4015.15,4017.21,2099
2026-07-14 13:36:00,4017.19,4019.22,4016.51,4017.65,2281
2026-07-14 13:39:00,4017.63,4020.13,4017.59,4018.66,2314
2026-07-14 13:42:00,4018.67,4019.73,4018.2,4019.07,2082
2026-07-14 13:45:00,4019.07,4020.9,4018.06,4020.76,1996
2026-07-14 13:48:00,4020.77,4022.15,4020.74,4020.9,2334
2026-07-14 13:51:00,4020.92,4021.02,4019.08,4020.09,2005
2026-07-14 13:54:00,4020.11,4020.79,4019.65,4019.81,2105
2026-07-14 13:57:00,4019.81,4022.83,4019.67,4021.67,2093
2026-07-14 14:00:00,4021.64,4022.92,4019.6,4020.97,2507
2026-07-14 14:03:00,4021.0,4021.64,4020.05,4021.08,2258
2026-07-14 14:06:00,4021.08,4021.82,4016.44,4016.47,2266
2026-07-14 14:09:00,4016.47,4019.23,4015.48,4017.98,2123
2026-07-14 14:12:00,4017.97,4024.0,4017.47,4022.92,2115
2026-07-14 14:15:00,4022.94,4022.94,4020.57,4022.07,2088
2026-07-14 14:18:00,4022.08,4025.82,4022.05,4024.51,2138
2026-07-14 14:21:00,4024.55,4025.5,4022.68,4025.38,2096
2026-07-14 14:24:00,4025.38,4028.39,4025.02,4026.54,2234
2026-07-14 14:27:00,4026.53,4026.61,4024.81,4025.0,2293
2026-07-14 14:30:00,4025.0,4028.44,4024.6,4028.44,2086
2026-07-14 14:33:00,4028.43,4030.37,4027.21,4030.07,2102
2026-07-14 14:36:00,4030.05,4030.13,4027.45,4028.46,2149
2026-07-14 14:39:00,4028.46,4029.49,4027.55,4028.77,2278
2026-07-14 14:42:00,4028.79,4029.94,4027.12,4028.09,2096
2026-07-14 14:45:00,4028.07,4028.17,4025.82,4027.89,2292
2026-07-14 14:48:00,4027.89,4030.59,4026.93,4027.05,2265
2026-07-14 14:51:00,4027.05,4029.41,4026.68,4029.41,2091
2026-07-14 14:54:00,4029.42,4031.66,4028.83,4030.8,2001
2026-07-14 14:57:00,4030.79,4031.96,4029.79,4031.27,2001
2026-07-14 15:00:00,4031.27,4033.41,4030.04,4032.41,2143
2026-07-14 15:03:00,4032.41,4035.79,4028.13,4029.03,2291
2026-07-14 15:06:00,4029.06,4030.82,4025.54,4025.58,2230
2026-07-14 15:09:00,4025.56,4028.36,4025.25,4026.8,2056
2026-07-14 15:12:00,4026.77,4028.11,4025.29,4025.96,2040
2026-07-14 15:15:00,4025.97,4028.53,4024.84,4026.96,2016
2026-07-14 15:18:00,4026.98,4028.02,4023.23,4023.64,2216
2026-07-14 15:21:00,4023.66,4027.08,4023.64,4024.91,2398
2026-07-14 15:24:00,4024.94,4029.92,4024.85,4027.71,2402
2026-07-14 15:27:00,4027.71,4030.88,4026.04,4028.29,2131
2026-07-14 15:30:00,4028.32,4101.02,4026.82,4094.56,3291
2026-07-14 15:33:00,4094.47,4101.45,4090.56,4094.11,5222
2026-07-14 15:36:00,4093.94,4094.23,4081.74,4087.26,4585
2026-07-14 15:39:00,4087.18,4092.0,4084.05,4090.85,3660
2026-07-14 15:42:00,4090.83,4094.51,4087.68,4092.95,3319
2026-07-14 15:45:00,4092.92,4095.25,4082.59,4082.73,3281
2026-07-14 15:48:00,4082.68,4086.7,4081.56,4083.05,2904
2026-07-14 15:51:00,4083.06,4083.06,4075.97,4076.38,2995
2026-07-14 15:54:00,4076.29,4076.94,4068.96,4070.04,2776
2026-07-14 15:57:00,4070.04,4077.2,4069.1,4076.33,2808
2026-07-14 16:00:00,4076.29,4083.37,4072.9,4079.17,3505
2026-07-14 16:03:00,4079.13,4079.24,4070.81,4075.01,3100
2026-07-14 16:06:00,4075.0,4079.67,4073.46,4079.6,2667
2026-07-14 16:09:00,4079.59,4080.26,4075.68,4077.61,2618
2026-07-14 16:12:00,4077.58,4079.09,4071.89,4074.97,2926
2026-07-14 16:15:00,4074.96,4080.35,4074.03,4076.86,2649
2026-07-14 16:18:00,4076.87,4079.81,4072.22,4076.13,2539
2026-07-14 16:21:00,4076.15,4086.24,4075.37,4083.61,2673
2026-07-14 16:24:00,4083.58,4085.45,4082.22,4084.4,2597
2026-07-14 16:27:00,4084.41,4085.96,4081.25,4081.52,2530
2026-07-14 16:30:00,4081.53,4084.82,4075.86,4076.41,3393
2026-07-14 16:33:00,4076.41,4081.0,4076.4,4079.78,2967
2026-07-14 16:36:00,4079.78,4086.61,4079.22,4085.89,3021
2026-07-14 16:39:00,4085.87,4088.53,4083.84,4085.1,3128
2026-07-14 16:42:00,4085.06,4088.67,4082.66,4087.59,3081
2026-07-14 16:45:00,4087.57,4087.57,4080.5,4083.95,2880
2026-07-14 16:48:00,4083.91,4085.57,4080.72,4083.87,2757
2026-07-14 16:51:00,4083.88,4085.01,4074.32,4078.05,2962
2026-07-14 16:54:00,4078.05,4078.87,4074.57,4077.35,2731
2026-07-14 16:57:00,4077.36,4078.86,4075.29,4076.68,2543
2026-07-14 17:00:00,4076.68,4080.43,4073.56,4075.03,2922
2026-07-14 17:03:00,4075.05,4076.87,4072.66,4076.3,2892
2026-07-14 17:06:00,4076.36,4081.49,4074.3,4079.75,3137
2026-07-14 17:09:00,4079.77,4081.11,4077.19,4079.28,2987
2026-07-14 17:12:00,4079.3,4085.16,4078.82,4082.39,2975
2026-07-14 17:15:00,4082.38,4082.39,4071.69,4072.4,3188
2026-07-14 17:18:00,4072.34,4075.01,4070.74,4074.62,2922
2026-07-14 17:21:00,4074.63,4085.26,4073.3,4080.01,3209
2026-07-14 17:24:00,4080.02,4080.92,4074.03,4078.39,3140
2026-07-14 17:27:00,4078.35,4078.35,4074.21,4076.95,2712
2026-07-14 17:30:00,4076.97,4078.66,4073.28,4078.54,2816
2026-07-14 17:33:00,4078.55,4090.35,4075.89,4080.08,3462
2026-07-14 17:36:00,4079.96,4081.18,4074.62,4080.49,3009
2026-07-14 17:39:00,4080.48,4082.54,4078.64,4080.24,2724
2026-07-14 17:42:00,4080.28,4082.69,4078.71,4080.15,2877
2026-07-14 17:45:00,4080.13,4082.71,4079.13,4081.02,2847
2026-07-14 17:48:00,4081.04,4082.59,4077.72,4078.66,2713
2026-07-14 17:51:00,4078.64,4082.97,4078.53,4080.98,2494
2026-07-14 17:54:00,4080.99,4084.37,4080.99,4082.29,2539
2026-07-14 17:57:00,4082.32,4087.57,4081.92,4085.18,2478
2026-07-14 18:00:00,4085.19,4085.83,4079.36,4080.05,2543
2026-07-14 18:03:00,4080.05,4093.04,4078.78,4088.01,3223
2026-07-14 18:06:00,4087.98,4100.4,4087.73,4098.85,3076
2026-07-14 18:09:00,4098.86,4099.06,4090.74,4092.66,2814
2026-07-14 18:12:00,4092.68,4094.09,4089.38,4090.24,2545
2026-07-14 18:15:00,4090.23,4091.09,4087.44,4087.65,2645
2026-07-14 18:18:00,4087.56,4087.92,4085.38,4087.11,2440
2026-07-14 18:21:00,4087.09,4090.26,4086.71,4088.04,2362
2026-07-14 18:24:00,4088.04,4089.15,4083.33,4084.18,2356
2026-07-14 18:27:00,4084.18,4085.45,4082.36,4084.81,2200
2026-07-14 18:30:00,4084.84,4086.88,4083.23,4084.8,2418
2026-07-14 18:33:00,4084.81,4084.81,4077.38,4078.94,2635
2026-07-14 18:36:00,4078.94,4079.6,4076.58,4079.57,2574
2026-07-14 18:39:00,4079.57,4079.61,4070.95,4072.68,2529
2026-07-14 18:42:00,4072.76,4074.66,4066.77,4074.17,2914
2026-07-14 18:45:00,4074.16,4076.52,4073.1,4075.92,2354
2026-07-14 18:48:00,4075.89,4075.99,4069.3,4069.67,2674
2026-07-14 18:51:00,4069.66,4070.09,4067.03,4069.21,2859
2026-07-14 18:54:00,4069.22,4069.51,4065.71,4066.93,2527
2026-07-14 18:57:00,4066.9,4068.37,4064.67,4066.24,2452
2026-07-14 19:00:00,4066.25,4067.09,4062.71,4064.26,2411
2026-07-14 19:03:00,4064.24,4064.61,4059.58,4060.18,2572
2026-07-14 19:06:00,4060.21,4061.71,4057.94,4061.0,2478
2026-07-14 19:09:00,4060.99,4063.45,4059.87,4063.44,2493
2026-07-14 19:12:00,4063.45,4064.92,4062.27,4063.06,2428
2026-07-14 19:15:00,4063.06,4065.08,4060.91,4063.79,2449
2026-07-14 19:18:00,4063.81,4064.43,4061.75,4061.77,2174
2026-07-14 19:21:00,4061.77,4062.03,4057.91,4060.1,2294
2026-07-14 19:24:00,4060.12,4062.2,4058.38,4060.72,2183
2026-07-14 19:27:00,4060.73,4061.18,4059.2,4059.38,2084
2026-07-14 19:30:00,4059.38,4062.8,4058.94,4062.26,2398
2026-07-14 19:33:00,4062.26,4062.26,4058.86,4059.99,2300
2026-07-14 19:36:00,4059.97,4061.03,4057.69,4059.97,2256
2026-07-14 19:39:00,4059.99,4061.57,4059.13,4059.92,2231
2026-07-14 19:42:00,4059.92,4062.63,4059.39,4061.02,2098
2026-07-14 19:45:00,4060.91,4061.99,4058.38,4058.96,2158
2026-07-14 19:48:00,4058.97,4060.22,4057.73,4059.84,2124
2026-07-14 19:51:00,4059.86,4061.27,4058.45,4060.28,2061
2026-07-14 19:54:00,4060.28,4062.22,4059.8,4061.08,2116
2026-07-14 19:57:00,4061.08,4061.74,4059.63,4061.53,2093
2026-07-14 20:00:00,4061.55,4064.58,4060.95,4063.27,2313
2026-07-14 20:03:00,4063.27,4064.11,4059.22,4060.03,2173
2026-07-14 20:06:00,4059.99,4060.09,4057.13,4058.54,2192
2026-07-14 20:09:00,4058.54,4059.75,4057.9,4058.34,2224
2026-07-14 20:12:00,4058.35,4058.67,4055.37,4056.69,2160
2026-07-14 20:15:00,4056.67,4056.96,4054.5,4056.2,2326
2026-07-14 20:18:00,4056.18,4058.27,4055.13,4057.72,2181
2026-07-14 20:21:00,4057.74,4060.98,4057.71,4060.7,2141
2026-07-14 20:24:00,4060.66,4062.5,4060.14,4062.42,2215
2026-07-14 20:27:00,4062.45,4064.04,4062.22,4062.85,2111
2026-07-14 20:30:00,4062.85,4065.09,4062.37,4062.48,2249
2026-07-14 20:33:00,4062.47,4063.04,4060.89,4061.67,2083
2026-07-14 20:36:00,4061.67,4062.66,4060.97,4061.9,1975
2026-07-14 20:39:00,4061.9,4062.74,4060.69,4060.96,2133
2026-07-14 20:42:00,4060.98,4061.47,4059.54,4059.79,2035
2026-07-14 20:45:00,4059.81,4060.56,4058.34,4060.41,2091
2026-07-14 20:48:00,4060.39,4062.51,4060.26,4062.19,2139
2026-07-14 20:51:00,4062.19,4063.43,4061.97,4062.66,2027
2026-07-14 20:54:00,4062.65,4063.85,4062.36,4063.51,2004
2026-07-14 20:57:00,4063.54,4063.74,4062.56,4062.77,1969
2026-07-14 21:00:00,4062.81,4062.86,4059.7,4061.0,2150
2026-07-14 21:03:00,4061.03,4062.25,4060.46,4061.23,2092
2026-07-14 21:06:00,4061.2,4062.05,4060.65,4061.2,2101
2026-07-14 21:09:00,4061.21,4061.21,4059.76,4060.51,2041
2026-07-14 21:12:00,4060.51,4061.71,4060.42,4061.66,1982
2026-07-14 21:15:00,4061.63,4062.93,4060.95,4061.76,2096
2026-07-14 21:18:00,4061.74,4063.13,4060.29,4060.51,2012
2026-07-14 21:21:00,4060.5,4060.84,4059.02,4059.66,2014
2026-07-14 21:24:00,4059.66,4059.83,4056.59,4058.46,2146
2026-07-14 21:27:00,4058.46,4059.04,4057.85,4058.49,2034
2026-07-14 21:30:00,4058.47,4059.54,4055.34,4055.78,2145
2026-07-14 21:33:00,4055.78,4056.76,4055.49,4056.43,1944
2026-07-14 21:36:00,4056.42,4056.43,4052.14,4053.21,2254
2026-07-14 21:39:00,4053.2,4054.41,4045.42,4047.16,2460
2026-07-14 21:42:00,4047.17,4048.65,4042.81,4046.5,2741
2026-07-14 21:45:00,4046.5,4049.07,4044.78,4048.7,2281
2026-07-14 21:48:00,4048.69,4050.55,4046.93,4048.58,2311
2026-07-14 21:51:00,4048.59,4051.37,4048.58,4050.96,2093
2026-07-14 21:54:00,4050.99,4052.46,4050.8,4052.04,2132
2026-07-14 21:57:00,4052.05,4054.58,4051.56,4054.12,2269
2026-07-14 22:00:00,4054.12,4054.86,4053.18,4053.69,2201
2026-07-14 22:03:00,4053.67,4054.77,4052.36,4052.55,2261
2026-07-14 22:06:00,4052.55,4053.83,4052.45,4053.46,2089
2026-07-14 22:09:00,4053.48,4054.88,4053.3,4053.96,2119
2026-07-14 22:12:00,4054.02,4057.31,4054.0,4056.57,2060
2026-07-14 22:15:00,4056.57,4056.95,4055.23,4055.92,2085
2026-07-14 22:18:00,4055.9,4056.63,4054.9,4055.31,2120
2026-07-14 22:21:00,4055.32,4055.39,4052.81,4052.94,2081
2026-07-14 22:24:00,4052.9,4053.44,4051.6,4052.51,2166
2026-07-14 22:27:00,4052.53,4053.04,4051.31,4051.61,2110
2026-07-14 22:30:00,4051.61,4051.66,4047.55,4049.4,2530
2026-07-14 22:33:00,4049.44,4050.39,4048.69,4050.04,2225
2026-07-14 22:36:00,4050.04,4052.13,4049.83,4050.94,2009
2026-07-14 22:39:00,4050.97,4051.55,4050.42,4050.44,2035
2026-07-14 22:42:00,4050.41,4052.88,4050.25,4052.57,2113
2026-07-14 22:45:00,4052.56,4054.56,4052.43,4053.73,2010
2026-07-14 22:48:00,4053.74,4053.74,4051.75,4052.63,2113
2026-07-14 22:51:00,4052.63,4055.68,4051.64,4055.51,2192
2026-07-14 22:54:00,4055.51,4056.78,4054.68,4056.32,2205
2026-07-14 22:57:00,4056.33,4056.91,4055.25,4055.72,2269
2026-07-14 23:00:00,4055.72,4056.48,4054.12,4054.64,1965
2026-07-14 23:03:00,4054.62,4055.55,4054.16,4055.43,1960
2026-07-14 23:06:00,4055.43,4055.59,4054.7,4054.73,1806
2026-07-14 23:09:00,4054.72,4054.86,4053.9,4054.37,1764
2026-07-14 23:12:00,4054.36,4055.49,4053.71,4053.73,1833
2026-07-14 23:15:00,4053.77,4054.55,4053.68,4054.07,1797
2026-07-14 23:18:00,4054.07,4054.11,4052.39,4052.39,1808
2026-07-14 23:21:00,4052.35,4053.84,4052.18,4053.04,1740
2026-07-14 23:24:00,4053.07,4054.1,4053.01,4053.82,1843
2026-07-14 23:27:00,4053.82,4053.85,4052.75,4052.88,1802
2026-07-14 23:30:00,4052.9,4053.42,4052.2,4052.34,1841
2026-07-14 23:33:00,4052.35,4052.35,4050.63,4050.67,1832
2026-07-14 23:36:00,4050.7,4051.11,4050.18,4050.7,1875
2026-07-14 23:39:00,4050.7,4051.39,4050.22,4050.97,1817
2026-07-14 23:42:00,4051.0,4051.78,4049.67,4050.48,1799
2026-07-14 23:45:00,4050.49,4051.01,4049.31,4050.98,1855
2026-07-14 23:48:00,4050.99,4051.33,4049.18,4049.49,1811
2026-07-14 23:51:00,4049.47,4052.82,4049.33,4052.75,1795
2026-07-14 23:54:00,4052.75,4052.98,4052.07,4052.97,1776
2026-07-14 23:57:00,4052.96,4053.13,4052.41,4052.74,1239
2026-07-15 01:00:00,4053.5,4053.69,4051.67,4052.7,3588
2026-07-15 01:03:00,4052.73,4053.28,4051.58,4052.4,1823
2026-07-15 01:06:00,4052.42,4052.87,4051.29,4051.45,1789
2026-07-15 01:09:00,4051.45,4051.85,4049.83,4051.04,1818
2026-07-15 01:12:00,4051.03,4051.22,4048.93,4050.67,1815
2026-07-15 01:15:00,4050.66,4050.8,4049.08,4050.37,1823
2026-07-15 01:18:00,4050.38,4051.7,4049.85,4051.38,1810
2026-07-15 01:21:00,4051.37,4052.06,4049.64,4050.19,1824
2026-07-15 01:24:00,4050.21,4051.09,4049.8,4050.0,1797
2026-07-15 01:27:00,4050.0,4051.9,4049.44,4051.72,1803
2026-07-15 01:30:00,4051.71,4052.28,4051.48,4052.26,1750
2026-07-15 01:33:00,4052.27,4052.69,4051.64,4051.77,1835
2026-07-15 01:36:00,4051.74,4051.74,4050.19,4050.93,1786
2026-07-15 01:39:00,4050.94,4052.14,4050.33,4050.7,1802
2026-07-15 01:42:00,4050.73,4051.13,4048.97,4050.49,1854
2026-07-15 01:45:00,4050.49,4050.68,4048.52,4049.51,1858
2026-07-15 01:48:00,4049.53,4049.87,4048.57,4049.08,1783
2026-07-15 01:51:00,4049.08,4050.34,4049.07,4050.12,1748
2026-07-15 01:54:00,4050.12,4050.12,4049.02,4049.59,1737
2026-07-15 01:57:00,4049.59,4049.63,4048.82,4048.95,1747
2026-07-15 02:00:00,4048.93,4050.16,4048.43,4048.81,1838
2026-07-15 02:03:00,4048.82,4049.68,4048.27,4049.68,1811
2026-07-15 02:06:00,4049.68,4049.68,4048.39,4049.21,1823
2026-07-15 02:09:00,4049.22,4049.58,4046.99,4048.36,1871
2026-07-15 02:12:00,4048.36,4048.38,4047.26,4047.58,1778
2026-07-15 02:15:00,4047.61,4048.58,4046.78,4047.14,1764
2026-07-15 02:18:00,4047.13,4048.33,4046.97,4048.24,1821
2026-07-15 02:21:00,4048.25,4050.4,4048.22,4050.2,1816
2026-07-15 02:24:00,4050.2,4052.13,4049.45,4051.72,1802
2026-07-15 02:27:00,4051.69,4053.92,4050.64,4053.91,1805
2026-07-15 02:30:00,4053.86,4053.93,4051.51,4052.68,1937
2026-07-15 02:33:00,4052.68,4056.05,4052.41,4054.83,1923
2026-07-15 02:36:00,4054.86,4055.26,4053.08,4053.23,1858
2026-07-15 02:39:00,4053.2,4054.56,4053.01,4054.25,1838
2026-07-15 02:42:00,4054.25,4055.35,4053.99,4054.68,1809
2026-07-15 02:45:00,4054.68,4054.99,4052.68,4053.28,1873
2026-07-15 02:48:00,4053.31,4054.0,4052.35,4052.77,1831
2026-07-15 02:51:00,4052.77,4053.69,4052.42,4053.61,1783
2026-07-15 02:54:00,4053.62,4054.52,4053.23,4053.47,1943
2026-07-15 02:57:00,4053.5,4053.71,4052.0,4052.98,1921
2026-07-15 03:00:00,4052.98,4054.28,4051.08,4052.91,2248
2026-07-15 03:03:00,4052.92,4056.11,4052.44,4053.23,2262
2026-07-15 03:06:00,4053.24,4055.71,4052.59,4054.27,2175
2026-07-15 03:09:00,4054.28,4055.11,4052.62,4054.61,2146
2026-07-15 03:12:00,4054.63,4054.63,4051.04,4051.29,2094
2026-07-15 03:15:00,4051.28,4053.41,4051.08,4052.79,2129
2026-07-15 03:18:00,4052.68,4056.14,4051.53,4052.85,2164
2026-07-15 03:21:00,4052.86,4056.53,4052.05,4055.61,2109
2026-07-15 03:24:00,4055.62,4056.98,4054.94,4056.83,2011
2026-07-15 03:27:00,4056.85,4058.16,4056.14,4058.16,1971
2026-07-15 03:30:00,4058.16,4058.58,4055.21,4056.45,1950
2026-07-15 03:33:00,4056.46,4056.6,4054.42,4054.84,1902
2026-07-15 03:36:00,4054.82,4055.55,4052.17,4055.18,2053
2026-07-15 03:39:00,4055.2,4055.3,4053.05,4053.26,1969
2026-07-15 03:42:00,4053.27,4054.66,4052.85,4054.58,2092
2026-07-15 03:45:00,4054.57,4056.89,4054.19,4056.67,1954
2026-07-15 03:48:00,4056.68,4056.82,4054.33,4056.23,1965
2026-07-15 03:51:00,4056.24,4057.27,4054.82,4056.9,1966
2026-07-15 03:54:00,4056.89,4059.13,4056.56,4057.92,1960
2026-07-15 03:57:00,4057.93,4060.49,4057.56,4058.98,2011
2026-07-15 04:00:00,4058.98,4062.06,4057.46,4057.89,2403
2026-07-15 04:03:00,4057.87,4058.95,4055.45,4056.3,2297
2026-07-15 04:06:00,4056.31,4061.7,4055.14,4057.68,2382
2026-07-15 04:09:00,4057.69,4059.23,4055.71,4057.26,2131
2026-07-15 04:12:00,4057.23,4058.88,4055.21,4055.72,2162
2026-07-15 04:15:00,4055.69,4057.3,4053.71,4055.37,2286
2026-07-15 04:18:00,4055.39,4056.14,4052.6,4054.02,2149
2026-07-15 04:21:00,4054.01,4055.29,4052.62,4053.66,2242
2026-07-15 04:24:00,4053.68,4056.0,4053.68,4055.94,2098
2026-07-15 04:27:00,4055.94,4056.72,4053.77,4054.35,2125
2026-07-15 04:30:00,4054.38,4054.63,4049.6,4051.1,2524
2026-07-15 04:33:00,4051.1,4051.14,4045.53,4046.59,2462
2026-07-15 04:36:00,4046.61,4047.66,4045.86,4046.03,2146
2026-07-15 04:39:00,4046.0,4047.14,4038.37,4039.61,2359
2026-07-15 04:42:00,4039.61,4040.61,4036.54,4038.74,2279
2026-07-15 04:45:00,4038.75,4042.47,4037.81,4040.78,2263
2026-07-15 04:48:00,4040.79,4042.16,4038.83,4040.08,2173
2026-07-15 04:51:00,4040.11,4040.47,4037.93,4039.95,2109
2026-07-15 04:54:00,4039.92,4041.38,4038.09,4038.63,2148
2026-07-15 04:57:00,4038.65,4039.1,4035.6,4037.32,2202
2026-07-15 05:00:00,4037.33,4037.71,4033.94,4037.46,2281
2026-07-15 05:03:00,4037.47,4040.66,4037.28,4040.18,2138
2026-07-15 05:06:00,4040.16,4040.87,4038.9,4040.84,2066
2026-07-15 05:09:00,4040.83,4042.16,4037.59,4037.6,2134
2026-07-15 05:12:00,4037.58,4038.61,4035.67,4036.64,2288
2026-07-15 05:15:00,4036.66,4036.88,4031.8,4032.63,2190
2026-07-15 05:18:00,4032.6,4032.61,4029.18,4030.66,2104
2026-07-15 05:21:00,4030.63,4032.29,4030.04,4031.44,1989
2026-07-15 05:24:00,4031.43,4032.57,4030.19,4032.12,1994
2026-07-15 05:27:00,4032.13,4033.43,4031.67,4033.07,1910
2026-07-15 05:30:00,4033.09,4036.29,4032.61,4034.29,2305
2026-07-15 05:33:00,4034.29,4036.98,4034.29,4036.94,2087
2026-07-15 05:36:00,4036.96,4037.23,4035.64,4036.84,1988
2026-07-15 05:39:00,4036.9,4038.85,4036.88,4038.29,2109
2026-07-15 05:42:00,4038.31,4041.9,4038.09,4041.66,2002
2026-07-15 05:45:00,4041.67,4041.91,4040.27,4040.95,1967
2026-07-15 05:48:00,4040.93,4040.95,4037.35,4037.35,2000
2026-07-15 05:51:00,4037.34,4037.5,4034.42,4035.33,2039
2026-07-15 05:54:00,4035.33,4039.45,4034.86,4039.29,2127
2026-07-15 05:57:00,4039.27,4039.28,4035.24,4035.28,2037
2026-07-15 06:00:00,4035.28,4038.72,4034.5,4038.72,2058
2026-07-15 06:03:00,4038.72,4040.3,4037.61,4038.46,2062
2026-07-15 06:06:00,4038.45,4038.97,4036.1,4036.22,1923
2026-07-15 06:09:00,4036.22,4037.19,4034.9,4034.93,1990
2026-07-15 06:12:00,4034.94,4036.51,4032.92,4034.07,2009
2026-07-15 06:15:00,4034.06,4035.29,4033.51,4033.7,1989
2026-07-15 06:18:00,4033.69,4034.13,4031.83,4031.85,2025
2026-07-15 06:21:00,4031.83,4032.38,4030.63,4031.16,2038
2026-07-15 06:24:00,4031.17,4032.65,4030.75,4031.22,2044
2026-07-15 06:27:00,4031.21,4032.71,4030.15,4030.99,2115
2026-07-15 06:30:00,4031.01,4031.97,4028.03,4028.98,2057
2026-07-15 06:33:00,4028.98,4034.73,4028.88,4034.11,1971
2026-07-15 06:36:00,4034.12,4035.68,4033.72,4033.77,1908
2026-07-15 06:39:00,4033.77,4033.8,4028.95,4030.1,1998
2026-07-15 06:42:00,4030.07,4030.31,4028.32,4029.31,1927
2026-07-15 06:45:00,4029.3,4031.71,4029.15,4030.83,1917
2026-07-15 06:48:00,4030.82,4033.5,4030.69,4033.21,1935
2026-07-15 06:51:00,4033.2,4033.21,4031.2,4031.51,1868
2026-07-15 06:54:00,4031.52,4032.04,4030.52,4031.93,1830
2026-07-15 06:57:00,4031.92,4032.11,4031.14,4031.16,1854
2026-07-15 07:00:00,4031.21,4033.22,4030.64,4031.88,1890
2026-07-15 07:03:00,4031.91,4032.16,4030.05,4030.58,1850
2026-07-15 07:06:00,4030.58,4031.84,4030.06,4031.77,1893
2026-07-15 07:09:00,4031.79,4033.14,4031.77,4032.83,1877
2026-07-15 07:12:00,4032.82,4032.83,4031.49,4031.52,1885
2026-07-15 07:15:00,4031.5,4033.46,4030.88,4033.42,1891
2026-07-15 07:18:00,4033.42,4034.09,4032.55,4032.82,1869
2026-07-15 07:21:00,4032.79,4034.03,4032.41,4033.41,1907
2026-07-15 07:24:00,4033.41,4034.47,4032.93,4034.06,1899
2026-07-15 07:27:00,4034.07,4035.06,4033.42,4033.59,1877
2026-07-15 07:30:00,4033.59,4034.55,4032.59,4034.36,1817
2026-07-15 07:33:00,4034.33,4035.03,4030.49,4031.86,1885
2026-07-15 07:36:00,4031.86,4032.72,4031.63,4032.42,1870
2026-07-15 07:39:00,4032.42,4032.85,4029.15,4029.48,1934
2026-07-15 07:42:00,4029.45,4030.5,4028.23,4030.17,2017
2026-07-15 07:45:00,4030.17,4034.32,4030.17,4033.81,1931
2026-07-15 07:48:00,4033.83,4034.03,4031.52,4032.84,1842
2026-07-15 07:51:00,4032.85,4034.34,4032.62,4033.59,1819
2026-07-15 07:54:00,4033.6,4033.96,4032.31,4032.53,1869
2026-07-15 07:57:00,4032.53,4033.24,4031.79,4033.11,1814
2026-07-15 08:00:00,4033.13,4035.98,4031.51,4033.26,2210
2026-07-15 08:03:00,4033.24,4033.48,4030.15,4030.8,2177
2026-07-15 08:06:00,4030.78,4033.14,4029.07,4032.12,2148
2026-07-15 08:09:00,4032.13,4032.47,4025.13,4027.25,2137
2026-07-15 08:12:00,4027.25,4028.32,4026.06,4026.07,1932
2026-07-15 08:15:00,4026.08,4028.5,4025.67,4028.14,1969
2026-07-15 08:18:00,4028.16,4028.18,4026.5,4027.71,1914
2026-07-15 08:21:00,4027.7,4028.6,4026.16,4027.25,1975
2026-07-15 08:24:00,4027.25,4027.64,4025.54,4026.15,2027
2026-07-15 08:27:00,4026.15,4026.93,4024.61,4025.04,2005
2026-07-15 08:30:00,4025.05,4029.17,4022.12,4025.35,2488
2026-07-15 08:33:00,4025.34,4028.9,4025.0,4027.81,2077
2026-07-15 08:36:00,4027.78,4029.97,4027.07,4029.8,2088
2026-07-15 08:39:00,4029.79,4033.14,4029.61,4033.02,2133
2026-07-15 08:42:00,4033.03,4036.54,4029.44,4029.66,2213
2026-07-15 08:45:00,4029.65,4029.78,4027.37,4029.28,2071
2026-07-15 08:48:00,4029.28,4029.91,4028.01,4028.47,1972
2026-07-15 08:51:00,4028.46,4029.94,4027.98,4029.7,1928
2026-07-15 08:54:00,4029.69,4033.74,4028.15,4033.52,2100
2026-07-15 08:57:00,4033.53,4034.8,4033.15,4034.78,1992
2026-07-15 09:00:00,4034.78,4035.54,4030.76,4032.69,2100
2026-07-15 09:03:00,4032.68,4033.6,4030.21,4030.24,2069
2026-07-15 09:06:00,4030.22,4030.92,4027.8,4029.47,2348
2026-07-15 09:09:00,4029.47,4030.26,4028.05,4029.02,2216
2026-07-15 09:12:00,4029.03,4029.48,4027.15,4027.57,2078
2026-07-15 09:15:00,4027.56,4027.95,4025.56,4026.15,2199
2026-07-15 09:18:00,4026.13,4026.76,4023.55,4024.03,2110
2026-07-15 09:21:00,4024.02,4025.47,4021.23,4025.17,2214
2026-07-15 09:24:00,4025.15,4028.45,4024.94,4028.24,2262
2026-07-15 09:27:00,4028.25,4028.68,4025.64,4026.44,2494
2026-07-15 09:30:00,4026.45,4027.81,4022.7,4027.47,2162
2026-07-15 09:33:00,4027.49,4028.78,4026.46,4028.72,2501
2026-07-15 09:36:00,4028.73,4030.91,4027.16,4029.27,2121
2026-07-15 09:39:00,4029.24,4030.91,4028.33,4030.87,2323
2026-07-15 09:42:00,4030.85,4033.05,4029.63,4032.5,1900
2026-07-15 09:45:00,4032.5,4032.5,4029.83,4029.86,2041
2026-07-15 09:48:00,4029.85,4031.17,4029.74,4031.03,2099
2026-07-15 09:51:00,4031.04,4033.79,4030.4,4032.78,2192
2026-07-15 09:54:00,4032.78,4033.21,4031.16,4031.4,2141
2026-07-15 09:57:00,4031.38,4032.59,4030.58,4032.1,2093
2026-07-15 10:00:00,4032.11,4032.28,4029.22,4031.38,2231
2026-07-15 10:03:00,4031.4,4034.4,4031.36,4032.13,2043
2026-07-15 10:06:00,4032.14,4032.14,4029.74,4030.21,2168
2026-07-15 10:09:00,4030.23,4031.14,4029.19,4030.61,1974
2026-07-15 10:12:00,4030.62,4030.63,4028.13,4029.36,2213
2026-07-15 10:15:00,4029.38,4029.69,4028.07,4029.12,2142
2026-07-15 10:18:00,4029.13,4029.93,4028.08,4028.56,2139
2026-07-15 10:21:00,4028.57,4028.73,4025.33,4026.84,2084
2026-07-15 10:24:00,4026.85,4027.58,4022.33,4022.97,2292
2026-07-15 10:27:00,4022.98,4024.59,4020.02,4024.43,2217
2026-07-15 10:30:00,4024.05,4026.51,4021.98,4025.19,2054
2026-07-15 10:33:00,4025.2,4026.95,4022.39,4022.55,2078
2026-07-15 10:36:00,4022.52,4023.21,4019.79,4020.75,2050
2026-07-15 10:39:00,4020.74,4022.03,4020.35,4020.37,2120
2026-07-15 10:42:00,4020.38,4022.81,4019.71,4022.81,2159
2026-07-15 10:45:00,4022.79,4024.63,4021.34,4024.1,2001
2026-07-15 10:48:00,4024.12,4026.43,4023.73,4024.13,2042
2026-07-15 10:51:00,4024.15,4025.35,4022.44,4024.21,2022
2026-07-15 10:54:00,4024.2,4026.72,4023.75,4024.42,2053
2026-07-15 10:57:00,4024.39,4024.87,4023.46,4024.43,1976
2026-07-15 11:00:00,4024.44,4025.82,4020.4,4024.61,2347
2026-07-15 11:03:00,4024.6,4025.93,4023.4,4024.7,2145
2026-07-15 11:06:00,4024.7,4025.57,4022.04,4023.03,2168
2026-07-15 11:09:00,4023.02,4023.49,4020.06,4020.43,2084
2026-07-15 11:12:00,4020.43,4022.08,4017.37,4017.92,2118
2026-07-15 11:15:00,4017.94,4022.82,4017.9,4022.15,2244
2026-07-15 11:18:00,4022.14,4025.36,4021.84,4024.82,2224
2026-07-15 11:21:00,4024.82,4025.18,4022.42,4023.04,2265
2026-07-15 11:24:00,4023.03,4025.08,4022.84,4024.37,2135
2026-07-15 11:27:00,4024.39,4026.91,4022.81,4026.46,2264
2026-07-15 11:30:00,4026.67,4028.15,4025.84,4028.15,2220
2026-07-15 11:33:00,4028.13,4029.25,4026.36,4026.41,2114
2026-07-15 11:36:00,4026.41,4026.41,4024.62,4026.05,2341
2026-07-15 11:39:00,4026.05,4028.36,4025.95,4027.65,1979
2026-07-15 11:42:00,4027.66,4028.63,4026.52,4028.58,1959
2026-07-15 11:45:00,4028.59,4029.4,4027.63,4029.11,2053
2026-07-15 11:48:00,4029.08,4030.15,4028.85,4029.07,1952
2026-07-15 11:51:00,4029.09,4030.51,4028.89,4029.84,1922
2026-07-15 11:54:00,4029.85,4032.36,4029.55,4032.3,1938
2026-07-15 11:57:00,4032.31,4033.2,4030.89,4031.18,1948
2026-07-15 12:00:00,4031.2,4034.25,4030.88,4032.33,1915
2026-07-15 12:03:00,4032.3,4034.1,4031.03,4033.57,2131
2026-07-15 12:06:00,4033.56,4033.76,4030.22,4032.01,2263
2026-07-15 12:09:00,4032.03,4033.25,4030.68,4030.85,1979
2026-07-15 12:12:00,4030.88,4031.18,4029.56,4030.31,1940
2026-07-15 12:15:00,4030.31,4031.06,4028.88,4029.68,1920
2026-07-15 12:18:00,4029.66,4032.84,4029.39,4031.88,2130
2026-07-15 12:21:00,4031.86,4031.88,4029.48,4029.79,2021
2026-07-15 12:24:00,4029.79,4030.09,4028.23,4028.61,2005
2026-07-15 12:27:00,4028.63,4028.71,4027.03,4027.4,1962
2026-07-15 12:30:00,4027.42,4029.61,4027.25,4028.31,2026
2026-07-15 12:33:00,4028.26,4028.86,4026.51,4026.62,2167
2026-07-15 12:36:00,4026.62,4027.6,4025.51,4027.01,1950
2026-07-15 12:39:00,4027.0,4027.83,4026.25,4027.61,2126
2026-07-15 12:42:00,4027.63,4028.11,4026.88,4027.35,1998
2026-07-15 12:45:00,4027.33,4027.95,4026.38,4027.94,1939
2026-07-15 12:48:00,4027.91,4028.68,4027.53,4028.3,1939
2026-07-15 12:51:00,4028.31,4028.31,4026.97,4027.34,1993
2026-07-15 12:54:00,4027.34,4028.93,4026.18,4026.51,2023
2026-07-15 12:57:00,4026.5,4030.35,4026.47,4030.22,1978
2026-07-15 13:00:00,4030.24,4030.58,4028.75,4029.82,1993
2026-07-15 13:03:00,4029.8,4031.56,4029.75,4031.42,1972
2026-07-15 13:06:00,4031.43,4032.96,4028.9,4029.01,1980
2026-07-15 13:09:00,4028.95,4030.97,4028.72,4030.43,1948
2026-07-15 13:12:00,4030.42,4035.97,4029.89,4033.75,2059
2026-07-15 13:15:00,4033.77,4033.79,4031.66,4032.87,1959
2026-07-15 13:18:00,4032.87,4035.06,4032.14,4034.72,2047
2026-07-15 13:21:00,4034.69,4035.49,4029.89,4030.63,2169
2026-07-15 13:24:00,4030.63,4031.38,4026.83,4027.97,2273
2026-07-15 13:27:00,4027.99,4029.69,4026.57,4028.88,2107
2026-07-15 13:30:00,4028.87,4030.81,4028.42,4030.36,2055
2026-07-15 13:33:00,4030.37,4031.79,4029.43,4031.58,2034
2026-07-15 13:36:00,4031.6,4034.08,4031.45,4033.76,1951
2026-07-15 13:39:00,4033.69,4034.08,4031.19,4031.25,1964
2026-07-15 13:42:00,4031.23,4031.82,4030.22,4031.17,1908
2026-07-15 13:45:00,4031.15,4031.25,4027.17,4027.73,2016
2026-07-15 13:48:00,4027.7,4028.94,4027.52,4028.06,1942
2026-07-15 13:51:00,4028.08,4028.78,4027.63,4028.15,1969
2026-07-15 13:54:00,4028.17,4029.02,4027.45,4028.03,1905
2026-07-15 13:57:00,4028.04,4028.61,4027.06,4028.17,2012
2026-07-15 14:00:00,4028.14,4031.48,4027.87,4030.01,2113
2026-07-15 14:03:00,4030.03,4030.9,4028.82,4030.9,2008
2026-07-15 14:06:00,4030.89,4031.79,4028.42,4029.45,2157
2026-07-15 14:09:00,4029.47,4032.07,4029.36,4032.04,2047
2026-07-15 14:12:00,4032.03,4032.94,4030.24,4030.35,2007
2026-07-15 14:15:00,4030.35,4030.56,4029.07,4029.26,2010
2026-07-15 14:18:00,4029.27,4030.56,4027.61,4029.53,2045
2026-07-15 14:21:00,4029.53,4030.47,4028.51,4029.52,2332
2026-07-15 14:24:00,4029.54,4031.26,4029.43,4029.8,2431
2026-07-15 14:27:00,4029.81,4030.88,4028.79,4030.77,2202
2026-07-15 14:30:00,4030.8,4031.39,4029.3,4030.69,1949
2026-07-15 14:33:00,4030.72,4033.76,4030.47,4032.41,2404
2026-07-15 14:36:00,4032.38,4033.72,4032.24,4033.11,1917
2026-07-15 14:39:00,4033.13,4038.78,4032.75,4038.29,2074
2026-07-15 14:42:00,4038.29,4039.39,4037.46,4037.49,1963
2026-07-15 14:45:00,4037.49,4038.82,4036.09,4036.22,2166
2026-07-15 14:48:00,4036.22,4040.2,4035.63,4039.59,2247
2026-07-15 14:51:00,4039.6,4039.64,4036.24,4037.28,2047
2026-07-15 14:54:00,4037.25,4037.83,4035.65,4036.64,2475
2026-07-15 14:57:00,4036.67,4039.2,4035.98,4038.34,2031
2026-07-15 15:00:00,4038.33,4040.56,4037.99,4040.35,2023
2026-07-15 15:03:00,4040.37,4042.53,4037.33,4037.75,2355
2026-07-15 15:06:00,4037.71,4039.16,4037.14,4038.11,2102
2026-07-15 15:09:00,4038.12,4038.71,4037.13,4037.76,2256
2026-07-15 15:12:00,4037.73,4039.12,4035.94,4037.89,2048
2026-07-15 15:15:00,4037.88,4040.46,4037.88,4040.2,2260
2026-07-15 15:18:00,4040.2,4040.77,4039.18,4040.27,2135
2026-07-15 15:21:00,4040.27,4040.83,4038.21,4039.35,2185
2026-07-15 15:24:00,4039.35,4040.04,4037.95,4038.02,2263
2026-07-15 15:27:00,4038.01,4040.28,4037.56,4039.61,2495
2026-07-15 15:30:00,4039.65,4053.3,4039.31,4053.09,2977
2026-07-15 15:33:00,4053.04,4058.1,4050.46,4056.95,2680
2026-07-15 15:36:00,4056.98,4064.14,4055.38,4063.58,2536
2026-07-15 15:39:00,4063.6,4066.12,4059.04,4059.59,2541
2026-07-15 15:42:00,4059.51,4063.78,4057.36,4063.11,2524
2026-07-15 15:45:00,4063.11,4064.25,4061.05,4062.48,2386
2026-07-15 15:48:00,4062.46,4066.53,4062.32,4063.43,2269
2026-07-15 15:51:00,4063.43,4064.53,4062.17,4063.8,2070
2026-07-15 15:54:00,4063.81,4064.63,4061.61,4063.45,2068
2026-07-15 15:57:00,4063.46,4071.52,4062.77,4067.77,2449
2026-07-15 16:00:00,4067.8,4069.73,4064.7,4068.42,2782
2026-07-15 16:03:00,4068.43,4074.01,4066.63,4072.18,2565
2026-07-15 16:06:00,4072.17,4074.08,4071.03,4073.33,2532
2026-07-15 16:09:00,4073.33,4073.39,4064.19,4064.57,2631
2026-07-15 16:12:00,4064.57,4065.58,4061.83,4061.84,2670
2026-07-15 16:15:00,4061.8,4064.17,4061.24,4064.09,2362
2026-07-15 16:18:00,4064.07,4066.51,4062.88,4064.02,2602
2026-07-15 16:21:00,4064.16,4065.17,4061.09,4061.37,2042
2026-07-15 16:24:00,4061.37,4062.91,4055.13,4055.42,2191
2026-07-15 16:27:00,4055.42,4056.87,4054.15,4055.92,2343
2026-07-15 16:30:00,4055.87,4061.35,4055.58,4059.97,2566
2026-07-15 16:33:00,4059.97,4060.91,4057.47,4058.78,2351
2026-07-15 16:36:00,4058.79,4061.59,4058.51,4060.59,2370
2026-07-15 16:39:00,4060.69,4062.54,4058.04,4061.65,2313
2026-07-15 16:42:00,4061.66,4063.15,4059.91,4061.22,2491
2026-07-15 16:45:00,4061.23,4061.26,4056.97,4058.17,2317
2026-07-15 16:48:00,4058.15,4061.97,4054.97,4057.07,2550
2026-07-15 16:51:00,4057.08,4060.42,4055.44,4056.55,2515
2026-07-15 16:54:00,4056.56,4062.39,4056.38,4059.79,2855
2026-07-15 16:57:00,4059.79,4066.42,4059.77,4061.62,2676
2026-07-15 17:00:00,4061.66,4063.64,4059.93,4063.04,2501
2026-07-15 17:03:00,4063.04,4065.44,4062.72,4063.19,2538
2026-07-15 17:06:00,4063.18,4065.4,4062.24,4062.71,2721
2026-07-15 17:09:00,4062.69,4065.15,4062.17,4065.14,2386
2026-07-15 17:12:00,4065.14,4065.7,4062.93,4064.27,2330
2026-07-15 17:15:00,4064.26,4066.05,4061.4,4061.44,2382
2026-07-15 17:18:00,4061.48,4063.34,4060.38,4060.95,2339
2026-07-15 17:21:00,4060.94,4062.54,4058.22,4058.66,2576
2026-07-15 17:24:00,4058.66,4059.03,4055.64,4057.13,2716
2026-07-15 17:27:00,4057.11,4059.7,4055.56,4058.25,2416
2026-07-15 17:30:00,4058.26,4060.51,4057.67,4059.62,2582
2026-07-15 17:33:00,4059.63,4063.96,4059.16,4062.27,2548
2026-07-15 17:36:00,4062.25,4063.83,4060.94,4062.43,2751
2026-07-15 17:39:00,4062.43,4062.94,4060.17,4062.38,2438
2026-07-15 17:42:00,4062.39,4062.61,4056.97,4057.27,2857
2026-07-15 17:45:00,4057.27,4057.69,4053.53,4055.22,2515
2026-07-15 17:48:00,4055.23,4060.45,4053.32,4058.75,2520
2026-07-15 17:51:00,4058.75,4059.3,4055.84,4057.09,2582
2026-07-15 17:54:00,4057.1,4058.89,4054.72,4058.6,2811
2026-07-15 17:57:00,4058.5,4060.99,4058.47,4060.42,2553
2026-07-15 18:00:00,4060.57,4063.02,4060.0,4060.97,2456
2026-07-15 18:03:00,4061.01,4061.26,4057.2,4057.72,2673
2026-07-15 18:06:00,4057.73,4058.8,4056.76,4057.45,2474
2026-07-15 18:09:00,4057.46,4057.67,4052.32,4052.99,2511
2026-07-15 18:12:00,4052.98,4053.41,4043.27,4044.1,2636
2026-07-15 18:15:00,4044.13,4046.35,4043.19,4045.89,2845
2026-07-15 18:18:00,4045.91,4046.91,4040.63,4041.53,2534
2026-07-15 18:21:00,4041.52,4042.89,4039.59,4042.69,2562
2026-07-15 18:24:00,4042.68,4047.04,4042.25,4045.38,2666
2026-07-15 18:27:00,4045.41,4049.83,4045.39,4049.05,2549
2026-07-15 18:30:00,4049.06,4049.71,4044.85,4047.9,2522
2026-07-15 18:33:00,4047.88,4049.47,4046.87,4048.51,2764
2026-07-15 18:36:00,4048.5,4049.06,4046.67,4048.21,2560
2026-07-15 18:39:00,4048.14,4050.34,4047.63,4050.25,2331
2026-07-15 18:42:00,4050.26,4050.53,4048.32,4049.65,2519
2026-07-15 18:45:00,4049.63,4050.35,4048.06,4049.91,2382
2026-07-15 18:48:00,4049.91,4050.86,4048.52,4048.52,2223
2026-07-15 18:51:00,4048.53,4049.25,4046.84,4048.88,2159
2026-07-15 18:54:00,4048.91,4050.64,4047.86,4048.41,2311
2026-07-15 18:57:00,4048.4,4048.68,4046.45,4046.93,2204
2026-07-15 19:00:00,4046.93,4047.87,4043.37,4043.92,2337
2026-07-15 19:03:00,4043.91,4044.58,4042.68,4043.95,2376
2026-07-15 19:06:00,4043.92,4044.43,4042.03,4043.47,2312
2026-07-15 19:09:00,4043.46,4043.83,4038.01,4038.46,2335
2026-07-15 19:12:00,4038.49,4039.43,4037.37,4038.37,2279
2026-07-15 19:15:00,4038.35,4040.74,4035.81,4037.0,2424
2026-07-15 19:18:00,4037.0,4037.51,4033.02,4034.26,2449
2026-07-15 19:21:00,4034.29,4037.76,4033.06,4037.42,2416
2026-07-15 19:24:00,4037.45,4037.84,4035.12,4036.01,2486
2026-07-15 19:27:00,4036.04,4037.01,4033.0,4034.81,2460
2026-07-15 19:30:00,4034.77,4036.99,4032.77,4035.44,2619
2026-07-15 19:33:00,4035.47,4035.89,4027.33,4030.48,2501
2026-07-15 19:36:00,4030.49,4030.7,4027.27,4029.9,2459
2026-07-15 19:39:00,4029.98,4031.76,4028.53,4030.79,2267
2026-07-15 19:42:00,4030.8,4031.22,4026.93,4028.72,2383
2026-07-15 19:45:00,4028.74,4037.04,4027.63,4031.21,2673
2026-07-15 19:48:00,4031.05,4038.04,4031.03,4037.09,2331
2026-07-15 19:51:00,4037.1,4037.46,4035.22,4036.22,2165
2026-07-15 19:54:00,4036.2,4036.21,4030.02,4030.25,2371
2026-07-15 19:57:00,4030.26,4033.99,4029.51,4033.78,2331
2026-07-15 20:00:00,4033.82,4038.49,4032.98,4038.32,2368
2026-07-15 20:03:00,4038.34,4038.77,4036.92,4037.05,2173
2026-07-15 20:06:00,4037.03,4039.16,4036.73,4037.19,2160
2026-07-15 20:09:00,4037.2,4038.97,4036.27,4037.48,2081
2026-07-15 20:12:00,4037.49,4038.98,4035.83,4035.92,2139
2026-07-15 20:15:00,4035.9,4035.93,4033.19,4035.19,2148
2026-07-15 20:18:00,4035.21,4036.95,4034.91,4035.89,2054
2026-07-15 20:21:00,4035.86,4038.0,4035.64,4037.8,2058
2026-07-15 20:24:00,4037.8,4039.21,4036.92,4038.59,2231
2026-07-15 20:27:00,4038.6,4048.15,4037.73,4047.62,2431
2026-07-15 20:30:00,4047.59,4052.2,4047.11,4050.38,2609
2026-07-15 20:33:00,4050.4,4058.5,4050.13,4057.3,2568
2026-07-15 20:36:00,4057.26,4060.08,4056.8,4059.73,2354
2026-07-15 20:39:00,4059.72,4060.12,4056.45,4059.53,2200
2026-07-15 20:42:00,4059.51,4063.06,4057.88,4062.35,2280
2026-07-15 20:45:00,4062.35,4066.23,4061.34,4062.79,2448
2026-07-15 20:48:00,4062.81,4065.47,4062.45,4062.76,2357
2026-07-15 20:51:00,4062.75,4064.4,4061.83,4063.56,2323
2026-07-15 20:54:00,4063.53,4064.17,4060.24,4061.88,2176
2026-07-15 20:57:00,4061.89,4063.97,4061.01,4062.3,2112
2026-07-15 21:00:00,4062.3,4065.62,4061.77,4065.53,2215
2026-07-15 21:03:00,4065.51,4069.3,4065.51,4068.41,2351
2026-07-15 21:06:00,4068.44,4070.51,4066.12,4066.7,2259
2026-07-15 21:09:00,4066.71,4068.34,4066.09,4067.94,2118
2026-07-15 21:12:00,4067.92,4068.37,4065.6,4067.93,2146
2026-07-15 21:15:00,4067.9,4069.54,4066.71,4068.58,2271
2026-07-15 21:18:00,4068.58,4070.27,4067.17,4069.79,2298
2026-07-15 21:21:00,4069.78,4071.85,4069.52,4071.01,2150
2026-07-15 21:24:00,4071.0,4072.71,4069.86,4069.87,2276
2026-07-15 21:27:00,4069.89,4075.47,4069.54,4074.26,2272
2026-07-15 21:30:00,4074.26,4081.36,4074.25,4074.94,2478
2026-07-15 21:33:00,4074.93,4076.44,4071.29,4072.66,2280
2026-07-15 21:36:00,4072.65,4073.46,4071.42,4071.71,2147
2026-07-15 21:39:00,4071.7,4071.9,4069.2,4069.56,2253
2026-07-15 21:42:00,4069.54,4069.79,4067.72,4067.72,2188
2026-07-15 21:45:00,4067.71,4068.62,4064.26,4065.75,2395
2026-07-15 21:48:00,4065.74,4066.71,4063.05,4064.1,2209
2026-07-15 21:51:00,4064.08,4064.48,4062.5,4063.91,2306
2026-07-15 21:54:00,4063.9,4064.75,4062.33,4062.47,2195
2026-07-15 21:57:00,4062.45,4062.48,4058.03,4059.17,2272
2026-07-15 22:00:00,4059.15,4062.92,4057.25,4060.98,2170
2026-07-15 22:03:00,4060.98,4061.54,4059.78,4060.15,2201
2026-07-15 22:06:00,4060.14,4061.08,4058.7,4059.36,2165
2026-07-15 22:09:00,4059.36,4062.13,4059.3,4060.85,2258
2026-07-15 22:12:00,4060.84,4062.53,4059.2,4060.97,2105
2026-07-15 22:15:00,4060.95,4061.45,4057.3,4058.33,2209
2026-07-15 22:18:00,4058.33,4058.33,4053.24,4055.06,2163
2026-07-15 22:21:00,4055.07,4055.41,4053.72,4054.38,2060
2026-07-15 22:24:00,4054.38,4056.2,4052.6,4055.65,2115
2026-07-15 22:27:00,4055.67,4057.93,4055.64,4055.98,2028
2026-07-15 22:30:00,4056.01,4057.57,4052.17,4052.85,2436
2026-07-15 22:33:00,4052.84,4053.64,4047.92,4050.56,2586
2026-07-15 22:36:00,4050.55,4052.1,4049.42,4049.97,2358
2026-07-15 22:39:00,4049.96,4051.91,4049.79,4051.53,2272
2026-07-15 22:42:00,4051.51,4053.0,4051.03,4051.11,2252
2026-07-15 22:45:00,4051.12,4053.0,4050.62,4051.53,2142
2026-07-15 22:48:00,4051.55,4053.35,4051.27,4053.32,2129
2026-07-15 22:51:00,4053.32,4054.59,4052.88,4054.15,2152
2026-07-15 22:54:00,4054.13,4054.58,4052.45,4053.62,2226
2026-07-15 22:57:00,4053.6,4057.29,4052.77,4057.0,2317
2026-07-15 23:00:00,4057.01,4057.68,4055.17,4057.22,2006
2026-07-15 23:03:00,4057.24,4058.45,4056.81,4057.97,2029
2026-07-15 23:06:00,4057.97,4058.03,4056.44,4057.5,1960
2026-07-15 23:09:00,4057.49,4058.16,4056.4,4056.92,1830
2026-07-15 23:12:00,4056.93,4057.8,4056.55,4057.49,1811
2026-07-15 23:15:00,4057.48,4059.93,4057.33,4058.74,1808
2026-07-15 23:18:00,4058.74,4060.79,4058.71,4060.7,1817
2026-07-15 23:21:00,4060.68,4061.9,4060.37,4060.69,1781
2026-07-15 23:24:00,4060.69,4062.16,4060.09,4061.51,1819
2026-07-15 23:27:00,4061.52,4061.92,4060.77,4061.37,1790
2026-07-15 23:30:00,4061.35,4061.49,4060.35,4061.33,1762
2026-07-15 23:33:00,4061.3,4061.53,4060.43,4061.5,1783
2026-07-15 23:36:00,4061.51,4062.71,4061.5,4062.13,1761
2026-07-15 23:39:00,4062.13,4063.19,4061.78,4062.03,1781
2026-07-15 23:42:00,4062.05,4062.18,4060.78,4061.69,1706
2026-07-15 23:45:00,4061.66,4061.87,4061.01,4061.69,1745
2026-07-15 23:48:00,4061.68,4062.92,4061.32,4062.84,1774
2026-07-15 23:51:00,4062.82,4062.85,4060.47,4060.95,1726
2026-07-15 23:54:00,4060.97,4061.59,4060.51,4060.63,1766
2026-07-15 23:57:00,4060.62,4060.64,4059.83,4060.38,1166
2026-07-16 01:00:00,4065.0,4067.13,4062.83,4064.41,3546
2026-07-16 01:03:00,4064.4,4065.43,4060.87,4063.0,1898
2026-07-16 01:06:00,4063.01,4064.36,4062.96,4063.79,1832
2026-07-16 01:09:00,4063.78,4064.65,4063.31,4064.6,1805
2026-07-16 01:12:00,4064.6,4064.72,4063.22,4063.46,1799
2026-07-16 01:15:00,4063.48,4064.0,4062.92,4063.96,1773
2026-07-16 01:18:00,4063.97,4064.22,4062.71,4063.29,1826
2026-07-16 01:21:00,4063.3,4063.39,4062.1,4062.36,1778
2026-07-16 01:24:00,4062.36,4062.83,4061.37,4061.68,1832
2026-07-16 01:27:00,4061.69,4062.61,4061.43,4062.21,1806
2026-07-16 01:30:00,4062.23,4062.44,4060.55,4060.98,1781
2026-07-16 01:33:00,4061.0,4061.36,4060.53,4061.04,1811
2026-07-16 01:36:00,4061.07,4061.15,4059.85,4059.88,1827
2026-07-16 01:39:00,4059.88,4060.44,4059.09,4060.19,1807
2026-07-16 01:42:00,4060.22,4060.65,4059.54,4060.13,1775
2026-07-16 01:45:00,4060.13,4060.99,4059.56,4059.63,1771
2026-07-16 01:48:00,4059.63,4060.0,4059.12,4059.86,1779
2026-07-16 01:51:00,4059.86,4059.9,4058.33,4059.16,1878
2026-07-16 01:54:00,4059.16,4060.79,4058.25,4060.79,1847
2026-07-16 01:57:00,4060.79,4061.42,4059.65,4059.66,1845
2026-07-16 02:00:00,4059.66,4060.39,4058.92,4059.98,1812
2026-07-16 02:03:00,4059.97,4061.89,4059.42,4059.85,1853
2026-07-16 02:06:00,4059.83,4062.09,4059.83,4061.88,1807
2026-07-16 02:09:00,4061.87,4062.0,4059.04,4060.49,1874
2026-07-16 02:12:00,4060.5,4060.73,4059.68,4060.33,1813
2026-07-16 02:15:00,4060.3,4060.44,4058.58,4059.79,1779
2026-07-16 02:18:00,4059.81,4059.81,4057.98,4058.73,1858
2026-07-16 02:21:00,4058.72,4059.23,4058.4,4058.46,1774
2026-07-16 02:24:00,4058.47,4058.73,4057.06,4058.5,1865
2026-07-16 02:27:00,4058.49,4059.36,4057.15,4057.76,1798
2026-07-16 02:30:00,4057.77,4058.48,4056.11,4057.34,1803
2026-07-16 02:33:00,4057.34,4058.14,4057.34,4057.49,1751
2026-07-16 02:36:00,4057.5,4059.3,4056.67,4057.19,1827
2026-07-16 02:39:00,4057.16,4057.36,4055.7,4055.97,1813
2026-07-16 02:42:00,4055.95,4058.25,4055.92,4057.8,1838
2026-07-16 02:45:00,4057.78,4059.55,4056.24,4059.17,1922
2026-07-16 02:48:00,4059.18,4059.48,4056.36,4059.47,1868
2026-07-16 02:51:00,4059.46,4060.83,4056.73,4057.55,1879
2026-07-16 02:54:00,4057.55,4059.13,4057.38,4059.09,2001
2026-07-16 02:57:00,4059.11,4059.34,4057.73,4057.81,1943
2026-07-16 03:00:00,4057.78,4059.4,4056.34,4059.35,2377
2026-07-16 03:03:00,4059.35,4059.47,4056.69,4056.88,2123
2026-07-16 03:06:00,4056.87,4057.27,4054.92,4055.3,2151
2026-07-16 03:09:00,4055.29,4056.33,4054.87,4055.55,2112
2026-07-16 03:12:00,4055.48,4057.12,4055.12,4056.36,2064
2026-07-16 03:15:00,4056.36,4057.5,4055.98,4056.48,2091
2026-07-16 03:18:00,4056.46,4057.23,4055.04,4057.14,2060
2026-07-16 03:21:00,4057.16,4060.3,4056.11,4060.07,2125
2026-07-16 03:24:00,4060.05,4060.19,4058.17,4059.26,2015
2026-07-16 03:27:00,4059.31,4059.86,4057.77,4058.42,2024
2026-07-16 03:30:00,4058.43,4060.72,4058.25,4059.38,2085
2026-07-16 03:33:00,4059.4,4061.09,4058.98,4060.88,2163
2026-07-16 03:36:00,4060.9,4061.25,4058.5,4058.55,1967
2026-07-16 03:39:00,4058.55,4059.51,4057.46,4057.73,2014
2026-07-16 03:42:00,4057.73,4057.73,4054.01,4055.16,2014
2026-07-16 03:45:00,4055.15,4060.04,4054.94,4058.49,2094
2026-07-16 03:48:00,4058.49,4059.81,4057.77,4058.62,2058
2026-07-16 03:51:00,4058.63,4061.01,4055.59,4055.9,2201
2026-07-16 03:54:00,4055.9,4056.05,4049.94,4050.84,2177
2026-07-16 03:57:00,4050.83,4051.3,4043.89,4044.58,2126
2026-07-16 04:00:00,4044.6,4050.5,4041.08,4041.48,2898
2026-07-16 04:03:00,4041.47,4046.19,4040.96,4043.28,2685
2026-07-16 04:06:00,4043.26,4046.7,4042.43,4045.86,2610
2026-07-16 04:09:00,4045.86,4049.06,4045.04,4047.21,2333
2026-07-16 04:12:00,4047.2,4047.31,4042.33,4045.23,2340
2026-07-16 04:15:00,4045.2,4045.37,4040.17,4040.31,2462
2026-07-16 04:18:00,4040.3,4041.75,4038.95,4041.4,2332
2026-07-16 04:21:00,4041.4,4043.98,4037.84,4037.91,2206
2026-07-16 04:24:00,4037.92,4038.93,4035.71,4037.39,2520
2026-07-16 04:27:00,4037.38,4037.79,4033.88,4036.78,2397
2026-07-16 04:30:00,4036.8,4041.52,4036.57,4040.26,2471
2026-07-16 04:33:00,4040.25,4043.53,4038.43,4042.67,2299
2026-07-16 04:36:00,4042.66,4043.44,4040.5,4041.92,2244
2026-07-16 04:39:00,4041.91,4045.98,4041.68,4044.68,2273
2026-07-16 04:42:00,4044.71,4045.1,4041.18,4042.16,2168
2026-07-16 04:45:00,4042.15,4042.94,4039.97,4042.29,2226
2026-07-16 04:48:00,4042.31,4043.92,4039.32,4040.25,2249
2026-07-16 04:51:00,4040.25,4041.12,4037.21,4039.05,2368
2026-07-16 04:54:00,4039.05,4040.95,4038.03,4040.78,2205
2026-07-16 04:57:00,4040.77,4041.01,4038.25,4039.05,2119
2026-07-16 05:00:00,4039.05,4040.1,4036.71,4037.23,2226
2026-07-16 05:03:00,4037.22,4037.74,4033.82,4034.7,2093
2026-07-16 05:06:00,4034.72,4036.37,4033.62,4035.9,2156
2026-07-16 05:09:00,4035.87,4036.11,4031.94,4033.39,2169
2026-07-16 05:12:00,4033.41,4035.57,4031.25,4032.57,2144
2026-07-16 05:15:00,4032.55,4032.76,4028.87,4032.04,2142
2026-07-16 05:18:00,4032.07,4033.21,4031.58,4032.49,2066
2026-07-16 05:21:00,4032.5,4034.83,4032.05,4034.0,2071
2026-07-16 05:24:00,4033.99,4034.28,4032.1,4032.21,2171
2026-07-16 05:27:00,4032.21,4034.94,4032.12,4034.59,1924
2026-07-16 05:30:00,4034.59,4035.75,4030.24,4030.83,2299
2026-07-16 05:33:00,4030.83,4032.58,4030.55,4032.5,2181
2026-07-16 05:36:00,4032.51,4033.03,4028.09,4028.11,2269
2026-07-16 05:39:00,4028.21,4028.29,4024.01,4025.49,2302
2026-07-16 05:42:00,4025.48,4028.43,4024.92,4027.7,2194
2026-07-16 05:45:00,4027.71,4029.67,4027.41,4028.55,2023
2026-07-16 05:48:00,4028.55,4030.17,4027.66,4028.16,2132
2026-07-16 05:51:00,4028.18,4029.29,4024.72,4029.14,2273
2026-07-16 05:54:00,4029.11,4031.92,4028.37,4031.75,2079
2026-07-16 05:57:00,4031.72,4032.53,4031.22,4031.53,2050
2026-07-16 06:00:00,4031.52,4031.95,4030.18,4031.57,2046
2026-07-16 06:03:00,4031.56,4032.45,4030.32,4032.45,2090
2026-07-16 06:06:00,4032.43,4032.95,4030.69,4031.98,2045
2026-07-16 06:09:00,4031.99,4033.08,4029.65,4030.33,2200
2026-07-16 06:12:00,4030.33,4031.57,4029.2,4029.81,2092
2026-07-16 06:15:00,4029.8,4031.5,4029.52,4029.98,2094
2026-07-16 06:18:00,4029.97,4030.82,4029.13,4029.17,2166
2026-07-16 06:21:00,4029.15,4029.81,4027.74,4029.34,2140
2026-07-16 06:24:00,4029.29,4032.56,4028.74,4032.56,2113
2026-07-16 06:27:00,4032.56,4034.0,4032.34,4033.93,2061
2026-07-16 06:30:00,4033.91,4034.08,4032.37,4033.26,2138
2026-07-16 06:33:00,4033.24,4034.9,4032.98,4034.16,2090
2026-07-16 06:36:00,4034.17,4034.21,4033.15,4033.89,1982
2026-07-16 06:39:00,4033.88,4034.92,4033.29,4034.37,1965
2026-07-16 06:42:00,4034.36,4036.29,4034.19,4035.45,1967
2026-07-16 06:45:00,4035.47,4035.63,4034.17,4034.88,1929
2026-07-16 06:48:00,4034.86,4036.48,4034.49,4036.44,1876
2026-07-16 06:51:00,4036.44,4036.72,4034.66,4035.21,1941
2026-07-16 06:54:00,4035.22,4036.29,4035.17,4036.26,1960
2026-07-16 06:57:00,4036.25,4036.9,4035.62,4036.3,1923
2026-07-16 07:00:00,4036.28,4036.67,4034.7,4034.7,1940
2026-07-16 07:03:00,4034.7,4035.65,4033.52,4034.05,1909
2026-07-16 07:06:00,4034.06,4034.07,4032.65,4033.16,1968
2026-07-16 07:09:00,4033.14,4035.56,4031.89,4035.08,1948
2026-07-16 07:12:00,4035.04,4037.88,4034.61,4036.86,1970
2026-07-16 07:15:00,4036.87,4036.91,4033.56,4033.69,1985
2026-07-16 07:18:00,4033.72,4035.04,4032.77,4035.03,1841
2026-07-16 07:21:00,4035.02,4035.34,4034.17,4034.43,1871
2026-07-16 07:24:00,4034.44,4035.3,4032.78,4033.61,1908
2026-07-16 07:27:00,4033.64,4033.95,4031.92,4033.86,1927
2026-07-16 07:30:00,4033.87,4035.32,4032.64,4032.73,1892
2026-07-16 07:33:00,4032.84,4033.43,4031.92,4033.15,1886
2026-07-16 07:36:00,4033.18,4033.97,4032.52,4033.56,1856
2026-07-16 07:39:00,4033.57,4034.25,4032.7,4033.91,1893
2026-07-16 07:42:00,4033.89,4033.92,4032.51,4032.59,1843
2026-07-16 07:45:00,4032.59,4035.14,4032.23,4034.36,1920
2026-07-16 07:48:00,4034.37,4035.24,4034.16,4034.7,1896
2026-07-16 07:51:00,4034.69,4034.97,4034.14,4034.65,1869
2026-07-16 07:54:00,4034.63,4035.03,4034.2,4034.71,1905
2026-07-16 07:57:00,4034.7,4034.72,4033.12,4033.16,1866
2026-07-16 08:00:00,4033.14,4033.94,4031.0,4031.16,2018
2026-07-16 08:03:00,4031.17,4032.61,4030.58,4031.76,1981
2026-07-16 08:06:00,4031.73,4031.86,4030.64,4031.44,1949
2026-07-16 08:09:00,4031.43,4031.85,4029.36,4030.12,1993
2026-07-16 08:12:00,4030.11,4030.76,4029.62,4030.76,1991
2026-07-16 08:15:00,4030.76,4033.03,4029.74,4030.05,2090
2026-07-16 08:18:00,4030.05,4030.77,4027.94,4028.39,2032
2026-07-16 08:21:00,4028.39,4029.27,4027.13,4029.05,2025
2026-07-16 08:24:00,4029.06,4029.23,4026.98,4028.48,1981
2026-07-16 08:27:00,4028.51,4029.42,4026.69,4027.63,2087
2026-07-16 08:30:00,4027.61,4031.73,4025.29,4031.07,2581
2026-07-16 08:33:00,4031.05,4031.05,4027.78,4028.66,2368
2026-07-16 08:36:00,4028.65,4030.91,4027.48,4028.28,2271
2026-07-16 08:39:00,4028.27,4029.87,4026.77,4028.93,2326
2026-07-16 08:42:00,4028.93,4033.04,4028.21,4032.37,2380
2026-07-16 08:45:00,4032.38,4032.93,4028.38,4030.17,2241
2026-07-16 08:48:00,4030.14,4030.15,4027.31,4028.58,2115
2026-07-16 08:51:00,4028.56,4030.72,4025.55,4026.11,2296
2026-07-16 08:54:00,4026.11,4029.11,4025.9,4027.8,2250
2026-07-16 08:57:00,4027.81,4029.17,4026.84,4027.32,2115
2026-07-16 09:00:00,4027.31,4032.91,4027.03,4032.52,2326
2026-07-16 09:03:00,4032.55,4035.68,4031.08,4035.58,2359
2026-07-16 09:06:00,4035.62,4036.5,4033.83,4035.68,2266
2026-07-16 09:09:00,4035.7,4035.95,4032.1,4032.86,2272
2026-07-16 09:12:00,4032.86,4033.05,4030.96,4032.17,2184
2026-07-16 09:15:00,4032.17,4032.92,4029.04,4030.02,2180
2026-07-16 09:18:00,4029.99,4030.13,4028.04,4029.8,2206
2026-07-16 09:21:00,4029.77,4030.56,4027.9,4029.31,2172
2026-07-16 09:24:00,4029.31,4032.02,4028.75,4031.05,2164
2026-07-16 09:27:00,4031.03,4032.05,4030.33,4030.36,2046
2026-07-16 09:30:00,4030.38,4030.69,4029.14,4030.17,2132
2026-07-16 09:33:00,4030.19,4030.23,4023.71,4026.33,2254
2026-07-16 09:36:00,4026.33,4026.36,4022.95,4024.49,2442
2026-07-16 09:39:00,4024.47,4027.07,4024.03,4025.62,2234
2026-07-16 09:42:00,4025.6,4027.01,4025.12,4026.98,2266
2026-07-16 09:45:00,4026.98,4028.08,4026.38,4027.51,2222
2026-07-16 09:48:00,4027.53,4028.94,4027.04,4028.52,2083
2026-07-16 09:51:00,4028.54,4030.13,4028.22,4029.54,1965
2026-07-16 09:54:00,4029.52,4031.23,4029.4,4031.14,2156
2026-07-16 09:57:00,4031.13,4031.46,4030.36,4030.68,2077
2026-07-16 10:00:00,4030.65,4030.71,4027.37,4029.7,2410
2026-07-16 10:03:00,4029.68,4029.69,4028.15,4029.2,2056
2026-07-16 10:06:00,4029.2,4029.78,4028.02,4028.3,2084
2026-07-16 10:09:00,4028.31,4029.71,4027.8,4029.01,2000
2026-07-16 10:12:00,4029.03,4029.13,4025.7,4026.32,2016
2026-07-16 10:15:00,4026.3,4026.47,4024.06,4024.49,2139
2026-07-16 10:18:00,4024.53,4026.95,4023.74,4026.26,2150
2026-07-16 10:21:00,4026.29,4026.87,4024.81,4025.0,2102
2026-07-16 10:24:00,4024.98,4025.95,4024.15,4024.43,2187
2026-07-16 10:27:00,4024.44,4026.72,4024.01,4024.51,2108
2026-07-16 10:30:00,4024.48,4025.41,4023.0,4024.74,2175
2026-07-16 10:33:00,4024.74,4025.15,4023.3,4023.82,2355
2026-07-16 10:36:00,4023.81,4025.61,4023.25,4025.38,2115
2026-07-16 10:39:00,4025.37,4028.35,4024.69,4027.04,2430
2026-07-16 10:42:00,4027.01,4027.29,4025.97,4026.1,2414
2026-07-16 10:45:00,4026.08,4029.77,4025.93,4029.59,2184
2026-07-16 10:48:00,4029.56,4031.82,4029.15,4029.83,2194
2026-07-16 10:51:00,4029.84,4030.91,4026.58,4027.55,2138
2026-07-16 10:54:00,4027.55,4030.33,4027.39,4030.16,2145
2026-07-16 10:57:00,4030.18,4031.14,4029.33,4030.71,2120
2026-07-16 11:00:00,4030.74,4034.1,4029.56,4033.94,2400
2026-07-16 11:03:00,4033.93,4033.99,4029.01,4029.08,2141
2026-07-16 11:06:00,4029.1,4030.84,4028.59,4029.55,2153
2026-07-16 11:09:00,4029.56,4030.17,4025.61,4027.23,2419
2026-07-16 11:12:00,4027.22,4029.17,4025.36,4025.79,2201
2026-07-16 11:15:00,4025.77,4028.8,4025.19,4028.68,2071
2026-07-16 11:18:00,4028.66,4031.79,4027.54,4030.74,2499
2026-07-16 11:21:00,4030.74,4031.94,4030.23,4031.08,2519
2026-07-16 11:24:00,4031.06,4033.69,4031.04,4032.07,2074
2026-07-16 11:27:00,4032.07,4032.73,4031.23,4032.34,2445
2026-07-16 11:30:00,4032.33,4035.01,4032.33,4033.08,2157
2026-07-16 11:33:00,4033.08,4033.7,4032.17,4033.45,2454
2026-07-16 11:36:00,4033.43,4035.62,4033.03,4034.33,2154
2026-07-16 11:39:00,4034.33,4034.55,4032.36,4032.69,2377
2026-07-16 11:42:00,4032.69,4034.13,4032.06,4033.63,2319
2026-07-16 11:45:00,4033.62,4036.5,4033.61,4036.5,2045
2026-07-16 11:48:00,4036.5,4036.56,4033.93,4034.38,2138
2026-07-16 11:51:00,4034.39,4035.86,4033.99,4034.42,2435
2026-07-16 11:54:00,4034.44,4034.77,4033.15,4033.7,2030
2026-07-16 11:57:00,4033.73,4035.81,4033.41,4035.3,1993
2026-07-16 12:00:00,4035.29,4036.92,4035.27,4036.49,2056
2026-07-16 12:03:00,4036.49,4037.3,4035.38,4036.06,2048
2026-07-16 12:06:00,4036.06,4036.85,4035.4,4036.16,2006
2026-07-16 12:09:00,4036.13,4036.83,4035.72,4036.57,1941
2026-07-16 12:12:00,4036.58,4037.41,4036.09,4036.88,1927
2026-07-16 12:15:00,4036.87,4037.73,4036.22,4036.72,1986
2026-07-16 12:18:00,4036.75,4036.75,4035.45,4035.46,1953
2026-07-16 12:21:00,4035.47,4036.2,4033.61,4033.78,2049
2026-07-16 12:24:00,4033.81,4033.9,4032.45,4032.93,2021
2026-07-16 12:27:00,4032.92,4033.61,4030.9,4033.11,2035
2026-07-16 12:30:00,4033.1,4034.11,4030.46,4032.78,2100
2026-07-16 12:33:00,4032.78,4034.69,4031.3,4034.6,2014
2026-07-16 12:36:00,4034.6,4034.61,4033.14,4033.82,2100
2026-07-16 12:39:00,4033.8,4033.95,4032.87,4033.52,2030
2026-07-16 12:42:00,4033.51,4035.05,4033.01,4034.28,1963
2026-07-16 12:45:00,4034.34,4034.47,4031.65,4033.47,2011
2026-07-16 12:48:00,4033.47,4034.0,4032.25,4032.95,1972
2026-07-16 12:51:00,4032.95,4035.25,4032.59,4034.9,2000
2026-07-16 12:54:00,4034.87,4036.35,4033.31,4033.35,2064
2026-07-16 12:57:00,4033.34,4033.37,4031.79,4031.79,2224
2026-07-16 13:00:00,4031.82,4032.34,4030.09,4030.39,2060
2026-07-16 13:03:00,4030.42,4031.76,4029.84,4030.9,2322
2026-07-16 13:06:00,4030.89,4032.72,4030.72,4032.37,1901
2026-07-16 13:09:00,4032.38,4032.69,4029.64,4030.81,1947
2026-07-16 13:12:00,4030.79,4032.33,4030.67,4031.75,2289
2026-07-16 13:15:00,4031.78,4032.94,4031.65,4032.38,1924
2026-07-16 13:18:00,4032.41,4033.03,4031.49,4032.94,1989
2026-07-16 13:21:00,4032.93,4033.54,4032.15,4033.14,1925
2026-07-16 13:24:00,4033.14,4034.74,4032.71,4033.52,1966
2026-07-16 13:27:00,4033.53,4033.61,4031.82,4033.31,2261
2026-07-16 13:30:00,4033.33,4033.89,4031.64,4033.22,1949
2026-07-16 13:33:00,4033.2,4033.94,4032.69,4033.28,2139
2026-07-16 13:36:00,4033.29,4034.31,4033.03,4033.63,2127
2026-07-16 13:39:00,4033.63,4033.81,4031.6,4033.5,2058
2026-07-16 13:42:00,4033.51,4034.59,4032.54,4033.1,1997
2026-07-16 13:45:00,4033.13,4033.27,4030.7,4031.34,2008
2026-07-16 13:48:00,4031.37,4032.4,4030.71,4031.49,1910
2026-07-16 13:51:00,4031.49,4032.23,4030.74,4030.86,2278
2026-07-16 13:54:00,4030.78,4031.89,4030.33,4030.72,2062
2026-07-16 13:57:00,4030.71,4031.72,4028.64,4029.54,2222
2026-07-16 14:00:00,4029.53,4029.76,4027.84,4029.49,2143
2026-07-16 14:03:00,4029.51,4030.25,4027.77,4027.98,1975
2026-07-16 14:06:00,4027.99,4028.95,4027.97,4028.88,2297
2026-07-16 14:09:00,4028.87,4029.57,4027.87,4029.04,1990
2026-07-16 14:12:00,4029.04,4029.81,4026.49,4028.05,2071
2026-07-16 14:15:00,4028.05,4028.05,4025.14,4026.69,2101
2026-07-16 14:18:00,4026.67,4027.41,4026.0,4026.57,2279
2026-07-16 14:21:00,4026.57,4026.76,4024.77,4025.85,2005
2026-07-16 14:24:00,4025.88,4025.91,4021.24,4022.39,2279
2026-07-16 14:27:00,4022.43,4027.57,4022.43,4024.41,2075
2026-07-16 14:30:00,4024.41,4027.33,4023.53,4027.29,2060
2026-07-16 14:33:00,4027.3,4030.47,4027.3,4030.42,2378
2026-07-16 14:36:00,4030.42,4032.38,4029.54,4029.74,2188
2026-07-16 14:39:00,4029.73,4031.86,4029.07,4031.56,2142
2026-07-16 14:42:00,4031.57,4036.03,4031.56,4034.95,2291
2026-07-16 14:45:00,4034.94,4040.13,4034.89,4037.72,2196
2026-07-16 14:48:00,4037.71,4042.39,4027.88,4033.83,3034
2026-07-16 14:51:00,4033.81,4038.17,4033.55,4038.08,2617
2026-07-16 14:54:00,4038.1,4041.49,4037.71,4040.73,2140
2026-07-16 14:57:00,4040.74,4040.94,4037.24,4038.49,2150
2026-07-16 15:00:00,4038.46,4039.44,4036.1,4038.31,2271
2026-07-16 15:03:00,4038.33,4043.35,4037.75,4037.91,2219
2026-07-16 15:06:00,4037.93,4039.94,4032.38,4033.82,2462
2026-07-16 15:09:00,4033.81,4034.46,4028.77,4030.68,2432
2026-07-16 15:12:00,4030.67,4032.35,4027.6,4031.79,2234
2026-07-16 15:15:00,4031.79,4032.25,4012.83,4023.86,3061
2026-07-16 15:18:00,4023.88,4029.52,4023.67,4028.23,2450
2026-07-16 15:21:00,4028.19,4028.68,4022.04,4022.8,2559
2026-07-16 15:24:00,4022.66,4022.87,4016.75,4022.23,2617
2026-07-16 15:27:00,4022.2,4025.82,4021.86,4023.12,2264
2026-07-16 15:30:00,4023.11,4029.62,4016.4,4023.23,3160
2026-07-16 15:33:00,4023.24,4023.95,4020.49,4020.66,2406
2026-07-16 15:36:00,4020.68,4021.98,4014.92,4018.7,2706
2026-07-16 15:39:00,4018.71,4018.79,4007.31,4008.99,2777
2026-07-16 15:42:00,4009.01,4009.16,4000.53,4002.74,2689
2026-07-16 15:45:00,4002.75,4008.85,3999.12,4000.14,2903
2026-07-16 15:48:00,4000.14,4002.6,3996.19,4000.15,2607
2026-07-16 15:51:00,4000.16,4002.33,3998.06,4002.32,2746
2026-07-16 15:54:00,4002.34,4002.34,3992.01,3995.75,2920
2026-07-16 15:57:00,3995.79,3995.79,3990.35,3992.36,2831
2026-07-16 16:00:00,3992.33,3996.82,3977.04,3978.73,3707
2026-07-16 16:03:00,3978.81,3986.93,3973.66,3983.07,3285
2026-07-16 16:06:00,3983.03,3986.28,3977.24,3983.94,2897
2026-07-16 16:09:00,3984.06,3988.75,3982.11,3988.47,2699
2026-07-16 16:12:00,3988.45,3993.39,3986.58,3992.29,2622
2026-07-16 16:15:00,3992.25,3995.84,3992.08,3993.99,2380
2026-07-16 16:18:00,3993.96,3995.63,3991.32,3993.06,2379
2026-07-16 16:21:00,3993.06,3994.88,3991.31,3994.56,2360
2026-07-16 16:24:00,3994.58,4001.71,3993.66,4001.58,2508
2026-07-16 16:27:00,4001.58,4006.12,4001.52,4005.55,2429
2026-07-16 16:30:00,4005.55,4008.35,3999.74,4000.45,3005
2026-07-16 16:33:00,4000.41,4000.58,3987.96,3988.86,3152
2026-07-16 16:36:00,3988.86,3993.43,3985.61,3985.95,3177
2026-07-16 16:39:00,3985.97,3988.82,3981.72,3985.68,3089
2026-07-16 16:42:00,3985.71,3989.61,3983.98,3986.33,3075
2026-07-16 16:45:00,3986.36,3993.13,3986.17,3992.45,2843
2026-07-16 16:48:00,3992.51,3996.08,3988.32,3994.35,2877
2026-07-16 16:51:00,3994.33,3997.02,3992.54,3994.5,2974
2026-07-16 16:54:00,3994.5,3997.04,3988.21,3989.51,3035
2026-07-16 16:57:00,3989.53,3991.23,3988.09,3990.18,2702
2026-07-16 17:00:00,3990.19,3997.2,3989.42,3994.65,2844
2026-07-16 17:03:00,3994.67,3997.25,3992.01,3995.22,2907
2026-07-16 17:06:00,3995.15,3995.7,3991.11,3991.8,2764
2026-07-16 17:09:00,3991.82,3994.19,3989.18,3991.23,2808
2026-07-16 17:12:00,3991.2,3991.2,3987.11,3989.06,2870
2026-07-16 17:15:00,3989.07,3994.83,3987.64,3994.7,2948
2026-07-16 17:18:00,3994.71,3997.27,3993.49,3994.35,2805
2026-07-16 17:21:00,3994.34,3995.81,3990.63,3991.23,2845
2026-07-16 17:24:00,3991.22,3998.17,3991.22,3997.66,2924
2026-07-16 17:27:00,3997.68,4000.62,3997.07,3999.32,2631
2026-07-16 17:30:00,3999.3,3999.54,3995.57,3998.84,2664
2026-07-16 17:33:00,3998.77,4004.74,3998.23,4002.1,2708
2026-07-16 17:36:00,4002.08,4003.85,4000.76,4001.11,2502
2026-07-16 17:39:00,4001.11,4002.59,3998.98,4001.39,2622
2026-07-16 17:42:00,4001.39,4004.76,4001.37,4004.76,2466
2026-07-16 17:45:00,4004.74,4006.67,4003.13,4003.25,2592
2026-07-16 17:48:00,4003.26,4004.15,3997.9,3998.26,2540
2026-07-16 17:51:00,3998.25,4000.04,3995.08,3996.29,2609
2026-07-16 17:54:00,3996.34,3996.68,3992.52,3995.86,2616
2026-07-16 17:57:00,3995.84,3999.2,3995.39,3997.83,2641
2026-07-16 18:00:00,3997.81,3998.67,3994.45,3995.05,2695
2026-07-16 18:03:00,3995.03,3995.4,3991.6,3992.53,2734
2026-07-16 18:06:00,3992.51,3994.69,3990.21,3993.13,2908
2026-07-16 18:09:00,3993.13,3995.81,3992.39,3994.18,2762
2026-07-16 18:12:00,3994.2,3994.48,3989.36,3992.83,2585
2026-07-16 18:15:00,3992.83,3997.71,3992.65,3997.33,2696
2026-07-16 18:18:00,3997.34,4001.53,3996.74,3999.73,2596
2026-07-16 18:21:00,3999.73,4007.26,3999.73,4006.32,2506
2026-07-16 18:24:00,4006.32,4016.88,4006.31,4013.3,2897
2026-07-16 18:27:00,4013.32,4014.94,4011.29,4011.39,2647
2026-07-16 18:30:00,4011.4,4012.31,4007.64,4011.04,2633
2026-07-16 18:33:00,4011.03,4016.11,4009.72,4013.55,2693
2026-07-16 18:36:00,4013.54,4016.29,4010.85,4015.44,2474
2026-07-16 18:39:00,4015.43,4015.51,4009.51,4010.18,2718
2026-07-16 18:42:00,4010.17,4013.38,4009.61,4010.38,2544
2026-07-16 18:45:00,4010.38,4011.44,4008.42,4009.14,2554
2026-07-16 18:48:00,4009.13,4011.48,4008.22,4010.4,2288
2026-07-16 18:51:00,4010.32,4013.12,4009.04,4009.25,2242
2026-07-16 18:54:00,4009.25,4009.57,4006.04,4006.33,2374
2026-07-16 18:57:00,4006.3,4007.28,4005.49,4007.01,2236
2026-07-16 19:00:00,4006.99,4007.63,4001.61,4002.31,2489
2026-07-16 19:03:00,4002.31,4002.96,3998.55,3999.96,2526
2026-07-16 19:06:00,3999.96,4001.05,3997.43,3997.87,2403
2026-07-16 19:09:00,3997.93,3998.88,3995.16,3995.22,2322
2026-07-16 19:12:00,3995.22,3995.41,3989.91,3989.99,2586
2026-07-16 19:15:00,3989.98,3991.7,3988.6,3989.5,2633
2026-07-16 19:18:00,3989.52,3990.41,3982.32,3985.05,2904
2026-07-16 19:21:00,3985.05,3989.29,3984.96,3987.93,2655
2026-07-16 19:24:00,3987.94,3988.19,3985.05,3985.36,2578
2026-07-16 19:27:00,3985.35,3987.53,3984.61,3987.53,2480
2026-07-16 19:30:00,3987.52,3990.01,3986.96,3989.36,2476
2026-07-16 19:33:00,3989.34,3990.99,3987.24,3990.99,2381
2026-07-16 19:36:00,3990.99,3991.37,3989.16,3991.33,2402
2026-07-16 19:39:00,3991.32,3992.03,3988.73,3989.05,2275
2026-07-16 19:42:00,3989.05,3992.55,3988.29,3992.04,2196
2026-07-16 19:45:00,3992.02,3992.18,3989.35,3990.5,2191
2026-07-16 19:48:00,3990.51,3994.6,3990.25,3994.32,2182
2026-07-16 19:51:00,3994.3,3995.72,3993.54,3994.52,2216
2026-07-16 19:54:00,3994.52,3996.94,3993.19,3995.06,2475
2026-07-16 19:57:00,3995.05,3995.37,3991.9,3992.03,2359
2026-07-16 20:00:00,3992.04,3992.93,3990.14,3990.99,2447
2026-07-16 20:03:00,3991.07,3991.68,3989.14,3990.35,2229
2026-07-16 20:06:00,3990.38,3990.53,3988.64,3989.24,2302
2026-07-16 20:09:00,3989.21,3989.24,3985.51,3985.93,2183
2026-07-16 20:12:00,3985.94,3987.4,3984.51,3985.78,2300
2026-07-16 20:15:00,3985.77,3988.22,3985.1,3987.48,2383
2026-07-16 20:18:00,3987.49,3988.72,3986.89,3987.7,2195
2026-07-16 20:21:00,3987.72,3988.74,3987.26,3987.78,2122
2026-07-16 20:24:00,3987.8,3987.8,3982.77,3984.35,2458
2026-07-16 20:27:00,3984.37,3988.49,3984.36,3987.69,2376
2026-07-16 20:30:00,3987.66,3988.71,3984.56,3984.56,2357
2026-07-16 20:33:00,3984.56,3984.84,3982.32,3982.39,2274
2026-07-16 20:36:00,3982.39,3985.6,3981.43,3984.38,2305
2026-07-16 20:39:00,3984.38,3984.57,3981.01,3982.12,2259
2026-07-16 20:42:00,3982.15,3983.23,3979.98,3981.57,2465
2026-07-16 20:45:00,3981.58,3985.47,3981.1,3984.75,2311
2026-07-16 20:48:00,3984.71,3986.2,3984.34,3985.18,2467
2026-07-16 20:51:00,3985.18,3987.51,3984.44,3987.38,2296
2026-07-16 20:54:00,3987.39,3987.58,3985.0,3985.98,2307
2026-07-16 20:57:00,3986.0,3986.03,3983.73,3984.62,2137
2026-07-16 21:00:00,3984.6,3986.71,3983.9,3985.79,2367
2026-07-16 21:03:00,3985.79,3986.98,3984.33,3984.64,2217
2026-07-16 21:06:00,3984.63,3987.41,3983.66,3987.36,2381
2026-07-16 21:09:00,3987.34,3989.35,3987.19,3988.27,2281
2026-07-16 21:12:00,3988.31,3989.09,3985.27,3985.27,2274
2026-07-16 21:15:00,3985.3,3988.58,3984.41,3987.77,2236
2026-07-16 21:18:00,3987.75,3988.83,3987.29,3988.4,2323
2026-07-16 21:21:00,3988.4,3990.41,3988.3,3988.86,2174
2026-07-16 21:24:00,3988.87,3989.17,3985.84,3986.52,2445
2026-07-16 21:27:00,3986.51,3987.65,3985.5,3986.45,2404
2026-07-16 21:30:00,3986.43,3986.46,3982.37,3982.89,2469
2026-07-16 21:33:00,3982.88,3983.24,3977.38,3978.53,2407
2026-07-16 21:36:00,3978.52,3979.28,3976.55,3977.68,2520
2026-07-16 21:39:00,3977.71,3981.58,3977.71,3981.12,2377
2026-07-16 21:42:00,3981.14,3983.6,3979.97,3983.1,2142
2026-07-16 21:45:00,3983.09,3984.89,3982.32,3982.37,2137
2026-07-16 21:48:00,3982.4,3983.61,3982.07,3983.59,2081
2026-07-16 21:51:00,3983.61,3984.02,3980.34,3981.13,2060
2026-07-16 21:54:00,3981.14,3982.68,3980.41,3981.09,2084
2026-07-16 21:57:00,3981.07,3981.53,3979.49,3980.34,2051
2026-07-16 22:00:00,3980.33,3985.55,3979.21,3984.97,2261
2026-07-16 22:03:00,3984.98,3985.54,3984.28,3985.42,2106
2026-07-16 22:06:00,3985.44,3986.11,3982.32,3982.59,2235
2026-07-16 22:09:00,3982.58,3983.21,3979.2,3979.98,2219
2026-07-16 22:12:00,3980.0,3980.74,3979.04,3980.56,2092
2026-07-16 22:15:00,3980.53,3981.64,3980.1,3980.1,2157
2026-07-16 22:18:00,3980.08,3983.53,3979.98,3982.02,2176
2026-07-16 22:21:00,3982.01,3984.1,3980.45,3980.46,2147
2026-07-16 22:24:00,3980.48,3981.88,3978.87,3979.02,2093
2026-07-16 22:27:00,3979.01,3980.34,3978.65,3978.95,2085
2026-07-16 22:30:00,3978.94,3979.6,3975.95,3976.95,2290
2026-07-16 22:33:00,3976.94,3976.96,3970.18,3970.77,2433
2026-07-16 22:36:00,3970.79,3973.0,3969.3,3972.93,2319
2026-07-16 22:39:00,3972.87,3976.71,3972.84,3976.22,2286
2026-07-16 22:42:00,3976.23,3977.48,3975.43,3975.77,2051
2026-07-16 22:45:00,3975.77,3976.88,3973.99,3974.96,2244
2026-07-16 22:48:00,3974.93,3975.88,3972.97,3975.69,2335
2026-07-16 22:51:00,3975.68,3982.49,3975.6,3982.24,2213
2026-07-16 22:54:00,3982.25,3982.44,3976.42,3976.85,2510
2026-07-16 22:57:00,3976.82,3980.15,3976.59,3979.91,2347
2026-07-16 23:00:00,3979.97,3980.17,3977.25,3978.18,2010
2026-07-16 23:03:00,3978.2,3978.57,3975.94,3976.62,2051
2026-07-16 23:06:00,3976.61,3976.84,3975.26,3976.25,1897
2026-07-16 23:09:00,3976.27,3976.58,3974.42,3975.88,1922
2026-07-16 23:12:00,3975.87,3976.6,3974.81,3974.98,1932
2026-07-16 23:15:00,3974.96,3975.23,3972.91,3973.42,1857
2026-07-16 23:18:00,3973.41,3973.9,3971.82,3971.84,1885
2026-07-16 23:21:00,3971.85,3973.16,3971.83,3972.34,1817
2026-07-16 23:24:00,3972.33,3975.32,3971.96,3975.03,1865
2026-07-16 23:27:00,3975.06,3975.29,3974.17,3974.77,1766
2026-07-16 23:30:00,3974.8,3975.02,3973.44,3974.15,1914
2026-07-16 23:33:00,3974.14,3975.61,3974.12,3975.29,1889
2026-07-16 23:36:00,3975.3,3976.29,3975.18,3975.71,1879
2026-07-16 23:39:00,3975.7,3975.84,3974.69,3975.36,1816
2026-07-16 23:42:00,3975.35,3975.55,3974.48,3974.48,1745
2026-07-16 23:45:00,3974.5,3975.94,3974.12,3975.76,1862
2026-07-16 23:48:00,3975.77,3976.21,3974.14,3974.27,1878
2026-07-16 23:51:00,3974.27,3975.55,3974.21,3975.08,1832
2026-07-16 23:54:00,3975.08,3975.72,3974.79,3974.95,1768
2026-07-16 23:57:00,3974.98,3976.64,3974.9,3976.38,1206
2026-07-17 01:00:00,3978.3,3979.62,3976.29,3977.23,4055
2026-07-17 01:03:00,3977.21,3980.25,3976.66,3977.16,2008
2026-07-17 01:06:00,3977.17,3978.38,3976.62,3978.11,1833
2026-07-17 01:09:00,3978.1,3978.21,3976.18,3976.62,1845
2026-07-17 01:12:00,3976.61,3977.6,3975.98,3976.23,1844
2026-07-17 01:15:00,3976.24,3977.6,3975.49,3975.68,1862
2026-07-17 01:18:00,3975.67,3976.77,3975.41,3975.44,1878
2026-07-17 01:21:00,3975.42,3976.09,3974.94,3975.68,1813
2026-07-17 01:24:00,3975.69,3975.99,3974.77,3975.06,1798
2026-07-17 01:27:00,3975.05,3976.46,3974.81,3976.44,1795
2026-07-17 01:30:00,3976.45,3976.79,3975.76,3975.82,1805
2026-07-17 01:33:00,3975.79,3976.27,3974.5,3976.25,1843
2026-07-17 01:36:00,3976.25,3976.9,3976.01,3976.62,1803
2026-07-17 01:39:00,3976.62,3976.62,3975.58,3975.93,1794
2026-07-17 01:42:00,3975.94,3975.95,3973.45,3973.49,1783
2026-07-17 01:45:00,3973.52,3974.44,3973.23,3973.93,1806
2026-07-17 01:48:00,3973.92,3974.99,3973.53,3974.98,1752
2026-07-17 01:51:00,3974.97,3975.34,3974.68,3975.2,1756
2026-07-17 01:54:00,3975.19,3976.46,3974.98,3976.09,1723
2026-07-17 01:57:00,3976.11,3978.36,3975.83,3978.29,1780
2026-07-17 02:00:00,3978.3,3978.78,3975.16,3978.07,2004
2026-07-17 02:03:00,3978.1,3978.88,3977.45,3978.27,1860
2026-07-17 02:06:00,3978.25,3979.19,3977.9,3978.77,1834
2026-07-17 02:09:00,3978.77,3979.33,3978.0,3978.17,1820
2026-07-17 02:12:00,3978.19,3980.29,3977.99,3980.09,1822
2026-07-17 02:15:00,3980.09,3980.48,3978.93,3979.14,1825
2026-07-17 02:18:00,3979.14,3979.64,3977.95,3978.38,1793
2026-07-17 02:21:00,3978.41,3978.96,3977.69,3978.2,1772
2026-07-17 02:24:00,3978.21,3980.18,3978.01,3980.06,1846
2026-07-17 02:27:00,3980.09,3980.64,3978.36,3978.47,1854
2026-07-17 02:30:00,3978.49,3978.75,3975.74,3975.97,1893
2026-07-17 02:33:00,3975.99,3979.74,3975.64,3979.52,1879
2026-07-17 02:36:00,3979.51,3981.03,3979.18,3980.48,1853
2026-07-17 02:39:00,3980.49,3981.66,3979.43,3981.19,1880
2026-07-17 02:42:00,3981.19,3981.88,3980.65,3981.51,1824
2026-07-17 02:45:00,3981.49,3981.62,3977.56,3978.48,2104
2026-07-17 02:48:00,3978.47,3980.17,3976.6,3980.03,2171
2026-07-17 02:51:00,3980.01,3980.88,3979.39,3979.5,2141
2026-07-17 02:54:00,3979.51,3981.84,3978.99,3981.76,2145
2026-07-17 02:57:00,3981.74,3986.42,3981.3,3985.98,2156
2026-07-17 03:00:00,3985.97,3986.94,3983.41,3984.79,2527
2026-07-17 03:03:00,3984.78,3986.54,3983.78,3985.45,2373
2026-07-17 03:06:00,3985.47,3987.33,3983.43,3986.98,2399
2026-07-17 03:09:00,3986.97,3986.99,3984.33,3985.09,2270
2026-07-17 03:12:00,3985.09,3986.94,3983.11,3983.7,2283
2026-07-17 03:15:00,3983.85,3989.98,3983.72,3989.98,2411
2026-07-17 03:18:00,3989.97,3990.96,3987.24,3988.86,2173
2026-07-17 03:21:00,3988.84,3990.32,3988.22,3988.24,2340
2026-07-17 03:24:00,3988.21,3988.7,3984.76,3985.89,2203
2026-07-17 03:27:00,3985.88,3986.35,3984.11,3984.8,2178
2026-07-17 03:30:00,3984.82,3985.06,3981.16,3982.38,2234
2026-07-17 03:33:00,3982.39,3983.82,3980.68,3982.21,2095
2026-07-17 03:36:00,3982.24,3984.6,3981.83,3984.1,2056
2026-07-17 03:39:00,3984.08,3984.13,3980.59,3981.58,2108
2026-07-17 03:42:00,3981.59,3982.51,3980.4,3982.01,2072
2026-07-17 03:45:00,3982.0,3987.4,3981.51,3986.69,2548
2026-07-17 03:48:00,3986.69,3988.05,3984.96,3987.3,2237
2026-07-17 03:51:00,3987.29,3988.46,3986.68,3987.44,2300
2026-07-17 03:54:00,3987.43,3988.99,3985.86,3987.43,2245
2026-07-17 03:57:00,3987.45,3992.0,3986.82,3991.87,2163
2026-07-17 04:00:00,3991.87,3992.13,3987.36,3988.25,2819
2026-07-17 04:03:00,3988.25,3991.65,3987.89,3991.65,2760
2026-07-17 04:06:00,3991.64,3995.11,3990.1,3991.46,2685
2026-07-17 04:09:00,3991.43,3991.66,3988.41,3989.83,2594
2026-07-17 04:12:00,3989.89,3993.49,3989.27,3992.1,2476
2026-07-17 04:15:00,3992.08,3995.87,3990.94,3995.59,2590
2026-07-17 04:18:00,3995.59,3996.14,3993.46,3994.1,2260
2026-07-17 04:21:00,3994.11,3994.83,3989.65,3990.19,2328
2026-07-17 04:24:00,3990.17,3991.14,3988.88,3989.19,2352
2026-07-17 04:27:00,3989.2,3992.01,3987.95,3990.99,2291
2026-07-17 04:30:00,3990.99,3991.87,3988.89,3989.19,2389
2026-07-17 04:33:00,3989.2,3993.31,3988.71,3992.79,2303
2026-07-17 04:36:00,3992.78,3995.4,3991.09,3994.18,2462
2026-07-17 04:39:00,3994.19,3995.17,3990.17,3990.71,2341
2026-07-17 04:42:00,3990.7,3994.64,3990.38,3991.39,2370
2026-07-17 04:45:00,3991.35,3992.68,3985.9,3986.58,2617
2026-07-17 04:48:00,3986.6,3987.78,3983.21,3984.41,2486
2026-07-17 04:51:00,3984.34,3984.34,3980.01,3981.05,2533
2026-07-17 04:54:00,3981.04,3982.55,3979.16,3982.24,2367
2026-07-17 04:57:00,3982.23,3983.37,3981.14,3983.17,2255
2026-07-17 05:00:00,3983.16,3987.31,3983.06,3984.15,2391
2026-07-17 05:03:00,3984.15,3985.03,3981.63,3982.38,2348
2026-07-17 05:06:00,3982.35,3983.27,3980.36,3982.85,2231
2026-07-17 05:09:00,3982.94,3983.24,3979.8,3981.48,2205
2026-07-17 05:12:00,3981.5,3981.62,3979.91,3980.87,2335
2026-07-17 05:15:00,3980.88,3984.18,3980.36,3983.88,2178
2026-07-17 05:18:00,3983.93,3983.97,3982.05,3982.81,2127
2026-07-17 05:21:00,3982.83,3983.43,3981.04,3983.23,2080
2026-07-17 05:24:00,3983.21,3984.38,3981.74,3982.94,2082
2026-07-17 05:27:00,3982.94,3983.75,3980.75,3983.07,2087
2026-07-17 05:30:00,3983.08,3984.14,3978.31,3980.38,2589
2026-07-17 05:33:00,3980.38,3980.69,3976.05,3978.0,2401
2026-07-17 05:36:00,3977.99,3978.85,3970.61,3972.52,2491
2026-07-17 05:39:00,3972.47,3975.57,3971.18,3974.92,2352
2026-07-17 05:42:00,3974.94,3976.71,3972.49,3974.86,2390
2026-07-17 05:45:00,3974.94,3979.31,3974.36,3978.43,2412
2026-07-17 05:48:00,3978.42,3979.31,3976.3,3976.3,2387
2026-07-17 05:51:00,3976.32,3978.5,3974.89,3977.48,2309
2026-07-17 05:54:00,3977.49,3980.1,3976.87,3979.12,2320
2026-07-17 05:57:00,3979.13,3979.94,3977.0,3979.2,2193
2026-07-17 06:00:00,3979.18,3985.57,3978.78,3985.19,2371
2026-07-17 06:03:00,3985.21,3990.15,3984.58,3989.92,2440
2026-07-17 06:06:00,3989.93,3992.62,3988.86,3989.27,2582
2026-07-17 06:09:00,3989.28,3990.69,3987.58,3990.33,2554
2026-07-17 06:12:00,3990.3,3990.69,3988.06,3988.73,2178
2026-07-17 06:15:00,3988.73,3994.64,3988.6,3993.18,2251
2026-07-17 06:18:00,3993.14,4008.68,3993.14,4004.99,2650
2026-07-17 06:21:00,4004.99,4008.32,4003.09,4006.24,2644
2026-07-17 06:24:00,4006.28,4006.28,4001.29,4002.34,2313
2026-07-17 06:27:00,4002.33,4002.41,3998.67,4001.13,2291
2026-07-17 06:30:00,4001.12,4001.6,3998.6,3999.71,2226
2026-07-17 06:33:00,3999.7,4000.15,3995.94,3999.21,2175
2026-07-17 06:36:00,3999.19,4000.53,3997.03,3998.22,2073
2026-07-17 06:39:00,3998.22,4000.07,3996.32,3996.94,2080
2026-07-17 06:42:00,3996.83,3997.56,3996.16,3997.48,1897
2026-07-17 06:45:00,3997.5,3998.59,3996.58,3997.04,1959
2026-07-17 06:48:00,3997.07,3997.07,3994.47,3994.77,1970
2026-07-17 06:51:00,3994.76,3995.6,3992.84,3992.97,2028
2026-07-17 06:54:00,3992.97,3994.44,3990.59,3991.07,2052
2026-07-17 06:57:00,3991.05,3992.18,3990.58,3991.4,1985
2026-07-17 07:00:00,3991.39,3991.66,3989.08,3989.49,2139
2026-07-17 07:03:00,3989.49,3990.71,3988.65,3989.85,1974
2026-07-17 07:06:00,3989.85,3990.43,3988.56,3989.31,2063
2026-07-17 07:09:00,3989.33,3989.52,3987.22,3988.48,2118
2026-07-17 07:12:00,3988.48,3989.87,3987.29,3988.78,2158
2026-07-17 07:15:00,3988.77,3990.09,3986.59,3987.69,2102
2026-07-17 07:18:00,3987.67,3990.25,3987.51,3989.6,2093
2026-07-17 07:21:00,3989.59,3989.97,3985.91,3986.3,2117
2026-07-17 07:24:00,3986.28,3987.31,3985.17,3986.57,2108
2026-07-17 07:27:00,3986.59,3986.78,3985.24,3986.25,2108
2026-07-17 07:30:00,3986.23,3988.15,3985.78,3986.11,2129
2026-07-17 07:33:00,3986.08,3986.55,3983.82,3985.98,2111
2026-07-17 07:36:00,3985.97,3986.31,3981.06,3982.77,2187
2026-07-17 07:39:00,3982.76,3983.78,3980.17,3980.62,2100
2026-07-17 07:42:00,3980.62,3981.98,3980.41,3981.94,2093
2026-07-17 07:45:00,3981.93,3983.65,3981.69,3983.26,2129
2026-07-17 07:48:00,3983.29,3984.59,3981.41,3981.45,1976
2026-07-17 07:51:00,3981.42,3982.18,3980.26,3981.1,1985
2026-07-17 07:54:00,3981.13,3982.04,3980.98,3981.48,1920
2026-07-17 07:57:00,3981.46,3982.02,3981.39,3981.82,1959
2026-07-17 08:00:00,3981.82,3982.78,3979.87,3980.57,2116
2026-07-17 08:03:00,3980.54,3982.76,3979.39,3979.65,2268
2026-07-17 08:06:00,3979.64,3979.99,3977.84,3978.38,2075
2026-07-17 08:09:00,3978.37,3979.84,3977.16,3979.59,2189
2026-07-17 08:12:00,3979.58,3981.11,3978.75,3979.59,2073
2026-07-17 08:15:00,3979.6,3980.09,3976.2,3979.89,2164
2026-07-17 08:18:00,3979.91,3980.3,3975.19,3978.52,2184
2026-07-17 08:21:00,3978.49,3980.05,3978.08,3978.32,2077
2026-07-17 08:24:00,3978.31,3979.77,3977.97,3979.7,2113
2026-07-17 08:27:00,3979.73,3981.73,3979.16,3979.82,2143
2026-07-17 08:30:00,3979.84,3986.34,3978.42,3985.99,3020
2026-07-17 08:33:00,3985.98,3986.26,3981.52,3983.94,2639
2026-07-17 08:36:00,3983.95,3984.65,3981.77,3984.03,2543
2026-07-17 08:39:00,3984.03,3990.48,3983.34,3989.17,2521
2026-07-17 08:42:00,3989.17,3989.39,3986.49,3986.75,2376
2026-07-17 08:45:00,3986.76,3986.82,3981.83,3985.62,2549
2026-07-17 08:48:00,3985.6,3989.3,3985.59,3987.71,2534
2026-07-17 08:51:00,3987.72,3991.44,3987.45,3988.75,2367
2026-07-17 08:54:00,3988.73,3990.12,3987.55,3988.54,2301
2026-07-17 08:57:00,3988.54,3988.97,3984.59,3985.04,2266
2026-07-17 09:00:00,3985.06,3992.1,3985.06,3991.14,2521
2026-07-17 09:03:00,3991.12,3993.01,3989.66,3992.39,2498
2026-07-17 09:06:00,3992.37,3992.39,3988.48,3989.05,2424
2026-07-17 09:09:00,3989.06,4000.39,3988.02,3997.4,3055
2026-07-17 09:12:00,3997.35,4000.84,3997.34,3999.68,2565
2026-07-17 09:15:00,3999.71,3999.9,3997.85,3999.42,2528
2026-07-17 09:18:00,3999.42,4004.28,3999.42,4003.67,2374
2026-07-17 09:21:00,4003.65,4006.0,4001.83,4002.86,2294
2026-07-17 09:24:00,4002.86,4005.37,4001.58,4004.63,2528
2026-07-17 09:27:00,4004.63,4005.15,4000.94,4003.78,2376
2026-07-17 09:30:00,4003.79,4006.56,4003.44,4004.84,2499
2026-07-17 09:33:00,4004.83,4007.2,4002.47,4002.82,2609
2026-07-17 09:36:00,4002.82,4003.1,3998.6,3999.23,2346
2026-07-17 09:39:00,3999.26,4000.09,3996.47,3997.12,2185
2026-07-17 09:42:00,3997.13,3999.14,3995.72,3996.24,2738
2026-07-17 09:45:00,3996.23,3998.93,3995.98,3998.65,2386
2026-07-17 09:48:00,3998.62,3999.98,3997.56,3999.14,2170
2026-07-17 09:51:00,3999.17,3999.24,3996.52,3997.09,2293
2026-07-17 09:54:00,3997.12,4000.54,3996.75,3999.56,2225
2026-07-17 09:57:00,3999.57,4001.58,3998.53,3999.38,2232
2026-07-17 10:00:00,3999.41,4001.6,3996.89,4000.86,2352
2026-07-17 10:03:00,4000.82,4002.61,3999.4,4000.5,2369
2026-07-17 10:06:00,4000.47,4000.77,3994.54,3995.76,2334
2026-07-17 10:09:00,3995.73,3996.73,3993.24,3994.48,2367
2026-07-17 10:12:00,3994.49,3997.02,3994.29,3996.51,2660
2026-07-17 10:15:00,3996.53,3999.33,3996.15,3998.64,2494
2026-07-17 10:18:00,3998.63,3999.1,3995.05,3995.37,2240
2026-07-17 10:21:00,3995.35,3997.53,3994.05,3996.54,2212
2026-07-17 10:24:00,3996.51,3997.89,3995.45,3997.72,2192
2026-07-17 10:27:00,3997.73,3998.16,3995.59,3996.32,2196
2026-07-17 10:30:00,3996.35,3998.2,3995.14,3998.08,2287
2026-07-17 10:33:00,3998.09,3998.11,3995.49,3996.29,2292
2026-07-17 10:36:00,3996.31,3996.9,3994.1,3995.79,2569
2026-07-17 10:39:00,3995.8,3997.47,3995.27,3995.58,2605
2026-07-17 10:42:00,3995.55,3998.68,3994.08,3998.64,2320
2026-07-17 10:45:00,3998.66,3998.7,3995.71,3996.64,2005
2026-07-17 10:48:00,3996.66,3998.07,3995.9,3996.36,2247
2026-07-17 10:51:00,3996.35,3997.51,3994.56,3994.66,2497
2026-07-17 10:54:00,3994.65,3995.84,3993.38,3993.58,2153
2026-07-17 10:57:00,3993.6,3994.14,3992.7,3992.75,2093
2026-07-17 11:00:00,3992.75,3997.44,3992.25,3996.79,2368
2026-07-17 11:03:00,3996.78,3999.87,3995.81,3997.71,2327
2026-07-17 11:06:00,3997.7,3999.06,3996.7,3997.27,2297
2026-07-17 11:09:00,3997.28,3998.03,3992.12,3992.39,2319
2026-07-17 11:12:00,3992.38,3993.95,3991.42,3993.19,2412
2026-07-17 11:15:00,3993.2,3994.73,3989.87,3990.03,2329
2026-07-17 11:18:00,3990.05,3992.09,3989.46,3991.81,2388
2026-07-17 11:21:00,3991.82,3993.02,3991.14,3991.74,2446
2026-07-17 11:24:00,3991.78,3995.07,3990.61,3994.0,2647
2026-07-17 11:27:00,3993.98,3994.79,3988.2,3992.43,2525
2026-07-17 11:30:00,3992.45,3993.44,3989.9,3990.42,2194
2026-07-17 11:33:00,3990.44,3992.22,3990.41,3991.41,2295
2026-07-17 11:36:00,3991.43,3991.98,3988.49,3989.07,2207
2026-07-17 11:39:00,3989.04,3990.4,3987.89,3990.1,2206
2026-07-17 11:42:00,3990.11,3993.33,3989.52,3993.33,2251
2026-07-17 11:45:00,3993.36,3995.83,3991.7,3995.66,2326
2026-07-17 11:48:00,3995.67,3999.45,3995.66,3997.75,2219
2026-07-17 11:51:00,3997.73,3998.22,3993.99,3995.1,2081
2026-07-17 11:54:00,3995.1,3997.85,3994.94,3997.3,2066
2026-07-17 11:57:00,3997.33,3998.25,3993.75,3994.21,2100
2026-07-17 12:00:00,3994.19,3995.5,3992.77,3993.13,2321
2026-07-17 12:03:00,3993.11,3995.89,3992.91,3995.54,2436
2026-07-17 12:06:00,3995.52,3997.75,3995.45,3996.48,2340
2026-07-17 12:09:00,3996.5,3996.58,3995.29,3996.32,2368
2026-07-17 12:12:00,3996.33,3998.55,3995.62,3997.91,2378
2026-07-17 12:15:00,3997.93,3998.39,3996.16,3997.19,2201
2026-07-17 12:18:00,3997.19,3998.38,3995.64,3997.49,2295
2026-07-17 12:21:00,3997.49,4000.46,3997.06,4000.41,2147
2026-07-17 12:24:00,4000.43,4002.44,4000.37,4001.01,2158
2026-07-17 12:27:00,4001.01,4001.33,3998.34,3999.12,2447
2026-07-17 12:30:00,3999.12,3999.75,3997.05,3997.95,2261
2026-07-17 12:33:00,3997.96,3998.48,3995.27,3996.97,2424
2026-07-17 12:36:00,3996.97,3998.07,3995.37,3997.46,2478
2026-07-17 12:39:00,3997.44,3998.83,3996.69,3998.56,2253
2026-07-17 12:42:00,3998.53,3999.14,3995.5,3995.73,2281
2026-07-17 12:45:00,3995.77,3996.9,3994.76,3995.17,2155
2026-07-17 12:48:00,3995.18,3996.32,3994.94,3995.15,2206
2026-07-17 12:51:00,3995.15,3998.64,3994.82,3998.43,2143
2026-07-17 12:54:00,3998.47,3998.62,3996.6,3996.93,2118
2026-07-17 12:57:00,3996.94,3998.08,3996.13,3998.08,2084
2026-07-17 13:00:00,3998.07,3998.77,3995.5,3996.05,2329
2026-07-17 13:03:00,3996.06,3996.91,3995.48,3996.06,2321
2026-07-17 13:06:00,3996.07,3997.26,3994.88,3996.74,2278
2026-07-17 13:09:00,3996.74,3997.27,3995.64,3996.55,2231
2026-07-17 13:12:00,3996.57,3998.53,3996.07,3997.26,2129
2026-07-17 13:15:00,3997.25,3997.94,3995.09,3995.42,2217
2026-07-17 13:18:00,3995.4,3999.1,3994.39,3998.14,2115
2026-07-17 13:21:00,3998.32,3998.32,3995.34,3996.27,2112
2026-07-17 13:24:00,3996.24,3996.38,3994.96,3995.6,2173
2026-07-17 13:27:00,3995.62,3997.05,3995.35,3996.15,2070
2026-07-17 13:30:00,3996.13,3997.5,3995.89,3996.88,1986
2026-07-17 13:33:00,3996.89,3996.91,3995.09,3995.35,2035
2026-07-17 13:36:00,3995.34,3995.8,3994.1,3995.8,2226
2026-07-17 13:39:00,3995.8,3996.24,3994.44,3995.12,2025
2026-07-17 13:42:00,3995.1,3996.73,3993.97,3996.4,2125
2026-07-17 13:45:00,3996.4,3997.26,3995.22,3995.47,2487
2026-07-17 13:48:00,3995.47,3997.32,3992.68,3993.26,2414
2026-07-17 13:51:00,3993.26,3993.49,3991.21,3992.71,2149
2026-07-17 13:54:00,3992.72,3993.91,3991.71,3992.76,2556
2026-07-17 13:57:00,3992.77,3993.18,3990.54,3990.82,2352
2026-07-17 14:00:00,3990.85,3994.28,3990.85,3993.46,2184
2026-07-17 14:03:00,3993.46,3993.54,3991.39,3992.86,2315
2026-07-17 14:06:00,3992.87,3992.87,3990.31,3991.42,2158
2026-07-17 14:09:00,3991.4,3992.76,3990.66,3991.27,2323
2026-07-17 14:12:00,3991.28,3993.28,3991.06,3991.73,2470
2026-07-17 14:15:00,3991.74,3992.63,3990.99,3991.43,2280
2026-07-17 14:18:00,3991.43,3993.73,3990.0,3993.5,2659
2026-07-17 14:21:00,3993.49,3996.21,3992.52,3992.73,2357
2026-07-17 14:24:00,3992.72,3994.23,3992.68,3994.07,2384
2026-07-17 14:27:00,3994.05,3995.85,3993.72,3995.68,2218
2026-07-17 14:30:00,3995.68,3996.45,3992.56,3992.92,2682
2026-07-17 14:33:00,3992.92,3993.09,3991.71,3992.21,2254
2026-07-17 14:36:00,3992.2,3993.7,3991.47,3993.05,2476
2026-07-17 14:39:00,3993.05,3994.36,3992.74,3994.35,2230
2026-07-17 14:42:00,3994.35,3994.89,3991.72,3992.08,2422
2026-07-17 14:45:00,3992.06,3996.19,3991.46,3994.01,2138
2026-07-17 14:48:00,3994.03,3995.77,3993.27,3994.31,2149
2026-07-17 14:51:00,3994.32,3995.7,3993.07,3995.64,2126
2026-07-17 14:54:00,3995.63,3998.73,3995.63,3996.24,2219
2026-07-17 14:57:00,3996.26,3996.3,3993.57,3994.11,2080
2026-07-17 15:00:00,3994.11,3995.51,3993.67,3994.79,2278
2026-07-17 15:03:00,3994.82,3995.03,3989.2,3989.78,2312
2026-07-17 15:06:00,3989.89,3990.9,3988.36,3990.5,2185
2026-07-17 15:09:00,3990.48,3993.85,3989.33,3992.11,2251
2026-07-17 15:12:00,3992.12,3993.63,3989.64,3989.91,2142
2026-07-17 15:15:00,3989.91,3991.74,3988.88,3990.06,2588
2026-07-17 15:18:00,3990.08,3992.31,3986.78,3987.52,2560
2026-07-17 15:21:00,3987.53,3988.02,3984.28,3984.91,2306
2026-07-17 15:24:00,3984.88,3986.52,3984.53,3985.21,2317
2026-07-17 15:27:00,3985.22,3987.8,3984.41,3987.29,2474
2026-07-17 15:30:00,3987.28,3988.28,3982.03,3982.94,2194
2026-07-17 15:33:00,3982.94,3983.16,3980.73,3981.8,2320
2026-07-17 15:36:00,3981.81,3982.95,3979.8,3980.78,2254
2026-07-17 15:39:00,3980.79,3980.83,3975.67,3977.88,2499
2026-07-17 15:42:00,3977.88,3978.11,3965.45,3969.6,2859
2026-07-17 15:45:00,3969.61,3973.17,3965.39,3970.14,2640
2026-07-17 15:48:00,3970.16,3970.29,3964.05,3966.19,2503
2026-07-17 15:51:00,3966.22,3970.94,3965.61,3969.45,2394
2026-07-17 15:54:00,3969.45,3972.65,3968.3,3970.94,2253
2026-07-17 15:57:00,3970.88,3971.76,3964.4,3966.12,2544
2026-07-17 16:00:00,3966.1,3968.34,3959.5,3967.73,3455
2026-07-17 16:03:00,3967.71,3975.91,3966.78,3971.72,2908
2026-07-17 16:06:00,3971.67,3973.59,3970.14,3972.67,2612
2026-07-17 16:09:00,3972.65,3973.07,3966.22,3967.41,2544
2026-07-17 16:12:00,3967.42,3971.54,3965.93,3970.14,2478
2026-07-17 16:15:00,3970.15,3972.25,3967.5,3971.52,2655
2026-07-17 16:18:00,3971.48,3975.07,3968.85,3974.3,2845
2026-07-17 16:21:00,3974.31,3974.31,3967.11,3968.4,2650
2026-07-17 16:24:00,3968.39,3973.41,3967.62,3971.56,2612
2026-07-17 16:27:00,3971.53,3972.37,3967.26,3968.28,2823
2026-07-17 16:30:00,3968.29,3972.29,3963.73,3971.61,3334
2026-07-17 16:33:00,3971.63,3971.77,3965.21,3971.16,2994
2026-07-17 16:36:00,3971.07,3991.92,3970.96,3991.92,3813
2026-07-17 16:39:00,3991.93,4003.69,3986.38,3987.98,3805
2026-07-17 16:42:00,3987.96,3989.25,3982.28,3985.03,3199
2026-07-17 16:45:00,3985.03,3989.0,3981.19,3988.17,3508
2026-07-17 16:48:00,3988.09,3992.02,3986.92,3991.15,3304
2026-07-17 16:51:00,3991.13,3994.13,3989.24,3991.46,3113
2026-07-17 16:54:00,3991.48,3992.2,3987.92,3990.66,2964
2026-07-17 16:57:00,3990.67,3997.55,3989.38,3997.26,2546
2026-07-17 17:00:00,3997.36,4000.08,3990.2,3994.21,3136
2026-07-17 17:03:00,3994.25,4000.18,3991.92,3997.62,3122
2026-07-17 17:06:00,3997.65,4000.7,3997.34,3997.34,3016
2026-07-17 17:09:00,3997.36,3999.16,3994.04,3995.46,2941
2026-07-17 17:12:00,3995.41,4000.68,3994.62,3994.64,2844
2026-07-17 17:15:00,3994.63,4000.55,3993.71,3996.82,3242
2026-07-17 17:18:00,3996.8,4004.58,3996.2,4000.99,3009
2026-07-17 17:21:00,4001.0,4002.99,3996.08,3999.03,2876
2026-07-17 17:24:00,3999.09,4004.1,3999.09,4000.52,2826
2026-07-17 17:27:00,4000.52,4004.09,3997.95,3998.59,2906
2026-07-17 17:30:00,3998.63,3998.92,3994.29,3994.6,2685
2026-07-17 17:33:00,3994.58,3998.33,3992.18,3998.31,2669
2026-07-17 17:36:00,3998.19,3999.66,3994.26,3997.08,2719
2026-07-17 17:39:00,3997.11,3998.66,3996.04,3996.21,2737
2026-07-17 17:42:00,3996.2,3998.07,3995.07,3997.75,2702
2026-07-17 17:45:00,3997.73,4000.14,3994.61,3998.89,2885
2026-07-17 17:48:00,3998.89,4000.42,3994.98,3998.01,2618
2026-07-17 17:51:00,3998.01,3998.99,3993.22,3994.43,2700
2026-07-17 17:54:00,3994.44,3997.17,3992.93,3996.98,2586
2026-07-17 17:57:00,3997.0,4001.4,3996.75,4001.2,2584
2026-07-17 18:00:00,4001.19,4002.8,3997.69,4000.38,2693
2026-07-17 18:03:00,4000.41,4014.12,4000.1,4012.32,3139
2026-07-17 18:06:00,4012.29,4012.65,4003.07,4006.91,2991
2026-07-17 18:09:00,4006.88,4013.61,4006.23,4008.41,2930
2026-07-17 18:12:00,4008.36,4008.36,4003.13,4005.97,2658
2026-07-17 18:15:00,4005.99,4007.87,4004.57,4007.68,2727
2026-07-17 18:18:00,4007.68,4009.11,4004.8,4009.11,2739
2026-07-17 18:21:00,4009.11,4012.44,4007.51,4008.77,2632
2026-07-17 18:24:00,4008.77,4009.07,4006.3,4008.83,2507
2026-07-17 18:27:00,4008.88,4013.25,4008.77,4013.22,2680
2026-07-17 18:30:00,4013.37,4015.99,4009.34,4011.68,2774
2026-07-17 18:33:00,4011.69,4013.72,4010.05,4012.17,2631
2026-07-17 18:36:00,4012.12,4015.28,4011.87,4014.74,2680
2026-07-17 18:39:00,4014.73,4016.15,4012.94,4013.46,2647
2026-07-17 18:42:00,4013.47,4015.86,4011.77,4015.39,2359
2026-07-17 18:45:00,4015.41,4018.29,4013.79,4016.23,2544
2026-07-17 18:48:00,4016.24,4018.37,4015.03,4017.22,2409
2026-07-17 18:51:00,4017.2,4021.04,4016.55,4019.08,2563
2026-07-17 18:54:00,4019.07,4021.28,4018.49,4019.53,2415
2026-07-17 18:57:00,4019.55,4019.81,4017.42,4019.14,2551
2026-07-17 19:00:00,4019.26,4019.27,4010.91,4014.01,3101
2026-07-17 19:03:00,4014.06,4017.46,4011.34,4016.37,2637
2026-07-17 19:06:00,4016.35,4017.47,4014.51,4017.46,2608
2026-07-17 19:09:00,4017.47,4020.4,4016.61,4018.28,2674
2026-07-17 19:12:00,4018.28,4020.14,4017.89,4018.1,2475
2026-07-17 19:15:00,4018.06,4020.87,4017.91,4020.8,2408
2026-07-17 19:18:00,4020.83,4021.62,4019.85,4020.16,2339
2026-07-17 19:21:00,4020.15,4020.69,4018.18,4019.67,2323
2026-07-17 19:24:00,4019.69,4023.77,4018.13,4019.03,2646
2026-07-17 19:27:00,4018.9,4020.71,4016.77,4018.7,2305
2026-07-17 19:30:00,4018.72,4019.34,4016.99,4017.85,2375
2026-07-17 19:33:00,4017.83,4017.85,4015.42,4015.99,2170
2026-07-17 19:36:00,4015.96,4016.64,4013.25,4014.67,2295
2026-07-17 19:39:00,4014.7,4015.53,4012.83,4014.79,2334
2026-07-17 19:42:00,4014.79,4017.77,4014.72,4017.4,2182
2026-07-17 19:45:00,4017.43,4017.95,4016.45,4016.47,2263
2026-07-17 19:48:00,4016.48,4020.64,4016.48,4017.47,2203
2026-07-17 19:51:00,4017.47,4018.88,4016.89,4017.03,2200
2026-07-17 19:54:00,4017.03,4017.07,4014.66,4016.26,2347
2026-07-17 19:57:00,4016.26,4016.33,4014.79,4014.99,2080
2026-07-17 20:00:00,4014.98,4019.25,4014.98,4017.79,2441
2026-07-17 20:03:00,4017.83,4018.09,4016.45,4016.64,2211
2026-07-17 20:06:00,4016.63,4018.48,4016.44,4017.56,2128
2026-07-17 20:09:00,4017.58,4018.29,4016.38,4016.5,2075
2026-07-17 20:12:00,4016.5,4016.69,4013.34,4013.4,2235
2026-07-17 20:15:00,4013.42,4015.44,4013.34,4014.97,2266
2026-07-17 20:18:00,4014.99,4015.33,4012.51,4012.97,2208
2026-07-17 20:21:00,4012.96,4015.63,4012.81,4015.2,2247
2026-07-17 20:24:00,4015.2,4015.88,4014.42,4014.59,2248
2026-07-17 20:27:00,4014.6,4015.77,4013.42,4013.94,2291
2026-07-17 20:30:00,4013.94,4014.7,4011.7,4012.34,2118
2026-07-17 20:33:00,4012.33,4012.53,4010.28,4010.37,2053
2026-07-17 20:36:00,4010.34,4012.8,4010.34,4012.06,2154
2026-07-17 20:39:00,4012.03,4012.98,4009.84,4011.11,2276
2026-07-17 20:42:00,4011.12,4011.51,4009.76,4010.97,2233
2026-07-17 20:45:00,4010.94,4012.35,4010.38,4012.22,2124
2026-07-17 20:48:00,4012.23,4013.27,4010.34,4010.7,2123
2026-07-17 20:51:00,4010.71,4010.72,4008.34,4010.23,2263
2026-07-17 20:54:00,4010.24,4010.74,4008.47,4008.99,2289
2026-07-17 20:57:00,4008.97,4010.47,4008.64,4010.03,2106
2026-07-17 21:00:00,4010.06,4010.96,4007.71,4010.58,2289
2026-07-17 21:03:00,4010.58,4011.21,4009.34,4010.12,2330
2026-07-17 21:06:00,4010.12,4012.48,4009.84,4012.13,2229
2026-07-17 21:09:00,4012.12,4012.95,4011.47,4011.65,2138
2026-07-17 21:12:00,4011.63,4012.0,4009.92,4010.44,2201
2026-07-17 21:15:00,4010.47,4012.46,4009.03,4012.21,2438
2026-07-17 21:18:00,4012.23,4013.23,4010.49,4011.01,2175
2026-07-17 21:21:00,4011.06,4013.25,4010.66,4013.0,2235
2026-07-17 21:24:00,4013.01,4013.27,4011.56,4011.83,2251
2026-07-17 21:27:00,4011.86,4016.14,4011.67,4015.46,2272
2026-07-17 21:30:00,4015.47,4016.22,4012.78,4012.78,2209
2026-07-17 21:33:00,4012.78,4013.5,4011.37,4012.12,2088
2026-07-17 21:36:00,4012.12,4013.02,4011.82,4012.61,2197
2026-07-17 21:39:00,4012.61,4012.73,4009.26,4009.36,2334
2026-07-17 21:42:00,4009.36,4009.81,4007.27,4008.2,2191
2026-07-17 21:45:00,4008.2,4008.99,4006.62,4008.34,2082
2026-07-17 21:48:00,4008.33,4008.78,4007.11,4008.44,2085
2026-07-17 21:51:00,4008.4,4009.82,4007.78,4009.53,2080
2026-07-17 21:54:00,4009.56,4011.17,4009.16,4010.54,2247
2026-07-17 21:57:00,4010.54,4012.25,4009.96,4011.32,2055
2026-07-17 22:00:00,4011.31,4011.51,4008.01,4008.14,2403
2026-07-17 22:03:00,4008.15,4008.53,4006.93,4006.94,2126
2026-07-17 22:06:00,4006.95,4007.5,4005.27,4005.44,2128
2026-07-17 22:09:00,4005.43,4006.22,4004.94,4005.75,2217
2026-07-17 22:12:00,4005.78,4006.22,4004.41,4005.98,2294
2026-07-17 22:15:00,4005.87,4006.74,4004.95,4005.37,2196
2026-07-17 22:18:00,4005.37,4006.69,4004.53,4005.99,2064
2026-07-17 22:21:00,4005.99,4006.03,4003.62,4003.85,2342
2026-07-17 22:24:00,4003.82,4005.01,4002.26,4004.91,2125
2026-07-17 22:27:00,4004.9,4005.54,4004.19,4005.33,2139
2026-07-17 22:30:00,4005.31,4007.34,4004.97,4006.33,2250
2026-07-17 22:33:00,4006.33,4007.11,4005.75,4006.34,2133
2026-07-17 22:36:00,4006.35,4008.97,4006.33,4006.48,2088
2026-07-17 22:39:00,4006.46,4008.7,4005.98,4008.61,2317
2026-07-17 22:42:00,4008.63,4010.08,4007.84,4009.92,2122
2026-07-17 22:45:00,4009.92,4011.18,4009.92,4010.85,2109
2026-07-17 22:48:00,4010.87,4011.37,4009.36,4010.82,2214
2026-07-17 22:51:00,4010.79,4014.4,4010.79,4013.92,2268
2026-07-17 22:54:00,4013.91,4016.56,4013.67,4016.5,2368
2026-07-17 22:57:00,4016.33,4016.41,4014.81,4015.46,2337
2026-07-17 23:00:00,4015.45,4015.89,4012.56,4014.0,2084
2026-07-17 23:03:00,4013.98,4014.51,4012.32,4013.12,2023
2026-07-17 23:06:00,4013.16,4013.42,4012.45,4013.28,2235
2026-07-17 23:09:00,4013.27,4013.73,4012.46,4012.48,1855
2026-07-17 23:12:00,4012.46,4013.21,4012.07,4012.19,1869
2026-07-17 23:15:00,4012.18,4012.6,4010.8,4010.93,1837
2026-07-17 23:18:00,4010.96,4011.02,4008.92,4009.47,1932
2026-07-17 23:21:00,4009.48,4010.7,4009.3,4010.36,1839
2026-07-17 23:24:00,4010.38,4010.52,4009.47,4009.52,1855
2026-07-17 23:27:00,4009.55,4011.5,4009.1,4010.93,1892
2026-07-17 23:30:00,4010.92,4011.08,4008.71,4008.73,1938
2026-07-17 23:33:00,4008.73,4010.25,4008.68,4010.0,1947
2026-07-17 23:36:00,4010.02,4011.0,4009.73,4010.86,1826
2026-07-17 23:39:00,4010.88,4011.8,4010.52,4011.17,1755
2026-07-17 23:42:00,4011.17,4013.74,4010.98,4013.58,1778
2026-07-17 23:45:00,4013.58,4017.18,4013.28,4015.46,2533
2026-07-17 23:48:00,4015.46,4016.93,4014.45,4016.81,1951
2026-07-17 23:51:00,4016.84,4018.37,4016.29,4017.75,2289
2026-07-17 23:54:00,4017.74,4017.84,4015.6,4016.38,610
2026-07-20 01:03:00,4000.38,4002.22,3997.96,4000.98,1587
2026-07-20 01:06:00,4000.97,4001.03,3994.91,3995.87,4006
2026-07-20 01:09:00,3995.89,3998.36,3995.53,3997.27,1875
2026-07-20 01:12:00,3997.25,3997.81,3996.2,3996.66,1916
2026-07-20 01:15:00,3996.66,3998.89,3995.81,3997.09,1996
2026-07-20 01:18:00,3997.1,3999.94,3996.54,3999.61,1900
2026-07-20 01:21:00,3999.61,4000.32,3997.19,3997.54,1904
2026-07-20 01:24:00,3997.54,3998.32,3995.64,3995.7,1894
2026-07-20 01:27:00,3995.71,3996.25,3994.88,3994.97,1899
2026-07-20 01:30:00,3994.98,3996.92,3993.41,3996.81,2015
2026-07-20 01:33:00,3996.8,3999.02,3996.73,3997.47,1832
2026-07-20 01:36:00,3997.45,3998.09,3996.56,3996.63,1778
2026-07-20 01:39:00,3996.62,3998.83,3996.59,3998.83,1803
2026-07-20 01:42:00,3998.8,3999.35,3996.61,3996.84,1909
2026-07-20 01:45:00,3996.81,3997.66,3995.95,3996.59,1867
2026-07-20 01:48:00,3996.58,3998.35,3996.58,3997.51,1754
2026-07-20 01:51:00,3997.51,3998.16,3996.58,3997.21,1825
2026-07-20 01:54:00,3997.24,3998.42,3996.6,3996.79,1828
2026-07-20 01:57:00,3996.79,3997.02,3994.69,3994.82,1835
2026-07-20 02:00:00,3994.82,3995.52,3991.64,3993.17,1983
2026-07-20 02:03:00,3993.16,3995.53,3993.05,3994.27,1893
2026-07-20 02:06:00,3994.24,3995.32,3993.4,3993.51,1823
2026-07-20 02:09:00,3993.5,3994.62,3993.24,3993.47,1864
2026-07-20 02:12:00,3993.47,3993.52,3990.77,3991.16,1908
2026-07-20 02:15:00,3991.16,3993.94,3991.12,3991.38,1864
2026-07-20 02:18:00,3991.41,3992.01,3990.6,3991.16,1833
2026-07-20 02:21:00,3991.15,3992.09,3990.68,3992.06,1830
2026-07-20 02:24:00,3992.08,3993.85,3991.91,3992.77,1877
2026-07-20 02:27:00,3992.77,3993.39,3991.97,3993.1,1838
2026-07-20 02:30:00,3993.13,3994.26,3992.3,3993.37,1845
2026-07-20 02:33:00,3993.36,3994.61,3992.17,3993.36,1904
2026-07-20 02:36:00,3993.36,3994.07,3991.37,3993.46,1864
2026-07-20 02:39:00,3993.46,3994.09,3990.02,3990.59,1877
2026-07-20 02:42:00,3990.6,3993.09,3990.18,3992.46,1922
2026-07-20 02:45:00,3992.45,3993.54,3989.44,3990.34,2170
2026-07-20 02:48:00,3990.34,3992.87,3990.32,3992.75,2041
2026-07-20 02:51:00,3992.76,3996.15,3992.68,3994.1,2230
2026-07-20 02:54:00,3994.07,3995.21,3992.52,3994.59,2068
2026-07-20 02:57:00,3994.57,3995.63,3994.02,3995.58,2103
2026-07-20 03:00:00,3995.42,3995.79,3982.72,3984.95,2765
2026-07-20 03:03:00,3984.99,3988.4,3984.38,3988.29,2230
2026-07-20 03:06:00,3988.29,3991.64,3988.29,3990.59,2413
2026-07-20 03:09:00,3990.62,3992.17,3987.59,3990.18,2400
2026-07-20 03:12:00,3990.21,3998.85,3990.17,3996.04,2408
2026-07-20 03:15:00,3996.02,3999.16,3993.71,3998.57,2476
2026-07-20 03:18:00,3998.6,4002.97,3996.1,4002.23,2510
2026-07-20 03:21:00,4002.24,4005.59,4000.25,4002.29,2486
2026-07-20 03:24:00,4002.28,4003.2,4001.15,4002.94,2450
2026-07-20 03:27:00,4002.93,4005.21,4001.42,4003.85,2245
2026-07-20 03:30:00,4003.85,4003.92,3998.52,4000.06,2285
2026-07-20 03:33:00,4000.07,4007.34,3999.77,4006.06,2318
2026-07-20 03:36:00,4006.06,4006.08,4000.75,4001.15,2290
2026-07-20 03:39:00,4001.06,4002.65,3999.79,4002.28,2137
2026-07-20 03:42:00,4002.29,4003.6,3998.48,3998.7,2152
2026-07-20 03:45:00,3998.72,4002.98,3998.7,4000.86,2241
2026-07-20 03:48:00,4000.87,4001.64,3999.45,3999.76,2153
2026-07-20 03:51:00,3999.76,4000.79,3998.57,4000.24,2062
2026-07-20 03:54:00,4000.23,4003.68,4000.1,4001.69,2172
2026-07-20 03:57:00,4001.68,4010.03,4000.45,4008.56,2208
2026-07-20 04:00:00,4008.53,4015.87,4005.86,4015.23,3241
2026-07-20 04:03:00,4015.23,4016.39,4010.82,4015.19,2785
2026-07-20 04:06:00,4015.19,4015.19,4010.29,4012.79,2485
2026-07-20 04:09:00,4012.79,4020.77,4012.61,4013.82,2658
2026-07-20 04:12:00,4013.85,4013.85,4009.27,4010.14,2458
2026-07-20 04:15:00,4010.13,4010.31,4007.32,4008.34,2543
2026-07-20 04:18:00,4008.32,4009.14,4002.49,4003.9,2720
2026-07-20 04:21:00,4003.9,4004.71,4000.4,4002.43,2371
2026-07-20 04:24:00,4002.43,4004.57,3999.82,4004.08,2327
2026-07-20 04:27:00,4004.07,4004.07,4000.47,4003.08,2181
2026-07-20 04:30:00,4003.09,4005.26,4002.37,4004.37,2598
2026-07-20 04:33:00,4004.36,4005.74,4001.19,4001.37,2254
2026-07-20 04:36:00,4001.39,4004.57,4000.8,4000.8,2314
2026-07-20 04:39:00,4000.78,4002.83,4000.41,4001.12,2327
2026-07-20 04:42:00,4001.11,4001.24,3995.8,3997.08,2477
2026-07-20 04:45:00,3997.07,4002.95,3997.0,4001.62,2340
2026-07-20 04:48:00,4001.58,4004.36,4000.4,4000.72,2256
2026-07-20 04:51:00,4000.73,4001.05,3998.04,3998.28,2215
2026-07-20 04:54:00,3998.2,3999.59,3997.76,3999.4,2228
2026-07-20 04:57:00,3999.38,4004.06,3998.92,4002.16,2355
2026-07-20 05:00:00,4002.2,4007.1,4001.31,4007.07,2539
2026-07-20 05:03:00,4007.05,4009.95,4005.3,4005.68,2520
2026-07-20 05:06:00,4005.69,4007.6,4004.8,4005.75,2349
2026-07-20 05:09:00,4005.78,4008.35,4005.02,4006.46,2341
2026-07-20 05:12:00,4006.5,4007.04,4005.46,4006.28,2251
2026-07-20 05:15:00,4006.29,4006.78,4004.09,4005.27,2158
2026-07-20 05:18:00,4005.27,4007.13,4004.35,4006.04,2123
2026-07-20 05:21:00,4006.03,4007.82,4006.03,4007.5,2047
2026-07-20 05:24:00,4007.49,4008.77,4006.21,4006.55,2085
2026-07-20 05:27:00,4006.57,4008.78,4006.21,4006.91,2100
2026-07-20 05:30:00,4006.9,4011.28,4006.05,4011.26,2563
2026-07-20 05:33:00,4011.24,4013.1,4010.41,4012.99,2406
2026-07-20 05:36:00,4013.01,4014.37,4010.71,4013.42,2361
2026-07-20 05:39:00,4013.42,4013.65,4009.49,4012.12,2359
2026-07-20 05:42:00,4012.12,4016.17,4012.1,4014.85,2313
2026-07-20 05:45:00,4014.86,4018.77,4013.98,4018.14,2392
2026-07-20 05:48:00,4018.13,4028.72,4017.92,4023.95,2567
2026-07-20 05:51:00,4023.97,4025.8,4020.94,4024.54,2320
2026-07-20 05:54:00,4024.55,4024.9,4021.3,4023.23,2134
2026-07-20 05:57:00,4023.17,4023.92,4021.88,4021.92,2170
2026-07-20 06:00:00,4021.92,4022.77,4020.1,4022.09,2309
2026-07-20 06:03:00,4022.1,4022.16,4019.75,4019.85,2274
2026-07-20 06:06:00,4019.83,4021.1,4018.64,4020.57,2195
2026-07-20 06:09:00,4020.58,4022.09,4020.16,4021.17,2178
2026-07-20 06:12:00,4021.17,4024.48,4020.45,4024.22,2261
2026-07-20 06:15:00,4024.21,4026.15,4023.35,4025.65,2343
2026-07-20 06:18:00,4025.65,4026.36,4024.51,4026.2,2277
2026-07-20 06:21:00,4026.17,4026.74,4024.25,4025.07,2290
2026-07-20 06:24:00,4025.06,4025.97,4023.42,4023.43,2084
2026-07-20 06:27:00,4023.24,4023.78,4021.7,4022.18,2162
2026-07-20 06:30:00,4022.17,4024.78,4019.72,4019.91,2168
2026-07-20 06:33:00,4019.9,4022.38,4018.75,4022.02,2090
2026-07-20 06:36:00,4021.99,4025.53,4020.67,4023.51,2061
2026-07-20 06:39:00,4023.53,4025.65,4023.47,4025.21,1993
2026-07-20 06:42:00,4025.21,4027.91,4025.18,4027.05,1961
2026-07-20 06:45:00,4027.13,4027.8,4026.65,4027.06,1951
2026-07-20 06:48:00,4027.01,4027.28,4025.91,4026.93,1913
2026-07-20 06:51:00,4026.92,4027.42,4025.11,4025.11,1967
2026-07-20 06:54:00,4025.11,4025.24,4023.02,4023.52,2034
2026-07-20 06:57:00,4023.52,4024.14,4022.79,4024.09,1974
2026-07-20 07:00:00,4024.09,4026.68,4023.88,4026.54,2047
2026-07-20 07:03:00,4026.55,4026.56,4024.97,4026.28,2018
2026-07-20 07:06:00,4026.3,4026.3,4023.99,4025.04,1954
2026-07-20 07:09:00,4025.06,4025.1,4023.77,4023.8,1890
2026-07-20 07:12:00,4023.78,4023.88,4021.37,4021.51,1977
2026-07-20 07:15:00,4021.48,4023.52,4021.42,4022.36,1904
2026-07-20 07:18:00,4022.36,4024.29,4022.36,4024.12,1939
2026-07-20 07:21:00,4024.13,4024.27,4021.57,4022.14,1957
2026-07-20 07:24:00,4022.13,4023.98,4021.4,4023.65,1937
2026-07-20 07:27:00,4023.62,4025.54,4023.29,4025.28,1907
2026-07-20 07:30:00,4025.28,4025.45,4022.78,4023.36,1948
2026-07-20 07:33:00,4023.36,4024.4,4022.22,4022.93,2036
2026-07-20 07:36:00,4022.91,4023.85,4022.41,4023.83,1910
2026-07-20 07:39:00,4023.85,4024.43,4022.69,4022.72,1934
2026-07-20 07:42:00,4022.69,4023.5,4022.48,4023.01,1927
2026-07-20 07:45:00,4023.01,4023.06,4019.37,4020.82,2093
2026-07-20 07:48:00,4020.79,4022.1,4019.62,4020.87,1927
2026-07-20 07:51:00,4020.88,4021.41,4019.37,4021.13,2003
2026-07-20 07:54:00,4021.13,4021.93,4018.6,4019.32,1922
2026-07-20 07:57:00,4019.31,4019.57,4018.48,4018.87,1832
2026-07-20 08:00:00,4018.86,4021.1,4018.86,4019.98,2072
2026-07-20 08:03:00,4019.99,4020.01,4016.95,4018.02,1925
2026-07-20 08:06:00,4018.04,4019.26,4015.84,4016.58,1995
2026-07-20 08:09:00,4016.57,4016.89,4013.43,4013.64,2030
2026-07-20 08:12:00,4013.64,4014.51,4011.76,4014.22,2163
2026-07-20 08:15:00,4014.21,4014.83,4013.32,4013.62,2071
2026-07-20 08:18:00,4013.6,4013.85,4011.57,4011.94,1982
2026-07-20 08:21:00,4011.93,4012.86,4011.35,4011.96,2004
2026-07-20 08:24:00,4011.95,4012.46,4010.52,4012.4,2049
2026-07-20 08:27:00,4012.35,4013.23,4009.9,4010.84,2003
2026-07-20 08:30:00,4010.86,4014.43,4010.1,4012.44,2537
2026-07-20 08:33:00,4012.46,4013.06,4008.06,4008.2,2421
2026-07-20 08:36:00,4008.26,4010.83,4007.9,4010.53,2215
2026-07-20 08:39:00,4010.52,4012.58,4009.19,4011.74,2375
2026-07-20 08:42:00,4011.73,4011.9,4009.1,4009.92,2306
2026-07-20 08:45:00,4009.92,4010.38,4008.35,4010.14,2323
2026-07-20 08:48:00,4010.13,4010.44,4005.55,4007.47,2389
2026-07-20 08:51:00,4007.45,4008.45,4005.43,4008.26,2223
2026-07-20 08:54:00,4008.26,4010.73,4007.29,4010.31,2202
2026-07-20 08:57:00,4010.31,4010.34,4008.19,4008.69,2075
2026-07-20 09:00:00,4008.7,4011.57,4008.7,4011.08,2195
2026-07-20 09:03:00,4011.13,4011.7,4007.06,4008.75,2305
2026-07-20 09:06:00,4008.75,4011.57,4008.75,4011.53,2318
2026-07-20 09:09:00,4011.51,4011.78,4008.68,4009.08,2202
2026-07-20 09:12:00,4009.09,4009.27,4006.81,4007.5,2099
2026-07-20 09:15:00,4007.49,4009.22,4006.52,4007.82,2274
2026-07-20 09:18:00,4007.82,4009.5,4007.22,4009.22,2241
2026-07-20 09:21:00,4009.17,4009.56,4006.81,4008.78,2398
2026-07-20 09:24:00,4008.74,4008.92,4005.86,4006.5,2129
2026-07-20 09:27:00,4006.49,4006.58,4004.02,4004.87,2196
2026-07-20 09:30:00,4004.88,4005.65,4002.98,4003.25,2222
2026-07-20 09:33:00,4003.25,4005.17,4002.99,4004.01,2246
2026-07-20 09:36:00,4004.0,4005.06,4003.29,4004.08,2153
2026-07-20 09:39:00,4004.08,4006.7,4003.84,4005.76,2339
2026-07-20 09:42:00,4005.77,4006.14,4003.97,4004.87,2309
2026-07-20 09:45:00,4004.88,4007.57,4004.86,4006.37,2237
2026-07-20 09:48:00,4006.37,4007.57,4005.86,4007.1,2029
2026-07-20 09:51:00,4007.09,4007.21,4003.35,4003.95,2161
2026-07-20 09:54:00,4003.98,4005.74,4003.91,4005.37,2066
2026-07-20 09:57:00,4005.39,4005.53,4003.27,4003.84,2062
2026-07-20 10:00:00,4003.84,4006.55,4002.15,4005.27,2150
2026-07-20 10:03:00,4005.29,4006.04,4004.6,4005.81,1977
2026-07-20 10:06:00,4005.83,4006.85,4005.43,4005.85,2087
2026-07-20 10:09:00,4005.84,4005.85,4003.88,4004.04,2076
2026-07-20 10:12:00,4004.01,4004.7,4003.12,4004.26,2060
2026-07-20 10:15:00,4004.28,4004.62,4002.61,4002.76,2144
2026-07-20 10:18:00,4002.78,4004.23,4002.24,4003.27,2236
2026-07-20 10:21:00,4003.23,4007.06,4003.11,4006.57,2223
2026-07-20 10:24:00,4006.56,4008.7,4004.33,4005.59,2192
2026-07-20 10:27:00,4005.62,4006.82,4003.47,4006.82,2124
2026-07-20 10:30:00,4006.81,4011.57,4006.63,4009.61,2384
2026-07-20 10:33:00,4009.6,4015.36,4009.59,4014.89,2380
2026-07-20 10:36:00,4014.88,4017.63,4013.24,4015.99,2269
2026-07-20 10:39:00,4015.99,4019.34,4015.96,4016.77,2180
2026-07-20 10:42:00,4016.78,4021.07,4016.6,4021.07,2246
2026-07-20 10:45:00,4021.02,4021.83,4018.31,4018.44,2207
2026-07-20 10:48:00,4018.41,4018.42,4016.38,4016.82,2097
2026-07-20 10:51:00,4016.82,4018.64,4015.8,4017.36,2106
2026-07-20 10:54:00,4017.35,4019.08,4016.9,4018.78,1971
2026-07-20 10:57:00,4018.77,4019.05,4016.81,4017.32,2042
2026-07-20 11:00:00,4017.31,4024.62,4017.19,4023.9,2317
2026-07-20 11:03:00,4023.89,4025.53,4020.73,4020.98,2067
2026-07-20 11:06:00,4020.99,4021.44,4018.66,4019.16,2012
2026-07-20 11:09:00,4019.14,4020.62,4019.1,4020.57,1950
2026-07-20 11:12:00,4020.56,4024.67,4020.28,4024.13,1956
2026-07-20 11:15:00,4024.15,4028.23,4023.71,4025.23,2098
2026-07-20 11:18:00,4025.22,4027.31,4023.59,4023.91,2020
2026-07-20 11:21:00,4023.92,4025.1,4023.15,4023.79,2014
2026-07-20 11:24:00,4023.81,4030.67,4023.8,4025.59,2146
2026-07-20 11:27:00,4025.62,4025.97,4021.89,4022.05,2150
2026-07-20 11:30:00,4022.07,4022.17,4018.92,4020.9,2140
2026-07-20 11:33:00,4020.87,4021.9,4019.92,4021.32,2129
2026-07-20 11:36:00,4021.34,4024.43,4021.02,4024.09,2320
2026-07-20 11:39:00,4024.09,4024.9,4023.05,4024.01,1893
2026-07-20 11:42:00,4024.01,4024.35,4021.53,4021.82,2052
2026-07-20 11:45:00,4021.79,4022.6,4020.18,4022.05,1996
2026-07-20 11:48:00,4022.06,4022.85,4020.32,4020.35,2082
2026-07-20 11:51:00,4020.34,4020.34,4017.51,4018.51,2077
2026-07-20 11:54:00,4018.5,4020.43,4017.95,4019.72,2064
2026-07-20 11:57:00,4019.73,4020.16,4018.54,4019.0,2014
2026-07-20 12:00:00,4019.0,4020.62,4018.36,4019.12,2192
2026-07-20 12:03:00,4019.14,4020.0,4016.62,4016.87,2092
2026-07-20 12:06:00,4016.86,4019.68,4015.22,4019.19,2054
2026-07-20 12:09:00,4019.16,4019.47,4017.84,4019.36,2017
2026-07-20 12:12:00,4019.36,4021.06,4018.67,4019.43,2039
2026-07-20 12:15:00,4019.44,4022.09,4019.37,4021.69,2153
2026-07-20 12:18:00,4021.72,4022.08,4019.24,4019.7,2212
2026-07-20 12:21:00,4019.69,4020.46,4019.12,4020.18,1994
2026-07-20 12:24:00,4020.19,4020.76,4018.5,4019.03,2022
2026-07-20 12:27:00,4019.03,4019.31,4015.58,4016.41,1962
2026-07-20 12:30:00,4016.4,4017.25,4014.91,4016.39,2110
2026-07-20 12:33:00,4016.4,4020.06,4016.38,4020.03,2068
2026-07-20 12:36:00,4020.01,4020.57,4018.1,4018.96,1960
2026-07-20 12:39:00,4018.94,4020.97,4018.89,4020.38,2099
2026-07-20 12:42:00,4020.4,4020.97,4019.16,4019.23,2054
2026-07-20 12:45:00,4019.23,4020.6,4017.58,4020.56,2145
2026-07-20 12:48:00,4020.56,4023.31,4019.72,4019.87,2019
2026-07-20 12:51:00,4019.88,4021.45,4019.09,4020.4,2048
2026-07-20 12:54:00,4020.41,4021.39,4018.93,4019.81,1930
2026-07-20 12:57:00,4019.78,4021.27,4019.39,4021.21,1997
2026-07-20 13:00:00,4021.2,4021.4,4018.23,4019.23,2042
2026-07-20 13:03:00,4019.22,4021.54,4018.96,4021.52,1987
2026-07-20 13:06:00,4021.54,4021.56,4019.76,4020.0,1968
2026-07-20 13:09:00,4019.97,4021.76,4019.97,4020.74,1912
2026-07-20 13:12:00,4020.71,4021.42,4020.05,4020.78,1890
2026-07-20 13:15:00,4020.79,4021.45,4018.83,4019.09,1947
2026-07-20 13:18:00,4019.08,4022.39,4018.97,4022.35,1927
2026-07-20 13:21:00,4022.38,4023.04,4021.76,4022.23,1996
2026-07-20 13:24:00,4022.23,4023.28,4021.09,4022.93,2042
2026-07-20 13:27:00,4022.95,4023.23,4021.9,4021.93,2099
2026-07-20 13:30:00,4021.9,4023.16,4021.48,4021.99,2021
2026-07-20 13:33:00,4021.97,4024.23,4021.75,4022.39,2064
2026-07-20 13:36:00,4022.4,4022.61,4021.2,4021.69,2062
2026-07-20 13:39:00,4021.7,4023.14,4021.52,4022.22,2352
2026-07-20 13:42:00,4022.26,4022.67,4021.88,4022.2,1905
2026-07-20 13:45:00,4022.2,4022.85,4021.14,4021.44,1940
2026-07-20 13:48:00,4021.46,4022.72,4020.96,4022.7,2009
2026-07-20 13:51:00,4022.71,4024.49,4022.66,4024.49,2024
2026-07-20 13:54:00,4024.61,4025.65,4022.47,4022.68,1967
2026-07-20 13:57:00,4022.68,4024.88,4022.68,4024.16,1968
2026-07-20 14:00:00,4024.13,4027.28,4023.48,4024.21,2313
2026-07-20 14:03:00,4024.18,4025.38,4022.86,4024.55,2112
2026-07-20 14:06:00,4024.53,4024.73,4022.68,4023.75,1999
2026-07-20 14:09:00,4023.75,4024.24,4021.26,4021.49,2042
2026-07-20 14:12:00,4021.48,4022.37,4019.83,4022.09,2004
2026-07-20 14:15:00,4022.07,4023.89,4021.73,4021.99,2084
2026-07-20 14:18:00,4022.01,4023.27,4021.59,4021.95,2355
2026-07-20 14:21:00,4021.93,4022.13,4021.17,4021.37,1956
2026-07-20 14:24:00,4021.34,4021.89,4019.95,4020.41,2009
2026-07-20 14:27:00,4020.42,4023.66,4020.2,4022.23,1952
2026-07-20 14:30:00,4022.25,4036.85,4021.5,4034.42,3772
2026-07-20 14:33:00,4034.42,4040.89,4031.31,4032.26,3287
2026-07-20 14:36:00,4032.23,4033.09,4029.44,4031.83,2444
2026-07-20 14:39:00,4031.84,4034.31,4030.82,4032.52,2336
2026-07-20 14:42:00,4032.53,4032.53,4029.43,4032.5,2373
2026-07-20 14:45:00,4032.51,4032.52,4028.1,4028.93,2320
2026-07-20 14:48:00,4029.02,4029.24,4025.65,4026.01,2272
2026-07-20 14:51:00,4026.02,4028.54,4025.51,4027.58,2278
2026-07-20 14:54:00,4027.58,4028.73,4026.48,4027.04,2128
2026-07-20 14:57:00,4027.05,4027.93,4025.01,4025.34,1994
2026-07-20 15:00:00,4025.34,4025.34,4012.41,4014.99,2887
2026-07-20 15:03:00,4015.01,4017.1,4012.23,4016.77,2732
2026-07-20 15:06:00,4016.76,4017.6,4012.8,4014.95,2307
2026-07-20 15:09:00,4014.95,4016.93,4013.63,4015.7,2169
2026-07-20 15:12:00,4015.75,4016.01,4011.45,4012.76,2221
2026-07-20 15:15:00,4012.75,4014.13,4009.58,4012.03,2368
2026-07-20 15:18:00,4012.05,4014.89,4009.76,4011.95,2313
2026-07-20 15:21:00,4011.99,4012.08,4007.64,4009.15,2289
2026-07-20 15:24:00,4009.16,4011.66,4006.78,4011.14,2358
2026-07-20 15:27:00,4011.14,4013.43,4010.15,4012.96,2422
2026-07-20 15:30:00,4012.97,4014.09,4011.14,4013.63,2336
2026-07-20 15:33:00,4013.64,4014.78,4012.07,4014.48,2258
2026-07-20 15:36:00,4014.47,4014.55,4011.94,4012.49,2158
2026-07-20 15:39:00,4012.47,4013.23,4009.46,4010.85,2110
2026-07-20 15:42:00,4010.86,4011.0,4006.55,4010.04,2282
2026-07-20 15:45:00,4010.03,4015.25,4009.01,4014.69,2414
2026-07-20 15:48:00,4014.73,4015.68,4010.09,4010.75,2466
2026-07-20 15:51:00,4010.78,4011.46,4009.58,4010.45,2150
2026-07-20 15:54:00,4010.42,4012.12,4008.41,4009.14,2231
2026-07-20 15:57:00,4009.14,4010.15,4008.05,4008.2,2181
2026-07-20 16:00:00,4008.19,4013.9,4007.88,4011.44,2629
2026-07-20 16:03:00,4011.44,4012.98,4010.8,4011.73,2352
2026-07-20 16:06:00,4011.73,4012.2,4008.64,4009.62,2393
2026-07-20 16:09:00,4009.6,4009.95,4008.0,4009.19,2212
2026-07-20 16:12:00,4009.19,4011.14,4008.17,4008.77,2421
2026-07-20 16:15:00,4008.77,4011.8,4007.01,4009.43,2277
2026-07-20 16:18:00,4009.43,4012.58,4007.66,4012.1,2390
2026-07-20 16:21:00,4012.1,4012.33,4009.3,4010.86,2270
2026-07-20 16:24:00,4010.9,4012.63,4009.81,4010.15,2347
2026-07-20 16:27:00,4010.16,4011.13,4007.93,4008.63,2275
2026-07-20 16:30:00,4008.62,4014.86,4008.23,4013.4,2618
2026-07-20 16:33:00,4013.39,4015.52,4008.6,4011.0,2516
2026-07-20 16:36:00,4010.99,4013.68,4009.79,4012.54,2582
2026-07-20 16:39:00,4012.55,4017.37,4012.38,4015.43,2686
2026-07-20 16:42:00,4015.4,4015.6,4012.43,4013.03,2637
2026-07-20 16:45:00,4013.05,4013.42,4010.16,4011.08,2534
2026-07-20 16:48:00,4011.07,4013.34,4008.32,4009.41,2495
2026-07-20 16:51:00,4009.43,4011.17,4007.18,4008.51,2400
2026-07-20 16:54:00,4008.49,4011.94,4008.31,4009.67,2547
2026-07-20 16:57:00,4009.67,4010.08,4005.72,4005.79,2326
2026-07-20 17:00:00,4005.78,4007.9,4001.29,4003.07,2567
2026-07-20 17:03:00,4003.08,4005.87,4002.85,4003.98,2562
2026-07-20 17:06:00,4003.95,4005.73,4002.45,4003.33,2587
2026-07-20 17:09:00,4003.33,4003.7,3998.44,3999.43,2739
2026-07-20 17:12:00,3999.42,4002.05,3998.31,3998.82,2559
2026-07-20 17:15:00,3998.78,4001.85,3998.36,4001.59,2720
2026-07-20 17:18:00,4001.62,4003.1,3998.86,3999.08,2584
2026-07-20 17:21:00,3999.1,4002.59,3998.32,4002.48,2636
2026-07-20 17:24:00,4002.46,4006.04,4002.25,4006.02,2322
2026-07-20 17:27:00,4005.99,4006.75,4004.6,4006.7,2272
2026-07-20 17:30:00,4006.74,4008.3,4006.04,4007.37,2256
2026-07-20 17:33:00,4007.37,4009.73,4007.19,4008.99,2312
2026-07-20 17:36:00,4008.96,4010.03,4007.11,4009.0,2211
2026-07-20 17:39:00,4009.0,4010.88,4008.69,4009.29,2219
2026-07-20 17:42:00,4009.31,4009.79,4007.03,4007.38,2246
2026-07-20 17:45:00,4007.39,4013.02,4006.79,4011.67,2490
2026-07-20 17:48:00,4011.68,4013.53,4010.84,4012.35,2293
2026-07-20 17:51:00,4012.34,4012.82,4009.24,4010.61,2412
2026-07-20 17:54:00,4010.63,4010.63,4006.49,4006.7,2303
2026-07-20 17:57:00,4006.67,4008.18,4005.13,4006.15,2394
2026-07-20 18:00:00,4006.13,4010.36,4004.46,4010.24,2498
2026-07-20 18:03:00,4010.25,4010.82,4006.84,4007.22,2391
2026-07-20 18:06:00,4007.23,4013.87,4007.07,4012.92,2508
2026-07-20 18:09:00,4012.93,4019.52,4012.44,4013.55,2789
2026-07-20 18:12:00,4013.57,4015.9,4012.46,4014.4,2432
2026-07-20 18:15:00,4014.39,4015.49,4011.28,4012.28,2277
2026-07-20 18:18:00,4012.29,4013.13,4011.23,4011.38,2240
2026-07-20 18:21:00,4011.4,4014.81,4011.31,4013.53,2285
2026-07-20 18:24:00,4013.53,4016.08,4013.06,4015.36,2146
2026-07-20 18:27:00,4015.37,4016.64,4015.17,4016.46,2109
2026-07-20 18:30:00,4016.46,4016.83,4014.71,4014.82,2227
2026-07-20 18:33:00,4014.84,4015.05,4012.35,4013.39,2215
2026-07-20 18:36:00,4013.39,4014.48,4010.27,4011.39,2187
2026-07-20 18:39:00,4011.41,4011.99,4010.29,4010.76,2202
2026-07-20 18:42:00,4010.78,4013.0,4010.31,4012.93,2137
2026-07-20 18:45:00,4012.91,4015.13,4012.02,4013.95,2103
2026-07-20 18:48:00,4013.95,4015.84,4013.06,4014.89,2073
2026-07-20 18:51:00,4014.88,4016.41,4014.65,4015.42,2172
2026-07-20 18:54:00,4015.44,4015.79,4014.2,4014.87,2017
2026-07-20 18:57:00,4014.89,4015.11,4011.78,4011.81,2043
2026-07-20 19:00:00,4011.82,4014.44,4011.26,4014.42,2209
2026-07-20 19:03:00,4014.44,4016.98,4014.3,4016.48,2076
2026-07-20 19:06:00,4016.48,4018.4,4016.18,4017.02,2127
2026-07-20 19:09:00,4017.04,4018.26,4015.69,4016.03,2012
2026-07-20 19:12:00,4016.01,4016.17,4012.76,4013.77,2041
2026-07-20 19:15:00,4013.76,4014.39,4012.18,4014.31,2117
2026-07-20 19:18:00,4014.34,4014.41,4011.9,4012.23,2021
2026-07-20 19:21:00,4012.23,4012.71,4011.72,4012.1,1896
2026-07-20 19:24:00,4012.11,4012.71,4010.74,4012.26,2037
2026-07-20 19:27:00,4012.25,4013.37,4011.9,4012.53,2108
2026-07-20 19:30:00,4012.52,4012.72,4009.97,4011.85,2207
2026-07-20 19:33:00,4011.84,4011.86,4009.31,4010.07,2169
2026-07-20 19:36:00,4010.05,4011.7,4009.83,4011.3,2164
2026-07-20 19:39:00,4011.32,4012.39,4001.36,4005.32,2464
2026-07-20 19:42:00,4005.33,4009.77,4005.12,4009.57,2572
2026-07-20 19:45:00,4009.59,4010.39,4007.08,4008.69,2303
2026-07-20 19:48:00,4008.7,4009.96,4006.74,4008.24,2110
2026-07-20 19:51:00,4008.22,4009.23,4007.59,4008.64,2117
2026-07-20 19:54:00,4008.65,4008.96,4007.83,4007.97,2045
2026-07-20 19:57:00,4007.97,4010.53,4007.93,4009.81,2021
2026-07-20 20:00:00,4009.82,4012.07,4009.75,4011.68,2097
2026-07-20 20:03:00,4011.67,4012.34,4010.18,4010.99,1905
2026-07-20 20:06:00,4010.97,4011.78,4010.34,4010.92,1990
2026-07-20 20:09:00,4010.95,4012.11,4010.65,4011.19,1951
2026-07-20 20:12:00,4011.22,4011.5,4009.54,4010.12,2025
2026-07-20 20:15:00,4010.11,4011.24,4008.91,4010.69,2034
2026-07-20 20:18:00,4010.72,4011.6,4009.85,4010.69,1961
2026-07-20 20:21:00,4010.67,4013.02,4010.5,4011.13,2037
2026-07-20 20:24:00,4011.16,4012.76,4010.2,4012.62,2098
2026-07-20 20:27:00,4012.61,4012.83,4010.91,4012.09,2184
2026-07-20 20:30:00,4012.15,4012.58,4010.69,4011.68,2078
2026-07-20 20:33:00,4011.66,4012.99,4011.09,4012.25,1987
2026-07-20 20:36:00,4012.25,4012.63,4011.65,4011.96,2014
2026-07-20 20:39:00,4011.99,4012.15,4009.75,4009.93,2050
2026-07-20 20:42:00,4009.94,4010.48,4007.77,4008.02,2027
2026-07-20 20:45:00,4008.0,4008.02,4006.43,4007.09,1996
2026-07-20 20:48:00,4007.11,4007.88,4004.18,4004.36,2109
2026-07-20 20:51:00,4004.36,4005.73,4003.84,4005.36,2116
2026-07-20 20:54:00,4005.39,4005.51,4004.21,4004.57,1972
2026-07-20 20:57:00,4004.58,4005.47,4003.75,4005.21,2056
2026-07-20 21:00:00,4005.21,4008.88,4005.21,4007.3,2137
2026-07-20 21:03:00,4007.33,4008.58,4006.65,4008.1,2063
2026-07-20 21:06:00,4008.11,4009.26,4007.83,4008.94,1942
2026-07-20 21:09:00,4008.93,4010.83,4008.28,4009.25,2011
2026-07-20 21:12:00,4009.23,4009.54,4008.33,4008.73,1900
2026-07-20 21:15:00,4008.75,4011.63,4008.72,4011.41,2002
2026-07-20 21:18:00,4011.39,4011.81,4007.38,4007.91,1996
2026-07-20 21:21:00,4007.91,4008.35,4003.35,4005.27,2303
2026-07-20 21:24:00,4005.28,4007.08,4004.27,4006.27,2149
2026-07-20 21:27:00,4006.27,4007.34,4005.52,4006.68,2063
2026-07-20 21:30:00,4006.67,4007.08,4005.32,4006.18,2146
2026-07-20 21:33:00,4006.15,4006.58,4004.36,4005.93,2068
2026-07-20 21:36:00,4005.93,4006.81,4005.33,4006.34,1984
2026-07-20 21:39:00,4006.35,4006.81,4005.55,4006.35,2061
2026-07-20 21:42:00,4006.38,4007.46,4005.88,4006.46,2048
2026-07-20 21:45:00,4006.46,4008.7,4005.33,4008.31,2163
2026-07-20 21:48:00,4008.31,4008.57,4007.63,4008.14,2013
2026-07-20 21:51:00,4008.13,4008.75,4006.89,4007.38,2026
2026-07-20 21:54:00,4007.38,4007.89,4005.88,4006.55,2022
2026-07-20 21:57:00,4006.55,4007.77,4006.19,4007.36,2011
2026-07-20 22:00:00,4007.39,4008.1,4006.63,4006.68,2087
2026-07-20 22:03:00,4006.66,4006.7,4004.9,4005.0,2218
2026-07-20 22:06:00,4005.0,4006.1,4004.68,4005.81,2044
2026-07-20 22:09:00,4005.8,4007.44,4005.44,4005.75,2146
2026-07-20 22:12:00,4005.73,4005.9,4004.39,4004.65,2055
2026-07-20 22:15:00,4004.63,4007.2,4004.28,4006.01,2088
2026-07-20 22:18:00,4006.02,4009.67,4005.89,4009.52,1998
2026-07-20 22:21:00,4009.54,4010.23,4008.08,4008.62,1978
2026-07-20 22:24:00,4008.63,4008.81,4007.0,4007.36,1935
2026-07-20 22:27:00,4007.35,4012.94,4006.79,4012.83,2134
2026-07-20 22:30:00,4012.84,4017.93,4011.98,4014.71,2653
2026-07-20 22:33:00,4014.72,4015.9,4012.79,4012.99,2233
2026-07-20 22:36:00,4013.0,4013.01,4009.83,4011.41,2270
2026-07-20 22:39:00,4011.41,4011.48,4009.87,4010.1,2080
2026-07-20 22:42:00,4010.13,4010.97,4005.19,4005.83,2063
2026-07-20 22:45:00,4005.81,4008.88,4005.43,4008.87,2087
2026-07-20 22:48:00,4008.85,4010.03,4007.72,4009.52,2085
2026-07-20 22:51:00,4009.5,4009.87,4008.39,4009.33,1958
2026-07-20 22:54:00,4009.34,4009.81,4006.76,4008.01,2103
2026-07-20 22:57:00,4008.02,4008.04,4005.92,4006.9,2135
2026-07-20 23:00:00,4006.9,4009.14,4006.61,4008.0,2132
2026-07-20 23:03:00,4007.98,4009.29,4007.77,4007.77,1925
2026-07-20 23:06:00,4007.75,4008.08,4005.72,4006.3,1909
2026-07-20 23:09:00,4006.37,4006.71,4005.91,4006.5,1864
2026-07-20 23:12:00,4006.52,4008.36,4006.36,4007.7,1903
2026-07-20 23:15:00,4007.72,4007.99,4007.12,4007.68,1847
2026-07-20 23:18:00,4007.68,4008.36,4007.16,4008.01,1812
2026-07-20 23:21:00,4008.01,4008.94,4007.93,4008.65,1820
2026-07-20 23:24:00,4008.63,4009.16,4008.04,4008.52,1802
2026-07-20 23:27:00,4008.53,4009.12,4008.11,4008.2,1795
2026-07-20 23:30:00,4008.19,4009.01,4007.43,4008.87,1847
2026-07-20 23:33:00,4008.89,4009.35,4008.37,4009.06,1789
2026-07-20 23:36:00,4009.05,4009.34,4008.09,4008.65,1823
2026-07-20 23:39:00,4008.65,4009.38,4008.63,4008.96,1777
2026-07-20 23:42:00,4008.98,4009.04,4008.29,4008.8,1786
2026-07-20 23:45:00,4008.8,4008.8,4007.74,4007.84,1734
2026-07-20 23:48:00,4007.85,4008.33,4007.57,4007.7,1773
2026-07-20 23:51:00,4007.71,4008.66,4007.29,4008.42,1778
2026-07-20 23:54:00,4008.41,4008.58,4007.82,4008.05,1775
2026-07-20 23:57:00,4008.04,4008.87,4007.09,4007.56,1259
2026-07-21 01:00:00,4009.43,4010.03,4008.95,4009.15,2470
2026-07-21 01:03:00,4009.16,4009.67,4006.85,4007.33,1853
2026-07-21 01:06:00,4007.35,4007.54,4006.38,4007.11,1773
2026-07-21 01:09:00,4007.12,4007.76,4005.92,4006.66,1865
2026-07-21 01:12:00,4006.66,4007.09,4006.12,4006.99,1821
2026-07-21 01:15:00,4007.0,4007.09,4006.1,4006.63,1852
2026-07-21 01:18:00,4006.6,4007.46,4005.15,4005.37,1845
2026-07-21 01:21:00,4005.36,4007.66,4005.04,4007.05,1945
2026-07-21 01:24:00,4007.04,4010.38,4006.58,4009.37,1981
2026-07-21 01:27:00,4009.38,4010.68,4007.73,4009.81,1832
2026-07-21 01:30:00,4009.79,4009.8,4007.9,4008.97,1747
2026-07-21 01:33:00,4008.96,4009.12,4006.57,4007.4,1914
2026-07-21 01:36:00,4007.41,4008.38,4005.72,4006.37,1933
2026-07-21 01:39:00,4006.38,4008.62,4004.14,4004.36,1933
2026-07-21 01:42:00,4004.36,4005.05,4002.9,4004.19,1871
2026-07-21 01:45:00,4004.22,4008.24,4002.65,4002.91,2038
2026-07-21 01:48:00,4002.86,4003.53,4000.44,4000.95,1829
2026-07-21 01:51:00,4000.95,4002.84,4000.7,4002.35,1893
2026-07-21 01:54:00,4002.35,4003.06,3999.77,4000.6,1985
2026-07-21 01:57:00,4000.59,4002.75,3999.93,4000.41,2004
2026-07-21 02:00:00,4000.4,4004.38,4000.18,4003.75,2039
2026-07-21 02:03:00,4003.75,4006.22,4003.47,4006.13,1940
2026-07-21 02:06:00,4006.13,4009.81,4005.84,4009.0,1983
2026-07-21 02:09:00,4008.99,4009.37,4000.63,4001.1,2066
2026-07-21 02:12:00,4001.11,4004.77,4001.09,4003.16,1958
2026-07-21 02:15:00,4003.16,4006.21,4003.1,4005.23,1883
2026-07-21 02:18:00,4005.21,4007.34,4004.94,4006.21,1820
2026-07-21 02:21:00,4006.19,4006.78,4004.79,4005.38,1882
2026-07-21 02:24:00,4005.39,4005.56,4003.62,4004.85,1961
2026-07-21 02:27:00,4004.85,4004.87,4003.52,4003.68,1888
2026-07-21 02:30:00,4003.68,4005.92,4003.46,4005.82,1863
2026-07-21 02:33:00,4005.84,4007.81,4005.14,4007.23,1898
2026-07-21 02:36:00,4007.23,4007.67,4005.89,4006.11,1761
2026-07-21 02:39:00,4006.09,4006.8,4003.91,4006.77,1933
2026-07-21 02:42:00,4006.8,4008.55,4006.48,4007.57,2003
2026-07-21 02:45:00,4007.59,4007.97,4004.26,4007.54,2054
2026-07-21 02:48:00,4007.53,4007.63,4006.4,4006.44,1903
2026-07-21 02:51:00,4006.46,4008.13,4005.87,4007.01,1893
2026-07-21 02:54:00,4007.0,4008.6,4006.91,4008.32,1985
2026-07-21 02:57:00,4008.34,4010.52,4007.99,4009.91,2166
2026-07-21 03:00:00,4009.9,4010.2,4003.79,4004.17,2553
2026-07-21 03:03:00,4004.15,4008.49,4003.95,4007.27,2429
2026-07-21 03:06:00,4007.25,4007.82,4004.63,4006.04,2420
2026-07-21 03:09:00,4006.04,4009.73,4005.92,4008.14,2434
2026-07-21 03:12:00,4008.14,4012.75,4007.81,4010.63,2434
2026-07-21 03:15:00,4010.63,4011.98,4007.89,4011.83,2325
2026-07-21 03:18:00,4011.86,4016.66,4010.63,4014.02,2378
2026-07-21 03:21:00,4014.03,4015.58,4012.98,4015.2,2211
2026-07-21 03:24:00,4015.2,4018.54,4015.0,4016.2,2336
2026-07-21 03:27:00,4016.19,4017.63,4014.48,4015.09,2027
2026-07-21 03:30:00,4015.07,4016.29,4014.24,4015.65,2036
2026-07-21 03:33:00,4015.65,4018.81,4015.17,4018.35,2129
2026-07-21 03:36:00,4018.35,4022.13,4017.72,4018.87,2180
2026-07-21 03:39:00,4018.89,4022.33,4018.35,4021.87,2010
2026-07-21 03:42:00,4021.82,4023.92,4021.25,4022.48,2083
2026-07-21 03:45:00,4022.49,4024.53,4021.98,4023.68,2148
2026-07-21 03:48:00,4023.68,4025.06,4022.37,4024.47,2034
2026-07-21 03:51:00,4024.49,4026.36,4023.71,4026.01,2043
2026-07-21 03:54:00,4026.04,4027.12,4023.15,4024.75,2049
2026-07-21 03:57:00,4024.73,4026.46,4023.84,4024.87,2042
2026-07-21 04:00:00,4024.86,4025.99,4018.43,4022.95,2833
2026-07-21 04:03:00,4022.97,4028.21,4021.01,4027.23,2506
2026-07-21 04:06:00,4027.24,4029.23,4026.44,4028.52,2248
2026-07-21 04:09:00,4028.54,4029.07,4026.74,4027.43,2375
2026-07-21 04:12:00,4027.43,4029.91,4026.52,4028.96,2212
2026-07-21 04:15:00,4028.93,4031.53,4027.04,4028.54,2356
2026-07-21 04:18:00,4028.58,4035.84,4028.15,4033.24,2502
2026-07-21 04:21:00,4033.26,4033.59,4026.31,4026.43,2133
2026-07-21 04:24:00,4026.42,4031.56,4026.35,4031.09,2181
2026-07-21 04:27:00,4031.08,4031.66,4027.8,4028.16,2296
2026-07-21 04:30:00,4028.13,4030.53,4026.83,4029.97,2236
2026-07-21 04:33:00,4029.99,4030.85,4026.85,4028.29,2249
2026-07-21 04:36:00,4028.29,4030.05,4025.01,4025.66,2267
2026-07-21 04:39:00,4025.66,4025.71,4023.09,4025.2,2305
2026-07-21 04:42:00,4025.21,4026.42,4024.43,4024.47,2071
2026-07-21 04:45:00,4024.48,4025.57,4022.58,4024.55,2130
2026-07-21 04:48:00,4024.55,4026.74,4024.54,4025.9,2094
2026-07-21 04:51:00,4025.88,4028.04,4025.1,4026.18,2104
2026-07-21 04:54:00,4026.2,4028.26,4022.56,4023.62,2136
2026-07-21 04:57:00,4023.65,4023.79,4021.46,4023.22,2012
2026-07-21 05:00:00,4023.21,4024.31,4022.06,4022.87,2049
2026-07-21 05:03:00,4022.88,4024.28,4022.36,4023.24,1980
2026-07-21 05:06:00,4023.22,4026.55,4023.11,4025.84,2032
2026-07-21 05:09:00,4025.84,4026.64,4023.77,4025.8,1994
2026-07-21 05:12:00,4025.79,4026.04,4023.42,4024.4,2001
2026-07-21 05:15:00,4024.4,4025.38,4024.08,4024.64,1946
2026-07-21 05:18:00,4024.64,4024.79,4022.05,4023.95,1969
2026-07-21 05:21:00,4023.92,4028.59,4023.65,4027.21,2070
2026-07-21 05:24:00,4027.22,4028.64,4025.9,4026.69,1986
2026-07-21 05:27:00,4026.69,4030.0,4025.58,4028.91,2067
2026-07-21 05:30:00,4028.88,4032.55,4028.0,4031.74,2475
2026-07-21 05:33:00,4031.74,4032.45,4030.12,4032.42,2250
2026-07-21 05:36:00,4032.42,4044.84,4032.42,4037.77,2760
2026-07-21 05:39:00,4037.77,4040.32,4036.07,4039.47,2451
2026-07-21 05:42:00,4039.47,4040.17,4035.2,4035.66,2261
2026-07-21 05:45:00,4035.71,4036.34,4035.05,4035.37,2022
2026-07-21 05:48:00,4035.36,4035.66,4033.65,4033.82,1970
2026-07-21 05:51:00,4033.79,4034.7,4031.06,4032.89,2042
2026-07-21 05:54:00,4032.9,4036.65,4032.61,4036.12,2100
2026-07-21 05:57:00,4036.11,4038.32,4035.64,4038.0,2137
2026-07-21 06:00:00,4038.0,4042.23,4037.75,4041.32,2169
2026-07-21 06:03:00,4041.32,4041.42,4039.21,4040.76,2136
2026-07-21 06:06:00,4040.76,4042.26,4038.15,4040.24,2059
2026-07-21 06:09:00,4040.23,4041.51,4039.85,4040.5,2001
2026-07-21 06:12:00,4040.5,4040.85,4037.78,4038.15,1995
2026-07-21 06:15:00,4038.13,4038.75,4036.86,4037.59,1992
2026-07-21 06:18:00,4037.58,4038.94,4036.9,4038.36,2007
2026-07-21 06:21:00,4038.35,4040.19,4037.78,4039.31,2031
2026-07-21 06:24:00,4039.29,4049.04,4039.17,4047.64,2299
2026-07-21 06:27:00,4047.64,4051.44,4044.92,4047.49,2343
2026-07-21 06:30:00,4047.49,4049.61,4044.89,4045.12,2115
2026-07-21 06:33:00,4045.09,4045.66,4043.77,4044.01,1909
2026-07-21 06:36:00,4044.04,4045.23,4043.05,4044.45,1936
2026-07-21 06:39:00,4044.44,4044.92,4043.4,4043.6,1885
2026-07-21 06:42:00,4043.6,4043.82,4041.89,4041.96,1892
2026-07-21 06:45:00,4041.93,4043.79,4041.86,4043.21,1932
2026-07-21 06:48:00,4043.2,4046.21,4043.09,4046.21,1931
2026-07-21 06:51:00,4046.24,4046.93,4045.19,4045.57,1888
2026-07-21 06:54:00,4045.6,4047.16,4045.39,4046.15,1941
2026-07-21 06:57:00,4046.13,4047.49,4045.85,4046.96,1911
2026-07-21 07:00:00,4046.97,4050.23,4046.96,4047.78,2086
2026-07-21 07:03:00,4047.75,4050.1,4047.21,4049.76,1917
2026-07-21 07:06:00,4049.76,4051.68,4047.19,4048.66,2028
2026-07-21 07:09:00,4048.66,4049.83,4045.74,4045.98,1971
2026-07-21 07:12:00,4045.95,4047.01,4045.84,4046.01,1846
2026-07-21 07:15:00,4046.01,4046.45,4044.63,4045.64,1841
2026-07-21 07:18:00,4045.64,4046.78,4043.87,4046.49,1927
2026-07-21 07:21:00,4046.52,4046.65,4044.37,4045.04,1797
2026-07-21 07:24:00,4045.06,4045.58,4043.98,4044.1,1900
2026-07-21 07:27:00,4044.11,4044.85,4043.75,4044.72,1825
2026-07-21 07:30:00,4044.74,4046.0,4044.35,4045.29,1842
2026-07-21 07:33:00,4045.29,4046.17,4045.07,4045.79,1858
2026-07-21 07:36:00,4045.82,4046.6,4045.24,4046.23,1876
2026-07-21 07:39:00,4046.26,4046.56,4045.09,4045.24,1857
2026-07-21 07:42:00,4045.24,4047.59,4045.11,4047.01,1901
2026-07-21 07:45:00,4046.98,4047.51,4045.71,4047.44,1888
2026-07-21 07:48:00,4047.41,4047.78,4045.74,4045.92,1844
2026-07-21 07:51:00,4045.94,4047.37,4045.5,4046.79,1818
2026-07-21 07:54:00,4046.8,4048.58,4046.67,4048.33,1814
2026-07-21 07:57:00,4048.33,4049.79,4048.2,4049.62,1868
2026-07-21 08:00:00,4049.64,4050.44,4048.47,4048.92,1927
2026-07-21 08:03:00,4048.92,4049.22,4047.66,4048.14,1879
2026-07-21 08:06:00,4048.16,4049.84,4046.38,4048.57,1922
2026-07-21 08:09:00,4048.58,4050.51,4048.41,4048.45,1945
2026-07-21 08:12:00,4048.44,4051.81,4048.31,4051.53,1931
2026-07-21 08:15:00,4051.53,4053.54,4048.99,4049.74,1955
2026-07-21 08:18:00,4049.74,4050.75,4048.37,4048.39,1923
2026-07-21 08:21:00,4048.38,4049.64,4048.1,4049.18,1865
2026-07-21 08:24:00,4049.15,4056.46,4049.08,4055.44,2052
2026-07-21 08:27:00,4055.43,4055.9,4053.38,4054.45,2008
2026-07-21 08:30:00,4054.46,4057.92,4054.46,4057.23,2337
2026-07-21 08:33:00,4057.26,4061.12,4057.26,4060.56,2218
2026-07-21 08:36:00,4060.57,4061.8,4058.93,4059.61,2093
2026-07-21 08:39:00,4059.59,4064.99,4059.53,4064.37,2178
2026-07-21 08:42:00,4064.35,4066.6,4063.46,4066.01,2263
2026-07-21 08:45:00,4065.98,4067.96,4063.93,4066.44,2212
2026-07-21 08:48:00,4066.44,4067.22,4064.93,4065.43,2078
2026-07-21 08:51:00,4065.43,4065.44,4062.34,4063.57,2057
2026-07-21 08:54:00,4063.56,4064.82,4062.49,4063.56,2038
2026-07-21 08:57:00,4063.57,4063.58,4061.29,4061.54,1937
2026-07-21 09:00:00,4061.53,4065.59,4061.52,4065.06,2123
2026-07-21 09:03:00,4065.07,4066.58,4064.16,4064.76,2152
2026-07-21 09:06:00,4065.08,4066.25,4064.04,4065.99,2044
2026-07-21 09:09:00,4066.01,4070.71,4065.98,4070.14,2212
2026-07-21 09:12:00,4070.13,4072.49,4069.52,4071.36,2161
2026-07-21 09:15:00,4071.36,4072.76,4068.86,4070.28,2212
2026-07-21 09:18:00,4070.3,4072.78,4068.41,4070.06,2296
2026-07-21 09:21:00,4070.05,4073.53,4069.87,4073.4,2383
2026-07-21 09:24:00,4073.38,4074.47,4071.84,4072.24,2140
2026-07-21 09:27:00,4072.23,4072.66,4071.2,4072.4,2147
2026-07-21 09:30:00,4072.43,4074.69,4071.93,4074.12,2210
2026-07-21 09:33:00,4074.14,4074.89,4072.01,4073.44,2182
2026-07-21 09:36:00,4073.47,4076.06,4072.56,4074.38,2072
2026-07-21 09:39:00,4074.37,4079.5,4073.51,4078.72,2170
2026-07-21 09:42:00,4078.73,4080.72,4076.91,4077.21,2223
2026-07-21 09:45:00,4077.2,4080.31,4077.2,4079.46,2347
2026-07-21 09:48:00,4079.46,4084.1,4079.45,4079.95,2228
2026-07-21 09:51:00,4079.94,4080.95,4079.32,4080.04,2412
2026-07-21 09:54:00,4080.07,4080.92,4079.13,4080.3,2026
2026-07-21 09:57:00,4080.28,4080.38,4078.57,4078.59,2023
2026-07-21 10:00:00,4078.56,4080.2,4077.69,4078.38,2115
2026-07-21 10:03:00,4078.39,4079.33,4076.13,4076.15,2044
2026-07-21 10:06:00,4076.17,4078.04,4076.12,4076.23,2014
2026-07-21 10:09:00,4076.22,4076.28,4072.54,4072.95,2039
2026-07-21 10:12:00,4072.96,4073.65,4071.81,4072.18,1992
2026-07-21 10:15:00,4072.18,4073.28,4071.07,4072.15,1931
2026-07-21 10:18:00,4072.15,4073.49,4071.56,4071.64,1898
2026-07-21 10:21:00,4071.62,4072.58,4070.67,4071.24,1864
2026-07-21 10:24:00,4071.25,4071.82,4069.63,4069.7,1916
2026-07-21 10:27:00,4069.67,4070.62,4068.31,4069.64,1972
2026-07-21 10:30:00,4069.61,4070.68,4067.74,4070.68,1927
2026-07-21 10:33:00,4070.66,4074.69,4070.66,4074.63,2059
2026-07-21 10:36:00,4074.6,4075.38,4072.72,4073.84,1923
2026-07-21 10:39:00,4073.82,4074.18,4072.25,4073.99,2045
2026-07-21 10:42:00,4073.98,4074.11,4071.4,4071.53,2067
2026-07-21 10:45:00,4071.51,4072.58,4070.25,4071.36,1955
2026-07-21 10:48:00,4071.35,4072.11,4070.41,4071.84,1930
2026-07-21 10:51:00,4071.85,4071.98,4070.5,4070.68,1927
2026-07-21 10:54:00,4070.7,4071.99,4069.88,4071.31,2029
2026-07-21 10:57:00,4071.27,4071.83,4069.93,4071.38,2049
2026-07-21 11:00:00,4071.37,4072.56,4066.54,4067.31,2180
2026-07-21 11:03:00,4067.32,4069.0,4066.19,4068.47,2072
2026-07-21 11:06:00,4068.47,4069.71,4065.64,4066.51,2037
2026-07-21 11:09:00,4066.49,4068.2,4065.95,4067.29,1946
2026-07-21 11:12:00,4067.31,4068.58,4066.72,4068.05,2133
2026-07-21 11:15:00,4068.05,4068.67,4066.75,4067.36,1949
2026-07-21 11:18:00,4067.35,4067.48,4065.04,4065.1,1971
2026-07-21 11:21:00,4065.09,4065.14,4063.36,4064.04,1978
2026-07-21 11:24:00,4064.01,4064.52,4063.21,4063.42,1958
2026-07-21 11:27:00,4063.41,4064.8,4063.09,4063.44,2075
2026-07-21 11:30:00,4063.61,4065.19,4062.6,4064.71,2107
2026-07-21 11:33:00,4064.68,4064.96,4061.98,4063.1,1964
2026-07-21 11:36:00,4063.09,4063.14,4061.01,4062.38,2293
2026-07-21 11:39:00,4062.39,4064.04,4061.74,4063.87,1888
2026-07-21 11:42:00,4063.89,4063.89,4062.07,4062.24,1927
2026-07-21 11:45:00,4062.26,4062.48,4060.22,4060.35,1902
2026-07-21 11:48:00,4060.35,4060.67,4059.22,4059.64,1987
2026-07-21 11:51:00,4059.64,4063.49,4059.21,4061.92,2061
2026-07-21 11:54:00,4061.93,4062.83,4060.26,4062.53,1936
2026-07-21 11:57:00,4062.54,4063.65,4061.24,4062.85,2062
2026-07-21 12:00:00,4062.87,4065.43,4062.85,4065.2,2112
2026-07-21 12:03:00,4065.21,4066.75,4064.3,4065.33,2035
2026-07-21 12:06:00,4065.34,4066.43,4063.85,4066.04,1926
2026-07-21 12:09:00,4066.01,4066.76,4065.12,4065.27,2093
2026-07-21 12:12:00,4065.25,4065.71,4064.81,4065.21,1981
2026-07-21 12:15:00,4065.22,4066.73,4064.85,4066.4,1861
2026-07-21 12:18:00,4066.4,4067.97,4065.61,4066.83,1959
2026-07-21 12:21:00,4066.83,4068.26,4065.17,4066.43,1985
2026-07-21 12:24:00,4066.44,4068.41,4065.99,4066.01,1991
2026-07-21 12:27:00,4066.04,4066.04,4062.58,4062.83,1960
2026-07-21 12:30:00,4062.84,4065.6,4061.89,4063.48,2083
2026-07-21 12:33:00,4063.51,4064.74,4062.5,4062.84,1913
2026-07-21 12:36:00,4062.83,4064.15,4061.96,4063.39,1910
2026-07-21 12:39:00,4063.39,4063.39,4061.71,4061.72,1842
2026-07-21 12:42:00,4061.73,4062.82,4061.11,4062.43,1859
2026-07-21 12:45:00,4062.44,4065.32,4062.17,4064.8,1940
2026-07-21 12:48:00,4064.78,4067.03,4064.3,4064.83,1990
2026-07-21 12:51:00,4064.8,4069.43,4064.54,4069.22,2042
2026-07-21 12:54:00,4069.24,4069.71,4068.08,4068.9,1895
2026-07-21 12:57:00,4068.92,4068.98,4065.9,4066.03,1923
2026-07-21 13:00:00,4066.05,4068.21,4065.64,4067.82,2028
2026-07-21 13:03:00,4067.81,4067.93,4063.6,4063.6,1904
2026-07-21 13:06:00,4063.6,4063.84,4062.77,4062.86,2344
2026-07-21 13:09:00,4062.87,4068.52,4060.94,4068.3,2492
2026-07-21 13:12:00,4068.31,4068.31,4065.98,4066.36,2201
2026-07-21 13:15:00,4066.35,4067.5,4064.72,4066.99,2069
2026-07-21 13:18:00,4066.97,4068.25,4066.93,4067.74,2009
2026-07-21 13:21:00,4067.73,4068.61,4067.14,4068.34,2048
2026-07-21 13:24:00,4068.31,4069.31,4067.21,4068.9,1997
2026-07-21 13:27:00,4068.91,4069.2,4066.36,4066.8,2019
2026-07-21 13:30:00,4066.79,4068.25,4066.62,4067.82,1987
2026-07-21 13:33:00,4067.84,4069.07,4067.15,4068.15,1955
2026-07-21 13:36:00,4068.15,4070.21,4068.08,4069.14,1980
2026-07-21 13:39:00,4069.15,4069.85,4066.95,4068.19,1958
2026-07-21 13:42:00,4068.18,4068.41,4066.84,4067.14,1839
2026-07-21 13:45:00,4067.13,4068.58,4063.8,4064.08,1994
2026-07-21 13:48:00,4064.1,4064.39,4062.98,4063.29,1984
2026-07-21 13:51:00,4063.28,4066.31,4062.94,4065.73,1882
2026-07-21 13:54:00,4065.7,4066.01,4064.05,4064.9,1932
2026-07-21 13:57:00,4064.92,4065.0,4062.59,4062.96,1921
2026-07-21 14:00:00,4062.95,4063.73,4060.04,4061.03,2064
2026-07-21 14:03:00,4061.01,4061.01,4056.36,4058.34,2031
2026-07-21 14:06:00,4058.32,4059.0,4055.66,4056.82,1977
2026-07-21 14:09:00,4056.85,4058.26,4055.5,4058.18,2017
2026-07-21 14:12:00,4058.19,4059.09,4057.66,4058.57,2031
2026-07-21 14:15:00,4058.58,4059.65,4058.46,4058.53,1968
2026-07-21 14:18:00,4058.53,4059.67,4056.59,4057.11,2141
2026-07-21 14:21:00,4057.09,4058.48,4056.27,4058.37,1896
2026-07-21 14:24:00,4058.35,4059.54,4057.25,4058.37,1934
2026-07-21 14:27:00,4058.38,4059.9,4057.88,4058.07,1888
2026-07-21 14:30:00,4058.06,4059.65,4057.85,4058.11,1960
2026-07-21 14:33:00,4058.13,4059.78,4058.0,4059.76,2383
2026-07-21 14:36:00,4059.75,4060.86,4059.54,4060.21,1959
2026-07-21 14:39:00,4060.21,4061.25,4057.26,4057.26,2042
2026-07-21 14:42:00,4057.25,4057.48,4055.57,4056.12,1907
2026-07-21 14:45:00,4056.13,4057.41,4054.48,4057.03,1913
2026-07-21 14:48:00,4057.04,4058.53,4056.29,4058.38,2187
2026-07-21 14:51:00,4058.4,4058.41,4055.76,4056.46,1918
2026-07-21 14:54:00,4056.43,4057.08,4056.04,4056.55,1967
2026-07-21 14:57:00,4056.56,4056.62,4055.02,4055.98,1917
2026-07-21 15:00:00,4055.99,4058.79,4055.8,4057.65,2085
2026-07-21 15:03:00,4057.67,4058.97,4057.62,4058.95,1987
2026-07-21 15:06:00,4058.96,4060.98,4058.16,4059.32,2014
2026-07-21 15:09:00,4059.32,4059.37,4056.52,4057.38,2034
2026-07-21 15:12:00,4057.38,4059.65,4057.37,4059.44,2224
2026-07-21 15:15:00,4059.47,4060.23,4055.78,4059.8,2110
2026-07-21 15:18:00,4059.8,4061.11,4058.14,4058.41,2083
2026-07-21 15:21:00,4058.39,4062.35,4057.86,4062.35,2069
2026-07-21 15:24:00,4062.35,4065.7,4061.07,4063.23,2241
2026-07-21 15:27:00,4063.23,4063.23,4060.72,4061.57,1995
2026-07-21 15:30:00,4061.59,4063.7,4060.82,4062.11,2224
2026-07-21 15:33:00,4062.12,4063.74,4055.78,4056.25,2244
2026-07-21 15:36:00,4056.26,4057.09,4053.78,4054.71,2161
2026-07-21 15:39:00,4054.71,4056.15,4052.95,4054.67,2113
2026-07-21 15:42:00,4054.44,4055.73,4051.1,4053.93,2369
2026-07-21 15:45:00,4053.93,4057.59,4053.63,4057.55,2190
2026-07-21 15:48:00,4057.56,4062.18,4057.42,4058.31,2149
2026-07-21 15:51:00,4058.33,4059.18,4055.41,4056.36,2119
2026-07-21 15:54:00,4056.36,4056.56,4052.9,4053.84,2149
2026-07-21 15:57:00,4053.86,4055.92,4053.06,4053.91,2188
2026-07-21 16:00:00,4053.92,4060.21,4053.88,4059.09,2601
2026-07-21 16:03:00,4059.08,4060.44,4056.01,4059.01,2313
2026-07-21 16:06:00,4059.03,4060.43,4058.2,4059.52,2241
2026-07-21 16:09:00,4059.55,4059.82,4057.24,4058.05,2253
2026-07-21 16:12:00,4058.06,4060.4,4056.81,4059.75,2465
2026-07-21 16:15:00,4059.75,4061.75,4055.58,4055.78,2269
2026-07-21 16:18:00,4055.78,4057.11,4054.62,4055.49,2469
2026-07-21 16:21:00,4055.49,4057.41,4053.35,4054.21,2535
2026-07-21 16:24:00,4054.19,4054.68,4051.78,4053.13,2464
2026-07-21 16:27:00,4053.12,4053.47,4050.24,4051.01,2446
2026-07-21 16:30:00,4051.01,4053.76,4047.68,4053.73,2790
2026-07-21 16:33:00,4053.74,4057.45,4052.72,4056.57,2636
2026-07-21 16:36:00,4056.57,4057.43,4051.17,4052.9,2539
2026-07-21 16:39:00,4052.88,4053.76,4049.58,4050.19,2532
2026-07-21 16:42:00,4050.18,4050.84,4044.84,4046.57,2687
2026-07-21 16:45:00,4046.52,4047.67,4044.51,4045.72,2602
2026-07-21 16:48:00,4045.81,4051.76,4044.82,4049.44,2502
2026-07-21 16:51:00,4049.44,4051.77,4046.38,4051.77,2570
2026-07-21 16:54:00,4051.78,4053.0,4049.81,4050.75,2375
2026-07-21 16:57:00,4050.78,4053.65,4050.3,4053.21,2192
2026-07-21 17:00:00,4053.21,4054.65,4051.82,4053.12,2410
2026-07-21 17:03:00,4053.12,4057.63,4052.99,4057.62,2423
2026-07-21 17:06:00,4057.62,4059.48,4054.53,4054.98,2405
2026-07-21 17:09:00,4054.98,4060.85,4054.62,4059.97,2374
2026-07-21 17:12:00,4059.97,4065.99,4059.96,4065.94,2598
2026-07-21 17:15:00,4065.96,4065.96,4061.13,4064.14,2462
2026-07-21 17:18:00,4064.12,4067.68,4062.71,4062.97,2606
2026-07-21 17:21:00,4062.98,4065.23,4061.36,4064.7,2442
2026-07-21 17:24:00,4064.72,4068.1,4063.44,4067.16,2740
2026-07-21 17:27:00,4067.14,4069.48,4065.55,4069.47,2535
2026-07-21 17:30:00,4069.45,4073.78,4069.16,4070.15,2477
2026-07-21 17:33:00,4070.14,4071.01,4064.81,4065.66,2614
2026-07-21 17:36:00,4065.65,4066.55,4062.32,4063.63,2312
2026-07-21 17:39:00,4063.63,4065.38,4062.69,4063.12,2461
2026-07-21 17:42:00,4063.12,4068.0,4063.07,4067.59,2236
2026-07-21 17:45:00,4067.55,4068.26,4066.29,4067.16,2294
2026-07-21 17:48:00,4067.18,4070.63,4067.07,4069.2,2431
2026-07-21 17:51:00,4069.22,4070.73,4066.63,4066.97,2229
2026-07-21 17:54:00,4066.97,4070.33,4066.81,4069.43,2621
2026-07-21 17:57:00,4069.42,4070.31,4067.3,4068.43,2507
2026-07-21 18:00:00,4068.43,4070.98,4067.88,4069.11,2479
2026-07-21 18:03:00,4069.13,4069.43,4065.58,4067.14,2481
2026-07-21 18:06:00,4067.14,4068.96,4066.34,4067.92,2249
2026-07-21 18:09:00,4067.93,4073.81,4067.69,4071.73,2302
2026-07-21 18:12:00,4071.72,4073.66,4071.03,4073.39,2492
2026-07-21 18:15:00,4073.38,4078.64,4073.34,4078.11,2386
2026-07-21 18:18:00,4077.94,4078.65,4075.54,4078.19,2598
2026-07-21 18:21:00,4078.19,4079.14,4075.94,4076.18,2381
2026-07-21 18:24:00,4076.19,4078.38,4075.77,4076.76,2682
2026-07-21 18:27:00,4076.74,4078.16,4076.47,4076.86,2082
2026-07-21 18:30:00,4076.84,4081.47,4076.13,4081.28,2314
2026-07-21 18:33:00,4081.31,4082.79,4077.63,4079.75,2363
2026-07-21 18:36:00,4079.75,4083.34,4079.11,4081.89,2271
2026-07-21 18:39:00,4081.9,4082.29,4077.76,4078.09,2364
2026-07-21 18:42:00,4078.05,4078.46,4075.6,4075.93,2470
2026-07-21 18:45:00,4075.95,4076.09,4074.25,4074.64,2060
2026-07-21 18:48:00,4074.66,4075.64,4072.24,4075.28,2116
2026-07-21 18:51:00,4075.26,4078.23,4074.4,4077.65,2015
2026-07-21 18:54:00,4077.68,4077.97,4075.31,4075.9,2351
2026-07-21 18:57:00,4075.92,4076.1,4073.94,4074.2,2019
2026-07-21 19:00:00,4074.22,4076.11,4073.61,4075.35,2085
2026-07-21 19:03:00,4075.32,4077.97,4074.94,4076.81,2015
2026-07-21 19:06:00,4076.8,4077.89,4076.57,4077.28,1948
2026-07-21 19:09:00,4077.3,4078.11,4076.46,4077.38,2047
2026-07-21 19:12:00,4077.35,4079.12,4077.02,4078.42,1969
2026-07-21 19:15:00,4078.45,4078.51,4077.59,4078.28,1943
2026-07-21 19:18:00,4078.28,4078.48,4076.2,4076.42,1952
2026-07-21 19:21:00,4076.41,4077.65,4076.24,4076.76,1879
2026-07-21 19:24:00,4076.76,4078.18,4075.2,4075.2,1946
2026-07-21 19:27:00,4075.2,4075.91,4074.07,4075.71,1923
2026-07-21 19:30:00,4075.7,4076.4,4074.83,4075.68,1989
2026-07-21 19:33:00,4075.68,4076.31,4074.83,4075.4,1879
2026-07-21 19:36:00,4075.39,4075.84,4071.23,4073.81,2167
2026-07-21 19:39:00,4073.79,4075.13,4073.32,4073.47,1903
2026-07-21 19:42:00,4073.49,4074.0,4071.48,4072.03,1913
2026-07-21 19:45:00,4072.02,4072.71,4069.91,4071.1,2103
2026-07-21 19:48:00,4071.12,4073.01,4070.33,4072.52,1911
2026-07-21 19:51:00,4072.55,4073.35,4071.64,4072.76,2185
2026-07-21 19:54:00,4072.76,4073.19,4071.24,4071.77,1883
2026-07-21 19:57:00,4071.75,4072.34,4071.13,4071.6,1916
2026-07-21 20:00:00,4071.58,4072.28,4070.04,4070.17,2064
2026-07-21 20:03:00,4070.19,4071.93,4069.41,4071.69,1996
2026-07-21 20:06:00,4071.65,4072.57,4070.34,4071.73,1967
2026-07-21 20:09:00,4071.73,4071.99,4069.98,4071.28,1984
2026-07-21 20:12:00,4071.28,4072.45,4070.5,4070.53,1949
2026-07-21 20:15:00,4070.53,4071.01,4069.26,4069.52,2051
2026-07-21 20:18:00,4069.52,4070.82,4069.0,4070.79,2214
2026-07-21 20:21:00,4070.8,4071.34,4070.36,4071.09,1911
2026-07-21 20:24:00,4071.07,4072.45,4071.04,4071.39,2066
2026-07-21 20:27:00,4071.41,4072.84,4070.99,4072.25,1973
2026-07-21 20:30:00,4072.24,4072.33,4070.75,4070.96,1910
2026-07-21 20:33:00,4070.93,4070.93,4069.28,4069.77,1829
2026-07-21 20:36:00,4069.79,4070.11,4069.06,4070.08,2129
2026-07-21 20:39:00,4070.04,4070.08,4067.12,4067.45,1890
2026-07-21 20:42:00,4067.45,4068.32,4066.89,4068.18,1915
2026-07-21 20:45:00,4068.15,4068.22,4066.83,4067.36,1817
2026-07-21 20:48:00,4067.37,4068.08,4066.86,4067.0,1962
2026-07-21 20:51:00,4066.98,4068.11,4066.97,4067.89,1834
2026-07-21 20:54:00,4067.88,4068.32,4067.36,4067.42,1860
2026-07-21 20:57:00,4067.43,4068.65,4066.9,4068.65,1869
2026-07-21 21:00:00,4068.65,4069.74,4068.02,4069.42,1940
2026-07-21 21:03:00,4069.42,4069.42,4067.86,4068.4,2027
2026-07-21 21:06:00,4068.4,4071.05,4067.7,4070.66,1938
2026-07-21 21:09:00,4070.68,4072.22,4070.63,4072.15,1925
2026-07-21 21:12:00,4072.14,4072.32,4071.42,4071.46,1867
2026-07-21 21:15:00,4071.47,4073.84,4071.19,4073.78,1985
2026-07-21 21:18:00,4073.79,4073.83,4072.48,4073.83,1867
2026-07-21 21:21:00,4073.82,4078.51,4073.34,4078.38,2091
2026-07-21 21:24:00,4078.38,4086.15,4078.38,4085.76,2251
2026-07-21 21:27:00,4085.76,4087.26,4083.34,4083.85,2116
2026-07-21 21:30:00,4083.84,4084.49,4081.32,4084.47,2013
2026-07-21 21:33:00,4084.44,4085.65,4083.42,4083.52,2037
2026-07-21 21:36:00,4083.57,4083.59,4081.55,4082.33,1972
2026-07-21 21:39:00,4082.32,4083.25,4081.77,4082.63,1944
2026-07-21 21:42:00,4082.6,4084.01,4081.99,4082.4,1947
2026-07-21 21:45:00,4082.42,4082.62,4080.58,4080.7,1872
2026-07-21 21:48:00,4080.7,4081.17,4080.05,4080.29,1812
2026-07-21 21:51:00,4080.3,4081.34,4079.31,4080.9,1810
2026-07-21 21:54:00,4080.91,4083.42,4080.91,4082.96,1885
2026-07-21 21:57:00,4082.95,4083.0,4081.83,4082.29,1883
2026-07-21 22:00:00,4082.25,4085.21,4082.25,4084.83,2007
2026-07-21 22:03:00,4084.85,4085.4,4083.35,4083.38,1889
2026-07-21 22:06:00,4083.37,4085.58,4081.91,4082.47,1984
2026-07-21 22:09:00,4082.47,4083.06,4080.1,4080.1,2014
2026-07-21 22:12:00,4080.1,4081.75,4080.1,4080.89,1871
2026-07-21 22:15:00,4080.88,4082.31,4080.85,4082.05,1931
2026-07-21 22:18:00,4082.05,4084.11,4082.05,4083.8,1914
2026-07-21 22:21:00,4083.8,4083.86,4082.35,4083.17,1922
2026-07-21 22:24:00,4083.14,4084.58,4083.14,4084.42,1923
2026-07-21 22:27:00,4084.41,4085.32,4083.88,4084.12,1967
2026-07-21 22:30:00,4084.11,4085.11,4083.45,4083.54,2021
2026-07-21 22:33:00,4083.57,4084.03,4082.14,4082.53,1976
2026-07-21 22:36:00,4082.56,4083.23,4081.91,4082.19,1851
2026-07-21 22:39:00,4082.18,4084.48,4082.17,4084.4,2099
2026-07-21 22:42:00,4084.4,4084.47,4083.13,4083.32,1962
2026-07-21 22:45:00,4083.31,4085.3,4082.9,4085.11,1906
2026-07-21 22:48:00,4085.12,4085.27,4083.65,4084.82,1978
2026-07-21 22:51:00,4084.84,4085.28,4083.69,4083.75,2038
2026-07-21 22:54:00,4083.77,4084.39,4083.59,4084.0,1916
2026-07-21 22:57:00,4084.0,4085.42,4083.99,4084.51,2143
2026-07-21 23:00:00,4084.53,4086.36,4083.6,4084.46,2069
2026-07-21 23:03:00,4084.48,4085.17,4083.24,4084.02,1793
2026-07-21 23:06:00,4084.01,4086.06,4083.89,4085.51,1829
2026-07-21 23:09:00,4085.51,4085.61,4084.55,4084.59,2180
2026-07-21 23:12:00,4084.57,4084.66,4083.71,4084.44,1743
2026-07-21 23:15:00,4084.44,4084.44,4083.07,4084.05,1802
2026-07-21 23:18:00,4084.08,4084.56,4081.62,4082.28,1739
2026-07-21 23:21:00,4082.26,4083.02,4082.26,4082.94,1808
2026-07-21 23:24:00,4082.93,4083.18,4082.41,4082.82,2117
2026-07-21 23:27:00,4082.81,4082.95,4082.26,4082.75,1750
2026-07-21 23:30:00,4082.76,4085.39,4082.75,4085.33,1794
2026-07-21 23:33:00,4085.35,4085.35,4082.69,4083.17,1855
2026-07-21 23:36:00,4083.15,4083.44,4082.35,4082.54,1837
2026-07-21 23:39:00,4082.54,4082.8,4080.98,4081.2,1771
2026-07-21 23:42:00,4081.19,4081.41,4080.46,4081.0,1768
2026-07-21 23:45:00,4080.98,4080.98,4078.73,4079.2,1792
2026-07-21 23:48:00,4079.18,4079.43,4077.47,4077.48,1823
2026-07-21 23:51:00,4077.5,4079.07,4077.46,4078.36,1803
2026-07-21 23:54:00,4078.36,4078.37,4076.67,4077.51,1761
2026-07-21 23:57:00,4077.5,4078.12,4077.47,4077.73,1192
2026-07-22 01:00:00,4079.89,4080.95,4078.26,4079.38,2599
2026-07-22 01:03:00,4079.38,4079.75,4078.48,4078.91,1840
2026-07-22 01:06:00,4078.93,4079.09,4077.11,4078.19,1835
2026-07-22 01:09:00,4078.18,4078.97,4077.56,4078.93,1796
2026-07-22 01:12:00,4078.92,4079.31,4077.68,4079.01,1796
2026-07-22 01:15:00,4079.01,4080.94,4078.2,4080.77,1872
2026-07-22 01:18:00,4080.39,4081.1,4079.68,4081.1,1758
2026-07-22 01:21:00,4081.07,4082.22,4081.02,4081.85,1804
2026-07-22 01:24:00,4081.82,4082.14,4080.54,4082.01,1797
2026-07-22 01:27:00,4082.01,4083.16,4081.5,4082.68,1859
2026-07-22 01:30:00,4082.68,4084.93,4082.64,4083.91,1928
2026-07-22 01:33:00,4083.92,4084.54,4082.78,4083.05,1830
2026-07-22 01:36:00,4083.07,4084.99,4083.0,4084.56,1784
2026-07-22 01:39:00,4084.67,4084.86,4083.96,4084.24,1777
2026-07-22 01:42:00,4084.24,4084.91,4083.86,4083.99,1788
2026-07-22 01:45:00,4083.99,4084.4,4081.74,4082.59,1870
2026-07-22 01:48:00,4082.59,4082.77,4080.7,4080.76,1817
2026-07-22 01:51:00,4080.79,4081.09,4078.25,4079.5,1810
2026-07-22 01:54:00,4079.53,4081.11,4078.87,4080.97,1816
2026-07-22 01:57:00,4080.94,4081.32,4080.26,4080.46,1803
2026-07-22 02:00:00,4080.48,4081.35,4079.51,4080.23,1860
2026-07-22 02:03:00,4080.25,4081.45,4080.18,4081.42,1797
2026-07-22 02:06:00,4081.42,4081.93,4080.24,4080.86,1800
2026-07-22 02:09:00,4080.85,4081.29,4080.37,4081.05,1770
2026-07-22 02:12:00,4081.05,4081.97,4081.05,4081.35,1785
2026-07-22 02:15:00,4081.33,4082.07,4080.95,4081.55,1773
2026-07-22 02:18:00,4081.56,4082.51,4081.52,4081.76,1790
2026-07-22 02:21:00,4081.76,4082.28,4081.33,4082.19,1781
2026-07-22 02:24:00,4082.19,4082.4,4081.55,4082.0,1733
2026-07-22 02:27:00,4082.0,4082.54,4081.11,4081.27,1778
2026-07-22 02:30:00,4081.25,4081.77,4080.6,4081.38,1787
2026-07-22 02:33:00,4081.4,4081.45,4080.52,4080.58,1765
2026-07-22 02:36:00,4080.56,4081.91,4080.56,4081.83,1786
2026-07-22 02:39:00,4081.83,4082.39,4081.06,4081.06,1835
2026-07-22 02:42:00,4081.09,4081.09,4079.28,4080.48,1853
2026-07-22 02:45:00,4080.48,4083.11,4079.35,4081.53,1942
2026-07-22 02:48:00,4081.54,4081.57,4080.43,4081.13,1779
2026-07-22 02:51:00,4081.12,4081.26,4080.3,4080.77,1811
2026-07-22 02:54:00,4080.76,4081.06,4080.21,4080.31,1846
2026-07-22 02:57:00,4080.3,4080.94,4079.26,4080.67,1856
2026-07-22 03:00:00,4080.64,4081.9,4076.78,4079.74,2509
2026-07-22 03:03:00,4079.73,4083.53,4078.94,4081.89,2281
2026-07-22 03:06:00,4081.92,4090.21,4081.8,4087.16,2437
2026-07-22 03:09:00,4087.15,4090.89,4086.25,4090.74,2261
2026-07-22 03:12:00,4090.72,4092.73,4090.15,4092.19,2231
2026-07-22 03:15:00,4092.2,4098.12,4092.19,4096.58,2403
2026-07-22 03:18:00,4096.58,4096.91,4094.42,4096.9,2111
2026-07-22 03:21:00,4096.85,4097.69,4092.88,4096.99,2166
2026-07-22 03:24:00,4096.98,4098.7,4096.69,4097.61,2195
2026-07-22 03:27:00,4097.64,4098.5,4096.73,4098.1,2102
2026-07-22 03:30:00,4098.11,4102.32,4091.85,4092.14,2394
2026-07-22 03:33:00,4092.15,4093.46,4089.61,4091.74,2098
2026-07-22 03:36:00,4091.77,4097.28,4091.52,4096.67,2171
2026-07-22 03:39:00,4096.64,4096.76,4092.68,4094.11,2110
2026-07-22 03:42:00,4094.11,4095.27,4091.77,4092.77,2063
2026-07-22 03:45:00,4092.74,4093.91,4091.5,4093.88,2199
2026-07-22 03:48:00,4093.9,4099.37,4093.77,4094.96,2230
2026-07-22 03:51:00,4094.99,4096.01,4093.71,4094.53,1995
2026-07-22 03:54:00,4094.56,4095.07,4093.34,4093.98,2100
2026-07-22 03:57:00,4093.91,4097.55,4093.12,4097.46,2164
2026-07-22 04:00:00,4097.45,4108.72,4096.69,4106.09,2822
2026-07-22 04:03:00,4106.08,4113.9,4103.96,4113.16,2804
2026-07-22 04:06:00,4113.14,4117.49,4112.94,4115.78,2517
2026-07-22 04:09:00,4115.8,4117.89,4112.86,4114.12,2540
2026-07-22 04:12:00,4114.11,4121.46,4113.98,4121.28,2634
2026-07-22 04:15:00,4121.27,4121.66,4112.96,4113.43,2468
2026-07-22 04:18:00,4113.42,4115.45,4112.06,4115.42,2305
2026-07-22 04:21:00,4115.43,4115.8,4111.97,4112.28,2232
2026-07-22 04:24:00,4112.26,4115.11,4111.85,4115.09,2313
2026-07-22 04:27:00,4115.1,4116.74,4114.42,4115.51,2311
2026-07-22 04:30:00,4115.5,4115.61,4112.95,4114.12,2339
2026-07-22 04:33:00,4114.09,4118.62,4113.9,4117.69,2434
2026-07-22 04:36:00,4117.7,4118.23,4114.86,4117.78,2366
2026-07-22 04:39:00,4117.77,4121.52,4117.44,4119.23,2493
2026-07-22 04:42:00,4119.23,4122.82,4119.11,4121.66,2286
2026-07-22 04:45:00,4121.65,4123.51,4121.64,4123.16,2079
2026-07-22 04:48:00,4123.17,4123.49,4118.4,4118.88,2414
2026-07-22 04:51:00,4118.87,4121.17,4118.37,4118.99,2260
2026-07-22 04:54:00,4119.02,4120.87,4117.38,4119.68,2281
2026-07-22 04:57:00,4119.67,4122.91,4118.98,4122.13,2141
2026-07-22 05:00:00,4122.14,4122.67,4120.95,4121.82,2194
2026-07-22 05:03:00,4121.82,4122.22,4119.21,4119.74,2054
2026-07-22 05:06:00,4119.71,4121.45,4118.85,4120.04,2110
2026-07-22 05:09:00,4120.01,4123.2,4119.6,4122.45,2219
2026-07-22 05:12:00,4122.44,4122.47,4120.46,4121.96,2065
2026-07-22 05:15:00,4121.98,4125.11,4121.06,4121.23,2105
2026-07-22 05:18:00,4121.23,4122.92,4119.96,4122.07,2078
2026-07-22 05:21:00,4122.03,4125.52,4121.48,4124.89,2049
2026-07-22 05:24:00,4124.89,4125.3,4123.85,4124.99,2143
2026-07-22 05:27:00,4124.99,4126.04,4124.07,4124.28,2044
2026-07-22 05:30:00,4124.28,4129.27,4122.25,4129.12,2424
2026-07-22 05:33:00,4129.12,4130.44,4127.1,4127.21,2339
2026-07-22 05:36:00,4127.24,4128.86,4124.64,4125.15,2183
2026-07-22 05:39:00,4125.16,4129.34,4124.34,4127.36,2269
2026-07-22 05:42:00,4127.39,4128.54,4125.32,4128.28,2091
2026-07-22 05:45:00,4128.29,4130.56,4127.45,4127.91,2244
2026-07-22 05:48:00,4127.91,4129.3,4127.28,4127.38,2097
2026-07-22 05:51:00,4127.4,4128.13,4126.26,4128.12,2196
2026-07-22 05:54:00,4128.14,4129.14,4127.04,4127.2,2073
2026-07-22 05:57:00,4127.2,4130.88,4126.78,4130.57,2204
2026-07-22 06:00:00,4130.54,4132.04,4129.24,4132.02,2187
2026-07-22 06:03:00,4132.0,4134.57,4131.64,4134.42,2109
2026-07-22 06:06:00,4134.41,4140.71,4134.41,4138.21,2380
2026-07-22 06:09:00,4138.22,4138.46,4136.72,4136.72,2102
2026-07-22 06:12:00,4136.72,4137.96,4135.04,4137.32,1947
2026-07-22 06:15:00,4137.31,4139.79,4136.78,4138.99,2180
2026-07-22 06:18:00,4139.02,4140.27,4138.06,4140.26,1970
2026-07-22 06:21:00,4140.27,4141.69,4139.06,4140.97,2017
2026-07-22 06:24:00,4140.96,4141.23,4138.26,4139.29,2080
2026-07-22 06:27:00,4139.28,4139.87,4137.11,4138.24,2120
2026-07-22 06:30:00,4138.24,4138.3,4134.76,4135.15,2090
2026-07-22 06:33:00,4135.16,4135.65,4133.38,4133.76,2017
2026-07-22 06:36:00,4133.77,4135.79,4132.68,4135.38,1885
2026-07-22 06:39:00,4135.38,4135.42,4132.61,4133.41,1996
2026-07-22 06:42:00,4133.41,4134.34,4132.49,4133.56,1975
2026-07-22 06:45:00,4133.54,4134.45,4132.51,4134.05,2016
2026-07-22 06:48:00,4134.05,4134.2,4131.97,4132.28,1907
2026-07-22 06:51:00,4132.28,4132.71,4130.76,4130.99,1931
2026-07-22 06:54:00,4130.98,4131.58,4130.61,4130.65,1937
2026-07-22 06:57:00,4130.63,4131.72,4130.09,4130.88,1924
2026-07-22 07:00:00,4130.9,4131.26,4128.19,4128.9,2124
2026-07-22 07:03:00,4128.92,4129.87,4126.59,4129.63,2056
2026-07-22 07:06:00,4129.61,4130.54,4128.44,4128.46,1886
2026-07-22 07:09:00,4128.46,4128.65,4126.88,4127.01,2003
2026-07-22 07:12:00,4127.01,4127.86,4126.3,4126.98,1996
2026-07-22 07:15:00,4126.97,4129.65,4126.95,4128.36,1947
2026-07-22 07:18:00,4128.34,4128.8,4127.91,4128.45,1937
2026-07-22 07:21:00,4128.44,4129.44,4127.62,4129.3,1945
2026-07-22 07:24:00,4129.3,4129.37,4127.89,4128.22,1910
2026-07-22 07:27:00,4128.22,4128.96,4127.57,4128.8,1883
2026-07-22 07:30:00,4128.79,4129.07,4126.96,4126.98,1924
2026-07-22 07:33:00,4127.0,4127.09,4124.89,4126.31,1984
2026-07-22 07:36:00,4126.28,4126.6,4124.76,4126.51,2034
2026-07-22 07:39:00,4126.48,4127.31,4126.08,4127.03,1890
2026-07-22 07:42:00,4127.03,4127.66,4126.47,4127.29,1940
2026-07-22 07:45:00,4127.31,4127.63,4125.45,4125.77,1995
